received_at_utc,source_ip,node_id,boot_id,sequence,first_sample_index,sample_count,sample_rate_hz,temperature_c
2026-07-18T00:26:36.778Z,usb,1,848316260,36579,9364224,256,6000,33.500
2026-07-18T00:26:36.820Z,usb,1,848316260,36580,9364480,256,6000,33.500
2026-07-18T00:26:36.862Z,usb,1,848316260,36581,9364736,256,6000,33.500
2026-07-18T00:26:36.905Z,usb,1,848316260,36582,9364992,256,6000,33.500
2026-07-18T00:26:36.947Z,usb,1,848316260,36583,9365248,256,6000,33.500
2026-07-18T00:26:36.990Z,usb,1,848316260,36584,9365504,256,6000,33.500
2026-07-18T00:26:37.033Z,usb,1,848316260,36585,9365760,256,6000,33.500
2026-07-18T00:26:37.075Z,usb,1,848316260,36586,9366016,256,6000,33.500
2026-07-18T00:26:37.118Z,usb,1,848316260,36587,9366272,256,6000,33.500
2026-07-18T00:26:37.160Z,usb,1,848316260,36588,9366528,256,6000,33.500
2026-07-18T00:26:37.202Z,usb,1,848316260,36589,9366784,256,6000,33.500
2026-07-18T00:26:37.245Z,usb,1,848316260,36590,9367040,256,6000,33.500
2026-07-18T00:26:37.288Z,usb,1,848316260,36591,9367296,256,6000,33.500
2026-07-18T00:26:37.330Z,usb,1,848316260,36592,9367552,256,6000,33.500
2026-07-18T00:26:37.373Z,usb,1,848316260,36593,9367808,256,6000,33.500
2026-07-18T00:26:37.415Z,usb,1,848316260,36594,9368064,256,6000,33.500
2026-07-18T00:26:37.458Z,usb,1,848316260,36595,9368320,256,6000,33.500
2026-07-18T00:26:37.500Z,usb,1,848316260,36596,9368576,256,6000,33.500
2026-07-18T00:26:37.543Z,usb,1,848316260,36597,9368832,256,6000,33.500
2026-07-18T00:26:37.585Z,usb,1,848316260,36598,9369088,256,6000,33.500
2026-07-18T00:26:37.628Z,usb,1,848316260,36599,9369344,256,6000,33.500
2026-07-18T00:26:37.670Z,usb,1,848316260,36600,9369600,256,6000,33.500
2026-07-18T00:26:37.713Z,usb,1,848316260,36601,9369856,256,6000,33.500
2026-07-18T00:26:37.755Z,usb,1,848316260,36602,9370112,256,6000,33.500
2026-07-18T00:26:37.798Z,usb,1,848316260,36603,9370368,256,6000,33.500
2026-07-18T00:26:37.841Z,usb,1,848316260,36604,9370624,256,6000,33.500
2026-07-18T00:26:37.883Z,usb,1,848316260,36605,9370880,256,6000,33.500
2026-07-18T00:26:37.930Z,usb,1,848316260,36606,9371136,256,6000,33.500
2026-07-18T00:26:37.968Z,usb,1,848316260,36607,9371392,256,6000,33.500
2026-07-18T00:26:38.011Z,usb,1,848316260,36608,9371648,256,6000,33.500
2026-07-18T00:26:38.053Z,usb,1,848316260,36609,9371904,256,6000,33.500
2026-07-18T00:26:38.096Z,usb,1,848316260,36610,9372160,256,6000,33.500
2026-07-18T00:26:38.138Z,usb,1,848316260,36611,9372416,256,6000,33.500
2026-07-18T00:26:38.181Z,usb,1,848316260,36612,9372672,256,6000,33.500
2026-07-18T00:26:38.223Z,usb,1,848316260,36613,9372928,256,6000,33.500
2026-07-18T00:26:38.266Z,usb,1,848316260,36614,9373184,256,6000,33.500
2026-07-18T00:26:38.308Z,usb,1,848316260,36615,9373440,256,6000,33.500
2026-07-18T00:26:38.351Z,usb,1,848316260,36616,9373696,256,6000,33.500
2026-07-18T00:26:38.393Z,usb,1,848316260,36617,9373952,256,6000,33.500
2026-07-18T00:26:38.436Z,usb,1,848316260,36618,9374208,256,6000,33.500
2026-07-18T00:26:38.478Z,usb,1,848316260,36619,9374464,256,6000,33.500
2026-07-18T00:26:38.521Z,usb,1,848316260,36620,9374720,256,6000,33.500
2026-07-18T00:26:38.563Z,usb,1,848316260,36621,9374976,256,6000,33.500
2026-07-18T00:26:38.606Z,usb,1,848316260,36622,9375232,256,6000,33.500
2026-07-18T00:26:38.648Z,usb,1,848316260,36623,9375488,256,6000,33.500
2026-07-18T00:26:38.691Z,usb,1,848316260,36624,9375744,256,6000,33.500
2026-07-18T00:26:38.733Z,usb,1,848316260,36625,9376000,256,6000,33.500
2026-07-18T00:26:38.776Z,usb,1,848316260,36626,9376256,256,6000,33.500
2026-07-18T00:26:38.819Z,usb,1,848316260,36627,9376512,256,6000,33.500
2026-07-18T00:26:38.861Z,usb,1,848316260,36628,9376768,256,6000,33.500
2026-07-18T00:26:38.904Z,usb,1,848316260,36629,9377024,256,6000,33.500
2026-07-18T00:26:38.947Z,usb,1,848316260,36630,9377280,256,6000,33.500
2026-07-18T00:26:38.989Z,usb,1,848316260,36631,9377536,256,6000,33.500
2026-07-18T00:26:39.031Z,usb,1,848316260,36632,9377792,256,6000,33.500
2026-07-18T00:26:39.074Z,usb,1,848316260,36633,9378048,256,6000,33.500
2026-07-18T00:26:39.117Z,usb,1,848316260,36634,9378304,256,6000,33.500
2026-07-18T00:26:39.159Z,usb,1,848316260,36635,9378560,256,6000,33.500
2026-07-18T00:26:39.202Z,usb,1,848316260,36636,9378816,256,6000,33.500
2026-07-18T00:26:39.244Z,usb,1,848316260,36637,9379072,256,6000,33.500
2026-07-18T00:26:39.287Z,usb,1,848316260,36638,9379328,256,6000,33.500
2026-07-18T00:26:39.329Z,usb,1,848316260,36639,9379584,256,6000,33.500
2026-07-18T00:26:39.372Z,usb,1,848316260,36640,9379840,256,6000,33.500
2026-07-18T00:26:39.414Z,usb,1,848316260,36641,9380096,256,6000,33.500
2026-07-18T00:26:39.457Z,usb,1,848316260,36642,9380352,256,6000,33.500
2026-07-18T00:26:39.499Z,usb,1,848316260,36643,9380608,256,6000,33.500
2026-07-18T00:26:39.542Z,usb,1,848316260,36644,9380864,256,6000,33.500
2026-07-18T00:26:39.584Z,usb,1,848316260,36645,9381120,256,6000,33.500
2026-07-18T00:26:39.627Z,usb,1,848316260,36646,9381376,256,6000,33.500
2026-07-18T00:26:39.669Z,usb,1,848316260,36647,9381632,256,6000,33.500
2026-07-18T00:26:39.712Z,usb,1,848316260,36648,9381888,256,6000,33.500
2026-07-18T00:26:39.754Z,usb,1,848316260,36649,9382144,256,6000,33.500
2026-07-18T00:26:39.797Z,usb,1,848316260,36650,9382400,256,6000,33.500
2026-07-18T00:26:39.840Z,usb,1,848316260,36651,9382656,256,6000,33.500
2026-07-18T00:26:39.882Z,usb,1,848316260,36652,9382912,256,6000,33.500
2026-07-18T00:26:39.925Z,usb,1,848316260,36653,9383168,256,6000,33.500
2026-07-18T00:26:39.967Z,usb,1,848316260,36654,9383424,256,6000,33.500
2026-07-18T00:26:40.010Z,usb,1,848316260,36655,9383680,256,6000,33.500
2026-07-18T00:26:40.052Z,usb,1,848316260,36656,9383936,256,6000,33.500
2026-07-18T00:26:40.095Z,usb,1,848316260,36657,9384192,256,6000,33.500
2026-07-18T00:26:40.137Z,usb,1,848316260,36658,9384448,256,6000,33.500
2026-07-18T00:26:40.180Z,usb,1,848316260,36659,9384704,256,6000,33.500
2026-07-18T00:26:40.222Z,usb,1,848316260,36660,9384960,256,6000,33.500
2026-07-18T00:26:40.265Z,usb,1,848316260,36661,9385216,256,6000,33.500
2026-07-18T00:26:40.307Z,usb,1,848316260,36662,9385472,256,6000,33.500
2026-07-18T00:26:40.350Z,usb,1,848316260,36663,9385728,256,6000,33.500
2026-07-18T00:26:40.392Z,usb,1,848316260,36664,9385984,256,6000,33.500
2026-07-18T00:26:40.435Z,usb,1,848316260,36665,9386240,256,6000,33.500
2026-07-18T00:26:40.477Z,usb,1,848316260,36666,9386496,256,6000,33.500
2026-07-18T00:26:40.520Z,usb,1,848316260,36667,9386752,256,6000,33.500
2026-07-18T00:26:40.562Z,usb,1,848316260,36668,9387008,256,6000,33.500
2026-07-18T00:26:40.605Z,usb,1,848316260,36669,9387264,256,6000,33.500
2026-07-18T00:26:40.647Z,usb,1,848316260,36670,9387520,256,6000,33.500
2026-07-18T00:26:40.690Z,usb,1,848316260,36671,9387776,256,6000,33.500
2026-07-18T00:26:40.732Z,usb,1,848316260,36672,9388032,256,6000,33.500
2026-07-18T00:26:40.775Z,usb,1,848316260,36673,9388288,256,6000,33.500
2026-07-18T00:26:40.817Z,usb,1,848316260,36674,9388544,256,6000,33.500
2026-07-18T00:26:40.860Z,usb,1,848316260,36675,9388800,256,6000,33.500
2026-07-18T00:26:40.903Z,usb,1,848316260,36676,9389056,256,6000,33.500
2026-07-18T00:26:40.946Z,usb,1,848316260,36677,9389312,256,6000,33.500
2026-07-18T00:26:40.988Z,usb,1,848316260,36678,9389568,256,6000,33.500
2026-07-18T00:26:41.030Z,usb,1,848316260,36679,9389824,256,6000,33.500
2026-07-18T00:26:41.073Z,usb,1,848316260,36680,9390080,256,6000,33.500
2026-07-18T00:26:41.116Z,usb,1,848316260,36681,9390336,256,6000,33.500
2026-07-18T00:26:41.158Z,usb,1,848316260,36682,9390592,256,6000,33.500
2026-07-18T00:26:41.201Z,usb,1,848316260,36683,9390848,256,6000,33.500
2026-07-18T00:26:41.243Z,usb,1,848316260,36684,9391104,256,6000,33.500
2026-07-18T00:26:41.285Z,usb,1,848316260,36685,9391360,256,6000,33.500
2026-07-18T00:26:41.328Z,usb,1,848316260,36686,9391616,256,6000,33.500
2026-07-18T00:26:41.371Z,usb,1,848316260,36687,9391872,256,6000,33.500
2026-07-18T00:26:41.413Z,usb,1,848316260,36688,9392128,256,6000,33.500
2026-07-18T00:26:41.456Z,usb,1,848316260,36689,9392384,256,6000,33.500
2026-07-18T00:26:41.498Z,usb,1,848316260,36690,9392640,256,6000,33.500
2026-07-18T00:26:41.541Z,usb,1,848316260,36691,9392896,256,6000,33.500
2026-07-18T00:26:41.583Z,usb,1,848316260,36692,9393152,256,6000,33.500
2026-07-18T00:26:41.626Z,usb,1,848316260,36693,9393408,256,6000,33.500
2026-07-18T00:26:41.668Z,usb,1,848316260,36694,9393664,256,6000,33.500
2026-07-18T00:26:41.710Z,usb,1,848316260,36695,9393920,256,6000,33.500
2026-07-18T00:26:41.753Z,usb,1,848316260,36696,9394176,256,6000,33.500
2026-07-18T00:26:41.796Z,usb,1,848316260,36697,9394432,256,6000,33.500
2026-07-18T00:26:41.838Z,usb,1,848316260,36698,9394688,256,6000,33.500
2026-07-18T00:26:41.881Z,usb,1,848316260,36699,9394944,256,6000,33.500
2026-07-18T00:26:41.924Z,usb,1,848316260,36700,9395200,256,6000,33.500
2026-07-18T00:26:41.966Z,usb,1,848316260,36701,9395456,256,6000,33.500
2026-07-18T00:26:42.009Z,usb,1,848316260,36702,9395712,256,6000,33.500
2026-07-18T00:26:42.051Z,usb,1,848316260,36703,9395968,256,6000,33.500
2026-07-18T00:26:42.094Z,usb,1,848316260,36704,9396224,256,6000,33.500
2026-07-18T00:26:42.136Z,usb,1,848316260,36705,9396480,256,6000,33.500
2026-07-18T00:26:42.179Z,usb,1,848316260,36706,9396736,256,6000,33.500
2026-07-18T00:26:42.221Z,usb,1,848316260,36707,9396992,256,6000,33.500
2026-07-18T00:26:42.264Z,usb,1,848316260,36708,9397248,256,6000,33.500
2026-07-18T00:26:42.306Z,usb,1,848316260,36709,9397504,256,6000,33.500
2026-07-18T00:26:42.349Z,usb,1,848316260,36710,9397760,256,6000,33.500
2026-07-18T00:26:42.391Z,usb,1,848316260,36711,9398016,256,6000,33.500
2026-07-18T00:26:42.434Z,usb,1,848316260,36712,9398272,256,6000,33.500
2026-07-18T00:26:42.476Z,usb,1,848316260,36713,9398528,256,6000,33.500
2026-07-18T00:26:42.519Z,usb,1,848316260,36714,9398784,256,6000,33.500
2026-07-18T00:26:42.561Z,usb,1,848316260,36715,9399040,256,6000,33.500
2026-07-18T00:26:42.604Z,usb,1,848316260,36716,9399296,256,6000,33.500
2026-07-18T00:26:42.646Z,usb,1,848316260,36717,9399552,256,6000,33.500
2026-07-18T00:26:42.689Z,usb,1,848316260,36718,9399808,256,6000,33.500
2026-07-18T00:26:42.731Z,usb,1,848316260,36719,9400064,256,6000,33.500
2026-07-18T00:26:42.774Z,usb,1,848316260,36720,9400320,256,6000,33.500
2026-07-18T00:26:42.816Z,usb,1,848316260,36721,9400576,256,6000,33.500
2026-07-18T00:26:42.859Z,usb,1,848316260,36722,9400832,256,6000,33.500
2026-07-18T00:26:42.902Z,usb,1,848316260,36723,9401088,256,6000,33.500
2026-07-18T00:26:42.945Z,usb,1,848316260,36724,9401344,256,6000,33.500
2026-07-18T00:26:42.987Z,usb,1,848316260,36725,9401600,256,6000,33.500
2026-07-18T00:26:43.030Z,usb,1,848316260,36726,9401856,256,6000,33.500
2026-07-18T00:26:43.072Z,usb,1,848316260,36727,9402112,256,6000,33.500
2026-07-18T00:26:43.115Z,usb,1,848316260,36728,9402368,256,6000,33.500
2026-07-18T00:26:43.157Z,usb,1,848316260,36729,9402624,256,6000,33.500
2026-07-18T00:26:43.200Z,usb,1,848316260,36730,9402880,256,6000,33.500
2026-07-18T00:26:43.242Z,usb,1,848316260,36731,9403136,256,6000,33.500
2026-07-18T00:26:43.285Z,usb,1,848316260,36732,9403392,256,6000,33.500
2026-07-18T00:26:43.327Z,usb,1,848316260,36733,9403648,256,6000,33.500
2026-07-18T00:26:43.370Z,usb,1,848316260,36734,9403904,256,6000,33.500
2026-07-18T00:26:43.412Z,usb,1,848316260,36735,9404160,256,6000,33.500
2026-07-18T00:26:43.455Z,usb,1,848316260,36736,9404416,256,6000,33.500
2026-07-18T00:26:43.497Z,usb,1,848316260,36737,9404672,256,6000,33.500
2026-07-18T00:26:43.540Z,usb,1,848316260,36738,9404928,256,6000,33.500
2026-07-18T00:26:43.582Z,usb,1,848316260,36739,9405184,256,6000,33.500
2026-07-18T00:26:43.624Z,usb,1,848316260,36740,9405440,256,6000,33.500
2026-07-18T00:26:43.667Z,usb,1,848316260,36741,9405696,256,6000,33.500
2026-07-18T00:26:43.710Z,usb,1,848316260,36742,9405952,256,6000,33.500
2026-07-18T00:26:43.752Z,usb,1,848316260,36743,9406208,256,6000,33.500
2026-07-18T00:26:43.794Z,usb,1,848316260,36744,9406464,256,6000,33.500
2026-07-18T00:26:43.837Z,usb,1,848316260,36745,9406720,256,6000,33.500
2026-07-18T00:26:43.880Z,usb,1,848316260,36746,9406976,256,6000,33.500
2026-07-18T00:26:43.923Z,usb,1,848316260,36747,9407232,256,6000,33.500
2026-07-18T00:26:43.965Z,usb,1,848316260,36748,9407488,256,6000,33.500
2026-07-18T00:26:44.008Z,usb,1,848316260,36749,9407744,256,6000,33.500
2026-07-18T00:26:44.050Z,usb,1,848316260,36750,9408000,256,6000,33.500
2026-07-18T00:26:44.093Z,usb,1,848316260,36751,9408256,256,6000,33.500
2026-07-18T00:26:44.135Z,usb,1,848316260,36752,9408512,256,6000,33.500
2026-07-18T00:26:44.178Z,usb,1,848316260,36753,9408768,256,6000,33.500
2026-07-18T00:26:44.220Z,usb,1,848316260,36754,9409024,256,6000,33.500
2026-07-18T00:26:44.263Z,usb,1,848316260,36755,9409280,256,6000,33.500
2026-07-18T00:26:44.305Z,usb,1,848316260,36756,9409536,256,6000,33.500
2026-07-18T00:26:44.348Z,usb,1,848316260,36757,9409792,256,6000,33.500
2026-07-18T00:26:44.390Z,usb,1,848316260,36758,9410048,256,6000,33.500
2026-07-18T00:26:44.433Z,usb,1,848316260,36759,9410304,256,6000,33.500
2026-07-18T00:26:44.475Z,usb,1,848316260,36760,9410560,256,6000,33.500
2026-07-18T00:26:44.518Z,usb,1,848316260,36761,9410816,256,6000,33.500
2026-07-18T00:26:44.560Z,usb,1,848316260,36762,9411072,256,6000,33.500
2026-07-18T00:26:44.603Z,usb,1,848316260,36763,9411328,256,6000,33.500
2026-07-18T00:26:44.645Z,usb,1,848316260,36764,9411584,256,6000,33.500
2026-07-18T00:26:44.688Z,usb,1,848316260,36765,9411840,256,6000,33.500
2026-07-18T00:26:44.730Z,usb,1,848316260,36766,9412096,256,6000,33.500
2026-07-18T00:26:44.773Z,usb,1,848316260,36767,9412352,256,6000,33.500
2026-07-18T00:26:44.815Z,usb,1,848316260,36768,9412608,256,6000,33.500
2026-07-18T00:26:44.858Z,usb,1,848316260,36769,9412864,256,6000,33.500
2026-07-18T00:26:44.900Z,usb,1,848316260,36770,9413120,256,6000,33.500
2026-07-18T00:26:44.943Z,usb,1,848316260,36771,9413376,256,6000,33.500
2026-07-18T00:26:44.986Z,usb,1,848316260,36772,9413632,256,6000,33.500
2026-07-18T00:26:45.029Z,usb,1,848316260,36773,9413888,256,6000,33.500
2026-07-18T00:26:45.071Z,usb,1,848316260,36774,9414144,256,6000,33.500
2026-07-18T00:26:45.114Z,usb,1,848316260,36775,9414400,256,6000,33.500
2026-07-18T00:26:45.156Z,usb,1,848316260,36776,9414656,256,6000,33.500
2026-07-18T00:26:45.199Z,usb,1,848316260,36777,9414912,256,6000,33.500
2026-07-18T00:26:45.241Z,usb,1,848316260,36778,9415168,256,6000,33.500
2026-07-18T00:26:45.284Z,usb,1,848316260,36779,9415424,256,6000,33.500
2026-07-18T00:26:45.326Z,usb,1,848316260,36780,9415680,256,6000,33.500
2026-07-18T00:26:45.369Z,usb,1,848316260,36781,9415936,256,6000,33.500
2026-07-18T00:26:45.411Z,usb,1,848316260,36782,9416192,256,6000,33.500
2026-07-18T00:26:45.454Z,usb,1,848316260,36783,9416448,256,6000,33.500
2026-07-18T00:26:45.496Z,usb,1,848316260,36784,9416704,256,6000,33.500
2026-07-18T00:26:45.539Z,usb,1,848316260,36785,9416960,256,6000,33.500
2026-07-18T00:26:45.581Z,usb,1,848316260,36786,9417216,256,6000,33.500
2026-07-18T00:26:45.624Z,usb,1,848316260,36787,9417472,256,6000,33.500
2026-07-18T00:26:45.666Z,usb,1,848316260,36788,9417728,256,6000,33.500
2026-07-18T00:26:45.709Z,usb,1,848316260,36789,9417984,256,6000,33.500
2026-07-18T00:26:45.751Z,usb,1,848316260,36790,9418240,256,6000,33.500
2026-07-18T00:26:45.794Z,usb,1,848316260,36791,9418496,256,6000,33.500
2026-07-18T00:26:45.836Z,usb,1,848316260,36792,9418752,256,6000,33.500
2026-07-18T00:26:45.879Z,usb,1,848316260,36793,9419008,256,6000,33.500
2026-07-18T00:26:45.921Z,usb,1,848316260,36794,9419264,256,6000,33.500
2026-07-18T00:26:45.965Z,usb,1,848316260,36795,9419520,256,6000,33.500
2026-07-18T00:26:46.007Z,usb,1,848316260,36796,9419776,256,6000,33.500
2026-07-18T00:26:46.049Z,usb,1,848316260,36797,9420032,256,6000,33.500
2026-07-18T00:26:46.092Z,usb,1,848316260,36798,9420288,256,6000,33.500
2026-07-18T00:26:46.134Z,usb,1,848316260,36799,9420544,256,6000,33.500
2026-07-18T00:26:46.177Z,usb,1,848316260,36800,9420800,256,6000,33.500
2026-07-18T00:26:46.219Z,usb,1,848316260,36801,9421056,256,6000,33.500
2026-07-18T00:26:46.262Z,usb,1,848316260,36802,9421312,256,6000,33.500
2026-07-18T00:26:46.304Z,usb,1,848316260,36803,9421568,256,6000,33.500
2026-07-18T00:26:46.347Z,usb,1,848316260,36804,9421824,256,6000,33.500
2026-07-18T00:26:46.390Z,usb,1,848316260,36805,9422080,256,6000,33.500
2026-07-18T00:26:46.432Z,usb,1,848316260,36806,9422336,256,6000,33.500
2026-07-18T00:26:46.474Z,usb,1,848316260,36807,9422592,256,6000,33.500
2026-07-18T00:26:46.517Z,usb,1,848316260,36808,9422848,256,6000,33.500
2026-07-18T00:26:46.559Z,usb,1,848316260,36809,9423104,256,6000,33.500
2026-07-18T00:26:46.602Z,usb,1,848316260,36810,9423360,256,6000,33.500
2026-07-18T00:26:46.644Z,usb,1,848316260,36811,9423616,256,6000,33.500
2026-07-18T00:26:46.687Z,usb,1,848316260,36812,9423872,256,6000,33.500
2026-07-18T00:26:46.729Z,usb,1,848316260,36813,9424128,256,6000,33.500
2026-07-18T00:26:46.772Z,usb,1,848316260,36814,9424384,256,6000,33.500
2026-07-18T00:26:46.814Z,usb,1,848316260,36815,9424640,256,6000,33.500
2026-07-18T00:26:46.857Z,usb,1,848316260,36816,9424896,256,6000,33.500
2026-07-18T00:26:46.899Z,usb,1,848316260,36817,9425152,256,6000,33.500
2026-07-18T00:26:46.942Z,usb,1,848316260,36818,9425408,256,6000,33.500
2026-07-18T00:26:46.985Z,usb,1,848316260,36819,9425664,256,6000,33.500
2026-07-18T00:26:47.028Z,usb,1,848316260,36820,9425920,256,6000,33.500
2026-07-18T00:26:47.070Z,usb,1,848316260,36821,9426176,256,6000,33.500
2026-07-18T00:26:47.113Z,usb,1,848316260,36822,9426432,256,6000,33.500
2026-07-18T00:26:47.155Z,usb,1,848316260,36823,9426688,256,6000,33.500
2026-07-18T00:26:47.198Z,usb,1,848316260,36824,9426944,256,6000,33.500
2026-07-18T00:26:47.240Z,usb,1,848316260,36825,9427200,256,6000,33.500
2026-07-18T00:26:47.283Z,usb,1,848316260,36826,9427456,256,6000,33.500
2026-07-18T00:26:47.325Z,usb,1,848316260,36827,9427712,256,6000,33.500
2026-07-18T00:26:47.368Z,usb,1,848316260,36828,9427968,256,6000,33.500
2026-07-18T00:26:47.410Z,usb,1,848316260,36829,9428224,256,6000,33.500
2026-07-18T00:26:47.453Z,usb,1,848316260,36830,9428480,256,6000,33.500
2026-07-18T00:26:47.495Z,usb,1,848316260,36831,9428736,256,6000,33.500
2026-07-18T00:26:47.538Z,usb,1,848316260,36832,9428992,256,6000,33.500
2026-07-18T00:26:47.580Z,usb,1,848316260,36833,9429248,256,6000,33.500
2026-07-18T00:26:47.623Z,usb,1,848316260,36834,9429504,256,6000,33.500
2026-07-18T00:26:47.665Z,usb,1,848316260,36835,9429760,256,6000,33.500
2026-07-18T00:26:47.708Z,usb,1,848316260,36836,9430016,256,6000,33.500
2026-07-18T00:26:47.750Z,usb,1,848316260,36837,9430272,256,6000,33.500
2026-07-18T00:26:47.793Z,usb,1,848316260,36838,9430528,256,6000,33.500
2026-07-18T00:26:47.835Z,usb,1,848316260,36839,9430784,256,6000,33.500
2026-07-18T00:26:47.878Z,usb,1,848316260,36840,9431040,256,6000,33.500
2026-07-18T00:26:47.920Z,usb,1,848316260,36841,9431296,256,6000,33.500
2026-07-18T00:26:47.963Z,usb,1,848316260,36842,9431552,256,6000,33.500
2026-07-18T00:26:48.006Z,usb,1,848316260,36843,9431808,256,6000,33.490
2026-07-18T00:26:48.048Z,usb,1,848316260,36844,9432064,256,6000,33.490
2026-07-18T00:26:48.091Z,usb,1,848316260,36845,9432320,256,6000,33.490
2026-07-18T00:26:48.133Z,usb,1,848316260,36846,9432576,256,6000,33.490
2026-07-18T00:26:48.176Z,usb,1,848316260,36847,9432832,256,6000,33.490
2026-07-18T00:26:48.219Z,usb,1,848316260,36848,9433088,256,6000,33.490
2026-07-18T00:26:48.261Z,usb,1,848316260,36849,9433344,256,6000,33.490
2026-07-18T00:26:48.303Z,usb,1,848316260,36850,9433600,256,6000,33.490
2026-07-18T00:26:48.346Z,usb,1,848316260,36851,9433856,256,6000,33.490
2026-07-18T00:26:48.388Z,usb,1,848316260,36852,9434112,256,6000,33.490
2026-07-18T00:26:48.431Z,usb,1,848316260,36853,9434368,256,6000,33.490
2026-07-18T00:26:48.474Z,usb,1,848316260,36854,9434624,256,6000,33.490
2026-07-18T00:26:48.516Z,usb,1,848316260,36855,9434880,256,6000,33.490
2026-07-18T00:26:48.558Z,usb,1,848316260,36856,9435136,256,6000,33.490
2026-07-18T00:26:48.601Z,usb,1,848316260,36857,9435392,256,6000,33.490
2026-07-18T00:26:48.643Z,usb,1,848316260,36858,9435648,256,6000,33.490
2026-07-18T00:26:48.686Z,usb,1,848316260,36859,9435904,256,6000,33.490
2026-07-18T00:26:48.728Z,usb,1,848316260,36860,9436160,256,6000,33.490
2026-07-18T00:26:48.771Z,usb,1,848316260,36861,9436416,256,6000,33.490
2026-07-18T00:26:48.813Z,usb,1,848316260,36862,9436672,256,6000,33.490
2026-07-18T00:26:48.856Z,usb,1,848316260,36863,9436928,256,6000,33.490
2026-07-18T00:26:48.898Z,usb,1,848316260,36864,9437184,256,6000,33.490
2026-07-18T00:26:48.941Z,usb,1,848316260,36865,9437440,256,6000,33.490
2026-07-18T00:26:48.984Z,usb,1,848316260,36866,9437696,256,6000,33.490
2026-07-18T00:26:49.027Z,usb,1,848316260,36867,9437952,256,6000,33.490
2026-07-18T00:26:49.069Z,usb,1,848316260,36868,9438208,256,6000,33.490
2026-07-18T00:26:49.112Z,usb,1,848316260,36869,9438464,256,6000,33.490
2026-07-18T00:26:49.154Z,usb,1,848316260,36870,9438720,256,6000,33.490
2026-07-18T00:26:49.197Z,usb,1,848316260,36871,9438976,256,6000,33.490
2026-07-18T00:26:49.242Z,usb,1,848316260,36872,9439232,256,6000,33.490
2026-07-18T00:26:49.282Z,usb,1,848316260,36873,9439488,256,6000,33.490
2026-07-18T00:26:49.324Z,usb,1,848316260,36874,9439744,256,6000,33.490
2026-07-18T00:26:49.367Z,usb,1,848316260,36875,9440000,256,6000,33.490
2026-07-18T00:26:49.409Z,usb,1,848316260,36876,9440256,256,6000,33.490
2026-07-18T00:26:49.452Z,usb,1,848316260,36877,9440512,256,6000,33.490
2026-07-18T00:26:49.494Z,usb,1,848316260,36878,9440768,256,6000,33.490
2026-07-18T00:26:49.536Z,usb,1,848316260,36879,9441024,256,6000,33.490
2026-07-18T00:26:49.579Z,usb,1,848316260,36880,9441280,256,6000,33.490
2026-07-18T00:26:49.622Z,usb,1,848316260,36881,9441536,256,6000,33.490
2026-07-18T00:26:49.664Z,usb,1,848316260,36882,9441792,256,6000,33.490
2026-07-18T00:26:49.707Z,usb,1,848316260,36883,9442048,256,6000,33.490
2026-07-18T00:26:49.749Z,usb,1,848316260,36884,9442304,256,6000,33.490
2026-07-18T00:26:49.792Z,usb,1,848316260,36885,9442560,256,6000,33.490
2026-07-18T00:26:49.834Z,usb,1,848316260,36886,9442816,256,6000,33.490
2026-07-18T00:26:49.877Z,usb,1,848316260,36887,9443072,256,6000,33.490
2026-07-18T00:26:49.919Z,usb,1,848316260,36888,9443328,256,6000,33.490
2026-07-18T00:26:49.962Z,usb,1,848316260,36889,9443584,256,6000,33.490
2026-07-18T00:26:50.004Z,usb,1,848316260,36890,9443840,256,6000,33.490
2026-07-18T00:26:50.047Z,usb,1,848316260,36891,9444096,256,6000,33.500
2026-07-18T00:26:50.090Z,usb,1,848316260,36892,9444352,256,6000,33.500
2026-07-18T00:26:50.133Z,usb,1,848316260,36893,9444608,256,6000,33.500
2026-07-18T00:26:50.175Z,usb,1,848316260,36894,9444864,256,6000,33.500
2026-07-18T00:26:50.217Z,usb,1,848316260,36895,9445120,256,6000,33.500
2026-07-18T00:26:50.260Z,usb,1,848316260,36896,9445376,256,6000,33.500
2026-07-18T00:26:50.302Z,usb,1,848316260,36897,9445632,256,6000,33.500
2026-07-18T00:26:50.345Z,usb,1,848316260,36898,9445888,256,6000,33.500
2026-07-18T00:26:50.387Z,usb,1,848316260,36899,9446144,256,6000,33.500
2026-07-18T00:26:50.430Z,usb,1,848316260,36900,9446400,256,6000,33.500
2026-07-18T00:26:50.472Z,usb,1,848316260,36901,9446656,256,6000,33.500
2026-07-18T00:26:50.515Z,usb,1,848316260,36902,9446912,256,6000,33.500
2026-07-18T00:26:50.557Z,usb,1,848316260,36903,9447168,256,6000,33.500
2026-07-18T00:26:50.600Z,usb,1,848316260,36904,9447424,256,6000,33.500
2026-07-18T00:26:50.642Z,usb,1,848316260,36905,9447680,256,6000,33.500
2026-07-18T00:26:50.685Z,usb,1,848316260,36906,9447936,256,6000,33.500
2026-07-18T00:26:50.727Z,usb,1,848316260,36907,9448192,256,6000,33.500
2026-07-18T00:26:50.770Z,usb,1,848316260,36908,9448448,256,6000,33.500
2026-07-18T00:26:50.812Z,usb,1,848316260,36909,9448704,256,6000,33.500
2026-07-18T00:26:50.855Z,usb,1,848316260,36910,9448960,256,6000,33.500
2026-07-18T00:26:50.897Z,usb,1,848316260,36911,9449216,256,6000,33.500
2026-07-18T00:26:50.940Z,usb,1,848316260,36912,9449472,256,6000,33.500
2026-07-18T00:26:50.982Z,usb,1,848316260,36913,9449728,256,6000,33.500
2026-07-18T00:26:51.025Z,usb,1,848316260,36914,9449984,256,6000,33.500
2026-07-18T00:26:51.068Z,usb,1,848316260,36915,9450240,256,6000,33.490
2026-07-18T00:26:51.111Z,usb,1,848316260,36916,9450496,256,6000,33.490
2026-07-18T00:26:51.153Z,usb,1,848316260,36917,9450752,256,6000,33.490
2026-07-18T00:26:51.196Z,usb,1,848316260,36918,9451008,256,6000,33.490
2026-07-18T00:26:51.238Z,usb,1,848316260,36919,9451264,256,6000,33.490
2026-07-18T00:26:51.280Z,usb,1,848316260,36920,9451520,256,6000,33.490
2026-07-18T00:26:51.323Z,usb,1,848316260,36921,9451776,256,6000,33.490
2026-07-18T00:26:51.366Z,usb,1,848316260,36922,9452032,256,6000,33.490
2026-07-18T00:26:51.408Z,usb,1,848316260,36923,9452288,256,6000,33.490
2026-07-18T00:26:51.451Z,usb,1,848316260,36924,9452544,256,6000,33.490
2026-07-18T00:26:51.493Z,usb,1,848316260,36925,9452800,256,6000,33.490
2026-07-18T00:26:51.535Z,usb,1,848316260,36926,9453056,256,6000,33.490
2026-07-18T00:26:51.578Z,usb,1,848316260,36927,9453312,256,6000,33.490
2026-07-18T00:26:51.621Z,usb,1,848316260,36928,9453568,256,6000,33.490
2026-07-18T00:26:51.663Z,usb,1,848316260,36929,9453824,256,6000,33.490
2026-07-18T00:26:51.706Z,usb,1,848316260,36930,9454080,256,6000,33.490
2026-07-18T00:26:51.748Z,usb,1,848316260,36931,9454336,256,6000,33.490
2026-07-18T00:26:51.791Z,usb,1,848316260,36932,9454592,256,6000,33.490
2026-07-18T00:26:51.833Z,usb,1,848316260,36933,9454848,256,6000,33.490
2026-07-18T00:26:51.875Z,usb,1,848316260,36934,9455104,256,6000,33.490
2026-07-18T00:26:51.918Z,usb,1,848316260,36935,9455360,256,6000,33.490
2026-07-18T00:26:51.961Z,usb,1,848316260,36936,9455616,256,6000,33.490
2026-07-18T00:26:52.003Z,usb,1,848316260,36937,9455872,256,6000,33.490
2026-07-18T00:26:52.046Z,usb,1,848316260,36938,9456128,256,6000,33.490
2026-07-18T00:26:52.089Z,usb,1,848316260,36939,9456384,256,6000,33.490
2026-07-18T00:26:52.131Z,usb,1,848316260,36940,9456640,256,6000,33.490
2026-07-18T00:26:52.174Z,usb,1,848316260,36941,9456896,256,6000,33.490
2026-07-18T00:26:52.216Z,usb,1,848316260,36942,9457152,256,6000,33.490
2026-07-18T00:26:52.259Z,usb,1,848316260,36943,9457408,256,6000,33.490
2026-07-18T00:26:52.301Z,usb,1,848316260,36944,9457664,256,6000,33.490
2026-07-18T00:26:52.344Z,usb,1,848316260,36945,9457920,256,6000,33.490
2026-07-18T00:26:52.386Z,usb,1,848316260,36946,9458176,256,6000,33.490
2026-07-18T00:26:52.429Z,usb,1,848316260,36947,9458432,256,6000,33.490
2026-07-18T00:26:52.471Z,usb,1,848316260,36948,9458688,256,6000,33.490
2026-07-18T00:26:52.514Z,usb,1,848316260,36949,9458944,256,6000,33.490
2026-07-18T00:26:52.556Z,usb,1,848316260,36950,9459200,256,6000,33.490
2026-07-18T00:26:52.599Z,usb,1,848316260,36951,9459456,256,6000,33.490
2026-07-18T00:26:52.641Z,usb,1,848316260,36952,9459712,256,6000,33.490
2026-07-18T00:26:52.684Z,usb,1,848316260,36953,9459968,256,6000,33.490
2026-07-18T00:26:52.726Z,usb,1,848316260,36954,9460224,256,6000,33.490
2026-07-18T00:26:52.769Z,usb,1,848316260,36955,9460480,256,6000,33.490
2026-07-18T00:26:52.811Z,usb,1,848316260,36956,9460736,256,6000,33.490
2026-07-18T00:26:52.854Z,usb,1,848316260,36957,9460992,256,6000,33.490
2026-07-18T00:26:52.896Z,usb,1,848316260,36958,9461248,256,6000,33.490
2026-07-18T00:26:52.939Z,usb,1,848316260,36959,9461504,256,6000,33.490
2026-07-18T00:26:52.981Z,usb,1,848316260,36960,9461760,256,6000,33.490
2026-07-18T00:26:53.024Z,usb,1,848316260,36961,9462016,256,6000,33.490
2026-07-18T00:26:53.066Z,usb,1,848316260,36962,9462272,256,6000,33.490
2026-07-18T00:26:53.110Z,usb,1,848316260,36963,9462528,256,6000,33.490
2026-07-18T00:26:53.152Z,usb,1,848316260,36964,9462784,256,6000,33.490
2026-07-18T00:26:53.195Z,usb,1,848316260,36965,9463040,256,6000,33.490
2026-07-18T00:26:53.237Z,usb,1,848316260,36966,9463296,256,6000,33.490
2026-07-18T00:26:53.279Z,usb,1,848316260,36967,9463552,256,6000,33.490
2026-07-18T00:26:53.322Z,usb,1,848316260,36968,9463808,256,6000,33.490
2026-07-18T00:26:53.365Z,usb,1,848316260,36969,9464064,256,6000,33.490
2026-07-18T00:26:53.407Z,usb,1,848316260,36970,9464320,256,6000,33.490
2026-07-18T00:26:53.450Z,usb,1,848316260,36971,9464576,256,6000,33.490
2026-07-18T00:26:53.492Z,usb,1,848316260,36972,9464832,256,6000,33.490
2026-07-18T00:26:53.535Z,usb,1,848316260,36973,9465088,256,6000,33.490
2026-07-18T00:26:53.577Z,usb,1,848316260,36974,9465344,256,6000,33.490
2026-07-18T00:26:53.619Z,usb,1,848316260,36975,9465600,256,6000,33.490
2026-07-18T00:26:53.662Z,usb,1,848316260,36976,9465856,256,6000,33.490
2026-07-18T00:26:53.704Z,usb,1,848316260,36977,9466112,256,6000,33.490
2026-07-18T00:26:53.747Z,usb,1,848316260,36978,9466368,256,6000,33.490
2026-07-18T00:26:53.789Z,usb,1,848316260,36979,9466624,256,6000,33.490
2026-07-18T00:26:53.832Z,usb,1,848316260,36980,9466880,256,6000,33.490
2026-07-18T00:26:53.875Z,usb,1,848316260,36981,9467136,256,6000,33.490
2026-07-18T00:26:53.917Z,usb,1,848316260,36982,9467392,256,6000,33.490
2026-07-18T00:26:53.960Z,usb,1,848316260,36983,9467648,256,6000,33.490
2026-07-18T00:26:54.002Z,usb,1,848316260,36984,9467904,256,6000,33.490
2026-07-18T00:26:54.045Z,usb,1,848316260,36985,9468160,256,6000,33.490
2026-07-18T00:26:54.087Z,usb,1,848316260,36986,9468416,256,6000,33.490
2026-07-18T00:26:54.130Z,usb,1,848316260,36987,9468672,256,6000,33.490
2026-07-18T00:26:54.173Z,usb,1,848316260,36988,9468928,256,6000,33.490
2026-07-18T00:26:54.215Z,usb,1,848316260,36989,9469184,256,6000,33.490
2026-07-18T00:26:54.258Z,usb,1,848316260,36990,9469440,256,6000,33.490
2026-07-18T00:26:54.300Z,usb,1,848316260,36991,9469696,256,6000,33.490
2026-07-18T00:26:54.343Z,usb,1,848316260,36992,9469952,256,6000,33.490
2026-07-18T00:26:54.385Z,usb,1,848316260,36993,9470208,256,6000,33.490
2026-07-18T00:26:54.428Z,usb,1,848316260,36994,9470464,256,6000,33.490
2026-07-18T00:26:54.470Z,usb,1,848316260,36995,9470720,256,6000,33.490
2026-07-18T00:26:54.513Z,usb,1,848316260,36996,9470976,256,6000,33.490
2026-07-18T00:26:54.555Z,usb,1,848316260,36997,9471232,256,6000,33.490
2026-07-18T00:26:54.598Z,usb,1,848316260,36998,9471488,256,6000,33.490
2026-07-18T00:26:54.640Z,usb,1,848316260,36999,9471744,256,6000,33.490
2026-07-18T00:26:54.683Z,usb,1,848316260,37000,9472000,256,6000,33.490
2026-07-18T00:26:54.725Z,usb,1,848316260,37001,9472256,256,6000,33.490
2026-07-18T00:26:54.768Z,usb,1,848316260,37002,9472512,256,6000,33.490
2026-07-18T00:26:54.810Z,usb,1,848316260,37003,9472768,256,6000,33.490
2026-07-18T00:26:54.853Z,usb,1,848316260,37004,9473024,256,6000,33.490
2026-07-18T00:26:54.895Z,usb,1,848316260,37005,9473280,256,6000,33.490
2026-07-18T00:26:54.938Z,usb,1,848316260,37006,9473536,256,6000,33.490
2026-07-18T00:26:54.980Z,usb,1,848316260,37007,9473792,256,6000,33.490
2026-07-18T00:26:55.023Z,usb,1,848316260,37008,9474048,256,6000,33.490
2026-07-18T00:26:55.065Z,usb,1,848316260,37009,9474304,256,6000,33.490
2026-07-18T00:26:55.108Z,usb,1,848316260,37010,9474560,256,6000,33.490
2026-07-18T00:26:55.151Z,usb,1,848316260,37011,9474816,256,6000,33.500
2026-07-18T00:26:55.193Z,usb,1,848316260,37012,9475072,256,6000,33.500
2026-07-18T00:26:55.236Z,usb,1,848316260,37013,9475328,256,6000,33.500
2026-07-18T00:26:55.279Z,usb,1,848316260,37014,9475584,256,6000,33.500
2026-07-18T00:26:55.321Z,usb,1,848316260,37015,9475840,256,6000,33.500
2026-07-18T00:26:55.364Z,usb,1,848316260,37016,9476096,256,6000,33.500
2026-07-18T00:26:55.406Z,usb,1,848316260,37017,9476352,256,6000,33.500
2026-07-18T00:26:55.449Z,usb,1,848316260,37018,9476608,256,6000,33.500
2026-07-18T00:26:55.491Z,usb,1,848316260,37019,9476864,256,6000,33.500
2026-07-18T00:26:55.533Z,usb,1,848316260,37020,9477120,256,6000,33.500
2026-07-18T00:26:55.576Z,usb,1,848316260,37021,9477376,256,6000,33.500
2026-07-18T00:26:55.619Z,usb,1,848316260,37022,9477632,256,6000,33.500
2026-07-18T00:26:55.661Z,usb,1,848316260,37023,9477888,256,6000,33.500
2026-07-18T00:26:55.704Z,usb,1,848316260,37024,9478144,256,6000,33.500
2026-07-18T00:26:55.746Z,usb,1,848316260,37025,9478400,256,6000,33.500
2026-07-18T00:26:55.789Z,usb,1,848316260,37026,9478656,256,6000,33.500
2026-07-18T00:26:55.831Z,usb,1,848316260,37027,9478912,256,6000,33.500
2026-07-18T00:26:55.874Z,usb,1,848316260,37028,9479168,256,6000,33.500
2026-07-18T00:26:55.916Z,usb,1,848316260,37029,9479424,256,6000,33.500
2026-07-18T00:26:55.959Z,usb,1,848316260,37030,9479680,256,6000,33.500
2026-07-18T00:26:56.001Z,usb,1,848316260,37031,9479936,256,6000,33.500
2026-07-18T00:26:56.044Z,usb,1,848316260,37032,9480192,256,6000,33.500
2026-07-18T00:26:56.086Z,usb,1,848316260,37033,9480448,256,6000,33.500
2026-07-18T00:26:56.129Z,usb,1,848316260,37034,9480704,256,6000,33.500
2026-07-18T00:26:56.172Z,usb,1,848316260,37035,9480960,256,6000,33.500
2026-07-18T00:26:56.214Z,usb,1,848316260,37036,9481216,256,6000,33.500
2026-07-18T00:26:56.257Z,usb,1,848316260,37037,9481472,256,6000,33.500
2026-07-18T00:26:56.299Z,usb,1,848316260,37038,9481728,256,6000,33.500
2026-07-18T00:26:56.342Z,usb,1,848316260,37039,9481984,256,6000,33.500
2026-07-18T00:26:56.384Z,usb,1,848316260,37040,9482240,256,6000,33.500
2026-07-18T00:26:56.427Z,usb,1,848316260,37041,9482496,256,6000,33.500
2026-07-18T00:26:56.469Z,usb,1,848316260,37042,9482752,256,6000,33.500
2026-07-18T00:26:56.512Z,usb,1,848316260,37043,9483008,256,6000,33.500
2026-07-18T00:26:56.554Z,usb,1,848316260,37044,9483264,256,6000,33.500
2026-07-18T00:26:56.597Z,usb,1,848316260,37045,9483520,256,6000,33.500
2026-07-18T00:26:56.639Z,usb,1,848316260,37046,9483776,256,6000,33.500
2026-07-18T00:26:56.682Z,usb,1,848316260,37047,9484032,256,6000,33.500
2026-07-18T00:26:56.724Z,usb,1,848316260,37048,9484288,256,6000,33.500
2026-07-18T00:26:56.767Z,usb,1,848316260,37049,9484544,256,6000,33.500
2026-07-18T00:26:56.809Z,usb,1,848316260,37050,9484800,256,6000,33.500
2026-07-18T00:26:56.852Z,usb,1,848316260,37051,9485056,256,6000,33.500
2026-07-18T00:26:56.894Z,usb,1,848316260,37052,9485312,256,6000,33.500
2026-07-18T00:26:56.937Z,usb,1,848316260,37053,9485568,256,6000,33.500
2026-07-18T00:26:56.979Z,usb,1,848316260,37054,9485824,256,6000,33.500
2026-07-18T00:26:57.022Z,usb,1,848316260,37055,9486080,256,6000,33.500
2026-07-18T00:26:57.064Z,usb,1,848316260,37056,9486336,256,6000,33.500
2026-07-18T00:26:57.107Z,usb,1,848316260,37057,9486592,256,6000,33.500
2026-07-18T00:26:57.149Z,usb,1,848316260,37058,9486848,256,6000,33.500
2026-07-18T00:26:57.192Z,usb,1,848316260,37059,9487104,256,6000,33.500
2026-07-18T00:26:57.235Z,usb,1,848316260,37060,9487360,256,6000,33.500
2026-07-18T00:26:57.278Z,usb,1,848316260,37061,9487616,256,6000,33.500
2026-07-18T00:26:57.320Z,usb,1,848316260,37062,9487872,256,6000,33.500
2026-07-18T00:26:57.363Z,usb,1,848316260,37063,9488128,256,6000,33.500
2026-07-18T00:26:57.405Z,usb,1,848316260,37064,9488384,256,6000,33.500
2026-07-18T00:26:57.448Z,usb,1,848316260,37065,9488640,256,6000,33.500
2026-07-18T00:26:57.490Z,usb,1,848316260,37066,9488896,256,6000,33.500
2026-07-18T00:26:57.533Z,usb,1,848316260,37067,9489152,256,6000,33.500
2026-07-18T00:26:57.575Z,usb,1,848316260,37068,9489408,256,6000,33.500
2026-07-18T00:26:57.618Z,usb,1,848316260,37069,9489664,256,6000,33.500
2026-07-18T00:26:57.660Z,usb,1,848316260,37070,9489920,256,6000,33.500
2026-07-18T00:26:57.703Z,usb,1,848316260,37071,9490176,256,6000,33.500
2026-07-18T00:26:57.745Z,usb,1,848316260,37072,9490432,256,6000,33.500
2026-07-18T00:26:57.788Z,usb,1,848316260,37073,9490688,256,6000,33.500
2026-07-18T00:26:57.830Z,usb,1,848316260,37074,9490944,256,6000,33.500
2026-07-18T00:26:57.873Z,usb,1,848316260,37075,9491200,256,6000,33.500
2026-07-18T00:26:57.915Z,usb,1,848316260,37076,9491456,256,6000,33.500
2026-07-18T00:26:57.958Z,usb,1,848316260,37077,9491712,256,6000,33.500
2026-07-18T00:26:58.000Z,usb,1,848316260,37078,9491968,256,6000,33.500
2026-07-18T00:26:58.043Z,usb,1,848316260,37079,9492224,256,6000,33.500
2026-07-18T00:26:58.085Z,usb,1,848316260,37080,9492480,256,6000,33.500
2026-07-18T00:26:58.128Z,usb,1,848316260,37081,9492736,256,6000,33.500
2026-07-18T00:26:58.170Z,usb,1,848316260,37082,9492992,256,6000,33.500
2026-07-18T00:26:58.213Z,usb,1,848316260,37083,9493248,256,6000,33.500
2026-07-18T00:26:58.256Z,usb,1,848316260,37084,9493504,256,6000,33.500
2026-07-18T00:26:58.298Z,usb,1,848316260,37085,9493760,256,6000,33.500
2026-07-18T00:26:58.341Z,usb,1,848316260,37086,9494016,256,6000,33.500
2026-07-18T00:26:58.383Z,usb,1,848316260,37087,9494272,256,6000,33.500
2026-07-18T00:26:58.426Z,usb,1,848316260,37088,9494528,256,6000,33.500
2026-07-18T00:26:58.468Z,usb,1,848316260,37089,9494784,256,6000,33.500
2026-07-18T00:26:58.511Z,usb,1,848316260,37090,9495040,256,6000,33.500
2026-07-18T00:26:58.553Z,usb,1,848316260,37091,9495296,256,6000,33.500
2026-07-18T00:26:58.596Z,usb,1,848316260,37092,9495552,256,6000,33.500
2026-07-18T00:26:58.638Z,usb,1,848316260,37093,9495808,256,6000,33.500
2026-07-18T00:26:58.681Z,usb,1,848316260,37094,9496064,256,6000,33.500
2026-07-18T00:26:58.723Z,usb,1,848316260,37095,9496320,256,6000,33.500
2026-07-18T00:26:58.766Z,usb,1,848316260,37096,9496576,256,6000,33.500
2026-07-18T00:26:58.808Z,usb,1,848316260,37097,9496832,256,6000,33.500
2026-07-18T00:26:58.851Z,usb,1,848316260,37098,9497088,256,6000,33.500
2026-07-18T00:26:58.893Z,usb,1,848316260,37099,9497344,256,6000,33.500
2026-07-18T00:26:58.936Z,usb,1,848316260,37100,9497600,256,6000,33.500
2026-07-18T00:26:58.978Z,usb,1,848316260,37101,9497856,256,6000,33.500
2026-07-18T00:26:59.021Z,usb,1,848316260,37102,9498112,256,6000,33.500
2026-07-18T00:26:59.063Z,usb,1,848316260,37103,9498368,256,6000,33.500
2026-07-18T00:26:59.106Z,usb,1,848316260,37104,9498624,256,6000,33.500
2026-07-18T00:26:59.148Z,usb,1,848316260,37105,9498880,256,6000,33.500
2026-07-18T00:26:59.191Z,usb,1,848316260,37106,9499136,256,6000,33.500
2026-07-18T00:26:59.234Z,usb,1,848316260,37107,9499392,256,6000,33.490
2026-07-18T00:26:59.277Z,usb,1,848316260,37108,9499648,256,6000,33.490
2026-07-18T00:26:59.319Z,usb,1,848316260,37109,9499904,256,6000,33.490
2026-07-18T00:26:59.362Z,usb,1,848316260,37110,9500160,256,6000,33.490
2026-07-18T00:26:59.404Z,usb,1,848316260,37111,9500416,256,6000,33.490
2026-07-18T00:26:59.447Z,usb,1,848316260,37112,9500672,256,6000,33.490
2026-07-18T00:26:59.489Z,usb,1,848316260,37113,9500928,256,6000,33.490
2026-07-18T00:26:59.532Z,usb,1,848316260,37114,9501184,256,6000,33.490
2026-07-18T00:26:59.574Z,usb,1,848316260,37115,9501440,256,6000,33.490
2026-07-18T00:26:59.617Z,usb,1,848316260,37116,9501696,256,6000,33.490
2026-07-18T00:26:59.659Z,usb,1,848316260,37117,9501952,256,6000,33.490
2026-07-18T00:26:59.702Z,usb,1,848316260,37118,9502208,256,6000,33.490
2026-07-18T00:26:59.744Z,usb,1,848316260,37119,9502464,256,6000,33.490
2026-07-18T00:26:59.787Z,usb,1,848316260,37120,9502720,256,6000,33.490
2026-07-18T00:26:59.830Z,usb,1,848316260,37121,9502976,256,6000,33.490
2026-07-18T00:26:59.872Z,usb,1,848316260,37122,9503232,256,6000,33.490
2026-07-18T00:26:59.914Z,usb,1,848316260,37123,9503488,256,6000,33.490
2026-07-18T00:26:59.957Z,usb,1,848316260,37124,9503744,256,6000,33.490
2026-07-18T00:26:59.999Z,usb,1,848316260,37125,9504000,256,6000,33.490
2026-07-18T00:27:00.042Z,usb,1,848316260,37126,9504256,256,6000,33.490
2026-07-18T00:27:00.084Z,usb,1,848316260,37127,9504512,256,6000,33.490
2026-07-18T00:27:00.126Z,usb,1,848316260,37128,9504768,256,6000,33.490
2026-07-18T00:27:00.169Z,usb,1,848316260,37129,9505024,256,6000,33.490
2026-07-18T00:27:00.212Z,usb,1,848316260,37130,9505280,256,6000,33.490
2026-07-18T00:27:00.255Z,usb,1,848316260,37131,9505536,256,6000,33.490
2026-07-18T00:27:00.297Z,usb,1,848316260,37132,9505792,256,6000,33.490
2026-07-18T00:27:00.340Z,usb,1,848316260,37133,9506048,256,6000,33.490
2026-07-18T00:27:00.382Z,usb,1,848316260,37134,9506304,256,6000,33.490
2026-07-18T00:27:00.425Z,usb,1,848316260,37135,9506560,256,6000,33.490
2026-07-18T00:27:00.467Z,usb,1,848316260,37136,9506816,256,6000,33.490
2026-07-18T00:27:00.510Z,usb,1,848316260,37137,9507072,256,6000,33.490
2026-07-18T00:27:00.552Z,usb,1,848316260,37138,9507328,256,6000,33.490
2026-07-18T00:27:00.595Z,usb,1,848316260,37139,9507584,256,6000,33.490
2026-07-18T00:27:00.637Z,usb,1,848316260,37140,9507840,256,6000,33.490
2026-07-18T00:27:00.680Z,usb,1,848316260,37141,9508096,256,6000,33.490
2026-07-18T00:27:00.722Z,usb,1,848316260,37142,9508352,256,6000,33.490
2026-07-18T00:27:00.765Z,usb,1,848316260,37143,9508608,256,6000,33.490
2026-07-18T00:27:00.807Z,usb,1,848316260,37144,9508864,256,6000,33.490
2026-07-18T00:27:00.850Z,usb,1,848316260,37145,9509120,256,6000,33.490
2026-07-18T00:27:00.892Z,usb,1,848316260,37146,9509376,256,6000,33.490
2026-07-18T00:27:00.935Z,usb,1,848316260,37147,9509632,256,6000,33.490
2026-07-18T00:27:00.977Z,usb,1,848316260,37148,9509888,256,6000,33.490
2026-07-18T00:27:01.020Z,usb,1,848316260,37149,9510144,256,6000,33.490
2026-07-18T00:27:01.062Z,usb,1,848316260,37150,9510400,256,6000,33.490
2026-07-18T00:27:01.105Z,usb,1,848316260,37151,9510656,256,6000,33.490
2026-07-18T00:27:01.147Z,usb,1,848316260,37152,9510912,256,6000,33.490
2026-07-18T00:27:01.190Z,usb,1,848316260,37153,9511168,256,6000,33.490
2026-07-18T00:27:01.232Z,usb,1,848316260,37154,9511424,256,6000,33.490
2026-07-18T00:27:01.276Z,usb,1,848316260,37155,9511680,256,6000,33.500
2026-07-18T00:27:01.318Z,usb,1,848316260,37156,9511936,256,6000,33.500
2026-07-18T00:27:01.361Z,usb,1,848316260,37157,9512192,256,6000,33.500
2026-07-18T00:27:01.403Z,usb,1,848316260,37158,9512448,256,6000,33.500
2026-07-18T00:27:01.446Z,usb,1,848316260,37159,9512704,256,6000,33.500
2026-07-18T00:27:01.488Z,usb,1,848316260,37160,9512960,256,6000,33.500
2026-07-18T00:27:01.530Z,usb,1,848316260,37161,9513216,256,6000,33.500
2026-07-18T00:27:01.573Z,usb,1,848316260,37162,9513472,256,6000,33.500
2026-07-18T00:27:01.616Z,usb,1,848316260,37163,9513728,256,6000,33.500
2026-07-18T00:27:01.658Z,usb,1,848316260,37164,9513984,256,6000,33.500
2026-07-18T00:27:01.701Z,usb,1,848316260,37165,9514240,256,6000,33.500
2026-07-18T00:27:01.743Z,usb,1,848316260,37166,9514496,256,6000,33.500
2026-07-18T00:27:01.786Z,usb,1,848316260,37167,9514752,256,6000,33.500
2026-07-18T00:27:01.828Z,usb,1,848316260,37168,9515008,256,6000,33.500
2026-07-18T00:27:01.871Z,usb,1,848316260,37169,9515264,256,6000,33.500
2026-07-18T00:27:01.913Z,usb,1,848316260,37170,9515520,256,6000,33.500
2026-07-18T00:27:01.955Z,usb,1,848316260,37171,9515776,256,6000,33.500
2026-07-18T00:27:01.998Z,usb,1,848316260,37172,9516032,256,6000,33.500
2026-07-18T00:27:02.041Z,usb,1,848316260,37173,9516288,256,6000,33.500
2026-07-18T00:27:02.083Z,usb,1,848316260,37174,9516544,256,6000,33.500
2026-07-18T00:27:02.126Z,usb,1,848316260,37175,9516800,256,6000,33.500
2026-07-18T00:27:02.168Z,usb,1,848316260,37176,9517056,256,6000,33.500
2026-07-18T00:27:02.211Z,usb,1,848316260,37177,9517312,256,6000,33.500
2026-07-18T00:27:02.253Z,usb,1,848316260,37178,9517568,256,6000,33.500
2026-07-18T00:27:02.296Z,usb,1,848316260,37179,9517824,256,6000,33.490
2026-07-18T00:27:02.339Z,usb,1,848316260,37180,9518080,256,6000,33.490
2026-07-18T00:27:02.381Z,usb,1,848316260,37181,9518336,256,6000,33.490
2026-07-18T00:27:02.424Z,usb,1,848316260,37182,9518592,256,6000,33.490
2026-07-18T00:27:02.466Z,usb,1,848316260,37183,9518848,256,6000,33.490
2026-07-18T00:27:02.509Z,usb,1,848316260,37184,9519104,256,6000,33.490
2026-07-18T00:27:02.551Z,usb,1,848316260,37185,9519360,256,6000,33.490
2026-07-18T00:27:02.594Z,usb,1,848316260,37186,9519616,256,6000,33.490
2026-07-18T00:27:02.636Z,usb,1,848316260,37187,9519872,256,6000,33.490
2026-07-18T00:27:02.679Z,usb,1,848316260,37188,9520128,256,6000,33.490
2026-07-18T00:27:02.721Z,usb,1,848316260,37189,9520384,256,6000,33.490
2026-07-18T00:27:02.764Z,usb,1,848316260,37190,9520640,256,6000,33.490
2026-07-18T00:27:02.806Z,usb,1,848316260,37191,9520896,256,6000,33.490
2026-07-18T00:27:02.849Z,usb,1,848316260,37192,9521152,256,6000,33.490
2026-07-18T00:27:02.891Z,usb,1,848316260,37193,9521408,256,6000,33.490
2026-07-18T00:27:02.934Z,usb,1,848316260,37194,9521664,256,6000,33.490
2026-07-18T00:27:02.976Z,usb,1,848316260,37195,9521920,256,6000,33.490
2026-07-18T00:27:03.019Z,usb,1,848316260,37196,9522176,256,6000,33.490
2026-07-18T00:27:03.061Z,usb,1,848316260,37197,9522432,256,6000,33.490
2026-07-18T00:27:03.104Z,usb,1,848316260,37198,9522688,256,6000,33.490
2026-07-18T00:27:03.146Z,usb,1,848316260,37199,9522944,256,6000,33.490
2026-07-18T00:27:03.189Z,usb,1,848316260,37200,9523200,256,6000,33.490
2026-07-18T00:27:03.232Z,usb,1,848316260,37201,9523456,256,6000,33.490
2026-07-18T00:27:03.274Z,usb,1,848316260,37202,9523712,256,6000,33.490
2026-07-18T00:27:03.317Z,usb,1,848316260,37203,9523968,256,6000,33.490
2026-07-18T00:27:03.360Z,usb,1,848316260,37204,9524224,256,6000,33.490
2026-07-18T00:27:03.402Z,usb,1,848316260,37205,9524480,256,6000,33.490
2026-07-18T00:27:03.445Z,usb,1,848316260,37206,9524736,256,6000,33.490
2026-07-18T00:27:03.487Z,usb,1,848316260,37207,9524992,256,6000,33.490
2026-07-18T00:27:03.530Z,usb,1,848316260,37208,9525248,256,6000,33.490
2026-07-18T00:27:03.572Z,usb,1,848316260,37209,9525504,256,6000,33.490
2026-07-18T00:27:03.615Z,usb,1,848316260,37210,9525760,256,6000,33.490
2026-07-18T00:27:03.657Z,usb,1,848316260,37211,9526016,256,6000,33.490
2026-07-18T00:27:03.700Z,usb,1,848316260,37212,9526272,256,6000,33.490
2026-07-18T00:27:03.742Z,usb,1,848316260,37213,9526528,256,6000,33.490
2026-07-18T00:27:03.785Z,usb,1,848316260,37214,9526784,256,6000,33.490
2026-07-18T00:27:03.827Z,usb,1,848316260,37215,9527040,256,6000,33.490
2026-07-18T00:27:03.870Z,usb,1,848316260,37216,9527296,256,6000,33.490
2026-07-18T00:27:03.912Z,usb,1,848316260,37217,9527552,256,6000,33.490
2026-07-18T00:27:03.955Z,usb,1,848316260,37218,9527808,256,6000,33.490
2026-07-18T00:27:03.997Z,usb,1,848316260,37219,9528064,256,6000,33.490
2026-07-18T00:27:04.040Z,usb,1,848316260,37220,9528320,256,6000,33.490
2026-07-18T00:27:04.082Z,usb,1,848316260,37221,9528576,256,6000,33.490
2026-07-18T00:27:04.125Z,usb,1,848316260,37222,9528832,256,6000,33.490
2026-07-18T00:27:04.167Z,usb,1,848316260,37223,9529088,256,6000,33.490
2026-07-18T00:27:04.210Z,usb,1,848316260,37224,9529344,256,6000,33.490
2026-07-18T00:27:04.252Z,usb,1,848316260,37225,9529600,256,6000,33.490
2026-07-18T00:27:04.295Z,usb,1,848316260,37226,9529856,256,6000,33.490
2026-07-18T00:27:04.338Z,usb,1,848316260,37227,9530112,256,6000,33.500
2026-07-18T00:27:04.380Z,usb,1,848316260,37228,9530368,256,6000,33.500
2026-07-18T00:27:04.423Z,usb,1,848316260,37229,9530624,256,6000,33.500
2026-07-18T00:27:04.465Z,usb,1,848316260,37230,9530880,256,6000,33.500
2026-07-18T00:27:04.508Z,usb,1,848316260,37231,9531136,256,6000,33.500
2026-07-18T00:27:04.550Z,usb,1,848316260,37232,9531392,256,6000,33.500
2026-07-18T00:27:04.593Z,usb,1,848316260,37233,9531648,256,6000,33.500
2026-07-18T00:27:04.635Z,usb,1,848316260,37234,9531904,256,6000,33.500
2026-07-18T00:27:04.678Z,usb,1,848316260,37235,9532160,256,6000,33.500
2026-07-18T00:27:04.720Z,usb,1,848316260,37236,9532416,256,6000,33.500
2026-07-18T00:27:04.763Z,usb,1,848316260,37237,9532672,256,6000,33.500
2026-07-18T00:27:04.805Z,usb,1,848316260,37238,9532928,256,6000,33.500
2026-07-18T00:27:04.848Z,usb,1,848316260,37239,9533184,256,6000,33.500
2026-07-18T00:27:04.890Z,usb,1,848316260,37240,9533440,256,6000,33.500
2026-07-18T00:27:04.933Z,usb,1,848316260,37241,9533696,256,6000,33.500
2026-07-18T00:27:04.975Z,usb,1,848316260,37242,9533952,256,6000,33.500
2026-07-18T00:27:05.018Z,usb,1,848316260,37243,9534208,256,6000,33.500
2026-07-18T00:27:05.060Z,usb,1,848316260,37244,9534464,256,6000,33.500
2026-07-18T00:27:05.103Z,usb,1,848316260,37245,9534720,256,6000,33.500
2026-07-18T00:27:05.145Z,usb,1,848316260,37246,9534976,256,6000,33.500
2026-07-18T00:27:05.188Z,usb,1,848316260,37247,9535232,256,6000,33.500
2026-07-18T00:27:05.230Z,usb,1,848316260,37248,9535488,256,6000,33.500
2026-07-18T00:27:05.273Z,usb,1,848316260,37249,9535744,256,6000,33.500
2026-07-18T00:27:05.315Z,usb,1,848316260,37250,9536000,256,6000,33.500
2026-07-18T00:27:05.358Z,usb,1,848316260,37251,9536256,256,6000,33.500
2026-07-18T00:27:05.401Z,usb,1,848316260,37252,9536512,256,6000,33.500
2026-07-18T00:27:05.443Z,usb,1,848316260,37253,9536768,256,6000,33.500
2026-07-18T00:27:05.486Z,usb,1,848316260,37254,9537024,256,6000,33.500
2026-07-18T00:27:05.529Z,usb,1,848316260,37255,9537280,256,6000,33.500
2026-07-18T00:27:05.571Z,usb,1,848316260,37256,9537536,256,6000,33.500
2026-07-18T00:27:05.614Z,usb,1,848316260,37257,9537792,256,6000,33.500
2026-07-18T00:27:05.656Z,usb,1,848316260,37258,9538048,256,6000,33.500
2026-07-18T00:27:05.698Z,usb,1,848316260,37259,9538304,256,6000,33.500
2026-07-18T00:27:05.741Z,usb,1,848316260,37260,9538560,256,6000,33.500
2026-07-18T00:27:05.784Z,usb,1,848316260,37261,9538816,256,6000,33.500
2026-07-18T00:27:05.826Z,usb,1,848316260,37262,9539072,256,6000,33.500
2026-07-18T00:27:05.869Z,usb,1,848316260,37263,9539328,256,6000,33.500
2026-07-18T00:27:05.911Z,usb,1,848316260,37264,9539584,256,6000,33.500
2026-07-18T00:27:05.954Z,usb,1,848316260,37265,9539840,256,6000,33.500
2026-07-18T00:27:05.996Z,usb,1,848316260,37266,9540096,256,6000,33.500
2026-07-18T00:27:06.038Z,usb,1,848316260,37267,9540352,256,6000,33.500
2026-07-18T00:27:06.081Z,usb,1,848316260,37268,9540608,256,6000,33.500
2026-07-18T00:27:06.123Z,usb,1,848316260,37269,9540864,256,6000,33.500
2026-07-18T00:27:06.166Z,usb,1,848316260,37270,9541120,256,6000,33.500
2026-07-18T00:27:06.209Z,usb,1,848316260,37271,9541376,256,6000,33.500
2026-07-18T00:27:06.251Z,usb,1,848316260,37272,9541632,256,6000,33.500
2026-07-18T00:27:06.294Z,usb,1,848316260,37273,9541888,256,6000,33.500
2026-07-18T00:27:06.336Z,usb,1,848316260,37274,9542144,256,6000,33.500
2026-07-18T00:27:06.379Z,usb,1,848316260,37275,9542400,256,6000,33.500
2026-07-18T00:27:06.422Z,usb,1,848316260,37276,9542656,256,6000,33.500
2026-07-18T00:27:06.464Z,usb,1,848316260,37277,9542912,256,6000,33.500
2026-07-18T00:27:06.507Z,usb,1,848316260,37278,9543168,256,6000,33.500
2026-07-18T00:27:06.549Z,usb,1,848316260,37279,9543424,256,6000,33.500
2026-07-18T00:27:06.592Z,usb,1,848316260,37280,9543680,256,6000,33.500
2026-07-18T00:27:06.634Z,usb,1,848316260,37281,9543936,256,6000,33.500
2026-07-18T00:27:06.677Z,usb,1,848316260,37282,9544192,256,6000,33.500
2026-07-18T00:27:06.719Z,usb,1,848316260,37283,9544448,256,6000,33.500
2026-07-18T00:27:06.762Z,usb,1,848316260,37284,9544704,256,6000,33.500
2026-07-18T00:27:06.804Z,usb,1,848316260,37285,9544960,256,6000,33.500
2026-07-18T00:27:06.847Z,usb,1,848316260,37286,9545216,256,6000,33.500
2026-07-18T00:27:06.889Z,usb,1,848316260,37287,9545472,256,6000,33.500
2026-07-18T00:27:06.932Z,usb,1,848316260,37288,9545728,256,6000,33.500
2026-07-18T00:27:06.974Z,usb,1,848316260,37289,9545984,256,6000,33.500
2026-07-18T00:27:07.017Z,usb,1,848316260,37290,9546240,256,6000,33.500
2026-07-18T00:27:07.059Z,usb,1,848316260,37291,9546496,256,6000,33.500
2026-07-18T00:27:07.102Z,usb,1,848316260,37292,9546752,256,6000,33.500
2026-07-18T00:27:07.144Z,usb,1,848316260,37293,9547008,256,6000,33.500
2026-07-18T00:27:07.187Z,usb,1,848316260,37294,9547264,256,6000,33.500
2026-07-18T00:27:07.229Z,usb,1,848316260,37295,9547520,256,6000,33.500
2026-07-18T00:27:07.272Z,usb,1,848316260,37296,9547776,256,6000,33.500
2026-07-18T00:27:07.314Z,usb,1,848316260,37297,9548032,256,6000,33.500
2026-07-18T00:27:07.357Z,usb,1,848316260,37298,9548288,256,6000,33.500
2026-07-18T00:27:07.400Z,usb,1,848316260,37299,9548544,256,6000,33.500
2026-07-18T00:27:07.443Z,usb,1,848316260,37300,9548800,256,6000,33.500
2026-07-18T00:27:07.485Z,usb,1,848316260,37301,9549056,256,6000,33.500
2026-07-18T00:27:07.527Z,usb,1,848316260,37302,9549312,256,6000,33.500
2026-07-18T00:27:07.570Z,usb,1,848316260,37303,9549568,256,6000,33.500
2026-07-18T00:27:07.613Z,usb,1,848316260,37304,9549824,256,6000,33.500
2026-07-18T00:27:07.655Z,usb,1,848316260,37305,9550080,256,6000,33.500
2026-07-18T00:27:07.698Z,usb,1,848316260,37306,9550336,256,6000,33.500
2026-07-18T00:27:07.740Z,usb,1,848316260,37307,9550592,256,6000,33.500
2026-07-18T00:27:07.783Z,usb,1,848316260,37308,9550848,256,6000,33.500
2026-07-18T00:27:07.825Z,usb,1,848316260,37309,9551104,256,6000,33.500
2026-07-18T00:27:07.868Z,usb,1,848316260,37310,9551360,256,6000,33.500
2026-07-18T00:27:07.910Z,usb,1,848316260,37311,9551616,256,6000,33.500
2026-07-18T00:27:07.952Z,usb,1,848316260,37312,9551872,256,6000,33.500
2026-07-18T00:27:07.995Z,usb,1,848316260,37313,9552128,256,6000,33.500
2026-07-18T00:27:08.038Z,usb,1,848316260,37314,9552384,256,6000,33.500
2026-07-18T00:27:08.080Z,usb,1,848316260,37315,9552640,256,6000,33.500
2026-07-18T00:27:08.123Z,usb,1,848316260,37316,9552896,256,6000,33.500
2026-07-18T00:27:08.165Z,usb,1,848316260,37317,9553152,256,6000,33.500
2026-07-18T00:27:08.208Z,usb,1,848316260,37318,9553408,256,6000,33.500
2026-07-18T00:27:08.250Z,usb,1,848316260,37319,9553664,256,6000,33.500
2026-07-18T00:27:08.293Z,usb,1,848316260,37320,9553920,256,6000,33.500
2026-07-18T00:27:08.335Z,usb,1,848316260,37321,9554176,256,6000,33.500
2026-07-18T00:27:08.377Z,usb,1,848316260,37322,9554432,256,6000,33.500
2026-07-18T00:27:08.421Z,usb,1,848316260,37323,9554688,256,6000,33.490
2026-07-18T00:27:08.463Z,usb,1,848316260,37324,9554944,256,6000,33.490
2026-07-18T00:27:08.506Z,usb,1,848316260,37325,9555200,256,6000,33.490
2026-07-18T00:27:08.548Z,usb,1,848316260,37326,9555456,256,6000,33.490
2026-07-18T00:27:08.591Z,usb,1,848316260,37327,9555712,256,6000,33.490
2026-07-18T00:27:08.633Z,usb,1,848316260,37328,9555968,256,6000,33.490
2026-07-18T00:27:08.676Z,usb,1,848316260,37329,9556224,256,6000,33.490
2026-07-18T00:27:08.718Z,usb,1,848316260,37330,9556480,256,6000,33.490
2026-07-18T00:27:08.761Z,usb,1,848316260,37331,9556736,256,6000,33.490
2026-07-18T00:27:08.803Z,usb,1,848316260,37332,9556992,256,6000,33.490
2026-07-18T00:27:08.846Z,usb,1,848316260,37333,9557248,256,6000,33.490
2026-07-18T00:27:08.888Z,usb,1,848316260,37334,9557504,256,6000,33.490
2026-07-18T00:27:08.931Z,usb,1,848316260,37335,9557760,256,6000,33.490
2026-07-18T00:27:08.973Z,usb,1,848316260,37336,9558016,256,6000,33.490
2026-07-18T00:27:09.016Z,usb,1,848316260,37337,9558272,256,6000,33.490
2026-07-18T00:27:09.058Z,usb,1,848316260,37338,9558528,256,6000,33.490
2026-07-18T00:27:09.101Z,usb,1,848316260,37339,9558784,256,6000,33.490
2026-07-18T00:27:09.143Z,usb,1,848316260,37340,9559040,256,6000,33.490
2026-07-18T00:27:09.186Z,usb,1,848316260,37341,9559296,256,6000,33.490
2026-07-18T00:27:09.228Z,usb,1,848316260,37342,9559552,256,6000,33.490
2026-07-18T00:27:09.271Z,usb,1,848316260,37343,9559808,256,6000,33.490
2026-07-18T00:27:09.313Z,usb,1,848316260,37344,9560064,256,6000,33.490
2026-07-18T00:27:09.356Z,usb,1,848316260,37345,9560320,256,6000,33.490
2026-07-18T00:27:09.398Z,usb,1,848316260,37346,9560576,256,6000,33.490
2026-07-18T00:27:09.442Z,usb,1,848316260,37347,9560832,256,6000,33.500
2026-07-18T00:27:09.484Z,usb,1,848316260,37348,9561088,256,6000,33.500
2026-07-18T00:27:09.527Z,usb,1,848316260,37349,9561344,256,6000,33.500
2026-07-18T00:27:09.569Z,usb,1,848316260,37350,9561600,256,6000,33.500
2026-07-18T00:27:09.611Z,usb,1,848316260,37351,9561856,256,6000,33.500
2026-07-18T00:27:09.654Z,usb,1,848316260,37352,9562112,256,6000,33.500
2026-07-18T00:27:09.697Z,usb,1,848316260,37353,9562368,256,6000,33.500
2026-07-18T00:27:09.739Z,usb,1,848316260,37354,9562624,256,6000,33.500
2026-07-18T00:27:09.782Z,usb,1,848316260,37355,9562880,256,6000,33.500
2026-07-18T00:27:09.824Z,usb,1,848316260,37356,9563136,256,6000,33.500
2026-07-18T00:27:09.866Z,usb,1,848316260,37357,9563392,256,6000,33.500
2026-07-18T00:27:09.909Z,usb,1,848316260,37358,9563648,256,6000,33.500
2026-07-18T00:27:09.952Z,usb,1,848316260,37359,9563904,256,6000,33.500
2026-07-18T00:27:09.995Z,usb,1,848316260,37360,9564160,256,6000,33.500
2026-07-18T00:27:10.037Z,usb,1,848316260,37361,9564416,256,6000,33.500
2026-07-18T00:27:10.079Z,usb,1,848316260,37362,9564672,256,6000,33.500
2026-07-18T00:27:10.122Z,usb,1,848316260,37363,9564928,256,6000,33.500
2026-07-18T00:27:10.164Z,usb,1,848316260,37364,9565184,256,6000,33.500
2026-07-18T00:27:10.207Z,usb,1,848316260,37365,9565440,256,6000,33.500
2026-07-18T00:27:10.249Z,usb,1,848316260,37366,9565696,256,6000,33.500
2026-07-18T00:27:10.292Z,usb,1,848316260,37367,9565952,256,6000,33.500
2026-07-18T00:27:10.334Z,usb,1,848316260,37368,9566208,256,6000,33.500
2026-07-18T00:27:10.377Z,usb,1,848316260,37369,9566464,256,6000,33.500
2026-07-18T00:27:10.419Z,usb,1,848316260,37370,9566720,256,6000,33.500
2026-07-18T00:27:10.462Z,usb,1,848316260,37371,9566976,256,6000,33.500
2026-07-18T00:27:10.505Z,usb,1,848316260,37372,9567232,256,6000,33.500
2026-07-18T00:27:10.547Z,usb,1,848316260,37373,9567488,256,6000,33.500
2026-07-18T00:27:10.590Z,usb,1,848316260,37374,9567744,256,6000,33.500
2026-07-18T00:27:10.632Z,usb,1,848316260,37375,9568000,256,6000,33.500
2026-07-18T00:27:10.675Z,usb,1,848316260,37376,9568256,256,6000,33.500
2026-07-18T00:27:10.717Z,usb,1,848316260,37377,9568512,256,6000,33.500
2026-07-18T00:27:10.760Z,usb,1,848316260,37378,9568768,256,6000,33.500
2026-07-18T00:27:10.802Z,usb,1,848316260,37379,9569024,256,6000,33.500
2026-07-18T00:27:10.845Z,usb,1,848316260,37380,9569280,256,6000,33.500
2026-07-18T00:27:10.887Z,usb,1,848316260,37381,9569536,256,6000,33.500
2026-07-18T00:27:10.930Z,usb,1,848316260,37382,9569792,256,6000,33.500
2026-07-18T00:27:10.972Z,usb,1,848316260,37383,9570048,256,6000,33.500
2026-07-18T00:27:11.015Z,usb,1,848316260,37384,9570304,256,6000,33.500
2026-07-18T00:27:11.057Z,usb,1,848316260,37385,9570560,256,6000,33.500
2026-07-18T00:27:11.100Z,usb,1,848316260,37386,9570816,256,6000,33.500
2026-07-18T00:27:11.142Z,usb,1,848316260,37387,9571072,256,6000,33.500
2026-07-18T00:27:11.185Z,usb,1,848316260,37388,9571328,256,6000,33.500
2026-07-18T00:27:11.227Z,usb,1,848316260,37389,9571584,256,6000,33.500
2026-07-18T00:27:11.270Z,usb,1,848316260,37390,9571840,256,6000,33.500
2026-07-18T00:27:11.312Z,usb,1,848316260,37391,9572096,256,6000,33.500
2026-07-18T00:27:11.355Z,usb,1,848316260,37392,9572352,256,6000,33.500
2026-07-18T00:27:11.397Z,usb,1,848316260,37393,9572608,256,6000,33.500
2026-07-18T00:27:11.440Z,usb,1,848316260,37394,9572864,256,6000,33.500
2026-07-18T00:27:11.483Z,usb,1,848316260,37395,9573120,256,6000,33.490
2026-07-18T00:27:11.526Z,usb,1,848316260,37396,9573376,256,6000,33.490
2026-07-18T00:27:11.568Z,usb,1,848316260,37397,9573632,256,6000,33.490
2026-07-18T00:27:11.611Z,usb,1,848316260,37398,9573888,256,6000,33.490
2026-07-18T00:27:11.653Z,usb,1,848316260,37399,9574144,256,6000,33.490
2026-07-18T00:27:11.696Z,usb,1,848316260,37400,9574400,256,6000,33.490
2026-07-18T00:27:11.738Z,usb,1,848316260,37401,9574656,256,6000,33.490
2026-07-18T00:27:11.781Z,usb,1,848316260,37402,9574912,256,6000,33.490
2026-07-18T00:27:11.823Z,usb,1,848316260,37403,9575168,256,6000,33.490
2026-07-18T00:27:11.865Z,usb,1,848316260,37404,9575424,256,6000,33.490
2026-07-18T00:27:11.908Z,usb,1,848316260,37405,9575680,256,6000,33.490
2026-07-18T00:27:11.951Z,usb,1,848316260,37406,9575936,256,6000,33.490
2026-07-18T00:27:11.993Z,usb,1,848316260,37407,9576192,256,6000,33.490
2026-07-18T00:27:12.036Z,usb,1,848316260,37408,9576448,256,6000,33.490
2026-07-18T00:27:12.078Z,usb,1,848316260,37409,9576704,256,6000,33.490
2026-07-18T00:27:12.121Z,usb,1,848316260,37410,9576960,256,6000,33.490
2026-07-18T00:27:12.163Z,usb,1,848316260,37411,9577216,256,6000,33.490
2026-07-18T00:27:12.206Z,usb,1,848316260,37412,9577472,256,6000,33.490
2026-07-18T00:27:12.248Z,usb,1,848316260,37413,9577728,256,6000,33.490
2026-07-18T00:27:12.291Z,usb,1,848316260,37414,9577984,256,6000,33.490
2026-07-18T00:27:12.333Z,usb,1,848316260,37415,9578240,256,6000,33.490
2026-07-18T00:27:12.376Z,usb,1,848316260,37416,9578496,256,6000,33.490
2026-07-18T00:27:12.418Z,usb,1,848316260,37417,9578752,256,6000,33.490
2026-07-18T00:27:12.461Z,usb,1,848316260,37418,9579008,256,6000,33.490
2026-07-18T00:27:12.504Z,usb,1,848316260,37419,9579264,256,6000,33.490
2026-07-18T00:27:12.546Z,usb,1,848316260,37420,9579520,256,6000,33.490
2026-07-18T00:27:12.589Z,usb,1,848316260,37421,9579776,256,6000,33.490
2026-07-18T00:27:12.631Z,usb,1,848316260,37422,9580032,256,6000,33.490
2026-07-18T00:27:12.674Z,usb,1,848316260,37423,9580288,256,6000,33.490
2026-07-18T00:27:12.716Z,usb,1,848316260,37424,9580544,256,6000,33.490
2026-07-18T00:27:12.759Z,usb,1,848316260,37425,9580800,256,6000,33.490
2026-07-18T00:27:12.801Z,usb,1,848316260,37426,9581056,256,6000,33.490
2026-07-18T00:27:12.844Z,usb,1,848316260,37427,9581312,256,6000,33.490
2026-07-18T00:27:12.886Z,usb,1,848316260,37428,9581568,256,6000,33.490
2026-07-18T00:27:12.929Z,usb,1,848316260,37429,9581824,256,6000,33.490
2026-07-18T00:27:12.972Z,usb,1,848316260,37430,9582080,256,6000,33.490
2026-07-18T00:27:13.014Z,usb,1,848316260,37431,9582336,256,6000,33.490
2026-07-18T00:27:13.056Z,usb,1,848316260,37432,9582592,256,6000,33.490
2026-07-18T00:27:13.099Z,usb,1,848316260,37433,9582848,256,6000,33.490
2026-07-18T00:27:13.141Z,usb,1,848316260,37434,9583104,256,6000,33.490
2026-07-18T00:27:13.184Z,usb,1,848316260,37435,9583360,256,6000,33.490
2026-07-18T00:27:13.226Z,usb,1,848316260,37436,9583616,256,6000,33.490
2026-07-18T00:27:13.269Z,usb,1,848316260,37437,9583872,256,6000,33.490
2026-07-18T00:27:13.311Z,usb,1,848316260,37438,9584128,256,6000,33.490
2026-07-18T00:27:13.354Z,usb,1,848316260,37439,9584384,256,6000,33.490
2026-07-18T00:27:13.396Z,usb,1,848316260,37440,9584640,256,6000,33.490
2026-07-18T00:27:13.439Z,usb,1,848316260,37441,9584896,256,6000,33.490
2026-07-18T00:27:13.481Z,usb,1,848316260,37442,9585152,256,6000,33.490
2026-07-18T00:27:13.525Z,usb,1,848316260,37443,9585408,256,6000,33.490
2026-07-18T00:27:13.567Z,usb,1,848316260,37444,9585664,256,6000,33.490
2026-07-18T00:27:13.610Z,usb,1,848316260,37445,9585920,256,6000,33.490
2026-07-18T00:27:13.652Z,usb,1,848316260,37446,9586176,256,6000,33.490
2026-07-18T00:27:13.695Z,usb,1,848316260,37447,9586432,256,6000,33.490
2026-07-18T00:27:13.737Z,usb,1,848316260,37448,9586688,256,6000,33.490
2026-07-18T00:27:13.780Z,usb,1,848316260,37449,9586944,256,6000,33.490
2026-07-18T00:27:13.822Z,usb,1,848316260,37450,9587200,256,6000,33.490
2026-07-18T00:27:13.865Z,usb,1,848316260,37451,9587456,256,6000,33.490
2026-07-18T00:27:13.907Z,usb,1,848316260,37452,9587712,256,6000,33.490
2026-07-18T00:27:13.950Z,usb,1,848316260,37453,9587968,256,6000,33.490
2026-07-18T00:27:13.992Z,usb,1,848316260,37454,9588224,256,6000,33.490
2026-07-18T00:27:14.035Z,usb,1,848316260,37455,9588480,256,6000,33.490
2026-07-18T00:27:14.077Z,usb,1,848316260,37456,9588736,256,6000,33.490
2026-07-18T00:27:14.120Z,usb,1,848316260,37457,9588992,256,6000,33.490
2026-07-18T00:27:14.162Z,usb,1,848316260,37458,9589248,256,6000,33.490
2026-07-18T00:27:14.204Z,usb,1,848316260,37459,9589504,256,6000,33.490
2026-07-18T00:27:14.247Z,usb,1,848316260,37460,9589760,256,6000,33.490
2026-07-18T00:27:14.290Z,usb,1,848316260,37461,9590016,256,6000,33.490
2026-07-18T00:27:14.332Z,usb,1,848316260,37462,9590272,256,6000,33.490
2026-07-18T00:27:14.374Z,usb,1,848316260,37463,9590528,256,6000,33.490
2026-07-18T00:27:14.417Z,usb,1,848316260,37464,9590784,256,6000,33.490
2026-07-18T00:27:14.460Z,usb,1,848316260,37465,9591040,256,6000,33.490
2026-07-18T00:27:14.502Z,usb,1,848316260,37466,9591296,256,6000,33.490
2026-07-18T00:27:14.545Z,usb,1,848316260,37467,9591552,256,6000,33.500
2026-07-18T00:27:14.588Z,usb,1,848316260,37468,9591808,256,6000,33.500
2026-07-18T00:27:14.630Z,usb,1,848316260,37469,9592064,256,6000,33.500
2026-07-18T00:27:14.673Z,usb,1,848316260,37470,9592320,256,6000,33.500
2026-07-18T00:27:14.715Z,usb,1,848316260,37471,9592576,256,6000,33.500
2026-07-18T00:27:14.758Z,usb,1,848316260,37472,9592832,256,6000,33.500
2026-07-18T00:27:14.800Z,usb,1,848316260,37473,9593088,256,6000,33.500
2026-07-18T00:27:14.843Z,usb,1,848316260,37474,9593344,256,6000,33.500
2026-07-18T00:27:14.885Z,usb,1,848316260,37475,9593600,256,6000,33.500
2026-07-18T00:27:14.928Z,usb,1,848316260,37476,9593856,256,6000,33.500
2026-07-18T00:27:14.970Z,usb,1,848316260,37477,9594112,256,6000,33.500
2026-07-18T00:27:15.013Z,usb,1,848316260,37478,9594368,256,6000,33.500
2026-07-18T00:27:15.055Z,usb,1,848316260,37479,9594624,256,6000,33.500
2026-07-18T00:27:15.098Z,usb,1,848316260,37480,9594880,256,6000,33.500
2026-07-18T00:27:15.140Z,usb,1,848316260,37481,9595136,256,6000,33.500
2026-07-18T00:27:15.183Z,usb,1,848316260,37482,9595392,256,6000,33.500
2026-07-18T00:27:15.225Z,usb,1,848316260,37483,9595648,256,6000,33.500
2026-07-18T00:27:15.268Z,usb,1,848316260,37484,9595904,256,6000,33.500
2026-07-18T00:27:15.310Z,usb,1,848316260,37485,9596160,256,6000,33.500
2026-07-18T00:27:15.353Z,usb,1,848316260,37486,9596416,256,6000,33.500
2026-07-18T00:27:15.395Z,usb,1,848316260,37487,9596672,256,6000,33.500
2026-07-18T00:27:15.438Z,usb,1,848316260,37488,9596928,256,6000,33.500
2026-07-18T00:27:15.480Z,usb,1,848316260,37489,9597184,256,6000,33.500
2026-07-18T00:27:15.523Z,usb,1,848316260,37490,9597440,256,6000,33.500
2026-07-18T00:27:15.566Z,usb,1,848316260,37491,9597696,256,6000,33.500
2026-07-18T00:27:15.609Z,usb,1,848316260,37492,9597952,256,6000,33.500
2026-07-18T00:27:15.651Z,usb,1,848316260,37493,9598208,256,6000,33.500
2026-07-18T00:27:15.694Z,usb,1,848316260,37494,9598464,256,6000,33.500
2026-07-18T00:27:15.736Z,usb,1,848316260,37495,9598720,256,6000,33.500
2026-07-18T00:27:15.779Z,usb,1,848316260,37496,9598976,256,6000,33.500
2026-07-18T00:27:15.821Z,usb,1,848316260,37497,9599232,256,6000,33.500
2026-07-18T00:27:15.864Z,usb,1,848316260,37498,9599488,256,6000,33.500
2026-07-18T00:27:15.906Z,usb,1,848316260,37499,9599744,256,6000,33.500
2026-07-18T00:27:15.949Z,usb,1,848316260,37500,9600000,256,6000,33.500
2026-07-18T00:27:15.992Z,usb,1,848316260,37501,9600256,256,6000,33.500
2026-07-18T00:27:16.034Z,usb,1,848316260,37502,9600512,256,6000,33.500
2026-07-18T00:27:16.076Z,usb,1,848316260,37503,9600768,256,6000,33.500
2026-07-18T00:27:16.119Z,usb,1,848316260,37504,9601024,256,6000,33.500
2026-07-18T00:27:16.161Z,usb,1,848316260,37505,9601280,256,6000,33.500
2026-07-18T00:27:16.204Z,usb,1,848316260,37506,9601536,256,6000,33.500
2026-07-18T00:27:16.246Z,usb,1,848316260,37507,9601792,256,6000,33.500
2026-07-18T00:27:16.289Z,usb,1,848316260,37508,9602048,256,6000,33.500
2026-07-18T00:27:16.331Z,usb,1,848316260,37509,9602304,256,6000,33.500
2026-07-18T00:27:16.374Z,usb,1,848316260,37510,9602560,256,6000,33.500
2026-07-18T00:27:16.416Z,usb,1,848316260,37511,9602816,256,6000,33.500
2026-07-18T00:27:16.459Z,usb,1,848316260,37512,9603072,256,6000,33.500
2026-07-18T00:27:16.501Z,usb,1,848316260,37513,9603328,256,6000,33.500
2026-07-18T00:27:16.544Z,usb,1,848316260,37514,9603584,256,6000,33.500
2026-07-18T00:27:16.587Z,usb,1,848316260,37515,9603840,256,6000,33.500
2026-07-18T00:27:16.629Z,usb,1,848316260,37516,9604096,256,6000,33.500
2026-07-18T00:27:16.672Z,usb,1,848316260,37517,9604352,256,6000,33.500
2026-07-18T00:27:16.714Z,usb,1,848316260,37518,9604608,256,6000,33.500
2026-07-18T00:27:16.757Z,usb,1,848316260,37519,9604864,256,6000,33.500
2026-07-18T00:27:16.799Z,usb,1,848316260,37520,9605120,256,6000,33.500
2026-07-18T00:27:16.842Z,usb,1,848316260,37521,9605376,256,6000,33.500
2026-07-18T00:27:16.884Z,usb,1,848316260,37522,9605632,256,6000,33.500
2026-07-18T00:27:16.927Z,usb,1,848316260,37523,9605888,256,6000,33.500
2026-07-18T00:27:16.969Z,usb,1,848316260,37524,9606144,256,6000,33.500
2026-07-18T00:27:17.012Z,usb,1,848316260,37525,9606400,256,6000,33.500
2026-07-18T00:27:17.054Z,usb,1,848316260,37526,9606656,256,6000,33.500
2026-07-18T00:27:17.097Z,usb,1,848316260,37527,9606912,256,6000,33.500
2026-07-18T00:27:17.140Z,usb,1,848316260,37528,9607168,256,6000,33.500
2026-07-18T00:27:17.182Z,usb,1,848316260,37529,9607424,256,6000,33.500
2026-07-18T00:27:17.224Z,usb,1,848316260,37530,9607680,256,6000,33.500
2026-07-18T00:27:17.267Z,usb,1,848316260,37531,9607936,256,6000,33.500
2026-07-18T00:27:17.309Z,usb,1,848316260,37532,9608192,256,6000,33.500
2026-07-18T00:27:17.352Z,usb,1,848316260,37533,9608448,256,6000,33.500
2026-07-18T00:27:17.394Z,usb,1,848316260,37534,9608704,256,6000,33.500
2026-07-18T00:27:17.437Z,usb,1,848316260,37535,9608960,256,6000,33.500
2026-07-18T00:27:17.479Z,usb,1,848316260,37536,9609216,256,6000,33.500
2026-07-18T00:27:17.522Z,usb,1,848316260,37537,9609472,256,6000,33.500
2026-07-18T00:27:17.564Z,usb,1,848316260,37538,9609728,256,6000,33.500
2026-07-18T00:27:17.608Z,usb,1,848316260,37539,9609984,256,6000,33.490
2026-07-18T00:27:17.650Z,usb,1,848316260,37540,9610240,256,6000,33.490
2026-07-18T00:27:17.692Z,usb,1,848316260,37541,9610496,256,6000,33.490
2026-07-18T00:27:17.735Z,usb,1,848316260,37542,9610752,256,6000,33.490
2026-07-18T00:27:17.778Z,usb,1,848316260,37543,9611008,256,6000,33.490
2026-07-18T00:27:17.820Z,usb,1,848316260,37544,9611264,256,6000,33.490
2026-07-18T00:27:17.863Z,usb,1,848316260,37545,9611520,256,6000,33.490
2026-07-18T00:27:17.905Z,usb,1,848316260,37546,9611776,256,6000,33.490
2026-07-18T00:27:17.948Z,usb,1,848316260,37547,9612032,256,6000,33.490
2026-07-18T00:27:17.990Z,usb,1,848316260,37548,9612288,256,6000,33.490
2026-07-18T00:27:18.033Z,usb,1,848316260,37549,9612544,256,6000,33.490
2026-07-18T00:27:18.075Z,usb,1,848316260,37550,9612800,256,6000,33.490
2026-07-18T00:27:18.118Z,usb,1,848316260,37551,9613056,256,6000,33.490
2026-07-18T00:27:18.160Z,usb,1,848316260,37552,9613312,256,6000,33.490
2026-07-18T00:27:18.203Z,usb,1,848316260,37553,9613568,256,6000,33.490
2026-07-18T00:27:18.245Z,usb,1,848316260,37554,9613824,256,6000,33.490
2026-07-18T00:27:18.288Z,usb,1,848316260,37555,9614080,256,6000,33.490
2026-07-18T00:27:18.330Z,usb,1,848316260,37556,9614336,256,6000,33.490
2026-07-18T00:27:18.373Z,usb,1,848316260,37557,9614592,256,6000,33.490
2026-07-18T00:27:18.415Z,usb,1,848316260,37558,9614848,256,6000,33.490
2026-07-18T00:27:18.458Z,usb,1,848316260,37559,9615104,256,6000,33.490
2026-07-18T00:27:18.500Z,usb,1,848316260,37560,9615360,256,6000,33.490
2026-07-18T00:27:18.543Z,usb,1,848316260,37561,9615616,256,6000,33.490
2026-07-18T00:27:18.585Z,usb,1,848316260,37562,9615872,256,6000,33.490
2026-07-18T00:27:18.628Z,usb,1,848316260,37563,9616128,256,6000,33.490
2026-07-18T00:27:18.671Z,usb,1,848316260,37564,9616384,256,6000,33.490
2026-07-18T00:27:18.713Z,usb,1,848316260,37565,9616640,256,6000,33.490
2026-07-18T00:27:18.756Z,usb,1,848316260,37566,9616896,256,6000,33.490
2026-07-18T00:27:18.798Z,usb,1,848316260,37567,9617152,256,6000,33.490
2026-07-18T00:27:18.841Z,usb,1,848316260,37568,9617408,256,6000,33.490
2026-07-18T00:27:18.883Z,usb,1,848316260,37569,9617664,256,6000,33.490
2026-07-18T00:27:18.926Z,usb,1,848316260,37570,9617920,256,6000,33.490
2026-07-18T00:27:18.968Z,usb,1,848316260,37571,9618176,256,6000,33.490
2026-07-18T00:27:19.011Z,usb,1,848316260,37572,9618432,256,6000,33.490
2026-07-18T00:27:19.053Z,usb,1,848316260,37573,9618688,256,6000,33.490
2026-07-18T00:27:19.096Z,usb,1,848316260,37574,9618944,256,6000,33.490
2026-07-18T00:27:19.138Z,usb,1,848316260,37575,9619200,256,6000,33.490
2026-07-18T00:27:19.181Z,usb,1,848316260,37576,9619456,256,6000,33.490
2026-07-18T00:27:19.223Z,usb,1,848316260,37577,9619712,256,6000,33.490
2026-07-18T00:27:19.266Z,usb,1,848316260,37578,9619968,256,6000,33.490
2026-07-18T00:27:19.308Z,usb,1,848316260,37579,9620224,256,6000,33.490
2026-07-18T00:27:19.351Z,usb,1,848316260,37580,9620480,256,6000,33.490
2026-07-18T00:27:19.393Z,usb,1,848316260,37581,9620736,256,6000,33.490
2026-07-18T00:27:19.436Z,usb,1,848316260,37582,9620992,256,6000,33.490
2026-07-18T00:27:19.478Z,usb,1,848316260,37583,9621248,256,6000,33.490
2026-07-18T00:27:19.521Z,usb,1,848316260,37584,9621504,256,6000,33.490
2026-07-18T00:27:19.563Z,usb,1,848316260,37585,9621760,256,6000,33.490
2026-07-18T00:27:19.606Z,usb,1,848316260,37586,9622016,256,6000,33.490
2026-07-18T00:27:19.649Z,usb,1,848316260,37587,9622272,256,6000,33.490
2026-07-18T00:27:19.692Z,usb,1,848316260,37588,9622528,256,6000,33.490
2026-07-18T00:27:19.734Z,usb,1,848316260,37589,9622784,256,6000,33.490
2026-07-18T00:27:19.777Z,usb,1,848316260,37590,9623040,256,6000,33.490
2026-07-18T00:27:19.819Z,usb,1,848316260,37591,9623296,256,6000,33.490
2026-07-18T00:27:19.862Z,usb,1,848316260,37592,9623552,256,6000,33.490
2026-07-18T00:27:19.904Z,usb,1,848316260,37593,9623808,256,6000,33.490
2026-07-18T00:27:19.947Z,usb,1,848316260,37594,9624064,256,6000,33.490
2026-07-18T00:27:19.989Z,usb,1,848316260,37595,9624320,256,6000,33.490
2026-07-18T00:27:20.032Z,usb,1,848316260,37596,9624576,256,6000,33.490
2026-07-18T00:27:20.074Z,usb,1,848316260,37597,9624832,256,6000,33.490
2026-07-18T00:27:20.117Z,usb,1,848316260,37598,9625088,256,6000,33.490
2026-07-18T00:27:20.160Z,usb,1,848316260,37599,9625344,256,6000,33.490
2026-07-18T00:27:20.202Z,usb,1,848316260,37600,9625600,256,6000,33.490
2026-07-18T00:27:20.244Z,usb,1,848316260,37601,9625856,256,6000,33.490
2026-07-18T00:27:20.287Z,usb,1,848316260,37602,9626112,256,6000,33.490
2026-07-18T00:27:20.329Z,usb,1,848316260,37603,9626368,256,6000,33.490
2026-07-18T00:27:20.372Z,usb,1,848316260,37604,9626624,256,6000,33.490
2026-07-18T00:27:20.414Z,usb,1,848316260,37605,9626880,256,6000,33.490
2026-07-18T00:27:20.457Z,usb,1,848316260,37606,9627136,256,6000,33.490
2026-07-18T00:27:20.499Z,usb,1,848316260,37607,9627392,256,6000,33.490
2026-07-18T00:27:20.542Z,usb,1,848316260,37608,9627648,256,6000,33.490
2026-07-18T00:27:20.584Z,usb,1,848316260,37609,9627904,256,6000,33.490
2026-07-18T00:27:20.627Z,usb,1,848316260,37610,9628160,256,6000,33.490
2026-07-18T00:27:20.670Z,usb,1,848316260,37611,9628416,256,6000,33.500
2026-07-18T00:27:20.712Z,usb,1,848316260,37612,9628672,256,6000,33.500
2026-07-18T00:27:20.755Z,usb,1,848316260,37613,9628928,256,6000,33.500
2026-07-18T00:27:20.797Z,usb,1,848316260,37614,9629184,256,6000,33.500
2026-07-18T00:27:20.840Z,usb,1,848316260,37615,9629440,256,6000,33.500
2026-07-18T00:27:20.882Z,usb,1,848316260,37616,9629696,256,6000,33.500
2026-07-18T00:27:20.925Z,usb,1,848316260,37617,9629952,256,6000,33.500
2026-07-18T00:27:20.967Z,usb,1,848316260,37618,9630208,256,6000,33.500
2026-07-18T00:27:21.010Z,usb,1,848316260,37619,9630464,256,6000,33.500
2026-07-18T00:27:21.052Z,usb,1,848316260,37620,9630720,256,6000,33.500
2026-07-18T00:27:21.095Z,usb,1,848316260,37621,9630976,256,6000,33.500
2026-07-18T00:27:21.137Z,usb,1,848316260,37622,9631232,256,6000,33.500
2026-07-18T00:27:21.180Z,usb,1,848316260,37623,9631488,256,6000,33.500
2026-07-18T00:27:21.222Z,usb,1,848316260,37624,9631744,256,6000,33.500
2026-07-18T00:27:21.265Z,usb,1,848316260,37625,9632000,256,6000,33.500
2026-07-18T00:27:21.307Z,usb,1,848316260,37626,9632256,256,6000,33.500
2026-07-18T00:27:21.350Z,usb,1,848316260,37627,9632512,256,6000,33.500
2026-07-18T00:27:21.392Z,usb,1,848316260,37628,9632768,256,6000,33.500
2026-07-18T00:27:21.435Z,usb,1,848316260,37629,9633024,256,6000,33.500
2026-07-18T00:27:21.477Z,usb,1,848316260,37630,9633280,256,6000,33.500
2026-07-18T00:27:21.520Z,usb,1,848316260,37631,9633536,256,6000,33.500
2026-07-18T00:27:21.562Z,usb,1,848316260,37632,9633792,256,6000,33.500
2026-07-18T00:27:21.605Z,usb,1,848316260,37633,9634048,256,6000,33.500
2026-07-18T00:27:21.647Z,usb,1,848316260,37634,9634304,256,6000,33.500
2026-07-18T00:27:21.691Z,usb,1,848316260,37635,9634560,256,6000,33.490
2026-07-18T00:27:21.733Z,usb,1,848316260,37636,9634816,256,6000,33.490
2026-07-18T00:27:21.775Z,usb,1,848316260,37637,9635072,256,6000,33.490
2026-07-18T00:27:21.818Z,usb,1,848316260,37638,9635328,256,6000,33.490
2026-07-18T00:27:21.860Z,usb,1,848316260,37639,9635584,256,6000,33.490
2026-07-18T00:27:21.903Z,usb,1,848316260,37640,9635840,256,6000,33.490
2026-07-18T00:27:21.946Z,usb,1,848316260,37641,9636096,256,6000,33.490
2026-07-18T00:27:21.988Z,usb,1,848316260,37642,9636352,256,6000,33.490
2026-07-18T00:27:22.031Z,usb,1,848316260,37643,9636608,256,6000,33.490
2026-07-18T00:27:22.073Z,usb,1,848316260,37644,9636864,256,6000,33.490
2026-07-18T00:27:22.116Z,usb,1,848316260,37645,9637120,256,6000,33.490
2026-07-18T00:27:22.158Z,usb,1,848316260,37646,9637376,256,6000,33.490
2026-07-18T00:27:22.200Z,usb,1,848316260,37647,9637632,256,6000,33.490
2026-07-18T00:27:22.244Z,usb,1,848316260,37648,9637888,256,6000,33.490
2026-07-18T00:27:22.285Z,usb,1,848316260,37649,9638144,256,6000,33.490
2026-07-18T00:27:22.328Z,usb,1,848316260,37650,9638400,256,6000,33.490
2026-07-18T00:27:22.371Z,usb,1,848316260,37651,9638656,256,6000,33.490
2026-07-18T00:27:22.413Z,usb,1,848316260,37652,9638912,256,6000,33.490
2026-07-18T00:27:22.456Z,usb,1,848316260,37653,9639168,256,6000,33.490
2026-07-18T00:27:22.498Z,usb,1,848316260,37654,9639424,256,6000,33.490
2026-07-18T00:27:22.540Z,usb,1,848316260,37655,9639680,256,6000,33.490
2026-07-18T00:27:22.583Z,usb,1,848316260,37656,9639936,256,6000,33.490
2026-07-18T00:27:22.625Z,usb,1,848316260,37657,9640192,256,6000,33.490
2026-07-18T00:27:22.668Z,usb,1,848316260,37658,9640448,256,6000,33.490
2026-07-18T00:27:22.711Z,usb,1,848316260,37659,9640704,256,6000,33.500
2026-07-18T00:27:22.754Z,usb,1,848316260,37660,9640960,256,6000,33.500
2026-07-18T00:27:22.796Z,usb,1,848316260,37661,9641216,256,6000,33.500
2026-07-18T00:27:22.839Z,usb,1,848316260,37662,9641472,256,6000,33.500
2026-07-18T00:27:22.881Z,usb,1,848316260,37663,9641728,256,6000,33.500
2026-07-18T00:27:22.924Z,usb,1,848316260,37664,9641984,256,6000,33.500
2026-07-18T00:27:22.966Z,usb,1,848316260,37665,9642240,256,6000,33.500
2026-07-18T00:27:23.009Z,usb,1,848316260,37666,9642496,256,6000,33.500
2026-07-18T00:27:23.051Z,usb,1,848316260,37667,9642752,256,6000,33.500
2026-07-18T00:27:23.094Z,usb,1,848316260,37668,9643008,256,6000,33.500
2026-07-18T00:27:23.137Z,usb,1,848316260,37669,9643264,256,6000,33.500
2026-07-18T00:27:23.179Z,usb,1,848316260,37670,9643520,256,6000,33.500
2026-07-18T00:27:23.221Z,usb,1,848316260,37671,9643776,256,6000,33.500
2026-07-18T00:27:23.264Z,usb,1,848316260,37672,9644032,256,6000,33.500
2026-07-18T00:27:23.307Z,usb,1,848316260,37673,9644288,256,6000,33.500
2026-07-18T00:27:23.349Z,usb,1,848316260,37674,9644544,256,6000,33.500
2026-07-18T00:27:23.391Z,usb,1,848316260,37675,9644800,256,6000,33.500
2026-07-18T00:27:23.434Z,usb,1,848316260,37676,9645056,256,6000,33.500
2026-07-18T00:27:23.476Z,usb,1,848316260,37677,9645312,256,6000,33.500
2026-07-18T00:27:23.519Z,usb,1,848316260,37678,9645568,256,6000,33.500
2026-07-18T00:27:23.562Z,usb,1,848316260,37679,9645824,256,6000,33.500
2026-07-18T00:27:23.604Z,usb,1,848316260,37680,9646080,256,6000,33.500
2026-07-18T00:27:23.646Z,usb,1,848316260,37681,9646336,256,6000,33.500
2026-07-18T00:27:23.689Z,usb,1,848316260,37682,9646592,256,6000,33.500
2026-07-18T00:27:23.732Z,usb,1,848316260,37683,9646848,256,6000,33.490
2026-07-18T00:27:23.774Z,usb,1,848316260,37684,9647104,256,6000,33.490
2026-07-18T00:27:23.818Z,usb,1,848316260,37685,9647360,256,6000,33.490
2026-07-18T00:27:23.860Z,usb,1,848316260,37686,9647616,256,6000,33.490
2026-07-18T00:27:23.902Z,usb,1,848316260,37687,9647872,256,6000,33.490
2026-07-18T00:27:23.944Z,usb,1,848316260,37688,9648128,256,6000,33.490
2026-07-18T00:27:23.987Z,usb,1,848316260,37689,9648384,256,6000,33.490
2026-07-18T00:27:24.030Z,usb,1,848316260,37690,9648640,256,6000,33.490
2026-07-18T00:27:24.072Z,usb,1,848316260,37691,9648896,256,6000,33.490
2026-07-18T00:27:24.115Z,usb,1,848316260,37692,9649152,256,6000,33.490
2026-07-18T00:27:24.157Z,usb,1,848316260,37693,9649408,256,6000,33.490
2026-07-18T00:27:24.199Z,usb,1,848316260,37694,9649664,256,6000,33.490
2026-07-18T00:27:24.242Z,usb,1,848316260,37695,9649920,256,6000,33.490
2026-07-18T00:27:24.285Z,usb,1,848316260,37696,9650176,256,6000,33.490
2026-07-18T00:27:24.327Z,usb,1,848316260,37697,9650432,256,6000,33.490
2026-07-18T00:27:24.369Z,usb,1,848316260,37698,9650688,256,6000,33.490
2026-07-18T00:27:24.412Z,usb,1,848316260,37699,9650944,256,6000,33.490
2026-07-18T00:27:24.454Z,usb,1,848316260,37700,9651200,256,6000,33.490
2026-07-18T00:27:24.497Z,usb,1,848316260,37701,9651456,256,6000,33.490
2026-07-18T00:27:24.540Z,usb,1,848316260,37702,9651712,256,6000,33.490
2026-07-18T00:27:24.582Z,usb,1,848316260,37703,9651968,256,6000,33.490
2026-07-18T00:27:24.625Z,usb,1,848316260,37704,9652224,256,6000,33.490
2026-07-18T00:27:24.667Z,usb,1,848316260,37705,9652480,256,6000,33.490
2026-07-18T00:27:24.709Z,usb,1,848316260,37706,9652736,256,6000,33.490
2026-07-18T00:27:24.753Z,usb,1,848316260,37707,9652992,256,6000,33.490
2026-07-18T00:27:24.795Z,usb,1,848316260,37708,9653248,256,6000,33.490
2026-07-18T00:27:24.838Z,usb,1,848316260,37709,9653504,256,6000,33.490
2026-07-18T00:27:24.880Z,usb,1,848316260,37710,9653760,256,6000,33.490
2026-07-18T00:27:24.923Z,usb,1,848316260,37711,9654016,256,6000,33.490
2026-07-18T00:27:24.965Z,usb,1,848316260,37712,9654272,256,6000,33.490
2026-07-18T00:27:25.008Z,usb,1,848316260,37713,9654528,256,6000,33.490
2026-07-18T00:27:25.050Z,usb,1,848316260,37714,9654784,256,6000,33.490
2026-07-18T00:27:25.093Z,usb,1,848316260,37715,9655040,256,6000,33.490
2026-07-18T00:27:25.135Z,usb,1,848316260,37716,9655296,256,6000,33.490
2026-07-18T00:27:25.178Z,usb,1,848316260,37717,9655552,256,6000,33.490
2026-07-18T00:27:25.220Z,usb,1,848316260,37718,9655808,256,6000,33.490
2026-07-18T00:27:25.263Z,usb,1,848316260,37719,9656064,256,6000,33.490
2026-07-18T00:27:25.307Z,usb,1,848316260,37720,9656320,256,6000,33.490
2026-07-18T00:27:25.348Z,usb,1,848316260,37721,9656576,256,6000,33.490
2026-07-18T00:27:25.390Z,usb,1,848316260,37722,9656832,256,6000,33.490
2026-07-18T00:27:25.433Z,usb,1,848316260,37723,9657088,256,6000,33.490
2026-07-18T00:27:25.475Z,usb,1,848316260,37724,9657344,256,6000,33.490
2026-07-18T00:27:25.518Z,usb,1,848316260,37725,9657600,256,6000,33.490
2026-07-18T00:27:25.560Z,usb,1,848316260,37726,9657856,256,6000,33.490
2026-07-18T00:27:25.603Z,usb,1,848316260,37727,9658112,256,6000,33.490
2026-07-18T00:27:25.645Z,usb,1,848316260,37728,9658368,256,6000,33.490
2026-07-18T00:27:25.688Z,usb,1,848316260,37729,9658624,256,6000,33.490
2026-07-18T00:27:25.730Z,usb,1,848316260,37730,9658880,256,6000,33.490
2026-07-18T00:27:25.774Z,usb,1,848316260,37731,9659136,256,6000,33.490
2026-07-18T00:27:25.816Z,usb,1,848316260,37732,9659392,256,6000,33.490
2026-07-18T00:27:25.858Z,usb,1,848316260,37733,9659648,256,6000,33.490
2026-07-18T00:27:25.901Z,usb,1,848316260,37734,9659904,256,6000,33.490
2026-07-18T00:27:25.943Z,usb,1,848316260,37735,9660160,256,6000,33.490
2026-07-18T00:27:25.986Z,usb,1,848316260,37736,9660416,256,6000,33.490
2026-07-18T00:27:26.029Z,usb,1,848316260,37737,9660672,256,6000,33.490
2026-07-18T00:27:26.071Z,usb,1,848316260,37738,9660928,256,6000,33.490
2026-07-18T00:27:26.113Z,usb,1,848316260,37739,9661184,256,6000,33.490
2026-07-18T00:27:26.156Z,usb,1,848316260,37740,9661440,256,6000,33.490
2026-07-18T00:27:26.198Z,usb,1,848316260,37741,9661696,256,6000,33.490
2026-07-18T00:27:26.241Z,usb,1,848316260,37742,9661952,256,6000,33.490
2026-07-18T00:27:26.284Z,usb,1,848316260,37743,9662208,256,6000,33.490
2026-07-18T00:27:26.326Z,usb,1,848316260,37744,9662464,256,6000,33.490
2026-07-18T00:27:26.369Z,usb,1,848316260,37745,9662720,256,6000,33.490
2026-07-18T00:27:26.411Z,usb,1,848316260,37746,9662976,256,6000,33.490
2026-07-18T00:27:26.454Z,usb,1,848316260,37747,9663232,256,6000,33.490
2026-07-18T00:27:26.496Z,usb,1,848316260,37748,9663488,256,6000,33.490
2026-07-18T00:27:26.539Z,usb,1,848316260,37749,9663744,256,6000,33.490
2026-07-18T00:27:26.581Z,usb,1,848316260,37750,9664000,256,6000,33.490
2026-07-18T00:27:26.623Z,usb,1,848316260,37751,9664256,256,6000,33.490
2026-07-18T00:27:26.666Z,usb,1,848316260,37752,9664512,256,6000,33.490
2026-07-18T00:27:26.709Z,usb,1,848316260,37753,9664768,256,6000,33.490
2026-07-18T00:27:26.751Z,usb,1,848316260,37754,9665024,256,6000,33.490
2026-07-18T00:27:26.795Z,usb,1,848316260,37755,9665280,256,6000,33.490
2026-07-18T00:27:26.837Z,usb,1,848316260,37756,9665536,256,6000,33.490
2026-07-18T00:27:26.879Z,usb,1,848316260,37757,9665792,256,6000,33.490
2026-07-18T00:27:26.922Z,usb,1,848316260,37758,9666048,256,6000,33.490
2026-07-18T00:27:26.964Z,usb,1,848316260,37759,9666304,256,6000,33.490
2026-07-18T00:27:27.007Z,usb,1,848316260,37760,9666560,256,6000,33.490
2026-07-18T00:27:27.050Z,usb,1,848316260,37761,9666816,256,6000,33.490
2026-07-18T00:27:27.092Z,usb,1,848316260,37762,9667072,256,6000,33.490
2026-07-18T00:27:27.134Z,usb,1,848316260,37763,9667328,256,6000,33.490
2026-07-18T00:27:27.177Z,usb,1,848316260,37764,9667584,256,6000,33.490
2026-07-18T00:27:27.219Z,usb,1,848316260,37765,9667840,256,6000,33.490
2026-07-18T00:27:27.262Z,usb,1,848316260,37766,9668096,256,6000,33.490
2026-07-18T00:27:27.304Z,usb,1,848316260,37767,9668352,256,6000,33.490
2026-07-18T00:27:27.347Z,usb,1,848316260,37768,9668608,256,6000,33.490
2026-07-18T00:27:27.389Z,usb,1,848316260,37769,9668864,256,6000,33.490
2026-07-18T00:27:27.432Z,usb,1,848316260,37770,9669120,256,6000,33.490
2026-07-18T00:27:27.474Z,usb,1,848316260,37771,9669376,256,6000,33.490
2026-07-18T00:27:27.517Z,usb,1,848316260,37772,9669632,256,6000,33.490
2026-07-18T00:27:27.559Z,usb,1,848316260,37773,9669888,256,6000,33.490
2026-07-18T00:27:27.603Z,usb,1,848316260,37774,9670144,256,6000,33.490
2026-07-18T00:27:27.644Z,usb,1,848316260,37775,9670400,256,6000,33.490
2026-07-18T00:27:27.687Z,usb,1,848316260,37776,9670656,256,6000,33.490
2026-07-18T00:27:27.729Z,usb,1,848316260,37777,9670912,256,6000,33.490
2026-07-18T00:27:27.772Z,usb,1,848316260,37778,9671168,256,6000,33.490
2026-07-18T00:27:27.815Z,usb,1,848316260,37779,9671424,256,6000,33.490
2026-07-18T00:27:27.858Z,usb,1,848316260,37780,9671680,256,6000,33.490
2026-07-18T00:27:27.900Z,usb,1,848316260,37781,9671936,256,6000,33.490
2026-07-18T00:27:27.943Z,usb,1,848316260,37782,9672192,256,6000,33.490
2026-07-18T00:27:27.985Z,usb,1,848316260,37783,9672448,256,6000,33.490
2026-07-18T00:27:28.028Z,usb,1,848316260,37784,9672704,256,6000,33.490
2026-07-18T00:27:28.070Z,usb,1,848316260,37785,9672960,256,6000,33.490
2026-07-18T00:27:28.113Z,usb,1,848316260,37786,9673216,256,6000,33.490
2026-07-18T00:27:28.155Z,usb,1,848316260,37787,9673472,256,6000,33.490
2026-07-18T00:27:28.198Z,usb,1,848316260,37788,9673728,256,6000,33.490
2026-07-18T00:27:28.240Z,usb,1,848316260,37789,9673984,256,6000,33.490
2026-07-18T00:27:28.283Z,usb,1,848316260,37790,9674240,256,6000,33.490
2026-07-18T00:27:28.325Z,usb,1,848316260,37791,9674496,256,6000,33.490
2026-07-18T00:27:28.368Z,usb,1,848316260,37792,9674752,256,6000,33.490
2026-07-18T00:27:28.410Z,usb,1,848316260,37793,9675008,256,6000,33.490
2026-07-18T00:27:28.453Z,usb,1,848316260,37794,9675264,256,6000,33.490
2026-07-18T00:27:28.495Z,usb,1,848316260,37795,9675520,256,6000,33.490
2026-07-18T00:27:28.538Z,usb,1,848316260,37796,9675776,256,6000,33.490
2026-07-18T00:27:28.580Z,usb,1,848316260,37797,9676032,256,6000,33.490
2026-07-18T00:27:28.623Z,usb,1,848316260,37798,9676288,256,6000,33.490
2026-07-18T00:27:28.665Z,usb,1,848316260,37799,9676544,256,6000,33.490
2026-07-18T00:27:28.707Z,usb,1,848316260,37800,9676800,256,6000,33.490
2026-07-18T00:27:28.750Z,usb,1,848316260,37801,9677056,256,6000,33.490
2026-07-18T00:27:28.793Z,usb,1,848316260,37802,9677312,256,6000,33.490
2026-07-18T00:27:28.836Z,usb,1,848316260,37803,9677568,256,6000,33.500
2026-07-18T00:27:28.878Z,usb,1,848316260,37804,9677824,256,6000,33.500
2026-07-18T00:27:28.921Z,usb,1,848316260,37805,9678080,256,6000,33.500
2026-07-18T00:27:28.963Z,usb,1,848316260,37806,9678336,256,6000,33.500
2026-07-18T00:27:29.006Z,usb,1,848316260,37807,9678592,256,6000,33.500
2026-07-18T00:27:29.048Z,usb,1,848316260,37808,9678848,256,6000,33.500
2026-07-18T00:27:29.091Z,usb,1,848316260,37809,9679104,256,6000,33.500
2026-07-18T00:27:29.133Z,usb,1,848316260,37810,9679360,256,6000,33.500
2026-07-18T00:27:29.176Z,usb,1,848316260,37811,9679616,256,6000,33.500
2026-07-18T00:27:29.218Z,usb,1,848316260,37812,9679872,256,6000,33.500
2026-07-18T00:27:29.261Z,usb,1,848316260,37813,9680128,256,6000,33.500
2026-07-18T00:27:29.303Z,usb,1,848316260,37814,9680384,256,6000,33.500
2026-07-18T00:27:29.346Z,usb,1,848316260,37815,9680640,256,6000,33.500
2026-07-18T00:27:29.388Z,usb,1,848316260,37816,9680896,256,6000,33.500
2026-07-18T00:27:29.431Z,usb,1,848316260,37817,9681152,256,6000,33.500
2026-07-18T00:27:29.473Z,usb,1,848316260,37818,9681408,256,6000,33.500
2026-07-18T00:27:29.516Z,usb,1,848316260,37819,9681664,256,6000,33.500
2026-07-18T00:27:29.558Z,usb,1,848316260,37820,9681920,256,6000,33.500
2026-07-18T00:27:29.601Z,usb,1,848316260,37821,9682176,256,6000,33.500
2026-07-18T00:27:29.643Z,usb,1,848316260,37822,9682432,256,6000,33.500
2026-07-18T00:27:29.686Z,usb,1,848316260,37823,9682688,256,6000,33.500
2026-07-18T00:27:29.728Z,usb,1,848316260,37824,9682944,256,6000,33.500
2026-07-18T00:27:29.771Z,usb,1,848316260,37825,9683200,256,6000,33.500
2026-07-18T00:27:29.813Z,usb,1,848316260,37826,9683456,256,6000,33.500
2026-07-18T00:27:29.856Z,usb,1,848316260,37827,9683712,256,6000,33.500
2026-07-18T00:27:29.899Z,usb,1,848316260,37828,9683968,256,6000,33.500
2026-07-18T00:27:29.941Z,usb,1,848316260,37829,9684224,256,6000,33.500
2026-07-18T00:27:29.984Z,usb,1,848316260,37830,9684480,256,6000,33.500
2026-07-18T00:27:30.027Z,usb,1,848316260,37831,9684736,256,6000,33.500
2026-07-18T00:27:30.069Z,usb,1,848316260,37832,9684992,256,6000,33.500
2026-07-18T00:27:30.112Z,usb,1,848316260,37833,9685248,256,6000,33.500
2026-07-18T00:27:30.154Z,usb,1,848316260,37834,9685504,256,6000,33.500
2026-07-18T00:27:30.197Z,usb,1,848316260,37835,9685760,256,6000,33.500
2026-07-18T00:27:30.239Z,usb,1,848316260,37836,9686016,256,6000,33.500
2026-07-18T00:27:30.282Z,usb,1,848316260,37837,9686272,256,6000,33.500
2026-07-18T00:27:30.324Z,usb,1,848316260,37838,9686528,256,6000,33.500
2026-07-18T00:27:30.367Z,usb,1,848316260,37839,9686784,256,6000,33.500
2026-07-18T00:27:30.409Z,usb,1,848316260,37840,9687040,256,6000,33.500
2026-07-18T00:27:30.452Z,usb,1,848316260,37841,9687296,256,6000,33.500
2026-07-18T00:27:30.494Z,usb,1,848316260,37842,9687552,256,6000,33.500
2026-07-18T00:27:30.537Z,usb,1,848316260,37843,9687808,256,6000,33.500
2026-07-18T00:27:30.579Z,usb,1,848316260,37844,9688064,256,6000,33.500
2026-07-18T00:27:30.622Z,usb,1,848316260,37845,9688320,256,6000,33.500
2026-07-18T00:27:30.664Z,usb,1,848316260,37846,9688576,256,6000,33.500
2026-07-18T00:27:30.707Z,usb,1,848316260,37847,9688832,256,6000,33.500
2026-07-18T00:27:30.749Z,usb,1,848316260,37848,9689088,256,6000,33.500
2026-07-18T00:27:30.792Z,usb,1,848316260,37849,9689344,256,6000,33.500
2026-07-18T00:27:30.834Z,usb,1,848316260,37850,9689600,256,6000,33.500
2026-07-18T00:27:30.877Z,usb,1,848316260,37851,9689856,256,6000,33.490
2026-07-18T00:27:30.920Z,usb,1,848316260,37852,9690112,256,6000,33.490
2026-07-18T00:27:30.962Z,usb,1,848316260,37853,9690368,256,6000,33.490
2026-07-18T00:27:31.005Z,usb,1,848316260,37854,9690624,256,6000,33.490
2026-07-18T00:27:31.047Z,usb,1,848316260,37855,9690880,256,6000,33.490
2026-07-18T00:27:31.090Z,usb,1,848316260,37856,9691136,256,6000,33.490
2026-07-18T00:27:31.132Z,usb,1,848316260,37857,9691392,256,6000,33.490
2026-07-18T00:27:31.175Z,usb,1,848316260,37858,9691648,256,6000,33.490
2026-07-18T00:27:31.218Z,usb,1,848316260,37859,9691904,256,6000,33.490
2026-07-18T00:27:31.260Z,usb,1,848316260,37860,9692160,256,6000,33.490
2026-07-18T00:27:31.302Z,usb,1,848316260,37861,9692416,256,6000,33.490
2026-07-18T00:27:31.345Z,usb,1,848316260,37862,9692672,256,6000,33.490
2026-07-18T00:27:31.387Z,usb,1,848316260,37863,9692928,256,6000,33.490
2026-07-18T00:27:31.430Z,usb,1,848316260,37864,9693184,256,6000,33.490
2026-07-18T00:27:31.472Z,usb,1,848316260,37865,9693440,256,6000,33.490
2026-07-18T00:27:31.515Z,usb,1,848316260,37866,9693696,256,6000,33.490
2026-07-18T00:27:31.557Z,usb,1,848316260,37867,9693952,256,6000,33.490
2026-07-18T00:27:31.600Z,usb,1,848316260,37868,9694208,256,6000,33.490
2026-07-18T00:27:31.642Z,usb,1,848316260,37869,9694464,256,6000,33.490
2026-07-18T00:27:31.685Z,usb,1,848316260,37870,9694720,256,6000,33.490
2026-07-18T00:27:31.727Z,usb,1,848316260,37871,9694976,256,6000,33.490
2026-07-18T00:27:31.770Z,usb,1,848316260,37872,9695232,256,6000,33.490
2026-07-18T00:27:31.812Z,usb,1,848316260,37873,9695488,256,6000,33.490
2026-07-18T00:27:31.855Z,usb,1,848316260,37874,9695744,256,6000,33.490
2026-07-18T00:27:31.898Z,usb,1,848316260,37875,9696000,256,6000,33.500
2026-07-18T00:27:31.941Z,usb,1,848316260,37876,9696256,256,6000,33.500
2026-07-18T00:27:31.983Z,usb,1,848316260,37877,9696512,256,6000,33.500
2026-07-18T00:27:32.026Z,usb,1,848316260,37878,9696768,256,6000,33.500
2026-07-18T00:27:32.068Z,usb,1,848316260,37879,9697024,256,6000,33.500
2026-07-18T00:27:32.110Z,usb,1,848316260,37880,9697280,256,6000,33.500
2026-07-18T00:27:32.153Z,usb,1,848316260,37881,9697536,256,6000,33.500
2026-07-18T00:27:32.197Z,usb,1,848316260,37882,9697792,256,6000,33.500
2026-07-18T00:27:32.238Z,usb,1,848316260,37883,9698048,256,6000,33.500
2026-07-18T00:27:32.281Z,usb,1,848316260,37884,9698304,256,6000,33.500
2026-07-18T00:27:32.323Z,usb,1,848316260,37885,9698560,256,6000,33.500
2026-07-18T00:27:32.366Z,usb,1,848316260,37886,9698816,256,6000,33.500
2026-07-18T00:27:32.408Z,usb,1,848316260,37887,9699072,256,6000,33.500
2026-07-18T00:27:32.451Z,usb,1,848316260,37888,9699328,256,6000,33.500
2026-07-18T00:27:32.493Z,usb,1,848316260,37889,9699584,256,6000,33.500
2026-07-18T00:27:32.536Z,usb,1,848316260,37890,9699840,256,6000,33.500
2026-07-18T00:27:32.578Z,usb,1,848316260,37891,9700096,256,6000,33.500
2026-07-18T00:27:32.621Z,usb,1,848316260,37892,9700352,256,6000,33.500
2026-07-18T00:27:32.663Z,usb,1,848316260,37893,9700608,256,6000,33.500
2026-07-18T00:27:32.706Z,usb,1,848316260,37894,9700864,256,6000,33.500
2026-07-18T00:27:32.748Z,usb,1,848316260,37895,9701120,256,6000,33.500
2026-07-18T00:27:32.791Z,usb,1,848316260,37896,9701376,256,6000,33.500
2026-07-18T00:27:32.833Z,usb,1,848316260,37897,9701632,256,6000,33.500
2026-07-18T00:27:32.876Z,usb,1,848316260,37898,9701888,256,6000,33.500
2026-07-18T00:27:32.919Z,usb,1,848316260,37899,9702144,256,6000,33.490
2026-07-18T00:27:32.961Z,usb,1,848316260,37900,9702400,256,6000,33.490
2026-07-18T00:27:33.004Z,usb,1,848316260,37901,9702656,256,6000,33.490
2026-07-18T00:27:33.046Z,usb,1,848316260,37902,9702912,256,6000,33.490
2026-07-18T00:27:33.089Z,usb,1,848316260,37903,9703168,256,6000,33.490
2026-07-18T00:27:33.131Z,usb,1,848316260,37904,9703424,256,6000,33.490
2026-07-18T00:27:33.174Z,usb,1,848316260,37905,9703680,256,6000,33.490
2026-07-18T00:27:33.216Z,usb,1,848316260,37906,9703936,256,6000,33.490
2026-07-18T00:27:33.259Z,usb,1,848316260,37907,9704192,256,6000,33.490
2026-07-18T00:27:33.301Z,usb,1,848316260,37908,9704448,256,6000,33.490
2026-07-18T00:27:33.344Z,usb,1,848316260,37909,9704704,256,6000,33.490
2026-07-18T00:27:33.386Z,usb,1,848316260,37910,9704960,256,6000,33.490
2026-07-18T00:27:33.429Z,usb,1,848316260,37911,9705216,256,6000,33.490
2026-07-18T00:27:33.471Z,usb,1,848316260,37912,9705472,256,6000,33.490
2026-07-18T00:27:33.514Z,usb,1,848316260,37913,9705728,256,6000,33.490
2026-07-18T00:27:33.556Z,usb,1,848316260,37914,9705984,256,6000,33.490
2026-07-18T00:27:33.599Z,usb,1,848316260,37915,9706240,256,6000,33.490
2026-07-18T00:27:33.641Z,usb,1,848316260,37916,9706496,256,6000,33.490
2026-07-18T00:27:33.684Z,usb,1,848316260,37917,9706752,256,6000,33.490
2026-07-18T00:27:33.726Z,usb,1,848316260,37918,9707008,256,6000,33.490
2026-07-18T00:27:33.769Z,usb,1,848316260,37919,9707264,256,6000,33.490
2026-07-18T00:27:33.811Z,usb,1,848316260,37920,9707520,256,6000,33.490
2026-07-18T00:27:33.854Z,usb,1,848316260,37921,9707776,256,6000,33.490
2026-07-18T00:27:33.896Z,usb,1,848316260,37922,9708032,256,6000,33.490
2026-07-18T00:27:33.940Z,usb,1,848316260,37923,9708288,256,6000,33.490
2026-07-18T00:27:33.982Z,usb,1,848316260,37924,9708544,256,6000,33.490
2026-07-18T00:27:34.025Z,usb,1,848316260,37925,9708800,256,6000,33.490
2026-07-18T00:27:34.067Z,usb,1,848316260,37926,9709056,256,6000,33.490
2026-07-18T00:27:34.110Z,usb,1,848316260,37927,9709312,256,6000,33.490
2026-07-18T00:27:34.152Z,usb,1,848316260,37928,9709568,256,6000,33.490
2026-07-18T00:27:34.195Z,usb,1,848316260,37929,9709824,256,6000,33.490
2026-07-18T00:27:34.237Z,usb,1,848316260,37930,9710080,256,6000,33.490
2026-07-18T00:27:34.280Z,usb,1,848316260,37931,9710336,256,6000,33.490
2026-07-18T00:27:34.322Z,usb,1,848316260,37932,9710592,256,6000,33.490
2026-07-18T00:27:34.364Z,usb,1,848316260,37933,9710848,256,6000,33.490
2026-07-18T00:27:34.407Z,usb,1,848316260,37934,9711104,256,6000,33.490
2026-07-18T00:27:34.450Z,usb,1,848316260,37935,9711360,256,6000,33.490
2026-07-18T00:27:34.492Z,usb,1,848316260,37936,9711616,256,6000,33.490
2026-07-18T00:27:34.535Z,usb,1,848316260,37937,9711872,256,6000,33.490
2026-07-18T00:27:34.577Z,usb,1,848316260,37938,9712128,256,6000,33.490
2026-07-18T00:27:34.620Z,usb,1,848316260,37939,9712384,256,6000,33.490
2026-07-18T00:27:34.662Z,usb,1,848316260,37940,9712640,256,6000,33.490
2026-07-18T00:27:34.705Z,usb,1,848316260,37941,9712896,256,6000,33.490
2026-07-18T00:27:34.747Z,usb,1,848316260,37942,9713152,256,6000,33.490
2026-07-18T00:27:34.790Z,usb,1,848316260,37943,9713408,256,6000,33.490
2026-07-18T00:27:34.832Z,usb,1,848316260,37944,9713664,256,6000,33.490
2026-07-18T00:27:34.875Z,usb,1,848316260,37945,9713920,256,6000,33.490
2026-07-18T00:27:34.917Z,usb,1,848316260,37946,9714176,256,6000,33.490
2026-07-18T00:27:34.960Z,usb,1,848316260,37947,9714432,256,6000,33.490
2026-07-18T00:27:35.003Z,usb,1,848316260,37948,9714688,256,6000,33.490
2026-07-18T00:27:35.045Z,usb,1,848316260,37949,9714944,256,6000,33.490
2026-07-18T00:27:35.088Z,usb,1,848316260,37950,9715200,256,6000,33.490
2026-07-18T00:27:35.130Z,usb,1,848316260,37951,9715456,256,6000,33.490
2026-07-18T00:27:35.173Z,usb,1,848316260,37952,9715712,256,6000,33.490
2026-07-18T00:27:35.215Z,usb,1,848316260,37953,9715968,256,6000,33.490
2026-07-18T00:27:35.258Z,usb,1,848316260,37954,9716224,256,6000,33.490
2026-07-18T00:27:35.300Z,usb,1,848316260,37955,9716480,256,6000,33.490
2026-07-18T00:27:35.343Z,usb,1,848316260,37956,9716736,256,6000,33.490
2026-07-18T00:27:35.385Z,usb,1,848316260,37957,9716992,256,6000,33.490
2026-07-18T00:27:35.428Z,usb,1,848316260,37958,9717248,256,6000,33.490
2026-07-18T00:27:35.470Z,usb,1,848316260,37959,9717504,256,6000,33.490
2026-07-18T00:27:35.513Z,usb,1,848316260,37960,9717760,256,6000,33.490
2026-07-18T00:27:35.555Z,usb,1,848316260,37961,9718016,256,6000,33.490
2026-07-18T00:27:35.598Z,usb,1,848316260,37962,9718272,256,6000,33.490
2026-07-18T00:27:35.640Z,usb,1,848316260,37963,9718528,256,6000,33.490
2026-07-18T00:27:35.683Z,usb,1,848316260,37964,9718784,256,6000,33.490
2026-07-18T00:27:35.725Z,usb,1,848316260,37965,9719040,256,6000,33.490
2026-07-18T00:27:35.768Z,usb,1,848316260,37966,9719296,256,6000,33.490
2026-07-18T00:27:35.810Z,usb,1,848316260,37967,9719552,256,6000,33.490
2026-07-18T00:27:35.853Z,usb,1,848316260,37968,9719808,256,6000,33.490
2026-07-18T00:27:35.895Z,usb,1,848316260,37969,9720064,256,6000,33.490
2026-07-18T00:27:35.938Z,usb,1,848316260,37970,9720320,256,6000,33.490
2026-07-18T00:27:35.981Z,usb,1,848316260,37971,9720576,256,6000,33.490
2026-07-18T00:27:36.024Z,usb,1,848316260,37972,9720832,256,6000,33.490
2026-07-18T00:27:36.066Z,usb,1,848316260,37973,9721088,256,6000,33.490
2026-07-18T00:27:36.109Z,usb,1,848316260,37974,9721344,256,6000,33.490
2026-07-18T00:27:36.151Z,usb,1,848316260,37975,9721600,256,6000,33.490
2026-07-18T00:27:36.194Z,usb,1,848316260,37976,9721856,256,6000,33.490
2026-07-18T00:27:36.236Z,usb,1,848316260,37977,9722112,256,6000,33.490
2026-07-18T00:27:36.279Z,usb,1,848316260,37978,9722368,256,6000,33.490
2026-07-18T00:27:36.321Z,usb,1,848316260,37979,9722624,256,6000,33.490
2026-07-18T00:27:36.364Z,usb,1,848316260,37980,9722880,256,6000,33.490
2026-07-18T00:27:36.406Z,usb,1,848316260,37981,9723136,256,6000,33.490
2026-07-18T00:27:36.449Z,usb,1,848316260,37982,9723392,256,6000,33.490
2026-07-18T00:27:36.491Z,usb,1,848316260,37983,9723648,256,6000,33.490
2026-07-18T00:27:36.534Z,usb,1,848316260,37984,9723904,256,6000,33.490
2026-07-18T00:27:36.576Z,usb,1,848316260,37985,9724160,256,6000,33.490
2026-07-18T00:27:36.619Z,usb,1,848316260,37986,9724416,256,6000,33.490
2026-07-18T00:27:36.661Z,usb,1,848316260,37987,9724672,256,6000,33.490
2026-07-18T00:27:36.704Z,usb,1,848316260,37988,9724928,256,6000,33.490
2026-07-18T00:27:36.746Z,usb,1,848316260,37989,9725184,256,6000,33.490
2026-07-18T00:27:36.788Z,usb,1,848316260,37990,9725440,256,6000,33.490
2026-07-18T00:27:36.831Z,usb,1,848316260,37991,9725696,256,6000,33.490
2026-07-18T00:27:36.873Z,usb,1,848316260,37992,9725952,256,6000,33.490
2026-07-18T00:27:36.916Z,usb,1,848316260,37993,9726208,256,6000,33.490
2026-07-18T00:27:36.958Z,usb,1,848316260,37994,9726464,256,6000,33.490
2026-07-18T00:27:37.002Z,usb,1,848316260,37995,9726720,256,6000,33.490
2026-07-18T00:27:37.044Z,usb,1,848316260,37996,9726976,256,6000,33.490
2026-07-18T00:27:37.087Z,usb,1,848316260,37997,9727232,256,6000,33.490
2026-07-18T00:27:37.129Z,usb,1,848316260,37998,9727488,256,6000,33.490
2026-07-18T00:27:37.172Z,usb,1,848316260,37999,9727744,256,6000,33.490
2026-07-18T00:27:37.214Z,usb,1,848316260,38000,9728000,256,6000,33.490
2026-07-18T00:27:37.257Z,usb,1,848316260,38001,9728256,256,6000,33.490
2026-07-18T00:27:37.299Z,usb,1,848316260,38002,9728512,256,6000,33.490
2026-07-18T00:27:37.342Z,usb,1,848316260,38003,9728768,256,6000,33.490
2026-07-18T00:27:37.384Z,usb,1,848316260,38004,9729024,256,6000,33.490
2026-07-18T00:27:37.427Z,usb,1,848316260,38005,9729280,256,6000,33.490
2026-07-18T00:27:37.469Z,usb,1,848316260,38006,9729536,256,6000,33.490
2026-07-18T00:27:37.512Z,usb,1,848316260,38007,9729792,256,6000,33.490
2026-07-18T00:27:37.554Z,usb,1,848316260,38008,9730048,256,6000,33.490
2026-07-18T00:27:37.597Z,usb,1,848316260,38009,9730304,256,6000,33.490
2026-07-18T00:27:37.639Z,usb,1,848316260,38010,9730560,256,6000,33.490
2026-07-18T00:27:37.682Z,usb,1,848316260,38011,9730816,256,6000,33.490
2026-07-18T00:27:37.724Z,usb,1,848316260,38012,9731072,256,6000,33.490
2026-07-18T00:27:37.767Z,usb,1,848316260,38013,9731328,256,6000,33.490
2026-07-18T00:27:37.809Z,usb,1,848316260,38014,9731584,256,6000,33.490
2026-07-18T00:27:37.852Z,usb,1,848316260,38015,9731840,256,6000,33.490
2026-07-18T00:27:37.894Z,usb,1,848316260,38016,9732096,256,6000,33.490
2026-07-18T00:27:37.937Z,usb,1,848316260,38017,9732352,256,6000,33.490
2026-07-18T00:27:37.979Z,usb,1,848316260,38018,9732608,256,6000,33.490
2026-07-18T00:27:38.022Z,usb,1,848316260,38019,9732864,256,6000,33.490
2026-07-18T00:27:38.065Z,usb,1,848316260,38020,9733120,256,6000,33.490
2026-07-18T00:27:38.107Z,usb,1,848316260,38021,9733376,256,6000,33.490
2026-07-18T00:27:38.150Z,usb,1,848316260,38022,9733632,256,6000,33.490
2026-07-18T00:27:38.193Z,usb,1,848316260,38023,9733888,256,6000,33.490
2026-07-18T00:27:38.235Z,usb,1,848316260,38024,9734144,256,6000,33.490
2026-07-18T00:27:38.277Z,usb,1,848316260,38025,9734400,256,6000,33.490
2026-07-18T00:27:38.320Z,usb,1,848316260,38026,9734656,256,6000,33.490
2026-07-18T00:27:38.362Z,usb,1,848316260,38027,9734912,256,6000,33.490
2026-07-18T00:27:38.405Z,usb,1,848316260,38028,9735168,256,6000,33.490
2026-07-18T00:27:38.447Z,usb,1,848316260,38029,9735424,256,6000,33.490
2026-07-18T00:27:38.490Z,usb,1,848316260,38030,9735680,256,6000,33.490
2026-07-18T00:27:38.533Z,usb,1,848316260,38031,9735936,256,6000,33.490
2026-07-18T00:27:38.575Z,usb,1,848316260,38032,9736192,256,6000,33.490
2026-07-18T00:27:38.618Z,usb,1,848316260,38033,9736448,256,6000,33.490
2026-07-18T00:27:38.660Z,usb,1,848316260,38034,9736704,256,6000,33.490
2026-07-18T00:27:38.702Z,usb,1,848316260,38035,9736960,256,6000,33.490
2026-07-18T00:27:38.745Z,usb,1,848316260,38036,9737216,256,6000,33.490
2026-07-18T00:27:38.788Z,usb,1,848316260,38037,9737472,256,6000,33.490
2026-07-18T00:27:38.830Z,usb,1,848316260,38038,9737728,256,6000,33.490
2026-07-18T00:27:38.873Z,usb,1,848316260,38039,9737984,256,6000,33.490
2026-07-18T00:27:38.915Z,usb,1,848316260,38040,9738240,256,6000,33.490
2026-07-18T00:27:38.958Z,usb,1,848316260,38041,9738496,256,6000,33.490
2026-07-18T00:27:39.000Z,usb,1,848316260,38042,9738752,256,6000,33.490
2026-07-18T00:27:39.043Z,usb,1,848316260,38043,9739008,256,6000,33.490
2026-07-18T00:27:39.086Z,usb,1,848316260,38044,9739264,256,6000,33.490
2026-07-18T00:27:39.128Z,usb,1,848316260,38045,9739520,256,6000,33.490
2026-07-18T00:27:39.171Z,usb,1,848316260,38046,9739776,256,6000,33.490
2026-07-18T00:27:39.213Z,usb,1,848316260,38047,9740032,256,6000,33.490
2026-07-18T00:27:39.256Z,usb,1,848316260,38048,9740288,256,6000,33.490
2026-07-18T00:27:39.298Z,usb,1,848316260,38049,9740544,256,6000,33.490
2026-07-18T00:27:39.341Z,usb,1,848316260,38050,9740800,256,6000,33.490
2026-07-18T00:27:39.383Z,usb,1,848316260,38051,9741056,256,6000,33.490
2026-07-18T00:27:39.426Z,usb,1,848316260,38052,9741312,256,6000,33.490
2026-07-18T00:27:39.468Z,usb,1,848316260,38053,9741568,256,6000,33.490
2026-07-18T00:27:39.511Z,usb,1,848316260,38054,9741824,256,6000,33.490
2026-07-18T00:27:39.553Z,usb,1,848316260,38055,9742080,256,6000,33.490
2026-07-18T00:27:39.596Z,usb,1,848316260,38056,9742336,256,6000,33.490
2026-07-18T00:27:39.638Z,usb,1,848316260,38057,9742592,256,6000,33.490
2026-07-18T00:27:39.681Z,usb,1,848316260,38058,9742848,256,6000,33.490
2026-07-18T00:27:39.724Z,usb,1,848316260,38059,9743104,256,6000,33.490
2026-07-18T00:27:39.766Z,usb,1,848316260,38060,9743360,256,6000,33.490
2026-07-18T00:27:39.808Z,usb,1,848316260,38061,9743616,256,6000,33.490
2026-07-18T00:27:39.851Z,usb,1,848316260,38062,9743872,256,6000,33.490
2026-07-18T00:27:39.893Z,usb,1,848316260,38063,9744128,256,6000,33.490
2026-07-18T00:27:39.936Z,usb,1,848316260,38064,9744384,256,6000,33.490
2026-07-18T00:27:39.978Z,usb,1,848316260,38065,9744640,256,6000,33.490
2026-07-18T00:27:40.021Z,usb,1,848316260,38066,9744896,256,6000,33.490
2026-07-18T00:27:40.064Z,usb,1,848316260,38067,9745152,256,6000,33.500
2026-07-18T00:27:40.106Z,usb,1,848316260,38068,9745408,256,6000,33.500
2026-07-18T00:27:40.149Z,usb,1,848316260,38069,9745664,256,6000,33.500
2026-07-18T00:27:40.191Z,usb,1,848316260,38070,9745920,256,6000,33.500
2026-07-18T00:27:40.234Z,usb,1,848316260,38071,9746176,256,6000,33.500
2026-07-18T00:27:40.277Z,usb,1,848316260,38072,9746432,256,6000,33.500
2026-07-18T00:27:40.319Z,usb,1,848316260,38073,9746688,256,6000,33.500
2026-07-18T00:27:40.362Z,usb,1,848316260,38074,9746944,256,6000,33.500
2026-07-18T00:27:40.404Z,usb,1,848316260,38075,9747200,256,6000,33.500
2026-07-18T00:27:40.446Z,usb,1,848316260,38076,9747456,256,6000,33.500
2026-07-18T00:27:40.489Z,usb,1,848316260,38077,9747712,256,6000,33.500
2026-07-18T00:27:40.531Z,usb,1,848316260,38078,9747968,256,6000,33.500
2026-07-18T00:27:40.574Z,usb,1,848316260,38079,9748224,256,6000,33.500
2026-07-18T00:27:40.617Z,usb,1,848316260,38080,9748480,256,6000,33.500
2026-07-18T00:27:40.659Z,usb,1,848316260,38081,9748736,256,6000,33.500
2026-07-18T00:27:40.702Z,usb,1,848316260,38082,9748992,256,6000,33.500
2026-07-18T00:27:40.744Z,usb,1,848316260,38083,9749248,256,6000,33.500
2026-07-18T00:27:40.787Z,usb,1,848316260,38084,9749504,256,6000,33.500
2026-07-18T00:27:40.829Z,usb,1,848316260,38085,9749760,256,6000,33.500
2026-07-18T00:27:40.872Z,usb,1,848316260,38086,9750016,256,6000,33.500
2026-07-18T00:27:40.914Z,usb,1,848316260,38087,9750272,256,6000,33.500
2026-07-18T00:27:40.956Z,usb,1,848316260,38088,9750528,256,6000,33.500
2026-07-18T00:27:40.999Z,usb,1,848316260,38089,9750784,256,6000,33.500
2026-07-18T00:27:41.042Z,usb,1,848316260,38090,9751040,256,6000,33.500
2026-07-18T00:27:41.085Z,usb,1,848316260,38091,9751296,256,6000,33.500
2026-07-18T00:27:41.127Z,usb,1,848316260,38092,9751552,256,6000,33.500
2026-07-18T00:27:41.170Z,usb,1,848316260,38093,9751808,256,6000,33.500
2026-07-18T00:27:41.212Z,usb,1,848316260,38094,9752064,256,6000,33.500
2026-07-18T00:27:41.255Z,usb,1,848316260,38095,9752320,256,6000,33.500
2026-07-18T00:27:41.297Z,usb,1,848316260,38096,9752576,256,6000,33.500
2026-07-18T00:27:41.340Z,usb,1,848316260,38097,9752832,256,6000,33.500
2026-07-18T00:27:41.382Z,usb,1,848316260,38098,9753088,256,6000,33.500
2026-07-18T00:27:41.425Z,usb,1,848316260,38099,9753344,256,6000,33.500
2026-07-18T00:27:41.467Z,usb,1,848316260,38100,9753600,256,6000,33.500
2026-07-18T00:27:41.510Z,usb,1,848316260,38101,9753856,256,6000,33.500
2026-07-18T00:27:41.552Z,usb,1,848316260,38102,9754112,256,6000,33.500
2026-07-18T00:27:41.595Z,usb,1,848316260,38103,9754368,256,6000,33.500
2026-07-18T00:27:41.637Z,usb,1,848316260,38104,9754624,256,6000,33.500
2026-07-18T00:27:41.680Z,usb,1,848316260,38105,9754880,256,6000,33.500
2026-07-18T00:27:41.722Z,usb,1,848316260,38106,9755136,256,6000,33.500
2026-07-18T00:27:41.765Z,usb,1,848316260,38107,9755392,256,6000,33.500
2026-07-18T00:27:41.807Z,usb,1,848316260,38108,9755648,256,6000,33.500
2026-07-18T00:27:41.850Z,usb,1,848316260,38109,9755904,256,6000,33.500
2026-07-18T00:27:41.892Z,usb,1,848316260,38110,9756160,256,6000,33.500
2026-07-18T00:27:41.935Z,usb,1,848316260,38111,9756416,256,6000,33.500
2026-07-18T00:27:41.977Z,usb,1,848316260,38112,9756672,256,6000,33.500
2026-07-18T00:27:42.020Z,usb,1,848316260,38113,9756928,256,6000,33.500
2026-07-18T00:27:42.062Z,usb,1,848316260,38114,9757184,256,6000,33.500
2026-07-18T00:27:42.105Z,usb,1,848316260,38115,9757440,256,6000,33.490
2026-07-18T00:27:42.148Z,usb,1,848316260,38116,9757696,256,6000,33.490
2026-07-18T00:27:42.191Z,usb,1,848316260,38117,9757952,256,6000,33.490
2026-07-18T00:27:42.233Z,usb,1,848316260,38118,9758208,256,6000,33.490
2026-07-18T00:27:42.276Z,usb,1,848316260,38119,9758464,256,6000,33.490
2026-07-18T00:27:42.318Z,usb,1,848316260,38120,9758720,256,6000,33.490
2026-07-18T00:27:42.360Z,usb,1,848316260,38121,9758976,256,6000,33.490
2026-07-18T00:27:42.403Z,usb,1,848316260,38122,9759232,256,6000,33.490
2026-07-18T00:27:42.445Z,usb,1,848316260,38123,9759488,256,6000,33.490
2026-07-18T00:27:42.488Z,usb,1,848316260,38124,9759744,256,6000,33.490
2026-07-18T00:27:42.531Z,usb,1,848316260,38125,9760000,256,6000,33.490
2026-07-18T00:27:42.573Z,usb,1,848316260,38126,9760256,256,6000,33.490
2026-07-18T00:27:42.616Z,usb,1,848316260,38127,9760512,256,6000,33.490
2026-07-18T00:27:42.658Z,usb,1,848316260,38128,9760768,256,6000,33.490
2026-07-18T00:27:42.701Z,usb,1,848316260,38129,9761024,256,6000,33.490
2026-07-18T00:27:42.743Z,usb,1,848316260,38130,9761280,256,6000,33.490
2026-07-18T00:27:42.786Z,usb,1,848316260,38131,9761536,256,6000,33.490
2026-07-18T00:27:42.828Z,usb,1,848316260,38132,9761792,256,6000,33.490
2026-07-18T00:27:42.871Z,usb,1,848316260,38133,9762048,256,6000,33.490
2026-07-18T00:27:42.913Z,usb,1,848316260,38134,9762304,256,6000,33.490
2026-07-18T00:27:42.956Z,usb,1,848316260,38135,9762560,256,6000,33.490
2026-07-18T00:27:42.998Z,usb,1,848316260,38136,9762816,256,6000,33.490
2026-07-18T00:27:43.041Z,usb,1,848316260,38137,9763072,256,6000,33.490
2026-07-18T00:27:43.083Z,usb,1,848316260,38138,9763328,256,6000,33.490
2026-07-18T00:27:43.126Z,usb,1,848316260,38139,9763584,256,6000,33.490
2026-07-18T00:27:43.169Z,usb,1,848316260,38140,9763840,256,6000,33.490
2026-07-18T00:27:43.211Z,usb,1,848316260,38141,9764096,256,6000,33.490
2026-07-18T00:27:43.254Z,usb,1,848316260,38142,9764352,256,6000,33.490
2026-07-18T00:27:43.296Z,usb,1,848316260,38143,9764608,256,6000,33.490
2026-07-18T00:27:43.339Z,usb,1,848316260,38144,9764864,256,6000,33.490
2026-07-18T00:27:43.381Z,usb,1,848316260,38145,9765120,256,6000,33.490
2026-07-18T00:27:43.424Z,usb,1,848316260,38146,9765376,256,6000,33.490
2026-07-18T00:27:43.466Z,usb,1,848316260,38147,9765632,256,6000,33.490
2026-07-18T00:27:43.509Z,usb,1,848316260,38148,9765888,256,6000,33.490
2026-07-18T00:27:43.551Z,usb,1,848316260,38149,9766144,256,6000,33.490
2026-07-18T00:27:43.594Z,usb,1,848316260,38150,9766400,256,6000,33.490
2026-07-18T00:27:43.636Z,usb,1,848316260,38151,9766656,256,6000,33.490
2026-07-18T00:27:43.679Z,usb,1,848316260,38152,9766912,256,6000,33.490
2026-07-18T00:27:43.721Z,usb,1,848316260,38153,9767168,256,6000,33.490
2026-07-18T00:27:43.764Z,usb,1,848316260,38154,9767424,256,6000,33.490
2026-07-18T00:27:43.806Z,usb,1,848316260,38155,9767680,256,6000,33.490
2026-07-18T00:27:43.849Z,usb,1,848316260,38156,9767936,256,6000,33.490
2026-07-18T00:27:43.891Z,usb,1,848316260,38157,9768192,256,6000,33.490
2026-07-18T00:27:43.934Z,usb,1,848316260,38158,9768448,256,6000,33.490
2026-07-18T00:27:43.976Z,usb,1,848316260,38159,9768704,256,6000,33.490
2026-07-18T00:27:44.019Z,usb,1,848316260,38160,9768960,256,6000,33.490
2026-07-18T00:27:44.061Z,usb,1,848316260,38161,9769216,256,6000,33.490
2026-07-18T00:27:44.104Z,usb,1,848316260,38162,9769472,256,6000,33.490
2026-07-18T00:27:44.147Z,usb,1,848316260,38163,9769728,256,6000,33.490
2026-07-18T00:27:44.190Z,usb,1,848316260,38164,9769984,256,6000,33.490
2026-07-18T00:27:44.232Z,usb,1,848316260,38165,9770240,256,6000,33.490
2026-07-18T00:27:44.275Z,usb,1,848316260,38166,9770496,256,6000,33.490
2026-07-18T00:27:44.317Z,usb,1,848316260,38167,9770752,256,6000,33.490
2026-07-18T00:27:44.359Z,usb,1,848316260,38168,9771008,256,6000,33.490
2026-07-18T00:27:44.402Z,usb,1,848316260,38169,9771264,256,6000,33.490
2026-07-18T00:27:44.445Z,usb,1,848316260,38170,9771520,256,6000,33.490
2026-07-18T00:27:44.487Z,usb,1,848316260,38171,9771776,256,6000,33.490
2026-07-18T00:27:44.530Z,usb,1,848316260,38172,9772032,256,6000,33.490
2026-07-18T00:27:44.572Z,usb,1,848316260,38173,9772288,256,6000,33.490
2026-07-18T00:27:44.615Z,usb,1,848316260,38174,9772544,256,6000,33.490
2026-07-18T00:27:44.657Z,usb,1,848316260,38175,9772800,256,6000,33.490
2026-07-18T00:27:44.700Z,usb,1,848316260,38176,9773056,256,6000,33.490
2026-07-18T00:27:44.742Z,usb,1,848316260,38177,9773312,256,6000,33.490
2026-07-18T00:27:44.785Z,usb,1,848316260,38178,9773568,256,6000,33.490
2026-07-18T00:27:44.827Z,usb,1,848316260,38179,9773824,256,6000,33.490
2026-07-18T00:27:44.869Z,usb,1,848316260,38180,9774080,256,6000,33.490
2026-07-18T00:27:44.912Z,usb,1,848316260,38181,9774336,256,6000,33.490
2026-07-18T00:27:44.955Z,usb,1,848316260,38182,9774592,256,6000,33.490
2026-07-18T00:27:44.997Z,usb,1,848316260,38183,9774848,256,6000,33.490
2026-07-18T00:27:45.041Z,usb,1,848316260,38184,9775104,256,6000,33.490
2026-07-18T00:27:45.082Z,usb,1,848316260,38185,9775360,256,6000,33.490
2026-07-18T00:27:45.124Z,usb,1,848316260,38186,9775616,256,6000,33.490
2026-07-18T00:27:45.168Z,usb,1,848316260,38187,9775872,256,6000,33.500
2026-07-18T00:27:45.210Z,usb,1,848316260,38188,9776128,256,6000,33.500
2026-07-18T00:27:45.253Z,usb,1,848316260,38189,9776384,256,6000,33.500
2026-07-18T00:27:45.295Z,usb,1,848316260,38190,9776640,256,6000,33.500
2026-07-18T00:27:45.338Z,usb,1,848316260,38191,9776896,256,6000,33.500
2026-07-18T00:27:45.380Z,usb,1,848316260,38192,9777152,256,6000,33.500
2026-07-18T00:27:45.423Z,usb,1,848316260,38193,9777408,256,6000,33.500
2026-07-18T00:27:45.465Z,usb,1,848316260,38194,9777664,256,6000,33.500
2026-07-18T00:27:45.508Z,usb,1,848316260,38195,9777920,256,6000,33.500
2026-07-18T00:27:45.550Z,usb,1,848316260,38196,9778176,256,6000,33.500
2026-07-18T00:27:45.593Z,usb,1,848316260,38197,9778432,256,6000,33.500
2026-07-18T00:27:45.635Z,usb,1,848316260,38198,9778688,256,6000,33.500
2026-07-18T00:27:45.678Z,usb,1,848316260,38199,9778944,256,6000,33.500
2026-07-18T00:27:45.720Z,usb,1,848316260,38200,9779200,256,6000,33.500
2026-07-18T00:27:45.763Z,usb,1,848316260,38201,9779456,256,6000,33.500
2026-07-18T00:27:45.805Z,usb,1,848316260,38202,9779712,256,6000,33.500
2026-07-18T00:27:45.848Z,usb,1,848316260,38203,9779968,256,6000,33.500
2026-07-18T00:27:45.890Z,usb,1,848316260,38204,9780224,256,6000,33.500
2026-07-18T00:27:45.933Z,usb,1,848316260,38205,9780480,256,6000,33.500
2026-07-18T00:27:45.976Z,usb,1,848316260,38206,9780736,256,6000,33.500
2026-07-18T00:27:46.018Z,usb,1,848316260,38207,9780992,256,6000,33.500
2026-07-18T00:27:46.060Z,usb,1,848316260,38208,9781248,256,6000,33.500
2026-07-18T00:27:46.103Z,usb,1,848316260,38209,9781504,256,6000,33.500
2026-07-18T00:27:46.145Z,usb,1,848316260,38210,9781760,256,6000,33.500
2026-07-18T00:27:46.189Z,usb,1,848316260,38211,9782016,256,6000,33.490
2026-07-18T00:27:46.231Z,usb,1,848316260,38212,9782272,256,6000,33.490
2026-07-18T00:27:46.274Z,usb,1,848316260,38213,9782528,256,6000,33.490
2026-07-18T00:27:46.316Z,usb,1,848316260,38214,9782784,256,6000,33.490
2026-07-18T00:27:46.359Z,usb,1,848316260,38215,9783040,256,6000,33.490
2026-07-18T00:27:46.401Z,usb,1,848316260,38216,9783296,256,6000,33.490
2026-07-18T00:27:46.444Z,usb,1,848316260,38217,9783552,256,6000,33.490
2026-07-18T00:27:46.486Z,usb,1,848316260,38218,9783808,256,6000,33.490
2026-07-18T00:27:46.529Z,usb,1,848316260,38219,9784064,256,6000,33.490
2026-07-18T00:27:46.571Z,usb,1,848316260,38220,9784320,256,6000,33.490
2026-07-18T00:27:46.614Z,usb,1,848316260,38221,9784576,256,6000,33.490
2026-07-18T00:27:46.656Z,usb,1,848316260,38222,9784832,256,6000,33.490
2026-07-18T00:27:46.699Z,usb,1,848316260,38223,9785088,256,6000,33.490
2026-07-18T00:27:46.741Z,usb,1,848316260,38224,9785344,256,6000,33.490
2026-07-18T00:27:46.784Z,usb,1,848316260,38225,9785600,256,6000,33.490
2026-07-18T00:27:46.826Z,usb,1,848316260,38226,9785856,256,6000,33.490
2026-07-18T00:27:46.868Z,usb,1,848316260,38227,9786112,256,6000,33.490
2026-07-18T00:27:46.911Z,usb,1,848316260,38228,9786368,256,6000,33.490
2026-07-18T00:27:46.954Z,usb,1,848316260,38229,9786624,256,6000,33.490
2026-07-18T00:27:46.996Z,usb,1,848316260,38230,9786880,256,6000,33.490
2026-07-18T00:27:47.039Z,usb,1,848316260,38231,9787136,256,6000,33.490
2026-07-18T00:27:47.081Z,usb,1,848316260,38232,9787392,256,6000,33.490
2026-07-18T00:27:47.124Z,usb,1,848316260,38233,9787648,256,6000,33.490
2026-07-18T00:27:47.166Z,usb,1,848316260,38234,9787904,256,6000,33.490
2026-07-18T00:27:47.209Z,usb,1,848316260,38235,9788160,256,6000,33.500
2026-07-18T00:27:47.252Z,usb,1,848316260,38236,9788416,256,6000,33.500
2026-07-18T00:27:47.295Z,usb,1,848316260,38237,9788672,256,6000,33.500
2026-07-18T00:27:47.337Z,usb,1,848316260,38238,9788928,256,6000,33.500
2026-07-18T00:27:47.379Z,usb,1,848316260,38239,9789184,256,6000,33.500
2026-07-18T00:27:47.422Z,usb,1,848316260,38240,9789440,256,6000,33.500
2026-07-18T00:27:47.464Z,usb,1,848316260,38241,9789696,256,6000,33.500
2026-07-18T00:27:47.507Z,usb,1,848316260,38242,9789952,256,6000,33.500
2026-07-18T00:27:47.549Z,usb,1,848316260,38243,9790208,256,6000,33.500
2026-07-18T00:27:47.592Z,usb,1,848316260,38244,9790464,256,6000,33.500
2026-07-18T00:27:47.634Z,usb,1,848316260,38245,9790720,256,6000,33.500
2026-07-18T00:27:47.677Z,usb,1,848316260,38246,9790976,256,6000,33.500
2026-07-18T00:27:47.719Z,usb,1,848316260,38247,9791232,256,6000,33.500
2026-07-18T00:27:47.762Z,usb,1,848316260,38248,9791488,256,6000,33.500
2026-07-18T00:27:47.804Z,usb,1,848316260,38249,9791744,256,6000,33.500
2026-07-18T00:27:47.847Z,usb,1,848316260,38250,9792000,256,6000,33.500
2026-07-18T00:27:47.889Z,usb,1,848316260,38251,9792256,256,6000,33.500
2026-07-18T00:27:47.932Z,usb,1,848316260,38252,9792512,256,6000,33.500
2026-07-18T00:27:47.974Z,usb,1,848316260,38253,9792768,256,6000,33.500
2026-07-18T00:27:48.017Z,usb,1,848316260,38254,9793024,256,6000,33.500
2026-07-18T00:27:48.059Z,usb,1,848316260,38255,9793280,256,6000,33.500
2026-07-18T00:27:48.102Z,usb,1,848316260,38256,9793536,256,6000,33.500
2026-07-18T00:27:48.144Z,usb,1,848316260,38257,9793792,256,6000,33.500
2026-07-18T00:27:48.187Z,usb,1,848316260,38258,9794048,256,6000,33.500
2026-07-18T00:27:48.230Z,usb,1,848316260,38259,9794304,256,6000,33.490
2026-07-18T00:27:48.273Z,usb,1,848316260,38260,9794560,256,6000,33.490
2026-07-18T00:27:48.315Z,usb,1,848316260,38261,9794816,256,6000,33.490
2026-07-18T00:27:48.358Z,usb,1,848316260,38262,9795072,256,6000,33.490
2026-07-18T00:27:48.400Z,usb,1,848316260,38263,9795328,256,6000,33.490
2026-07-18T00:27:48.443Z,usb,1,848316260,38264,9795584,256,6000,33.490
2026-07-18T00:27:48.485Z,usb,1,848316260,38265,9795840,256,6000,33.490
2026-07-18T00:27:48.528Z,usb,1,848316260,38266,9796096,256,6000,33.490
2026-07-18T00:27:48.570Z,usb,1,848316260,38267,9796352,256,6000,33.490
2026-07-18T00:27:48.612Z,usb,1,848316260,38268,9796608,256,6000,33.490
2026-07-18T00:27:48.655Z,usb,1,848316260,38269,9796864,256,6000,33.490
2026-07-18T00:27:48.698Z,usb,1,848316260,38270,9797120,256,6000,33.490
2026-07-18T00:27:48.740Z,usb,1,848316260,38271,9797376,256,6000,33.490
2026-07-18T00:27:48.783Z,usb,1,848316260,38272,9797632,256,6000,33.490
2026-07-18T00:27:48.825Z,usb,1,848316260,38273,9797888,256,6000,33.490
2026-07-18T00:27:48.867Z,usb,1,848316260,38274,9798144,256,6000,33.490
2026-07-18T00:27:48.910Z,usb,1,848316260,38275,9798400,256,6000,33.490
2026-07-18T00:27:48.952Z,usb,1,848316260,38276,9798656,256,6000,33.490
2026-07-18T00:27:48.995Z,usb,1,848316260,38277,9798912,256,6000,33.490
2026-07-18T00:27:49.038Z,usb,1,848316260,38278,9799168,256,6000,33.490
2026-07-18T00:27:49.080Z,usb,1,848316260,38279,9799424,256,6000,33.490
2026-07-18T00:27:49.123Z,usb,1,848316260,38280,9799680,256,6000,33.490
2026-07-18T00:27:49.165Z,usb,1,848316260,38281,9799936,256,6000,33.490
2026-07-18T00:27:49.207Z,usb,1,848316260,38282,9800192,256,6000,33.490
2026-07-18T00:27:49.251Z,usb,1,848316260,38283,9800448,256,6000,33.490
2026-07-18T00:27:49.293Z,usb,1,848316260,38284,9800704,256,6000,33.490
2026-07-18T00:27:49.336Z,usb,1,848316260,38285,9800960,256,6000,33.490
2026-07-18T00:27:49.378Z,usb,1,848316260,38286,9801216,256,6000,33.490
2026-07-18T00:27:49.421Z,usb,1,848316260,38287,9801472,256,6000,33.490
2026-07-18T00:27:49.463Z,usb,1,848316260,38288,9801728,256,6000,33.490
2026-07-18T00:27:49.506Z,usb,1,848316260,38289,9801984,256,6000,33.490
2026-07-18T00:27:49.548Z,usb,1,848316260,38290,9802240,256,6000,33.490
2026-07-18T00:27:49.591Z,usb,1,848316260,38291,9802496,256,6000,33.490
2026-07-18T00:27:49.633Z,usb,1,848316260,38292,9802752,256,6000,33.490
2026-07-18T00:27:49.676Z,usb,1,848316260,38293,9803008,256,6000,33.490
2026-07-18T00:27:49.718Z,usb,1,848316260,38294,9803264,256,6000,33.490
2026-07-18T00:27:49.761Z,usb,1,848316260,38295,9803520,256,6000,33.490
2026-07-18T00:27:49.803Z,usb,1,848316260,38296,9803776,256,6000,33.490
2026-07-18T00:27:49.846Z,usb,1,848316260,38297,9804032,256,6000,33.490
2026-07-18T00:27:49.888Z,usb,1,848316260,38298,9804288,256,6000,33.490
2026-07-18T00:27:49.931Z,usb,1,848316260,38299,9804544,256,6000,33.490
2026-07-18T00:27:49.973Z,usb,1,848316260,38300,9804800,256,6000,33.490
2026-07-18T00:27:50.016Z,usb,1,848316260,38301,9805056,256,6000,33.490
2026-07-18T00:27:50.058Z,usb,1,848316260,38302,9805312,256,6000,33.490
2026-07-18T00:27:50.101Z,usb,1,848316260,38303,9805568,256,6000,33.490
2026-07-18T00:27:50.143Z,usb,1,848316260,38304,9805824,256,6000,33.490
2026-07-18T00:27:50.186Z,usb,1,848316260,38305,9806080,256,6000,33.490
2026-07-18T00:27:50.228Z,usb,1,848316260,38306,9806336,256,6000,33.490
2026-07-18T00:27:50.272Z,usb,1,848316260,38307,9806592,256,6000,33.500
2026-07-18T00:27:50.314Z,usb,1,848316260,38308,9806848,256,6000,33.500
2026-07-18T00:27:50.357Z,usb,1,848316260,38309,9807104,256,6000,33.500
2026-07-18T00:27:50.399Z,usb,1,848316260,38310,9807360,256,6000,33.500
2026-07-18T00:27:50.442Z,usb,1,848316260,38311,9807616,256,6000,33.500
2026-07-18T00:27:50.484Z,usb,1,848316260,38312,9807872,256,6000,33.500
2026-07-18T00:27:50.527Z,usb,1,848316260,38313,9808128,256,6000,33.500
2026-07-18T00:27:50.569Z,usb,1,848316260,38314,9808384,256,6000,33.500
2026-07-18T00:27:50.612Z,usb,1,848316260,38315,9808640,256,6000,33.500
2026-07-18T00:27:50.654Z,usb,1,848316260,38316,9808896,256,6000,33.500
2026-07-18T00:27:50.696Z,usb,1,848316260,38317,9809152,256,6000,33.500
2026-07-18T00:27:50.739Z,usb,1,848316260,38318,9809408,256,6000,33.500
2026-07-18T00:27:50.782Z,usb,1,848316260,38319,9809664,256,6000,33.500
2026-07-18T00:27:50.824Z,usb,1,848316260,38320,9809920,256,6000,33.500
2026-07-18T00:27:50.866Z,usb,1,848316260,38321,9810176,256,6000,33.500
2026-07-18T00:27:50.909Z,usb,1,848316260,38322,9810432,256,6000,33.500
2026-07-18T00:27:50.951Z,usb,1,848316260,38323,9810688,256,6000,33.500
2026-07-18T00:27:50.994Z,usb,1,848316260,38324,9810944,256,6000,33.500
2026-07-18T00:27:51.037Z,usb,1,848316260,38325,9811200,256,6000,33.500
2026-07-18T00:27:51.079Z,usb,1,848316260,38326,9811456,256,6000,33.500
2026-07-18T00:27:51.122Z,usb,1,848316260,38327,9811712,256,6000,33.500
2026-07-18T00:27:51.164Z,usb,1,848316260,38328,9811968,256,6000,33.500
2026-07-18T00:27:51.207Z,usb,1,848316260,38329,9812224,256,6000,33.500
2026-07-18T00:27:51.249Z,usb,1,848316260,38330,9812480,256,6000,33.500
2026-07-18T00:27:51.292Z,usb,1,848316260,38331,9812736,256,6000,33.490
2026-07-18T00:27:51.335Z,usb,1,848316260,38332,9812992,256,6000,33.490
2026-07-18T00:27:51.377Z,usb,1,848316260,38333,9813248,256,6000,33.490
2026-07-18T00:27:51.420Z,usb,1,848316260,38334,9813504,256,6000,33.490
2026-07-18T00:27:51.462Z,usb,1,848316260,38335,9813760,256,6000,33.490
2026-07-18T00:27:51.505Z,usb,1,848316260,38336,9814016,256,6000,33.490
2026-07-18T00:27:51.547Z,usb,1,848316260,38337,9814272,256,6000,33.490
2026-07-18T00:27:51.590Z,usb,1,848316260,38338,9814528,256,6000,33.490
2026-07-18T00:27:51.632Z,usb,1,848316260,38339,9814784,256,6000,33.490
2026-07-18T00:27:51.675Z,usb,1,848316260,38340,9815040,256,6000,33.490
2026-07-18T00:27:51.717Z,usb,1,848316260,38341,9815296,256,6000,33.490
2026-07-18T00:27:51.760Z,usb,1,848316260,38342,9815552,256,6000,33.490
2026-07-18T00:27:51.802Z,usb,1,848316260,38343,9815808,256,6000,33.490
2026-07-18T00:27:51.845Z,usb,1,848316260,38344,9816064,256,6000,33.490
2026-07-18T00:27:51.887Z,usb,1,848316260,38345,9816320,256,6000,33.490
2026-07-18T00:27:51.930Z,usb,1,848316260,38346,9816576,256,6000,33.490
2026-07-18T00:27:51.972Z,usb,1,848316260,38347,9816832,256,6000,33.490
2026-07-18T00:27:52.015Z,usb,1,848316260,38348,9817088,256,6000,33.490
2026-07-18T00:27:52.057Z,usb,1,848316260,38349,9817344,256,6000,33.490
2026-07-18T00:27:52.100Z,usb,1,848316260,38350,9817600,256,6000,33.490
2026-07-18T00:27:52.142Z,usb,1,848316260,38351,9817856,256,6000,33.490
2026-07-18T00:27:52.185Z,usb,1,848316260,38352,9818112,256,6000,33.490
2026-07-18T00:27:52.227Z,usb,1,848316260,38353,9818368,256,6000,33.490
2026-07-18T00:27:52.270Z,usb,1,848316260,38354,9818624,256,6000,33.490
2026-07-18T00:27:52.313Z,usb,1,848316260,38355,9818880,256,6000,33.490
2026-07-18T00:27:52.355Z,usb,1,848316260,38356,9819136,256,6000,33.490
2026-07-18T00:27:52.398Z,usb,1,848316260,38357,9819392,256,6000,33.490
2026-07-18T00:27:52.441Z,usb,1,848316260,38358,9819648,256,6000,33.490
2026-07-18T00:27:52.483Z,usb,1,848316260,38359,9819904,256,6000,33.490
2026-07-18T00:27:52.525Z,usb,1,848316260,38360,9820160,256,6000,33.490
2026-07-18T00:27:52.568Z,usb,1,848316260,38361,9820416,256,6000,33.490
2026-07-18T00:27:52.610Z,usb,1,848316260,38362,9820672,256,6000,33.490
2026-07-18T00:27:52.653Z,usb,1,848316260,38363,9820928,256,6000,33.490
2026-07-18T00:27:52.695Z,usb,1,848316260,38364,9821184,256,6000,33.490
2026-07-18T00:27:52.738Z,usb,1,848316260,38365,9821440,256,6000,33.490
2026-07-18T00:27:52.780Z,usb,1,848316260,38366,9821696,256,6000,33.490
2026-07-18T00:27:52.823Z,usb,1,848316260,38367,9821952,256,6000,33.490
2026-07-18T00:27:52.865Z,usb,1,848316260,38368,9822208,256,6000,33.490
2026-07-18T00:27:52.908Z,usb,1,848316260,38369,9822464,256,6000,33.490
2026-07-18T00:27:52.950Z,usb,1,848316260,38370,9822720,256,6000,33.490
2026-07-18T00:27:52.993Z,usb,1,848316260,38371,9822976,256,6000,33.490
2026-07-18T00:27:53.036Z,usb,1,848316260,38372,9823232,256,6000,33.490
2026-07-18T00:27:53.078Z,usb,1,848316260,38373,9823488,256,6000,33.490
2026-07-18T00:27:53.121Z,usb,1,848316260,38374,9823744,256,6000,33.490
2026-07-18T00:27:53.163Z,usb,1,848316260,38375,9824000,256,6000,33.490
2026-07-18T00:27:53.206Z,usb,1,848316260,38376,9824256,256,6000,33.490
2026-07-18T00:27:53.248Z,usb,1,848316260,38377,9824512,256,6000,33.490
2026-07-18T00:27:53.290Z,usb,1,848316260,38378,9824768,256,6000,33.490
2026-07-18T00:27:53.334Z,usb,1,848316260,38379,9825024,256,6000,33.490
2026-07-18T00:27:53.377Z,usb,1,848316260,38380,9825280,256,6000,33.490
2026-07-18T00:27:53.419Z,usb,1,848316260,38381,9825536,256,6000,33.490
2026-07-18T00:27:53.461Z,usb,1,848316260,38382,9825792,256,6000,33.490
2026-07-18T00:27:53.504Z,usb,1,848316260,38383,9826048,256,6000,33.490
2026-07-18T00:27:53.546Z,usb,1,848316260,38384,9826304,256,6000,33.490
2026-07-18T00:27:53.589Z,usb,1,848316260,38385,9826560,256,6000,33.490
2026-07-18T00:27:53.631Z,usb,1,848316260,38386,9826816,256,6000,33.490
2026-07-18T00:27:53.674Z,usb,1,848316260,38387,9827072,256,6000,33.490
2026-07-18T00:27:53.716Z,usb,1,848316260,38388,9827328,256,6000,33.490
2026-07-18T00:27:53.759Z,usb,1,848316260,38389,9827584,256,6000,33.490
2026-07-18T00:27:53.801Z,usb,1,848316260,38390,9827840,256,6000,33.490
2026-07-18T00:27:53.844Z,usb,1,848316260,38391,9828096,256,6000,33.490
2026-07-18T00:27:53.886Z,usb,1,848316260,38392,9828352,256,6000,33.490
2026-07-18T00:27:53.929Z,usb,1,848316260,38393,9828608,256,6000,33.490
2026-07-18T00:27:53.971Z,usb,1,848316260,38394,9828864,256,6000,33.490
2026-07-18T00:27:54.014Z,usb,1,848316260,38395,9829120,256,6000,33.490
2026-07-18T00:27:54.056Z,usb,1,848316260,38396,9829376,256,6000,33.490
2026-07-18T00:27:54.099Z,usb,1,848316260,38397,9829632,256,6000,33.490
2026-07-18T00:27:54.141Z,usb,1,848316260,38398,9829888,256,6000,33.490
2026-07-18T00:27:54.184Z,usb,1,848316260,38399,9830144,256,6000,33.490
2026-07-18T00:27:54.226Z,usb,1,848316260,38400,9830400,256,6000,33.490
2026-07-18T00:27:54.269Z,usb,1,848316260,38401,9830656,256,6000,33.490
2026-07-18T00:27:54.311Z,usb,1,848316260,38402,9830912,256,6000,33.490
2026-07-18T00:27:54.355Z,usb,1,848316260,38403,9831168,256,6000,33.490
2026-07-18T00:27:54.397Z,usb,1,848316260,38404,9831424,256,6000,33.490
2026-07-18T00:27:54.439Z,usb,1,848316260,38405,9831680,256,6000,33.490
2026-07-18T00:27:54.482Z,usb,1,848316260,38406,9831936,256,6000,33.490
2026-07-18T00:27:54.525Z,usb,1,848316260,38407,9832192,256,6000,33.490
2026-07-18T00:27:54.567Z,usb,1,848316260,38408,9832448,256,6000,33.490
2026-07-18T00:27:54.609Z,usb,1,848316260,38409,9832704,256,6000,33.490
2026-07-18T00:27:54.652Z,usb,1,848316260,38410,9832960,256,6000,33.490
2026-07-18T00:27:54.694Z,usb,1,848316260,38411,9833216,256,6000,33.490
2026-07-18T00:27:54.737Z,usb,1,848316260,38412,9833472,256,6000,33.490
2026-07-18T00:27:54.779Z,usb,1,848316260,38413,9833728,256,6000,33.490
2026-07-18T00:27:54.822Z,usb,1,848316260,38414,9833984,256,6000,33.490
2026-07-18T00:27:54.864Z,usb,1,848316260,38415,9834240,256,6000,33.490
2026-07-18T00:27:54.907Z,usb,1,848316260,38416,9834496,256,6000,33.490
2026-07-18T00:27:54.949Z,usb,1,848316260,38417,9834752,256,6000,33.490
2026-07-18T00:27:54.992Z,usb,1,848316260,38418,9835008,256,6000,33.490
2026-07-18T00:27:55.034Z,usb,1,848316260,38419,9835264,256,6000,33.490
2026-07-18T00:27:55.077Z,usb,1,848316260,38420,9835520,256,6000,33.490
2026-07-18T00:27:55.119Z,usb,1,848316260,38421,9835776,256,6000,33.490
2026-07-18T00:27:55.162Z,usb,1,848316260,38422,9836032,256,6000,33.490
2026-07-18T00:27:55.204Z,usb,1,848316260,38423,9836288,256,6000,33.490
2026-07-18T00:27:55.247Z,usb,1,848316260,38424,9836544,256,6000,33.490
2026-07-18T00:27:55.289Z,usb,1,848316260,38425,9836800,256,6000,33.490
2026-07-18T00:27:55.332Z,usb,1,848316260,38426,9837056,256,6000,33.490
2026-07-18T00:27:55.375Z,usb,1,848316260,38427,9837312,256,6000,33.490
2026-07-18T00:27:55.418Z,usb,1,848316260,38428,9837568,256,6000,33.490
2026-07-18T00:27:55.460Z,usb,1,848316260,38429,9837824,256,6000,33.490
2026-07-18T00:27:55.503Z,usb,1,848316260,38430,9838080,256,6000,33.490
2026-07-18T00:27:55.545Z,usb,1,848316260,38431,9838336,256,6000,33.490
2026-07-18T00:27:55.588Z,usb,1,848316260,38432,9838592,256,6000,33.490
2026-07-18T00:27:55.630Z,usb,1,848316260,38433,9838848,256,6000,33.490
2026-07-18T00:27:55.673Z,usb,1,848316260,38434,9839104,256,6000,33.490
2026-07-18T00:27:55.715Z,usb,1,848316260,38435,9839360,256,6000,33.490
2026-07-18T00:27:55.758Z,usb,1,848316260,38436,9839616,256,6000,33.490
2026-07-18T00:27:55.800Z,usb,1,848316260,38437,9839872,256,6000,33.490
2026-07-18T00:27:55.843Z,usb,1,848316260,38438,9840128,256,6000,33.490
2026-07-18T00:27:55.885Z,usb,1,848316260,38439,9840384,256,6000,33.490
2026-07-18T00:27:55.928Z,usb,1,848316260,38440,9840640,256,6000,33.490
2026-07-18T00:27:55.970Z,usb,1,848316260,38441,9840896,256,6000,33.490
2026-07-18T00:27:56.013Z,usb,1,848316260,38442,9841152,256,6000,33.490
2026-07-18T00:27:56.055Z,usb,1,848316260,38443,9841408,256,6000,33.490
2026-07-18T00:27:56.098Z,usb,1,848316260,38444,9841664,256,6000,33.490
2026-07-18T00:27:56.140Z,usb,1,848316260,38445,9841920,256,6000,33.490
2026-07-18T00:27:56.183Z,usb,1,848316260,38446,9842176,256,6000,33.490
2026-07-18T00:27:56.225Z,usb,1,848316260,38447,9842432,256,6000,33.490
2026-07-18T00:27:56.268Z,usb,1,848316260,38448,9842688,256,6000,33.490
2026-07-18T00:27:56.310Z,usb,1,848316260,38449,9842944,256,6000,33.490
2026-07-18T00:27:56.353Z,usb,1,848316260,38450,9843200,256,6000,33.490
2026-07-18T00:27:56.396Z,usb,1,848316260,38451,9843456,256,6000,33.490
2026-07-18T00:27:56.438Z,usb,1,848316260,38452,9843712,256,6000,33.490
2026-07-18T00:27:56.481Z,usb,1,848316260,38453,9843968,256,6000,33.490
2026-07-18T00:27:56.523Z,usb,1,848316260,38454,9844224,256,6000,33.490
2026-07-18T00:27:56.566Z,usb,1,848316260,38455,9844480,256,6000,33.490
2026-07-18T00:27:56.608Z,usb,1,848316260,38456,9844736,256,6000,33.490
2026-07-18T00:27:56.651Z,usb,1,848316260,38457,9844992,256,6000,33.490
2026-07-18T00:27:56.694Z,usb,1,848316260,38458,9845248,256,6000,33.490
2026-07-18T00:27:56.736Z,usb,1,848316260,38459,9845504,256,6000,33.490
2026-07-18T00:27:56.778Z,usb,1,848316260,38460,9845760,256,6000,33.490
2026-07-18T00:27:56.821Z,usb,1,848316260,38461,9846016,256,6000,33.490
2026-07-18T00:27:56.864Z,usb,1,848316260,38462,9846272,256,6000,33.490
2026-07-18T00:27:56.906Z,usb,1,848316260,38463,9846528,256,6000,33.490
2026-07-18T00:27:56.949Z,usb,1,848316260,38464,9846784,256,6000,33.490
2026-07-18T00:27:56.991Z,usb,1,848316260,38465,9847040,256,6000,33.490
2026-07-18T00:27:57.034Z,usb,1,848316260,38466,9847296,256,6000,33.490
2026-07-18T00:27:57.076Z,usb,1,848316260,38467,9847552,256,6000,33.490
2026-07-18T00:27:57.119Z,usb,1,848316260,38468,9847808,256,6000,33.490
2026-07-18T00:27:57.161Z,usb,1,848316260,38469,9848064,256,6000,33.490
2026-07-18T00:27:57.204Z,usb,1,848316260,38470,9848320,256,6000,33.490
2026-07-18T00:27:57.246Z,usb,1,848316260,38471,9848576,256,6000,33.490
2026-07-18T00:27:57.289Z,usb,1,848316260,38472,9848832,256,6000,33.490
2026-07-18T00:27:57.331Z,usb,1,848316260,38473,9849088,256,6000,33.490
2026-07-18T00:27:57.373Z,usb,1,848316260,38474,9849344,256,6000,33.490
2026-07-18T00:27:57.417Z,usb,1,848316260,38475,9849600,256,6000,33.500
2026-07-18T00:27:57.459Z,usb,1,848316260,38476,9849856,256,6000,33.500
2026-07-18T00:27:57.502Z,usb,1,848316260,38477,9850112,256,6000,33.500
2026-07-18T00:27:57.544Z,usb,1,848316260,38478,9850368,256,6000,33.500
2026-07-18T00:27:57.587Z,usb,1,848316260,38479,9850624,256,6000,33.500
2026-07-18T00:27:57.629Z,usb,1,848316260,38480,9850880,256,6000,33.500
2026-07-18T00:27:57.672Z,usb,1,848316260,38481,9851136,256,6000,33.500
2026-07-18T00:27:57.714Z,usb,1,848316260,38482,9851392,256,6000,33.500
2026-07-18T00:27:57.757Z,usb,1,848316260,38483,9851648,256,6000,33.500
2026-07-18T00:27:57.799Z,usb,1,848316260,38484,9851904,256,6000,33.500
2026-07-18T00:27:57.842Z,usb,1,848316260,38485,9852160,256,6000,33.500
2026-07-18T00:27:57.884Z,usb,1,848316260,38486,9852416,256,6000,33.500
2026-07-18T00:27:57.927Z,usb,1,848316260,38487,9852672,256,6000,33.500
2026-07-18T00:27:57.969Z,usb,1,848316260,38488,9852928,256,6000,33.500
2026-07-18T00:27:58.012Z,usb,1,848316260,38489,9853184,256,6000,33.500
2026-07-18T00:27:58.054Z,usb,1,848316260,38490,9853440,256,6000,33.500
2026-07-18T00:27:58.097Z,usb,1,848316260,38491,9853696,256,6000,33.500
2026-07-18T00:27:58.139Z,usb,1,848316260,38492,9853952,256,6000,33.500
2026-07-18T00:27:58.182Z,usb,1,848316260,38493,9854208,256,6000,33.500
2026-07-18T00:27:58.224Z,usb,1,848316260,38494,9854464,256,6000,33.500
2026-07-18T00:27:58.267Z,usb,1,848316260,38495,9854720,256,6000,33.500
2026-07-18T00:27:58.309Z,usb,1,848316260,38496,9854976,256,6000,33.500
2026-07-18T00:27:58.352Z,usb,1,848316260,38497,9855232,256,6000,33.500
2026-07-18T00:27:58.394Z,usb,1,848316260,38498,9855488,256,6000,33.500
2026-07-18T00:27:58.437Z,usb,1,848316260,38499,9855744,256,6000,33.490
2026-07-18T00:27:58.480Z,usb,1,848316260,38500,9856000,256,6000,33.490
2026-07-18T00:27:58.523Z,usb,1,848316260,38501,9856256,256,6000,33.490
2026-07-18T00:27:58.565Z,usb,1,848316260,38502,9856512,256,6000,33.490
2026-07-18T00:27:58.608Z,usb,1,848316260,38503,9856768,256,6000,33.490
2026-07-18T00:27:58.650Z,usb,1,848316260,38504,9857024,256,6000,33.490
2026-07-18T00:27:58.693Z,usb,1,848316260,38505,9857280,256,6000,33.490
2026-07-18T00:27:58.735Z,usb,1,848316260,38506,9857536,256,6000,33.490
2026-07-18T00:27:58.777Z,usb,1,848316260,38507,9857792,256,6000,33.490
2026-07-18T00:27:58.820Z,usb,1,848316260,38508,9858048,256,6000,33.490
2026-07-18T00:27:58.862Z,usb,1,848316260,38509,9858304,256,6000,33.490
2026-07-18T00:27:58.905Z,usb,1,848316260,38510,9858560,256,6000,33.490
2026-07-18T00:27:58.948Z,usb,1,848316260,38511,9858816,256,6000,33.490
2026-07-18T00:27:58.990Z,usb,1,848316260,38512,9859072,256,6000,33.490
2026-07-18T00:27:59.033Z,usb,1,848316260,38513,9859328,256,6000,33.490
2026-07-18T00:27:59.075Z,usb,1,848316260,38514,9859584,256,6000,33.490
2026-07-18T00:27:59.118Z,usb,1,848316260,38515,9859840,256,6000,33.490
2026-07-18T00:27:59.160Z,usb,1,848316260,38516,9860096,256,6000,33.490
2026-07-18T00:27:59.203Z,usb,1,848316260,38517,9860352,256,6000,33.490
2026-07-18T00:27:59.245Z,usb,1,848316260,38518,9860608,256,6000,33.490
2026-07-18T00:27:59.288Z,usb,1,848316260,38519,9860864,256,6000,33.490
2026-07-18T00:27:59.330Z,usb,1,848316260,38520,9861120,256,6000,33.490
2026-07-18T00:27:59.373Z,usb,1,848316260,38521,9861376,256,6000,33.490
2026-07-18T00:27:59.415Z,usb,1,848316260,38522,9861632,256,6000,33.490
2026-07-18T00:27:59.458Z,usb,1,848316260,38523,9861888,256,6000,33.490
2026-07-18T00:27:59.501Z,usb,1,848316260,38524,9862144,256,6000,33.490
2026-07-18T00:27:59.543Z,usb,1,848316260,38525,9862400,256,6000,33.490
2026-07-18T00:27:59.586Z,usb,1,848316260,38526,9862656,256,6000,33.490
2026-07-18T00:27:59.629Z,usb,1,848316260,38527,9862912,256,6000,33.490
2026-07-18T00:27:59.671Z,usb,1,848316260,38528,9863168,256,6000,33.490
2026-07-18T00:27:59.713Z,usb,1,848316260,38529,9863424,256,6000,33.490
2026-07-18T00:27:59.756Z,usb,1,848316260,38530,9863680,256,6000,33.490
2026-07-18T00:27:59.798Z,usb,1,848316260,38531,9863936,256,6000,33.490
2026-07-18T00:27:59.841Z,usb,1,848316260,38532,9864192,256,6000,33.490
2026-07-18T00:27:59.883Z,usb,1,848316260,38533,9864448,256,6000,33.490
2026-07-18T00:27:59.926Z,usb,1,848316260,38534,9864704,256,6000,33.490
2026-07-18T00:27:59.968Z,usb,1,848316260,38535,9864960,256,6000,33.490
2026-07-18T00:28:00.011Z,usb,1,848316260,38536,9865216,256,6000,33.490
2026-07-18T00:28:00.053Z,usb,1,848316260,38537,9865472,256,6000,33.490
2026-07-18T00:28:00.096Z,usb,1,848316260,38538,9865728,256,6000,33.490
2026-07-18T00:28:00.138Z,usb,1,848316260,38539,9865984,256,6000,33.490
2026-07-18T00:28:00.181Z,usb,1,848316260,38540,9866240,256,6000,33.490
2026-07-18T00:28:00.223Z,usb,1,848316260,38541,9866496,256,6000,33.490
2026-07-18T00:28:00.266Z,usb,1,848316260,38542,9866752,256,6000,33.490
2026-07-18T00:28:00.308Z,usb,1,848316260,38543,9867008,256,6000,33.490
2026-07-18T00:28:00.351Z,usb,1,848316260,38544,9867264,256,6000,33.490
2026-07-18T00:28:00.393Z,usb,1,848316260,38545,9867520,256,6000,33.490
2026-07-18T00:28:00.436Z,usb,1,848316260,38546,9867776,256,6000,33.490
2026-07-18T00:28:00.479Z,usb,1,848316260,38547,9868032,256,6000,33.490
2026-07-18T00:28:00.522Z,usb,1,848316260,38548,9868288,256,6000,33.490
2026-07-18T00:28:00.564Z,usb,1,848316260,38549,9868544,256,6000,33.490
2026-07-18T00:28:00.607Z,usb,1,848316260,38550,9868800,256,6000,33.490
2026-07-18T00:28:00.649Z,usb,1,848316260,38551,9869056,256,6000,33.490
2026-07-18T00:28:00.692Z,usb,1,848316260,38552,9869312,256,6000,33.490
2026-07-18T00:28:00.734Z,usb,1,848316260,38553,9869568,256,6000,33.490
2026-07-18T00:28:00.777Z,usb,1,848316260,38554,9869824,256,6000,33.490
2026-07-18T00:28:00.819Z,usb,1,848316260,38555,9870080,256,6000,33.490
2026-07-18T00:28:00.862Z,usb,1,848316260,38556,9870336,256,6000,33.490
2026-07-18T00:28:00.904Z,usb,1,848316260,38557,9870592,256,6000,33.490
2026-07-18T00:28:00.947Z,usb,1,848316260,38558,9870848,256,6000,33.490
2026-07-18T00:28:00.989Z,usb,1,848316260,38559,9871104,256,6000,33.490
2026-07-18T00:28:01.032Z,usb,1,848316260,38560,9871360,256,6000,33.490
2026-07-18T00:28:01.074Z,usb,1,848316260,38561,9871616,256,6000,33.490
2026-07-18T00:28:01.117Z,usb,1,848316260,38562,9871872,256,6000,33.490
2026-07-18T00:28:01.159Z,usb,1,848316260,38563,9872128,256,6000,33.490
2026-07-18T00:28:01.201Z,usb,1,848316260,38564,9872384,256,6000,33.490
2026-07-18T00:28:01.244Z,usb,1,848316260,38565,9872640,256,6000,33.490
2026-07-18T00:28:01.286Z,usb,1,848316260,38566,9872896,256,6000,33.490
2026-07-18T00:28:01.329Z,usb,1,848316260,38567,9873152,256,6000,33.490
2026-07-18T00:28:01.372Z,usb,1,848316260,38568,9873408,256,6000,33.490
2026-07-18T00:28:01.414Z,usb,1,848316260,38569,9873664,256,6000,33.490
2026-07-18T00:28:01.457Z,usb,1,848316260,38570,9873920,256,6000,33.490
2026-07-18T00:28:01.500Z,usb,1,848316260,38571,9874176,256,6000,33.490
2026-07-18T00:28:01.542Z,usb,1,848316260,38572,9874432,256,6000,33.490
2026-07-18T00:28:01.585Z,usb,1,848316260,38573,9874688,256,6000,33.490
2026-07-18T00:28:01.627Z,usb,1,848316260,38574,9874944,256,6000,33.490
2026-07-18T00:28:01.670Z,usb,1,848316260,38575,9875200,256,6000,33.490
2026-07-18T00:28:01.712Z,usb,1,848316260,38576,9875456,256,6000,33.490
2026-07-18T00:28:01.755Z,usb,1,848316260,38577,9875712,256,6000,33.490
2026-07-18T00:28:01.797Z,usb,1,848316260,38578,9875968,256,6000,33.490
2026-07-18T00:28:01.840Z,usb,1,848316260,38579,9876224,256,6000,33.490
2026-07-18T00:28:01.882Z,usb,1,848316260,38580,9876480,256,6000,33.490
2026-07-18T00:28:01.925Z,usb,1,848316260,38581,9876736,256,6000,33.490
2026-07-18T00:28:01.967Z,usb,1,848316260,38582,9876992,256,6000,33.490
2026-07-18T00:28:02.010Z,usb,1,848316260,38583,9877248,256,6000,33.490
2026-07-18T00:28:02.052Z,usb,1,848316260,38584,9877504,256,6000,33.490
2026-07-18T00:28:02.095Z,usb,1,848316260,38585,9877760,256,6000,33.490
2026-07-18T00:28:02.137Z,usb,1,848316260,38586,9878016,256,6000,33.490
2026-07-18T00:28:02.180Z,usb,1,848316260,38587,9878272,256,6000,33.490
2026-07-18T00:28:02.222Z,usb,1,848316260,38588,9878528,256,6000,33.490
2026-07-18T00:28:02.265Z,usb,1,848316260,38589,9878784,256,6000,33.490
2026-07-18T00:28:02.307Z,usb,1,848316260,38590,9879040,256,6000,33.490
2026-07-18T00:28:02.350Z,usb,1,848316260,38591,9879296,256,6000,33.490
2026-07-18T00:28:02.392Z,usb,1,848316260,38592,9879552,256,6000,33.490
2026-07-18T00:28:02.435Z,usb,1,848316260,38593,9879808,256,6000,33.490
2026-07-18T00:28:02.477Z,usb,1,848316260,38594,9880064,256,6000,33.490
2026-07-18T00:28:02.521Z,usb,1,848316260,38595,9880320,256,6000,33.490
2026-07-18T00:28:02.563Z,usb,1,848316260,38596,9880576,256,6000,33.490
2026-07-18T00:28:02.606Z,usb,1,848316260,38597,9880832,256,6000,33.490
2026-07-18T00:28:02.648Z,usb,1,848316260,38598,9881088,256,6000,33.490
2026-07-18T00:28:02.691Z,usb,1,848316260,38599,9881344,256,6000,33.490
2026-07-18T00:28:02.733Z,usb,1,848316260,38600,9881600,256,6000,33.490
2026-07-18T00:28:02.776Z,usb,1,848316260,38601,9881856,256,6000,33.490
2026-07-18T00:28:02.818Z,usb,1,848316260,38602,9882112,256,6000,33.490
2026-07-18T00:28:02.861Z,usb,1,848316260,38603,9882368,256,6000,33.490
2026-07-18T00:28:02.903Z,usb,1,848316260,38604,9882624,256,6000,33.490
2026-07-18T00:28:02.945Z,usb,1,848316260,38605,9882880,256,6000,33.490
2026-07-18T00:28:02.988Z,usb,1,848316260,38606,9883136,256,6000,33.490
2026-07-18T00:28:03.031Z,usb,1,848316260,38607,9883392,256,6000,33.490
2026-07-18T00:28:03.073Z,usb,1,848316260,38608,9883648,256,6000,33.490
2026-07-18T00:28:03.115Z,usb,1,848316260,38609,9883904,256,6000,33.490
2026-07-18T00:28:03.158Z,usb,1,848316260,38610,9884160,256,6000,33.490
2026-07-18T00:28:03.201Z,usb,1,848316260,38611,9884416,256,6000,33.490
2026-07-18T00:28:03.243Z,usb,1,848316260,38612,9884672,256,6000,33.490
2026-07-18T00:28:03.286Z,usb,1,848316260,38613,9884928,256,6000,33.490
2026-07-18T00:28:03.328Z,usb,1,848316260,38614,9885184,256,6000,33.490
2026-07-18T00:28:03.371Z,usb,1,848316260,38615,9885440,256,6000,33.490
2026-07-18T00:28:03.413Z,usb,1,848316260,38616,9885696,256,6000,33.490
2026-07-18T00:28:03.456Z,usb,1,848316260,38617,9885952,256,6000,33.490
2026-07-18T00:28:03.498Z,usb,1,848316260,38618,9886208,256,6000,33.490
2026-07-18T00:28:03.541Z,usb,1,848316260,38619,9886464,256,6000,33.490
2026-07-18T00:28:03.584Z,usb,1,848316260,38620,9886720,256,6000,33.490
2026-07-18T00:28:03.626Z,usb,1,848316260,38621,9886976,256,6000,33.490
2026-07-18T00:28:03.669Z,usb,1,848316260,38622,9887232,256,6000,33.490
2026-07-18T00:28:03.711Z,usb,1,848316260,38623,9887488,256,6000,33.490
2026-07-18T00:28:03.754Z,usb,1,848316260,38624,9887744,256,6000,33.490
2026-07-18T00:28:03.796Z,usb,1,848316260,38625,9888000,256,6000,33.490
2026-07-18T00:28:03.839Z,usb,1,848316260,38626,9888256,256,6000,33.490
2026-07-18T00:28:03.881Z,usb,1,848316260,38627,9888512,256,6000,33.490
2026-07-18T00:28:03.924Z,usb,1,848316260,38628,9888768,256,6000,33.490
2026-07-18T00:28:03.966Z,usb,1,848316260,38629,9889024,256,6000,33.490
2026-07-18T00:28:04.009Z,usb,1,848316260,38630,9889280,256,6000,33.490
2026-07-18T00:28:04.051Z,usb,1,848316260,38631,9889536,256,6000,33.490
2026-07-18T00:28:04.094Z,usb,1,848316260,38632,9889792,256,6000,33.490
2026-07-18T00:28:04.136Z,usb,1,848316260,38633,9890048,256,6000,33.490
2026-07-18T00:28:04.179Z,usb,1,848316260,38634,9890304,256,6000,33.490
2026-07-18T00:28:04.221Z,usb,1,848316260,38635,9890560,256,6000,33.490
2026-07-18T00:28:04.264Z,usb,1,848316260,38636,9890816,256,6000,33.490
2026-07-18T00:28:04.306Z,usb,1,848316260,38637,9891072,256,6000,33.490
2026-07-18T00:28:04.349Z,usb,1,848316260,38638,9891328,256,6000,33.490
2026-07-18T00:28:04.391Z,usb,1,848316260,38639,9891584,256,6000,33.490
2026-07-18T00:28:04.434Z,usb,1,848316260,38640,9891840,256,6000,33.490
2026-07-18T00:28:04.476Z,usb,1,848316260,38641,9892096,256,6000,33.490
2026-07-18T00:28:04.519Z,usb,1,848316260,38642,9892352,256,6000,33.490
2026-07-18T00:28:04.562Z,usb,1,848316260,38643,9892608,256,6000,33.490
2026-07-18T00:28:04.605Z,usb,1,848316260,38644,9892864,256,6000,33.490
2026-07-18T00:28:04.647Z,usb,1,848316260,38645,9893120,256,6000,33.490
2026-07-18T00:28:04.690Z,usb,1,848316260,38646,9893376,256,6000,33.490
2026-07-18T00:28:04.732Z,usb,1,848316260,38647,9893632,256,6000,33.490
2026-07-18T00:28:04.775Z,usb,1,848316260,38648,9893888,256,6000,33.490
2026-07-18T00:28:04.817Z,usb,1,848316260,38649,9894144,256,6000,33.490
2026-07-18T00:28:04.860Z,usb,1,848316260,38650,9894400,256,6000,33.490
2026-07-18T00:28:04.902Z,usb,1,848316260,38651,9894656,256,6000,33.490
2026-07-18T00:28:04.945Z,usb,1,848316260,38652,9894912,256,6000,33.490
2026-07-18T00:28:04.987Z,usb,1,848316260,38653,9895168,256,6000,33.490
2026-07-18T00:28:05.030Z,usb,1,848316260,38654,9895424,256,6000,33.490
2026-07-18T00:28:05.072Z,usb,1,848316260,38655,9895680,256,6000,33.490
2026-07-18T00:28:05.114Z,usb,1,848316260,38656,9895936,256,6000,33.490
2026-07-18T00:28:05.157Z,usb,1,848316260,38657,9896192,256,6000,33.490
2026-07-18T00:28:05.200Z,usb,1,848316260,38658,9896448,256,6000,33.490
2026-07-18T00:28:05.242Z,usb,1,848316260,38659,9896704,256,6000,33.490
2026-07-18T00:28:05.285Z,usb,1,848316260,38660,9896960,256,6000,33.490
2026-07-18T00:28:05.327Z,usb,1,848316260,38661,9897216,256,6000,33.490
2026-07-18T00:28:05.370Z,usb,1,848316260,38662,9897472,256,6000,33.490
2026-07-18T00:28:05.412Z,usb,1,848316260,38663,9897728,256,6000,33.490
2026-07-18T00:28:05.454Z,usb,1,848316260,38664,9897984,256,6000,33.490
2026-07-18T00:28:05.497Z,usb,1,848316260,38665,9898240,256,6000,33.490
2026-07-18T00:28:05.539Z,usb,1,848316260,38666,9898496,256,6000,33.490
2026-07-18T00:28:05.583Z,usb,1,848316260,38667,9898752,256,6000,33.490
2026-07-18T00:28:05.625Z,usb,1,848316260,38668,9899008,256,6000,33.490
2026-07-18T00:28:05.668Z,usb,1,848316260,38669,9899264,256,6000,33.490
2026-07-18T00:28:05.710Z,usb,1,848316260,38670,9899520,256,6000,33.490
2026-07-18T00:28:05.753Z,usb,1,848316260,38671,9899776,256,6000,33.490
2026-07-18T00:28:05.795Z,usb,1,848316260,38672,9900032,256,6000,33.490
2026-07-18T00:28:05.838Z,usb,1,848316260,38673,9900288,256,6000,33.490
2026-07-18T00:28:05.880Z,usb,1,848316260,38674,9900544,256,6000,33.490
2026-07-18T00:28:05.923Z,usb,1,848316260,38675,9900800,256,6000,33.490
2026-07-18T00:28:05.965Z,usb,1,848316260,38676,9901056,256,6000,33.490
2026-07-18T00:28:06.008Z,usb,1,848316260,38677,9901312,256,6000,33.490
2026-07-18T00:28:06.050Z,usb,1,848316260,38678,9901568,256,6000,33.490
2026-07-18T00:28:06.093Z,usb,1,848316260,38679,9901824,256,6000,33.490
2026-07-18T00:28:06.135Z,usb,1,848316260,38680,9902080,256,6000,33.490
2026-07-18T00:28:06.178Z,usb,1,848316260,38681,9902336,256,6000,33.490
2026-07-18T00:28:06.220Z,usb,1,848316260,38682,9902592,256,6000,33.490
2026-07-18T00:28:06.263Z,usb,1,848316260,38683,9902848,256,6000,33.490
2026-07-18T00:28:06.305Z,usb,1,848316260,38684,9903104,256,6000,33.490
2026-07-18T00:28:06.348Z,usb,1,848316260,38685,9903360,256,6000,33.490
2026-07-18T00:28:06.390Z,usb,1,848316260,38686,9903616,256,6000,33.490
2026-07-18T00:28:06.433Z,usb,1,848316260,38687,9903872,256,6000,33.490
2026-07-18T00:28:06.475Z,usb,1,848316260,38688,9904128,256,6000,33.490
2026-07-18T00:28:06.518Z,usb,1,848316260,38689,9904384,256,6000,33.490
2026-07-18T00:28:06.560Z,usb,1,848316260,38690,9904640,256,6000,33.490
2026-07-18T00:28:06.604Z,usb,1,848316260,38691,9904896,256,6000,33.490
2026-07-18T00:28:06.646Z,usb,1,848316260,38692,9905152,256,6000,33.490
2026-07-18T00:28:06.689Z,usb,1,848316260,38693,9905408,256,6000,33.490
2026-07-18T00:28:06.731Z,usb,1,848316260,38694,9905664,256,6000,33.490
2026-07-18T00:28:06.774Z,usb,1,848316260,38695,9905920,256,6000,33.490
2026-07-18T00:28:06.816Z,usb,1,848316260,38696,9906176,256,6000,33.490
2026-07-18T00:28:06.859Z,usb,1,848316260,38697,9906432,256,6000,33.490
2026-07-18T00:28:06.901Z,usb,1,848316260,38698,9906688,256,6000,33.490
2026-07-18T00:28:06.944Z,usb,1,848316260,38699,9906944,256,6000,33.490
2026-07-18T00:28:06.986Z,usb,1,848316260,38700,9907200,256,6000,33.490
2026-07-18T00:28:07.029Z,usb,1,848316260,38701,9907456,256,6000,33.490
2026-07-18T00:28:07.071Z,usb,1,848316260,38702,9907712,256,6000,33.490
2026-07-18T00:28:07.114Z,usb,1,848316260,38703,9907968,256,6000,33.490
2026-07-18T00:28:07.156Z,usb,1,848316260,38704,9908224,256,6000,33.490
2026-07-18T00:28:07.199Z,usb,1,848316260,38705,9908480,256,6000,33.490
2026-07-18T00:28:07.242Z,usb,1,848316260,38706,9908736,256,6000,33.490
2026-07-18T00:28:07.284Z,usb,1,848316260,38707,9908992,256,6000,33.490
2026-07-18T00:28:07.326Z,usb,1,848316260,38708,9909248,256,6000,33.490
2026-07-18T00:28:07.368Z,usb,1,848316260,38709,9909504,256,6000,33.490
2026-07-18T00:28:07.411Z,usb,1,848316260,38710,9909760,256,6000,33.490
2026-07-18T00:28:07.454Z,usb,1,848316260,38711,9910016,256,6000,33.490
2026-07-18T00:28:07.496Z,usb,1,848316260,38712,9910272,256,6000,33.490
2026-07-18T00:28:07.538Z,usb,1,848316260,38713,9910528,256,6000,33.490
2026-07-18T00:28:07.581Z,usb,1,848316260,38714,9910784,256,6000,33.490
2026-07-18T00:28:07.624Z,usb,1,848316260,38715,9911040,256,6000,33.490
2026-07-18T00:28:07.667Z,usb,1,848316260,38716,9911296,256,6000,33.490
2026-07-18T00:28:07.709Z,usb,1,848316260,38717,9911552,256,6000,33.490
2026-07-18T00:28:07.752Z,usb,1,848316260,38718,9911808,256,6000,33.490
2026-07-18T00:28:07.794Z,usb,1,848316260,38719,9912064,256,6000,33.490
2026-07-18T00:28:07.837Z,usb,1,848316260,38720,9912320,256,6000,33.490
2026-07-18T00:28:07.879Z,usb,1,848316260,38721,9912576,256,6000,33.490
2026-07-18T00:28:07.922Z,usb,1,848316260,38722,9912832,256,6000,33.490
2026-07-18T00:28:07.964Z,usb,1,848316260,38723,9913088,256,6000,33.490
2026-07-18T00:28:08.007Z,usb,1,848316260,38724,9913344,256,6000,33.490
2026-07-18T00:28:08.049Z,usb,1,848316260,38725,9913600,256,6000,33.490
2026-07-18T00:28:08.092Z,usb,1,848316260,38726,9913856,256,6000,33.490
2026-07-18T00:28:08.134Z,usb,1,848316260,38727,9914112,256,6000,33.490
2026-07-18T00:28:08.177Z,usb,1,848316260,38728,9914368,256,6000,33.490
2026-07-18T00:28:08.219Z,usb,1,848316260,38729,9914624,256,6000,33.490
2026-07-18T00:28:08.262Z,usb,1,848316260,38730,9914880,256,6000,33.490
2026-07-18T00:28:08.304Z,usb,1,848316260,38731,9915136,256,6000,33.490
2026-07-18T00:28:08.347Z,usb,1,848316260,38732,9915392,256,6000,33.490
2026-07-18T00:28:08.389Z,usb,1,848316260,38733,9915648,256,6000,33.490
2026-07-18T00:28:08.432Z,usb,1,848316260,38734,9915904,256,6000,33.490
2026-07-18T00:28:08.474Z,usb,1,848316260,38735,9916160,256,6000,33.490
2026-07-18T00:28:08.517Z,usb,1,848316260,38736,9916416,256,6000,33.490
2026-07-18T00:28:08.559Z,usb,1,848316260,38737,9916672,256,6000,33.490
2026-07-18T00:28:08.602Z,usb,1,848316260,38738,9916928,256,6000,33.490
2026-07-18T00:28:08.645Z,usb,1,848316260,38739,9917184,256,6000,33.490
2026-07-18T00:28:08.687Z,usb,1,848316260,38740,9917440,256,6000,33.490
2026-07-18T00:28:08.730Z,usb,1,848316260,38741,9917696,256,6000,33.490
2026-07-18T00:28:08.773Z,usb,1,848316260,38742,9917952,256,6000,33.490
2026-07-18T00:28:08.815Z,usb,1,848316260,38743,9918208,256,6000,33.490
2026-07-18T00:28:08.857Z,usb,1,848316260,38744,9918464,256,6000,33.490
2026-07-18T00:28:08.900Z,usb,1,848316260,38745,9918720,256,6000,33.490
2026-07-18T00:28:08.942Z,usb,1,848316260,38746,9918976,256,6000,33.490
2026-07-18T00:28:08.985Z,usb,1,848316260,38747,9919232,256,6000,33.490
2026-07-18T00:28:09.027Z,usb,1,848316260,38748,9919488,256,6000,33.490
2026-07-18T00:28:09.070Z,usb,1,848316260,38749,9919744,256,6000,33.490
2026-07-18T00:28:09.112Z,usb,1,848316260,38750,9920000,256,6000,33.490
2026-07-18T00:28:09.155Z,usb,1,848316260,38751,9920256,256,6000,33.490
2026-07-18T00:28:09.197Z,usb,1,848316260,38752,9920512,256,6000,33.490
2026-07-18T00:28:09.240Z,usb,1,848316260,38753,9920768,256,6000,33.490
2026-07-18T00:28:09.282Z,usb,1,848316260,38754,9921024,256,6000,33.490
2026-07-18T00:28:09.325Z,usb,1,848316260,38755,9921280,256,6000,33.490
2026-07-18T00:28:09.367Z,usb,1,848316260,38756,9921536,256,6000,33.490
2026-07-18T00:28:09.410Z,usb,1,848316260,38757,9921792,256,6000,33.490
2026-07-18T00:28:09.452Z,usb,1,848316260,38758,9922048,256,6000,33.490
2026-07-18T00:28:09.495Z,usb,1,848316260,38759,9922304,256,6000,33.490
2026-07-18T00:28:09.537Z,usb,1,848316260,38760,9922560,256,6000,33.490
2026-07-18T00:28:09.580Z,usb,1,848316260,38761,9922816,256,6000,33.490
2026-07-18T00:28:09.622Z,usb,1,848316260,38762,9923072,256,6000,33.490
2026-07-18T00:28:09.666Z,usb,1,848316260,38763,9923328,256,6000,33.490
2026-07-18T00:28:09.708Z,usb,1,848316260,38764,9923584,256,6000,33.490
2026-07-18T00:28:09.751Z,usb,1,848316260,38765,9923840,256,6000,33.490
2026-07-18T00:28:09.793Z,usb,1,848316260,38766,9924096,256,6000,33.490
2026-07-18T00:28:09.836Z,usb,1,848316260,38767,9924352,256,6000,33.490
2026-07-18T00:28:09.878Z,usb,1,848316260,38768,9924608,256,6000,33.490
2026-07-18T00:28:09.921Z,usb,1,848316260,38769,9924864,256,6000,33.490
2026-07-18T00:28:09.963Z,usb,1,848316260,38770,9925120,256,6000,33.490
2026-07-18T00:28:10.006Z,usb,1,848316260,38771,9925376,256,6000,33.490
2026-07-18T00:28:10.048Z,usb,1,848316260,38772,9925632,256,6000,33.490
2026-07-18T00:28:10.091Z,usb,1,848316260,38773,9925888,256,6000,33.490
2026-07-18T00:28:10.133Z,usb,1,848316260,38774,9926144,256,6000,33.490
2026-07-18T00:28:10.176Z,usb,1,848316260,38775,9926400,256,6000,33.490
2026-07-18T00:28:10.218Z,usb,1,848316260,38776,9926656,256,6000,33.490
2026-07-18T00:28:10.261Z,usb,1,848316260,38777,9926912,256,6000,33.490
2026-07-18T00:28:10.303Z,usb,1,848316260,38778,9927168,256,6000,33.490
2026-07-18T00:28:10.346Z,usb,1,848316260,38779,9927424,256,6000,33.490
2026-07-18T00:28:10.388Z,usb,1,848316260,38780,9927680,256,6000,33.490
2026-07-18T00:28:10.431Z,usb,1,848316260,38781,9927936,256,6000,33.490
2026-07-18T00:28:10.473Z,usb,1,848316260,38782,9928192,256,6000,33.490
2026-07-18T00:28:10.516Z,usb,1,848316260,38783,9928448,256,6000,33.490
2026-07-18T00:28:10.558Z,usb,1,848316260,38784,9928704,256,6000,33.490
2026-07-18T00:28:10.601Z,usb,1,848316260,38785,9928960,256,6000,33.490
2026-07-18T00:28:10.643Z,usb,1,848316260,38786,9929216,256,6000,33.490
2026-07-18T00:28:10.686Z,usb,1,848316260,38787,9929472,256,6000,33.490
2026-07-18T00:28:10.729Z,usb,1,848316260,38788,9929728,256,6000,33.490
2026-07-18T00:28:10.771Z,usb,1,848316260,38789,9929984,256,6000,33.490
2026-07-18T00:28:10.814Z,usb,1,848316260,38790,9930240,256,6000,33.490
2026-07-18T00:28:10.856Z,usb,1,848316260,38791,9930496,256,6000,33.490
2026-07-18T00:28:10.899Z,usb,1,848316260,38792,9930752,256,6000,33.490
2026-07-18T00:28:10.942Z,usb,1,848316260,38793,9931008,256,6000,33.490
2026-07-18T00:28:10.984Z,usb,1,848316260,38794,9931264,256,6000,33.490
2026-07-18T00:28:11.026Z,usb,1,848316260,38795,9931520,256,6000,33.490
2026-07-18T00:28:11.069Z,usb,1,848316260,38796,9931776,256,6000,33.490
2026-07-18T00:28:11.111Z,usb,1,848316260,38797,9932032,256,6000,33.490
2026-07-18T00:28:11.154Z,usb,1,848316260,38798,9932288,256,6000,33.490
2026-07-18T00:28:11.197Z,usb,1,848316260,38799,9932544,256,6000,33.490
2026-07-18T00:28:11.239Z,usb,1,848316260,38800,9932800,256,6000,33.490
2026-07-18T00:28:11.281Z,usb,1,848316260,38801,9933056,256,6000,33.490
2026-07-18T00:28:11.324Z,usb,1,848316260,38802,9933312,256,6000,33.490
2026-07-18T00:28:11.366Z,usb,1,848316260,38803,9933568,256,6000,33.490
2026-07-18T00:28:11.409Z,usb,1,848316260,38804,9933824,256,6000,33.490
2026-07-18T00:28:11.451Z,usb,1,848316260,38805,9934080,256,6000,33.490
2026-07-18T00:28:11.494Z,usb,1,848316260,38806,9934336,256,6000,33.490
2026-07-18T00:28:11.536Z,usb,1,848316260,38807,9934592,256,6000,33.490
2026-07-18T00:28:11.579Z,usb,1,848316260,38808,9934848,256,6000,33.490
2026-07-18T00:28:11.622Z,usb,1,848316260,38809,9935104,256,6000,33.490
2026-07-18T00:28:11.664Z,usb,1,848316260,38810,9935360,256,6000,33.490
2026-07-18T00:28:11.707Z,usb,1,848316260,38811,9935616,256,6000,33.490
2026-07-18T00:28:11.750Z,usb,1,848316260,38812,9935872,256,6000,33.490
2026-07-18T00:28:11.792Z,usb,1,848316260,38813,9936128,256,6000,33.490
2026-07-18T00:28:11.835Z,usb,1,848316260,38814,9936384,256,6000,33.490
2026-07-18T00:28:11.877Z,usb,1,848316260,38815,9936640,256,6000,33.490
2026-07-18T00:28:11.920Z,usb,1,848316260,38816,9936896,256,6000,33.490
2026-07-18T00:28:11.962Z,usb,1,848316260,38817,9937152,256,6000,33.490
2026-07-18T00:28:12.005Z,usb,1,848316260,38818,9937408,256,6000,33.490
2026-07-18T00:28:12.047Z,usb,1,848316260,38819,9937664,256,6000,33.490
2026-07-18T00:28:12.090Z,usb,1,848316260,38820,9937920,256,6000,33.490
2026-07-18T00:28:12.132Z,usb,1,848316260,38821,9938176,256,6000,33.490
2026-07-18T00:28:12.175Z,usb,1,848316260,38822,9938432,256,6000,33.490
2026-07-18T00:28:12.217Z,usb,1,848316260,38823,9938688,256,6000,33.490
2026-07-18T00:28:12.260Z,usb,1,848316260,38824,9938944,256,6000,33.490
2026-07-18T00:28:12.302Z,usb,1,848316260,38825,9939200,256,6000,33.490
2026-07-18T00:28:12.345Z,usb,1,848316260,38826,9939456,256,6000,33.490
2026-07-18T00:28:12.388Z,usb,1,848316260,38827,9939712,256,6000,33.490
2026-07-18T00:28:12.430Z,usb,1,848316260,38828,9939968,256,6000,33.490
2026-07-18T00:28:12.472Z,usb,1,848316260,38829,9940224,256,6000,33.490
2026-07-18T00:28:12.515Z,usb,1,848316260,38830,9940480,256,6000,33.490
2026-07-18T00:28:12.557Z,usb,1,848316260,38831,9940736,256,6000,33.490
2026-07-18T00:28:12.600Z,usb,1,848316260,38832,9940992,256,6000,33.490
2026-07-18T00:28:12.642Z,usb,1,848316260,38833,9941248,256,6000,33.490
2026-07-18T00:28:12.685Z,usb,1,848316260,38834,9941504,256,6000,33.490
2026-07-18T00:28:12.728Z,usb,1,848316260,38835,9941760,256,6000,33.490
2026-07-18T00:28:12.771Z,usb,1,848316260,38836,9942016,256,6000,33.490
2026-07-18T00:28:12.813Z,usb,1,848316260,38837,9942272,256,6000,33.490
2026-07-18T00:28:12.856Z,usb,1,848316260,38838,9942528,256,6000,33.490
2026-07-18T00:28:12.898Z,usb,1,848316260,38839,9942784,256,6000,33.490
2026-07-18T00:28:12.941Z,usb,1,848316260,38840,9943040,256,6000,33.490
2026-07-18T00:28:12.983Z,usb,1,848316260,38841,9943296,256,6000,33.490
2026-07-18T00:28:13.026Z,usb,1,848316260,38842,9943552,256,6000,33.490
2026-07-18T00:28:13.068Z,usb,1,848316260,38843,9943808,256,6000,33.490
2026-07-18T00:28:13.111Z,usb,1,848316260,38844,9944064,256,6000,33.490
2026-07-18T00:28:13.153Z,usb,1,848316260,38845,9944320,256,6000,33.490
2026-07-18T00:28:13.196Z,usb,1,848316260,38846,9944576,256,6000,33.490
2026-07-18T00:28:13.238Z,usb,1,848316260,38847,9944832,256,6000,33.490
2026-07-18T00:28:13.281Z,usb,1,848316260,38848,9945088,256,6000,33.490
2026-07-18T00:28:13.323Z,usb,1,848316260,38849,9945344,256,6000,33.490
2026-07-18T00:28:13.366Z,usb,1,848316260,38850,9945600,256,6000,33.490
2026-07-18T00:28:13.408Z,usb,1,848316260,38851,9945856,256,6000,33.490
2026-07-18T00:28:13.451Z,usb,1,848316260,38852,9946112,256,6000,33.490
2026-07-18T00:28:13.493Z,usb,1,848316260,38853,9946368,256,6000,33.490
2026-07-18T00:28:13.536Z,usb,1,848316260,38854,9946624,256,6000,33.490
2026-07-18T00:28:13.578Z,usb,1,848316260,38855,9946880,256,6000,33.490
2026-07-18T00:28:13.621Z,usb,1,848316260,38856,9947136,256,6000,33.490
2026-07-18T00:28:13.663Z,usb,1,848316260,38857,9947392,256,6000,33.490
2026-07-18T00:28:13.706Z,usb,1,848316260,38858,9947648,256,6000,33.490
2026-07-18T00:28:13.749Z,usb,1,848316260,38859,9947904,256,6000,33.490
2026-07-18T00:28:13.791Z,usb,1,848316260,38860,9948160,256,6000,33.490
2026-07-18T00:28:13.834Z,usb,1,848316260,38861,9948416,256,6000,33.490
2026-07-18T00:28:13.876Z,usb,1,848316260,38862,9948672,256,6000,33.490
2026-07-18T00:28:13.919Z,usb,1,848316260,38863,9948928,256,6000,33.490
2026-07-18T00:28:13.961Z,usb,1,848316260,38864,9949184,256,6000,33.490
2026-07-18T00:28:14.004Z,usb,1,848316260,38865,9949440,256,6000,33.490
2026-07-18T00:28:14.046Z,usb,1,848316260,38866,9949696,256,6000,33.490
2026-07-18T00:28:14.089Z,usb,1,848316260,38867,9949952,256,6000,33.490
2026-07-18T00:28:14.131Z,usb,1,848316260,38868,9950208,256,6000,33.490
2026-07-18T00:28:14.174Z,usb,1,848316260,38869,9950464,256,6000,33.490
2026-07-18T00:28:14.216Z,usb,1,848316260,38870,9950720,256,6000,33.490
2026-07-18T00:28:14.259Z,usb,1,848316260,38871,9950976,256,6000,33.490
2026-07-18T00:28:14.301Z,usb,1,848316260,38872,9951232,256,6000,33.490
2026-07-18T00:28:14.344Z,usb,1,848316260,38873,9951488,256,6000,33.490
2026-07-18T00:28:14.386Z,usb,1,848316260,38874,9951744,256,6000,33.490
2026-07-18T00:28:14.429Z,usb,1,848316260,38875,9952000,256,6000,33.490
2026-07-18T00:28:14.471Z,usb,1,848316260,38876,9952256,256,6000,33.490
2026-07-18T00:28:14.514Z,usb,1,848316260,38877,9952512,256,6000,33.490
2026-07-18T00:28:14.556Z,usb,1,848316260,38878,9952768,256,6000,33.490
2026-07-18T00:28:14.599Z,usb,1,848316260,38879,9953024,256,6000,33.490
2026-07-18T00:28:14.641Z,usb,1,848316260,38880,9953280,256,6000,33.490
2026-07-18T00:28:14.684Z,usb,1,848316260,38881,9953536,256,6000,33.490
2026-07-18T00:28:14.726Z,usb,1,848316260,38882,9953792,256,6000,33.490
2026-07-18T00:28:14.769Z,usb,1,848316260,38883,9954048,256,6000,33.490
2026-07-18T00:28:14.812Z,usb,1,848316260,38884,9954304,256,6000,33.490
2026-07-18T00:28:14.855Z,usb,1,848316260,38885,9954560,256,6000,33.490
2026-07-18T00:28:14.897Z,usb,1,848316260,38886,9954816,256,6000,33.490
2026-07-18T00:28:14.940Z,usb,1,848316260,38887,9955072,256,6000,33.490
2026-07-18T00:28:14.982Z,usb,1,848316260,38888,9955328,256,6000,33.490
2026-07-18T00:28:15.025Z,usb,1,848316260,38889,9955584,256,6000,33.490
2026-07-18T00:28:15.067Z,usb,1,848316260,38890,9955840,256,6000,33.490
2026-07-18T00:28:15.109Z,usb,1,848316260,38891,9956096,256,6000,33.490
2026-07-18T00:28:15.152Z,usb,1,848316260,38892,9956352,256,6000,33.490
2026-07-18T00:28:15.195Z,usb,1,848316260,38893,9956608,256,6000,33.490
2026-07-18T00:28:15.237Z,usb,1,848316260,38894,9956864,256,6000,33.490
2026-07-18T00:28:15.280Z,usb,1,848316260,38895,9957120,256,6000,33.490
2026-07-18T00:28:15.322Z,usb,1,848316260,38896,9957376,256,6000,33.490
2026-07-18T00:28:15.365Z,usb,1,848316260,38897,9957632,256,6000,33.490
2026-07-18T00:28:15.407Z,usb,1,848316260,38898,9957888,256,6000,33.490
2026-07-18T00:28:15.450Z,usb,1,848316260,38899,9958144,256,6000,33.490
2026-07-18T00:28:15.492Z,usb,1,848316260,38900,9958400,256,6000,33.490
2026-07-18T00:28:15.535Z,usb,1,848316260,38901,9958656,256,6000,33.490
2026-07-18T00:28:15.577Z,usb,1,848316260,38902,9958912,256,6000,33.490
2026-07-18T00:28:15.620Z,usb,1,848316260,38903,9959168,256,6000,33.490
2026-07-18T00:28:15.662Z,usb,1,848316260,38904,9959424,256,6000,33.490
2026-07-18T00:28:15.705Z,usb,1,848316260,38905,9959680,256,6000,33.490
2026-07-18T00:28:15.747Z,usb,1,848316260,38906,9959936,256,6000,33.490
2026-07-18T00:28:15.790Z,usb,1,848316260,38907,9960192,256,6000,33.490
2026-07-18T00:28:15.833Z,usb,1,848316260,38908,9960448,256,6000,33.490
2026-07-18T00:28:15.875Z,usb,1,848316260,38909,9960704,256,6000,33.490
2026-07-18T00:28:15.918Z,usb,1,848316260,38910,9960960,256,6000,33.490
2026-07-18T00:28:15.961Z,usb,1,848316260,38911,9961216,256,6000,33.490
2026-07-18T00:28:16.003Z,usb,1,848316260,38912,9961472,256,6000,33.490
2026-07-18T00:28:16.046Z,usb,1,848316260,38913,9961728,256,6000,33.490
2026-07-18T00:28:16.088Z,usb,1,848316260,38914,9961984,256,6000,33.490
2026-07-18T00:28:16.130Z,usb,1,848316260,38915,9962240,256,6000,33.490
2026-07-18T00:28:16.173Z,usb,1,848316260,38916,9962496,256,6000,33.490
2026-07-18T00:28:16.215Z,usb,1,848316260,38917,9962752,256,6000,33.490
2026-07-18T00:28:16.258Z,usb,1,848316260,38918,9963008,256,6000,33.490
2026-07-18T00:28:16.300Z,usb,1,848316260,38919,9963264,256,6000,33.490
2026-07-18T00:28:16.343Z,usb,1,848316260,38920,9963520,256,6000,33.490
2026-07-18T00:28:16.385Z,usb,1,848316260,38921,9963776,256,6000,33.490
2026-07-18T00:28:16.428Z,usb,1,848316260,38922,9964032,256,6000,33.490
2026-07-18T00:28:16.470Z,usb,1,848316260,38923,9964288,256,6000,33.490
2026-07-18T00:28:16.513Z,usb,1,848316260,38924,9964544,256,6000,33.490
2026-07-18T00:28:16.555Z,usb,1,848316260,38925,9964800,256,6000,33.490
2026-07-18T00:28:16.598Z,usb,1,848316260,38926,9965056,256,6000,33.490
2026-07-18T00:28:16.640Z,usb,1,848316260,38927,9965312,256,6000,33.490
2026-07-18T00:28:16.683Z,usb,1,848316260,38928,9965568,256,6000,33.490
2026-07-18T00:28:16.725Z,usb,1,848316260,38929,9965824,256,6000,33.490
2026-07-18T00:28:16.768Z,usb,1,848316260,38930,9966080,256,6000,33.490
2026-07-18T00:28:16.811Z,usb,1,848316260,38931,9966336,256,6000,33.490
2026-07-18T00:28:16.854Z,usb,1,848316260,38932,9966592,256,6000,33.490
2026-07-18T00:28:16.896Z,usb,1,848316260,38933,9966848,256,6000,33.490
2026-07-18T00:28:16.939Z,usb,1,848316260,38934,9967104,256,6000,33.490
2026-07-18T00:28:16.981Z,usb,1,848316260,38935,9967360,256,6000,33.490
2026-07-18T00:28:17.024Z,usb,1,848316260,38936,9967616,256,6000,33.490
2026-07-18T00:28:17.066Z,usb,1,848316260,38937,9967872,256,6000,33.490
2026-07-18T00:28:17.109Z,usb,1,848316260,38938,9968128,256,6000,33.490
2026-07-18T00:28:17.151Z,usb,1,848316260,38939,9968384,256,6000,33.490
2026-07-18T00:28:17.194Z,usb,1,848316260,38940,9968640,256,6000,33.490
2026-07-18T00:28:17.236Z,usb,1,848316260,38941,9968896,256,6000,33.490
2026-07-18T00:28:17.279Z,usb,1,848316260,38942,9969152,256,6000,33.490
2026-07-18T00:28:17.321Z,usb,1,848316260,38943,9969408,256,6000,33.490
2026-07-18T00:28:17.364Z,usb,1,848316260,38944,9969664,256,6000,33.490
2026-07-18T00:28:17.406Z,usb,1,848316260,38945,9969920,256,6000,33.490
2026-07-18T00:28:17.449Z,usb,1,848316260,38946,9970176,256,6000,33.490
2026-07-18T00:28:17.491Z,usb,1,848316260,38947,9970432,256,6000,33.490
2026-07-18T00:28:17.534Z,usb,1,848316260,38948,9970688,256,6000,33.490
2026-07-18T00:28:17.576Z,usb,1,848316260,38949,9970944,256,6000,33.490
2026-07-18T00:28:17.619Z,usb,1,848316260,38950,9971200,256,6000,33.490
2026-07-18T00:28:17.661Z,usb,1,848316260,38951,9971456,256,6000,33.490
2026-07-18T00:28:17.704Z,usb,1,848316260,38952,9971712,256,6000,33.490
2026-07-18T00:28:17.746Z,usb,1,848316260,38953,9971968,256,6000,33.490
2026-07-18T00:28:17.789Z,usb,1,848316260,38954,9972224,256,6000,33.490
2026-07-18T00:28:17.832Z,usb,1,848316260,38955,9972480,256,6000,33.490
2026-07-18T00:28:17.874Z,usb,1,848316260,38956,9972736,256,6000,33.490
2026-07-18T00:28:17.917Z,usb,1,848316260,38957,9972992,256,6000,33.490
2026-07-18T00:28:17.959Z,usb,1,848316260,38958,9973248,256,6000,33.490
2026-07-18T00:28:18.002Z,usb,1,848316260,38959,9973504,256,6000,33.490
2026-07-18T00:28:18.044Z,usb,1,848316260,38960,9973760,256,6000,33.490
2026-07-18T00:28:18.087Z,usb,1,848316260,38961,9974016,256,6000,33.490
2026-07-18T00:28:18.129Z,usb,1,848316260,38962,9974272,256,6000,33.490
2026-07-18T00:28:18.172Z,usb,1,848316260,38963,9974528,256,6000,33.490
2026-07-18T00:28:18.214Z,usb,1,848316260,38964,9974784,256,6000,33.490
2026-07-18T00:28:18.257Z,usb,1,848316260,38965,9975040,256,6000,33.490
2026-07-18T00:28:18.299Z,usb,1,848316260,38966,9975296,256,6000,33.490
2026-07-18T00:28:18.342Z,usb,1,848316260,38967,9975552,256,6000,33.490
2026-07-18T00:28:18.384Z,usb,1,848316260,38968,9975808,256,6000,33.490
2026-07-18T00:28:18.427Z,usb,1,848316260,38969,9976064,256,6000,33.490
2026-07-18T00:28:18.469Z,usb,1,848316260,38970,9976320,256,6000,33.490
2026-07-18T00:28:18.512Z,usb,1,848316260,38971,9976576,256,6000,33.490
2026-07-18T00:28:18.554Z,usb,1,848316260,38972,9976832,256,6000,33.490
2026-07-18T00:28:18.597Z,usb,1,848316260,38973,9977088,256,6000,33.490
2026-07-18T00:28:18.639Z,usb,1,848316260,38974,9977344,256,6000,33.490
2026-07-18T00:28:18.682Z,usb,1,848316260,38975,9977600,256,6000,33.490
2026-07-18T00:28:18.724Z,usb,1,848316260,38976,9977856,256,6000,33.490
2026-07-18T00:28:18.767Z,usb,1,848316260,38977,9978112,256,6000,33.490
2026-07-18T00:28:18.809Z,usb,1,848316260,38978,9978368,256,6000,33.490
2026-07-18T00:28:18.852Z,usb,1,848316260,38979,9978624,256,6000,33.490
2026-07-18T00:28:18.895Z,usb,1,848316260,38980,9978880,256,6000,33.490
2026-07-18T00:28:18.938Z,usb,1,848316260,38981,9979136,256,6000,33.490
2026-07-18T00:28:18.980Z,usb,1,848316260,38982,9979392,256,6000,33.490
2026-07-18T00:28:19.022Z,usb,1,848316260,38983,9979648,256,6000,33.490
2026-07-18T00:28:19.065Z,usb,1,848316260,38984,9979904,256,6000,33.490
2026-07-18T00:28:19.108Z,usb,1,848316260,38985,9980160,256,6000,33.490
2026-07-18T00:28:19.150Z,usb,1,848316260,38986,9980416,256,6000,33.490
2026-07-18T00:28:19.192Z,usb,1,848316260,38987,9980672,256,6000,33.490
2026-07-18T00:28:19.235Z,usb,1,848316260,38988,9980928,256,6000,33.490
2026-07-18T00:28:19.277Z,usb,1,848316260,38989,9981184,256,6000,33.490
2026-07-18T00:28:19.320Z,usb,1,848316260,38990,9981440,256,6000,33.490
2026-07-18T00:28:19.363Z,usb,1,848316260,38991,9981696,256,6000,33.490
2026-07-18T00:28:19.405Z,usb,1,848316260,38992,9981952,256,6000,33.490
2026-07-18T00:28:19.448Z,usb,1,848316260,38993,9982208,256,6000,33.490
2026-07-18T00:28:19.490Z,usb,1,848316260,38994,9982464,256,6000,33.490
2026-07-18T00:28:19.532Z,usb,1,848316260,38995,9982720,256,6000,33.490
2026-07-18T00:28:19.575Z,usb,1,848316260,38996,9982976,256,6000,33.490
2026-07-18T00:28:19.618Z,usb,1,848316260,38997,9983232,256,6000,33.490
2026-07-18T00:28:19.660Z,usb,1,848316260,38998,9983488,256,6000,33.490
2026-07-18T00:28:19.703Z,usb,1,848316260,38999,9983744,256,6000,33.490
2026-07-18T00:28:19.745Z,usb,1,848316260,39000,9984000,256,6000,33.490
2026-07-18T00:28:19.787Z,usb,1,848316260,39001,9984256,256,6000,33.490
2026-07-18T00:28:19.830Z,usb,1,848316260,39002,9984512,256,6000,33.490
2026-07-18T00:28:19.873Z,usb,1,848316260,39003,9984768,256,6000,33.490
2026-07-18T00:28:19.916Z,usb,1,848316260,39004,9985024,256,6000,33.490
2026-07-18T00:28:19.958Z,usb,1,848316260,39005,9985280,256,6000,33.490
2026-07-18T00:28:20.001Z,usb,1,848316260,39006,9985536,256,6000,33.490
2026-07-18T00:28:20.043Z,usb,1,848316260,39007,9985792,256,6000,33.490
2026-07-18T00:28:20.086Z,usb,1,848316260,39008,9986048,256,6000,33.490
2026-07-18T00:28:20.128Z,usb,1,848316260,39009,9986304,256,6000,33.490
2026-07-18T00:28:20.171Z,usb,1,848316260,39010,9986560,256,6000,33.490
2026-07-18T00:28:20.213Z,usb,1,848316260,39011,9986816,256,6000,33.490
2026-07-18T00:28:20.256Z,usb,1,848316260,39012,9987072,256,6000,33.490
2026-07-18T00:28:20.298Z,usb,1,848316260,39013,9987328,256,6000,33.490
2026-07-18T00:28:20.341Z,usb,1,848316260,39014,9987584,256,6000,33.490
2026-07-18T00:28:20.383Z,usb,1,848316260,39015,9987840,256,6000,33.490
2026-07-18T00:28:20.426Z,usb,1,848316260,39016,9988096,256,6000,33.490
2026-07-18T00:28:20.468Z,usb,1,848316260,39017,9988352,256,6000,33.490
2026-07-18T00:28:20.511Z,usb,1,848316260,39018,9988608,256,6000,33.490
2026-07-18T00:28:20.553Z,usb,1,848316260,39019,9988864,256,6000,33.490
2026-07-18T00:28:20.596Z,usb,1,848316260,39020,9989120,256,6000,33.490
2026-07-18T00:28:20.638Z,usb,1,848316260,39021,9989376,256,6000,33.490
2026-07-18T00:28:20.681Z,usb,1,848316260,39022,9989632,256,6000,33.490
2026-07-18T00:28:20.723Z,usb,1,848316260,39023,9989888,256,6000,33.490
2026-07-18T00:28:20.766Z,usb,1,848316260,39024,9990144,256,6000,33.490
2026-07-18T00:28:20.808Z,usb,1,848316260,39025,9990400,256,6000,33.490
2026-07-18T00:28:20.851Z,usb,1,848316260,39026,9990656,256,6000,33.490
2026-07-18T00:28:20.894Z,usb,1,848316260,39027,9990912,256,6000,33.490
2026-07-18T00:28:20.936Z,usb,1,848316260,39028,9991168,256,6000,33.490
2026-07-18T00:28:20.979Z,usb,1,848316260,39029,9991424,256,6000,33.490
2026-07-18T00:28:21.022Z,usb,1,848316260,39030,9991680,256,6000,33.490
2026-07-18T00:28:21.064Z,usb,1,848316260,39031,9991936,256,6000,33.490
2026-07-18T00:28:21.107Z,usb,1,848316260,39032,9992192,256,6000,33.490
2026-07-18T00:28:21.149Z,usb,1,848316260,39033,9992448,256,6000,33.490
2026-07-18T00:28:21.191Z,usb,1,848316260,39034,9992704,256,6000,33.490
2026-07-18T00:28:21.234Z,usb,1,848316260,39035,9992960,256,6000,33.490
2026-07-18T00:28:21.276Z,usb,1,848316260,39036,9993216,256,6000,33.490
2026-07-18T00:28:21.319Z,usb,1,848316260,39037,9993472,256,6000,33.490
2026-07-18T00:28:21.362Z,usb,1,848316260,39038,9993728,256,6000,33.490
2026-07-18T00:28:21.404Z,usb,1,848316260,39039,9993984,256,6000,33.490
2026-07-18T00:28:21.446Z,usb,1,848316260,39040,9994240,256,6000,33.490
2026-07-18T00:28:21.489Z,usb,1,848316260,39041,9994496,256,6000,33.490
2026-07-18T00:28:21.531Z,usb,1,848316260,39042,9994752,256,6000,33.490
2026-07-18T00:28:21.574Z,usb,1,848316260,39043,9995008,256,6000,33.490
2026-07-18T00:28:21.616Z,usb,1,848316260,39044,9995264,256,6000,33.490
2026-07-18T00:28:21.659Z,usb,1,848316260,39045,9995520,256,6000,33.490
2026-07-18T00:28:21.702Z,usb,1,848316260,39046,9995776,256,6000,33.490
2026-07-18T00:28:21.744Z,usb,1,848316260,39047,9996032,256,6000,33.490
2026-07-18T00:28:21.787Z,usb,1,848316260,39048,9996288,256,6000,33.490
2026-07-18T00:28:21.829Z,usb,1,848316260,39049,9996544,256,6000,33.490
2026-07-18T00:28:21.872Z,usb,1,848316260,39050,9996800,256,6000,33.490
2026-07-18T00:28:21.915Z,usb,1,848316260,39051,9997056,256,6000,33.490
2026-07-18T00:28:21.957Z,usb,1,848316260,39052,9997312,256,6000,33.490
2026-07-18T00:28:22.000Z,usb,1,848316260,39053,9997568,256,6000,33.490
2026-07-18T00:28:22.042Z,usb,1,848316260,39054,9997824,256,6000,33.490
2026-07-18T00:28:22.085Z,usb,1,848316260,39055,9998080,256,6000,33.490
2026-07-18T00:28:22.127Z,usb,1,848316260,39056,9998336,256,6000,33.490
2026-07-18T00:28:22.170Z,usb,1,848316260,39057,9998592,256,6000,33.490
2026-07-18T00:28:22.212Z,usb,1,848316260,39058,9998848,256,6000,33.490
2026-07-18T00:28:22.255Z,usb,1,848316260,39059,9999104,256,6000,33.490
2026-07-18T00:28:22.297Z,usb,1,848316260,39060,9999360,256,6000,33.490
2026-07-18T00:28:22.340Z,usb,1,848316260,39061,9999616,256,6000,33.490
2026-07-18T00:28:22.382Z,usb,1,848316260,39062,9999872,256,6000,33.490
2026-07-18T00:28:22.425Z,usb,1,848316260,39063,10000128,256,6000,33.490
2026-07-18T00:28:22.467Z,usb,1,848316260,39064,10000384,256,6000,33.490
2026-07-18T00:28:22.510Z,usb,1,848316260,39065,10000640,256,6000,33.490
2026-07-18T00:28:22.552Z,usb,1,848316260,39066,10000896,256,6000,33.490
2026-07-18T00:28:22.595Z,usb,1,848316260,39067,10001152,256,6000,33.490
2026-07-18T00:28:22.637Z,usb,1,848316260,39068,10001408,256,6000,33.490
2026-07-18T00:28:22.680Z,usb,1,848316260,39069,10001664,256,6000,33.490
2026-07-18T00:28:22.722Z,usb,1,848316260,39070,10001920,256,6000,33.490
2026-07-18T00:28:22.765Z,usb,1,848316260,39071,10002176,256,6000,33.490
2026-07-18T00:28:22.807Z,usb,1,848316260,39072,10002432,256,6000,33.490
2026-07-18T00:28:22.850Z,usb,1,848316260,39073,10002688,256,6000,33.490
2026-07-18T00:28:22.892Z,usb,1,848316260,39074,10002944,256,6000,33.490
2026-07-18T00:28:22.936Z,usb,1,848316260,39075,10003200,256,6000,33.490
2026-07-18T00:28:22.978Z,usb,1,848316260,39076,10003456,256,6000,33.490
2026-07-18T00:28:23.021Z,usb,1,848316260,39077,10003712,256,6000,33.490
2026-07-18T00:28:23.063Z,usb,1,848316260,39078,10003968,256,6000,33.490
2026-07-18T00:28:23.106Z,usb,1,848316260,39079,10004224,256,6000,33.490
2026-07-18T00:28:23.148Z,usb,1,848316260,39080,10004480,256,6000,33.490
2026-07-18T00:28:23.191Z,usb,1,848316260,39081,10004736,256,6000,33.490
2026-07-18T00:28:23.233Z,usb,1,848316260,39082,10004992,256,6000,33.490
2026-07-18T00:28:23.275Z,usb,1,848316260,39083,10005248,256,6000,33.490
2026-07-18T00:28:23.318Z,usb,1,848316260,39084,10005504,256,6000,33.490
2026-07-18T00:28:23.360Z,usb,1,848316260,39085,10005760,256,6000,33.490
2026-07-18T00:28:23.403Z,usb,1,848316260,39086,10006016,256,6000,33.490
2026-07-18T00:28:23.446Z,usb,1,848316260,39087,10006272,256,6000,33.490
2026-07-18T00:28:23.488Z,usb,1,848316260,39088,10006528,256,6000,33.490
2026-07-18T00:28:23.530Z,usb,1,848316260,39089,10006784,256,6000,33.490
2026-07-18T00:28:23.573Z,usb,1,848316260,39090,10007040,256,6000,33.490
2026-07-18T00:28:23.616Z,usb,1,848316260,39091,10007296,256,6000,33.490
2026-07-18T00:28:23.658Z,usb,1,848316260,39092,10007552,256,6000,33.490
2026-07-18T00:28:23.700Z,usb,1,848316260,39093,10007808,256,6000,33.490
2026-07-18T00:28:23.743Z,usb,1,848316260,39094,10008064,256,6000,33.490
2026-07-18T00:28:23.786Z,usb,1,848316260,39095,10008320,256,6000,33.490
2026-07-18T00:28:23.828Z,usb,1,848316260,39096,10008576,256,6000,33.490
2026-07-18T00:28:23.871Z,usb,1,848316260,39097,10008832,256,6000,33.490
2026-07-18T00:28:23.913Z,usb,1,848316260,39098,10009088,256,6000,33.490
2026-07-18T00:28:23.956Z,usb,1,848316260,39099,10009344,256,6000,33.490
2026-07-18T00:28:23.999Z,usb,1,848316260,39100,10009600,256,6000,33.490
2026-07-18T00:28:24.041Z,usb,1,848316260,39101,10009856,256,6000,33.490
2026-07-18T00:28:24.084Z,usb,1,848316260,39102,10010112,256,6000,33.490
2026-07-18T00:28:24.126Z,usb,1,848316260,39103,10010368,256,6000,33.490
2026-07-18T00:28:24.169Z,usb,1,848316260,39104,10010624,256,6000,33.490
2026-07-18T00:28:24.211Z,usb,1,848316260,39105,10010880,256,6000,33.490
2026-07-18T00:28:24.254Z,usb,1,848316260,39106,10011136,256,6000,33.490
2026-07-18T00:28:24.296Z,usb,1,848316260,39107,10011392,256,6000,33.490
2026-07-18T00:28:24.339Z,usb,1,848316260,39108,10011648,256,6000,33.490
2026-07-18T00:28:24.381Z,usb,1,848316260,39109,10011904,256,6000,33.490
2026-07-18T00:28:24.424Z,usb,1,848316260,39110,10012160,256,6000,33.490
2026-07-18T00:28:24.466Z,usb,1,848316260,39111,10012416,256,6000,33.490
2026-07-18T00:28:24.509Z,usb,1,848316260,39112,10012672,256,6000,33.490
2026-07-18T00:28:24.551Z,usb,1,848316260,39113,10012928,256,6000,33.490
2026-07-18T00:28:24.594Z,usb,1,848316260,39114,10013184,256,6000,33.490
2026-07-18T00:28:24.636Z,usb,1,848316260,39115,10013440,256,6000,33.490
2026-07-18T00:28:24.679Z,usb,1,848316260,39116,10013696,256,6000,33.490
2026-07-18T00:28:24.721Z,usb,1,848316260,39117,10013952,256,6000,33.490
2026-07-18T00:28:24.764Z,usb,1,848316260,39118,10014208,256,6000,33.490
2026-07-18T00:28:24.806Z,usb,1,848316260,39119,10014464,256,6000,33.490
2026-07-18T00:28:24.849Z,usb,1,848316260,39120,10014720,256,6000,33.490
2026-07-18T00:28:24.891Z,usb,1,848316260,39121,10014976,256,6000,33.490
2026-07-18T00:28:24.934Z,usb,1,848316260,39122,10015232,256,6000,33.490
2026-07-18T00:28:24.977Z,usb,1,848316260,39123,10015488,256,6000,33.490
2026-07-18T00:28:25.019Z,usb,1,848316260,39124,10015744,256,6000,33.490
2026-07-18T00:28:25.062Z,usb,1,848316260,39125,10016000,256,6000,33.490
2026-07-18T00:28:25.105Z,usb,1,848316260,39126,10016256,256,6000,33.490
2026-07-18T00:28:25.147Z,usb,1,848316260,39127,10016512,256,6000,33.490
2026-07-18T00:28:25.189Z,usb,1,848316260,39128,10016768,256,6000,33.490
2026-07-18T00:28:25.232Z,usb,1,848316260,39129,10017024,256,6000,33.490
2026-07-18T00:28:25.274Z,usb,1,848316260,39130,10017280,256,6000,33.490
2026-07-18T00:28:25.317Z,usb,1,848316260,39131,10017536,256,6000,33.490
2026-07-18T00:28:25.359Z,usb,1,848316260,39132,10017792,256,6000,33.490
2026-07-18T00:28:25.402Z,usb,1,848316260,39133,10018048,256,6000,33.490
2026-07-18T00:28:25.444Z,usb,1,848316260,39134,10018304,256,6000,33.490
2026-07-18T00:28:25.487Z,usb,1,848316260,39135,10018560,256,6000,33.490
2026-07-18T00:28:25.529Z,usb,1,848316260,39136,10018816,256,6000,33.490
2026-07-18T00:28:25.572Z,usb,1,848316260,39137,10019072,256,6000,33.490
2026-07-18T00:28:25.615Z,usb,1,848316260,39138,10019328,256,6000,33.490
2026-07-18T00:28:25.657Z,usb,1,848316260,39139,10019584,256,6000,33.490
2026-07-18T00:28:25.700Z,usb,1,848316260,39140,10019840,256,6000,33.490
2026-07-18T00:28:25.742Z,usb,1,848316260,39141,10020096,256,6000,33.490
2026-07-18T00:28:25.784Z,usb,1,848316260,39142,10020352,256,6000,33.490
2026-07-18T00:28:25.827Z,usb,1,848316260,39143,10020608,256,6000,33.490
2026-07-18T00:28:25.869Z,usb,1,848316260,39144,10020864,256,6000,33.490
2026-07-18T00:28:25.912Z,usb,1,848316260,39145,10021120,256,6000,33.490
2026-07-18T00:28:25.954Z,usb,1,848316260,39146,10021376,256,6000,33.490
2026-07-18T00:28:25.998Z,usb,1,848316260,39147,10021632,256,6000,33.490
2026-07-18T00:28:26.040Z,usb,1,848316260,39148,10021888,256,6000,33.490
2026-07-18T00:28:26.083Z,usb,1,848316260,39149,10022144,256,6000,33.490
2026-07-18T00:28:26.125Z,usb,1,848316260,39150,10022400,256,6000,33.490
2026-07-18T00:28:26.168Z,usb,1,848316260,39151,10022656,256,6000,33.490
2026-07-18T00:28:26.210Z,usb,1,848316260,39152,10022912,256,6000,33.490
2026-07-18T00:28:26.253Z,usb,1,848316260,39153,10023168,256,6000,33.490
2026-07-18T00:28:26.295Z,usb,1,848316260,39154,10023424,256,6000,33.490
2026-07-18T00:28:26.338Z,usb,1,848316260,39155,10023680,256,6000,33.490
2026-07-18T00:28:26.380Z,usb,1,848316260,39156,10023936,256,6000,33.490
2026-07-18T00:28:26.423Z,usb,1,848316260,39157,10024192,256,6000,33.490
2026-07-18T00:28:26.465Z,usb,1,848316260,39158,10024448,256,6000,33.490
2026-07-18T00:28:26.508Z,usb,1,848316260,39159,10024704,256,6000,33.490
2026-07-18T00:28:26.550Z,usb,1,848316260,39160,10024960,256,6000,33.490
2026-07-18T00:28:26.593Z,usb,1,848316260,39161,10025216,256,6000,33.490
2026-07-18T00:28:26.635Z,usb,1,848316260,39162,10025472,256,6000,33.490
2026-07-18T00:28:26.677Z,usb,1,848316260,39163,10025728,256,6000,33.490
2026-07-18T00:28:26.720Z,usb,1,848316260,39164,10025984,256,6000,33.490
2026-07-18T00:28:26.763Z,usb,1,848316260,39165,10026240,256,6000,33.490
2026-07-18T00:28:26.805Z,usb,1,848316260,39166,10026496,256,6000,33.490
2026-07-18T00:28:26.848Z,usb,1,848316260,39167,10026752,256,6000,33.490
2026-07-18T00:28:26.890Z,usb,1,848316260,39168,10027008,256,6000,33.490
2026-07-18T00:28:26.933Z,usb,1,848316260,39169,10027264,256,6000,33.490
2026-07-18T00:28:26.975Z,usb,1,848316260,39170,10027520,256,6000,33.490
2026-07-18T00:28:27.018Z,usb,1,848316260,39171,10027776,256,6000,33.490
2026-07-18T00:28:27.061Z,usb,1,848316260,39172,10028032,256,6000,33.490
2026-07-18T00:28:27.103Z,usb,1,848316260,39173,10028288,256,6000,33.490
2026-07-18T00:28:27.146Z,usb,1,848316260,39174,10028544,256,6000,33.490
2026-07-18T00:28:27.188Z,usb,1,848316260,39175,10028800,256,6000,33.490
2026-07-18T00:28:27.231Z,usb,1,848316260,39176,10029056,256,6000,33.490
2026-07-18T00:28:27.273Z,usb,1,848316260,39177,10029312,256,6000,33.490
2026-07-18T00:28:27.316Z,usb,1,848316260,39178,10029568,256,6000,33.490
2026-07-18T00:28:27.359Z,usb,1,848316260,39179,10029824,256,6000,33.490
2026-07-18T00:28:27.401Z,usb,1,848316260,39180,10030080,256,6000,33.490
2026-07-18T00:28:27.444Z,usb,1,848316260,39181,10030336,256,6000,33.490
2026-07-18T00:28:27.486Z,usb,1,848316260,39182,10030592,256,6000,33.490
2026-07-18T00:28:27.528Z,usb,1,848316260,39183,10030848,256,6000,33.490
2026-07-18T00:28:27.571Z,usb,1,848316260,39184,10031104,256,6000,33.490
2026-07-18T00:28:27.613Z,usb,1,848316260,39185,10031360,256,6000,33.490
2026-07-18T00:28:27.656Z,usb,1,848316260,39186,10031616,256,6000,33.490
2026-07-18T00:28:27.699Z,usb,1,848316260,39187,10031872,256,6000,33.490
2026-07-18T00:28:27.741Z,usb,1,848316260,39188,10032128,256,6000,33.490
2026-07-18T00:28:27.783Z,usb,1,848316260,39189,10032384,256,6000,33.490
2026-07-18T00:28:27.826Z,usb,1,848316260,39190,10032640,256,6000,33.490
2026-07-18T00:28:27.868Z,usb,1,848316260,39191,10032896,256,6000,33.490
2026-07-18T00:28:27.911Z,usb,1,848316260,39192,10033152,256,6000,33.490
2026-07-18T00:28:27.954Z,usb,1,848316260,39193,10033408,256,6000,33.490
2026-07-18T00:28:27.996Z,usb,1,848316260,39194,10033664,256,6000,33.490
2026-07-18T00:28:28.039Z,usb,1,848316260,39195,10033920,256,6000,33.480
2026-07-18T00:28:28.082Z,usb,1,848316260,39196,10034176,256,6000,33.480
2026-07-18T00:28:28.124Z,usb,1,848316260,39197,10034432,256,6000,33.480
2026-07-18T00:28:28.167Z,usb,1,848316260,39198,10034688,256,6000,33.480
2026-07-18T00:28:28.209Z,usb,1,848316260,39199,10034944,256,6000,33.480
2026-07-18T00:28:28.252Z,usb,1,848316260,39200,10035200,256,6000,33.480
2026-07-18T00:28:28.294Z,usb,1,848316260,39201,10035456,256,6000,33.480
2026-07-18T00:28:28.337Z,usb,1,848316260,39202,10035712,256,6000,33.480
2026-07-18T00:28:28.379Z,usb,1,848316260,39203,10035968,256,6000,33.480
2026-07-18T00:28:28.422Z,usb,1,848316260,39204,10036224,256,6000,33.480
2026-07-18T00:28:28.464Z,usb,1,848316260,39205,10036480,256,6000,33.480
2026-07-18T00:28:28.507Z,usb,1,848316260,39206,10036736,256,6000,33.480
2026-07-18T00:28:28.549Z,usb,1,848316260,39207,10036992,256,6000,33.480
2026-07-18T00:28:28.592Z,usb,1,848316260,39208,10037248,256,6000,33.480
2026-07-18T00:28:28.634Z,usb,1,848316260,39209,10037504,256,6000,33.480
2026-07-18T00:28:28.677Z,usb,1,848316260,39210,10037760,256,6000,33.480
2026-07-18T00:28:28.719Z,usb,1,848316260,39211,10038016,256,6000,33.480
2026-07-18T00:28:28.762Z,usb,1,848316260,39212,10038272,256,6000,33.480
2026-07-18T00:28:28.804Z,usb,1,848316260,39213,10038528,256,6000,33.480
2026-07-18T00:28:28.847Z,usb,1,848316260,39214,10038784,256,6000,33.480
2026-07-18T00:28:28.889Z,usb,1,848316260,39215,10039040,256,6000,33.480
2026-07-18T00:28:28.932Z,usb,1,848316260,39216,10039296,256,6000,33.480
2026-07-18T00:28:28.974Z,usb,1,848316260,39217,10039552,256,6000,33.480
2026-07-18T00:28:29.017Z,usb,1,848316260,39218,10039808,256,6000,33.480
2026-07-18T00:28:29.060Z,usb,1,848316260,39219,10040064,256,6000,33.490
2026-07-18T00:28:29.103Z,usb,1,848316260,39220,10040320,256,6000,33.490
2026-07-18T00:28:29.145Z,usb,1,848316260,39221,10040576,256,6000,33.490
2026-07-18T00:28:29.188Z,usb,1,848316260,39222,10040832,256,6000,33.490
2026-07-18T00:28:29.230Z,usb,1,848316260,39223,10041088,256,6000,33.490
2026-07-18T00:28:29.273Z,usb,1,848316260,39224,10041344,256,6000,33.490
2026-07-18T00:28:29.315Z,usb,1,848316260,39225,10041600,256,6000,33.490
2026-07-18T00:28:29.357Z,usb,1,848316260,39226,10041856,256,6000,33.490
2026-07-18T00:28:29.400Z,usb,1,848316260,39227,10042112,256,6000,33.490
2026-07-18T00:28:29.443Z,usb,1,848316260,39228,10042368,256,6000,33.490
2026-07-18T00:28:29.485Z,usb,1,848316260,39229,10042624,256,6000,33.490
2026-07-18T00:28:29.527Z,usb,1,848316260,39230,10042880,256,6000,33.490
2026-07-18T00:28:29.570Z,usb,1,848316260,39231,10043136,256,6000,33.490
2026-07-18T00:28:29.613Z,usb,1,848316260,39232,10043392,256,6000,33.490
2026-07-18T00:28:29.655Z,usb,1,848316260,39233,10043648,256,6000,33.490
2026-07-18T00:28:29.698Z,usb,1,848316260,39234,10043904,256,6000,33.490
2026-07-18T00:28:29.740Z,usb,1,848316260,39235,10044160,256,6000,33.490
2026-07-18T00:28:29.783Z,usb,1,848316260,39236,10044416,256,6000,33.490
2026-07-18T00:28:29.825Z,usb,1,848316260,39237,10044672,256,6000,33.490
2026-07-18T00:28:29.868Z,usb,1,848316260,39238,10044928,256,6000,33.490
2026-07-18T00:28:29.910Z,usb,1,848316260,39239,10045184,256,6000,33.490
2026-07-18T00:28:29.953Z,usb,1,848316260,39240,10045440,256,6000,33.490
2026-07-18T00:28:29.995Z,usb,1,848316260,39241,10045696,256,6000,33.490
2026-07-18T00:28:30.038Z,usb,1,848316260,39242,10045952,256,6000,33.490
2026-07-18T00:28:30.081Z,usb,1,848316260,39243,10046208,256,6000,33.490
2026-07-18T00:28:30.123Z,usb,1,848316260,39244,10046464,256,6000,33.490
2026-07-18T00:28:30.166Z,usb,1,848316260,39245,10046720,256,6000,33.490
2026-07-18T00:28:30.208Z,usb,1,848316260,39246,10046976,256,6000,33.490
2026-07-18T00:28:30.251Z,usb,1,848316260,39247,10047232,256,6000,33.490
2026-07-18T00:28:30.294Z,usb,1,848316260,39248,10047488,256,6000,33.490
2026-07-18T00:28:30.336Z,usb,1,848316260,39249,10047744,256,6000,33.490
2026-07-18T00:28:30.378Z,usb,1,848316260,39250,10048000,256,6000,33.490
2026-07-18T00:28:30.421Z,usb,1,848316260,39251,10048256,256,6000,33.490
2026-07-18T00:28:30.463Z,usb,1,848316260,39252,10048512,256,6000,33.490
2026-07-18T00:28:30.506Z,usb,1,848316260,39253,10048768,256,6000,33.490
2026-07-18T00:28:30.548Z,usb,1,848316260,39254,10049024,256,6000,33.490
2026-07-18T00:28:30.591Z,usb,1,848316260,39255,10049280,256,6000,33.490
2026-07-18T00:28:30.633Z,usb,1,848316260,39256,10049536,256,6000,33.490
2026-07-18T00:28:30.676Z,usb,1,848316260,39257,10049792,256,6000,33.490
2026-07-18T00:28:30.718Z,usb,1,848316260,39258,10050048,256,6000,33.490
2026-07-18T00:28:30.761Z,usb,1,848316260,39259,10050304,256,6000,33.490
2026-07-18T00:28:30.803Z,usb,1,848316260,39260,10050560,256,6000,33.490
2026-07-18T00:28:30.846Z,usb,1,848316260,39261,10050816,256,6000,33.490
2026-07-18T00:28:30.888Z,usb,1,848316260,39262,10051072,256,6000,33.490
2026-07-18T00:28:30.931Z,usb,1,848316260,39263,10051328,256,6000,33.490
2026-07-18T00:28:30.973Z,usb,1,848316260,39264,10051584,256,6000,33.490
2026-07-18T00:28:31.016Z,usb,1,848316260,39265,10051840,256,6000,33.490
2026-07-18T00:28:31.058Z,usb,1,848316260,39266,10052096,256,6000,33.490
2026-07-18T00:28:31.101Z,usb,1,848316260,39267,10052352,256,6000,33.490
2026-07-18T00:28:31.144Z,usb,1,848316260,39268,10052608,256,6000,33.490
2026-07-18T00:28:31.187Z,usb,1,848316260,39269,10052864,256,6000,33.490
2026-07-18T00:28:31.229Z,usb,1,848316260,39270,10053120,256,6000,33.490
2026-07-18T00:28:31.271Z,usb,1,848316260,39271,10053376,256,6000,33.490
2026-07-18T00:28:31.314Z,usb,1,848316260,39272,10053632,256,6000,33.490
2026-07-18T00:28:31.356Z,usb,1,848316260,39273,10053888,256,6000,33.490
2026-07-18T00:28:31.399Z,usb,1,848316260,39274,10054144,256,6000,33.490
2026-07-18T00:28:31.441Z,usb,1,848316260,39275,10054400,256,6000,33.490
2026-07-18T00:28:31.484Z,usb,1,848316260,39276,10054656,256,6000,33.490
2026-07-18T00:28:31.526Z,usb,1,848316260,39277,10054912,256,6000,33.490
2026-07-18T00:28:31.569Z,usb,1,848316260,39278,10055168,256,6000,33.490
2026-07-18T00:28:31.611Z,usb,1,848316260,39279,10055424,256,6000,33.490
2026-07-18T00:28:31.654Z,usb,1,848316260,39280,10055680,256,6000,33.490
2026-07-18T00:28:31.697Z,usb,1,848316260,39281,10055936,256,6000,33.490
2026-07-18T00:28:31.739Z,usb,1,848316260,39282,10056192,256,6000,33.490
2026-07-18T00:28:31.781Z,usb,1,848316260,39283,10056448,256,6000,33.490
2026-07-18T00:28:31.824Z,usb,1,848316260,39284,10056704,256,6000,33.490
2026-07-18T00:28:31.867Z,usb,1,848316260,39285,10056960,256,6000,33.490
2026-07-18T00:28:31.909Z,usb,1,848316260,39286,10057216,256,6000,33.490
2026-07-18T00:28:31.952Z,usb,1,848316260,39287,10057472,256,6000,33.490
2026-07-18T00:28:31.994Z,usb,1,848316260,39288,10057728,256,6000,33.490
2026-07-18T00:28:32.036Z,usb,1,848316260,39289,10057984,256,6000,33.490
2026-07-18T00:28:32.079Z,usb,1,848316260,39290,10058240,256,6000,33.490
2026-07-18T00:28:32.122Z,usb,1,848316260,39291,10058496,256,6000,33.490
2026-07-18T00:28:32.165Z,usb,1,848316260,39292,10058752,256,6000,33.490
2026-07-18T00:28:32.207Z,usb,1,848316260,39293,10059008,256,6000,33.490
2026-07-18T00:28:32.250Z,usb,1,848316260,39294,10059264,256,6000,33.490
2026-07-18T00:28:32.292Z,usb,1,848316260,39295,10059520,256,6000,33.490
2026-07-18T00:28:32.335Z,usb,1,848316260,39296,10059776,256,6000,33.490
2026-07-18T00:28:32.377Z,usb,1,848316260,39297,10060032,256,6000,33.490
2026-07-18T00:28:32.420Z,usb,1,848316260,39298,10060288,256,6000,33.490
2026-07-18T00:28:32.462Z,usb,1,848316260,39299,10060544,256,6000,33.490
2026-07-18T00:28:32.505Z,usb,1,848316260,39300,10060800,256,6000,33.490
2026-07-18T00:28:32.547Z,usb,1,848316260,39301,10061056,256,6000,33.490
2026-07-18T00:28:32.590Z,usb,1,848316260,39302,10061312,256,6000,33.490
2026-07-18T00:28:32.632Z,usb,1,848316260,39303,10061568,256,6000,33.490
2026-07-18T00:28:32.675Z,usb,1,848316260,39304,10061824,256,6000,33.490
2026-07-18T00:28:32.717Z,usb,1,848316260,39305,10062080,256,6000,33.490
2026-07-18T00:28:32.760Z,usb,1,848316260,39306,10062336,256,6000,33.490
2026-07-18T00:28:32.802Z,usb,1,848316260,39307,10062592,256,6000,33.490
2026-07-18T00:28:32.845Z,usb,1,848316260,39308,10062848,256,6000,33.490
2026-07-18T00:28:32.887Z,usb,1,848316260,39309,10063104,256,6000,33.490
2026-07-18T00:28:32.930Z,usb,1,848316260,39310,10063360,256,6000,33.490
2026-07-18T00:28:32.972Z,usb,1,848316260,39311,10063616,256,6000,33.490
2026-07-18T00:28:33.015Z,usb,1,848316260,39312,10063872,256,6000,33.490
2026-07-18T00:28:33.057Z,usb,1,848316260,39313,10064128,256,6000,33.490
2026-07-18T00:28:33.100Z,usb,1,848316260,39314,10064384,256,6000,33.490
2026-07-18T00:28:33.143Z,usb,1,848316260,39315,10064640,256,6000,33.480
2026-07-18T00:28:33.185Z,usb,1,848316260,39316,10064896,256,6000,33.480
2026-07-18T00:28:33.228Z,usb,1,848316260,39317,10065152,256,6000,33.480
2026-07-18T00:28:33.271Z,usb,1,848316260,39318,10065408,256,6000,33.480
2026-07-18T00:28:33.313Z,usb,1,848316260,39319,10065664,256,6000,33.480
2026-07-18T00:28:33.356Z,usb,1,848316260,39320,10065920,256,6000,33.480
2026-07-18T00:28:33.398Z,usb,1,848316260,39321,10066176,256,6000,33.480
2026-07-18T00:28:33.441Z,usb,1,848316260,39322,10066432,256,6000,33.480
2026-07-18T00:28:33.483Z,usb,1,848316260,39323,10066688,256,6000,33.480
2026-07-18T00:28:33.526Z,usb,1,848316260,39324,10066944,256,6000,33.480
2026-07-18T00:28:33.568Z,usb,1,848316260,39325,10067200,256,6000,33.480
2026-07-18T00:28:33.611Z,usb,1,848316260,39326,10067456,256,6000,33.480
2026-07-18T00:28:33.653Z,usb,1,848316260,39327,10067712,256,6000,33.480
2026-07-18T00:28:33.696Z,usb,1,848316260,39328,10067968,256,6000,33.480
2026-07-18T00:28:33.738Z,usb,1,848316260,39329,10068224,256,6000,33.480
2026-07-18T00:28:33.781Z,usb,1,848316260,39330,10068480,256,6000,33.480
2026-07-18T00:28:33.823Z,usb,1,848316260,39331,10068736,256,6000,33.480
2026-07-18T00:28:33.866Z,usb,1,848316260,39332,10068992,256,6000,33.480
2026-07-18T00:28:33.908Z,usb,1,848316260,39333,10069248,256,6000,33.480
2026-07-18T00:28:33.951Z,usb,1,848316260,39334,10069504,256,6000,33.480
2026-07-18T00:28:33.993Z,usb,1,848316260,39335,10069760,256,6000,33.480
2026-07-18T00:28:34.036Z,usb,1,848316260,39336,10070016,256,6000,33.480
2026-07-18T00:28:34.078Z,usb,1,848316260,39337,10070272,256,6000,33.480
2026-07-18T00:28:34.121Z,usb,1,848316260,39338,10070528,256,6000,33.480
2026-07-18T00:28:34.164Z,usb,1,848316260,39339,10070784,256,6000,33.490
2026-07-18T00:28:34.206Z,usb,1,848316260,39340,10071040,256,6000,33.490
2026-07-18T00:28:34.249Z,usb,1,848316260,39341,10071296,256,6000,33.490
2026-07-18T00:28:34.291Z,usb,1,848316260,39342,10071552,256,6000,33.490
2026-07-18T00:28:34.334Z,usb,1,848316260,39343,10071808,256,6000,33.490
2026-07-18T00:28:34.376Z,usb,1,848316260,39344,10072064,256,6000,33.490
2026-07-18T00:28:34.419Z,usb,1,848316260,39345,10072320,256,6000,33.490
2026-07-18T00:28:34.461Z,usb,1,848316260,39346,10072576,256,6000,33.490
2026-07-18T00:28:34.504Z,usb,1,848316260,39347,10072832,256,6000,33.490
2026-07-18T00:28:34.546Z,usb,1,848316260,39348,10073088,256,6000,33.490
2026-07-18T00:28:34.589Z,usb,1,848316260,39349,10073344,256,6000,33.490
2026-07-18T00:28:34.631Z,usb,1,848316260,39350,10073600,256,6000,33.490
2026-07-18T00:28:34.674Z,usb,1,848316260,39351,10073856,256,6000,33.490
2026-07-18T00:28:34.716Z,usb,1,848316260,39352,10074112,256,6000,33.490
2026-07-18T00:28:34.759Z,usb,1,848316260,39353,10074368,256,6000,33.490
2026-07-18T00:28:34.801Z,usb,1,848316260,39354,10074624,256,6000,33.490
2026-07-18T00:28:34.844Z,usb,1,848316260,39355,10074880,256,6000,33.490
2026-07-18T00:28:34.886Z,usb,1,848316260,39356,10075136,256,6000,33.490
2026-07-18T00:28:34.929Z,usb,1,848316260,39357,10075392,256,6000,33.490
2026-07-18T00:28:34.971Z,usb,1,848316260,39358,10075648,256,6000,33.490
2026-07-18T00:28:35.014Z,usb,1,848316260,39359,10075904,256,6000,33.490
2026-07-18T00:28:35.056Z,usb,1,848316260,39360,10076160,256,6000,33.490
2026-07-18T00:28:35.099Z,usb,1,848316260,39361,10076416,256,6000,33.490
2026-07-18T00:28:35.141Z,usb,1,848316260,39362,10076672,256,6000,33.490
2026-07-18T00:28:35.184Z,usb,1,848316260,39363,10076928,256,6000,33.490
2026-07-18T00:28:35.227Z,usb,1,848316260,39364,10077184,256,6000,33.490
2026-07-18T00:28:35.269Z,usb,1,848316260,39365,10077440,256,6000,33.490
2026-07-18T00:28:35.312Z,usb,1,848316260,39366,10077696,256,6000,33.490
2026-07-18T00:28:35.354Z,usb,1,848316260,39367,10077952,256,6000,33.490
2026-07-18T00:28:35.397Z,usb,1,848316260,39368,10078208,256,6000,33.490
2026-07-18T00:28:35.439Z,usb,1,848316260,39369,10078464,256,6000,33.490
2026-07-18T00:28:35.482Z,usb,1,848316260,39370,10078720,256,6000,33.490
2026-07-18T00:28:35.524Z,usb,1,848316260,39371,10078976,256,6000,33.490
2026-07-18T00:28:35.567Z,usb,1,848316260,39372,10079232,256,6000,33.490
2026-07-18T00:28:35.609Z,usb,1,848316260,39373,10079488,256,6000,33.490
2026-07-18T00:28:35.652Z,usb,1,848316260,39374,10079744,256,6000,33.490
2026-07-18T00:28:35.695Z,usb,1,848316260,39375,10080000,256,6000,33.490
2026-07-18T00:28:35.737Z,usb,1,848316260,39376,10080256,256,6000,33.490
2026-07-18T00:28:35.780Z,usb,1,848316260,39377,10080512,256,6000,33.490
2026-07-18T00:28:35.822Z,usb,1,848316260,39378,10080768,256,6000,33.490
2026-07-18T00:28:35.864Z,usb,1,848316260,39379,10081024,256,6000,33.490
2026-07-18T00:28:35.907Z,usb,1,848316260,39380,10081280,256,6000,33.490
2026-07-18T00:28:35.950Z,usb,1,848316260,39381,10081536,256,6000,33.490
2026-07-18T00:28:35.992Z,usb,1,848316260,39382,10081792,256,6000,33.490
2026-07-18T00:28:36.034Z,usb,1,848316260,39383,10082048,256,6000,33.490
2026-07-18T00:28:36.077Z,usb,1,848316260,39384,10082304,256,6000,33.490
2026-07-18T00:28:36.119Z,usb,1,848316260,39385,10082560,256,6000,33.490
2026-07-18T00:28:36.162Z,usb,1,848316260,39386,10082816,256,6000,33.490
2026-07-18T00:28:36.205Z,usb,1,848316260,39387,10083072,256,6000,33.480
2026-07-18T00:28:36.248Z,usb,1,848316260,39388,10083328,256,6000,33.480
2026-07-18T00:28:36.290Z,usb,1,848316260,39389,10083584,256,6000,33.480
2026-07-18T00:28:36.333Z,usb,1,848316260,39390,10083840,256,6000,33.480
2026-07-18T00:28:36.375Z,usb,1,848316260,39391,10084096,256,6000,33.480
2026-07-18T00:28:36.418Z,usb,1,848316260,39392,10084352,256,6000,33.480
2026-07-18T00:28:36.460Z,usb,1,848316260,39393,10084608,256,6000,33.480
2026-07-18T00:28:36.503Z,usb,1,848316260,39394,10084864,256,6000,33.480
2026-07-18T00:28:36.545Z,usb,1,848316260,39395,10085120,256,6000,33.480
2026-07-18T00:28:36.588Z,usb,1,848316260,39396,10085376,256,6000,33.480
2026-07-18T00:28:36.630Z,usb,1,848316260,39397,10085632,256,6000,33.480
2026-07-18T00:28:36.673Z,usb,1,848316260,39398,10085888,256,6000,33.480
2026-07-18T00:28:36.716Z,usb,1,848316260,39399,10086144,256,6000,33.480
2026-07-18T00:28:36.758Z,usb,1,848316260,39400,10086400,256,6000,33.480
2026-07-18T00:28:36.800Z,usb,1,848316260,39401,10086656,256,6000,33.480
2026-07-18T00:28:36.843Z,usb,1,848316260,39402,10086912,256,6000,33.480
2026-07-18T00:28:36.885Z,usb,1,848316260,39403,10087168,256,6000,33.480
2026-07-18T00:28:36.928Z,usb,1,848316260,39404,10087424,256,6000,33.480
2026-07-18T00:28:36.970Z,usb,1,848316260,39405,10087680,256,6000,33.480
2026-07-18T00:28:37.013Z,usb,1,848316260,39406,10087936,256,6000,33.480
2026-07-18T00:28:37.055Z,usb,1,848316260,39407,10088192,256,6000,33.480
2026-07-18T00:28:37.098Z,usb,1,848316260,39408,10088448,256,6000,33.480
2026-07-18T00:28:37.140Z,usb,1,848316260,39409,10088704,256,6000,33.480
2026-07-18T00:28:37.183Z,usb,1,848316260,39410,10088960,256,6000,33.480
2026-07-18T00:28:37.226Z,usb,1,848316260,39411,10089216,256,6000,33.490
2026-07-18T00:28:37.268Z,usb,1,848316260,39412,10089472,256,6000,33.490
2026-07-18T00:28:37.311Z,usb,1,848316260,39413,10089728,256,6000,33.490
2026-07-18T00:28:37.354Z,usb,1,848316260,39414,10089984,256,6000,33.490
2026-07-18T00:28:37.396Z,usb,1,848316260,39415,10090240,256,6000,33.490
2026-07-18T00:28:37.439Z,usb,1,848316260,39416,10090496,256,6000,33.490
2026-07-18T00:28:37.481Z,usb,1,848316260,39417,10090752,256,6000,33.490
2026-07-18T00:28:37.524Z,usb,1,848316260,39418,10091008,256,6000,33.490
2026-07-18T00:28:37.566Z,usb,1,848316260,39419,10091264,256,6000,33.490
2026-07-18T00:28:37.609Z,usb,1,848316260,39420,10091520,256,6000,33.490
2026-07-18T00:28:37.651Z,usb,1,848316260,39421,10091776,256,6000,33.490
2026-07-18T00:28:37.694Z,usb,1,848316260,39422,10092032,256,6000,33.490
2026-07-18T00:28:37.736Z,usb,1,848316260,39423,10092288,256,6000,33.490
2026-07-18T00:28:37.778Z,usb,1,848316260,39424,10092544,256,6000,33.490
2026-07-18T00:28:37.821Z,usb,1,848316260,39425,10092800,256,6000,33.490
2026-07-18T00:28:37.864Z,usb,1,848316260,39426,10093056,256,6000,33.490
2026-07-18T00:28:37.906Z,usb,1,848316260,39427,10093312,256,6000,33.490
2026-07-18T00:28:37.949Z,usb,1,848316260,39428,10093568,256,6000,33.490
2026-07-18T00:28:37.991Z,usb,1,848316260,39429,10093824,256,6000,33.490
2026-07-18T00:28:38.033Z,usb,1,848316260,39430,10094080,256,6000,33.490
2026-07-18T00:28:38.076Z,usb,1,848316260,39431,10094336,256,6000,33.490
2026-07-18T00:28:38.119Z,usb,1,848316260,39432,10094592,256,6000,33.490
2026-07-18T00:28:38.161Z,usb,1,848316260,39433,10094848,256,6000,33.490
2026-07-18T00:28:38.204Z,usb,1,848316260,39434,10095104,256,6000,33.490
2026-07-18T00:28:38.247Z,usb,1,848316260,39435,10095360,256,6000,33.490
2026-07-18T00:28:38.289Z,usb,1,848316260,39436,10095616,256,6000,33.490
2026-07-18T00:28:38.332Z,usb,1,848316260,39437,10095872,256,6000,33.490
2026-07-18T00:28:38.374Z,usb,1,848316260,39438,10096128,256,6000,33.490
2026-07-18T00:28:38.417Z,usb,1,848316260,39439,10096384,256,6000,33.490
2026-07-18T00:28:38.459Z,usb,1,848316260,39440,10096640,256,6000,33.490
2026-07-18T00:28:38.502Z,usb,1,848316260,39441,10096896,256,6000,33.490
2026-07-18T00:28:38.544Z,usb,1,848316260,39442,10097152,256,6000,33.490
2026-07-18T00:28:38.587Z,usb,1,848316260,39443,10097408,256,6000,33.490
2026-07-18T00:28:38.629Z,usb,1,848316260,39444,10097664,256,6000,33.490
2026-07-18T00:28:38.672Z,usb,1,848316260,39445,10097920,256,6000,33.490
2026-07-18T00:28:38.714Z,usb,1,848316260,39446,10098176,256,6000,33.490
2026-07-18T00:28:38.757Z,usb,1,848316260,39447,10098432,256,6000,33.490
2026-07-18T00:28:38.799Z,usb,1,848316260,39448,10098688,256,6000,33.490
2026-07-18T00:28:38.842Z,usb,1,848316260,39449,10098944,256,6000,33.490
2026-07-18T00:28:38.884Z,usb,1,848316260,39450,10099200,256,6000,33.490
2026-07-18T00:28:38.927Z,usb,1,848316260,39451,10099456,256,6000,33.490
2026-07-18T00:28:38.969Z,usb,1,848316260,39452,10099712,256,6000,33.490
2026-07-18T00:28:39.012Z,usb,1,848316260,39453,10099968,256,6000,33.490
2026-07-18T00:28:39.054Z,usb,1,848316260,39454,10100224,256,6000,33.490
2026-07-18T00:28:39.097Z,usb,1,848316260,39455,10100480,256,6000,33.490
2026-07-18T00:28:39.139Z,usb,1,848316260,39456,10100736,256,6000,33.490
2026-07-18T00:28:39.182Z,usb,1,848316260,39457,10100992,256,6000,33.490
2026-07-18T00:28:39.224Z,usb,1,848316260,39458,10101248,256,6000,33.490
2026-07-18T00:28:39.267Z,usb,1,848316260,39459,10101504,256,6000,33.490
2026-07-18T00:28:39.310Z,usb,1,848316260,39460,10101760,256,6000,33.490
2026-07-18T00:28:39.352Z,usb,1,848316260,39461,10102016,256,6000,33.490
2026-07-18T00:28:39.395Z,usb,1,848316260,39462,10102272,256,6000,33.490
2026-07-18T00:28:39.437Z,usb,1,848316260,39463,10102528,256,6000,33.490
2026-07-18T00:28:39.480Z,usb,1,848316260,39464,10102784,256,6000,33.490
2026-07-18T00:28:39.522Z,usb,1,848316260,39465,10103040,256,6000,33.490
2026-07-18T00:28:39.565Z,usb,1,848316260,39466,10103296,256,6000,33.490
2026-07-18T00:28:39.607Z,usb,1,848316260,39467,10103552,256,6000,33.490
2026-07-18T00:28:39.650Z,usb,1,848316260,39468,10103808,256,6000,33.490
2026-07-18T00:28:39.693Z,usb,1,848316260,39469,10104064,256,6000,33.490
2026-07-18T00:28:39.735Z,usb,1,848316260,39470,10104320,256,6000,33.490
2026-07-18T00:28:39.777Z,usb,1,848316260,39471,10104576,256,6000,33.490
2026-07-18T00:28:39.820Z,usb,1,848316260,39472,10104832,256,6000,33.490
2026-07-18T00:28:39.862Z,usb,1,848316260,39473,10105088,256,6000,33.490
2026-07-18T00:28:39.905Z,usb,1,848316260,39474,10105344,256,6000,33.490
2026-07-18T00:28:39.948Z,usb,1,848316260,39475,10105600,256,6000,33.490
2026-07-18T00:28:39.990Z,usb,1,848316260,39476,10105856,256,6000,33.490
2026-07-18T00:28:40.032Z,usb,1,848316260,39477,10106112,256,6000,33.490
2026-07-18T00:28:40.075Z,usb,1,848316260,39478,10106368,256,6000,33.490
2026-07-18T00:28:40.117Z,usb,1,848316260,39479,10106624,256,6000,33.490
2026-07-18T00:28:40.160Z,usb,1,848316260,39480,10106880,256,6000,33.490
2026-07-18T00:28:40.202Z,usb,1,848316260,39481,10107136,256,6000,33.490
2026-07-18T00:28:40.245Z,usb,1,848316260,39482,10107392,256,6000,33.490
2026-07-18T00:28:40.288Z,usb,1,848316260,39483,10107648,256,6000,33.490
2026-07-18T00:28:40.331Z,usb,1,848316260,39484,10107904,256,6000,33.490
2026-07-18T00:28:40.373Z,usb,1,848316260,39485,10108160,256,6000,33.490
2026-07-18T00:28:40.416Z,usb,1,848316260,39486,10108416,256,6000,33.490
2026-07-18T00:28:40.458Z,usb,1,848316260,39487,10108672,256,6000,33.490
2026-07-18T00:28:40.501Z,usb,1,848316260,39488,10108928,256,6000,33.490
2026-07-18T00:28:40.544Z,usb,1,848316260,39489,10109184,256,6000,33.490
2026-07-18T00:28:40.586Z,usb,1,848316260,39490,10109440,256,6000,33.490
2026-07-18T00:28:40.628Z,usb,1,848316260,39491,10109696,256,6000,33.490
2026-07-18T00:28:40.671Z,usb,1,848316260,39492,10109952,256,6000,33.490
2026-07-18T00:28:40.713Z,usb,1,848316260,39493,10110208,256,6000,33.490
2026-07-18T00:28:40.756Z,usb,1,848316260,39494,10110464,256,6000,33.490
2026-07-18T00:28:40.798Z,usb,1,848316260,39495,10110720,256,6000,33.490
2026-07-18T00:28:40.841Z,usb,1,848316260,39496,10110976,256,6000,33.490
2026-07-18T00:28:40.883Z,usb,1,848316260,39497,10111232,256,6000,33.490
2026-07-18T00:28:40.926Z,usb,1,848316260,39498,10111488,256,6000,33.490
2026-07-18T00:28:40.968Z,usb,1,848316260,39499,10111744,256,6000,33.490
2026-07-18T00:28:41.011Z,usb,1,848316260,39500,10112000,256,6000,33.490
2026-07-18T00:28:41.053Z,usb,1,848316260,39501,10112256,256,6000,33.490
2026-07-18T00:28:41.096Z,usb,1,848316260,39502,10112512,256,6000,33.490
2026-07-18T00:28:41.138Z,usb,1,848316260,39503,10112768,256,6000,33.490
2026-07-18T00:28:41.181Z,usb,1,848316260,39504,10113024,256,6000,33.490
2026-07-18T00:28:41.223Z,usb,1,848316260,39505,10113280,256,6000,33.490
2026-07-18T00:28:41.266Z,usb,1,848316260,39506,10113536,256,6000,33.490
2026-07-18T00:28:41.309Z,usb,1,848316260,39507,10113792,256,6000,33.490
2026-07-18T00:28:41.351Z,usb,1,848316260,39508,10114048,256,6000,33.490
2026-07-18T00:28:41.394Z,usb,1,848316260,39509,10114304,256,6000,33.490
2026-07-18T00:28:41.436Z,usb,1,848316260,39510,10114560,256,6000,33.490
2026-07-18T00:28:41.479Z,usb,1,848316260,39511,10114816,256,6000,33.490
2026-07-18T00:28:41.521Z,usb,1,848316260,39512,10115072,256,6000,33.490
2026-07-18T00:28:41.564Z,usb,1,848316260,39513,10115328,256,6000,33.490
2026-07-18T00:28:41.606Z,usb,1,848316260,39514,10115584,256,6000,33.490
2026-07-18T00:28:41.649Z,usb,1,848316260,39515,10115840,256,6000,33.490
2026-07-18T00:28:41.691Z,usb,1,848316260,39516,10116096,256,6000,33.490
2026-07-18T00:28:41.734Z,usb,1,848316260,39517,10116352,256,6000,33.490
2026-07-18T00:28:41.776Z,usb,1,848316260,39518,10116608,256,6000,33.490
2026-07-18T00:28:41.819Z,usb,1,848316260,39519,10116864,256,6000,33.490
2026-07-18T00:28:41.861Z,usb,1,848316260,39520,10117120,256,6000,33.490
2026-07-18T00:28:41.904Z,usb,1,848316260,39521,10117376,256,6000,33.490
2026-07-18T00:28:41.946Z,usb,1,848316260,39522,10117632,256,6000,33.490
2026-07-18T00:28:41.989Z,usb,1,848316260,39523,10117888,256,6000,33.490
2026-07-18T00:28:42.031Z,usb,1,848316260,39524,10118144,256,6000,33.490
2026-07-18T00:28:42.074Z,usb,1,848316260,39525,10118400,256,6000,33.490
2026-07-18T00:28:42.117Z,usb,1,848316260,39526,10118656,256,6000,33.490
2026-07-18T00:28:42.159Z,usb,1,848316260,39527,10118912,256,6000,33.490
2026-07-18T00:28:42.201Z,usb,1,848316260,39528,10119168,256,6000,33.490
2026-07-18T00:28:42.244Z,usb,1,848316260,39529,10119424,256,6000,33.490
2026-07-18T00:28:42.286Z,usb,1,848316260,39530,10119680,256,6000,33.490
2026-07-18T00:28:42.330Z,usb,1,848316260,39531,10119936,256,6000,33.490
2026-07-18T00:28:42.372Z,usb,1,848316260,39532,10120192,256,6000,33.490
2026-07-18T00:28:42.415Z,usb,1,848316260,39533,10120448,256,6000,33.490
2026-07-18T00:28:42.457Z,usb,1,848316260,39534,10120704,256,6000,33.490
2026-07-18T00:28:42.500Z,usb,1,848316260,39535,10120960,256,6000,33.490
2026-07-18T00:28:42.542Z,usb,1,848316260,39536,10121216,256,6000,33.490
2026-07-18T00:28:42.585Z,usb,1,848316260,39537,10121472,256,6000,33.490
2026-07-18T00:28:42.627Z,usb,1,848316260,39538,10121728,256,6000,33.490
2026-07-18T00:28:42.670Z,usb,1,848316260,39539,10121984,256,6000,33.490
2026-07-18T00:28:42.712Z,usb,1,848316260,39540,10122240,256,6000,33.490
2026-07-18T00:28:42.755Z,usb,1,848316260,39541,10122496,256,6000,33.490
2026-07-18T00:28:42.797Z,usb,1,848316260,39542,10122752,256,6000,33.490
2026-07-18T00:28:42.840Z,usb,1,848316260,39543,10123008,256,6000,33.490
2026-07-18T00:28:42.882Z,usb,1,848316260,39544,10123264,256,6000,33.490
2026-07-18T00:28:42.925Z,usb,1,848316260,39545,10123520,256,6000,33.490
2026-07-18T00:28:42.967Z,usb,1,848316260,39546,10123776,256,6000,33.490
2026-07-18T00:28:43.010Z,usb,1,848316260,39547,10124032,256,6000,33.490
2026-07-18T00:28:43.052Z,usb,1,848316260,39548,10124288,256,6000,33.490
2026-07-18T00:28:43.095Z,usb,1,848316260,39549,10124544,256,6000,33.490
2026-07-18T00:28:43.137Z,usb,1,848316260,39550,10124800,256,6000,33.490
2026-07-18T00:28:43.180Z,usb,1,848316260,39551,10125056,256,6000,33.490
2026-07-18T00:28:43.222Z,usb,1,848316260,39552,10125312,256,6000,33.490
2026-07-18T00:28:43.265Z,usb,1,848316260,39553,10125568,256,6000,33.490
2026-07-18T00:28:43.307Z,usb,1,848316260,39554,10125824,256,6000,33.490
2026-07-18T00:28:43.351Z,usb,1,848316260,39555,10126080,256,6000,33.490
2026-07-18T00:28:43.393Z,usb,1,848316260,39556,10126336,256,6000,33.490
2026-07-18T00:28:43.435Z,usb,1,848316260,39557,10126592,256,6000,33.490
2026-07-18T00:28:43.478Z,usb,1,848316260,39558,10126848,256,6000,33.490
2026-07-18T00:28:43.520Z,usb,1,848316260,39559,10127104,256,6000,33.490
2026-07-18T00:28:43.563Z,usb,1,848316260,39560,10127360,256,6000,33.490
2026-07-18T00:28:43.605Z,usb,1,848316260,39561,10127616,256,6000,33.490
2026-07-18T00:28:43.648Z,usb,1,848316260,39562,10127872,256,6000,33.490
2026-07-18T00:28:43.690Z,usb,1,848316260,39563,10128128,256,6000,33.490
2026-07-18T00:28:43.733Z,usb,1,848316260,39564,10128384,256,6000,33.490
2026-07-18T00:28:43.776Z,usb,1,848316260,39565,10128640,256,6000,33.490
2026-07-18T00:28:43.818Z,usb,1,848316260,39566,10128896,256,6000,33.490
2026-07-18T00:28:43.861Z,usb,1,848316260,39567,10129152,256,6000,33.490
2026-07-18T00:28:43.903Z,usb,1,848316260,39568,10129408,256,6000,33.490
2026-07-18T00:28:43.946Z,usb,1,848316260,39569,10129664,256,6000,33.490
2026-07-18T00:28:43.988Z,usb,1,848316260,39570,10129920,256,6000,33.490
2026-07-18T00:28:44.030Z,usb,1,848316260,39571,10130176,256,6000,33.490
2026-07-18T00:28:44.073Z,usb,1,848316260,39572,10130432,256,6000,33.490
2026-07-18T00:28:44.116Z,usb,1,848316260,39573,10130688,256,6000,33.490
2026-07-18T00:28:44.158Z,usb,1,848316260,39574,10130944,256,6000,33.490
2026-07-18T00:28:44.201Z,usb,1,848316260,39575,10131200,256,6000,33.490
2026-07-18T00:28:44.243Z,usb,1,848316260,39576,10131456,256,6000,33.490
2026-07-18T00:28:44.286Z,usb,1,848316260,39577,10131712,256,6000,33.490
2026-07-18T00:28:44.328Z,usb,1,848316260,39578,10131968,256,6000,33.490
2026-07-18T00:28:44.371Z,usb,1,848316260,39579,10132224,256,6000,33.490
2026-07-18T00:28:44.414Z,usb,1,848316260,39580,10132480,256,6000,33.490
2026-07-18T00:28:44.456Z,usb,1,848316260,39581,10132736,256,6000,33.490
2026-07-18T00:28:44.499Z,usb,1,848316260,39582,10132992,256,6000,33.490
2026-07-18T00:28:44.541Z,usb,1,848316260,39583,10133248,256,6000,33.490
2026-07-18T00:28:44.584Z,usb,1,848316260,39584,10133504,256,6000,33.490
2026-07-18T00:28:44.626Z,usb,1,848316260,39585,10133760,256,6000,33.490
2026-07-18T00:28:44.669Z,usb,1,848316260,39586,10134016,256,6000,33.490
2026-07-18T00:28:44.711Z,usb,1,848316260,39587,10134272,256,6000,33.490
2026-07-18T00:28:44.754Z,usb,1,848316260,39588,10134528,256,6000,33.490
2026-07-18T00:28:44.796Z,usb,1,848316260,39589,10134784,256,6000,33.490
2026-07-18T00:28:44.839Z,usb,1,848316260,39590,10135040,256,6000,33.490
2026-07-18T00:28:44.881Z,usb,1,848316260,39591,10135296,256,6000,33.490
2026-07-18T00:28:44.924Z,usb,1,848316260,39592,10135552,256,6000,33.490
2026-07-18T00:28:44.966Z,usb,1,848316260,39593,10135808,256,6000,33.490
2026-07-18T00:28:45.009Z,usb,1,848316260,39594,10136064,256,6000,33.490
2026-07-18T00:28:45.051Z,usb,1,848316260,39595,10136320,256,6000,33.490
2026-07-18T00:28:45.094Z,usb,1,848316260,39596,10136576,256,6000,33.490
2026-07-18T00:28:45.136Z,usb,1,848316260,39597,10136832,256,6000,33.490
2026-07-18T00:28:45.179Z,usb,1,848316260,39598,10137088,256,6000,33.490
2026-07-18T00:28:45.221Z,usb,1,848316260,39599,10137344,256,6000,33.490
2026-07-18T00:28:45.264Z,usb,1,848316260,39600,10137600,256,6000,33.490
2026-07-18T00:28:45.306Z,usb,1,848316260,39601,10137856,256,6000,33.490
2026-07-18T00:28:45.349Z,usb,1,848316260,39602,10138112,256,6000,33.490
2026-07-18T00:28:45.392Z,usb,1,848316260,39603,10138368,256,6000,33.490
2026-07-18T00:28:45.434Z,usb,1,848316260,39604,10138624,256,6000,33.490
2026-07-18T00:28:45.477Z,usb,1,848316260,39605,10138880,256,6000,33.490
2026-07-18T00:28:45.519Z,usb,1,848316260,39606,10139136,256,6000,33.490
2026-07-18T00:28:45.562Z,usb,1,848316260,39607,10139392,256,6000,33.490
2026-07-18T00:28:45.604Z,usb,1,848316260,39608,10139648,256,6000,33.490
2026-07-18T00:28:45.647Z,usb,1,848316260,39609,10139904,256,6000,33.490
2026-07-18T00:28:45.690Z,usb,1,848316260,39610,10140160,256,6000,33.490
2026-07-18T00:28:45.732Z,usb,1,848316260,39611,10140416,256,6000,33.490
2026-07-18T00:28:45.775Z,usb,1,848316260,39612,10140672,256,6000,33.490
2026-07-18T00:28:45.817Z,usb,1,848316260,39613,10140928,256,6000,33.490
2026-07-18T00:28:45.860Z,usb,1,848316260,39614,10141184,256,6000,33.490
2026-07-18T00:28:45.902Z,usb,1,848316260,39615,10141440,256,6000,33.490
2026-07-18T00:28:45.945Z,usb,1,848316260,39616,10141696,256,6000,33.490
2026-07-18T00:28:45.987Z,usb,1,848316260,39617,10141952,256,6000,33.490
2026-07-18T00:28:46.030Z,usb,1,848316260,39618,10142208,256,6000,33.490
2026-07-18T00:28:46.072Z,usb,1,848316260,39619,10142464,256,6000,33.490
2026-07-18T00:28:46.115Z,usb,1,848316260,39620,10142720,256,6000,33.490
2026-07-18T00:28:46.157Z,usb,1,848316260,39621,10142976,256,6000,33.490
2026-07-18T00:28:46.200Z,usb,1,848316260,39622,10143232,256,6000,33.490
2026-07-18T00:28:46.242Z,usb,1,848316260,39623,10143488,256,6000,33.490
2026-07-18T00:28:46.285Z,usb,1,848316260,39624,10143744,256,6000,33.490
2026-07-18T00:28:46.327Z,usb,1,848316260,39625,10144000,256,6000,33.490
2026-07-18T00:28:46.370Z,usb,1,848316260,39626,10144256,256,6000,33.490
2026-07-18T00:28:46.413Z,usb,1,848316260,39627,10144512,256,6000,33.490
2026-07-18T00:28:46.455Z,usb,1,848316260,39628,10144768,256,6000,33.490
2026-07-18T00:28:46.498Z,usb,1,848316260,39629,10145024,256,6000,33.490
2026-07-18T00:28:46.540Z,usb,1,848316260,39630,10145280,256,6000,33.490
2026-07-18T00:28:46.583Z,usb,1,848316260,39631,10145536,256,6000,33.490
2026-07-18T00:28:46.625Z,usb,1,848316260,39632,10145792,256,6000,33.490
2026-07-18T00:28:46.668Z,usb,1,848316260,39633,10146048,256,6000,33.490
2026-07-18T00:28:46.710Z,usb,1,848316260,39634,10146304,256,6000,33.490
2026-07-18T00:28:46.753Z,usb,1,848316260,39635,10146560,256,6000,33.490
2026-07-18T00:28:46.795Z,usb,1,848316260,39636,10146816,256,6000,33.490
2026-07-18T00:28:46.838Z,usb,1,848316260,39637,10147072,256,6000,33.490
2026-07-18T00:28:46.880Z,usb,1,848316260,39638,10147328,256,6000,33.490
2026-07-18T00:28:46.923Z,usb,1,848316260,39639,10147584,256,6000,33.490
2026-07-18T00:28:46.965Z,usb,1,848316260,39640,10147840,256,6000,33.490
2026-07-18T00:28:47.008Z,usb,1,848316260,39641,10148096,256,6000,33.490
2026-07-18T00:28:47.050Z,usb,1,848316260,39642,10148352,256,6000,33.490
2026-07-18T00:28:47.093Z,usb,1,848316260,39643,10148608,256,6000,33.490
2026-07-18T00:28:47.135Z,usb,1,848316260,39644,10148864,256,6000,33.490
2026-07-18T00:28:47.178Z,usb,1,848316260,39645,10149120,256,6000,33.490
2026-07-18T00:28:47.220Z,usb,1,848316260,39646,10149376,256,6000,33.490
2026-07-18T00:28:47.263Z,usb,1,848316260,39647,10149632,256,6000,33.490
2026-07-18T00:28:47.305Z,usb,1,848316260,39648,10149888,256,6000,33.490
2026-07-18T00:28:47.348Z,usb,1,848316260,39649,10150144,256,6000,33.490
2026-07-18T00:28:47.390Z,usb,1,848316260,39650,10150400,256,6000,33.490
2026-07-18T00:28:47.434Z,usb,1,848316260,39651,10150656,256,6000,33.490
2026-07-18T00:28:47.476Z,usb,1,848316260,39652,10150912,256,6000,33.490
2026-07-18T00:28:47.519Z,usb,1,848316260,39653,10151168,256,6000,33.490
2026-07-18T00:28:47.561Z,usb,1,848316260,39654,10151424,256,6000,33.490
2026-07-18T00:28:47.604Z,usb,1,848316260,39655,10151680,256,6000,33.490
2026-07-18T00:28:47.646Z,usb,1,848316260,39656,10151936,256,6000,33.490
2026-07-18T00:28:47.689Z,usb,1,848316260,39657,10152192,256,6000,33.490
2026-07-18T00:28:47.731Z,usb,1,848316260,39658,10152448,256,6000,33.490
2026-07-18T00:28:47.774Z,usb,1,848316260,39659,10152704,256,6000,33.490
2026-07-18T00:28:47.816Z,usb,1,848316260,39660,10152960,256,6000,33.490
2026-07-18T00:28:47.859Z,usb,1,848316260,39661,10153216,256,6000,33.490
2026-07-18T00:28:47.901Z,usb,1,848316260,39662,10153472,256,6000,33.490
2026-07-18T00:28:47.944Z,usb,1,848316260,39663,10153728,256,6000,33.490
2026-07-18T00:28:47.986Z,usb,1,848316260,39664,10153984,256,6000,33.490
2026-07-18T00:28:48.029Z,usb,1,848316260,39665,10154240,256,6000,33.490
2026-07-18T00:28:48.071Z,usb,1,848316260,39666,10154496,256,6000,33.490
2026-07-18T00:28:48.114Z,usb,1,848316260,39667,10154752,256,6000,33.490
2026-07-18T00:28:48.156Z,usb,1,848316260,39668,10155008,256,6000,33.490
2026-07-18T00:28:48.199Z,usb,1,848316260,39669,10155264,256,6000,33.490
2026-07-18T00:28:48.241Z,usb,1,848316260,39670,10155520,256,6000,33.490
2026-07-18T00:28:48.284Z,usb,1,848316260,39671,10155776,256,6000,33.490
2026-07-18T00:28:48.326Z,usb,1,848316260,39672,10156032,256,6000,33.490
2026-07-18T00:28:48.369Z,usb,1,848316260,39673,10156288,256,6000,33.490
2026-07-18T00:28:48.411Z,usb,1,848316260,39674,10156544,256,6000,33.490
2026-07-18T00:28:48.454Z,usb,1,848316260,39675,10156800,256,6000,33.490
2026-07-18T00:28:48.497Z,usb,1,848316260,39676,10157056,256,6000,33.490
2026-07-18T00:28:48.539Z,usb,1,848316260,39677,10157312,256,6000,33.490
2026-07-18T00:28:48.582Z,usb,1,848316260,39678,10157568,256,6000,33.490
2026-07-18T00:28:48.624Z,usb,1,848316260,39679,10157824,256,6000,33.490
2026-07-18T00:28:48.667Z,usb,1,848316260,39680,10158080,256,6000,33.490
2026-07-18T00:28:48.709Z,usb,1,848316260,39681,10158336,256,6000,33.490
2026-07-18T00:28:48.752Z,usb,1,848316260,39682,10158592,256,6000,33.490
2026-07-18T00:28:48.794Z,usb,1,848316260,39683,10158848,256,6000,33.490
2026-07-18T00:28:48.837Z,usb,1,848316260,39684,10159104,256,6000,33.490
2026-07-18T00:28:48.879Z,usb,1,848316260,39685,10159360,256,6000,33.490
2026-07-18T00:28:48.922Z,usb,1,848316260,39686,10159616,256,6000,33.490
2026-07-18T00:28:48.964Z,usb,1,848316260,39687,10159872,256,6000,33.490
2026-07-18T00:28:49.007Z,usb,1,848316260,39688,10160128,256,6000,33.490
2026-07-18T00:28:49.049Z,usb,1,848316260,39689,10160384,256,6000,33.490
2026-07-18T00:28:49.092Z,usb,1,848316260,39690,10160640,256,6000,33.490
2026-07-18T00:28:49.134Z,usb,1,848316260,39691,10160896,256,6000,33.490
2026-07-18T00:28:49.177Z,usb,1,848316260,39692,10161152,256,6000,33.490
2026-07-18T00:28:49.219Z,usb,1,848316260,39693,10161408,256,6000,33.490
2026-07-18T00:28:49.262Z,usb,1,848316260,39694,10161664,256,6000,33.490
2026-07-18T00:28:49.304Z,usb,1,848316260,39695,10161920,256,6000,33.490
2026-07-18T00:28:49.347Z,usb,1,848316260,39696,10162176,256,6000,33.490
2026-07-18T00:28:49.389Z,usb,1,848316260,39697,10162432,256,6000,33.490
2026-07-18T00:28:49.432Z,usb,1,848316260,39698,10162688,256,6000,33.490
2026-07-18T00:28:49.475Z,usb,1,848316260,39699,10162944,256,6000,33.480
2026-07-18T00:28:49.518Z,usb,1,848316260,39700,10163200,256,6000,33.480
2026-07-18T00:28:49.560Z,usb,1,848316260,39701,10163456,256,6000,33.480
2026-07-18T00:28:49.603Z,usb,1,848316260,39702,10163712,256,6000,33.480
2026-07-18T00:28:49.645Z,usb,1,848316260,39703,10163968,256,6000,33.480
2026-07-18T00:28:49.688Z,usb,1,848316260,39704,10164224,256,6000,33.480
2026-07-18T00:28:49.730Z,usb,1,848316260,39705,10164480,256,6000,33.480
2026-07-18T00:28:49.773Z,usb,1,848316260,39706,10164736,256,6000,33.480
2026-07-18T00:28:49.815Z,usb,1,848316260,39707,10164992,256,6000,33.480
2026-07-18T00:28:49.858Z,usb,1,848316260,39708,10165248,256,6000,33.480
2026-07-18T00:28:49.900Z,usb,1,848316260,39709,10165504,256,6000,33.480
2026-07-18T00:28:49.942Z,usb,1,848316260,39710,10165760,256,6000,33.480
2026-07-18T00:28:49.985Z,usb,1,848316260,39711,10166016,256,6000,33.480
2026-07-18T00:28:50.028Z,usb,1,848316260,39712,10166272,256,6000,33.480
2026-07-18T00:28:50.070Z,usb,1,848316260,39713,10166528,256,6000,33.480
2026-07-18T00:28:50.113Z,usb,1,848316260,39714,10166784,256,6000,33.480
2026-07-18T00:28:50.155Z,usb,1,848316260,39715,10167040,256,6000,33.480
2026-07-18T00:28:50.198Z,usb,1,848316260,39716,10167296,256,6000,33.480
2026-07-18T00:28:50.240Z,usb,1,848316260,39717,10167552,256,6000,33.480
2026-07-18T00:28:50.283Z,usb,1,848316260,39718,10167808,256,6000,33.480
2026-07-18T00:28:50.325Z,usb,1,848316260,39719,10168064,256,6000,33.480
2026-07-18T00:28:50.368Z,usb,1,848316260,39720,10168320,256,6000,33.480
2026-07-18T00:28:50.410Z,usb,1,848316260,39721,10168576,256,6000,33.480
2026-07-18T00:28:50.452Z,usb,1,848316260,39722,10168832,256,6000,33.480
2026-07-18T00:28:50.496Z,usb,1,848316260,39723,10169088,256,6000,33.480
2026-07-18T00:28:50.538Z,usb,1,848316260,39724,10169344,256,6000,33.480
2026-07-18T00:28:50.581Z,usb,1,848316260,39725,10169600,256,6000,33.480
2026-07-18T00:28:50.623Z,usb,1,848316260,39726,10169856,256,6000,33.480
2026-07-18T00:28:50.666Z,usb,1,848316260,39727,10170112,256,6000,33.480
2026-07-18T00:28:50.708Z,usb,1,848316260,39728,10170368,256,6000,33.480
2026-07-18T00:28:50.751Z,usb,1,848316260,39729,10170624,256,6000,33.480
2026-07-18T00:28:50.793Z,usb,1,848316260,39730,10170880,256,6000,33.480
2026-07-18T00:28:50.836Z,usb,1,848316260,39731,10171136,256,6000,33.480
2026-07-18T00:28:50.878Z,usb,1,848316260,39732,10171392,256,6000,33.480
2026-07-18T00:28:50.921Z,usb,1,848316260,39733,10171648,256,6000,33.480
2026-07-18T00:28:50.963Z,usb,1,848316260,39734,10171904,256,6000,33.480
2026-07-18T00:28:51.006Z,usb,1,848316260,39735,10172160,256,6000,33.480
2026-07-18T00:28:51.048Z,usb,1,848316260,39736,10172416,256,6000,33.480
2026-07-18T00:28:51.091Z,usb,1,848316260,39737,10172672,256,6000,33.480
2026-07-18T00:28:51.133Z,usb,1,848316260,39738,10172928,256,6000,33.480
2026-07-18T00:28:51.176Z,usb,1,848316260,39739,10173184,256,6000,33.480
2026-07-18T00:28:51.218Z,usb,1,848316260,39740,10173440,256,6000,33.480
2026-07-18T00:28:51.261Z,usb,1,848316260,39741,10173696,256,6000,33.480
2026-07-18T00:28:51.303Z,usb,1,848316260,39742,10173952,256,6000,33.480
2026-07-18T00:28:51.346Z,usb,1,848316260,39743,10174208,256,6000,33.480
2026-07-18T00:28:51.388Z,usb,1,848316260,39744,10174464,256,6000,33.480
2026-07-18T00:28:51.431Z,usb,1,848316260,39745,10174720,256,6000,33.480
2026-07-18T00:28:51.473Z,usb,1,848316260,39746,10174976,256,6000,33.480
2026-07-18T00:28:51.516Z,usb,1,848316260,39747,10175232,256,6000,33.490
2026-07-18T00:28:51.559Z,usb,1,848316260,39748,10175488,256,6000,33.490
2026-07-18T00:28:51.602Z,usb,1,848316260,39749,10175744,256,6000,33.490
2026-07-18T00:28:51.644Z,usb,1,848316260,39750,10176000,256,6000,33.490
2026-07-18T00:28:51.687Z,usb,1,848316260,39751,10176256,256,6000,33.490
2026-07-18T00:28:51.729Z,usb,1,848316260,39752,10176512,256,6000,33.490
2026-07-18T00:28:51.771Z,usb,1,848316260,39753,10176768,256,6000,33.490
2026-07-18T00:28:51.814Z,usb,1,848316260,39754,10177024,256,6000,33.490
2026-07-18T00:28:51.857Z,usb,1,848316260,39755,10177280,256,6000,33.490
2026-07-18T00:28:51.899Z,usb,1,848316260,39756,10177536,256,6000,33.490
2026-07-18T00:28:51.942Z,usb,1,848316260,39757,10177792,256,6000,33.490
2026-07-18T00:28:51.984Z,usb,1,848316260,39758,10178048,256,6000,33.490
2026-07-18T00:28:52.026Z,usb,1,848316260,39759,10178304,256,6000,33.490
2026-07-18T00:28:52.069Z,usb,1,848316260,39760,10178560,256,6000,33.490
2026-07-18T00:28:52.112Z,usb,1,848316260,39761,10178816,256,6000,33.490
2026-07-18T00:28:52.154Z,usb,1,848316260,39762,10179072,256,6000,33.490
2026-07-18T00:28:52.197Z,usb,1,848316260,39763,10179328,256,6000,33.490
2026-07-18T00:28:52.239Z,usb,1,848316260,39764,10179584,256,6000,33.490
2026-07-18T00:28:52.281Z,usb,1,848316260,39765,10179840,256,6000,33.490
2026-07-18T00:28:52.324Z,usb,1,848316260,39766,10180096,256,6000,33.490
2026-07-18T00:28:52.367Z,usb,1,848316260,39767,10180352,256,6000,33.490
2026-07-18T00:28:52.409Z,usb,1,848316260,39768,10180608,256,6000,33.490
2026-07-18T00:28:52.452Z,usb,1,848316260,39769,10180864,256,6000,33.490
2026-07-18T00:28:52.494Z,usb,1,848316260,39770,10181120,256,6000,33.490
2026-07-18T00:28:52.537Z,usb,1,848316260,39771,10181376,256,6000,33.490
2026-07-18T00:28:52.580Z,usb,1,848316260,39772,10181632,256,6000,33.490
2026-07-18T00:28:52.622Z,usb,1,848316260,39773,10181888,256,6000,33.490
2026-07-18T00:28:52.665Z,usb,1,848316260,39774,10182144,256,6000,33.490
2026-07-18T00:28:52.707Z,usb,1,848316260,39775,10182400,256,6000,33.490
2026-07-18T00:28:52.750Z,usb,1,848316260,39776,10182656,256,6000,33.490
2026-07-18T00:28:52.792Z,usb,1,848316260,39777,10182912,256,6000,33.490
2026-07-18T00:28:52.835Z,usb,1,848316260,39778,10183168,256,6000,33.490
2026-07-18T00:28:52.877Z,usb,1,848316260,39779,10183424,256,6000,33.490
2026-07-18T00:28:52.920Z,usb,1,848316260,39780,10183680,256,6000,33.490
2026-07-18T00:28:52.962Z,usb,1,848316260,39781,10183936,256,6000,33.490
2026-07-18T00:28:53.005Z,usb,1,848316260,39782,10184192,256,6000,33.490
2026-07-18T00:28:53.047Z,usb,1,848316260,39783,10184448,256,6000,33.490
2026-07-18T00:28:53.090Z,usb,1,848316260,39784,10184704,256,6000,33.490
2026-07-18T00:28:53.132Z,usb,1,848316260,39785,10184960,256,6000,33.490
2026-07-18T00:28:53.175Z,usb,1,848316260,39786,10185216,256,6000,33.490
2026-07-18T00:28:53.217Z,usb,1,848316260,39787,10185472,256,6000,33.490
2026-07-18T00:28:53.260Z,usb,1,848316260,39788,10185728,256,6000,33.490
2026-07-18T00:28:53.302Z,usb,1,848316260,39789,10185984,256,6000,33.490
2026-07-18T00:28:53.345Z,usb,1,848316260,39790,10186240,256,6000,33.490
2026-07-18T00:28:53.387Z,usb,1,848316260,39791,10186496,256,6000,33.490
2026-07-18T00:28:53.430Z,usb,1,848316260,39792,10186752,256,6000,33.490
2026-07-18T00:28:53.472Z,usb,1,848316260,39793,10187008,256,6000,33.490
2026-07-18T00:28:53.515Z,usb,1,848316260,39794,10187264,256,6000,33.490
2026-07-18T00:28:53.558Z,usb,1,848316260,39795,10187520,256,6000,33.490
2026-07-18T00:28:53.601Z,usb,1,848316260,39796,10187776,256,6000,33.490
2026-07-18T00:28:53.643Z,usb,1,848316260,39797,10188032,256,6000,33.490
2026-07-18T00:28:53.685Z,usb,1,848316260,39798,10188288,256,6000,33.490
2026-07-18T00:28:53.728Z,usb,1,848316260,39799,10188544,256,6000,33.490
2026-07-18T00:28:53.771Z,usb,1,848316260,39800,10188800,256,6000,33.490
2026-07-18T00:28:53.813Z,usb,1,848316260,39801,10189056,256,6000,33.490
2026-07-18T00:28:53.855Z,usb,1,848316260,39802,10189312,256,6000,33.490
2026-07-18T00:28:53.898Z,usb,1,848316260,39803,10189568,256,6000,33.490
2026-07-18T00:28:53.940Z,usb,1,848316260,39804,10189824,256,6000,33.490
2026-07-18T00:28:53.983Z,usb,1,848316260,39805,10190080,256,6000,33.490
2026-07-18T00:28:54.025Z,usb,1,848316260,39806,10190336,256,6000,33.490
2026-07-18T00:28:54.068Z,usb,1,848316260,39807,10190592,256,6000,33.490
2026-07-18T00:28:54.111Z,usb,1,848316260,39808,10190848,256,6000,33.490
2026-07-18T00:28:54.153Z,usb,1,848316260,39809,10191104,256,6000,33.490
2026-07-18T00:28:54.195Z,usb,1,848316260,39810,10191360,256,6000,33.490
2026-07-18T00:28:54.238Z,usb,1,848316260,39811,10191616,256,6000,33.490
2026-07-18T00:28:54.280Z,usb,1,848316260,39812,10191872,256,6000,33.490
2026-07-18T00:28:54.324Z,usb,1,848316260,39813,10192128,256,6000,33.490
2026-07-18T00:28:54.365Z,usb,1,848316260,39814,10192384,256,6000,33.490
2026-07-18T00:28:54.408Z,usb,1,848316260,39815,10192640,256,6000,33.490
2026-07-18T00:28:54.450Z,usb,1,848316260,39816,10192896,256,6000,33.490
2026-07-18T00:28:54.493Z,usb,1,848316260,39817,10193152,256,6000,33.490
2026-07-18T00:28:54.535Z,usb,1,848316260,39818,10193408,256,6000,33.490
2026-07-18T00:28:54.579Z,usb,1,848316260,39819,10193664,256,6000,33.490
2026-07-18T00:28:54.621Z,usb,1,848316260,39820,10193920,256,6000,33.490
2026-07-18T00:28:54.664Z,usb,1,848316260,39821,10194176,256,6000,33.490
2026-07-18T00:28:54.706Z,usb,1,848316260,39822,10194432,256,6000,33.490
2026-07-18T00:28:54.749Z,usb,1,848316260,39823,10194688,256,6000,33.490
2026-07-18T00:28:54.791Z,usb,1,848316260,39824,10194944,256,6000,33.490
2026-07-18T00:28:54.834Z,usb,1,848316260,39825,10195200,256,6000,33.490
2026-07-18T00:28:54.876Z,usb,1,848316260,39826,10195456,256,6000,33.490
2026-07-18T00:28:54.919Z,usb,1,848316260,39827,10195712,256,6000,33.490
2026-07-18T00:28:54.961Z,usb,1,848316260,39828,10195968,256,6000,33.490
2026-07-18T00:28:55.004Z,usb,1,848316260,39829,10196224,256,6000,33.490
2026-07-18T00:28:55.046Z,usb,1,848316260,39830,10196480,256,6000,33.490
2026-07-18T00:28:55.089Z,usb,1,848316260,39831,10196736,256,6000,33.490
2026-07-18T00:28:55.131Z,usb,1,848316260,39832,10196992,256,6000,33.490
2026-07-18T00:28:55.174Z,usb,1,848316260,39833,10197248,256,6000,33.490
2026-07-18T00:28:55.216Z,usb,1,848316260,39834,10197504,256,6000,33.490
2026-07-18T00:28:55.259Z,usb,1,848316260,39835,10197760,256,6000,33.490
2026-07-18T00:28:55.301Z,usb,1,848316260,39836,10198016,256,6000,33.490
2026-07-18T00:28:55.343Z,usb,1,848316260,39837,10198272,256,6000,33.490
2026-07-18T00:28:55.386Z,usb,1,848316260,39838,10198528,256,6000,33.490
2026-07-18T00:28:55.429Z,usb,1,848316260,39839,10198784,256,6000,33.490
2026-07-18T00:28:55.471Z,usb,1,848316260,39840,10199040,256,6000,33.490
2026-07-18T00:28:55.514Z,usb,1,848316260,39841,10199296,256,6000,33.490
2026-07-18T00:28:55.556Z,usb,1,848316260,39842,10199552,256,6000,33.490
2026-07-18T00:28:55.599Z,usb,1,848316260,39843,10199808,256,6000,33.490
2026-07-18T00:28:55.642Z,usb,1,848316260,39844,10200064,256,6000,33.490
2026-07-18T00:28:55.684Z,usb,1,848316260,39845,10200320,256,6000,33.490
2026-07-18T00:28:55.727Z,usb,1,848316260,39846,10200576,256,6000,33.490
2026-07-18T00:28:55.769Z,usb,1,848316260,39847,10200832,256,6000,33.490
2026-07-18T00:28:55.812Z,usb,1,848316260,39848,10201088,256,6000,33.490
2026-07-18T00:28:55.854Z,usb,1,848316260,39849,10201344,256,6000,33.490
2026-07-18T00:28:55.897Z,usb,1,848316260,39850,10201600,256,6000,33.490
2026-07-18T00:28:55.939Z,usb,1,848316260,39851,10201856,256,6000,33.490
2026-07-18T00:28:55.982Z,usb,1,848316260,39852,10202112,256,6000,33.490
2026-07-18T00:28:56.024Z,usb,1,848316260,39853,10202368,256,6000,33.490
2026-07-18T00:28:56.067Z,usb,1,848316260,39854,10202624,256,6000,33.490
2026-07-18T00:28:56.109Z,usb,1,848316260,39855,10202880,256,6000,33.490
2026-07-18T00:28:56.152Z,usb,1,848316260,39856,10203136,256,6000,33.490
2026-07-18T00:28:56.194Z,usb,1,848316260,39857,10203392,256,6000,33.490
2026-07-18T00:28:56.237Z,usb,1,848316260,39858,10203648,256,6000,33.490
2026-07-18T00:28:56.279Z,usb,1,848316260,39859,10203904,256,6000,33.490
2026-07-18T00:28:56.322Z,usb,1,848316260,39860,10204160,256,6000,33.490
2026-07-18T00:28:56.364Z,usb,1,848316260,39861,10204416,256,6000,33.490
2026-07-18T00:28:56.407Z,usb,1,848316260,39862,10204672,256,6000,33.490
2026-07-18T00:28:56.449Z,usb,1,848316260,39863,10204928,256,6000,33.490
2026-07-18T00:28:56.492Z,usb,1,848316260,39864,10205184,256,6000,33.490
2026-07-18T00:28:56.534Z,usb,1,848316260,39865,10205440,256,6000,33.490
2026-07-18T00:28:56.577Z,usb,1,848316260,39866,10205696,256,6000,33.490
2026-07-18T00:28:56.620Z,usb,1,848316260,39867,10205952,256,6000,33.490
2026-07-18T00:28:56.663Z,usb,1,848316260,39868,10206208,256,6000,33.490
2026-07-18T00:28:56.705Z,usb,1,848316260,39869,10206464,256,6000,33.490
2026-07-18T00:28:56.748Z,usb,1,848316260,39870,10206720,256,6000,33.490
2026-07-18T00:28:56.790Z,usb,1,848316260,39871,10206976,256,6000,33.490
2026-07-18T00:28:56.833Z,usb,1,848316260,39872,10207232,256,6000,33.490
2026-07-18T00:28:56.875Z,usb,1,848316260,39873,10207488,256,6000,33.490
2026-07-18T00:28:56.918Z,usb,1,848316260,39874,10207744,256,6000,33.490
2026-07-18T00:28:56.960Z,usb,1,848316260,39875,10208000,256,6000,33.490
2026-07-18T00:28:57.003Z,usb,1,848316260,39876,10208256,256,6000,33.490
2026-07-18T00:28:57.045Z,usb,1,848316260,39877,10208512,256,6000,33.490
2026-07-18T00:28:57.088Z,usb,1,848316260,39878,10208768,256,6000,33.490
2026-07-18T00:28:57.130Z,usb,1,848316260,39879,10209024,256,6000,33.490
2026-07-18T00:28:57.173Z,usb,1,848316260,39880,10209280,256,6000,33.490
2026-07-18T00:28:57.215Z,usb,1,848316260,39881,10209536,256,6000,33.490
2026-07-18T00:28:57.258Z,usb,1,848316260,39882,10209792,256,6000,33.490
2026-07-18T00:28:57.300Z,usb,1,848316260,39883,10210048,256,6000,33.490
2026-07-18T00:28:57.343Z,usb,1,848316260,39884,10210304,256,6000,33.490
2026-07-18T00:28:57.385Z,usb,1,848316260,39885,10210560,256,6000,33.490
2026-07-18T00:28:57.428Z,usb,1,848316260,39886,10210816,256,6000,33.490
2026-07-18T00:28:57.470Z,usb,1,848316260,39887,10211072,256,6000,33.490
2026-07-18T00:28:57.513Z,usb,1,848316260,39888,10211328,256,6000,33.490
2026-07-18T00:28:57.555Z,usb,1,848316260,39889,10211584,256,6000,33.490
2026-07-18T00:28:57.598Z,usb,1,848316260,39890,10211840,256,6000,33.490
2026-07-18T00:28:57.641Z,usb,1,848316260,39891,10212096,256,6000,33.490
2026-07-18T00:28:57.683Z,usb,1,848316260,39892,10212352,256,6000,33.490
2026-07-18T00:28:57.726Z,usb,1,848316260,39893,10212608,256,6000,33.490
2026-07-18T00:28:57.768Z,usb,1,848316260,39894,10212864,256,6000,33.490
2026-07-18T00:28:57.811Z,usb,1,848316260,39895,10213120,256,6000,33.490
2026-07-18T00:28:57.853Z,usb,1,848316260,39896,10213376,256,6000,33.490
2026-07-18T00:28:57.896Z,usb,1,848316260,39897,10213632,256,6000,33.490
2026-07-18T00:28:57.938Z,usb,1,848316260,39898,10213888,256,6000,33.490
2026-07-18T00:28:57.981Z,usb,1,848316260,39899,10214144,256,6000,33.490
2026-07-18T00:28:58.023Z,usb,1,848316260,39900,10214400,256,6000,33.490
2026-07-18T00:28:58.066Z,usb,1,848316260,39901,10214656,256,6000,33.490
2026-07-18T00:28:58.108Z,usb,1,848316260,39902,10214912,256,6000,33.490
2026-07-18T00:28:58.151Z,usb,1,848316260,39903,10215168,256,6000,33.490
2026-07-18T00:28:58.193Z,usb,1,848316260,39904,10215424,256,6000,33.490
2026-07-18T00:28:58.236Z,usb,1,848316260,39905,10215680,256,6000,33.490
2026-07-18T00:28:58.278Z,usb,1,848316260,39906,10215936,256,6000,33.490
2026-07-18T00:28:58.321Z,usb,1,848316260,39907,10216192,256,6000,33.490
2026-07-18T00:28:58.363Z,usb,1,848316260,39908,10216448,256,6000,33.490
2026-07-18T00:28:58.406Z,usb,1,848316260,39909,10216704,256,6000,33.490
2026-07-18T00:28:58.448Z,usb,1,848316260,39910,10216960,256,6000,33.490
2026-07-18T00:28:58.491Z,usb,1,848316260,39911,10217216,256,6000,33.490
2026-07-18T00:28:58.533Z,usb,1,848316260,39912,10217472,256,6000,33.490
2026-07-18T00:28:58.576Z,usb,1,848316260,39913,10217728,256,6000,33.490
2026-07-18T00:28:58.618Z,usb,1,848316260,39914,10217984,256,6000,33.490
2026-07-18T00:28:58.662Z,usb,1,848316260,39915,10218240,256,6000,33.490
2026-07-18T00:28:58.704Z,usb,1,848316260,39916,10218496,256,6000,33.490
2026-07-18T00:28:58.747Z,usb,1,848316260,39917,10218752,256,6000,33.490
2026-07-18T00:28:58.789Z,usb,1,848316260,39918,10219008,256,6000,33.490
2026-07-18T00:28:58.832Z,usb,1,848316260,39919,10219264,256,6000,33.490
2026-07-18T00:28:58.874Z,usb,1,848316260,39920,10219520,256,6000,33.490
2026-07-18T00:28:58.917Z,usb,1,848316260,39921,10219776,256,6000,33.490
2026-07-18T00:28:58.959Z,usb,1,848316260,39922,10220032,256,6000,33.490
2026-07-18T00:28:59.002Z,usb,1,848316260,39923,10220288,256,6000,33.490
2026-07-18T00:28:59.044Z,usb,1,848316260,39924,10220544,256,6000,33.490
2026-07-18T00:28:59.087Z,usb,1,848316260,39925,10220800,256,6000,33.490
2026-07-18T00:28:59.129Z,usb,1,848316260,39926,10221056,256,6000,33.490
2026-07-18T00:28:59.172Z,usb,1,848316260,39927,10221312,256,6000,33.490
2026-07-18T00:28:59.214Z,usb,1,848316260,39928,10221568,256,6000,33.490
2026-07-18T00:28:59.257Z,usb,1,848316260,39929,10221824,256,6000,33.490
2026-07-18T00:28:59.299Z,usb,1,848316260,39930,10222080,256,6000,33.490
2026-07-18T00:28:59.342Z,usb,1,848316260,39931,10222336,256,6000,33.490
2026-07-18T00:28:59.384Z,usb,1,848316260,39932,10222592,256,6000,33.490
2026-07-18T00:28:59.427Z,usb,1,848316260,39933,10222848,256,6000,33.490
2026-07-18T00:28:59.469Z,usb,1,848316260,39934,10223104,256,6000,33.490
2026-07-18T00:28:59.512Z,usb,1,848316260,39935,10223360,256,6000,33.490
2026-07-18T00:28:59.554Z,usb,1,848316260,39936,10223616,256,6000,33.490
2026-07-18T00:28:59.597Z,usb,1,848316260,39937,10223872,256,6000,33.490
2026-07-18T00:28:59.639Z,usb,1,848316260,39938,10224128,256,6000,33.490
2026-07-18T00:28:59.682Z,usb,1,848316260,39939,10224384,256,6000,33.490
2026-07-18T00:28:59.725Z,usb,1,848316260,39940,10224640,256,6000,33.490
2026-07-18T00:28:59.767Z,usb,1,848316260,39941,10224896,256,6000,33.490
2026-07-18T00:28:59.810Z,usb,1,848316260,39942,10225152,256,6000,33.490
2026-07-18T00:28:59.853Z,usb,1,848316260,39943,10225408,256,6000,33.490
2026-07-18T00:28:59.895Z,usb,1,848316260,39944,10225664,256,6000,33.490
2026-07-18T00:28:59.937Z,usb,1,848316260,39945,10225920,256,6000,33.490
2026-07-18T00:28:59.980Z,usb,1,848316260,39946,10226176,256,6000,33.490
2026-07-18T00:29:00.023Z,usb,1,848316260,39947,10226432,256,6000,33.490
2026-07-18T00:29:00.065Z,usb,1,848316260,39948,10226688,256,6000,33.490
2026-07-18T00:29:00.107Z,usb,1,848316260,39949,10226944,256,6000,33.490
2026-07-18T00:29:00.150Z,usb,1,848316260,39950,10227200,256,6000,33.490
2026-07-18T00:29:00.192Z,usb,1,848316260,39951,10227456,256,6000,33.490
2026-07-18T00:29:00.235Z,usb,1,848316260,39952,10227712,256,6000,33.490
2026-07-18T00:29:00.278Z,usb,1,848316260,39953,10227968,256,6000,33.490
2026-07-18T00:29:00.320Z,usb,1,848316260,39954,10228224,256,6000,33.490
2026-07-18T00:29:00.362Z,usb,1,848316260,39955,10228480,256,6000,33.490
2026-07-18T00:29:00.405Z,usb,1,848316260,39956,10228736,256,6000,33.490
2026-07-18T00:29:00.447Z,usb,1,848316260,39957,10228992,256,6000,33.490
2026-07-18T00:29:00.490Z,usb,1,848316260,39958,10229248,256,6000,33.490
2026-07-18T00:29:00.532Z,usb,1,848316260,39959,10229504,256,6000,33.490
2026-07-18T00:29:00.575Z,usb,1,848316260,39960,10229760,256,6000,33.490
2026-07-18T00:29:00.618Z,usb,1,848316260,39961,10230016,256,6000,33.490
2026-07-18T00:29:00.660Z,usb,1,848316260,39962,10230272,256,6000,33.490
2026-07-18T00:29:00.703Z,usb,1,848316260,39963,10230528,256,6000,33.490
2026-07-18T00:29:00.746Z,usb,1,848316260,39964,10230784,256,6000,33.490
2026-07-18T00:29:00.788Z,usb,1,848316260,39965,10231040,256,6000,33.490
2026-07-18T00:29:00.831Z,usb,1,848316260,39966,10231296,256,6000,33.490
2026-07-18T00:29:00.873Z,usb,1,848316260,39967,10231552,256,6000,33.490
2026-07-18T00:29:00.916Z,usb,1,848316260,39968,10231808,256,6000,33.490
2026-07-18T00:29:00.958Z,usb,1,848316260,39969,10232064,256,6000,33.490
2026-07-18T00:29:01.001Z,usb,1,848316260,39970,10232320,256,6000,33.490
2026-07-18T00:29:01.043Z,usb,1,848316260,39971,10232576,256,6000,33.490
2026-07-18T00:29:01.086Z,usb,1,848316260,39972,10232832,256,6000,33.490
2026-07-18T00:29:01.128Z,usb,1,848316260,39973,10233088,256,6000,33.490
2026-07-18T00:29:01.171Z,usb,1,848316260,39974,10233344,256,6000,33.490
2026-07-18T00:29:01.213Z,usb,1,848316260,39975,10233600,256,6000,33.490
2026-07-18T00:29:01.256Z,usb,1,848316260,39976,10233856,256,6000,33.490
2026-07-18T00:29:01.298Z,usb,1,848316260,39977,10234112,256,6000,33.490
2026-07-18T00:29:01.341Z,usb,1,848316260,39978,10234368,256,6000,33.490
2026-07-18T00:29:01.383Z,usb,1,848316260,39979,10234624,256,6000,33.490
2026-07-18T00:29:01.426Z,usb,1,848316260,39980,10234880,256,6000,33.490
2026-07-18T00:29:01.468Z,usb,1,848316260,39981,10235136,256,6000,33.490
2026-07-18T00:29:01.511Z,usb,1,848316260,39982,10235392,256,6000,33.490
2026-07-18T00:29:01.553Z,usb,1,848316260,39983,10235648,256,6000,33.490
2026-07-18T00:29:01.596Z,usb,1,848316260,39984,10235904,256,6000,33.490
2026-07-18T00:29:01.638Z,usb,1,848316260,39985,10236160,256,6000,33.490
2026-07-18T00:29:01.681Z,usb,1,848316260,39986,10236416,256,6000,33.490
2026-07-18T00:29:01.724Z,usb,1,848316260,39987,10236672,256,6000,33.490
2026-07-18T00:29:01.767Z,usb,1,848316260,39988,10236928,256,6000,33.490
2026-07-18T00:29:01.809Z,usb,1,848316260,39989,10237184,256,6000,33.490
2026-07-18T00:29:01.852Z,usb,1,848316260,39990,10237440,256,6000,33.490
2026-07-18T00:29:01.894Z,usb,1,848316260,39991,10237696,256,6000,33.490
2026-07-18T00:29:01.937Z,usb,1,848316260,39992,10237952,256,6000,33.490
2026-07-18T00:29:01.979Z,usb,1,848316260,39993,10238208,256,6000,33.490
2026-07-18T00:29:02.022Z,usb,1,848316260,39994,10238464,256,6000,33.490
2026-07-18T00:29:02.064Z,usb,1,848316260,39995,10238720,256,6000,33.490
2026-07-18T00:29:02.107Z,usb,1,848316260,39996,10238976,256,6000,33.490
2026-07-18T00:29:02.149Z,usb,1,848316260,39997,10239232,256,6000,33.490
2026-07-18T00:29:02.192Z,usb,1,848316260,39998,10239488,256,6000,33.490
2026-07-18T00:29:02.234Z,usb,1,848316260,39999,10239744,256,6000,33.490
2026-07-18T00:29:02.277Z,usb,1,848316260,40000,10240000,256,6000,33.490
2026-07-18T00:29:02.319Z,usb,1,848316260,40001,10240256,256,6000,33.490
2026-07-18T00:29:02.362Z,usb,1,848316260,40002,10240512,256,6000,33.490
2026-07-18T00:29:02.404Z,usb,1,848316260,40003,10240768,256,6000,33.490
2026-07-18T00:29:02.447Z,usb,1,848316260,40004,10241024,256,6000,33.490
2026-07-18T00:29:02.489Z,usb,1,848316260,40005,10241280,256,6000,33.490
2026-07-18T00:29:02.531Z,usb,1,848316260,40006,10241536,256,6000,33.490
2026-07-18T00:29:02.574Z,usb,1,848316260,40007,10241792,256,6000,33.490
2026-07-18T00:29:02.616Z,usb,1,848316260,40008,10242048,256,6000,33.490
2026-07-18T00:29:02.659Z,usb,1,848316260,40009,10242304,256,6000,33.490
2026-07-18T00:29:02.702Z,usb,1,848316260,40010,10242560,256,6000,33.490
2026-07-18T00:29:02.745Z,usb,1,848316260,40011,10242816,256,6000,33.490
2026-07-18T00:29:02.787Z,usb,1,848316260,40012,10243072,256,6000,33.490
2026-07-18T00:29:02.830Z,usb,1,848316260,40013,10243328,256,6000,33.490
2026-07-18T00:29:02.872Z,usb,1,848316260,40014,10243584,256,6000,33.490
2026-07-18T00:29:02.915Z,usb,1,848316260,40015,10243840,256,6000,33.490
2026-07-18T00:29:02.957Z,usb,1,848316260,40016,10244096,256,6000,33.490
2026-07-18T00:29:03.000Z,usb,1,848316260,40017,10244352,256,6000,33.490
2026-07-18T00:29:03.042Z,usb,1,848316260,40018,10244608,256,6000,33.490
2026-07-18T00:29:03.085Z,usb,1,848316260,40019,10244864,256,6000,33.490
2026-07-18T00:29:03.127Z,usb,1,848316260,40020,10245120,256,6000,33.490
2026-07-18T00:29:03.170Z,usb,1,848316260,40021,10245376,256,6000,33.490
2026-07-18T00:29:03.212Z,usb,1,848316260,40022,10245632,256,6000,33.490
2026-07-18T00:29:03.255Z,usb,1,848316260,40023,10245888,256,6000,33.490
2026-07-18T00:29:03.297Z,usb,1,848316260,40024,10246144,256,6000,33.490
2026-07-18T00:29:03.340Z,usb,1,848316260,40025,10246400,256,6000,33.490
2026-07-18T00:29:03.382Z,usb,1,848316260,40026,10246656,256,6000,33.490
2026-07-18T00:29:03.425Z,usb,1,848316260,40027,10246912,256,6000,33.490
2026-07-18T00:29:03.467Z,usb,1,848316260,40028,10247168,256,6000,33.490
2026-07-18T00:29:03.510Z,usb,1,848316260,40029,10247424,256,6000,33.490
2026-07-18T00:29:03.552Z,usb,1,848316260,40030,10247680,256,6000,33.490
2026-07-18T00:29:03.595Z,usb,1,848316260,40031,10247936,256,6000,33.490
2026-07-18T00:29:03.637Z,usb,1,848316260,40032,10248192,256,6000,33.490
2026-07-18T00:29:03.680Z,usb,1,848316260,40033,10248448,256,6000,33.490
2026-07-18T00:29:03.722Z,usb,1,848316260,40034,10248704,256,6000,33.490
2026-07-18T00:29:03.765Z,usb,1,848316260,40035,10248960,256,6000,33.490
2026-07-18T00:29:03.808Z,usb,1,848316260,40036,10249216,256,6000,33.490
2026-07-18T00:29:03.850Z,usb,1,848316260,40037,10249472,256,6000,33.490
2026-07-18T00:29:03.893Z,usb,1,848316260,40038,10249728,256,6000,33.490
2026-07-18T00:29:03.936Z,usb,1,848316260,40039,10249984,256,6000,33.490
2026-07-18T00:29:03.978Z,usb,1,848316260,40040,10250240,256,6000,33.490
2026-07-18T00:29:04.020Z,usb,1,848316260,40041,10250496,256,6000,33.490
2026-07-18T00:29:04.063Z,usb,1,848316260,40042,10250752,256,6000,33.490
2026-07-18T00:29:04.106Z,usb,1,848316260,40043,10251008,256,6000,33.490
2026-07-18T00:29:04.148Z,usb,1,848316260,40044,10251264,256,6000,33.490
2026-07-18T00:29:04.191Z,usb,1,848316260,40045,10251520,256,6000,33.490
2026-07-18T00:29:04.233Z,usb,1,848316260,40046,10251776,256,6000,33.490
2026-07-18T00:29:04.275Z,usb,1,848316260,40047,10252032,256,6000,33.490
2026-07-18T00:29:04.318Z,usb,1,848316260,40048,10252288,256,6000,33.490
2026-07-18T00:29:04.361Z,usb,1,848316260,40049,10252544,256,6000,33.490
2026-07-18T00:29:04.403Z,usb,1,848316260,40050,10252800,256,6000,33.490
2026-07-18T00:29:04.446Z,usb,1,848316260,40051,10253056,256,6000,33.490
2026-07-18T00:29:04.488Z,usb,1,848316260,40052,10253312,256,6000,33.490
2026-07-18T00:29:04.530Z,usb,1,848316260,40053,10253568,256,6000,33.490
2026-07-18T00:29:04.573Z,usb,1,848316260,40054,10253824,256,6000,33.490
2026-07-18T00:29:04.616Z,usb,1,848316260,40055,10254080,256,6000,33.490
2026-07-18T00:29:04.658Z,usb,1,848316260,40056,10254336,256,6000,33.490
2026-07-18T00:29:04.701Z,usb,1,848316260,40057,10254592,256,6000,33.490
2026-07-18T00:29:04.743Z,usb,1,848316260,40058,10254848,256,6000,33.490
2026-07-18T00:29:04.786Z,usb,1,848316260,40059,10255104,256,6000,33.490
2026-07-18T00:29:04.829Z,usb,1,848316260,40060,10255360,256,6000,33.490
2026-07-18T00:29:04.871Z,usb,1,848316260,40061,10255616,256,6000,33.490
2026-07-18T00:29:04.914Z,usb,1,848316260,40062,10255872,256,6000,33.490
2026-07-18T00:29:04.956Z,usb,1,848316260,40063,10256128,256,6000,33.490
2026-07-18T00:29:04.999Z,usb,1,848316260,40064,10256384,256,6000,33.490
2026-07-18T00:29:05.041Z,usb,1,848316260,40065,10256640,256,6000,33.490
2026-07-18T00:29:05.084Z,usb,1,848316260,40066,10256896,256,6000,33.490
2026-07-18T00:29:05.126Z,usb,1,848316260,40067,10257152,256,6000,33.490
2026-07-18T00:29:05.169Z,usb,1,848316260,40068,10257408,256,6000,33.490
2026-07-18T00:29:05.211Z,usb,1,848316260,40069,10257664,256,6000,33.490
2026-07-18T00:29:05.254Z,usb,1,848316260,40070,10257920,256,6000,33.490
2026-07-18T00:29:05.296Z,usb,1,848316260,40071,10258176,256,6000,33.490
2026-07-18T00:29:05.339Z,usb,1,848316260,40072,10258432,256,6000,33.490
2026-07-18T00:29:05.381Z,usb,1,848316260,40073,10258688,256,6000,33.490
2026-07-18T00:29:05.424Z,usb,1,848316260,40074,10258944,256,6000,33.490
2026-07-18T00:29:05.466Z,usb,1,848316260,40075,10259200,256,6000,33.490
2026-07-18T00:29:05.509Z,usb,1,848316260,40076,10259456,256,6000,33.490
2026-07-18T00:29:05.551Z,usb,1,848316260,40077,10259712,256,6000,33.490
2026-07-18T00:29:05.594Z,usb,1,848316260,40078,10259968,256,6000,33.490
2026-07-18T00:29:05.636Z,usb,1,848316260,40079,10260224,256,6000,33.490
2026-07-18T00:29:05.679Z,usb,1,848316260,40080,10260480,256,6000,33.490
2026-07-18T00:29:05.721Z,usb,1,848316260,40081,10260736,256,6000,33.490
2026-07-18T00:29:05.764Z,usb,1,848316260,40082,10260992,256,6000,33.490
2026-07-18T00:29:05.807Z,usb,1,848316260,40083,10261248,256,6000,33.490
2026-07-18T00:29:05.849Z,usb,1,848316260,40084,10261504,256,6000,33.490
2026-07-18T00:29:05.892Z,usb,1,848316260,40085,10261760,256,6000,33.490
2026-07-18T00:29:05.935Z,usb,1,848316260,40086,10262016,256,6000,33.490
2026-07-18T00:29:05.977Z,usb,1,848316260,40087,10262272,256,6000,33.490
2026-07-18T00:29:06.020Z,usb,1,848316260,40088,10262528,256,6000,33.490
2026-07-18T00:29:06.062Z,usb,1,848316260,40089,10262784,256,6000,33.490
2026-07-18T00:29:06.105Z,usb,1,848316260,40090,10263040,256,6000,33.490
2026-07-18T00:29:06.147Z,usb,1,848316260,40091,10263296,256,6000,33.490
2026-07-18T00:29:06.190Z,usb,1,848316260,40092,10263552,256,6000,33.490
2026-07-18T00:29:06.232Z,usb,1,848316260,40093,10263808,256,6000,33.490
2026-07-18T00:29:06.275Z,usb,1,848316260,40094,10264064,256,6000,33.490
2026-07-18T00:29:06.317Z,usb,1,848316260,40095,10264320,256,6000,33.490
2026-07-18T00:29:06.360Z,usb,1,848316260,40096,10264576,256,6000,33.490
2026-07-18T00:29:06.402Z,usb,1,848316260,40097,10264832,256,6000,33.490
2026-07-18T00:29:06.444Z,usb,1,848316260,40098,10265088,256,6000,33.490
2026-07-18T00:29:06.487Z,usb,1,848316260,40099,10265344,256,6000,33.490
2026-07-18T00:29:06.530Z,usb,1,848316260,40100,10265600,256,6000,33.490
2026-07-18T00:29:06.572Z,usb,1,848316260,40101,10265856,256,6000,33.490
2026-07-18T00:29:06.615Z,usb,1,848316260,40102,10266112,256,6000,33.490
2026-07-18T00:29:06.657Z,usb,1,848316260,40103,10266368,256,6000,33.490
2026-07-18T00:29:06.700Z,usb,1,848316260,40104,10266624,256,6000,33.490
2026-07-18T00:29:06.742Z,usb,1,848316260,40105,10266880,256,6000,33.490
2026-07-18T00:29:06.785Z,usb,1,848316260,40106,10267136,256,6000,33.490
2026-07-18T00:29:06.828Z,usb,1,848316260,40107,10267392,256,6000,33.490
2026-07-18T00:29:06.870Z,usb,1,848316260,40108,10267648,256,6000,33.490
2026-07-18T00:29:06.913Z,usb,1,848316260,40109,10267904,256,6000,33.490
2026-07-18T00:29:06.955Z,usb,1,848316260,40110,10268160,256,6000,33.490
2026-07-18T00:29:06.998Z,usb,1,848316260,40111,10268416,256,6000,33.490
2026-07-18T00:29:07.040Z,usb,1,848316260,40112,10268672,256,6000,33.490
2026-07-18T00:29:07.083Z,usb,1,848316260,40113,10268928,256,6000,33.490
2026-07-18T00:29:07.125Z,usb,1,848316260,40114,10269184,256,6000,33.490
2026-07-18T00:29:07.168Z,usb,1,848316260,40115,10269440,256,6000,33.490
2026-07-18T00:29:07.210Z,usb,1,848316260,40116,10269696,256,6000,33.490
2026-07-18T00:29:07.253Z,usb,1,848316260,40117,10269952,256,6000,33.490
2026-07-18T00:29:07.295Z,usb,1,848316260,40118,10270208,256,6000,33.490
2026-07-18T00:29:07.338Z,usb,1,848316260,40119,10270464,256,6000,33.490
2026-07-18T00:29:07.380Z,usb,1,848316260,40120,10270720,256,6000,33.490
2026-07-18T00:29:07.423Z,usb,1,848316260,40121,10270976,256,6000,33.490
2026-07-18T00:29:07.465Z,usb,1,848316260,40122,10271232,256,6000,33.490
2026-07-18T00:29:07.508Z,usb,1,848316260,40123,10271488,256,6000,33.490
2026-07-18T00:29:07.550Z,usb,1,848316260,40124,10271744,256,6000,33.490
2026-07-18T00:29:07.593Z,usb,1,848316260,40125,10272000,256,6000,33.490
2026-07-18T00:29:07.635Z,usb,1,848316260,40126,10272256,256,6000,33.490
2026-07-18T00:29:07.678Z,usb,1,848316260,40127,10272512,256,6000,33.490
2026-07-18T00:29:07.720Z,usb,1,848316260,40128,10272768,256,6000,33.490
2026-07-18T00:29:07.763Z,usb,1,848316260,40129,10273024,256,6000,33.490
2026-07-18T00:29:07.805Z,usb,1,848316260,40130,10273280,256,6000,33.490
2026-07-18T00:29:07.848Z,usb,1,848316260,40131,10273536,256,6000,33.490
2026-07-18T00:29:07.891Z,usb,1,848316260,40132,10273792,256,6000,33.490
2026-07-18T00:29:07.933Z,usb,1,848316260,40133,10274048,256,6000,33.490
2026-07-18T00:29:07.976Z,usb,1,848316260,40134,10274304,256,6000,33.490
2026-07-18T00:29:08.018Z,usb,1,848316260,40135,10274560,256,6000,33.490
2026-07-18T00:29:08.061Z,usb,1,848316260,40136,10274816,256,6000,33.490
2026-07-18T00:29:08.103Z,usb,1,848316260,40137,10275072,256,6000,33.490
2026-07-18T00:29:08.146Z,usb,1,848316260,40138,10275328,256,6000,33.490
2026-07-18T00:29:08.188Z,usb,1,848316260,40139,10275584,256,6000,33.490
2026-07-18T00:29:08.231Z,usb,1,848316260,40140,10275840,256,6000,33.490
2026-07-18T00:29:08.273Z,usb,1,848316260,40141,10276096,256,6000,33.490
2026-07-18T00:29:08.316Z,usb,1,848316260,40142,10276352,256,6000,33.490
2026-07-18T00:29:08.358Z,usb,1,848316260,40143,10276608,256,6000,33.490
2026-07-18T00:29:08.401Z,usb,1,848316260,40144,10276864,256,6000,33.490
2026-07-18T00:29:08.443Z,usb,1,848316260,40145,10277120,256,6000,33.490
2026-07-18T00:29:08.486Z,usb,1,848316260,40146,10277376,256,6000,33.490
2026-07-18T00:29:08.529Z,usb,1,848316260,40147,10277632,256,6000,33.490
2026-07-18T00:29:08.571Z,usb,1,848316260,40148,10277888,256,6000,33.490
2026-07-18T00:29:08.613Z,usb,1,848316260,40149,10278144,256,6000,33.490
2026-07-18T00:29:08.656Z,usb,1,848316260,40150,10278400,256,6000,33.490
2026-07-18T00:29:08.699Z,usb,1,848316260,40151,10278656,256,6000,33.490
2026-07-18T00:29:08.741Z,usb,1,848316260,40152,10278912,256,6000,33.490
2026-07-18T00:29:08.783Z,usb,1,848316260,40153,10279168,256,6000,33.490
2026-07-18T00:29:08.826Z,usb,1,848316260,40154,10279424,256,6000,33.490
2026-07-18T00:29:08.869Z,usb,1,848316260,40155,10279680,256,6000,33.490
2026-07-18T00:29:08.912Z,usb,1,848316260,40156,10279936,256,6000,33.490
2026-07-18T00:29:08.954Z,usb,1,848316260,40157,10280192,256,6000,33.490
2026-07-18T00:29:08.997Z,usb,1,848316260,40158,10280448,256,6000,33.490
2026-07-18T00:29:09.039Z,usb,1,848316260,40159,10280704,256,6000,33.490
2026-07-18T00:29:09.082Z,usb,1,848316260,40160,10280960,256,6000,33.490
2026-07-18T00:29:09.124Z,usb,1,848316260,40161,10281216,256,6000,33.490
2026-07-18T00:29:09.167Z,usb,1,848316260,40162,10281472,256,6000,33.490
2026-07-18T00:29:09.209Z,usb,1,848316260,40163,10281728,256,6000,33.490
2026-07-18T00:29:09.252Z,usb,1,848316260,40164,10281984,256,6000,33.490
2026-07-18T00:29:09.294Z,usb,1,848316260,40165,10282240,256,6000,33.490
2026-07-18T00:29:09.337Z,usb,1,848316260,40166,10282496,256,6000,33.490
2026-07-18T00:29:09.379Z,usb,1,848316260,40167,10282752,256,6000,33.490
2026-07-18T00:29:09.422Z,usb,1,848316260,40168,10283008,256,6000,33.490
2026-07-18T00:29:09.465Z,usb,1,848316260,40169,10283264,256,6000,33.490
2026-07-18T00:29:09.507Z,usb,1,848316260,40170,10283520,256,6000,33.490
2026-07-18T00:29:09.549Z,usb,1,848316260,40171,10283776,256,6000,33.490
2026-07-18T00:29:09.592Z,usb,1,848316260,40172,10284032,256,6000,33.490
2026-07-18T00:29:09.634Z,usb,1,848316260,40173,10284288,256,6000,33.490
2026-07-18T00:29:09.677Z,usb,1,848316260,40174,10284544,256,6000,33.490
2026-07-18T00:29:09.719Z,usb,1,848316260,40175,10284800,256,6000,33.490
2026-07-18T00:29:09.762Z,usb,1,848316260,40176,10285056,256,6000,33.490
2026-07-18T00:29:09.804Z,usb,1,848316260,40177,10285312,256,6000,33.490
2026-07-18T00:29:09.847Z,usb,1,848316260,40178,10285568,256,6000,33.490
2026-07-18T00:29:09.890Z,usb,1,848316260,40179,10285824,256,6000,33.500
2026-07-18T00:29:09.933Z,usb,1,848316260,40180,10286080,256,6000,33.500
2026-07-18T00:29:09.975Z,usb,1,848316260,40181,10286336,256,6000,33.500
2026-07-18T00:29:10.018Z,usb,1,848316260,40182,10286592,256,6000,33.500
2026-07-18T00:29:10.060Z,usb,1,848316260,40183,10286848,256,6000,33.500
2026-07-18T00:29:10.103Z,usb,1,848316260,40184,10287104,256,6000,33.500
2026-07-18T00:29:10.145Z,usb,1,848316260,40185,10287360,256,6000,33.500
2026-07-18T00:29:10.188Z,usb,1,848316260,40186,10287616,256,6000,33.500
2026-07-18T00:29:10.230Z,usb,1,848316260,40187,10287872,256,6000,33.500
2026-07-18T00:29:10.272Z,usb,1,848316260,40188,10288128,256,6000,33.500
2026-07-18T00:29:10.315Z,usb,1,848316260,40189,10288384,256,6000,33.500
2026-07-18T00:29:10.357Z,usb,1,848316260,40190,10288640,256,6000,33.500
2026-07-18T00:29:10.400Z,usb,1,848316260,40191,10288896,256,6000,33.500
2026-07-18T00:29:10.442Z,usb,1,848316260,40192,10289152,256,6000,33.500
2026-07-18T00:29:10.485Z,usb,1,848316260,40193,10289408,256,6000,33.500
2026-07-18T00:29:10.527Z,usb,1,848316260,40194,10289664,256,6000,33.500
2026-07-18T00:29:10.570Z,usb,1,848316260,40195,10289920,256,6000,33.500
2026-07-18T00:29:10.612Z,usb,1,848316260,40196,10290176,256,6000,33.500
2026-07-18T00:29:10.655Z,usb,1,848316260,40197,10290432,256,6000,33.500
2026-07-18T00:29:10.698Z,usb,1,848316260,40198,10290688,256,6000,33.500
2026-07-18T00:29:10.740Z,usb,1,848316260,40199,10290944,256,6000,33.500
2026-07-18T00:29:10.782Z,usb,1,848316260,40200,10291200,256,6000,33.500
2026-07-18T00:29:10.825Z,usb,1,848316260,40201,10291456,256,6000,33.500
2026-07-18T00:29:10.867Z,usb,1,848316260,40202,10291712,256,6000,33.500
2026-07-18T00:29:10.910Z,usb,1,848316260,40203,10291968,256,6000,33.490
2026-07-18T00:29:10.953Z,usb,1,848316260,40204,10292224,256,6000,33.490
2026-07-18T00:29:10.996Z,usb,1,848316260,40205,10292480,256,6000,33.490
2026-07-18T00:29:11.038Z,usb,1,848316260,40206,10292736,256,6000,33.490
2026-07-18T00:29:11.081Z,usb,1,848316260,40207,10292992,256,6000,33.490
2026-07-18T00:29:11.123Z,usb,1,848316260,40208,10293248,256,6000,33.490
2026-07-18T00:29:11.166Z,usb,1,848316260,40209,10293504,256,6000,33.490
2026-07-18T00:29:11.208Z,usb,1,848316260,40210,10293760,256,6000,33.490
2026-07-18T00:29:11.251Z,usb,1,848316260,40211,10294016,256,6000,33.490
2026-07-18T00:29:11.293Z,usb,1,848316260,40212,10294272,256,6000,33.490
2026-07-18T00:29:11.336Z,usb,1,848316260,40213,10294528,256,6000,33.490
2026-07-18T00:29:11.378Z,usb,1,848316260,40214,10294784,256,6000,33.490
2026-07-18T00:29:11.421Z,usb,1,848316260,40215,10295040,256,6000,33.490
2026-07-18T00:29:11.463Z,usb,1,848316260,40216,10295296,256,6000,33.490
2026-07-18T00:29:11.506Z,usb,1,848316260,40217,10295552,256,6000,33.490
2026-07-18T00:29:11.548Z,usb,1,848316260,40218,10295808,256,6000,33.490
2026-07-18T00:29:11.591Z,usb,1,848316260,40219,10296064,256,6000,33.490
2026-07-18T00:29:11.633Z,usb,1,848316260,40220,10296320,256,6000,33.490
2026-07-18T00:29:11.676Z,usb,1,848316260,40221,10296576,256,6000,33.490
2026-07-18T00:29:11.718Z,usb,1,848316260,40222,10296832,256,6000,33.490
2026-07-18T00:29:11.761Z,usb,1,848316260,40223,10297088,256,6000,33.490
2026-07-18T00:29:11.803Z,usb,1,848316260,40224,10297344,256,6000,33.490
2026-07-18T00:29:11.846Z,usb,1,848316260,40225,10297600,256,6000,33.490
2026-07-18T00:29:11.888Z,usb,1,848316260,40226,10297856,256,6000,33.490
2026-07-18T00:29:11.931Z,usb,1,848316260,40227,10298112,256,6000,33.490
2026-07-18T00:29:11.974Z,usb,1,848316260,40228,10298368,256,6000,33.490
2026-07-18T00:29:12.016Z,usb,1,848316260,40229,10298624,256,6000,33.490
2026-07-18T00:29:12.059Z,usb,1,848316260,40230,10298880,256,6000,33.490
2026-07-18T00:29:12.101Z,usb,1,848316260,40231,10299136,256,6000,33.490
2026-07-18T00:29:12.144Z,usb,1,848316260,40232,10299392,256,6000,33.490
2026-07-18T00:29:12.187Z,usb,1,848316260,40233,10299648,256,6000,33.490
2026-07-18T00:29:12.229Z,usb,1,848316260,40234,10299904,256,6000,33.490
2026-07-18T00:29:12.271Z,usb,1,848316260,40235,10300160,256,6000,33.490
2026-07-18T00:29:12.314Z,usb,1,848316260,40236,10300416,256,6000,33.490
2026-07-18T00:29:12.356Z,usb,1,848316260,40237,10300672,256,6000,33.490
2026-07-18T00:29:12.399Z,usb,1,848316260,40238,10300928,256,6000,33.490
2026-07-18T00:29:12.441Z,usb,1,848316260,40239,10301184,256,6000,33.490
2026-07-18T00:29:12.484Z,usb,1,848316260,40240,10301440,256,6000,33.490
2026-07-18T00:29:12.526Z,usb,1,848316260,40241,10301696,256,6000,33.490
2026-07-18T00:29:12.569Z,usb,1,848316260,40242,10301952,256,6000,33.490
2026-07-18T00:29:12.611Z,usb,1,848316260,40243,10302208,256,6000,33.490
2026-07-18T00:29:12.654Z,usb,1,848316260,40244,10302464,256,6000,33.490
2026-07-18T00:29:12.696Z,usb,1,848316260,40245,10302720,256,6000,33.490
2026-07-18T00:29:12.739Z,usb,1,848316260,40246,10302976,256,6000,33.490
2026-07-18T00:29:12.782Z,usb,1,848316260,40247,10303232,256,6000,33.490
2026-07-18T00:29:12.824Z,usb,1,848316260,40248,10303488,256,6000,33.490
2026-07-18T00:29:12.866Z,usb,1,848316260,40249,10303744,256,6000,33.490
2026-07-18T00:29:12.909Z,usb,1,848316260,40250,10304000,256,6000,33.490
2026-07-18T00:29:12.952Z,usb,1,848316260,40251,10304256,256,6000,33.490
2026-07-18T00:29:12.995Z,usb,1,848316260,40252,10304512,256,6000,33.490
2026-07-18T00:29:13.037Z,usb,1,848316260,40253,10304768,256,6000,33.490
2026-07-18T00:29:13.080Z,usb,1,848316260,40254,10305024,256,6000,33.490
2026-07-18T00:29:13.122Z,usb,1,848316260,40255,10305280,256,6000,33.490
2026-07-18T00:29:13.165Z,usb,1,848316260,40256,10305536,256,6000,33.490
2026-07-18T00:29:13.207Z,usb,1,848316260,40257,10305792,256,6000,33.490
2026-07-18T00:29:13.250Z,usb,1,848316260,40258,10306048,256,6000,33.490
2026-07-18T00:29:13.292Z,usb,1,848316260,40259,10306304,256,6000,33.490
2026-07-18T00:29:13.335Z,usb,1,848316260,40260,10306560,256,6000,33.490
2026-07-18T00:29:13.377Z,usb,1,848316260,40261,10306816,256,6000,33.490
2026-07-18T00:29:13.420Z,usb,1,848316260,40262,10307072,256,6000,33.490
2026-07-18T00:29:13.462Z,usb,1,848316260,40263,10307328,256,6000,33.490
2026-07-18T00:29:13.505Z,usb,1,848316260,40264,10307584,256,6000,33.490
2026-07-18T00:29:13.547Z,usb,1,848316260,40265,10307840,256,6000,33.490
2026-07-18T00:29:13.590Z,usb,1,848316260,40266,10308096,256,6000,33.490
2026-07-18T00:29:13.632Z,usb,1,848316260,40267,10308352,256,6000,33.490
2026-07-18T00:29:13.675Z,usb,1,848316260,40268,10308608,256,6000,33.490
2026-07-18T00:29:13.717Z,usb,1,848316260,40269,10308864,256,6000,33.490
2026-07-18T00:29:13.760Z,usb,1,848316260,40270,10309120,256,6000,33.490
2026-07-18T00:29:13.802Z,usb,1,848316260,40271,10309376,256,6000,33.490
2026-07-18T00:29:13.845Z,usb,1,848316260,40272,10309632,256,6000,33.490
2026-07-18T00:29:13.887Z,usb,1,848316260,40273,10309888,256,6000,33.490
2026-07-18T00:29:13.930Z,usb,1,848316260,40274,10310144,256,6000,33.490
2026-07-18T00:29:13.973Z,usb,1,848316260,40275,10310400,256,6000,33.490
2026-07-18T00:29:14.015Z,usb,1,848316260,40276,10310656,256,6000,33.490
2026-07-18T00:29:14.058Z,usb,1,848316260,40277,10310912,256,6000,33.490
2026-07-18T00:29:14.101Z,usb,1,848316260,40278,10311168,256,6000,33.490
2026-07-18T00:29:14.143Z,usb,1,848316260,40279,10311424,256,6000,33.490
2026-07-18T00:29:14.186Z,usb,1,848316260,40280,10311680,256,6000,33.490
2026-07-18T00:29:14.228Z,usb,1,848316260,40281,10311936,256,6000,33.490
2026-07-18T00:29:14.271Z,usb,1,848316260,40282,10312192,256,6000,33.490
2026-07-18T00:29:14.313Z,usb,1,848316260,40283,10312448,256,6000,33.490
2026-07-18T00:29:14.356Z,usb,1,848316260,40284,10312704,256,6000,33.490
2026-07-18T00:29:14.398Z,usb,1,848316260,40285,10312960,256,6000,33.490
2026-07-18T00:29:14.441Z,usb,1,848316260,40286,10313216,256,6000,33.490
2026-07-18T00:29:14.483Z,usb,1,848316260,40287,10313472,256,6000,33.490
2026-07-18T00:29:14.526Z,usb,1,848316260,40288,10313728,256,6000,33.490
2026-07-18T00:29:14.568Z,usb,1,848316260,40289,10313984,256,6000,33.490
2026-07-18T00:29:14.610Z,usb,1,848316260,40290,10314240,256,6000,33.490
2026-07-18T00:29:14.653Z,usb,1,848316260,40291,10314496,256,6000,33.490
2026-07-18T00:29:14.695Z,usb,1,848316260,40292,10314752,256,6000,33.490
2026-07-18T00:29:14.738Z,usb,1,848316260,40293,10315008,256,6000,33.490
2026-07-18T00:29:14.780Z,usb,1,848316260,40294,10315264,256,6000,33.490
2026-07-18T00:29:14.823Z,usb,1,848316260,40295,10315520,256,6000,33.490
2026-07-18T00:29:14.865Z,usb,1,848316260,40296,10315776,256,6000,33.490
2026-07-18T00:29:14.908Z,usb,1,848316260,40297,10316032,256,6000,33.490
2026-07-18T00:29:14.950Z,usb,1,848316260,40298,10316288,256,6000,33.490
2026-07-18T00:29:14.994Z,usb,1,848316260,40299,10316544,256,6000,33.490
2026-07-18T00:29:15.036Z,usb,1,848316260,40300,10316800,256,6000,33.490
2026-07-18T00:29:15.079Z,usb,1,848316260,40301,10317056,256,6000,33.490
2026-07-18T00:29:15.121Z,usb,1,848316260,40302,10317312,256,6000,33.490
2026-07-18T00:29:15.164Z,usb,1,848316260,40303,10317568,256,6000,33.490
2026-07-18T00:29:15.206Z,usb,1,848316260,40304,10317824,256,6000,33.490
2026-07-18T00:29:15.249Z,usb,1,848316260,40305,10318080,256,6000,33.490
2026-07-18T00:29:15.291Z,usb,1,848316260,40306,10318336,256,6000,33.490
2026-07-18T00:29:15.334Z,usb,1,848316260,40307,10318592,256,6000,33.490
2026-07-18T00:29:15.376Z,usb,1,848316260,40308,10318848,256,6000,33.490
2026-07-18T00:29:15.419Z,usb,1,848316260,40309,10319104,256,6000,33.490
2026-07-18T00:29:15.461Z,usb,1,848316260,40310,10319360,256,6000,33.490
2026-07-18T00:29:15.504Z,usb,1,848316260,40311,10319616,256,6000,33.490
2026-07-18T00:29:15.546Z,usb,1,848316260,40312,10319872,256,6000,33.490
2026-07-18T00:29:15.589Z,usb,1,848316260,40313,10320128,256,6000,33.490
2026-07-18T00:29:15.631Z,usb,1,848316260,40314,10320384,256,6000,33.490
2026-07-18T00:29:15.674Z,usb,1,848316260,40315,10320640,256,6000,33.490
2026-07-18T00:29:15.716Z,usb,1,848316260,40316,10320896,256,6000,33.490
2026-07-18T00:29:15.759Z,usb,1,848316260,40317,10321152,256,6000,33.490
2026-07-18T00:29:15.801Z,usb,1,848316260,40318,10321408,256,6000,33.490
2026-07-18T00:29:15.844Z,usb,1,848316260,40319,10321664,256,6000,33.490
2026-07-18T00:29:15.886Z,usb,1,848316260,40320,10321920,256,6000,33.490
2026-07-18T00:29:15.929Z,usb,1,848316260,40321,10322176,256,6000,33.490
2026-07-18T00:29:15.971Z,usb,1,848316260,40322,10322432,256,6000,33.490
2026-07-18T00:29:16.015Z,usb,1,848316260,40323,10322688,256,6000,33.490
2026-07-18T00:29:16.057Z,usb,1,848316260,40324,10322944,256,6000,33.490
2026-07-18T00:29:16.100Z,usb,1,848316260,40325,10323200,256,6000,33.490
2026-07-18T00:29:16.142Z,usb,1,848316260,40326,10323456,256,6000,33.490
2026-07-18T00:29:16.185Z,usb,1,848316260,40327,10323712,256,6000,33.490
2026-07-18T00:29:16.227Z,usb,1,848316260,40328,10323968,256,6000,33.490
2026-07-18T00:29:16.269Z,usb,1,848316260,40329,10324224,256,6000,33.490
2026-07-18T00:29:16.312Z,usb,1,848316260,40330,10324480,256,6000,33.490
2026-07-18T00:29:16.354Z,usb,1,848316260,40331,10324736,256,6000,33.490
2026-07-18T00:29:16.397Z,usb,1,848316260,40332,10324992,256,6000,33.490
2026-07-18T00:29:16.440Z,usb,1,848316260,40333,10325248,256,6000,33.490
2026-07-18T00:29:16.482Z,usb,1,848316260,40334,10325504,256,6000,33.490
2026-07-18T00:29:16.524Z,usb,1,848316260,40335,10325760,256,6000,33.490
2026-07-18T00:29:16.567Z,usb,1,848316260,40336,10326016,256,6000,33.490
2026-07-18T00:29:16.610Z,usb,1,848316260,40337,10326272,256,6000,33.490
2026-07-18T00:29:16.652Z,usb,1,848316260,40338,10326528,256,6000,33.490
2026-07-18T00:29:16.694Z,usb,1,848316260,40339,10326784,256,6000,33.490
2026-07-18T00:29:16.737Z,usb,1,848316260,40340,10327040,256,6000,33.490
2026-07-18T00:29:16.780Z,usb,1,848316260,40341,10327296,256,6000,33.490
2026-07-18T00:29:16.822Z,usb,1,848316260,40342,10327552,256,6000,33.490
2026-07-18T00:29:16.865Z,usb,1,848316260,40343,10327808,256,6000,33.490
2026-07-18T00:29:16.907Z,usb,1,848316260,40344,10328064,256,6000,33.490
2026-07-18T00:29:16.950Z,usb,1,848316260,40345,10328320,256,6000,33.490
2026-07-18T00:29:16.992Z,usb,1,848316260,40346,10328576,256,6000,33.490
2026-07-18T00:29:17.035Z,usb,1,848316260,40347,10328832,256,6000,33.490
2026-07-18T00:29:17.078Z,usb,1,848316260,40348,10329088,256,6000,33.490
2026-07-18T00:29:17.120Z,usb,1,848316260,40349,10329344,256,6000,33.490
2026-07-18T00:29:17.163Z,usb,1,848316260,40350,10329600,256,6000,33.490
2026-07-18T00:29:17.205Z,usb,1,848316260,40351,10329856,256,6000,33.490
2026-07-18T00:29:17.248Z,usb,1,848316260,40352,10330112,256,6000,33.490
2026-07-18T00:29:17.290Z,usb,1,848316260,40353,10330368,256,6000,33.490
2026-07-18T00:29:17.333Z,usb,1,848316260,40354,10330624,256,6000,33.490
2026-07-18T00:29:17.375Z,usb,1,848316260,40355,10330880,256,6000,33.490
2026-07-18T00:29:17.418Z,usb,1,848316260,40356,10331136,256,6000,33.490
2026-07-18T00:29:17.460Z,usb,1,848316260,40357,10331392,256,6000,33.490
2026-07-18T00:29:17.503Z,usb,1,848316260,40358,10331648,256,6000,33.490
2026-07-18T00:29:17.545Z,usb,1,848316260,40359,10331904,256,6000,33.490
2026-07-18T00:29:17.588Z,usb,1,848316260,40360,10332160,256,6000,33.490
2026-07-18T00:29:17.630Z,usb,1,848316260,40361,10332416,256,6000,33.490
2026-07-18T00:29:17.673Z,usb,1,848316260,40362,10332672,256,6000,33.490
2026-07-18T00:29:17.715Z,usb,1,848316260,40363,10332928,256,6000,33.490
2026-07-18T00:29:17.758Z,usb,1,848316260,40364,10333184,256,6000,33.490
2026-07-18T00:29:17.800Z,usb,1,848316260,40365,10333440,256,6000,33.490
2026-07-18T00:29:17.843Z,usb,1,848316260,40366,10333696,256,6000,33.490
2026-07-18T00:29:17.885Z,usb,1,848316260,40367,10333952,256,6000,33.490
2026-07-18T00:29:17.928Z,usb,1,848316260,40368,10334208,256,6000,33.490
2026-07-18T00:29:17.970Z,usb,1,848316260,40369,10334464,256,6000,33.490
2026-07-18T00:29:18.013Z,usb,1,848316260,40370,10334720,256,6000,33.490
2026-07-18T00:29:18.056Z,usb,1,848316260,40371,10334976,256,6000,33.490
2026-07-18T00:29:18.099Z,usb,1,848316260,40372,10335232,256,6000,33.490
2026-07-18T00:29:18.141Z,usb,1,848316260,40373,10335488,256,6000,33.490
2026-07-18T00:29:18.184Z,usb,1,848316260,40374,10335744,256,6000,33.490
2026-07-18T00:29:18.226Z,usb,1,848316260,40375,10336000,256,6000,33.490
2026-07-18T00:29:18.268Z,usb,1,848316260,40376,10336256,256,6000,33.490
2026-07-18T00:29:18.311Z,usb,1,848316260,40377,10336512,256,6000,33.490
2026-07-18T00:29:18.354Z,usb,1,848316260,40378,10336768,256,6000,33.490
2026-07-18T00:29:18.396Z,usb,1,848316260,40379,10337024,256,6000,33.490
2026-07-18T00:29:18.439Z,usb,1,848316260,40380,10337280,256,6000,33.490
2026-07-18T00:29:18.481Z,usb,1,848316260,40381,10337536,256,6000,33.490
2026-07-18T00:29:18.523Z,usb,1,848316260,40382,10337792,256,6000,33.490
2026-07-18T00:29:18.566Z,usb,1,848316260,40383,10338048,256,6000,33.490
2026-07-18T00:29:18.608Z,usb,1,848316260,40384,10338304,256,6000,33.490
2026-07-18T00:29:18.651Z,usb,1,848316260,40385,10338560,256,6000,33.490
2026-07-18T00:29:18.694Z,usb,1,848316260,40386,10338816,256,6000,33.490
2026-07-18T00:29:18.736Z,usb,1,848316260,40387,10339072,256,6000,33.490
2026-07-18T00:29:18.779Z,usb,1,848316260,40388,10339328,256,6000,33.490
2026-07-18T00:29:18.821Z,usb,1,848316260,40389,10339584,256,6000,33.490
2026-07-18T00:29:18.864Z,usb,1,848316260,40390,10339840,256,6000,33.490
2026-07-18T00:29:18.906Z,usb,1,848316260,40391,10340096,256,6000,33.490
2026-07-18T00:29:18.948Z,usb,1,848316260,40392,10340352,256,6000,33.490
2026-07-18T00:29:18.991Z,usb,1,848316260,40393,10340608,256,6000,33.490
2026-07-18T00:29:19.034Z,usb,1,848316260,40394,10340864,256,6000,33.490
2026-07-18T00:29:19.077Z,usb,1,848316260,40395,10341120,256,6000,33.490
2026-07-18T00:29:19.119Z,usb,1,848316260,40396,10341376,256,6000,33.490
2026-07-18T00:29:19.162Z,usb,1,848316260,40397,10341632,256,6000,33.490
2026-07-18T00:29:19.204Z,usb,1,848316260,40398,10341888,256,6000,33.490
2026-07-18T00:29:19.247Z,usb,1,848316260,40399,10342144,256,6000,33.490
2026-07-18T00:29:19.289Z,usb,1,848316260,40400,10342400,256,6000,33.490
2026-07-18T00:29:19.332Z,usb,1,848316260,40401,10342656,256,6000,33.490
2026-07-18T00:29:19.374Z,usb,1,848316260,40402,10342912,256,6000,33.490
2026-07-18T00:29:19.417Z,usb,1,848316260,40403,10343168,256,6000,33.490
2026-07-18T00:29:19.459Z,usb,1,848316260,40404,10343424,256,6000,33.490
2026-07-18T00:29:19.502Z,usb,1,848316260,40405,10343680,256,6000,33.490
2026-07-18T00:29:19.544Z,usb,1,848316260,40406,10343936,256,6000,33.490
2026-07-18T00:29:19.587Z,usb,1,848316260,40407,10344192,256,6000,33.490
2026-07-18T00:29:19.629Z,usb,1,848316260,40408,10344448,256,6000,33.490
2026-07-18T00:29:19.672Z,usb,1,848316260,40409,10344704,256,6000,33.490
2026-07-18T00:29:19.714Z,usb,1,848316260,40410,10344960,256,6000,33.490
2026-07-18T00:29:19.757Z,usb,1,848316260,40411,10345216,256,6000,33.490
2026-07-18T00:29:19.799Z,usb,1,848316260,40412,10345472,256,6000,33.490
2026-07-18T00:29:19.842Z,usb,1,848316260,40413,10345728,256,6000,33.490
2026-07-18T00:29:19.884Z,usb,1,848316260,40414,10345984,256,6000,33.490
2026-07-18T00:29:19.927Z,usb,1,848316260,40415,10346240,256,6000,33.490
2026-07-18T00:29:19.969Z,usb,1,848316260,40416,10346496,256,6000,33.490
2026-07-18T00:29:20.012Z,usb,1,848316260,40417,10346752,256,6000,33.490
2026-07-18T00:29:20.054Z,usb,1,848316260,40418,10347008,256,6000,33.490
2026-07-18T00:29:20.097Z,usb,1,848316260,40419,10347264,256,6000,33.490
2026-07-18T00:29:20.140Z,usb,1,848316260,40420,10347520,256,6000,33.490
2026-07-18T00:29:20.183Z,usb,1,848316260,40421,10347776,256,6000,33.490
2026-07-18T00:29:20.225Z,usb,1,848316260,40422,10348032,256,6000,33.490
2026-07-18T00:29:20.267Z,usb,1,848316260,40423,10348288,256,6000,33.490
2026-07-18T00:29:20.310Z,usb,1,848316260,40424,10348544,256,6000,33.490
2026-07-18T00:29:20.352Z,usb,1,848316260,40425,10348800,256,6000,33.490
2026-07-18T00:29:20.395Z,usb,1,848316260,40426,10349056,256,6000,33.490
2026-07-18T00:29:20.438Z,usb,1,848316260,40427,10349312,256,6000,33.490
2026-07-18T00:29:20.480Z,usb,1,848316260,40428,10349568,256,6000,33.490
2026-07-18T00:29:20.522Z,usb,1,848316260,40429,10349824,256,6000,33.490
2026-07-18T00:29:20.565Z,usb,1,848316260,40430,10350080,256,6000,33.490
2026-07-18T00:29:20.608Z,usb,1,848316260,40431,10350336,256,6000,33.490
2026-07-18T00:29:20.650Z,usb,1,848316260,40432,10350592,256,6000,33.490
2026-07-18T00:29:20.692Z,usb,1,848316260,40433,10350848,256,6000,33.490
2026-07-18T00:29:20.735Z,usb,1,848316260,40434,10351104,256,6000,33.490
2026-07-18T00:29:20.777Z,usb,1,848316260,40435,10351360,256,6000,33.490
2026-07-18T00:29:20.820Z,usb,1,848316260,40436,10351616,256,6000,33.490
2026-07-18T00:29:20.863Z,usb,1,848316260,40437,10351872,256,6000,33.490
2026-07-18T00:29:20.905Z,usb,1,848316260,40438,10352128,256,6000,33.490
2026-07-18T00:29:20.948Z,usb,1,848316260,40439,10352384,256,6000,33.490
2026-07-18T00:29:20.990Z,usb,1,848316260,40440,10352640,256,6000,33.490
2026-07-18T00:29:21.033Z,usb,1,848316260,40441,10352896,256,6000,33.490
2026-07-18T00:29:21.075Z,usb,1,848316260,40442,10353152,256,6000,33.490
2026-07-18T00:29:21.118Z,usb,1,848316260,40443,10353408,256,6000,33.480
2026-07-18T00:29:21.161Z,usb,1,848316260,40444,10353664,256,6000,33.480
2026-07-18T00:29:21.203Z,usb,1,848316260,40445,10353920,256,6000,33.480
2026-07-18T00:29:21.246Z,usb,1,848316260,40446,10354176,256,6000,33.480
2026-07-18T00:29:21.288Z,usb,1,848316260,40447,10354432,256,6000,33.480
2026-07-18T00:29:21.331Z,usb,1,848316260,40448,10354688,256,6000,33.480
2026-07-18T00:29:21.373Z,usb,1,848316260,40449,10354944,256,6000,33.480
2026-07-18T00:29:21.416Z,usb,1,848316260,40450,10355200,256,6000,33.480
2026-07-18T00:29:21.458Z,usb,1,848316260,40451,10355456,256,6000,33.480
2026-07-18T00:29:21.501Z,usb,1,848316260,40452,10355712,256,6000,33.480
2026-07-18T00:29:21.543Z,usb,1,848316260,40453,10355968,256,6000,33.480
2026-07-18T00:29:21.586Z,usb,1,848316260,40454,10356224,256,6000,33.480
2026-07-18T00:29:21.628Z,usb,1,848316260,40455,10356480,256,6000,33.480
2026-07-18T00:29:21.671Z,usb,1,848316260,40456,10356736,256,6000,33.480
2026-07-18T00:29:21.713Z,usb,1,848316260,40457,10356992,256,6000,33.480
2026-07-18T00:29:21.756Z,usb,1,848316260,40458,10357248,256,6000,33.480
2026-07-18T00:29:21.798Z,usb,1,848316260,40459,10357504,256,6000,33.480
2026-07-18T00:29:21.841Z,usb,1,848316260,40460,10357760,256,6000,33.480
2026-07-18T00:29:21.883Z,usb,1,848316260,40461,10358016,256,6000,33.480
2026-07-18T00:29:21.926Z,usb,1,848316260,40462,10358272,256,6000,33.480
2026-07-18T00:29:21.968Z,usb,1,848316260,40463,10358528,256,6000,33.480
2026-07-18T00:29:22.011Z,usb,1,848316260,40464,10358784,256,6000,33.480
2026-07-18T00:29:22.053Z,usb,1,848316260,40465,10359040,256,6000,33.480
2026-07-18T00:29:22.096Z,usb,1,848316260,40466,10359296,256,6000,33.480
2026-07-18T00:29:22.139Z,usb,1,848316260,40467,10359552,256,6000,33.490
2026-07-18T00:29:22.181Z,usb,1,848316260,40468,10359808,256,6000,33.490
2026-07-18T00:29:22.224Z,usb,1,848316260,40469,10360064,256,6000,33.490
2026-07-18T00:29:22.266Z,usb,1,848316260,40470,10360320,256,6000,33.490
2026-07-18T00:29:22.309Z,usb,1,848316260,40471,10360576,256,6000,33.490
2026-07-18T00:29:22.351Z,usb,1,848316260,40472,10360832,256,6000,33.490
2026-07-18T00:29:22.394Z,usb,1,848316260,40473,10361088,256,6000,33.490
2026-07-18T00:29:22.436Z,usb,1,848316260,40474,10361344,256,6000,33.490
2026-07-18T00:29:22.479Z,usb,1,848316260,40475,10361600,256,6000,33.490
2026-07-18T00:29:22.521Z,usb,1,848316260,40476,10361856,256,6000,33.490
2026-07-18T00:29:22.564Z,usb,1,848316260,40477,10362112,256,6000,33.490
2026-07-18T00:29:22.606Z,usb,1,848316260,40478,10362368,256,6000,33.490
2026-07-18T00:29:22.649Z,usb,1,848316260,40479,10362624,256,6000,33.490
2026-07-18T00:29:22.692Z,usb,1,848316260,40480,10362880,256,6000,33.490
2026-07-18T00:29:22.734Z,usb,1,848316260,40481,10363136,256,6000,33.490
2026-07-18T00:29:22.776Z,usb,1,848316260,40482,10363392,256,6000,33.490
2026-07-18T00:29:22.819Z,usb,1,848316260,40483,10363648,256,6000,33.490
2026-07-18T00:29:22.862Z,usb,1,848316260,40484,10363904,256,6000,33.490
2026-07-18T00:29:22.904Z,usb,1,848316260,40485,10364160,256,6000,33.490
2026-07-18T00:29:22.946Z,usb,1,848316260,40486,10364416,256,6000,33.490
2026-07-18T00:29:22.989Z,usb,1,848316260,40487,10364672,256,6000,33.490
2026-07-18T00:29:23.032Z,usb,1,848316260,40488,10364928,256,6000,33.490
2026-07-18T00:29:23.074Z,usb,1,848316260,40489,10365184,256,6000,33.490
2026-07-18T00:29:23.117Z,usb,1,848316260,40490,10365440,256,6000,33.490
2026-07-18T00:29:23.160Z,usb,1,848316260,40491,10365696,256,6000,33.490
2026-07-18T00:29:23.202Z,usb,1,848316260,40492,10365952,256,6000,33.490
2026-07-18T00:29:23.245Z,usb,1,848316260,40493,10366208,256,6000,33.490
2026-07-18T00:29:23.287Z,usb,1,848316260,40494,10366464,256,6000,33.490
2026-07-18T00:29:23.330Z,usb,1,848316260,40495,10366720,256,6000,33.490
2026-07-18T00:29:23.372Z,usb,1,848316260,40496,10366976,256,6000,33.490
2026-07-18T00:29:23.415Z,usb,1,848316260,40497,10367232,256,6000,33.490
2026-07-18T00:29:23.457Z,usb,1,848316260,40498,10367488,256,6000,33.490
2026-07-18T00:29:23.500Z,usb,1,848316260,40499,10367744,256,6000,33.490
2026-07-18T00:29:23.542Z,usb,1,848316260,40500,10368000,256,6000,33.490
2026-07-18T00:29:23.585Z,usb,1,848316260,40501,10368256,256,6000,33.490
2026-07-18T00:29:23.627Z,usb,1,848316260,40502,10368512,256,6000,33.490
2026-07-18T00:29:23.670Z,usb,1,848316260,40503,10368768,256,6000,33.490
2026-07-18T00:29:23.712Z,usb,1,848316260,40504,10369024,256,6000,33.490
2026-07-18T00:29:23.755Z,usb,1,848316260,40505,10369280,256,6000,33.490
2026-07-18T00:29:23.797Z,usb,1,848316260,40506,10369536,256,6000,33.490
2026-07-18T00:29:23.840Z,usb,1,848316260,40507,10369792,256,6000,33.490
2026-07-18T00:29:23.882Z,usb,1,848316260,40508,10370048,256,6000,33.490
2026-07-18T00:29:23.925Z,usb,1,848316260,40509,10370304,256,6000,33.490
2026-07-18T00:29:23.967Z,usb,1,848316260,40510,10370560,256,6000,33.490
2026-07-18T00:29:24.010Z,usb,1,848316260,40511,10370816,256,6000,33.490
2026-07-18T00:29:24.052Z,usb,1,848316260,40512,10371072,256,6000,33.490
2026-07-18T00:29:24.095Z,usb,1,848316260,40513,10371328,256,6000,33.490
2026-07-18T00:29:24.137Z,usb,1,848316260,40514,10371584,256,6000,33.490
2026-07-18T00:29:24.181Z,usb,1,848316260,40515,10371840,256,6000,33.490
2026-07-18T00:29:24.223Z,usb,1,848316260,40516,10372096,256,6000,33.490
2026-07-18T00:29:24.265Z,usb,1,848316260,40517,10372352,256,6000,33.490
2026-07-18T00:29:24.308Z,usb,1,848316260,40518,10372608,256,6000,33.490
2026-07-18T00:29:24.351Z,usb,1,848316260,40519,10372864,256,6000,33.490
2026-07-18T00:29:24.393Z,usb,1,848316260,40520,10373120,256,6000,33.490
2026-07-18T00:29:24.435Z,usb,1,848316260,40521,10373376,256,6000,33.490
2026-07-18T00:29:24.478Z,usb,1,848316260,40522,10373632,256,6000,33.490
2026-07-18T00:29:24.520Z,usb,1,848316260,40523,10373888,256,6000,33.490
2026-07-18T00:29:24.563Z,usb,1,848316260,40524,10374144,256,6000,33.490
2026-07-18T00:29:24.605Z,usb,1,848316260,40525,10374400,256,6000,33.490
2026-07-18T00:29:24.648Z,usb,1,848316260,40526,10374656,256,6000,33.490
2026-07-18T00:29:24.690Z,usb,1,848316260,40527,10374912,256,6000,33.490
2026-07-18T00:29:24.733Z,usb,1,848316260,40528,10375168,256,6000,33.490
2026-07-18T00:29:24.779Z,usb,1,848316260,40529,10375424,256,6000,33.490
2026-07-18T00:29:24.818Z,usb,1,848316260,40530,10375680,256,6000,33.490
2026-07-18T00:29:24.861Z,usb,1,848316260,40531,10375936,256,6000,33.490
2026-07-18T00:29:24.903Z,usb,1,848316260,40532,10376192,256,6000,33.490
2026-07-18T00:29:24.945Z,usb,1,848316260,40533,10376448,256,6000,33.490
2026-07-18T00:29:24.988Z,usb,1,848316260,40534,10376704,256,6000,33.490
2026-07-18T00:29:25.031Z,usb,1,848316260,40535,10376960,256,6000,33.490
2026-07-18T00:29:25.073Z,usb,1,848316260,40536,10377216,256,6000,33.490
2026-07-18T00:29:25.116Z,usb,1,848316260,40537,10377472,256,6000,33.490
2026-07-18T00:29:25.158Z,usb,1,848316260,40538,10377728,256,6000,33.490
2026-07-18T00:29:25.201Z,usb,1,848316260,40539,10377984,256,6000,33.490
2026-07-18T00:29:25.244Z,usb,1,848316260,40540,10378240,256,6000,33.490
2026-07-18T00:29:25.286Z,usb,1,848316260,40541,10378496,256,6000,33.490
2026-07-18T00:29:25.329Z,usb,1,848316260,40542,10378752,256,6000,33.490
2026-07-18T00:29:25.371Z,usb,1,848316260,40543,10379008,256,6000,33.490
2026-07-18T00:29:25.414Z,usb,1,848316260,40544,10379264,256,6000,33.490
2026-07-18T00:29:25.456Z,usb,1,848316260,40545,10379520,256,6000,33.490
2026-07-18T00:29:25.499Z,usb,1,848316260,40546,10379776,256,6000,33.490
2026-07-18T00:29:25.541Z,usb,1,848316260,40547,10380032,256,6000,33.490
2026-07-18T00:29:25.584Z,usb,1,848316260,40548,10380288,256,6000,33.490
2026-07-18T00:29:25.626Z,usb,1,848316260,40549,10380544,256,6000,33.490
2026-07-18T00:29:25.669Z,usb,1,848316260,40550,10380800,256,6000,33.490
2026-07-18T00:29:25.711Z,usb,1,848316260,40551,10381056,256,6000,33.490
2026-07-18T00:29:25.754Z,usb,1,848316260,40552,10381312,256,6000,33.490
2026-07-18T00:29:25.796Z,usb,1,848316260,40553,10381568,256,6000,33.490
2026-07-18T00:29:25.839Z,usb,1,848316260,40554,10381824,256,6000,33.490
2026-07-18T00:29:25.881Z,usb,1,848316260,40555,10382080,256,6000,33.490
2026-07-18T00:29:25.924Z,usb,1,848316260,40556,10382336,256,6000,33.490
2026-07-18T00:29:25.966Z,usb,1,848316260,40557,10382592,256,6000,33.490
2026-07-18T00:29:26.009Z,usb,1,848316260,40558,10382848,256,6000,33.490
2026-07-18T00:29:26.051Z,usb,1,848316260,40559,10383104,256,6000,33.490
2026-07-18T00:29:26.094Z,usb,1,848316260,40560,10383360,256,6000,33.490
2026-07-18T00:29:26.136Z,usb,1,848316260,40561,10383616,256,6000,33.490
2026-07-18T00:29:26.179Z,usb,1,848316260,40562,10383872,256,6000,33.490
2026-07-18T00:29:26.222Z,usb,1,848316260,40563,10384128,256,6000,33.490
2026-07-18T00:29:26.264Z,usb,1,848316260,40564,10384384,256,6000,33.490
2026-07-18T00:29:26.307Z,usb,1,848316260,40565,10384640,256,6000,33.490
2026-07-18T00:29:26.349Z,usb,1,848316260,40566,10384896,256,6000,33.490
2026-07-18T00:29:26.392Z,usb,1,848316260,40567,10385152,256,6000,33.490
2026-07-18T00:29:26.434Z,usb,1,848316260,40568,10385408,256,6000,33.490
2026-07-18T00:29:26.477Z,usb,1,848316260,40569,10385664,256,6000,33.490
2026-07-18T00:29:26.519Z,usb,1,848316260,40570,10385920,256,6000,33.490
2026-07-18T00:29:26.562Z,usb,1,848316260,40571,10386176,256,6000,33.490
2026-07-18T00:29:26.604Z,usb,1,848316260,40572,10386432,256,6000,33.490
2026-07-18T00:29:26.647Z,usb,1,848316260,40573,10386688,256,6000,33.490
2026-07-18T00:29:26.689Z,usb,1,848316260,40574,10386944,256,6000,33.490
2026-07-18T00:29:26.732Z,usb,1,848316260,40575,10387200,256,6000,33.490
2026-07-18T00:29:26.774Z,usb,1,848316260,40576,10387456,256,6000,33.490
2026-07-18T00:29:26.817Z,usb,1,848316260,40577,10387712,256,6000,33.490
2026-07-18T00:29:26.859Z,usb,1,848316260,40578,10387968,256,6000,33.490
2026-07-18T00:29:26.902Z,usb,1,848316260,40579,10388224,256,6000,33.490
2026-07-18T00:29:26.945Z,usb,1,848316260,40580,10388480,256,6000,33.490
2026-07-18T00:29:26.987Z,usb,1,848316260,40581,10388736,256,6000,33.490
2026-07-18T00:29:27.029Z,usb,1,848316260,40582,10388992,256,6000,33.490
2026-07-18T00:29:27.072Z,usb,1,848316260,40583,10389248,256,6000,33.490
2026-07-18T00:29:27.114Z,usb,1,848316260,40584,10389504,256,6000,33.490
2026-07-18T00:29:27.157Z,usb,1,848316260,40585,10389760,256,6000,33.490
2026-07-18T00:29:27.200Z,usb,1,848316260,40586,10390016,256,6000,33.490
2026-07-18T00:29:27.243Z,usb,1,848316260,40587,10390272,256,6000,33.490
2026-07-18T00:29:27.285Z,usb,1,848316260,40588,10390528,256,6000,33.490
2026-07-18T00:29:27.328Z,usb,1,848316260,40589,10390784,256,6000,33.490
2026-07-18T00:29:27.370Z,usb,1,848316260,40590,10391040,256,6000,33.490
2026-07-18T00:29:27.413Z,usb,1,848316260,40591,10391296,256,6000,33.490
2026-07-18T00:29:27.455Z,usb,1,848316260,40592,10391552,256,6000,33.490
2026-07-18T00:29:27.498Z,usb,1,848316260,40593,10391808,256,6000,33.490
2026-07-18T00:29:27.540Z,usb,1,848316260,40594,10392064,256,6000,33.490
2026-07-18T00:29:27.583Z,usb,1,848316260,40595,10392320,256,6000,33.490
2026-07-18T00:29:27.625Z,usb,1,848316260,40596,10392576,256,6000,33.490
2026-07-18T00:29:27.668Z,usb,1,848316260,40597,10392832,256,6000,33.490
2026-07-18T00:29:27.710Z,usb,1,848316260,40598,10393088,256,6000,33.490
2026-07-18T00:29:27.753Z,usb,1,848316260,40599,10393344,256,6000,33.490
2026-07-18T00:29:27.795Z,usb,1,848316260,40600,10393600,256,6000,33.490
2026-07-18T00:29:27.838Z,usb,1,848316260,40601,10393856,256,6000,33.490
2026-07-18T00:29:27.880Z,usb,1,848316260,40602,10394112,256,6000,33.490
2026-07-18T00:29:27.923Z,usb,1,848316260,40603,10394368,256,6000,33.490
2026-07-18T00:29:27.965Z,usb,1,848316260,40604,10394624,256,6000,33.490
2026-07-18T00:29:28.008Z,usb,1,848316260,40605,10394880,256,6000,33.490
2026-07-18T00:29:28.050Z,usb,1,848316260,40606,10395136,256,6000,33.490
2026-07-18T00:29:28.093Z,usb,1,848316260,40607,10395392,256,6000,33.490
2026-07-18T00:29:28.135Z,usb,1,848316260,40608,10395648,256,6000,33.490
2026-07-18T00:29:28.178Z,usb,1,848316260,40609,10395904,256,6000,33.490
2026-07-18T00:29:28.220Z,usb,1,848316260,40610,10396160,256,6000,33.490
2026-07-18T00:29:28.263Z,usb,1,848316260,40611,10396416,256,6000,33.500
2026-07-18T00:29:28.306Z,usb,1,848316260,40612,10396672,256,6000,33.500
2026-07-18T00:29:28.348Z,usb,1,848316260,40613,10396928,256,6000,33.500
2026-07-18T00:29:28.391Z,usb,1,848316260,40614,10397184,256,6000,33.500
2026-07-18T00:29:28.433Z,usb,1,848316260,40615,10397440,256,6000,33.500
2026-07-18T00:29:28.476Z,usb,1,848316260,40616,10397696,256,6000,33.500
2026-07-18T00:29:28.518Z,usb,1,848316260,40617,10397952,256,6000,33.500
2026-07-18T00:29:28.561Z,usb,1,848316260,40618,10398208,256,6000,33.500
2026-07-18T00:29:28.603Z,usb,1,848316260,40619,10398464,256,6000,33.500
2026-07-18T00:29:28.646Z,usb,1,848316260,40620,10398720,256,6000,33.500
2026-07-18T00:29:28.688Z,usb,1,848316260,40621,10398976,256,6000,33.500
2026-07-18T00:29:28.731Z,usb,1,848316260,40622,10399232,256,6000,33.500
2026-07-18T00:29:28.773Z,usb,1,848316260,40623,10399488,256,6000,33.500
2026-07-18T00:29:28.816Z,usb,1,848316260,40624,10399744,256,6000,33.500
2026-07-18T00:29:28.858Z,usb,1,848316260,40625,10400000,256,6000,33.500
2026-07-18T00:29:28.901Z,usb,1,848316260,40626,10400256,256,6000,33.500
2026-07-18T00:29:28.943Z,usb,1,848316260,40627,10400512,256,6000,33.500
2026-07-18T00:29:28.986Z,usb,1,848316260,40628,10400768,256,6000,33.500
2026-07-18T00:29:29.028Z,usb,1,848316260,40629,10401024,256,6000,33.500
2026-07-18T00:29:29.071Z,usb,1,848316260,40630,10401280,256,6000,33.500
2026-07-18T00:29:29.114Z,usb,1,848316260,40631,10401536,256,6000,33.500
2026-07-18T00:29:29.156Z,usb,1,848316260,40632,10401792,256,6000,33.500
2026-07-18T00:29:29.198Z,usb,1,848316260,40633,10402048,256,6000,33.500
2026-07-18T00:29:29.241Z,usb,1,848316260,40634,10402304,256,6000,33.500
2026-07-18T00:29:29.284Z,usb,1,848316260,40635,10402560,256,6000,33.500
2026-07-18T00:29:29.327Z,usb,1,848316260,40636,10402816,256,6000,33.500
2026-07-18T00:29:29.369Z,usb,1,848316260,40637,10403072,256,6000,33.500
2026-07-18T00:29:29.412Z,usb,1,848316260,40638,10403328,256,6000,33.500
2026-07-18T00:29:29.454Z,usb,1,848316260,40639,10403584,256,6000,33.500
2026-07-18T00:29:29.497Z,usb,1,848316260,40640,10403840,256,6000,33.500
2026-07-18T00:29:29.539Z,usb,1,848316260,40641,10404096,256,6000,33.500
2026-07-18T00:29:29.582Z,usb,1,848316260,40642,10404352,256,6000,33.500
2026-07-18T00:29:29.624Z,usb,1,848316260,40643,10404608,256,6000,33.500
2026-07-18T00:29:29.667Z,usb,1,848316260,40644,10404864,256,6000,33.500
2026-07-18T00:29:29.709Z,usb,1,848316260,40645,10405120,256,6000,33.500
2026-07-18T00:29:29.752Z,usb,1,848316260,40646,10405376,256,6000,33.500
2026-07-18T00:29:29.794Z,usb,1,848316260,40647,10405632,256,6000,33.500
2026-07-18T00:29:29.837Z,usb,1,848316260,40648,10405888,256,6000,33.500
2026-07-18T00:29:29.879Z,usb,1,848316260,40649,10406144,256,6000,33.500
2026-07-18T00:29:29.922Z,usb,1,848316260,40650,10406400,256,6000,33.500
2026-07-18T00:29:29.964Z,usb,1,848316260,40651,10406656,256,6000,33.500
2026-07-18T00:29:30.007Z,usb,1,848316260,40652,10406912,256,6000,33.500
2026-07-18T00:29:30.049Z,usb,1,848316260,40653,10407168,256,6000,33.500
2026-07-18T00:29:30.092Z,usb,1,848316260,40654,10407424,256,6000,33.500
2026-07-18T00:29:30.134Z,usb,1,848316260,40655,10407680,256,6000,33.500
2026-07-18T00:29:30.177Z,usb,1,848316260,40656,10407936,256,6000,33.500
2026-07-18T00:29:30.219Z,usb,1,848316260,40657,10408192,256,6000,33.500
2026-07-18T00:29:30.262Z,usb,1,848316260,40658,10408448,256,6000,33.500
2026-07-18T00:29:30.305Z,usb,1,848316260,40659,10408704,256,6000,33.490
2026-07-18T00:29:30.347Z,usb,1,848316260,40660,10408960,256,6000,33.490
2026-07-18T00:29:30.390Z,usb,1,848316260,40661,10409216,256,6000,33.490
2026-07-18T00:29:30.433Z,usb,1,848316260,40662,10409472,256,6000,33.490
2026-07-18T00:29:30.475Z,usb,1,848316260,40663,10409728,256,6000,33.490
2026-07-18T00:29:30.517Z,usb,1,848316260,40664,10409984,256,6000,33.490
2026-07-18T00:29:30.560Z,usb,1,848316260,40665,10410240,256,6000,33.490
2026-07-18T00:29:30.602Z,usb,1,848316260,40666,10410496,256,6000,33.490
2026-07-18T00:29:30.645Z,usb,1,848316260,40667,10410752,256,6000,33.490
2026-07-18T00:29:30.688Z,usb,1,848316260,40668,10411008,256,6000,33.490
2026-07-18T00:29:30.730Z,usb,1,848316260,40669,10411264,256,6000,33.490
2026-07-18T00:29:30.772Z,usb,1,848316260,40670,10411520,256,6000,33.490
2026-07-18T00:29:30.815Z,usb,1,848316260,40671,10411776,256,6000,33.490
2026-07-18T00:29:30.858Z,usb,1,848316260,40672,10412032,256,6000,33.490
2026-07-18T00:29:30.900Z,usb,1,848316260,40673,10412288,256,6000,33.490
2026-07-18T00:29:30.943Z,usb,1,848316260,40674,10412544,256,6000,33.490
2026-07-18T00:29:30.985Z,usb,1,848316260,40675,10412800,256,6000,33.490
2026-07-18T00:29:31.028Z,usb,1,848316260,40676,10413056,256,6000,33.490
2026-07-18T00:29:31.070Z,usb,1,848316260,40677,10413312,256,6000,33.490
2026-07-18T00:29:31.112Z,usb,1,848316260,40678,10413568,256,6000,33.490
2026-07-18T00:29:31.155Z,usb,1,848316260,40679,10413824,256,6000,33.490
2026-07-18T00:29:31.198Z,usb,1,848316260,40680,10414080,256,6000,33.490
2026-07-18T00:29:31.240Z,usb,1,848316260,40681,10414336,256,6000,33.490
2026-07-18T00:29:31.282Z,usb,1,848316260,40682,10414592,256,6000,33.490
2026-07-18T00:29:31.326Z,usb,1,848316260,40683,10414848,256,6000,33.490
2026-07-18T00:29:31.368Z,usb,1,848316260,40684,10415104,256,6000,33.490
2026-07-18T00:29:31.411Z,usb,1,848316260,40685,10415360,256,6000,33.490
2026-07-18T00:29:31.453Z,usb,1,848316260,40686,10415616,256,6000,33.490
2026-07-18T00:29:31.496Z,usb,1,848316260,40687,10415872,256,6000,33.490
2026-07-18T00:29:31.538Z,usb,1,848316260,40688,10416128,256,6000,33.490
2026-07-18T00:29:31.581Z,usb,1,848316260,40689,10416384,256,6000,33.490
2026-07-18T00:29:31.623Z,usb,1,848316260,40690,10416640,256,6000,33.490
2026-07-18T00:29:31.666Z,usb,1,848316260,40691,10416896,256,6000,33.490
2026-07-18T00:29:31.708Z,usb,1,848316260,40692,10417152,256,6000,33.490
2026-07-18T00:29:31.751Z,usb,1,848316260,40693,10417408,256,6000,33.490
2026-07-18T00:29:31.793Z,usb,1,848316260,40694,10417664,256,6000,33.490
2026-07-18T00:29:31.836Z,usb,1,848316260,40695,10417920,256,6000,33.490
2026-07-18T00:29:31.878Z,usb,1,848316260,40696,10418176,256,6000,33.490
2026-07-18T00:29:31.921Z,usb,1,848316260,40697,10418432,256,6000,33.490
2026-07-18T00:29:31.963Z,usb,1,848316260,40698,10418688,256,6000,33.490
2026-07-18T00:29:32.006Z,usb,1,848316260,40699,10418944,256,6000,33.490
2026-07-18T00:29:32.048Z,usb,1,848316260,40700,10419200,256,6000,33.490
2026-07-18T00:29:32.091Z,usb,1,848316260,40701,10419456,256,6000,33.490
2026-07-18T00:29:32.133Z,usb,1,848316260,40702,10419712,256,6000,33.490
2026-07-18T00:29:32.176Z,usb,1,848316260,40703,10419968,256,6000,33.490
2026-07-18T00:29:32.218Z,usb,1,848316260,40704,10420224,256,6000,33.490
2026-07-18T00:29:32.261Z,usb,1,848316260,40705,10420480,256,6000,33.490
2026-07-18T00:29:32.303Z,usb,1,848316260,40706,10420736,256,6000,33.490
2026-07-18T00:29:32.346Z,usb,1,848316260,40707,10420992,256,6000,33.500
2026-07-18T00:29:32.389Z,usb,1,848316260,40708,10421248,256,6000,33.500
2026-07-18T00:29:32.431Z,usb,1,848316260,40709,10421504,256,6000,33.500
2026-07-18T00:29:32.474Z,usb,1,848316260,40710,10421760,256,6000,33.500
2026-07-18T00:29:32.516Z,usb,1,848316260,40711,10422016,256,6000,33.500
2026-07-18T00:29:32.559Z,usb,1,848316260,40712,10422272,256,6000,33.500
2026-07-18T00:29:32.602Z,usb,1,848316260,40713,10422528,256,6000,33.500
2026-07-18T00:29:32.644Z,usb,1,848316260,40714,10422784,256,6000,33.500
2026-07-18T00:29:32.686Z,usb,1,848316260,40715,10423040,256,6000,33.500
2026-07-18T00:29:32.729Z,usb,1,848316260,40716,10423296,256,6000,33.500
2026-07-18T00:29:32.772Z,usb,1,848316260,40717,10423552,256,6000,33.500
2026-07-18T00:29:32.814Z,usb,1,848316260,40718,10423808,256,6000,33.500
2026-07-18T00:29:32.856Z,usb,1,848316260,40719,10424064,256,6000,33.500
2026-07-18T00:29:32.899Z,usb,1,848316260,40720,10424320,256,6000,33.500
2026-07-18T00:29:32.941Z,usb,1,848316260,40721,10424576,256,6000,33.500
2026-07-18T00:29:32.984Z,usb,1,848316260,40722,10424832,256,6000,33.500
2026-07-18T00:29:33.026Z,usb,1,848316260,40723,10425088,256,6000,33.500
2026-07-18T00:29:33.069Z,usb,1,848316260,40724,10425344,256,6000,33.500
2026-07-18T00:29:33.111Z,usb,1,848316260,40725,10425600,256,6000,33.500
2026-07-18T00:29:33.154Z,usb,1,848316260,40726,10425856,256,6000,33.500
2026-07-18T00:29:33.197Z,usb,1,848316260,40727,10426112,256,6000,33.500
2026-07-18T00:29:33.239Z,usb,1,848316260,40728,10426368,256,6000,33.500
2026-07-18T00:29:33.281Z,usb,1,848316260,40729,10426624,256,6000,33.500
2026-07-18T00:29:33.324Z,usb,1,848316260,40730,10426880,256,6000,33.500
2026-07-18T00:29:33.367Z,usb,1,848316260,40731,10427136,256,6000,33.490
2026-07-18T00:29:33.410Z,usb,1,848316260,40732,10427392,256,6000,33.490
2026-07-18T00:29:33.452Z,usb,1,848316260,40733,10427648,256,6000,33.490
2026-07-18T00:29:33.495Z,usb,1,848316260,40734,10427904,256,6000,33.490
2026-07-18T00:29:33.537Z,usb,1,848316260,40735,10428160,256,6000,33.490
2026-07-18T00:29:33.580Z,usb,1,848316260,40736,10428416,256,6000,33.490
2026-07-18T00:29:33.622Z,usb,1,848316260,40737,10428672,256,6000,33.490
2026-07-18T00:29:33.665Z,usb,1,848316260,40738,10428928,256,6000,33.490
2026-07-18T00:29:33.707Z,usb,1,848316260,40739,10429184,256,6000,33.490
2026-07-18T00:29:33.750Z,usb,1,848316260,40740,10429440,256,6000,33.490
2026-07-18T00:29:33.792Z,usb,1,848316260,40741,10429696,256,6000,33.490
2026-07-18T00:29:33.835Z,usb,1,848316260,40742,10429952,256,6000,33.490
2026-07-18T00:29:33.877Z,usb,1,848316260,40743,10430208,256,6000,33.490
2026-07-18T00:29:33.920Z,usb,1,848316260,40744,10430464,256,6000,33.490
2026-07-18T00:29:33.962Z,usb,1,848316260,40745,10430720,256,6000,33.490
2026-07-18T00:29:34.005Z,usb,1,848316260,40746,10430976,256,6000,33.490
2026-07-18T00:29:34.047Z,usb,1,848316260,40747,10431232,256,6000,33.490
2026-07-18T00:29:34.090Z,usb,1,848316260,40748,10431488,256,6000,33.490
2026-07-18T00:29:34.132Z,usb,1,848316260,40749,10431744,256,6000,33.490
2026-07-18T00:29:34.175Z,usb,1,848316260,40750,10432000,256,6000,33.490
2026-07-18T00:29:34.217Z,usb,1,848316260,40751,10432256,256,6000,33.490
2026-07-18T00:29:34.260Z,usb,1,848316260,40752,10432512,256,6000,33.490
2026-07-18T00:29:34.302Z,usb,1,848316260,40753,10432768,256,6000,33.490
2026-07-18T00:29:34.345Z,usb,1,848316260,40754,10433024,256,6000,33.490
2026-07-18T00:29:34.388Z,usb,1,848316260,40755,10433280,256,6000,33.500
2026-07-18T00:29:34.431Z,usb,1,848316260,40756,10433536,256,6000,33.500
2026-07-18T00:29:34.473Z,usb,1,848316260,40757,10433792,256,6000,33.500
2026-07-18T00:29:34.516Z,usb,1,848316260,40758,10434048,256,6000,33.500
2026-07-18T00:29:34.558Z,usb,1,848316260,40759,10434304,256,6000,33.500
2026-07-18T00:29:34.600Z,usb,1,848316260,40760,10434560,256,6000,33.500
2026-07-18T00:29:34.643Z,usb,1,848316260,40761,10434816,256,6000,33.500
2026-07-18T00:29:34.685Z,usb,1,848316260,40762,10435072,256,6000,33.500
2026-07-18T00:29:34.728Z,usb,1,848316260,40763,10435328,256,6000,33.500
2026-07-18T00:29:34.770Z,usb,1,848316260,40764,10435584,256,6000,33.500
2026-07-18T00:29:34.813Z,usb,1,848316260,40765,10435840,256,6000,33.500
2026-07-18T00:29:34.855Z,usb,1,848316260,40766,10436096,256,6000,33.500
2026-07-18T00:29:34.898Z,usb,1,848316260,40767,10436352,256,6000,33.500
2026-07-18T00:29:34.940Z,usb,1,848316260,40768,10436608,256,6000,33.500
2026-07-18T00:29:34.983Z,usb,1,848316260,40769,10436864,256,6000,33.500
2026-07-18T00:29:35.025Z,usb,1,848316260,40770,10437120,256,6000,33.500
2026-07-18T00:29:35.068Z,usb,1,848316260,40771,10437376,256,6000,33.500
2026-07-18T00:29:35.110Z,usb,1,848316260,40772,10437632,256,6000,33.500
2026-07-18T00:29:35.153Z,usb,1,848316260,40773,10437888,256,6000,33.500
2026-07-18T00:29:35.196Z,usb,1,848316260,40774,10438144,256,6000,33.500
2026-07-18T00:29:35.238Z,usb,1,848316260,40775,10438400,256,6000,33.500
2026-07-18T00:29:35.280Z,usb,1,848316260,40776,10438656,256,6000,33.500
2026-07-18T00:29:35.323Z,usb,1,848316260,40777,10438912,256,6000,33.500
2026-07-18T00:29:35.365Z,usb,1,848316260,40778,10439168,256,6000,33.500
2026-07-18T00:29:35.409Z,usb,1,848316260,40779,10439424,256,6000,33.500
2026-07-18T00:29:35.451Z,usb,1,848316260,40780,10439680,256,6000,33.500
2026-07-18T00:29:35.494Z,usb,1,848316260,40781,10439936,256,6000,33.500
2026-07-18T00:29:35.536Z,usb,1,848316260,40782,10440192,256,6000,33.500
2026-07-18T00:29:35.579Z,usb,1,848316260,40783,10440448,256,6000,33.500
2026-07-18T00:29:35.621Z,usb,1,848316260,40784,10440704,256,6000,33.500
2026-07-18T00:29:35.664Z,usb,1,848316260,40785,10440960,256,6000,33.500
2026-07-18T00:29:35.706Z,usb,1,848316260,40786,10441216,256,6000,33.500
2026-07-18T00:29:35.749Z,usb,1,848316260,40787,10441472,256,6000,33.500
2026-07-18T00:29:35.791Z,usb,1,848316260,40788,10441728,256,6000,33.500
2026-07-18T00:29:35.834Z,usb,1,848316260,40789,10441984,256,6000,33.500
2026-07-18T00:29:35.876Z,usb,1,848316260,40790,10442240,256,6000,33.500
2026-07-18T00:29:35.919Z,usb,1,848316260,40791,10442496,256,6000,33.500
2026-07-18T00:29:35.961Z,usb,1,848316260,40792,10442752,256,6000,33.500
2026-07-18T00:29:36.004Z,usb,1,848316260,40793,10443008,256,6000,33.500
2026-07-18T00:29:36.046Z,usb,1,848316260,40794,10443264,256,6000,33.500
2026-07-18T00:29:36.089Z,usb,1,848316260,40795,10443520,256,6000,33.500
2026-07-18T00:29:36.131Z,usb,1,848316260,40796,10443776,256,6000,33.500
2026-07-18T00:29:36.174Z,usb,1,848316260,40797,10444032,256,6000,33.500
2026-07-18T00:29:36.216Z,usb,1,848316260,40798,10444288,256,6000,33.500
2026-07-18T00:29:36.259Z,usb,1,848316260,40799,10444544,256,6000,33.500
2026-07-18T00:29:36.301Z,usb,1,848316260,40800,10444800,256,6000,33.500
2026-07-18T00:29:36.344Z,usb,1,848316260,40801,10445056,256,6000,33.500
2026-07-18T00:29:36.386Z,usb,1,848316260,40802,10445312,256,6000,33.500
2026-07-18T00:29:36.429Z,usb,1,848316260,40803,10445568,256,6000,33.490
2026-07-18T00:29:36.472Z,usb,1,848316260,40804,10445824,256,6000,33.490
2026-07-18T00:29:36.515Z,usb,1,848316260,40805,10446080,256,6000,33.490
2026-07-18T00:29:36.557Z,usb,1,848316260,40806,10446336,256,6000,33.490
2026-07-18T00:29:36.599Z,usb,1,848316260,40807,10446592,256,6000,33.490
2026-07-18T00:29:36.642Z,usb,1,848316260,40808,10446848,256,6000,33.490
2026-07-18T00:29:36.684Z,usb,1,848316260,40809,10447104,256,6000,33.490
2026-07-18T00:29:36.727Z,usb,1,848316260,40810,10447360,256,6000,33.490
2026-07-18T00:29:36.769Z,usb,1,848316260,40811,10447616,256,6000,33.490
2026-07-18T00:29:36.812Z,usb,1,848316260,40812,10447872,256,6000,33.490
2026-07-18T00:29:36.854Z,usb,1,848316260,40813,10448128,256,6000,33.490
2026-07-18T00:29:36.897Z,usb,1,848316260,40814,10448384,256,6000,33.490
2026-07-18T00:29:36.939Z,usb,1,848316260,40815,10448640,256,6000,33.490
2026-07-18T00:29:36.982Z,usb,1,848316260,40816,10448896,256,6000,33.490
2026-07-18T00:29:37.024Z,usb,1,848316260,40817,10449152,256,6000,33.490
2026-07-18T00:29:37.067Z,usb,1,848316260,40818,10449408,256,6000,33.490
2026-07-18T00:29:37.110Z,usb,1,848316260,40819,10449664,256,6000,33.490
2026-07-18T00:29:37.152Z,usb,1,848316260,40820,10449920,256,6000,33.490
2026-07-18T00:29:37.194Z,usb,1,848316260,40821,10450176,256,6000,33.490
2026-07-18T00:29:37.237Z,usb,1,848316260,40822,10450432,256,6000,33.490
2026-07-18T00:29:37.279Z,usb,1,848316260,40823,10450688,256,6000,33.490
2026-07-18T00:29:37.322Z,usb,1,848316260,40824,10450944,256,6000,33.490
2026-07-18T00:29:37.365Z,usb,1,848316260,40825,10451200,256,6000,33.490
2026-07-18T00:29:37.407Z,usb,1,848316260,40826,10451456,256,6000,33.490
2026-07-18T00:29:37.450Z,usb,1,848316260,40827,10451712,256,6000,33.500
2026-07-18T00:29:37.493Z,usb,1,848316260,40828,10451968,256,6000,33.500
2026-07-18T00:29:37.535Z,usb,1,848316260,40829,10452224,256,6000,33.500
2026-07-18T00:29:37.578Z,usb,1,848316260,40830,10452480,256,6000,33.500
2026-07-18T00:29:37.620Z,usb,1,848316260,40831,10452736,256,6000,33.500
2026-07-18T00:29:37.663Z,usb,1,848316260,40832,10452992,256,6000,33.500
2026-07-18T00:29:37.705Z,usb,1,848316260,40833,10453248,256,6000,33.500
2026-07-18T00:29:37.748Z,usb,1,848316260,40834,10453504,256,6000,33.500
2026-07-18T00:29:37.790Z,usb,1,848316260,40835,10453760,256,6000,33.500
2026-07-18T00:29:37.833Z,usb,1,848316260,40836,10454016,256,6000,33.500
2026-07-18T00:29:37.875Z,usb,1,848316260,40837,10454272,256,6000,33.500
2026-07-18T00:29:37.918Z,usb,1,848316260,40838,10454528,256,6000,33.500
2026-07-18T00:29:37.960Z,usb,1,848316260,40839,10454784,256,6000,33.500
2026-07-18T00:29:38.003Z,usb,1,848316260,40840,10455040,256,6000,33.500
2026-07-18T00:29:38.045Z,usb,1,848316260,40841,10455296,256,6000,33.500
2026-07-18T00:29:38.088Z,usb,1,848316260,40842,10455552,256,6000,33.500
2026-07-18T00:29:38.130Z,usb,1,848316260,40843,10455808,256,6000,33.500
2026-07-18T00:29:38.173Z,usb,1,848316260,40844,10456064,256,6000,33.500
2026-07-18T00:29:38.215Z,usb,1,848316260,40845,10456320,256,6000,33.500
2026-07-18T00:29:38.258Z,usb,1,848316260,40846,10456576,256,6000,33.500
2026-07-18T00:29:38.300Z,usb,1,848316260,40847,10456832,256,6000,33.500
2026-07-18T00:29:38.343Z,usb,1,848316260,40848,10457088,256,6000,33.500
2026-07-18T00:29:38.385Z,usb,1,848316260,40849,10457344,256,6000,33.500
2026-07-18T00:29:38.428Z,usb,1,848316260,40850,10457600,256,6000,33.500
2026-07-18T00:29:38.471Z,usb,1,848316260,40851,10457856,256,6000,33.500
2026-07-18T00:29:38.513Z,usb,1,848316260,40852,10458112,256,6000,33.500
2026-07-18T00:29:38.556Z,usb,1,848316260,40853,10458368,256,6000,33.500
2026-07-18T00:29:38.599Z,usb,1,848316260,40854,10458624,256,6000,33.500
2026-07-18T00:29:38.641Z,usb,1,848316260,40855,10458880,256,6000,33.500
2026-07-18T00:29:38.683Z,usb,1,848316260,40856,10459136,256,6000,33.500
2026-07-18T00:29:38.726Z,usb,1,848316260,40857,10459392,256,6000,33.500
2026-07-18T00:29:38.769Z,usb,1,848316260,40858,10459648,256,6000,33.500
2026-07-18T00:29:38.811Z,usb,1,848316260,40859,10459904,256,6000,33.500
2026-07-18T00:29:38.854Z,usb,1,848316260,40860,10460160,256,6000,33.500
2026-07-18T00:29:38.896Z,usb,1,848316260,40861,10460416,256,6000,33.500
2026-07-18T00:29:38.938Z,usb,1,848316260,40862,10460672,256,6000,33.500
2026-07-18T00:29:38.981Z,usb,1,848316260,40863,10460928,256,6000,33.500
2026-07-18T00:29:39.024Z,usb,1,848316260,40864,10461184,256,6000,33.500
2026-07-18T00:29:39.066Z,usb,1,848316260,40865,10461440,256,6000,33.500
2026-07-18T00:29:39.109Z,usb,1,848316260,40866,10461696,256,6000,33.500
2026-07-18T00:29:39.151Z,usb,1,848316260,40867,10461952,256,6000,33.500
2026-07-18T00:29:39.194Z,usb,1,848316260,40868,10462208,256,6000,33.500
2026-07-18T00:29:39.236Z,usb,1,848316260,40869,10462464,256,6000,33.500
2026-07-18T00:29:39.279Z,usb,1,848316260,40870,10462720,256,6000,33.500
2026-07-18T00:29:39.321Z,usb,1,848316260,40871,10462976,256,6000,33.500
2026-07-18T00:29:39.363Z,usb,1,848316260,40872,10463232,256,6000,33.500
2026-07-18T00:29:39.406Z,usb,1,848316260,40873,10463488,256,6000,33.500
2026-07-18T00:29:39.448Z,usb,1,848316260,40874,10463744,256,6000,33.500
2026-07-18T00:29:39.492Z,usb,1,848316260,40875,10464000,256,6000,33.490
2026-07-18T00:29:39.534Z,usb,1,848316260,40876,10464256,256,6000,33.490
2026-07-18T00:29:39.577Z,usb,1,848316260,40877,10464512,256,6000,33.490
2026-07-18T00:29:39.619Z,usb,1,848316260,40878,10464768,256,6000,33.490
2026-07-18T00:29:39.662Z,usb,1,848316260,40879,10465024,256,6000,33.490
2026-07-18T00:29:39.704Z,usb,1,848316260,40880,10465280,256,6000,33.490
2026-07-18T00:29:39.747Z,usb,1,848316260,40881,10465536,256,6000,33.490
2026-07-18T00:29:39.789Z,usb,1,848316260,40882,10465792,256,6000,33.490
2026-07-18T00:29:39.832Z,usb,1,848316260,40883,10466048,256,6000,33.490
2026-07-18T00:29:39.874Z,usb,1,848316260,40884,10466304,256,6000,33.490
2026-07-18T00:29:39.917Z,usb,1,848316260,40885,10466560,256,6000,33.490
2026-07-18T00:29:39.959Z,usb,1,848316260,40886,10466816,256,6000,33.490
2026-07-18T00:29:40.002Z,usb,1,848316260,40887,10467072,256,6000,33.490
2026-07-18T00:29:40.045Z,usb,1,848316260,40888,10467328,256,6000,33.490
2026-07-18T00:29:40.087Z,usb,1,848316260,40889,10467584,256,6000,33.490
2026-07-18T00:29:40.129Z,usb,1,848316260,40890,10467840,256,6000,33.490
2026-07-18T00:29:40.172Z,usb,1,848316260,40891,10468096,256,6000,33.490
2026-07-18T00:29:40.214Z,usb,1,848316260,40892,10468352,256,6000,33.490
2026-07-18T00:29:40.257Z,usb,1,848316260,40893,10468608,256,6000,33.490
2026-07-18T00:29:40.299Z,usb,1,848316260,40894,10468864,256,6000,33.490
2026-07-18T00:29:40.342Z,usb,1,848316260,40895,10469120,256,6000,33.490
2026-07-18T00:29:40.384Z,usb,1,848316260,40896,10469376,256,6000,33.490
2026-07-18T00:29:40.427Z,usb,1,848316260,40897,10469632,256,6000,33.490
2026-07-18T00:29:40.469Z,usb,1,848316260,40898,10469888,256,6000,33.490
2026-07-18T00:29:40.512Z,usb,1,848316260,40899,10470144,256,6000,33.490
2026-07-18T00:29:40.555Z,usb,1,848316260,40900,10470400,256,6000,33.490
2026-07-18T00:29:40.597Z,usb,1,848316260,40901,10470656,256,6000,33.490
2026-07-18T00:29:40.640Z,usb,1,848316260,40902,10470912,256,6000,33.490
2026-07-18T00:29:40.683Z,usb,1,848316260,40903,10471168,256,6000,33.490
2026-07-18T00:29:40.725Z,usb,1,848316260,40904,10471424,256,6000,33.490
2026-07-18T00:29:40.768Z,usb,1,848316260,40905,10471680,256,6000,33.490
2026-07-18T00:29:40.810Z,usb,1,848316260,40906,10471936,256,6000,33.490
2026-07-18T00:29:40.853Z,usb,1,848316260,40907,10472192,256,6000,33.490
2026-07-18T00:29:40.895Z,usb,1,848316260,40908,10472448,256,6000,33.490
2026-07-18T00:29:40.938Z,usb,1,848316260,40909,10472704,256,6000,33.490
2026-07-18T00:29:40.980Z,usb,1,848316260,40910,10472960,256,6000,33.490
2026-07-18T00:29:41.023Z,usb,1,848316260,40911,10473216,256,6000,33.490
2026-07-18T00:29:41.065Z,usb,1,848316260,40912,10473472,256,6000,33.490
2026-07-18T00:29:41.107Z,usb,1,848316260,40913,10473728,256,6000,33.490
2026-07-18T00:29:41.150Z,usb,1,848316260,40914,10473984,256,6000,33.490
2026-07-18T00:29:41.192Z,usb,1,848316260,40915,10474240,256,6000,33.490
2026-07-18T00:29:41.235Z,usb,1,848316260,40916,10474496,256,6000,33.490
2026-07-18T00:29:41.277Z,usb,1,848316260,40917,10474752,256,6000,33.490
2026-07-18T00:29:41.320Z,usb,1,848316260,40918,10475008,256,6000,33.490
2026-07-18T00:29:41.362Z,usb,1,848316260,40919,10475264,256,6000,33.490
2026-07-18T00:29:41.405Z,usb,1,848316260,40920,10475520,256,6000,33.490
2026-07-18T00:29:41.447Z,usb,1,848316260,40921,10475776,256,6000,33.490
2026-07-18T00:29:41.490Z,usb,1,848316260,40922,10476032,256,6000,33.490
2026-07-18T00:29:41.533Z,usb,1,848316260,40923,10476288,256,6000,33.490
2026-07-18T00:29:41.576Z,usb,1,848316260,40924,10476544,256,6000,33.490
2026-07-18T00:29:41.618Z,usb,1,848316260,40925,10476800,256,6000,33.490
2026-07-18T00:29:41.661Z,usb,1,848316260,40926,10477056,256,6000,33.490
2026-07-18T00:29:41.703Z,usb,1,848316260,40927,10477312,256,6000,33.490
2026-07-18T00:29:41.746Z,usb,1,848316260,40928,10477568,256,6000,33.490
2026-07-18T00:29:41.788Z,usb,1,848316260,40929,10477824,256,6000,33.490
2026-07-18T00:29:41.831Z,usb,1,848316260,40930,10478080,256,6000,33.490
2026-07-18T00:29:41.873Z,usb,1,848316260,40931,10478336,256,6000,33.490
2026-07-18T00:29:41.916Z,usb,1,848316260,40932,10478592,256,6000,33.490
2026-07-18T00:29:41.958Z,usb,1,848316260,40933,10478848,256,6000,33.490
2026-07-18T00:29:42.001Z,usb,1,848316260,40934,10479104,256,6000,33.490
2026-07-18T00:29:42.043Z,usb,1,848316260,40935,10479360,256,6000,33.490
2026-07-18T00:29:42.086Z,usb,1,848316260,40936,10479616,256,6000,33.490
2026-07-18T00:29:42.128Z,usb,1,848316260,40937,10479872,256,6000,33.490
2026-07-18T00:29:42.171Z,usb,1,848316260,40938,10480128,256,6000,33.490
2026-07-18T00:29:42.213Z,usb,1,848316260,40939,10480384,256,6000,33.490
2026-07-18T00:29:42.256Z,usb,1,848316260,40940,10480640,256,6000,33.490
2026-07-18T00:29:42.298Z,usb,1,848316260,40941,10480896,256,6000,33.490
2026-07-18T00:29:42.341Z,usb,1,848316260,40942,10481152,256,6000,33.490
2026-07-18T00:29:42.383Z,usb,1,848316260,40943,10481408,256,6000,33.490
2026-07-18T00:29:42.426Z,usb,1,848316260,40944,10481664,256,6000,33.490
2026-07-18T00:29:42.468Z,usb,1,848316260,40945,10481920,256,6000,33.490
2026-07-18T00:29:42.511Z,usb,1,848316260,40946,10482176,256,6000,33.490
2026-07-18T00:29:42.554Z,usb,1,848316260,40947,10482432,256,6000,33.490
2026-07-18T00:29:42.596Z,usb,1,848316260,40948,10482688,256,6000,33.490
2026-07-18T00:29:42.639Z,usb,1,848316260,40949,10482944,256,6000,33.490
2026-07-18T00:29:42.681Z,usb,1,848316260,40950,10483200,256,6000,33.490
2026-07-18T00:29:42.724Z,usb,1,848316260,40951,10483456,256,6000,33.490
2026-07-18T00:29:42.766Z,usb,1,848316260,40952,10483712,256,6000,33.490
2026-07-18T00:29:42.809Z,usb,1,848316260,40953,10483968,256,6000,33.490
2026-07-18T00:29:42.851Z,usb,1,848316260,40954,10484224,256,6000,33.490
2026-07-18T00:29:42.894Z,usb,1,848316260,40955,10484480,256,6000,33.490
2026-07-18T00:29:42.936Z,usb,1,848316260,40956,10484736,256,6000,33.490
2026-07-18T00:29:42.979Z,usb,1,848316260,40957,10484992,256,6000,33.490
2026-07-18T00:29:43.021Z,usb,1,848316260,40958,10485248,256,6000,33.490
2026-07-18T00:29:43.064Z,usb,1,848316260,40959,10485504,256,6000,33.490
2026-07-18T00:29:43.106Z,usb,1,848316260,40960,10485760,256,6000,33.490
2026-07-18T00:29:43.149Z,usb,1,848316260,40961,10486016,256,6000,33.490
2026-07-18T00:29:43.191Z,usb,1,848316260,40962,10486272,256,6000,33.490
2026-07-18T00:29:43.234Z,usb,1,848316260,40963,10486528,256,6000,33.490
2026-07-18T00:29:43.277Z,usb,1,848316260,40964,10486784,256,6000,33.490
2026-07-18T00:29:43.319Z,usb,1,848316260,40965,10487040,256,6000,33.490
2026-07-18T00:29:43.362Z,usb,1,848316260,40966,10487296,256,6000,33.490
2026-07-18T00:29:43.404Z,usb,1,848316260,40967,10487552,256,6000,33.490
2026-07-18T00:29:43.446Z,usb,1,848316260,40968,10487808,256,6000,33.490
2026-07-18T00:29:43.489Z,usb,1,848316260,40969,10488064,256,6000,33.490
2026-07-18T00:29:43.531Z,usb,1,848316260,40970,10488320,256,6000,33.490
2026-07-18T00:29:43.575Z,usb,1,848316260,40971,10488576,256,6000,33.490
2026-07-18T00:29:43.617Z,usb,1,848316260,40972,10488832,256,6000,33.490
2026-07-18T00:29:43.660Z,usb,1,848316260,40973,10489088,256,6000,33.490
2026-07-18T00:29:43.702Z,usb,1,848316260,40974,10489344,256,6000,33.490
2026-07-18T00:29:43.745Z,usb,1,848316260,40975,10489600,256,6000,33.490
2026-07-18T00:29:43.787Z,usb,1,848316260,40976,10489856,256,6000,33.490
2026-07-18T00:29:43.830Z,usb,1,848316260,40977,10490112,256,6000,33.490
2026-07-18T00:29:43.872Z,usb,1,848316260,40978,10490368,256,6000,33.490
2026-07-18T00:29:43.915Z,usb,1,848316260,40979,10490624,256,6000,33.490
2026-07-18T00:29:43.957Z,usb,1,848316260,40980,10490880,256,6000,33.490
2026-07-18T00:29:44.000Z,usb,1,848316260,40981,10491136,256,6000,33.490
2026-07-18T00:29:44.042Z,usb,1,848316260,40982,10491392,256,6000,33.490
2026-07-18T00:29:44.085Z,usb,1,848316260,40983,10491648,256,6000,33.490
2026-07-18T00:29:44.127Z,usb,1,848316260,40984,10491904,256,6000,33.490
2026-07-18T00:29:44.170Z,usb,1,848316260,40985,10492160,256,6000,33.490
2026-07-18T00:29:44.212Z,usb,1,848316260,40986,10492416,256,6000,33.490
2026-07-18T00:29:44.255Z,usb,1,848316260,40987,10492672,256,6000,33.490
2026-07-18T00:29:44.297Z,usb,1,848316260,40988,10492928,256,6000,33.490
2026-07-18T00:29:44.339Z,usb,1,848316260,40989,10493184,256,6000,33.490
2026-07-18T00:29:44.382Z,usb,1,848316260,40990,10493440,256,6000,33.490
2026-07-18T00:29:44.425Z,usb,1,848316260,40991,10493696,256,6000,33.490
2026-07-18T00:29:44.467Z,usb,1,848316260,40992,10493952,256,6000,33.490
2026-07-18T00:29:44.510Z,usb,1,848316260,40993,10494208,256,6000,33.490
2026-07-18T00:29:44.552Z,usb,1,848316260,40994,10494464,256,6000,33.490
2026-07-18T00:29:44.595Z,usb,1,848316260,40995,10494720,256,6000,33.490
2026-07-18T00:29:44.638Z,usb,1,848316260,40996,10494976,256,6000,33.490
2026-07-18T00:29:44.680Z,usb,1,848316260,40997,10495232,256,6000,33.490
2026-07-18T00:29:44.723Z,usb,1,848316260,40998,10495488,256,6000,33.490
2026-07-18T00:29:44.765Z,usb,1,848316260,40999,10495744,256,6000,33.490
2026-07-18T00:29:44.808Z,usb,1,848316260,41000,10496000,256,6000,33.490
2026-07-18T00:29:44.850Z,usb,1,848316260,41001,10496256,256,6000,33.490
2026-07-18T00:29:44.893Z,usb,1,848316260,41002,10496512,256,6000,33.490
2026-07-18T00:29:44.935Z,usb,1,848316260,41003,10496768,256,6000,33.490
2026-07-18T00:29:44.978Z,usb,1,848316260,41004,10497024,256,6000,33.490
2026-07-18T00:29:45.020Z,usb,1,848316260,41005,10497280,256,6000,33.490
2026-07-18T00:29:45.063Z,usb,1,848316260,41006,10497536,256,6000,33.490
2026-07-18T00:29:45.106Z,usb,1,848316260,41007,10497792,256,6000,33.490
2026-07-18T00:29:45.148Z,usb,1,848316260,41008,10498048,256,6000,33.490
2026-07-18T00:29:45.190Z,usb,1,848316260,41009,10498304,256,6000,33.490
2026-07-18T00:29:45.233Z,usb,1,848316260,41010,10498560,256,6000,33.490
2026-07-18T00:29:45.275Z,usb,1,848316260,41011,10498816,256,6000,33.490
2026-07-18T00:29:45.318Z,usb,1,848316260,41012,10499072,256,6000,33.490
2026-07-18T00:29:45.360Z,usb,1,848316260,41013,10499328,256,6000,33.490
2026-07-18T00:29:45.403Z,usb,1,848316260,41014,10499584,256,6000,33.490
2026-07-18T00:29:45.446Z,usb,1,848316260,41015,10499840,256,6000,33.490
2026-07-18T00:29:45.488Z,usb,1,848316260,41016,10500096,256,6000,33.490
2026-07-18T00:29:45.531Z,usb,1,848316260,41017,10500352,256,6000,33.490
2026-07-18T00:29:45.574Z,usb,1,848316260,41018,10500608,256,6000,33.490
2026-07-18T00:29:45.616Z,usb,1,848316260,41019,10500864,256,6000,33.490
2026-07-18T00:29:45.658Z,usb,1,848316260,41020,10501120,256,6000,33.490
2026-07-18T00:29:45.701Z,usb,1,848316260,41021,10501376,256,6000,33.490
2026-07-18T00:29:45.744Z,usb,1,848316260,41022,10501632,256,6000,33.490
2026-07-18T00:29:45.786Z,usb,1,848316260,41023,10501888,256,6000,33.490
2026-07-18T00:29:45.829Z,usb,1,848316260,41024,10502144,256,6000,33.490
2026-07-18T00:29:45.871Z,usb,1,848316260,41025,10502400,256,6000,33.490
2026-07-18T00:29:45.914Z,usb,1,848316260,41026,10502656,256,6000,33.490
2026-07-18T00:29:45.956Z,usb,1,848316260,41027,10502912,256,6000,33.490
2026-07-18T00:29:45.999Z,usb,1,848316260,41028,10503168,256,6000,33.490
2026-07-18T00:29:46.041Z,usb,1,848316260,41029,10503424,256,6000,33.490
2026-07-18T00:29:46.084Z,usb,1,848316260,41030,10503680,256,6000,33.490
2026-07-18T00:29:46.126Z,usb,1,848316260,41031,10503936,256,6000,33.490
2026-07-18T00:29:46.169Z,usb,1,848316260,41032,10504192,256,6000,33.490
2026-07-18T00:29:46.211Z,usb,1,848316260,41033,10504448,256,6000,33.490
2026-07-18T00:29:46.254Z,usb,1,848316260,41034,10504704,256,6000,33.490
2026-07-18T00:29:46.296Z,usb,1,848316260,41035,10504960,256,6000,33.490
2026-07-18T00:29:46.339Z,usb,1,848316260,41036,10505216,256,6000,33.490
2026-07-18T00:29:46.381Z,usb,1,848316260,41037,10505472,256,6000,33.490
2026-07-18T00:29:46.424Z,usb,1,848316260,41038,10505728,256,6000,33.490
2026-07-18T00:29:46.466Z,usb,1,848316260,41039,10505984,256,6000,33.490
2026-07-18T00:29:46.509Z,usb,1,848316260,41040,10506240,256,6000,33.490
2026-07-18T00:29:46.551Z,usb,1,848316260,41041,10506496,256,6000,33.490
2026-07-18T00:29:46.594Z,usb,1,848316260,41042,10506752,256,6000,33.490
2026-07-18T00:29:46.637Z,usb,1,848316260,41043,10507008,256,6000,33.490
2026-07-18T00:29:46.679Z,usb,1,848316260,41044,10507264,256,6000,33.490
2026-07-18T00:29:46.722Z,usb,1,848316260,41045,10507520,256,6000,33.490
2026-07-18T00:29:46.764Z,usb,1,848316260,41046,10507776,256,6000,33.490
2026-07-18T00:29:46.807Z,usb,1,848316260,41047,10508032,256,6000,33.490
2026-07-18T00:29:46.849Z,usb,1,848316260,41048,10508288,256,6000,33.490
2026-07-18T00:29:46.892Z,usb,1,848316260,41049,10508544,256,6000,33.490
2026-07-18T00:29:46.934Z,usb,1,848316260,41050,10508800,256,6000,33.490
2026-07-18T00:29:46.977Z,usb,1,848316260,41051,10509056,256,6000,33.490
2026-07-18T00:29:47.019Z,usb,1,848316260,41052,10509312,256,6000,33.490
2026-07-18T00:29:47.062Z,usb,1,848316260,41053,10509568,256,6000,33.490
2026-07-18T00:29:47.104Z,usb,1,848316260,41054,10509824,256,6000,33.490
2026-07-18T00:29:47.147Z,usb,1,848316260,41055,10510080,256,6000,33.490
2026-07-18T00:29:47.189Z,usb,1,848316260,41056,10510336,256,6000,33.490
2026-07-18T00:29:47.232Z,usb,1,848316260,41057,10510592,256,6000,33.490
2026-07-18T00:29:47.274Z,usb,1,848316260,41058,10510848,256,6000,33.490
2026-07-18T00:29:47.317Z,usb,1,848316260,41059,10511104,256,6000,33.490
2026-07-18T00:29:47.360Z,usb,1,848316260,41060,10511360,256,6000,33.490
2026-07-18T00:29:47.402Z,usb,1,848316260,41061,10511616,256,6000,33.490
2026-07-18T00:29:47.445Z,usb,1,848316260,41062,10511872,256,6000,33.490
2026-07-18T00:29:47.487Z,usb,1,848316260,41063,10512128,256,6000,33.490
2026-07-18T00:29:47.530Z,usb,1,848316260,41064,10512384,256,6000,33.490
2026-07-18T00:29:47.572Z,usb,1,848316260,41065,10512640,256,6000,33.490
2026-07-18T00:29:47.615Z,usb,1,848316260,41066,10512896,256,6000,33.490
2026-07-18T00:29:47.658Z,usb,1,848316260,41067,10513152,256,6000,33.490
2026-07-18T00:29:47.700Z,usb,1,848316260,41068,10513408,256,6000,33.490
2026-07-18T00:29:47.743Z,usb,1,848316260,41069,10513664,256,6000,33.490
2026-07-18T00:29:47.785Z,usb,1,848316260,41070,10513920,256,6000,33.490
2026-07-18T00:29:47.828Z,usb,1,848316260,41071,10514176,256,6000,33.490
2026-07-18T00:29:47.870Z,usb,1,848316260,41072,10514432,256,6000,33.490
2026-07-18T00:29:47.913Z,usb,1,848316260,41073,10514688,256,6000,33.490
2026-07-18T00:29:47.955Z,usb,1,848316260,41074,10514944,256,6000,33.490
2026-07-18T00:29:47.998Z,usb,1,848316260,41075,10515200,256,6000,33.490
2026-07-18T00:29:48.040Z,usb,1,848316260,41076,10515456,256,6000,33.490
2026-07-18T00:29:48.083Z,usb,1,848316260,41077,10515712,256,6000,33.490
2026-07-18T00:29:48.125Z,usb,1,848316260,41078,10515968,256,6000,33.490
2026-07-18T00:29:48.168Z,usb,1,848316260,41079,10516224,256,6000,33.490
2026-07-18T00:29:48.210Z,usb,1,848316260,41080,10516480,256,6000,33.490
2026-07-18T00:29:48.253Z,usb,1,848316260,41081,10516736,256,6000,33.490
2026-07-18T00:29:48.295Z,usb,1,848316260,41082,10516992,256,6000,33.490
2026-07-18T00:29:48.338Z,usb,1,848316260,41083,10517248,256,6000,33.490
2026-07-18T00:29:48.380Z,usb,1,848316260,41084,10517504,256,6000,33.490
2026-07-18T00:29:48.423Z,usb,1,848316260,41085,10517760,256,6000,33.490
2026-07-18T00:29:48.465Z,usb,1,848316260,41086,10518016,256,6000,33.490
2026-07-18T00:29:48.508Z,usb,1,848316260,41087,10518272,256,6000,33.490
2026-07-18T00:29:48.550Z,usb,1,848316260,41088,10518528,256,6000,33.490
2026-07-18T00:29:48.593Z,usb,1,848316260,41089,10518784,256,6000,33.490
2026-07-18T00:29:48.635Z,usb,1,848316260,41090,10519040,256,6000,33.490
2026-07-18T00:29:48.678Z,usb,1,848316260,41091,10519296,256,6000,33.490
2026-07-18T00:29:48.721Z,usb,1,848316260,41092,10519552,256,6000,33.490
2026-07-18T00:29:48.763Z,usb,1,848316260,41093,10519808,256,6000,33.490
2026-07-18T00:29:48.806Z,usb,1,848316260,41094,10520064,256,6000,33.490
2026-07-18T00:29:48.848Z,usb,1,848316260,41095,10520320,256,6000,33.490
2026-07-18T00:29:48.891Z,usb,1,848316260,41096,10520576,256,6000,33.490
2026-07-18T00:29:48.934Z,usb,1,848316260,41097,10520832,256,6000,33.490
2026-07-18T00:29:48.976Z,usb,1,848316260,41098,10521088,256,6000,33.490
2026-07-18T00:29:49.018Z,usb,1,848316260,41099,10521344,256,6000,33.490
2026-07-18T00:29:49.061Z,usb,1,848316260,41100,10521600,256,6000,33.490
2026-07-18T00:29:49.104Z,usb,1,848316260,41101,10521856,256,6000,33.490
2026-07-18T00:29:49.146Z,usb,1,848316260,41102,10522112,256,6000,33.490
2026-07-18T00:29:49.189Z,usb,1,848316260,41103,10522368,256,6000,33.490
2026-07-18T00:29:49.231Z,usb,1,848316260,41104,10522624,256,6000,33.490
2026-07-18T00:29:49.273Z,usb,1,848316260,41105,10522880,256,6000,33.490
2026-07-18T00:29:49.316Z,usb,1,848316260,41106,10523136,256,6000,33.490
2026-07-18T00:29:49.359Z,usb,1,848316260,41107,10523392,256,6000,33.490
2026-07-18T00:29:49.401Z,usb,1,848316260,41108,10523648,256,6000,33.490
2026-07-18T00:29:49.443Z,usb,1,848316260,41109,10523904,256,6000,33.490
2026-07-18T00:29:49.486Z,usb,1,848316260,41110,10524160,256,6000,33.490
2026-07-18T00:29:49.528Z,usb,1,848316260,41111,10524416,256,6000,33.490
2026-07-18T00:29:49.571Z,usb,1,848316260,41112,10524672,256,6000,33.490
2026-07-18T00:29:49.614Z,usb,1,848316260,41113,10524928,256,6000,33.490
2026-07-18T00:29:49.656Z,usb,1,848316260,41114,10525184,256,6000,33.490
2026-07-18T00:29:49.699Z,usb,1,848316260,41115,10525440,256,6000,33.490
2026-07-18T00:29:49.742Z,usb,1,848316260,41116,10525696,256,6000,33.490
2026-07-18T00:29:49.784Z,usb,1,848316260,41117,10525952,256,6000,33.490
2026-07-18T00:29:49.827Z,usb,1,848316260,41118,10526208,256,6000,33.490
2026-07-18T00:29:49.869Z,usb,1,848316260,41119,10526464,256,6000,33.490
2026-07-18T00:29:49.912Z,usb,1,848316260,41120,10526720,256,6000,33.490
2026-07-18T00:29:49.954Z,usb,1,848316260,41121,10526976,256,6000,33.490
2026-07-18T00:29:49.997Z,usb,1,848316260,41122,10527232,256,6000,33.490
2026-07-18T00:29:50.039Z,usb,1,848316260,41123,10527488,256,6000,33.490
2026-07-18T00:29:50.082Z,usb,1,848316260,41124,10527744,256,6000,33.490
2026-07-18T00:29:50.124Z,usb,1,848316260,41125,10528000,256,6000,33.490
2026-07-18T00:29:50.167Z,usb,1,848316260,41126,10528256,256,6000,33.490
2026-07-18T00:29:50.209Z,usb,1,848316260,41127,10528512,256,6000,33.490
2026-07-18T00:29:50.252Z,usb,1,848316260,41128,10528768,256,6000,33.490
2026-07-18T00:29:50.294Z,usb,1,848316260,41129,10529024,256,6000,33.490
2026-07-18T00:29:50.337Z,usb,1,848316260,41130,10529280,256,6000,33.490
2026-07-18T00:29:50.379Z,usb,1,848316260,41131,10529536,256,6000,33.490
2026-07-18T00:29:50.422Z,usb,1,848316260,41132,10529792,256,6000,33.490
2026-07-18T00:29:50.464Z,usb,1,848316260,41133,10530048,256,6000,33.490
2026-07-18T00:29:50.507Z,usb,1,848316260,41134,10530304,256,6000,33.490
2026-07-18T00:29:50.549Z,usb,1,848316260,41135,10530560,256,6000,33.490
2026-07-18T00:29:50.592Z,usb,1,848316260,41136,10530816,256,6000,33.490
2026-07-18T00:29:50.634Z,usb,1,848316260,41137,10531072,256,6000,33.490
2026-07-18T00:29:50.677Z,usb,1,848316260,41138,10531328,256,6000,33.490
2026-07-18T00:29:50.720Z,usb,1,848316260,41139,10531584,256,6000,33.490
2026-07-18T00:29:50.763Z,usb,1,848316260,41140,10531840,256,6000,33.490
2026-07-18T00:29:50.805Z,usb,1,848316260,41141,10532096,256,6000,33.490
2026-07-18T00:29:50.847Z,usb,1,848316260,41142,10532352,256,6000,33.490
2026-07-18T00:29:50.890Z,usb,1,848316260,41143,10532608,256,6000,33.490
2026-07-18T00:29:50.932Z,usb,1,848316260,41144,10532864,256,6000,33.490
2026-07-18T00:29:50.975Z,usb,1,848316260,41145,10533120,256,6000,33.490
2026-07-18T00:29:51.017Z,usb,1,848316260,41146,10533376,256,6000,33.490
2026-07-18T00:29:51.060Z,usb,1,848316260,41147,10533632,256,6000,33.490
2026-07-18T00:29:51.103Z,usb,1,848316260,41148,10533888,256,6000,33.490
2026-07-18T00:29:51.145Z,usb,1,848316260,41149,10534144,256,6000,33.490
2026-07-18T00:29:51.188Z,usb,1,848316260,41150,10534400,256,6000,33.490
2026-07-18T00:29:51.230Z,usb,1,848316260,41151,10534656,256,6000,33.490
2026-07-18T00:29:51.272Z,usb,1,848316260,41152,10534912,256,6000,33.490
2026-07-18T00:29:51.315Z,usb,1,848316260,41153,10535168,256,6000,33.490
2026-07-18T00:29:51.357Z,usb,1,848316260,41154,10535424,256,6000,33.490
2026-07-18T00:29:51.400Z,usb,1,848316260,41155,10535680,256,6000,33.490
2026-07-18T00:29:51.442Z,usb,1,848316260,41156,10535936,256,6000,33.490
2026-07-18T00:29:51.485Z,usb,1,848316260,41157,10536192,256,6000,33.490
2026-07-18T00:29:51.528Z,usb,1,848316260,41158,10536448,256,6000,33.490
2026-07-18T00:29:51.570Z,usb,1,848316260,41159,10536704,256,6000,33.490
2026-07-18T00:29:51.612Z,usb,1,848316260,41160,10536960,256,6000,33.490
2026-07-18T00:29:51.655Z,usb,1,848316260,41161,10537216,256,6000,33.490
2026-07-18T00:29:51.697Z,usb,1,848316260,41162,10537472,256,6000,33.490
2026-07-18T00:29:51.741Z,usb,1,848316260,41163,10537728,256,6000,33.490
2026-07-18T00:29:51.783Z,usb,1,848316260,41164,10537984,256,6000,33.490
2026-07-18T00:29:51.826Z,usb,1,848316260,41165,10538240,256,6000,33.490
2026-07-18T00:29:51.868Z,usb,1,848316260,41166,10538496,256,6000,33.490
2026-07-18T00:29:51.911Z,usb,1,848316260,41167,10538752,256,6000,33.490
2026-07-18T00:29:51.953Z,usb,1,848316260,41168,10539008,256,6000,33.490
2026-07-18T00:29:51.996Z,usb,1,848316260,41169,10539264,256,6000,33.490
2026-07-18T00:29:52.038Z,usb,1,848316260,41170,10539520,256,6000,33.490
2026-07-18T00:29:52.081Z,usb,1,848316260,41171,10539776,256,6000,33.490
2026-07-18T00:29:52.123Z,usb,1,848316260,41172,10540032,256,6000,33.490
2026-07-18T00:29:52.166Z,usb,1,848316260,41173,10540288,256,6000,33.490
2026-07-18T00:29:52.208Z,usb,1,848316260,41174,10540544,256,6000,33.490
2026-07-18T00:29:52.251Z,usb,1,848316260,41175,10540800,256,6000,33.490
2026-07-18T00:29:52.293Z,usb,1,848316260,41176,10541056,256,6000,33.490
2026-07-18T00:29:52.336Z,usb,1,848316260,41177,10541312,256,6000,33.490
2026-07-18T00:29:52.378Z,usb,1,848316260,41178,10541568,256,6000,33.490
2026-07-18T00:29:52.421Z,usb,1,848316260,41179,10541824,256,6000,33.490
2026-07-18T00:29:52.463Z,usb,1,848316260,41180,10542080,256,6000,33.490
2026-07-18T00:29:52.506Z,usb,1,848316260,41181,10542336,256,6000,33.490
2026-07-18T00:29:52.548Z,usb,1,848316260,41182,10542592,256,6000,33.490
2026-07-18T00:29:52.591Z,usb,1,848316260,41183,10542848,256,6000,33.490
2026-07-18T00:29:52.633Z,usb,1,848316260,41184,10543104,256,6000,33.490
2026-07-18T00:29:52.676Z,usb,1,848316260,41185,10543360,256,6000,33.490
2026-07-18T00:29:52.718Z,usb,1,848316260,41186,10543616,256,6000,33.490
2026-07-18T00:29:52.761Z,usb,1,848316260,41187,10543872,256,6000,33.490
2026-07-18T00:29:52.804Z,usb,1,848316260,41188,10544128,256,6000,33.490
2026-07-18T00:29:52.846Z,usb,1,848316260,41189,10544384,256,6000,33.490
2026-07-18T00:29:52.889Z,usb,1,848316260,41190,10544640,256,6000,33.490
2026-07-18T00:29:52.932Z,usb,1,848316260,41191,10544896,256,6000,33.490
2026-07-18T00:29:52.974Z,usb,1,848316260,41192,10545152,256,6000,33.490
2026-07-18T00:29:53.017Z,usb,1,848316260,41193,10545408,256,6000,33.490
2026-07-18T00:29:53.059Z,usb,1,848316260,41194,10545664,256,6000,33.490
2026-07-18T00:29:53.101Z,usb,1,848316260,41195,10545920,256,6000,33.490
2026-07-18T00:29:53.144Z,usb,1,848316260,41196,10546176,256,6000,33.490
2026-07-18T00:29:53.187Z,usb,1,848316260,41197,10546432,256,6000,33.490
2026-07-18T00:29:53.229Z,usb,1,848316260,41198,10546688,256,6000,33.490
2026-07-18T00:29:53.271Z,usb,1,848316260,41199,10546944,256,6000,33.490
2026-07-18T00:29:53.314Z,usb,1,848316260,41200,10547200,256,6000,33.490
2026-07-18T00:29:53.356Z,usb,1,848316260,41201,10547456,256,6000,33.490
2026-07-18T00:29:53.399Z,usb,1,848316260,41202,10547712,256,6000,33.490
2026-07-18T00:29:53.442Z,usb,1,848316260,41203,10547968,256,6000,33.490
2026-07-18T00:29:53.484Z,usb,1,848316260,41204,10548224,256,6000,33.490
2026-07-18T00:29:53.526Z,usb,1,848316260,41205,10548480,256,6000,33.490
2026-07-18T00:29:53.569Z,usb,1,848316260,41206,10548736,256,6000,33.490
2026-07-18T00:29:53.612Z,usb,1,848316260,41207,10548992,256,6000,33.490
2026-07-18T00:29:53.654Z,usb,1,848316260,41208,10549248,256,6000,33.490
2026-07-18T00:29:53.697Z,usb,1,848316260,41209,10549504,256,6000,33.490
2026-07-18T00:29:53.739Z,usb,1,848316260,41210,10549760,256,6000,33.490
2026-07-18T00:29:53.782Z,usb,1,848316260,41211,10550016,256,6000,33.490
2026-07-18T00:29:53.825Z,usb,1,848316260,41212,10550272,256,6000,33.490
2026-07-18T00:29:53.867Z,usb,1,848316260,41213,10550528,256,6000,33.490
2026-07-18T00:29:53.910Z,usb,1,848316260,41214,10550784,256,6000,33.490
2026-07-18T00:29:53.952Z,usb,1,848316260,41215,10551040,256,6000,33.490
2026-07-18T00:29:53.995Z,usb,1,848316260,41216,10551296,256,6000,33.490
2026-07-18T00:29:54.037Z,usb,1,848316260,41217,10551552,256,6000,33.490
2026-07-18T00:29:54.080Z,usb,1,848316260,41218,10551808,256,6000,33.490
2026-07-18T00:29:54.122Z,usb,1,848316260,41219,10552064,256,6000,33.490
2026-07-18T00:29:54.165Z,usb,1,848316260,41220,10552320,256,6000,33.490
2026-07-18T00:29:54.207Z,usb,1,848316260,41221,10552576,256,6000,33.490
2026-07-18T00:29:54.250Z,usb,1,848316260,41222,10552832,256,6000,33.490
2026-07-18T00:29:54.292Z,usb,1,848316260,41223,10553088,256,6000,33.490
2026-07-18T00:29:54.335Z,usb,1,848316260,41224,10553344,256,6000,33.490
2026-07-18T00:29:54.377Z,usb,1,848316260,41225,10553600,256,6000,33.490
2026-07-18T00:29:54.420Z,usb,1,848316260,41226,10553856,256,6000,33.490
2026-07-18T00:29:54.462Z,usb,1,848316260,41227,10554112,256,6000,33.490
2026-07-18T00:29:54.505Z,usb,1,848316260,41228,10554368,256,6000,33.490
2026-07-18T00:29:54.547Z,usb,1,848316260,41229,10554624,256,6000,33.490
2026-07-18T00:29:54.590Z,usb,1,848316260,41230,10554880,256,6000,33.490
2026-07-18T00:29:54.632Z,usb,1,848316260,41231,10555136,256,6000,33.490
2026-07-18T00:29:54.675Z,usb,1,848316260,41232,10555392,256,6000,33.490
2026-07-18T00:29:54.717Z,usb,1,848316260,41233,10555648,256,6000,33.490
2026-07-18T00:29:54.760Z,usb,1,848316260,41234,10555904,256,6000,33.490
2026-07-18T00:29:54.803Z,usb,1,848316260,41235,10556160,256,6000,33.490
2026-07-18T00:29:54.845Z,usb,1,848316260,41236,10556416,256,6000,33.490
2026-07-18T00:29:54.888Z,usb,1,848316260,41237,10556672,256,6000,33.490
2026-07-18T00:29:54.930Z,usb,1,848316260,41238,10556928,256,6000,33.490
2026-07-18T00:29:54.973Z,usb,1,848316260,41239,10557184,256,6000,33.490
2026-07-18T00:29:55.015Z,usb,1,848316260,41240,10557440,256,6000,33.490
2026-07-18T00:29:55.058Z,usb,1,848316260,41241,10557696,256,6000,33.490
2026-07-18T00:29:55.100Z,usb,1,848316260,41242,10557952,256,6000,33.490
2026-07-18T00:29:55.143Z,usb,1,848316260,41243,10558208,256,6000,33.490
2026-07-18T00:29:55.185Z,usb,1,848316260,41244,10558464,256,6000,33.490
2026-07-18T00:29:55.228Z,usb,1,848316260,41245,10558720,256,6000,33.490
2026-07-18T00:29:55.270Z,usb,1,848316260,41246,10558976,256,6000,33.490
2026-07-18T00:29:55.313Z,usb,1,848316260,41247,10559232,256,6000,33.490
2026-07-18T00:29:55.355Z,usb,1,848316260,41248,10559488,256,6000,33.490
2026-07-18T00:29:55.398Z,usb,1,848316260,41249,10559744,256,6000,33.490
2026-07-18T00:29:55.440Z,usb,1,848316260,41250,10560000,256,6000,33.490
2026-07-18T00:29:55.483Z,usb,1,848316260,41251,10560256,256,6000,33.490
2026-07-18T00:29:55.525Z,usb,1,848316260,41252,10560512,256,6000,33.490
2026-07-18T00:29:55.568Z,usb,1,848316260,41253,10560768,256,6000,33.490
2026-07-18T00:29:55.611Z,usb,1,848316260,41254,10561024,256,6000,33.490
2026-07-18T00:29:55.653Z,usb,1,848316260,41255,10561280,256,6000,33.490
2026-07-18T00:29:55.696Z,usb,1,848316260,41256,10561536,256,6000,33.490
2026-07-18T00:29:55.738Z,usb,1,848316260,41257,10561792,256,6000,33.490
2026-07-18T00:29:55.780Z,usb,1,848316260,41258,10562048,256,6000,33.490
2026-07-18T00:29:55.824Z,usb,1,848316260,41259,10562304,256,6000,33.500
2026-07-18T00:29:55.866Z,usb,1,848316260,41260,10562560,256,6000,33.500
2026-07-18T00:29:55.909Z,usb,1,848316260,41261,10562816,256,6000,33.500
2026-07-18T00:29:55.951Z,usb,1,848316260,41262,10563072,256,6000,33.500
2026-07-18T00:29:55.994Z,usb,1,848316260,41263,10563328,256,6000,33.500
2026-07-18T00:29:56.036Z,usb,1,848316260,41264,10563584,256,6000,33.500
2026-07-18T00:29:56.079Z,usb,1,848316260,41265,10563840,256,6000,33.500
2026-07-18T00:29:56.121Z,usb,1,848316260,41266,10564096,256,6000,33.500
2026-07-18T00:29:56.164Z,usb,1,848316260,41267,10564352,256,6000,33.500
2026-07-18T00:29:56.206Z,usb,1,848316260,41268,10564608,256,6000,33.500
2026-07-18T00:29:56.249Z,usb,1,848316260,41269,10564864,256,6000,33.500
2026-07-18T00:29:56.291Z,usb,1,848316260,41270,10565120,256,6000,33.500
2026-07-18T00:29:56.334Z,usb,1,848316260,41271,10565376,256,6000,33.500
2026-07-18T00:29:56.376Z,usb,1,848316260,41272,10565632,256,6000,33.500
2026-07-18T00:29:56.419Z,usb,1,848316260,41273,10565888,256,6000,33.500
2026-07-18T00:29:56.461Z,usb,1,848316260,41274,10566144,256,6000,33.500
2026-07-18T00:29:56.504Z,usb,1,848316260,41275,10566400,256,6000,33.500
2026-07-18T00:29:56.546Z,usb,1,848316260,41276,10566656,256,6000,33.500
2026-07-18T00:29:56.589Z,usb,1,848316260,41277,10566912,256,6000,33.500
2026-07-18T00:29:56.631Z,usb,1,848316260,41278,10567168,256,6000,33.500
2026-07-18T00:29:56.674Z,usb,1,848316260,41279,10567424,256,6000,33.500
2026-07-18T00:29:56.716Z,usb,1,848316260,41280,10567680,256,6000,33.500
2026-07-18T00:29:56.759Z,usb,1,848316260,41281,10567936,256,6000,33.500
2026-07-18T00:29:56.801Z,usb,1,848316260,41282,10568192,256,6000,33.500
2026-07-18T00:29:56.844Z,usb,1,848316260,41283,10568448,256,6000,33.490
2026-07-18T00:29:56.887Z,usb,1,848316260,41284,10568704,256,6000,33.490
2026-07-18T00:29:56.930Z,usb,1,848316260,41285,10568960,256,6000,33.490
2026-07-18T00:29:56.972Z,usb,1,848316260,41286,10569216,256,6000,33.490
2026-07-18T00:29:57.015Z,usb,1,848316260,41287,10569472,256,6000,33.490
2026-07-18T00:29:57.057Z,usb,1,848316260,41288,10569728,256,6000,33.490
2026-07-18T00:29:57.099Z,usb,1,848316260,41289,10569984,256,6000,33.490
2026-07-18T00:29:57.142Z,usb,1,848316260,41290,10570240,256,6000,33.490
2026-07-18T00:29:57.184Z,usb,1,848316260,41291,10570496,256,6000,33.490
2026-07-18T00:29:57.227Z,usb,1,848316260,41292,10570752,256,6000,33.490
2026-07-18T00:29:57.269Z,usb,1,848316260,41293,10571008,256,6000,33.490
2026-07-18T00:29:57.312Z,usb,1,848316260,41294,10571264,256,6000,33.490
2026-07-18T00:29:57.355Z,usb,1,848316260,41295,10571520,256,6000,33.490
2026-07-18T00:29:57.397Z,usb,1,848316260,41296,10571776,256,6000,33.490
2026-07-18T00:29:57.439Z,usb,1,848316260,41297,10572032,256,6000,33.490
2026-07-18T00:29:57.482Z,usb,1,848316260,41298,10572288,256,6000,33.490
2026-07-18T00:29:57.524Z,usb,1,848316260,41299,10572544,256,6000,33.490
2026-07-18T00:29:57.567Z,usb,1,848316260,41300,10572800,256,6000,33.490
2026-07-18T00:29:57.609Z,usb,1,848316260,41301,10573056,256,6000,33.490
2026-07-18T00:29:57.652Z,usb,1,848316260,41302,10573312,256,6000,33.490
2026-07-18T00:29:57.694Z,usb,1,848316260,41303,10573568,256,6000,33.490
2026-07-18T00:29:57.737Z,usb,1,848316260,41304,10573824,256,6000,33.490
2026-07-18T00:29:57.780Z,usb,1,848316260,41305,10574080,256,6000,33.490
2026-07-18T00:29:57.822Z,usb,1,848316260,41306,10574336,256,6000,33.490
2026-07-18T00:29:57.865Z,usb,1,848316260,41307,10574592,256,6000,33.500
2026-07-18T00:29:57.908Z,usb,1,848316260,41308,10574848,256,6000,33.500
2026-07-18T00:29:57.950Z,usb,1,848316260,41309,10575104,256,6000,33.500
2026-07-18T00:29:57.993Z,usb,1,848316260,41310,10575360,256,6000,33.500
2026-07-18T00:29:58.035Z,usb,1,848316260,41311,10575616,256,6000,33.500
2026-07-18T00:29:58.078Z,usb,1,848316260,41312,10575872,256,6000,33.500
2026-07-18T00:29:58.120Z,usb,1,848316260,41313,10576128,256,6000,33.500
2026-07-18T00:29:58.163Z,usb,1,848316260,41314,10576384,256,6000,33.500
2026-07-18T00:29:58.205Z,usb,1,848316260,41315,10576640,256,6000,33.500
2026-07-18T00:29:58.248Z,usb,1,848316260,41316,10576896,256,6000,33.500
2026-07-18T00:29:58.290Z,usb,1,848316260,41317,10577152,256,6000,33.500
2026-07-18T00:29:58.333Z,usb,1,848316260,41318,10577408,256,6000,33.500
2026-07-18T00:29:58.375Z,usb,1,848316260,41319,10577664,256,6000,33.500
2026-07-18T00:29:58.418Z,usb,1,848316260,41320,10577920,256,6000,33.500
2026-07-18T00:29:58.460Z,usb,1,848316260,41321,10578176,256,6000,33.500
2026-07-18T00:29:58.503Z,usb,1,848316260,41322,10578432,256,6000,33.500
2026-07-18T00:29:58.545Z,usb,1,848316260,41323,10578688,256,6000,33.500
2026-07-18T00:29:58.588Z,usb,1,848316260,41324,10578944,256,6000,33.500
2026-07-18T00:29:58.630Z,usb,1,848316260,41325,10579200,256,6000,33.500
2026-07-18T00:29:58.673Z,usb,1,848316260,41326,10579456,256,6000,33.500
2026-07-18T00:29:58.715Z,usb,1,848316260,41327,10579712,256,6000,33.500
2026-07-18T00:29:58.758Z,usb,1,848316260,41328,10579968,256,6000,33.500
2026-07-18T00:29:58.800Z,usb,1,848316260,41329,10580224,256,6000,33.500
2026-07-18T00:29:58.843Z,usb,1,848316260,41330,10580480,256,6000,33.500
2026-07-18T00:29:58.886Z,usb,1,848316260,41331,10580736,256,6000,33.490
2026-07-18T00:29:58.928Z,usb,1,848316260,41332,10580992,256,6000,33.490
2026-07-18T00:29:58.971Z,usb,1,848316260,41333,10581248,256,6000,33.490
2026-07-18T00:29:59.013Z,usb,1,848316260,41334,10581504,256,6000,33.490
2026-07-18T00:29:59.056Z,usb,1,848316260,41335,10581760,256,6000,33.490
2026-07-18T00:29:59.098Z,usb,1,848316260,41336,10582016,256,6000,33.490
2026-07-18T00:29:59.141Z,usb,1,848316260,41337,10582272,256,6000,33.490
2026-07-18T00:29:59.183Z,usb,1,848316260,41338,10582528,256,6000,33.490
2026-07-18T00:29:59.226Z,usb,1,848316260,41339,10582784,256,6000,33.490
2026-07-18T00:29:59.268Z,usb,1,848316260,41340,10583040,256,6000,33.490
2026-07-18T00:29:59.311Z,usb,1,848316260,41341,10583296,256,6000,33.490
2026-07-18T00:29:59.353Z,usb,1,848316260,41342,10583552,256,6000,33.490
2026-07-18T00:29:59.396Z,usb,1,848316260,41343,10583808,256,6000,33.490
2026-07-18T00:29:59.438Z,usb,1,848316260,41344,10584064,256,6000,33.490
2026-07-18T00:29:59.481Z,usb,1,848316260,41345,10584320,256,6000,33.490
2026-07-18T00:29:59.523Z,usb,1,848316260,41346,10584576,256,6000,33.490
2026-07-18T00:29:59.566Z,usb,1,848316260,41347,10584832,256,6000,33.490
2026-07-18T00:29:59.608Z,usb,1,848316260,41348,10585088,256,6000,33.490
2026-07-18T00:29:59.651Z,usb,1,848316260,41349,10585344,256,6000,33.490
2026-07-18T00:29:59.694Z,usb,1,848316260,41350,10585600,256,6000,33.490
2026-07-18T00:29:59.736Z,usb,1,848316260,41351,10585856,256,6000,33.490
2026-07-18T00:29:59.778Z,usb,1,848316260,41352,10586112,256,6000,33.490
2026-07-18T00:29:59.821Z,usb,1,848316260,41353,10586368,256,6000,33.490
2026-07-18T00:29:59.863Z,usb,1,848316260,41354,10586624,256,6000,33.490
2026-07-18T00:29:59.906Z,usb,1,848316260,41355,10586880,256,6000,33.490
2026-07-18T00:29:59.949Z,usb,1,848316260,41356,10587136,256,6000,33.490
2026-07-18T00:29:59.992Z,usb,1,848316260,41357,10587392,256,6000,33.490
2026-07-18T00:30:00.034Z,usb,1,848316260,41358,10587648,256,6000,33.490
2026-07-18T00:30:00.077Z,usb,1,848316260,41359,10587904,256,6000,33.490
2026-07-18T00:30:00.119Z,usb,1,848316260,41360,10588160,256,6000,33.490
2026-07-18T00:30:00.162Z,usb,1,848316260,41361,10588416,256,6000,33.490
2026-07-18T00:30:00.204Z,usb,1,848316260,41362,10588672,256,6000,33.490
2026-07-18T00:30:00.247Z,usb,1,848316260,41363,10588928,256,6000,33.490
2026-07-18T00:30:00.289Z,usb,1,848316260,41364,10589184,256,6000,33.490
2026-07-18T00:30:00.332Z,usb,1,848316260,41365,10589440,256,6000,33.490
2026-07-18T00:30:00.374Z,usb,1,848316260,41366,10589696,256,6000,33.490
2026-07-18T00:30:00.417Z,usb,1,848316260,41367,10589952,256,6000,33.490
2026-07-18T00:30:00.459Z,usb,1,848316260,41368,10590208,256,6000,33.490
2026-07-18T00:30:00.502Z,usb,1,848316260,41369,10590464,256,6000,33.490
2026-07-18T00:30:00.544Z,usb,1,848316260,41370,10590720,256,6000,33.490
2026-07-18T00:30:00.587Z,usb,1,848316260,41371,10590976,256,6000,33.490
2026-07-18T00:30:00.629Z,usb,1,848316260,41372,10591232,256,6000,33.490
2026-07-18T00:30:00.672Z,usb,1,848316260,41373,10591488,256,6000,33.490
2026-07-18T00:30:00.714Z,usb,1,848316260,41374,10591744,256,6000,33.490
2026-07-18T00:30:00.757Z,usb,1,848316260,41375,10592000,256,6000,33.490
2026-07-18T00:30:00.799Z,usb,1,848316260,41376,10592256,256,6000,33.490
2026-07-18T00:30:00.842Z,usb,1,848316260,41377,10592512,256,6000,33.490
2026-07-18T00:30:00.884Z,usb,1,848316260,41378,10592768,256,6000,33.490
2026-07-18T00:30:00.927Z,usb,1,848316260,41379,10593024,256,6000,33.490
2026-07-18T00:30:00.970Z,usb,1,848316260,41380,10593280,256,6000,33.490
2026-07-18T00:30:01.012Z,usb,1,848316260,41381,10593536,256,6000,33.490
2026-07-18T00:30:01.055Z,usb,1,848316260,41382,10593792,256,6000,33.490
2026-07-18T00:30:01.098Z,usb,1,848316260,41383,10594048,256,6000,33.490
2026-07-18T00:30:01.140Z,usb,1,848316260,41384,10594304,256,6000,33.490
2026-07-18T00:30:01.183Z,usb,1,848316260,41385,10594560,256,6000,33.490
2026-07-18T00:30:01.225Z,usb,1,848316260,41386,10594816,256,6000,33.490
2026-07-18T00:30:01.268Z,usb,1,848316260,41387,10595072,256,6000,33.490
2026-07-18T00:30:01.310Z,usb,1,848316260,41388,10595328,256,6000,33.490
2026-07-18T00:30:01.352Z,usb,1,848316260,41389,10595584,256,6000,33.490
2026-07-18T00:30:01.395Z,usb,1,848316260,41390,10595840,256,6000,33.490
2026-07-18T00:30:01.437Z,usb,1,848316260,41391,10596096,256,6000,33.490
2026-07-18T00:30:01.480Z,usb,1,848316260,41392,10596352,256,6000,33.490
2026-07-18T00:30:01.522Z,usb,1,848316260,41393,10596608,256,6000,33.490
2026-07-18T00:30:01.565Z,usb,1,848316260,41394,10596864,256,6000,33.490
2026-07-18T00:30:01.607Z,usb,1,848316260,41395,10597120,256,6000,33.490
2026-07-18T00:30:01.650Z,usb,1,848316260,41396,10597376,256,6000,33.490
2026-07-18T00:30:01.693Z,usb,1,848316260,41397,10597632,256,6000,33.490
2026-07-18T00:30:01.735Z,usb,1,848316260,41398,10597888,256,6000,33.490
2026-07-18T00:30:01.777Z,usb,1,848316260,41399,10598144,256,6000,33.490
2026-07-18T00:30:01.820Z,usb,1,848316260,41400,10598400,256,6000,33.490
2026-07-18T00:30:01.862Z,usb,1,848316260,41401,10598656,256,6000,33.490
2026-07-18T00:30:01.905Z,usb,1,848316260,41402,10598912,256,6000,33.490
2026-07-18T00:30:01.948Z,usb,1,848316260,41403,10599168,256,6000,33.490
2026-07-18T00:30:01.991Z,usb,1,848316260,41404,10599424,256,6000,33.490
2026-07-18T00:30:02.033Z,usb,1,848316260,41405,10599680,256,6000,33.490
2026-07-18T00:30:02.076Z,usb,1,848316260,41406,10599936,256,6000,33.490
2026-07-18T00:30:02.118Z,usb,1,848316260,41407,10600192,256,6000,33.490
2026-07-18T00:30:02.161Z,usb,1,848316260,41408,10600448,256,6000,33.490
2026-07-18T00:30:02.203Z,usb,1,848316260,41409,10600704,256,6000,33.490
2026-07-18T00:30:02.246Z,usb,1,848316260,41410,10600960,256,6000,33.490
2026-07-18T00:30:02.288Z,usb,1,848316260,41411,10601216,256,6000,33.490
2026-07-18T00:30:02.331Z,usb,1,848316260,41412,10601472,256,6000,33.490
2026-07-18T00:30:02.373Z,usb,1,848316260,41413,10601728,256,6000,33.490
2026-07-18T00:30:02.416Z,usb,1,848316260,41414,10601984,256,6000,33.490
2026-07-18T00:30:02.458Z,usb,1,848316260,41415,10602240,256,6000,33.490
2026-07-18T00:30:02.501Z,usb,1,848316260,41416,10602496,256,6000,33.490
2026-07-18T00:30:02.543Z,usb,1,848316260,41417,10602752,256,6000,33.490
2026-07-18T00:30:02.586Z,usb,1,848316260,41418,10603008,256,6000,33.490
2026-07-18T00:30:02.628Z,usb,1,848316260,41419,10603264,256,6000,33.490
2026-07-18T00:30:02.671Z,usb,1,848316260,41420,10603520,256,6000,33.490
2026-07-18T00:30:02.713Z,usb,1,848316260,41421,10603776,256,6000,33.490
2026-07-18T00:30:02.756Z,usb,1,848316260,41422,10604032,256,6000,33.490
2026-07-18T00:30:02.798Z,usb,1,848316260,41423,10604288,256,6000,33.490
2026-07-18T00:30:02.841Z,usb,1,848316260,41424,10604544,256,6000,33.490
2026-07-18T00:30:02.883Z,usb,1,848316260,41425,10604800,256,6000,33.490
2026-07-18T00:30:02.926Z,usb,1,848316260,41426,10605056,256,6000,33.490
2026-07-18T00:30:02.969Z,usb,1,848316260,41427,10605312,256,6000,33.490
2026-07-18T00:30:03.011Z,usb,1,848316260,41428,10605568,256,6000,33.490
2026-07-18T00:30:03.054Z,usb,1,848316260,41429,10605824,256,6000,33.490
2026-07-18T00:30:03.096Z,usb,1,848316260,41430,10606080,256,6000,33.490
2026-07-18T00:30:03.139Z,usb,1,848316260,41431,10606336,256,6000,33.490
2026-07-18T00:30:03.181Z,usb,1,848316260,41432,10606592,256,6000,33.490
2026-07-18T00:30:03.224Z,usb,1,848316260,41433,10606848,256,6000,33.490
2026-07-18T00:30:03.266Z,usb,1,848316260,41434,10607104,256,6000,33.490
2026-07-18T00:30:03.309Z,usb,1,848316260,41435,10607360,256,6000,33.490
2026-07-18T00:30:03.351Z,usb,1,848316260,41436,10607616,256,6000,33.490
2026-07-18T00:30:03.394Z,usb,1,848316260,41437,10607872,256,6000,33.490
2026-07-18T00:30:03.436Z,usb,1,848316260,41438,10608128,256,6000,33.490
2026-07-18T00:30:03.479Z,usb,1,848316260,41439,10608384,256,6000,33.490
2026-07-18T00:30:03.521Z,usb,1,848316260,41440,10608640,256,6000,33.490
2026-07-18T00:30:03.564Z,usb,1,848316260,41441,10608896,256,6000,33.490
2026-07-18T00:30:03.606Z,usb,1,848316260,41442,10609152,256,6000,33.490
2026-07-18T00:30:03.649Z,usb,1,848316260,41443,10609408,256,6000,33.490
2026-07-18T00:30:03.691Z,usb,1,848316260,41444,10609664,256,6000,33.490
2026-07-18T00:30:03.734Z,usb,1,848316260,41445,10609920,256,6000,33.490
2026-07-18T00:30:03.777Z,usb,1,848316260,41446,10610176,256,6000,33.490
2026-07-18T00:30:03.819Z,usb,1,848316260,41447,10610432,256,6000,33.490
2026-07-18T00:30:03.862Z,usb,1,848316260,41448,10610688,256,6000,33.490
2026-07-18T00:30:03.904Z,usb,1,848316260,41449,10610944,256,6000,33.490
2026-07-18T00:30:03.946Z,usb,1,848316260,41450,10611200,256,6000,33.490
2026-07-18T00:30:03.990Z,usb,1,848316260,41451,10611456,256,6000,33.490
2026-07-18T00:30:04.032Z,usb,1,848316260,41452,10611712,256,6000,33.490
2026-07-18T00:30:04.075Z,usb,1,848316260,41453,10611968,256,6000,33.490
2026-07-18T00:30:04.117Z,usb,1,848316260,41454,10612224,256,6000,33.490
2026-07-18T00:30:04.160Z,usb,1,848316260,41455,10612480,256,6000,33.490
2026-07-18T00:30:04.202Z,usb,1,848316260,41456,10612736,256,6000,33.490
2026-07-18T00:30:04.245Z,usb,1,848316260,41457,10612992,256,6000,33.490
2026-07-18T00:30:04.287Z,usb,1,848316260,41458,10613248,256,6000,33.490
2026-07-18T00:30:04.330Z,usb,1,848316260,41459,10613504,256,6000,33.490
2026-07-18T00:30:04.373Z,usb,1,848316260,41460,10613760,256,6000,33.490
2026-07-18T00:30:04.415Z,usb,1,848316260,41461,10614016,256,6000,33.490
2026-07-18T00:30:04.457Z,usb,1,848316260,41462,10614272,256,6000,33.490
2026-07-18T00:30:04.500Z,usb,1,848316260,41463,10614528,256,6000,33.490
2026-07-18T00:30:04.542Z,usb,1,848316260,41464,10614784,256,6000,33.490
2026-07-18T00:30:04.585Z,usb,1,848316260,41465,10615040,256,6000,33.490
2026-07-18T00:30:04.627Z,usb,1,848316260,41466,10615296,256,6000,33.490
2026-07-18T00:30:04.670Z,usb,1,848316260,41467,10615552,256,6000,33.490
2026-07-18T00:30:04.712Z,usb,1,848316260,41468,10615808,256,6000,33.490
2026-07-18T00:30:04.755Z,usb,1,848316260,41469,10616064,256,6000,33.490
2026-07-18T00:30:04.797Z,usb,1,848316260,41470,10616320,256,6000,33.490
2026-07-18T00:30:04.840Z,usb,1,848316260,41471,10616576,256,6000,33.490
2026-07-18T00:30:04.882Z,usb,1,848316260,41472,10616832,256,6000,33.490
2026-07-18T00:30:04.925Z,usb,1,848316260,41473,10617088,256,6000,33.490
2026-07-18T00:30:04.967Z,usb,1,848316260,41474,10617344,256,6000,33.490
2026-07-18T00:30:05.010Z,usb,1,848316260,41475,10617600,256,6000,33.490
2026-07-18T00:30:05.053Z,usb,1,848316260,41476,10617856,256,6000,33.490
2026-07-18T00:30:05.095Z,usb,1,848316260,41477,10618112,256,6000,33.490
2026-07-18T00:30:05.138Z,usb,1,848316260,41478,10618368,256,6000,33.490
2026-07-18T00:30:05.180Z,usb,1,848316260,41479,10618624,256,6000,33.490
2026-07-18T00:30:05.223Z,usb,1,848316260,41480,10618880,256,6000,33.490
2026-07-18T00:30:05.266Z,usb,1,848316260,41481,10619136,256,6000,33.490
2026-07-18T00:30:05.308Z,usb,1,848316260,41482,10619392,256,6000,33.490
2026-07-18T00:30:05.351Z,usb,1,848316260,41483,10619648,256,6000,33.490
2026-07-18T00:30:05.393Z,usb,1,848316260,41484,10619904,256,6000,33.490
2026-07-18T00:30:05.436Z,usb,1,848316260,41485,10620160,256,6000,33.490
2026-07-18T00:30:05.478Z,usb,1,848316260,41486,10620416,256,6000,33.490
2026-07-18T00:30:05.520Z,usb,1,848316260,41487,10620672,256,6000,33.490
2026-07-18T00:30:05.563Z,usb,1,848316260,41488,10620928,256,6000,33.490
2026-07-18T00:30:05.606Z,usb,1,848316260,41489,10621184,256,6000,33.490
2026-07-18T00:30:05.648Z,usb,1,848316260,41490,10621440,256,6000,33.490
2026-07-18T00:30:05.690Z,usb,1,848316260,41491,10621696,256,6000,33.490
2026-07-18T00:30:05.733Z,usb,1,848316260,41492,10621952,256,6000,33.490
2026-07-18T00:30:05.775Z,usb,1,848316260,41493,10622208,256,6000,33.490
2026-07-18T00:30:05.818Z,usb,1,848316260,41494,10622464,256,6000,33.490
2026-07-18T00:30:05.860Z,usb,1,848316260,41495,10622720,256,6000,33.490
2026-07-18T00:30:05.903Z,usb,1,848316260,41496,10622976,256,6000,33.490
2026-07-18T00:30:05.945Z,usb,1,848316260,41497,10623232,256,6000,33.490
2026-07-18T00:30:05.988Z,usb,1,848316260,41498,10623488,256,6000,33.490
2026-07-18T00:30:06.031Z,usb,1,848316260,41499,10623744,256,6000,33.490
2026-07-18T00:30:06.074Z,usb,1,848316260,41500,10624000,256,6000,33.490
2026-07-18T00:30:06.116Z,usb,1,848316260,41501,10624256,256,6000,33.490
2026-07-18T00:30:06.159Z,usb,1,848316260,41502,10624512,256,6000,33.490
2026-07-18T00:30:06.201Z,usb,1,848316260,41503,10624768,256,6000,33.490
2026-07-18T00:30:06.244Z,usb,1,848316260,41504,10625024,256,6000,33.490
2026-07-18T00:30:06.286Z,usb,1,848316260,41505,10625280,256,6000,33.490
2026-07-18T00:30:06.328Z,usb,1,848316260,41506,10625536,256,6000,33.490
2026-07-18T00:30:06.371Z,usb,1,848316260,41507,10625792,256,6000,33.490
2026-07-18T00:30:06.414Z,usb,1,848316260,41508,10626048,256,6000,33.490
2026-07-18T00:30:06.456Z,usb,1,848316260,41509,10626304,256,6000,33.490
2026-07-18T00:30:06.499Z,usb,1,848316260,41510,10626560,256,6000,33.490
2026-07-18T00:30:06.541Z,usb,1,848316260,41511,10626816,256,6000,33.490
2026-07-18T00:30:06.584Z,usb,1,848316260,41512,10627072,256,6000,33.490
2026-07-18T00:30:06.626Z,usb,1,848316260,41513,10627328,256,6000,33.490
2026-07-18T00:30:06.669Z,usb,1,848316260,41514,10627584,256,6000,33.490
2026-07-18T00:30:06.711Z,usb,1,848316260,41515,10627840,256,6000,33.490
2026-07-18T00:30:06.754Z,usb,1,848316260,41516,10628096,256,6000,33.490
2026-07-18T00:30:06.796Z,usb,1,848316260,41517,10628352,256,6000,33.490
2026-07-18T00:30:06.839Z,usb,1,848316260,41518,10628608,256,6000,33.490
2026-07-18T00:30:06.881Z,usb,1,848316260,41519,10628864,256,6000,33.490
2026-07-18T00:30:06.924Z,usb,1,848316260,41520,10629120,256,6000,33.490
2026-07-18T00:30:06.966Z,usb,1,848316260,41521,10629376,256,6000,33.490
2026-07-18T00:30:07.009Z,usb,1,848316260,41522,10629632,256,6000,33.490
2026-07-18T00:30:07.052Z,usb,1,848316260,41523,10629888,256,6000,33.490
2026-07-18T00:30:07.095Z,usb,1,848316260,41524,10630144,256,6000,33.490
2026-07-18T00:30:07.137Z,usb,1,848316260,41525,10630400,256,6000,33.490
2026-07-18T00:30:07.179Z,usb,1,848316260,41526,10630656,256,6000,33.490
2026-07-18T00:30:07.222Z,usb,1,848316260,41527,10630912,256,6000,33.490
2026-07-18T00:30:07.264Z,usb,1,848316260,41528,10631168,256,6000,33.490
2026-07-18T00:30:07.307Z,usb,1,848316260,41529,10631424,256,6000,33.490
2026-07-18T00:30:07.350Z,usb,1,848316260,41530,10631680,256,6000,33.490
2026-07-18T00:30:07.392Z,usb,1,848316260,41531,10631936,256,6000,33.490
2026-07-18T00:30:07.435Z,usb,1,848316260,41532,10632192,256,6000,33.490
2026-07-18T00:30:07.477Z,usb,1,848316260,41533,10632448,256,6000,33.490
2026-07-18T00:30:07.519Z,usb,1,848316260,41534,10632704,256,6000,33.490
2026-07-18T00:30:07.562Z,usb,1,848316260,41535,10632960,256,6000,33.490
2026-07-18T00:30:07.605Z,usb,1,848316260,41536,10633216,256,6000,33.490
2026-07-18T00:30:07.647Z,usb,1,848316260,41537,10633472,256,6000,33.490
2026-07-18T00:30:07.690Z,usb,1,848316260,41538,10633728,256,6000,33.490
2026-07-18T00:30:07.732Z,usb,1,848316260,41539,10633984,256,6000,33.490
2026-07-18T00:30:07.775Z,usb,1,848316260,41540,10634240,256,6000,33.490
2026-07-18T00:30:07.817Z,usb,1,848316260,41541,10634496,256,6000,33.490
2026-07-18T00:30:07.859Z,usb,1,848316260,41542,10634752,256,6000,33.490
2026-07-18T00:30:07.902Z,usb,1,848316260,41543,10635008,256,6000,33.490
2026-07-18T00:30:07.945Z,usb,1,848316260,41544,10635264,256,6000,33.490
2026-07-18T00:30:07.987Z,usb,1,848316260,41545,10635520,256,6000,33.490
2026-07-18T00:30:08.029Z,usb,1,848316260,41546,10635776,256,6000,33.490
2026-07-18T00:30:08.073Z,usb,1,848316260,41547,10636032,256,6000,33.490
2026-07-18T00:30:08.115Z,usb,1,848316260,41548,10636288,256,6000,33.490
2026-07-18T00:30:08.158Z,usb,1,848316260,41549,10636544,256,6000,33.490
2026-07-18T00:30:08.200Z,usb,1,848316260,41550,10636800,256,6000,33.490
2026-07-18T00:30:08.243Z,usb,1,848316260,41551,10637056,256,6000,33.490
2026-07-18T00:30:08.285Z,usb,1,848316260,41552,10637312,256,6000,33.490
2026-07-18T00:30:08.328Z,usb,1,848316260,41553,10637568,256,6000,33.490
2026-07-18T00:30:08.370Z,usb,1,848316260,41554,10637824,256,6000,33.490
2026-07-18T00:30:08.413Z,usb,1,848316260,41555,10638080,256,6000,33.490
2026-07-18T00:30:08.455Z,usb,1,848316260,41556,10638336,256,6000,33.490
2026-07-18T00:30:08.498Z,usb,1,848316260,41557,10638592,256,6000,33.490
2026-07-18T00:30:08.540Z,usb,1,848316260,41558,10638848,256,6000,33.490
2026-07-18T00:30:08.583Z,usb,1,848316260,41559,10639104,256,6000,33.490
2026-07-18T00:30:08.625Z,usb,1,848316260,41560,10639360,256,6000,33.490
2026-07-18T00:30:08.668Z,usb,1,848316260,41561,10639616,256,6000,33.490
2026-07-18T00:30:08.710Z,usb,1,848316260,41562,10639872,256,6000,33.490
2026-07-18T00:30:08.753Z,usb,1,848316260,41563,10640128,256,6000,33.490
2026-07-18T00:30:08.795Z,usb,1,848316260,41564,10640384,256,6000,33.490
2026-07-18T00:30:08.838Z,usb,1,848316260,41565,10640640,256,6000,33.490
2026-07-18T00:30:08.880Z,usb,1,848316260,41566,10640896,256,6000,33.490
2026-07-18T00:30:08.923Z,usb,1,848316260,41567,10641152,256,6000,33.490
2026-07-18T00:30:08.965Z,usb,1,848316260,41568,10641408,256,6000,33.490
2026-07-18T00:30:09.008Z,usb,1,848316260,41569,10641664,256,6000,33.490
2026-07-18T00:30:09.050Z,usb,1,848316260,41570,10641920,256,6000,33.490
2026-07-18T00:30:09.093Z,usb,1,848316260,41571,10642176,256,6000,33.490
2026-07-18T00:30:09.136Z,usb,1,848316260,41572,10642432,256,6000,33.490
2026-07-18T00:30:09.179Z,usb,1,848316260,41573,10642688,256,6000,33.490
2026-07-18T00:30:09.221Z,usb,1,848316260,41574,10642944,256,6000,33.490
2026-07-18T00:30:09.263Z,usb,1,848316260,41575,10643200,256,6000,33.490
2026-07-18T00:30:09.306Z,usb,1,848316260,41576,10643456,256,6000,33.490
2026-07-18T00:30:09.348Z,usb,1,848316260,41577,10643712,256,6000,33.490
2026-07-18T00:30:09.391Z,usb,1,848316260,41578,10643968,256,6000,33.490
2026-07-18T00:30:09.433Z,usb,1,848316260,41579,10644224,256,6000,33.490
2026-07-18T00:30:09.476Z,usb,1,848316260,41580,10644480,256,6000,33.490
2026-07-18T00:30:09.518Z,usb,1,848316260,41581,10644736,256,6000,33.490
2026-07-18T00:30:09.561Z,usb,1,848316260,41582,10644992,256,6000,33.490
2026-07-18T00:30:09.603Z,usb,1,848316260,41583,10645248,256,6000,33.490
2026-07-18T00:30:09.646Z,usb,1,848316260,41584,10645504,256,6000,33.490
2026-07-18T00:30:09.688Z,usb,1,848316260,41585,10645760,256,6000,33.490
2026-07-18T00:30:09.731Z,usb,1,848316260,41586,10646016,256,6000,33.490
2026-07-18T00:30:09.773Z,usb,1,848316260,41587,10646272,256,6000,33.490
2026-07-18T00:30:09.816Z,usb,1,848316260,41588,10646528,256,6000,33.490
2026-07-18T00:30:09.858Z,usb,1,848316260,41589,10646784,256,6000,33.490
2026-07-18T00:30:09.901Z,usb,1,848316260,41590,10647040,256,6000,33.490
2026-07-18T00:30:09.944Z,usb,1,848316260,41591,10647296,256,6000,33.490
2026-07-18T00:30:09.986Z,usb,1,848316260,41592,10647552,256,6000,33.490
2026-07-18T00:30:10.028Z,usb,1,848316260,41593,10647808,256,6000,33.490
2026-07-18T00:30:10.071Z,usb,1,848316260,41594,10648064,256,6000,33.490
2026-07-18T00:30:10.114Z,usb,1,848316260,41595,10648320,256,6000,33.490
2026-07-18T00:30:10.157Z,usb,1,848316260,41596,10648576,256,6000,33.490
2026-07-18T00:30:10.199Z,usb,1,848316260,41597,10648832,256,6000,33.490
2026-07-18T00:30:10.242Z,usb,1,848316260,41598,10649088,256,6000,33.490
2026-07-18T00:30:10.284Z,usb,1,848316260,41599,10649344,256,6000,33.490
2026-07-18T00:30:10.327Z,usb,1,848316260,41600,10649600,256,6000,33.490
2026-07-18T00:30:10.369Z,usb,1,848316260,41601,10649856,256,6000,33.490
2026-07-18T00:30:10.412Z,usb,1,848316260,41602,10650112,256,6000,33.490
2026-07-18T00:30:10.454Z,usb,1,848316260,41603,10650368,256,6000,33.490
2026-07-18T00:30:10.497Z,usb,1,848316260,41604,10650624,256,6000,33.490
2026-07-18T00:30:10.539Z,usb,1,848316260,41605,10650880,256,6000,33.490
2026-07-18T00:30:10.582Z,usb,1,848316260,41606,10651136,256,6000,33.490
2026-07-18T00:30:10.624Z,usb,1,848316260,41607,10651392,256,6000,33.490
2026-07-18T00:30:10.667Z,usb,1,848316260,41608,10651648,256,6000,33.490
2026-07-18T00:30:10.709Z,usb,1,848316260,41609,10651904,256,6000,33.490
2026-07-18T00:30:10.752Z,usb,1,848316260,41610,10652160,256,6000,33.490
2026-07-18T00:30:10.794Z,usb,1,848316260,41611,10652416,256,6000,33.490
2026-07-18T00:30:10.837Z,usb,1,848316260,41612,10652672,256,6000,33.490
2026-07-18T00:30:10.879Z,usb,1,848316260,41613,10652928,256,6000,33.490
2026-07-18T00:30:10.922Z,usb,1,848316260,41614,10653184,256,6000,33.490
2026-07-18T00:30:10.964Z,usb,1,848316260,41615,10653440,256,6000,33.490
2026-07-18T00:30:11.007Z,usb,1,848316260,41616,10653696,256,6000,33.490
2026-07-18T00:30:11.049Z,usb,1,848316260,41617,10653952,256,6000,33.490
2026-07-18T00:30:11.092Z,usb,1,848316260,41618,10654208,256,6000,33.490
2026-07-18T00:30:11.135Z,usb,1,848316260,41619,10654464,256,6000,33.500
2026-07-18T00:30:11.177Z,usb,1,848316260,41620,10654720,256,6000,33.500
2026-07-18T00:30:11.220Z,usb,1,848316260,41621,10654976,256,6000,33.500
2026-07-18T00:30:11.263Z,usb,1,848316260,41622,10655232,256,6000,33.500
2026-07-18T00:30:11.305Z,usb,1,848316260,41623,10655488,256,6000,33.500
2026-07-18T00:30:11.347Z,usb,1,848316260,41624,10655744,256,6000,33.500
2026-07-18T00:30:11.390Z,usb,1,848316260,41625,10656000,256,6000,33.500
2026-07-18T00:30:11.432Z,usb,1,848316260,41626,10656256,256,6000,33.500
2026-07-18T00:30:11.475Z,usb,1,848316260,41627,10656512,256,6000,33.500
2026-07-18T00:30:11.517Z,usb,1,848316260,41628,10656768,256,6000,33.500
2026-07-18T00:30:11.560Z,usb,1,848316260,41629,10657024,256,6000,33.500
2026-07-18T00:30:11.602Z,usb,1,848316260,41630,10657280,256,6000,33.500
2026-07-18T00:30:11.645Z,usb,1,848316260,41631,10657536,256,6000,33.500
2026-07-18T00:30:11.687Z,usb,1,848316260,41632,10657792,256,6000,33.500
2026-07-18T00:30:11.730Z,usb,1,848316260,41633,10658048,256,6000,33.500
2026-07-18T00:30:11.772Z,usb,1,848316260,41634,10658304,256,6000,33.500
2026-07-18T00:30:11.815Z,usb,1,848316260,41635,10658560,256,6000,33.500
2026-07-18T00:30:11.857Z,usb,1,848316260,41636,10658816,256,6000,33.500
2026-07-18T00:30:11.900Z,usb,1,848316260,41637,10659072,256,6000,33.500
2026-07-18T00:30:11.942Z,usb,1,848316260,41638,10659328,256,6000,33.500
2026-07-18T00:30:11.985Z,usb,1,848316260,41639,10659584,256,6000,33.500
2026-07-18T00:30:12.027Z,usb,1,848316260,41640,10659840,256,6000,33.500
2026-07-18T00:30:12.070Z,usb,1,848316260,41641,10660096,256,6000,33.500
2026-07-18T00:30:12.112Z,usb,1,848316260,41642,10660352,256,6000,33.500
2026-07-18T00:30:12.156Z,usb,1,848316260,41643,10660608,256,6000,33.490
2026-07-18T00:30:12.198Z,usb,1,848316260,41644,10660864,256,6000,33.490
2026-07-18T00:30:12.241Z,usb,1,848316260,41645,10661120,256,6000,33.490
2026-07-18T00:30:12.283Z,usb,1,848316260,41646,10661376,256,6000,33.490
2026-07-18T00:30:12.326Z,usb,1,848316260,41647,10661632,256,6000,33.490
2026-07-18T00:30:12.368Z,usb,1,848316260,41648,10661888,256,6000,33.490
2026-07-18T00:30:12.411Z,usb,1,848316260,41649,10662144,256,6000,33.490
2026-07-18T00:30:12.453Z,usb,1,848316260,41650,10662400,256,6000,33.490
2026-07-18T00:30:12.496Z,usb,1,848316260,41651,10662656,256,6000,33.490
2026-07-18T00:30:12.538Z,usb,1,848316260,41652,10662912,256,6000,33.490
2026-07-18T00:30:12.581Z,usb,1,848316260,41653,10663168,256,6000,33.490
2026-07-18T00:30:12.623Z,usb,1,848316260,41654,10663424,256,6000,33.490
2026-07-18T00:30:12.666Z,usb,1,848316260,41655,10663680,256,6000,33.490
2026-07-18T00:30:12.708Z,usb,1,848316260,41656,10663936,256,6000,33.490
2026-07-18T00:30:12.751Z,usb,1,848316260,41657,10664192,256,6000,33.490
2026-07-18T00:30:12.793Z,usb,1,848316260,41658,10664448,256,6000,33.490
2026-07-18T00:30:12.836Z,usb,1,848316260,41659,10664704,256,6000,33.490
2026-07-18T00:30:12.878Z,usb,1,848316260,41660,10664960,256,6000,33.490
2026-07-18T00:30:12.921Z,usb,1,848316260,41661,10665216,256,6000,33.490
2026-07-18T00:30:12.963Z,usb,1,848316260,41662,10665472,256,6000,33.490
2026-07-18T00:30:13.006Z,usb,1,848316260,41663,10665728,256,6000,33.490
2026-07-18T00:30:13.048Z,usb,1,848316260,41664,10665984,256,6000,33.490
2026-07-18T00:30:13.091Z,usb,1,848316260,41665,10666240,256,6000,33.490
2026-07-18T00:30:13.133Z,usb,1,848316260,41666,10666496,256,6000,33.490
2026-07-18T00:30:13.176Z,usb,1,848316260,41667,10666752,256,6000,33.490
2026-07-18T00:30:13.219Z,usb,1,848316260,41668,10667008,256,6000,33.490
2026-07-18T00:30:13.261Z,usb,1,848316260,41669,10667264,256,6000,33.490
2026-07-18T00:30:13.304Z,usb,1,848316260,41670,10667520,256,6000,33.490
2026-07-18T00:30:13.346Z,usb,1,848316260,41671,10667776,256,6000,33.490
2026-07-18T00:30:13.389Z,usb,1,848316260,41672,10668032,256,6000,33.490
2026-07-18T00:30:13.431Z,usb,1,848316260,41673,10668288,256,6000,33.490
2026-07-18T00:30:13.474Z,usb,1,848316260,41674,10668544,256,6000,33.490
2026-07-18T00:30:13.516Z,usb,1,848316260,41675,10668800,256,6000,33.490
2026-07-18T00:30:13.559Z,usb,1,848316260,41676,10669056,256,6000,33.490
2026-07-18T00:30:13.601Z,usb,1,848316260,41677,10669312,256,6000,33.490
2026-07-18T00:30:13.644Z,usb,1,848316260,41678,10669568,256,6000,33.490
2026-07-18T00:30:13.686Z,usb,1,848316260,41679,10669824,256,6000,33.490
2026-07-18T00:30:13.729Z,usb,1,848316260,41680,10670080,256,6000,33.490
2026-07-18T00:30:13.771Z,usb,1,848316260,41681,10670336,256,6000,33.490
2026-07-18T00:30:13.814Z,usb,1,848316260,41682,10670592,256,6000,33.490
2026-07-18T00:30:13.856Z,usb,1,848316260,41683,10670848,256,6000,33.490
2026-07-18T00:30:13.899Z,usb,1,848316260,41684,10671104,256,6000,33.490
2026-07-18T00:30:13.941Z,usb,1,848316260,41685,10671360,256,6000,33.490
2026-07-18T00:30:13.984Z,usb,1,848316260,41686,10671616,256,6000,33.490
2026-07-18T00:30:14.026Z,usb,1,848316260,41687,10671872,256,6000,33.490
2026-07-18T00:30:14.069Z,usb,1,848316260,41688,10672128,256,6000,33.490
2026-07-18T00:30:14.111Z,usb,1,848316260,41689,10672384,256,6000,33.490
2026-07-18T00:30:14.154Z,usb,1,848316260,41690,10672640,256,6000,33.490
2026-07-18T00:30:14.197Z,usb,1,848316260,41691,10672896,256,6000,33.490
2026-07-18T00:30:14.240Z,usb,1,848316260,41692,10673152,256,6000,33.490
2026-07-18T00:30:14.282Z,usb,1,848316260,41693,10673408,256,6000,33.490
2026-07-18T00:30:14.325Z,usb,1,848316260,41694,10673664,256,6000,33.490
2026-07-18T00:30:14.367Z,usb,1,848316260,41695,10673920,256,6000,33.490
2026-07-18T00:30:14.410Z,usb,1,848316260,41696,10674176,256,6000,33.490
2026-07-18T00:30:14.452Z,usb,1,848316260,41697,10674432,256,6000,33.490
2026-07-18T00:30:14.495Z,usb,1,848316260,41698,10674688,256,6000,33.490
2026-07-18T00:30:14.537Z,usb,1,848316260,41699,10674944,256,6000,33.490
2026-07-18T00:30:14.580Z,usb,1,848316260,41700,10675200,256,6000,33.490
2026-07-18T00:30:14.622Z,usb,1,848316260,41701,10675456,256,6000,33.490
2026-07-18T00:30:14.665Z,usb,1,848316260,41702,10675712,256,6000,33.490
2026-07-18T00:30:14.707Z,usb,1,848316260,41703,10675968,256,6000,33.490
2026-07-18T00:30:14.750Z,usb,1,848316260,41704,10676224,256,6000,33.490
2026-07-18T00:30:14.792Z,usb,1,848316260,41705,10676480,256,6000,33.490
2026-07-18T00:30:14.835Z,usb,1,848316260,41706,10676736,256,6000,33.490
2026-07-18T00:30:14.877Z,usb,1,848316260,41707,10676992,256,6000,33.490
2026-07-18T00:30:14.920Z,usb,1,848316260,41708,10677248,256,6000,33.490
2026-07-18T00:30:14.962Z,usb,1,848316260,41709,10677504,256,6000,33.490
2026-07-18T00:30:15.005Z,usb,1,848316260,41710,10677760,256,6000,33.490
2026-07-18T00:30:15.047Z,usb,1,848316260,41711,10678016,256,6000,33.490
2026-07-18T00:30:15.089Z,usb,1,848316260,41712,10678272,256,6000,33.490
2026-07-18T00:30:15.132Z,usb,1,848316260,41713,10678528,256,6000,33.490
2026-07-18T00:30:15.175Z,usb,1,848316260,41714,10678784,256,6000,33.490
2026-07-18T00:30:15.218Z,usb,1,848316260,41715,10679040,256,6000,33.500
2026-07-18T00:30:15.260Z,usb,1,848316260,41716,10679296,256,6000,33.500
2026-07-18T00:30:15.303Z,usb,1,848316260,41717,10679552,256,6000,33.500
2026-07-18T00:30:15.345Z,usb,1,848316260,41718,10679808,256,6000,33.500
2026-07-18T00:30:15.388Z,usb,1,848316260,41719,10680064,256,6000,33.500
2026-07-18T00:30:15.430Z,usb,1,848316260,41720,10680320,256,6000,33.500
2026-07-18T00:30:15.473Z,usb,1,848316260,41721,10680576,256,6000,33.500
2026-07-18T00:30:15.515Z,usb,1,848316260,41722,10680832,256,6000,33.500
2026-07-18T00:30:15.558Z,usb,1,848316260,41723,10681088,256,6000,33.500
2026-07-18T00:30:15.601Z,usb,1,848316260,41724,10681344,256,6000,33.500
2026-07-18T00:30:15.643Z,usb,1,848316260,41725,10681600,256,6000,33.500
2026-07-18T00:30:15.685Z,usb,1,848316260,41726,10681856,256,6000,33.500
2026-07-18T00:30:15.728Z,usb,1,848316260,41727,10682112,256,6000,33.500
2026-07-18T00:30:15.770Z,usb,1,848316260,41728,10682368,256,6000,33.500
2026-07-18T00:30:15.813Z,usb,1,848316260,41729,10682624,256,6000,33.500
2026-07-18T00:30:15.855Z,usb,1,848316260,41730,10682880,256,6000,33.500
2026-07-18T00:30:15.898Z,usb,1,848316260,41731,10683136,256,6000,33.500
2026-07-18T00:30:15.941Z,usb,1,848316260,41732,10683392,256,6000,33.500
2026-07-18T00:30:15.983Z,usb,1,848316260,41733,10683648,256,6000,33.500
2026-07-18T00:30:16.026Z,usb,1,848316260,41734,10683904,256,6000,33.500
2026-07-18T00:30:16.068Z,usb,1,848316260,41735,10684160,256,6000,33.500
2026-07-18T00:30:16.110Z,usb,1,848316260,41736,10684416,256,6000,33.500
2026-07-18T00:30:16.153Z,usb,1,848316260,41737,10684672,256,6000,33.500
2026-07-18T00:30:16.195Z,usb,1,848316260,41738,10684928,256,6000,33.500
2026-07-18T00:30:16.239Z,usb,1,848316260,41739,10685184,256,6000,33.490
2026-07-18T00:30:16.281Z,usb,1,848316260,41740,10685440,256,6000,33.490
2026-07-18T00:30:16.324Z,usb,1,848316260,41741,10685696,256,6000,33.490
2026-07-18T00:30:16.366Z,usb,1,848316260,41742,10685952,256,6000,33.490
2026-07-18T00:30:16.409Z,usb,1,848316260,41743,10686208,256,6000,33.490
2026-07-18T00:30:16.451Z,usb,1,848316260,41744,10686464,256,6000,33.490
2026-07-18T00:30:16.494Z,usb,1,848316260,41745,10686720,256,6000,33.490
2026-07-18T00:30:16.536Z,usb,1,848316260,41746,10686976,256,6000,33.490
2026-07-18T00:30:16.579Z,usb,1,848316260,41747,10687232,256,6000,33.490
2026-07-18T00:30:16.621Z,usb,1,848316260,41748,10687488,256,6000,33.490
2026-07-18T00:30:16.664Z,usb,1,848316260,41749,10687744,256,6000,33.490
2026-07-18T00:30:16.706Z,usb,1,848316260,41750,10688000,256,6000,33.490
2026-07-18T00:30:16.749Z,usb,1,848316260,41751,10688256,256,6000,33.490
2026-07-18T00:30:16.791Z,usb,1,848316260,41752,10688512,256,6000,33.490
2026-07-18T00:30:16.834Z,usb,1,848316260,41753,10688768,256,6000,33.490
2026-07-18T00:30:16.876Z,usb,1,848316260,41754,10689024,256,6000,33.490
2026-07-18T00:30:16.919Z,usb,1,848316260,41755,10689280,256,6000,33.490
2026-07-18T00:30:16.961Z,usb,1,848316260,41756,10689536,256,6000,33.490
2026-07-18T00:30:17.004Z,usb,1,848316260,41757,10689792,256,6000,33.490
2026-07-18T00:30:17.046Z,usb,1,848316260,41758,10690048,256,6000,33.490
2026-07-18T00:30:17.089Z,usb,1,848316260,41759,10690304,256,6000,33.490
2026-07-18T00:30:17.131Z,usb,1,848316260,41760,10690560,256,6000,33.490
2026-07-18T00:30:17.174Z,usb,1,848316260,41761,10690816,256,6000,33.490
2026-07-18T00:30:17.216Z,usb,1,848316260,41762,10691072,256,6000,33.490
2026-07-18T00:30:17.259Z,usb,1,848316260,41763,10691328,256,6000,33.500
2026-07-18T00:30:17.302Z,usb,1,848316260,41764,10691584,256,6000,33.500
2026-07-18T00:30:17.346Z,usb,1,848316260,41765,10691840,256,6000,33.500
2026-07-18T00:30:17.387Z,usb,1,848316260,41766,10692096,256,6000,33.500
2026-07-18T00:30:17.429Z,usb,1,848316260,41767,10692352,256,6000,33.500
2026-07-18T00:30:17.472Z,usb,1,848316260,41768,10692608,256,6000,33.500
2026-07-18T00:30:17.514Z,usb,1,848316260,41769,10692864,256,6000,33.500
2026-07-18T00:30:17.557Z,usb,1,848316260,41770,10693120,256,6000,33.500
2026-07-18T00:30:17.599Z,usb,1,848316260,41771,10693376,256,6000,33.500
2026-07-18T00:30:17.642Z,usb,1,848316260,41772,10693632,256,6000,33.500
2026-07-18T00:30:17.684Z,usb,1,848316260,41773,10693888,256,6000,33.500
2026-07-18T00:30:17.727Z,usb,1,848316260,41774,10694144,256,6000,33.500
2026-07-18T00:30:17.769Z,usb,1,848316260,41775,10694400,256,6000,33.500
2026-07-18T00:30:17.812Z,usb,1,848316260,41776,10694656,256,6000,33.500
2026-07-18T00:30:17.854Z,usb,1,848316260,41777,10694912,256,6000,33.500
2026-07-18T00:30:17.897Z,usb,1,848316260,41778,10695168,256,6000,33.500
2026-07-18T00:30:17.940Z,usb,1,848316260,41779,10695424,256,6000,33.500
2026-07-18T00:30:17.982Z,usb,1,848316260,41780,10695680,256,6000,33.500
2026-07-18T00:30:18.024Z,usb,1,848316260,41781,10695936,256,6000,33.500
2026-07-18T00:30:18.067Z,usb,1,848316260,41782,10696192,256,6000,33.500
2026-07-18T00:30:18.109Z,usb,1,848316260,41783,10696448,256,6000,33.500
2026-07-18T00:30:18.152Z,usb,1,848316260,41784,10696704,256,6000,33.500
2026-07-18T00:30:18.194Z,usb,1,848316260,41785,10696960,256,6000,33.500
2026-07-18T00:30:18.237Z,usb,1,848316260,41786,10697216,256,6000,33.500
2026-07-18T00:30:18.280Z,usb,1,848316260,41787,10697472,256,6000,33.490
2026-07-18T00:30:18.323Z,usb,1,848316260,41788,10697728,256,6000,33.490
2026-07-18T00:30:18.365Z,usb,1,848316260,41789,10697984,256,6000,33.490
2026-07-18T00:30:18.408Z,usb,1,848316260,41790,10698240,256,6000,33.490
2026-07-18T00:30:18.450Z,usb,1,848316260,41791,10698496,256,6000,33.490
2026-07-18T00:30:18.493Z,usb,1,848316260,41792,10698752,256,6000,33.490
2026-07-18T00:30:18.535Z,usb,1,848316260,41793,10699008,256,6000,33.490
2026-07-18T00:30:18.578Z,usb,1,848316260,41794,10699264,256,6000,33.490
2026-07-18T00:30:18.620Z,usb,1,848316260,41795,10699520,256,6000,33.490
2026-07-18T00:30:18.663Z,usb,1,848316260,41796,10699776,256,6000,33.490
2026-07-18T00:30:18.705Z,usb,1,848316260,41797,10700032,256,6000,33.490
2026-07-18T00:30:18.748Z,usb,1,848316260,41798,10700288,256,6000,33.490
2026-07-18T00:30:18.790Z,usb,1,848316260,41799,10700544,256,6000,33.490
2026-07-18T00:30:18.833Z,usb,1,848316260,41800,10700800,256,6000,33.490
2026-07-18T00:30:18.875Z,usb,1,848316260,41801,10701056,256,6000,33.490
2026-07-18T00:30:18.918Z,usb,1,848316260,41802,10701312,256,6000,33.490
2026-07-18T00:30:18.960Z,usb,1,848316260,41803,10701568,256,6000,33.490
2026-07-18T00:30:19.003Z,usb,1,848316260,41804,10701824,256,6000,33.490
2026-07-18T00:30:19.045Z,usb,1,848316260,41805,10702080,256,6000,33.490
2026-07-18T00:30:19.088Z,usb,1,848316260,41806,10702336,256,6000,33.490
2026-07-18T00:30:19.130Z,usb,1,848316260,41807,10702592,256,6000,33.490
2026-07-18T00:30:19.173Z,usb,1,848316260,41808,10702848,256,6000,33.490
2026-07-18T00:30:19.215Z,usb,1,848316260,41809,10703104,256,6000,33.490
2026-07-18T00:30:19.258Z,usb,1,848316260,41810,10703360,256,6000,33.490
2026-07-18T00:30:19.301Z,usb,1,848316260,41811,10703616,256,6000,33.490
2026-07-18T00:30:19.343Z,usb,1,848316260,41812,10703872,256,6000,33.490
2026-07-18T00:30:19.386Z,usb,1,848316260,41813,10704128,256,6000,33.490
2026-07-18T00:30:19.429Z,usb,1,848316260,41814,10704384,256,6000,33.490
2026-07-18T00:30:19.471Z,usb,1,848316260,41815,10704640,256,6000,33.490
2026-07-18T00:30:19.513Z,usb,1,848316260,41816,10704896,256,6000,33.490
2026-07-18T00:30:19.556Z,usb,1,848316260,41817,10705152,256,6000,33.490
2026-07-18T00:30:19.598Z,usb,1,848316260,41818,10705408,256,6000,33.490
2026-07-18T00:30:19.641Z,usb,1,848316260,41819,10705664,256,6000,33.490
2026-07-18T00:30:19.683Z,usb,1,848316260,41820,10705920,256,6000,33.490
2026-07-18T00:30:19.726Z,usb,1,848316260,41821,10706176,256,6000,33.490
2026-07-18T00:30:19.768Z,usb,1,848316260,41822,10706432,256,6000,33.490
2026-07-18T00:30:19.811Z,usb,1,848316260,41823,10706688,256,6000,33.490
2026-07-18T00:30:19.853Z,usb,1,848316260,41824,10706944,256,6000,33.490
2026-07-18T00:30:19.896Z,usb,1,848316260,41825,10707200,256,6000,33.490
2026-07-18T00:30:19.938Z,usb,1,848316260,41826,10707456,256,6000,33.490
2026-07-18T00:30:19.981Z,usb,1,848316260,41827,10707712,256,6000,33.490
2026-07-18T00:30:20.023Z,usb,1,848316260,41828,10707968,256,6000,33.490
2026-07-18T00:30:20.066Z,usb,1,848316260,41829,10708224,256,6000,33.490
2026-07-18T00:30:20.108Z,usb,1,848316260,41830,10708480,256,6000,33.490
2026-07-18T00:30:20.151Z,usb,1,848316260,41831,10708736,256,6000,33.490
2026-07-18T00:30:20.193Z,usb,1,848316260,41832,10708992,256,6000,33.490
2026-07-18T00:30:20.236Z,usb,1,848316260,41833,10709248,256,6000,33.490
2026-07-18T00:30:20.278Z,usb,1,848316260,41834,10709504,256,6000,33.490
2026-07-18T00:30:20.322Z,usb,1,848316260,41835,10709760,256,6000,33.490
2026-07-18T00:30:20.364Z,usb,1,848316260,41836,10710016,256,6000,33.490
2026-07-18T00:30:20.407Z,usb,1,848316260,41837,10710272,256,6000,33.490
2026-07-18T00:30:20.449Z,usb,1,848316260,41838,10710528,256,6000,33.490
2026-07-18T00:30:20.492Z,usb,1,848316260,41839,10710784,256,6000,33.490
2026-07-18T00:30:20.534Z,usb,1,848316260,41840,10711040,256,6000,33.490
2026-07-18T00:30:20.577Z,usb,1,848316260,41841,10711296,256,6000,33.490
2026-07-18T00:30:20.619Z,usb,1,848316260,41842,10711552,256,6000,33.490
2026-07-18T00:30:20.662Z,usb,1,848316260,41843,10711808,256,6000,33.490
2026-07-18T00:30:20.704Z,usb,1,848316260,41844,10712064,256,6000,33.490
2026-07-18T00:30:20.747Z,usb,1,848316260,41845,10712320,256,6000,33.490
2026-07-18T00:30:20.789Z,usb,1,848316260,41846,10712576,256,6000,33.490
2026-07-18T00:30:20.832Z,usb,1,848316260,41847,10712832,256,6000,33.490
2026-07-18T00:30:20.874Z,usb,1,848316260,41848,10713088,256,6000,33.490
2026-07-18T00:30:20.917Z,usb,1,848316260,41849,10713344,256,6000,33.490
2026-07-18T00:30:20.959Z,usb,1,848316260,41850,10713600,256,6000,33.490
2026-07-18T00:30:21.002Z,usb,1,848316260,41851,10713856,256,6000,33.490
2026-07-18T00:30:21.044Z,usb,1,848316260,41852,10714112,256,6000,33.490
2026-07-18T00:30:21.087Z,usb,1,848316260,41853,10714368,256,6000,33.490
2026-07-18T00:30:21.129Z,usb,1,848316260,41854,10714624,256,6000,33.490
2026-07-18T00:30:21.172Z,usb,1,848316260,41855,10714880,256,6000,33.490
2026-07-18T00:30:21.214Z,usb,1,848316260,41856,10715136,256,6000,33.490
