received_at_utc,source_ip,node_id,boot_id,sequence,first_sample_index,sample_count,sample_rate_hz,temperature_c
2026-07-18T00:14:00.527Z,usb,1,848316260,18798,4812288,256,6000,33.450
2026-07-18T00:14:00.569Z,usb,1,848316260,18799,4812544,256,6000,33.450
2026-07-18T00:14:00.612Z,usb,1,848316260,18800,4812800,256,6000,33.450
2026-07-18T00:14:00.654Z,usb,1,848316260,18801,4813056,256,6000,33.450
2026-07-18T00:14:00.697Z,usb,1,848316260,18802,4813312,256,6000,33.450
2026-07-18T00:14:00.740Z,usb,1,848316260,18803,4813568,256,6000,33.450
2026-07-18T00:14:00.782Z,usb,1,848316260,18804,4813824,256,6000,33.450
2026-07-18T00:14:00.824Z,usb,1,848316260,18805,4814080,256,6000,33.450
2026-07-18T00:14:00.867Z,usb,1,848316260,18806,4814336,256,6000,33.450
2026-07-18T00:14:00.909Z,usb,1,848316260,18807,4814592,256,6000,33.450
2026-07-18T00:14:00.952Z,usb,1,848316260,18808,4814848,256,6000,33.450
2026-07-18T00:14:00.994Z,usb,1,848316260,18809,4815104,256,6000,33.450
2026-07-18T00:14:01.037Z,usb,1,848316260,18810,4815360,256,6000,33.450
2026-07-18T00:14:01.079Z,usb,1,848316260,18811,4815616,256,6000,33.450
2026-07-18T00:14:01.122Z,usb,1,848316260,18812,4815872,256,6000,33.450
2026-07-18T00:14:01.165Z,usb,1,848316260,18813,4816128,256,6000,33.450
2026-07-18T00:14:01.207Z,usb,1,848316260,18814,4816384,256,6000,33.450
2026-07-18T00:14:01.249Z,usb,1,848316260,18815,4816640,256,6000,33.450
2026-07-18T00:14:01.292Z,usb,1,848316260,18816,4816896,256,6000,33.450
2026-07-18T00:14:01.335Z,usb,1,848316260,18817,4817152,256,6000,33.450
2026-07-18T00:14:01.377Z,usb,1,848316260,18818,4817408,256,6000,33.450
2026-07-18T00:14:01.420Z,usb,1,848316260,18819,4817664,256,6000,33.450
2026-07-18T00:14:01.463Z,usb,1,848316260,18820,4817920,256,6000,33.450
2026-07-18T00:14:01.505Z,usb,1,848316260,18821,4818176,256,6000,33.450
2026-07-18T00:14:01.548Z,usb,1,848316260,18822,4818432,256,6000,33.450
2026-07-18T00:14:01.590Z,usb,1,848316260,18823,4818688,256,6000,33.450
2026-07-18T00:14:01.633Z,usb,1,848316260,18824,4818944,256,6000,33.450
2026-07-18T00:14:01.675Z,usb,1,848316260,18825,4819200,256,6000,33.450
2026-07-18T00:14:01.718Z,usb,1,848316260,18826,4819456,256,6000,33.450
2026-07-18T00:14:01.760Z,usb,1,848316260,18827,4819712,256,6000,33.450
2026-07-18T00:14:01.803Z,usb,1,848316260,18828,4819968,256,6000,33.450
2026-07-18T00:14:01.845Z,usb,1,848316260,18829,4820224,256,6000,33.450
2026-07-18T00:14:01.888Z,usb,1,848316260,18830,4820480,256,6000,33.450
2026-07-18T00:14:01.930Z,usb,1,848316260,18831,4820736,256,6000,33.450
2026-07-18T00:14:01.973Z,usb,1,848316260,18832,4820992,256,6000,33.450
2026-07-18T00:14:02.015Z,usb,1,848316260,18833,4821248,256,6000,33.450
2026-07-18T00:14:02.058Z,usb,1,848316260,18834,4821504,256,6000,33.450
2026-07-18T00:14:02.100Z,usb,1,848316260,18835,4821760,256,6000,33.450
2026-07-18T00:14:02.143Z,usb,1,848316260,18836,4822016,256,6000,33.450
2026-07-18T00:14:02.185Z,usb,1,848316260,18837,4822272,256,6000,33.450
2026-07-18T00:14:02.228Z,usb,1,848316260,18838,4822528,256,6000,33.450
2026-07-18T00:14:02.270Z,usb,1,848316260,18839,4822784,256,6000,33.450
2026-07-18T00:14:02.313Z,usb,1,848316260,18840,4823040,256,6000,33.450
2026-07-18T00:14:02.355Z,usb,1,848316260,18841,4823296,256,6000,33.450
2026-07-18T00:14:02.398Z,usb,1,848316260,18842,4823552,256,6000,33.450
2026-07-18T00:14:02.441Z,usb,1,848316260,18843,4823808,256,6000,33.460
2026-07-18T00:14:02.483Z,usb,1,848316260,18844,4824064,256,6000,33.460
2026-07-18T00:14:02.526Z,usb,1,848316260,18845,4824320,256,6000,33.460
2026-07-18T00:14:02.569Z,usb,1,848316260,18846,4824576,256,6000,33.460
2026-07-18T00:14:02.611Z,usb,1,848316260,18847,4824832,256,6000,33.460
2026-07-18T00:14:02.653Z,usb,1,848316260,18848,4825088,256,6000,33.460
2026-07-18T00:14:02.696Z,usb,1,848316260,18849,4825344,256,6000,33.460
2026-07-18T00:14:02.739Z,usb,1,848316260,18850,4825600,256,6000,33.460
2026-07-18T00:14:02.781Z,usb,1,848316260,18851,4825856,256,6000,33.460
2026-07-18T00:14:02.823Z,usb,1,848316260,18852,4826112,256,6000,33.460
2026-07-18T00:14:02.866Z,usb,1,848316260,18853,4826368,256,6000,33.460
2026-07-18T00:14:02.909Z,usb,1,848316260,18854,4826624,256,6000,33.460
2026-07-18T00:14:02.951Z,usb,1,848316260,18855,4826880,256,6000,33.460
2026-07-18T00:14:02.994Z,usb,1,848316260,18856,4827136,256,6000,33.460
2026-07-18T00:14:03.036Z,usb,1,848316260,18857,4827392,256,6000,33.460
2026-07-18T00:14:03.079Z,usb,1,848316260,18858,4827648,256,6000,33.460
2026-07-18T00:14:03.121Z,usb,1,848316260,18859,4827904,256,6000,33.460
2026-07-18T00:14:03.164Z,usb,1,848316260,18860,4828160,256,6000,33.460
2026-07-18T00:14:03.206Z,usb,1,848316260,18861,4828416,256,6000,33.460
2026-07-18T00:14:03.249Z,usb,1,848316260,18862,4828672,256,6000,33.460
2026-07-18T00:14:03.291Z,usb,1,848316260,18863,4828928,256,6000,33.460
2026-07-18T00:14:03.334Z,usb,1,848316260,18864,4829184,256,6000,33.460
2026-07-18T00:14:03.376Z,usb,1,848316260,18865,4829440,256,6000,33.460
2026-07-18T00:14:03.418Z,usb,1,848316260,18866,4829696,256,6000,33.460
2026-07-18T00:14:03.462Z,usb,1,848316260,18867,4829952,256,6000,33.460
2026-07-18T00:14:03.504Z,usb,1,848316260,18868,4830208,256,6000,33.460
2026-07-18T00:14:03.547Z,usb,1,848316260,18869,4830464,256,6000,33.460
2026-07-18T00:14:03.589Z,usb,1,848316260,18870,4830720,256,6000,33.460
2026-07-18T00:14:03.632Z,usb,1,848316260,18871,4830976,256,6000,33.460
2026-07-18T00:14:03.674Z,usb,1,848316260,18872,4831232,256,6000,33.460
2026-07-18T00:14:03.717Z,usb,1,848316260,18873,4831488,256,6000,33.460
2026-07-18T00:14:03.759Z,usb,1,848316260,18874,4831744,256,6000,33.460
2026-07-18T00:14:03.802Z,usb,1,848316260,18875,4832000,256,6000,33.460
2026-07-18T00:14:03.844Z,usb,1,848316260,18876,4832256,256,6000,33.460
2026-07-18T00:14:03.887Z,usb,1,848316260,18877,4832512,256,6000,33.460
2026-07-18T00:14:03.929Z,usb,1,848316260,18878,4832768,256,6000,33.460
2026-07-18T00:14:03.972Z,usb,1,848316260,18879,4833024,256,6000,33.460
2026-07-18T00:14:04.014Z,usb,1,848316260,18880,4833280,256,6000,33.460
2026-07-18T00:14:04.057Z,usb,1,848316260,18881,4833536,256,6000,33.460
2026-07-18T00:14:04.099Z,usb,1,848316260,18882,4833792,256,6000,33.460
2026-07-18T00:14:04.142Z,usb,1,848316260,18883,4834048,256,6000,33.460
2026-07-18T00:14:04.184Z,usb,1,848316260,18884,4834304,256,6000,33.460
2026-07-18T00:14:04.227Z,usb,1,848316260,18885,4834560,256,6000,33.460
2026-07-18T00:14:04.269Z,usb,1,848316260,18886,4834816,256,6000,33.460
2026-07-18T00:14:04.312Z,usb,1,848316260,18887,4835072,256,6000,33.460
2026-07-18T00:14:04.354Z,usb,1,848316260,18888,4835328,256,6000,33.460
2026-07-18T00:14:04.397Z,usb,1,848316260,18889,4835584,256,6000,33.460
2026-07-18T00:14:04.439Z,usb,1,848316260,18890,4835840,256,6000,33.460
2026-07-18T00:14:04.482Z,usb,1,848316260,18891,4836096,256,6000,33.460
2026-07-18T00:14:04.525Z,usb,1,848316260,18892,4836352,256,6000,33.460
2026-07-18T00:14:04.568Z,usb,1,848316260,18893,4836608,256,6000,33.460
2026-07-18T00:14:04.610Z,usb,1,848316260,18894,4836864,256,6000,33.460
2026-07-18T00:14:04.652Z,usb,1,848316260,18895,4837120,256,6000,33.460
2026-07-18T00:14:04.695Z,usb,1,848316260,18896,4837376,256,6000,33.460
2026-07-18T00:14:04.737Z,usb,1,848316260,18897,4837632,256,6000,33.460
2026-07-18T00:14:04.780Z,usb,1,848316260,18898,4837888,256,6000,33.460
2026-07-18T00:14:04.823Z,usb,1,848316260,18899,4838144,256,6000,33.460
2026-07-18T00:14:04.865Z,usb,1,848316260,18900,4838400,256,6000,33.460
2026-07-18T00:14:04.907Z,usb,1,848316260,18901,4838656,256,6000,33.460
2026-07-18T00:14:04.950Z,usb,1,848316260,18902,4838912,256,6000,33.460
2026-07-18T00:14:04.992Z,usb,1,848316260,18903,4839168,256,6000,33.460
2026-07-18T00:14:05.035Z,usb,1,848316260,18904,4839424,256,6000,33.460
2026-07-18T00:14:05.077Z,usb,1,848316260,18905,4839680,256,6000,33.460
2026-07-18T00:14:05.120Z,usb,1,848316260,18906,4839936,256,6000,33.460
2026-07-18T00:14:05.163Z,usb,1,848316260,18907,4840192,256,6000,33.460
2026-07-18T00:14:05.205Z,usb,1,848316260,18908,4840448,256,6000,33.460
2026-07-18T00:14:05.248Z,usb,1,848316260,18909,4840704,256,6000,33.460
2026-07-18T00:14:05.290Z,usb,1,848316260,18910,4840960,256,6000,33.460
2026-07-18T00:14:05.333Z,usb,1,848316260,18911,4841216,256,6000,33.460
2026-07-18T00:14:05.375Z,usb,1,848316260,18912,4841472,256,6000,33.460
2026-07-18T00:14:05.418Z,usb,1,848316260,18913,4841728,256,6000,33.460
2026-07-18T00:14:05.460Z,usb,1,848316260,18914,4841984,256,6000,33.460
2026-07-18T00:14:05.503Z,usb,1,848316260,18915,4842240,256,6000,33.460
2026-07-18T00:14:05.546Z,usb,1,848316260,18916,4842496,256,6000,33.460
2026-07-18T00:14:05.588Z,usb,1,848316260,18917,4842752,256,6000,33.460
2026-07-18T00:14:05.631Z,usb,1,848316260,18918,4843008,256,6000,33.460
2026-07-18T00:14:05.673Z,usb,1,848316260,18919,4843264,256,6000,33.460
2026-07-18T00:14:05.716Z,usb,1,848316260,18920,4843520,256,6000,33.460
2026-07-18T00:14:05.758Z,usb,1,848316260,18921,4843776,256,6000,33.460
2026-07-18T00:14:05.801Z,usb,1,848316260,18922,4844032,256,6000,33.460
2026-07-18T00:14:05.843Z,usb,1,848316260,18923,4844288,256,6000,33.460
2026-07-18T00:14:05.886Z,usb,1,848316260,18924,4844544,256,6000,33.460
2026-07-18T00:14:05.928Z,usb,1,848316260,18925,4844800,256,6000,33.460
2026-07-18T00:14:05.971Z,usb,1,848316260,18926,4845056,256,6000,33.460
2026-07-18T00:14:06.013Z,usb,1,848316260,18927,4845312,256,6000,33.460
2026-07-18T00:14:06.056Z,usb,1,848316260,18928,4845568,256,6000,33.460
2026-07-18T00:14:06.098Z,usb,1,848316260,18929,4845824,256,6000,33.460
2026-07-18T00:14:06.141Z,usb,1,848316260,18930,4846080,256,6000,33.460
2026-07-18T00:14:06.183Z,usb,1,848316260,18931,4846336,256,6000,33.460
2026-07-18T00:14:06.226Z,usb,1,848316260,18932,4846592,256,6000,33.460
2026-07-18T00:14:06.268Z,usb,1,848316260,18933,4846848,256,6000,33.460
2026-07-18T00:14:06.311Z,usb,1,848316260,18934,4847104,256,6000,33.460
2026-07-18T00:14:06.353Z,usb,1,848316260,18935,4847360,256,6000,33.460
2026-07-18T00:14:06.396Z,usb,1,848316260,18936,4847616,256,6000,33.460
2026-07-18T00:14:06.438Z,usb,1,848316260,18937,4847872,256,6000,33.460
2026-07-18T00:14:06.481Z,usb,1,848316260,18938,4848128,256,6000,33.460
2026-07-18T00:14:06.524Z,usb,1,848316260,18939,4848384,256,6000,33.460
2026-07-18T00:14:06.566Z,usb,1,848316260,18940,4848640,256,6000,33.460
2026-07-18T00:14:06.609Z,usb,1,848316260,18941,4848896,256,6000,33.460
2026-07-18T00:14:06.651Z,usb,1,848316260,18942,4849152,256,6000,33.460
2026-07-18T00:14:06.694Z,usb,1,848316260,18943,4849408,256,6000,33.460
2026-07-18T00:14:06.736Z,usb,1,848316260,18944,4849664,256,6000,33.460
2026-07-18T00:14:06.779Z,usb,1,848316260,18945,4849920,256,6000,33.460
2026-07-18T00:14:06.821Z,usb,1,848316260,18946,4850176,256,6000,33.460
2026-07-18T00:14:06.864Z,usb,1,848316260,18947,4850432,256,6000,33.460
2026-07-18T00:14:06.907Z,usb,1,848316260,18948,4850688,256,6000,33.460
2026-07-18T00:14:06.949Z,usb,1,848316260,18949,4850944,256,6000,33.460
2026-07-18T00:14:06.991Z,usb,1,848316260,18950,4851200,256,6000,33.460
2026-07-18T00:14:07.034Z,usb,1,848316260,18951,4851456,256,6000,33.460
2026-07-18T00:14:07.076Z,usb,1,848316260,18952,4851712,256,6000,33.460
2026-07-18T00:14:07.119Z,usb,1,848316260,18953,4851968,256,6000,33.460
2026-07-18T00:14:07.161Z,usb,1,848316260,18954,4852224,256,6000,33.460
2026-07-18T00:14:07.204Z,usb,1,848316260,18955,4852480,256,6000,33.460
2026-07-18T00:14:07.247Z,usb,1,848316260,18956,4852736,256,6000,33.460
2026-07-18T00:14:07.289Z,usb,1,848316260,18957,4852992,256,6000,33.460
2026-07-18T00:14:07.331Z,usb,1,848316260,18958,4853248,256,6000,33.460
2026-07-18T00:14:07.374Z,usb,1,848316260,18959,4853504,256,6000,33.460
2026-07-18T00:14:07.416Z,usb,1,848316260,18960,4853760,256,6000,33.460
2026-07-18T00:14:07.459Z,usb,1,848316260,18961,4854016,256,6000,33.460
2026-07-18T00:14:07.501Z,usb,1,848316260,18962,4854272,256,6000,33.460
2026-07-18T00:14:07.545Z,usb,1,848316260,18963,4854528,256,6000,33.450
2026-07-18T00:14:07.587Z,usb,1,848316260,18964,4854784,256,6000,33.450
2026-07-18T00:14:07.630Z,usb,1,848316260,18965,4855040,256,6000,33.450
2026-07-18T00:14:07.672Z,usb,1,848316260,18966,4855296,256,6000,33.450
2026-07-18T00:14:07.715Z,usb,1,848316260,18967,4855552,256,6000,33.450
2026-07-18T00:14:07.757Z,usb,1,848316260,18968,4855808,256,6000,33.450
2026-07-18T00:14:07.800Z,usb,1,848316260,18969,4856064,256,6000,33.450
2026-07-18T00:14:07.842Z,usb,1,848316260,18970,4856320,256,6000,33.450
2026-07-18T00:14:07.885Z,usb,1,848316260,18971,4856576,256,6000,33.450
2026-07-18T00:14:07.927Z,usb,1,848316260,18972,4856832,256,6000,33.450
2026-07-18T00:14:07.970Z,usb,1,848316260,18973,4857088,256,6000,33.450
2026-07-18T00:14:08.012Z,usb,1,848316260,18974,4857344,256,6000,33.450
2026-07-18T00:14:08.055Z,usb,1,848316260,18975,4857600,256,6000,33.450
2026-07-18T00:14:08.097Z,usb,1,848316260,18976,4857856,256,6000,33.450
2026-07-18T00:14:08.140Z,usb,1,848316260,18977,4858112,256,6000,33.450
2026-07-18T00:14:08.182Z,usb,1,848316260,18978,4858368,256,6000,33.450
2026-07-18T00:14:08.225Z,usb,1,848316260,18979,4858624,256,6000,33.450
2026-07-18T00:14:08.267Z,usb,1,848316260,18980,4858880,256,6000,33.450
2026-07-18T00:14:08.310Z,usb,1,848316260,18981,4859136,256,6000,33.450
2026-07-18T00:14:08.352Z,usb,1,848316260,18982,4859392,256,6000,33.450
2026-07-18T00:14:08.395Z,usb,1,848316260,18983,4859648,256,6000,33.450
2026-07-18T00:14:08.437Z,usb,1,848316260,18984,4859904,256,6000,33.450
2026-07-18T00:14:08.480Z,usb,1,848316260,18985,4860160,256,6000,33.450
2026-07-18T00:14:08.522Z,usb,1,848316260,18986,4860416,256,6000,33.450
2026-07-18T00:14:08.565Z,usb,1,848316260,18987,4860672,256,6000,33.450
2026-07-18T00:14:08.608Z,usb,1,848316260,18988,4860928,256,6000,33.450
2026-07-18T00:14:08.650Z,usb,1,848316260,18989,4861184,256,6000,33.450
2026-07-18T00:14:08.693Z,usb,1,848316260,18990,4861440,256,6000,33.450
2026-07-18T00:14:08.736Z,usb,1,848316260,18991,4861696,256,6000,33.450
2026-07-18T00:14:08.778Z,usb,1,848316260,18992,4861952,256,6000,33.450
2026-07-18T00:14:08.821Z,usb,1,848316260,18993,4862208,256,6000,33.450
2026-07-18T00:14:08.863Z,usb,1,848316260,18994,4862464,256,6000,33.450
2026-07-18T00:14:08.905Z,usb,1,848316260,18995,4862720,256,6000,33.450
2026-07-18T00:14:08.948Z,usb,1,848316260,18996,4862976,256,6000,33.450
2026-07-18T00:14:08.991Z,usb,1,848316260,18997,4863232,256,6000,33.450
2026-07-18T00:14:09.033Z,usb,1,848316260,18998,4863488,256,6000,33.450
2026-07-18T00:14:09.076Z,usb,1,848316260,18999,4863744,256,6000,33.450
2026-07-18T00:14:09.118Z,usb,1,848316260,19000,4864000,256,6000,33.450
2026-07-18T00:14:09.161Z,usb,1,848316260,19001,4864256,256,6000,33.450
2026-07-18T00:14:09.203Z,usb,1,848316260,19002,4864512,256,6000,33.450
2026-07-18T00:14:09.245Z,usb,1,848316260,19003,4864768,256,6000,33.450
2026-07-18T00:14:09.288Z,usb,1,848316260,19004,4865024,256,6000,33.450
2026-07-18T00:14:09.331Z,usb,1,848316260,19005,4865280,256,6000,33.450
2026-07-18T00:14:09.373Z,usb,1,848316260,19006,4865536,256,6000,33.450
2026-07-18T00:14:09.415Z,usb,1,848316260,19007,4865792,256,6000,33.450
2026-07-18T00:14:09.458Z,usb,1,848316260,19008,4866048,256,6000,33.450
2026-07-18T00:14:09.501Z,usb,1,848316260,19009,4866304,256,6000,33.450
2026-07-18T00:14:09.543Z,usb,1,848316260,19010,4866560,256,6000,33.450
2026-07-18T00:14:09.586Z,usb,1,848316260,19011,4866816,256,6000,33.450
2026-07-18T00:14:09.629Z,usb,1,848316260,19012,4867072,256,6000,33.450
2026-07-18T00:14:09.671Z,usb,1,848316260,19013,4867328,256,6000,33.450
2026-07-18T00:14:09.714Z,usb,1,848316260,19014,4867584,256,6000,33.450
2026-07-18T00:14:09.756Z,usb,1,848316260,19015,4867840,256,6000,33.450
2026-07-18T00:14:09.799Z,usb,1,848316260,19016,4868096,256,6000,33.450
2026-07-18T00:14:09.841Z,usb,1,848316260,19017,4868352,256,6000,33.450
2026-07-18T00:14:09.884Z,usb,1,848316260,19018,4868608,256,6000,33.450
2026-07-18T00:14:09.926Z,usb,1,848316260,19019,4868864,256,6000,33.450
2026-07-18T00:14:09.969Z,usb,1,848316260,19020,4869120,256,6000,33.450
2026-07-18T00:14:10.011Z,usb,1,848316260,19021,4869376,256,6000,33.450
2026-07-18T00:14:10.054Z,usb,1,848316260,19022,4869632,256,6000,33.450
2026-07-18T00:14:10.096Z,usb,1,848316260,19023,4869888,256,6000,33.450
2026-07-18T00:14:10.139Z,usb,1,848316260,19024,4870144,256,6000,33.450
2026-07-18T00:14:10.181Z,usb,1,848316260,19025,4870400,256,6000,33.450
2026-07-18T00:14:10.224Z,usb,1,848316260,19026,4870656,256,6000,33.450
2026-07-18T00:14:10.266Z,usb,1,848316260,19027,4870912,256,6000,33.450
2026-07-18T00:14:10.309Z,usb,1,848316260,19028,4871168,256,6000,33.450
2026-07-18T00:14:10.351Z,usb,1,848316260,19029,4871424,256,6000,33.450
2026-07-18T00:14:10.394Z,usb,1,848316260,19030,4871680,256,6000,33.450
2026-07-18T00:14:10.436Z,usb,1,848316260,19031,4871936,256,6000,33.450
2026-07-18T00:14:10.479Z,usb,1,848316260,19032,4872192,256,6000,33.450
2026-07-18T00:14:10.521Z,usb,1,848316260,19033,4872448,256,6000,33.450
2026-07-18T00:14:10.564Z,usb,1,848316260,19034,4872704,256,6000,33.450
2026-07-18T00:14:10.607Z,usb,1,848316260,19035,4872960,256,6000,33.450
2026-07-18T00:14:10.649Z,usb,1,848316260,19036,4873216,256,6000,33.450
2026-07-18T00:14:10.692Z,usb,1,848316260,19037,4873472,256,6000,33.450
2026-07-18T00:14:10.734Z,usb,1,848316260,19038,4873728,256,6000,33.450
2026-07-18T00:14:10.777Z,usb,1,848316260,19039,4873984,256,6000,33.450
2026-07-18T00:14:10.820Z,usb,1,848316260,19040,4874240,256,6000,33.450
2026-07-18T00:14:10.862Z,usb,1,848316260,19041,4874496,256,6000,33.450
2026-07-18T00:14:10.904Z,usb,1,848316260,19042,4874752,256,6000,33.450
2026-07-18T00:14:10.947Z,usb,1,848316260,19043,4875008,256,6000,33.450
2026-07-18T00:14:10.989Z,usb,1,848316260,19044,4875264,256,6000,33.450
2026-07-18T00:14:11.032Z,usb,1,848316260,19045,4875520,256,6000,33.450
2026-07-18T00:14:11.074Z,usb,1,848316260,19046,4875776,256,6000,33.450
2026-07-18T00:14:11.117Z,usb,1,848316260,19047,4876032,256,6000,33.450
2026-07-18T00:14:11.159Z,usb,1,848316260,19048,4876288,256,6000,33.450
2026-07-18T00:14:11.202Z,usb,1,848316260,19049,4876544,256,6000,33.450
2026-07-18T00:14:11.245Z,usb,1,848316260,19050,4876800,256,6000,33.450
2026-07-18T00:14:11.287Z,usb,1,848316260,19051,4877056,256,6000,33.450
2026-07-18T00:14:11.330Z,usb,1,848316260,19052,4877312,256,6000,33.450
2026-07-18T00:14:11.372Z,usb,1,848316260,19053,4877568,256,6000,33.450
2026-07-18T00:14:11.414Z,usb,1,848316260,19054,4877824,256,6000,33.450
2026-07-18T00:14:11.457Z,usb,1,848316260,19055,4878080,256,6000,33.450
2026-07-18T00:14:11.499Z,usb,1,848316260,19056,4878336,256,6000,33.450
2026-07-18T00:14:11.542Z,usb,1,848316260,19057,4878592,256,6000,33.450
2026-07-18T00:14:11.585Z,usb,1,848316260,19058,4878848,256,6000,33.450
2026-07-18T00:14:11.628Z,usb,1,848316260,19059,4879104,256,6000,33.460
2026-07-18T00:14:11.670Z,usb,1,848316260,19060,4879360,256,6000,33.460
2026-07-18T00:14:11.713Z,usb,1,848316260,19061,4879616,256,6000,33.460
2026-07-18T00:14:11.755Z,usb,1,848316260,19062,4879872,256,6000,33.460
2026-07-18T00:14:11.798Z,usb,1,848316260,19063,4880128,256,6000,33.460
2026-07-18T00:14:11.840Z,usb,1,848316260,19064,4880384,256,6000,33.460
2026-07-18T00:14:11.883Z,usb,1,848316260,19065,4880640,256,6000,33.460
2026-07-18T00:14:11.925Z,usb,1,848316260,19066,4880896,256,6000,33.460
2026-07-18T00:14:11.968Z,usb,1,848316260,19067,4881152,256,6000,33.460
2026-07-18T00:14:12.010Z,usb,1,848316260,19068,4881408,256,6000,33.460
2026-07-18T00:14:12.053Z,usb,1,848316260,19069,4881664,256,6000,33.460
2026-07-18T00:14:12.095Z,usb,1,848316260,19070,4881920,256,6000,33.460
2026-07-18T00:14:12.138Z,usb,1,848316260,19071,4882176,256,6000,33.460
2026-07-18T00:14:12.180Z,usb,1,848316260,19072,4882432,256,6000,33.460
2026-07-18T00:14:12.223Z,usb,1,848316260,19073,4882688,256,6000,33.460
2026-07-18T00:14:12.265Z,usb,1,848316260,19074,4882944,256,6000,33.460
2026-07-18T00:14:12.308Z,usb,1,848316260,19075,4883200,256,6000,33.460
2026-07-18T00:14:12.350Z,usb,1,848316260,19076,4883456,256,6000,33.460
2026-07-18T00:14:12.393Z,usb,1,848316260,19077,4883712,256,6000,33.460
2026-07-18T00:14:12.435Z,usb,1,848316260,19078,4883968,256,6000,33.460
2026-07-18T00:14:12.478Z,usb,1,848316260,19079,4884224,256,6000,33.460
2026-07-18T00:14:12.520Z,usb,1,848316260,19080,4884480,256,6000,33.460
2026-07-18T00:14:12.563Z,usb,1,848316260,19081,4884736,256,6000,33.460
2026-07-18T00:14:12.605Z,usb,1,848316260,19082,4884992,256,6000,33.460
2026-07-18T00:14:12.648Z,usb,1,848316260,19083,4885248,256,6000,33.450
2026-07-18T00:14:12.691Z,usb,1,848316260,19084,4885504,256,6000,33.450
2026-07-18T00:14:12.733Z,usb,1,848316260,19085,4885760,256,6000,33.450
2026-07-18T00:14:12.776Z,usb,1,848316260,19086,4886016,256,6000,33.450
2026-07-18T00:14:12.818Z,usb,1,848316260,19087,4886272,256,6000,33.450
2026-07-18T00:14:12.861Z,usb,1,848316260,19088,4886528,256,6000,33.450
2026-07-18T00:14:12.903Z,usb,1,848316260,19089,4886784,256,6000,33.450
2026-07-18T00:14:12.946Z,usb,1,848316260,19090,4887040,256,6000,33.450
2026-07-18T00:14:12.988Z,usb,1,848316260,19091,4887296,256,6000,33.450
2026-07-18T00:14:13.031Z,usb,1,848316260,19092,4887552,256,6000,33.450
2026-07-18T00:14:13.074Z,usb,1,848316260,19093,4887808,256,6000,33.450
2026-07-18T00:14:13.116Z,usb,1,848316260,19094,4888064,256,6000,33.450
2026-07-18T00:14:13.158Z,usb,1,848316260,19095,4888320,256,6000,33.450
2026-07-18T00:14:13.201Z,usb,1,848316260,19096,4888576,256,6000,33.450
2026-07-18T00:14:13.244Z,usb,1,848316260,19097,4888832,256,6000,33.450
2026-07-18T00:14:13.286Z,usb,1,848316260,19098,4889088,256,6000,33.450
2026-07-18T00:14:13.329Z,usb,1,848316260,19099,4889344,256,6000,33.450
2026-07-18T00:14:13.371Z,usb,1,848316260,19100,4889600,256,6000,33.450
2026-07-18T00:14:13.413Z,usb,1,848316260,19101,4889856,256,6000,33.450
2026-07-18T00:14:13.456Z,usb,1,848316260,19102,4890112,256,6000,33.450
2026-07-18T00:14:13.498Z,usb,1,848316260,19103,4890368,256,6000,33.450
2026-07-18T00:14:13.541Z,usb,1,848316260,19104,4890624,256,6000,33.450
2026-07-18T00:14:13.583Z,usb,1,848316260,19105,4890880,256,6000,33.450
2026-07-18T00:14:13.626Z,usb,1,848316260,19106,4891136,256,6000,33.450
2026-07-18T00:14:13.669Z,usb,1,848316260,19107,4891392,256,6000,33.450
2026-07-18T00:14:13.712Z,usb,1,848316260,19108,4891648,256,6000,33.450
2026-07-18T00:14:13.754Z,usb,1,848316260,19109,4891904,256,6000,33.450
2026-07-18T00:14:13.797Z,usb,1,848316260,19110,4892160,256,6000,33.450
2026-07-18T00:14:13.839Z,usb,1,848316260,19111,4892416,256,6000,33.450
2026-07-18T00:14:13.882Z,usb,1,848316260,19112,4892672,256,6000,33.450
2026-07-18T00:14:13.924Z,usb,1,848316260,19113,4892928,256,6000,33.450
2026-07-18T00:14:13.967Z,usb,1,848316260,19114,4893184,256,6000,33.450
2026-07-18T00:14:14.009Z,usb,1,848316260,19115,4893440,256,6000,33.450
2026-07-18T00:14:14.052Z,usb,1,848316260,19116,4893696,256,6000,33.450
2026-07-18T00:14:14.094Z,usb,1,848316260,19117,4893952,256,6000,33.450
2026-07-18T00:14:14.137Z,usb,1,848316260,19118,4894208,256,6000,33.450
2026-07-18T00:14:14.179Z,usb,1,848316260,19119,4894464,256,6000,33.450
2026-07-18T00:14:14.222Z,usb,1,848316260,19120,4894720,256,6000,33.450
2026-07-18T00:14:14.264Z,usb,1,848316260,19121,4894976,256,6000,33.450
2026-07-18T00:14:14.307Z,usb,1,848316260,19122,4895232,256,6000,33.450
2026-07-18T00:14:14.349Z,usb,1,848316260,19123,4895488,256,6000,33.450
2026-07-18T00:14:14.392Z,usb,1,848316260,19124,4895744,256,6000,33.450
2026-07-18T00:14:14.434Z,usb,1,848316260,19125,4896000,256,6000,33.450
2026-07-18T00:14:14.477Z,usb,1,848316260,19126,4896256,256,6000,33.450
2026-07-18T00:14:14.519Z,usb,1,848316260,19127,4896512,256,6000,33.450
2026-07-18T00:14:14.562Z,usb,1,848316260,19128,4896768,256,6000,33.450
2026-07-18T00:14:14.604Z,usb,1,848316260,19129,4897024,256,6000,33.450
2026-07-18T00:14:14.647Z,usb,1,848316260,19130,4897280,256,6000,33.450
2026-07-18T00:14:14.690Z,usb,1,848316260,19131,4897536,256,6000,33.450
2026-07-18T00:14:14.733Z,usb,1,848316260,19132,4897792,256,6000,33.450
2026-07-18T00:14:14.775Z,usb,1,848316260,19133,4898048,256,6000,33.450
2026-07-18T00:14:14.818Z,usb,1,848316260,19134,4898304,256,6000,33.450
2026-07-18T00:14:14.860Z,usb,1,848316260,19135,4898560,256,6000,33.450
2026-07-18T00:14:14.902Z,usb,1,848316260,19136,4898816,256,6000,33.450
2026-07-18T00:14:14.945Z,usb,1,848316260,19137,4899072,256,6000,33.450
2026-07-18T00:14:14.988Z,usb,1,848316260,19138,4899328,256,6000,33.450
2026-07-18T00:14:15.030Z,usb,1,848316260,19139,4899584,256,6000,33.450
2026-07-18T00:14:15.073Z,usb,1,848316260,19140,4899840,256,6000,33.450
2026-07-18T00:14:15.115Z,usb,1,848316260,19141,4900096,256,6000,33.450
2026-07-18T00:14:15.158Z,usb,1,848316260,19142,4900352,256,6000,33.450
2026-07-18T00:14:15.200Z,usb,1,848316260,19143,4900608,256,6000,33.450
2026-07-18T00:14:15.243Z,usb,1,848316260,19144,4900864,256,6000,33.450
2026-07-18T00:14:15.285Z,usb,1,848316260,19145,4901120,256,6000,33.450
2026-07-18T00:14:15.328Z,usb,1,848316260,19146,4901376,256,6000,33.450
2026-07-18T00:14:15.370Z,usb,1,848316260,19147,4901632,256,6000,33.450
2026-07-18T00:14:15.413Z,usb,1,848316260,19148,4901888,256,6000,33.450
2026-07-18T00:14:15.455Z,usb,1,848316260,19149,4902144,256,6000,33.450
2026-07-18T00:14:15.498Z,usb,1,848316260,19150,4902400,256,6000,33.450
2026-07-18T00:14:15.540Z,usb,1,848316260,19151,4902656,256,6000,33.450
2026-07-18T00:14:15.583Z,usb,1,848316260,19152,4902912,256,6000,33.450
2026-07-18T00:14:15.625Z,usb,1,848316260,19153,4903168,256,6000,33.450
2026-07-18T00:14:15.668Z,usb,1,848316260,19154,4903424,256,6000,33.450
2026-07-18T00:14:15.711Z,usb,1,848316260,19155,4903680,256,6000,33.450
2026-07-18T00:14:15.753Z,usb,1,848316260,19156,4903936,256,6000,33.450
2026-07-18T00:14:15.796Z,usb,1,848316260,19157,4904192,256,6000,33.450
2026-07-18T00:14:15.838Z,usb,1,848316260,19158,4904448,256,6000,33.450
2026-07-18T00:14:15.881Z,usb,1,848316260,19159,4904704,256,6000,33.450
2026-07-18T00:14:15.924Z,usb,1,848316260,19160,4904960,256,6000,33.450
2026-07-18T00:14:15.966Z,usb,1,848316260,19161,4905216,256,6000,33.450
2026-07-18T00:14:16.008Z,usb,1,848316260,19162,4905472,256,6000,33.450
2026-07-18T00:14:16.051Z,usb,1,848316260,19163,4905728,256,6000,33.450
2026-07-18T00:14:16.093Z,usb,1,848316260,19164,4905984,256,6000,33.450
2026-07-18T00:14:16.136Z,usb,1,848316260,19165,4906240,256,6000,33.450
2026-07-18T00:14:16.178Z,usb,1,848316260,19166,4906496,256,6000,33.450
2026-07-18T00:14:16.221Z,usb,1,848316260,19167,4906752,256,6000,33.450
2026-07-18T00:14:16.263Z,usb,1,848316260,19168,4907008,256,6000,33.450
2026-07-18T00:14:16.306Z,usb,1,848316260,19169,4907264,256,6000,33.450
2026-07-18T00:14:16.348Z,usb,1,848316260,19170,4907520,256,6000,33.450
2026-07-18T00:14:16.391Z,usb,1,848316260,19171,4907776,256,6000,33.450
2026-07-18T00:14:16.433Z,usb,1,848316260,19172,4908032,256,6000,33.450
2026-07-18T00:14:16.476Z,usb,1,848316260,19173,4908288,256,6000,33.450
2026-07-18T00:14:16.518Z,usb,1,848316260,19174,4908544,256,6000,33.450
2026-07-18T00:14:16.561Z,usb,1,848316260,19175,4908800,256,6000,33.450
2026-07-18T00:14:16.603Z,usb,1,848316260,19176,4909056,256,6000,33.450
2026-07-18T00:14:16.646Z,usb,1,848316260,19177,4909312,256,6000,33.450
2026-07-18T00:14:16.688Z,usb,1,848316260,19178,4909568,256,6000,33.450
2026-07-18T00:14:16.731Z,usb,1,848316260,19179,4909824,256,6000,33.450
2026-07-18T00:14:16.774Z,usb,1,848316260,19180,4910080,256,6000,33.450
2026-07-18T00:14:16.817Z,usb,1,848316260,19181,4910336,256,6000,33.450
2026-07-18T00:14:16.859Z,usb,1,848316260,19182,4910592,256,6000,33.450
2026-07-18T00:14:16.902Z,usb,1,848316260,19183,4910848,256,6000,33.450
2026-07-18T00:14:16.944Z,usb,1,848316260,19184,4911104,256,6000,33.450
2026-07-18T00:14:16.987Z,usb,1,848316260,19185,4911360,256,6000,33.450
2026-07-18T00:14:17.029Z,usb,1,848316260,19186,4911616,256,6000,33.450
2026-07-18T00:14:17.072Z,usb,1,848316260,19187,4911872,256,6000,33.450
2026-07-18T00:14:17.114Z,usb,1,848316260,19188,4912128,256,6000,33.450
2026-07-18T00:14:17.157Z,usb,1,848316260,19189,4912384,256,6000,33.450
2026-07-18T00:14:17.199Z,usb,1,848316260,19190,4912640,256,6000,33.450
2026-07-18T00:14:17.242Z,usb,1,848316260,19191,4912896,256,6000,33.450
2026-07-18T00:14:17.284Z,usb,1,848316260,19192,4913152,256,6000,33.450
2026-07-18T00:14:17.327Z,usb,1,848316260,19193,4913408,256,6000,33.450
2026-07-18T00:14:17.369Z,usb,1,848316260,19194,4913664,256,6000,33.450
2026-07-18T00:14:17.412Z,usb,1,848316260,19195,4913920,256,6000,33.450
2026-07-18T00:14:17.454Z,usb,1,848316260,19196,4914176,256,6000,33.450
2026-07-18T00:14:17.497Z,usb,1,848316260,19197,4914432,256,6000,33.450
2026-07-18T00:14:17.539Z,usb,1,848316260,19198,4914688,256,6000,33.450
2026-07-18T00:14:17.582Z,usb,1,848316260,19199,4914944,256,6000,33.450
2026-07-18T00:14:17.624Z,usb,1,848316260,19200,4915200,256,6000,33.450
2026-07-18T00:14:17.666Z,usb,1,848316260,19201,4915456,256,6000,33.450
2026-07-18T00:14:17.709Z,usb,1,848316260,19202,4915712,256,6000,33.450
2026-07-18T00:14:17.752Z,usb,1,848316260,19203,4915968,256,6000,33.450
2026-07-18T00:14:17.795Z,usb,1,848316260,19204,4916224,256,6000,33.450
2026-07-18T00:14:17.837Z,usb,1,848316260,19205,4916480,256,6000,33.450
2026-07-18T00:14:17.880Z,usb,1,848316260,19206,4916736,256,6000,33.450
2026-07-18T00:14:17.922Z,usb,1,848316260,19207,4916992,256,6000,33.450
2026-07-18T00:14:17.965Z,usb,1,848316260,19208,4917248,256,6000,33.450
2026-07-18T00:14:18.007Z,usb,1,848316260,19209,4917504,256,6000,33.450
2026-07-18T00:14:18.050Z,usb,1,848316260,19210,4917760,256,6000,33.450
2026-07-18T00:14:18.092Z,usb,1,848316260,19211,4918016,256,6000,33.450
2026-07-18T00:14:18.135Z,usb,1,848316260,19212,4918272,256,6000,33.450
2026-07-18T00:14:18.177Z,usb,1,848316260,19213,4918528,256,6000,33.450
2026-07-18T00:14:18.220Z,usb,1,848316260,19214,4918784,256,6000,33.450
2026-07-18T00:14:18.262Z,usb,1,848316260,19215,4919040,256,6000,33.450
2026-07-18T00:14:18.305Z,usb,1,848316260,19216,4919296,256,6000,33.450
2026-07-18T00:14:18.347Z,usb,1,848316260,19217,4919552,256,6000,33.450
2026-07-18T00:14:18.390Z,usb,1,848316260,19218,4919808,256,6000,33.450
2026-07-18T00:14:18.432Z,usb,1,848316260,19219,4920064,256,6000,33.450
2026-07-18T00:14:18.475Z,usb,1,848316260,19220,4920320,256,6000,33.450
2026-07-18T00:14:18.517Z,usb,1,848316260,19221,4920576,256,6000,33.450
2026-07-18T00:14:18.560Z,usb,1,848316260,19222,4920832,256,6000,33.450
2026-07-18T00:14:18.602Z,usb,1,848316260,19223,4921088,256,6000,33.450
2026-07-18T00:14:18.645Z,usb,1,848316260,19224,4921344,256,6000,33.450
2026-07-18T00:14:18.687Z,usb,1,848316260,19225,4921600,256,6000,33.450
2026-07-18T00:14:18.730Z,usb,1,848316260,19226,4921856,256,6000,33.450
2026-07-18T00:14:18.773Z,usb,1,848316260,19227,4922112,256,6000,33.460
2026-07-18T00:14:18.816Z,usb,1,848316260,19228,4922368,256,6000,33.460
2026-07-18T00:14:18.858Z,usb,1,848316260,19229,4922624,256,6000,33.460
2026-07-18T00:14:18.900Z,usb,1,848316260,19230,4922880,256,6000,33.460
2026-07-18T00:14:18.943Z,usb,1,848316260,19231,4923136,256,6000,33.460
2026-07-18T00:14:18.986Z,usb,1,848316260,19232,4923392,256,6000,33.460
2026-07-18T00:14:19.028Z,usb,1,848316260,19233,4923648,256,6000,33.460
2026-07-18T00:14:19.071Z,usb,1,848316260,19234,4923904,256,6000,33.460
2026-07-18T00:14:19.113Z,usb,1,848316260,19235,4924160,256,6000,33.460
2026-07-18T00:14:19.156Z,usb,1,848316260,19236,4924416,256,6000,33.460
2026-07-18T00:14:19.198Z,usb,1,848316260,19237,4924672,256,6000,33.460
2026-07-18T00:14:19.241Z,usb,1,848316260,19238,4924928,256,6000,33.460
2026-07-18T00:14:19.283Z,usb,1,848316260,19239,4925184,256,6000,33.460
2026-07-18T00:14:19.326Z,usb,1,848316260,19240,4925440,256,6000,33.460
2026-07-18T00:14:19.368Z,usb,1,848316260,19241,4925696,256,6000,33.460
2026-07-18T00:14:19.410Z,usb,1,848316260,19242,4925952,256,6000,33.460
2026-07-18T00:14:19.453Z,usb,1,848316260,19243,4926208,256,6000,33.460
2026-07-18T00:14:19.496Z,usb,1,848316260,19244,4926464,256,6000,33.460
2026-07-18T00:14:19.538Z,usb,1,848316260,19245,4926720,256,6000,33.460
2026-07-18T00:14:19.580Z,usb,1,848316260,19246,4926976,256,6000,33.460
2026-07-18T00:14:19.623Z,usb,1,848316260,19247,4927232,256,6000,33.460
2026-07-18T00:14:19.666Z,usb,1,848316260,19248,4927488,256,6000,33.460
2026-07-18T00:14:19.708Z,usb,1,848316260,19249,4927744,256,6000,33.460
2026-07-18T00:14:19.751Z,usb,1,848316260,19250,4928000,256,6000,33.460
2026-07-18T00:14:19.794Z,usb,1,848316260,19251,4928256,256,6000,33.460
2026-07-18T00:14:19.836Z,usb,1,848316260,19252,4928512,256,6000,33.460
2026-07-18T00:14:19.879Z,usb,1,848316260,19253,4928768,256,6000,33.460
2026-07-18T00:14:19.921Z,usb,1,848316260,19254,4929024,256,6000,33.460
2026-07-18T00:14:19.964Z,usb,1,848316260,19255,4929280,256,6000,33.460
2026-07-18T00:14:20.006Z,usb,1,848316260,19256,4929536,256,6000,33.460
2026-07-18T00:14:20.049Z,usb,1,848316260,19257,4929792,256,6000,33.460
2026-07-18T00:14:20.091Z,usb,1,848316260,19258,4930048,256,6000,33.460
2026-07-18T00:14:20.134Z,usb,1,848316260,19259,4930304,256,6000,33.460
2026-07-18T00:14:20.176Z,usb,1,848316260,19260,4930560,256,6000,33.460
2026-07-18T00:14:20.219Z,usb,1,848316260,19261,4930816,256,6000,33.460
2026-07-18T00:14:20.261Z,usb,1,848316260,19262,4931072,256,6000,33.460
2026-07-18T00:14:20.304Z,usb,1,848316260,19263,4931328,256,6000,33.460
2026-07-18T00:14:20.346Z,usb,1,848316260,19264,4931584,256,6000,33.460
2026-07-18T00:14:20.389Z,usb,1,848316260,19265,4931840,256,6000,33.460
2026-07-18T00:14:20.431Z,usb,1,848316260,19266,4932096,256,6000,33.460
2026-07-18T00:14:20.474Z,usb,1,848316260,19267,4932352,256,6000,33.460
2026-07-18T00:14:20.516Z,usb,1,848316260,19268,4932608,256,6000,33.460
2026-07-18T00:14:20.559Z,usb,1,848316260,19269,4932864,256,6000,33.460
2026-07-18T00:14:20.601Z,usb,1,848316260,19270,4933120,256,6000,33.460
2026-07-18T00:14:20.644Z,usb,1,848316260,19271,4933376,256,6000,33.460
2026-07-18T00:14:20.686Z,usb,1,848316260,19272,4933632,256,6000,33.460
2026-07-18T00:14:20.729Z,usb,1,848316260,19273,4933888,256,6000,33.460
2026-07-18T00:14:20.771Z,usb,1,848316260,19274,4934144,256,6000,33.460
2026-07-18T00:14:20.814Z,usb,1,848316260,19275,4934400,256,6000,33.460
2026-07-18T00:14:20.857Z,usb,1,848316260,19276,4934656,256,6000,33.460
2026-07-18T00:14:20.900Z,usb,1,848316260,19277,4934912,256,6000,33.460
2026-07-18T00:14:20.942Z,usb,1,848316260,19278,4935168,256,6000,33.460
2026-07-18T00:14:20.984Z,usb,1,848316260,19279,4935424,256,6000,33.460
2026-07-18T00:14:21.027Z,usb,1,848316260,19280,4935680,256,6000,33.460
2026-07-18T00:14:21.069Z,usb,1,848316260,19281,4935936,256,6000,33.460
2026-07-18T00:14:21.112Z,usb,1,848316260,19282,4936192,256,6000,33.460
2026-07-18T00:14:21.155Z,usb,1,848316260,19283,4936448,256,6000,33.460
2026-07-18T00:14:21.197Z,usb,1,848316260,19284,4936704,256,6000,33.460
2026-07-18T00:14:21.240Z,usb,1,848316260,19285,4936960,256,6000,33.460
2026-07-18T00:14:21.282Z,usb,1,848316260,19286,4937216,256,6000,33.460
2026-07-18T00:14:21.324Z,usb,1,848316260,19287,4937472,256,6000,33.460
2026-07-18T00:14:21.367Z,usb,1,848316260,19288,4937728,256,6000,33.460
2026-07-18T00:14:21.410Z,usb,1,848316260,19289,4937984,256,6000,33.460
2026-07-18T00:14:21.452Z,usb,1,848316260,19290,4938240,256,6000,33.460
2026-07-18T00:14:21.494Z,usb,1,848316260,19291,4938496,256,6000,33.460
2026-07-18T00:14:21.537Z,usb,1,848316260,19292,4938752,256,6000,33.460
2026-07-18T00:14:21.579Z,usb,1,848316260,19293,4939008,256,6000,33.460
2026-07-18T00:14:21.622Z,usb,1,848316260,19294,4939264,256,6000,33.460
2026-07-18T00:14:21.664Z,usb,1,848316260,19295,4939520,256,6000,33.460
2026-07-18T00:14:21.707Z,usb,1,848316260,19296,4939776,256,6000,33.460
2026-07-18T00:14:21.749Z,usb,1,848316260,19297,4940032,256,6000,33.460
2026-07-18T00:14:21.792Z,usb,1,848316260,19298,4940288,256,6000,33.460
2026-07-18T00:14:21.835Z,usb,1,848316260,19299,4940544,256,6000,33.460
2026-07-18T00:14:21.878Z,usb,1,848316260,19300,4940800,256,6000,33.460
2026-07-18T00:14:21.920Z,usb,1,848316260,19301,4941056,256,6000,33.460
2026-07-18T00:14:21.963Z,usb,1,848316260,19302,4941312,256,6000,33.460
2026-07-18T00:14:22.005Z,usb,1,848316260,19303,4941568,256,6000,33.460
2026-07-18T00:14:22.048Z,usb,1,848316260,19304,4941824,256,6000,33.460
2026-07-18T00:14:22.090Z,usb,1,848316260,19305,4942080,256,6000,33.460
2026-07-18T00:14:22.133Z,usb,1,848316260,19306,4942336,256,6000,33.460
2026-07-18T00:14:22.175Z,usb,1,848316260,19307,4942592,256,6000,33.460
2026-07-18T00:14:22.218Z,usb,1,848316260,19308,4942848,256,6000,33.460
2026-07-18T00:14:22.260Z,usb,1,848316260,19309,4943104,256,6000,33.460
2026-07-18T00:14:22.303Z,usb,1,848316260,19310,4943360,256,6000,33.460
2026-07-18T00:14:22.345Z,usb,1,848316260,19311,4943616,256,6000,33.460
2026-07-18T00:14:22.388Z,usb,1,848316260,19312,4943872,256,6000,33.460
2026-07-18T00:14:22.430Z,usb,1,848316260,19313,4944128,256,6000,33.460
2026-07-18T00:14:22.473Z,usb,1,848316260,19314,4944384,256,6000,33.460
2026-07-18T00:14:22.515Z,usb,1,848316260,19315,4944640,256,6000,33.460
2026-07-18T00:14:22.558Z,usb,1,848316260,19316,4944896,256,6000,33.460
2026-07-18T00:14:22.600Z,usb,1,848316260,19317,4945152,256,6000,33.460
2026-07-18T00:14:22.643Z,usb,1,848316260,19318,4945408,256,6000,33.460
2026-07-18T00:14:22.685Z,usb,1,848316260,19319,4945664,256,6000,33.460
2026-07-18T00:14:22.728Z,usb,1,848316260,19320,4945920,256,6000,33.460
2026-07-18T00:14:22.770Z,usb,1,848316260,19321,4946176,256,6000,33.460
2026-07-18T00:14:22.813Z,usb,1,848316260,19322,4946432,256,6000,33.460
2026-07-18T00:14:22.856Z,usb,1,848316260,19323,4946688,256,6000,33.450
2026-07-18T00:14:22.898Z,usb,1,848316260,19324,4946944,256,6000,33.450
2026-07-18T00:14:22.941Z,usb,1,848316260,19325,4947200,256,6000,33.450
2026-07-18T00:14:22.983Z,usb,1,848316260,19326,4947456,256,6000,33.450
2026-07-18T00:14:23.026Z,usb,1,848316260,19327,4947712,256,6000,33.450
2026-07-18T00:14:23.068Z,usb,1,848316260,19328,4947968,256,6000,33.450
2026-07-18T00:14:23.111Z,usb,1,848316260,19329,4948224,256,6000,33.450
2026-07-18T00:14:23.154Z,usb,1,848316260,19330,4948480,256,6000,33.450
2026-07-18T00:14:23.196Z,usb,1,848316260,19331,4948736,256,6000,33.450
2026-07-18T00:14:23.238Z,usb,1,848316260,19332,4948992,256,6000,33.450
2026-07-18T00:14:23.281Z,usb,1,848316260,19333,4949248,256,6000,33.450
2026-07-18T00:14:23.323Z,usb,1,848316260,19334,4949504,256,6000,33.450
2026-07-18T00:14:23.366Z,usb,1,848316260,19335,4949760,256,6000,33.450
2026-07-18T00:14:23.408Z,usb,1,848316260,19336,4950016,256,6000,33.450
2026-07-18T00:14:23.451Z,usb,1,848316260,19337,4950272,256,6000,33.450
2026-07-18T00:14:23.493Z,usb,1,848316260,19338,4950528,256,6000,33.450
2026-07-18T00:14:23.536Z,usb,1,848316260,19339,4950784,256,6000,33.450
2026-07-18T00:14:23.578Z,usb,1,848316260,19340,4951040,256,6000,33.450
2026-07-18T00:14:23.621Z,usb,1,848316260,19341,4951296,256,6000,33.450
2026-07-18T00:14:23.663Z,usb,1,848316260,19342,4951552,256,6000,33.450
2026-07-18T00:14:23.706Z,usb,1,848316260,19343,4951808,256,6000,33.450
2026-07-18T00:14:23.749Z,usb,1,848316260,19344,4952064,256,6000,33.450
2026-07-18T00:14:23.791Z,usb,1,848316260,19345,4952320,256,6000,33.450
2026-07-18T00:14:23.833Z,usb,1,848316260,19346,4952576,256,6000,33.450
2026-07-18T00:14:23.876Z,usb,1,848316260,19347,4952832,256,6000,33.450
2026-07-18T00:14:23.919Z,usb,1,848316260,19348,4953088,256,6000,33.450
2026-07-18T00:14:23.962Z,usb,1,848316260,19349,4953344,256,6000,33.450
2026-07-18T00:14:24.004Z,usb,1,848316260,19350,4953600,256,6000,33.450
2026-07-18T00:14:24.047Z,usb,1,848316260,19351,4953856,256,6000,33.450
2026-07-18T00:14:24.089Z,usb,1,848316260,19352,4954112,256,6000,33.450
2026-07-18T00:14:24.132Z,usb,1,848316260,19353,4954368,256,6000,33.450
2026-07-18T00:14:24.174Z,usb,1,848316260,19354,4954624,256,6000,33.450
2026-07-18T00:14:24.217Z,usb,1,848316260,19355,4954880,256,6000,33.450
2026-07-18T00:14:24.259Z,usb,1,848316260,19356,4955136,256,6000,33.450
2026-07-18T00:14:24.302Z,usb,1,848316260,19357,4955392,256,6000,33.450
2026-07-18T00:14:24.344Z,usb,1,848316260,19358,4955648,256,6000,33.450
2026-07-18T00:14:24.387Z,usb,1,848316260,19359,4955904,256,6000,33.450
2026-07-18T00:14:24.429Z,usb,1,848316260,19360,4956160,256,6000,33.450
2026-07-18T00:14:24.472Z,usb,1,848316260,19361,4956416,256,6000,33.450
2026-07-18T00:14:24.514Z,usb,1,848316260,19362,4956672,256,6000,33.450
2026-07-18T00:14:24.557Z,usb,1,848316260,19363,4956928,256,6000,33.450
2026-07-18T00:14:24.599Z,usb,1,848316260,19364,4957184,256,6000,33.450
2026-07-18T00:14:24.642Z,usb,1,848316260,19365,4957440,256,6000,33.450
2026-07-18T00:14:24.684Z,usb,1,848316260,19366,4957696,256,6000,33.450
2026-07-18T00:14:24.727Z,usb,1,848316260,19367,4957952,256,6000,33.450
2026-07-18T00:14:24.769Z,usb,1,848316260,19368,4958208,256,6000,33.450
2026-07-18T00:14:24.812Z,usb,1,848316260,19369,4958464,256,6000,33.450
2026-07-18T00:14:24.854Z,usb,1,848316260,19370,4958720,256,6000,33.450
2026-07-18T00:14:24.897Z,usb,1,848316260,19371,4958976,256,6000,33.450
2026-07-18T00:14:24.940Z,usb,1,848316260,19372,4959232,256,6000,33.450
2026-07-18T00:14:24.982Z,usb,1,848316260,19373,4959488,256,6000,33.450
2026-07-18T00:14:25.025Z,usb,1,848316260,19374,4959744,256,6000,33.450
2026-07-18T00:14:25.067Z,usb,1,848316260,19375,4960000,256,6000,33.450
2026-07-18T00:14:25.110Z,usb,1,848316260,19376,4960256,256,6000,33.450
2026-07-18T00:14:25.152Z,usb,1,848316260,19377,4960512,256,6000,33.450
2026-07-18T00:14:25.195Z,usb,1,848316260,19378,4960768,256,6000,33.450
2026-07-18T00:14:25.237Z,usb,1,848316260,19379,4961024,256,6000,33.450
2026-07-18T00:14:25.280Z,usb,1,848316260,19380,4961280,256,6000,33.450
2026-07-18T00:14:25.322Z,usb,1,848316260,19381,4961536,256,6000,33.450
2026-07-18T00:14:25.365Z,usb,1,848316260,19382,4961792,256,6000,33.450
2026-07-18T00:14:25.407Z,usb,1,848316260,19383,4962048,256,6000,33.450
2026-07-18T00:14:25.450Z,usb,1,848316260,19384,4962304,256,6000,33.450
2026-07-18T00:14:25.492Z,usb,1,848316260,19385,4962560,256,6000,33.450
2026-07-18T00:14:25.535Z,usb,1,848316260,19386,4962816,256,6000,33.450
2026-07-18T00:14:25.577Z,usb,1,848316260,19387,4963072,256,6000,33.450
2026-07-18T00:14:25.620Z,usb,1,848316260,19388,4963328,256,6000,33.450
2026-07-18T00:14:25.662Z,usb,1,848316260,19389,4963584,256,6000,33.450
2026-07-18T00:14:25.705Z,usb,1,848316260,19390,4963840,256,6000,33.450
2026-07-18T00:14:25.747Z,usb,1,848316260,19391,4964096,256,6000,33.450
2026-07-18T00:14:25.790Z,usb,1,848316260,19392,4964352,256,6000,33.450
2026-07-18T00:14:25.832Z,usb,1,848316260,19393,4964608,256,6000,33.450
2026-07-18T00:14:25.875Z,usb,1,848316260,19394,4964864,256,6000,33.450
2026-07-18T00:14:25.918Z,usb,1,848316260,19395,4965120,256,6000,33.450
2026-07-18T00:14:25.961Z,usb,1,848316260,19396,4965376,256,6000,33.450
2026-07-18T00:14:26.003Z,usb,1,848316260,19397,4965632,256,6000,33.450
2026-07-18T00:14:26.046Z,usb,1,848316260,19398,4965888,256,6000,33.450
2026-07-18T00:14:26.088Z,usb,1,848316260,19399,4966144,256,6000,33.450
2026-07-18T00:14:26.131Z,usb,1,848316260,19400,4966400,256,6000,33.450
2026-07-18T00:14:26.173Z,usb,1,848316260,19401,4966656,256,6000,33.450
2026-07-18T00:14:26.216Z,usb,1,848316260,19402,4966912,256,6000,33.450
2026-07-18T00:14:26.258Z,usb,1,848316260,19403,4967168,256,6000,33.450
2026-07-18T00:14:26.301Z,usb,1,848316260,19404,4967424,256,6000,33.450
2026-07-18T00:14:26.343Z,usb,1,848316260,19405,4967680,256,6000,33.450
2026-07-18T00:14:26.386Z,usb,1,848316260,19406,4967936,256,6000,33.450
2026-07-18T00:14:26.428Z,usb,1,848316260,19407,4968192,256,6000,33.450
2026-07-18T00:14:26.471Z,usb,1,848316260,19408,4968448,256,6000,33.450
2026-07-18T00:14:26.513Z,usb,1,848316260,19409,4968704,256,6000,33.450
2026-07-18T00:14:26.556Z,usb,1,848316260,19410,4968960,256,6000,33.450
2026-07-18T00:14:26.598Z,usb,1,848316260,19411,4969216,256,6000,33.450
2026-07-18T00:14:26.641Z,usb,1,848316260,19412,4969472,256,6000,33.450
2026-07-18T00:14:26.683Z,usb,1,848316260,19413,4969728,256,6000,33.450
2026-07-18T00:14:26.726Z,usb,1,848316260,19414,4969984,256,6000,33.450
2026-07-18T00:14:26.768Z,usb,1,848316260,19415,4970240,256,6000,33.450
2026-07-18T00:14:26.811Z,usb,1,848316260,19416,4970496,256,6000,33.450
2026-07-18T00:14:26.853Z,usb,1,848316260,19417,4970752,256,6000,33.450
2026-07-18T00:14:26.896Z,usb,1,848316260,19418,4971008,256,6000,33.450
2026-07-18T00:14:26.939Z,usb,1,848316260,19419,4971264,256,6000,33.450
2026-07-18T00:14:26.981Z,usb,1,848316260,19420,4971520,256,6000,33.450
2026-07-18T00:14:27.024Z,usb,1,848316260,19421,4971776,256,6000,33.450
2026-07-18T00:14:27.067Z,usb,1,848316260,19422,4972032,256,6000,33.450
2026-07-18T00:14:27.109Z,usb,1,848316260,19423,4972288,256,6000,33.450
2026-07-18T00:14:27.151Z,usb,1,848316260,19424,4972544,256,6000,33.450
2026-07-18T00:14:27.194Z,usb,1,848316260,19425,4972800,256,6000,33.450
2026-07-18T00:14:27.236Z,usb,1,848316260,19426,4973056,256,6000,33.450
2026-07-18T00:14:27.279Z,usb,1,848316260,19427,4973312,256,6000,33.450
2026-07-18T00:14:27.321Z,usb,1,848316260,19428,4973568,256,6000,33.450
2026-07-18T00:14:27.364Z,usb,1,848316260,19429,4973824,256,6000,33.450
2026-07-18T00:14:27.406Z,usb,1,848316260,19430,4974080,256,6000,33.450
2026-07-18T00:14:27.449Z,usb,1,848316260,19431,4974336,256,6000,33.450
2026-07-18T00:14:27.491Z,usb,1,848316260,19432,4974592,256,6000,33.450
2026-07-18T00:14:27.534Z,usb,1,848316260,19433,4974848,256,6000,33.450
2026-07-18T00:14:27.576Z,usb,1,848316260,19434,4975104,256,6000,33.450
2026-07-18T00:14:27.619Z,usb,1,848316260,19435,4975360,256,6000,33.450
2026-07-18T00:14:27.661Z,usb,1,848316260,19436,4975616,256,6000,33.450
2026-07-18T00:14:27.704Z,usb,1,848316260,19437,4975872,256,6000,33.450
2026-07-18T00:14:27.746Z,usb,1,848316260,19438,4976128,256,6000,33.450
2026-07-18T00:14:27.789Z,usb,1,848316260,19439,4976384,256,6000,33.450
2026-07-18T00:14:27.831Z,usb,1,848316260,19440,4976640,256,6000,33.450
2026-07-18T00:14:27.874Z,usb,1,848316260,19441,4976896,256,6000,33.450
2026-07-18T00:14:27.916Z,usb,1,848316260,19442,4977152,256,6000,33.450
2026-07-18T00:14:27.960Z,usb,1,848316260,19443,4977408,256,6000,33.450
2026-07-18T00:14:28.002Z,usb,1,848316260,19444,4977664,256,6000,33.450
2026-07-18T00:14:28.045Z,usb,1,848316260,19445,4977920,256,6000,33.450
2026-07-18T00:14:28.087Z,usb,1,848316260,19446,4978176,256,6000,33.450
2026-07-18T00:14:28.130Z,usb,1,848316260,19447,4978432,256,6000,33.450
2026-07-18T00:14:28.172Z,usb,1,848316260,19448,4978688,256,6000,33.450
2026-07-18T00:14:28.215Z,usb,1,848316260,19449,4978944,256,6000,33.450
2026-07-18T00:14:28.257Z,usb,1,848316260,19450,4979200,256,6000,33.450
2026-07-18T00:14:28.300Z,usb,1,848316260,19451,4979456,256,6000,33.450
2026-07-18T00:14:28.342Z,usb,1,848316260,19452,4979712,256,6000,33.450
2026-07-18T00:14:28.385Z,usb,1,848316260,19453,4979968,256,6000,33.450
2026-07-18T00:14:28.427Z,usb,1,848316260,19454,4980224,256,6000,33.450
2026-07-18T00:14:28.470Z,usb,1,848316260,19455,4980480,256,6000,33.450
2026-07-18T00:14:28.512Z,usb,1,848316260,19456,4980736,256,6000,33.450
2026-07-18T00:14:28.555Z,usb,1,848316260,19457,4980992,256,6000,33.450
2026-07-18T00:14:28.597Z,usb,1,848316260,19458,4981248,256,6000,33.450
2026-07-18T00:14:28.640Z,usb,1,848316260,19459,4981504,256,6000,33.450
2026-07-18T00:14:28.682Z,usb,1,848316260,19460,4981760,256,6000,33.450
2026-07-18T00:14:28.725Z,usb,1,848316260,19461,4982016,256,6000,33.450
2026-07-18T00:14:28.767Z,usb,1,848316260,19462,4982272,256,6000,33.450
2026-07-18T00:14:28.810Z,usb,1,848316260,19463,4982528,256,6000,33.450
2026-07-18T00:14:28.852Z,usb,1,848316260,19464,4982784,256,6000,33.450
2026-07-18T00:14:28.895Z,usb,1,848316260,19465,4983040,256,6000,33.450
2026-07-18T00:14:28.937Z,usb,1,848316260,19466,4983296,256,6000,33.450
2026-07-18T00:14:28.980Z,usb,1,848316260,19467,4983552,256,6000,33.460
2026-07-18T00:14:29.023Z,usb,1,848316260,19468,4983808,256,6000,33.460
2026-07-18T00:14:29.065Z,usb,1,848316260,19469,4984064,256,6000,33.460
2026-07-18T00:14:29.108Z,usb,1,848316260,19470,4984320,256,6000,33.460
2026-07-18T00:14:29.151Z,usb,1,848316260,19471,4984576,256,6000,33.460
2026-07-18T00:14:29.193Z,usb,1,848316260,19472,4984832,256,6000,33.460
2026-07-18T00:14:29.235Z,usb,1,848316260,19473,4985088,256,6000,33.460
2026-07-18T00:14:29.278Z,usb,1,848316260,19474,4985344,256,6000,33.460
2026-07-18T00:14:29.320Z,usb,1,848316260,19475,4985600,256,6000,33.460
2026-07-18T00:14:29.363Z,usb,1,848316260,19476,4985856,256,6000,33.460
2026-07-18T00:14:29.405Z,usb,1,848316260,19477,4986112,256,6000,33.460
2026-07-18T00:14:29.448Z,usb,1,848316260,19478,4986368,256,6000,33.460
2026-07-18T00:14:29.490Z,usb,1,848316260,19479,4986624,256,6000,33.460
2026-07-18T00:14:29.533Z,usb,1,848316260,19480,4986880,256,6000,33.460
2026-07-18T00:14:29.575Z,usb,1,848316260,19481,4987136,256,6000,33.460
2026-07-18T00:14:29.618Z,usb,1,848316260,19482,4987392,256,6000,33.460
2026-07-18T00:14:29.660Z,usb,1,848316260,19483,4987648,256,6000,33.460
2026-07-18T00:14:29.703Z,usb,1,848316260,19484,4987904,256,6000,33.460
2026-07-18T00:14:29.746Z,usb,1,848316260,19485,4988160,256,6000,33.460
2026-07-18T00:14:29.788Z,usb,1,848316260,19486,4988416,256,6000,33.460
2026-07-18T00:14:29.830Z,usb,1,848316260,19487,4988672,256,6000,33.460
2026-07-18T00:14:29.873Z,usb,1,848316260,19488,4988928,256,6000,33.460
2026-07-18T00:14:29.915Z,usb,1,848316260,19489,4989184,256,6000,33.460
2026-07-18T00:14:29.958Z,usb,1,848316260,19490,4989440,256,6000,33.460
2026-07-18T00:14:30.001Z,usb,1,848316260,19491,4989696,256,6000,33.460
2026-07-18T00:14:30.044Z,usb,1,848316260,19492,4989952,256,6000,33.460
2026-07-18T00:14:30.086Z,usb,1,848316260,19493,4990208,256,6000,33.460
2026-07-18T00:14:30.129Z,usb,1,848316260,19494,4990464,256,6000,33.460
2026-07-18T00:14:30.171Z,usb,1,848316260,19495,4990720,256,6000,33.460
2026-07-18T00:14:30.214Z,usb,1,848316260,19496,4990976,256,6000,33.460
2026-07-18T00:14:30.256Z,usb,1,848316260,19497,4991232,256,6000,33.460
2026-07-18T00:14:30.299Z,usb,1,848316260,19498,4991488,256,6000,33.460
2026-07-18T00:14:30.341Z,usb,1,848316260,19499,4991744,256,6000,33.460
2026-07-18T00:14:30.384Z,usb,1,848316260,19500,4992000,256,6000,33.460
2026-07-18T00:14:30.426Z,usb,1,848316260,19501,4992256,256,6000,33.460
2026-07-18T00:14:30.469Z,usb,1,848316260,19502,4992512,256,6000,33.460
2026-07-18T00:14:30.511Z,usb,1,848316260,19503,4992768,256,6000,33.460
2026-07-18T00:14:30.554Z,usb,1,848316260,19504,4993024,256,6000,33.460
2026-07-18T00:14:30.596Z,usb,1,848316260,19505,4993280,256,6000,33.460
2026-07-18T00:14:30.639Z,usb,1,848316260,19506,4993536,256,6000,33.460
2026-07-18T00:14:30.681Z,usb,1,848316260,19507,4993792,256,6000,33.460
2026-07-18T00:14:30.724Z,usb,1,848316260,19508,4994048,256,6000,33.460
2026-07-18T00:14:30.766Z,usb,1,848316260,19509,4994304,256,6000,33.460
2026-07-18T00:14:30.809Z,usb,1,848316260,19510,4994560,256,6000,33.460
2026-07-18T00:14:30.851Z,usb,1,848316260,19511,4994816,256,6000,33.460
2026-07-18T00:14:30.894Z,usb,1,848316260,19512,4995072,256,6000,33.460
2026-07-18T00:14:30.936Z,usb,1,848316260,19513,4995328,256,6000,33.460
2026-07-18T00:14:30.979Z,usb,1,848316260,19514,4995584,256,6000,33.460
2026-07-18T00:14:31.022Z,usb,1,848316260,19515,4995840,256,6000,33.460
2026-07-18T00:14:31.065Z,usb,1,848316260,19516,4996096,256,6000,33.460
2026-07-18T00:14:31.107Z,usb,1,848316260,19517,4996352,256,6000,33.460
2026-07-18T00:14:31.150Z,usb,1,848316260,19518,4996608,256,6000,33.460
2026-07-18T00:14:31.192Z,usb,1,848316260,19519,4996864,256,6000,33.460
2026-07-18T00:14:31.235Z,usb,1,848316260,19520,4997120,256,6000,33.460
2026-07-18T00:14:31.277Z,usb,1,848316260,19521,4997376,256,6000,33.460
2026-07-18T00:14:31.320Z,usb,1,848316260,19522,4997632,256,6000,33.460
2026-07-18T00:14:31.362Z,usb,1,848316260,19523,4997888,256,6000,33.460
2026-07-18T00:14:31.404Z,usb,1,848316260,19524,4998144,256,6000,33.460
2026-07-18T00:14:31.447Z,usb,1,848316260,19525,4998400,256,6000,33.460
2026-07-18T00:14:31.490Z,usb,1,848316260,19526,4998656,256,6000,33.460
2026-07-18T00:14:31.532Z,usb,1,848316260,19527,4998912,256,6000,33.460
2026-07-18T00:14:31.574Z,usb,1,848316260,19528,4999168,256,6000,33.460
2026-07-18T00:14:31.617Z,usb,1,848316260,19529,4999424,256,6000,33.460
2026-07-18T00:14:31.660Z,usb,1,848316260,19530,4999680,256,6000,33.460
2026-07-18T00:14:31.702Z,usb,1,848316260,19531,4999936,256,6000,33.460
2026-07-18T00:14:31.745Z,usb,1,848316260,19532,5000192,256,6000,33.460
2026-07-18T00:14:31.787Z,usb,1,848316260,19533,5000448,256,6000,33.460
2026-07-18T00:14:31.829Z,usb,1,848316260,19534,5000704,256,6000,33.460
2026-07-18T00:14:31.872Z,usb,1,848316260,19535,5000960,256,6000,33.460
2026-07-18T00:14:31.915Z,usb,1,848316260,19536,5001216,256,6000,33.460
2026-07-18T00:14:31.957Z,usb,1,848316260,19537,5001472,256,6000,33.460
2026-07-18T00:14:32.000Z,usb,1,848316260,19538,5001728,256,6000,33.460
2026-07-18T00:14:32.043Z,usb,1,848316260,19539,5001984,256,6000,33.460
2026-07-18T00:14:32.085Z,usb,1,848316260,19540,5002240,256,6000,33.460
2026-07-18T00:14:32.128Z,usb,1,848316260,19541,5002496,256,6000,33.460
2026-07-18T00:14:32.170Z,usb,1,848316260,19542,5002752,256,6000,33.460
2026-07-18T00:14:32.213Z,usb,1,848316260,19543,5003008,256,6000,33.460
2026-07-18T00:14:32.255Z,usb,1,848316260,19544,5003264,256,6000,33.460
2026-07-18T00:14:32.298Z,usb,1,848316260,19545,5003520,256,6000,33.460
2026-07-18T00:14:32.340Z,usb,1,848316260,19546,5003776,256,6000,33.460
2026-07-18T00:14:32.383Z,usb,1,848316260,19547,5004032,256,6000,33.460
2026-07-18T00:14:32.425Z,usb,1,848316260,19548,5004288,256,6000,33.460
2026-07-18T00:14:32.468Z,usb,1,848316260,19549,5004544,256,6000,33.460
2026-07-18T00:14:32.510Z,usb,1,848316260,19550,5004800,256,6000,33.460
2026-07-18T00:14:32.553Z,usb,1,848316260,19551,5005056,256,6000,33.460
2026-07-18T00:14:32.595Z,usb,1,848316260,19552,5005312,256,6000,33.460
2026-07-18T00:14:32.638Z,usb,1,848316260,19553,5005568,256,6000,33.460
2026-07-18T00:14:32.680Z,usb,1,848316260,19554,5005824,256,6000,33.460
2026-07-18T00:14:32.723Z,usb,1,848316260,19555,5006080,256,6000,33.460
2026-07-18T00:14:32.765Z,usb,1,848316260,19556,5006336,256,6000,33.460
2026-07-18T00:14:32.808Z,usb,1,848316260,19557,5006592,256,6000,33.460
2026-07-18T00:14:32.850Z,usb,1,848316260,19558,5006848,256,6000,33.460
2026-07-18T00:14:32.893Z,usb,1,848316260,19559,5007104,256,6000,33.460
2026-07-18T00:14:32.935Z,usb,1,848316260,19560,5007360,256,6000,33.460
2026-07-18T00:14:32.978Z,usb,1,848316260,19561,5007616,256,6000,33.460
2026-07-18T00:14:33.020Z,usb,1,848316260,19562,5007872,256,6000,33.460
2026-07-18T00:14:33.063Z,usb,1,848316260,19563,5008128,256,6000,33.460
2026-07-18T00:14:33.106Z,usb,1,848316260,19564,5008384,256,6000,33.460
2026-07-18T00:14:33.149Z,usb,1,848316260,19565,5008640,256,6000,33.460
2026-07-18T00:14:33.191Z,usb,1,848316260,19566,5008896,256,6000,33.460
2026-07-18T00:14:33.234Z,usb,1,848316260,19567,5009152,256,6000,33.460
2026-07-18T00:14:33.276Z,usb,1,848316260,19568,5009408,256,6000,33.460
2026-07-18T00:14:33.318Z,usb,1,848316260,19569,5009664,256,6000,33.460
2026-07-18T00:14:33.361Z,usb,1,848316260,19570,5009920,256,6000,33.460
2026-07-18T00:14:33.404Z,usb,1,848316260,19571,5010176,256,6000,33.460
2026-07-18T00:14:33.446Z,usb,1,848316260,19572,5010432,256,6000,33.460
2026-07-18T00:14:33.488Z,usb,1,848316260,19573,5010688,256,6000,33.460
2026-07-18T00:14:33.531Z,usb,1,848316260,19574,5010944,256,6000,33.460
2026-07-18T00:14:33.573Z,usb,1,848316260,19575,5011200,256,6000,33.460
2026-07-18T00:14:33.616Z,usb,1,848316260,19576,5011456,256,6000,33.460
2026-07-18T00:14:33.659Z,usb,1,848316260,19577,5011712,256,6000,33.460
2026-07-18T00:14:33.701Z,usb,1,848316260,19578,5011968,256,6000,33.460
2026-07-18T00:14:33.743Z,usb,1,848316260,19579,5012224,256,6000,33.460
2026-07-18T00:14:33.786Z,usb,1,848316260,19580,5012480,256,6000,33.460
2026-07-18T00:14:33.828Z,usb,1,848316260,19581,5012736,256,6000,33.460
2026-07-18T00:14:33.871Z,usb,1,848316260,19582,5012992,256,6000,33.460
2026-07-18T00:14:33.913Z,usb,1,848316260,19583,5013248,256,6000,33.460
2026-07-18T00:14:33.956Z,usb,1,848316260,19584,5013504,256,6000,33.460
2026-07-18T00:14:33.999Z,usb,1,848316260,19585,5013760,256,6000,33.460
2026-07-18T00:14:34.041Z,usb,1,848316260,19586,5014016,256,6000,33.460
2026-07-18T00:14:34.084Z,usb,1,848316260,19587,5014272,256,6000,33.460
2026-07-18T00:14:34.127Z,usb,1,848316260,19588,5014528,256,6000,33.460
2026-07-18T00:14:34.169Z,usb,1,848316260,19589,5014784,256,6000,33.460
2026-07-18T00:14:34.212Z,usb,1,848316260,19590,5015040,256,6000,33.460
2026-07-18T00:14:34.254Z,usb,1,848316260,19591,5015296,256,6000,33.460
2026-07-18T00:14:34.297Z,usb,1,848316260,19592,5015552,256,6000,33.460
2026-07-18T00:14:34.339Z,usb,1,848316260,19593,5015808,256,6000,33.460
2026-07-18T00:14:34.382Z,usb,1,848316260,19594,5016064,256,6000,33.460
2026-07-18T00:14:34.424Z,usb,1,848316260,19595,5016320,256,6000,33.460
2026-07-18T00:14:34.467Z,usb,1,848316260,19596,5016576,256,6000,33.460
2026-07-18T00:14:34.509Z,usb,1,848316260,19597,5016832,256,6000,33.460
2026-07-18T00:14:34.552Z,usb,1,848316260,19598,5017088,256,6000,33.460
2026-07-18T00:14:34.594Z,usb,1,848316260,19599,5017344,256,6000,33.460
2026-07-18T00:14:34.637Z,usb,1,848316260,19600,5017600,256,6000,33.460
2026-07-18T00:14:34.679Z,usb,1,848316260,19601,5017856,256,6000,33.460
2026-07-18T00:14:34.722Z,usb,1,848316260,19602,5018112,256,6000,33.460
2026-07-18T00:14:34.764Z,usb,1,848316260,19603,5018368,256,6000,33.460
2026-07-18T00:14:34.807Z,usb,1,848316260,19604,5018624,256,6000,33.460
2026-07-18T00:14:34.850Z,usb,1,848316260,19605,5018880,256,6000,33.460
2026-07-18T00:14:34.892Z,usb,1,848316260,19606,5019136,256,6000,33.460
2026-07-18T00:14:34.934Z,usb,1,848316260,19607,5019392,256,6000,33.460
2026-07-18T00:14:34.977Z,usb,1,848316260,19608,5019648,256,6000,33.460
2026-07-18T00:14:35.019Z,usb,1,848316260,19609,5019904,256,6000,33.460
2026-07-18T00:14:35.062Z,usb,1,848316260,19610,5020160,256,6000,33.460
2026-07-18T00:14:35.105Z,usb,1,848316260,19611,5020416,256,6000,33.460
2026-07-18T00:14:35.148Z,usb,1,848316260,19612,5020672,256,6000,33.460
2026-07-18T00:14:35.190Z,usb,1,848316260,19613,5020928,256,6000,33.460
2026-07-18T00:14:35.233Z,usb,1,848316260,19614,5021184,256,6000,33.460
2026-07-18T00:14:35.275Z,usb,1,848316260,19615,5021440,256,6000,33.460
2026-07-18T00:14:35.318Z,usb,1,848316260,19616,5021696,256,6000,33.460
2026-07-18T00:14:35.360Z,usb,1,848316260,19617,5021952,256,6000,33.460
2026-07-18T00:14:35.402Z,usb,1,848316260,19618,5022208,256,6000,33.460
2026-07-18T00:14:35.445Z,usb,1,848316260,19619,5022464,256,6000,33.460
2026-07-18T00:14:35.487Z,usb,1,848316260,19620,5022720,256,6000,33.460
2026-07-18T00:14:35.530Z,usb,1,848316260,19621,5022976,256,6000,33.460
2026-07-18T00:14:35.572Z,usb,1,848316260,19622,5023232,256,6000,33.460
2026-07-18T00:14:35.615Z,usb,1,848316260,19623,5023488,256,6000,33.460
2026-07-18T00:14:35.657Z,usb,1,848316260,19624,5023744,256,6000,33.460
2026-07-18T00:14:35.700Z,usb,1,848316260,19625,5024000,256,6000,33.460
2026-07-18T00:14:35.743Z,usb,1,848316260,19626,5024256,256,6000,33.460
2026-07-18T00:14:35.785Z,usb,1,848316260,19627,5024512,256,6000,33.460
2026-07-18T00:14:35.828Z,usb,1,848316260,19628,5024768,256,6000,33.460
2026-07-18T00:14:35.870Z,usb,1,848316260,19629,5025024,256,6000,33.460
2026-07-18T00:14:35.912Z,usb,1,848316260,19630,5025280,256,6000,33.460
2026-07-18T00:14:35.955Z,usb,1,848316260,19631,5025536,256,6000,33.460
2026-07-18T00:14:35.997Z,usb,1,848316260,19632,5025792,256,6000,33.460
2026-07-18T00:14:36.040Z,usb,1,848316260,19633,5026048,256,6000,33.460
2026-07-18T00:14:36.082Z,usb,1,848316260,19634,5026304,256,6000,33.460
2026-07-18T00:14:36.126Z,usb,1,848316260,19635,5026560,256,6000,33.460
2026-07-18T00:14:36.168Z,usb,1,848316260,19636,5026816,256,6000,33.460
2026-07-18T00:14:36.211Z,usb,1,848316260,19637,5027072,256,6000,33.460
2026-07-18T00:14:36.253Z,usb,1,848316260,19638,5027328,256,6000,33.460
2026-07-18T00:14:36.296Z,usb,1,848316260,19639,5027584,256,6000,33.460
2026-07-18T00:14:36.338Z,usb,1,848316260,19640,5027840,256,6000,33.460
2026-07-18T00:14:36.381Z,usb,1,848316260,19641,5028096,256,6000,33.460
2026-07-18T00:14:36.423Z,usb,1,848316260,19642,5028352,256,6000,33.460
2026-07-18T00:14:36.466Z,usb,1,848316260,19643,5028608,256,6000,33.460
2026-07-18T00:14:36.508Z,usb,1,848316260,19644,5028864,256,6000,33.460
2026-07-18T00:14:36.551Z,usb,1,848316260,19645,5029120,256,6000,33.460
2026-07-18T00:14:36.593Z,usb,1,848316260,19646,5029376,256,6000,33.460
2026-07-18T00:14:36.636Z,usb,1,848316260,19647,5029632,256,6000,33.460
2026-07-18T00:14:36.678Z,usb,1,848316260,19648,5029888,256,6000,33.460
2026-07-18T00:14:36.721Z,usb,1,848316260,19649,5030144,256,6000,33.460
2026-07-18T00:14:36.763Z,usb,1,848316260,19650,5030400,256,6000,33.460
2026-07-18T00:14:36.806Z,usb,1,848316260,19651,5030656,256,6000,33.460
2026-07-18T00:14:36.848Z,usb,1,848316260,19652,5030912,256,6000,33.460
2026-07-18T00:14:36.891Z,usb,1,848316260,19653,5031168,256,6000,33.460
2026-07-18T00:14:36.933Z,usb,1,848316260,19654,5031424,256,6000,33.460
2026-07-18T00:14:36.976Z,usb,1,848316260,19655,5031680,256,6000,33.460
2026-07-18T00:14:37.018Z,usb,1,848316260,19656,5031936,256,6000,33.460
2026-07-18T00:14:37.061Z,usb,1,848316260,19657,5032192,256,6000,33.460
2026-07-18T00:14:37.103Z,usb,1,848316260,19658,5032448,256,6000,33.460
2026-07-18T00:14:37.146Z,usb,1,848316260,19659,5032704,256,6000,33.460
2026-07-18T00:14:37.189Z,usb,1,848316260,19660,5032960,256,6000,33.460
2026-07-18T00:14:37.231Z,usb,1,848316260,19661,5033216,256,6000,33.460
2026-07-18T00:14:37.274Z,usb,1,848316260,19662,5033472,256,6000,33.460
2026-07-18T00:14:37.316Z,usb,1,848316260,19663,5033728,256,6000,33.460
2026-07-18T00:14:37.359Z,usb,1,848316260,19664,5033984,256,6000,33.460
2026-07-18T00:14:37.401Z,usb,1,848316260,19665,5034240,256,6000,33.460
2026-07-18T00:14:37.444Z,usb,1,848316260,19666,5034496,256,6000,33.460
2026-07-18T00:14:37.487Z,usb,1,848316260,19667,5034752,256,6000,33.460
2026-07-18T00:14:37.529Z,usb,1,848316260,19668,5035008,256,6000,33.460
2026-07-18T00:14:37.571Z,usb,1,848316260,19669,5035264,256,6000,33.460
2026-07-18T00:14:37.614Z,usb,1,848316260,19670,5035520,256,6000,33.460
2026-07-18T00:14:37.656Z,usb,1,848316260,19671,5035776,256,6000,33.460
2026-07-18T00:14:37.699Z,usb,1,848316260,19672,5036032,256,6000,33.460
2026-07-18T00:14:37.742Z,usb,1,848316260,19673,5036288,256,6000,33.460
2026-07-18T00:14:37.784Z,usb,1,848316260,19674,5036544,256,6000,33.460
2026-07-18T00:14:37.826Z,usb,1,848316260,19675,5036800,256,6000,33.460
2026-07-18T00:14:37.869Z,usb,1,848316260,19676,5037056,256,6000,33.460
2026-07-18T00:14:37.911Z,usb,1,848316260,19677,5037312,256,6000,33.460
2026-07-18T00:14:37.954Z,usb,1,848316260,19678,5037568,256,6000,33.460
2026-07-18T00:14:37.996Z,usb,1,848316260,19679,5037824,256,6000,33.460
2026-07-18T00:14:38.039Z,usb,1,848316260,19680,5038080,256,6000,33.460
2026-07-18T00:14:38.081Z,usb,1,848316260,19681,5038336,256,6000,33.460
2026-07-18T00:14:38.124Z,usb,1,848316260,19682,5038592,256,6000,33.460
2026-07-18T00:14:38.167Z,usb,1,848316260,19683,5038848,256,6000,33.460
2026-07-18T00:14:38.210Z,usb,1,848316260,19684,5039104,256,6000,33.460
2026-07-18T00:14:38.252Z,usb,1,848316260,19685,5039360,256,6000,33.460
2026-07-18T00:14:38.295Z,usb,1,848316260,19686,5039616,256,6000,33.460
2026-07-18T00:14:38.338Z,usb,1,848316260,19687,5039872,256,6000,33.460
2026-07-18T00:14:38.380Z,usb,1,848316260,19688,5040128,256,6000,33.460
2026-07-18T00:14:38.422Z,usb,1,848316260,19689,5040384,256,6000,33.460
2026-07-18T00:14:38.465Z,usb,1,848316260,19690,5040640,256,6000,33.460
2026-07-18T00:14:38.507Z,usb,1,848316260,19691,5040896,256,6000,33.460
2026-07-18T00:14:38.550Z,usb,1,848316260,19692,5041152,256,6000,33.460
2026-07-18T00:14:38.592Z,usb,1,848316260,19693,5041408,256,6000,33.460
2026-07-18T00:14:38.634Z,usb,1,848316260,19694,5041664,256,6000,33.460
2026-07-18T00:14:38.677Z,usb,1,848316260,19695,5041920,256,6000,33.460
2026-07-18T00:14:38.720Z,usb,1,848316260,19696,5042176,256,6000,33.460
2026-07-18T00:14:38.762Z,usb,1,848316260,19697,5042432,256,6000,33.460
2026-07-18T00:14:38.805Z,usb,1,848316260,19698,5042688,256,6000,33.460
2026-07-18T00:14:38.847Z,usb,1,848316260,19699,5042944,256,6000,33.460
2026-07-18T00:14:38.890Z,usb,1,848316260,19700,5043200,256,6000,33.460
2026-07-18T00:14:38.932Z,usb,1,848316260,19701,5043456,256,6000,33.460
2026-07-18T00:14:38.975Z,usb,1,848316260,19702,5043712,256,6000,33.460
2026-07-18T00:14:39.017Z,usb,1,848316260,19703,5043968,256,6000,33.460
2026-07-18T00:14:39.060Z,usb,1,848316260,19704,5044224,256,6000,33.460
2026-07-18T00:14:39.102Z,usb,1,848316260,19705,5044480,256,6000,33.460
2026-07-18T00:14:39.145Z,usb,1,848316260,19706,5044736,256,6000,33.460
2026-07-18T00:14:39.188Z,usb,1,848316260,19707,5044992,256,6000,33.450
2026-07-18T00:14:39.230Z,usb,1,848316260,19708,5045248,256,6000,33.450
2026-07-18T00:14:39.273Z,usb,1,848316260,19709,5045504,256,6000,33.450
2026-07-18T00:14:39.315Z,usb,1,848316260,19710,5045760,256,6000,33.450
2026-07-18T00:14:39.358Z,usb,1,848316260,19711,5046016,256,6000,33.450
2026-07-18T00:14:39.400Z,usb,1,848316260,19712,5046272,256,6000,33.450
2026-07-18T00:14:39.443Z,usb,1,848316260,19713,5046528,256,6000,33.450
2026-07-18T00:14:39.485Z,usb,1,848316260,19714,5046784,256,6000,33.450
2026-07-18T00:14:39.528Z,usb,1,848316260,19715,5047040,256,6000,33.450
2026-07-18T00:14:39.570Z,usb,1,848316260,19716,5047296,256,6000,33.450
2026-07-18T00:14:39.613Z,usb,1,848316260,19717,5047552,256,6000,33.450
2026-07-18T00:14:39.655Z,usb,1,848316260,19718,5047808,256,6000,33.450
2026-07-18T00:14:39.698Z,usb,1,848316260,19719,5048064,256,6000,33.450
2026-07-18T00:14:39.740Z,usb,1,848316260,19720,5048320,256,6000,33.450
2026-07-18T00:14:39.783Z,usb,1,848316260,19721,5048576,256,6000,33.450
2026-07-18T00:14:39.826Z,usb,1,848316260,19722,5048832,256,6000,33.450
2026-07-18T00:14:39.868Z,usb,1,848316260,19723,5049088,256,6000,33.450
2026-07-18T00:14:39.910Z,usb,1,848316260,19724,5049344,256,6000,33.450
2026-07-18T00:14:39.953Z,usb,1,848316260,19725,5049600,256,6000,33.450
2026-07-18T00:14:39.995Z,usb,1,848316260,19726,5049856,256,6000,33.450
2026-07-18T00:14:40.038Z,usb,1,848316260,19727,5050112,256,6000,33.450
2026-07-18T00:14:40.080Z,usb,1,848316260,19728,5050368,256,6000,33.450
2026-07-18T00:14:40.123Z,usb,1,848316260,19729,5050624,256,6000,33.450
2026-07-18T00:14:40.165Z,usb,1,848316260,19730,5050880,256,6000,33.450
2026-07-18T00:14:40.209Z,usb,1,848316260,19731,5051136,256,6000,33.450
2026-07-18T00:14:40.251Z,usb,1,848316260,19732,5051392,256,6000,33.450
2026-07-18T00:14:40.294Z,usb,1,848316260,19733,5051648,256,6000,33.450
2026-07-18T00:14:40.336Z,usb,1,848316260,19734,5051904,256,6000,33.450
2026-07-18T00:14:40.379Z,usb,1,848316260,19735,5052160,256,6000,33.450
2026-07-18T00:14:40.421Z,usb,1,848316260,19736,5052416,256,6000,33.450
2026-07-18T00:14:40.463Z,usb,1,848316260,19737,5052672,256,6000,33.450
2026-07-18T00:14:40.506Z,usb,1,848316260,19738,5052928,256,6000,33.450
2026-07-18T00:14:40.549Z,usb,1,848316260,19739,5053184,256,6000,33.450
2026-07-18T00:14:40.592Z,usb,1,848316260,19740,5053440,256,6000,33.450
2026-07-18T00:14:40.634Z,usb,1,848316260,19741,5053696,256,6000,33.450
2026-07-18T00:14:40.676Z,usb,1,848316260,19742,5053952,256,6000,33.450
2026-07-18T00:14:40.719Z,usb,1,848316260,19743,5054208,256,6000,33.450
2026-07-18T00:14:40.761Z,usb,1,848316260,19744,5054464,256,6000,33.450
2026-07-18T00:14:40.804Z,usb,1,848316260,19745,5054720,256,6000,33.450
2026-07-18T00:14:40.846Z,usb,1,848316260,19746,5054976,256,6000,33.450
2026-07-18T00:14:40.889Z,usb,1,848316260,19747,5055232,256,6000,33.450
2026-07-18T00:14:40.931Z,usb,1,848316260,19748,5055488,256,6000,33.450
2026-07-18T00:14:40.974Z,usb,1,848316260,19749,5055744,256,6000,33.450
2026-07-18T00:14:41.016Z,usb,1,848316260,19750,5056000,256,6000,33.450
2026-07-18T00:14:41.059Z,usb,1,848316260,19751,5056256,256,6000,33.450
2026-07-18T00:14:41.101Z,usb,1,848316260,19752,5056512,256,6000,33.450
2026-07-18T00:14:41.144Z,usb,1,848316260,19753,5056768,256,6000,33.450
2026-07-18T00:14:41.186Z,usb,1,848316260,19754,5057024,256,6000,33.450
2026-07-18T00:14:41.229Z,usb,1,848316260,19755,5057280,256,6000,33.460
2026-07-18T00:14:41.272Z,usb,1,848316260,19756,5057536,256,6000,33.460
2026-07-18T00:14:41.314Z,usb,1,848316260,19757,5057792,256,6000,33.460
2026-07-18T00:14:41.357Z,usb,1,848316260,19758,5058048,256,6000,33.460
2026-07-18T00:14:41.399Z,usb,1,848316260,19759,5058304,256,6000,33.460
2026-07-18T00:14:41.442Z,usb,1,848316260,19760,5058560,256,6000,33.460
2026-07-18T00:14:41.484Z,usb,1,848316260,19761,5058816,256,6000,33.460
2026-07-18T00:14:41.527Z,usb,1,848316260,19762,5059072,256,6000,33.460
2026-07-18T00:14:41.569Z,usb,1,848316260,19763,5059328,256,6000,33.460
2026-07-18T00:14:41.612Z,usb,1,848316260,19764,5059584,256,6000,33.460
2026-07-18T00:14:41.654Z,usb,1,848316260,19765,5059840,256,6000,33.460
2026-07-18T00:14:41.697Z,usb,1,848316260,19766,5060096,256,6000,33.460
2026-07-18T00:14:41.739Z,usb,1,848316260,19767,5060352,256,6000,33.460
2026-07-18T00:14:41.782Z,usb,1,848316260,19768,5060608,256,6000,33.460
2026-07-18T00:14:41.824Z,usb,1,848316260,19769,5060864,256,6000,33.460
2026-07-18T00:14:41.867Z,usb,1,848316260,19770,5061120,256,6000,33.460
2026-07-18T00:14:41.909Z,usb,1,848316260,19771,5061376,256,6000,33.460
2026-07-18T00:14:41.952Z,usb,1,848316260,19772,5061632,256,6000,33.460
2026-07-18T00:14:41.994Z,usb,1,848316260,19773,5061888,256,6000,33.460
2026-07-18T00:14:42.037Z,usb,1,848316260,19774,5062144,256,6000,33.460
2026-07-18T00:14:42.079Z,usb,1,848316260,19775,5062400,256,6000,33.460
2026-07-18T00:14:42.122Z,usb,1,848316260,19776,5062656,256,6000,33.460
2026-07-18T00:14:42.164Z,usb,1,848316260,19777,5062912,256,6000,33.460
2026-07-18T00:14:42.207Z,usb,1,848316260,19778,5063168,256,6000,33.460
2026-07-18T00:14:42.250Z,usb,1,848316260,19779,5063424,256,6000,33.460
2026-07-18T00:14:42.293Z,usb,1,848316260,19780,5063680,256,6000,33.460
2026-07-18T00:14:42.335Z,usb,1,848316260,19781,5063936,256,6000,33.460
2026-07-18T00:14:42.378Z,usb,1,848316260,19782,5064192,256,6000,33.460
2026-07-18T00:14:42.420Z,usb,1,848316260,19783,5064448,256,6000,33.460
2026-07-18T00:14:42.463Z,usb,1,848316260,19784,5064704,256,6000,33.460
2026-07-18T00:14:42.505Z,usb,1,848316260,19785,5064960,256,6000,33.460
2026-07-18T00:14:42.548Z,usb,1,848316260,19786,5065216,256,6000,33.460
2026-07-18T00:14:42.590Z,usb,1,848316260,19787,5065472,256,6000,33.460
2026-07-18T00:14:42.633Z,usb,1,848316260,19788,5065728,256,6000,33.460
2026-07-18T00:14:42.675Z,usb,1,848316260,19789,5065984,256,6000,33.460
2026-07-18T00:14:42.718Z,usb,1,848316260,19790,5066240,256,6000,33.460
2026-07-18T00:14:42.760Z,usb,1,848316260,19791,5066496,256,6000,33.460
2026-07-18T00:14:42.803Z,usb,1,848316260,19792,5066752,256,6000,33.460
2026-07-18T00:14:42.845Z,usb,1,848316260,19793,5067008,256,6000,33.460
2026-07-18T00:14:42.888Z,usb,1,848316260,19794,5067264,256,6000,33.460
2026-07-18T00:14:42.930Z,usb,1,848316260,19795,5067520,256,6000,33.460
2026-07-18T00:14:42.973Z,usb,1,848316260,19796,5067776,256,6000,33.460
2026-07-18T00:14:43.015Z,usb,1,848316260,19797,5068032,256,6000,33.460
2026-07-18T00:14:43.058Z,usb,1,848316260,19798,5068288,256,6000,33.460
2026-07-18T00:14:43.100Z,usb,1,848316260,19799,5068544,256,6000,33.460
2026-07-18T00:14:43.143Z,usb,1,848316260,19800,5068800,256,6000,33.460
2026-07-18T00:14:43.185Z,usb,1,848316260,19801,5069056,256,6000,33.460
2026-07-18T00:14:43.228Z,usb,1,848316260,19802,5069312,256,6000,33.460
2026-07-18T00:14:43.271Z,usb,1,848316260,19803,5069568,256,6000,33.460
2026-07-18T00:14:43.313Z,usb,1,848316260,19804,5069824,256,6000,33.460
2026-07-18T00:14:43.356Z,usb,1,848316260,19805,5070080,256,6000,33.460
2026-07-18T00:14:43.398Z,usb,1,848316260,19806,5070336,256,6000,33.460
2026-07-18T00:14:43.441Z,usb,1,848316260,19807,5070592,256,6000,33.460
2026-07-18T00:14:43.483Z,usb,1,848316260,19808,5070848,256,6000,33.460
2026-07-18T00:14:43.526Z,usb,1,848316260,19809,5071104,256,6000,33.460
2026-07-18T00:14:43.568Z,usb,1,848316260,19810,5071360,256,6000,33.460
2026-07-18T00:14:43.611Z,usb,1,848316260,19811,5071616,256,6000,33.460
2026-07-18T00:14:43.653Z,usb,1,848316260,19812,5071872,256,6000,33.460
2026-07-18T00:14:43.696Z,usb,1,848316260,19813,5072128,256,6000,33.460
2026-07-18T00:14:43.739Z,usb,1,848316260,19814,5072384,256,6000,33.460
2026-07-18T00:14:43.781Z,usb,1,848316260,19815,5072640,256,6000,33.460
2026-07-18T00:14:43.823Z,usb,1,848316260,19816,5072896,256,6000,33.460
2026-07-18T00:14:43.866Z,usb,1,848316260,19817,5073152,256,6000,33.460
2026-07-18T00:14:43.908Z,usb,1,848316260,19818,5073408,256,6000,33.460
2026-07-18T00:14:43.951Z,usb,1,848316260,19819,5073664,256,6000,33.460
2026-07-18T00:14:43.993Z,usb,1,848316260,19820,5073920,256,6000,33.460
2026-07-18T00:14:44.036Z,usb,1,848316260,19821,5074176,256,6000,33.460
2026-07-18T00:14:44.078Z,usb,1,848316260,19822,5074432,256,6000,33.460
2026-07-18T00:14:44.121Z,usb,1,848316260,19823,5074688,256,6000,33.460
2026-07-18T00:14:44.163Z,usb,1,848316260,19824,5074944,256,6000,33.460
2026-07-18T00:14:44.206Z,usb,1,848316260,19825,5075200,256,6000,33.460
2026-07-18T00:14:44.248Z,usb,1,848316260,19826,5075456,256,6000,33.460
2026-07-18T00:14:44.292Z,usb,1,848316260,19827,5075712,256,6000,33.460
2026-07-18T00:14:44.334Z,usb,1,848316260,19828,5075968,256,6000,33.460
2026-07-18T00:14:44.377Z,usb,1,848316260,19829,5076224,256,6000,33.460
2026-07-18T00:14:44.419Z,usb,1,848316260,19830,5076480,256,6000,33.460
2026-07-18T00:14:44.462Z,usb,1,848316260,19831,5076736,256,6000,33.460
2026-07-18T00:14:44.504Z,usb,1,848316260,19832,5076992,256,6000,33.460
2026-07-18T00:14:44.547Z,usb,1,848316260,19833,5077248,256,6000,33.460
2026-07-18T00:14:44.589Z,usb,1,848316260,19834,5077504,256,6000,33.460
2026-07-18T00:14:44.632Z,usb,1,848316260,19835,5077760,256,6000,33.460
2026-07-18T00:14:44.674Z,usb,1,848316260,19836,5078016,256,6000,33.460
2026-07-18T00:14:44.717Z,usb,1,848316260,19837,5078272,256,6000,33.460
2026-07-18T00:14:44.759Z,usb,1,848316260,19838,5078528,256,6000,33.460
2026-07-18T00:14:44.802Z,usb,1,848316260,19839,5078784,256,6000,33.460
2026-07-18T00:14:44.844Z,usb,1,848316260,19840,5079040,256,6000,33.460
2026-07-18T00:14:44.887Z,usb,1,848316260,19841,5079296,256,6000,33.460
2026-07-18T00:14:44.929Z,usb,1,848316260,19842,5079552,256,6000,33.460
2026-07-18T00:14:44.972Z,usb,1,848316260,19843,5079808,256,6000,33.460
2026-07-18T00:14:45.015Z,usb,1,848316260,19844,5080064,256,6000,33.460
2026-07-18T00:14:45.057Z,usb,1,848316260,19845,5080320,256,6000,33.460
2026-07-18T00:14:45.099Z,usb,1,848316260,19846,5080576,256,6000,33.460
2026-07-18T00:14:45.142Z,usb,1,848316260,19847,5080832,256,6000,33.460
2026-07-18T00:14:45.184Z,usb,1,848316260,19848,5081088,256,6000,33.460
2026-07-18T00:14:45.227Z,usb,1,848316260,19849,5081344,256,6000,33.460
2026-07-18T00:14:45.269Z,usb,1,848316260,19850,5081600,256,6000,33.460
2026-07-18T00:14:45.312Z,usb,1,848316260,19851,5081856,256,6000,33.460
2026-07-18T00:14:45.355Z,usb,1,848316260,19852,5082112,256,6000,33.460
2026-07-18T00:14:45.398Z,usb,1,848316260,19853,5082368,256,6000,33.460
2026-07-18T00:14:45.440Z,usb,1,848316260,19854,5082624,256,6000,33.460
2026-07-18T00:14:45.482Z,usb,1,848316260,19855,5082880,256,6000,33.460
2026-07-18T00:14:45.525Z,usb,1,848316260,19856,5083136,256,6000,33.460
2026-07-18T00:14:45.567Z,usb,1,848316260,19857,5083392,256,6000,33.460
2026-07-18T00:14:45.610Z,usb,1,848316260,19858,5083648,256,6000,33.460
2026-07-18T00:14:45.653Z,usb,1,848316260,19859,5083904,256,6000,33.460
2026-07-18T00:14:45.695Z,usb,1,848316260,19860,5084160,256,6000,33.460
2026-07-18T00:14:45.737Z,usb,1,848316260,19861,5084416,256,6000,33.460
2026-07-18T00:14:45.780Z,usb,1,848316260,19862,5084672,256,6000,33.460
2026-07-18T00:14:45.823Z,usb,1,848316260,19863,5084928,256,6000,33.460
2026-07-18T00:14:45.865Z,usb,1,848316260,19864,5085184,256,6000,33.460
2026-07-18T00:14:45.909Z,usb,1,848316260,19865,5085440,256,6000,33.460
2026-07-18T00:14:45.950Z,usb,1,848316260,19866,5085696,256,6000,33.460
2026-07-18T00:14:45.993Z,usb,1,848316260,19867,5085952,256,6000,33.460
2026-07-18T00:14:46.035Z,usb,1,848316260,19868,5086208,256,6000,33.460
2026-07-18T00:14:46.078Z,usb,1,848316260,19869,5086464,256,6000,33.460
2026-07-18T00:14:46.120Z,usb,1,848316260,19870,5086720,256,6000,33.460
2026-07-18T00:14:46.162Z,usb,1,848316260,19871,5086976,256,6000,33.460
2026-07-18T00:14:46.205Z,usb,1,848316260,19872,5087232,256,6000,33.460
2026-07-18T00:14:46.247Z,usb,1,848316260,19873,5087488,256,6000,33.460
2026-07-18T00:14:46.290Z,usb,1,848316260,19874,5087744,256,6000,33.460
2026-07-18T00:14:46.333Z,usb,1,848316260,19875,5088000,256,6000,33.460
2026-07-18T00:14:46.376Z,usb,1,848316260,19876,5088256,256,6000,33.460
2026-07-18T00:14:46.418Z,usb,1,848316260,19877,5088512,256,6000,33.460
2026-07-18T00:14:46.461Z,usb,1,848316260,19878,5088768,256,6000,33.460
2026-07-18T00:14:46.503Z,usb,1,848316260,19879,5089024,256,6000,33.460
2026-07-18T00:14:46.546Z,usb,1,848316260,19880,5089280,256,6000,33.460
2026-07-18T00:14:46.590Z,usb,1,848316260,19881,5089536,256,6000,33.460
2026-07-18T00:14:46.631Z,usb,1,848316260,19882,5089792,256,6000,33.460
2026-07-18T00:14:46.673Z,usb,1,848316260,19883,5090048,256,6000,33.460
2026-07-18T00:14:46.716Z,usb,1,848316260,19884,5090304,256,6000,33.460
2026-07-18T00:14:46.758Z,usb,1,848316260,19885,5090560,256,6000,33.460
2026-07-18T00:14:46.801Z,usb,1,848316260,19886,5090816,256,6000,33.460
2026-07-18T00:14:46.843Z,usb,1,848316260,19887,5091072,256,6000,33.460
2026-07-18T00:14:46.886Z,usb,1,848316260,19888,5091328,256,6000,33.460
2026-07-18T00:14:46.928Z,usb,1,848316260,19889,5091584,256,6000,33.460
2026-07-18T00:14:46.971Z,usb,1,848316260,19890,5091840,256,6000,33.460
2026-07-18T00:14:47.013Z,usb,1,848316260,19891,5092096,256,6000,33.460
2026-07-18T00:14:47.056Z,usb,1,848316260,19892,5092352,256,6000,33.460
2026-07-18T00:14:47.098Z,usb,1,848316260,19893,5092608,256,6000,33.460
2026-07-18T00:14:47.141Z,usb,1,848316260,19894,5092864,256,6000,33.460
2026-07-18T00:14:47.183Z,usb,1,848316260,19895,5093120,256,6000,33.460
2026-07-18T00:14:47.226Z,usb,1,848316260,19896,5093376,256,6000,33.460
2026-07-18T00:14:47.268Z,usb,1,848316260,19897,5093632,256,6000,33.460
2026-07-18T00:14:47.311Z,usb,1,848316260,19898,5093888,256,6000,33.460
2026-07-18T00:14:47.354Z,usb,1,848316260,19899,5094144,256,6000,33.460
2026-07-18T00:14:47.396Z,usb,1,848316260,19900,5094400,256,6000,33.460
2026-07-18T00:14:47.439Z,usb,1,848316260,19901,5094656,256,6000,33.460
2026-07-18T00:14:47.481Z,usb,1,848316260,19902,5094912,256,6000,33.460
2026-07-18T00:14:47.524Z,usb,1,848316260,19903,5095168,256,6000,33.460
2026-07-18T00:14:47.566Z,usb,1,848316260,19904,5095424,256,6000,33.460
2026-07-18T00:14:47.609Z,usb,1,848316260,19905,5095680,256,6000,33.460
2026-07-18T00:14:47.651Z,usb,1,848316260,19906,5095936,256,6000,33.460
2026-07-18T00:14:47.694Z,usb,1,848316260,19907,5096192,256,6000,33.460
2026-07-18T00:14:47.737Z,usb,1,848316260,19908,5096448,256,6000,33.460
2026-07-18T00:14:47.779Z,usb,1,848316260,19909,5096704,256,6000,33.460
2026-07-18T00:14:47.822Z,usb,1,848316260,19910,5096960,256,6000,33.460
2026-07-18T00:14:47.864Z,usb,1,848316260,19911,5097216,256,6000,33.460
2026-07-18T00:14:47.906Z,usb,1,848316260,19912,5097472,256,6000,33.460
2026-07-18T00:14:47.949Z,usb,1,848316260,19913,5097728,256,6000,33.460
2026-07-18T00:14:47.991Z,usb,1,848316260,19914,5097984,256,6000,33.460
2026-07-18T00:14:48.034Z,usb,1,848316260,19915,5098240,256,6000,33.460
2026-07-18T00:14:48.077Z,usb,1,848316260,19916,5098496,256,6000,33.460
2026-07-18T00:14:48.119Z,usb,1,848316260,19917,5098752,256,6000,33.460
2026-07-18T00:14:48.161Z,usb,1,848316260,19918,5099008,256,6000,33.460
2026-07-18T00:14:48.204Z,usb,1,848316260,19919,5099264,256,6000,33.460
2026-07-18T00:14:48.246Z,usb,1,848316260,19920,5099520,256,6000,33.460
2026-07-18T00:14:48.289Z,usb,1,848316260,19921,5099776,256,6000,33.460
2026-07-18T00:14:48.332Z,usb,1,848316260,19922,5100032,256,6000,33.460
2026-07-18T00:14:48.375Z,usb,1,848316260,19923,5100288,256,6000,33.460
2026-07-18T00:14:48.417Z,usb,1,848316260,19924,5100544,256,6000,33.460
2026-07-18T00:14:48.460Z,usb,1,848316260,19925,5100800,256,6000,33.460
2026-07-18T00:14:48.502Z,usb,1,848316260,19926,5101056,256,6000,33.460
2026-07-18T00:14:48.544Z,usb,1,848316260,19927,5101312,256,6000,33.460
2026-07-18T00:14:48.587Z,usb,1,848316260,19928,5101568,256,6000,33.460
2026-07-18T00:14:48.630Z,usb,1,848316260,19929,5101824,256,6000,33.460
2026-07-18T00:14:48.672Z,usb,1,848316260,19930,5102080,256,6000,33.460
2026-07-18T00:14:48.715Z,usb,1,848316260,19931,5102336,256,6000,33.460
2026-07-18T00:14:48.757Z,usb,1,848316260,19932,5102592,256,6000,33.460
2026-07-18T00:14:48.800Z,usb,1,848316260,19933,5102848,256,6000,33.460
2026-07-18T00:14:48.842Z,usb,1,848316260,19934,5103104,256,6000,33.460
2026-07-18T00:14:48.885Z,usb,1,848316260,19935,5103360,256,6000,33.460
2026-07-18T00:14:48.927Z,usb,1,848316260,19936,5103616,256,6000,33.460
2026-07-18T00:14:48.970Z,usb,1,848316260,19937,5103872,256,6000,33.460
2026-07-18T00:14:49.012Z,usb,1,848316260,19938,5104128,256,6000,33.460
2026-07-18T00:14:49.055Z,usb,1,848316260,19939,5104384,256,6000,33.460
2026-07-18T00:14:49.097Z,usb,1,848316260,19940,5104640,256,6000,33.460
2026-07-18T00:14:49.140Z,usb,1,848316260,19941,5104896,256,6000,33.460
2026-07-18T00:14:49.182Z,usb,1,848316260,19942,5105152,256,6000,33.460
2026-07-18T00:14:49.225Z,usb,1,848316260,19943,5105408,256,6000,33.460
2026-07-18T00:14:49.267Z,usb,1,848316260,19944,5105664,256,6000,33.460
2026-07-18T00:14:49.310Z,usb,1,848316260,19945,5105920,256,6000,33.460
2026-07-18T00:14:49.352Z,usb,1,848316260,19946,5106176,256,6000,33.460
2026-07-18T00:14:49.395Z,usb,1,848316260,19947,5106432,256,6000,33.460
2026-07-18T00:14:49.438Z,usb,1,848316260,19948,5106688,256,6000,33.460
2026-07-18T00:14:49.480Z,usb,1,848316260,19949,5106944,256,6000,33.460
2026-07-18T00:14:49.523Z,usb,1,848316260,19950,5107200,256,6000,33.460
2026-07-18T00:14:49.565Z,usb,1,848316260,19951,5107456,256,6000,33.460
2026-07-18T00:14:49.608Z,usb,1,848316260,19952,5107712,256,6000,33.460
2026-07-18T00:14:49.650Z,usb,1,848316260,19953,5107968,256,6000,33.460
2026-07-18T00:14:49.693Z,usb,1,848316260,19954,5108224,256,6000,33.460
2026-07-18T00:14:49.735Z,usb,1,848316260,19955,5108480,256,6000,33.460
2026-07-18T00:14:49.778Z,usb,1,848316260,19956,5108736,256,6000,33.460
2026-07-18T00:14:49.820Z,usb,1,848316260,19957,5108992,256,6000,33.460
2026-07-18T00:14:49.863Z,usb,1,848316260,19958,5109248,256,6000,33.460
2026-07-18T00:14:49.905Z,usb,1,848316260,19959,5109504,256,6000,33.460
2026-07-18T00:14:49.948Z,usb,1,848316260,19960,5109760,256,6000,33.460
2026-07-18T00:14:49.990Z,usb,1,848316260,19961,5110016,256,6000,33.460
2026-07-18T00:14:50.033Z,usb,1,848316260,19962,5110272,256,6000,33.460
2026-07-18T00:14:50.075Z,usb,1,848316260,19963,5110528,256,6000,33.460
2026-07-18T00:14:50.118Z,usb,1,848316260,19964,5110784,256,6000,33.460
2026-07-18T00:14:50.160Z,usb,1,848316260,19965,5111040,256,6000,33.460
2026-07-18T00:14:50.203Z,usb,1,848316260,19966,5111296,256,6000,33.460
2026-07-18T00:14:50.246Z,usb,1,848316260,19967,5111552,256,6000,33.460
2026-07-18T00:14:50.288Z,usb,1,848316260,19968,5111808,256,6000,33.460
2026-07-18T00:14:50.330Z,usb,1,848316260,19969,5112064,256,6000,33.460
2026-07-18T00:14:50.373Z,usb,1,848316260,19970,5112320,256,6000,33.460
2026-07-18T00:14:50.416Z,usb,1,848316260,19971,5112576,256,6000,33.460
2026-07-18T00:14:50.459Z,usb,1,848316260,19972,5112832,256,6000,33.460
2026-07-18T00:14:50.501Z,usb,1,848316260,19973,5113088,256,6000,33.460
2026-07-18T00:14:50.544Z,usb,1,848316260,19974,5113344,256,6000,33.460
2026-07-18T00:14:50.586Z,usb,1,848316260,19975,5113600,256,6000,33.460
2026-07-18T00:14:50.629Z,usb,1,848316260,19976,5113856,256,6000,33.460
2026-07-18T00:14:50.671Z,usb,1,848316260,19977,5114112,256,6000,33.460
2026-07-18T00:14:50.714Z,usb,1,848316260,19978,5114368,256,6000,33.460
2026-07-18T00:14:50.756Z,usb,1,848316260,19979,5114624,256,6000,33.460
2026-07-18T00:14:50.799Z,usb,1,848316260,19980,5114880,256,6000,33.460
2026-07-18T00:14:50.841Z,usb,1,848316260,19981,5115136,256,6000,33.460
2026-07-18T00:14:50.883Z,usb,1,848316260,19982,5115392,256,6000,33.460
2026-07-18T00:14:50.926Z,usb,1,848316260,19983,5115648,256,6000,33.460
2026-07-18T00:14:50.969Z,usb,1,848316260,19984,5115904,256,6000,33.460
2026-07-18T00:14:51.011Z,usb,1,848316260,19985,5116160,256,6000,33.460
2026-07-18T00:14:51.054Z,usb,1,848316260,19986,5116416,256,6000,33.460
2026-07-18T00:14:51.096Z,usb,1,848316260,19987,5116672,256,6000,33.460
2026-07-18T00:14:51.139Z,usb,1,848316260,19988,5116928,256,6000,33.460
2026-07-18T00:14:51.181Z,usb,1,848316260,19989,5117184,256,6000,33.460
2026-07-18T00:14:51.224Z,usb,1,848316260,19990,5117440,256,6000,33.460
2026-07-18T00:14:51.266Z,usb,1,848316260,19991,5117696,256,6000,33.460
2026-07-18T00:14:51.309Z,usb,1,848316260,19992,5117952,256,6000,33.460
2026-07-18T00:14:51.351Z,usb,1,848316260,19993,5118208,256,6000,33.460
2026-07-18T00:14:51.394Z,usb,1,848316260,19994,5118464,256,6000,33.460
2026-07-18T00:14:51.437Z,usb,1,848316260,19995,5118720,256,6000,33.460
2026-07-18T00:14:51.479Z,usb,1,848316260,19996,5118976,256,6000,33.460
2026-07-18T00:14:51.522Z,usb,1,848316260,19997,5119232,256,6000,33.460
2026-07-18T00:14:51.564Z,usb,1,848316260,19998,5119488,256,6000,33.460
2026-07-18T00:14:51.607Z,usb,1,848316260,19999,5119744,256,6000,33.460
2026-07-18T00:14:51.650Z,usb,1,848316260,20000,5120000,256,6000,33.460
2026-07-18T00:14:51.692Z,usb,1,848316260,20001,5120256,256,6000,33.460
2026-07-18T00:14:51.734Z,usb,1,848316260,20002,5120512,256,6000,33.460
2026-07-18T00:14:51.777Z,usb,1,848316260,20003,5120768,256,6000,33.460
2026-07-18T00:14:51.819Z,usb,1,848316260,20004,5121024,256,6000,33.460
2026-07-18T00:14:51.862Z,usb,1,848316260,20005,5121280,256,6000,33.460
2026-07-18T00:14:51.905Z,usb,1,848316260,20006,5121536,256,6000,33.460
2026-07-18T00:14:51.947Z,usb,1,848316260,20007,5121792,256,6000,33.460
2026-07-18T00:14:51.989Z,usb,1,848316260,20008,5122048,256,6000,33.460
2026-07-18T00:14:52.032Z,usb,1,848316260,20009,5122304,256,6000,33.460
2026-07-18T00:14:52.074Z,usb,1,848316260,20010,5122560,256,6000,33.460
2026-07-18T00:14:52.117Z,usb,1,848316260,20011,5122816,256,6000,33.460
2026-07-18T00:14:52.159Z,usb,1,848316260,20012,5123072,256,6000,33.460
2026-07-18T00:14:52.202Z,usb,1,848316260,20013,5123328,256,6000,33.460
2026-07-18T00:14:52.245Z,usb,1,848316260,20014,5123584,256,6000,33.460
2026-07-18T00:14:52.287Z,usb,1,848316260,20015,5123840,256,6000,33.460
2026-07-18T00:14:52.329Z,usb,1,848316260,20016,5124096,256,6000,33.460
2026-07-18T00:14:52.372Z,usb,1,848316260,20017,5124352,256,6000,33.460
2026-07-18T00:14:52.415Z,usb,1,848316260,20018,5124608,256,6000,33.460
2026-07-18T00:14:52.458Z,usb,1,848316260,20019,5124864,256,6000,33.450
2026-07-18T00:14:52.500Z,usb,1,848316260,20020,5125120,256,6000,33.450
2026-07-18T00:14:52.543Z,usb,1,848316260,20021,5125376,256,6000,33.450
2026-07-18T00:14:52.585Z,usb,1,848316260,20022,5125632,256,6000,33.450
2026-07-18T00:14:52.628Z,usb,1,848316260,20023,5125888,256,6000,33.450
2026-07-18T00:14:52.670Z,usb,1,848316260,20024,5126144,256,6000,33.450
2026-07-18T00:14:52.713Z,usb,1,848316260,20025,5126400,256,6000,33.450
2026-07-18T00:14:52.755Z,usb,1,848316260,20026,5126656,256,6000,33.450
2026-07-18T00:14:52.798Z,usb,1,848316260,20027,5126912,256,6000,33.450
2026-07-18T00:14:52.840Z,usb,1,848316260,20028,5127168,256,6000,33.450
2026-07-18T00:14:52.883Z,usb,1,848316260,20029,5127424,256,6000,33.450
2026-07-18T00:14:52.925Z,usb,1,848316260,20030,5127680,256,6000,33.450
2026-07-18T00:14:52.968Z,usb,1,848316260,20031,5127936,256,6000,33.450
2026-07-18T00:14:53.010Z,usb,1,848316260,20032,5128192,256,6000,33.450
2026-07-18T00:14:53.053Z,usb,1,848316260,20033,5128448,256,6000,33.450
2026-07-18T00:14:53.095Z,usb,1,848316260,20034,5128704,256,6000,33.450
2026-07-18T00:14:53.138Z,usb,1,848316260,20035,5128960,256,6000,33.450
2026-07-18T00:14:53.180Z,usb,1,848316260,20036,5129216,256,6000,33.450
2026-07-18T00:14:53.223Z,usb,1,848316260,20037,5129472,256,6000,33.450
2026-07-18T00:14:53.265Z,usb,1,848316260,20038,5129728,256,6000,33.450
2026-07-18T00:14:53.308Z,usb,1,848316260,20039,5129984,256,6000,33.450
2026-07-18T00:14:53.350Z,usb,1,848316260,20040,5130240,256,6000,33.450
2026-07-18T00:14:53.393Z,usb,1,848316260,20041,5130496,256,6000,33.450
2026-07-18T00:14:53.435Z,usb,1,848316260,20042,5130752,256,6000,33.450
2026-07-18T00:14:53.478Z,usb,1,848316260,20043,5131008,256,6000,33.460
2026-07-18T00:14:53.521Z,usb,1,848316260,20044,5131264,256,6000,33.460
2026-07-18T00:14:53.563Z,usb,1,848316260,20045,5131520,256,6000,33.460
2026-07-18T00:14:53.606Z,usb,1,848316260,20046,5131776,256,6000,33.460
2026-07-18T00:14:53.648Z,usb,1,848316260,20047,5132032,256,6000,33.460
2026-07-18T00:14:53.691Z,usb,1,848316260,20048,5132288,256,6000,33.460
2026-07-18T00:14:53.733Z,usb,1,848316260,20049,5132544,256,6000,33.460
2026-07-18T00:14:53.776Z,usb,1,848316260,20050,5132800,256,6000,33.460
2026-07-18T00:14:53.818Z,usb,1,848316260,20051,5133056,256,6000,33.460
2026-07-18T00:14:53.861Z,usb,1,848316260,20052,5133312,256,6000,33.460
2026-07-18T00:14:53.903Z,usb,1,848316260,20053,5133568,256,6000,33.460
2026-07-18T00:14:53.946Z,usb,1,848316260,20054,5133824,256,6000,33.460
2026-07-18T00:14:53.988Z,usb,1,848316260,20055,5134080,256,6000,33.460
2026-07-18T00:14:54.031Z,usb,1,848316260,20056,5134336,256,6000,33.460
2026-07-18T00:14:54.073Z,usb,1,848316260,20057,5134592,256,6000,33.460
2026-07-18T00:14:54.116Z,usb,1,848316260,20058,5134848,256,6000,33.460
2026-07-18T00:14:54.158Z,usb,1,848316260,20059,5135104,256,6000,33.460
2026-07-18T00:14:54.201Z,usb,1,848316260,20060,5135360,256,6000,33.460
2026-07-18T00:14:54.243Z,usb,1,848316260,20061,5135616,256,6000,33.460
2026-07-18T00:14:54.286Z,usb,1,848316260,20062,5135872,256,6000,33.460
2026-07-18T00:14:54.328Z,usb,1,848316260,20063,5136128,256,6000,33.460
2026-07-18T00:14:54.371Z,usb,1,848316260,20064,5136384,256,6000,33.460
2026-07-18T00:14:54.413Z,usb,1,848316260,20065,5136640,256,6000,33.460
2026-07-18T00:14:54.456Z,usb,1,848316260,20066,5136896,256,6000,33.460
2026-07-18T00:14:54.499Z,usb,1,848316260,20067,5137152,256,6000,33.460
2026-07-18T00:14:54.542Z,usb,1,848316260,20068,5137408,256,6000,33.460
2026-07-18T00:14:54.584Z,usb,1,848316260,20069,5137664,256,6000,33.460
2026-07-18T00:14:54.627Z,usb,1,848316260,20070,5137920,256,6000,33.460
2026-07-18T00:14:54.669Z,usb,1,848316260,20071,5138176,256,6000,33.460
2026-07-18T00:14:54.712Z,usb,1,848316260,20072,5138432,256,6000,33.460
2026-07-18T00:14:54.754Z,usb,1,848316260,20073,5138688,256,6000,33.460
2026-07-18T00:14:54.797Z,usb,1,848316260,20074,5138944,256,6000,33.460
2026-07-18T00:14:54.839Z,usb,1,848316260,20075,5139200,256,6000,33.460
2026-07-18T00:14:54.882Z,usb,1,848316260,20076,5139456,256,6000,33.460
2026-07-18T00:14:54.924Z,usb,1,848316260,20077,5139712,256,6000,33.460
2026-07-18T00:14:54.967Z,usb,1,848316260,20078,5139968,256,6000,33.460
2026-07-18T00:14:55.009Z,usb,1,848316260,20079,5140224,256,6000,33.460
2026-07-18T00:14:55.052Z,usb,1,848316260,20080,5140480,256,6000,33.460
2026-07-18T00:14:55.094Z,usb,1,848316260,20081,5140736,256,6000,33.460
2026-07-18T00:14:55.137Z,usb,1,848316260,20082,5140992,256,6000,33.460
2026-07-18T00:14:55.179Z,usb,1,848316260,20083,5141248,256,6000,33.460
2026-07-18T00:14:55.222Z,usb,1,848316260,20084,5141504,256,6000,33.460
2026-07-18T00:14:55.264Z,usb,1,848316260,20085,5141760,256,6000,33.460
2026-07-18T00:14:55.307Z,usb,1,848316260,20086,5142016,256,6000,33.460
2026-07-18T00:14:55.349Z,usb,1,848316260,20087,5142272,256,6000,33.460
2026-07-18T00:14:55.392Z,usb,1,848316260,20088,5142528,256,6000,33.460
2026-07-18T00:14:55.434Z,usb,1,848316260,20089,5142784,256,6000,33.460
2026-07-18T00:14:55.477Z,usb,1,848316260,20090,5143040,256,6000,33.460
2026-07-18T00:14:55.520Z,usb,1,848316260,20091,5143296,256,6000,33.460
2026-07-18T00:14:55.562Z,usb,1,848316260,20092,5143552,256,6000,33.460
2026-07-18T00:14:55.605Z,usb,1,848316260,20093,5143808,256,6000,33.460
2026-07-18T00:14:55.647Z,usb,1,848316260,20094,5144064,256,6000,33.460
2026-07-18T00:14:55.690Z,usb,1,848316260,20095,5144320,256,6000,33.460
2026-07-18T00:14:55.732Z,usb,1,848316260,20096,5144576,256,6000,33.460
2026-07-18T00:14:55.775Z,usb,1,848316260,20097,5144832,256,6000,33.460
2026-07-18T00:14:55.818Z,usb,1,848316260,20098,5145088,256,6000,33.460
2026-07-18T00:14:55.860Z,usb,1,848316260,20099,5145344,256,6000,33.460
2026-07-18T00:14:55.903Z,usb,1,848316260,20100,5145600,256,6000,33.460
2026-07-18T00:14:55.945Z,usb,1,848316260,20101,5145856,256,6000,33.460
2026-07-18T00:14:55.987Z,usb,1,848316260,20102,5146112,256,6000,33.460
2026-07-18T00:14:56.030Z,usb,1,848316260,20103,5146368,256,6000,33.460
2026-07-18T00:14:56.072Z,usb,1,848316260,20104,5146624,256,6000,33.460
2026-07-18T00:14:56.115Z,usb,1,848316260,20105,5146880,256,6000,33.460
2026-07-18T00:14:56.157Z,usb,1,848316260,20106,5147136,256,6000,33.460
2026-07-18T00:14:56.200Z,usb,1,848316260,20107,5147392,256,6000,33.460
2026-07-18T00:14:56.242Z,usb,1,848316260,20108,5147648,256,6000,33.460
2026-07-18T00:14:56.285Z,usb,1,848316260,20109,5147904,256,6000,33.460
2026-07-18T00:14:56.327Z,usb,1,848316260,20110,5148160,256,6000,33.460
2026-07-18T00:14:56.370Z,usb,1,848316260,20111,5148416,256,6000,33.460
2026-07-18T00:14:56.412Z,usb,1,848316260,20112,5148672,256,6000,33.460
2026-07-18T00:14:56.455Z,usb,1,848316260,20113,5148928,256,6000,33.460
2026-07-18T00:14:56.497Z,usb,1,848316260,20114,5149184,256,6000,33.460
2026-07-18T00:14:56.540Z,usb,1,848316260,20115,5149440,256,6000,33.460
2026-07-18T00:14:56.583Z,usb,1,848316260,20116,5149696,256,6000,33.460
2026-07-18T00:14:56.625Z,usb,1,848316260,20117,5149952,256,6000,33.460
2026-07-18T00:14:56.668Z,usb,1,848316260,20118,5150208,256,6000,33.460
2026-07-18T00:14:56.710Z,usb,1,848316260,20119,5150464,256,6000,33.460
2026-07-18T00:14:56.753Z,usb,1,848316260,20120,5150720,256,6000,33.460
2026-07-18T00:14:56.796Z,usb,1,848316260,20121,5150976,256,6000,33.460
2026-07-18T00:14:56.838Z,usb,1,848316260,20122,5151232,256,6000,33.460
2026-07-18T00:14:56.881Z,usb,1,848316260,20123,5151488,256,6000,33.460
2026-07-18T00:14:56.923Z,usb,1,848316260,20124,5151744,256,6000,33.460
2026-07-18T00:14:56.966Z,usb,1,848316260,20125,5152000,256,6000,33.460
2026-07-18T00:14:57.008Z,usb,1,848316260,20126,5152256,256,6000,33.460
2026-07-18T00:14:57.051Z,usb,1,848316260,20127,5152512,256,6000,33.460
2026-07-18T00:14:57.093Z,usb,1,848316260,20128,5152768,256,6000,33.460
2026-07-18T00:14:57.136Z,usb,1,848316260,20129,5153024,256,6000,33.460
2026-07-18T00:14:57.178Z,usb,1,848316260,20130,5153280,256,6000,33.460
2026-07-18T00:14:57.221Z,usb,1,848316260,20131,5153536,256,6000,33.460
2026-07-18T00:14:57.263Z,usb,1,848316260,20132,5153792,256,6000,33.460
2026-07-18T00:14:57.306Z,usb,1,848316260,20133,5154048,256,6000,33.460
2026-07-18T00:14:57.348Z,usb,1,848316260,20134,5154304,256,6000,33.460
2026-07-18T00:14:57.391Z,usb,1,848316260,20135,5154560,256,6000,33.460
2026-07-18T00:14:57.433Z,usb,1,848316260,20136,5154816,256,6000,33.460
2026-07-18T00:14:57.475Z,usb,1,848316260,20137,5155072,256,6000,33.460
2026-07-18T00:14:57.518Z,usb,1,848316260,20138,5155328,256,6000,33.460
2026-07-18T00:14:57.561Z,usb,1,848316260,20139,5155584,256,6000,33.460
2026-07-18T00:14:57.604Z,usb,1,848316260,20140,5155840,256,6000,33.460
2026-07-18T00:14:57.646Z,usb,1,848316260,20141,5156096,256,6000,33.460
2026-07-18T00:14:57.689Z,usb,1,848316260,20142,5156352,256,6000,33.460
2026-07-18T00:14:57.731Z,usb,1,848316260,20143,5156608,256,6000,33.460
2026-07-18T00:14:57.774Z,usb,1,848316260,20144,5156864,256,6000,33.460
2026-07-18T00:14:57.816Z,usb,1,848316260,20145,5157120,256,6000,33.460
2026-07-18T00:14:57.859Z,usb,1,848316260,20146,5157376,256,6000,33.460
2026-07-18T00:14:57.901Z,usb,1,848316260,20147,5157632,256,6000,33.460
2026-07-18T00:14:57.944Z,usb,1,848316260,20148,5157888,256,6000,33.460
2026-07-18T00:14:57.986Z,usb,1,848316260,20149,5158144,256,6000,33.460
2026-07-18T00:14:58.029Z,usb,1,848316260,20150,5158400,256,6000,33.460
2026-07-18T00:14:58.071Z,usb,1,848316260,20151,5158656,256,6000,33.460
2026-07-18T00:14:58.114Z,usb,1,848316260,20152,5158912,256,6000,33.460
2026-07-18T00:14:58.156Z,usb,1,848316260,20153,5159168,256,6000,33.460
2026-07-18T00:14:58.199Z,usb,1,848316260,20154,5159424,256,6000,33.460
2026-07-18T00:14:58.242Z,usb,1,848316260,20155,5159680,256,6000,33.460
2026-07-18T00:14:58.284Z,usb,1,848316260,20156,5159936,256,6000,33.460
2026-07-18T00:14:58.326Z,usb,1,848316260,20157,5160192,256,6000,33.460
2026-07-18T00:14:58.369Z,usb,1,848316260,20158,5160448,256,6000,33.460
2026-07-18T00:14:58.411Z,usb,1,848316260,20159,5160704,256,6000,33.460
2026-07-18T00:14:58.454Z,usb,1,848316260,20160,5160960,256,6000,33.460
2026-07-18T00:14:58.496Z,usb,1,848316260,20161,5161216,256,6000,33.460
2026-07-18T00:14:58.540Z,usb,1,848316260,20162,5161472,256,6000,33.460
2026-07-18T00:14:58.582Z,usb,1,848316260,20163,5161728,256,6000,33.460
2026-07-18T00:14:58.625Z,usb,1,848316260,20164,5161984,256,6000,33.460
2026-07-18T00:14:58.667Z,usb,1,848316260,20165,5162240,256,6000,33.460
2026-07-18T00:14:58.710Z,usb,1,848316260,20166,5162496,256,6000,33.460
2026-07-18T00:14:58.752Z,usb,1,848316260,20167,5162752,256,6000,33.460
2026-07-18T00:14:58.795Z,usb,1,848316260,20168,5163008,256,6000,33.460
2026-07-18T00:14:58.837Z,usb,1,848316260,20169,5163264,256,6000,33.460
2026-07-18T00:14:58.880Z,usb,1,848316260,20170,5163520,256,6000,33.460
2026-07-18T00:14:58.922Z,usb,1,848316260,20171,5163776,256,6000,33.460
2026-07-18T00:14:58.964Z,usb,1,848316260,20172,5164032,256,6000,33.460
2026-07-18T00:14:59.007Z,usb,1,848316260,20173,5164288,256,6000,33.460
2026-07-18T00:14:59.050Z,usb,1,848316260,20174,5164544,256,6000,33.460
2026-07-18T00:14:59.092Z,usb,1,848316260,20175,5164800,256,6000,33.460
2026-07-18T00:14:59.135Z,usb,1,848316260,20176,5165056,256,6000,33.460
2026-07-18T00:14:59.177Z,usb,1,848316260,20177,5165312,256,6000,33.460
2026-07-18T00:14:59.220Z,usb,1,848316260,20178,5165568,256,6000,33.460
2026-07-18T00:14:59.262Z,usb,1,848316260,20179,5165824,256,6000,33.460
2026-07-18T00:14:59.305Z,usb,1,848316260,20180,5166080,256,6000,33.460
2026-07-18T00:14:59.347Z,usb,1,848316260,20181,5166336,256,6000,33.460
2026-07-18T00:14:59.390Z,usb,1,848316260,20182,5166592,256,6000,33.460
2026-07-18T00:14:59.432Z,usb,1,848316260,20183,5166848,256,6000,33.460
2026-07-18T00:14:59.475Z,usb,1,848316260,20184,5167104,256,6000,33.460
2026-07-18T00:14:59.517Z,usb,1,848316260,20185,5167360,256,6000,33.460
2026-07-18T00:14:59.560Z,usb,1,848316260,20186,5167616,256,6000,33.460
2026-07-18T00:14:59.603Z,usb,1,848316260,20187,5167872,256,6000,33.460
2026-07-18T00:14:59.645Z,usb,1,848316260,20188,5168128,256,6000,33.460
2026-07-18T00:14:59.688Z,usb,1,848316260,20189,5168384,256,6000,33.460
2026-07-18T00:14:59.730Z,usb,1,848316260,20190,5168640,256,6000,33.460
2026-07-18T00:14:59.773Z,usb,1,848316260,20191,5168896,256,6000,33.460
2026-07-18T00:14:59.815Z,usb,1,848316260,20192,5169152,256,6000,33.460
2026-07-18T00:14:59.858Z,usb,1,848316260,20193,5169408,256,6000,33.460
2026-07-18T00:14:59.900Z,usb,1,848316260,20194,5169664,256,6000,33.460
2026-07-18T00:14:59.943Z,usb,1,848316260,20195,5169920,256,6000,33.460
2026-07-18T00:14:59.985Z,usb,1,848316260,20196,5170176,256,6000,33.460
2026-07-18T00:15:00.028Z,usb,1,848316260,20197,5170432,256,6000,33.460
2026-07-18T00:15:00.070Z,usb,1,848316260,20198,5170688,256,6000,33.460
2026-07-18T00:15:00.113Z,usb,1,848316260,20199,5170944,256,6000,33.460
2026-07-18T00:15:00.155Z,usb,1,848316260,20200,5171200,256,6000,33.460
2026-07-18T00:15:00.198Z,usb,1,848316260,20201,5171456,256,6000,33.460
2026-07-18T00:15:00.241Z,usb,1,848316260,20202,5171712,256,6000,33.460
2026-07-18T00:15:00.283Z,usb,1,848316260,20203,5171968,256,6000,33.460
2026-07-18T00:15:00.325Z,usb,1,848316260,20204,5172224,256,6000,33.460
2026-07-18T00:15:00.368Z,usb,1,848316260,20205,5172480,256,6000,33.460
2026-07-18T00:15:00.410Z,usb,1,848316260,20206,5172736,256,6000,33.460
2026-07-18T00:15:00.453Z,usb,1,848316260,20207,5172992,256,6000,33.460
2026-07-18T00:15:00.495Z,usb,1,848316260,20208,5173248,256,6000,33.460
2026-07-18T00:15:00.538Z,usb,1,848316260,20209,5173504,256,6000,33.460
2026-07-18T00:15:00.580Z,usb,1,848316260,20210,5173760,256,6000,33.460
2026-07-18T00:15:00.624Z,usb,1,848316260,20211,5174016,256,6000,33.460
2026-07-18T00:15:00.666Z,usb,1,848316260,20212,5174272,256,6000,33.460
2026-07-18T00:15:00.709Z,usb,1,848316260,20213,5174528,256,6000,33.460
2026-07-18T00:15:00.751Z,usb,1,848316260,20214,5174784,256,6000,33.460
2026-07-18T00:15:00.794Z,usb,1,848316260,20215,5175040,256,6000,33.460
2026-07-18T00:15:00.836Z,usb,1,848316260,20216,5175296,256,6000,33.460
2026-07-18T00:15:00.879Z,usb,1,848316260,20217,5175552,256,6000,33.460
2026-07-18T00:15:00.921Z,usb,1,848316260,20218,5175808,256,6000,33.460
2026-07-18T00:15:00.964Z,usb,1,848316260,20219,5176064,256,6000,33.460
2026-07-18T00:15:01.006Z,usb,1,848316260,20220,5176320,256,6000,33.460
2026-07-18T00:15:01.049Z,usb,1,848316260,20221,5176576,256,6000,33.460
2026-07-18T00:15:01.091Z,usb,1,848316260,20222,5176832,256,6000,33.460
2026-07-18T00:15:01.134Z,usb,1,848316260,20223,5177088,256,6000,33.460
2026-07-18T00:15:01.176Z,usb,1,848316260,20224,5177344,256,6000,33.460
2026-07-18T00:15:01.219Z,usb,1,848316260,20225,5177600,256,6000,33.460
2026-07-18T00:15:01.261Z,usb,1,848316260,20226,5177856,256,6000,33.460
2026-07-18T00:15:01.304Z,usb,1,848316260,20227,5178112,256,6000,33.460
2026-07-18T00:15:01.346Z,usb,1,848316260,20228,5178368,256,6000,33.460
2026-07-18T00:15:01.389Z,usb,1,848316260,20229,5178624,256,6000,33.460
2026-07-18T00:15:01.431Z,usb,1,848316260,20230,5178880,256,6000,33.460
2026-07-18T00:15:01.474Z,usb,1,848316260,20231,5179136,256,6000,33.460
2026-07-18T00:15:01.516Z,usb,1,848316260,20232,5179392,256,6000,33.460
2026-07-18T00:15:01.559Z,usb,1,848316260,20233,5179648,256,6000,33.460
2026-07-18T00:15:01.601Z,usb,1,848316260,20234,5179904,256,6000,33.460
2026-07-18T00:15:01.644Z,usb,1,848316260,20235,5180160,256,6000,33.470
2026-07-18T00:15:01.687Z,usb,1,848316260,20236,5180416,256,6000,33.470
2026-07-18T00:15:01.730Z,usb,1,848316260,20237,5180672,256,6000,33.470
2026-07-18T00:15:01.772Z,usb,1,848316260,20238,5180928,256,6000,33.470
2026-07-18T00:15:01.814Z,usb,1,848316260,20239,5181184,256,6000,33.470
2026-07-18T00:15:01.857Z,usb,1,848316260,20240,5181440,256,6000,33.470
2026-07-18T00:15:01.899Z,usb,1,848316260,20241,5181696,256,6000,33.470
2026-07-18T00:15:01.942Z,usb,1,848316260,20242,5181952,256,6000,33.470
2026-07-18T00:15:01.985Z,usb,1,848316260,20243,5182208,256,6000,33.470
2026-07-18T00:15:02.027Z,usb,1,848316260,20244,5182464,256,6000,33.470
2026-07-18T00:15:02.069Z,usb,1,848316260,20245,5182720,256,6000,33.470
2026-07-18T00:15:02.112Z,usb,1,848316260,20246,5182976,256,6000,33.470
2026-07-18T00:15:02.154Z,usb,1,848316260,20247,5183232,256,6000,33.470
2026-07-18T00:15:02.197Z,usb,1,848316260,20248,5183488,256,6000,33.470
2026-07-18T00:15:02.239Z,usb,1,848316260,20249,5183744,256,6000,33.470
2026-07-18T00:15:02.282Z,usb,1,848316260,20250,5184000,256,6000,33.470
2026-07-18T00:15:02.324Z,usb,1,848316260,20251,5184256,256,6000,33.470
2026-07-18T00:15:02.367Z,usb,1,848316260,20252,5184512,256,6000,33.470
2026-07-18T00:15:02.409Z,usb,1,848316260,20253,5184768,256,6000,33.470
2026-07-18T00:15:02.452Z,usb,1,848316260,20254,5185024,256,6000,33.470
2026-07-18T00:15:02.494Z,usb,1,848316260,20255,5185280,256,6000,33.470
2026-07-18T00:15:02.537Z,usb,1,848316260,20256,5185536,256,6000,33.470
2026-07-18T00:15:02.579Z,usb,1,848316260,20257,5185792,256,6000,33.470
2026-07-18T00:15:02.622Z,usb,1,848316260,20258,5186048,256,6000,33.470
2026-07-18T00:15:02.665Z,usb,1,848316260,20259,5186304,256,6000,33.460
2026-07-18T00:15:02.708Z,usb,1,848316260,20260,5186560,256,6000,33.460
2026-07-18T00:15:02.750Z,usb,1,848316260,20261,5186816,256,6000,33.460
2026-07-18T00:15:02.793Z,usb,1,848316260,20262,5187072,256,6000,33.460
2026-07-18T00:15:02.835Z,usb,1,848316260,20263,5187328,256,6000,33.460
2026-07-18T00:15:02.878Z,usb,1,848316260,20264,5187584,256,6000,33.460
2026-07-18T00:15:02.920Z,usb,1,848316260,20265,5187840,256,6000,33.460
2026-07-18T00:15:02.963Z,usb,1,848316260,20266,5188096,256,6000,33.460
2026-07-18T00:15:03.005Z,usb,1,848316260,20267,5188352,256,6000,33.460
2026-07-18T00:15:03.048Z,usb,1,848316260,20268,5188608,256,6000,33.460
2026-07-18T00:15:03.090Z,usb,1,848316260,20269,5188864,256,6000,33.460
2026-07-18T00:15:03.133Z,usb,1,848316260,20270,5189120,256,6000,33.460
2026-07-18T00:15:03.175Z,usb,1,848316260,20271,5189376,256,6000,33.460
2026-07-18T00:15:03.218Z,usb,1,848316260,20272,5189632,256,6000,33.460
2026-07-18T00:15:03.260Z,usb,1,848316260,20273,5189888,256,6000,33.460
2026-07-18T00:15:03.303Z,usb,1,848316260,20274,5190144,256,6000,33.460
2026-07-18T00:15:03.345Z,usb,1,848316260,20275,5190400,256,6000,33.460
2026-07-18T00:15:03.388Z,usb,1,848316260,20276,5190656,256,6000,33.460
2026-07-18T00:15:03.430Z,usb,1,848316260,20277,5190912,256,6000,33.460
2026-07-18T00:15:03.473Z,usb,1,848316260,20278,5191168,256,6000,33.460
2026-07-18T00:15:03.515Z,usb,1,848316260,20279,5191424,256,6000,33.460
2026-07-18T00:15:03.558Z,usb,1,848316260,20280,5191680,256,6000,33.460
2026-07-18T00:15:03.600Z,usb,1,848316260,20281,5191936,256,6000,33.460
2026-07-18T00:15:03.643Z,usb,1,848316260,20282,5192192,256,6000,33.460
2026-07-18T00:15:03.686Z,usb,1,848316260,20283,5192448,256,6000,33.460
2026-07-18T00:15:03.728Z,usb,1,848316260,20284,5192704,256,6000,33.460
2026-07-18T00:15:03.771Z,usb,1,848316260,20285,5192960,256,6000,33.460
2026-07-18T00:15:03.813Z,usb,1,848316260,20286,5193216,256,6000,33.460
2026-07-18T00:15:03.856Z,usb,1,848316260,20287,5193472,256,6000,33.460
2026-07-18T00:15:03.898Z,usb,1,848316260,20288,5193728,256,6000,33.460
2026-07-18T00:15:03.941Z,usb,1,848316260,20289,5193984,256,6000,33.460
2026-07-18T00:15:03.984Z,usb,1,848316260,20290,5194240,256,6000,33.460
2026-07-18T00:15:04.026Z,usb,1,848316260,20291,5194496,256,6000,33.460
2026-07-18T00:15:04.068Z,usb,1,848316260,20292,5194752,256,6000,33.460
2026-07-18T00:15:04.111Z,usb,1,848316260,20293,5195008,256,6000,33.460
2026-07-18T00:15:04.153Z,usb,1,848316260,20294,5195264,256,6000,33.460
2026-07-18T00:15:04.196Z,usb,1,848316260,20295,5195520,256,6000,33.460
2026-07-18T00:15:04.239Z,usb,1,848316260,20296,5195776,256,6000,33.460
2026-07-18T00:15:04.281Z,usb,1,848316260,20297,5196032,256,6000,33.460
2026-07-18T00:15:04.323Z,usb,1,848316260,20298,5196288,256,6000,33.460
2026-07-18T00:15:04.366Z,usb,1,848316260,20299,5196544,256,6000,33.460
2026-07-18T00:15:04.408Z,usb,1,848316260,20300,5196800,256,6000,33.460
2026-07-18T00:15:04.451Z,usb,1,848316260,20301,5197056,256,6000,33.460
2026-07-18T00:15:04.493Z,usb,1,848316260,20302,5197312,256,6000,33.460
2026-07-18T00:15:04.536Z,usb,1,848316260,20303,5197568,256,6000,33.460
2026-07-18T00:15:04.578Z,usb,1,848316260,20304,5197824,256,6000,33.460
2026-07-18T00:15:04.621Z,usb,1,848316260,20305,5198080,256,6000,33.460
2026-07-18T00:15:04.663Z,usb,1,848316260,20306,5198336,256,6000,33.460
2026-07-18T00:15:04.707Z,usb,1,848316260,20307,5198592,256,6000,33.470
2026-07-18T00:15:04.749Z,usb,1,848316260,20308,5198848,256,6000,33.470
2026-07-18T00:15:04.792Z,usb,1,848316260,20309,5199104,256,6000,33.470
2026-07-18T00:15:04.834Z,usb,1,848316260,20310,5199360,256,6000,33.470
2026-07-18T00:15:04.877Z,usb,1,848316260,20311,5199616,256,6000,33.470
2026-07-18T00:15:04.919Z,usb,1,848316260,20312,5199872,256,6000,33.470
2026-07-18T00:15:04.962Z,usb,1,848316260,20313,5200128,256,6000,33.470
2026-07-18T00:15:05.004Z,usb,1,848316260,20314,5200384,256,6000,33.470
2026-07-18T00:15:05.047Z,usb,1,848316260,20315,5200640,256,6000,33.470
2026-07-18T00:15:05.089Z,usb,1,848316260,20316,5200896,256,6000,33.470
2026-07-18T00:15:05.132Z,usb,1,848316260,20317,5201152,256,6000,33.470
2026-07-18T00:15:05.174Z,usb,1,848316260,20318,5201408,256,6000,33.470
2026-07-18T00:15:05.217Z,usb,1,848316260,20319,5201664,256,6000,33.470
2026-07-18T00:15:05.259Z,usb,1,848316260,20320,5201920,256,6000,33.470
2026-07-18T00:15:05.302Z,usb,1,848316260,20321,5202176,256,6000,33.470
2026-07-18T00:15:05.344Z,usb,1,848316260,20322,5202432,256,6000,33.470
2026-07-18T00:15:05.387Z,usb,1,848316260,20323,5202688,256,6000,33.470
2026-07-18T00:15:05.431Z,usb,1,848316260,20324,5202944,256,6000,33.470
2026-07-18T00:15:05.472Z,usb,1,848316260,20325,5203200,256,6000,33.470
2026-07-18T00:15:05.514Z,usb,1,848316260,20326,5203456,256,6000,33.470
2026-07-18T00:15:05.557Z,usb,1,848316260,20327,5203712,256,6000,33.470
2026-07-18T00:15:05.599Z,usb,1,848316260,20328,5203968,256,6000,33.470
2026-07-18T00:15:05.642Z,usb,1,848316260,20329,5204224,256,6000,33.470
2026-07-18T00:15:05.684Z,usb,1,848316260,20330,5204480,256,6000,33.470
2026-07-18T00:15:05.727Z,usb,1,848316260,20331,5204736,256,6000,33.470
2026-07-18T00:15:05.770Z,usb,1,848316260,20332,5204992,256,6000,33.470
2026-07-18T00:15:05.812Z,usb,1,848316260,20333,5205248,256,6000,33.470
2026-07-18T00:15:05.855Z,usb,1,848316260,20334,5205504,256,6000,33.470
2026-07-18T00:15:05.897Z,usb,1,848316260,20335,5205760,256,6000,33.470
2026-07-18T00:15:05.940Z,usb,1,848316260,20336,5206016,256,6000,33.470
2026-07-18T00:15:05.982Z,usb,1,848316260,20337,5206272,256,6000,33.470
2026-07-18T00:15:06.025Z,usb,1,848316260,20338,5206528,256,6000,33.470
2026-07-18T00:15:06.067Z,usb,1,848316260,20339,5206784,256,6000,33.470
2026-07-18T00:15:06.110Z,usb,1,848316260,20340,5207040,256,6000,33.470
2026-07-18T00:15:06.152Z,usb,1,848316260,20341,5207296,256,6000,33.470
2026-07-18T00:15:06.195Z,usb,1,848316260,20342,5207552,256,6000,33.470
2026-07-18T00:15:06.237Z,usb,1,848316260,20343,5207808,256,6000,33.470
2026-07-18T00:15:06.280Z,usb,1,848316260,20344,5208064,256,6000,33.470
2026-07-18T00:15:06.322Z,usb,1,848316260,20345,5208320,256,6000,33.470
2026-07-18T00:15:06.365Z,usb,1,848316260,20346,5208576,256,6000,33.470
2026-07-18T00:15:06.407Z,usb,1,848316260,20347,5208832,256,6000,33.470
2026-07-18T00:15:06.450Z,usb,1,848316260,20348,5209088,256,6000,33.470
2026-07-18T00:15:06.492Z,usb,1,848316260,20349,5209344,256,6000,33.470
2026-07-18T00:15:06.535Z,usb,1,848316260,20350,5209600,256,6000,33.470
2026-07-18T00:15:06.577Z,usb,1,848316260,20351,5209856,256,6000,33.470
2026-07-18T00:15:06.620Z,usb,1,848316260,20352,5210112,256,6000,33.470
2026-07-18T00:15:06.662Z,usb,1,848316260,20353,5210368,256,6000,33.470
2026-07-18T00:15:06.705Z,usb,1,848316260,20354,5210624,256,6000,33.470
2026-07-18T00:15:06.748Z,usb,1,848316260,20355,5210880,256,6000,33.470
2026-07-18T00:15:06.791Z,usb,1,848316260,20356,5211136,256,6000,33.470
2026-07-18T00:15:06.833Z,usb,1,848316260,20357,5211392,256,6000,33.470
2026-07-18T00:15:06.876Z,usb,1,848316260,20358,5211648,256,6000,33.470
2026-07-18T00:15:06.918Z,usb,1,848316260,20359,5211904,256,6000,33.470
2026-07-18T00:15:06.961Z,usb,1,848316260,20360,5212160,256,6000,33.470
2026-07-18T00:15:07.003Z,usb,1,848316260,20361,5212416,256,6000,33.470
2026-07-18T00:15:07.046Z,usb,1,848316260,20362,5212672,256,6000,33.470
2026-07-18T00:15:07.088Z,usb,1,848316260,20363,5212928,256,6000,33.470
2026-07-18T00:15:07.131Z,usb,1,848316260,20364,5213184,256,6000,33.470
2026-07-18T00:15:07.173Z,usb,1,848316260,20365,5213440,256,6000,33.470
2026-07-18T00:15:07.216Z,usb,1,848316260,20366,5213696,256,6000,33.470
2026-07-18T00:15:07.258Z,usb,1,848316260,20367,5213952,256,6000,33.470
2026-07-18T00:15:07.301Z,usb,1,848316260,20368,5214208,256,6000,33.470
2026-07-18T00:15:07.343Z,usb,1,848316260,20369,5214464,256,6000,33.470
2026-07-18T00:15:07.386Z,usb,1,848316260,20370,5214720,256,6000,33.470
2026-07-18T00:15:07.428Z,usb,1,848316260,20371,5214976,256,6000,33.470
2026-07-18T00:15:07.471Z,usb,1,848316260,20372,5215232,256,6000,33.470
2026-07-18T00:15:07.513Z,usb,1,848316260,20373,5215488,256,6000,33.470
2026-07-18T00:15:07.556Z,usb,1,848316260,20374,5215744,256,6000,33.470
2026-07-18T00:15:07.598Z,usb,1,848316260,20375,5216000,256,6000,33.470
2026-07-18T00:15:07.641Z,usb,1,848316260,20376,5216256,256,6000,33.470
2026-07-18T00:15:07.683Z,usb,1,848316260,20377,5216512,256,6000,33.470
2026-07-18T00:15:07.726Z,usb,1,848316260,20378,5216768,256,6000,33.470
2026-07-18T00:15:07.769Z,usb,1,848316260,20379,5217024,256,6000,33.460
2026-07-18T00:15:07.811Z,usb,1,848316260,20380,5217280,256,6000,33.460
2026-07-18T00:15:07.854Z,usb,1,848316260,20381,5217536,256,6000,33.460
2026-07-18T00:15:07.896Z,usb,1,848316260,20382,5217792,256,6000,33.460
2026-07-18T00:15:07.939Z,usb,1,848316260,20383,5218048,256,6000,33.460
2026-07-18T00:15:07.981Z,usb,1,848316260,20384,5218304,256,6000,33.460
2026-07-18T00:15:08.024Z,usb,1,848316260,20385,5218560,256,6000,33.460
2026-07-18T00:15:08.066Z,usb,1,848316260,20386,5218816,256,6000,33.460
2026-07-18T00:15:08.109Z,usb,1,848316260,20387,5219072,256,6000,33.460
2026-07-18T00:15:08.151Z,usb,1,848316260,20388,5219328,256,6000,33.460
2026-07-18T00:15:08.194Z,usb,1,848316260,20389,5219584,256,6000,33.460
2026-07-18T00:15:08.236Z,usb,1,848316260,20390,5219840,256,6000,33.460
2026-07-18T00:15:08.279Z,usb,1,848316260,20391,5220096,256,6000,33.460
2026-07-18T00:15:08.321Z,usb,1,848316260,20392,5220352,256,6000,33.460
2026-07-18T00:15:08.364Z,usb,1,848316260,20393,5220608,256,6000,33.460
2026-07-18T00:15:08.406Z,usb,1,848316260,20394,5220864,256,6000,33.460
2026-07-18T00:15:08.449Z,usb,1,848316260,20395,5221120,256,6000,33.460
2026-07-18T00:15:08.491Z,usb,1,848316260,20396,5221376,256,6000,33.460
2026-07-18T00:15:08.534Z,usb,1,848316260,20397,5221632,256,6000,33.460
2026-07-18T00:15:08.576Z,usb,1,848316260,20398,5221888,256,6000,33.460
2026-07-18T00:15:08.619Z,usb,1,848316260,20399,5222144,256,6000,33.460
2026-07-18T00:15:08.661Z,usb,1,848316260,20400,5222400,256,6000,33.460
2026-07-18T00:15:08.704Z,usb,1,848316260,20401,5222656,256,6000,33.460
2026-07-18T00:15:08.746Z,usb,1,848316260,20402,5222912,256,6000,33.460
2026-07-18T00:15:08.790Z,usb,1,848316260,20403,5223168,256,6000,33.460
2026-07-18T00:15:08.832Z,usb,1,848316260,20404,5223424,256,6000,33.460
2026-07-18T00:15:08.875Z,usb,1,848316260,20405,5223680,256,6000,33.460
2026-07-18T00:15:08.917Z,usb,1,848316260,20406,5223936,256,6000,33.460
2026-07-18T00:15:08.960Z,usb,1,848316260,20407,5224192,256,6000,33.460
2026-07-18T00:15:09.002Z,usb,1,848316260,20408,5224448,256,6000,33.460
2026-07-18T00:15:09.045Z,usb,1,848316260,20409,5224704,256,6000,33.460
2026-07-18T00:15:09.087Z,usb,1,848316260,20410,5224960,256,6000,33.460
2026-07-18T00:15:09.130Z,usb,1,848316260,20411,5225216,256,6000,33.460
2026-07-18T00:15:09.172Z,usb,1,848316260,20412,5225472,256,6000,33.460
2026-07-18T00:15:09.215Z,usb,1,848316260,20413,5225728,256,6000,33.460
2026-07-18T00:15:09.257Z,usb,1,848316260,20414,5225984,256,6000,33.460
2026-07-18T00:15:09.300Z,usb,1,848316260,20415,5226240,256,6000,33.460
2026-07-18T00:15:09.342Z,usb,1,848316260,20416,5226496,256,6000,33.460
2026-07-18T00:15:09.384Z,usb,1,848316260,20417,5226752,256,6000,33.460
2026-07-18T00:15:09.427Z,usb,1,848316260,20418,5227008,256,6000,33.460
2026-07-18T00:15:09.470Z,usb,1,848316260,20419,5227264,256,6000,33.460
2026-07-18T00:15:09.512Z,usb,1,848316260,20420,5227520,256,6000,33.460
2026-07-18T00:15:09.555Z,usb,1,848316260,20421,5227776,256,6000,33.460
2026-07-18T00:15:09.597Z,usb,1,848316260,20422,5228032,256,6000,33.460
2026-07-18T00:15:09.640Z,usb,1,848316260,20423,5228288,256,6000,33.460
2026-07-18T00:15:09.682Z,usb,1,848316260,20424,5228544,256,6000,33.460
2026-07-18T00:15:09.725Z,usb,1,848316260,20425,5228800,256,6000,33.460
2026-07-18T00:15:09.767Z,usb,1,848316260,20426,5229056,256,6000,33.460
2026-07-18T00:15:09.810Z,usb,1,848316260,20427,5229312,256,6000,33.460
2026-07-18T00:15:09.853Z,usb,1,848316260,20428,5229568,256,6000,33.460
2026-07-18T00:15:09.895Z,usb,1,848316260,20429,5229824,256,6000,33.460
2026-07-18T00:15:09.938Z,usb,1,848316260,20430,5230080,256,6000,33.460
2026-07-18T00:15:09.980Z,usb,1,848316260,20431,5230336,256,6000,33.460
2026-07-18T00:15:10.023Z,usb,1,848316260,20432,5230592,256,6000,33.460
2026-07-18T00:15:10.065Z,usb,1,848316260,20433,5230848,256,6000,33.460
2026-07-18T00:15:10.108Z,usb,1,848316260,20434,5231104,256,6000,33.460
2026-07-18T00:15:10.150Z,usb,1,848316260,20435,5231360,256,6000,33.460
2026-07-18T00:15:10.193Z,usb,1,848316260,20436,5231616,256,6000,33.460
2026-07-18T00:15:10.235Z,usb,1,848316260,20437,5231872,256,6000,33.460
2026-07-18T00:15:10.278Z,usb,1,848316260,20438,5232128,256,6000,33.460
2026-07-18T00:15:10.320Z,usb,1,848316260,20439,5232384,256,6000,33.460
2026-07-18T00:15:10.363Z,usb,1,848316260,20440,5232640,256,6000,33.460
2026-07-18T00:15:10.405Z,usb,1,848316260,20441,5232896,256,6000,33.460
2026-07-18T00:15:10.448Z,usb,1,848316260,20442,5233152,256,6000,33.460
2026-07-18T00:15:10.490Z,usb,1,848316260,20443,5233408,256,6000,33.460
2026-07-18T00:15:10.533Z,usb,1,848316260,20444,5233664,256,6000,33.460
2026-07-18T00:15:10.575Z,usb,1,848316260,20445,5233920,256,6000,33.460
2026-07-18T00:15:10.618Z,usb,1,848316260,20446,5234176,256,6000,33.460
2026-07-18T00:15:10.660Z,usb,1,848316260,20447,5234432,256,6000,33.460
2026-07-18T00:15:10.703Z,usb,1,848316260,20448,5234688,256,6000,33.460
2026-07-18T00:15:10.745Z,usb,1,848316260,20449,5234944,256,6000,33.460
2026-07-18T00:15:10.788Z,usb,1,848316260,20450,5235200,256,6000,33.460
2026-07-18T00:15:10.831Z,usb,1,848316260,20451,5235456,256,6000,33.460
2026-07-18T00:15:10.874Z,usb,1,848316260,20452,5235712,256,6000,33.460
2026-07-18T00:15:10.916Z,usb,1,848316260,20453,5235968,256,6000,33.460
2026-07-18T00:15:10.959Z,usb,1,848316260,20454,5236224,256,6000,33.460
2026-07-18T00:15:11.001Z,usb,1,848316260,20455,5236480,256,6000,33.460
2026-07-18T00:15:11.043Z,usb,1,848316260,20456,5236736,256,6000,33.460
2026-07-18T00:15:11.086Z,usb,1,848316260,20457,5236992,256,6000,33.460
2026-07-18T00:15:11.129Z,usb,1,848316260,20458,5237248,256,6000,33.460
2026-07-18T00:15:11.171Z,usb,1,848316260,20459,5237504,256,6000,33.460
2026-07-18T00:15:11.213Z,usb,1,848316260,20460,5237760,256,6000,33.460
2026-07-18T00:15:11.256Z,usb,1,848316260,20461,5238016,256,6000,33.460
2026-07-18T00:15:11.299Z,usb,1,848316260,20462,5238272,256,6000,33.460
2026-07-18T00:15:11.341Z,usb,1,848316260,20463,5238528,256,6000,33.460
2026-07-18T00:15:11.384Z,usb,1,848316260,20464,5238784,256,6000,33.460
2026-07-18T00:15:11.426Z,usb,1,848316260,20465,5239040,256,6000,33.460
2026-07-18T00:15:11.469Z,usb,1,848316260,20466,5239296,256,6000,33.460
2026-07-18T00:15:11.511Z,usb,1,848316260,20467,5239552,256,6000,33.460
2026-07-18T00:15:11.554Z,usb,1,848316260,20468,5239808,256,6000,33.460
2026-07-18T00:15:11.596Z,usb,1,848316260,20469,5240064,256,6000,33.460
2026-07-18T00:15:11.638Z,usb,1,848316260,20470,5240320,256,6000,33.460
2026-07-18T00:15:11.681Z,usb,1,848316260,20471,5240576,256,6000,33.460
2026-07-18T00:15:11.724Z,usb,1,848316260,20472,5240832,256,6000,33.460
2026-07-18T00:15:11.766Z,usb,1,848316260,20473,5241088,256,6000,33.460
2026-07-18T00:15:11.809Z,usb,1,848316260,20474,5241344,256,6000,33.460
2026-07-18T00:15:11.852Z,usb,1,848316260,20475,5241600,256,6000,33.470
2026-07-18T00:15:11.894Z,usb,1,848316260,20476,5241856,256,6000,33.470
2026-07-18T00:15:11.937Z,usb,1,848316260,20477,5242112,256,6000,33.470
2026-07-18T00:15:11.979Z,usb,1,848316260,20478,5242368,256,6000,33.470
2026-07-18T00:15:12.022Z,usb,1,848316260,20479,5242624,256,6000,33.470
2026-07-18T00:15:12.064Z,usb,1,848316260,20480,5242880,256,6000,33.470
2026-07-18T00:15:12.107Z,usb,1,848316260,20481,5243136,256,6000,33.470
2026-07-18T00:15:12.149Z,usb,1,848316260,20482,5243392,256,6000,33.470
2026-07-18T00:15:12.192Z,usb,1,848316260,20483,5243648,256,6000,33.470
2026-07-18T00:15:12.234Z,usb,1,848316260,20484,5243904,256,6000,33.470
2026-07-18T00:15:12.277Z,usb,1,848316260,20485,5244160,256,6000,33.470
2026-07-18T00:15:12.319Z,usb,1,848316260,20486,5244416,256,6000,33.470
2026-07-18T00:15:12.362Z,usb,1,848316260,20487,5244672,256,6000,33.470
2026-07-18T00:15:12.404Z,usb,1,848316260,20488,5244928,256,6000,33.470
2026-07-18T00:15:12.447Z,usb,1,848316260,20489,5245184,256,6000,33.470
2026-07-18T00:15:12.489Z,usb,1,848316260,20490,5245440,256,6000,33.470
2026-07-18T00:15:12.532Z,usb,1,848316260,20491,5245696,256,6000,33.470
2026-07-18T00:15:12.574Z,usb,1,848316260,20492,5245952,256,6000,33.470
2026-07-18T00:15:12.617Z,usb,1,848316260,20493,5246208,256,6000,33.470
2026-07-18T00:15:12.659Z,usb,1,848316260,20494,5246464,256,6000,33.470
2026-07-18T00:15:12.702Z,usb,1,848316260,20495,5246720,256,6000,33.470
2026-07-18T00:15:12.744Z,usb,1,848316260,20496,5246976,256,6000,33.470
2026-07-18T00:15:12.787Z,usb,1,848316260,20497,5247232,256,6000,33.470
2026-07-18T00:15:12.829Z,usb,1,848316260,20498,5247488,256,6000,33.470
2026-07-18T00:15:12.873Z,usb,1,848316260,20499,5247744,256,6000,33.470
2026-07-18T00:15:12.915Z,usb,1,848316260,20500,5248000,256,6000,33.470
2026-07-18T00:15:12.958Z,usb,1,848316260,20501,5248256,256,6000,33.470
2026-07-18T00:15:13.000Z,usb,1,848316260,20502,5248512,256,6000,33.470
2026-07-18T00:15:13.042Z,usb,1,848316260,20503,5248768,256,6000,33.470
2026-07-18T00:15:13.085Z,usb,1,848316260,20504,5249024,256,6000,33.470
2026-07-18T00:15:13.128Z,usb,1,848316260,20505,5249280,256,6000,33.470
2026-07-18T00:15:13.170Z,usb,1,848316260,20506,5249536,256,6000,33.470
2026-07-18T00:15:13.213Z,usb,1,848316260,20507,5249792,256,6000,33.470
2026-07-18T00:15:13.255Z,usb,1,848316260,20508,5250048,256,6000,33.470
2026-07-18T00:15:13.298Z,usb,1,848316260,20509,5250304,256,6000,33.470
2026-07-18T00:15:13.340Z,usb,1,848316260,20510,5250560,256,6000,33.470
2026-07-18T00:15:13.383Z,usb,1,848316260,20511,5250816,256,6000,33.470
2026-07-18T00:15:13.425Z,usb,1,848316260,20512,5251072,256,6000,33.470
2026-07-18T00:15:13.467Z,usb,1,848316260,20513,5251328,256,6000,33.470
2026-07-18T00:15:13.510Z,usb,1,848316260,20514,5251584,256,6000,33.470
2026-07-18T00:15:13.553Z,usb,1,848316260,20515,5251840,256,6000,33.470
2026-07-18T00:15:13.595Z,usb,1,848316260,20516,5252096,256,6000,33.470
2026-07-18T00:15:13.638Z,usb,1,848316260,20517,5252352,256,6000,33.470
2026-07-18T00:15:13.680Z,usb,1,848316260,20518,5252608,256,6000,33.470
2026-07-18T00:15:13.722Z,usb,1,848316260,20519,5252864,256,6000,33.470
2026-07-18T00:15:13.765Z,usb,1,848316260,20520,5253120,256,6000,33.470
2026-07-18T00:15:13.808Z,usb,1,848316260,20521,5253376,256,6000,33.470
2026-07-18T00:15:13.850Z,usb,1,848316260,20522,5253632,256,6000,33.470
2026-07-18T00:15:13.894Z,usb,1,848316260,20523,5253888,256,6000,33.460
2026-07-18T00:15:13.936Z,usb,1,848316260,20524,5254144,256,6000,33.460
2026-07-18T00:15:13.978Z,usb,1,848316260,20525,5254400,256,6000,33.460
2026-07-18T00:15:14.021Z,usb,1,848316260,20526,5254656,256,6000,33.460
2026-07-18T00:15:14.063Z,usb,1,848316260,20527,5254912,256,6000,33.460
2026-07-18T00:15:14.106Z,usb,1,848316260,20528,5255168,256,6000,33.460
2026-07-18T00:15:14.148Z,usb,1,848316260,20529,5255424,256,6000,33.460
2026-07-18T00:15:14.191Z,usb,1,848316260,20530,5255680,256,6000,33.460
2026-07-18T00:15:14.233Z,usb,1,848316260,20531,5255936,256,6000,33.460
2026-07-18T00:15:14.276Z,usb,1,848316260,20532,5256192,256,6000,33.460
2026-07-18T00:15:14.318Z,usb,1,848316260,20533,5256448,256,6000,33.460
2026-07-18T00:15:14.361Z,usb,1,848316260,20534,5256704,256,6000,33.460
2026-07-18T00:15:14.403Z,usb,1,848316260,20535,5256960,256,6000,33.460
2026-07-18T00:15:14.447Z,usb,1,848316260,20536,5257216,256,6000,33.460
2026-07-18T00:15:14.488Z,usb,1,848316260,20537,5257472,256,6000,33.460
2026-07-18T00:15:14.531Z,usb,1,848316260,20538,5257728,256,6000,33.460
2026-07-18T00:15:14.573Z,usb,1,848316260,20539,5257984,256,6000,33.460
2026-07-18T00:15:14.616Z,usb,1,848316260,20540,5258240,256,6000,33.460
2026-07-18T00:15:14.658Z,usb,1,848316260,20541,5258496,256,6000,33.460
2026-07-18T00:15:14.701Z,usb,1,848316260,20542,5258752,256,6000,33.460
2026-07-18T00:15:14.743Z,usb,1,848316260,20543,5259008,256,6000,33.460
2026-07-18T00:15:14.786Z,usb,1,848316260,20544,5259264,256,6000,33.460
2026-07-18T00:15:14.828Z,usb,1,848316260,20545,5259520,256,6000,33.460
2026-07-18T00:15:14.871Z,usb,1,848316260,20546,5259776,256,6000,33.460
2026-07-18T00:15:14.914Z,usb,1,848316260,20547,5260032,256,6000,33.470
2026-07-18T00:15:14.957Z,usb,1,848316260,20548,5260288,256,6000,33.470
2026-07-18T00:15:14.999Z,usb,1,848316260,20549,5260544,256,6000,33.470
2026-07-18T00:15:15.042Z,usb,1,848316260,20550,5260800,256,6000,33.470
2026-07-18T00:15:15.084Z,usb,1,848316260,20551,5261056,256,6000,33.470
2026-07-18T00:15:15.127Z,usb,1,848316260,20552,5261312,256,6000,33.470
2026-07-18T00:15:15.169Z,usb,1,848316260,20553,5261568,256,6000,33.470
2026-07-18T00:15:15.212Z,usb,1,848316260,20554,5261824,256,6000,33.470
2026-07-18T00:15:15.254Z,usb,1,848316260,20555,5262080,256,6000,33.470
2026-07-18T00:15:15.297Z,usb,1,848316260,20556,5262336,256,6000,33.470
2026-07-18T00:15:15.339Z,usb,1,848316260,20557,5262592,256,6000,33.470
2026-07-18T00:15:15.382Z,usb,1,848316260,20558,5262848,256,6000,33.470
2026-07-18T00:15:15.424Z,usb,1,848316260,20559,5263104,256,6000,33.470
2026-07-18T00:15:15.467Z,usb,1,848316260,20560,5263360,256,6000,33.470
2026-07-18T00:15:15.509Z,usb,1,848316260,20561,5263616,256,6000,33.470
2026-07-18T00:15:15.552Z,usb,1,848316260,20562,5263872,256,6000,33.470
2026-07-18T00:15:15.594Z,usb,1,848316260,20563,5264128,256,6000,33.470
2026-07-18T00:15:15.637Z,usb,1,848316260,20564,5264384,256,6000,33.470
2026-07-18T00:15:15.679Z,usb,1,848316260,20565,5264640,256,6000,33.470
2026-07-18T00:15:15.722Z,usb,1,848316260,20566,5264896,256,6000,33.470
2026-07-18T00:15:15.764Z,usb,1,848316260,20567,5265152,256,6000,33.470
2026-07-18T00:15:15.807Z,usb,1,848316260,20568,5265408,256,6000,33.470
2026-07-18T00:15:15.849Z,usb,1,848316260,20569,5265664,256,6000,33.470
2026-07-18T00:15:15.892Z,usb,1,848316260,20570,5265920,256,6000,33.470
2026-07-18T00:15:15.935Z,usb,1,848316260,20571,5266176,256,6000,33.460
2026-07-18T00:15:15.978Z,usb,1,848316260,20572,5266432,256,6000,33.460
2026-07-18T00:15:16.020Z,usb,1,848316260,20573,5266688,256,6000,33.460
2026-07-18T00:15:16.063Z,usb,1,848316260,20574,5266944,256,6000,33.460
2026-07-18T00:15:16.105Z,usb,1,848316260,20575,5267200,256,6000,33.460
2026-07-18T00:15:16.147Z,usb,1,848316260,20576,5267456,256,6000,33.460
2026-07-18T00:15:16.190Z,usb,1,848316260,20577,5267712,256,6000,33.460
2026-07-18T00:15:16.232Z,usb,1,848316260,20578,5267968,256,6000,33.460
2026-07-18T00:15:16.275Z,usb,1,848316260,20579,5268224,256,6000,33.460
2026-07-18T00:15:16.317Z,usb,1,848316260,20580,5268480,256,6000,33.460
2026-07-18T00:15:16.360Z,usb,1,848316260,20581,5268736,256,6000,33.460
2026-07-18T00:15:16.402Z,usb,1,848316260,20582,5268992,256,6000,33.460
2026-07-18T00:15:16.445Z,usb,1,848316260,20583,5269248,256,6000,33.460
2026-07-18T00:15:16.487Z,usb,1,848316260,20584,5269504,256,6000,33.460
2026-07-18T00:15:16.530Z,usb,1,848316260,20585,5269760,256,6000,33.460
2026-07-18T00:15:16.572Z,usb,1,848316260,20586,5270016,256,6000,33.460
2026-07-18T00:15:16.615Z,usb,1,848316260,20587,5270272,256,6000,33.460
2026-07-18T00:15:16.657Z,usb,1,848316260,20588,5270528,256,6000,33.460
2026-07-18T00:15:16.700Z,usb,1,848316260,20589,5270784,256,6000,33.460
2026-07-18T00:15:16.742Z,usb,1,848316260,20590,5271040,256,6000,33.460
2026-07-18T00:15:16.785Z,usb,1,848316260,20591,5271296,256,6000,33.460
2026-07-18T00:15:16.827Z,usb,1,848316260,20592,5271552,256,6000,33.460
2026-07-18T00:15:16.870Z,usb,1,848316260,20593,5271808,256,6000,33.460
2026-07-18T00:15:16.912Z,usb,1,848316260,20594,5272064,256,6000,33.460
2026-07-18T00:15:16.956Z,usb,1,848316260,20595,5272320,256,6000,33.470
2026-07-18T00:15:16.998Z,usb,1,848316260,20596,5272576,256,6000,33.470
2026-07-18T00:15:17.041Z,usb,1,848316260,20597,5272832,256,6000,33.470
2026-07-18T00:15:17.083Z,usb,1,848316260,20598,5273088,256,6000,33.470
2026-07-18T00:15:17.126Z,usb,1,848316260,20599,5273344,256,6000,33.470
2026-07-18T00:15:17.168Z,usb,1,848316260,20600,5273600,256,6000,33.470
2026-07-18T00:15:17.211Z,usb,1,848316260,20601,5273856,256,6000,33.470
2026-07-18T00:15:17.253Z,usb,1,848316260,20602,5274112,256,6000,33.470
2026-07-18T00:15:17.295Z,usb,1,848316260,20603,5274368,256,6000,33.470
2026-07-18T00:15:17.338Z,usb,1,848316260,20604,5274624,256,6000,33.470
2026-07-18T00:15:17.381Z,usb,1,848316260,20605,5274880,256,6000,33.470
2026-07-18T00:15:17.423Z,usb,1,848316260,20606,5275136,256,6000,33.470
2026-07-18T00:15:17.466Z,usb,1,848316260,20607,5275392,256,6000,33.470
2026-07-18T00:15:17.508Z,usb,1,848316260,20608,5275648,256,6000,33.470
2026-07-18T00:15:17.551Z,usb,1,848316260,20609,5275904,256,6000,33.470
2026-07-18T00:15:17.593Z,usb,1,848316260,20610,5276160,256,6000,33.470
2026-07-18T00:15:17.636Z,usb,1,848316260,20611,5276416,256,6000,33.470
2026-07-18T00:15:17.678Z,usb,1,848316260,20612,5276672,256,6000,33.470
2026-07-18T00:15:17.721Z,usb,1,848316260,20613,5276928,256,6000,33.470
2026-07-18T00:15:17.763Z,usb,1,848316260,20614,5277184,256,6000,33.470
2026-07-18T00:15:17.806Z,usb,1,848316260,20615,5277440,256,6000,33.470
2026-07-18T00:15:17.848Z,usb,1,848316260,20616,5277696,256,6000,33.470
2026-07-18T00:15:17.891Z,usb,1,848316260,20617,5277952,256,6000,33.470
2026-07-18T00:15:17.933Z,usb,1,848316260,20618,5278208,256,6000,33.470
2026-07-18T00:15:17.976Z,usb,1,848316260,20619,5278464,256,6000,33.470
2026-07-18T00:15:18.019Z,usb,1,848316260,20620,5278720,256,6000,33.470
2026-07-18T00:15:18.061Z,usb,1,848316260,20621,5278976,256,6000,33.470
2026-07-18T00:15:18.104Z,usb,1,848316260,20622,5279232,256,6000,33.470
2026-07-18T00:15:18.146Z,usb,1,848316260,20623,5279488,256,6000,33.470
2026-07-18T00:15:18.189Z,usb,1,848316260,20624,5279744,256,6000,33.470
2026-07-18T00:15:18.231Z,usb,1,848316260,20625,5280000,256,6000,33.470
2026-07-18T00:15:18.274Z,usb,1,848316260,20626,5280256,256,6000,33.470
2026-07-18T00:15:18.316Z,usb,1,848316260,20627,5280512,256,6000,33.470
2026-07-18T00:15:18.359Z,usb,1,848316260,20628,5280768,256,6000,33.470
2026-07-18T00:15:18.401Z,usb,1,848316260,20629,5281024,256,6000,33.470
2026-07-18T00:15:18.444Z,usb,1,848316260,20630,5281280,256,6000,33.470
2026-07-18T00:15:18.486Z,usb,1,848316260,20631,5281536,256,6000,33.470
2026-07-18T00:15:18.529Z,usb,1,848316260,20632,5281792,256,6000,33.470
2026-07-18T00:15:18.571Z,usb,1,848316260,20633,5282048,256,6000,33.470
2026-07-18T00:15:18.614Z,usb,1,848316260,20634,5282304,256,6000,33.470
2026-07-18T00:15:18.656Z,usb,1,848316260,20635,5282560,256,6000,33.470
2026-07-18T00:15:18.699Z,usb,1,848316260,20636,5282816,256,6000,33.470
2026-07-18T00:15:18.741Z,usb,1,848316260,20637,5283072,256,6000,33.470
2026-07-18T00:15:18.784Z,usb,1,848316260,20638,5283328,256,6000,33.470
2026-07-18T00:15:18.826Z,usb,1,848316260,20639,5283584,256,6000,33.470
2026-07-18T00:15:18.869Z,usb,1,848316260,20640,5283840,256,6000,33.470
2026-07-18T00:15:18.911Z,usb,1,848316260,20641,5284096,256,6000,33.470
2026-07-18T00:15:18.954Z,usb,1,848316260,20642,5284352,256,6000,33.470
2026-07-18T00:15:18.997Z,usb,1,848316260,20643,5284608,256,6000,33.470
2026-07-18T00:15:19.040Z,usb,1,848316260,20644,5284864,256,6000,33.470
2026-07-18T00:15:19.082Z,usb,1,848316260,20645,5285120,256,6000,33.470
2026-07-18T00:15:19.125Z,usb,1,848316260,20646,5285376,256,6000,33.470
2026-07-18T00:15:19.167Z,usb,1,848316260,20647,5285632,256,6000,33.470
2026-07-18T00:15:19.210Z,usb,1,848316260,20648,5285888,256,6000,33.470
2026-07-18T00:15:19.252Z,usb,1,848316260,20649,5286144,256,6000,33.470
2026-07-18T00:15:19.295Z,usb,1,848316260,20650,5286400,256,6000,33.470
2026-07-18T00:15:19.337Z,usb,1,848316260,20651,5286656,256,6000,33.470
2026-07-18T00:15:19.379Z,usb,1,848316260,20652,5286912,256,6000,33.470
2026-07-18T00:15:19.422Z,usb,1,848316260,20653,5287168,256,6000,33.470
2026-07-18T00:15:19.465Z,usb,1,848316260,20654,5287424,256,6000,33.470
2026-07-18T00:15:19.507Z,usb,1,848316260,20655,5287680,256,6000,33.470
2026-07-18T00:15:19.550Z,usb,1,848316260,20656,5287936,256,6000,33.470
2026-07-18T00:15:19.592Z,usb,1,848316260,20657,5288192,256,6000,33.470
2026-07-18T00:15:19.635Z,usb,1,848316260,20658,5288448,256,6000,33.470
2026-07-18T00:15:19.677Z,usb,1,848316260,20659,5288704,256,6000,33.470
2026-07-18T00:15:19.720Z,usb,1,848316260,20660,5288960,256,6000,33.470
2026-07-18T00:15:19.762Z,usb,1,848316260,20661,5289216,256,6000,33.470
2026-07-18T00:15:19.805Z,usb,1,848316260,20662,5289472,256,6000,33.470
2026-07-18T00:15:19.847Z,usb,1,848316260,20663,5289728,256,6000,33.470
2026-07-18T00:15:19.890Z,usb,1,848316260,20664,5289984,256,6000,33.470
2026-07-18T00:15:19.932Z,usb,1,848316260,20665,5290240,256,6000,33.470
2026-07-18T00:15:19.974Z,usb,1,848316260,20666,5290496,256,6000,33.470
2026-07-18T00:15:20.018Z,usb,1,848316260,20667,5290752,256,6000,33.470
2026-07-18T00:15:20.060Z,usb,1,848316260,20668,5291008,256,6000,33.470
2026-07-18T00:15:20.103Z,usb,1,848316260,20669,5291264,256,6000,33.470
2026-07-18T00:15:20.145Z,usb,1,848316260,20670,5291520,256,6000,33.470
2026-07-18T00:15:20.188Z,usb,1,848316260,20671,5291776,256,6000,33.470
2026-07-18T00:15:20.230Z,usb,1,848316260,20672,5292032,256,6000,33.470
2026-07-18T00:15:20.273Z,usb,1,848316260,20673,5292288,256,6000,33.470
2026-07-18T00:15:20.315Z,usb,1,848316260,20674,5292544,256,6000,33.470
2026-07-18T00:15:20.358Z,usb,1,848316260,20675,5292800,256,6000,33.470
2026-07-18T00:15:20.400Z,usb,1,848316260,20676,5293056,256,6000,33.470
2026-07-18T00:15:20.443Z,usb,1,848316260,20677,5293312,256,6000,33.470
2026-07-18T00:15:20.485Z,usb,1,848316260,20678,5293568,256,6000,33.470
2026-07-18T00:15:20.528Z,usb,1,848316260,20679,5293824,256,6000,33.470
2026-07-18T00:15:20.570Z,usb,1,848316260,20680,5294080,256,6000,33.470
2026-07-18T00:15:20.613Z,usb,1,848316260,20681,5294336,256,6000,33.470
2026-07-18T00:15:20.655Z,usb,1,848316260,20682,5294592,256,6000,33.470
2026-07-18T00:15:20.698Z,usb,1,848316260,20683,5294848,256,6000,33.470
2026-07-18T00:15:20.740Z,usb,1,848316260,20684,5295104,256,6000,33.470
2026-07-18T00:15:20.783Z,usb,1,848316260,20685,5295360,256,6000,33.470
2026-07-18T00:15:20.825Z,usb,1,848316260,20686,5295616,256,6000,33.470
2026-07-18T00:15:20.868Z,usb,1,848316260,20687,5295872,256,6000,33.470
2026-07-18T00:15:20.911Z,usb,1,848316260,20688,5296128,256,6000,33.470
2026-07-18T00:15:20.953Z,usb,1,848316260,20689,5296384,256,6000,33.470
2026-07-18T00:15:20.995Z,usb,1,848316260,20690,5296640,256,6000,33.470
2026-07-18T00:15:21.038Z,usb,1,848316260,20691,5296896,256,6000,33.470
2026-07-18T00:15:21.081Z,usb,1,848316260,20692,5297152,256,6000,33.470
2026-07-18T00:15:21.124Z,usb,1,848316260,20693,5297408,256,6000,33.470
2026-07-18T00:15:21.166Z,usb,1,848316260,20694,5297664,256,6000,33.470
2026-07-18T00:15:21.209Z,usb,1,848316260,20695,5297920,256,6000,33.470
2026-07-18T00:15:21.251Z,usb,1,848316260,20696,5298176,256,6000,33.470
2026-07-18T00:15:21.294Z,usb,1,848316260,20697,5298432,256,6000,33.470
2026-07-18T00:15:21.336Z,usb,1,848316260,20698,5298688,256,6000,33.470
2026-07-18T00:15:21.379Z,usb,1,848316260,20699,5298944,256,6000,33.470
2026-07-18T00:15:21.421Z,usb,1,848316260,20700,5299200,256,6000,33.470
2026-07-18T00:15:21.464Z,usb,1,848316260,20701,5299456,256,6000,33.470
2026-07-18T00:15:21.506Z,usb,1,848316260,20702,5299712,256,6000,33.470
2026-07-18T00:15:21.548Z,usb,1,848316260,20703,5299968,256,6000,33.470
2026-07-18T00:15:21.591Z,usb,1,848316260,20704,5300224,256,6000,33.470
2026-07-18T00:15:21.634Z,usb,1,848316260,20705,5300480,256,6000,33.470
2026-07-18T00:15:21.676Z,usb,1,848316260,20706,5300736,256,6000,33.470
2026-07-18T00:15:21.719Z,usb,1,848316260,20707,5300992,256,6000,33.470
2026-07-18T00:15:21.761Z,usb,1,848316260,20708,5301248,256,6000,33.470
2026-07-18T00:15:21.804Z,usb,1,848316260,20709,5301504,256,6000,33.470
2026-07-18T00:15:21.846Z,usb,1,848316260,20710,5301760,256,6000,33.470
2026-07-18T00:15:21.889Z,usb,1,848316260,20711,5302016,256,6000,33.470
2026-07-18T00:15:21.931Z,usb,1,848316260,20712,5302272,256,6000,33.470
2026-07-18T00:15:21.974Z,usb,1,848316260,20713,5302528,256,6000,33.470
2026-07-18T00:15:22.016Z,usb,1,848316260,20714,5302784,256,6000,33.470
2026-07-18T00:15:22.059Z,usb,1,848316260,20715,5303040,256,6000,33.470
2026-07-18T00:15:22.102Z,usb,1,848316260,20716,5303296,256,6000,33.470
2026-07-18T00:15:22.144Z,usb,1,848316260,20717,5303552,256,6000,33.470
2026-07-18T00:15:22.187Z,usb,1,848316260,20718,5303808,256,6000,33.470
2026-07-18T00:15:22.229Z,usb,1,848316260,20719,5304064,256,6000,33.470
2026-07-18T00:15:22.272Z,usb,1,848316260,20720,5304320,256,6000,33.470
2026-07-18T00:15:22.314Z,usb,1,848316260,20721,5304576,256,6000,33.470
2026-07-18T00:15:22.357Z,usb,1,848316260,20722,5304832,256,6000,33.470
2026-07-18T00:15:22.399Z,usb,1,848316260,20723,5305088,256,6000,33.470
2026-07-18T00:15:22.442Z,usb,1,848316260,20724,5305344,256,6000,33.470
2026-07-18T00:15:22.484Z,usb,1,848316260,20725,5305600,256,6000,33.470
2026-07-18T00:15:22.527Z,usb,1,848316260,20726,5305856,256,6000,33.470
2026-07-18T00:15:22.569Z,usb,1,848316260,20727,5306112,256,6000,33.470
2026-07-18T00:15:22.612Z,usb,1,848316260,20728,5306368,256,6000,33.470
2026-07-18T00:15:22.654Z,usb,1,848316260,20729,5306624,256,6000,33.470
2026-07-18T00:15:22.697Z,usb,1,848316260,20730,5306880,256,6000,33.470
2026-07-18T00:15:22.739Z,usb,1,848316260,20731,5307136,256,6000,33.470
2026-07-18T00:15:22.782Z,usb,1,848316260,20732,5307392,256,6000,33.470
2026-07-18T00:15:22.824Z,usb,1,848316260,20733,5307648,256,6000,33.470
2026-07-18T00:15:22.867Z,usb,1,848316260,20734,5307904,256,6000,33.470
2026-07-18T00:15:22.909Z,usb,1,848316260,20735,5308160,256,6000,33.470
2026-07-18T00:15:22.952Z,usb,1,848316260,20736,5308416,256,6000,33.470
2026-07-18T00:15:22.994Z,usb,1,848316260,20737,5308672,256,6000,33.470
2026-07-18T00:15:23.037Z,usb,1,848316260,20738,5308928,256,6000,33.470
2026-07-18T00:15:23.080Z,usb,1,848316260,20739,5309184,256,6000,33.470
2026-07-18T00:15:23.123Z,usb,1,848316260,20740,5309440,256,6000,33.470
2026-07-18T00:15:23.165Z,usb,1,848316260,20741,5309696,256,6000,33.470
2026-07-18T00:15:23.208Z,usb,1,848316260,20742,5309952,256,6000,33.470
2026-07-18T00:15:23.250Z,usb,1,848316260,20743,5310208,256,6000,33.470
2026-07-18T00:15:23.293Z,usb,1,848316260,20744,5310464,256,6000,33.470
2026-07-18T00:15:23.335Z,usb,1,848316260,20745,5310720,256,6000,33.470
2026-07-18T00:15:23.378Z,usb,1,848316260,20746,5310976,256,6000,33.470
2026-07-18T00:15:23.420Z,usb,1,848316260,20747,5311232,256,6000,33.470
2026-07-18T00:15:23.463Z,usb,1,848316260,20748,5311488,256,6000,33.470
2026-07-18T00:15:23.505Z,usb,1,848316260,20749,5311744,256,6000,33.470
2026-07-18T00:15:23.548Z,usb,1,848316260,20750,5312000,256,6000,33.470
2026-07-18T00:15:23.590Z,usb,1,848316260,20751,5312256,256,6000,33.470
2026-07-18T00:15:23.633Z,usb,1,848316260,20752,5312512,256,6000,33.470
2026-07-18T00:15:23.675Z,usb,1,848316260,20753,5312768,256,6000,33.470
2026-07-18T00:15:23.718Z,usb,1,848316260,20754,5313024,256,6000,33.470
2026-07-18T00:15:23.760Z,usb,1,848316260,20755,5313280,256,6000,33.470
2026-07-18T00:15:23.803Z,usb,1,848316260,20756,5313536,256,6000,33.470
2026-07-18T00:15:23.845Z,usb,1,848316260,20757,5313792,256,6000,33.470
2026-07-18T00:15:23.888Z,usb,1,848316260,20758,5314048,256,6000,33.470
2026-07-18T00:15:23.930Z,usb,1,848316260,20759,5314304,256,6000,33.470
2026-07-18T00:15:23.973Z,usb,1,848316260,20760,5314560,256,6000,33.470
2026-07-18T00:15:24.015Z,usb,1,848316260,20761,5314816,256,6000,33.470
2026-07-18T00:15:24.058Z,usb,1,848316260,20762,5315072,256,6000,33.470
2026-07-18T00:15:24.101Z,usb,1,848316260,20763,5315328,256,6000,33.470
2026-07-18T00:15:24.143Z,usb,1,848316260,20764,5315584,256,6000,33.470
2026-07-18T00:15:24.186Z,usb,1,848316260,20765,5315840,256,6000,33.470
2026-07-18T00:15:24.228Z,usb,1,848316260,20766,5316096,256,6000,33.470
2026-07-18T00:15:24.271Z,usb,1,848316260,20767,5316352,256,6000,33.470
2026-07-18T00:15:24.313Z,usb,1,848316260,20768,5316608,256,6000,33.470
2026-07-18T00:15:24.356Z,usb,1,848316260,20769,5316864,256,6000,33.470
2026-07-18T00:15:24.398Z,usb,1,848316260,20770,5317120,256,6000,33.470
2026-07-18T00:15:24.441Z,usb,1,848316260,20771,5317376,256,6000,33.470
2026-07-18T00:15:24.483Z,usb,1,848316260,20772,5317632,256,6000,33.470
2026-07-18T00:15:24.526Z,usb,1,848316260,20773,5317888,256,6000,33.470
2026-07-18T00:15:24.568Z,usb,1,848316260,20774,5318144,256,6000,33.470
2026-07-18T00:15:24.611Z,usb,1,848316260,20775,5318400,256,6000,33.470
2026-07-18T00:15:24.653Z,usb,1,848316260,20776,5318656,256,6000,33.470
2026-07-18T00:15:24.696Z,usb,1,848316260,20777,5318912,256,6000,33.470
2026-07-18T00:15:24.738Z,usb,1,848316260,20778,5319168,256,6000,33.470
2026-07-18T00:15:24.781Z,usb,1,848316260,20779,5319424,256,6000,33.470
2026-07-18T00:15:24.823Z,usb,1,848316260,20780,5319680,256,6000,33.470
2026-07-18T00:15:24.866Z,usb,1,848316260,20781,5319936,256,6000,33.470
2026-07-18T00:15:24.908Z,usb,1,848316260,20782,5320192,256,6000,33.470
2026-07-18T00:15:24.951Z,usb,1,848316260,20783,5320448,256,6000,33.470
2026-07-18T00:15:24.993Z,usb,1,848316260,20784,5320704,256,6000,33.470
2026-07-18T00:15:25.036Z,usb,1,848316260,20785,5320960,256,6000,33.470
2026-07-18T00:15:25.078Z,usb,1,848316260,20786,5321216,256,6000,33.470
2026-07-18T00:15:25.121Z,usb,1,848316260,20787,5321472,256,6000,33.470
2026-07-18T00:15:25.164Z,usb,1,848316260,20788,5321728,256,6000,33.470
2026-07-18T00:15:25.206Z,usb,1,848316260,20789,5321984,256,6000,33.470
2026-07-18T00:15:25.249Z,usb,1,848316260,20790,5322240,256,6000,33.470
2026-07-18T00:15:25.292Z,usb,1,848316260,20791,5322496,256,6000,33.470
2026-07-18T00:15:25.334Z,usb,1,848316260,20792,5322752,256,6000,33.470
2026-07-18T00:15:25.376Z,usb,1,848316260,20793,5323008,256,6000,33.470
2026-07-18T00:15:25.419Z,usb,1,848316260,20794,5323264,256,6000,33.470
2026-07-18T00:15:25.462Z,usb,1,848316260,20795,5323520,256,6000,33.470
2026-07-18T00:15:25.504Z,usb,1,848316260,20796,5323776,256,6000,33.470
2026-07-18T00:15:25.546Z,usb,1,848316260,20797,5324032,256,6000,33.470
2026-07-18T00:15:25.589Z,usb,1,848316260,20798,5324288,256,6000,33.470
2026-07-18T00:15:25.632Z,usb,1,848316260,20799,5324544,256,6000,33.470
2026-07-18T00:15:25.674Z,usb,1,848316260,20800,5324800,256,6000,33.470
2026-07-18T00:15:25.717Z,usb,1,848316260,20801,5325056,256,6000,33.470
2026-07-18T00:15:25.759Z,usb,1,848316260,20802,5325312,256,6000,33.470
2026-07-18T00:15:25.802Z,usb,1,848316260,20803,5325568,256,6000,33.470
2026-07-18T00:15:25.844Z,usb,1,848316260,20804,5325824,256,6000,33.470
2026-07-18T00:15:25.886Z,usb,1,848316260,20805,5326080,256,6000,33.470
2026-07-18T00:15:25.929Z,usb,1,848316260,20806,5326336,256,6000,33.470
2026-07-18T00:15:25.971Z,usb,1,848316260,20807,5326592,256,6000,33.470
2026-07-18T00:15:26.014Z,usb,1,848316260,20808,5326848,256,6000,33.470
2026-07-18T00:15:26.057Z,usb,1,848316260,20809,5327104,256,6000,33.470
2026-07-18T00:15:26.099Z,usb,1,848316260,20810,5327360,256,6000,33.470
2026-07-18T00:15:26.142Z,usb,1,848316260,20811,5327616,256,6000,33.470
2026-07-18T00:15:26.185Z,usb,1,848316260,20812,5327872,256,6000,33.470
2026-07-18T00:15:26.227Z,usb,1,848316260,20813,5328128,256,6000,33.470
2026-07-18T00:15:26.270Z,usb,1,848316260,20814,5328384,256,6000,33.470
2026-07-18T00:15:26.312Z,usb,1,848316260,20815,5328640,256,6000,33.470
2026-07-18T00:15:26.355Z,usb,1,848316260,20816,5328896,256,6000,33.470
2026-07-18T00:15:26.397Z,usb,1,848316260,20817,5329152,256,6000,33.470
2026-07-18T00:15:26.440Z,usb,1,848316260,20818,5329408,256,6000,33.470
2026-07-18T00:15:26.482Z,usb,1,848316260,20819,5329664,256,6000,33.470
2026-07-18T00:15:26.525Z,usb,1,848316260,20820,5329920,256,6000,33.470
2026-07-18T00:15:26.567Z,usb,1,848316260,20821,5330176,256,6000,33.470
2026-07-18T00:15:26.610Z,usb,1,848316260,20822,5330432,256,6000,33.470
2026-07-18T00:15:26.652Z,usb,1,848316260,20823,5330688,256,6000,33.470
2026-07-18T00:15:26.695Z,usb,1,848316260,20824,5330944,256,6000,33.470
2026-07-18T00:15:26.737Z,usb,1,848316260,20825,5331200,256,6000,33.470
2026-07-18T00:15:26.780Z,usb,1,848316260,20826,5331456,256,6000,33.470
2026-07-18T00:15:26.822Z,usb,1,848316260,20827,5331712,256,6000,33.470
2026-07-18T00:15:26.865Z,usb,1,848316260,20828,5331968,256,6000,33.470
2026-07-18T00:15:26.907Z,usb,1,848316260,20829,5332224,256,6000,33.470
2026-07-18T00:15:26.950Z,usb,1,848316260,20830,5332480,256,6000,33.470
2026-07-18T00:15:26.992Z,usb,1,848316260,20831,5332736,256,6000,33.470
2026-07-18T00:15:27.035Z,usb,1,848316260,20832,5332992,256,6000,33.470
2026-07-18T00:15:27.077Z,usb,1,848316260,20833,5333248,256,6000,33.470
2026-07-18T00:15:27.120Z,usb,1,848316260,20834,5333504,256,6000,33.470
2026-07-18T00:15:27.163Z,usb,1,848316260,20835,5333760,256,6000,33.470
2026-07-18T00:15:27.205Z,usb,1,848316260,20836,5334016,256,6000,33.470
2026-07-18T00:15:27.248Z,usb,1,848316260,20837,5334272,256,6000,33.470
2026-07-18T00:15:27.291Z,usb,1,848316260,20838,5334528,256,6000,33.470
2026-07-18T00:15:27.333Z,usb,1,848316260,20839,5334784,256,6000,33.470
2026-07-18T00:15:27.375Z,usb,1,848316260,20840,5335040,256,6000,33.470
2026-07-18T00:15:27.418Z,usb,1,848316260,20841,5335296,256,6000,33.470
2026-07-18T00:15:27.461Z,usb,1,848316260,20842,5335552,256,6000,33.470
2026-07-18T00:15:27.503Z,usb,1,848316260,20843,5335808,256,6000,33.470
2026-07-18T00:15:27.545Z,usb,1,848316260,20844,5336064,256,6000,33.470
2026-07-18T00:15:27.588Z,usb,1,848316260,20845,5336320,256,6000,33.470
2026-07-18T00:15:27.631Z,usb,1,848316260,20846,5336576,256,6000,33.470
2026-07-18T00:15:27.673Z,usb,1,848316260,20847,5336832,256,6000,33.470
2026-07-18T00:15:27.716Z,usb,1,848316260,20848,5337088,256,6000,33.470
2026-07-18T00:15:27.758Z,usb,1,848316260,20849,5337344,256,6000,33.470
2026-07-18T00:15:27.800Z,usb,1,848316260,20850,5337600,256,6000,33.470
2026-07-18T00:15:27.843Z,usb,1,848316260,20851,5337856,256,6000,33.470
2026-07-18T00:15:27.885Z,usb,1,848316260,20852,5338112,256,6000,33.470
2026-07-18T00:15:27.928Z,usb,1,848316260,20853,5338368,256,6000,33.470
2026-07-18T00:15:27.971Z,usb,1,848316260,20854,5338624,256,6000,33.470
2026-07-18T00:15:28.013Z,usb,1,848316260,20855,5338880,256,6000,33.470
2026-07-18T00:15:28.056Z,usb,1,848316260,20856,5339136,256,6000,33.470
2026-07-18T00:15:28.098Z,usb,1,848316260,20857,5339392,256,6000,33.470
2026-07-18T00:15:28.141Z,usb,1,848316260,20858,5339648,256,6000,33.470
2026-07-18T00:15:28.184Z,usb,1,848316260,20859,5339904,256,6000,33.480
2026-07-18T00:15:28.226Z,usb,1,848316260,20860,5340160,256,6000,33.480
2026-07-18T00:15:28.270Z,usb,1,848316260,20861,5340416,256,6000,33.480
2026-07-18T00:15:28.312Z,usb,1,848316260,20862,5340672,256,6000,33.480
2026-07-18T00:15:28.354Z,usb,1,848316260,20863,5340928,256,6000,33.480
2026-07-18T00:15:28.396Z,usb,1,848316260,20864,5341184,256,6000,33.480
2026-07-18T00:15:28.439Z,usb,1,848316260,20865,5341440,256,6000,33.480
2026-07-18T00:15:28.481Z,usb,1,848316260,20866,5341696,256,6000,33.480
2026-07-18T00:15:28.524Z,usb,1,848316260,20867,5341952,256,6000,33.480
2026-07-18T00:15:28.566Z,usb,1,848316260,20868,5342208,256,6000,33.480
2026-07-18T00:15:28.609Z,usb,1,848316260,20869,5342464,256,6000,33.480
2026-07-18T00:15:28.651Z,usb,1,848316260,20870,5342720,256,6000,33.480
2026-07-18T00:15:28.694Z,usb,1,848316260,20871,5342976,256,6000,33.480
2026-07-18T00:15:28.736Z,usb,1,848316260,20872,5343232,256,6000,33.480
2026-07-18T00:15:28.779Z,usb,1,848316260,20873,5343488,256,6000,33.480
2026-07-18T00:15:28.821Z,usb,1,848316260,20874,5343744,256,6000,33.480
2026-07-18T00:15:28.864Z,usb,1,848316260,20875,5344000,256,6000,33.480
2026-07-18T00:15:28.906Z,usb,1,848316260,20876,5344256,256,6000,33.480
2026-07-18T00:15:28.949Z,usb,1,848316260,20877,5344512,256,6000,33.480
2026-07-18T00:15:28.991Z,usb,1,848316260,20878,5344768,256,6000,33.480
2026-07-18T00:15:29.034Z,usb,1,848316260,20879,5345024,256,6000,33.480
2026-07-18T00:15:29.076Z,usb,1,848316260,20880,5345280,256,6000,33.480
2026-07-18T00:15:29.119Z,usb,1,848316260,20881,5345536,256,6000,33.480
2026-07-18T00:15:29.161Z,usb,1,848316260,20882,5345792,256,6000,33.480
2026-07-18T00:15:29.204Z,usb,1,848316260,20883,5346048,256,6000,33.470
2026-07-18T00:15:29.247Z,usb,1,848316260,20884,5346304,256,6000,33.470
2026-07-18T00:15:29.290Z,usb,1,848316260,20885,5346560,256,6000,33.470
2026-07-18T00:15:29.332Z,usb,1,848316260,20886,5346816,256,6000,33.470
2026-07-18T00:15:29.375Z,usb,1,848316260,20887,5347072,256,6000,33.470
2026-07-18T00:15:29.417Z,usb,1,848316260,20888,5347328,256,6000,33.470
2026-07-18T00:15:29.460Z,usb,1,848316260,20889,5347584,256,6000,33.470
2026-07-18T00:15:29.502Z,usb,1,848316260,20890,5347840,256,6000,33.470
2026-07-18T00:15:29.544Z,usb,1,848316260,20891,5348096,256,6000,33.470
2026-07-18T00:15:29.587Z,usb,1,848316260,20892,5348352,256,6000,33.470
2026-07-18T00:15:29.630Z,usb,1,848316260,20893,5348608,256,6000,33.470
2026-07-18T00:15:29.672Z,usb,1,848316260,20894,5348864,256,6000,33.470
2026-07-18T00:15:29.715Z,usb,1,848316260,20895,5349120,256,6000,33.470
2026-07-18T00:15:29.757Z,usb,1,848316260,20896,5349376,256,6000,33.470
2026-07-18T00:15:29.800Z,usb,1,848316260,20897,5349632,256,6000,33.470
2026-07-18T00:15:29.842Z,usb,1,848316260,20898,5349888,256,6000,33.470
2026-07-18T00:15:29.884Z,usb,1,848316260,20899,5350144,256,6000,33.470
2026-07-18T00:15:29.927Z,usb,1,848316260,20900,5350400,256,6000,33.470
2026-07-18T00:15:29.970Z,usb,1,848316260,20901,5350656,256,6000,33.470
2026-07-18T00:15:30.012Z,usb,1,848316260,20902,5350912,256,6000,33.470
2026-07-18T00:15:30.054Z,usb,1,848316260,20903,5351168,256,6000,33.470
2026-07-18T00:15:30.097Z,usb,1,848316260,20904,5351424,256,6000,33.470
2026-07-18T00:15:30.140Z,usb,1,848316260,20905,5351680,256,6000,33.470
2026-07-18T00:15:30.182Z,usb,1,848316260,20906,5351936,256,6000,33.470
2026-07-18T00:15:30.225Z,usb,1,848316260,20907,5352192,256,6000,33.480
2026-07-18T00:15:30.268Z,usb,1,848316260,20908,5352448,256,6000,33.480
2026-07-18T00:15:30.310Z,usb,1,848316260,20909,5352704,256,6000,33.480
2026-07-18T00:15:30.353Z,usb,1,848316260,20910,5352960,256,6000,33.480
2026-07-18T00:15:30.395Z,usb,1,848316260,20911,5353216,256,6000,33.480
2026-07-18T00:15:30.438Z,usb,1,848316260,20912,5353472,256,6000,33.480
2026-07-18T00:15:30.480Z,usb,1,848316260,20913,5353728,256,6000,33.480
2026-07-18T00:15:30.523Z,usb,1,848316260,20914,5353984,256,6000,33.480
2026-07-18T00:15:30.565Z,usb,1,848316260,20915,5354240,256,6000,33.480
2026-07-18T00:15:30.608Z,usb,1,848316260,20916,5354496,256,6000,33.480
2026-07-18T00:15:30.650Z,usb,1,848316260,20917,5354752,256,6000,33.480
2026-07-18T00:15:30.693Z,usb,1,848316260,20918,5355008,256,6000,33.480
2026-07-18T00:15:30.735Z,usb,1,848316260,20919,5355264,256,6000,33.480
2026-07-18T00:15:30.778Z,usb,1,848316260,20920,5355520,256,6000,33.480
2026-07-18T00:15:30.820Z,usb,1,848316260,20921,5355776,256,6000,33.480
2026-07-18T00:15:30.863Z,usb,1,848316260,20922,5356032,256,6000,33.480
2026-07-18T00:15:30.905Z,usb,1,848316260,20923,5356288,256,6000,33.480
2026-07-18T00:15:30.948Z,usb,1,848316260,20924,5356544,256,6000,33.480
2026-07-18T00:15:30.990Z,usb,1,848316260,20925,5356800,256,6000,33.480
2026-07-18T00:15:31.033Z,usb,1,848316260,20926,5357056,256,6000,33.480
2026-07-18T00:15:31.075Z,usb,1,848316260,20927,5357312,256,6000,33.480
2026-07-18T00:15:31.118Z,usb,1,848316260,20928,5357568,256,6000,33.480
2026-07-18T00:15:31.160Z,usb,1,848316260,20929,5357824,256,6000,33.480
2026-07-18T00:15:31.203Z,usb,1,848316260,20930,5358080,256,6000,33.480
2026-07-18T00:15:31.246Z,usb,1,848316260,20931,5358336,256,6000,33.470
2026-07-18T00:15:31.289Z,usb,1,848316260,20932,5358592,256,6000,33.470
2026-07-18T00:15:31.331Z,usb,1,848316260,20933,5358848,256,6000,33.470
2026-07-18T00:15:31.373Z,usb,1,848316260,20934,5359104,256,6000,33.470
2026-07-18T00:15:31.416Z,usb,1,848316260,20935,5359360,256,6000,33.470
2026-07-18T00:15:31.459Z,usb,1,848316260,20936,5359616,256,6000,33.470
2026-07-18T00:15:31.501Z,usb,1,848316260,20937,5359872,256,6000,33.470
2026-07-18T00:15:31.544Z,usb,1,848316260,20938,5360128,256,6000,33.470
2026-07-18T00:15:31.586Z,usb,1,848316260,20939,5360384,256,6000,33.470
2026-07-18T00:15:31.628Z,usb,1,848316260,20940,5360640,256,6000,33.470
2026-07-18T00:15:31.671Z,usb,1,848316260,20941,5360896,256,6000,33.470
2026-07-18T00:15:31.713Z,usb,1,848316260,20942,5361152,256,6000,33.470
2026-07-18T00:15:31.756Z,usb,1,848316260,20943,5361408,256,6000,33.470
2026-07-18T00:15:31.799Z,usb,1,848316260,20944,5361664,256,6000,33.470
2026-07-18T00:15:31.841Z,usb,1,848316260,20945,5361920,256,6000,33.470
2026-07-18T00:15:31.884Z,usb,1,848316260,20946,5362176,256,6000,33.470
2026-07-18T00:15:31.926Z,usb,1,848316260,20947,5362432,256,6000,33.470
2026-07-18T00:15:31.969Z,usb,1,848316260,20948,5362688,256,6000,33.470
2026-07-18T00:15:32.011Z,usb,1,848316260,20949,5362944,256,6000,33.470
2026-07-18T00:15:32.054Z,usb,1,848316260,20950,5363200,256,6000,33.470
2026-07-18T00:15:32.096Z,usb,1,848316260,20951,5363456,256,6000,33.470
2026-07-18T00:15:32.139Z,usb,1,848316260,20952,5363712,256,6000,33.470
2026-07-18T00:15:32.181Z,usb,1,848316260,20953,5363968,256,6000,33.470
2026-07-18T00:15:32.224Z,usb,1,848316260,20954,5364224,256,6000,33.470
2026-07-18T00:15:32.267Z,usb,1,848316260,20955,5364480,256,6000,33.470
2026-07-18T00:15:32.309Z,usb,1,848316260,20956,5364736,256,6000,33.470
2026-07-18T00:15:32.352Z,usb,1,848316260,20957,5364992,256,6000,33.470
2026-07-18T00:15:32.394Z,usb,1,848316260,20958,5365248,256,6000,33.470
2026-07-18T00:15:32.437Z,usb,1,848316260,20959,5365504,256,6000,33.470
2026-07-18T00:15:32.479Z,usb,1,848316260,20960,5365760,256,6000,33.470
2026-07-18T00:15:32.522Z,usb,1,848316260,20961,5366016,256,6000,33.470
2026-07-18T00:15:32.564Z,usb,1,848316260,20962,5366272,256,6000,33.470
2026-07-18T00:15:32.607Z,usb,1,848316260,20963,5366528,256,6000,33.470
2026-07-18T00:15:32.649Z,usb,1,848316260,20964,5366784,256,6000,33.470
2026-07-18T00:15:32.692Z,usb,1,848316260,20965,5367040,256,6000,33.470
2026-07-18T00:15:32.734Z,usb,1,848316260,20966,5367296,256,6000,33.470
2026-07-18T00:15:32.777Z,usb,1,848316260,20967,5367552,256,6000,33.470
2026-07-18T00:15:32.819Z,usb,1,848316260,20968,5367808,256,6000,33.470
2026-07-18T00:15:32.862Z,usb,1,848316260,20969,5368064,256,6000,33.470
2026-07-18T00:15:32.904Z,usb,1,848316260,20970,5368320,256,6000,33.470
2026-07-18T00:15:32.947Z,usb,1,848316260,20971,5368576,256,6000,33.470
2026-07-18T00:15:32.989Z,usb,1,848316260,20972,5368832,256,6000,33.470
2026-07-18T00:15:33.032Z,usb,1,848316260,20973,5369088,256,6000,33.470
2026-07-18T00:15:33.074Z,usb,1,848316260,20974,5369344,256,6000,33.470
2026-07-18T00:15:33.117Z,usb,1,848316260,20975,5369600,256,6000,33.470
2026-07-18T00:15:33.159Z,usb,1,848316260,20976,5369856,256,6000,33.470
2026-07-18T00:15:33.202Z,usb,1,848316260,20977,5370112,256,6000,33.470
2026-07-18T00:15:33.244Z,usb,1,848316260,20978,5370368,256,6000,33.470
2026-07-18T00:15:33.287Z,usb,1,848316260,20979,5370624,256,6000,33.480
2026-07-18T00:15:33.330Z,usb,1,848316260,20980,5370880,256,6000,33.480
2026-07-18T00:15:33.373Z,usb,1,848316260,20981,5371136,256,6000,33.480
2026-07-18T00:15:33.415Z,usb,1,848316260,20982,5371392,256,6000,33.480
2026-07-18T00:15:33.458Z,usb,1,848316260,20983,5371648,256,6000,33.480
2026-07-18T00:15:33.500Z,usb,1,848316260,20984,5371904,256,6000,33.480
2026-07-18T00:15:33.542Z,usb,1,848316260,20985,5372160,256,6000,33.480
2026-07-18T00:15:33.585Z,usb,1,848316260,20986,5372416,256,6000,33.480
2026-07-18T00:15:33.628Z,usb,1,848316260,20987,5372672,256,6000,33.480
2026-07-18T00:15:33.670Z,usb,1,848316260,20988,5372928,256,6000,33.480
2026-07-18T00:15:33.712Z,usb,1,848316260,20989,5373184,256,6000,33.480
2026-07-18T00:15:33.755Z,usb,1,848316260,20990,5373440,256,6000,33.480
2026-07-18T00:15:33.798Z,usb,1,848316260,20991,5373696,256,6000,33.480
2026-07-18T00:15:33.840Z,usb,1,848316260,20992,5373952,256,6000,33.480
2026-07-18T00:15:33.882Z,usb,1,848316260,20993,5374208,256,6000,33.480
2026-07-18T00:15:33.925Z,usb,1,848316260,20994,5374464,256,6000,33.480
2026-07-18T00:15:33.967Z,usb,1,848316260,20995,5374720,256,6000,33.480
2026-07-18T00:15:34.010Z,usb,1,848316260,20996,5374976,256,6000,33.480
2026-07-18T00:15:34.052Z,usb,1,848316260,20997,5375232,256,6000,33.480
2026-07-18T00:15:34.095Z,usb,1,848316260,20998,5375488,256,6000,33.480
2026-07-18T00:15:34.138Z,usb,1,848316260,20999,5375744,256,6000,33.480
2026-07-18T00:15:34.180Z,usb,1,848316260,21000,5376000,256,6000,33.480
2026-07-18T00:15:34.222Z,usb,1,848316260,21001,5376256,256,6000,33.480
2026-07-18T00:15:34.265Z,usb,1,848316260,21002,5376512,256,6000,33.480
2026-07-18T00:15:34.308Z,usb,1,848316260,21003,5376768,256,6000,33.470
2026-07-18T00:15:34.351Z,usb,1,848316260,21004,5377024,256,6000,33.470
2026-07-18T00:15:34.393Z,usb,1,848316260,21005,5377280,256,6000,33.470
2026-07-18T00:15:34.436Z,usb,1,848316260,21006,5377536,256,6000,33.470
2026-07-18T00:15:34.478Z,usb,1,848316260,21007,5377792,256,6000,33.470
2026-07-18T00:15:34.521Z,usb,1,848316260,21008,5378048,256,6000,33.470
2026-07-18T00:15:34.563Z,usb,1,848316260,21009,5378304,256,6000,33.470
2026-07-18T00:15:34.606Z,usb,1,848316260,21010,5378560,256,6000,33.470
2026-07-18T00:15:34.648Z,usb,1,848316260,21011,5378816,256,6000,33.470
2026-07-18T00:15:34.691Z,usb,1,848316260,21012,5379072,256,6000,33.470
2026-07-18T00:15:34.733Z,usb,1,848316260,21013,5379328,256,6000,33.470
2026-07-18T00:15:34.776Z,usb,1,848316260,21014,5379584,256,6000,33.470
2026-07-18T00:15:34.818Z,usb,1,848316260,21015,5379840,256,6000,33.470
2026-07-18T00:15:34.861Z,usb,1,848316260,21016,5380096,256,6000,33.470
2026-07-18T00:15:34.903Z,usb,1,848316260,21017,5380352,256,6000,33.470
2026-07-18T00:15:34.946Z,usb,1,848316260,21018,5380608,256,6000,33.470
2026-07-18T00:15:34.988Z,usb,1,848316260,21019,5380864,256,6000,33.470
2026-07-18T00:15:35.031Z,usb,1,848316260,21020,5381120,256,6000,33.470
2026-07-18T00:15:35.073Z,usb,1,848316260,21021,5381376,256,6000,33.470
2026-07-18T00:15:35.116Z,usb,1,848316260,21022,5381632,256,6000,33.470
2026-07-18T00:15:35.158Z,usb,1,848316260,21023,5381888,256,6000,33.470
2026-07-18T00:15:35.201Z,usb,1,848316260,21024,5382144,256,6000,33.470
2026-07-18T00:15:35.243Z,usb,1,848316260,21025,5382400,256,6000,33.470
2026-07-18T00:15:35.286Z,usb,1,848316260,21026,5382656,256,6000,33.470
2026-07-18T00:15:35.329Z,usb,1,848316260,21027,5382912,256,6000,33.480
2026-07-18T00:15:35.371Z,usb,1,848316260,21028,5383168,256,6000,33.480
2026-07-18T00:15:35.414Z,usb,1,848316260,21029,5383424,256,6000,33.480
2026-07-18T00:15:35.457Z,usb,1,848316260,21030,5383680,256,6000,33.480
2026-07-18T00:15:35.499Z,usb,1,848316260,21031,5383936,256,6000,33.480
2026-07-18T00:15:35.542Z,usb,1,848316260,21032,5384192,256,6000,33.480
2026-07-18T00:15:35.584Z,usb,1,848316260,21033,5384448,256,6000,33.480
2026-07-18T00:15:35.627Z,usb,1,848316260,21034,5384704,256,6000,33.480
2026-07-18T00:15:35.669Z,usb,1,848316260,21035,5384960,256,6000,33.480
2026-07-18T00:15:35.712Z,usb,1,848316260,21036,5385216,256,6000,33.480
2026-07-18T00:15:35.754Z,usb,1,848316260,21037,5385472,256,6000,33.480
2026-07-18T00:15:35.797Z,usb,1,848316260,21038,5385728,256,6000,33.480
2026-07-18T00:15:35.839Z,usb,1,848316260,21039,5385984,256,6000,33.480
2026-07-18T00:15:35.881Z,usb,1,848316260,21040,5386240,256,6000,33.480
2026-07-18T00:15:35.924Z,usb,1,848316260,21041,5386496,256,6000,33.480
2026-07-18T00:15:35.967Z,usb,1,848316260,21042,5386752,256,6000,33.480
2026-07-18T00:15:36.009Z,usb,1,848316260,21043,5387008,256,6000,33.480
2026-07-18T00:15:36.052Z,usb,1,848316260,21044,5387264,256,6000,33.480
2026-07-18T00:15:36.094Z,usb,1,848316260,21045,5387520,256,6000,33.480
2026-07-18T00:15:36.137Z,usb,1,848316260,21046,5387776,256,6000,33.480
2026-07-18T00:15:36.179Z,usb,1,848316260,21047,5388032,256,6000,33.480
2026-07-18T00:15:36.222Z,usb,1,848316260,21048,5388288,256,6000,33.480
2026-07-18T00:15:36.264Z,usb,1,848316260,21049,5388544,256,6000,33.480
2026-07-18T00:15:36.307Z,usb,1,848316260,21050,5388800,256,6000,33.480
2026-07-18T00:15:36.350Z,usb,1,848316260,21051,5389056,256,6000,33.480
2026-07-18T00:15:36.392Z,usb,1,848316260,21052,5389312,256,6000,33.480
2026-07-18T00:15:36.435Z,usb,1,848316260,21053,5389568,256,6000,33.480
2026-07-18T00:15:36.477Z,usb,1,848316260,21054,5389824,256,6000,33.480
2026-07-18T00:15:36.520Z,usb,1,848316260,21055,5390080,256,6000,33.480
2026-07-18T00:15:36.562Z,usb,1,848316260,21056,5390336,256,6000,33.480
2026-07-18T00:15:36.605Z,usb,1,848316260,21057,5390592,256,6000,33.480
2026-07-18T00:15:36.647Z,usb,1,848316260,21058,5390848,256,6000,33.480
2026-07-18T00:15:36.690Z,usb,1,848316260,21059,5391104,256,6000,33.480
2026-07-18T00:15:36.732Z,usb,1,848316260,21060,5391360,256,6000,33.480
2026-07-18T00:15:36.775Z,usb,1,848316260,21061,5391616,256,6000,33.480
2026-07-18T00:15:36.817Z,usb,1,848316260,21062,5391872,256,6000,33.480
2026-07-18T00:15:36.860Z,usb,1,848316260,21063,5392128,256,6000,33.480
2026-07-18T00:15:36.902Z,usb,1,848316260,21064,5392384,256,6000,33.480
2026-07-18T00:15:36.945Z,usb,1,848316260,21065,5392640,256,6000,33.480
2026-07-18T00:15:36.987Z,usb,1,848316260,21066,5392896,256,6000,33.480
2026-07-18T00:15:37.030Z,usb,1,848316260,21067,5393152,256,6000,33.480
2026-07-18T00:15:37.072Z,usb,1,848316260,21068,5393408,256,6000,33.480
2026-07-18T00:15:37.115Z,usb,1,848316260,21069,5393664,256,6000,33.480
2026-07-18T00:15:37.157Z,usb,1,848316260,21070,5393920,256,6000,33.480
2026-07-18T00:15:37.200Z,usb,1,848316260,21071,5394176,256,6000,33.480
2026-07-18T00:15:37.242Z,usb,1,848316260,21072,5394432,256,6000,33.480
2026-07-18T00:15:37.285Z,usb,1,848316260,21073,5394688,256,6000,33.480
2026-07-18T00:15:37.327Z,usb,1,848316260,21074,5394944,256,6000,33.480
2026-07-18T00:15:37.370Z,usb,1,848316260,21075,5395200,256,6000,33.480
2026-07-18T00:15:37.413Z,usb,1,848316260,21076,5395456,256,6000,33.480
2026-07-18T00:15:37.455Z,usb,1,848316260,21077,5395712,256,6000,33.480
2026-07-18T00:15:37.498Z,usb,1,848316260,21078,5395968,256,6000,33.480
2026-07-18T00:15:37.541Z,usb,1,848316260,21079,5396224,256,6000,33.480
2026-07-18T00:15:37.583Z,usb,1,848316260,21080,5396480,256,6000,33.480
2026-07-18T00:15:37.626Z,usb,1,848316260,21081,5396736,256,6000,33.480
2026-07-18T00:15:37.668Z,usb,1,848316260,21082,5396992,256,6000,33.480
2026-07-18T00:15:37.711Z,usb,1,848316260,21083,5397248,256,6000,33.480
2026-07-18T00:15:37.753Z,usb,1,848316260,21084,5397504,256,6000,33.480
2026-07-18T00:15:37.796Z,usb,1,848316260,21085,5397760,256,6000,33.480
2026-07-18T00:15:37.838Z,usb,1,848316260,21086,5398016,256,6000,33.480
2026-07-18T00:15:37.881Z,usb,1,848316260,21087,5398272,256,6000,33.480
2026-07-18T00:15:37.923Z,usb,1,848316260,21088,5398528,256,6000,33.480
2026-07-18T00:15:37.965Z,usb,1,848316260,21089,5398784,256,6000,33.480
2026-07-18T00:15:38.008Z,usb,1,848316260,21090,5399040,256,6000,33.480
2026-07-18T00:15:38.051Z,usb,1,848316260,21091,5399296,256,6000,33.480
2026-07-18T00:15:38.093Z,usb,1,848316260,21092,5399552,256,6000,33.480
2026-07-18T00:15:38.136Z,usb,1,848316260,21093,5399808,256,6000,33.480
2026-07-18T00:15:38.178Z,usb,1,848316260,21094,5400064,256,6000,33.480
2026-07-18T00:15:38.221Z,usb,1,848316260,21095,5400320,256,6000,33.480
2026-07-18T00:15:38.263Z,usb,1,848316260,21096,5400576,256,6000,33.480
2026-07-18T00:15:38.306Z,usb,1,848316260,21097,5400832,256,6000,33.480
2026-07-18T00:15:38.348Z,usb,1,848316260,21098,5401088,256,6000,33.480
2026-07-18T00:15:38.391Z,usb,1,848316260,21099,5401344,256,6000,33.480
2026-07-18T00:15:38.434Z,usb,1,848316260,21100,5401600,256,6000,33.480
2026-07-18T00:15:38.476Z,usb,1,848316260,21101,5401856,256,6000,33.480
2026-07-18T00:15:38.519Z,usb,1,848316260,21102,5402112,256,6000,33.480
2026-07-18T00:15:38.561Z,usb,1,848316260,21103,5402368,256,6000,33.480
2026-07-18T00:15:38.604Z,usb,1,848316260,21104,5402624,256,6000,33.480
2026-07-18T00:15:38.646Z,usb,1,848316260,21105,5402880,256,6000,33.480
2026-07-18T00:15:38.690Z,usb,1,848316260,21106,5403136,256,6000,33.480
2026-07-18T00:15:38.731Z,usb,1,848316260,21107,5403392,256,6000,33.480
2026-07-18T00:15:38.774Z,usb,1,848316260,21108,5403648,256,6000,33.480
2026-07-18T00:15:38.816Z,usb,1,848316260,21109,5403904,256,6000,33.480
2026-07-18T00:15:38.859Z,usb,1,848316260,21110,5404160,256,6000,33.480
2026-07-18T00:15:38.901Z,usb,1,848316260,21111,5404416,256,6000,33.480
2026-07-18T00:15:38.944Z,usb,1,848316260,21112,5404672,256,6000,33.480
2026-07-18T00:15:38.986Z,usb,1,848316260,21113,5404928,256,6000,33.480
2026-07-18T00:15:39.029Z,usb,1,848316260,21114,5405184,256,6000,33.480
2026-07-18T00:15:39.071Z,usb,1,848316260,21115,5405440,256,6000,33.480
2026-07-18T00:15:39.114Z,usb,1,848316260,21116,5405696,256,6000,33.480
2026-07-18T00:15:39.156Z,usb,1,848316260,21117,5405952,256,6000,33.480
2026-07-18T00:15:39.199Z,usb,1,848316260,21118,5406208,256,6000,33.480
2026-07-18T00:15:39.241Z,usb,1,848316260,21119,5406464,256,6000,33.480
2026-07-18T00:15:39.284Z,usb,1,848316260,21120,5406720,256,6000,33.480
2026-07-18T00:15:39.326Z,usb,1,848316260,21121,5406976,256,6000,33.480
2026-07-18T00:15:39.369Z,usb,1,848316260,21122,5407232,256,6000,33.480
2026-07-18T00:15:39.412Z,usb,1,848316260,21123,5407488,256,6000,33.480
2026-07-18T00:15:39.455Z,usb,1,848316260,21124,5407744,256,6000,33.480
2026-07-18T00:15:39.497Z,usb,1,848316260,21125,5408000,256,6000,33.480
2026-07-18T00:15:39.540Z,usb,1,848316260,21126,5408256,256,6000,33.480
2026-07-18T00:15:39.582Z,usb,1,848316260,21127,5408512,256,6000,33.480
2026-07-18T00:15:39.624Z,usb,1,848316260,21128,5408768,256,6000,33.480
2026-07-18T00:15:39.667Z,usb,1,848316260,21129,5409024,256,6000,33.480
2026-07-18T00:15:39.710Z,usb,1,848316260,21130,5409280,256,6000,33.480
2026-07-18T00:15:39.752Z,usb,1,848316260,21131,5409536,256,6000,33.480
2026-07-18T00:15:39.794Z,usb,1,848316260,21132,5409792,256,6000,33.480
2026-07-18T00:15:39.837Z,usb,1,848316260,21133,5410048,256,6000,33.480
2026-07-18T00:15:39.880Z,usb,1,848316260,21134,5410304,256,6000,33.480
2026-07-18T00:15:39.922Z,usb,1,848316260,21135,5410560,256,6000,33.480
2026-07-18T00:15:39.965Z,usb,1,848316260,21136,5410816,256,6000,33.480
2026-07-18T00:15:40.007Z,usb,1,848316260,21137,5411072,256,6000,33.480
2026-07-18T00:15:40.050Z,usb,1,848316260,21138,5411328,256,6000,33.480
2026-07-18T00:15:40.092Z,usb,1,848316260,21139,5411584,256,6000,33.480
2026-07-18T00:15:40.134Z,usb,1,848316260,21140,5411840,256,6000,33.480
2026-07-18T00:15:40.177Z,usb,1,848316260,21141,5412096,256,6000,33.480
2026-07-18T00:15:40.219Z,usb,1,848316260,21142,5412352,256,6000,33.480
2026-07-18T00:15:40.262Z,usb,1,848316260,21143,5412608,256,6000,33.480
2026-07-18T00:15:40.305Z,usb,1,848316260,21144,5412864,256,6000,33.480
2026-07-18T00:15:40.347Z,usb,1,848316260,21145,5413120,256,6000,33.480
2026-07-18T00:15:40.389Z,usb,1,848316260,21146,5413376,256,6000,33.480
2026-07-18T00:15:40.433Z,usb,1,848316260,21147,5413632,256,6000,33.480
2026-07-18T00:15:40.475Z,usb,1,848316260,21148,5413888,256,6000,33.480
2026-07-18T00:15:40.518Z,usb,1,848316260,21149,5414144,256,6000,33.480
2026-07-18T00:15:40.560Z,usb,1,848316260,21150,5414400,256,6000,33.480
2026-07-18T00:15:40.603Z,usb,1,848316260,21151,5414656,256,6000,33.480
2026-07-18T00:15:40.645Z,usb,1,848316260,21152,5414912,256,6000,33.480
2026-07-18T00:15:40.688Z,usb,1,848316260,21153,5415168,256,6000,33.480
2026-07-18T00:15:40.730Z,usb,1,848316260,21154,5415424,256,6000,33.480
2026-07-18T00:15:40.773Z,usb,1,848316260,21155,5415680,256,6000,33.480
2026-07-18T00:15:40.815Z,usb,1,848316260,21156,5415936,256,6000,33.480
2026-07-18T00:15:40.858Z,usb,1,848316260,21157,5416192,256,6000,33.480
2026-07-18T00:15:40.900Z,usb,1,848316260,21158,5416448,256,6000,33.480
2026-07-18T00:15:40.943Z,usb,1,848316260,21159,5416704,256,6000,33.480
2026-07-18T00:15:40.985Z,usb,1,848316260,21160,5416960,256,6000,33.480
2026-07-18T00:15:41.028Z,usb,1,848316260,21161,5417216,256,6000,33.480
2026-07-18T00:15:41.070Z,usb,1,848316260,21162,5417472,256,6000,33.480
2026-07-18T00:15:41.113Z,usb,1,848316260,21163,5417728,256,6000,33.480
2026-07-18T00:15:41.155Z,usb,1,848316260,21164,5417984,256,6000,33.480
2026-07-18T00:15:41.198Z,usb,1,848316260,21165,5418240,256,6000,33.480
2026-07-18T00:15:41.240Z,usb,1,848316260,21166,5418496,256,6000,33.480
2026-07-18T00:15:41.283Z,usb,1,848316260,21167,5418752,256,6000,33.480
2026-07-18T00:15:41.325Z,usb,1,848316260,21168,5419008,256,6000,33.480
2026-07-18T00:15:41.368Z,usb,1,848316260,21169,5419264,256,6000,33.480
2026-07-18T00:15:41.410Z,usb,1,848316260,21170,5419520,256,6000,33.480
2026-07-18T00:15:41.453Z,usb,1,848316260,21171,5419776,256,6000,33.480
2026-07-18T00:15:41.496Z,usb,1,848316260,21172,5420032,256,6000,33.480
2026-07-18T00:15:41.538Z,usb,1,848316260,21173,5420288,256,6000,33.480
2026-07-18T00:15:41.581Z,usb,1,848316260,21174,5420544,256,6000,33.480
2026-07-18T00:15:41.623Z,usb,1,848316260,21175,5420800,256,6000,33.480
2026-07-18T00:15:41.666Z,usb,1,848316260,21176,5421056,256,6000,33.480
2026-07-18T00:15:41.709Z,usb,1,848316260,21177,5421312,256,6000,33.480
2026-07-18T00:15:41.751Z,usb,1,848316260,21178,5421568,256,6000,33.480
2026-07-18T00:15:41.793Z,usb,1,848316260,21179,5421824,256,6000,33.480
2026-07-18T00:15:41.836Z,usb,1,848316260,21180,5422080,256,6000,33.480
2026-07-18T00:15:41.879Z,usb,1,848316260,21181,5422336,256,6000,33.480
2026-07-18T00:15:41.921Z,usb,1,848316260,21182,5422592,256,6000,33.480
2026-07-18T00:15:41.963Z,usb,1,848316260,21183,5422848,256,6000,33.480
2026-07-18T00:15:42.006Z,usb,1,848316260,21184,5423104,256,6000,33.480
2026-07-18T00:15:42.048Z,usb,1,848316260,21185,5423360,256,6000,33.480
2026-07-18T00:15:42.091Z,usb,1,848316260,21186,5423616,256,6000,33.480
2026-07-18T00:15:42.134Z,usb,1,848316260,21187,5423872,256,6000,33.480
2026-07-18T00:15:42.176Z,usb,1,848316260,21188,5424128,256,6000,33.480
2026-07-18T00:15:42.219Z,usb,1,848316260,21189,5424384,256,6000,33.480
2026-07-18T00:15:42.261Z,usb,1,848316260,21190,5424640,256,6000,33.480
2026-07-18T00:15:42.303Z,usb,1,848316260,21191,5424896,256,6000,33.480
2026-07-18T00:15:42.346Z,usb,1,848316260,21192,5425152,256,6000,33.480
2026-07-18T00:15:42.389Z,usb,1,848316260,21193,5425408,256,6000,33.480
2026-07-18T00:15:42.431Z,usb,1,848316260,21194,5425664,256,6000,33.480
2026-07-18T00:15:42.474Z,usb,1,848316260,21195,5425920,256,6000,33.470
2026-07-18T00:15:42.517Z,usb,1,848316260,21196,5426176,256,6000,33.470
2026-07-18T00:15:42.559Z,usb,1,848316260,21197,5426432,256,6000,33.470
2026-07-18T00:15:42.602Z,usb,1,848316260,21198,5426688,256,6000,33.470
2026-07-18T00:15:42.644Z,usb,1,848316260,21199,5426944,256,6000,33.470
2026-07-18T00:15:42.687Z,usb,1,848316260,21200,5427200,256,6000,33.470
2026-07-18T00:15:42.729Z,usb,1,848316260,21201,5427456,256,6000,33.470
2026-07-18T00:15:42.772Z,usb,1,848316260,21202,5427712,256,6000,33.470
2026-07-18T00:15:42.814Z,usb,1,848316260,21203,5427968,256,6000,33.470
2026-07-18T00:15:42.857Z,usb,1,848316260,21204,5428224,256,6000,33.470
2026-07-18T00:15:42.899Z,usb,1,848316260,21205,5428480,256,6000,33.470
2026-07-18T00:15:42.942Z,usb,1,848316260,21206,5428736,256,6000,33.470
2026-07-18T00:15:42.984Z,usb,1,848316260,21207,5428992,256,6000,33.470
2026-07-18T00:15:43.027Z,usb,1,848316260,21208,5429248,256,6000,33.470
2026-07-18T00:15:43.069Z,usb,1,848316260,21209,5429504,256,6000,33.470
2026-07-18T00:15:43.112Z,usb,1,848316260,21210,5429760,256,6000,33.470
2026-07-18T00:15:43.154Z,usb,1,848316260,21211,5430016,256,6000,33.470
2026-07-18T00:15:43.197Z,usb,1,848316260,21212,5430272,256,6000,33.470
2026-07-18T00:15:43.240Z,usb,1,848316260,21213,5430528,256,6000,33.470
2026-07-18T00:15:43.282Z,usb,1,848316260,21214,5430784,256,6000,33.470
2026-07-18T00:15:43.324Z,usb,1,848316260,21215,5431040,256,6000,33.470
2026-07-18T00:15:43.367Z,usb,1,848316260,21216,5431296,256,6000,33.470
2026-07-18T00:15:43.409Z,usb,1,848316260,21217,5431552,256,6000,33.470
2026-07-18T00:15:43.452Z,usb,1,848316260,21218,5431808,256,6000,33.470
2026-07-18T00:15:43.495Z,usb,1,848316260,21219,5432064,256,6000,33.480
2026-07-18T00:15:43.537Z,usb,1,848316260,21220,5432320,256,6000,33.480
2026-07-18T00:15:43.580Z,usb,1,848316260,21221,5432576,256,6000,33.480
2026-07-18T00:15:43.623Z,usb,1,848316260,21222,5432832,256,6000,33.480
2026-07-18T00:15:43.665Z,usb,1,848316260,21223,5433088,256,6000,33.480
2026-07-18T00:15:43.707Z,usb,1,848316260,21224,5433344,256,6000,33.480
2026-07-18T00:15:43.750Z,usb,1,848316260,21225,5433600,256,6000,33.480
2026-07-18T00:15:43.792Z,usb,1,848316260,21226,5433856,256,6000,33.480
2026-07-18T00:15:43.835Z,usb,1,848316260,21227,5434112,256,6000,33.480
2026-07-18T00:15:43.877Z,usb,1,848316260,21228,5434368,256,6000,33.480
2026-07-18T00:15:43.920Z,usb,1,848316260,21229,5434624,256,6000,33.480
2026-07-18T00:15:43.963Z,usb,1,848316260,21230,5434880,256,6000,33.480
2026-07-18T00:15:44.005Z,usb,1,848316260,21231,5435136,256,6000,33.480
2026-07-18T00:15:44.048Z,usb,1,848316260,21232,5435392,256,6000,33.480
2026-07-18T00:15:44.090Z,usb,1,848316260,21233,5435648,256,6000,33.480
2026-07-18T00:15:44.133Z,usb,1,848316260,21234,5435904,256,6000,33.480
2026-07-18T00:15:44.175Z,usb,1,848316260,21235,5436160,256,6000,33.480
2026-07-18T00:15:44.217Z,usb,1,848316260,21236,5436416,256,6000,33.480
2026-07-18T00:15:44.260Z,usb,1,848316260,21237,5436672,256,6000,33.480
2026-07-18T00:15:44.302Z,usb,1,848316260,21238,5436928,256,6000,33.480
2026-07-18T00:15:44.345Z,usb,1,848316260,21239,5437184,256,6000,33.480
2026-07-18T00:15:44.387Z,usb,1,848316260,21240,5437440,256,6000,33.480
2026-07-18T00:15:44.430Z,usb,1,848316260,21241,5437696,256,6000,33.480
2026-07-18T00:15:44.472Z,usb,1,848316260,21242,5437952,256,6000,33.480
2026-07-18T00:15:44.516Z,usb,1,848316260,21243,5438208,256,6000,33.480
2026-07-18T00:15:44.558Z,usb,1,848316260,21244,5438464,256,6000,33.480
2026-07-18T00:15:44.601Z,usb,1,848316260,21245,5438720,256,6000,33.480
2026-07-18T00:15:44.643Z,usb,1,848316260,21246,5438976,256,6000,33.480
2026-07-18T00:15:44.686Z,usb,1,848316260,21247,5439232,256,6000,33.480
2026-07-18T00:15:44.728Z,usb,1,848316260,21248,5439488,256,6000,33.480
2026-07-18T00:15:44.771Z,usb,1,848316260,21249,5439744,256,6000,33.480
2026-07-18T00:15:44.813Z,usb,1,848316260,21250,5440000,256,6000,33.480
2026-07-18T00:15:44.856Z,usb,1,848316260,21251,5440256,256,6000,33.480
2026-07-18T00:15:44.898Z,usb,1,848316260,21252,5440512,256,6000,33.480
2026-07-18T00:15:44.941Z,usb,1,848316260,21253,5440768,256,6000,33.480
2026-07-18T00:15:44.983Z,usb,1,848316260,21254,5441024,256,6000,33.480
2026-07-18T00:15:45.026Z,usb,1,848316260,21255,5441280,256,6000,33.480
2026-07-18T00:15:45.068Z,usb,1,848316260,21256,5441536,256,6000,33.480
2026-07-18T00:15:45.111Z,usb,1,848316260,21257,5441792,256,6000,33.480
2026-07-18T00:15:45.153Z,usb,1,848316260,21258,5442048,256,6000,33.480
2026-07-18T00:15:45.196Z,usb,1,848316260,21259,5442304,256,6000,33.480
2026-07-18T00:15:45.238Z,usb,1,848316260,21260,5442560,256,6000,33.480
2026-07-18T00:15:45.281Z,usb,1,848316260,21261,5442816,256,6000,33.480
2026-07-18T00:15:45.323Z,usb,1,848316260,21262,5443072,256,6000,33.480
2026-07-18T00:15:45.366Z,usb,1,848316260,21263,5443328,256,6000,33.480
2026-07-18T00:15:45.408Z,usb,1,848316260,21264,5443584,256,6000,33.480
2026-07-18T00:15:45.451Z,usb,1,848316260,21265,5443840,256,6000,33.480
2026-07-18T00:15:45.493Z,usb,1,848316260,21266,5444096,256,6000,33.480
2026-07-18T00:15:45.536Z,usb,1,848316260,21267,5444352,256,6000,33.480
2026-07-18T00:15:45.579Z,usb,1,848316260,21268,5444608,256,6000,33.480
2026-07-18T00:15:45.622Z,usb,1,848316260,21269,5444864,256,6000,33.480
2026-07-18T00:15:45.664Z,usb,1,848316260,21270,5445120,256,6000,33.480
2026-07-18T00:15:45.707Z,usb,1,848316260,21271,5445376,256,6000,33.480
2026-07-18T00:15:45.749Z,usb,1,848316260,21272,5445632,256,6000,33.480
2026-07-18T00:15:45.792Z,usb,1,848316260,21273,5445888,256,6000,33.480
2026-07-18T00:15:45.834Z,usb,1,848316260,21274,5446144,256,6000,33.480
2026-07-18T00:15:45.877Z,usb,1,848316260,21275,5446400,256,6000,33.480
2026-07-18T00:15:45.919Z,usb,1,848316260,21276,5446656,256,6000,33.480
2026-07-18T00:15:45.962Z,usb,1,848316260,21277,5446912,256,6000,33.480
2026-07-18T00:15:46.004Z,usb,1,848316260,21278,5447168,256,6000,33.480
2026-07-18T00:15:46.047Z,usb,1,848316260,21279,5447424,256,6000,33.480
2026-07-18T00:15:46.089Z,usb,1,848316260,21280,5447680,256,6000,33.480
2026-07-18T00:15:46.131Z,usb,1,848316260,21281,5447936,256,6000,33.480
2026-07-18T00:15:46.174Z,usb,1,848316260,21282,5448192,256,6000,33.480
2026-07-18T00:15:46.217Z,usb,1,848316260,21283,5448448,256,6000,33.480
2026-07-18T00:15:46.259Z,usb,1,848316260,21284,5448704,256,6000,33.480
2026-07-18T00:15:46.301Z,usb,1,848316260,21285,5448960,256,6000,33.480
2026-07-18T00:15:46.344Z,usb,1,848316260,21286,5449216,256,6000,33.480
2026-07-18T00:15:46.386Z,usb,1,848316260,21287,5449472,256,6000,33.480
2026-07-18T00:15:46.429Z,usb,1,848316260,21288,5449728,256,6000,33.480
2026-07-18T00:15:46.471Z,usb,1,848316260,21289,5449984,256,6000,33.480
2026-07-18T00:15:46.514Z,usb,1,848316260,21290,5450240,256,6000,33.480
2026-07-18T00:15:46.557Z,usb,1,848316260,21291,5450496,256,6000,33.480
2026-07-18T00:15:46.600Z,usb,1,848316260,21292,5450752,256,6000,33.480
2026-07-18T00:15:46.642Z,usb,1,848316260,21293,5451008,256,6000,33.480
2026-07-18T00:15:46.685Z,usb,1,848316260,21294,5451264,256,6000,33.480
2026-07-18T00:15:46.727Z,usb,1,848316260,21295,5451520,256,6000,33.480
2026-07-18T00:15:46.770Z,usb,1,848316260,21296,5451776,256,6000,33.480
2026-07-18T00:15:46.812Z,usb,1,848316260,21297,5452032,256,6000,33.480
2026-07-18T00:15:46.855Z,usb,1,848316260,21298,5452288,256,6000,33.480
2026-07-18T00:15:46.897Z,usb,1,848316260,21299,5452544,256,6000,33.480
2026-07-18T00:15:46.940Z,usb,1,848316260,21300,5452800,256,6000,33.480
2026-07-18T00:15:46.982Z,usb,1,848316260,21301,5453056,256,6000,33.480
2026-07-18T00:15:47.025Z,usb,1,848316260,21302,5453312,256,6000,33.480
2026-07-18T00:15:47.067Z,usb,1,848316260,21303,5453568,256,6000,33.480
2026-07-18T00:15:47.110Z,usb,1,848316260,21304,5453824,256,6000,33.480
2026-07-18T00:15:47.152Z,usb,1,848316260,21305,5454080,256,6000,33.480
2026-07-18T00:15:47.195Z,usb,1,848316260,21306,5454336,256,6000,33.480
2026-07-18T00:15:47.237Z,usb,1,848316260,21307,5454592,256,6000,33.480
2026-07-18T00:15:47.280Z,usb,1,848316260,21308,5454848,256,6000,33.480
2026-07-18T00:15:47.322Z,usb,1,848316260,21309,5455104,256,6000,33.480
2026-07-18T00:15:47.365Z,usb,1,848316260,21310,5455360,256,6000,33.480
2026-07-18T00:15:47.407Z,usb,1,848316260,21311,5455616,256,6000,33.480
2026-07-18T00:15:47.450Z,usb,1,848316260,21312,5455872,256,6000,33.480
2026-07-18T00:15:47.492Z,usb,1,848316260,21313,5456128,256,6000,33.480
2026-07-18T00:15:47.535Z,usb,1,848316260,21314,5456384,256,6000,33.480
2026-07-18T00:15:47.578Z,usb,1,848316260,21315,5456640,256,6000,33.480
2026-07-18T00:15:47.620Z,usb,1,848316260,21316,5456896,256,6000,33.480
2026-07-18T00:15:47.663Z,usb,1,848316260,21317,5457152,256,6000,33.480
2026-07-18T00:15:47.705Z,usb,1,848316260,21318,5457408,256,6000,33.480
2026-07-18T00:15:47.748Z,usb,1,848316260,21319,5457664,256,6000,33.480
2026-07-18T00:15:47.791Z,usb,1,848316260,21320,5457920,256,6000,33.480
2026-07-18T00:15:47.833Z,usb,1,848316260,21321,5458176,256,6000,33.480
2026-07-18T00:15:47.876Z,usb,1,848316260,21322,5458432,256,6000,33.480
2026-07-18T00:15:47.918Z,usb,1,848316260,21323,5458688,256,6000,33.480
2026-07-18T00:15:47.961Z,usb,1,848316260,21324,5458944,256,6000,33.480
2026-07-18T00:15:48.003Z,usb,1,848316260,21325,5459200,256,6000,33.480
2026-07-18T00:15:48.046Z,usb,1,848316260,21326,5459456,256,6000,33.480
2026-07-18T00:15:48.088Z,usb,1,848316260,21327,5459712,256,6000,33.480
2026-07-18T00:15:48.130Z,usb,1,848316260,21328,5459968,256,6000,33.480
2026-07-18T00:15:48.173Z,usb,1,848316260,21329,5460224,256,6000,33.480
2026-07-18T00:15:48.215Z,usb,1,848316260,21330,5460480,256,6000,33.480
2026-07-18T00:15:48.258Z,usb,1,848316260,21331,5460736,256,6000,33.480
2026-07-18T00:15:48.301Z,usb,1,848316260,21332,5460992,256,6000,33.480
2026-07-18T00:15:48.343Z,usb,1,848316260,21333,5461248,256,6000,33.480
2026-07-18T00:15:48.386Z,usb,1,848316260,21334,5461504,256,6000,33.480
2026-07-18T00:15:48.428Z,usb,1,848316260,21335,5461760,256,6000,33.480
2026-07-18T00:15:48.471Z,usb,1,848316260,21336,5462016,256,6000,33.480
2026-07-18T00:15:48.513Z,usb,1,848316260,21337,5462272,256,6000,33.480
2026-07-18T00:15:48.555Z,usb,1,848316260,21338,5462528,256,6000,33.480
2026-07-18T00:15:48.599Z,usb,1,848316260,21339,5462784,256,6000,33.480
2026-07-18T00:15:48.641Z,usb,1,848316260,21340,5463040,256,6000,33.480
2026-07-18T00:15:48.684Z,usb,1,848316260,21341,5463296,256,6000,33.480
2026-07-18T00:15:48.726Z,usb,1,848316260,21342,5463552,256,6000,33.480
2026-07-18T00:15:48.769Z,usb,1,848316260,21343,5463808,256,6000,33.480
2026-07-18T00:15:48.811Z,usb,1,848316260,21344,5464064,256,6000,33.480
2026-07-18T00:15:48.854Z,usb,1,848316260,21345,5464320,256,6000,33.480
2026-07-18T00:15:48.896Z,usb,1,848316260,21346,5464576,256,6000,33.480
2026-07-18T00:15:48.939Z,usb,1,848316260,21347,5464832,256,6000,33.480
2026-07-18T00:15:48.981Z,usb,1,848316260,21348,5465088,256,6000,33.480
2026-07-18T00:15:49.024Z,usb,1,848316260,21349,5465344,256,6000,33.480
2026-07-18T00:15:49.066Z,usb,1,848316260,21350,5465600,256,6000,33.480
2026-07-18T00:15:49.109Z,usb,1,848316260,21351,5465856,256,6000,33.480
2026-07-18T00:15:49.151Z,usb,1,848316260,21352,5466112,256,6000,33.480
2026-07-18T00:15:49.194Z,usb,1,848316260,21353,5466368,256,6000,33.480
2026-07-18T00:15:49.236Z,usb,1,848316260,21354,5466624,256,6000,33.480
2026-07-18T00:15:49.279Z,usb,1,848316260,21355,5466880,256,6000,33.480
2026-07-18T00:15:49.321Z,usb,1,848316260,21356,5467136,256,6000,33.480
2026-07-18T00:15:49.364Z,usb,1,848316260,21357,5467392,256,6000,33.480
2026-07-18T00:15:49.406Z,usb,1,848316260,21358,5467648,256,6000,33.480
2026-07-18T00:15:49.449Z,usb,1,848316260,21359,5467904,256,6000,33.480
2026-07-18T00:15:49.491Z,usb,1,848316260,21360,5468160,256,6000,33.480
2026-07-18T00:15:49.534Z,usb,1,848316260,21361,5468416,256,6000,33.480
2026-07-18T00:15:49.576Z,usb,1,848316260,21362,5468672,256,6000,33.480
2026-07-18T00:15:49.619Z,usb,1,848316260,21363,5468928,256,6000,33.480
2026-07-18T00:15:49.662Z,usb,1,848316260,21364,5469184,256,6000,33.480
2026-07-18T00:15:49.704Z,usb,1,848316260,21365,5469440,256,6000,33.480
2026-07-18T00:15:49.747Z,usb,1,848316260,21366,5469696,256,6000,33.480
2026-07-18T00:15:49.790Z,usb,1,848316260,21367,5469952,256,6000,33.480
2026-07-18T00:15:49.832Z,usb,1,848316260,21368,5470208,256,6000,33.480
2026-07-18T00:15:49.875Z,usb,1,848316260,21369,5470464,256,6000,33.480
2026-07-18T00:15:49.917Z,usb,1,848316260,21370,5470720,256,6000,33.480
2026-07-18T00:15:49.960Z,usb,1,848316260,21371,5470976,256,6000,33.480
2026-07-18T00:15:50.002Z,usb,1,848316260,21372,5471232,256,6000,33.480
2026-07-18T00:15:50.045Z,usb,1,848316260,21373,5471488,256,6000,33.480
2026-07-18T00:15:50.087Z,usb,1,848316260,21374,5471744,256,6000,33.480
2026-07-18T00:15:50.130Z,usb,1,848316260,21375,5472000,256,6000,33.480
2026-07-18T00:15:50.172Z,usb,1,848316260,21376,5472256,256,6000,33.480
2026-07-18T00:15:50.214Z,usb,1,848316260,21377,5472512,256,6000,33.480
2026-07-18T00:15:50.257Z,usb,1,848316260,21378,5472768,256,6000,33.480
2026-07-18T00:15:50.299Z,usb,1,848316260,21379,5473024,256,6000,33.480
2026-07-18T00:15:50.342Z,usb,1,848316260,21380,5473280,256,6000,33.480
2026-07-18T00:15:50.384Z,usb,1,848316260,21381,5473536,256,6000,33.480
2026-07-18T00:15:50.427Z,usb,1,848316260,21382,5473792,256,6000,33.480
2026-07-18T00:15:50.470Z,usb,1,848316260,21383,5474048,256,6000,33.480
2026-07-18T00:15:50.512Z,usb,1,848316260,21384,5474304,256,6000,33.480
2026-07-18T00:15:50.554Z,usb,1,848316260,21385,5474560,256,6000,33.480
2026-07-18T00:15:50.597Z,usb,1,848316260,21386,5474816,256,6000,33.480
2026-07-18T00:15:50.640Z,usb,1,848316260,21387,5475072,256,6000,33.480
2026-07-18T00:15:50.683Z,usb,1,848316260,21388,5475328,256,6000,33.480
2026-07-18T00:15:50.725Z,usb,1,848316260,21389,5475584,256,6000,33.480
2026-07-18T00:15:50.768Z,usb,1,848316260,21390,5475840,256,6000,33.480
2026-07-18T00:15:50.810Z,usb,1,848316260,21391,5476096,256,6000,33.480
2026-07-18T00:15:50.853Z,usb,1,848316260,21392,5476352,256,6000,33.480
2026-07-18T00:15:50.895Z,usb,1,848316260,21393,5476608,256,6000,33.480
2026-07-18T00:15:50.938Z,usb,1,848316260,21394,5476864,256,6000,33.480
2026-07-18T00:15:50.980Z,usb,1,848316260,21395,5477120,256,6000,33.480
2026-07-18T00:15:51.023Z,usb,1,848316260,21396,5477376,256,6000,33.480
2026-07-18T00:15:51.065Z,usb,1,848316260,21397,5477632,256,6000,33.480
2026-07-18T00:15:51.108Z,usb,1,848316260,21398,5477888,256,6000,33.480
2026-07-18T00:15:51.150Z,usb,1,848316260,21399,5478144,256,6000,33.480
2026-07-18T00:15:51.193Z,usb,1,848316260,21400,5478400,256,6000,33.480
2026-07-18T00:15:51.235Z,usb,1,848316260,21401,5478656,256,6000,33.480
2026-07-18T00:15:51.278Z,usb,1,848316260,21402,5478912,256,6000,33.480
2026-07-18T00:15:51.320Z,usb,1,848316260,21403,5479168,256,6000,33.480
2026-07-18T00:15:51.363Z,usb,1,848316260,21404,5479424,256,6000,33.480
2026-07-18T00:15:51.405Z,usb,1,848316260,21405,5479680,256,6000,33.480
2026-07-18T00:15:51.448Z,usb,1,848316260,21406,5479936,256,6000,33.480
2026-07-18T00:15:51.490Z,usb,1,848316260,21407,5480192,256,6000,33.480
2026-07-18T00:15:51.533Z,usb,1,848316260,21408,5480448,256,6000,33.480
2026-07-18T00:15:51.575Z,usb,1,848316260,21409,5480704,256,6000,33.480
2026-07-18T00:15:51.618Z,usb,1,848316260,21410,5480960,256,6000,33.480
2026-07-18T00:15:51.661Z,usb,1,848316260,21411,5481216,256,6000,33.480
2026-07-18T00:15:51.703Z,usb,1,848316260,21412,5481472,256,6000,33.480
2026-07-18T00:15:51.746Z,usb,1,848316260,21413,5481728,256,6000,33.480
2026-07-18T00:15:51.789Z,usb,1,848316260,21414,5481984,256,6000,33.480
2026-07-18T00:15:51.831Z,usb,1,848316260,21415,5482240,256,6000,33.480
2026-07-18T00:15:51.873Z,usb,1,848316260,21416,5482496,256,6000,33.480
2026-07-18T00:15:51.916Z,usb,1,848316260,21417,5482752,256,6000,33.480
2026-07-18T00:15:51.959Z,usb,1,848316260,21418,5483008,256,6000,33.480
2026-07-18T00:15:52.001Z,usb,1,848316260,21419,5483264,256,6000,33.480
2026-07-18T00:15:52.044Z,usb,1,848316260,21420,5483520,256,6000,33.480
2026-07-18T00:15:52.086Z,usb,1,848316260,21421,5483776,256,6000,33.480
2026-07-18T00:15:52.128Z,usb,1,848316260,21422,5484032,256,6000,33.480
2026-07-18T00:15:52.171Z,usb,1,848316260,21423,5484288,256,6000,33.480
2026-07-18T00:15:52.214Z,usb,1,848316260,21424,5484544,256,6000,33.480
2026-07-18T00:15:52.256Z,usb,1,848316260,21425,5484800,256,6000,33.480
2026-07-18T00:15:52.299Z,usb,1,848316260,21426,5485056,256,6000,33.480
2026-07-18T00:15:52.341Z,usb,1,848316260,21427,5485312,256,6000,33.480
2026-07-18T00:15:52.383Z,usb,1,848316260,21428,5485568,256,6000,33.480
2026-07-18T00:15:52.426Z,usb,1,848316260,21429,5485824,256,6000,33.480
2026-07-18T00:15:52.468Z,usb,1,848316260,21430,5486080,256,6000,33.480
2026-07-18T00:15:52.511Z,usb,1,848316260,21431,5486336,256,6000,33.480
2026-07-18T00:15:52.554Z,usb,1,848316260,21432,5486592,256,6000,33.480
2026-07-18T00:15:52.596Z,usb,1,848316260,21433,5486848,256,6000,33.480
2026-07-18T00:15:52.638Z,usb,1,848316260,21434,5487104,256,6000,33.480
2026-07-18T00:15:52.682Z,usb,1,848316260,21435,5487360,256,6000,33.480
2026-07-18T00:15:52.724Z,usb,1,848316260,21436,5487616,256,6000,33.480
2026-07-18T00:15:52.767Z,usb,1,848316260,21437,5487872,256,6000,33.480
2026-07-18T00:15:52.809Z,usb,1,848316260,21438,5488128,256,6000,33.480
2026-07-18T00:15:52.852Z,usb,1,848316260,21439,5488384,256,6000,33.480
2026-07-18T00:15:52.894Z,usb,1,848316260,21440,5488640,256,6000,33.480
2026-07-18T00:15:52.937Z,usb,1,848316260,21441,5488896,256,6000,33.480
2026-07-18T00:15:52.979Z,usb,1,848316260,21442,5489152,256,6000,33.480
2026-07-18T00:15:53.022Z,usb,1,848316260,21443,5489408,256,6000,33.480
2026-07-18T00:15:53.064Z,usb,1,848316260,21444,5489664,256,6000,33.480
2026-07-18T00:15:53.107Z,usb,1,848316260,21445,5489920,256,6000,33.480
2026-07-18T00:15:53.149Z,usb,1,848316260,21446,5490176,256,6000,33.480
2026-07-18T00:15:53.192Z,usb,1,848316260,21447,5490432,256,6000,33.480
2026-07-18T00:15:53.234Z,usb,1,848316260,21448,5490688,256,6000,33.480
2026-07-18T00:15:53.277Z,usb,1,848316260,21449,5490944,256,6000,33.480
2026-07-18T00:15:53.319Z,usb,1,848316260,21450,5491200,256,6000,33.480
2026-07-18T00:15:53.362Z,usb,1,848316260,21451,5491456,256,6000,33.480
2026-07-18T00:15:53.404Z,usb,1,848316260,21452,5491712,256,6000,33.480
2026-07-18T00:15:53.447Z,usb,1,848316260,21453,5491968,256,6000,33.480
2026-07-18T00:15:53.489Z,usb,1,848316260,21454,5492224,256,6000,33.480
2026-07-18T00:15:53.532Z,usb,1,848316260,21455,5492480,256,6000,33.480
2026-07-18T00:15:53.574Z,usb,1,848316260,21456,5492736,256,6000,33.480
2026-07-18T00:15:53.617Z,usb,1,848316260,21457,5492992,256,6000,33.480
2026-07-18T00:15:53.659Z,usb,1,848316260,21458,5493248,256,6000,33.480
2026-07-18T00:15:53.703Z,usb,1,848316260,21459,5493504,256,6000,33.480
2026-07-18T00:15:53.745Z,usb,1,848316260,21460,5493760,256,6000,33.480
2026-07-18T00:15:53.787Z,usb,1,848316260,21461,5494016,256,6000,33.480
2026-07-18T00:15:53.830Z,usb,1,848316260,21462,5494272,256,6000,33.480
2026-07-18T00:15:53.872Z,usb,1,848316260,21463,5494528,256,6000,33.480
2026-07-18T00:15:53.915Z,usb,1,848316260,21464,5494784,256,6000,33.480
2026-07-18T00:15:53.958Z,usb,1,848316260,21465,5495040,256,6000,33.480
2026-07-18T00:15:54.000Z,usb,1,848316260,21466,5495296,256,6000,33.480
2026-07-18T00:15:54.042Z,usb,1,848316260,21467,5495552,256,6000,33.480
2026-07-18T00:15:54.085Z,usb,1,848316260,21468,5495808,256,6000,33.480
2026-07-18T00:15:54.127Z,usb,1,848316260,21469,5496064,256,6000,33.480
2026-07-18T00:15:54.170Z,usb,1,848316260,21470,5496320,256,6000,33.480
2026-07-18T00:15:54.212Z,usb,1,848316260,21471,5496576,256,6000,33.480
2026-07-18T00:15:54.255Z,usb,1,848316260,21472,5496832,256,6000,33.480
2026-07-18T00:15:54.297Z,usb,1,848316260,21473,5497088,256,6000,33.480
2026-07-18T00:15:54.340Z,usb,1,848316260,21474,5497344,256,6000,33.480
2026-07-18T00:15:54.382Z,usb,1,848316260,21475,5497600,256,6000,33.480
2026-07-18T00:15:54.425Z,usb,1,848316260,21476,5497856,256,6000,33.480
2026-07-18T00:15:54.467Z,usb,1,848316260,21477,5498112,256,6000,33.480
2026-07-18T00:15:54.510Z,usb,1,848316260,21478,5498368,256,6000,33.480
2026-07-18T00:15:54.552Z,usb,1,848316260,21479,5498624,256,6000,33.480
2026-07-18T00:15:54.595Z,usb,1,848316260,21480,5498880,256,6000,33.480
2026-07-18T00:15:54.637Z,usb,1,848316260,21481,5499136,256,6000,33.480
2026-07-18T00:15:54.680Z,usb,1,848316260,21482,5499392,256,6000,33.480
2026-07-18T00:15:54.723Z,usb,1,848316260,21483,5499648,256,6000,33.480
2026-07-18T00:15:54.766Z,usb,1,848316260,21484,5499904,256,6000,33.480
2026-07-18T00:15:54.808Z,usb,1,848316260,21485,5500160,256,6000,33.480
2026-07-18T00:15:54.851Z,usb,1,848316260,21486,5500416,256,6000,33.480
2026-07-18T00:15:54.893Z,usb,1,848316260,21487,5500672,256,6000,33.480
2026-07-18T00:15:54.936Z,usb,1,848316260,21488,5500928,256,6000,33.480
2026-07-18T00:15:54.978Z,usb,1,848316260,21489,5501184,256,6000,33.480
2026-07-18T00:15:55.021Z,usb,1,848316260,21490,5501440,256,6000,33.480
2026-07-18T00:15:55.063Z,usb,1,848316260,21491,5501696,256,6000,33.480
2026-07-18T00:15:55.106Z,usb,1,848316260,21492,5501952,256,6000,33.480
2026-07-18T00:15:55.148Z,usb,1,848316260,21493,5502208,256,6000,33.480
2026-07-18T00:15:55.191Z,usb,1,848316260,21494,5502464,256,6000,33.480
2026-07-18T00:15:55.233Z,usb,1,848316260,21495,5502720,256,6000,33.480
2026-07-18T00:15:55.276Z,usb,1,848316260,21496,5502976,256,6000,33.480
2026-07-18T00:15:55.318Z,usb,1,848316260,21497,5503232,256,6000,33.480
2026-07-18T00:15:55.361Z,usb,1,848316260,21498,5503488,256,6000,33.480
2026-07-18T00:15:55.404Z,usb,1,848316260,21499,5503744,256,6000,33.480
2026-07-18T00:15:55.446Z,usb,1,848316260,21500,5504000,256,6000,33.480
2026-07-18T00:15:55.488Z,usb,1,848316260,21501,5504256,256,6000,33.480
2026-07-18T00:15:55.531Z,usb,1,848316260,21502,5504512,256,6000,33.480
2026-07-18T00:15:55.573Z,usb,1,848316260,21503,5504768,256,6000,33.480
2026-07-18T00:15:55.616Z,usb,1,848316260,21504,5505024,256,6000,33.480
2026-07-18T00:15:55.658Z,usb,1,848316260,21505,5505280,256,6000,33.480
2026-07-18T00:15:55.701Z,usb,1,848316260,21506,5505536,256,6000,33.480
2026-07-18T00:15:55.744Z,usb,1,848316260,21507,5505792,256,6000,33.480
2026-07-18T00:15:55.786Z,usb,1,848316260,21508,5506048,256,6000,33.480
2026-07-18T00:15:55.829Z,usb,1,848316260,21509,5506304,256,6000,33.480
2026-07-18T00:15:55.872Z,usb,1,848316260,21510,5506560,256,6000,33.480
2026-07-18T00:15:55.914Z,usb,1,848316260,21511,5506816,256,6000,33.480
2026-07-18T00:15:55.956Z,usb,1,848316260,21512,5507072,256,6000,33.480
2026-07-18T00:15:55.999Z,usb,1,848316260,21513,5507328,256,6000,33.480
2026-07-18T00:15:56.041Z,usb,1,848316260,21514,5507584,256,6000,33.480
2026-07-18T00:15:56.084Z,usb,1,848316260,21515,5507840,256,6000,33.480
2026-07-18T00:15:56.126Z,usb,1,848316260,21516,5508096,256,6000,33.480
2026-07-18T00:15:56.169Z,usb,1,848316260,21517,5508352,256,6000,33.480
2026-07-18T00:15:56.211Z,usb,1,848316260,21518,5508608,256,6000,33.480
2026-07-18T00:15:56.254Z,usb,1,848316260,21519,5508864,256,6000,33.480
2026-07-18T00:15:56.296Z,usb,1,848316260,21520,5509120,256,6000,33.480
2026-07-18T00:15:56.339Z,usb,1,848316260,21521,5509376,256,6000,33.480
2026-07-18T00:15:56.382Z,usb,1,848316260,21522,5509632,256,6000,33.480
2026-07-18T00:15:56.424Z,usb,1,848316260,21523,5509888,256,6000,33.480
2026-07-18T00:15:56.466Z,usb,1,848316260,21524,5510144,256,6000,33.480
2026-07-18T00:15:56.509Z,usb,1,848316260,21525,5510400,256,6000,33.480
2026-07-18T00:15:56.551Z,usb,1,848316260,21526,5510656,256,6000,33.480
2026-07-18T00:15:56.594Z,usb,1,848316260,21527,5510912,256,6000,33.480
2026-07-18T00:15:56.636Z,usb,1,848316260,21528,5511168,256,6000,33.480
2026-07-18T00:15:56.679Z,usb,1,848316260,21529,5511424,256,6000,33.480
2026-07-18T00:15:56.721Z,usb,1,848316260,21530,5511680,256,6000,33.480
2026-07-18T00:15:56.765Z,usb,1,848316260,21531,5511936,256,6000,33.480
2026-07-18T00:15:56.807Z,usb,1,848316260,21532,5512192,256,6000,33.480
2026-07-18T00:15:56.850Z,usb,1,848316260,21533,5512448,256,6000,33.480
2026-07-18T00:15:56.893Z,usb,1,848316260,21534,5512704,256,6000,33.480
2026-07-18T00:15:56.935Z,usb,1,848316260,21535,5512960,256,6000,33.480
2026-07-18T00:15:56.977Z,usb,1,848316260,21536,5513216,256,6000,33.480
2026-07-18T00:15:57.020Z,usb,1,848316260,21537,5513472,256,6000,33.480
2026-07-18T00:15:57.062Z,usb,1,848316260,21538,5513728,256,6000,33.480
2026-07-18T00:15:57.105Z,usb,1,848316260,21539,5513984,256,6000,33.480
2026-07-18T00:15:57.147Z,usb,1,848316260,21540,5514240,256,6000,33.480
2026-07-18T00:15:57.190Z,usb,1,848316260,21541,5514496,256,6000,33.480
2026-07-18T00:15:57.232Z,usb,1,848316260,21542,5514752,256,6000,33.480
2026-07-18T00:15:57.275Z,usb,1,848316260,21543,5515008,256,6000,33.480
2026-07-18T00:15:57.317Z,usb,1,848316260,21544,5515264,256,6000,33.480
2026-07-18T00:15:57.360Z,usb,1,848316260,21545,5515520,256,6000,33.480
2026-07-18T00:15:57.402Z,usb,1,848316260,21546,5515776,256,6000,33.480
2026-07-18T00:15:57.445Z,usb,1,848316260,21547,5516032,256,6000,33.480
2026-07-18T00:15:57.487Z,usb,1,848316260,21548,5516288,256,6000,33.480
2026-07-18T00:15:57.530Z,usb,1,848316260,21549,5516544,256,6000,33.480
2026-07-18T00:15:57.572Z,usb,1,848316260,21550,5516800,256,6000,33.480
2026-07-18T00:15:57.615Z,usb,1,848316260,21551,5517056,256,6000,33.480
2026-07-18T00:15:57.657Z,usb,1,848316260,21552,5517312,256,6000,33.480
2026-07-18T00:15:57.700Z,usb,1,848316260,21553,5517568,256,6000,33.480
2026-07-18T00:15:57.742Z,usb,1,848316260,21554,5517824,256,6000,33.480
2026-07-18T00:15:57.785Z,usb,1,848316260,21555,5518080,256,6000,33.480
2026-07-18T00:15:57.828Z,usb,1,848316260,21556,5518336,256,6000,33.480
2026-07-18T00:15:57.870Z,usb,1,848316260,21557,5518592,256,6000,33.480
2026-07-18T00:15:57.913Z,usb,1,848316260,21558,5518848,256,6000,33.480
2026-07-18T00:15:57.955Z,usb,1,848316260,21559,5519104,256,6000,33.480
2026-07-18T00:15:57.998Z,usb,1,848316260,21560,5519360,256,6000,33.480
2026-07-18T00:15:58.040Z,usb,1,848316260,21561,5519616,256,6000,33.480
2026-07-18T00:15:58.083Z,usb,1,848316260,21562,5519872,256,6000,33.480
2026-07-18T00:15:58.125Z,usb,1,848316260,21563,5520128,256,6000,33.480
2026-07-18T00:15:58.168Z,usb,1,848316260,21564,5520384,256,6000,33.480
2026-07-18T00:15:58.210Z,usb,1,848316260,21565,5520640,256,6000,33.480
2026-07-18T00:15:58.253Z,usb,1,848316260,21566,5520896,256,6000,33.480
2026-07-18T00:15:58.296Z,usb,1,848316260,21567,5521152,256,6000,33.480
2026-07-18T00:15:58.338Z,usb,1,848316260,21568,5521408,256,6000,33.480
2026-07-18T00:15:58.381Z,usb,1,848316260,21569,5521664,256,6000,33.480
2026-07-18T00:15:58.423Z,usb,1,848316260,21570,5521920,256,6000,33.480
2026-07-18T00:15:58.465Z,usb,1,848316260,21571,5522176,256,6000,33.480
2026-07-18T00:15:58.508Z,usb,1,848316260,21572,5522432,256,6000,33.480
2026-07-18T00:15:58.550Z,usb,1,848316260,21573,5522688,256,6000,33.480
2026-07-18T00:15:58.593Z,usb,1,848316260,21574,5522944,256,6000,33.480
2026-07-18T00:15:58.635Z,usb,1,848316260,21575,5523200,256,6000,33.480
2026-07-18T00:15:58.678Z,usb,1,848316260,21576,5523456,256,6000,33.480
2026-07-18T00:15:58.720Z,usb,1,848316260,21577,5523712,256,6000,33.480
2026-07-18T00:15:58.763Z,usb,1,848316260,21578,5523968,256,6000,33.480
2026-07-18T00:15:58.806Z,usb,1,848316260,21579,5524224,256,6000,33.480
2026-07-18T00:15:58.849Z,usb,1,848316260,21580,5524480,256,6000,33.480
2026-07-18T00:15:58.891Z,usb,1,848316260,21581,5524736,256,6000,33.480
2026-07-18T00:15:58.934Z,usb,1,848316260,21582,5524992,256,6000,33.480
2026-07-18T00:15:58.976Z,usb,1,848316260,21583,5525248,256,6000,33.480
2026-07-18T00:15:59.019Z,usb,1,848316260,21584,5525504,256,6000,33.480
2026-07-18T00:15:59.061Z,usb,1,848316260,21585,5525760,256,6000,33.480
2026-07-18T00:15:59.104Z,usb,1,848316260,21586,5526016,256,6000,33.480
2026-07-18T00:15:59.146Z,usb,1,848316260,21587,5526272,256,6000,33.480
2026-07-18T00:15:59.189Z,usb,1,848316260,21588,5526528,256,6000,33.480
2026-07-18T00:15:59.231Z,usb,1,848316260,21589,5526784,256,6000,33.480
2026-07-18T00:15:59.274Z,usb,1,848316260,21590,5527040,256,6000,33.480
2026-07-18T00:15:59.316Z,usb,1,848316260,21591,5527296,256,6000,33.480
2026-07-18T00:15:59.359Z,usb,1,848316260,21592,5527552,256,6000,33.480
2026-07-18T00:15:59.401Z,usb,1,848316260,21593,5527808,256,6000,33.480
2026-07-18T00:15:59.444Z,usb,1,848316260,21594,5528064,256,6000,33.480
2026-07-18T00:15:59.486Z,usb,1,848316260,21595,5528320,256,6000,33.480
2026-07-18T00:15:59.529Z,usb,1,848316260,21596,5528576,256,6000,33.480
2026-07-18T00:15:59.571Z,usb,1,848316260,21597,5528832,256,6000,33.480
2026-07-18T00:15:59.614Z,usb,1,848316260,21598,5529088,256,6000,33.480
2026-07-18T00:15:59.656Z,usb,1,848316260,21599,5529344,256,6000,33.480
2026-07-18T00:15:59.699Z,usb,1,848316260,21600,5529600,256,6000,33.480
2026-07-18T00:15:59.741Z,usb,1,848316260,21601,5529856,256,6000,33.480
2026-07-18T00:15:59.784Z,usb,1,848316260,21602,5530112,256,6000,33.480
2026-07-18T00:15:59.827Z,usb,1,848316260,21603,5530368,256,6000,33.480
2026-07-18T00:15:59.869Z,usb,1,848316260,21604,5530624,256,6000,33.480
2026-07-18T00:15:59.912Z,usb,1,848316260,21605,5530880,256,6000,33.480
2026-07-18T00:15:59.954Z,usb,1,848316260,21606,5531136,256,6000,33.480
2026-07-18T00:15:59.997Z,usb,1,848316260,21607,5531392,256,6000,33.480
2026-07-18T00:16:00.040Z,usb,1,848316260,21608,5531648,256,6000,33.480
2026-07-18T00:16:00.082Z,usb,1,848316260,21609,5531904,256,6000,33.480
2026-07-18T00:16:00.124Z,usb,1,848316260,21610,5532160,256,6000,33.480
2026-07-18T00:16:00.167Z,usb,1,848316260,21611,5532416,256,6000,33.480
2026-07-18T00:16:00.209Z,usb,1,848316260,21612,5532672,256,6000,33.480
2026-07-18T00:16:00.252Z,usb,1,848316260,21613,5532928,256,6000,33.480
2026-07-18T00:16:00.294Z,usb,1,848316260,21614,5533184,256,6000,33.480
2026-07-18T00:16:00.337Z,usb,1,848316260,21615,5533440,256,6000,33.480
2026-07-18T00:16:00.379Z,usb,1,848316260,21616,5533696,256,6000,33.480
2026-07-18T00:16:00.422Z,usb,1,848316260,21617,5533952,256,6000,33.480
2026-07-18T00:16:00.464Z,usb,1,848316260,21618,5534208,256,6000,33.480
2026-07-18T00:16:00.507Z,usb,1,848316260,21619,5534464,256,6000,33.480
2026-07-18T00:16:00.549Z,usb,1,848316260,21620,5534720,256,6000,33.480
2026-07-18T00:16:00.592Z,usb,1,848316260,21621,5534976,256,6000,33.480
2026-07-18T00:16:00.634Z,usb,1,848316260,21622,5535232,256,6000,33.480
2026-07-18T00:16:00.677Z,usb,1,848316260,21623,5535488,256,6000,33.480
2026-07-18T00:16:00.719Z,usb,1,848316260,21624,5535744,256,6000,33.480
2026-07-18T00:16:00.762Z,usb,1,848316260,21625,5536000,256,6000,33.480
2026-07-18T00:16:00.804Z,usb,1,848316260,21626,5536256,256,6000,33.480
2026-07-18T00:16:00.847Z,usb,1,848316260,21627,5536512,256,6000,33.480
2026-07-18T00:16:00.890Z,usb,1,848316260,21628,5536768,256,6000,33.480
2026-07-18T00:16:00.933Z,usb,1,848316260,21629,5537024,256,6000,33.480
2026-07-18T00:16:00.975Z,usb,1,848316260,21630,5537280,256,6000,33.480
2026-07-18T00:16:01.018Z,usb,1,848316260,21631,5537536,256,6000,33.480
2026-07-18T00:16:01.060Z,usb,1,848316260,21632,5537792,256,6000,33.480
2026-07-18T00:16:01.103Z,usb,1,848316260,21633,5538048,256,6000,33.480
2026-07-18T00:16:01.145Z,usb,1,848316260,21634,5538304,256,6000,33.480
2026-07-18T00:16:01.188Z,usb,1,848316260,21635,5538560,256,6000,33.480
2026-07-18T00:16:01.230Z,usb,1,848316260,21636,5538816,256,6000,33.480
2026-07-18T00:16:01.273Z,usb,1,848316260,21637,5539072,256,6000,33.480
2026-07-18T00:16:01.315Z,usb,1,848316260,21638,5539328,256,6000,33.480
2026-07-18T00:16:01.358Z,usb,1,848316260,21639,5539584,256,6000,33.480
2026-07-18T00:16:01.400Z,usb,1,848316260,21640,5539840,256,6000,33.480
2026-07-18T00:16:01.443Z,usb,1,848316260,21641,5540096,256,6000,33.480
2026-07-18T00:16:01.485Z,usb,1,848316260,21642,5540352,256,6000,33.480
2026-07-18T00:16:01.528Z,usb,1,848316260,21643,5540608,256,6000,33.480
2026-07-18T00:16:01.570Z,usb,1,848316260,21644,5540864,256,6000,33.480
2026-07-18T00:16:01.613Z,usb,1,848316260,21645,5541120,256,6000,33.480
2026-07-18T00:16:01.655Z,usb,1,848316260,21646,5541376,256,6000,33.480
2026-07-18T00:16:01.698Z,usb,1,848316260,21647,5541632,256,6000,33.480
2026-07-18T00:16:01.740Z,usb,1,848316260,21648,5541888,256,6000,33.480
2026-07-18T00:16:01.783Z,usb,1,848316260,21649,5542144,256,6000,33.480
2026-07-18T00:16:01.825Z,usb,1,848316260,21650,5542400,256,6000,33.480
2026-07-18T00:16:01.868Z,usb,1,848316260,21651,5542656,256,6000,33.480
2026-07-18T00:16:01.911Z,usb,1,848316260,21652,5542912,256,6000,33.480
2026-07-18T00:16:01.953Z,usb,1,848316260,21653,5543168,256,6000,33.480
2026-07-18T00:16:01.996Z,usb,1,848316260,21654,5543424,256,6000,33.480
2026-07-18T00:16:02.038Z,usb,1,848316260,21655,5543680,256,6000,33.480
2026-07-18T00:16:02.081Z,usb,1,848316260,21656,5543936,256,6000,33.480
2026-07-18T00:16:02.123Z,usb,1,848316260,21657,5544192,256,6000,33.480
2026-07-18T00:16:02.166Z,usb,1,848316260,21658,5544448,256,6000,33.480
2026-07-18T00:16:02.208Z,usb,1,848316260,21659,5544704,256,6000,33.480
2026-07-18T00:16:02.251Z,usb,1,848316260,21660,5544960,256,6000,33.480
2026-07-18T00:16:02.293Z,usb,1,848316260,21661,5545216,256,6000,33.480
2026-07-18T00:16:02.336Z,usb,1,848316260,21662,5545472,256,6000,33.480
2026-07-18T00:16:02.378Z,usb,1,848316260,21663,5545728,256,6000,33.480
2026-07-18T00:16:02.421Z,usb,1,848316260,21664,5545984,256,6000,33.480
2026-07-18T00:16:02.463Z,usb,1,848316260,21665,5546240,256,6000,33.480
2026-07-18T00:16:02.506Z,usb,1,848316260,21666,5546496,256,6000,33.480
2026-07-18T00:16:02.549Z,usb,1,848316260,21667,5546752,256,6000,33.480
2026-07-18T00:16:02.591Z,usb,1,848316260,21668,5547008,256,6000,33.480
2026-07-18T00:16:02.633Z,usb,1,848316260,21669,5547264,256,6000,33.480
2026-07-18T00:16:02.676Z,usb,1,848316260,21670,5547520,256,6000,33.480
2026-07-18T00:16:02.718Z,usb,1,848316260,21671,5547776,256,6000,33.480
2026-07-18T00:16:02.761Z,usb,1,848316260,21672,5548032,256,6000,33.480
2026-07-18T00:16:02.803Z,usb,1,848316260,21673,5548288,256,6000,33.480
2026-07-18T00:16:02.846Z,usb,1,848316260,21674,5548544,256,6000,33.480
2026-07-18T00:16:02.889Z,usb,1,848316260,21675,5548800,256,6000,33.480
2026-07-18T00:16:02.932Z,usb,1,848316260,21676,5549056,256,6000,33.480
2026-07-18T00:16:02.974Z,usb,1,848316260,21677,5549312,256,6000,33.480
2026-07-18T00:16:03.017Z,usb,1,848316260,21678,5549568,256,6000,33.480
2026-07-18T00:16:03.059Z,usb,1,848316260,21679,5549824,256,6000,33.480
2026-07-18T00:16:03.102Z,usb,1,848316260,21680,5550080,256,6000,33.480
2026-07-18T00:16:03.144Z,usb,1,848316260,21681,5550336,256,6000,33.480
2026-07-18T00:16:03.187Z,usb,1,848316260,21682,5550592,256,6000,33.480
2026-07-18T00:16:03.229Z,usb,1,848316260,21683,5550848,256,6000,33.480
2026-07-18T00:16:03.272Z,usb,1,848316260,21684,5551104,256,6000,33.480
2026-07-18T00:16:03.314Z,usb,1,848316260,21685,5551360,256,6000,33.480
2026-07-18T00:16:03.357Z,usb,1,848316260,21686,5551616,256,6000,33.480
2026-07-18T00:16:03.399Z,usb,1,848316260,21687,5551872,256,6000,33.480
2026-07-18T00:16:03.442Z,usb,1,848316260,21688,5552128,256,6000,33.480
2026-07-18T00:16:03.484Z,usb,1,848316260,21689,5552384,256,6000,33.480
2026-07-18T00:16:03.527Z,usb,1,848316260,21690,5552640,256,6000,33.480
2026-07-18T00:16:03.569Z,usb,1,848316260,21691,5552896,256,6000,33.480
2026-07-18T00:16:03.612Z,usb,1,848316260,21692,5553152,256,6000,33.480
2026-07-18T00:16:03.654Z,usb,1,848316260,21693,5553408,256,6000,33.480
2026-07-18T00:16:03.697Z,usb,1,848316260,21694,5553664,256,6000,33.480
2026-07-18T00:16:03.739Z,usb,1,848316260,21695,5553920,256,6000,33.480
2026-07-18T00:16:03.782Z,usb,1,848316260,21696,5554176,256,6000,33.480
2026-07-18T00:16:03.824Z,usb,1,848316260,21697,5554432,256,6000,33.480
2026-07-18T00:16:03.867Z,usb,1,848316260,21698,5554688,256,6000,33.480
2026-07-18T00:16:03.910Z,usb,1,848316260,21699,5554944,256,6000,33.480
2026-07-18T00:16:03.952Z,usb,1,848316260,21700,5555200,256,6000,33.480
2026-07-18T00:16:03.995Z,usb,1,848316260,21701,5555456,256,6000,33.480
2026-07-18T00:16:04.038Z,usb,1,848316260,21702,5555712,256,6000,33.480
2026-07-18T00:16:04.080Z,usb,1,848316260,21703,5555968,256,6000,33.480
2026-07-18T00:16:04.122Z,usb,1,848316260,21704,5556224,256,6000,33.480
2026-07-18T00:16:04.165Z,usb,1,848316260,21705,5556480,256,6000,33.480
2026-07-18T00:16:04.207Z,usb,1,848316260,21706,5556736,256,6000,33.480
2026-07-18T00:16:04.250Z,usb,1,848316260,21707,5556992,256,6000,33.480
2026-07-18T00:16:04.292Z,usb,1,848316260,21708,5557248,256,6000,33.480
2026-07-18T00:16:04.335Z,usb,1,848316260,21709,5557504,256,6000,33.480
2026-07-18T00:16:04.377Z,usb,1,848316260,21710,5557760,256,6000,33.480
2026-07-18T00:16:04.420Z,usb,1,848316260,21711,5558016,256,6000,33.480
2026-07-18T00:16:04.462Z,usb,1,848316260,21712,5558272,256,6000,33.480
2026-07-18T00:16:04.505Z,usb,1,848316260,21713,5558528,256,6000,33.480
2026-07-18T00:16:04.548Z,usb,1,848316260,21714,5558784,256,6000,33.480
2026-07-18T00:16:04.590Z,usb,1,848316260,21715,5559040,256,6000,33.480
2026-07-18T00:16:04.632Z,usb,1,848316260,21716,5559296,256,6000,33.480
2026-07-18T00:16:04.675Z,usb,1,848316260,21717,5559552,256,6000,33.480
2026-07-18T00:16:04.718Z,usb,1,848316260,21718,5559808,256,6000,33.480
2026-07-18T00:16:04.760Z,usb,1,848316260,21719,5560064,256,6000,33.480
2026-07-18T00:16:04.802Z,usb,1,848316260,21720,5560320,256,6000,33.480
2026-07-18T00:16:04.845Z,usb,1,848316260,21721,5560576,256,6000,33.480
2026-07-18T00:16:04.887Z,usb,1,848316260,21722,5560832,256,6000,33.480
2026-07-18T00:16:04.931Z,usb,1,848316260,21723,5561088,256,6000,33.480
2026-07-18T00:16:04.973Z,usb,1,848316260,21724,5561344,256,6000,33.480
2026-07-18T00:16:05.016Z,usb,1,848316260,21725,5561600,256,6000,33.480
2026-07-18T00:16:05.058Z,usb,1,848316260,21726,5561856,256,6000,33.480
2026-07-18T00:16:05.105Z,usb,1,848316260,21727,5562112,256,6000,33.480
2026-07-18T00:16:05.144Z,usb,1,848316260,21728,5562368,256,6000,33.480
2026-07-18T00:16:05.186Z,usb,1,848316260,21729,5562624,256,6000,33.480
2026-07-18T00:16:05.228Z,usb,1,848316260,21730,5562880,256,6000,33.480
2026-07-18T00:16:05.271Z,usb,1,848316260,21731,5563136,256,6000,33.480
2026-07-18T00:16:05.313Z,usb,1,848316260,21732,5563392,256,6000,33.480
2026-07-18T00:16:05.356Z,usb,1,848316260,21733,5563648,256,6000,33.480
2026-07-18T00:16:05.398Z,usb,1,848316260,21734,5563904,256,6000,33.480
2026-07-18T00:16:05.441Z,usb,1,848316260,21735,5564160,256,6000,33.480
2026-07-18T00:16:05.483Z,usb,1,848316260,21736,5564416,256,6000,33.480
2026-07-18T00:16:05.526Z,usb,1,848316260,21737,5564672,256,6000,33.480
2026-07-18T00:16:05.568Z,usb,1,848316260,21738,5564928,256,6000,33.480
2026-07-18T00:16:05.611Z,usb,1,848316260,21739,5565184,256,6000,33.480
2026-07-18T00:16:05.653Z,usb,1,848316260,21740,5565440,256,6000,33.480
2026-07-18T00:16:05.696Z,usb,1,848316260,21741,5565696,256,6000,33.480
2026-07-18T00:16:05.738Z,usb,1,848316260,21742,5565952,256,6000,33.480
2026-07-18T00:16:05.781Z,usb,1,848316260,21743,5566208,256,6000,33.480
2026-07-18T00:16:05.823Z,usb,1,848316260,21744,5566464,256,6000,33.480
2026-07-18T00:16:05.866Z,usb,1,848316260,21745,5566720,256,6000,33.480
2026-07-18T00:16:05.908Z,usb,1,848316260,21746,5566976,256,6000,33.480
2026-07-18T00:16:05.951Z,usb,1,848316260,21747,5567232,256,6000,33.490
2026-07-18T00:16:05.994Z,usb,1,848316260,21748,5567488,256,6000,33.490
2026-07-18T00:16:06.037Z,usb,1,848316260,21749,5567744,256,6000,33.490
2026-07-18T00:16:06.079Z,usb,1,848316260,21750,5568000,256,6000,33.490
2026-07-18T00:16:06.121Z,usb,1,848316260,21751,5568256,256,6000,33.490
2026-07-18T00:16:06.164Z,usb,1,848316260,21752,5568512,256,6000,33.490
2026-07-18T00:16:06.206Z,usb,1,848316260,21753,5568768,256,6000,33.490
2026-07-18T00:16:06.249Z,usb,1,848316260,21754,5569024,256,6000,33.490
2026-07-18T00:16:06.291Z,usb,1,848316260,21755,5569280,256,6000,33.490
2026-07-18T00:16:06.334Z,usb,1,848316260,21756,5569536,256,6000,33.490
2026-07-18T00:16:06.376Z,usb,1,848316260,21757,5569792,256,6000,33.490
2026-07-18T00:16:06.419Z,usb,1,848316260,21758,5570048,256,6000,33.490
2026-07-18T00:16:06.461Z,usb,1,848316260,21759,5570304,256,6000,33.490
2026-07-18T00:16:06.504Z,usb,1,848316260,21760,5570560,256,6000,33.490
2026-07-18T00:16:06.546Z,usb,1,848316260,21761,5570816,256,6000,33.490
2026-07-18T00:16:06.589Z,usb,1,848316260,21762,5571072,256,6000,33.490
2026-07-18T00:16:06.631Z,usb,1,848316260,21763,5571328,256,6000,33.490
2026-07-18T00:16:06.674Z,usb,1,848316260,21764,5571584,256,6000,33.490
2026-07-18T00:16:06.716Z,usb,1,848316260,21765,5571840,256,6000,33.490
2026-07-18T00:16:06.759Z,usb,1,848316260,21766,5572096,256,6000,33.490
2026-07-18T00:16:06.801Z,usb,1,848316260,21767,5572352,256,6000,33.490
2026-07-18T00:16:06.844Z,usb,1,848316260,21768,5572608,256,6000,33.490
2026-07-18T00:16:06.887Z,usb,1,848316260,21769,5572864,256,6000,33.490
2026-07-18T00:16:06.929Z,usb,1,848316260,21770,5573120,256,6000,33.490
2026-07-18T00:16:06.972Z,usb,1,848316260,21771,5573376,256,6000,33.490
2026-07-18T00:16:07.015Z,usb,1,848316260,21772,5573632,256,6000,33.490
2026-07-18T00:16:07.057Z,usb,1,848316260,21773,5573888,256,6000,33.490
2026-07-18T00:16:07.100Z,usb,1,848316260,21774,5574144,256,6000,33.490
2026-07-18T00:16:07.142Z,usb,1,848316260,21775,5574400,256,6000,33.490
2026-07-18T00:16:07.185Z,usb,1,848316260,21776,5574656,256,6000,33.490
2026-07-18T00:16:07.227Z,usb,1,848316260,21777,5574912,256,6000,33.490
2026-07-18T00:16:07.270Z,usb,1,848316260,21778,5575168,256,6000,33.490
2026-07-18T00:16:07.312Z,usb,1,848316260,21779,5575424,256,6000,33.490
2026-07-18T00:16:07.355Z,usb,1,848316260,21780,5575680,256,6000,33.490
2026-07-18T00:16:07.397Z,usb,1,848316260,21781,5575936,256,6000,33.490
2026-07-18T00:16:07.440Z,usb,1,848316260,21782,5576192,256,6000,33.490
2026-07-18T00:16:07.482Z,usb,1,848316260,21783,5576448,256,6000,33.490
2026-07-18T00:16:07.525Z,usb,1,848316260,21784,5576704,256,6000,33.490
2026-07-18T00:16:07.567Z,usb,1,848316260,21785,5576960,256,6000,33.490
2026-07-18T00:16:07.610Z,usb,1,848316260,21786,5577216,256,6000,33.490
2026-07-18T00:16:07.652Z,usb,1,848316260,21787,5577472,256,6000,33.490
2026-07-18T00:16:07.695Z,usb,1,848316260,21788,5577728,256,6000,33.490
2026-07-18T00:16:07.737Z,usb,1,848316260,21789,5577984,256,6000,33.490
2026-07-18T00:16:07.780Z,usb,1,848316260,21790,5578240,256,6000,33.490
2026-07-18T00:16:07.822Z,usb,1,848316260,21791,5578496,256,6000,33.490
2026-07-18T00:16:07.865Z,usb,1,848316260,21792,5578752,256,6000,33.490
2026-07-18T00:16:07.907Z,usb,1,848316260,21793,5579008,256,6000,33.490
2026-07-18T00:16:07.950Z,usb,1,848316260,21794,5579264,256,6000,33.490
2026-07-18T00:16:07.993Z,usb,1,848316260,21795,5579520,256,6000,33.490
2026-07-18T00:16:08.035Z,usb,1,848316260,21796,5579776,256,6000,33.490
2026-07-18T00:16:08.078Z,usb,1,848316260,21797,5580032,256,6000,33.490
2026-07-18T00:16:08.120Z,usb,1,848316260,21798,5580288,256,6000,33.490
2026-07-18T00:16:08.163Z,usb,1,848316260,21799,5580544,256,6000,33.490
2026-07-18T00:16:08.205Z,usb,1,848316260,21800,5580800,256,6000,33.490
2026-07-18T00:16:08.248Z,usb,1,848316260,21801,5581056,256,6000,33.490
2026-07-18T00:16:08.290Z,usb,1,848316260,21802,5581312,256,6000,33.490
2026-07-18T00:16:08.333Z,usb,1,848316260,21803,5581568,256,6000,33.490
2026-07-18T00:16:08.376Z,usb,1,848316260,21804,5581824,256,6000,33.490
2026-07-18T00:16:08.418Z,usb,1,848316260,21805,5582080,256,6000,33.490
2026-07-18T00:16:08.460Z,usb,1,848316260,21806,5582336,256,6000,33.490
2026-07-18T00:16:08.503Z,usb,1,848316260,21807,5582592,256,6000,33.490
2026-07-18T00:16:08.545Z,usb,1,848316260,21808,5582848,256,6000,33.490
2026-07-18T00:16:08.588Z,usb,1,848316260,21809,5583104,256,6000,33.490
2026-07-18T00:16:08.631Z,usb,1,848316260,21810,5583360,256,6000,33.490
2026-07-18T00:16:08.673Z,usb,1,848316260,21811,5583616,256,6000,33.490
2026-07-18T00:16:08.715Z,usb,1,848316260,21812,5583872,256,6000,33.490
2026-07-18T00:16:08.758Z,usb,1,848316260,21813,5584128,256,6000,33.490
2026-07-18T00:16:08.800Z,usb,1,848316260,21814,5584384,256,6000,33.490
2026-07-18T00:16:08.843Z,usb,1,848316260,21815,5584640,256,6000,33.490
2026-07-18T00:16:08.885Z,usb,1,848316260,21816,5584896,256,6000,33.490
2026-07-18T00:16:08.928Z,usb,1,848316260,21817,5585152,256,6000,33.490
2026-07-18T00:16:08.970Z,usb,1,848316260,21818,5585408,256,6000,33.490
2026-07-18T00:16:09.014Z,usb,1,848316260,21819,5585664,256,6000,33.490
2026-07-18T00:16:09.056Z,usb,1,848316260,21820,5585920,256,6000,33.490
2026-07-18T00:16:09.099Z,usb,1,848316260,21821,5586176,256,6000,33.490
2026-07-18T00:16:09.141Z,usb,1,848316260,21822,5586432,256,6000,33.490
2026-07-18T00:16:09.184Z,usb,1,848316260,21823,5586688,256,6000,33.490
2026-07-18T00:16:09.226Z,usb,1,848316260,21824,5586944,256,6000,33.490
2026-07-18T00:16:09.269Z,usb,1,848316260,21825,5587200,256,6000,33.490
2026-07-18T00:16:09.311Z,usb,1,848316260,21826,5587456,256,6000,33.490
2026-07-18T00:16:09.354Z,usb,1,848316260,21827,5587712,256,6000,33.490
2026-07-18T00:16:09.396Z,usb,1,848316260,21828,5587968,256,6000,33.490
2026-07-18T00:16:09.439Z,usb,1,848316260,21829,5588224,256,6000,33.490
2026-07-18T00:16:09.481Z,usb,1,848316260,21830,5588480,256,6000,33.490
2026-07-18T00:16:09.524Z,usb,1,848316260,21831,5588736,256,6000,33.490
2026-07-18T00:16:09.566Z,usb,1,848316260,21832,5588992,256,6000,33.490
2026-07-18T00:16:09.609Z,usb,1,848316260,21833,5589248,256,6000,33.490
2026-07-18T00:16:09.651Z,usb,1,848316260,21834,5589504,256,6000,33.490
2026-07-18T00:16:09.694Z,usb,1,848316260,21835,5589760,256,6000,33.490
2026-07-18T00:16:09.736Z,usb,1,848316260,21836,5590016,256,6000,33.490
2026-07-18T00:16:09.779Z,usb,1,848316260,21837,5590272,256,6000,33.490
2026-07-18T00:16:09.821Z,usb,1,848316260,21838,5590528,256,6000,33.490
2026-07-18T00:16:09.864Z,usb,1,848316260,21839,5590784,256,6000,33.490
2026-07-18T00:16:09.906Z,usb,1,848316260,21840,5591040,256,6000,33.490
2026-07-18T00:16:09.949Z,usb,1,848316260,21841,5591296,256,6000,33.490
2026-07-18T00:16:09.991Z,usb,1,848316260,21842,5591552,256,6000,33.490
2026-07-18T00:16:10.034Z,usb,1,848316260,21843,5591808,256,6000,33.490
2026-07-18T00:16:10.077Z,usb,1,848316260,21844,5592064,256,6000,33.490
2026-07-18T00:16:10.119Z,usb,1,848316260,21845,5592320,256,6000,33.490
2026-07-18T00:16:10.162Z,usb,1,848316260,21846,5592576,256,6000,33.490
2026-07-18T00:16:10.204Z,usb,1,848316260,21847,5592832,256,6000,33.490
2026-07-18T00:16:10.247Z,usb,1,848316260,21848,5593088,256,6000,33.490
2026-07-18T00:16:10.289Z,usb,1,848316260,21849,5593344,256,6000,33.490
2026-07-18T00:16:10.332Z,usb,1,848316260,21850,5593600,256,6000,33.490
2026-07-18T00:16:10.374Z,usb,1,848316260,21851,5593856,256,6000,33.490
2026-07-18T00:16:10.417Z,usb,1,848316260,21852,5594112,256,6000,33.490
2026-07-18T00:16:10.459Z,usb,1,848316260,21853,5594368,256,6000,33.490
2026-07-18T00:16:10.502Z,usb,1,848316260,21854,5594624,256,6000,33.490
2026-07-18T00:16:10.544Z,usb,1,848316260,21855,5594880,256,6000,33.490
2026-07-18T00:16:10.587Z,usb,1,848316260,21856,5595136,256,6000,33.490
2026-07-18T00:16:10.629Z,usb,1,848316260,21857,5595392,256,6000,33.490
2026-07-18T00:16:10.672Z,usb,1,848316260,21858,5595648,256,6000,33.490
2026-07-18T00:16:10.714Z,usb,1,848316260,21859,5595904,256,6000,33.490
2026-07-18T00:16:10.757Z,usb,1,848316260,21860,5596160,256,6000,33.490
2026-07-18T00:16:10.799Z,usb,1,848316260,21861,5596416,256,6000,33.490
2026-07-18T00:16:10.842Z,usb,1,848316260,21862,5596672,256,6000,33.490
2026-07-18T00:16:10.884Z,usb,1,848316260,21863,5596928,256,6000,33.490
2026-07-18T00:16:10.927Z,usb,1,848316260,21864,5597184,256,6000,33.490
2026-07-18T00:16:10.969Z,usb,1,848316260,21865,5597440,256,6000,33.490
2026-07-18T00:16:11.012Z,usb,1,848316260,21866,5597696,256,6000,33.490
2026-07-18T00:16:11.055Z,usb,1,848316260,21867,5597952,256,6000,33.490
2026-07-18T00:16:11.098Z,usb,1,848316260,21868,5598208,256,6000,33.490
2026-07-18T00:16:11.140Z,usb,1,848316260,21869,5598464,256,6000,33.490
2026-07-18T00:16:11.183Z,usb,1,848316260,21870,5598720,256,6000,33.490
2026-07-18T00:16:11.225Z,usb,1,848316260,21871,5598976,256,6000,33.490
2026-07-18T00:16:11.268Z,usb,1,848316260,21872,5599232,256,6000,33.490
2026-07-18T00:16:11.310Z,usb,1,848316260,21873,5599488,256,6000,33.490
2026-07-18T00:16:11.353Z,usb,1,848316260,21874,5599744,256,6000,33.490
2026-07-18T00:16:11.395Z,usb,1,848316260,21875,5600000,256,6000,33.490
2026-07-18T00:16:11.438Z,usb,1,848316260,21876,5600256,256,6000,33.490
2026-07-18T00:16:11.480Z,usb,1,848316260,21877,5600512,256,6000,33.490
2026-07-18T00:16:11.523Z,usb,1,848316260,21878,5600768,256,6000,33.490
2026-07-18T00:16:11.566Z,usb,1,848316260,21879,5601024,256,6000,33.490
2026-07-18T00:16:11.608Z,usb,1,848316260,21880,5601280,256,6000,33.490
2026-07-18T00:16:11.650Z,usb,1,848316260,21881,5601536,256,6000,33.490
2026-07-18T00:16:11.693Z,usb,1,848316260,21882,5601792,256,6000,33.490
2026-07-18T00:16:11.735Z,usb,1,848316260,21883,5602048,256,6000,33.490
2026-07-18T00:16:11.778Z,usb,1,848316260,21884,5602304,256,6000,33.490
2026-07-18T00:16:11.820Z,usb,1,848316260,21885,5602560,256,6000,33.490
2026-07-18T00:16:11.863Z,usb,1,848316260,21886,5602816,256,6000,33.490
2026-07-18T00:16:11.905Z,usb,1,848316260,21887,5603072,256,6000,33.490
2026-07-18T00:16:11.948Z,usb,1,848316260,21888,5603328,256,6000,33.490
2026-07-18T00:16:11.990Z,usb,1,848316260,21889,5603584,256,6000,33.490
2026-07-18T00:16:12.033Z,usb,1,848316260,21890,5603840,256,6000,33.490
2026-07-18T00:16:12.076Z,usb,1,848316260,21891,5604096,256,6000,33.490
2026-07-18T00:16:12.118Z,usb,1,848316260,21892,5604352,256,6000,33.490
2026-07-18T00:16:12.161Z,usb,1,848316260,21893,5604608,256,6000,33.490
2026-07-18T00:16:12.203Z,usb,1,848316260,21894,5604864,256,6000,33.490
2026-07-18T00:16:12.246Z,usb,1,848316260,21895,5605120,256,6000,33.490
2026-07-18T00:16:12.288Z,usb,1,848316260,21896,5605376,256,6000,33.490
2026-07-18T00:16:12.331Z,usb,1,848316260,21897,5605632,256,6000,33.490
2026-07-18T00:16:12.373Z,usb,1,848316260,21898,5605888,256,6000,33.490
2026-07-18T00:16:12.416Z,usb,1,848316260,21899,5606144,256,6000,33.490
2026-07-18T00:16:12.458Z,usb,1,848316260,21900,5606400,256,6000,33.490
2026-07-18T00:16:12.501Z,usb,1,848316260,21901,5606656,256,6000,33.490
2026-07-18T00:16:12.543Z,usb,1,848316260,21902,5606912,256,6000,33.490
2026-07-18T00:16:12.586Z,usb,1,848316260,21903,5607168,256,6000,33.490
2026-07-18T00:16:12.628Z,usb,1,848316260,21904,5607424,256,6000,33.490
2026-07-18T00:16:12.671Z,usb,1,848316260,21905,5607680,256,6000,33.490
2026-07-18T00:16:12.713Z,usb,1,848316260,21906,5607936,256,6000,33.490
2026-07-18T00:16:12.756Z,usb,1,848316260,21907,5608192,256,6000,33.490
2026-07-18T00:16:12.798Z,usb,1,848316260,21908,5608448,256,6000,33.490
2026-07-18T00:16:12.841Z,usb,1,848316260,21909,5608704,256,6000,33.490
2026-07-18T00:16:12.883Z,usb,1,848316260,21910,5608960,256,6000,33.490
2026-07-18T00:16:12.926Z,usb,1,848316260,21911,5609216,256,6000,33.490
2026-07-18T00:16:12.968Z,usb,1,848316260,21912,5609472,256,6000,33.490
2026-07-18T00:16:13.011Z,usb,1,848316260,21913,5609728,256,6000,33.490
2026-07-18T00:16:13.053Z,usb,1,848316260,21914,5609984,256,6000,33.490
2026-07-18T00:16:13.096Z,usb,1,848316260,21915,5610240,256,6000,33.490
2026-07-18T00:16:13.139Z,usb,1,848316260,21916,5610496,256,6000,33.490
2026-07-18T00:16:13.182Z,usb,1,848316260,21917,5610752,256,6000,33.490
2026-07-18T00:16:13.224Z,usb,1,848316260,21918,5611008,256,6000,33.490
2026-07-18T00:16:13.267Z,usb,1,848316260,21919,5611264,256,6000,33.490
2026-07-18T00:16:13.309Z,usb,1,848316260,21920,5611520,256,6000,33.490
2026-07-18T00:16:13.352Z,usb,1,848316260,21921,5611776,256,6000,33.490
2026-07-18T00:16:13.394Z,usb,1,848316260,21922,5612032,256,6000,33.490
2026-07-18T00:16:13.437Z,usb,1,848316260,21923,5612288,256,6000,33.490
2026-07-18T00:16:13.479Z,usb,1,848316260,21924,5612544,256,6000,33.490
2026-07-18T00:16:13.522Z,usb,1,848316260,21925,5612800,256,6000,33.490
2026-07-18T00:16:13.564Z,usb,1,848316260,21926,5613056,256,6000,33.490
2026-07-18T00:16:13.607Z,usb,1,848316260,21927,5613312,256,6000,33.490
2026-07-18T00:16:13.649Z,usb,1,848316260,21928,5613568,256,6000,33.490
2026-07-18T00:16:13.692Z,usb,1,848316260,21929,5613824,256,6000,33.490
2026-07-18T00:16:13.734Z,usb,1,848316260,21930,5614080,256,6000,33.490
2026-07-18T00:16:13.776Z,usb,1,848316260,21931,5614336,256,6000,33.490
2026-07-18T00:16:13.819Z,usb,1,848316260,21932,5614592,256,6000,33.490
2026-07-18T00:16:13.862Z,usb,1,848316260,21933,5614848,256,6000,33.490
2026-07-18T00:16:13.904Z,usb,1,848316260,21934,5615104,256,6000,33.490
2026-07-18T00:16:13.947Z,usb,1,848316260,21935,5615360,256,6000,33.490
2026-07-18T00:16:13.989Z,usb,1,848316260,21936,5615616,256,6000,33.490
2026-07-18T00:16:14.032Z,usb,1,848316260,21937,5615872,256,6000,33.490
2026-07-18T00:16:14.074Z,usb,1,848316260,21938,5616128,256,6000,33.490
2026-07-18T00:16:14.117Z,usb,1,848316260,21939,5616384,256,6000,33.490
2026-07-18T00:16:14.160Z,usb,1,848316260,21940,5616640,256,6000,33.490
2026-07-18T00:16:14.202Z,usb,1,848316260,21941,5616896,256,6000,33.490
2026-07-18T00:16:14.245Z,usb,1,848316260,21942,5617152,256,6000,33.490
2026-07-18T00:16:14.287Z,usb,1,848316260,21943,5617408,256,6000,33.490
2026-07-18T00:16:14.330Z,usb,1,848316260,21944,5617664,256,6000,33.490
2026-07-18T00:16:14.372Z,usb,1,848316260,21945,5617920,256,6000,33.490
2026-07-18T00:16:14.415Z,usb,1,848316260,21946,5618176,256,6000,33.490
2026-07-18T00:16:14.457Z,usb,1,848316260,21947,5618432,256,6000,33.490
2026-07-18T00:16:14.500Z,usb,1,848316260,21948,5618688,256,6000,33.490
2026-07-18T00:16:14.542Z,usb,1,848316260,21949,5618944,256,6000,33.490
2026-07-18T00:16:14.585Z,usb,1,848316260,21950,5619200,256,6000,33.490
2026-07-18T00:16:14.627Z,usb,1,848316260,21951,5619456,256,6000,33.490
2026-07-18T00:16:14.670Z,usb,1,848316260,21952,5619712,256,6000,33.490
2026-07-18T00:16:14.712Z,usb,1,848316260,21953,5619968,256,6000,33.490
2026-07-18T00:16:14.755Z,usb,1,848316260,21954,5620224,256,6000,33.490
2026-07-18T00:16:14.797Z,usb,1,848316260,21955,5620480,256,6000,33.490
2026-07-18T00:16:14.840Z,usb,1,848316260,21956,5620736,256,6000,33.490
2026-07-18T00:16:14.882Z,usb,1,848316260,21957,5620992,256,6000,33.490
2026-07-18T00:16:14.925Z,usb,1,848316260,21958,5621248,256,6000,33.490
2026-07-18T00:16:14.967Z,usb,1,848316260,21959,5621504,256,6000,33.490
2026-07-18T00:16:15.010Z,usb,1,848316260,21960,5621760,256,6000,33.490
2026-07-18T00:16:15.052Z,usb,1,848316260,21961,5622016,256,6000,33.490
2026-07-18T00:16:15.095Z,usb,1,848316260,21962,5622272,256,6000,33.490
2026-07-18T00:16:15.138Z,usb,1,848316260,21963,5622528,256,6000,33.490
2026-07-18T00:16:15.181Z,usb,1,848316260,21964,5622784,256,6000,33.490
2026-07-18T00:16:15.223Z,usb,1,848316260,21965,5623040,256,6000,33.490
2026-07-18T00:16:15.266Z,usb,1,848316260,21966,5623296,256,6000,33.490
2026-07-18T00:16:15.308Z,usb,1,848316260,21967,5623552,256,6000,33.490
2026-07-18T00:16:15.351Z,usb,1,848316260,21968,5623808,256,6000,33.490
2026-07-18T00:16:15.393Z,usb,1,848316260,21969,5624064,256,6000,33.490
2026-07-18T00:16:15.436Z,usb,1,848316260,21970,5624320,256,6000,33.490
2026-07-18T00:16:15.478Z,usb,1,848316260,21971,5624576,256,6000,33.490
2026-07-18T00:16:15.521Z,usb,1,848316260,21972,5624832,256,6000,33.490
2026-07-18T00:16:15.563Z,usb,1,848316260,21973,5625088,256,6000,33.490
2026-07-18T00:16:15.606Z,usb,1,848316260,21974,5625344,256,6000,33.490
2026-07-18T00:16:15.648Z,usb,1,848316260,21975,5625600,256,6000,33.490
2026-07-18T00:16:15.691Z,usb,1,848316260,21976,5625856,256,6000,33.490
2026-07-18T00:16:15.733Z,usb,1,848316260,21977,5626112,256,6000,33.490
2026-07-18T00:16:15.776Z,usb,1,848316260,21978,5626368,256,6000,33.490
2026-07-18T00:16:15.818Z,usb,1,848316260,21979,5626624,256,6000,33.490
2026-07-18T00:16:15.861Z,usb,1,848316260,21980,5626880,256,6000,33.490
2026-07-18T00:16:15.903Z,usb,1,848316260,21981,5627136,256,6000,33.490
2026-07-18T00:16:15.946Z,usb,1,848316260,21982,5627392,256,6000,33.490
2026-07-18T00:16:15.988Z,usb,1,848316260,21983,5627648,256,6000,33.490
2026-07-18T00:16:16.031Z,usb,1,848316260,21984,5627904,256,6000,33.490
2026-07-18T00:16:16.073Z,usb,1,848316260,21985,5628160,256,6000,33.490
2026-07-18T00:16:16.116Z,usb,1,848316260,21986,5628416,256,6000,33.490
2026-07-18T00:16:16.159Z,usb,1,848316260,21987,5628672,256,6000,33.490
2026-07-18T00:16:16.201Z,usb,1,848316260,21988,5628928,256,6000,33.490
2026-07-18T00:16:16.244Z,usb,1,848316260,21989,5629184,256,6000,33.490
2026-07-18T00:16:16.287Z,usb,1,848316260,21990,5629440,256,6000,33.490
2026-07-18T00:16:16.329Z,usb,1,848316260,21991,5629696,256,6000,33.490
2026-07-18T00:16:16.371Z,usb,1,848316260,21992,5629952,256,6000,33.490
2026-07-18T00:16:16.414Z,usb,1,848316260,21993,5630208,256,6000,33.490
2026-07-18T00:16:16.456Z,usb,1,848316260,21994,5630464,256,6000,33.490
2026-07-18T00:16:16.499Z,usb,1,848316260,21995,5630720,256,6000,33.490
2026-07-18T00:16:16.541Z,usb,1,848316260,21996,5630976,256,6000,33.490
2026-07-18T00:16:16.584Z,usb,1,848316260,21997,5631232,256,6000,33.490
2026-07-18T00:16:16.626Z,usb,1,848316260,21998,5631488,256,6000,33.490
2026-07-18T00:16:16.669Z,usb,1,848316260,21999,5631744,256,6000,33.490
2026-07-18T00:16:16.711Z,usb,1,848316260,22000,5632000,256,6000,33.490
2026-07-18T00:16:16.754Z,usb,1,848316260,22001,5632256,256,6000,33.490
2026-07-18T00:16:16.796Z,usb,1,848316260,22002,5632512,256,6000,33.490
2026-07-18T00:16:16.839Z,usb,1,848316260,22003,5632768,256,6000,33.490
2026-07-18T00:16:16.881Z,usb,1,848316260,22004,5633024,256,6000,33.490
2026-07-18T00:16:16.924Z,usb,1,848316260,22005,5633280,256,6000,33.490
2026-07-18T00:16:16.966Z,usb,1,848316260,22006,5633536,256,6000,33.490
2026-07-18T00:16:17.009Z,usb,1,848316260,22007,5633792,256,6000,33.490
2026-07-18T00:16:17.052Z,usb,1,848316260,22008,5634048,256,6000,33.490
2026-07-18T00:16:17.094Z,usb,1,848316260,22009,5634304,256,6000,33.490
2026-07-18T00:16:17.137Z,usb,1,848316260,22010,5634560,256,6000,33.490
2026-07-18T00:16:17.180Z,usb,1,848316260,22011,5634816,256,6000,33.490
2026-07-18T00:16:17.222Z,usb,1,848316260,22012,5635072,256,6000,33.490
2026-07-18T00:16:17.265Z,usb,1,848316260,22013,5635328,256,6000,33.490
2026-07-18T00:16:17.307Z,usb,1,848316260,22014,5635584,256,6000,33.490
2026-07-18T00:16:17.350Z,usb,1,848316260,22015,5635840,256,6000,33.490
2026-07-18T00:16:17.392Z,usb,1,848316260,22016,5636096,256,6000,33.490
2026-07-18T00:16:17.435Z,usb,1,848316260,22017,5636352,256,6000,33.490
2026-07-18T00:16:17.477Z,usb,1,848316260,22018,5636608,256,6000,33.490
2026-07-18T00:16:17.520Z,usb,1,848316260,22019,5636864,256,6000,33.490
2026-07-18T00:16:17.563Z,usb,1,848316260,22020,5637120,256,6000,33.490
2026-07-18T00:16:17.605Z,usb,1,848316260,22021,5637376,256,6000,33.490
2026-07-18T00:16:17.647Z,usb,1,848316260,22022,5637632,256,6000,33.490
2026-07-18T00:16:17.690Z,usb,1,848316260,22023,5637888,256,6000,33.490
2026-07-18T00:16:17.732Z,usb,1,848316260,22024,5638144,256,6000,33.490
2026-07-18T00:16:17.775Z,usb,1,848316260,22025,5638400,256,6000,33.490
2026-07-18T00:16:17.817Z,usb,1,848316260,22026,5638656,256,6000,33.490
2026-07-18T00:16:17.860Z,usb,1,848316260,22027,5638912,256,6000,33.490
2026-07-18T00:16:17.902Z,usb,1,848316260,22028,5639168,256,6000,33.490
2026-07-18T00:16:17.945Z,usb,1,848316260,22029,5639424,256,6000,33.490
2026-07-18T00:16:17.987Z,usb,1,848316260,22030,5639680,256,6000,33.490
2026-07-18T00:16:18.030Z,usb,1,848316260,22031,5639936,256,6000,33.490
2026-07-18T00:16:18.072Z,usb,1,848316260,22032,5640192,256,6000,33.490
2026-07-18T00:16:18.120Z,usb,1,848316260,22033,5640448,256,6000,33.490
2026-07-18T00:16:18.157Z,usb,1,848316260,22034,5640704,256,6000,33.490
2026-07-18T00:16:18.200Z,usb,1,848316260,22035,5640960,256,6000,33.490
2026-07-18T00:16:18.243Z,usb,1,848316260,22036,5641216,256,6000,33.490
2026-07-18T00:16:18.285Z,usb,1,848316260,22037,5641472,256,6000,33.490
2026-07-18T00:16:18.328Z,usb,1,848316260,22038,5641728,256,6000,33.490
2026-07-18T00:16:18.370Z,usb,1,848316260,22039,5641984,256,6000,33.490
2026-07-18T00:16:18.413Z,usb,1,848316260,22040,5642240,256,6000,33.490
2026-07-18T00:16:18.456Z,usb,1,848316260,22041,5642496,256,6000,33.490
2026-07-18T00:16:18.498Z,usb,1,848316260,22042,5642752,256,6000,33.490
2026-07-18T00:16:18.540Z,usb,1,848316260,22043,5643008,256,6000,33.490
2026-07-18T00:16:18.583Z,usb,1,848316260,22044,5643264,256,6000,33.490
2026-07-18T00:16:18.625Z,usb,1,848316260,22045,5643520,256,6000,33.490
2026-07-18T00:16:18.668Z,usb,1,848316260,22046,5643776,256,6000,33.490
2026-07-18T00:16:18.711Z,usb,1,848316260,22047,5644032,256,6000,33.490
2026-07-18T00:16:18.753Z,usb,1,848316260,22048,5644288,256,6000,33.490
2026-07-18T00:16:18.795Z,usb,1,848316260,22049,5644544,256,6000,33.490
2026-07-18T00:16:18.838Z,usb,1,848316260,22050,5644800,256,6000,33.490
2026-07-18T00:16:18.880Z,usb,1,848316260,22051,5645056,256,6000,33.490
2026-07-18T00:16:18.923Z,usb,1,848316260,22052,5645312,256,6000,33.490
2026-07-18T00:16:18.965Z,usb,1,848316260,22053,5645568,256,6000,33.490
2026-07-18T00:16:19.008Z,usb,1,848316260,22054,5645824,256,6000,33.490
2026-07-18T00:16:19.050Z,usb,1,848316260,22055,5646080,256,6000,33.490
2026-07-18T00:16:19.093Z,usb,1,848316260,22056,5646336,256,6000,33.490
2026-07-18T00:16:19.135Z,usb,1,848316260,22057,5646592,256,6000,33.490
2026-07-18T00:16:19.178Z,usb,1,848316260,22058,5646848,256,6000,33.490
2026-07-18T00:16:19.221Z,usb,1,848316260,22059,5647104,256,6000,33.490
2026-07-18T00:16:19.264Z,usb,1,848316260,22060,5647360,256,6000,33.490
2026-07-18T00:16:19.306Z,usb,1,848316260,22061,5647616,256,6000,33.490
2026-07-18T00:16:19.349Z,usb,1,848316260,22062,5647872,256,6000,33.490
2026-07-18T00:16:19.391Z,usb,1,848316260,22063,5648128,256,6000,33.490
2026-07-18T00:16:19.434Z,usb,1,848316260,22064,5648384,256,6000,33.490
2026-07-18T00:16:19.476Z,usb,1,848316260,22065,5648640,256,6000,33.490
2026-07-18T00:16:19.519Z,usb,1,848316260,22066,5648896,256,6000,33.490
2026-07-18T00:16:19.561Z,usb,1,848316260,22067,5649152,256,6000,33.490
2026-07-18T00:16:19.604Z,usb,1,848316260,22068,5649408,256,6000,33.490
2026-07-18T00:16:19.646Z,usb,1,848316260,22069,5649664,256,6000,33.490
2026-07-18T00:16:19.689Z,usb,1,848316260,22070,5649920,256,6000,33.490
2026-07-18T00:16:19.731Z,usb,1,848316260,22071,5650176,256,6000,33.490
2026-07-18T00:16:19.774Z,usb,1,848316260,22072,5650432,256,6000,33.490
2026-07-18T00:16:19.816Z,usb,1,848316260,22073,5650688,256,6000,33.490
2026-07-18T00:16:19.859Z,usb,1,848316260,22074,5650944,256,6000,33.490
2026-07-18T00:16:19.901Z,usb,1,848316260,22075,5651200,256,6000,33.490
2026-07-18T00:16:19.944Z,usb,1,848316260,22076,5651456,256,6000,33.490
2026-07-18T00:16:19.986Z,usb,1,848316260,22077,5651712,256,6000,33.490
2026-07-18T00:16:20.029Z,usb,1,848316260,22078,5651968,256,6000,33.490
2026-07-18T00:16:20.071Z,usb,1,848316260,22079,5652224,256,6000,33.490
2026-07-18T00:16:20.114Z,usb,1,848316260,22080,5652480,256,6000,33.490
2026-07-18T00:16:20.156Z,usb,1,848316260,22081,5652736,256,6000,33.490
2026-07-18T00:16:20.199Z,usb,1,848316260,22082,5652992,256,6000,33.490
2026-07-18T00:16:20.242Z,usb,1,848316260,22083,5653248,256,6000,33.490
2026-07-18T00:16:20.284Z,usb,1,848316260,22084,5653504,256,6000,33.490
2026-07-18T00:16:20.327Z,usb,1,848316260,22085,5653760,256,6000,33.490
2026-07-18T00:16:20.369Z,usb,1,848316260,22086,5654016,256,6000,33.490
2026-07-18T00:16:20.412Z,usb,1,848316260,22087,5654272,256,6000,33.490
2026-07-18T00:16:20.454Z,usb,1,848316260,22088,5654528,256,6000,33.490
2026-07-18T00:16:20.497Z,usb,1,848316260,22089,5654784,256,6000,33.490
2026-07-18T00:16:20.539Z,usb,1,848316260,22090,5655040,256,6000,33.490
2026-07-18T00:16:20.582Z,usb,1,848316260,22091,5655296,256,6000,33.490
2026-07-18T00:16:20.625Z,usb,1,848316260,22092,5655552,256,6000,33.490
2026-07-18T00:16:20.667Z,usb,1,848316260,22093,5655808,256,6000,33.490
2026-07-18T00:16:20.709Z,usb,1,848316260,22094,5656064,256,6000,33.490
2026-07-18T00:16:20.752Z,usb,1,848316260,22095,5656320,256,6000,33.490
2026-07-18T00:16:20.794Z,usb,1,848316260,22096,5656576,256,6000,33.490
2026-07-18T00:16:20.837Z,usb,1,848316260,22097,5656832,256,6000,33.490
2026-07-18T00:16:20.879Z,usb,1,848316260,22098,5657088,256,6000,33.490
2026-07-18T00:16:20.922Z,usb,1,848316260,22099,5657344,256,6000,33.490
2026-07-18T00:16:20.964Z,usb,1,848316260,22100,5657600,256,6000,33.490
2026-07-18T00:16:21.007Z,usb,1,848316260,22101,5657856,256,6000,33.490
2026-07-18T00:16:21.050Z,usb,1,848316260,22102,5658112,256,6000,33.490
2026-07-18T00:16:21.092Z,usb,1,848316260,22103,5658368,256,6000,33.490
2026-07-18T00:16:21.135Z,usb,1,848316260,22104,5658624,256,6000,33.490
2026-07-18T00:16:21.177Z,usb,1,848316260,22105,5658880,256,6000,33.490
2026-07-18T00:16:21.219Z,usb,1,848316260,22106,5659136,256,6000,33.490
2026-07-18T00:16:21.263Z,usb,1,848316260,22107,5659392,256,6000,33.490
2026-07-18T00:16:21.305Z,usb,1,848316260,22108,5659648,256,6000,33.490
2026-07-18T00:16:21.348Z,usb,1,848316260,22109,5659904,256,6000,33.490
2026-07-18T00:16:21.390Z,usb,1,848316260,22110,5660160,256,6000,33.490
2026-07-18T00:16:21.433Z,usb,1,848316260,22111,5660416,256,6000,33.490
2026-07-18T00:16:21.475Z,usb,1,848316260,22112,5660672,256,6000,33.490
2026-07-18T00:16:21.518Z,usb,1,848316260,22113,5660928,256,6000,33.490
2026-07-18T00:16:21.560Z,usb,1,848316260,22114,5661184,256,6000,33.490
2026-07-18T00:16:21.603Z,usb,1,848316260,22115,5661440,256,6000,33.490
2026-07-18T00:16:21.645Z,usb,1,848316260,22116,5661696,256,6000,33.490
2026-07-18T00:16:21.688Z,usb,1,848316260,22117,5661952,256,6000,33.490
2026-07-18T00:16:21.731Z,usb,1,848316260,22118,5662208,256,6000,33.490
2026-07-18T00:16:21.773Z,usb,1,848316260,22119,5662464,256,6000,33.490
2026-07-18T00:16:21.815Z,usb,1,848316260,22120,5662720,256,6000,33.490
2026-07-18T00:16:21.858Z,usb,1,848316260,22121,5662976,256,6000,33.490
2026-07-18T00:16:21.900Z,usb,1,848316260,22122,5663232,256,6000,33.490
2026-07-18T00:16:21.943Z,usb,1,848316260,22123,5663488,256,6000,33.490
2026-07-18T00:16:21.985Z,usb,1,848316260,22124,5663744,256,6000,33.490
2026-07-18T00:16:22.028Z,usb,1,848316260,22125,5664000,256,6000,33.490
2026-07-18T00:16:22.070Z,usb,1,848316260,22126,5664256,256,6000,33.490
2026-07-18T00:16:22.113Z,usb,1,848316260,22127,5664512,256,6000,33.490
2026-07-18T00:16:22.155Z,usb,1,848316260,22128,5664768,256,6000,33.490
2026-07-18T00:16:22.198Z,usb,1,848316260,22129,5665024,256,6000,33.490
2026-07-18T00:16:22.240Z,usb,1,848316260,22130,5665280,256,6000,33.490
2026-07-18T00:16:22.283Z,usb,1,848316260,22131,5665536,256,6000,33.490
2026-07-18T00:16:22.326Z,usb,1,848316260,22132,5665792,256,6000,33.490
2026-07-18T00:16:22.368Z,usb,1,848316260,22133,5666048,256,6000,33.490
2026-07-18T00:16:22.411Z,usb,1,848316260,22134,5666304,256,6000,33.490
2026-07-18T00:16:22.453Z,usb,1,848316260,22135,5666560,256,6000,33.490
2026-07-18T00:16:22.496Z,usb,1,848316260,22136,5666816,256,6000,33.490
2026-07-18T00:16:22.539Z,usb,1,848316260,22137,5667072,256,6000,33.490
2026-07-18T00:16:22.581Z,usb,1,848316260,22138,5667328,256,6000,33.490
2026-07-18T00:16:22.623Z,usb,1,848316260,22139,5667584,256,6000,33.490
2026-07-18T00:16:22.666Z,usb,1,848316260,22140,5667840,256,6000,33.490
2026-07-18T00:16:22.708Z,usb,1,848316260,22141,5668096,256,6000,33.490
2026-07-18T00:16:22.751Z,usb,1,848316260,22142,5668352,256,6000,33.490
2026-07-18T00:16:22.793Z,usb,1,848316260,22143,5668608,256,6000,33.490
2026-07-18T00:16:22.836Z,usb,1,848316260,22144,5668864,256,6000,33.490
2026-07-18T00:16:22.878Z,usb,1,848316260,22145,5669120,256,6000,33.490
2026-07-18T00:16:22.921Z,usb,1,848316260,22146,5669376,256,6000,33.490
2026-07-18T00:16:22.963Z,usb,1,848316260,22147,5669632,256,6000,33.490
2026-07-18T00:16:23.006Z,usb,1,848316260,22148,5669888,256,6000,33.490
2026-07-18T00:16:23.048Z,usb,1,848316260,22149,5670144,256,6000,33.490
2026-07-18T00:16:23.091Z,usb,1,848316260,22150,5670400,256,6000,33.490
2026-07-18T00:16:23.133Z,usb,1,848316260,22151,5670656,256,6000,33.490
2026-07-18T00:16:23.176Z,usb,1,848316260,22152,5670912,256,6000,33.490
2026-07-18T00:16:23.218Z,usb,1,848316260,22153,5671168,256,6000,33.490
2026-07-18T00:16:23.261Z,usb,1,848316260,22154,5671424,256,6000,33.490
2026-07-18T00:16:23.304Z,usb,1,848316260,22155,5671680,256,6000,33.490
2026-07-18T00:16:23.347Z,usb,1,848316260,22156,5671936,256,6000,33.490
2026-07-18T00:16:23.389Z,usb,1,848316260,22157,5672192,256,6000,33.490
2026-07-18T00:16:23.432Z,usb,1,848316260,22158,5672448,256,6000,33.490
2026-07-18T00:16:23.474Z,usb,1,848316260,22159,5672704,256,6000,33.490
2026-07-18T00:16:23.517Z,usb,1,848316260,22160,5672960,256,6000,33.490
2026-07-18T00:16:23.559Z,usb,1,848316260,22161,5673216,256,6000,33.490
2026-07-18T00:16:23.602Z,usb,1,848316260,22162,5673472,256,6000,33.490
2026-07-18T00:16:23.644Z,usb,1,848316260,22163,5673728,256,6000,33.490
2026-07-18T00:16:23.687Z,usb,1,848316260,22164,5673984,256,6000,33.490
2026-07-18T00:16:23.729Z,usb,1,848316260,22165,5674240,256,6000,33.490
2026-07-18T00:16:23.772Z,usb,1,848316260,22166,5674496,256,6000,33.490
2026-07-18T00:16:23.814Z,usb,1,848316260,22167,5674752,256,6000,33.490
2026-07-18T00:16:23.857Z,usb,1,848316260,22168,5675008,256,6000,33.490
2026-07-18T00:16:23.899Z,usb,1,848316260,22169,5675264,256,6000,33.490
2026-07-18T00:16:23.942Z,usb,1,848316260,22170,5675520,256,6000,33.490
2026-07-18T00:16:23.984Z,usb,1,848316260,22171,5675776,256,6000,33.490
2026-07-18T00:16:24.027Z,usb,1,848316260,22172,5676032,256,6000,33.490
2026-07-18T00:16:24.069Z,usb,1,848316260,22173,5676288,256,6000,33.490
2026-07-18T00:16:24.112Z,usb,1,848316260,22174,5676544,256,6000,33.490
2026-07-18T00:16:24.154Z,usb,1,848316260,22175,5676800,256,6000,33.490
2026-07-18T00:16:24.197Z,usb,1,848316260,22176,5677056,256,6000,33.490
2026-07-18T00:16:24.239Z,usb,1,848316260,22177,5677312,256,6000,33.490
2026-07-18T00:16:24.282Z,usb,1,848316260,22178,5677568,256,6000,33.490
2026-07-18T00:16:24.325Z,usb,1,848316260,22179,5677824,256,6000,33.490
2026-07-18T00:16:24.367Z,usb,1,848316260,22180,5678080,256,6000,33.490
2026-07-18T00:16:24.410Z,usb,1,848316260,22181,5678336,256,6000,33.490
2026-07-18T00:16:24.452Z,usb,1,848316260,22182,5678592,256,6000,33.490
2026-07-18T00:16:24.495Z,usb,1,848316260,22183,5678848,256,6000,33.490
2026-07-18T00:16:24.537Z,usb,1,848316260,22184,5679104,256,6000,33.490
2026-07-18T00:16:24.580Z,usb,1,848316260,22185,5679360,256,6000,33.490
2026-07-18T00:16:24.622Z,usb,1,848316260,22186,5679616,256,6000,33.490
2026-07-18T00:16:24.665Z,usb,1,848316260,22187,5679872,256,6000,33.490
2026-07-18T00:16:24.707Z,usb,1,848316260,22188,5680128,256,6000,33.490
2026-07-18T00:16:24.750Z,usb,1,848316260,22189,5680384,256,6000,33.490
2026-07-18T00:16:24.792Z,usb,1,848316260,22190,5680640,256,6000,33.490
2026-07-18T00:16:24.835Z,usb,1,848316260,22191,5680896,256,6000,33.490
2026-07-18T00:16:24.877Z,usb,1,848316260,22192,5681152,256,6000,33.490
2026-07-18T00:16:24.920Z,usb,1,848316260,22193,5681408,256,6000,33.490
2026-07-18T00:16:24.962Z,usb,1,848316260,22194,5681664,256,6000,33.490
2026-07-18T00:16:25.005Z,usb,1,848316260,22195,5681920,256,6000,33.490
2026-07-18T00:16:25.047Z,usb,1,848316260,22196,5682176,256,6000,33.490
2026-07-18T00:16:25.090Z,usb,1,848316260,22197,5682432,256,6000,33.490
2026-07-18T00:16:25.132Z,usb,1,848316260,22198,5682688,256,6000,33.490
2026-07-18T00:16:25.175Z,usb,1,848316260,22199,5682944,256,6000,33.490
2026-07-18T00:16:25.217Z,usb,1,848316260,22200,5683200,256,6000,33.490
2026-07-18T00:16:25.260Z,usb,1,848316260,22201,5683456,256,6000,33.490
2026-07-18T00:16:25.302Z,usb,1,848316260,22202,5683712,256,6000,33.490
2026-07-18T00:16:25.345Z,usb,1,848316260,22203,5683968,256,6000,33.500
2026-07-18T00:16:25.388Z,usb,1,848316260,22204,5684224,256,6000,33.500
2026-07-18T00:16:25.431Z,usb,1,848316260,22205,5684480,256,6000,33.500
2026-07-18T00:16:25.473Z,usb,1,848316260,22206,5684736,256,6000,33.500
2026-07-18T00:16:25.516Z,usb,1,848316260,22207,5684992,256,6000,33.500
2026-07-18T00:16:25.558Z,usb,1,848316260,22208,5685248,256,6000,33.500
2026-07-18T00:16:25.601Z,usb,1,848316260,22209,5685504,256,6000,33.500
2026-07-18T00:16:25.643Z,usb,1,848316260,22210,5685760,256,6000,33.500
2026-07-18T00:16:25.686Z,usb,1,848316260,22211,5686016,256,6000,33.500
2026-07-18T00:16:25.728Z,usb,1,848316260,22212,5686272,256,6000,33.500
2026-07-18T00:16:25.771Z,usb,1,848316260,22213,5686528,256,6000,33.500
2026-07-18T00:16:25.813Z,usb,1,848316260,22214,5686784,256,6000,33.500
2026-07-18T00:16:25.856Z,usb,1,848316260,22215,5687040,256,6000,33.500
2026-07-18T00:16:25.898Z,usb,1,848316260,22216,5687296,256,6000,33.500
2026-07-18T00:16:25.941Z,usb,1,848316260,22217,5687552,256,6000,33.500
2026-07-18T00:16:25.983Z,usb,1,848316260,22218,5687808,256,6000,33.500
2026-07-18T00:16:26.026Z,usb,1,848316260,22219,5688064,256,6000,33.500
2026-07-18T00:16:26.068Z,usb,1,848316260,22220,5688320,256,6000,33.500
2026-07-18T00:16:26.111Z,usb,1,848316260,22221,5688576,256,6000,33.500
2026-07-18T00:16:26.153Z,usb,1,848316260,22222,5688832,256,6000,33.500
2026-07-18T00:16:26.196Z,usb,1,848316260,22223,5689088,256,6000,33.500
2026-07-18T00:16:26.238Z,usb,1,848316260,22224,5689344,256,6000,33.500
2026-07-18T00:16:26.281Z,usb,1,848316260,22225,5689600,256,6000,33.500
2026-07-18T00:16:26.323Z,usb,1,848316260,22226,5689856,256,6000,33.500
2026-07-18T00:16:26.366Z,usb,1,848316260,22227,5690112,256,6000,33.490
2026-07-18T00:16:26.409Z,usb,1,848316260,22228,5690368,256,6000,33.490
2026-07-18T00:16:26.451Z,usb,1,848316260,22229,5690624,256,6000,33.490
2026-07-18T00:16:26.494Z,usb,1,848316260,22230,5690880,256,6000,33.490
2026-07-18T00:16:26.536Z,usb,1,848316260,22231,5691136,256,6000,33.490
2026-07-18T00:16:26.579Z,usb,1,848316260,22232,5691392,256,6000,33.490
2026-07-18T00:16:26.621Z,usb,1,848316260,22233,5691648,256,6000,33.490
2026-07-18T00:16:26.664Z,usb,1,848316260,22234,5691904,256,6000,33.490
2026-07-18T00:16:26.706Z,usb,1,848316260,22235,5692160,256,6000,33.490
2026-07-18T00:16:26.749Z,usb,1,848316260,22236,5692416,256,6000,33.490
2026-07-18T00:16:26.791Z,usb,1,848316260,22237,5692672,256,6000,33.490
2026-07-18T00:16:26.834Z,usb,1,848316260,22238,5692928,256,6000,33.490
2026-07-18T00:16:26.876Z,usb,1,848316260,22239,5693184,256,6000,33.490
2026-07-18T00:16:26.919Z,usb,1,848316260,22240,5693440,256,6000,33.490
2026-07-18T00:16:26.961Z,usb,1,848316260,22241,5693696,256,6000,33.490
2026-07-18T00:16:27.004Z,usb,1,848316260,22242,5693952,256,6000,33.490
2026-07-18T00:16:27.047Z,usb,1,848316260,22243,5694208,256,6000,33.490
2026-07-18T00:16:27.089Z,usb,1,848316260,22244,5694464,256,6000,33.490
2026-07-18T00:16:27.131Z,usb,1,848316260,22245,5694720,256,6000,33.490
2026-07-18T00:16:27.174Z,usb,1,848316260,22246,5694976,256,6000,33.490
2026-07-18T00:16:27.216Z,usb,1,848316260,22247,5695232,256,6000,33.490
2026-07-18T00:16:27.259Z,usb,1,848316260,22248,5695488,256,6000,33.490
2026-07-18T00:16:27.301Z,usb,1,848316260,22249,5695744,256,6000,33.490
2026-07-18T00:16:27.344Z,usb,1,848316260,22250,5696000,256,6000,33.490
2026-07-18T00:16:27.387Z,usb,1,848316260,22251,5696256,256,6000,33.490
2026-07-18T00:16:27.430Z,usb,1,848316260,22252,5696512,256,6000,33.490
2026-07-18T00:16:27.472Z,usb,1,848316260,22253,5696768,256,6000,33.490
2026-07-18T00:16:27.515Z,usb,1,848316260,22254,5697024,256,6000,33.490
2026-07-18T00:16:27.557Z,usb,1,848316260,22255,5697280,256,6000,33.490
2026-07-18T00:16:27.600Z,usb,1,848316260,22256,5697536,256,6000,33.490
2026-07-18T00:16:27.642Z,usb,1,848316260,22257,5697792,256,6000,33.490
2026-07-18T00:16:27.685Z,usb,1,848316260,22258,5698048,256,6000,33.490
2026-07-18T00:16:27.727Z,usb,1,848316260,22259,5698304,256,6000,33.490
2026-07-18T00:16:27.770Z,usb,1,848316260,22260,5698560,256,6000,33.490
2026-07-18T00:16:27.812Z,usb,1,848316260,22261,5698816,256,6000,33.490
2026-07-18T00:16:27.855Z,usb,1,848316260,22262,5699072,256,6000,33.490
2026-07-18T00:16:27.897Z,usb,1,848316260,22263,5699328,256,6000,33.490
2026-07-18T00:16:27.940Z,usb,1,848316260,22264,5699584,256,6000,33.490
2026-07-18T00:16:27.982Z,usb,1,848316260,22265,5699840,256,6000,33.490
2026-07-18T00:16:28.025Z,usb,1,848316260,22266,5700096,256,6000,33.490
2026-07-18T00:16:28.067Z,usb,1,848316260,22267,5700352,256,6000,33.490
2026-07-18T00:16:28.110Z,usb,1,848316260,22268,5700608,256,6000,33.490
2026-07-18T00:16:28.152Z,usb,1,848316260,22269,5700864,256,6000,33.490
2026-07-18T00:16:28.195Z,usb,1,848316260,22270,5701120,256,6000,33.490
2026-07-18T00:16:28.237Z,usb,1,848316260,22271,5701376,256,6000,33.490
2026-07-18T00:16:28.279Z,usb,1,848316260,22272,5701632,256,6000,33.490
2026-07-18T00:16:28.322Z,usb,1,848316260,22273,5701888,256,6000,33.490
2026-07-18T00:16:28.365Z,usb,1,848316260,22274,5702144,256,6000,33.490
2026-07-18T00:16:28.408Z,usb,1,848316260,22275,5702400,256,6000,33.500
2026-07-18T00:16:28.450Z,usb,1,848316260,22276,5702656,256,6000,33.500
2026-07-18T00:16:28.493Z,usb,1,848316260,22277,5702912,256,6000,33.500
2026-07-18T00:16:28.535Z,usb,1,848316260,22278,5703168,256,6000,33.500
2026-07-18T00:16:28.578Z,usb,1,848316260,22279,5703424,256,6000,33.500
2026-07-18T00:16:28.620Z,usb,1,848316260,22280,5703680,256,6000,33.500
2026-07-18T00:16:28.663Z,usb,1,848316260,22281,5703936,256,6000,33.500
2026-07-18T00:16:28.705Z,usb,1,848316260,22282,5704192,256,6000,33.500
2026-07-18T00:16:28.748Z,usb,1,848316260,22283,5704448,256,6000,33.500
2026-07-18T00:16:28.790Z,usb,1,848316260,22284,5704704,256,6000,33.500
2026-07-18T00:16:28.833Z,usb,1,848316260,22285,5704960,256,6000,33.500
2026-07-18T00:16:28.875Z,usb,1,848316260,22286,5705216,256,6000,33.500
2026-07-18T00:16:28.918Z,usb,1,848316260,22287,5705472,256,6000,33.500
2026-07-18T00:16:28.960Z,usb,1,848316260,22288,5705728,256,6000,33.500
2026-07-18T00:16:29.003Z,usb,1,848316260,22289,5705984,256,6000,33.500
2026-07-18T00:16:29.047Z,usb,1,848316260,22290,5706240,256,6000,33.500
2026-07-18T00:16:29.088Z,usb,1,848316260,22291,5706496,256,6000,33.500
2026-07-18T00:16:29.131Z,usb,1,848316260,22292,5706752,256,6000,33.500
2026-07-18T00:16:29.173Z,usb,1,848316260,22293,5707008,256,6000,33.500
2026-07-18T00:16:29.215Z,usb,1,848316260,22294,5707264,256,6000,33.500
2026-07-18T00:16:29.258Z,usb,1,848316260,22295,5707520,256,6000,33.500
2026-07-18T00:16:29.300Z,usb,1,848316260,22296,5707776,256,6000,33.500
2026-07-18T00:16:29.343Z,usb,1,848316260,22297,5708032,256,6000,33.500
2026-07-18T00:16:29.385Z,usb,1,848316260,22298,5708288,256,6000,33.500
2026-07-18T00:16:29.429Z,usb,1,848316260,22299,5708544,256,6000,33.490
2026-07-18T00:16:29.471Z,usb,1,848316260,22300,5708800,256,6000,33.490
2026-07-18T00:16:29.514Z,usb,1,848316260,22301,5709056,256,6000,33.490
2026-07-18T00:16:29.556Z,usb,1,848316260,22302,5709312,256,6000,33.490
2026-07-18T00:16:29.599Z,usb,1,848316260,22303,5709568,256,6000,33.490
2026-07-18T00:16:29.641Z,usb,1,848316260,22304,5709824,256,6000,33.490
2026-07-18T00:16:29.684Z,usb,1,848316260,22305,5710080,256,6000,33.490
2026-07-18T00:16:29.727Z,usb,1,848316260,22306,5710336,256,6000,33.490
2026-07-18T00:16:29.769Z,usb,1,848316260,22307,5710592,256,6000,33.490
2026-07-18T00:16:29.811Z,usb,1,848316260,22308,5710848,256,6000,33.490
2026-07-18T00:16:29.854Z,usb,1,848316260,22309,5711104,256,6000,33.490
2026-07-18T00:16:29.896Z,usb,1,848316260,22310,5711360,256,6000,33.490
2026-07-18T00:16:29.939Z,usb,1,848316260,22311,5711616,256,6000,33.490
2026-07-18T00:16:29.981Z,usb,1,848316260,22312,5711872,256,6000,33.490
2026-07-18T00:16:30.024Z,usb,1,848316260,22313,5712128,256,6000,33.490
2026-07-18T00:16:30.066Z,usb,1,848316260,22314,5712384,256,6000,33.490
2026-07-18T00:16:30.108Z,usb,1,848316260,22315,5712640,256,6000,33.490
2026-07-18T00:16:30.151Z,usb,1,848316260,22316,5712896,256,6000,33.490
2026-07-18T00:16:30.194Z,usb,1,848316260,22317,5713152,256,6000,33.490
2026-07-18T00:16:30.236Z,usb,1,848316260,22318,5713408,256,6000,33.490
2026-07-18T00:16:30.278Z,usb,1,848316260,22319,5713664,256,6000,33.490
2026-07-18T00:16:30.321Z,usb,1,848316260,22320,5713920,256,6000,33.490
2026-07-18T00:16:30.364Z,usb,1,848316260,22321,5714176,256,6000,33.490
2026-07-18T00:16:30.406Z,usb,1,848316260,22322,5714432,256,6000,33.490
2026-07-18T00:16:30.449Z,usb,1,848316260,22323,5714688,256,6000,33.490
2026-07-18T00:16:30.492Z,usb,1,848316260,22324,5714944,256,6000,33.490
2026-07-18T00:16:30.534Z,usb,1,848316260,22325,5715200,256,6000,33.490
2026-07-18T00:16:30.577Z,usb,1,848316260,22326,5715456,256,6000,33.490
2026-07-18T00:16:30.619Z,usb,1,848316260,22327,5715712,256,6000,33.490
2026-07-18T00:16:30.662Z,usb,1,848316260,22328,5715968,256,6000,33.490
2026-07-18T00:16:30.704Z,usb,1,848316260,22329,5716224,256,6000,33.490
2026-07-18T00:16:30.747Z,usb,1,848316260,22330,5716480,256,6000,33.490
2026-07-18T00:16:30.789Z,usb,1,848316260,22331,5716736,256,6000,33.490
2026-07-18T00:16:30.832Z,usb,1,848316260,22332,5716992,256,6000,33.490
2026-07-18T00:16:30.874Z,usb,1,848316260,22333,5717248,256,6000,33.490
2026-07-18T00:16:30.917Z,usb,1,848316260,22334,5717504,256,6000,33.490
2026-07-18T00:16:30.959Z,usb,1,848316260,22335,5717760,256,6000,33.490
2026-07-18T00:16:31.002Z,usb,1,848316260,22336,5718016,256,6000,33.490
2026-07-18T00:16:31.044Z,usb,1,848316260,22337,5718272,256,6000,33.490
2026-07-18T00:16:31.087Z,usb,1,848316260,22338,5718528,256,6000,33.490
2026-07-18T00:16:31.129Z,usb,1,848316260,22339,5718784,256,6000,33.490
2026-07-18T00:16:31.172Z,usb,1,848316260,22340,5719040,256,6000,33.490
2026-07-18T00:16:31.214Z,usb,1,848316260,22341,5719296,256,6000,33.490
2026-07-18T00:16:31.257Z,usb,1,848316260,22342,5719552,256,6000,33.490
2026-07-18T00:16:31.299Z,usb,1,848316260,22343,5719808,256,6000,33.490
2026-07-18T00:16:31.342Z,usb,1,848316260,22344,5720064,256,6000,33.490
2026-07-18T00:16:31.384Z,usb,1,848316260,22345,5720320,256,6000,33.490
2026-07-18T00:16:31.427Z,usb,1,848316260,22346,5720576,256,6000,33.490
2026-07-18T00:16:31.470Z,usb,1,848316260,22347,5720832,256,6000,33.490
2026-07-18T00:16:31.513Z,usb,1,848316260,22348,5721088,256,6000,33.490
2026-07-18T00:16:31.555Z,usb,1,848316260,22349,5721344,256,6000,33.490
2026-07-18T00:16:31.598Z,usb,1,848316260,22350,5721600,256,6000,33.490
2026-07-18T00:16:31.640Z,usb,1,848316260,22351,5721856,256,6000,33.490
2026-07-18T00:16:31.683Z,usb,1,848316260,22352,5722112,256,6000,33.490
2026-07-18T00:16:31.725Z,usb,1,848316260,22353,5722368,256,6000,33.490
2026-07-18T00:16:31.768Z,usb,1,848316260,22354,5722624,256,6000,33.490
2026-07-18T00:16:31.810Z,usb,1,848316260,22355,5722880,256,6000,33.490
2026-07-18T00:16:31.853Z,usb,1,848316260,22356,5723136,256,6000,33.490
2026-07-18T00:16:31.895Z,usb,1,848316260,22357,5723392,256,6000,33.490
2026-07-18T00:16:31.938Z,usb,1,848316260,22358,5723648,256,6000,33.490
2026-07-18T00:16:31.980Z,usb,1,848316260,22359,5723904,256,6000,33.490
2026-07-18T00:16:32.023Z,usb,1,848316260,22360,5724160,256,6000,33.490
2026-07-18T00:16:32.065Z,usb,1,848316260,22361,5724416,256,6000,33.490
2026-07-18T00:16:32.108Z,usb,1,848316260,22362,5724672,256,6000,33.490
2026-07-18T00:16:32.150Z,usb,1,848316260,22363,5724928,256,6000,33.490
2026-07-18T00:16:32.192Z,usb,1,848316260,22364,5725184,256,6000,33.490
2026-07-18T00:16:32.235Z,usb,1,848316260,22365,5725440,256,6000,33.490
2026-07-18T00:16:32.278Z,usb,1,848316260,22366,5725696,256,6000,33.490
2026-07-18T00:16:32.320Z,usb,1,848316260,22367,5725952,256,6000,33.490
2026-07-18T00:16:32.363Z,usb,1,848316260,22368,5726208,256,6000,33.490
2026-07-18T00:16:32.405Z,usb,1,848316260,22369,5726464,256,6000,33.490
2026-07-18T00:16:32.448Z,usb,1,848316260,22370,5726720,256,6000,33.490
2026-07-18T00:16:32.491Z,usb,1,848316260,22371,5726976,256,6000,33.490
2026-07-18T00:16:32.533Z,usb,1,848316260,22372,5727232,256,6000,33.490
2026-07-18T00:16:32.576Z,usb,1,848316260,22373,5727488,256,6000,33.490
2026-07-18T00:16:32.618Z,usb,1,848316260,22374,5727744,256,6000,33.490
2026-07-18T00:16:32.661Z,usb,1,848316260,22375,5728000,256,6000,33.490
2026-07-18T00:16:32.704Z,usb,1,848316260,22376,5728256,256,6000,33.490
2026-07-18T00:16:32.746Z,usb,1,848316260,22377,5728512,256,6000,33.490
2026-07-18T00:16:32.788Z,usb,1,848316260,22378,5728768,256,6000,33.490
2026-07-18T00:16:32.831Z,usb,1,848316260,22379,5729024,256,6000,33.490
2026-07-18T00:16:32.873Z,usb,1,848316260,22380,5729280,256,6000,33.490
2026-07-18T00:16:32.916Z,usb,1,848316260,22381,5729536,256,6000,33.490
2026-07-18T00:16:32.958Z,usb,1,848316260,22382,5729792,256,6000,33.490
2026-07-18T00:16:33.001Z,usb,1,848316260,22383,5730048,256,6000,33.490
2026-07-18T00:16:33.043Z,usb,1,848316260,22384,5730304,256,6000,33.490
2026-07-18T00:16:33.086Z,usb,1,848316260,22385,5730560,256,6000,33.490
2026-07-18T00:16:33.128Z,usb,1,848316260,22386,5730816,256,6000,33.490
2026-07-18T00:16:33.171Z,usb,1,848316260,22387,5731072,256,6000,33.490
2026-07-18T00:16:33.213Z,usb,1,848316260,22388,5731328,256,6000,33.490
2026-07-18T00:16:33.256Z,usb,1,848316260,22389,5731584,256,6000,33.490
2026-07-18T00:16:33.298Z,usb,1,848316260,22390,5731840,256,6000,33.490
2026-07-18T00:16:33.341Z,usb,1,848316260,22391,5732096,256,6000,33.490
2026-07-18T00:16:33.383Z,usb,1,848316260,22392,5732352,256,6000,33.490
2026-07-18T00:16:33.426Z,usb,1,848316260,22393,5732608,256,6000,33.490
2026-07-18T00:16:33.468Z,usb,1,848316260,22394,5732864,256,6000,33.490
2026-07-18T00:16:33.511Z,usb,1,848316260,22395,5733120,256,6000,33.490
2026-07-18T00:16:33.554Z,usb,1,848316260,22396,5733376,256,6000,33.490
2026-07-18T00:16:33.597Z,usb,1,848316260,22397,5733632,256,6000,33.490
2026-07-18T00:16:33.639Z,usb,1,848316260,22398,5733888,256,6000,33.490
2026-07-18T00:16:33.682Z,usb,1,848316260,22399,5734144,256,6000,33.490
2026-07-18T00:16:33.724Z,usb,1,848316260,22400,5734400,256,6000,33.490
2026-07-18T00:16:33.767Z,usb,1,848316260,22401,5734656,256,6000,33.490
2026-07-18T00:16:33.809Z,usb,1,848316260,22402,5734912,256,6000,33.490
2026-07-18T00:16:33.852Z,usb,1,848316260,22403,5735168,256,6000,33.490
2026-07-18T00:16:33.894Z,usb,1,848316260,22404,5735424,256,6000,33.490
2026-07-18T00:16:33.937Z,usb,1,848316260,22405,5735680,256,6000,33.490
2026-07-18T00:16:33.979Z,usb,1,848316260,22406,5735936,256,6000,33.490
2026-07-18T00:16:34.022Z,usb,1,848316260,22407,5736192,256,6000,33.490
2026-07-18T00:16:34.064Z,usb,1,848316260,22408,5736448,256,6000,33.490
2026-07-18T00:16:34.107Z,usb,1,848316260,22409,5736704,256,6000,33.490
2026-07-18T00:16:34.149Z,usb,1,848316260,22410,5736960,256,6000,33.490
2026-07-18T00:16:34.192Z,usb,1,848316260,22411,5737216,256,6000,33.490
2026-07-18T00:16:34.234Z,usb,1,848316260,22412,5737472,256,6000,33.490
2026-07-18T00:16:34.277Z,usb,1,848316260,22413,5737728,256,6000,33.490
2026-07-18T00:16:34.319Z,usb,1,848316260,22414,5737984,256,6000,33.490
2026-07-18T00:16:34.362Z,usb,1,848316260,22415,5738240,256,6000,33.490
2026-07-18T00:16:34.404Z,usb,1,848316260,22416,5738496,256,6000,33.490
2026-07-18T00:16:34.447Z,usb,1,848316260,22417,5738752,256,6000,33.490
2026-07-18T00:16:34.489Z,usb,1,848316260,22418,5739008,256,6000,33.490
2026-07-18T00:16:34.532Z,usb,1,848316260,22419,5739264,256,6000,33.490
2026-07-18T00:16:34.575Z,usb,1,848316260,22420,5739520,256,6000,33.490
2026-07-18T00:16:34.617Z,usb,1,848316260,22421,5739776,256,6000,33.490
2026-07-18T00:16:34.660Z,usb,1,848316260,22422,5740032,256,6000,33.490
2026-07-18T00:16:34.702Z,usb,1,848316260,22423,5740288,256,6000,33.490
2026-07-18T00:16:34.745Z,usb,1,848316260,22424,5740544,256,6000,33.490
2026-07-18T00:16:34.787Z,usb,1,848316260,22425,5740800,256,6000,33.490
2026-07-18T00:16:34.830Z,usb,1,848316260,22426,5741056,256,6000,33.490
2026-07-18T00:16:34.873Z,usb,1,848316260,22427,5741312,256,6000,33.490
2026-07-18T00:16:34.915Z,usb,1,848316260,22428,5741568,256,6000,33.490
2026-07-18T00:16:34.957Z,usb,1,848316260,22429,5741824,256,6000,33.490
2026-07-18T00:16:35.000Z,usb,1,848316260,22430,5742080,256,6000,33.490
2026-07-18T00:16:35.042Z,usb,1,848316260,22431,5742336,256,6000,33.490
2026-07-18T00:16:35.085Z,usb,1,848316260,22432,5742592,256,6000,33.490
2026-07-18T00:16:35.128Z,usb,1,848316260,22433,5742848,256,6000,33.490
2026-07-18T00:16:35.170Z,usb,1,848316260,22434,5743104,256,6000,33.490
2026-07-18T00:16:35.212Z,usb,1,848316260,22435,5743360,256,6000,33.490
2026-07-18T00:16:35.255Z,usb,1,848316260,22436,5743616,256,6000,33.490
2026-07-18T00:16:35.298Z,usb,1,848316260,22437,5743872,256,6000,33.490
2026-07-18T00:16:35.340Z,usb,1,848316260,22438,5744128,256,6000,33.490
2026-07-18T00:16:35.382Z,usb,1,848316260,22439,5744384,256,6000,33.490
2026-07-18T00:16:35.425Z,usb,1,848316260,22440,5744640,256,6000,33.490
2026-07-18T00:16:35.467Z,usb,1,848316260,22441,5744896,256,6000,33.490
2026-07-18T00:16:35.510Z,usb,1,848316260,22442,5745152,256,6000,33.490
2026-07-18T00:16:35.553Z,usb,1,848316260,22443,5745408,256,6000,33.490
2026-07-18T00:16:35.596Z,usb,1,848316260,22444,5745664,256,6000,33.490
2026-07-18T00:16:35.638Z,usb,1,848316260,22445,5745920,256,6000,33.490
2026-07-18T00:16:35.681Z,usb,1,848316260,22446,5746176,256,6000,33.490
2026-07-18T00:16:35.723Z,usb,1,848316260,22447,5746432,256,6000,33.490
2026-07-18T00:16:35.766Z,usb,1,848316260,22448,5746688,256,6000,33.490
2026-07-18T00:16:35.808Z,usb,1,848316260,22449,5746944,256,6000,33.490
2026-07-18T00:16:35.851Z,usb,1,848316260,22450,5747200,256,6000,33.490
2026-07-18T00:16:35.893Z,usb,1,848316260,22451,5747456,256,6000,33.490
2026-07-18T00:16:35.936Z,usb,1,848316260,22452,5747712,256,6000,33.490
2026-07-18T00:16:35.978Z,usb,1,848316260,22453,5747968,256,6000,33.490
2026-07-18T00:16:36.021Z,usb,1,848316260,22454,5748224,256,6000,33.490
2026-07-18T00:16:36.064Z,usb,1,848316260,22455,5748480,256,6000,33.490
2026-07-18T00:16:36.106Z,usb,1,848316260,22456,5748736,256,6000,33.490
2026-07-18T00:16:36.148Z,usb,1,848316260,22457,5748992,256,6000,33.490
2026-07-18T00:16:36.191Z,usb,1,848316260,22458,5749248,256,6000,33.490
2026-07-18T00:16:36.234Z,usb,1,848316260,22459,5749504,256,6000,33.490
2026-07-18T00:16:36.276Z,usb,1,848316260,22460,5749760,256,6000,33.490
2026-07-18T00:16:36.318Z,usb,1,848316260,22461,5750016,256,6000,33.490
2026-07-18T00:16:36.361Z,usb,1,848316260,22462,5750272,256,6000,33.490
2026-07-18T00:16:36.403Z,usb,1,848316260,22463,5750528,256,6000,33.490
2026-07-18T00:16:36.446Z,usb,1,848316260,22464,5750784,256,6000,33.490
2026-07-18T00:16:36.488Z,usb,1,848316260,22465,5751040,256,6000,33.490
2026-07-18T00:16:36.531Z,usb,1,848316260,22466,5751296,256,6000,33.490
2026-07-18T00:16:36.574Z,usb,1,848316260,22467,5751552,256,6000,33.490
2026-07-18T00:16:36.616Z,usb,1,848316260,22468,5751808,256,6000,33.490
2026-07-18T00:16:36.659Z,usb,1,848316260,22469,5752064,256,6000,33.490
2026-07-18T00:16:36.701Z,usb,1,848316260,22470,5752320,256,6000,33.490
2026-07-18T00:16:36.744Z,usb,1,848316260,22471,5752576,256,6000,33.490
2026-07-18T00:16:36.786Z,usb,1,848316260,22472,5752832,256,6000,33.490
2026-07-18T00:16:36.829Z,usb,1,848316260,22473,5753088,256,6000,33.490
2026-07-18T00:16:36.871Z,usb,1,848316260,22474,5753344,256,6000,33.490
2026-07-18T00:16:36.914Z,usb,1,848316260,22475,5753600,256,6000,33.490
2026-07-18T00:16:36.956Z,usb,1,848316260,22476,5753856,256,6000,33.490
2026-07-18T00:16:36.999Z,usb,1,848316260,22477,5754112,256,6000,33.490
2026-07-18T00:16:37.041Z,usb,1,848316260,22478,5754368,256,6000,33.490
2026-07-18T00:16:37.084Z,usb,1,848316260,22479,5754624,256,6000,33.490
2026-07-18T00:16:37.126Z,usb,1,848316260,22480,5754880,256,6000,33.490
2026-07-18T00:16:37.169Z,usb,1,848316260,22481,5755136,256,6000,33.490
2026-07-18T00:16:37.211Z,usb,1,848316260,22482,5755392,256,6000,33.490
2026-07-18T00:16:37.254Z,usb,1,848316260,22483,5755648,256,6000,33.490
2026-07-18T00:16:37.296Z,usb,1,848316260,22484,5755904,256,6000,33.490
2026-07-18T00:16:37.339Z,usb,1,848316260,22485,5756160,256,6000,33.490
2026-07-18T00:16:37.381Z,usb,1,848316260,22486,5756416,256,6000,33.490
2026-07-18T00:16:37.424Z,usb,1,848316260,22487,5756672,256,6000,33.490
2026-07-18T00:16:37.466Z,usb,1,848316260,22488,5756928,256,6000,33.490
2026-07-18T00:16:37.509Z,usb,1,848316260,22489,5757184,256,6000,33.490
2026-07-18T00:16:37.551Z,usb,1,848316260,22490,5757440,256,6000,33.490
2026-07-18T00:16:37.595Z,usb,1,848316260,22491,5757696,256,6000,33.490
2026-07-18T00:16:37.637Z,usb,1,848316260,22492,5757952,256,6000,33.490
2026-07-18T00:16:37.680Z,usb,1,848316260,22493,5758208,256,6000,33.490
2026-07-18T00:16:37.722Z,usb,1,848316260,22494,5758464,256,6000,33.490
2026-07-18T00:16:37.765Z,usb,1,848316260,22495,5758720,256,6000,33.490
2026-07-18T00:16:37.807Z,usb,1,848316260,22496,5758976,256,6000,33.490
2026-07-18T00:16:37.850Z,usb,1,848316260,22497,5759232,256,6000,33.490
2026-07-18T00:16:37.892Z,usb,1,848316260,22498,5759488,256,6000,33.490
2026-07-18T00:16:37.935Z,usb,1,848316260,22499,5759744,256,6000,33.490
2026-07-18T00:16:37.977Z,usb,1,848316260,22500,5760000,256,6000,33.490
2026-07-18T00:16:38.020Z,usb,1,848316260,22501,5760256,256,6000,33.490
2026-07-18T00:16:38.062Z,usb,1,848316260,22502,5760512,256,6000,33.490
2026-07-18T00:16:38.105Z,usb,1,848316260,22503,5760768,256,6000,33.490
2026-07-18T00:16:38.147Z,usb,1,848316260,22504,5761024,256,6000,33.490
2026-07-18T00:16:38.189Z,usb,1,848316260,22505,5761280,256,6000,33.490
2026-07-18T00:16:38.232Z,usb,1,848316260,22506,5761536,256,6000,33.490
2026-07-18T00:16:38.275Z,usb,1,848316260,22507,5761792,256,6000,33.490
2026-07-18T00:16:38.317Z,usb,1,848316260,22508,5762048,256,6000,33.490
2026-07-18T00:16:38.360Z,usb,1,848316260,22509,5762304,256,6000,33.490
2026-07-18T00:16:38.402Z,usb,1,848316260,22510,5762560,256,6000,33.490
2026-07-18T00:16:38.445Z,usb,1,848316260,22511,5762816,256,6000,33.490
2026-07-18T00:16:38.487Z,usb,1,848316260,22512,5763072,256,6000,33.490
2026-07-18T00:16:38.530Z,usb,1,848316260,22513,5763328,256,6000,33.490
2026-07-18T00:16:38.572Z,usb,1,848316260,22514,5763584,256,6000,33.490
2026-07-18T00:16:38.615Z,usb,1,848316260,22515,5763840,256,6000,33.490
2026-07-18T00:16:38.658Z,usb,1,848316260,22516,5764096,256,6000,33.490
2026-07-18T00:16:38.700Z,usb,1,848316260,22517,5764352,256,6000,33.490
2026-07-18T00:16:38.743Z,usb,1,848316260,22518,5764608,256,6000,33.490
2026-07-18T00:16:38.785Z,usb,1,848316260,22519,5764864,256,6000,33.490
2026-07-18T00:16:38.828Z,usb,1,848316260,22520,5765120,256,6000,33.490
2026-07-18T00:16:38.870Z,usb,1,848316260,22521,5765376,256,6000,33.490
2026-07-18T00:16:38.913Z,usb,1,848316260,22522,5765632,256,6000,33.490
2026-07-18T00:16:38.955Z,usb,1,848316260,22523,5765888,256,6000,33.490
2026-07-18T00:16:38.998Z,usb,1,848316260,22524,5766144,256,6000,33.490
2026-07-18T00:16:39.040Z,usb,1,848316260,22525,5766400,256,6000,33.490
2026-07-18T00:16:39.083Z,usb,1,848316260,22526,5766656,256,6000,33.490
2026-07-18T00:16:39.125Z,usb,1,848316260,22527,5766912,256,6000,33.490
2026-07-18T00:16:39.168Z,usb,1,848316260,22528,5767168,256,6000,33.490
2026-07-18T00:16:39.210Z,usb,1,848316260,22529,5767424,256,6000,33.490
2026-07-18T00:16:39.253Z,usb,1,848316260,22530,5767680,256,6000,33.490
2026-07-18T00:16:39.295Z,usb,1,848316260,22531,5767936,256,6000,33.490
2026-07-18T00:16:39.338Z,usb,1,848316260,22532,5768192,256,6000,33.490
2026-07-18T00:16:39.380Z,usb,1,848316260,22533,5768448,256,6000,33.490
2026-07-18T00:16:39.423Z,usb,1,848316260,22534,5768704,256,6000,33.490
2026-07-18T00:16:39.466Z,usb,1,848316260,22535,5768960,256,6000,33.490
2026-07-18T00:16:39.508Z,usb,1,848316260,22536,5769216,256,6000,33.490
2026-07-18T00:16:39.550Z,usb,1,848316260,22537,5769472,256,6000,33.490
2026-07-18T00:16:39.593Z,usb,1,848316260,22538,5769728,256,6000,33.490
2026-07-18T00:16:39.636Z,usb,1,848316260,22539,5769984,256,6000,33.500
2026-07-18T00:16:39.679Z,usb,1,848316260,22540,5770240,256,6000,33.500
2026-07-18T00:16:39.721Z,usb,1,848316260,22541,5770496,256,6000,33.500
2026-07-18T00:16:39.764Z,usb,1,848316260,22542,5770752,256,6000,33.500
2026-07-18T00:16:39.806Z,usb,1,848316260,22543,5771008,256,6000,33.500
2026-07-18T00:16:39.849Z,usb,1,848316260,22544,5771264,256,6000,33.500
2026-07-18T00:16:39.891Z,usb,1,848316260,22545,5771520,256,6000,33.500
2026-07-18T00:16:39.934Z,usb,1,848316260,22546,5771776,256,6000,33.500
2026-07-18T00:16:39.976Z,usb,1,848316260,22547,5772032,256,6000,33.500
2026-07-18T00:16:40.019Z,usb,1,848316260,22548,5772288,256,6000,33.500
2026-07-18T00:16:40.061Z,usb,1,848316260,22549,5772544,256,6000,33.500
2026-07-18T00:16:40.104Z,usb,1,848316260,22550,5772800,256,6000,33.500
2026-07-18T00:16:40.146Z,usb,1,848316260,22551,5773056,256,6000,33.500
2026-07-18T00:16:40.189Z,usb,1,848316260,22552,5773312,256,6000,33.500
2026-07-18T00:16:40.231Z,usb,1,848316260,22553,5773568,256,6000,33.500
2026-07-18T00:16:40.274Z,usb,1,848316260,22554,5773824,256,6000,33.500
2026-07-18T00:16:40.316Z,usb,1,848316260,22555,5774080,256,6000,33.500
2026-07-18T00:16:40.359Z,usb,1,848316260,22556,5774336,256,6000,33.500
2026-07-18T00:16:40.401Z,usb,1,848316260,22557,5774592,256,6000,33.500
2026-07-18T00:16:40.444Z,usb,1,848316260,22558,5774848,256,6000,33.500
2026-07-18T00:16:40.486Z,usb,1,848316260,22559,5775104,256,6000,33.500
2026-07-18T00:16:40.529Z,usb,1,848316260,22560,5775360,256,6000,33.500
2026-07-18T00:16:40.571Z,usb,1,848316260,22561,5775616,256,6000,33.500
2026-07-18T00:16:40.614Z,usb,1,848316260,22562,5775872,256,6000,33.500
2026-07-18T00:16:40.657Z,usb,1,848316260,22563,5776128,256,6000,33.500
2026-07-18T00:16:40.699Z,usb,1,848316260,22564,5776384,256,6000,33.500
2026-07-18T00:16:40.742Z,usb,1,848316260,22565,5776640,256,6000,33.500
2026-07-18T00:16:40.784Z,usb,1,848316260,22566,5776896,256,6000,33.500
2026-07-18T00:16:40.827Z,usb,1,848316260,22567,5777152,256,6000,33.500
2026-07-18T00:16:40.869Z,usb,1,848316260,22568,5777408,256,6000,33.500
2026-07-18T00:16:40.912Z,usb,1,848316260,22569,5777664,256,6000,33.500
2026-07-18T00:16:40.954Z,usb,1,848316260,22570,5777920,256,6000,33.500
2026-07-18T00:16:40.997Z,usb,1,848316260,22571,5778176,256,6000,33.500
2026-07-18T00:16:41.040Z,usb,1,848316260,22572,5778432,256,6000,33.500
2026-07-18T00:16:41.082Z,usb,1,848316260,22573,5778688,256,6000,33.500
2026-07-18T00:16:41.124Z,usb,1,848316260,22574,5778944,256,6000,33.500
2026-07-18T00:16:41.167Z,usb,1,848316260,22575,5779200,256,6000,33.500
2026-07-18T00:16:41.209Z,usb,1,848316260,22576,5779456,256,6000,33.500
2026-07-18T00:16:41.252Z,usb,1,848316260,22577,5779712,256,6000,33.500
2026-07-18T00:16:41.294Z,usb,1,848316260,22578,5779968,256,6000,33.500
2026-07-18T00:16:41.337Z,usb,1,848316260,22579,5780224,256,6000,33.500
2026-07-18T00:16:41.379Z,usb,1,848316260,22580,5780480,256,6000,33.500
2026-07-18T00:16:41.422Z,usb,1,848316260,22581,5780736,256,6000,33.500
2026-07-18T00:16:41.464Z,usb,1,848316260,22582,5780992,256,6000,33.500
2026-07-18T00:16:41.507Z,usb,1,848316260,22583,5781248,256,6000,33.500
2026-07-18T00:16:41.549Z,usb,1,848316260,22584,5781504,256,6000,33.500
2026-07-18T00:16:41.592Z,usb,1,848316260,22585,5781760,256,6000,33.500
2026-07-18T00:16:41.634Z,usb,1,848316260,22586,5782016,256,6000,33.500
2026-07-18T00:16:41.678Z,usb,1,848316260,22587,5782272,256,6000,33.500
2026-07-18T00:16:41.720Z,usb,1,848316260,22588,5782528,256,6000,33.500
2026-07-18T00:16:41.763Z,usb,1,848316260,22589,5782784,256,6000,33.500
2026-07-18T00:16:41.805Z,usb,1,848316260,22590,5783040,256,6000,33.500
2026-07-18T00:16:41.848Z,usb,1,848316260,22591,5783296,256,6000,33.500
2026-07-18T00:16:41.890Z,usb,1,848316260,22592,5783552,256,6000,33.500
2026-07-18T00:16:41.933Z,usb,1,848316260,22593,5783808,256,6000,33.500
2026-07-18T00:16:41.975Z,usb,1,848316260,22594,5784064,256,6000,33.500
2026-07-18T00:16:42.018Z,usb,1,848316260,22595,5784320,256,6000,33.500
2026-07-18T00:16:42.060Z,usb,1,848316260,22596,5784576,256,6000,33.500
2026-07-18T00:16:42.103Z,usb,1,848316260,22597,5784832,256,6000,33.500
2026-07-18T00:16:42.145Z,usb,1,848316260,22598,5785088,256,6000,33.500
2026-07-18T00:16:42.188Z,usb,1,848316260,22599,5785344,256,6000,33.500
2026-07-18T00:16:42.230Z,usb,1,848316260,22600,5785600,256,6000,33.500
2026-07-18T00:16:42.273Z,usb,1,848316260,22601,5785856,256,6000,33.500
2026-07-18T00:16:42.315Z,usb,1,848316260,22602,5786112,256,6000,33.500
2026-07-18T00:16:42.358Z,usb,1,848316260,22603,5786368,256,6000,33.500
2026-07-18T00:16:42.400Z,usb,1,848316260,22604,5786624,256,6000,33.500
2026-07-18T00:16:42.443Z,usb,1,848316260,22605,5786880,256,6000,33.500
2026-07-18T00:16:42.485Z,usb,1,848316260,22606,5787136,256,6000,33.500
2026-07-18T00:16:42.528Z,usb,1,848316260,22607,5787392,256,6000,33.500
2026-07-18T00:16:42.570Z,usb,1,848316260,22608,5787648,256,6000,33.500
2026-07-18T00:16:42.613Z,usb,1,848316260,22609,5787904,256,6000,33.500
2026-07-18T00:16:42.655Z,usb,1,848316260,22610,5788160,256,6000,33.500
2026-07-18T00:16:42.698Z,usb,1,848316260,22611,5788416,256,6000,33.500
2026-07-18T00:16:42.741Z,usb,1,848316260,22612,5788672,256,6000,33.500
2026-07-18T00:16:42.783Z,usb,1,848316260,22613,5788928,256,6000,33.500
2026-07-18T00:16:42.826Z,usb,1,848316260,22614,5789184,256,6000,33.500
2026-07-18T00:16:42.868Z,usb,1,848316260,22615,5789440,256,6000,33.500
2026-07-18T00:16:42.911Z,usb,1,848316260,22616,5789696,256,6000,33.500
2026-07-18T00:16:42.953Z,usb,1,848316260,22617,5789952,256,6000,33.500
2026-07-18T00:16:42.996Z,usb,1,848316260,22618,5790208,256,6000,33.500
2026-07-18T00:16:43.038Z,usb,1,848316260,22619,5790464,256,6000,33.500
2026-07-18T00:16:43.081Z,usb,1,848316260,22620,5790720,256,6000,33.500
2026-07-18T00:16:43.123Z,usb,1,848316260,22621,5790976,256,6000,33.500
2026-07-18T00:16:43.166Z,usb,1,848316260,22622,5791232,256,6000,33.500
2026-07-18T00:16:43.208Z,usb,1,848316260,22623,5791488,256,6000,33.500
2026-07-18T00:16:43.251Z,usb,1,848316260,22624,5791744,256,6000,33.500
2026-07-18T00:16:43.293Z,usb,1,848316260,22625,5792000,256,6000,33.500
2026-07-18T00:16:43.336Z,usb,1,848316260,22626,5792256,256,6000,33.500
2026-07-18T00:16:43.378Z,usb,1,848316260,22627,5792512,256,6000,33.500
2026-07-18T00:16:43.421Z,usb,1,848316260,22628,5792768,256,6000,33.500
2026-07-18T00:16:43.463Z,usb,1,848316260,22629,5793024,256,6000,33.500
2026-07-18T00:16:43.506Z,usb,1,848316260,22630,5793280,256,6000,33.500
2026-07-18T00:16:43.548Z,usb,1,848316260,22631,5793536,256,6000,33.500
2026-07-18T00:16:43.591Z,usb,1,848316260,22632,5793792,256,6000,33.500
2026-07-18T00:16:43.633Z,usb,1,848316260,22633,5794048,256,6000,33.500
2026-07-18T00:16:43.676Z,usb,1,848316260,22634,5794304,256,6000,33.500
2026-07-18T00:16:43.719Z,usb,1,848316260,22635,5794560,256,6000,33.500
2026-07-18T00:16:43.762Z,usb,1,848316260,22636,5794816,256,6000,33.500
2026-07-18T00:16:43.804Z,usb,1,848316260,22637,5795072,256,6000,33.500
2026-07-18T00:16:43.847Z,usb,1,848316260,22638,5795328,256,6000,33.500
2026-07-18T00:16:43.889Z,usb,1,848316260,22639,5795584,256,6000,33.500
2026-07-18T00:16:43.932Z,usb,1,848316260,22640,5795840,256,6000,33.500
2026-07-18T00:16:43.974Z,usb,1,848316260,22641,5796096,256,6000,33.500
2026-07-18T00:16:44.017Z,usb,1,848316260,22642,5796352,256,6000,33.500
2026-07-18T00:16:44.059Z,usb,1,848316260,22643,5796608,256,6000,33.500
2026-07-18T00:16:44.102Z,usb,1,848316260,22644,5796864,256,6000,33.500
2026-07-18T00:16:44.144Z,usb,1,848316260,22645,5797120,256,6000,33.500
2026-07-18T00:16:44.187Z,usb,1,848316260,22646,5797376,256,6000,33.500
2026-07-18T00:16:44.229Z,usb,1,848316260,22647,5797632,256,6000,33.500
2026-07-18T00:16:44.271Z,usb,1,848316260,22648,5797888,256,6000,33.500
2026-07-18T00:16:44.314Z,usb,1,848316260,22649,5798144,256,6000,33.500
2026-07-18T00:16:44.357Z,usb,1,848316260,22650,5798400,256,6000,33.500
2026-07-18T00:16:44.399Z,usb,1,848316260,22651,5798656,256,6000,33.500
2026-07-18T00:16:44.442Z,usb,1,848316260,22652,5798912,256,6000,33.500
2026-07-18T00:16:44.484Z,usb,1,848316260,22653,5799168,256,6000,33.500
2026-07-18T00:16:44.527Z,usb,1,848316260,22654,5799424,256,6000,33.500
2026-07-18T00:16:44.569Z,usb,1,848316260,22655,5799680,256,6000,33.500
2026-07-18T00:16:44.612Z,usb,1,848316260,22656,5799936,256,6000,33.500
2026-07-18T00:16:44.654Z,usb,1,848316260,22657,5800192,256,6000,33.500
2026-07-18T00:16:44.696Z,usb,1,848316260,22658,5800448,256,6000,33.500
2026-07-18T00:16:44.740Z,usb,1,848316260,22659,5800704,256,6000,33.500
2026-07-18T00:16:44.782Z,usb,1,848316260,22660,5800960,256,6000,33.500
2026-07-18T00:16:44.825Z,usb,1,848316260,22661,5801216,256,6000,33.500
2026-07-18T00:16:44.867Z,usb,1,848316260,22662,5801472,256,6000,33.500
2026-07-18T00:16:44.910Z,usb,1,848316260,22663,5801728,256,6000,33.500
2026-07-18T00:16:44.952Z,usb,1,848316260,22664,5801984,256,6000,33.500
2026-07-18T00:16:44.995Z,usb,1,848316260,22665,5802240,256,6000,33.500
2026-07-18T00:16:45.037Z,usb,1,848316260,22666,5802496,256,6000,33.500
2026-07-18T00:16:45.080Z,usb,1,848316260,22667,5802752,256,6000,33.500
2026-07-18T00:16:45.122Z,usb,1,848316260,22668,5803008,256,6000,33.500
2026-07-18T00:16:45.165Z,usb,1,848316260,22669,5803264,256,6000,33.500
2026-07-18T00:16:45.207Z,usb,1,848316260,22670,5803520,256,6000,33.500
2026-07-18T00:16:45.250Z,usb,1,848316260,22671,5803776,256,6000,33.500
2026-07-18T00:16:45.292Z,usb,1,848316260,22672,5804032,256,6000,33.500
2026-07-18T00:16:45.335Z,usb,1,848316260,22673,5804288,256,6000,33.500
2026-07-18T00:16:45.377Z,usb,1,848316260,22674,5804544,256,6000,33.500
2026-07-18T00:16:45.420Z,usb,1,848316260,22675,5804800,256,6000,33.500
2026-07-18T00:16:45.462Z,usb,1,848316260,22676,5805056,256,6000,33.500
2026-07-18T00:16:45.505Z,usb,1,848316260,22677,5805312,256,6000,33.500
2026-07-18T00:16:45.547Z,usb,1,848316260,22678,5805568,256,6000,33.500
2026-07-18T00:16:45.590Z,usb,1,848316260,22679,5805824,256,6000,33.500
2026-07-18T00:16:45.632Z,usb,1,848316260,22680,5806080,256,6000,33.500
2026-07-18T00:16:45.675Z,usb,1,848316260,22681,5806336,256,6000,33.500
2026-07-18T00:16:45.717Z,usb,1,848316260,22682,5806592,256,6000,33.500
2026-07-18T00:16:45.760Z,usb,1,848316260,22683,5806848,256,6000,33.500
2026-07-18T00:16:45.803Z,usb,1,848316260,22684,5807104,256,6000,33.500
2026-07-18T00:16:45.846Z,usb,1,848316260,22685,5807360,256,6000,33.500
2026-07-18T00:16:45.888Z,usb,1,848316260,22686,5807616,256,6000,33.500
2026-07-18T00:16:45.931Z,usb,1,848316260,22687,5807872,256,6000,33.500
2026-07-18T00:16:45.974Z,usb,1,848316260,22688,5808128,256,6000,33.500
2026-07-18T00:16:46.016Z,usb,1,848316260,22689,5808384,256,6000,33.500
2026-07-18T00:16:46.058Z,usb,1,848316260,22690,5808640,256,6000,33.500
2026-07-18T00:16:46.100Z,usb,1,848316260,22691,5808896,256,6000,33.500
2026-07-18T00:16:46.143Z,usb,1,848316260,22692,5809152,256,6000,33.500
2026-07-18T00:16:46.186Z,usb,1,848316260,22693,5809408,256,6000,33.500
2026-07-18T00:16:46.228Z,usb,1,848316260,22694,5809664,256,6000,33.500
2026-07-18T00:16:46.271Z,usb,1,848316260,22695,5809920,256,6000,33.500
2026-07-18T00:16:46.313Z,usb,1,848316260,22696,5810176,256,6000,33.500
2026-07-18T00:16:46.356Z,usb,1,848316260,22697,5810432,256,6000,33.500
2026-07-18T00:16:46.398Z,usb,1,848316260,22698,5810688,256,6000,33.500
2026-07-18T00:16:46.441Z,usb,1,848316260,22699,5810944,256,6000,33.500
2026-07-18T00:16:46.483Z,usb,1,848316260,22700,5811200,256,6000,33.500
2026-07-18T00:16:46.525Z,usb,1,848316260,22701,5811456,256,6000,33.500
2026-07-18T00:16:46.568Z,usb,1,848316260,22702,5811712,256,6000,33.500
2026-07-18T00:16:46.611Z,usb,1,848316260,22703,5811968,256,6000,33.500
2026-07-18T00:16:46.653Z,usb,1,848316260,22704,5812224,256,6000,33.500
2026-07-18T00:16:46.696Z,usb,1,848316260,22705,5812480,256,6000,33.500
2026-07-18T00:16:46.738Z,usb,1,848316260,22706,5812736,256,6000,33.500
2026-07-18T00:16:46.781Z,usb,1,848316260,22707,5812992,256,6000,33.500
2026-07-18T00:16:46.824Z,usb,1,848316260,22708,5813248,256,6000,33.500
2026-07-18T00:16:46.866Z,usb,1,848316260,22709,5813504,256,6000,33.500
2026-07-18T00:16:46.909Z,usb,1,848316260,22710,5813760,256,6000,33.500
2026-07-18T00:16:46.951Z,usb,1,848316260,22711,5814016,256,6000,33.500
2026-07-18T00:16:46.994Z,usb,1,848316260,22712,5814272,256,6000,33.500
2026-07-18T00:16:47.036Z,usb,1,848316260,22713,5814528,256,6000,33.500
2026-07-18T00:16:47.079Z,usb,1,848316260,22714,5814784,256,6000,33.500
2026-07-18T00:16:47.121Z,usb,1,848316260,22715,5815040,256,6000,33.500
2026-07-18T00:16:47.164Z,usb,1,848316260,22716,5815296,256,6000,33.500
2026-07-18T00:16:47.206Z,usb,1,848316260,22717,5815552,256,6000,33.500
2026-07-18T00:16:47.249Z,usb,1,848316260,22718,5815808,256,6000,33.500
2026-07-18T00:16:47.291Z,usb,1,848316260,22719,5816064,256,6000,33.500
2026-07-18T00:16:47.334Z,usb,1,848316260,22720,5816320,256,6000,33.500
2026-07-18T00:16:47.377Z,usb,1,848316260,22721,5816576,256,6000,33.500
2026-07-18T00:16:47.419Z,usb,1,848316260,22722,5816832,256,6000,33.500
2026-07-18T00:16:47.461Z,usb,1,848316260,22723,5817088,256,6000,33.500
2026-07-18T00:16:47.504Z,usb,1,848316260,22724,5817344,256,6000,33.500
2026-07-18T00:16:47.546Z,usb,1,848316260,22725,5817600,256,6000,33.500
2026-07-18T00:16:47.589Z,usb,1,848316260,22726,5817856,256,6000,33.500
2026-07-18T00:16:47.631Z,usb,1,848316260,22727,5818112,256,6000,33.500
2026-07-18T00:16:47.674Z,usb,1,848316260,22728,5818368,256,6000,33.500
2026-07-18T00:16:47.717Z,usb,1,848316260,22729,5818624,256,6000,33.500
2026-07-18T00:16:47.760Z,usb,1,848316260,22730,5818880,256,6000,33.500
2026-07-18T00:16:47.802Z,usb,1,848316260,22731,5819136,256,6000,33.500
2026-07-18T00:16:47.844Z,usb,1,848316260,22732,5819392,256,6000,33.500
2026-07-18T00:16:47.887Z,usb,1,848316260,22733,5819648,256,6000,33.500
2026-07-18T00:16:47.930Z,usb,1,848316260,22734,5819904,256,6000,33.500
2026-07-18T00:16:47.972Z,usb,1,848316260,22735,5820160,256,6000,33.500
2026-07-18T00:16:48.015Z,usb,1,848316260,22736,5820416,256,6000,33.500
2026-07-18T00:16:48.057Z,usb,1,848316260,22737,5820672,256,6000,33.500
2026-07-18T00:16:48.100Z,usb,1,848316260,22738,5820928,256,6000,33.500
2026-07-18T00:16:48.142Z,usb,1,848316260,22739,5821184,256,6000,33.500
2026-07-18T00:16:48.185Z,usb,1,848316260,22740,5821440,256,6000,33.500
2026-07-18T00:16:48.227Z,usb,1,848316260,22741,5821696,256,6000,33.500
2026-07-18T00:16:48.270Z,usb,1,848316260,22742,5821952,256,6000,33.500
2026-07-18T00:16:48.312Z,usb,1,848316260,22743,5822208,256,6000,33.500
2026-07-18T00:16:48.355Z,usb,1,848316260,22744,5822464,256,6000,33.500
2026-07-18T00:16:48.397Z,usb,1,848316260,22745,5822720,256,6000,33.500
2026-07-18T00:16:48.440Z,usb,1,848316260,22746,5822976,256,6000,33.500
2026-07-18T00:16:48.482Z,usb,1,848316260,22747,5823232,256,6000,33.500
2026-07-18T00:16:48.525Z,usb,1,848316260,22748,5823488,256,6000,33.500
2026-07-18T00:16:48.567Z,usb,1,848316260,22749,5823744,256,6000,33.500
2026-07-18T00:16:48.610Z,usb,1,848316260,22750,5824000,256,6000,33.500
2026-07-18T00:16:48.652Z,usb,1,848316260,22751,5824256,256,6000,33.500
2026-07-18T00:16:48.695Z,usb,1,848316260,22752,5824512,256,6000,33.500
2026-07-18T00:16:48.737Z,usb,1,848316260,22753,5824768,256,6000,33.500
2026-07-18T00:16:48.780Z,usb,1,848316260,22754,5825024,256,6000,33.500
2026-07-18T00:16:48.823Z,usb,1,848316260,22755,5825280,256,6000,33.500
2026-07-18T00:16:48.865Z,usb,1,848316260,22756,5825536,256,6000,33.500
2026-07-18T00:16:48.908Z,usb,1,848316260,22757,5825792,256,6000,33.500
2026-07-18T00:16:48.950Z,usb,1,848316260,22758,5826048,256,6000,33.500
2026-07-18T00:16:48.993Z,usb,1,848316260,22759,5826304,256,6000,33.500
2026-07-18T00:16:49.035Z,usb,1,848316260,22760,5826560,256,6000,33.500
2026-07-18T00:16:49.078Z,usb,1,848316260,22761,5826816,256,6000,33.500
2026-07-18T00:16:49.120Z,usb,1,848316260,22762,5827072,256,6000,33.500
2026-07-18T00:16:49.163Z,usb,1,848316260,22763,5827328,256,6000,33.500
2026-07-18T00:16:49.205Z,usb,1,848316260,22764,5827584,256,6000,33.500
2026-07-18T00:16:49.248Z,usb,1,848316260,22765,5827840,256,6000,33.500
2026-07-18T00:16:49.290Z,usb,1,848316260,22766,5828096,256,6000,33.500
2026-07-18T00:16:49.333Z,usb,1,848316260,22767,5828352,256,6000,33.500
2026-07-18T00:16:49.375Z,usb,1,848316260,22768,5828608,256,6000,33.500
2026-07-18T00:16:49.418Z,usb,1,848316260,22769,5828864,256,6000,33.500
2026-07-18T00:16:49.460Z,usb,1,848316260,22770,5829120,256,6000,33.500
2026-07-18T00:16:49.503Z,usb,1,848316260,22771,5829376,256,6000,33.500
2026-07-18T00:16:49.545Z,usb,1,848316260,22772,5829632,256,6000,33.500
2026-07-18T00:16:49.588Z,usb,1,848316260,22773,5829888,256,6000,33.500
2026-07-18T00:16:49.630Z,usb,1,848316260,22774,5830144,256,6000,33.500
2026-07-18T00:16:49.673Z,usb,1,848316260,22775,5830400,256,6000,33.500
2026-07-18T00:16:49.715Z,usb,1,848316260,22776,5830656,256,6000,33.500
2026-07-18T00:16:49.758Z,usb,1,848316260,22777,5830912,256,6000,33.500
2026-07-18T00:16:49.800Z,usb,1,848316260,22778,5831168,256,6000,33.500
2026-07-18T00:16:49.844Z,usb,1,848316260,22779,5831424,256,6000,33.500
2026-07-18T00:16:49.886Z,usb,1,848316260,22780,5831680,256,6000,33.500
2026-07-18T00:16:49.929Z,usb,1,848316260,22781,5831936,256,6000,33.500
2026-07-18T00:16:49.971Z,usb,1,848316260,22782,5832192,256,6000,33.500
2026-07-18T00:16:50.014Z,usb,1,848316260,22783,5832448,256,6000,33.500
2026-07-18T00:16:50.056Z,usb,1,848316260,22784,5832704,256,6000,33.500
2026-07-18T00:16:50.099Z,usb,1,848316260,22785,5832960,256,6000,33.500
2026-07-18T00:16:50.141Z,usb,1,848316260,22786,5833216,256,6000,33.500
2026-07-18T00:16:50.184Z,usb,1,848316260,22787,5833472,256,6000,33.500
2026-07-18T00:16:50.226Z,usb,1,848316260,22788,5833728,256,6000,33.500
2026-07-18T00:16:50.269Z,usb,1,848316260,22789,5833984,256,6000,33.500
2026-07-18T00:16:50.311Z,usb,1,848316260,22790,5834240,256,6000,33.500
2026-07-18T00:16:50.354Z,usb,1,848316260,22791,5834496,256,6000,33.500
2026-07-18T00:16:50.396Z,usb,1,848316260,22792,5834752,256,6000,33.500
2026-07-18T00:16:50.439Z,usb,1,848316260,22793,5835008,256,6000,33.500
2026-07-18T00:16:50.481Z,usb,1,848316260,22794,5835264,256,6000,33.500
2026-07-18T00:16:50.524Z,usb,1,848316260,22795,5835520,256,6000,33.500
2026-07-18T00:16:50.566Z,usb,1,848316260,22796,5835776,256,6000,33.500
2026-07-18T00:16:50.609Z,usb,1,848316260,22797,5836032,256,6000,33.500
2026-07-18T00:16:50.651Z,usb,1,848316260,22798,5836288,256,6000,33.500
2026-07-18T00:16:50.694Z,usb,1,848316260,22799,5836544,256,6000,33.500
2026-07-18T00:16:50.736Z,usb,1,848316260,22800,5836800,256,6000,33.500
2026-07-18T00:16:50.779Z,usb,1,848316260,22801,5837056,256,6000,33.500
2026-07-18T00:16:50.821Z,usb,1,848316260,22802,5837312,256,6000,33.500
2026-07-18T00:16:50.864Z,usb,1,848316260,22803,5837568,256,6000,33.500
2026-07-18T00:16:50.907Z,usb,1,848316260,22804,5837824,256,6000,33.500
2026-07-18T00:16:50.949Z,usb,1,848316260,22805,5838080,256,6000,33.500
2026-07-18T00:16:50.992Z,usb,1,848316260,22806,5838336,256,6000,33.500
2026-07-18T00:16:51.034Z,usb,1,848316260,22807,5838592,256,6000,33.500
2026-07-18T00:16:51.077Z,usb,1,848316260,22808,5838848,256,6000,33.500
2026-07-18T00:16:51.119Z,usb,1,848316260,22809,5839104,256,6000,33.500
2026-07-18T00:16:51.162Z,usb,1,848316260,22810,5839360,256,6000,33.500
2026-07-18T00:16:51.204Z,usb,1,848316260,22811,5839616,256,6000,33.500
2026-07-18T00:16:51.247Z,usb,1,848316260,22812,5839872,256,6000,33.500
2026-07-18T00:16:51.289Z,usb,1,848316260,22813,5840128,256,6000,33.500
2026-07-18T00:16:51.332Z,usb,1,848316260,22814,5840384,256,6000,33.500
2026-07-18T00:16:51.374Z,usb,1,848316260,22815,5840640,256,6000,33.500
2026-07-18T00:16:51.417Z,usb,1,848316260,22816,5840896,256,6000,33.500
2026-07-18T00:16:51.459Z,usb,1,848316260,22817,5841152,256,6000,33.500
2026-07-18T00:16:51.502Z,usb,1,848316260,22818,5841408,256,6000,33.500
2026-07-18T00:16:51.544Z,usb,1,848316260,22819,5841664,256,6000,33.500
2026-07-18T00:16:51.587Z,usb,1,848316260,22820,5841920,256,6000,33.500
2026-07-18T00:16:51.629Z,usb,1,848316260,22821,5842176,256,6000,33.500
2026-07-18T00:16:51.672Z,usb,1,848316260,22822,5842432,256,6000,33.500
2026-07-18T00:16:51.715Z,usb,1,848316260,22823,5842688,256,6000,33.500
2026-07-18T00:16:51.757Z,usb,1,848316260,22824,5842944,256,6000,33.500
2026-07-18T00:16:51.799Z,usb,1,848316260,22825,5843200,256,6000,33.500
2026-07-18T00:16:51.842Z,usb,1,848316260,22826,5843456,256,6000,33.500
2026-07-18T00:16:51.885Z,usb,1,848316260,22827,5843712,256,6000,33.500
2026-07-18T00:16:51.928Z,usb,1,848316260,22828,5843968,256,6000,33.500
2026-07-18T00:16:51.970Z,usb,1,848316260,22829,5844224,256,6000,33.500
2026-07-18T00:16:52.012Z,usb,1,848316260,22830,5844480,256,6000,33.500
2026-07-18T00:16:52.055Z,usb,1,848316260,22831,5844736,256,6000,33.500
2026-07-18T00:16:52.098Z,usb,1,848316260,22832,5844992,256,6000,33.500
2026-07-18T00:16:52.140Z,usb,1,848316260,22833,5845248,256,6000,33.500
2026-07-18T00:16:52.183Z,usb,1,848316260,22834,5845504,256,6000,33.500
2026-07-18T00:16:52.225Z,usb,1,848316260,22835,5845760,256,6000,33.500
2026-07-18T00:16:52.268Z,usb,1,848316260,22836,5846016,256,6000,33.500
2026-07-18T00:16:52.310Z,usb,1,848316260,22837,5846272,256,6000,33.500
2026-07-18T00:16:52.353Z,usb,1,848316260,22838,5846528,256,6000,33.500
2026-07-18T00:16:52.395Z,usb,1,848316260,22839,5846784,256,6000,33.500
2026-07-18T00:16:52.438Z,usb,1,848316260,22840,5847040,256,6000,33.500
2026-07-18T00:16:52.480Z,usb,1,848316260,22841,5847296,256,6000,33.500
2026-07-18T00:16:52.523Z,usb,1,848316260,22842,5847552,256,6000,33.500
2026-07-18T00:16:52.565Z,usb,1,848316260,22843,5847808,256,6000,33.500
2026-07-18T00:16:52.608Z,usb,1,848316260,22844,5848064,256,6000,33.500
2026-07-18T00:16:52.650Z,usb,1,848316260,22845,5848320,256,6000,33.500
2026-07-18T00:16:52.693Z,usb,1,848316260,22846,5848576,256,6000,33.500
2026-07-18T00:16:52.735Z,usb,1,848316260,22847,5848832,256,6000,33.500
2026-07-18T00:16:52.778Z,usb,1,848316260,22848,5849088,256,6000,33.500
2026-07-18T00:16:52.820Z,usb,1,848316260,22849,5849344,256,6000,33.500
2026-07-18T00:16:52.863Z,usb,1,848316260,22850,5849600,256,6000,33.500
2026-07-18T00:16:52.906Z,usb,1,848316260,22851,5849856,256,6000,33.490
2026-07-18T00:16:52.948Z,usb,1,848316260,22852,5850112,256,6000,33.490
2026-07-18T00:16:52.991Z,usb,1,848316260,22853,5850368,256,6000,33.490
2026-07-18T00:16:53.033Z,usb,1,848316260,22854,5850624,256,6000,33.490
2026-07-18T00:16:53.076Z,usb,1,848316260,22855,5850880,256,6000,33.490
2026-07-18T00:16:53.118Z,usb,1,848316260,22856,5851136,256,6000,33.490
2026-07-18T00:16:53.161Z,usb,1,848316260,22857,5851392,256,6000,33.490
2026-07-18T00:16:53.203Z,usb,1,848316260,22858,5851648,256,6000,33.490
2026-07-18T00:16:53.246Z,usb,1,848316260,22859,5851904,256,6000,33.490
2026-07-18T00:16:53.288Z,usb,1,848316260,22860,5852160,256,6000,33.490
2026-07-18T00:16:53.331Z,usb,1,848316260,22861,5852416,256,6000,33.490
2026-07-18T00:16:53.373Z,usb,1,848316260,22862,5852672,256,6000,33.490
2026-07-18T00:16:53.416Z,usb,1,848316260,22863,5852928,256,6000,33.490
2026-07-18T00:16:53.458Z,usb,1,848316260,22864,5853184,256,6000,33.490
2026-07-18T00:16:53.501Z,usb,1,848316260,22865,5853440,256,6000,33.490
2026-07-18T00:16:53.543Z,usb,1,848316260,22866,5853696,256,6000,33.490
2026-07-18T00:16:53.586Z,usb,1,848316260,22867,5853952,256,6000,33.490
2026-07-18T00:16:53.628Z,usb,1,848316260,22868,5854208,256,6000,33.490
2026-07-18T00:16:53.671Z,usb,1,848316260,22869,5854464,256,6000,33.490
2026-07-18T00:16:53.713Z,usb,1,848316260,22870,5854720,256,6000,33.490
2026-07-18T00:16:53.756Z,usb,1,848316260,22871,5854976,256,6000,33.490
2026-07-18T00:16:53.798Z,usb,1,848316260,22872,5855232,256,6000,33.490
2026-07-18T00:16:53.841Z,usb,1,848316260,22873,5855488,256,6000,33.490
2026-07-18T00:16:53.883Z,usb,1,848316260,22874,5855744,256,6000,33.490
2026-07-18T00:16:53.927Z,usb,1,848316260,22875,5856000,256,6000,33.500
2026-07-18T00:16:53.969Z,usb,1,848316260,22876,5856256,256,6000,33.500
2026-07-18T00:16:54.011Z,usb,1,848316260,22877,5856512,256,6000,33.500
2026-07-18T00:16:54.054Z,usb,1,848316260,22878,5856768,256,6000,33.500
2026-07-18T00:16:54.096Z,usb,1,848316260,22879,5857024,256,6000,33.500
2026-07-18T00:16:54.139Z,usb,1,848316260,22880,5857280,256,6000,33.500
2026-07-18T00:16:54.182Z,usb,1,848316260,22881,5857536,256,6000,33.500
2026-07-18T00:16:54.224Z,usb,1,848316260,22882,5857792,256,6000,33.500
2026-07-18T00:16:54.267Z,usb,1,848316260,22883,5858048,256,6000,33.500
2026-07-18T00:16:54.309Z,usb,1,848316260,22884,5858304,256,6000,33.500
2026-07-18T00:16:54.352Z,usb,1,848316260,22885,5858560,256,6000,33.500
2026-07-18T00:16:54.394Z,usb,1,848316260,22886,5858816,256,6000,33.500
2026-07-18T00:16:54.437Z,usb,1,848316260,22887,5859072,256,6000,33.500
2026-07-18T00:16:54.479Z,usb,1,848316260,22888,5859328,256,6000,33.500
2026-07-18T00:16:54.522Z,usb,1,848316260,22889,5859584,256,6000,33.500
2026-07-18T00:16:54.564Z,usb,1,848316260,22890,5859840,256,6000,33.500
2026-07-18T00:16:54.607Z,usb,1,848316260,22891,5860096,256,6000,33.500
2026-07-18T00:16:54.649Z,usb,1,848316260,22892,5860352,256,6000,33.500
2026-07-18T00:16:54.692Z,usb,1,848316260,22893,5860608,256,6000,33.500
2026-07-18T00:16:54.734Z,usb,1,848316260,22894,5860864,256,6000,33.500
2026-07-18T00:16:54.777Z,usb,1,848316260,22895,5861120,256,6000,33.500
2026-07-18T00:16:54.819Z,usb,1,848316260,22896,5861376,256,6000,33.500
2026-07-18T00:16:54.862Z,usb,1,848316260,22897,5861632,256,6000,33.500
2026-07-18T00:16:54.904Z,usb,1,848316260,22898,5861888,256,6000,33.500
2026-07-18T00:16:54.947Z,usb,1,848316260,22899,5862144,256,6000,33.490
2026-07-18T00:16:54.990Z,usb,1,848316260,22900,5862400,256,6000,33.490
2026-07-18T00:16:55.032Z,usb,1,848316260,22901,5862656,256,6000,33.490
2026-07-18T00:16:55.075Z,usb,1,848316260,22902,5862912,256,6000,33.490
2026-07-18T00:16:55.117Z,usb,1,848316260,22903,5863168,256,6000,33.490
2026-07-18T00:16:55.160Z,usb,1,848316260,22904,5863424,256,6000,33.490
2026-07-18T00:16:55.202Z,usb,1,848316260,22905,5863680,256,6000,33.490
2026-07-18T00:16:55.245Z,usb,1,848316260,22906,5863936,256,6000,33.490
2026-07-18T00:16:55.288Z,usb,1,848316260,22907,5864192,256,6000,33.490
2026-07-18T00:16:55.330Z,usb,1,848316260,22908,5864448,256,6000,33.490
2026-07-18T00:16:55.372Z,usb,1,848316260,22909,5864704,256,6000,33.490
2026-07-18T00:16:55.415Z,usb,1,848316260,22910,5864960,256,6000,33.490
2026-07-18T00:16:55.457Z,usb,1,848316260,22911,5865216,256,6000,33.490
2026-07-18T00:16:55.500Z,usb,1,848316260,22912,5865472,256,6000,33.490
2026-07-18T00:16:55.542Z,usb,1,848316260,22913,5865728,256,6000,33.490
2026-07-18T00:16:55.585Z,usb,1,848316260,22914,5865984,256,6000,33.490
2026-07-18T00:16:55.627Z,usb,1,848316260,22915,5866240,256,6000,33.490
2026-07-18T00:16:55.670Z,usb,1,848316260,22916,5866496,256,6000,33.490
2026-07-18T00:16:55.712Z,usb,1,848316260,22917,5866752,256,6000,33.490
2026-07-18T00:16:55.755Z,usb,1,848316260,22918,5867008,256,6000,33.490
2026-07-18T00:16:55.797Z,usb,1,848316260,22919,5867264,256,6000,33.490
2026-07-18T00:16:55.840Z,usb,1,848316260,22920,5867520,256,6000,33.490
2026-07-18T00:16:55.882Z,usb,1,848316260,22921,5867776,256,6000,33.490
2026-07-18T00:16:55.925Z,usb,1,848316260,22922,5868032,256,6000,33.490
2026-07-18T00:16:55.968Z,usb,1,848316260,22923,5868288,256,6000,33.500
2026-07-18T00:16:56.011Z,usb,1,848316260,22924,5868544,256,6000,33.500
2026-07-18T00:16:56.053Z,usb,1,848316260,22925,5868800,256,6000,33.500
2026-07-18T00:16:56.096Z,usb,1,848316260,22926,5869056,256,6000,33.500
2026-07-18T00:16:56.138Z,usb,1,848316260,22927,5869312,256,6000,33.500
2026-07-18T00:16:56.181Z,usb,1,848316260,22928,5869568,256,6000,33.500
2026-07-18T00:16:56.223Z,usb,1,848316260,22929,5869824,256,6000,33.500
2026-07-18T00:16:56.266Z,usb,1,848316260,22930,5870080,256,6000,33.500
2026-07-18T00:16:56.308Z,usb,1,848316260,22931,5870336,256,6000,33.500
2026-07-18T00:16:56.351Z,usb,1,848316260,22932,5870592,256,6000,33.500
2026-07-18T00:16:56.393Z,usb,1,848316260,22933,5870848,256,6000,33.500
2026-07-18T00:16:56.436Z,usb,1,848316260,22934,5871104,256,6000,33.500
2026-07-18T00:16:56.478Z,usb,1,848316260,22935,5871360,256,6000,33.500
2026-07-18T00:16:56.521Z,usb,1,848316260,22936,5871616,256,6000,33.500
2026-07-18T00:16:56.563Z,usb,1,848316260,22937,5871872,256,6000,33.500
2026-07-18T00:16:56.606Z,usb,1,848316260,22938,5872128,256,6000,33.500
2026-07-18T00:16:56.648Z,usb,1,848316260,22939,5872384,256,6000,33.500
2026-07-18T00:16:56.691Z,usb,1,848316260,22940,5872640,256,6000,33.500
2026-07-18T00:16:56.733Z,usb,1,848316260,22941,5872896,256,6000,33.500
2026-07-18T00:16:56.776Z,usb,1,848316260,22942,5873152,256,6000,33.500
2026-07-18T00:16:56.818Z,usb,1,848316260,22943,5873408,256,6000,33.500
2026-07-18T00:16:56.861Z,usb,1,848316260,22944,5873664,256,6000,33.500
2026-07-18T00:16:56.903Z,usb,1,848316260,22945,5873920,256,6000,33.500
2026-07-18T00:16:56.946Z,usb,1,848316260,22946,5874176,256,6000,33.500
2026-07-18T00:16:56.989Z,usb,1,848316260,22947,5874432,256,6000,33.500
2026-07-18T00:16:57.031Z,usb,1,848316260,22948,5874688,256,6000,33.500
2026-07-18T00:16:57.074Z,usb,1,848316260,22949,5874944,256,6000,33.500
2026-07-18T00:16:57.116Z,usb,1,848316260,22950,5875200,256,6000,33.500
2026-07-18T00:16:57.159Z,usb,1,848316260,22951,5875456,256,6000,33.500
2026-07-18T00:16:57.201Z,usb,1,848316260,22952,5875712,256,6000,33.500
2026-07-18T00:16:57.244Z,usb,1,848316260,22953,5875968,256,6000,33.500
2026-07-18T00:16:57.286Z,usb,1,848316260,22954,5876224,256,6000,33.500
2026-07-18T00:16:57.329Z,usb,1,848316260,22955,5876480,256,6000,33.500
2026-07-18T00:16:57.371Z,usb,1,848316260,22956,5876736,256,6000,33.500
2026-07-18T00:16:57.414Z,usb,1,848316260,22957,5876992,256,6000,33.500
2026-07-18T00:16:57.456Z,usb,1,848316260,22958,5877248,256,6000,33.500
2026-07-18T00:16:57.499Z,usb,1,848316260,22959,5877504,256,6000,33.500
2026-07-18T00:16:57.541Z,usb,1,848316260,22960,5877760,256,6000,33.500
2026-07-18T00:16:57.584Z,usb,1,848316260,22961,5878016,256,6000,33.500
2026-07-18T00:16:57.626Z,usb,1,848316260,22962,5878272,256,6000,33.500
2026-07-18T00:16:57.669Z,usb,1,848316260,22963,5878528,256,6000,33.500
2026-07-18T00:16:57.711Z,usb,1,848316260,22964,5878784,256,6000,33.500
2026-07-18T00:16:57.754Z,usb,1,848316260,22965,5879040,256,6000,33.500
2026-07-18T00:16:57.796Z,usb,1,848316260,22966,5879296,256,6000,33.500
2026-07-18T00:16:57.839Z,usb,1,848316260,22967,5879552,256,6000,33.500
2026-07-18T00:16:57.881Z,usb,1,848316260,22968,5879808,256,6000,33.500
2026-07-18T00:16:57.924Z,usb,1,848316260,22969,5880064,256,6000,33.500
2026-07-18T00:16:57.966Z,usb,1,848316260,22970,5880320,256,6000,33.500
2026-07-18T00:16:58.009Z,usb,1,848316260,22971,5880576,256,6000,33.490
2026-07-18T00:16:58.052Z,usb,1,848316260,22972,5880832,256,6000,33.490
2026-07-18T00:16:58.094Z,usb,1,848316260,22973,5881088,256,6000,33.490
2026-07-18T00:16:58.137Z,usb,1,848316260,22974,5881344,256,6000,33.490
2026-07-18T00:16:58.180Z,usb,1,848316260,22975,5881600,256,6000,33.490
2026-07-18T00:16:58.222Z,usb,1,848316260,22976,5881856,256,6000,33.490
2026-07-18T00:16:58.265Z,usb,1,848316260,22977,5882112,256,6000,33.490
2026-07-18T00:16:58.307Z,usb,1,848316260,22978,5882368,256,6000,33.490
2026-07-18T00:16:58.350Z,usb,1,848316260,22979,5882624,256,6000,33.490
2026-07-18T00:16:58.392Z,usb,1,848316260,22980,5882880,256,6000,33.490
2026-07-18T00:16:58.435Z,usb,1,848316260,22981,5883136,256,6000,33.490
2026-07-18T00:16:58.477Z,usb,1,848316260,22982,5883392,256,6000,33.490
2026-07-18T00:16:58.520Z,usb,1,848316260,22983,5883648,256,6000,33.490
2026-07-18T00:16:58.562Z,usb,1,848316260,22984,5883904,256,6000,33.490
2026-07-18T00:16:58.605Z,usb,1,848316260,22985,5884160,256,6000,33.490
2026-07-18T00:16:58.647Z,usb,1,848316260,22986,5884416,256,6000,33.490
2026-07-18T00:16:58.690Z,usb,1,848316260,22987,5884672,256,6000,33.490
2026-07-18T00:16:58.732Z,usb,1,848316260,22988,5884928,256,6000,33.490
2026-07-18T00:16:58.775Z,usb,1,848316260,22989,5885184,256,6000,33.490
2026-07-18T00:16:58.817Z,usb,1,848316260,22990,5885440,256,6000,33.490
2026-07-18T00:16:58.860Z,usb,1,848316260,22991,5885696,256,6000,33.490
2026-07-18T00:16:58.902Z,usb,1,848316260,22992,5885952,256,6000,33.490
2026-07-18T00:16:58.945Z,usb,1,848316260,22993,5886208,256,6000,33.490
2026-07-18T00:16:58.988Z,usb,1,848316260,22994,5886464,256,6000,33.490
2026-07-18T00:16:59.030Z,usb,1,848316260,22995,5886720,256,6000,33.490
2026-07-18T00:16:59.073Z,usb,1,848316260,22996,5886976,256,6000,33.490
2026-07-18T00:16:59.115Z,usb,1,848316260,22997,5887232,256,6000,33.490
2026-07-18T00:16:59.158Z,usb,1,848316260,22998,5887488,256,6000,33.490
2026-07-18T00:16:59.200Z,usb,1,848316260,22999,5887744,256,6000,33.490
2026-07-18T00:16:59.243Z,usb,1,848316260,23000,5888000,256,6000,33.490
2026-07-18T00:16:59.285Z,usb,1,848316260,23001,5888256,256,6000,33.490
2026-07-18T00:16:59.328Z,usb,1,848316260,23002,5888512,256,6000,33.490
2026-07-18T00:16:59.370Z,usb,1,848316260,23003,5888768,256,6000,33.490
2026-07-18T00:16:59.413Z,usb,1,848316260,23004,5889024,256,6000,33.490
2026-07-18T00:16:59.455Z,usb,1,848316260,23005,5889280,256,6000,33.490
2026-07-18T00:16:59.498Z,usb,1,848316260,23006,5889536,256,6000,33.490
2026-07-18T00:16:59.540Z,usb,1,848316260,23007,5889792,256,6000,33.490
2026-07-18T00:16:59.583Z,usb,1,848316260,23008,5890048,256,6000,33.490
2026-07-18T00:16:59.625Z,usb,1,848316260,23009,5890304,256,6000,33.490
2026-07-18T00:16:59.668Z,usb,1,848316260,23010,5890560,256,6000,33.490
2026-07-18T00:16:59.710Z,usb,1,848316260,23011,5890816,256,6000,33.490
2026-07-18T00:16:59.753Z,usb,1,848316260,23012,5891072,256,6000,33.490
2026-07-18T00:16:59.795Z,usb,1,848316260,23013,5891328,256,6000,33.490
2026-07-18T00:16:59.838Z,usb,1,848316260,23014,5891584,256,6000,33.490
2026-07-18T00:16:59.880Z,usb,1,848316260,23015,5891840,256,6000,33.490
2026-07-18T00:16:59.923Z,usb,1,848316260,23016,5892096,256,6000,33.490
2026-07-18T00:16:59.965Z,usb,1,848316260,23017,5892352,256,6000,33.490
2026-07-18T00:17:00.008Z,usb,1,848316260,23018,5892608,256,6000,33.490
2026-07-18T00:17:00.051Z,usb,1,848316260,23019,5892864,256,6000,33.490
2026-07-18T00:17:00.093Z,usb,1,848316260,23020,5893120,256,6000,33.490
2026-07-18T00:17:00.136Z,usb,1,848316260,23021,5893376,256,6000,33.490
2026-07-18T00:17:00.179Z,usb,1,848316260,23022,5893632,256,6000,33.490
2026-07-18T00:17:00.221Z,usb,1,848316260,23023,5893888,256,6000,33.490
2026-07-18T00:17:00.263Z,usb,1,848316260,23024,5894144,256,6000,33.490
2026-07-18T00:17:00.306Z,usb,1,848316260,23025,5894400,256,6000,33.490
2026-07-18T00:17:00.349Z,usb,1,848316260,23026,5894656,256,6000,33.490
2026-07-18T00:17:00.391Z,usb,1,848316260,23027,5894912,256,6000,33.490
2026-07-18T00:17:00.434Z,usb,1,848316260,23028,5895168,256,6000,33.490
2026-07-18T00:17:00.476Z,usb,1,848316260,23029,5895424,256,6000,33.490
2026-07-18T00:17:00.518Z,usb,1,848316260,23030,5895680,256,6000,33.490
2026-07-18T00:17:00.561Z,usb,1,848316260,23031,5895936,256,6000,33.490
2026-07-18T00:17:00.604Z,usb,1,848316260,23032,5896192,256,6000,33.490
2026-07-18T00:17:00.646Z,usb,1,848316260,23033,5896448,256,6000,33.490
2026-07-18T00:17:00.688Z,usb,1,848316260,23034,5896704,256,6000,33.490
2026-07-18T00:17:00.731Z,usb,1,848316260,23035,5896960,256,6000,33.490
2026-07-18T00:17:00.773Z,usb,1,848316260,23036,5897216,256,6000,33.490
2026-07-18T00:17:00.816Z,usb,1,848316260,23037,5897472,256,6000,33.490
2026-07-18T00:17:00.859Z,usb,1,848316260,23038,5897728,256,6000,33.490
2026-07-18T00:17:00.901Z,usb,1,848316260,23039,5897984,256,6000,33.490
2026-07-18T00:17:00.944Z,usb,1,848316260,23040,5898240,256,6000,33.490
2026-07-18T00:17:00.986Z,usb,1,848316260,23041,5898496,256,6000,33.490
2026-07-18T00:17:01.028Z,usb,1,848316260,23042,5898752,256,6000,33.490
2026-07-18T00:17:01.072Z,usb,1,848316260,23043,5899008,256,6000,33.490
2026-07-18T00:17:01.114Z,usb,1,848316260,23044,5899264,256,6000,33.490
2026-07-18T00:17:01.157Z,usb,1,848316260,23045,5899520,256,6000,33.490
2026-07-18T00:17:01.199Z,usb,1,848316260,23046,5899776,256,6000,33.490
2026-07-18T00:17:01.242Z,usb,1,848316260,23047,5900032,256,6000,33.490
2026-07-18T00:17:01.284Z,usb,1,848316260,23048,5900288,256,6000,33.490
2026-07-18T00:17:01.327Z,usb,1,848316260,23049,5900544,256,6000,33.490
2026-07-18T00:17:01.369Z,usb,1,848316260,23050,5900800,256,6000,33.490
2026-07-18T00:17:01.412Z,usb,1,848316260,23051,5901056,256,6000,33.490
2026-07-18T00:17:01.454Z,usb,1,848316260,23052,5901312,256,6000,33.490
2026-07-18T00:17:01.497Z,usb,1,848316260,23053,5901568,256,6000,33.490
2026-07-18T00:17:01.539Z,usb,1,848316260,23054,5901824,256,6000,33.490
2026-07-18T00:17:01.582Z,usb,1,848316260,23055,5902080,256,6000,33.490
2026-07-18T00:17:01.624Z,usb,1,848316260,23056,5902336,256,6000,33.490
2026-07-18T00:17:01.667Z,usb,1,848316260,23057,5902592,256,6000,33.490
2026-07-18T00:17:01.709Z,usb,1,848316260,23058,5902848,256,6000,33.490
2026-07-18T00:17:01.752Z,usb,1,848316260,23059,5903104,256,6000,33.490
2026-07-18T00:17:01.794Z,usb,1,848316260,23060,5903360,256,6000,33.490
2026-07-18T00:17:01.837Z,usb,1,848316260,23061,5903616,256,6000,33.490
2026-07-18T00:17:01.879Z,usb,1,848316260,23062,5903872,256,6000,33.490
2026-07-18T00:17:01.922Z,usb,1,848316260,23063,5904128,256,6000,33.490
2026-07-18T00:17:01.964Z,usb,1,848316260,23064,5904384,256,6000,33.490
2026-07-18T00:17:02.007Z,usb,1,848316260,23065,5904640,256,6000,33.490
2026-07-18T00:17:02.049Z,usb,1,848316260,23066,5904896,256,6000,33.490
2026-07-18T00:17:02.092Z,usb,1,848316260,23067,5905152,256,6000,33.490
2026-07-18T00:17:02.135Z,usb,1,848316260,23068,5905408,256,6000,33.490
2026-07-18T00:17:02.178Z,usb,1,848316260,23069,5905664,256,6000,33.490
2026-07-18T00:17:02.220Z,usb,1,848316260,23070,5905920,256,6000,33.490
2026-07-18T00:17:02.262Z,usb,1,848316260,23071,5906176,256,6000,33.490
2026-07-18T00:17:02.305Z,usb,1,848316260,23072,5906432,256,6000,33.490
2026-07-18T00:17:02.348Z,usb,1,848316260,23073,5906688,256,6000,33.490
2026-07-18T00:17:02.390Z,usb,1,848316260,23074,5906944,256,6000,33.490
2026-07-18T00:17:02.433Z,usb,1,848316260,23075,5907200,256,6000,33.490
2026-07-18T00:17:02.475Z,usb,1,848316260,23076,5907456,256,6000,33.490
2026-07-18T00:17:02.518Z,usb,1,848316260,23077,5907712,256,6000,33.490
2026-07-18T00:17:02.560Z,usb,1,848316260,23078,5907968,256,6000,33.490
2026-07-18T00:17:02.603Z,usb,1,848316260,23079,5908224,256,6000,33.490
2026-07-18T00:17:02.645Z,usb,1,848316260,23080,5908480,256,6000,33.490
2026-07-18T00:17:02.688Z,usb,1,848316260,23081,5908736,256,6000,33.490
2026-07-18T00:17:02.730Z,usb,1,848316260,23082,5908992,256,6000,33.490
2026-07-18T00:17:02.773Z,usb,1,848316260,23083,5909248,256,6000,33.490
2026-07-18T00:17:02.816Z,usb,1,848316260,23084,5909504,256,6000,33.490
2026-07-18T00:17:02.858Z,usb,1,848316260,23085,5909760,256,6000,33.490
2026-07-18T00:17:02.900Z,usb,1,848316260,23086,5910016,256,6000,33.490
2026-07-18T00:17:02.943Z,usb,1,848316260,23087,5910272,256,6000,33.490
2026-07-18T00:17:02.985Z,usb,1,848316260,23088,5910528,256,6000,33.490
2026-07-18T00:17:03.028Z,usb,1,848316260,23089,5910784,256,6000,33.490
2026-07-18T00:17:03.070Z,usb,1,848316260,23090,5911040,256,6000,33.490
2026-07-18T00:17:03.113Z,usb,1,848316260,23091,5911296,256,6000,33.490
2026-07-18T00:17:03.156Z,usb,1,848316260,23092,5911552,256,6000,33.490
2026-07-18T00:17:03.198Z,usb,1,848316260,23093,5911808,256,6000,33.490
2026-07-18T00:17:03.241Z,usb,1,848316260,23094,5912064,256,6000,33.490
2026-07-18T00:17:03.283Z,usb,1,848316260,23095,5912320,256,6000,33.490
2026-07-18T00:17:03.326Z,usb,1,848316260,23096,5912576,256,6000,33.490
2026-07-18T00:17:03.368Z,usb,1,848316260,23097,5912832,256,6000,33.490
2026-07-18T00:17:03.411Z,usb,1,848316260,23098,5913088,256,6000,33.490
2026-07-18T00:17:03.453Z,usb,1,848316260,23099,5913344,256,6000,33.490
2026-07-18T00:17:03.496Z,usb,1,848316260,23100,5913600,256,6000,33.490
2026-07-18T00:17:03.538Z,usb,1,848316260,23101,5913856,256,6000,33.490
2026-07-18T00:17:03.581Z,usb,1,848316260,23102,5914112,256,6000,33.490
2026-07-18T00:17:03.623Z,usb,1,848316260,23103,5914368,256,6000,33.490
2026-07-18T00:17:03.666Z,usb,1,848316260,23104,5914624,256,6000,33.490
2026-07-18T00:17:03.708Z,usb,1,848316260,23105,5914880,256,6000,33.490
2026-07-18T00:17:03.751Z,usb,1,848316260,23106,5915136,256,6000,33.490
2026-07-18T00:17:03.793Z,usb,1,848316260,23107,5915392,256,6000,33.490
2026-07-18T00:17:03.836Z,usb,1,848316260,23108,5915648,256,6000,33.490
2026-07-18T00:17:03.878Z,usb,1,848316260,23109,5915904,256,6000,33.490
2026-07-18T00:17:03.921Z,usb,1,848316260,23110,5916160,256,6000,33.490
2026-07-18T00:17:03.963Z,usb,1,848316260,23111,5916416,256,6000,33.490
2026-07-18T00:17:04.006Z,usb,1,848316260,23112,5916672,256,6000,33.490
2026-07-18T00:17:04.048Z,usb,1,848316260,23113,5916928,256,6000,33.490
2026-07-18T00:17:04.091Z,usb,1,848316260,23114,5917184,256,6000,33.490
2026-07-18T00:17:04.134Z,usb,1,848316260,23115,5917440,256,6000,33.500
2026-07-18T00:17:04.177Z,usb,1,848316260,23116,5917696,256,6000,33.500
2026-07-18T00:17:04.219Z,usb,1,848316260,23117,5917952,256,6000,33.500
2026-07-18T00:17:04.262Z,usb,1,848316260,23118,5918208,256,6000,33.500
2026-07-18T00:17:04.304Z,usb,1,848316260,23119,5918464,256,6000,33.500
2026-07-18T00:17:04.347Z,usb,1,848316260,23120,5918720,256,6000,33.500
2026-07-18T00:17:04.389Z,usb,1,848316260,23121,5918976,256,6000,33.500
2026-07-18T00:17:04.431Z,usb,1,848316260,23122,5919232,256,6000,33.500
2026-07-18T00:17:04.474Z,usb,1,848316260,23123,5919488,256,6000,33.500
2026-07-18T00:17:04.517Z,usb,1,848316260,23124,5919744,256,6000,33.500
2026-07-18T00:17:04.559Z,usb,1,848316260,23125,5920000,256,6000,33.500
2026-07-18T00:17:04.602Z,usb,1,848316260,23126,5920256,256,6000,33.500
2026-07-18T00:17:04.644Z,usb,1,848316260,23127,5920512,256,6000,33.500
2026-07-18T00:17:04.687Z,usb,1,848316260,23128,5920768,256,6000,33.500
2026-07-18T00:17:04.729Z,usb,1,848316260,23129,5921024,256,6000,33.500
2026-07-18T00:17:04.772Z,usb,1,848316260,23130,5921280,256,6000,33.500
2026-07-18T00:17:04.814Z,usb,1,848316260,23131,5921536,256,6000,33.500
2026-07-18T00:17:04.857Z,usb,1,848316260,23132,5921792,256,6000,33.500
2026-07-18T00:17:04.899Z,usb,1,848316260,23133,5922048,256,6000,33.500
2026-07-18T00:17:04.942Z,usb,1,848316260,23134,5922304,256,6000,33.500
2026-07-18T00:17:04.984Z,usb,1,848316260,23135,5922560,256,6000,33.500
2026-07-18T00:17:05.027Z,usb,1,848316260,23136,5922816,256,6000,33.500
2026-07-18T00:17:05.069Z,usb,1,848316260,23137,5923072,256,6000,33.500
2026-07-18T00:17:05.111Z,usb,1,848316260,23138,5923328,256,6000,33.500
2026-07-18T00:17:05.155Z,usb,1,848316260,23139,5923584,256,6000,33.500
2026-07-18T00:17:05.197Z,usb,1,848316260,23140,5923840,256,6000,33.500
2026-07-18T00:17:05.240Z,usb,1,848316260,23141,5924096,256,6000,33.500
2026-07-18T00:17:05.282Z,usb,1,848316260,23142,5924352,256,6000,33.500
2026-07-18T00:17:05.325Z,usb,1,848316260,23143,5924608,256,6000,33.500
2026-07-18T00:17:05.367Z,usb,1,848316260,23144,5924864,256,6000,33.500
2026-07-18T00:17:05.410Z,usb,1,848316260,23145,5925120,256,6000,33.500
2026-07-18T00:17:05.452Z,usb,1,848316260,23146,5925376,256,6000,33.500
2026-07-18T00:17:05.495Z,usb,1,848316260,23147,5925632,256,6000,33.500
2026-07-18T00:17:05.537Z,usb,1,848316260,23148,5925888,256,6000,33.500
2026-07-18T00:17:05.580Z,usb,1,848316260,23149,5926144,256,6000,33.500
2026-07-18T00:17:05.622Z,usb,1,848316260,23150,5926400,256,6000,33.500
2026-07-18T00:17:05.665Z,usb,1,848316260,23151,5926656,256,6000,33.500
2026-07-18T00:17:05.707Z,usb,1,848316260,23152,5926912,256,6000,33.500
2026-07-18T00:17:05.750Z,usb,1,848316260,23153,5927168,256,6000,33.500
2026-07-18T00:17:05.792Z,usb,1,848316260,23154,5927424,256,6000,33.500
2026-07-18T00:17:05.835Z,usb,1,848316260,23155,5927680,256,6000,33.500
2026-07-18T00:17:05.877Z,usb,1,848316260,23156,5927936,256,6000,33.500
2026-07-18T00:17:05.920Z,usb,1,848316260,23157,5928192,256,6000,33.500
2026-07-18T00:17:05.962Z,usb,1,848316260,23158,5928448,256,6000,33.500
2026-07-18T00:17:06.005Z,usb,1,848316260,23159,5928704,256,6000,33.500
2026-07-18T00:17:06.047Z,usb,1,848316260,23160,5928960,256,6000,33.500
2026-07-18T00:17:06.090Z,usb,1,848316260,23161,5929216,256,6000,33.500
2026-07-18T00:17:06.132Z,usb,1,848316260,23162,5929472,256,6000,33.500
2026-07-18T00:17:06.175Z,usb,1,848316260,23163,5929728,256,6000,33.490
2026-07-18T00:17:06.218Z,usb,1,848316260,23164,5929984,256,6000,33.490
2026-07-18T00:17:06.261Z,usb,1,848316260,23165,5930240,256,6000,33.490
2026-07-18T00:17:06.303Z,usb,1,848316260,23166,5930496,256,6000,33.490
2026-07-18T00:17:06.346Z,usb,1,848316260,23167,5930752,256,6000,33.490
2026-07-18T00:17:06.388Z,usb,1,848316260,23168,5931008,256,6000,33.490
2026-07-18T00:17:06.430Z,usb,1,848316260,23169,5931264,256,6000,33.490
2026-07-18T00:17:06.473Z,usb,1,848316260,23170,5931520,256,6000,33.490
2026-07-18T00:17:06.516Z,usb,1,848316260,23171,5931776,256,6000,33.490
2026-07-18T00:17:06.558Z,usb,1,848316260,23172,5932032,256,6000,33.490
2026-07-18T00:17:06.601Z,usb,1,848316260,23173,5932288,256,6000,33.490
2026-07-18T00:17:06.643Z,usb,1,848316260,23174,5932544,256,6000,33.490
2026-07-18T00:17:06.685Z,usb,1,848316260,23175,5932800,256,6000,33.490
2026-07-18T00:17:06.728Z,usb,1,848316260,23176,5933056,256,6000,33.490
2026-07-18T00:17:06.771Z,usb,1,848316260,23177,5933312,256,6000,33.490
2026-07-18T00:17:06.813Z,usb,1,848316260,23178,5933568,256,6000,33.490
2026-07-18T00:17:06.856Z,usb,1,848316260,23179,5933824,256,6000,33.490
2026-07-18T00:17:06.898Z,usb,1,848316260,23180,5934080,256,6000,33.490
2026-07-18T00:17:06.940Z,usb,1,848316260,23181,5934336,256,6000,33.490
2026-07-18T00:17:06.983Z,usb,1,848316260,23182,5934592,256,6000,33.490
2026-07-18T00:17:07.026Z,usb,1,848316260,23183,5934848,256,6000,33.490
2026-07-18T00:17:07.068Z,usb,1,848316260,23184,5935104,256,6000,33.490
2026-07-18T00:17:07.111Z,usb,1,848316260,23185,5935360,256,6000,33.490
2026-07-18T00:17:07.153Z,usb,1,848316260,23186,5935616,256,6000,33.490
2026-07-18T00:17:07.196Z,usb,1,848316260,23187,5935872,256,6000,33.490
2026-07-18T00:17:07.239Z,usb,1,848316260,23188,5936128,256,6000,33.490
2026-07-18T00:17:07.281Z,usb,1,848316260,23189,5936384,256,6000,33.490
2026-07-18T00:17:07.324Z,usb,1,848316260,23190,5936640,256,6000,33.490
2026-07-18T00:17:07.366Z,usb,1,848316260,23191,5936896,256,6000,33.490
2026-07-18T00:17:07.409Z,usb,1,848316260,23192,5937152,256,6000,33.490
2026-07-18T00:17:07.451Z,usb,1,848316260,23193,5937408,256,6000,33.490
2026-07-18T00:17:07.494Z,usb,1,848316260,23194,5937664,256,6000,33.490
2026-07-18T00:17:07.536Z,usb,1,848316260,23195,5937920,256,6000,33.490
2026-07-18T00:17:07.579Z,usb,1,848316260,23196,5938176,256,6000,33.490
2026-07-18T00:17:07.621Z,usb,1,848316260,23197,5938432,256,6000,33.490
2026-07-18T00:17:07.664Z,usb,1,848316260,23198,5938688,256,6000,33.490
2026-07-18T00:17:07.706Z,usb,1,848316260,23199,5938944,256,6000,33.490
2026-07-18T00:17:07.749Z,usb,1,848316260,23200,5939200,256,6000,33.490
2026-07-18T00:17:07.791Z,usb,1,848316260,23201,5939456,256,6000,33.490
2026-07-18T00:17:07.834Z,usb,1,848316260,23202,5939712,256,6000,33.490
2026-07-18T00:17:07.876Z,usb,1,848316260,23203,5939968,256,6000,33.490
2026-07-18T00:17:07.919Z,usb,1,848316260,23204,5940224,256,6000,33.490
2026-07-18T00:17:07.961Z,usb,1,848316260,23205,5940480,256,6000,33.490
2026-07-18T00:17:08.004Z,usb,1,848316260,23206,5940736,256,6000,33.490
2026-07-18T00:17:08.046Z,usb,1,848316260,23207,5940992,256,6000,33.490
2026-07-18T00:17:08.089Z,usb,1,848316260,23208,5941248,256,6000,33.490
2026-07-18T00:17:08.131Z,usb,1,848316260,23209,5941504,256,6000,33.490
2026-07-18T00:17:08.174Z,usb,1,848316260,23210,5941760,256,6000,33.490
2026-07-18T00:17:08.217Z,usb,1,848316260,23211,5942016,256,6000,33.500
2026-07-18T00:17:08.260Z,usb,1,848316260,23212,5942272,256,6000,33.500
2026-07-18T00:17:08.302Z,usb,1,848316260,23213,5942528,256,6000,33.500
2026-07-18T00:17:08.344Z,usb,1,848316260,23214,5942784,256,6000,33.500
2026-07-18T00:17:08.387Z,usb,1,848316260,23215,5943040,256,6000,33.500
2026-07-18T00:17:08.429Z,usb,1,848316260,23216,5943296,256,6000,33.500
2026-07-18T00:17:08.472Z,usb,1,848316260,23217,5943552,256,6000,33.500
2026-07-18T00:17:08.515Z,usb,1,848316260,23218,5943808,256,6000,33.500
2026-07-18T00:17:08.557Z,usb,1,848316260,23219,5944064,256,6000,33.500
2026-07-18T00:17:08.599Z,usb,1,848316260,23220,5944320,256,6000,33.500
2026-07-18T00:17:08.642Z,usb,1,848316260,23221,5944576,256,6000,33.500
2026-07-18T00:17:08.684Z,usb,1,848316260,23222,5944832,256,6000,33.500
2026-07-18T00:17:08.727Z,usb,1,848316260,23223,5945088,256,6000,33.500
2026-07-18T00:17:08.770Z,usb,1,848316260,23224,5945344,256,6000,33.500
2026-07-18T00:17:08.812Z,usb,1,848316260,23225,5945600,256,6000,33.500
2026-07-18T00:17:08.855Z,usb,1,848316260,23226,5945856,256,6000,33.500
2026-07-18T00:17:08.897Z,usb,1,848316260,23227,5946112,256,6000,33.500
2026-07-18T00:17:08.939Z,usb,1,848316260,23228,5946368,256,6000,33.500
2026-07-18T00:17:08.982Z,usb,1,848316260,23229,5946624,256,6000,33.500
2026-07-18T00:17:09.024Z,usb,1,848316260,23230,5946880,256,6000,33.500
2026-07-18T00:17:09.067Z,usb,1,848316260,23231,5947136,256,6000,33.500
2026-07-18T00:17:09.110Z,usb,1,848316260,23232,5947392,256,6000,33.500
2026-07-18T00:17:09.152Z,usb,1,848316260,23233,5947648,256,6000,33.500
2026-07-18T00:17:09.195Z,usb,1,848316260,23234,5947904,256,6000,33.500
2026-07-18T00:17:09.238Z,usb,1,848316260,23235,5948160,256,6000,33.500
2026-07-18T00:17:09.280Z,usb,1,848316260,23236,5948416,256,6000,33.500
2026-07-18T00:17:09.323Z,usb,1,848316260,23237,5948672,256,6000,33.500
2026-07-18T00:17:09.365Z,usb,1,848316260,23238,5948928,256,6000,33.500
2026-07-18T00:17:09.408Z,usb,1,848316260,23239,5949184,256,6000,33.500
2026-07-18T00:17:09.450Z,usb,1,848316260,23240,5949440,256,6000,33.500
2026-07-18T00:17:09.493Z,usb,1,848316260,23241,5949696,256,6000,33.500
2026-07-18T00:17:09.535Z,usb,1,848316260,23242,5949952,256,6000,33.500
2026-07-18T00:17:09.578Z,usb,1,848316260,23243,5950208,256,6000,33.500
2026-07-18T00:17:09.620Z,usb,1,848316260,23244,5950464,256,6000,33.500
2026-07-18T00:17:09.663Z,usb,1,848316260,23245,5950720,256,6000,33.500
2026-07-18T00:17:09.705Z,usb,1,848316260,23246,5950976,256,6000,33.500
2026-07-18T00:17:09.748Z,usb,1,848316260,23247,5951232,256,6000,33.500
2026-07-18T00:17:09.790Z,usb,1,848316260,23248,5951488,256,6000,33.500
2026-07-18T00:17:09.833Z,usb,1,848316260,23249,5951744,256,6000,33.500
2026-07-18T00:17:09.875Z,usb,1,848316260,23250,5952000,256,6000,33.500
2026-07-18T00:17:09.918Z,usb,1,848316260,23251,5952256,256,6000,33.500
2026-07-18T00:17:09.960Z,usb,1,848316260,23252,5952512,256,6000,33.500
2026-07-18T00:17:10.003Z,usb,1,848316260,23253,5952768,256,6000,33.500
2026-07-18T00:17:10.045Z,usb,1,848316260,23254,5953024,256,6000,33.500
2026-07-18T00:17:10.088Z,usb,1,848316260,23255,5953280,256,6000,33.500
2026-07-18T00:17:10.130Z,usb,1,848316260,23256,5953536,256,6000,33.500
2026-07-18T00:17:10.173Z,usb,1,848316260,23257,5953792,256,6000,33.500
2026-07-18T00:17:10.215Z,usb,1,848316260,23258,5954048,256,6000,33.500
2026-07-18T00:17:10.259Z,usb,1,848316260,23259,5954304,256,6000,33.500
2026-07-18T00:17:10.301Z,usb,1,848316260,23260,5954560,256,6000,33.500
2026-07-18T00:17:10.344Z,usb,1,848316260,23261,5954816,256,6000,33.500
2026-07-18T00:17:10.386Z,usb,1,848316260,23262,5955072,256,6000,33.500
2026-07-18T00:17:10.429Z,usb,1,848316260,23263,5955328,256,6000,33.500
2026-07-18T00:17:10.471Z,usb,1,848316260,23264,5955584,256,6000,33.500
2026-07-18T00:17:10.513Z,usb,1,848316260,23265,5955840,256,6000,33.500
2026-07-18T00:17:10.556Z,usb,1,848316260,23266,5956096,256,6000,33.500
2026-07-18T00:17:10.598Z,usb,1,848316260,23267,5956352,256,6000,33.500
2026-07-18T00:17:10.641Z,usb,1,848316260,23268,5956608,256,6000,33.500
2026-07-18T00:17:10.684Z,usb,1,848316260,23269,5956864,256,6000,33.500
2026-07-18T00:17:10.726Z,usb,1,848316260,23270,5957120,256,6000,33.500
2026-07-18T00:17:10.769Z,usb,1,848316260,23271,5957376,256,6000,33.500
2026-07-18T00:17:10.811Z,usb,1,848316260,23272,5957632,256,6000,33.500
2026-07-18T00:17:10.853Z,usb,1,848316260,23273,5957888,256,6000,33.500
2026-07-18T00:17:10.896Z,usb,1,848316260,23274,5958144,256,6000,33.500
2026-07-18T00:17:10.939Z,usb,1,848316260,23275,5958400,256,6000,33.500
2026-07-18T00:17:10.981Z,usb,1,848316260,23276,5958656,256,6000,33.500
2026-07-18T00:17:11.024Z,usb,1,848316260,23277,5958912,256,6000,33.500
2026-07-18T00:17:11.066Z,usb,1,848316260,23278,5959168,256,6000,33.500
2026-07-18T00:17:11.109Z,usb,1,848316260,23279,5959424,256,6000,33.500
2026-07-18T00:17:11.151Z,usb,1,848316260,23280,5959680,256,6000,33.500
2026-07-18T00:17:11.193Z,usb,1,848316260,23281,5959936,256,6000,33.500
2026-07-18T00:17:11.236Z,usb,1,848316260,23282,5960192,256,6000,33.500
2026-07-18T00:17:11.279Z,usb,1,848316260,23283,5960448,256,6000,33.490
2026-07-18T00:17:11.322Z,usb,1,848316260,23284,5960704,256,6000,33.490
2026-07-18T00:17:11.364Z,usb,1,848316260,23285,5960960,256,6000,33.490
2026-07-18T00:17:11.407Z,usb,1,848316260,23286,5961216,256,6000,33.490
2026-07-18T00:17:11.449Z,usb,1,848316260,23287,5961472,256,6000,33.490
2026-07-18T00:17:11.492Z,usb,1,848316260,23288,5961728,256,6000,33.490
2026-07-18T00:17:11.534Z,usb,1,848316260,23289,5961984,256,6000,33.490
2026-07-18T00:17:11.577Z,usb,1,848316260,23290,5962240,256,6000,33.490
2026-07-18T00:17:11.619Z,usb,1,848316260,23291,5962496,256,6000,33.490
2026-07-18T00:17:11.662Z,usb,1,848316260,23292,5962752,256,6000,33.490
2026-07-18T00:17:11.704Z,usb,1,848316260,23293,5963008,256,6000,33.490
2026-07-18T00:17:11.747Z,usb,1,848316260,23294,5963264,256,6000,33.490
2026-07-18T00:17:11.789Z,usb,1,848316260,23295,5963520,256,6000,33.490
2026-07-18T00:17:11.832Z,usb,1,848316260,23296,5963776,256,6000,33.490
2026-07-18T00:17:11.874Z,usb,1,848316260,23297,5964032,256,6000,33.490
2026-07-18T00:17:11.917Z,usb,1,848316260,23298,5964288,256,6000,33.490
2026-07-18T00:17:11.959Z,usb,1,848316260,23299,5964544,256,6000,33.490
2026-07-18T00:17:12.002Z,usb,1,848316260,23300,5964800,256,6000,33.490
2026-07-18T00:17:12.044Z,usb,1,848316260,23301,5965056,256,6000,33.490
2026-07-18T00:17:12.087Z,usb,1,848316260,23302,5965312,256,6000,33.490
2026-07-18T00:17:12.129Z,usb,1,848316260,23303,5965568,256,6000,33.490
2026-07-18T00:17:12.172Z,usb,1,848316260,23304,5965824,256,6000,33.490
2026-07-18T00:17:12.214Z,usb,1,848316260,23305,5966080,256,6000,33.490
2026-07-18T00:17:12.257Z,usb,1,848316260,23306,5966336,256,6000,33.490
2026-07-18T00:17:12.300Z,usb,1,848316260,23307,5966592,256,6000,33.490
2026-07-18T00:17:12.343Z,usb,1,848316260,23308,5966848,256,6000,33.490
2026-07-18T00:17:12.385Z,usb,1,848316260,23309,5967104,256,6000,33.490
2026-07-18T00:17:12.428Z,usb,1,848316260,23310,5967360,256,6000,33.490
2026-07-18T00:17:12.470Z,usb,1,848316260,23311,5967616,256,6000,33.490
2026-07-18T00:17:12.513Z,usb,1,848316260,23312,5967872,256,6000,33.490
2026-07-18T00:17:12.555Z,usb,1,848316260,23313,5968128,256,6000,33.490
2026-07-18T00:17:12.598Z,usb,1,848316260,23314,5968384,256,6000,33.490
2026-07-18T00:17:12.640Z,usb,1,848316260,23315,5968640,256,6000,33.490
2026-07-18T00:17:12.683Z,usb,1,848316260,23316,5968896,256,6000,33.490
2026-07-18T00:17:12.725Z,usb,1,848316260,23317,5969152,256,6000,33.490
2026-07-18T00:17:12.768Z,usb,1,848316260,23318,5969408,256,6000,33.490
2026-07-18T00:17:12.810Z,usb,1,848316260,23319,5969664,256,6000,33.490
2026-07-18T00:17:12.853Z,usb,1,848316260,23320,5969920,256,6000,33.490
2026-07-18T00:17:12.895Z,usb,1,848316260,23321,5970176,256,6000,33.490
2026-07-18T00:17:12.937Z,usb,1,848316260,23322,5970432,256,6000,33.490
2026-07-18T00:17:12.980Z,usb,1,848316260,23323,5970688,256,6000,33.490
2026-07-18T00:17:13.023Z,usb,1,848316260,23324,5970944,256,6000,33.490
2026-07-18T00:17:13.065Z,usb,1,848316260,23325,5971200,256,6000,33.490
2026-07-18T00:17:13.108Z,usb,1,848316260,23326,5971456,256,6000,33.490
2026-07-18T00:17:13.150Z,usb,1,848316260,23327,5971712,256,6000,33.490
2026-07-18T00:17:13.193Z,usb,1,848316260,23328,5971968,256,6000,33.490
2026-07-18T00:17:13.235Z,usb,1,848316260,23329,5972224,256,6000,33.490
2026-07-18T00:17:13.277Z,usb,1,848316260,23330,5972480,256,6000,33.490
2026-07-18T00:17:13.321Z,usb,1,848316260,23331,5972736,256,6000,33.490
2026-07-18T00:17:13.363Z,usb,1,848316260,23332,5972992,256,6000,33.490
2026-07-18T00:17:13.406Z,usb,1,848316260,23333,5973248,256,6000,33.490
2026-07-18T00:17:13.448Z,usb,1,848316260,23334,5973504,256,6000,33.490
2026-07-18T00:17:13.491Z,usb,1,848316260,23335,5973760,256,6000,33.490
2026-07-18T00:17:13.533Z,usb,1,848316260,23336,5974016,256,6000,33.490
2026-07-18T00:17:13.576Z,usb,1,848316260,23337,5974272,256,6000,33.490
2026-07-18T00:17:13.618Z,usb,1,848316260,23338,5974528,256,6000,33.490
2026-07-18T00:17:13.661Z,usb,1,848316260,23339,5974784,256,6000,33.490
2026-07-18T00:17:13.703Z,usb,1,848316260,23340,5975040,256,6000,33.490
2026-07-18T00:17:13.746Z,usb,1,848316260,23341,5975296,256,6000,33.490
2026-07-18T00:17:13.788Z,usb,1,848316260,23342,5975552,256,6000,33.490
2026-07-18T00:17:13.831Z,usb,1,848316260,23343,5975808,256,6000,33.490
2026-07-18T00:17:13.873Z,usb,1,848316260,23344,5976064,256,6000,33.490
2026-07-18T00:17:13.916Z,usb,1,848316260,23345,5976320,256,6000,33.490
2026-07-18T00:17:13.959Z,usb,1,848316260,23346,5976576,256,6000,33.490
2026-07-18T00:17:14.001Z,usb,1,848316260,23347,5976832,256,6000,33.490
2026-07-18T00:17:14.043Z,usb,1,848316260,23348,5977088,256,6000,33.490
2026-07-18T00:17:14.086Z,usb,1,848316260,23349,5977344,256,6000,33.490
2026-07-18T00:17:14.128Z,usb,1,848316260,23350,5977600,256,6000,33.490
2026-07-18T00:17:14.171Z,usb,1,848316260,23351,5977856,256,6000,33.490
2026-07-18T00:17:14.214Z,usb,1,848316260,23352,5978112,256,6000,33.490
2026-07-18T00:17:14.256Z,usb,1,848316260,23353,5978368,256,6000,33.490
2026-07-18T00:17:14.298Z,usb,1,848316260,23354,5978624,256,6000,33.490
2026-07-18T00:17:14.341Z,usb,1,848316260,23355,5978880,256,6000,33.490
2026-07-18T00:17:14.384Z,usb,1,848316260,23356,5979136,256,6000,33.490
2026-07-18T00:17:14.426Z,usb,1,848316260,23357,5979392,256,6000,33.490
2026-07-18T00:17:14.469Z,usb,1,848316260,23358,5979648,256,6000,33.490
2026-07-18T00:17:14.511Z,usb,1,848316260,23359,5979904,256,6000,33.490
2026-07-18T00:17:14.554Z,usb,1,848316260,23360,5980160,256,6000,33.490
2026-07-18T00:17:14.597Z,usb,1,848316260,23361,5980416,256,6000,33.490
2026-07-18T00:17:14.639Z,usb,1,848316260,23362,5980672,256,6000,33.490
2026-07-18T00:17:14.681Z,usb,1,848316260,23363,5980928,256,6000,33.490
2026-07-18T00:17:14.724Z,usb,1,848316260,23364,5981184,256,6000,33.490
2026-07-18T00:17:14.766Z,usb,1,848316260,23365,5981440,256,6000,33.490
2026-07-18T00:17:14.809Z,usb,1,848316260,23366,5981696,256,6000,33.490
2026-07-18T00:17:14.851Z,usb,1,848316260,23367,5981952,256,6000,33.490
2026-07-18T00:17:14.894Z,usb,1,848316260,23368,5982208,256,6000,33.490
2026-07-18T00:17:14.936Z,usb,1,848316260,23369,5982464,256,6000,33.490
2026-07-18T00:17:14.979Z,usb,1,848316260,23370,5982720,256,6000,33.490
2026-07-18T00:17:15.021Z,usb,1,848316260,23371,5982976,256,6000,33.490
2026-07-18T00:17:15.064Z,usb,1,848316260,23372,5983232,256,6000,33.490
2026-07-18T00:17:15.106Z,usb,1,848316260,23373,5983488,256,6000,33.490
2026-07-18T00:17:15.149Z,usb,1,848316260,23374,5983744,256,6000,33.490
2026-07-18T00:17:15.192Z,usb,1,848316260,23375,5984000,256,6000,33.490
2026-07-18T00:17:15.234Z,usb,1,848316260,23376,5984256,256,6000,33.490
2026-07-18T00:17:15.276Z,usb,1,848316260,23377,5984512,256,6000,33.490
2026-07-18T00:17:15.319Z,usb,1,848316260,23378,5984768,256,6000,33.490
2026-07-18T00:17:15.362Z,usb,1,848316260,23379,5985024,256,6000,33.490
2026-07-18T00:17:15.405Z,usb,1,848316260,23380,5985280,256,6000,33.490
2026-07-18T00:17:15.447Z,usb,1,848316260,23381,5985536,256,6000,33.490
2026-07-18T00:17:15.490Z,usb,1,848316260,23382,5985792,256,6000,33.490
2026-07-18T00:17:15.532Z,usb,1,848316260,23383,5986048,256,6000,33.490
2026-07-18T00:17:15.575Z,usb,1,848316260,23384,5986304,256,6000,33.490
2026-07-18T00:17:15.617Z,usb,1,848316260,23385,5986560,256,6000,33.490
2026-07-18T00:17:15.660Z,usb,1,848316260,23386,5986816,256,6000,33.490
2026-07-18T00:17:15.702Z,usb,1,848316260,23387,5987072,256,6000,33.490
2026-07-18T00:17:15.745Z,usb,1,848316260,23388,5987328,256,6000,33.490
2026-07-18T00:17:15.787Z,usb,1,848316260,23389,5987584,256,6000,33.490
2026-07-18T00:17:15.830Z,usb,1,848316260,23390,5987840,256,6000,33.490
2026-07-18T00:17:15.872Z,usb,1,848316260,23391,5988096,256,6000,33.490
2026-07-18T00:17:15.915Z,usb,1,848316260,23392,5988352,256,6000,33.490
2026-07-18T00:17:15.958Z,usb,1,848316260,23393,5988608,256,6000,33.490
2026-07-18T00:17:16.000Z,usb,1,848316260,23394,5988864,256,6000,33.490
2026-07-18T00:17:16.042Z,usb,1,848316260,23395,5989120,256,6000,33.490
2026-07-18T00:17:16.085Z,usb,1,848316260,23396,5989376,256,6000,33.490
2026-07-18T00:17:16.127Z,usb,1,848316260,23397,5989632,256,6000,33.490
2026-07-18T00:17:16.170Z,usb,1,848316260,23398,5989888,256,6000,33.490
2026-07-18T00:17:16.212Z,usb,1,848316260,23399,5990144,256,6000,33.490
2026-07-18T00:17:16.255Z,usb,1,848316260,23400,5990400,256,6000,33.490
2026-07-18T00:17:16.297Z,usb,1,848316260,23401,5990656,256,6000,33.490
2026-07-18T00:17:16.340Z,usb,1,848316260,23402,5990912,256,6000,33.490
2026-07-18T00:17:16.383Z,usb,1,848316260,23403,5991168,256,6000,33.490
2026-07-18T00:17:16.425Z,usb,1,848316260,23404,5991424,256,6000,33.490
2026-07-18T00:17:16.468Z,usb,1,848316260,23405,5991680,256,6000,33.490
2026-07-18T00:17:16.510Z,usb,1,848316260,23406,5991936,256,6000,33.490
2026-07-18T00:17:16.553Z,usb,1,848316260,23407,5992192,256,6000,33.490
2026-07-18T00:17:16.596Z,usb,1,848316260,23408,5992448,256,6000,33.490
2026-07-18T00:17:16.638Z,usb,1,848316260,23409,5992704,256,6000,33.490
2026-07-18T00:17:16.680Z,usb,1,848316260,23410,5992960,256,6000,33.490
2026-07-18T00:17:16.723Z,usb,1,848316260,23411,5993216,256,6000,33.490
2026-07-18T00:17:16.765Z,usb,1,848316260,23412,5993472,256,6000,33.490
2026-07-18T00:17:16.808Z,usb,1,848316260,23413,5993728,256,6000,33.490
2026-07-18T00:17:16.850Z,usb,1,848316260,23414,5993984,256,6000,33.490
2026-07-18T00:17:16.893Z,usb,1,848316260,23415,5994240,256,6000,33.490
2026-07-18T00:17:16.935Z,usb,1,848316260,23416,5994496,256,6000,33.490
2026-07-18T00:17:16.978Z,usb,1,848316260,23417,5994752,256,6000,33.490
2026-07-18T00:17:17.021Z,usb,1,848316260,23418,5995008,256,6000,33.490
2026-07-18T00:17:17.063Z,usb,1,848316260,23419,5995264,256,6000,33.490
2026-07-18T00:17:17.105Z,usb,1,848316260,23420,5995520,256,6000,33.490
2026-07-18T00:17:17.149Z,usb,1,848316260,23421,5995776,256,6000,33.490
2026-07-18T00:17:17.191Z,usb,1,848316260,23422,5996032,256,6000,33.490
2026-07-18T00:17:17.233Z,usb,1,848316260,23423,5996288,256,6000,33.490
2026-07-18T00:17:17.276Z,usb,1,848316260,23424,5996544,256,6000,33.490
2026-07-18T00:17:17.318Z,usb,1,848316260,23425,5996800,256,6000,33.490
2026-07-18T00:17:17.361Z,usb,1,848316260,23426,5997056,256,6000,33.490
2026-07-18T00:17:17.404Z,usb,1,848316260,23427,5997312,256,6000,33.500
2026-07-18T00:17:17.446Z,usb,1,848316260,23428,5997568,256,6000,33.500
2026-07-18T00:17:17.489Z,usb,1,848316260,23429,5997824,256,6000,33.500
2026-07-18T00:17:17.531Z,usb,1,848316260,23430,5998080,256,6000,33.500
2026-07-18T00:17:17.574Z,usb,1,848316260,23431,5998336,256,6000,33.500
2026-07-18T00:17:17.616Z,usb,1,848316260,23432,5998592,256,6000,33.500
2026-07-18T00:17:17.659Z,usb,1,848316260,23433,5998848,256,6000,33.500
2026-07-18T00:17:17.701Z,usb,1,848316260,23434,5999104,256,6000,33.500
2026-07-18T00:17:17.744Z,usb,1,848316260,23435,5999360,256,6000,33.500
2026-07-18T00:17:17.786Z,usb,1,848316260,23436,5999616,256,6000,33.500
2026-07-18T00:17:17.829Z,usb,1,848316260,23437,5999872,256,6000,33.500
2026-07-18T00:17:17.871Z,usb,1,848316260,23438,6000128,256,6000,33.500
2026-07-18T00:17:17.914Z,usb,1,848316260,23439,6000384,256,6000,33.500
2026-07-18T00:17:17.956Z,usb,1,848316260,23440,6000640,256,6000,33.500
2026-07-18T00:17:17.999Z,usb,1,848316260,23441,6000896,256,6000,33.500
2026-07-18T00:17:18.041Z,usb,1,848316260,23442,6001152,256,6000,33.500
2026-07-18T00:17:18.084Z,usb,1,848316260,23443,6001408,256,6000,33.500
2026-07-18T00:17:18.126Z,usb,1,848316260,23444,6001664,256,6000,33.500
2026-07-18T00:17:18.169Z,usb,1,848316260,23445,6001920,256,6000,33.500
2026-07-18T00:17:18.211Z,usb,1,848316260,23446,6002176,256,6000,33.500
2026-07-18T00:17:18.254Z,usb,1,848316260,23447,6002432,256,6000,33.500
2026-07-18T00:17:18.296Z,usb,1,848316260,23448,6002688,256,6000,33.500
2026-07-18T00:17:18.339Z,usb,1,848316260,23449,6002944,256,6000,33.500
2026-07-18T00:17:18.381Z,usb,1,848316260,23450,6003200,256,6000,33.500
2026-07-18T00:17:18.424Z,usb,1,848316260,23451,6003456,256,6000,33.500
2026-07-18T00:17:18.467Z,usb,1,848316260,23452,6003712,256,6000,33.500
2026-07-18T00:17:18.509Z,usb,1,848316260,23453,6003968,256,6000,33.500
2026-07-18T00:17:18.552Z,usb,1,848316260,23454,6004224,256,6000,33.500
2026-07-18T00:17:18.594Z,usb,1,848316260,23455,6004480,256,6000,33.500
2026-07-18T00:17:18.637Z,usb,1,848316260,23456,6004736,256,6000,33.500
2026-07-18T00:17:18.679Z,usb,1,848316260,23457,6004992,256,6000,33.500
2026-07-18T00:17:18.722Z,usb,1,848316260,23458,6005248,256,6000,33.500
2026-07-18T00:17:18.765Z,usb,1,848316260,23459,6005504,256,6000,33.500
2026-07-18T00:17:18.807Z,usb,1,848316260,23460,6005760,256,6000,33.500
2026-07-18T00:17:18.849Z,usb,1,848316260,23461,6006016,256,6000,33.500
2026-07-18T00:17:18.892Z,usb,1,848316260,23462,6006272,256,6000,33.500
2026-07-18T00:17:18.934Z,usb,1,848316260,23463,6006528,256,6000,33.500
2026-07-18T00:17:18.977Z,usb,1,848316260,23464,6006784,256,6000,33.500
2026-07-18T00:17:19.019Z,usb,1,848316260,23465,6007040,256,6000,33.500
2026-07-18T00:17:19.062Z,usb,1,848316260,23466,6007296,256,6000,33.500
2026-07-18T00:17:19.104Z,usb,1,848316260,23467,6007552,256,6000,33.500
2026-07-18T00:17:19.147Z,usb,1,848316260,23468,6007808,256,6000,33.500
2026-07-18T00:17:19.190Z,usb,1,848316260,23469,6008064,256,6000,33.500
2026-07-18T00:17:19.232Z,usb,1,848316260,23470,6008320,256,6000,33.500
2026-07-18T00:17:19.275Z,usb,1,848316260,23471,6008576,256,6000,33.500
2026-07-18T00:17:19.317Z,usb,1,848316260,23472,6008832,256,6000,33.500
2026-07-18T00:17:19.359Z,usb,1,848316260,23473,6009088,256,6000,33.500
2026-07-18T00:17:19.402Z,usb,1,848316260,23474,6009344,256,6000,33.500
2026-07-18T00:17:19.445Z,usb,1,848316260,23475,6009600,256,6000,33.500
2026-07-18T00:17:19.488Z,usb,1,848316260,23476,6009856,256,6000,33.500
2026-07-18T00:17:19.530Z,usb,1,848316260,23477,6010112,256,6000,33.500
2026-07-18T00:17:19.573Z,usb,1,848316260,23478,6010368,256,6000,33.500
2026-07-18T00:17:19.615Z,usb,1,848316260,23479,6010624,256,6000,33.500
2026-07-18T00:17:19.658Z,usb,1,848316260,23480,6010880,256,6000,33.500
2026-07-18T00:17:19.701Z,usb,1,848316260,23481,6011136,256,6000,33.500
2026-07-18T00:17:19.743Z,usb,1,848316260,23482,6011392,256,6000,33.500
2026-07-18T00:17:19.785Z,usb,1,848316260,23483,6011648,256,6000,33.500
2026-07-18T00:17:19.828Z,usb,1,848316260,23484,6011904,256,6000,33.500
2026-07-18T00:17:19.870Z,usb,1,848316260,23485,6012160,256,6000,33.500
2026-07-18T00:17:19.913Z,usb,1,848316260,23486,6012416,256,6000,33.500
2026-07-18T00:17:19.955Z,usb,1,848316260,23487,6012672,256,6000,33.500
2026-07-18T00:17:19.998Z,usb,1,848316260,23488,6012928,256,6000,33.500
2026-07-18T00:17:20.040Z,usb,1,848316260,23489,6013184,256,6000,33.500
2026-07-18T00:17:20.083Z,usb,1,848316260,23490,6013440,256,6000,33.500
2026-07-18T00:17:20.125Z,usb,1,848316260,23491,6013696,256,6000,33.500
2026-07-18T00:17:20.168Z,usb,1,848316260,23492,6013952,256,6000,33.500
2026-07-18T00:17:20.210Z,usb,1,848316260,23493,6014208,256,6000,33.500
2026-07-18T00:17:20.253Z,usb,1,848316260,23494,6014464,256,6000,33.500
2026-07-18T00:17:20.295Z,usb,1,848316260,23495,6014720,256,6000,33.500
2026-07-18T00:17:20.338Z,usb,1,848316260,23496,6014976,256,6000,33.500
2026-07-18T00:17:20.380Z,usb,1,848316260,23497,6015232,256,6000,33.500
2026-07-18T00:17:20.423Z,usb,1,848316260,23498,6015488,256,6000,33.500
2026-07-18T00:17:20.466Z,usb,1,848316260,23499,6015744,256,6000,33.500
2026-07-18T00:17:20.508Z,usb,1,848316260,23500,6016000,256,6000,33.500
2026-07-18T00:17:20.551Z,usb,1,848316260,23501,6016256,256,6000,33.500
2026-07-18T00:17:20.593Z,usb,1,848316260,23502,6016512,256,6000,33.500
2026-07-18T00:17:20.636Z,usb,1,848316260,23503,6016768,256,6000,33.500
2026-07-18T00:17:20.678Z,usb,1,848316260,23504,6017024,256,6000,33.500
2026-07-18T00:17:20.721Z,usb,1,848316260,23505,6017280,256,6000,33.500
2026-07-18T00:17:20.764Z,usb,1,848316260,23506,6017536,256,6000,33.500
2026-07-18T00:17:20.806Z,usb,1,848316260,23507,6017792,256,6000,33.500
2026-07-18T00:17:20.849Z,usb,1,848316260,23508,6018048,256,6000,33.500
2026-07-18T00:17:20.891Z,usb,1,848316260,23509,6018304,256,6000,33.500
2026-07-18T00:17:20.934Z,usb,1,848316260,23510,6018560,256,6000,33.500
2026-07-18T00:17:20.976Z,usb,1,848316260,23511,6018816,256,6000,33.500
2026-07-18T00:17:21.019Z,usb,1,848316260,23512,6019072,256,6000,33.500
2026-07-18T00:17:21.061Z,usb,1,848316260,23513,6019328,256,6000,33.500
2026-07-18T00:17:21.104Z,usb,1,848316260,23514,6019584,256,6000,33.500
2026-07-18T00:17:21.146Z,usb,1,848316260,23515,6019840,256,6000,33.500
2026-07-18T00:17:21.189Z,usb,1,848316260,23516,6020096,256,6000,33.500
2026-07-18T00:17:21.231Z,usb,1,848316260,23517,6020352,256,6000,33.500
2026-07-18T00:17:21.274Z,usb,1,848316260,23518,6020608,256,6000,33.500
2026-07-18T00:17:21.316Z,usb,1,848316260,23519,6020864,256,6000,33.500
2026-07-18T00:17:21.359Z,usb,1,848316260,23520,6021120,256,6000,33.500
2026-07-18T00:17:21.401Z,usb,1,848316260,23521,6021376,256,6000,33.500
2026-07-18T00:17:21.443Z,usb,1,848316260,23522,6021632,256,6000,33.500
2026-07-18T00:17:21.487Z,usb,1,848316260,23523,6021888,256,6000,33.500
2026-07-18T00:17:21.529Z,usb,1,848316260,23524,6022144,256,6000,33.500
2026-07-18T00:17:21.572Z,usb,1,848316260,23525,6022400,256,6000,33.500
2026-07-18T00:17:21.614Z,usb,1,848316260,23526,6022656,256,6000,33.500
2026-07-18T00:17:21.657Z,usb,1,848316260,23527,6022912,256,6000,33.500
2026-07-18T00:17:21.699Z,usb,1,848316260,23528,6023168,256,6000,33.500
2026-07-18T00:17:21.742Z,usb,1,848316260,23529,6023424,256,6000,33.500
2026-07-18T00:17:21.784Z,usb,1,848316260,23530,6023680,256,6000,33.500
2026-07-18T00:17:21.827Z,usb,1,848316260,23531,6023936,256,6000,33.500
2026-07-18T00:17:21.869Z,usb,1,848316260,23532,6024192,256,6000,33.500
2026-07-18T00:17:21.912Z,usb,1,848316260,23533,6024448,256,6000,33.500
2026-07-18T00:17:21.954Z,usb,1,848316260,23534,6024704,256,6000,33.500
2026-07-18T00:17:21.997Z,usb,1,848316260,23535,6024960,256,6000,33.500
2026-07-18T00:17:22.039Z,usb,1,848316260,23536,6025216,256,6000,33.500
2026-07-18T00:17:22.082Z,usb,1,848316260,23537,6025472,256,6000,33.500
2026-07-18T00:17:22.124Z,usb,1,848316260,23538,6025728,256,6000,33.500
2026-07-18T00:17:22.167Z,usb,1,848316260,23539,6025984,256,6000,33.500
2026-07-18T00:17:22.209Z,usb,1,848316260,23540,6026240,256,6000,33.500
2026-07-18T00:17:22.252Z,usb,1,848316260,23541,6026496,256,6000,33.500
2026-07-18T00:17:22.294Z,usb,1,848316260,23542,6026752,256,6000,33.500
2026-07-18T00:17:22.337Z,usb,1,848316260,23543,6027008,256,6000,33.500
2026-07-18T00:17:22.379Z,usb,1,848316260,23544,6027264,256,6000,33.500
2026-07-18T00:17:22.422Z,usb,1,848316260,23545,6027520,256,6000,33.500
2026-07-18T00:17:22.464Z,usb,1,848316260,23546,6027776,256,6000,33.500
2026-07-18T00:17:22.507Z,usb,1,848316260,23547,6028032,256,6000,33.500
2026-07-18T00:17:22.550Z,usb,1,848316260,23548,6028288,256,6000,33.500
2026-07-18T00:17:22.592Z,usb,1,848316260,23549,6028544,256,6000,33.500
2026-07-18T00:17:22.635Z,usb,1,848316260,23550,6028800,256,6000,33.500
2026-07-18T00:17:22.678Z,usb,1,848316260,23551,6029056,256,6000,33.500
2026-07-18T00:17:22.720Z,usb,1,848316260,23552,6029312,256,6000,33.500
2026-07-18T00:17:22.763Z,usb,1,848316260,23553,6029568,256,6000,33.500
2026-07-18T00:17:22.805Z,usb,1,848316260,23554,6029824,256,6000,33.500
2026-07-18T00:17:22.847Z,usb,1,848316260,23555,6030080,256,6000,33.500
2026-07-18T00:17:22.890Z,usb,1,848316260,23556,6030336,256,6000,33.500
2026-07-18T00:17:22.933Z,usb,1,848316260,23557,6030592,256,6000,33.500
2026-07-18T00:17:22.975Z,usb,1,848316260,23558,6030848,256,6000,33.500
2026-07-18T00:17:23.018Z,usb,1,848316260,23559,6031104,256,6000,33.500
2026-07-18T00:17:23.060Z,usb,1,848316260,23560,6031360,256,6000,33.500
2026-07-18T00:17:23.103Z,usb,1,848316260,23561,6031616,256,6000,33.500
2026-07-18T00:17:23.145Z,usb,1,848316260,23562,6031872,256,6000,33.500
2026-07-18T00:17:23.188Z,usb,1,848316260,23563,6032128,256,6000,33.500
2026-07-18T00:17:23.230Z,usb,1,848316260,23564,6032384,256,6000,33.500
2026-07-18T00:17:23.273Z,usb,1,848316260,23565,6032640,256,6000,33.500
2026-07-18T00:17:23.315Z,usb,1,848316260,23566,6032896,256,6000,33.500
2026-07-18T00:17:23.358Z,usb,1,848316260,23567,6033152,256,6000,33.500
2026-07-18T00:17:23.400Z,usb,1,848316260,23568,6033408,256,6000,33.500
2026-07-18T00:17:23.443Z,usb,1,848316260,23569,6033664,256,6000,33.500
2026-07-18T00:17:23.485Z,usb,1,848316260,23570,6033920,256,6000,33.500
2026-07-18T00:17:23.528Z,usb,1,848316260,23571,6034176,256,6000,33.500
2026-07-18T00:17:23.571Z,usb,1,848316260,23572,6034432,256,6000,33.500
2026-07-18T00:17:23.613Z,usb,1,848316260,23573,6034688,256,6000,33.500
2026-07-18T00:17:23.656Z,usb,1,848316260,23574,6034944,256,6000,33.500
2026-07-18T00:17:23.698Z,usb,1,848316260,23575,6035200,256,6000,33.500
2026-07-18T00:17:23.741Z,usb,1,848316260,23576,6035456,256,6000,33.500
2026-07-18T00:17:23.783Z,usb,1,848316260,23577,6035712,256,6000,33.500
2026-07-18T00:17:23.826Z,usb,1,848316260,23578,6035968,256,6000,33.500
2026-07-18T00:17:23.868Z,usb,1,848316260,23579,6036224,256,6000,33.500
2026-07-18T00:17:23.911Z,usb,1,848316260,23580,6036480,256,6000,33.500
2026-07-18T00:17:23.953Z,usb,1,848316260,23581,6036736,256,6000,33.500
2026-07-18T00:17:23.996Z,usb,1,848316260,23582,6036992,256,6000,33.500
2026-07-18T00:17:24.038Z,usb,1,848316260,23583,6037248,256,6000,33.500
2026-07-18T00:17:24.081Z,usb,1,848316260,23584,6037504,256,6000,33.500
2026-07-18T00:17:24.123Z,usb,1,848316260,23585,6037760,256,6000,33.500
2026-07-18T00:17:24.166Z,usb,1,848316260,23586,6038016,256,6000,33.500
2026-07-18T00:17:24.208Z,usb,1,848316260,23587,6038272,256,6000,33.500
2026-07-18T00:17:24.251Z,usb,1,848316260,23588,6038528,256,6000,33.500
2026-07-18T00:17:24.293Z,usb,1,848316260,23589,6038784,256,6000,33.500
2026-07-18T00:17:24.336Z,usb,1,848316260,23590,6039040,256,6000,33.500
2026-07-18T00:17:24.378Z,usb,1,848316260,23591,6039296,256,6000,33.500
2026-07-18T00:17:24.421Z,usb,1,848316260,23592,6039552,256,6000,33.500
2026-07-18T00:17:24.464Z,usb,1,848316260,23593,6039808,256,6000,33.500
2026-07-18T00:17:24.506Z,usb,1,848316260,23594,6040064,256,6000,33.500
2026-07-18T00:17:24.549Z,usb,1,848316260,23595,6040320,256,6000,33.500
2026-07-18T00:17:24.591Z,usb,1,848316260,23596,6040576,256,6000,33.500
2026-07-18T00:17:24.634Z,usb,1,848316260,23597,6040832,256,6000,33.500
2026-07-18T00:17:24.676Z,usb,1,848316260,23598,6041088,256,6000,33.500
2026-07-18T00:17:24.719Z,usb,1,848316260,23599,6041344,256,6000,33.500
2026-07-18T00:17:24.761Z,usb,1,848316260,23600,6041600,256,6000,33.500
2026-07-18T00:17:24.804Z,usb,1,848316260,23601,6041856,256,6000,33.500
2026-07-18T00:17:24.846Z,usb,1,848316260,23602,6042112,256,6000,33.500
2026-07-18T00:17:24.889Z,usb,1,848316260,23603,6042368,256,6000,33.500
2026-07-18T00:17:24.931Z,usb,1,848316260,23604,6042624,256,6000,33.500
2026-07-18T00:17:24.974Z,usb,1,848316260,23605,6042880,256,6000,33.500
2026-07-18T00:17:25.016Z,usb,1,848316260,23606,6043136,256,6000,33.500
2026-07-18T00:17:25.059Z,usb,1,848316260,23607,6043392,256,6000,33.500
2026-07-18T00:17:25.102Z,usb,1,848316260,23608,6043648,256,6000,33.500
2026-07-18T00:17:25.144Z,usb,1,848316260,23609,6043904,256,6000,33.500
2026-07-18T00:17:25.187Z,usb,1,848316260,23610,6044160,256,6000,33.500
2026-07-18T00:17:25.229Z,usb,1,848316260,23611,6044416,256,6000,33.500
2026-07-18T00:17:25.272Z,usb,1,848316260,23612,6044672,256,6000,33.500
2026-07-18T00:17:25.314Z,usb,1,848316260,23613,6044928,256,6000,33.500
2026-07-18T00:17:25.357Z,usb,1,848316260,23614,6045184,256,6000,33.500
2026-07-18T00:17:25.399Z,usb,1,848316260,23615,6045440,256,6000,33.500
2026-07-18T00:17:25.442Z,usb,1,848316260,23616,6045696,256,6000,33.500
2026-07-18T00:17:25.484Z,usb,1,848316260,23617,6045952,256,6000,33.500
2026-07-18T00:17:25.527Z,usb,1,848316260,23618,6046208,256,6000,33.500
2026-07-18T00:17:25.570Z,usb,1,848316260,23619,6046464,256,6000,33.500
2026-07-18T00:17:25.612Z,usb,1,848316260,23620,6046720,256,6000,33.500
2026-07-18T00:17:25.655Z,usb,1,848316260,23621,6046976,256,6000,33.500
2026-07-18T00:17:25.697Z,usb,1,848316260,23622,6047232,256,6000,33.500
2026-07-18T00:17:25.740Z,usb,1,848316260,23623,6047488,256,6000,33.500
2026-07-18T00:17:25.782Z,usb,1,848316260,23624,6047744,256,6000,33.500
2026-07-18T00:17:25.825Z,usb,1,848316260,23625,6048000,256,6000,33.500
2026-07-18T00:17:25.867Z,usb,1,848316260,23626,6048256,256,6000,33.500
2026-07-18T00:17:25.910Z,usb,1,848316260,23627,6048512,256,6000,33.500
2026-07-18T00:17:25.952Z,usb,1,848316260,23628,6048768,256,6000,33.500
2026-07-18T00:17:25.995Z,usb,1,848316260,23629,6049024,256,6000,33.500
2026-07-18T00:17:26.037Z,usb,1,848316260,23630,6049280,256,6000,33.500
2026-07-18T00:17:26.080Z,usb,1,848316260,23631,6049536,256,6000,33.500
2026-07-18T00:17:26.122Z,usb,1,848316260,23632,6049792,256,6000,33.500
2026-07-18T00:17:26.165Z,usb,1,848316260,23633,6050048,256,6000,33.500
2026-07-18T00:17:26.207Z,usb,1,848316260,23634,6050304,256,6000,33.500
2026-07-18T00:17:26.250Z,usb,1,848316260,23635,6050560,256,6000,33.500
2026-07-18T00:17:26.292Z,usb,1,848316260,23636,6050816,256,6000,33.500
2026-07-18T00:17:26.335Z,usb,1,848316260,23637,6051072,256,6000,33.500
2026-07-18T00:17:26.377Z,usb,1,848316260,23638,6051328,256,6000,33.500
2026-07-18T00:17:26.420Z,usb,1,848316260,23639,6051584,256,6000,33.500
2026-07-18T00:17:26.462Z,usb,1,848316260,23640,6051840,256,6000,33.500
2026-07-18T00:17:26.505Z,usb,1,848316260,23641,6052096,256,6000,33.500
2026-07-18T00:17:26.547Z,usb,1,848316260,23642,6052352,256,6000,33.500
2026-07-18T00:17:26.590Z,usb,1,848316260,23643,6052608,256,6000,33.500
2026-07-18T00:17:26.633Z,usb,1,848316260,23644,6052864,256,6000,33.500
2026-07-18T00:17:26.675Z,usb,1,848316260,23645,6053120,256,6000,33.500
2026-07-18T00:17:26.718Z,usb,1,848316260,23646,6053376,256,6000,33.500
2026-07-18T00:17:26.760Z,usb,1,848316260,23647,6053632,256,6000,33.500
2026-07-18T00:17:26.803Z,usb,1,848316260,23648,6053888,256,6000,33.500
2026-07-18T00:17:26.846Z,usb,1,848316260,23649,6054144,256,6000,33.500
2026-07-18T00:17:26.888Z,usb,1,848316260,23650,6054400,256,6000,33.500
2026-07-18T00:17:26.931Z,usb,1,848316260,23651,6054656,256,6000,33.500
2026-07-18T00:17:26.973Z,usb,1,848316260,23652,6054912,256,6000,33.500
2026-07-18T00:17:27.016Z,usb,1,848316260,23653,6055168,256,6000,33.500
2026-07-18T00:17:27.058Z,usb,1,848316260,23654,6055424,256,6000,33.500
2026-07-18T00:17:27.101Z,usb,1,848316260,23655,6055680,256,6000,33.500
2026-07-18T00:17:27.143Z,usb,1,848316260,23656,6055936,256,6000,33.500
2026-07-18T00:17:27.186Z,usb,1,848316260,23657,6056192,256,6000,33.500
2026-07-18T00:17:27.228Z,usb,1,848316260,23658,6056448,256,6000,33.500
2026-07-18T00:17:27.271Z,usb,1,848316260,23659,6056704,256,6000,33.500
2026-07-18T00:17:27.313Z,usb,1,848316260,23660,6056960,256,6000,33.500
2026-07-18T00:17:27.355Z,usb,1,848316260,23661,6057216,256,6000,33.500
2026-07-18T00:17:27.398Z,usb,1,848316260,23662,6057472,256,6000,33.500
2026-07-18T00:17:27.440Z,usb,1,848316260,23663,6057728,256,6000,33.500
2026-07-18T00:17:27.483Z,usb,1,848316260,23664,6057984,256,6000,33.500
2026-07-18T00:17:27.525Z,usb,1,848316260,23665,6058240,256,6000,33.500
2026-07-18T00:17:27.568Z,usb,1,848316260,23666,6058496,256,6000,33.500
2026-07-18T00:17:27.611Z,usb,1,848316260,23667,6058752,256,6000,33.500
2026-07-18T00:17:27.654Z,usb,1,848316260,23668,6059008,256,6000,33.500
2026-07-18T00:17:27.696Z,usb,1,848316260,23669,6059264,256,6000,33.500
2026-07-18T00:17:27.739Z,usb,1,848316260,23670,6059520,256,6000,33.500
2026-07-18T00:17:27.781Z,usb,1,848316260,23671,6059776,256,6000,33.500
2026-07-18T00:17:27.824Z,usb,1,848316260,23672,6060032,256,6000,33.500
2026-07-18T00:17:27.866Z,usb,1,848316260,23673,6060288,256,6000,33.500
2026-07-18T00:17:27.909Z,usb,1,848316260,23674,6060544,256,6000,33.500
2026-07-18T00:17:27.951Z,usb,1,848316260,23675,6060800,256,6000,33.500
2026-07-18T00:17:27.994Z,usb,1,848316260,23676,6061056,256,6000,33.500
2026-07-18T00:17:28.036Z,usb,1,848316260,23677,6061312,256,6000,33.500
2026-07-18T00:17:28.079Z,usb,1,848316260,23678,6061568,256,6000,33.500
2026-07-18T00:17:28.121Z,usb,1,848316260,23679,6061824,256,6000,33.500
2026-07-18T00:17:28.164Z,usb,1,848316260,23680,6062080,256,6000,33.500
2026-07-18T00:17:28.206Z,usb,1,848316260,23681,6062336,256,6000,33.500
2026-07-18T00:17:28.249Z,usb,1,848316260,23682,6062592,256,6000,33.500
2026-07-18T00:17:28.291Z,usb,1,848316260,23683,6062848,256,6000,33.500
2026-07-18T00:17:28.334Z,usb,1,848316260,23684,6063104,256,6000,33.500
2026-07-18T00:17:28.376Z,usb,1,848316260,23685,6063360,256,6000,33.500
2026-07-18T00:17:28.419Z,usb,1,848316260,23686,6063616,256,6000,33.500
2026-07-18T00:17:28.461Z,usb,1,848316260,23687,6063872,256,6000,33.500
2026-07-18T00:17:28.504Z,usb,1,848316260,23688,6064128,256,6000,33.500
2026-07-18T00:17:28.546Z,usb,1,848316260,23689,6064384,256,6000,33.500
2026-07-18T00:17:28.589Z,usb,1,848316260,23690,6064640,256,6000,33.500
2026-07-18T00:17:28.632Z,usb,1,848316260,23691,6064896,256,6000,33.500
2026-07-18T00:17:28.675Z,usb,1,848316260,23692,6065152,256,6000,33.500
2026-07-18T00:17:28.717Z,usb,1,848316260,23693,6065408,256,6000,33.500
2026-07-18T00:17:28.759Z,usb,1,848316260,23694,6065664,256,6000,33.500
2026-07-18T00:17:28.802Z,usb,1,848316260,23695,6065920,256,6000,33.500
2026-07-18T00:17:28.844Z,usb,1,848316260,23696,6066176,256,6000,33.500
2026-07-18T00:17:28.887Z,usb,1,848316260,23697,6066432,256,6000,33.500
2026-07-18T00:17:28.929Z,usb,1,848316260,23698,6066688,256,6000,33.500
2026-07-18T00:17:28.972Z,usb,1,848316260,23699,6066944,256,6000,33.500
2026-07-18T00:17:29.014Z,usb,1,848316260,23700,6067200,256,6000,33.500
2026-07-18T00:17:29.057Z,usb,1,848316260,23701,6067456,256,6000,33.500
2026-07-18T00:17:29.099Z,usb,1,848316260,23702,6067712,256,6000,33.500
2026-07-18T00:17:29.142Z,usb,1,848316260,23703,6067968,256,6000,33.500
2026-07-18T00:17:29.184Z,usb,1,848316260,23704,6068224,256,6000,33.500
2026-07-18T00:17:29.227Z,usb,1,848316260,23705,6068480,256,6000,33.500
2026-07-18T00:17:29.270Z,usb,1,848316260,23706,6068736,256,6000,33.500
2026-07-18T00:17:29.312Z,usb,1,848316260,23707,6068992,256,6000,33.500
2026-07-18T00:17:29.354Z,usb,1,848316260,23708,6069248,256,6000,33.500
2026-07-18T00:17:29.397Z,usb,1,848316260,23709,6069504,256,6000,33.500
2026-07-18T00:17:29.440Z,usb,1,848316260,23710,6069760,256,6000,33.500
2026-07-18T00:17:29.482Z,usb,1,848316260,23711,6070016,256,6000,33.500
2026-07-18T00:17:29.524Z,usb,1,848316260,23712,6070272,256,6000,33.500
2026-07-18T00:17:29.567Z,usb,1,848316260,23713,6070528,256,6000,33.500
2026-07-18T00:17:29.609Z,usb,1,848316260,23714,6070784,256,6000,33.500
2026-07-18T00:17:29.653Z,usb,1,848316260,23715,6071040,256,6000,33.500
2026-07-18T00:17:29.695Z,usb,1,848316260,23716,6071296,256,6000,33.500
2026-07-18T00:17:29.738Z,usb,1,848316260,23717,6071552,256,6000,33.500
2026-07-18T00:17:29.780Z,usb,1,848316260,23718,6071808,256,6000,33.500
2026-07-18T00:17:29.823Z,usb,1,848316260,23719,6072064,256,6000,33.500
2026-07-18T00:17:29.865Z,usb,1,848316260,23720,6072320,256,6000,33.500
2026-07-18T00:17:29.908Z,usb,1,848316260,23721,6072576,256,6000,33.500
2026-07-18T00:17:29.950Z,usb,1,848316260,23722,6072832,256,6000,33.500
2026-07-18T00:17:29.993Z,usb,1,848316260,23723,6073088,256,6000,33.500
2026-07-18T00:17:30.035Z,usb,1,848316260,23724,6073344,256,6000,33.500
2026-07-18T00:17:30.078Z,usb,1,848316260,23725,6073600,256,6000,33.500
2026-07-18T00:17:30.120Z,usb,1,848316260,23726,6073856,256,6000,33.500
2026-07-18T00:17:30.163Z,usb,1,848316260,23727,6074112,256,6000,33.500
2026-07-18T00:17:30.205Z,usb,1,848316260,23728,6074368,256,6000,33.500
2026-07-18T00:17:30.248Z,usb,1,848316260,23729,6074624,256,6000,33.500
2026-07-18T00:17:30.290Z,usb,1,848316260,23730,6074880,256,6000,33.500
2026-07-18T00:17:30.333Z,usb,1,848316260,23731,6075136,256,6000,33.500
2026-07-18T00:17:30.375Z,usb,1,848316260,23732,6075392,256,6000,33.500
2026-07-18T00:17:30.418Z,usb,1,848316260,23733,6075648,256,6000,33.500
2026-07-18T00:17:30.460Z,usb,1,848316260,23734,6075904,256,6000,33.500
2026-07-18T00:17:30.503Z,usb,1,848316260,23735,6076160,256,6000,33.500
2026-07-18T00:17:30.545Z,usb,1,848316260,23736,6076416,256,6000,33.500
2026-07-18T00:17:30.588Z,usb,1,848316260,23737,6076672,256,6000,33.500
2026-07-18T00:17:30.630Z,usb,1,848316260,23738,6076928,256,6000,33.500
2026-07-18T00:17:30.674Z,usb,1,848316260,23739,6077184,256,6000,33.500
2026-07-18T00:17:30.716Z,usb,1,848316260,23740,6077440,256,6000,33.500
2026-07-18T00:17:30.758Z,usb,1,848316260,23741,6077696,256,6000,33.500
2026-07-18T00:17:30.801Z,usb,1,848316260,23742,6077952,256,6000,33.500
2026-07-18T00:17:30.844Z,usb,1,848316260,23743,6078208,256,6000,33.500
2026-07-18T00:17:30.886Z,usb,1,848316260,23744,6078464,256,6000,33.500
2026-07-18T00:17:30.929Z,usb,1,848316260,23745,6078720,256,6000,33.500
2026-07-18T00:17:30.971Z,usb,1,848316260,23746,6078976,256,6000,33.500
2026-07-18T00:17:31.013Z,usb,1,848316260,23747,6079232,256,6000,33.500
2026-07-18T00:17:31.056Z,usb,1,848316260,23748,6079488,256,6000,33.500
2026-07-18T00:17:31.098Z,usb,1,848316260,23749,6079744,256,6000,33.500
2026-07-18T00:17:31.141Z,usb,1,848316260,23750,6080000,256,6000,33.500
2026-07-18T00:17:31.183Z,usb,1,848316260,23751,6080256,256,6000,33.500
2026-07-18T00:17:31.226Z,usb,1,848316260,23752,6080512,256,6000,33.500
2026-07-18T00:17:31.268Z,usb,1,848316260,23753,6080768,256,6000,33.500
2026-07-18T00:17:31.311Z,usb,1,848316260,23754,6081024,256,6000,33.500
2026-07-18T00:17:31.353Z,usb,1,848316260,23755,6081280,256,6000,33.500
2026-07-18T00:17:31.396Z,usb,1,848316260,23756,6081536,256,6000,33.500
2026-07-18T00:17:31.438Z,usb,1,848316260,23757,6081792,256,6000,33.500
2026-07-18T00:17:31.481Z,usb,1,848316260,23758,6082048,256,6000,33.500
2026-07-18T00:17:31.523Z,usb,1,848316260,23759,6082304,256,6000,33.500
2026-07-18T00:17:31.566Z,usb,1,848316260,23760,6082560,256,6000,33.500
2026-07-18T00:17:31.608Z,usb,1,848316260,23761,6082816,256,6000,33.500
2026-07-18T00:17:31.651Z,usb,1,848316260,23762,6083072,256,6000,33.500
2026-07-18T00:17:31.694Z,usb,1,848316260,23763,6083328,256,6000,33.500
2026-07-18T00:17:31.737Z,usb,1,848316260,23764,6083584,256,6000,33.500
2026-07-18T00:17:31.779Z,usb,1,848316260,23765,6083840,256,6000,33.500
2026-07-18T00:17:31.822Z,usb,1,848316260,23766,6084096,256,6000,33.500
2026-07-18T00:17:31.864Z,usb,1,848316260,23767,6084352,256,6000,33.500
2026-07-18T00:17:31.907Z,usb,1,848316260,23768,6084608,256,6000,33.500
2026-07-18T00:17:31.949Z,usb,1,848316260,23769,6084864,256,6000,33.500
2026-07-18T00:17:31.992Z,usb,1,848316260,23770,6085120,256,6000,33.500
2026-07-18T00:17:32.034Z,usb,1,848316260,23771,6085376,256,6000,33.500
2026-07-18T00:17:32.077Z,usb,1,848316260,23772,6085632,256,6000,33.500
2026-07-18T00:17:32.119Z,usb,1,848316260,23773,6085888,256,6000,33.500
2026-07-18T00:17:32.162Z,usb,1,848316260,23774,6086144,256,6000,33.500
2026-07-18T00:17:32.204Z,usb,1,848316260,23775,6086400,256,6000,33.500
2026-07-18T00:17:32.247Z,usb,1,848316260,23776,6086656,256,6000,33.500
2026-07-18T00:17:32.289Z,usb,1,848316260,23777,6086912,256,6000,33.500
2026-07-18T00:17:32.332Z,usb,1,848316260,23778,6087168,256,6000,33.500
2026-07-18T00:17:32.374Z,usb,1,848316260,23779,6087424,256,6000,33.500
2026-07-18T00:17:32.417Z,usb,1,848316260,23780,6087680,256,6000,33.500
2026-07-18T00:17:32.459Z,usb,1,848316260,23781,6087936,256,6000,33.500
2026-07-18T00:17:32.502Z,usb,1,848316260,23782,6088192,256,6000,33.500
2026-07-18T00:17:32.544Z,usb,1,848316260,23783,6088448,256,6000,33.500
2026-07-18T00:17:32.587Z,usb,1,848316260,23784,6088704,256,6000,33.500
2026-07-18T00:17:32.629Z,usb,1,848316260,23785,6088960,256,6000,33.500
2026-07-18T00:17:32.672Z,usb,1,848316260,23786,6089216,256,6000,33.500
2026-07-18T00:17:32.715Z,usb,1,848316260,23787,6089472,256,6000,33.500
2026-07-18T00:17:32.757Z,usb,1,848316260,23788,6089728,256,6000,33.500
2026-07-18T00:17:32.800Z,usb,1,848316260,23789,6089984,256,6000,33.500
2026-07-18T00:17:32.842Z,usb,1,848316260,23790,6090240,256,6000,33.500
2026-07-18T00:17:32.885Z,usb,1,848316260,23791,6090496,256,6000,33.500
2026-07-18T00:17:32.927Z,usb,1,848316260,23792,6090752,256,6000,33.500
2026-07-18T00:17:32.970Z,usb,1,848316260,23793,6091008,256,6000,33.500
2026-07-18T00:17:33.012Z,usb,1,848316260,23794,6091264,256,6000,33.500
2026-07-18T00:17:33.055Z,usb,1,848316260,23795,6091520,256,6000,33.500
2026-07-18T00:17:33.097Z,usb,1,848316260,23796,6091776,256,6000,33.500
2026-07-18T00:17:33.141Z,usb,1,848316260,23797,6092032,256,6000,33.500
2026-07-18T00:17:33.182Z,usb,1,848316260,23798,6092288,256,6000,33.500
2026-07-18T00:17:33.225Z,usb,1,848316260,23799,6092544,256,6000,33.500
2026-07-18T00:17:33.267Z,usb,1,848316260,23800,6092800,256,6000,33.500
2026-07-18T00:17:33.310Z,usb,1,848316260,23801,6093056,256,6000,33.500
2026-07-18T00:17:33.352Z,usb,1,848316260,23802,6093312,256,6000,33.500
2026-07-18T00:17:33.395Z,usb,1,848316260,23803,6093568,256,6000,33.500
2026-07-18T00:17:33.437Z,usb,1,848316260,23804,6093824,256,6000,33.500
2026-07-18T00:17:33.480Z,usb,1,848316260,23805,6094080,256,6000,33.500
2026-07-18T00:17:33.522Z,usb,1,848316260,23806,6094336,256,6000,33.500
2026-07-18T00:17:33.565Z,usb,1,848316260,23807,6094592,256,6000,33.500
2026-07-18T00:17:33.607Z,usb,1,848316260,23808,6094848,256,6000,33.500
2026-07-18T00:17:33.650Z,usb,1,848316260,23809,6095104,256,6000,33.500
2026-07-18T00:17:33.692Z,usb,1,848316260,23810,6095360,256,6000,33.500
2026-07-18T00:17:33.736Z,usb,1,848316260,23811,6095616,256,6000,33.510
2026-07-18T00:17:33.778Z,usb,1,848316260,23812,6095872,256,6000,33.510
2026-07-18T00:17:33.821Z,usb,1,848316260,23813,6096128,256,6000,33.510
2026-07-18T00:17:33.863Z,usb,1,848316260,23814,6096384,256,6000,33.510
2026-07-18T00:17:33.906Z,usb,1,848316260,23815,6096640,256,6000,33.510
2026-07-18T00:17:33.948Z,usb,1,848316260,23816,6096896,256,6000,33.510
2026-07-18T00:17:33.991Z,usb,1,848316260,23817,6097152,256,6000,33.510
2026-07-18T00:17:34.033Z,usb,1,848316260,23818,6097408,256,6000,33.510
2026-07-18T00:17:34.076Z,usb,1,848316260,23819,6097664,256,6000,33.510
2026-07-18T00:17:34.118Z,usb,1,848316260,23820,6097920,256,6000,33.510
2026-07-18T00:17:34.161Z,usb,1,848316260,23821,6098176,256,6000,33.510
2026-07-18T00:17:34.203Z,usb,1,848316260,23822,6098432,256,6000,33.510
2026-07-18T00:17:34.246Z,usb,1,848316260,23823,6098688,256,6000,33.510
2026-07-18T00:17:34.288Z,usb,1,848316260,23824,6098944,256,6000,33.510
2026-07-18T00:17:34.331Z,usb,1,848316260,23825,6099200,256,6000,33.510
2026-07-18T00:17:34.373Z,usb,1,848316260,23826,6099456,256,6000,33.510
2026-07-18T00:17:34.416Z,usb,1,848316260,23827,6099712,256,6000,33.510
2026-07-18T00:17:34.459Z,usb,1,848316260,23828,6099968,256,6000,33.510
2026-07-18T00:17:34.500Z,usb,1,848316260,23829,6100224,256,6000,33.510
2026-07-18T00:17:34.543Z,usb,1,848316260,23830,6100480,256,6000,33.510
2026-07-18T00:17:34.586Z,usb,1,848316260,23831,6100736,256,6000,33.510
2026-07-18T00:17:34.628Z,usb,1,848316260,23832,6100992,256,6000,33.510
2026-07-18T00:17:34.671Z,usb,1,848316260,23833,6101248,256,6000,33.510
2026-07-18T00:17:34.713Z,usb,1,848316260,23834,6101504,256,6000,33.510
2026-07-18T00:17:34.756Z,usb,1,848316260,23835,6101760,256,6000,33.510
2026-07-18T00:17:34.799Z,usb,1,848316260,23836,6102016,256,6000,33.510
2026-07-18T00:17:34.841Z,usb,1,848316260,23837,6102272,256,6000,33.510
2026-07-18T00:17:34.884Z,usb,1,848316260,23838,6102528,256,6000,33.510
2026-07-18T00:17:34.926Z,usb,1,848316260,23839,6102784,256,6000,33.510
2026-07-18T00:17:34.969Z,usb,1,848316260,23840,6103040,256,6000,33.510
2026-07-18T00:17:35.011Z,usb,1,848316260,23841,6103296,256,6000,33.510
2026-07-18T00:17:35.054Z,usb,1,848316260,23842,6103552,256,6000,33.510
2026-07-18T00:17:35.096Z,usb,1,848316260,23843,6103808,256,6000,33.510
2026-07-18T00:17:35.139Z,usb,1,848316260,23844,6104064,256,6000,33.510
2026-07-18T00:17:35.181Z,usb,1,848316260,23845,6104320,256,6000,33.510
2026-07-18T00:17:35.224Z,usb,1,848316260,23846,6104576,256,6000,33.510
2026-07-18T00:17:35.266Z,usb,1,848316260,23847,6104832,256,6000,33.510
2026-07-18T00:17:35.309Z,usb,1,848316260,23848,6105088,256,6000,33.510
2026-07-18T00:17:35.351Z,usb,1,848316260,23849,6105344,256,6000,33.510
2026-07-18T00:17:35.394Z,usb,1,848316260,23850,6105600,256,6000,33.510
2026-07-18T00:17:35.436Z,usb,1,848316260,23851,6105856,256,6000,33.510
2026-07-18T00:17:35.479Z,usb,1,848316260,23852,6106112,256,6000,33.510
2026-07-18T00:17:35.521Z,usb,1,848316260,23853,6106368,256,6000,33.510
2026-07-18T00:17:35.564Z,usb,1,848316260,23854,6106624,256,6000,33.510
