received_at_utc,source_ip,node_id,boot_id,sequence,first_sample_index,sample_count,sample_rate_hz,temperature_c
2026-07-18T00:31:04.894Z,usb,1,848316260,42883,10978048,256,6000,33.490
2026-07-18T00:31:04.936Z,usb,1,848316260,42884,10978304,256,6000,33.490
2026-07-18T00:31:04.979Z,usb,1,848316260,42885,10978560,256,6000,33.490
2026-07-18T00:31:05.021Z,usb,1,848316260,42886,10978816,256,6000,33.490
2026-07-18T00:31:05.064Z,usb,1,848316260,42887,10979072,256,6000,33.490
2026-07-18T00:31:05.113Z,usb,1,848316260,42888,10979328,256,6000,33.490
2026-07-18T00:31:05.149Z,usb,1,848316260,42889,10979584,256,6000,33.490
2026-07-18T00:31:05.191Z,usb,1,848316260,42890,10979840,256,6000,33.490
2026-07-18T00:31:05.235Z,usb,1,848316260,42891,10980096,256,6000,33.490
2026-07-18T00:31:05.277Z,usb,1,848316260,42892,10980352,256,6000,33.490
2026-07-18T00:31:05.320Z,usb,1,848316260,42893,10980608,256,6000,33.490
2026-07-18T00:31:05.362Z,usb,1,848316260,42894,10980864,256,6000,33.490
2026-07-18T00:31:05.405Z,usb,1,848316260,42895,10981120,256,6000,33.490
2026-07-18T00:31:05.447Z,usb,1,848316260,42896,10981376,256,6000,33.490
2026-07-18T00:31:05.490Z,usb,1,848316260,42897,10981632,256,6000,33.490
2026-07-18T00:31:05.532Z,usb,1,848316260,42898,10981888,256,6000,33.490
2026-07-18T00:31:05.575Z,usb,1,848316260,42899,10982144,256,6000,33.490
2026-07-18T00:31:05.617Z,usb,1,848316260,42900,10982400,256,6000,33.490
2026-07-18T00:31:05.660Z,usb,1,848316260,42901,10982656,256,6000,33.490
2026-07-18T00:31:05.702Z,usb,1,848316260,42902,10982912,256,6000,33.490
2026-07-18T00:31:05.745Z,usb,1,848316260,42903,10983168,256,6000,33.490
2026-07-18T00:31:05.787Z,usb,1,848316260,42904,10983424,256,6000,33.490
2026-07-18T00:31:05.830Z,usb,1,848316260,42905,10983680,256,6000,33.490
2026-07-18T00:31:05.872Z,usb,1,848316260,42906,10983936,256,6000,33.490
2026-07-18T00:31:05.917Z,usb,1,848316260,42907,10984192,256,6000,33.490
2026-07-18T00:31:05.957Z,usb,1,848316260,42908,10984448,256,6000,33.490
2026-07-18T00:31:06.000Z,usb,1,848316260,42909,10984704,256,6000,33.490
2026-07-18T00:31:06.042Z,usb,1,848316260,42910,10984960,256,6000,33.490
2026-07-18T00:31:06.084Z,usb,1,848316260,42911,10985216,256,6000,33.490
2026-07-18T00:31:06.127Z,usb,1,848316260,42912,10985472,256,6000,33.490
2026-07-18T00:31:06.169Z,usb,1,848316260,42913,10985728,256,6000,33.490
2026-07-18T00:31:06.212Z,usb,1,848316260,42914,10985984,256,6000,33.490
2026-07-18T00:31:06.256Z,usb,1,848316260,42915,10986240,256,6000,33.490
2026-07-18T00:31:06.298Z,usb,1,848316260,42916,10986496,256,6000,33.490
2026-07-18T00:31:06.340Z,usb,1,848316260,42917,10986752,256,6000,33.490
2026-07-18T00:31:06.383Z,usb,1,848316260,42918,10987008,256,6000,33.490
2026-07-18T00:31:06.425Z,usb,1,848316260,42919,10987264,256,6000,33.490
2026-07-18T00:31:06.468Z,usb,1,848316260,42920,10987520,256,6000,33.490
2026-07-18T00:31:06.510Z,usb,1,848316260,42921,10987776,256,6000,33.490
2026-07-18T00:31:06.553Z,usb,1,848316260,42922,10988032,256,6000,33.490
2026-07-18T00:31:06.595Z,usb,1,848316260,42923,10988288,256,6000,33.490
2026-07-18T00:31:06.638Z,usb,1,848316260,42924,10988544,256,6000,33.490
2026-07-18T00:31:06.680Z,usb,1,848316260,42925,10988800,256,6000,33.490
2026-07-18T00:31:06.723Z,usb,1,848316260,42926,10989056,256,6000,33.490
2026-07-18T00:31:06.765Z,usb,1,848316260,42927,10989312,256,6000,33.490
2026-07-18T00:31:06.808Z,usb,1,848316260,42928,10989568,256,6000,33.490
2026-07-18T00:31:06.850Z,usb,1,848316260,42929,10989824,256,6000,33.490
2026-07-18T00:31:06.893Z,usb,1,848316260,42930,10990080,256,6000,33.490
2026-07-18T00:31:06.935Z,usb,1,848316260,42931,10990336,256,6000,33.490
2026-07-18T00:31:06.978Z,usb,1,848316260,42932,10990592,256,6000,33.490
2026-07-18T00:31:07.020Z,usb,1,848316260,42933,10990848,256,6000,33.490
2026-07-18T00:31:07.063Z,usb,1,848316260,42934,10991104,256,6000,33.490
2026-07-18T00:31:07.105Z,usb,1,848316260,42935,10991360,256,6000,33.490
2026-07-18T00:31:07.148Z,usb,1,848316260,42936,10991616,256,6000,33.490
2026-07-18T00:31:07.190Z,usb,1,848316260,42937,10991872,256,6000,33.490
2026-07-18T00:31:07.233Z,usb,1,848316260,42938,10992128,256,6000,33.490
2026-07-18T00:31:07.276Z,usb,1,848316260,42939,10992384,256,6000,33.490
2026-07-18T00:31:07.319Z,usb,1,848316260,42940,10992640,256,6000,33.490
2026-07-18T00:31:07.361Z,usb,1,848316260,42941,10992896,256,6000,33.490
2026-07-18T00:31:07.404Z,usb,1,848316260,42942,10993152,256,6000,33.490
2026-07-18T00:31:07.446Z,usb,1,848316260,42943,10993408,256,6000,33.490
2026-07-18T00:31:07.488Z,usb,1,848316260,42944,10993664,256,6000,33.490
2026-07-18T00:31:07.531Z,usb,1,848316260,42945,10993920,256,6000,33.490
2026-07-18T00:31:07.574Z,usb,1,848316260,42946,10994176,256,6000,33.490
2026-07-18T00:31:07.616Z,usb,1,848316260,42947,10994432,256,6000,33.490
2026-07-18T00:31:07.659Z,usb,1,848316260,42948,10994688,256,6000,33.490
2026-07-18T00:31:07.701Z,usb,1,848316260,42949,10994944,256,6000,33.490
2026-07-18T00:31:07.744Z,usb,1,848316260,42950,10995200,256,6000,33.490
2026-07-18T00:31:07.786Z,usb,1,848316260,42951,10995456,256,6000,33.490
2026-07-18T00:31:07.829Z,usb,1,848316260,42952,10995712,256,6000,33.490
2026-07-18T00:31:07.871Z,usb,1,848316260,42953,10995968,256,6000,33.490
2026-07-18T00:31:07.914Z,usb,1,848316260,42954,10996224,256,6000,33.490
2026-07-18T00:31:07.956Z,usb,1,848316260,42955,10996480,256,6000,33.490
2026-07-18T00:31:07.999Z,usb,1,848316260,42956,10996736,256,6000,33.490
2026-07-18T00:31:08.041Z,usb,1,848316260,42957,10996992,256,6000,33.490
2026-07-18T00:31:08.084Z,usb,1,848316260,42958,10997248,256,6000,33.490
2026-07-18T00:31:08.126Z,usb,1,848316260,42959,10997504,256,6000,33.490
2026-07-18T00:31:08.169Z,usb,1,848316260,42960,10997760,256,6000,33.490
2026-07-18T00:31:08.211Z,usb,1,848316260,42961,10998016,256,6000,33.490
2026-07-18T00:31:08.254Z,usb,1,848316260,42962,10998272,256,6000,33.490
2026-07-18T00:31:08.297Z,usb,1,848316260,42963,10998528,256,6000,33.490
2026-07-18T00:31:08.339Z,usb,1,848316260,42964,10998784,256,6000,33.490
2026-07-18T00:31:08.382Z,usb,1,848316260,42965,10999040,256,6000,33.490
2026-07-18T00:31:08.424Z,usb,1,848316260,42966,10999296,256,6000,33.490
2026-07-18T00:31:08.467Z,usb,1,848316260,42967,10999552,256,6000,33.490
2026-07-18T00:31:08.509Z,usb,1,848316260,42968,10999808,256,6000,33.490
2026-07-18T00:31:08.552Z,usb,1,848316260,42969,11000064,256,6000,33.490
2026-07-18T00:31:08.594Z,usb,1,848316260,42970,11000320,256,6000,33.490
2026-07-18T00:31:08.637Z,usb,1,848316260,42971,11000576,256,6000,33.490
2026-07-18T00:31:08.679Z,usb,1,848316260,42972,11000832,256,6000,33.490
2026-07-18T00:31:08.722Z,usb,1,848316260,42973,11001088,256,6000,33.490
2026-07-18T00:31:08.764Z,usb,1,848316260,42974,11001344,256,6000,33.490
2026-07-18T00:31:08.807Z,usb,1,848316260,42975,11001600,256,6000,33.490
2026-07-18T00:31:08.849Z,usb,1,848316260,42976,11001856,256,6000,33.490
2026-07-18T00:31:08.892Z,usb,1,848316260,42977,11002112,256,6000,33.490
2026-07-18T00:31:08.934Z,usb,1,848316260,42978,11002368,256,6000,33.490
2026-07-18T00:31:08.977Z,usb,1,848316260,42979,11002624,256,6000,33.490
2026-07-18T00:31:09.019Z,usb,1,848316260,42980,11002880,256,6000,33.490
2026-07-18T00:31:09.062Z,usb,1,848316260,42981,11003136,256,6000,33.490
2026-07-18T00:31:09.104Z,usb,1,848316260,42982,11003392,256,6000,33.490
2026-07-18T00:31:09.147Z,usb,1,848316260,42983,11003648,256,6000,33.490
2026-07-18T00:31:09.189Z,usb,1,848316260,42984,11003904,256,6000,33.490
2026-07-18T00:31:09.232Z,usb,1,848316260,42985,11004160,256,6000,33.490
2026-07-18T00:31:09.275Z,usb,1,848316260,42986,11004416,256,6000,33.490
2026-07-18T00:31:09.318Z,usb,1,848316260,42987,11004672,256,6000,33.480
2026-07-18T00:31:09.360Z,usb,1,848316260,42988,11004928,256,6000,33.480
2026-07-18T00:31:09.403Z,usb,1,848316260,42989,11005184,256,6000,33.480
2026-07-18T00:31:09.445Z,usb,1,848316260,42990,11005440,256,6000,33.480
2026-07-18T00:31:09.488Z,usb,1,848316260,42991,11005696,256,6000,33.480
2026-07-18T00:31:09.530Z,usb,1,848316260,42992,11005952,256,6000,33.480
2026-07-18T00:31:09.573Z,usb,1,848316260,42993,11006208,256,6000,33.480
2026-07-18T00:31:09.615Z,usb,1,848316260,42994,11006464,256,6000,33.480
2026-07-18T00:31:09.658Z,usb,1,848316260,42995,11006720,256,6000,33.480
2026-07-18T00:31:09.700Z,usb,1,848316260,42996,11006976,256,6000,33.480
2026-07-18T00:31:09.743Z,usb,1,848316260,42997,11007232,256,6000,33.480
2026-07-18T00:31:09.785Z,usb,1,848316260,42998,11007488,256,6000,33.480
2026-07-18T00:31:09.828Z,usb,1,848316260,42999,11007744,256,6000,33.480
2026-07-18T00:31:09.870Z,usb,1,848316260,43000,11008000,256,6000,33.480
2026-07-18T00:31:09.913Z,usb,1,848316260,43001,11008256,256,6000,33.480
2026-07-18T00:31:09.955Z,usb,1,848316260,43002,11008512,256,6000,33.480
2026-07-18T00:31:09.998Z,usb,1,848316260,43003,11008768,256,6000,33.480
2026-07-18T00:31:10.040Z,usb,1,848316260,43004,11009024,256,6000,33.480
2026-07-18T00:31:10.083Z,usb,1,848316260,43005,11009280,256,6000,33.480
2026-07-18T00:31:10.125Z,usb,1,848316260,43006,11009536,256,6000,33.480
2026-07-18T00:31:10.168Z,usb,1,848316260,43007,11009792,256,6000,33.480
2026-07-18T00:31:10.210Z,usb,1,848316260,43008,11010048,256,6000,33.480
2026-07-18T00:31:10.253Z,usb,1,848316260,43009,11010304,256,6000,33.480
2026-07-18T00:31:10.295Z,usb,1,848316260,43010,11010560,256,6000,33.480
2026-07-18T00:31:10.338Z,usb,1,848316260,43011,11010816,256,6000,33.490
2026-07-18T00:31:10.381Z,usb,1,848316260,43012,11011072,256,6000,33.490
2026-07-18T00:31:10.423Z,usb,1,848316260,43013,11011328,256,6000,33.490
2026-07-18T00:31:10.466Z,usb,1,848316260,43014,11011584,256,6000,33.490
2026-07-18T00:31:10.508Z,usb,1,848316260,43015,11011840,256,6000,33.490
2026-07-18T00:31:10.551Z,usb,1,848316260,43016,11012096,256,6000,33.490
2026-07-18T00:31:10.593Z,usb,1,848316260,43017,11012352,256,6000,33.490
2026-07-18T00:31:10.636Z,usb,1,848316260,43018,11012608,256,6000,33.490
2026-07-18T00:31:10.678Z,usb,1,848316260,43019,11012864,256,6000,33.490
2026-07-18T00:31:10.721Z,usb,1,848316260,43020,11013120,256,6000,33.490
2026-07-18T00:31:10.763Z,usb,1,848316260,43021,11013376,256,6000,33.490
2026-07-18T00:31:10.806Z,usb,1,848316260,43022,11013632,256,6000,33.490
2026-07-18T00:31:10.848Z,usb,1,848316260,43023,11013888,256,6000,33.490
2026-07-18T00:31:10.891Z,usb,1,848316260,43024,11014144,256,6000,33.490
2026-07-18T00:31:10.933Z,usb,1,848316260,43025,11014400,256,6000,33.490
2026-07-18T00:31:10.976Z,usb,1,848316260,43026,11014656,256,6000,33.490
2026-07-18T00:31:11.018Z,usb,1,848316260,43027,11014912,256,6000,33.490
2026-07-18T00:31:11.061Z,usb,1,848316260,43028,11015168,256,6000,33.490
2026-07-18T00:31:11.103Z,usb,1,848316260,43029,11015424,256,6000,33.490
2026-07-18T00:31:11.146Z,usb,1,848316260,43030,11015680,256,6000,33.490
2026-07-18T00:31:11.188Z,usb,1,848316260,43031,11015936,256,6000,33.490
2026-07-18T00:31:11.231Z,usb,1,848316260,43032,11016192,256,6000,33.490
2026-07-18T00:31:11.273Z,usb,1,848316260,43033,11016448,256,6000,33.490
2026-07-18T00:31:11.316Z,usb,1,848316260,43034,11016704,256,6000,33.490
2026-07-18T00:31:11.359Z,usb,1,848316260,43035,11016960,256,6000,33.490
2026-07-18T00:31:11.402Z,usb,1,848316260,43036,11017216,256,6000,33.490
2026-07-18T00:31:11.444Z,usb,1,848316260,43037,11017472,256,6000,33.490
2026-07-18T00:31:11.487Z,usb,1,848316260,43038,11017728,256,6000,33.490
2026-07-18T00:31:11.529Z,usb,1,848316260,43039,11017984,256,6000,33.490
2026-07-18T00:31:11.571Z,usb,1,848316260,43040,11018240,256,6000,33.490
2026-07-18T00:31:11.614Z,usb,1,848316260,43041,11018496,256,6000,33.490
2026-07-18T00:31:11.657Z,usb,1,848316260,43042,11018752,256,6000,33.490
2026-07-18T00:31:11.699Z,usb,1,848316260,43043,11019008,256,6000,33.490
2026-07-18T00:31:11.742Z,usb,1,848316260,43044,11019264,256,6000,33.490
2026-07-18T00:31:11.784Z,usb,1,848316260,43045,11019520,256,6000,33.490
2026-07-18T00:31:11.827Z,usb,1,848316260,43046,11019776,256,6000,33.490
2026-07-18T00:31:11.869Z,usb,1,848316260,43047,11020032,256,6000,33.490
2026-07-18T00:31:11.912Z,usb,1,848316260,43048,11020288,256,6000,33.490
2026-07-18T00:31:11.954Z,usb,1,848316260,43049,11020544,256,6000,33.490
2026-07-18T00:31:11.997Z,usb,1,848316260,43050,11020800,256,6000,33.490
2026-07-18T00:31:12.039Z,usb,1,848316260,43051,11021056,256,6000,33.490
2026-07-18T00:31:12.082Z,usb,1,848316260,43052,11021312,256,6000,33.490
2026-07-18T00:31:12.124Z,usb,1,848316260,43053,11021568,256,6000,33.490
2026-07-18T00:31:12.167Z,usb,1,848316260,43054,11021824,256,6000,33.490
2026-07-18T00:31:12.209Z,usb,1,848316260,43055,11022080,256,6000,33.490
2026-07-18T00:31:12.252Z,usb,1,848316260,43056,11022336,256,6000,33.490
2026-07-18T00:31:12.294Z,usb,1,848316260,43057,11022592,256,6000,33.490
2026-07-18T00:31:12.337Z,usb,1,848316260,43058,11022848,256,6000,33.490
2026-07-18T00:31:12.380Z,usb,1,848316260,43059,11023104,256,6000,33.480
2026-07-18T00:31:12.422Z,usb,1,848316260,43060,11023360,256,6000,33.480
2026-07-18T00:31:12.465Z,usb,1,848316260,43061,11023616,256,6000,33.480
2026-07-18T00:31:12.507Z,usb,1,848316260,43062,11023872,256,6000,33.480
2026-07-18T00:31:12.550Z,usb,1,848316260,43063,11024128,256,6000,33.480
2026-07-18T00:31:12.592Z,usb,1,848316260,43064,11024384,256,6000,33.480
2026-07-18T00:31:12.635Z,usb,1,848316260,43065,11024640,256,6000,33.480
2026-07-18T00:31:12.677Z,usb,1,848316260,43066,11024896,256,6000,33.480
2026-07-18T00:31:12.720Z,usb,1,848316260,43067,11025152,256,6000,33.480
2026-07-18T00:31:12.762Z,usb,1,848316260,43068,11025408,256,6000,33.480
2026-07-18T00:31:12.805Z,usb,1,848316260,43069,11025664,256,6000,33.480
2026-07-18T00:31:12.847Z,usb,1,848316260,43070,11025920,256,6000,33.480
2026-07-18T00:31:12.890Z,usb,1,848316260,43071,11026176,256,6000,33.480
2026-07-18T00:31:12.932Z,usb,1,848316260,43072,11026432,256,6000,33.480
2026-07-18T00:31:12.975Z,usb,1,848316260,43073,11026688,256,6000,33.480
2026-07-18T00:31:13.017Z,usb,1,848316260,43074,11026944,256,6000,33.480
2026-07-18T00:31:13.060Z,usb,1,848316260,43075,11027200,256,6000,33.480
2026-07-18T00:31:13.102Z,usb,1,848316260,43076,11027456,256,6000,33.480
2026-07-18T00:31:13.145Z,usb,1,848316260,43077,11027712,256,6000,33.480
2026-07-18T00:31:13.187Z,usb,1,848316260,43078,11027968,256,6000,33.480
2026-07-18T00:31:13.230Z,usb,1,848316260,43079,11028224,256,6000,33.480
2026-07-18T00:31:13.272Z,usb,1,848316260,43080,11028480,256,6000,33.480
2026-07-18T00:31:13.315Z,usb,1,848316260,43081,11028736,256,6000,33.480
2026-07-18T00:31:13.357Z,usb,1,848316260,43082,11028992,256,6000,33.480
2026-07-18T00:31:13.401Z,usb,1,848316260,43083,11029248,256,6000,33.480
2026-07-18T00:31:13.443Z,usb,1,848316260,43084,11029504,256,6000,33.480
2026-07-18T00:31:13.486Z,usb,1,848316260,43085,11029760,256,6000,33.480
2026-07-18T00:31:13.528Z,usb,1,848316260,43086,11030016,256,6000,33.480
2026-07-18T00:31:13.571Z,usb,1,848316260,43087,11030272,256,6000,33.480
2026-07-18T00:31:13.613Z,usb,1,848316260,43088,11030528,256,6000,33.480
2026-07-18T00:31:13.656Z,usb,1,848316260,43089,11030784,256,6000,33.480
2026-07-18T00:31:13.698Z,usb,1,848316260,43090,11031040,256,6000,33.480
2026-07-18T00:31:13.740Z,usb,1,848316260,43091,11031296,256,6000,33.480
2026-07-18T00:31:13.783Z,usb,1,848316260,43092,11031552,256,6000,33.480
2026-07-18T00:31:13.826Z,usb,1,848316260,43093,11031808,256,6000,33.480
2026-07-18T00:31:13.868Z,usb,1,848316260,43094,11032064,256,6000,33.480
2026-07-18T00:31:13.910Z,usb,1,848316260,43095,11032320,256,6000,33.480
2026-07-18T00:31:13.953Z,usb,1,848316260,43096,11032576,256,6000,33.480
2026-07-18T00:31:13.996Z,usb,1,848316260,43097,11032832,256,6000,33.480
2026-07-18T00:31:14.038Z,usb,1,848316260,43098,11033088,256,6000,33.480
2026-07-18T00:31:14.081Z,usb,1,848316260,43099,11033344,256,6000,33.480
2026-07-18T00:31:14.123Z,usb,1,848316260,43100,11033600,256,6000,33.480
2026-07-18T00:31:14.166Z,usb,1,848316260,43101,11033856,256,6000,33.480
2026-07-18T00:31:14.208Z,usb,1,848316260,43102,11034112,256,6000,33.480
2026-07-18T00:31:14.251Z,usb,1,848316260,43103,11034368,256,6000,33.480
2026-07-18T00:31:14.293Z,usb,1,848316260,43104,11034624,256,6000,33.480
2026-07-18T00:31:14.335Z,usb,1,848316260,43105,11034880,256,6000,33.480
2026-07-18T00:31:14.378Z,usb,1,848316260,43106,11035136,256,6000,33.480
2026-07-18T00:31:14.421Z,usb,1,848316260,43107,11035392,256,6000,33.480
2026-07-18T00:31:14.464Z,usb,1,848316260,43108,11035648,256,6000,33.480
2026-07-18T00:31:14.506Z,usb,1,848316260,43109,11035904,256,6000,33.480
2026-07-18T00:31:14.549Z,usb,1,848316260,43110,11036160,256,6000,33.480
2026-07-18T00:31:14.591Z,usb,1,848316260,43111,11036416,256,6000,33.480
2026-07-18T00:31:14.634Z,usb,1,848316260,43112,11036672,256,6000,33.480
2026-07-18T00:31:14.676Z,usb,1,848316260,43113,11036928,256,6000,33.480
2026-07-18T00:31:14.719Z,usb,1,848316260,43114,11037184,256,6000,33.480
2026-07-18T00:31:14.761Z,usb,1,848316260,43115,11037440,256,6000,33.480
2026-07-18T00:31:14.804Z,usb,1,848316260,43116,11037696,256,6000,33.480
2026-07-18T00:31:14.846Z,usb,1,848316260,43117,11037952,256,6000,33.480
2026-07-18T00:31:14.889Z,usb,1,848316260,43118,11038208,256,6000,33.480
2026-07-18T00:31:14.931Z,usb,1,848316260,43119,11038464,256,6000,33.480
2026-07-18T00:31:14.974Z,usb,1,848316260,43120,11038720,256,6000,33.480
2026-07-18T00:31:15.016Z,usb,1,848316260,43121,11038976,256,6000,33.480
2026-07-18T00:31:15.059Z,usb,1,848316260,43122,11039232,256,6000,33.480
2026-07-18T00:31:15.101Z,usb,1,848316260,43123,11039488,256,6000,33.480
2026-07-18T00:31:15.144Z,usb,1,848316260,43124,11039744,256,6000,33.480
2026-07-18T00:31:15.186Z,usb,1,848316260,43125,11040000,256,6000,33.480
2026-07-18T00:31:15.229Z,usb,1,848316260,43126,11040256,256,6000,33.480
2026-07-18T00:31:15.271Z,usb,1,848316260,43127,11040512,256,6000,33.480
2026-07-18T00:31:15.314Z,usb,1,848316260,43128,11040768,256,6000,33.480
2026-07-18T00:31:15.356Z,usb,1,848316260,43129,11041024,256,6000,33.480
2026-07-18T00:31:15.399Z,usb,1,848316260,43130,11041280,256,6000,33.480
2026-07-18T00:31:15.442Z,usb,1,848316260,43131,11041536,256,6000,33.480
2026-07-18T00:31:15.485Z,usb,1,848316260,43132,11041792,256,6000,33.480
2026-07-18T00:31:15.527Z,usb,1,848316260,43133,11042048,256,6000,33.480
2026-07-18T00:31:15.570Z,usb,1,848316260,43134,11042304,256,6000,33.480
2026-07-18T00:31:15.612Z,usb,1,848316260,43135,11042560,256,6000,33.480
2026-07-18T00:31:15.655Z,usb,1,848316260,43136,11042816,256,6000,33.480
2026-07-18T00:31:15.697Z,usb,1,848316260,43137,11043072,256,6000,33.480
2026-07-18T00:31:15.740Z,usb,1,848316260,43138,11043328,256,6000,33.480
2026-07-18T00:31:15.782Z,usb,1,848316260,43139,11043584,256,6000,33.480
2026-07-18T00:31:15.825Z,usb,1,848316260,43140,11043840,256,6000,33.480
2026-07-18T00:31:15.867Z,usb,1,848316260,43141,11044096,256,6000,33.480
2026-07-18T00:31:15.910Z,usb,1,848316260,43142,11044352,256,6000,33.480
2026-07-18T00:31:15.953Z,usb,1,848316260,43143,11044608,256,6000,33.480
2026-07-18T00:31:15.995Z,usb,1,848316260,43144,11044864,256,6000,33.480
2026-07-18T00:31:16.037Z,usb,1,848316260,43145,11045120,256,6000,33.480
2026-07-18T00:31:16.081Z,usb,1,848316260,43146,11045376,256,6000,33.480
2026-07-18T00:31:16.122Z,usb,1,848316260,43147,11045632,256,6000,33.480
2026-07-18T00:31:16.164Z,usb,1,848316260,43148,11045888,256,6000,33.480
2026-07-18T00:31:16.207Z,usb,1,848316260,43149,11046144,256,6000,33.480
2026-07-18T00:31:16.250Z,usb,1,848316260,43150,11046400,256,6000,33.480
2026-07-18T00:31:16.292Z,usb,1,848316260,43151,11046656,256,6000,33.480
2026-07-18T00:31:16.335Z,usb,1,848316260,43152,11046912,256,6000,33.480
2026-07-18T00:31:16.377Z,usb,1,848316260,43153,11047168,256,6000,33.480
2026-07-18T00:31:16.420Z,usb,1,848316260,43154,11047424,256,6000,33.480
2026-07-18T00:31:16.463Z,usb,1,848316260,43155,11047680,256,6000,33.480
2026-07-18T00:31:16.505Z,usb,1,848316260,43156,11047936,256,6000,33.480
2026-07-18T00:31:16.548Z,usb,1,848316260,43157,11048192,256,6000,33.480
2026-07-18T00:31:16.590Z,usb,1,848316260,43158,11048448,256,6000,33.480
2026-07-18T00:31:16.633Z,usb,1,848316260,43159,11048704,256,6000,33.480
2026-07-18T00:31:16.675Z,usb,1,848316260,43160,11048960,256,6000,33.480
2026-07-18T00:31:16.718Z,usb,1,848316260,43161,11049216,256,6000,33.480
2026-07-18T00:31:16.760Z,usb,1,848316260,43162,11049472,256,6000,33.480
2026-07-18T00:31:16.803Z,usb,1,848316260,43163,11049728,256,6000,33.480
2026-07-18T00:31:16.845Z,usb,1,848316260,43164,11049984,256,6000,33.480
2026-07-18T00:31:16.888Z,usb,1,848316260,43165,11050240,256,6000,33.480
2026-07-18T00:31:16.930Z,usb,1,848316260,43166,11050496,256,6000,33.480
2026-07-18T00:31:16.973Z,usb,1,848316260,43167,11050752,256,6000,33.480
2026-07-18T00:31:17.015Z,usb,1,848316260,43168,11051008,256,6000,33.480
2026-07-18T00:31:17.058Z,usb,1,848316260,43169,11051264,256,6000,33.480
2026-07-18T00:31:17.100Z,usb,1,848316260,43170,11051520,256,6000,33.480
2026-07-18T00:31:17.143Z,usb,1,848316260,43171,11051776,256,6000,33.480
2026-07-18T00:31:17.185Z,usb,1,848316260,43172,11052032,256,6000,33.480
2026-07-18T00:31:17.228Z,usb,1,848316260,43173,11052288,256,6000,33.480
2026-07-18T00:31:17.270Z,usb,1,848316260,43174,11052544,256,6000,33.480
2026-07-18T00:31:17.313Z,usb,1,848316260,43175,11052800,256,6000,33.480
2026-07-18T00:31:17.355Z,usb,1,848316260,43176,11053056,256,6000,33.480
2026-07-18T00:31:17.398Z,usb,1,848316260,43177,11053312,256,6000,33.480
2026-07-18T00:31:17.441Z,usb,1,848316260,43178,11053568,256,6000,33.480
2026-07-18T00:31:17.484Z,usb,1,848316260,43179,11053824,256,6000,33.480
2026-07-18T00:31:17.526Z,usb,1,848316260,43180,11054080,256,6000,33.480
2026-07-18T00:31:17.569Z,usb,1,848316260,43181,11054336,256,6000,33.480
2026-07-18T00:31:17.611Z,usb,1,848316260,43182,11054592,256,6000,33.480
2026-07-18T00:31:17.654Z,usb,1,848316260,43183,11054848,256,6000,33.480
2026-07-18T00:31:17.696Z,usb,1,848316260,43184,11055104,256,6000,33.480
2026-07-18T00:31:17.739Z,usb,1,848316260,43185,11055360,256,6000,33.480
2026-07-18T00:31:17.781Z,usb,1,848316260,43186,11055616,256,6000,33.480
2026-07-18T00:31:17.824Z,usb,1,848316260,43187,11055872,256,6000,33.480
2026-07-18T00:31:17.866Z,usb,1,848316260,43188,11056128,256,6000,33.480
2026-07-18T00:31:17.909Z,usb,1,848316260,43189,11056384,256,6000,33.480
2026-07-18T00:31:17.952Z,usb,1,848316260,43190,11056640,256,6000,33.480
2026-07-18T00:31:17.994Z,usb,1,848316260,43191,11056896,256,6000,33.480
2026-07-18T00:31:18.036Z,usb,1,848316260,43192,11057152,256,6000,33.480
2026-07-18T00:31:18.079Z,usb,1,848316260,43193,11057408,256,6000,33.480
2026-07-18T00:31:18.121Z,usb,1,848316260,43194,11057664,256,6000,33.480
2026-07-18T00:31:18.164Z,usb,1,848316260,43195,11057920,256,6000,33.480
2026-07-18T00:31:18.206Z,usb,1,848316260,43196,11058176,256,6000,33.480
2026-07-18T00:31:18.249Z,usb,1,848316260,43197,11058432,256,6000,33.480
2026-07-18T00:31:18.291Z,usb,1,848316260,43198,11058688,256,6000,33.480
2026-07-18T00:31:18.334Z,usb,1,848316260,43199,11058944,256,6000,33.480
2026-07-18T00:31:18.376Z,usb,1,848316260,43200,11059200,256,6000,33.480
2026-07-18T00:31:18.419Z,usb,1,848316260,43201,11059456,256,6000,33.480
2026-07-18T00:31:18.462Z,usb,1,848316260,43202,11059712,256,6000,33.480
2026-07-18T00:31:18.504Z,usb,1,848316260,43203,11059968,256,6000,33.480
2026-07-18T00:31:18.547Z,usb,1,848316260,43204,11060224,256,6000,33.480
2026-07-18T00:31:18.590Z,usb,1,848316260,43205,11060480,256,6000,33.480
2026-07-18T00:31:18.632Z,usb,1,848316260,43206,11060736,256,6000,33.480
2026-07-18T00:31:18.674Z,usb,1,848316260,43207,11060992,256,6000,33.480
2026-07-18T00:31:18.717Z,usb,1,848316260,43208,11061248,256,6000,33.480
2026-07-18T00:31:18.759Z,usb,1,848316260,43209,11061504,256,6000,33.480
2026-07-18T00:31:18.802Z,usb,1,848316260,43210,11061760,256,6000,33.480
2026-07-18T00:31:18.844Z,usb,1,848316260,43211,11062016,256,6000,33.480
2026-07-18T00:31:18.887Z,usb,1,848316260,43212,11062272,256,6000,33.480
2026-07-18T00:31:18.929Z,usb,1,848316260,43213,11062528,256,6000,33.480
2026-07-18T00:31:18.972Z,usb,1,848316260,43214,11062784,256,6000,33.480
2026-07-18T00:31:19.014Z,usb,1,848316260,43215,11063040,256,6000,33.480
2026-07-18T00:31:19.057Z,usb,1,848316260,43216,11063296,256,6000,33.480
2026-07-18T00:31:19.099Z,usb,1,848316260,43217,11063552,256,6000,33.480
2026-07-18T00:31:19.142Z,usb,1,848316260,43218,11063808,256,6000,33.480
2026-07-18T00:31:19.184Z,usb,1,848316260,43219,11064064,256,6000,33.480
2026-07-18T00:31:19.227Z,usb,1,848316260,43220,11064320,256,6000,33.480
2026-07-18T00:31:19.269Z,usb,1,848316260,43221,11064576,256,6000,33.480
2026-07-18T00:31:19.312Z,usb,1,848316260,43222,11064832,256,6000,33.480
2026-07-18T00:31:19.355Z,usb,1,848316260,43223,11065088,256,6000,33.480
2026-07-18T00:31:19.397Z,usb,1,848316260,43224,11065344,256,6000,33.480
2026-07-18T00:31:19.440Z,usb,1,848316260,43225,11065600,256,6000,33.480
2026-07-18T00:31:19.482Z,usb,1,848316260,43226,11065856,256,6000,33.480
2026-07-18T00:31:19.525Z,usb,1,848316260,43227,11066112,256,6000,33.490
2026-07-18T00:31:19.567Z,usb,1,848316260,43228,11066368,256,6000,33.490
2026-07-18T00:31:19.610Z,usb,1,848316260,43229,11066624,256,6000,33.490
2026-07-18T00:31:19.653Z,usb,1,848316260,43230,11066880,256,6000,33.490
2026-07-18T00:31:19.695Z,usb,1,848316260,43231,11067136,256,6000,33.490
2026-07-18T00:31:19.738Z,usb,1,848316260,43232,11067392,256,6000,33.490
2026-07-18T00:31:19.780Z,usb,1,848316260,43233,11067648,256,6000,33.490
2026-07-18T00:31:19.823Z,usb,1,848316260,43234,11067904,256,6000,33.490
2026-07-18T00:31:19.865Z,usb,1,848316260,43235,11068160,256,6000,33.490
2026-07-18T00:31:19.908Z,usb,1,848316260,43236,11068416,256,6000,33.490
2026-07-18T00:31:19.950Z,usb,1,848316260,43237,11068672,256,6000,33.490
2026-07-18T00:31:19.994Z,usb,1,848316260,43238,11068928,256,6000,33.490
2026-07-18T00:31:20.035Z,usb,1,848316260,43239,11069184,256,6000,33.490
2026-07-18T00:31:20.078Z,usb,1,848316260,43240,11069440,256,6000,33.490
2026-07-18T00:31:20.120Z,usb,1,848316260,43241,11069696,256,6000,33.490
2026-07-18T00:31:20.163Z,usb,1,848316260,43242,11069952,256,6000,33.490
2026-07-18T00:31:20.205Z,usb,1,848316260,43243,11070208,256,6000,33.490
2026-07-18T00:31:20.248Z,usb,1,848316260,43244,11070464,256,6000,33.490
2026-07-18T00:31:20.290Z,usb,1,848316260,43245,11070720,256,6000,33.490
2026-07-18T00:31:20.333Z,usb,1,848316260,43246,11070976,256,6000,33.490
2026-07-18T00:31:20.375Z,usb,1,848316260,43247,11071232,256,6000,33.490
2026-07-18T00:31:20.418Z,usb,1,848316260,43248,11071488,256,6000,33.490
2026-07-18T00:31:20.460Z,usb,1,848316260,43249,11071744,256,6000,33.490
2026-07-18T00:31:20.503Z,usb,1,848316260,43250,11072000,256,6000,33.490
2026-07-18T00:31:20.546Z,usb,1,848316260,43251,11072256,256,6000,33.480
2026-07-18T00:31:20.588Z,usb,1,848316260,43252,11072512,256,6000,33.480
2026-07-18T00:31:20.631Z,usb,1,848316260,43253,11072768,256,6000,33.480
2026-07-18T00:31:20.673Z,usb,1,848316260,43254,11073024,256,6000,33.480
2026-07-18T00:31:20.716Z,usb,1,848316260,43255,11073280,256,6000,33.480
2026-07-18T00:31:20.758Z,usb,1,848316260,43256,11073536,256,6000,33.480
2026-07-18T00:31:20.801Z,usb,1,848316260,43257,11073792,256,6000,33.480
2026-07-18T00:31:20.844Z,usb,1,848316260,43258,11074048,256,6000,33.480
2026-07-18T00:31:20.886Z,usb,1,848316260,43259,11074304,256,6000,33.480
2026-07-18T00:31:20.928Z,usb,1,848316260,43260,11074560,256,6000,33.480
2026-07-18T00:31:20.971Z,usb,1,848316260,43261,11074816,256,6000,33.480
2026-07-18T00:31:21.013Z,usb,1,848316260,43262,11075072,256,6000,33.480
2026-07-18T00:31:21.056Z,usb,1,848316260,43263,11075328,256,6000,33.480
2026-07-18T00:31:21.098Z,usb,1,848316260,43264,11075584,256,6000,33.480
2026-07-18T00:31:21.141Z,usb,1,848316260,43265,11075840,256,6000,33.480
2026-07-18T00:31:21.183Z,usb,1,848316260,43266,11076096,256,6000,33.480
2026-07-18T00:31:21.226Z,usb,1,848316260,43267,11076352,256,6000,33.480
2026-07-18T00:31:21.268Z,usb,1,848316260,43268,11076608,256,6000,33.480
2026-07-18T00:31:21.311Z,usb,1,848316260,43269,11076864,256,6000,33.480
2026-07-18T00:31:21.353Z,usb,1,848316260,43270,11077120,256,6000,33.480
2026-07-18T00:31:21.396Z,usb,1,848316260,43271,11077376,256,6000,33.480
2026-07-18T00:31:21.438Z,usb,1,848316260,43272,11077632,256,6000,33.480
2026-07-18T00:31:21.481Z,usb,1,848316260,43273,11077888,256,6000,33.480
2026-07-18T00:31:21.523Z,usb,1,848316260,43274,11078144,256,6000,33.480
2026-07-18T00:31:21.567Z,usb,1,848316260,43275,11078400,256,6000,33.480
2026-07-18T00:31:21.609Z,usb,1,848316260,43276,11078656,256,6000,33.480
2026-07-18T00:31:21.652Z,usb,1,848316260,43277,11078912,256,6000,33.480
2026-07-18T00:31:21.694Z,usb,1,848316260,43278,11079168,256,6000,33.480
2026-07-18T00:31:21.737Z,usb,1,848316260,43279,11079424,256,6000,33.480
2026-07-18T00:31:21.779Z,usb,1,848316260,43280,11079680,256,6000,33.480
2026-07-18T00:31:21.822Z,usb,1,848316260,43281,11079936,256,6000,33.480
2026-07-18T00:31:21.864Z,usb,1,848316260,43282,11080192,256,6000,33.480
2026-07-18T00:31:21.906Z,usb,1,848316260,43283,11080448,256,6000,33.480
2026-07-18T00:31:21.949Z,usb,1,848316260,43284,11080704,256,6000,33.480
2026-07-18T00:31:21.992Z,usb,1,848316260,43285,11080960,256,6000,33.480
2026-07-18T00:31:22.034Z,usb,1,848316260,43286,11081216,256,6000,33.480
2026-07-18T00:31:22.077Z,usb,1,848316260,43287,11081472,256,6000,33.480
2026-07-18T00:31:22.119Z,usb,1,848316260,43288,11081728,256,6000,33.480
2026-07-18T00:31:22.162Z,usb,1,848316260,43289,11081984,256,6000,33.480
2026-07-18T00:31:22.204Z,usb,1,848316260,43290,11082240,256,6000,33.480
2026-07-18T00:31:22.247Z,usb,1,848316260,43291,11082496,256,6000,33.480
2026-07-18T00:31:22.289Z,usb,1,848316260,43292,11082752,256,6000,33.480
2026-07-18T00:31:22.332Z,usb,1,848316260,43293,11083008,256,6000,33.480
2026-07-18T00:31:22.374Z,usb,1,848316260,43294,11083264,256,6000,33.480
2026-07-18T00:31:22.418Z,usb,1,848316260,43295,11083520,256,6000,33.480
2026-07-18T00:31:22.459Z,usb,1,848316260,43296,11083776,256,6000,33.480
2026-07-18T00:31:22.502Z,usb,1,848316260,43297,11084032,256,6000,33.480
2026-07-18T00:31:22.544Z,usb,1,848316260,43298,11084288,256,6000,33.480
2026-07-18T00:31:22.587Z,usb,1,848316260,43299,11084544,256,6000,33.480
2026-07-18T00:31:22.630Z,usb,1,848316260,43300,11084800,256,6000,33.480
2026-07-18T00:31:22.673Z,usb,1,848316260,43301,11085056,256,6000,33.480
2026-07-18T00:31:22.715Z,usb,1,848316260,43302,11085312,256,6000,33.480
2026-07-18T00:31:22.757Z,usb,1,848316260,43303,11085568,256,6000,33.480
2026-07-18T00:31:22.800Z,usb,1,848316260,43304,11085824,256,6000,33.480
2026-07-18T00:31:22.842Z,usb,1,848316260,43305,11086080,256,6000,33.480
2026-07-18T00:31:22.885Z,usb,1,848316260,43306,11086336,256,6000,33.480
2026-07-18T00:31:22.927Z,usb,1,848316260,43307,11086592,256,6000,33.480
2026-07-18T00:31:22.970Z,usb,1,848316260,43308,11086848,256,6000,33.480
2026-07-18T00:31:23.012Z,usb,1,848316260,43309,11087104,256,6000,33.480
2026-07-18T00:31:23.055Z,usb,1,848316260,43310,11087360,256,6000,33.480
2026-07-18T00:31:23.097Z,usb,1,848316260,43311,11087616,256,6000,33.480
2026-07-18T00:31:23.140Z,usb,1,848316260,43312,11087872,256,6000,33.480
2026-07-18T00:31:23.182Z,usb,1,848316260,43313,11088128,256,6000,33.480
2026-07-18T00:31:23.225Z,usb,1,848316260,43314,11088384,256,6000,33.480
2026-07-18T00:31:23.268Z,usb,1,848316260,43315,11088640,256,6000,33.480
2026-07-18T00:31:23.310Z,usb,1,848316260,43316,11088896,256,6000,33.480
2026-07-18T00:31:23.352Z,usb,1,848316260,43317,11089152,256,6000,33.480
2026-07-18T00:31:23.395Z,usb,1,848316260,43318,11089408,256,6000,33.480
2026-07-18T00:31:23.437Z,usb,1,848316260,43319,11089664,256,6000,33.480
2026-07-18T00:31:23.480Z,usb,1,848316260,43320,11089920,256,6000,33.480
2026-07-18T00:31:23.522Z,usb,1,848316260,43321,11090176,256,6000,33.480
2026-07-18T00:31:23.565Z,usb,1,848316260,43322,11090432,256,6000,33.480
2026-07-18T00:31:23.608Z,usb,1,848316260,43323,11090688,256,6000,33.480
2026-07-18T00:31:23.651Z,usb,1,848316260,43324,11090944,256,6000,33.480
2026-07-18T00:31:23.693Z,usb,1,848316260,43325,11091200,256,6000,33.480
2026-07-18T00:31:23.736Z,usb,1,848316260,43326,11091456,256,6000,33.480
2026-07-18T00:31:23.778Z,usb,1,848316260,43327,11091712,256,6000,33.480
2026-07-18T00:31:23.821Z,usb,1,848316260,43328,11091968,256,6000,33.480
2026-07-18T00:31:23.863Z,usb,1,848316260,43329,11092224,256,6000,33.480
2026-07-18T00:31:23.906Z,usb,1,848316260,43330,11092480,256,6000,33.480
2026-07-18T00:31:23.948Z,usb,1,848316260,43331,11092736,256,6000,33.480
2026-07-18T00:31:23.991Z,usb,1,848316260,43332,11092992,256,6000,33.480
2026-07-18T00:31:24.033Z,usb,1,848316260,43333,11093248,256,6000,33.480
2026-07-18T00:31:24.076Z,usb,1,848316260,43334,11093504,256,6000,33.480
2026-07-18T00:31:24.118Z,usb,1,848316260,43335,11093760,256,6000,33.480
2026-07-18T00:31:24.161Z,usb,1,848316260,43336,11094016,256,6000,33.480
2026-07-18T00:31:24.203Z,usb,1,848316260,43337,11094272,256,6000,33.480
2026-07-18T00:31:24.246Z,usb,1,848316260,43338,11094528,256,6000,33.480
2026-07-18T00:31:24.288Z,usb,1,848316260,43339,11094784,256,6000,33.480
2026-07-18T00:31:24.331Z,usb,1,848316260,43340,11095040,256,6000,33.480
2026-07-18T00:31:24.373Z,usb,1,848316260,43341,11095296,256,6000,33.480
2026-07-18T00:31:24.416Z,usb,1,848316260,43342,11095552,256,6000,33.480
2026-07-18T00:31:24.459Z,usb,1,848316260,43343,11095808,256,6000,33.480
2026-07-18T00:31:24.501Z,usb,1,848316260,43344,11096064,256,6000,33.480
2026-07-18T00:31:24.543Z,usb,1,848316260,43345,11096320,256,6000,33.480
2026-07-18T00:31:24.586Z,usb,1,848316260,43346,11096576,256,6000,33.480
2026-07-18T00:31:24.629Z,usb,1,848316260,43347,11096832,256,6000,33.480
2026-07-18T00:31:24.671Z,usb,1,848316260,43348,11097088,256,6000,33.480
2026-07-18T00:31:24.714Z,usb,1,848316260,43349,11097344,256,6000,33.480
2026-07-18T00:31:24.756Z,usb,1,848316260,43350,11097600,256,6000,33.480
2026-07-18T00:31:24.799Z,usb,1,848316260,43351,11097856,256,6000,33.480
2026-07-18T00:31:24.841Z,usb,1,848316260,43352,11098112,256,6000,33.480
2026-07-18T00:31:24.884Z,usb,1,848316260,43353,11098368,256,6000,33.480
2026-07-18T00:31:24.926Z,usb,1,848316260,43354,11098624,256,6000,33.480
2026-07-18T00:31:24.969Z,usb,1,848316260,43355,11098880,256,6000,33.480
2026-07-18T00:31:25.011Z,usb,1,848316260,43356,11099136,256,6000,33.480
2026-07-18T00:31:25.054Z,usb,1,848316260,43357,11099392,256,6000,33.480
2026-07-18T00:31:25.096Z,usb,1,848316260,43358,11099648,256,6000,33.480
2026-07-18T00:31:25.139Z,usb,1,848316260,43359,11099904,256,6000,33.480
2026-07-18T00:31:25.182Z,usb,1,848316260,43360,11100160,256,6000,33.480
2026-07-18T00:31:25.224Z,usb,1,848316260,43361,11100416,256,6000,33.480
2026-07-18T00:31:25.266Z,usb,1,848316260,43362,11100672,256,6000,33.480
2026-07-18T00:31:25.309Z,usb,1,848316260,43363,11100928,256,6000,33.480
2026-07-18T00:31:25.351Z,usb,1,848316260,43364,11101184,256,6000,33.480
2026-07-18T00:31:25.394Z,usb,1,848316260,43365,11101440,256,6000,33.480
2026-07-18T00:31:25.436Z,usb,1,848316260,43366,11101696,256,6000,33.480
2026-07-18T00:31:25.479Z,usb,1,848316260,43367,11101952,256,6000,33.480
2026-07-18T00:31:25.521Z,usb,1,848316260,43368,11102208,256,6000,33.480
2026-07-18T00:31:25.564Z,usb,1,848316260,43369,11102464,256,6000,33.480
2026-07-18T00:31:25.606Z,usb,1,848316260,43370,11102720,256,6000,33.480
2026-07-18T00:31:25.650Z,usb,1,848316260,43371,11102976,256,6000,33.480
2026-07-18T00:31:25.692Z,usb,1,848316260,43372,11103232,256,6000,33.480
2026-07-18T00:31:25.735Z,usb,1,848316260,43373,11103488,256,6000,33.480
2026-07-18T00:31:25.777Z,usb,1,848316260,43374,11103744,256,6000,33.480
2026-07-18T00:31:25.820Z,usb,1,848316260,43375,11104000,256,6000,33.480
2026-07-18T00:31:25.862Z,usb,1,848316260,43376,11104256,256,6000,33.480
2026-07-18T00:31:25.905Z,usb,1,848316260,43377,11104512,256,6000,33.480
2026-07-18T00:31:25.947Z,usb,1,848316260,43378,11104768,256,6000,33.480
2026-07-18T00:31:25.990Z,usb,1,848316260,43379,11105024,256,6000,33.480
2026-07-18T00:31:26.032Z,usb,1,848316260,43380,11105280,256,6000,33.480
2026-07-18T00:31:26.075Z,usb,1,848316260,43381,11105536,256,6000,33.480
2026-07-18T00:31:26.117Z,usb,1,848316260,43382,11105792,256,6000,33.480
2026-07-18T00:31:26.160Z,usb,1,848316260,43383,11106048,256,6000,33.480
2026-07-18T00:31:26.202Z,usb,1,848316260,43384,11106304,256,6000,33.480
2026-07-18T00:31:26.245Z,usb,1,848316260,43385,11106560,256,6000,33.480
2026-07-18T00:31:26.288Z,usb,1,848316260,43386,11106816,256,6000,33.480
2026-07-18T00:31:26.330Z,usb,1,848316260,43387,11107072,256,6000,33.480
2026-07-18T00:31:26.372Z,usb,1,848316260,43388,11107328,256,6000,33.480
2026-07-18T00:31:26.415Z,usb,1,848316260,43389,11107584,256,6000,33.480
2026-07-18T00:31:26.457Z,usb,1,848316260,43390,11107840,256,6000,33.480
2026-07-18T00:31:26.500Z,usb,1,848316260,43391,11108096,256,6000,33.480
2026-07-18T00:31:26.543Z,usb,1,848316260,43392,11108352,256,6000,33.480
2026-07-18T00:31:26.585Z,usb,1,848316260,43393,11108608,256,6000,33.480
2026-07-18T00:31:26.627Z,usb,1,848316260,43394,11108864,256,6000,33.480
2026-07-18T00:31:26.670Z,usb,1,848316260,43395,11109120,256,6000,33.480
2026-07-18T00:31:26.713Z,usb,1,848316260,43396,11109376,256,6000,33.480
2026-07-18T00:31:26.755Z,usb,1,848316260,43397,11109632,256,6000,33.480
2026-07-18T00:31:26.798Z,usb,1,848316260,43398,11109888,256,6000,33.480
2026-07-18T00:31:26.840Z,usb,1,848316260,43399,11110144,256,6000,33.480
2026-07-18T00:31:26.883Z,usb,1,848316260,43400,11110400,256,6000,33.480
2026-07-18T00:31:26.925Z,usb,1,848316260,43401,11110656,256,6000,33.480
2026-07-18T00:31:26.968Z,usb,1,848316260,43402,11110912,256,6000,33.480
2026-07-18T00:31:27.010Z,usb,1,848316260,43403,11111168,256,6000,33.480
2026-07-18T00:31:27.053Z,usb,1,848316260,43404,11111424,256,6000,33.480
2026-07-18T00:31:27.095Z,usb,1,848316260,43405,11111680,256,6000,33.480
2026-07-18T00:31:27.138Z,usb,1,848316260,43406,11111936,256,6000,33.480
2026-07-18T00:31:27.181Z,usb,1,848316260,43407,11112192,256,6000,33.480
2026-07-18T00:31:27.223Z,usb,1,848316260,43408,11112448,256,6000,33.480
2026-07-18T00:31:27.265Z,usb,1,848316260,43409,11112704,256,6000,33.480
2026-07-18T00:31:27.308Z,usb,1,848316260,43410,11112960,256,6000,33.480
2026-07-18T00:31:27.350Z,usb,1,848316260,43411,11113216,256,6000,33.480
2026-07-18T00:31:27.393Z,usb,1,848316260,43412,11113472,256,6000,33.480
2026-07-18T00:31:27.435Z,usb,1,848316260,43413,11113728,256,6000,33.480
2026-07-18T00:31:27.478Z,usb,1,848316260,43414,11113984,256,6000,33.480
2026-07-18T00:31:27.520Z,usb,1,848316260,43415,11114240,256,6000,33.480
2026-07-18T00:31:27.563Z,usb,1,848316260,43416,11114496,256,6000,33.480
2026-07-18T00:31:27.605Z,usb,1,848316260,43417,11114752,256,6000,33.480
2026-07-18T00:31:27.648Z,usb,1,848316260,43418,11115008,256,6000,33.480
2026-07-18T00:31:27.691Z,usb,1,848316260,43419,11115264,256,6000,33.480
2026-07-18T00:31:27.734Z,usb,1,848316260,43420,11115520,256,6000,33.480
2026-07-18T00:31:27.776Z,usb,1,848316260,43421,11115776,256,6000,33.480
2026-07-18T00:31:27.818Z,usb,1,848316260,43422,11116032,256,6000,33.480
2026-07-18T00:31:27.861Z,usb,1,848316260,43423,11116288,256,6000,33.480
2026-07-18T00:31:27.903Z,usb,1,848316260,43424,11116544,256,6000,33.480
2026-07-18T00:31:27.946Z,usb,1,848316260,43425,11116800,256,6000,33.480
2026-07-18T00:31:27.989Z,usb,1,848316260,43426,11117056,256,6000,33.480
2026-07-18T00:31:28.031Z,usb,1,848316260,43427,11117312,256,6000,33.480
2026-07-18T00:31:28.074Z,usb,1,848316260,43428,11117568,256,6000,33.480
2026-07-18T00:31:28.116Z,usb,1,848316260,43429,11117824,256,6000,33.480
2026-07-18T00:31:28.159Z,usb,1,848316260,43430,11118080,256,6000,33.480
2026-07-18T00:31:28.201Z,usb,1,848316260,43431,11118336,256,6000,33.480
2026-07-18T00:31:28.244Z,usb,1,848316260,43432,11118592,256,6000,33.480
2026-07-18T00:31:28.286Z,usb,1,848316260,43433,11118848,256,6000,33.480
2026-07-18T00:31:28.329Z,usb,1,848316260,43434,11119104,256,6000,33.480
2026-07-18T00:31:28.371Z,usb,1,848316260,43435,11119360,256,6000,33.480
2026-07-18T00:31:28.414Z,usb,1,848316260,43436,11119616,256,6000,33.480
2026-07-18T00:31:28.456Z,usb,1,848316260,43437,11119872,256,6000,33.480
2026-07-18T00:31:28.499Z,usb,1,848316260,43438,11120128,256,6000,33.480
2026-07-18T00:31:28.541Z,usb,1,848316260,43439,11120384,256,6000,33.480
2026-07-18T00:31:28.584Z,usb,1,848316260,43440,11120640,256,6000,33.480
2026-07-18T00:31:28.626Z,usb,1,848316260,43441,11120896,256,6000,33.480
2026-07-18T00:31:28.669Z,usb,1,848316260,43442,11121152,256,6000,33.480
2026-07-18T00:31:28.712Z,usb,1,848316260,43443,11121408,256,6000,33.480
2026-07-18T00:31:28.754Z,usb,1,848316260,43444,11121664,256,6000,33.480
2026-07-18T00:31:28.797Z,usb,1,848316260,43445,11121920,256,6000,33.480
2026-07-18T00:31:28.839Z,usb,1,848316260,43446,11122176,256,6000,33.480
2026-07-18T00:31:28.882Z,usb,1,848316260,43447,11122432,256,6000,33.480
2026-07-18T00:31:28.924Z,usb,1,848316260,43448,11122688,256,6000,33.480
2026-07-18T00:31:28.967Z,usb,1,848316260,43449,11122944,256,6000,33.480
2026-07-18T00:31:29.009Z,usb,1,848316260,43450,11123200,256,6000,33.480
2026-07-18T00:31:29.052Z,usb,1,848316260,43451,11123456,256,6000,33.480
2026-07-18T00:31:29.094Z,usb,1,848316260,43452,11123712,256,6000,33.480
2026-07-18T00:31:29.137Z,usb,1,848316260,43453,11123968,256,6000,33.480
2026-07-18T00:31:29.179Z,usb,1,848316260,43454,11124224,256,6000,33.480
2026-07-18T00:31:29.222Z,usb,1,848316260,43455,11124480,256,6000,33.480
2026-07-18T00:31:29.264Z,usb,1,848316260,43456,11124736,256,6000,33.480
2026-07-18T00:31:29.307Z,usb,1,848316260,43457,11124992,256,6000,33.480
2026-07-18T00:31:29.349Z,usb,1,848316260,43458,11125248,256,6000,33.480
2026-07-18T00:31:29.392Z,usb,1,848316260,43459,11125504,256,6000,33.480
2026-07-18T00:31:29.434Z,usb,1,848316260,43460,11125760,256,6000,33.480
2026-07-18T00:31:29.477Z,usb,1,848316260,43461,11126016,256,6000,33.480
2026-07-18T00:31:29.519Z,usb,1,848316260,43462,11126272,256,6000,33.480
2026-07-18T00:31:29.562Z,usb,1,848316260,43463,11126528,256,6000,33.480
2026-07-18T00:31:29.604Z,usb,1,848316260,43464,11126784,256,6000,33.480
2026-07-18T00:31:29.647Z,usb,1,848316260,43465,11127040,256,6000,33.480
2026-07-18T00:31:29.689Z,usb,1,848316260,43466,11127296,256,6000,33.480
2026-07-18T00:31:29.733Z,usb,1,848316260,43467,11127552,256,6000,33.480
2026-07-18T00:31:29.775Z,usb,1,848316260,43468,11127808,256,6000,33.480
2026-07-18T00:31:29.818Z,usb,1,848316260,43469,11128064,256,6000,33.480
2026-07-18T00:31:29.860Z,usb,1,848316260,43470,11128320,256,6000,33.480
2026-07-18T00:31:29.903Z,usb,1,848316260,43471,11128576,256,6000,33.480
2026-07-18T00:31:29.945Z,usb,1,848316260,43472,11128832,256,6000,33.480
2026-07-18T00:31:29.988Z,usb,1,848316260,43473,11129088,256,6000,33.480
2026-07-18T00:31:30.030Z,usb,1,848316260,43474,11129344,256,6000,33.480
2026-07-18T00:31:30.072Z,usb,1,848316260,43475,11129600,256,6000,33.480
2026-07-18T00:31:30.115Z,usb,1,848316260,43476,11129856,256,6000,33.480
2026-07-18T00:31:30.158Z,usb,1,848316260,43477,11130112,256,6000,33.480
2026-07-18T00:31:30.200Z,usb,1,848316260,43478,11130368,256,6000,33.480
2026-07-18T00:31:30.243Z,usb,1,848316260,43479,11130624,256,6000,33.480
2026-07-18T00:31:30.285Z,usb,1,848316260,43480,11130880,256,6000,33.480
2026-07-18T00:31:30.328Z,usb,1,848316260,43481,11131136,256,6000,33.480
2026-07-18T00:31:30.370Z,usb,1,848316260,43482,11131392,256,6000,33.480
2026-07-18T00:31:30.413Z,usb,1,848316260,43483,11131648,256,6000,33.480
2026-07-18T00:31:30.455Z,usb,1,848316260,43484,11131904,256,6000,33.480
2026-07-18T00:31:30.498Z,usb,1,848316260,43485,11132160,256,6000,33.480
2026-07-18T00:31:30.540Z,usb,1,848316260,43486,11132416,256,6000,33.480
2026-07-18T00:31:30.583Z,usb,1,848316260,43487,11132672,256,6000,33.480
2026-07-18T00:31:30.625Z,usb,1,848316260,43488,11132928,256,6000,33.480
2026-07-18T00:31:30.668Z,usb,1,848316260,43489,11133184,256,6000,33.480
2026-07-18T00:31:30.710Z,usb,1,848316260,43490,11133440,256,6000,33.480
2026-07-18T00:31:30.753Z,usb,1,848316260,43491,11133696,256,6000,33.480
2026-07-18T00:31:30.796Z,usb,1,848316260,43492,11133952,256,6000,33.480
2026-07-18T00:31:30.838Z,usb,1,848316260,43493,11134208,256,6000,33.480
2026-07-18T00:31:30.881Z,usb,1,848316260,43494,11134464,256,6000,33.480
2026-07-18T00:31:30.923Z,usb,1,848316260,43495,11134720,256,6000,33.480
2026-07-18T00:31:30.966Z,usb,1,848316260,43496,11134976,256,6000,33.480
2026-07-18T00:31:31.008Z,usb,1,848316260,43497,11135232,256,6000,33.480
2026-07-18T00:31:31.051Z,usb,1,848316260,43498,11135488,256,6000,33.480
2026-07-18T00:31:31.093Z,usb,1,848316260,43499,11135744,256,6000,33.480
2026-07-18T00:31:31.136Z,usb,1,848316260,43500,11136000,256,6000,33.480
2026-07-18T00:31:31.178Z,usb,1,848316260,43501,11136256,256,6000,33.480
2026-07-18T00:31:31.221Z,usb,1,848316260,43502,11136512,256,6000,33.480
2026-07-18T00:31:31.263Z,usb,1,848316260,43503,11136768,256,6000,33.480
2026-07-18T00:31:31.306Z,usb,1,848316260,43504,11137024,256,6000,33.480
2026-07-18T00:31:31.348Z,usb,1,848316260,43505,11137280,256,6000,33.480
2026-07-18T00:31:31.391Z,usb,1,848316260,43506,11137536,256,6000,33.480
2026-07-18T00:31:31.433Z,usb,1,848316260,43507,11137792,256,6000,33.480
2026-07-18T00:31:31.476Z,usb,1,848316260,43508,11138048,256,6000,33.480
2026-07-18T00:31:31.518Z,usb,1,848316260,43509,11138304,256,6000,33.480
2026-07-18T00:31:31.561Z,usb,1,848316260,43510,11138560,256,6000,33.480
2026-07-18T00:31:31.603Z,usb,1,848316260,43511,11138816,256,6000,33.480
2026-07-18T00:31:31.646Z,usb,1,848316260,43512,11139072,256,6000,33.480
2026-07-18T00:31:31.689Z,usb,1,848316260,43513,11139328,256,6000,33.480
2026-07-18T00:31:31.731Z,usb,1,848316260,43514,11139584,256,6000,33.480
2026-07-18T00:31:31.774Z,usb,1,848316260,43515,11139840,256,6000,33.470
2026-07-18T00:31:31.817Z,usb,1,848316260,43516,11140096,256,6000,33.470
2026-07-18T00:31:31.859Z,usb,1,848316260,43517,11140352,256,6000,33.470
2026-07-18T00:31:31.902Z,usb,1,848316260,43518,11140608,256,6000,33.470
2026-07-18T00:31:31.944Z,usb,1,848316260,43519,11140864,256,6000,33.470
2026-07-18T00:31:31.987Z,usb,1,848316260,43520,11141120,256,6000,33.470
2026-07-18T00:31:32.029Z,usb,1,848316260,43521,11141376,256,6000,33.470
2026-07-18T00:31:32.072Z,usb,1,848316260,43522,11141632,256,6000,33.470
2026-07-18T00:31:32.114Z,usb,1,848316260,43523,11141888,256,6000,33.470
2026-07-18T00:31:32.157Z,usb,1,848316260,43524,11142144,256,6000,33.470
2026-07-18T00:31:32.199Z,usb,1,848316260,43525,11142400,256,6000,33.470
2026-07-18T00:31:32.242Z,usb,1,848316260,43526,11142656,256,6000,33.470
2026-07-18T00:31:32.284Z,usb,1,848316260,43527,11142912,256,6000,33.470
2026-07-18T00:31:32.327Z,usb,1,848316260,43528,11143168,256,6000,33.470
2026-07-18T00:31:32.369Z,usb,1,848316260,43529,11143424,256,6000,33.470
2026-07-18T00:31:32.412Z,usb,1,848316260,43530,11143680,256,6000,33.470
2026-07-18T00:31:32.454Z,usb,1,848316260,43531,11143936,256,6000,33.470
2026-07-18T00:31:32.497Z,usb,1,848316260,43532,11144192,256,6000,33.470
2026-07-18T00:31:32.539Z,usb,1,848316260,43533,11144448,256,6000,33.470
2026-07-18T00:31:32.582Z,usb,1,848316260,43534,11144704,256,6000,33.470
2026-07-18T00:31:32.624Z,usb,1,848316260,43535,11144960,256,6000,33.470
2026-07-18T00:31:32.667Z,usb,1,848316260,43536,11145216,256,6000,33.470
2026-07-18T00:31:32.709Z,usb,1,848316260,43537,11145472,256,6000,33.470
2026-07-18T00:31:32.752Z,usb,1,848316260,43538,11145728,256,6000,33.470
2026-07-18T00:31:32.795Z,usb,1,848316260,43539,11145984,256,6000,33.470
2026-07-18T00:31:32.838Z,usb,1,848316260,43540,11146240,256,6000,33.470
2026-07-18T00:31:32.880Z,usb,1,848316260,43541,11146496,256,6000,33.470
2026-07-18T00:31:32.922Z,usb,1,848316260,43542,11146752,256,6000,33.470
2026-07-18T00:31:32.965Z,usb,1,848316260,43543,11147008,256,6000,33.470
2026-07-18T00:31:33.007Z,usb,1,848316260,43544,11147264,256,6000,33.470
2026-07-18T00:31:33.050Z,usb,1,848316260,43545,11147520,256,6000,33.470
2026-07-18T00:31:33.092Z,usb,1,848316260,43546,11147776,256,6000,33.470
2026-07-18T00:31:33.135Z,usb,1,848316260,43547,11148032,256,6000,33.470
2026-07-18T00:31:33.178Z,usb,1,848316260,43548,11148288,256,6000,33.470
2026-07-18T00:31:33.220Z,usb,1,848316260,43549,11148544,256,6000,33.470
2026-07-18T00:31:33.262Z,usb,1,848316260,43550,11148800,256,6000,33.470
2026-07-18T00:31:33.305Z,usb,1,848316260,43551,11149056,256,6000,33.470
2026-07-18T00:31:33.347Z,usb,1,848316260,43552,11149312,256,6000,33.470
2026-07-18T00:31:33.390Z,usb,1,848316260,43553,11149568,256,6000,33.470
2026-07-18T00:31:33.432Z,usb,1,848316260,43554,11149824,256,6000,33.470
2026-07-18T00:31:33.475Z,usb,1,848316260,43555,11150080,256,6000,33.470
2026-07-18T00:31:33.517Z,usb,1,848316260,43556,11150336,256,6000,33.470
2026-07-18T00:31:33.560Z,usb,1,848316260,43557,11150592,256,6000,33.470
2026-07-18T00:31:33.602Z,usb,1,848316260,43558,11150848,256,6000,33.470
2026-07-18T00:31:33.645Z,usb,1,848316260,43559,11151104,256,6000,33.470
2026-07-18T00:31:33.687Z,usb,1,848316260,43560,11151360,256,6000,33.470
2026-07-18T00:31:33.730Z,usb,1,848316260,43561,11151616,256,6000,33.470
2026-07-18T00:31:33.772Z,usb,1,848316260,43562,11151872,256,6000,33.470
2026-07-18T00:31:33.816Z,usb,1,848316260,43563,11152128,256,6000,33.470
2026-07-18T00:31:33.858Z,usb,1,848316260,43564,11152384,256,6000,33.470
2026-07-18T00:31:33.901Z,usb,1,848316260,43565,11152640,256,6000,33.470
2026-07-18T00:31:33.943Z,usb,1,848316260,43566,11152896,256,6000,33.470
2026-07-18T00:31:33.986Z,usb,1,848316260,43567,11153152,256,6000,33.470
2026-07-18T00:31:34.028Z,usb,1,848316260,43568,11153408,256,6000,33.470
2026-07-18T00:31:34.071Z,usb,1,848316260,43569,11153664,256,6000,33.470
2026-07-18T00:31:34.113Z,usb,1,848316260,43570,11153920,256,6000,33.470
2026-07-18T00:31:34.156Z,usb,1,848316260,43571,11154176,256,6000,33.470
2026-07-18T00:31:34.198Z,usb,1,848316260,43572,11154432,256,6000,33.470
2026-07-18T00:31:34.241Z,usb,1,848316260,43573,11154688,256,6000,33.470
2026-07-18T00:31:34.283Z,usb,1,848316260,43574,11154944,256,6000,33.470
2026-07-18T00:31:34.326Z,usb,1,848316260,43575,11155200,256,6000,33.470
2026-07-18T00:31:34.370Z,usb,1,848316260,43576,11155456,256,6000,33.470
2026-07-18T00:31:34.411Z,usb,1,848316260,43577,11155712,256,6000,33.470
2026-07-18T00:31:34.453Z,usb,1,848316260,43578,11155968,256,6000,33.470
2026-07-18T00:31:34.496Z,usb,1,848316260,43579,11156224,256,6000,33.470
2026-07-18T00:31:34.538Z,usb,1,848316260,43580,11156480,256,6000,33.470
2026-07-18T00:31:34.581Z,usb,1,848316260,43581,11156736,256,6000,33.470
2026-07-18T00:31:34.623Z,usb,1,848316260,43582,11156992,256,6000,33.470
2026-07-18T00:31:34.666Z,usb,1,848316260,43583,11157248,256,6000,33.470
2026-07-18T00:31:34.708Z,usb,1,848316260,43584,11157504,256,6000,33.470
2026-07-18T00:31:34.751Z,usb,1,848316260,43585,11157760,256,6000,33.470
2026-07-18T00:31:34.793Z,usb,1,848316260,43586,11158016,256,6000,33.470
2026-07-18T00:31:34.836Z,usb,1,848316260,43587,11158272,256,6000,33.480
2026-07-18T00:31:34.879Z,usb,1,848316260,43588,11158528,256,6000,33.480
2026-07-18T00:31:34.921Z,usb,1,848316260,43589,11158784,256,6000,33.480
2026-07-18T00:31:34.964Z,usb,1,848316260,43590,11159040,256,6000,33.480
2026-07-18T00:31:35.006Z,usb,1,848316260,43591,11159296,256,6000,33.480
2026-07-18T00:31:35.049Z,usb,1,848316260,43592,11159552,256,6000,33.480
2026-07-18T00:31:35.091Z,usb,1,848316260,43593,11159808,256,6000,33.480
2026-07-18T00:31:35.134Z,usb,1,848316260,43594,11160064,256,6000,33.480
2026-07-18T00:31:35.176Z,usb,1,848316260,43595,11160320,256,6000,33.480
2026-07-18T00:31:35.219Z,usb,1,848316260,43596,11160576,256,6000,33.480
2026-07-18T00:31:35.261Z,usb,1,848316260,43597,11160832,256,6000,33.480
2026-07-18T00:31:35.304Z,usb,1,848316260,43598,11161088,256,6000,33.480
2026-07-18T00:31:35.346Z,usb,1,848316260,43599,11161344,256,6000,33.480
2026-07-18T00:31:35.389Z,usb,1,848316260,43600,11161600,256,6000,33.480
2026-07-18T00:31:35.431Z,usb,1,848316260,43601,11161856,256,6000,33.480
2026-07-18T00:31:35.474Z,usb,1,848316260,43602,11162112,256,6000,33.480
2026-07-18T00:31:35.516Z,usb,1,848316260,43603,11162368,256,6000,33.480
2026-07-18T00:31:35.559Z,usb,1,848316260,43604,11162624,256,6000,33.480
2026-07-18T00:31:35.601Z,usb,1,848316260,43605,11162880,256,6000,33.480
2026-07-18T00:31:35.644Z,usb,1,848316260,43606,11163136,256,6000,33.480
2026-07-18T00:31:35.686Z,usb,1,848316260,43607,11163392,256,6000,33.480
2026-07-18T00:31:35.729Z,usb,1,848316260,43608,11163648,256,6000,33.480
2026-07-18T00:31:35.771Z,usb,1,848316260,43609,11163904,256,6000,33.480
2026-07-18T00:31:35.815Z,usb,1,848316260,43610,11164160,256,6000,33.480
2026-07-18T00:31:35.857Z,usb,1,848316260,43611,11164416,256,6000,33.470
2026-07-18T00:31:35.900Z,usb,1,848316260,43612,11164672,256,6000,33.470
2026-07-18T00:31:35.942Z,usb,1,848316260,43613,11164928,256,6000,33.470
2026-07-18T00:31:35.985Z,usb,1,848316260,43614,11165184,256,6000,33.470
2026-07-18T00:31:36.027Z,usb,1,848316260,43615,11165440,256,6000,33.470
2026-07-18T00:31:36.070Z,usb,1,848316260,43616,11165696,256,6000,33.470
2026-07-18T00:31:36.112Z,usb,1,848316260,43617,11165952,256,6000,33.470
2026-07-18T00:31:36.155Z,usb,1,848316260,43618,11166208,256,6000,33.470
2026-07-18T00:31:36.197Z,usb,1,848316260,43619,11166464,256,6000,33.470
2026-07-18T00:31:36.240Z,usb,1,848316260,43620,11166720,256,6000,33.470
2026-07-18T00:31:36.282Z,usb,1,848316260,43621,11166976,256,6000,33.470
2026-07-18T00:31:36.325Z,usb,1,848316260,43622,11167232,256,6000,33.470
2026-07-18T00:31:36.367Z,usb,1,848316260,43623,11167488,256,6000,33.470
2026-07-18T00:31:36.410Z,usb,1,848316260,43624,11167744,256,6000,33.470
2026-07-18T00:31:36.452Z,usb,1,848316260,43625,11168000,256,6000,33.470
2026-07-18T00:31:36.495Z,usb,1,848316260,43626,11168256,256,6000,33.470
2026-07-18T00:31:36.537Z,usb,1,848316260,43627,11168512,256,6000,33.470
2026-07-18T00:31:36.580Z,usb,1,848316260,43628,11168768,256,6000,33.470
2026-07-18T00:31:36.622Z,usb,1,848316260,43629,11169024,256,6000,33.470
2026-07-18T00:31:36.665Z,usb,1,848316260,43630,11169280,256,6000,33.470
2026-07-18T00:31:36.707Z,usb,1,848316260,43631,11169536,256,6000,33.470
2026-07-18T00:31:36.750Z,usb,1,848316260,43632,11169792,256,6000,33.470
2026-07-18T00:31:36.792Z,usb,1,848316260,43633,11170048,256,6000,33.470
2026-07-18T00:31:36.835Z,usb,1,848316260,43634,11170304,256,6000,33.470
2026-07-18T00:31:36.878Z,usb,1,848316260,43635,11170560,256,6000,33.480
2026-07-18T00:31:36.920Z,usb,1,848316260,43636,11170816,256,6000,33.480
2026-07-18T00:31:36.963Z,usb,1,848316260,43637,11171072,256,6000,33.480
2026-07-18T00:31:37.005Z,usb,1,848316260,43638,11171328,256,6000,33.480
2026-07-18T00:31:37.048Z,usb,1,848316260,43639,11171584,256,6000,33.480
2026-07-18T00:31:37.090Z,usb,1,848316260,43640,11171840,256,6000,33.480
2026-07-18T00:31:37.133Z,usb,1,848316260,43641,11172096,256,6000,33.480
2026-07-18T00:31:37.175Z,usb,1,848316260,43642,11172352,256,6000,33.480
2026-07-18T00:31:37.218Z,usb,1,848316260,43643,11172608,256,6000,33.480
2026-07-18T00:31:37.260Z,usb,1,848316260,43644,11172864,256,6000,33.480
2026-07-18T00:31:37.303Z,usb,1,848316260,43645,11173120,256,6000,33.480
2026-07-18T00:31:37.346Z,usb,1,848316260,43646,11173376,256,6000,33.480
2026-07-18T00:31:37.388Z,usb,1,848316260,43647,11173632,256,6000,33.480
2026-07-18T00:31:37.430Z,usb,1,848316260,43648,11173888,256,6000,33.480
2026-07-18T00:31:37.473Z,usb,1,848316260,43649,11174144,256,6000,33.480
2026-07-18T00:31:37.515Z,usb,1,848316260,43650,11174400,256,6000,33.480
2026-07-18T00:31:37.558Z,usb,1,848316260,43651,11174656,256,6000,33.480
2026-07-18T00:31:37.601Z,usb,1,848316260,43652,11174912,256,6000,33.480
2026-07-18T00:31:37.643Z,usb,1,848316260,43653,11175168,256,6000,33.480
2026-07-18T00:31:37.685Z,usb,1,848316260,43654,11175424,256,6000,33.480
2026-07-18T00:31:37.728Z,usb,1,848316260,43655,11175680,256,6000,33.480
2026-07-18T00:31:37.770Z,usb,1,848316260,43656,11175936,256,6000,33.480
2026-07-18T00:31:37.813Z,usb,1,848316260,43657,11176192,256,6000,33.480
2026-07-18T00:31:37.855Z,usb,1,848316260,43658,11176448,256,6000,33.480
2026-07-18T00:31:37.899Z,usb,1,848316260,43659,11176704,256,6000,33.480
2026-07-18T00:31:37.941Z,usb,1,848316260,43660,11176960,256,6000,33.480
2026-07-18T00:31:37.984Z,usb,1,848316260,43661,11177216,256,6000,33.480
2026-07-18T00:31:38.026Z,usb,1,848316260,43662,11177472,256,6000,33.480
2026-07-18T00:31:38.069Z,usb,1,848316260,43663,11177728,256,6000,33.480
2026-07-18T00:31:38.111Z,usb,1,848316260,43664,11177984,256,6000,33.480
2026-07-18T00:31:38.154Z,usb,1,848316260,43665,11178240,256,6000,33.480
2026-07-18T00:31:38.197Z,usb,1,848316260,43666,11178496,256,6000,33.480
2026-07-18T00:31:38.239Z,usb,1,848316260,43667,11178752,256,6000,33.480
2026-07-18T00:31:38.281Z,usb,1,848316260,43668,11179008,256,6000,33.480
2026-07-18T00:31:38.324Z,usb,1,848316260,43669,11179264,256,6000,33.480
2026-07-18T00:31:38.366Z,usb,1,848316260,43670,11179520,256,6000,33.480
2026-07-18T00:31:38.409Z,usb,1,848316260,43671,11179776,256,6000,33.480
2026-07-18T00:31:38.451Z,usb,1,848316260,43672,11180032,256,6000,33.480
2026-07-18T00:31:38.493Z,usb,1,848316260,43673,11180288,256,6000,33.480
2026-07-18T00:31:38.536Z,usb,1,848316260,43674,11180544,256,6000,33.480
2026-07-18T00:31:38.579Z,usb,1,848316260,43675,11180800,256,6000,33.480
2026-07-18T00:31:38.621Z,usb,1,848316260,43676,11181056,256,6000,33.480
2026-07-18T00:31:38.664Z,usb,1,848316260,43677,11181312,256,6000,33.480
2026-07-18T00:31:38.706Z,usb,1,848316260,43678,11181568,256,6000,33.480
2026-07-18T00:31:38.749Z,usb,1,848316260,43679,11181824,256,6000,33.480
2026-07-18T00:31:38.791Z,usb,1,848316260,43680,11182080,256,6000,33.480
2026-07-18T00:31:38.834Z,usb,1,848316260,43681,11182336,256,6000,33.480
2026-07-18T00:31:38.876Z,usb,1,848316260,43682,11182592,256,6000,33.480
2026-07-18T00:31:38.919Z,usb,1,848316260,43683,11182848,256,6000,33.470
2026-07-18T00:31:38.962Z,usb,1,848316260,43684,11183104,256,6000,33.470
2026-07-18T00:31:39.004Z,usb,1,848316260,43685,11183360,256,6000,33.470
2026-07-18T00:31:39.047Z,usb,1,848316260,43686,11183616,256,6000,33.470
2026-07-18T00:31:39.089Z,usb,1,848316260,43687,11183872,256,6000,33.470
2026-07-18T00:31:39.132Z,usb,1,848316260,43688,11184128,256,6000,33.470
2026-07-18T00:31:39.174Z,usb,1,848316260,43689,11184384,256,6000,33.470
2026-07-18T00:31:39.217Z,usb,1,848316260,43690,11184640,256,6000,33.470
2026-07-18T00:31:39.259Z,usb,1,848316260,43691,11184896,256,6000,33.470
2026-07-18T00:31:39.302Z,usb,1,848316260,43692,11185152,256,6000,33.470
2026-07-18T00:31:39.344Z,usb,1,848316260,43693,11185408,256,6000,33.470
2026-07-18T00:31:39.387Z,usb,1,848316260,43694,11185664,256,6000,33.470
2026-07-18T00:31:39.429Z,usb,1,848316260,43695,11185920,256,6000,33.470
2026-07-18T00:31:39.472Z,usb,1,848316260,43696,11186176,256,6000,33.470
2026-07-18T00:31:39.514Z,usb,1,848316260,43697,11186432,256,6000,33.470
2026-07-18T00:31:39.557Z,usb,1,848316260,43698,11186688,256,6000,33.470
2026-07-18T00:31:39.599Z,usb,1,848316260,43699,11186944,256,6000,33.470
2026-07-18T00:31:39.642Z,usb,1,848316260,43700,11187200,256,6000,33.470
2026-07-18T00:31:39.684Z,usb,1,848316260,43701,11187456,256,6000,33.470
2026-07-18T00:31:39.727Z,usb,1,848316260,43702,11187712,256,6000,33.470
2026-07-18T00:31:39.769Z,usb,1,848316260,43703,11187968,256,6000,33.470
2026-07-18T00:31:39.812Z,usb,1,848316260,43704,11188224,256,6000,33.470
2026-07-18T00:31:39.854Z,usb,1,848316260,43705,11188480,256,6000,33.470
2026-07-18T00:31:39.897Z,usb,1,848316260,43706,11188736,256,6000,33.470
2026-07-18T00:31:39.940Z,usb,1,848316260,43707,11188992,256,6000,33.480
2026-07-18T00:31:39.983Z,usb,1,848316260,43708,11189248,256,6000,33.480
2026-07-18T00:31:40.025Z,usb,1,848316260,43709,11189504,256,6000,33.480
2026-07-18T00:31:40.068Z,usb,1,848316260,43710,11189760,256,6000,33.480
2026-07-18T00:31:40.110Z,usb,1,848316260,43711,11190016,256,6000,33.480
2026-07-18T00:31:40.153Z,usb,1,848316260,43712,11190272,256,6000,33.480
2026-07-18T00:31:40.195Z,usb,1,848316260,43713,11190528,256,6000,33.480
2026-07-18T00:31:40.238Z,usb,1,848316260,43714,11190784,256,6000,33.480
2026-07-18T00:31:40.280Z,usb,1,848316260,43715,11191040,256,6000,33.480
2026-07-18T00:31:40.323Z,usb,1,848316260,43716,11191296,256,6000,33.480
2026-07-18T00:31:40.365Z,usb,1,848316260,43717,11191552,256,6000,33.480
2026-07-18T00:31:40.408Z,usb,1,848316260,43718,11191808,256,6000,33.480
2026-07-18T00:31:40.450Z,usb,1,848316260,43719,11192064,256,6000,33.480
2026-07-18T00:31:40.493Z,usb,1,848316260,43720,11192320,256,6000,33.480
2026-07-18T00:31:40.535Z,usb,1,848316260,43721,11192576,256,6000,33.480
2026-07-18T00:31:40.578Z,usb,1,848316260,43722,11192832,256,6000,33.480
2026-07-18T00:31:40.620Z,usb,1,848316260,43723,11193088,256,6000,33.480
2026-07-18T00:31:40.663Z,usb,1,848316260,43724,11193344,256,6000,33.480
2026-07-18T00:31:40.705Z,usb,1,848316260,43725,11193600,256,6000,33.480
2026-07-18T00:31:40.748Z,usb,1,848316260,43726,11193856,256,6000,33.480
2026-07-18T00:31:40.790Z,usb,1,848316260,43727,11194112,256,6000,33.480
2026-07-18T00:31:40.833Z,usb,1,848316260,43728,11194368,256,6000,33.480
2026-07-18T00:31:40.875Z,usb,1,848316260,43729,11194624,256,6000,33.480
2026-07-18T00:31:40.918Z,usb,1,848316260,43730,11194880,256,6000,33.480
2026-07-18T00:31:40.961Z,usb,1,848316260,43731,11195136,256,6000,33.480
2026-07-18T00:31:41.003Z,usb,1,848316260,43732,11195392,256,6000,33.480
2026-07-18T00:31:41.046Z,usb,1,848316260,43733,11195648,256,6000,33.480
2026-07-18T00:31:41.088Z,usb,1,848316260,43734,11195904,256,6000,33.480
2026-07-18T00:31:41.131Z,usb,1,848316260,43735,11196160,256,6000,33.480
2026-07-18T00:31:41.173Z,usb,1,848316260,43736,11196416,256,6000,33.480
2026-07-18T00:31:41.217Z,usb,1,848316260,43737,11196672,256,6000,33.480
2026-07-18T00:31:41.258Z,usb,1,848316260,43738,11196928,256,6000,33.480
2026-07-18T00:31:41.301Z,usb,1,848316260,43739,11197184,256,6000,33.480
2026-07-18T00:31:41.343Z,usb,1,848316260,43740,11197440,256,6000,33.480
2026-07-18T00:31:41.386Z,usb,1,848316260,43741,11197696,256,6000,33.480
2026-07-18T00:31:41.428Z,usb,1,848316260,43742,11197952,256,6000,33.480
2026-07-18T00:31:41.471Z,usb,1,848316260,43743,11198208,256,6000,33.480
2026-07-18T00:31:41.513Z,usb,1,848316260,43744,11198464,256,6000,33.480
2026-07-18T00:31:41.556Z,usb,1,848316260,43745,11198720,256,6000,33.480
2026-07-18T00:31:41.598Z,usb,1,848316260,43746,11198976,256,6000,33.480
2026-07-18T00:31:41.641Z,usb,1,848316260,43747,11199232,256,6000,33.480
2026-07-18T00:31:41.683Z,usb,1,848316260,43748,11199488,256,6000,33.480
2026-07-18T00:31:41.726Z,usb,1,848316260,43749,11199744,256,6000,33.480
2026-07-18T00:31:41.768Z,usb,1,848316260,43750,11200000,256,6000,33.480
2026-07-18T00:31:41.811Z,usb,1,848316260,43751,11200256,256,6000,33.480
2026-07-18T00:31:41.853Z,usb,1,848316260,43752,11200512,256,6000,33.480
2026-07-18T00:31:41.896Z,usb,1,848316260,43753,11200768,256,6000,33.480
2026-07-18T00:31:41.938Z,usb,1,848316260,43754,11201024,256,6000,33.480
2026-07-18T00:31:41.981Z,usb,1,848316260,43755,11201280,256,6000,33.480
2026-07-18T00:31:42.024Z,usb,1,848316260,43756,11201536,256,6000,33.480
2026-07-18T00:31:42.067Z,usb,1,848316260,43757,11201792,256,6000,33.480
2026-07-18T00:31:42.109Z,usb,1,848316260,43758,11202048,256,6000,33.480
2026-07-18T00:31:42.152Z,usb,1,848316260,43759,11202304,256,6000,33.480
2026-07-18T00:31:42.194Z,usb,1,848316260,43760,11202560,256,6000,33.480
2026-07-18T00:31:42.237Z,usb,1,848316260,43761,11202816,256,6000,33.480
2026-07-18T00:31:42.279Z,usb,1,848316260,43762,11203072,256,6000,33.480
2026-07-18T00:31:42.322Z,usb,1,848316260,43763,11203328,256,6000,33.480
2026-07-18T00:31:42.364Z,usb,1,848316260,43764,11203584,256,6000,33.480
2026-07-18T00:31:42.407Z,usb,1,848316260,43765,11203840,256,6000,33.480
2026-07-18T00:31:42.449Z,usb,1,848316260,43766,11204096,256,6000,33.480
2026-07-18T00:31:42.492Z,usb,1,848316260,43767,11204352,256,6000,33.480
2026-07-18T00:31:42.534Z,usb,1,848316260,43768,11204608,256,6000,33.480
2026-07-18T00:31:42.576Z,usb,1,848316260,43769,11204864,256,6000,33.480
2026-07-18T00:31:42.619Z,usb,1,848316260,43770,11205120,256,6000,33.480
2026-07-18T00:31:42.662Z,usb,1,848316260,43771,11205376,256,6000,33.480
2026-07-18T00:31:42.704Z,usb,1,848316260,43772,11205632,256,6000,33.480
2026-07-18T00:31:42.747Z,usb,1,848316260,43773,11205888,256,6000,33.480
2026-07-18T00:31:42.789Z,usb,1,848316260,43774,11206144,256,6000,33.480
2026-07-18T00:31:42.832Z,usb,1,848316260,43775,11206400,256,6000,33.480
2026-07-18T00:31:42.875Z,usb,1,848316260,43776,11206656,256,6000,33.480
2026-07-18T00:31:42.917Z,usb,1,848316260,43777,11206912,256,6000,33.480
2026-07-18T00:31:42.959Z,usb,1,848316260,43778,11207168,256,6000,33.480
2026-07-18T00:31:43.002Z,usb,1,848316260,43779,11207424,256,6000,33.480
2026-07-18T00:31:43.045Z,usb,1,848316260,43780,11207680,256,6000,33.480
2026-07-18T00:31:43.087Z,usb,1,848316260,43781,11207936,256,6000,33.480
2026-07-18T00:31:43.130Z,usb,1,848316260,43782,11208192,256,6000,33.480
2026-07-18T00:31:43.172Z,usb,1,848316260,43783,11208448,256,6000,33.480
2026-07-18T00:31:43.215Z,usb,1,848316260,43784,11208704,256,6000,33.480
2026-07-18T00:31:43.257Z,usb,1,848316260,43785,11208960,256,6000,33.480
2026-07-18T00:31:43.300Z,usb,1,848316260,43786,11209216,256,6000,33.480
2026-07-18T00:31:43.342Z,usb,1,848316260,43787,11209472,256,6000,33.480
2026-07-18T00:31:43.385Z,usb,1,848316260,43788,11209728,256,6000,33.480
2026-07-18T00:31:43.427Z,usb,1,848316260,43789,11209984,256,6000,33.480
2026-07-18T00:31:43.470Z,usb,1,848316260,43790,11210240,256,6000,33.480
2026-07-18T00:31:43.512Z,usb,1,848316260,43791,11210496,256,6000,33.480
2026-07-18T00:31:43.555Z,usb,1,848316260,43792,11210752,256,6000,33.480
2026-07-18T00:31:43.597Z,usb,1,848316260,43793,11211008,256,6000,33.480
2026-07-18T00:31:43.640Z,usb,1,848316260,43794,11211264,256,6000,33.480
2026-07-18T00:31:43.682Z,usb,1,848316260,43795,11211520,256,6000,33.480
2026-07-18T00:31:43.725Z,usb,1,848316260,43796,11211776,256,6000,33.480
2026-07-18T00:31:43.767Z,usb,1,848316260,43797,11212032,256,6000,33.480
2026-07-18T00:31:43.810Z,usb,1,848316260,43798,11212288,256,6000,33.480
2026-07-18T00:31:43.852Z,usb,1,848316260,43799,11212544,256,6000,33.480
2026-07-18T00:31:43.895Z,usb,1,848316260,43800,11212800,256,6000,33.480
2026-07-18T00:31:43.937Z,usb,1,848316260,43801,11213056,256,6000,33.480
2026-07-18T00:31:43.980Z,usb,1,848316260,43802,11213312,256,6000,33.480
2026-07-18T00:31:44.023Z,usb,1,848316260,43803,11213568,256,6000,33.480
2026-07-18T00:31:44.066Z,usb,1,848316260,43804,11213824,256,6000,33.480
2026-07-18T00:31:44.108Z,usb,1,848316260,43805,11214080,256,6000,33.480
2026-07-18T00:31:44.151Z,usb,1,848316260,43806,11214336,256,6000,33.480
2026-07-18T00:31:44.193Z,usb,1,848316260,43807,11214592,256,6000,33.480
2026-07-18T00:31:44.236Z,usb,1,848316260,43808,11214848,256,6000,33.480
2026-07-18T00:31:44.278Z,usb,1,848316260,43809,11215104,256,6000,33.480
2026-07-18T00:31:44.321Z,usb,1,848316260,43810,11215360,256,6000,33.480
2026-07-18T00:31:44.363Z,usb,1,848316260,43811,11215616,256,6000,33.480
2026-07-18T00:31:44.406Z,usb,1,848316260,43812,11215872,256,6000,33.480
2026-07-18T00:31:44.448Z,usb,1,848316260,43813,11216128,256,6000,33.480
2026-07-18T00:31:44.491Z,usb,1,848316260,43814,11216384,256,6000,33.480
2026-07-18T00:31:44.533Z,usb,1,848316260,43815,11216640,256,6000,33.480
2026-07-18T00:31:44.576Z,usb,1,848316260,43816,11216896,256,6000,33.480
2026-07-18T00:31:44.618Z,usb,1,848316260,43817,11217152,256,6000,33.480
2026-07-18T00:31:44.660Z,usb,1,848316260,43818,11217408,256,6000,33.480
2026-07-18T00:31:44.703Z,usb,1,848316260,43819,11217664,256,6000,33.480
2026-07-18T00:31:44.746Z,usb,1,848316260,43820,11217920,256,6000,33.480
2026-07-18T00:31:44.788Z,usb,1,848316260,43821,11218176,256,6000,33.480
2026-07-18T00:31:44.831Z,usb,1,848316260,43822,11218432,256,6000,33.480
2026-07-18T00:31:44.873Z,usb,1,848316260,43823,11218688,256,6000,33.480
2026-07-18T00:31:44.916Z,usb,1,848316260,43824,11218944,256,6000,33.480
2026-07-18T00:31:44.958Z,usb,1,848316260,43825,11219200,256,6000,33.480
2026-07-18T00:31:45.001Z,usb,1,848316260,43826,11219456,256,6000,33.480
2026-07-18T00:31:45.044Z,usb,1,848316260,43827,11219712,256,6000,33.470
2026-07-18T00:31:45.086Z,usb,1,848316260,43828,11219968,256,6000,33.470
2026-07-18T00:31:45.129Z,usb,1,848316260,43829,11220224,256,6000,33.470
2026-07-18T00:31:45.171Z,usb,1,848316260,43830,11220480,256,6000,33.470
2026-07-18T00:31:45.214Z,usb,1,848316260,43831,11220736,256,6000,33.470
2026-07-18T00:31:45.256Z,usb,1,848316260,43832,11220992,256,6000,33.470
2026-07-18T00:31:45.299Z,usb,1,848316260,43833,11221248,256,6000,33.470
2026-07-18T00:31:45.341Z,usb,1,848316260,43834,11221504,256,6000,33.470
2026-07-18T00:31:45.384Z,usb,1,848316260,43835,11221760,256,6000,33.470
2026-07-18T00:31:45.426Z,usb,1,848316260,43836,11222016,256,6000,33.470
2026-07-18T00:31:45.469Z,usb,1,848316260,43837,11222272,256,6000,33.470
2026-07-18T00:31:45.512Z,usb,1,848316260,43838,11222528,256,6000,33.470
2026-07-18T00:31:45.554Z,usb,1,848316260,43839,11222784,256,6000,33.470
2026-07-18T00:31:45.596Z,usb,1,848316260,43840,11223040,256,6000,33.470
2026-07-18T00:31:45.639Z,usb,1,848316260,43841,11223296,256,6000,33.470
2026-07-18T00:31:45.681Z,usb,1,848316260,43842,11223552,256,6000,33.470
2026-07-18T00:31:45.724Z,usb,1,848316260,43843,11223808,256,6000,33.470
2026-07-18T00:31:45.766Z,usb,1,848316260,43844,11224064,256,6000,33.470
2026-07-18T00:31:45.809Z,usb,1,848316260,43845,11224320,256,6000,33.470
2026-07-18T00:31:45.852Z,usb,1,848316260,43846,11224576,256,6000,33.470
2026-07-18T00:31:45.894Z,usb,1,848316260,43847,11224832,256,6000,33.470
2026-07-18T00:31:45.937Z,usb,1,848316260,43848,11225088,256,6000,33.470
2026-07-18T00:31:45.979Z,usb,1,848316260,43849,11225344,256,6000,33.470
2026-07-18T00:31:46.022Z,usb,1,848316260,43850,11225600,256,6000,33.470
2026-07-18T00:31:46.065Z,usb,1,848316260,43851,11225856,256,6000,33.480
2026-07-18T00:31:46.107Z,usb,1,848316260,43852,11226112,256,6000,33.480
2026-07-18T00:31:46.150Z,usb,1,848316260,43853,11226368,256,6000,33.480
2026-07-18T00:31:46.192Z,usb,1,848316260,43854,11226624,256,6000,33.480
2026-07-18T00:31:46.235Z,usb,1,848316260,43855,11226880,256,6000,33.480
2026-07-18T00:31:46.277Z,usb,1,848316260,43856,11227136,256,6000,33.480
2026-07-18T00:31:46.320Z,usb,1,848316260,43857,11227392,256,6000,33.480
2026-07-18T00:31:46.362Z,usb,1,848316260,43858,11227648,256,6000,33.480
2026-07-18T00:31:46.405Z,usb,1,848316260,43859,11227904,256,6000,33.480
2026-07-18T00:31:46.447Z,usb,1,848316260,43860,11228160,256,6000,33.480
2026-07-18T00:31:46.490Z,usb,1,848316260,43861,11228416,256,6000,33.480
2026-07-18T00:31:46.532Z,usb,1,848316260,43862,11228672,256,6000,33.480
2026-07-18T00:31:46.575Z,usb,1,848316260,43863,11228928,256,6000,33.480
2026-07-18T00:31:46.617Z,usb,1,848316260,43864,11229184,256,6000,33.480
2026-07-18T00:31:46.660Z,usb,1,848316260,43865,11229440,256,6000,33.480
2026-07-18T00:31:46.702Z,usb,1,848316260,43866,11229696,256,6000,33.480
2026-07-18T00:31:46.745Z,usb,1,848316260,43867,11229952,256,6000,33.480
2026-07-18T00:31:46.787Z,usb,1,848316260,43868,11230208,256,6000,33.480
2026-07-18T00:31:46.830Z,usb,1,848316260,43869,11230464,256,6000,33.480
2026-07-18T00:31:46.872Z,usb,1,848316260,43870,11230720,256,6000,33.480
2026-07-18T00:31:46.915Z,usb,1,848316260,43871,11230976,256,6000,33.480
2026-07-18T00:31:46.957Z,usb,1,848316260,43872,11231232,256,6000,33.480
2026-07-18T00:31:47.000Z,usb,1,848316260,43873,11231488,256,6000,33.480
2026-07-18T00:31:47.042Z,usb,1,848316260,43874,11231744,256,6000,33.480
2026-07-18T00:31:47.085Z,usb,1,848316260,43875,11232000,256,6000,33.480
2026-07-18T00:31:47.128Z,usb,1,848316260,43876,11232256,256,6000,33.480
2026-07-18T00:31:47.170Z,usb,1,848316260,43877,11232512,256,6000,33.480
2026-07-18T00:31:47.213Z,usb,1,848316260,43878,11232768,256,6000,33.480
2026-07-18T00:31:47.255Z,usb,1,848316260,43879,11233024,256,6000,33.480
2026-07-18T00:31:47.298Z,usb,1,848316260,43880,11233280,256,6000,33.480
2026-07-18T00:31:47.340Z,usb,1,848316260,43881,11233536,256,6000,33.480
2026-07-18T00:31:47.383Z,usb,1,848316260,43882,11233792,256,6000,33.480
2026-07-18T00:31:47.425Z,usb,1,848316260,43883,11234048,256,6000,33.480
2026-07-18T00:31:47.468Z,usb,1,848316260,43884,11234304,256,6000,33.480
2026-07-18T00:31:47.510Z,usb,1,848316260,43885,11234560,256,6000,33.480
2026-07-18T00:31:47.553Z,usb,1,848316260,43886,11234816,256,6000,33.480
2026-07-18T00:31:47.595Z,usb,1,848316260,43887,11235072,256,6000,33.480
2026-07-18T00:31:47.638Z,usb,1,848316260,43888,11235328,256,6000,33.480
2026-07-18T00:31:47.680Z,usb,1,848316260,43889,11235584,256,6000,33.480
2026-07-18T00:31:47.723Z,usb,1,848316260,43890,11235840,256,6000,33.480
2026-07-18T00:31:47.768Z,usb,1,848316260,43891,11236096,256,6000,33.480
2026-07-18T00:31:47.808Z,usb,1,848316260,43892,11236352,256,6000,33.480
2026-07-18T00:31:47.850Z,usb,1,848316260,43893,11236608,256,6000,33.480
2026-07-18T00:31:47.893Z,usb,1,848316260,43894,11236864,256,6000,33.480
2026-07-18T00:31:47.935Z,usb,1,848316260,43895,11237120,256,6000,33.480
2026-07-18T00:31:47.978Z,usb,1,848316260,43896,11237376,256,6000,33.480
2026-07-18T00:31:48.020Z,usb,1,848316260,43897,11237632,256,6000,33.480
2026-07-18T00:31:48.063Z,usb,1,848316260,43898,11237888,256,6000,33.480
2026-07-18T00:31:48.107Z,usb,1,848316260,43899,11238144,256,6000,33.470
2026-07-18T00:31:48.149Z,usb,1,848316260,43900,11238400,256,6000,33.470
2026-07-18T00:31:48.191Z,usb,1,848316260,43901,11238656,256,6000,33.470
2026-07-18T00:31:48.234Z,usb,1,848316260,43902,11238912,256,6000,33.470
2026-07-18T00:31:48.276Z,usb,1,848316260,43903,11239168,256,6000,33.470
2026-07-18T00:31:48.319Z,usb,1,848316260,43904,11239424,256,6000,33.470
2026-07-18T00:31:48.361Z,usb,1,848316260,43905,11239680,256,6000,33.470
2026-07-18T00:31:48.404Z,usb,1,848316260,43906,11239936,256,6000,33.470
2026-07-18T00:31:48.446Z,usb,1,848316260,43907,11240192,256,6000,33.470
2026-07-18T00:31:48.489Z,usb,1,848316260,43908,11240448,256,6000,33.470
2026-07-18T00:31:48.531Z,usb,1,848316260,43909,11240704,256,6000,33.470
2026-07-18T00:31:48.574Z,usb,1,848316260,43910,11240960,256,6000,33.470
2026-07-18T00:31:48.616Z,usb,1,848316260,43911,11241216,256,6000,33.470
2026-07-18T00:31:48.659Z,usb,1,848316260,43912,11241472,256,6000,33.470
2026-07-18T00:31:48.701Z,usb,1,848316260,43913,11241728,256,6000,33.470
2026-07-18T00:31:48.744Z,usb,1,848316260,43914,11241984,256,6000,33.470
2026-07-18T00:31:48.786Z,usb,1,848316260,43915,11242240,256,6000,33.470
2026-07-18T00:31:48.829Z,usb,1,848316260,43916,11242496,256,6000,33.470
2026-07-18T00:31:48.871Z,usb,1,848316260,43917,11242752,256,6000,33.470
2026-07-18T00:31:48.914Z,usb,1,848316260,43918,11243008,256,6000,33.470
2026-07-18T00:31:48.956Z,usb,1,848316260,43919,11243264,256,6000,33.470
2026-07-18T00:31:48.999Z,usb,1,848316260,43920,11243520,256,6000,33.470
2026-07-18T00:31:49.041Z,usb,1,848316260,43921,11243776,256,6000,33.470
2026-07-18T00:31:49.084Z,usb,1,848316260,43922,11244032,256,6000,33.470
2026-07-18T00:31:49.127Z,usb,1,848316260,43923,11244288,256,6000,33.480
2026-07-18T00:31:49.169Z,usb,1,848316260,43924,11244544,256,6000,33.480
2026-07-18T00:31:49.212Z,usb,1,848316260,43925,11244800,256,6000,33.480
2026-07-18T00:31:49.254Z,usb,1,848316260,43926,11245056,256,6000,33.480
2026-07-18T00:31:49.297Z,usb,1,848316260,43927,11245312,256,6000,33.480
2026-07-18T00:31:49.339Z,usb,1,848316260,43928,11245568,256,6000,33.480
2026-07-18T00:31:49.382Z,usb,1,848316260,43929,11245824,256,6000,33.480
2026-07-18T00:31:49.424Z,usb,1,848316260,43930,11246080,256,6000,33.480
2026-07-18T00:31:49.467Z,usb,1,848316260,43931,11246336,256,6000,33.480
2026-07-18T00:31:49.509Z,usb,1,848316260,43932,11246592,256,6000,33.480
2026-07-18T00:31:49.552Z,usb,1,848316260,43933,11246848,256,6000,33.480
2026-07-18T00:31:49.594Z,usb,1,848316260,43934,11247104,256,6000,33.480
2026-07-18T00:31:49.637Z,usb,1,848316260,43935,11247360,256,6000,33.480
2026-07-18T00:31:49.679Z,usb,1,848316260,43936,11247616,256,6000,33.480
2026-07-18T00:31:49.722Z,usb,1,848316260,43937,11247872,256,6000,33.480
2026-07-18T00:31:49.764Z,usb,1,848316260,43938,11248128,256,6000,33.480
2026-07-18T00:31:49.807Z,usb,1,848316260,43939,11248384,256,6000,33.480
2026-07-18T00:31:49.849Z,usb,1,848316260,43940,11248640,256,6000,33.480
2026-07-18T00:31:49.892Z,usb,1,848316260,43941,11248896,256,6000,33.480
2026-07-18T00:31:49.935Z,usb,1,848316260,43942,11249152,256,6000,33.480
2026-07-18T00:31:49.977Z,usb,1,848316260,43943,11249408,256,6000,33.480
2026-07-18T00:31:50.019Z,usb,1,848316260,43944,11249664,256,6000,33.480
2026-07-18T00:31:50.062Z,usb,1,848316260,43945,11249920,256,6000,33.480
2026-07-18T00:31:50.104Z,usb,1,848316260,43946,11250176,256,6000,33.480
2026-07-18T00:31:50.148Z,usb,1,848316260,43947,11250432,256,6000,33.480
2026-07-18T00:31:50.190Z,usb,1,848316260,43948,11250688,256,6000,33.480
2026-07-18T00:31:50.233Z,usb,1,848316260,43949,11250944,256,6000,33.480
2026-07-18T00:31:50.275Z,usb,1,848316260,43950,11251200,256,6000,33.480
2026-07-18T00:31:50.318Z,usb,1,848316260,43951,11251456,256,6000,33.480
2026-07-18T00:31:50.360Z,usb,1,848316260,43952,11251712,256,6000,33.480
2026-07-18T00:31:50.403Z,usb,1,848316260,43953,11251968,256,6000,33.480
2026-07-18T00:31:50.445Z,usb,1,848316260,43954,11252224,256,6000,33.480
2026-07-18T00:31:50.488Z,usb,1,848316260,43955,11252480,256,6000,33.480
2026-07-18T00:31:50.530Z,usb,1,848316260,43956,11252736,256,6000,33.480
2026-07-18T00:31:50.573Z,usb,1,848316260,43957,11252992,256,6000,33.480
2026-07-18T00:31:50.615Z,usb,1,848316260,43958,11253248,256,6000,33.480
2026-07-18T00:31:50.658Z,usb,1,848316260,43959,11253504,256,6000,33.480
2026-07-18T00:31:50.700Z,usb,1,848316260,43960,11253760,256,6000,33.480
2026-07-18T00:31:50.743Z,usb,1,848316260,43961,11254016,256,6000,33.480
2026-07-18T00:31:50.785Z,usb,1,848316260,43962,11254272,256,6000,33.480
2026-07-18T00:31:50.828Z,usb,1,848316260,43963,11254528,256,6000,33.480
2026-07-18T00:31:50.870Z,usb,1,848316260,43964,11254784,256,6000,33.480
2026-07-18T00:31:50.913Z,usb,1,848316260,43965,11255040,256,6000,33.480
2026-07-18T00:31:50.955Z,usb,1,848316260,43966,11255296,256,6000,33.480
2026-07-18T00:31:50.997Z,usb,1,848316260,43967,11255552,256,6000,33.480
2026-07-18T00:31:51.040Z,usb,1,848316260,43968,11255808,256,6000,33.480
2026-07-18T00:31:51.083Z,usb,1,848316260,43969,11256064,256,6000,33.480
2026-07-18T00:31:51.125Z,usb,1,848316260,43970,11256320,256,6000,33.480
2026-07-18T00:31:51.168Z,usb,1,848316260,43971,11256576,256,6000,33.480
2026-07-18T00:31:51.211Z,usb,1,848316260,43972,11256832,256,6000,33.480
2026-07-18T00:31:51.253Z,usb,1,848316260,43973,11257088,256,6000,33.480
2026-07-18T00:31:51.296Z,usb,1,848316260,43974,11257344,256,6000,33.480
2026-07-18T00:31:51.338Z,usb,1,848316260,43975,11257600,256,6000,33.480
2026-07-18T00:31:51.381Z,usb,1,848316260,43976,11257856,256,6000,33.480
2026-07-18T00:31:51.423Z,usb,1,848316260,43977,11258112,256,6000,33.480
2026-07-18T00:31:51.466Z,usb,1,848316260,43978,11258368,256,6000,33.480
2026-07-18T00:31:51.508Z,usb,1,848316260,43979,11258624,256,6000,33.480
2026-07-18T00:31:51.551Z,usb,1,848316260,43980,11258880,256,6000,33.480
2026-07-18T00:31:51.593Z,usb,1,848316260,43981,11259136,256,6000,33.480
2026-07-18T00:31:51.636Z,usb,1,848316260,43982,11259392,256,6000,33.480
2026-07-18T00:31:51.678Z,usb,1,848316260,43983,11259648,256,6000,33.480
2026-07-18T00:31:51.721Z,usb,1,848316260,43984,11259904,256,6000,33.480
2026-07-18T00:31:51.763Z,usb,1,848316260,43985,11260160,256,6000,33.480
2026-07-18T00:31:51.806Z,usb,1,848316260,43986,11260416,256,6000,33.480
2026-07-18T00:31:51.848Z,usb,1,848316260,43987,11260672,256,6000,33.480
2026-07-18T00:31:51.891Z,usb,1,848316260,43988,11260928,256,6000,33.480
2026-07-18T00:31:51.933Z,usb,1,848316260,43989,11261184,256,6000,33.480
2026-07-18T00:31:51.976Z,usb,1,848316260,43990,11261440,256,6000,33.480
2026-07-18T00:31:52.018Z,usb,1,848316260,43991,11261696,256,6000,33.480
2026-07-18T00:31:52.061Z,usb,1,848316260,43992,11261952,256,6000,33.480
2026-07-18T00:31:52.104Z,usb,1,848316260,43993,11262208,256,6000,33.480
2026-07-18T00:31:52.146Z,usb,1,848316260,43994,11262464,256,6000,33.480
2026-07-18T00:31:52.189Z,usb,1,848316260,43995,11262720,256,6000,33.480
2026-07-18T00:31:52.232Z,usb,1,848316260,43996,11262976,256,6000,33.480
2026-07-18T00:31:52.274Z,usb,1,848316260,43997,11263232,256,6000,33.480
2026-07-18T00:31:52.317Z,usb,1,848316260,43998,11263488,256,6000,33.480
2026-07-18T00:31:52.359Z,usb,1,848316260,43999,11263744,256,6000,33.480
2026-07-18T00:31:52.402Z,usb,1,848316260,44000,11264000,256,6000,33.480
2026-07-18T00:31:52.444Z,usb,1,848316260,44001,11264256,256,6000,33.480
2026-07-18T00:31:52.487Z,usb,1,848316260,44002,11264512,256,6000,33.480
2026-07-18T00:31:52.529Z,usb,1,848316260,44003,11264768,256,6000,33.480
2026-07-18T00:31:52.572Z,usb,1,848316260,44004,11265024,256,6000,33.480
2026-07-18T00:31:52.614Z,usb,1,848316260,44005,11265280,256,6000,33.480
2026-07-18T00:31:52.657Z,usb,1,848316260,44006,11265536,256,6000,33.480
2026-07-18T00:31:52.699Z,usb,1,848316260,44007,11265792,256,6000,33.480
2026-07-18T00:31:52.742Z,usb,1,848316260,44008,11266048,256,6000,33.480
2026-07-18T00:31:52.784Z,usb,1,848316260,44009,11266304,256,6000,33.480
2026-07-18T00:31:52.827Z,usb,1,848316260,44010,11266560,256,6000,33.480
2026-07-18T00:31:52.869Z,usb,1,848316260,44011,11266816,256,6000,33.480
2026-07-18T00:31:52.912Z,usb,1,848316260,44012,11267072,256,6000,33.480
2026-07-18T00:31:52.954Z,usb,1,848316260,44013,11267328,256,6000,33.480
2026-07-18T00:31:52.997Z,usb,1,848316260,44014,11267584,256,6000,33.480
2026-07-18T00:31:53.039Z,usb,1,848316260,44015,11267840,256,6000,33.480
2026-07-18T00:31:53.082Z,usb,1,848316260,44016,11268096,256,6000,33.480
2026-07-18T00:31:53.124Z,usb,1,848316260,44017,11268352,256,6000,33.480
2026-07-18T00:31:53.167Z,usb,1,848316260,44018,11268608,256,6000,33.480
2026-07-18T00:31:53.210Z,usb,1,848316260,44019,11268864,256,6000,33.480
2026-07-18T00:31:53.252Z,usb,1,848316260,44020,11269120,256,6000,33.480
2026-07-18T00:31:53.295Z,usb,1,848316260,44021,11269376,256,6000,33.480
2026-07-18T00:31:53.337Z,usb,1,848316260,44022,11269632,256,6000,33.480
2026-07-18T00:31:53.380Z,usb,1,848316260,44023,11269888,256,6000,33.480
2026-07-18T00:31:53.422Z,usb,1,848316260,44024,11270144,256,6000,33.480
2026-07-18T00:31:53.465Z,usb,1,848316260,44025,11270400,256,6000,33.480
2026-07-18T00:31:53.507Z,usb,1,848316260,44026,11270656,256,6000,33.480
2026-07-18T00:31:53.550Z,usb,1,848316260,44027,11270912,256,6000,33.480
2026-07-18T00:31:53.592Z,usb,1,848316260,44028,11271168,256,6000,33.480
2026-07-18T00:31:53.635Z,usb,1,848316260,44029,11271424,256,6000,33.480
2026-07-18T00:31:53.677Z,usb,1,848316260,44030,11271680,256,6000,33.480
2026-07-18T00:31:53.720Z,usb,1,848316260,44031,11271936,256,6000,33.480
2026-07-18T00:31:53.762Z,usb,1,848316260,44032,11272192,256,6000,33.480
2026-07-18T00:31:53.805Z,usb,1,848316260,44033,11272448,256,6000,33.480
2026-07-18T00:31:53.847Z,usb,1,848316260,44034,11272704,256,6000,33.480
2026-07-18T00:31:53.890Z,usb,1,848316260,44035,11272960,256,6000,33.480
2026-07-18T00:31:53.932Z,usb,1,848316260,44036,11273216,256,6000,33.480
2026-07-18T00:31:53.975Z,usb,1,848316260,44037,11273472,256,6000,33.480
2026-07-18T00:31:54.017Z,usb,1,848316260,44038,11273728,256,6000,33.480
2026-07-18T00:31:54.060Z,usb,1,848316260,44039,11273984,256,6000,33.480
2026-07-18T00:31:54.103Z,usb,1,848316260,44040,11274240,256,6000,33.480
2026-07-18T00:31:54.145Z,usb,1,848316260,44041,11274496,256,6000,33.480
2026-07-18T00:31:54.187Z,usb,1,848316260,44042,11274752,256,6000,33.480
2026-07-18T00:31:54.231Z,usb,1,848316260,44043,11275008,256,6000,33.480
2026-07-18T00:31:54.273Z,usb,1,848316260,44044,11275264,256,6000,33.480
2026-07-18T00:31:54.316Z,usb,1,848316260,44045,11275520,256,6000,33.480
2026-07-18T00:31:54.358Z,usb,1,848316260,44046,11275776,256,6000,33.480
2026-07-18T00:31:54.401Z,usb,1,848316260,44047,11276032,256,6000,33.480
2026-07-18T00:31:54.443Z,usb,1,848316260,44048,11276288,256,6000,33.480
2026-07-18T00:31:54.486Z,usb,1,848316260,44049,11276544,256,6000,33.480
2026-07-18T00:31:54.528Z,usb,1,848316260,44050,11276800,256,6000,33.480
2026-07-18T00:31:54.571Z,usb,1,848316260,44051,11277056,256,6000,33.480
2026-07-18T00:31:54.613Z,usb,1,848316260,44052,11277312,256,6000,33.480
2026-07-18T00:31:54.656Z,usb,1,848316260,44053,11277568,256,6000,33.480
2026-07-18T00:31:54.698Z,usb,1,848316260,44054,11277824,256,6000,33.480
2026-07-18T00:31:54.741Z,usb,1,848316260,44055,11278080,256,6000,33.480
2026-07-18T00:31:54.783Z,usb,1,848316260,44056,11278336,256,6000,33.480
2026-07-18T00:31:54.826Z,usb,1,848316260,44057,11278592,256,6000,33.480
2026-07-18T00:31:54.868Z,usb,1,848316260,44058,11278848,256,6000,33.480
2026-07-18T00:31:54.911Z,usb,1,848316260,44059,11279104,256,6000,33.480
2026-07-18T00:31:54.953Z,usb,1,848316260,44060,11279360,256,6000,33.480
2026-07-18T00:31:54.996Z,usb,1,848316260,44061,11279616,256,6000,33.480
2026-07-18T00:31:55.038Z,usb,1,848316260,44062,11279872,256,6000,33.480
2026-07-18T00:31:55.081Z,usb,1,848316260,44063,11280128,256,6000,33.480
2026-07-18T00:31:55.123Z,usb,1,848316260,44064,11280384,256,6000,33.480
2026-07-18T00:31:55.166Z,usb,1,848316260,44065,11280640,256,6000,33.480
2026-07-18T00:31:55.208Z,usb,1,848316260,44066,11280896,256,6000,33.480
2026-07-18T00:31:55.251Z,usb,1,848316260,44067,11281152,256,6000,33.480
2026-07-18T00:31:55.294Z,usb,1,848316260,44068,11281408,256,6000,33.480
2026-07-18T00:31:55.336Z,usb,1,848316260,44069,11281664,256,6000,33.480
2026-07-18T00:31:55.379Z,usb,1,848316260,44070,11281920,256,6000,33.480
2026-07-18T00:31:55.421Z,usb,1,848316260,44071,11282176,256,6000,33.480
2026-07-18T00:31:55.464Z,usb,1,848316260,44072,11282432,256,6000,33.480
2026-07-18T00:31:55.506Z,usb,1,848316260,44073,11282688,256,6000,33.480
2026-07-18T00:31:55.549Z,usb,1,848316260,44074,11282944,256,6000,33.480
2026-07-18T00:31:55.591Z,usb,1,848316260,44075,11283200,256,6000,33.480
2026-07-18T00:31:55.634Z,usb,1,848316260,44076,11283456,256,6000,33.480
2026-07-18T00:31:55.676Z,usb,1,848316260,44077,11283712,256,6000,33.480
2026-07-18T00:31:55.719Z,usb,1,848316260,44078,11283968,256,6000,33.480
2026-07-18T00:31:55.761Z,usb,1,848316260,44079,11284224,256,6000,33.480
2026-07-18T00:31:55.804Z,usb,1,848316260,44080,11284480,256,6000,33.480
2026-07-18T00:31:55.846Z,usb,1,848316260,44081,11284736,256,6000,33.480
2026-07-18T00:31:55.889Z,usb,1,848316260,44082,11284992,256,6000,33.480
2026-07-18T00:31:55.931Z,usb,1,848316260,44083,11285248,256,6000,33.480
2026-07-18T00:31:55.974Z,usb,1,848316260,44084,11285504,256,6000,33.480
2026-07-18T00:31:56.016Z,usb,1,848316260,44085,11285760,256,6000,33.480
2026-07-18T00:31:56.059Z,usb,1,848316260,44086,11286016,256,6000,33.480
2026-07-18T00:31:56.101Z,usb,1,848316260,44087,11286272,256,6000,33.480
2026-07-18T00:31:56.144Z,usb,1,848316260,44088,11286528,256,6000,33.480
2026-07-18T00:31:56.186Z,usb,1,848316260,44089,11286784,256,6000,33.480
2026-07-18T00:31:56.229Z,usb,1,848316260,44090,11287040,256,6000,33.480
2026-07-18T00:31:56.272Z,usb,1,848316260,44091,11287296,256,6000,33.480
2026-07-18T00:31:56.315Z,usb,1,848316260,44092,11287552,256,6000,33.480
2026-07-18T00:31:56.357Z,usb,1,848316260,44093,11287808,256,6000,33.480
2026-07-18T00:31:56.400Z,usb,1,848316260,44094,11288064,256,6000,33.480
2026-07-18T00:31:56.442Z,usb,1,848316260,44095,11288320,256,6000,33.480
2026-07-18T00:31:56.485Z,usb,1,848316260,44096,11288576,256,6000,33.480
2026-07-18T00:31:56.527Z,usb,1,848316260,44097,11288832,256,6000,33.480
2026-07-18T00:31:56.570Z,usb,1,848316260,44098,11289088,256,6000,33.480
2026-07-18T00:31:56.612Z,usb,1,848316260,44099,11289344,256,6000,33.480
2026-07-18T00:31:56.655Z,usb,1,848316260,44100,11289600,256,6000,33.480
2026-07-18T00:31:56.697Z,usb,1,848316260,44101,11289856,256,6000,33.480
2026-07-18T00:31:56.740Z,usb,1,848316260,44102,11290112,256,6000,33.480
2026-07-18T00:31:56.782Z,usb,1,848316260,44103,11290368,256,6000,33.480
2026-07-18T00:31:56.825Z,usb,1,848316260,44104,11290624,256,6000,33.480
2026-07-18T00:31:56.867Z,usb,1,848316260,44105,11290880,256,6000,33.480
2026-07-18T00:31:56.910Z,usb,1,848316260,44106,11291136,256,6000,33.480
2026-07-18T00:31:56.952Z,usb,1,848316260,44107,11291392,256,6000,33.480
2026-07-18T00:31:56.995Z,usb,1,848316260,44108,11291648,256,6000,33.480
2026-07-18T00:31:57.037Z,usb,1,848316260,44109,11291904,256,6000,33.480
2026-07-18T00:31:57.080Z,usb,1,848316260,44110,11292160,256,6000,33.480
2026-07-18T00:31:57.122Z,usb,1,848316260,44111,11292416,256,6000,33.480
2026-07-18T00:31:57.165Z,usb,1,848316260,44112,11292672,256,6000,33.480
2026-07-18T00:31:57.207Z,usb,1,848316260,44113,11292928,256,6000,33.480
2026-07-18T00:31:57.250Z,usb,1,848316260,44114,11293184,256,6000,33.480
2026-07-18T00:31:57.293Z,usb,1,848316260,44115,11293440,256,6000,33.480
2026-07-18T00:31:57.335Z,usb,1,848316260,44116,11293696,256,6000,33.480
2026-07-18T00:31:57.378Z,usb,1,848316260,44117,11293952,256,6000,33.480
2026-07-18T00:31:57.420Z,usb,1,848316260,44118,11294208,256,6000,33.480
2026-07-18T00:31:57.463Z,usb,1,848316260,44119,11294464,256,6000,33.480
2026-07-18T00:31:57.505Z,usb,1,848316260,44120,11294720,256,6000,33.480
2026-07-18T00:31:57.548Z,usb,1,848316260,44121,11294976,256,6000,33.480
2026-07-18T00:31:57.590Z,usb,1,848316260,44122,11295232,256,6000,33.480
2026-07-18T00:31:57.633Z,usb,1,848316260,44123,11295488,256,6000,33.480
2026-07-18T00:31:57.675Z,usb,1,848316260,44124,11295744,256,6000,33.480
2026-07-18T00:31:57.718Z,usb,1,848316260,44125,11296000,256,6000,33.480
2026-07-18T00:31:57.760Z,usb,1,848316260,44126,11296256,256,6000,33.480
2026-07-18T00:31:57.803Z,usb,1,848316260,44127,11296512,256,6000,33.480
2026-07-18T00:31:57.845Z,usb,1,848316260,44128,11296768,256,6000,33.480
2026-07-18T00:31:57.888Z,usb,1,848316260,44129,11297024,256,6000,33.480
2026-07-18T00:31:57.930Z,usb,1,848316260,44130,11297280,256,6000,33.480
2026-07-18T00:31:57.973Z,usb,1,848316260,44131,11297536,256,6000,33.480
2026-07-18T00:31:58.015Z,usb,1,848316260,44132,11297792,256,6000,33.480
2026-07-18T00:31:58.058Z,usb,1,848316260,44133,11298048,256,6000,33.480
2026-07-18T00:31:58.100Z,usb,1,848316260,44134,11298304,256,6000,33.480
2026-07-18T00:31:58.143Z,usb,1,848316260,44135,11298560,256,6000,33.480
2026-07-18T00:31:58.185Z,usb,1,848316260,44136,11298816,256,6000,33.480
2026-07-18T00:31:58.228Z,usb,1,848316260,44137,11299072,256,6000,33.480
2026-07-18T00:31:58.270Z,usb,1,848316260,44138,11299328,256,6000,33.480
2026-07-18T00:31:58.314Z,usb,1,848316260,44139,11299584,256,6000,33.480
2026-07-18T00:31:58.356Z,usb,1,848316260,44140,11299840,256,6000,33.480
2026-07-18T00:31:58.399Z,usb,1,848316260,44141,11300096,256,6000,33.480
2026-07-18T00:31:58.441Z,usb,1,848316260,44142,11300352,256,6000,33.480
2026-07-18T00:31:58.484Z,usb,1,848316260,44143,11300608,256,6000,33.480
2026-07-18T00:31:58.526Z,usb,1,848316260,44144,11300864,256,6000,33.480
2026-07-18T00:31:58.568Z,usb,1,848316260,44145,11301120,256,6000,33.480
2026-07-18T00:31:58.611Z,usb,1,848316260,44146,11301376,256,6000,33.480
2026-07-18T00:31:58.654Z,usb,1,848316260,44147,11301632,256,6000,33.480
2026-07-18T00:31:58.696Z,usb,1,848316260,44148,11301888,256,6000,33.480
2026-07-18T00:31:58.739Z,usb,1,848316260,44149,11302144,256,6000,33.480
2026-07-18T00:31:58.781Z,usb,1,848316260,44150,11302400,256,6000,33.480
2026-07-18T00:31:58.824Z,usb,1,848316260,44151,11302656,256,6000,33.480
2026-07-18T00:31:58.866Z,usb,1,848316260,44152,11302912,256,6000,33.480
2026-07-18T00:31:58.909Z,usb,1,848316260,44153,11303168,256,6000,33.480
2026-07-18T00:31:58.951Z,usb,1,848316260,44154,11303424,256,6000,33.480
2026-07-18T00:31:58.993Z,usb,1,848316260,44155,11303680,256,6000,33.480
2026-07-18T00:31:59.036Z,usb,1,848316260,44156,11303936,256,6000,33.480
2026-07-18T00:31:59.079Z,usb,1,848316260,44157,11304192,256,6000,33.480
2026-07-18T00:31:59.121Z,usb,1,848316260,44158,11304448,256,6000,33.480
2026-07-18T00:31:59.164Z,usb,1,848316260,44159,11304704,256,6000,33.480
2026-07-18T00:31:59.206Z,usb,1,848316260,44160,11304960,256,6000,33.480
2026-07-18T00:31:59.249Z,usb,1,848316260,44161,11305216,256,6000,33.480
2026-07-18T00:31:59.291Z,usb,1,848316260,44162,11305472,256,6000,33.480
2026-07-18T00:31:59.334Z,usb,1,848316260,44163,11305728,256,6000,33.470
2026-07-18T00:31:59.377Z,usb,1,848316260,44164,11305984,256,6000,33.470
2026-07-18T00:31:59.419Z,usb,1,848316260,44165,11306240,256,6000,33.470
2026-07-18T00:31:59.462Z,usb,1,848316260,44166,11306496,256,6000,33.470
2026-07-18T00:31:59.504Z,usb,1,848316260,44167,11306752,256,6000,33.470
2026-07-18T00:31:59.548Z,usb,1,848316260,44168,11307008,256,6000,33.470
2026-07-18T00:31:59.589Z,usb,1,848316260,44169,11307264,256,6000,33.470
2026-07-18T00:31:59.632Z,usb,1,848316260,44170,11307520,256,6000,33.470
2026-07-18T00:31:59.674Z,usb,1,848316260,44171,11307776,256,6000,33.470
2026-07-18T00:31:59.717Z,usb,1,848316260,44172,11308032,256,6000,33.470
2026-07-18T00:31:59.759Z,usb,1,848316260,44173,11308288,256,6000,33.470
2026-07-18T00:31:59.802Z,usb,1,848316260,44174,11308544,256,6000,33.470
2026-07-18T00:31:59.844Z,usb,1,848316260,44175,11308800,256,6000,33.470
2026-07-18T00:31:59.887Z,usb,1,848316260,44176,11309056,256,6000,33.470
2026-07-18T00:31:59.929Z,usb,1,848316260,44177,11309312,256,6000,33.470
2026-07-18T00:31:59.972Z,usb,1,848316260,44178,11309568,256,6000,33.470
2026-07-18T00:32:00.015Z,usb,1,848316260,44179,11309824,256,6000,33.470
2026-07-18T00:32:00.057Z,usb,1,848316260,44180,11310080,256,6000,33.470
2026-07-18T00:32:00.099Z,usb,1,848316260,44181,11310336,256,6000,33.470
2026-07-18T00:32:00.142Z,usb,1,848316260,44182,11310592,256,6000,33.470
2026-07-18T00:32:00.184Z,usb,1,848316260,44183,11310848,256,6000,33.470
2026-07-18T00:32:00.227Z,usb,1,848316260,44184,11311104,256,6000,33.470
2026-07-18T00:32:00.269Z,usb,1,848316260,44185,11311360,256,6000,33.470
2026-07-18T00:32:00.312Z,usb,1,848316260,44186,11311616,256,6000,33.470
2026-07-18T00:32:00.355Z,usb,1,848316260,44187,11311872,256,6000,33.480
2026-07-18T00:32:00.397Z,usb,1,848316260,44188,11312128,256,6000,33.480
2026-07-18T00:32:00.440Z,usb,1,848316260,44189,11312384,256,6000,33.480
2026-07-18T00:32:00.483Z,usb,1,848316260,44190,11312640,256,6000,33.480
2026-07-18T00:32:00.525Z,usb,1,848316260,44191,11312896,256,6000,33.480
2026-07-18T00:32:00.568Z,usb,1,848316260,44192,11313152,256,6000,33.480
2026-07-18T00:32:00.610Z,usb,1,848316260,44193,11313408,256,6000,33.480
2026-07-18T00:32:00.653Z,usb,1,848316260,44194,11313664,256,6000,33.480
2026-07-18T00:32:00.695Z,usb,1,848316260,44195,11313920,256,6000,33.480
2026-07-18T00:32:00.738Z,usb,1,848316260,44196,11314176,256,6000,33.480
2026-07-18T00:32:00.780Z,usb,1,848316260,44197,11314432,256,6000,33.480
2026-07-18T00:32:00.822Z,usb,1,848316260,44198,11314688,256,6000,33.480
2026-07-18T00:32:00.865Z,usb,1,848316260,44199,11314944,256,6000,33.480
2026-07-18T00:32:00.908Z,usb,1,848316260,44200,11315200,256,6000,33.480
2026-07-18T00:32:00.950Z,usb,1,848316260,44201,11315456,256,6000,33.480
2026-07-18T00:32:00.993Z,usb,1,848316260,44202,11315712,256,6000,33.480
2026-07-18T00:32:01.035Z,usb,1,848316260,44203,11315968,256,6000,33.480
2026-07-18T00:32:01.077Z,usb,1,848316260,44204,11316224,256,6000,33.480
2026-07-18T00:32:01.120Z,usb,1,848316260,44205,11316480,256,6000,33.480
2026-07-18T00:32:01.163Z,usb,1,848316260,44206,11316736,256,6000,33.480
2026-07-18T00:32:01.205Z,usb,1,848316260,44207,11316992,256,6000,33.480
2026-07-18T00:32:01.248Z,usb,1,848316260,44208,11317248,256,6000,33.480
2026-07-18T00:32:01.290Z,usb,1,848316260,44209,11317504,256,6000,33.480
2026-07-18T00:32:01.333Z,usb,1,848316260,44210,11317760,256,6000,33.480
2026-07-18T00:32:01.376Z,usb,1,848316260,44211,11318016,256,6000,33.480
2026-07-18T00:32:01.418Z,usb,1,848316260,44212,11318272,256,6000,33.480
2026-07-18T00:32:01.461Z,usb,1,848316260,44213,11318528,256,6000,33.480
2026-07-18T00:32:01.503Z,usb,1,848316260,44214,11318784,256,6000,33.480
2026-07-18T00:32:01.546Z,usb,1,848316260,44215,11319040,256,6000,33.480
2026-07-18T00:32:01.588Z,usb,1,848316260,44216,11319296,256,6000,33.480
2026-07-18T00:32:01.631Z,usb,1,848316260,44217,11319552,256,6000,33.480
2026-07-18T00:32:01.674Z,usb,1,848316260,44218,11319808,256,6000,33.480
2026-07-18T00:32:01.716Z,usb,1,848316260,44219,11320064,256,6000,33.480
2026-07-18T00:32:01.758Z,usb,1,848316260,44220,11320320,256,6000,33.480
2026-07-18T00:32:01.801Z,usb,1,848316260,44221,11320576,256,6000,33.480
2026-07-18T00:32:01.843Z,usb,1,848316260,44222,11320832,256,6000,33.480
2026-07-18T00:32:01.886Z,usb,1,848316260,44223,11321088,256,6000,33.480
2026-07-18T00:32:01.928Z,usb,1,848316260,44224,11321344,256,6000,33.480
2026-07-18T00:32:01.971Z,usb,1,848316260,44225,11321600,256,6000,33.480
2026-07-18T00:32:02.013Z,usb,1,848316260,44226,11321856,256,6000,33.480
2026-07-18T00:32:02.056Z,usb,1,848316260,44227,11322112,256,6000,33.480
2026-07-18T00:32:02.098Z,usb,1,848316260,44228,11322368,256,6000,33.480
2026-07-18T00:32:02.141Z,usb,1,848316260,44229,11322624,256,6000,33.480
2026-07-18T00:32:02.185Z,usb,1,848316260,44230,11322880,256,6000,33.480
2026-07-18T00:32:02.226Z,usb,1,848316260,44231,11323136,256,6000,33.480
2026-07-18T00:32:02.268Z,usb,1,848316260,44232,11323392,256,6000,33.480
2026-07-18T00:32:02.311Z,usb,1,848316260,44233,11323648,256,6000,33.480
2026-07-18T00:32:02.353Z,usb,1,848316260,44234,11323904,256,6000,33.480
2026-07-18T00:32:02.397Z,usb,1,848316260,44235,11324160,256,6000,33.470
2026-07-18T00:32:02.439Z,usb,1,848316260,44236,11324416,256,6000,33.470
2026-07-18T00:32:02.482Z,usb,1,848316260,44237,11324672,256,6000,33.470
2026-07-18T00:32:02.524Z,usb,1,848316260,44238,11324928,256,6000,33.470
2026-07-18T00:32:02.567Z,usb,1,848316260,44239,11325184,256,6000,33.470
2026-07-18T00:32:02.609Z,usb,1,848316260,44240,11325440,256,6000,33.470
2026-07-18T00:32:02.652Z,usb,1,848316260,44241,11325696,256,6000,33.470
2026-07-18T00:32:02.694Z,usb,1,848316260,44242,11325952,256,6000,33.470
2026-07-18T00:32:02.737Z,usb,1,848316260,44243,11326208,256,6000,33.470
2026-07-18T00:32:02.779Z,usb,1,848316260,44244,11326464,256,6000,33.470
2026-07-18T00:32:02.822Z,usb,1,848316260,44245,11326720,256,6000,33.470
2026-07-18T00:32:02.864Z,usb,1,848316260,44246,11326976,256,6000,33.470
2026-07-18T00:32:02.907Z,usb,1,848316260,44247,11327232,256,6000,33.470
2026-07-18T00:32:02.949Z,usb,1,848316260,44248,11327488,256,6000,33.470
2026-07-18T00:32:02.992Z,usb,1,848316260,44249,11327744,256,6000,33.470
2026-07-18T00:32:03.034Z,usb,1,848316260,44250,11328000,256,6000,33.470
2026-07-18T00:32:03.077Z,usb,1,848316260,44251,11328256,256,6000,33.470
2026-07-18T00:32:03.119Z,usb,1,848316260,44252,11328512,256,6000,33.470
2026-07-18T00:32:03.162Z,usb,1,848316260,44253,11328768,256,6000,33.470
2026-07-18T00:32:03.204Z,usb,1,848316260,44254,11329024,256,6000,33.470
2026-07-18T00:32:03.247Z,usb,1,848316260,44255,11329280,256,6000,33.470
2026-07-18T00:32:03.289Z,usb,1,848316260,44256,11329536,256,6000,33.470
2026-07-18T00:32:03.332Z,usb,1,848316260,44257,11329792,256,6000,33.470
2026-07-18T00:32:03.374Z,usb,1,848316260,44258,11330048,256,6000,33.470
2026-07-18T00:32:03.417Z,usb,1,848316260,44259,11330304,256,6000,33.480
2026-07-18T00:32:03.460Z,usb,1,848316260,44260,11330560,256,6000,33.480
2026-07-18T00:32:03.502Z,usb,1,848316260,44261,11330816,256,6000,33.480
2026-07-18T00:32:03.545Z,usb,1,848316260,44262,11331072,256,6000,33.480
2026-07-18T00:32:03.587Z,usb,1,848316260,44263,11331328,256,6000,33.480
2026-07-18T00:32:03.630Z,usb,1,848316260,44264,11331584,256,6000,33.480
2026-07-18T00:32:03.672Z,usb,1,848316260,44265,11331840,256,6000,33.480
2026-07-18T00:32:03.715Z,usb,1,848316260,44266,11332096,256,6000,33.480
2026-07-18T00:32:03.758Z,usb,1,848316260,44267,11332352,256,6000,33.480
2026-07-18T00:32:03.800Z,usb,1,848316260,44268,11332608,256,6000,33.480
2026-07-18T00:32:03.842Z,usb,1,848316260,44269,11332864,256,6000,33.480
2026-07-18T00:32:03.885Z,usb,1,848316260,44270,11333120,256,6000,33.480
2026-07-18T00:32:03.927Z,usb,1,848316260,44271,11333376,256,6000,33.480
2026-07-18T00:32:03.970Z,usb,1,848316260,44272,11333632,256,6000,33.480
2026-07-18T00:32:04.012Z,usb,1,848316260,44273,11333888,256,6000,33.480
2026-07-18T00:32:04.055Z,usb,1,848316260,44274,11334144,256,6000,33.480
2026-07-18T00:32:04.097Z,usb,1,848316260,44275,11334400,256,6000,33.480
2026-07-18T00:32:04.140Z,usb,1,848316260,44276,11334656,256,6000,33.480
2026-07-18T00:32:04.182Z,usb,1,848316260,44277,11334912,256,6000,33.480
2026-07-18T00:32:04.225Z,usb,1,848316260,44278,11335168,256,6000,33.480
2026-07-18T00:32:04.267Z,usb,1,848316260,44279,11335424,256,6000,33.480
2026-07-18T00:32:04.310Z,usb,1,848316260,44280,11335680,256,6000,33.480
2026-07-18T00:32:04.352Z,usb,1,848316260,44281,11335936,256,6000,33.480
2026-07-18T00:32:04.395Z,usb,1,848316260,44282,11336192,256,6000,33.480
2026-07-18T00:32:04.438Z,usb,1,848316260,44283,11336448,256,6000,33.480
2026-07-18T00:32:04.481Z,usb,1,848316260,44284,11336704,256,6000,33.480
2026-07-18T00:32:04.523Z,usb,1,848316260,44285,11336960,256,6000,33.480
2026-07-18T00:32:04.566Z,usb,1,848316260,44286,11337216,256,6000,33.480
2026-07-18T00:32:04.608Z,usb,1,848316260,44287,11337472,256,6000,33.480
2026-07-18T00:32:04.651Z,usb,1,848316260,44288,11337728,256,6000,33.480
2026-07-18T00:32:04.693Z,usb,1,848316260,44289,11337984,256,6000,33.480
2026-07-18T00:32:04.736Z,usb,1,848316260,44290,11338240,256,6000,33.480
2026-07-18T00:32:04.778Z,usb,1,848316260,44291,11338496,256,6000,33.480
2026-07-18T00:32:04.821Z,usb,1,848316260,44292,11338752,256,6000,33.480
2026-07-18T00:32:04.863Z,usb,1,848316260,44293,11339008,256,6000,33.480
2026-07-18T00:32:04.906Z,usb,1,848316260,44294,11339264,256,6000,33.480
2026-07-18T00:32:04.948Z,usb,1,848316260,44295,11339520,256,6000,33.480
2026-07-18T00:32:04.991Z,usb,1,848316260,44296,11339776,256,6000,33.480
2026-07-18T00:32:05.033Z,usb,1,848316260,44297,11340032,256,6000,33.480
2026-07-18T00:32:05.076Z,usb,1,848316260,44298,11340288,256,6000,33.480
2026-07-18T00:32:05.118Z,usb,1,848316260,44299,11340544,256,6000,33.480
2026-07-18T00:32:05.161Z,usb,1,848316260,44300,11340800,256,6000,33.480
2026-07-18T00:32:05.203Z,usb,1,848316260,44301,11341056,256,6000,33.480
2026-07-18T00:32:05.246Z,usb,1,848316260,44302,11341312,256,6000,33.480
2026-07-18T00:32:05.288Z,usb,1,848316260,44303,11341568,256,6000,33.480
2026-07-18T00:32:05.331Z,usb,1,848316260,44304,11341824,256,6000,33.480
2026-07-18T00:32:05.373Z,usb,1,848316260,44305,11342080,256,6000,33.480
2026-07-18T00:32:05.416Z,usb,1,848316260,44306,11342336,256,6000,33.480
2026-07-18T00:32:05.459Z,usb,1,848316260,44307,11342592,256,6000,33.480
2026-07-18T00:32:05.501Z,usb,1,848316260,44308,11342848,256,6000,33.480
2026-07-18T00:32:05.544Z,usb,1,848316260,44309,11343104,256,6000,33.480
2026-07-18T00:32:05.586Z,usb,1,848316260,44310,11343360,256,6000,33.480
2026-07-18T00:32:05.629Z,usb,1,848316260,44311,11343616,256,6000,33.480
2026-07-18T00:32:05.671Z,usb,1,848316260,44312,11343872,256,6000,33.480
2026-07-18T00:32:05.714Z,usb,1,848316260,44313,11344128,256,6000,33.480
2026-07-18T00:32:05.756Z,usb,1,848316260,44314,11344384,256,6000,33.480
2026-07-18T00:32:05.799Z,usb,1,848316260,44315,11344640,256,6000,33.480
2026-07-18T00:32:05.841Z,usb,1,848316260,44316,11344896,256,6000,33.480
2026-07-18T00:32:05.884Z,usb,1,848316260,44317,11345152,256,6000,33.480
2026-07-18T00:32:05.927Z,usb,1,848316260,44318,11345408,256,6000,33.480
2026-07-18T00:32:05.969Z,usb,1,848316260,44319,11345664,256,6000,33.480
2026-07-18T00:32:06.012Z,usb,1,848316260,44320,11345920,256,6000,33.480
2026-07-18T00:32:06.054Z,usb,1,848316260,44321,11346176,256,6000,33.480
2026-07-18T00:32:06.096Z,usb,1,848316260,44322,11346432,256,6000,33.480
2026-07-18T00:32:06.139Z,usb,1,848316260,44323,11346688,256,6000,33.480
2026-07-18T00:32:06.181Z,usb,1,848316260,44324,11346944,256,6000,33.480
2026-07-18T00:32:06.224Z,usb,1,848316260,44325,11347200,256,6000,33.480
2026-07-18T00:32:06.267Z,usb,1,848316260,44326,11347456,256,6000,33.480
2026-07-18T00:32:06.309Z,usb,1,848316260,44327,11347712,256,6000,33.480
2026-07-18T00:32:06.351Z,usb,1,848316260,44328,11347968,256,6000,33.480
2026-07-18T00:32:06.394Z,usb,1,848316260,44329,11348224,256,6000,33.480
2026-07-18T00:32:06.436Z,usb,1,848316260,44330,11348480,256,6000,33.480
2026-07-18T00:32:06.480Z,usb,1,848316260,44331,11348736,256,6000,33.480
2026-07-18T00:32:06.522Z,usb,1,848316260,44332,11348992,256,6000,33.480
2026-07-18T00:32:06.565Z,usb,1,848316260,44333,11349248,256,6000,33.480
2026-07-18T00:32:06.607Z,usb,1,848316260,44334,11349504,256,6000,33.480
2026-07-18T00:32:06.650Z,usb,1,848316260,44335,11349760,256,6000,33.480
2026-07-18T00:32:06.692Z,usb,1,848316260,44336,11350016,256,6000,33.480
2026-07-18T00:32:06.735Z,usb,1,848316260,44337,11350272,256,6000,33.480
2026-07-18T00:32:06.777Z,usb,1,848316260,44338,11350528,256,6000,33.480
2026-07-18T00:32:06.820Z,usb,1,848316260,44339,11350784,256,6000,33.480
2026-07-18T00:32:06.862Z,usb,1,848316260,44340,11351040,256,6000,33.480
2026-07-18T00:32:06.904Z,usb,1,848316260,44341,11351296,256,6000,33.480
2026-07-18T00:32:06.947Z,usb,1,848316260,44342,11351552,256,6000,33.480
2026-07-18T00:32:06.990Z,usb,1,848316260,44343,11351808,256,6000,33.480
2026-07-18T00:32:07.032Z,usb,1,848316260,44344,11352064,256,6000,33.480
2026-07-18T00:32:07.075Z,usb,1,848316260,44345,11352320,256,6000,33.480
2026-07-18T00:32:07.117Z,usb,1,848316260,44346,11352576,256,6000,33.480
2026-07-18T00:32:07.160Z,usb,1,848316260,44347,11352832,256,6000,33.480
2026-07-18T00:32:07.202Z,usb,1,848316260,44348,11353088,256,6000,33.480
2026-07-18T00:32:07.245Z,usb,1,848316260,44349,11353344,256,6000,33.480
2026-07-18T00:32:07.287Z,usb,1,848316260,44350,11353600,256,6000,33.480
2026-07-18T00:32:07.330Z,usb,1,848316260,44351,11353856,256,6000,33.480
2026-07-18T00:32:07.372Z,usb,1,848316260,44352,11354112,256,6000,33.480
2026-07-18T00:32:07.415Z,usb,1,848316260,44353,11354368,256,6000,33.480
2026-07-18T00:32:07.457Z,usb,1,848316260,44354,11354624,256,6000,33.480
2026-07-18T00:32:07.500Z,usb,1,848316260,44355,11354880,256,6000,33.480
2026-07-18T00:32:07.543Z,usb,1,848316260,44356,11355136,256,6000,33.480
2026-07-18T00:32:07.585Z,usb,1,848316260,44357,11355392,256,6000,33.480
2026-07-18T00:32:07.628Z,usb,1,848316260,44358,11355648,256,6000,33.480
2026-07-18T00:32:07.670Z,usb,1,848316260,44359,11355904,256,6000,33.480
2026-07-18T00:32:07.713Z,usb,1,848316260,44360,11356160,256,6000,33.480
2026-07-18T00:32:07.755Z,usb,1,848316260,44361,11356416,256,6000,33.480
2026-07-18T00:32:07.798Z,usb,1,848316260,44362,11356672,256,6000,33.480
2026-07-18T00:32:07.840Z,usb,1,848316260,44363,11356928,256,6000,33.480
2026-07-18T00:32:07.883Z,usb,1,848316260,44364,11357184,256,6000,33.480
2026-07-18T00:32:07.925Z,usb,1,848316260,44365,11357440,256,6000,33.480
2026-07-18T00:32:07.968Z,usb,1,848316260,44366,11357696,256,6000,33.480
2026-07-18T00:32:08.010Z,usb,1,848316260,44367,11357952,256,6000,33.480
2026-07-18T00:32:08.053Z,usb,1,848316260,44368,11358208,256,6000,33.480
2026-07-18T00:32:08.095Z,usb,1,848316260,44369,11358464,256,6000,33.480
2026-07-18T00:32:08.138Z,usb,1,848316260,44370,11358720,256,6000,33.480
2026-07-18T00:32:08.180Z,usb,1,848316260,44371,11358976,256,6000,33.480
2026-07-18T00:32:08.223Z,usb,1,848316260,44372,11359232,256,6000,33.480
2026-07-18T00:32:08.265Z,usb,1,848316260,44373,11359488,256,6000,33.480
2026-07-18T00:32:08.308Z,usb,1,848316260,44374,11359744,256,6000,33.480
2026-07-18T00:32:08.350Z,usb,1,848316260,44375,11360000,256,6000,33.480
2026-07-18T00:32:08.393Z,usb,1,848316260,44376,11360256,256,6000,33.480
2026-07-18T00:32:08.435Z,usb,1,848316260,44377,11360512,256,6000,33.480
2026-07-18T00:32:08.478Z,usb,1,848316260,44378,11360768,256,6000,33.480
2026-07-18T00:32:08.521Z,usb,1,848316260,44379,11361024,256,6000,33.480
2026-07-18T00:32:08.564Z,usb,1,848316260,44380,11361280,256,6000,33.480
2026-07-18T00:32:08.606Z,usb,1,848316260,44381,11361536,256,6000,33.480
2026-07-18T00:32:08.649Z,usb,1,848316260,44382,11361792,256,6000,33.480
2026-07-18T00:32:08.691Z,usb,1,848316260,44383,11362048,256,6000,33.480
2026-07-18T00:32:08.734Z,usb,1,848316260,44384,11362304,256,6000,33.480
2026-07-18T00:32:08.776Z,usb,1,848316260,44385,11362560,256,6000,33.480
2026-07-18T00:32:08.819Z,usb,1,848316260,44386,11362816,256,6000,33.480
2026-07-18T00:32:08.861Z,usb,1,848316260,44387,11363072,256,6000,33.480
2026-07-18T00:32:08.904Z,usb,1,848316260,44388,11363328,256,6000,33.480
2026-07-18T00:32:08.946Z,usb,1,848316260,44389,11363584,256,6000,33.480
2026-07-18T00:32:08.989Z,usb,1,848316260,44390,11363840,256,6000,33.480
2026-07-18T00:32:09.031Z,usb,1,848316260,44391,11364096,256,6000,33.480
2026-07-18T00:32:09.074Z,usb,1,848316260,44392,11364352,256,6000,33.480
2026-07-18T00:32:09.116Z,usb,1,848316260,44393,11364608,256,6000,33.480
2026-07-18T00:32:09.159Z,usb,1,848316260,44394,11364864,256,6000,33.480
2026-07-18T00:32:09.201Z,usb,1,848316260,44395,11365120,256,6000,33.480
2026-07-18T00:32:09.244Z,usb,1,848316260,44396,11365376,256,6000,33.480
2026-07-18T00:32:09.286Z,usb,1,848316260,44397,11365632,256,6000,33.480
2026-07-18T00:32:09.329Z,usb,1,848316260,44398,11365888,256,6000,33.480
2026-07-18T00:32:09.371Z,usb,1,848316260,44399,11366144,256,6000,33.480
2026-07-18T00:32:09.414Z,usb,1,848316260,44400,11366400,256,6000,33.480
2026-07-18T00:32:09.456Z,usb,1,848316260,44401,11366656,256,6000,33.480
2026-07-18T00:32:09.499Z,usb,1,848316260,44402,11366912,256,6000,33.480
2026-07-18T00:32:09.542Z,usb,1,848316260,44403,11367168,256,6000,33.480
2026-07-18T00:32:09.584Z,usb,1,848316260,44404,11367424,256,6000,33.480
2026-07-18T00:32:09.627Z,usb,1,848316260,44405,11367680,256,6000,33.480
2026-07-18T00:32:09.669Z,usb,1,848316260,44406,11367936,256,6000,33.480
2026-07-18T00:32:09.712Z,usb,1,848316260,44407,11368192,256,6000,33.480
2026-07-18T00:32:09.754Z,usb,1,848316260,44408,11368448,256,6000,33.480
2026-07-18T00:32:09.797Z,usb,1,848316260,44409,11368704,256,6000,33.480
2026-07-18T00:32:09.839Z,usb,1,848316260,44410,11368960,256,6000,33.480
2026-07-18T00:32:09.882Z,usb,1,848316260,44411,11369216,256,6000,33.480
2026-07-18T00:32:09.924Z,usb,1,848316260,44412,11369472,256,6000,33.480
2026-07-18T00:32:09.967Z,usb,1,848316260,44413,11369728,256,6000,33.480
2026-07-18T00:32:10.009Z,usb,1,848316260,44414,11369984,256,6000,33.480
2026-07-18T00:32:10.052Z,usb,1,848316260,44415,11370240,256,6000,33.480
2026-07-18T00:32:10.094Z,usb,1,848316260,44416,11370496,256,6000,33.480
2026-07-18T00:32:10.137Z,usb,1,848316260,44417,11370752,256,6000,33.480
2026-07-18T00:32:10.179Z,usb,1,848316260,44418,11371008,256,6000,33.480
2026-07-18T00:32:10.222Z,usb,1,848316260,44419,11371264,256,6000,33.480
2026-07-18T00:32:10.264Z,usb,1,848316260,44420,11371520,256,6000,33.480
2026-07-18T00:32:10.307Z,usb,1,848316260,44421,11371776,256,6000,33.480
2026-07-18T00:32:10.349Z,usb,1,848316260,44422,11372032,256,6000,33.480
2026-07-18T00:32:10.392Z,usb,1,848316260,44423,11372288,256,6000,33.480
2026-07-18T00:32:10.434Z,usb,1,848316260,44424,11372544,256,6000,33.480
2026-07-18T00:32:10.477Z,usb,1,848316260,44425,11372800,256,6000,33.480
2026-07-18T00:32:10.519Z,usb,1,848316260,44426,11373056,256,6000,33.480
2026-07-18T00:32:10.563Z,usb,1,848316260,44427,11373312,256,6000,33.480
2026-07-18T00:32:10.605Z,usb,1,848316260,44428,11373568,256,6000,33.480
2026-07-18T00:32:10.648Z,usb,1,848316260,44429,11373824,256,6000,33.480
2026-07-18T00:32:10.690Z,usb,1,848316260,44430,11374080,256,6000,33.480
2026-07-18T00:32:10.733Z,usb,1,848316260,44431,11374336,256,6000,33.480
2026-07-18T00:32:10.775Z,usb,1,848316260,44432,11374592,256,6000,33.480
2026-07-18T00:32:10.818Z,usb,1,848316260,44433,11374848,256,6000,33.480
2026-07-18T00:32:10.860Z,usb,1,848316260,44434,11375104,256,6000,33.480
2026-07-18T00:32:10.903Z,usb,1,848316260,44435,11375360,256,6000,33.480
2026-07-18T00:32:10.945Z,usb,1,848316260,44436,11375616,256,6000,33.480
2026-07-18T00:32:10.988Z,usb,1,848316260,44437,11375872,256,6000,33.480
2026-07-18T00:32:11.030Z,usb,1,848316260,44438,11376128,256,6000,33.480
2026-07-18T00:32:11.073Z,usb,1,848316260,44439,11376384,256,6000,33.480
2026-07-18T00:32:11.115Z,usb,1,848316260,44440,11376640,256,6000,33.480
2026-07-18T00:32:11.158Z,usb,1,848316260,44441,11376896,256,6000,33.480
2026-07-18T00:32:11.200Z,usb,1,848316260,44442,11377152,256,6000,33.480
2026-07-18T00:32:11.243Z,usb,1,848316260,44443,11377408,256,6000,33.480
2026-07-18T00:32:11.285Z,usb,1,848316260,44444,11377664,256,6000,33.480
2026-07-18T00:32:11.328Z,usb,1,848316260,44445,11377920,256,6000,33.480
2026-07-18T00:32:11.370Z,usb,1,848316260,44446,11378176,256,6000,33.480
2026-07-18T00:32:11.413Z,usb,1,848316260,44447,11378432,256,6000,33.480
2026-07-18T00:32:11.455Z,usb,1,848316260,44448,11378688,256,6000,33.480
2026-07-18T00:32:11.498Z,usb,1,848316260,44449,11378944,256,6000,33.480
2026-07-18T00:32:11.540Z,usb,1,848316260,44450,11379200,256,6000,33.480
2026-07-18T00:32:11.583Z,usb,1,848316260,44451,11379456,256,6000,33.480
2026-07-18T00:32:11.626Z,usb,1,848316260,44452,11379712,256,6000,33.480
2026-07-18T00:32:11.669Z,usb,1,848316260,44453,11379968,256,6000,33.480
2026-07-18T00:32:11.711Z,usb,1,848316260,44454,11380224,256,6000,33.480
2026-07-18T00:32:11.753Z,usb,1,848316260,44455,11380480,256,6000,33.480
2026-07-18T00:32:11.796Z,usb,1,848316260,44456,11380736,256,6000,33.480
2026-07-18T00:32:11.838Z,usb,1,848316260,44457,11380992,256,6000,33.480
2026-07-18T00:32:11.881Z,usb,1,848316260,44458,11381248,256,6000,33.480
2026-07-18T00:32:11.923Z,usb,1,848316260,44459,11381504,256,6000,33.480
2026-07-18T00:32:11.966Z,usb,1,848316260,44460,11381760,256,6000,33.480
2026-07-18T00:32:12.008Z,usb,1,848316260,44461,11382016,256,6000,33.480
2026-07-18T00:32:12.051Z,usb,1,848316260,44462,11382272,256,6000,33.480
2026-07-18T00:32:12.093Z,usb,1,848316260,44463,11382528,256,6000,33.480
2026-07-18T00:32:12.136Z,usb,1,848316260,44464,11382784,256,6000,33.480
2026-07-18T00:32:12.178Z,usb,1,848316260,44465,11383040,256,6000,33.480
2026-07-18T00:32:12.221Z,usb,1,848316260,44466,11383296,256,6000,33.480
2026-07-18T00:32:12.263Z,usb,1,848316260,44467,11383552,256,6000,33.480
2026-07-18T00:32:12.306Z,usb,1,848316260,44468,11383808,256,6000,33.480
2026-07-18T00:32:12.348Z,usb,1,848316260,44469,11384064,256,6000,33.480
2026-07-18T00:32:12.391Z,usb,1,848316260,44470,11384320,256,6000,33.480
2026-07-18T00:32:12.433Z,usb,1,848316260,44471,11384576,256,6000,33.480
2026-07-18T00:32:12.476Z,usb,1,848316260,44472,11384832,256,6000,33.480
2026-07-18T00:32:12.518Z,usb,1,848316260,44473,11385088,256,6000,33.480
2026-07-18T00:32:12.561Z,usb,1,848316260,44474,11385344,256,6000,33.480
2026-07-18T00:32:12.604Z,usb,1,848316260,44475,11385600,256,6000,33.480
2026-07-18T00:32:12.647Z,usb,1,848316260,44476,11385856,256,6000,33.480
2026-07-18T00:32:12.689Z,usb,1,848316260,44477,11386112,256,6000,33.480
2026-07-18T00:32:12.732Z,usb,1,848316260,44478,11386368,256,6000,33.480
2026-07-18T00:32:12.774Z,usb,1,848316260,44479,11386624,256,6000,33.480
2026-07-18T00:32:12.817Z,usb,1,848316260,44480,11386880,256,6000,33.480
2026-07-18T00:32:12.859Z,usb,1,848316260,44481,11387136,256,6000,33.480
2026-07-18T00:32:12.902Z,usb,1,848316260,44482,11387392,256,6000,33.480
2026-07-18T00:32:12.944Z,usb,1,848316260,44483,11387648,256,6000,33.480
2026-07-18T00:32:12.987Z,usb,1,848316260,44484,11387904,256,6000,33.480
2026-07-18T00:32:13.029Z,usb,1,848316260,44485,11388160,256,6000,33.480
2026-07-18T00:32:13.073Z,usb,1,848316260,44486,11388416,256,6000,33.480
2026-07-18T00:32:13.114Z,usb,1,848316260,44487,11388672,256,6000,33.480
2026-07-18T00:32:13.157Z,usb,1,848316260,44488,11388928,256,6000,33.480
2026-07-18T00:32:13.199Z,usb,1,848316260,44489,11389184,256,6000,33.480
2026-07-18T00:32:13.242Z,usb,1,848316260,44490,11389440,256,6000,33.480
2026-07-18T00:32:13.284Z,usb,1,848316260,44491,11389696,256,6000,33.480
2026-07-18T00:32:13.327Z,usb,1,848316260,44492,11389952,256,6000,33.480
2026-07-18T00:32:13.369Z,usb,1,848316260,44493,11390208,256,6000,33.480
2026-07-18T00:32:13.412Z,usb,1,848316260,44494,11390464,256,6000,33.480
2026-07-18T00:32:13.454Z,usb,1,848316260,44495,11390720,256,6000,33.480
2026-07-18T00:32:13.497Z,usb,1,848316260,44496,11390976,256,6000,33.480
2026-07-18T00:32:13.539Z,usb,1,848316260,44497,11391232,256,6000,33.480
2026-07-18T00:32:13.581Z,usb,1,848316260,44498,11391488,256,6000,33.480
2026-07-18T00:32:13.625Z,usb,1,848316260,44499,11391744,256,6000,33.480
2026-07-18T00:32:13.667Z,usb,1,848316260,44500,11392000,256,6000,33.480
2026-07-18T00:32:13.710Z,usb,1,848316260,44501,11392256,256,6000,33.480
2026-07-18T00:32:13.752Z,usb,1,848316260,44502,11392512,256,6000,33.480
2026-07-18T00:32:13.795Z,usb,1,848316260,44503,11392768,256,6000,33.480
2026-07-18T00:32:13.837Z,usb,1,848316260,44504,11393024,256,6000,33.480
2026-07-18T00:32:13.880Z,usb,1,848316260,44505,11393280,256,6000,33.480
2026-07-18T00:32:13.922Z,usb,1,848316260,44506,11393536,256,6000,33.480
2026-07-18T00:32:13.965Z,usb,1,848316260,44507,11393792,256,6000,33.480
2026-07-18T00:32:14.007Z,usb,1,848316260,44508,11394048,256,6000,33.480
2026-07-18T00:32:14.050Z,usb,1,848316260,44509,11394304,256,6000,33.480
2026-07-18T00:32:14.092Z,usb,1,848316260,44510,11394560,256,6000,33.480
2026-07-18T00:32:14.135Z,usb,1,848316260,44511,11394816,256,6000,33.480
2026-07-18T00:32:14.177Z,usb,1,848316260,44512,11395072,256,6000,33.480
2026-07-18T00:32:14.220Z,usb,1,848316260,44513,11395328,256,6000,33.480
2026-07-18T00:32:14.262Z,usb,1,848316260,44514,11395584,256,6000,33.480
2026-07-18T00:32:14.305Z,usb,1,848316260,44515,11395840,256,6000,33.480
2026-07-18T00:32:14.347Z,usb,1,848316260,44516,11396096,256,6000,33.480
2026-07-18T00:32:14.390Z,usb,1,848316260,44517,11396352,256,6000,33.480
2026-07-18T00:32:14.432Z,usb,1,848316260,44518,11396608,256,6000,33.480
2026-07-18T00:32:14.475Z,usb,1,848316260,44519,11396864,256,6000,33.480
2026-07-18T00:32:14.517Z,usb,1,848316260,44520,11397120,256,6000,33.480
2026-07-18T00:32:14.560Z,usb,1,848316260,44521,11397376,256,6000,33.480
2026-07-18T00:32:14.602Z,usb,1,848316260,44522,11397632,256,6000,33.480
2026-07-18T00:32:14.645Z,usb,1,848316260,44523,11397888,256,6000,33.480
2026-07-18T00:32:14.688Z,usb,1,848316260,44524,11398144,256,6000,33.480
2026-07-18T00:32:14.731Z,usb,1,848316260,44525,11398400,256,6000,33.480
2026-07-18T00:32:14.773Z,usb,1,848316260,44526,11398656,256,6000,33.480
2026-07-18T00:32:14.816Z,usb,1,848316260,44527,11398912,256,6000,33.480
2026-07-18T00:32:14.858Z,usb,1,848316260,44528,11399168,256,6000,33.480
2026-07-18T00:32:14.901Z,usb,1,848316260,44529,11399424,256,6000,33.480
2026-07-18T00:32:14.943Z,usb,1,848316260,44530,11399680,256,6000,33.480
2026-07-18T00:32:14.985Z,usb,1,848316260,44531,11399936,256,6000,33.480
2026-07-18T00:32:15.028Z,usb,1,848316260,44532,11400192,256,6000,33.480
2026-07-18T00:32:15.071Z,usb,1,848316260,44533,11400448,256,6000,33.480
2026-07-18T00:32:15.113Z,usb,1,848316260,44534,11400704,256,6000,33.480
2026-07-18T00:32:15.156Z,usb,1,848316260,44535,11400960,256,6000,33.480
2026-07-18T00:32:15.198Z,usb,1,848316260,44536,11401216,256,6000,33.480
2026-07-18T00:32:15.241Z,usb,1,848316260,44537,11401472,256,6000,33.480
2026-07-18T00:32:15.283Z,usb,1,848316260,44538,11401728,256,6000,33.480
2026-07-18T00:32:15.326Z,usb,1,848316260,44539,11401984,256,6000,33.480
2026-07-18T00:32:15.368Z,usb,1,848316260,44540,11402240,256,6000,33.480
2026-07-18T00:32:15.411Z,usb,1,848316260,44541,11402496,256,6000,33.480
2026-07-18T00:32:15.453Z,usb,1,848316260,44542,11402752,256,6000,33.480
2026-07-18T00:32:15.496Z,usb,1,848316260,44543,11403008,256,6000,33.480
2026-07-18T00:32:15.538Z,usb,1,848316260,44544,11403264,256,6000,33.480
2026-07-18T00:32:15.581Z,usb,1,848316260,44545,11403520,256,6000,33.480
2026-07-18T00:32:15.623Z,usb,1,848316260,44546,11403776,256,6000,33.480
2026-07-18T00:32:15.666Z,usb,1,848316260,44547,11404032,256,6000,33.470
2026-07-18T00:32:15.709Z,usb,1,848316260,44548,11404288,256,6000,33.470
2026-07-18T00:32:15.751Z,usb,1,848316260,44549,11404544,256,6000,33.470
2026-07-18T00:32:15.794Z,usb,1,848316260,44550,11404800,256,6000,33.470
2026-07-18T00:32:15.836Z,usb,1,848316260,44551,11405056,256,6000,33.470
2026-07-18T00:32:15.879Z,usb,1,848316260,44552,11405312,256,6000,33.470
2026-07-18T00:32:15.922Z,usb,1,848316260,44553,11405568,256,6000,33.470
2026-07-18T00:32:15.964Z,usb,1,848316260,44554,11405824,256,6000,33.470
2026-07-18T00:32:16.007Z,usb,1,848316260,44555,11406080,256,6000,33.470
2026-07-18T00:32:16.049Z,usb,1,848316260,44556,11406336,256,6000,33.470
2026-07-18T00:32:16.091Z,usb,1,848316260,44557,11406592,256,6000,33.470
2026-07-18T00:32:16.134Z,usb,1,848316260,44558,11406848,256,6000,33.470
2026-07-18T00:32:16.176Z,usb,1,848316260,44559,11407104,256,6000,33.470
2026-07-18T00:32:16.219Z,usb,1,848316260,44560,11407360,256,6000,33.470
2026-07-18T00:32:16.261Z,usb,1,848316260,44561,11407616,256,6000,33.470
2026-07-18T00:32:16.304Z,usb,1,848316260,44562,11407872,256,6000,33.470
2026-07-18T00:32:16.346Z,usb,1,848316260,44563,11408128,256,6000,33.470
2026-07-18T00:32:16.389Z,usb,1,848316260,44564,11408384,256,6000,33.470
2026-07-18T00:32:16.431Z,usb,1,848316260,44565,11408640,256,6000,33.470
2026-07-18T00:32:16.474Z,usb,1,848316260,44566,11408896,256,6000,33.470
2026-07-18T00:32:16.516Z,usb,1,848316260,44567,11409152,256,6000,33.470
2026-07-18T00:32:16.559Z,usb,1,848316260,44568,11409408,256,6000,33.470
2026-07-18T00:32:16.601Z,usb,1,848316260,44569,11409664,256,6000,33.470
2026-07-18T00:32:16.644Z,usb,1,848316260,44570,11409920,256,6000,33.470
2026-07-18T00:32:16.687Z,usb,1,848316260,44571,11410176,256,6000,33.480
2026-07-18T00:32:16.730Z,usb,1,848316260,44572,11410432,256,6000,33.480
2026-07-18T00:32:16.772Z,usb,1,848316260,44573,11410688,256,6000,33.480
2026-07-18T00:32:16.814Z,usb,1,848316260,44574,11410944,256,6000,33.480
2026-07-18T00:32:16.857Z,usb,1,848316260,44575,11411200,256,6000,33.480
2026-07-18T00:32:16.900Z,usb,1,848316260,44576,11411456,256,6000,33.480
2026-07-18T00:32:16.942Z,usb,1,848316260,44577,11411712,256,6000,33.480
2026-07-18T00:32:16.985Z,usb,1,848316260,44578,11411968,256,6000,33.480
2026-07-18T00:32:17.027Z,usb,1,848316260,44579,11412224,256,6000,33.480
2026-07-18T00:32:17.070Z,usb,1,848316260,44580,11412480,256,6000,33.480
2026-07-18T00:32:17.112Z,usb,1,848316260,44581,11412736,256,6000,33.480
2026-07-18T00:32:17.155Z,usb,1,848316260,44582,11412992,256,6000,33.480
2026-07-18T00:32:17.197Z,usb,1,848316260,44583,11413248,256,6000,33.480
2026-07-18T00:32:17.240Z,usb,1,848316260,44584,11413504,256,6000,33.480
2026-07-18T00:32:17.282Z,usb,1,848316260,44585,11413760,256,6000,33.480
2026-07-18T00:32:17.325Z,usb,1,848316260,44586,11414016,256,6000,33.480
2026-07-18T00:32:17.367Z,usb,1,848316260,44587,11414272,256,6000,33.480
2026-07-18T00:32:17.410Z,usb,1,848316260,44588,11414528,256,6000,33.480
2026-07-18T00:32:17.452Z,usb,1,848316260,44589,11414784,256,6000,33.480
2026-07-18T00:32:17.495Z,usb,1,848316260,44590,11415040,256,6000,33.480
2026-07-18T00:32:17.537Z,usb,1,848316260,44591,11415296,256,6000,33.480
2026-07-18T00:32:17.580Z,usb,1,848316260,44592,11415552,256,6000,33.480
2026-07-18T00:32:17.622Z,usb,1,848316260,44593,11415808,256,6000,33.480
2026-07-18T00:32:17.665Z,usb,1,848316260,44594,11416064,256,6000,33.480
2026-07-18T00:32:17.708Z,usb,1,848316260,44595,11416320,256,6000,33.480
2026-07-18T00:32:17.750Z,usb,1,848316260,44596,11416576,256,6000,33.480
2026-07-18T00:32:17.793Z,usb,1,848316260,44597,11416832,256,6000,33.480
2026-07-18T00:32:17.835Z,usb,1,848316260,44598,11417088,256,6000,33.480
2026-07-18T00:32:17.878Z,usb,1,848316260,44599,11417344,256,6000,33.480
2026-07-18T00:32:17.920Z,usb,1,848316260,44600,11417600,256,6000,33.480
2026-07-18T00:32:17.963Z,usb,1,848316260,44601,11417856,256,6000,33.480
2026-07-18T00:32:18.005Z,usb,1,848316260,44602,11418112,256,6000,33.480
2026-07-18T00:32:18.048Z,usb,1,848316260,44603,11418368,256,6000,33.480
2026-07-18T00:32:18.090Z,usb,1,848316260,44604,11418624,256,6000,33.480
2026-07-18T00:32:18.133Z,usb,1,848316260,44605,11418880,256,6000,33.480
2026-07-18T00:32:18.175Z,usb,1,848316260,44606,11419136,256,6000,33.480
2026-07-18T00:32:18.218Z,usb,1,848316260,44607,11419392,256,6000,33.480
2026-07-18T00:32:18.260Z,usb,1,848316260,44608,11419648,256,6000,33.480
2026-07-18T00:32:18.303Z,usb,1,848316260,44609,11419904,256,6000,33.480
2026-07-18T00:32:18.345Z,usb,1,848316260,44610,11420160,256,6000,33.480
2026-07-18T00:32:18.388Z,usb,1,848316260,44611,11420416,256,6000,33.480
2026-07-18T00:32:18.430Z,usb,1,848316260,44612,11420672,256,6000,33.480
2026-07-18T00:32:18.473Z,usb,1,848316260,44613,11420928,256,6000,33.480
2026-07-18T00:32:18.515Z,usb,1,848316260,44614,11421184,256,6000,33.480
2026-07-18T00:32:18.558Z,usb,1,848316260,44615,11421440,256,6000,33.480
2026-07-18T00:32:18.600Z,usb,1,848316260,44616,11421696,256,6000,33.480
2026-07-18T00:32:18.643Z,usb,1,848316260,44617,11421952,256,6000,33.480
2026-07-18T00:32:18.686Z,usb,1,848316260,44618,11422208,256,6000,33.480
2026-07-18T00:32:18.729Z,usb,1,848316260,44619,11422464,256,6000,33.480
2026-07-18T00:32:18.771Z,usb,1,848316260,44620,11422720,256,6000,33.480
2026-07-18T00:32:18.814Z,usb,1,848316260,44621,11422976,256,6000,33.480
2026-07-18T00:32:18.856Z,usb,1,848316260,44622,11423232,256,6000,33.480
2026-07-18T00:32:18.899Z,usb,1,848316260,44623,11423488,256,6000,33.480
2026-07-18T00:32:18.941Z,usb,1,848316260,44624,11423744,256,6000,33.480
2026-07-18T00:32:18.984Z,usb,1,848316260,44625,11424000,256,6000,33.480
2026-07-18T00:32:19.026Z,usb,1,848316260,44626,11424256,256,6000,33.480
2026-07-18T00:32:19.069Z,usb,1,848316260,44627,11424512,256,6000,33.480
2026-07-18T00:32:19.111Z,usb,1,848316260,44628,11424768,256,6000,33.480
2026-07-18T00:32:19.154Z,usb,1,848316260,44629,11425024,256,6000,33.480
2026-07-18T00:32:19.196Z,usb,1,848316260,44630,11425280,256,6000,33.480
2026-07-18T00:32:19.239Z,usb,1,848316260,44631,11425536,256,6000,33.480
2026-07-18T00:32:19.281Z,usb,1,848316260,44632,11425792,256,6000,33.480
2026-07-18T00:32:19.324Z,usb,1,848316260,44633,11426048,256,6000,33.480
2026-07-18T00:32:19.366Z,usb,1,848316260,44634,11426304,256,6000,33.480
2026-07-18T00:32:19.409Z,usb,1,848316260,44635,11426560,256,6000,33.480
2026-07-18T00:32:19.451Z,usb,1,848316260,44636,11426816,256,6000,33.480
2026-07-18T00:32:19.494Z,usb,1,848316260,44637,11427072,256,6000,33.480
2026-07-18T00:32:19.536Z,usb,1,848316260,44638,11427328,256,6000,33.480
2026-07-18T00:32:19.579Z,usb,1,848316260,44639,11427584,256,6000,33.480
2026-07-18T00:32:19.621Z,usb,1,848316260,44640,11427840,256,6000,33.480
2026-07-18T00:32:19.664Z,usb,1,848316260,44641,11428096,256,6000,33.480
2026-07-18T00:32:19.706Z,usb,1,848316260,44642,11428352,256,6000,33.480
2026-07-18T00:32:19.749Z,usb,1,848316260,44643,11428608,256,6000,33.480
2026-07-18T00:32:19.792Z,usb,1,848316260,44644,11428864,256,6000,33.480
2026-07-18T00:32:19.834Z,usb,1,848316260,44645,11429120,256,6000,33.480
2026-07-18T00:32:19.877Z,usb,1,848316260,44646,11429376,256,6000,33.480
2026-07-18T00:32:19.919Z,usb,1,848316260,44647,11429632,256,6000,33.480
2026-07-18T00:32:19.962Z,usb,1,848316260,44648,11429888,256,6000,33.480
2026-07-18T00:32:20.004Z,usb,1,848316260,44649,11430144,256,6000,33.480
2026-07-18T00:32:20.047Z,usb,1,848316260,44650,11430400,256,6000,33.480
2026-07-18T00:32:20.089Z,usb,1,848316260,44651,11430656,256,6000,33.480
2026-07-18T00:32:20.132Z,usb,1,848316260,44652,11430912,256,6000,33.480
2026-07-18T00:32:20.175Z,usb,1,848316260,44653,11431168,256,6000,33.480
2026-07-18T00:32:20.217Z,usb,1,848316260,44654,11431424,256,6000,33.480
2026-07-18T00:32:20.259Z,usb,1,848316260,44655,11431680,256,6000,33.480
2026-07-18T00:32:20.302Z,usb,1,848316260,44656,11431936,256,6000,33.480
2026-07-18T00:32:20.344Z,usb,1,848316260,44657,11432192,256,6000,33.480
2026-07-18T00:32:20.387Z,usb,1,848316260,44658,11432448,256,6000,33.480
2026-07-18T00:32:20.429Z,usb,1,848316260,44659,11432704,256,6000,33.480
2026-07-18T00:32:20.472Z,usb,1,848316260,44660,11432960,256,6000,33.480
2026-07-18T00:32:20.514Z,usb,1,848316260,44661,11433216,256,6000,33.480
2026-07-18T00:32:20.557Z,usb,1,848316260,44662,11433472,256,6000,33.480
2026-07-18T00:32:20.599Z,usb,1,848316260,44663,11433728,256,6000,33.480
2026-07-18T00:32:20.642Z,usb,1,848316260,44664,11433984,256,6000,33.480
2026-07-18T00:32:20.684Z,usb,1,848316260,44665,11434240,256,6000,33.480
2026-07-18T00:32:20.727Z,usb,1,848316260,44666,11434496,256,6000,33.480
2026-07-18T00:32:20.770Z,usb,1,848316260,44667,11434752,256,6000,33.480
2026-07-18T00:32:20.813Z,usb,1,848316260,44668,11435008,256,6000,33.480
2026-07-18T00:32:20.855Z,usb,1,848316260,44669,11435264,256,6000,33.480
2026-07-18T00:32:20.898Z,usb,1,848316260,44670,11435520,256,6000,33.480
2026-07-18T00:32:20.940Z,usb,1,848316260,44671,11435776,256,6000,33.480
2026-07-18T00:32:20.983Z,usb,1,848316260,44672,11436032,256,6000,33.480
2026-07-18T00:32:21.025Z,usb,1,848316260,44673,11436288,256,6000,33.480
2026-07-18T00:32:21.068Z,usb,1,848316260,44674,11436544,256,6000,33.480
2026-07-18T00:32:21.110Z,usb,1,848316260,44675,11436800,256,6000,33.480
2026-07-18T00:32:21.153Z,usb,1,848316260,44676,11437056,256,6000,33.480
2026-07-18T00:32:21.195Z,usb,1,848316260,44677,11437312,256,6000,33.480
2026-07-18T00:32:21.238Z,usb,1,848316260,44678,11437568,256,6000,33.480
2026-07-18T00:32:21.280Z,usb,1,848316260,44679,11437824,256,6000,33.480
2026-07-18T00:32:21.323Z,usb,1,848316260,44680,11438080,256,6000,33.480
2026-07-18T00:32:21.365Z,usb,1,848316260,44681,11438336,256,6000,33.480
2026-07-18T00:32:21.408Z,usb,1,848316260,44682,11438592,256,6000,33.480
2026-07-18T00:32:21.450Z,usb,1,848316260,44683,11438848,256,6000,33.480
2026-07-18T00:32:21.493Z,usb,1,848316260,44684,11439104,256,6000,33.480
2026-07-18T00:32:21.535Z,usb,1,848316260,44685,11439360,256,6000,33.480
2026-07-18T00:32:21.578Z,usb,1,848316260,44686,11439616,256,6000,33.480
2026-07-18T00:32:21.620Z,usb,1,848316260,44687,11439872,256,6000,33.480
2026-07-18T00:32:21.663Z,usb,1,848316260,44688,11440128,256,6000,33.480
2026-07-18T00:32:21.705Z,usb,1,848316260,44689,11440384,256,6000,33.480
2026-07-18T00:32:21.748Z,usb,1,848316260,44690,11440640,256,6000,33.480
2026-07-18T00:32:21.791Z,usb,1,848316260,44691,11440896,256,6000,33.480
2026-07-18T00:32:21.833Z,usb,1,848316260,44692,11441152,256,6000,33.480
2026-07-18T00:32:21.876Z,usb,1,848316260,44693,11441408,256,6000,33.480
2026-07-18T00:32:21.919Z,usb,1,848316260,44694,11441664,256,6000,33.480
2026-07-18T00:32:21.961Z,usb,1,848316260,44695,11441920,256,6000,33.480
2026-07-18T00:32:22.003Z,usb,1,848316260,44696,11442176,256,6000,33.480
2026-07-18T00:32:22.046Z,usb,1,848316260,44697,11442432,256,6000,33.480
2026-07-18T00:32:22.088Z,usb,1,848316260,44698,11442688,256,6000,33.480
2026-07-18T00:32:22.131Z,usb,1,848316260,44699,11442944,256,6000,33.480
2026-07-18T00:32:22.173Z,usb,1,848316260,44700,11443200,256,6000,33.480
2026-07-18T00:32:22.216Z,usb,1,848316260,44701,11443456,256,6000,33.480
2026-07-18T00:32:22.258Z,usb,1,848316260,44702,11443712,256,6000,33.480
2026-07-18T00:32:22.301Z,usb,1,848316260,44703,11443968,256,6000,33.480
2026-07-18T00:32:22.343Z,usb,1,848316260,44704,11444224,256,6000,33.480
2026-07-18T00:32:22.386Z,usb,1,848316260,44705,11444480,256,6000,33.480
2026-07-18T00:32:22.428Z,usb,1,848316260,44706,11444736,256,6000,33.480
2026-07-18T00:32:22.471Z,usb,1,848316260,44707,11444992,256,6000,33.480
2026-07-18T00:32:22.513Z,usb,1,848316260,44708,11445248,256,6000,33.480
2026-07-18T00:32:22.556Z,usb,1,848316260,44709,11445504,256,6000,33.480
2026-07-18T00:32:22.598Z,usb,1,848316260,44710,11445760,256,6000,33.480
2026-07-18T00:32:22.641Z,usb,1,848316260,44711,11446016,256,6000,33.480
2026-07-18T00:32:22.683Z,usb,1,848316260,44712,11446272,256,6000,33.480
2026-07-18T00:32:22.726Z,usb,1,848316260,44713,11446528,256,6000,33.480
2026-07-18T00:32:22.768Z,usb,1,848316260,44714,11446784,256,6000,33.480
2026-07-18T00:32:22.812Z,usb,1,848316260,44715,11447040,256,6000,33.470
2026-07-18T00:32:22.854Z,usb,1,848316260,44716,11447296,256,6000,33.470
2026-07-18T00:32:22.897Z,usb,1,848316260,44717,11447552,256,6000,33.470
2026-07-18T00:32:22.939Z,usb,1,848316260,44718,11447808,256,6000,33.470
2026-07-18T00:32:22.982Z,usb,1,848316260,44719,11448064,256,6000,33.470
2026-07-18T00:32:23.024Z,usb,1,848316260,44720,11448320,256,6000,33.470
2026-07-18T00:32:23.067Z,usb,1,848316260,44721,11448576,256,6000,33.470
2026-07-18T00:32:23.109Z,usb,1,848316260,44722,11448832,256,6000,33.470
2026-07-18T00:32:23.152Z,usb,1,848316260,44723,11449088,256,6000,33.470
2026-07-18T00:32:23.194Z,usb,1,848316260,44724,11449344,256,6000,33.470
2026-07-18T00:32:23.237Z,usb,1,848316260,44725,11449600,256,6000,33.470
2026-07-18T00:32:23.279Z,usb,1,848316260,44726,11449856,256,6000,33.470
2026-07-18T00:32:23.322Z,usb,1,848316260,44727,11450112,256,6000,33.470
2026-07-18T00:32:23.364Z,usb,1,848316260,44728,11450368,256,6000,33.470
2026-07-18T00:32:23.407Z,usb,1,848316260,44729,11450624,256,6000,33.470
2026-07-18T00:32:23.449Z,usb,1,848316260,44730,11450880,256,6000,33.470
2026-07-18T00:32:23.492Z,usb,1,848316260,44731,11451136,256,6000,33.470
2026-07-18T00:32:23.534Z,usb,1,848316260,44732,11451392,256,6000,33.470
2026-07-18T00:32:23.577Z,usb,1,848316260,44733,11451648,256,6000,33.470
2026-07-18T00:32:23.619Z,usb,1,848316260,44734,11451904,256,6000,33.470
2026-07-18T00:32:23.662Z,usb,1,848316260,44735,11452160,256,6000,33.470
2026-07-18T00:32:23.704Z,usb,1,848316260,44736,11452416,256,6000,33.470
2026-07-18T00:32:23.747Z,usb,1,848316260,44737,11452672,256,6000,33.470
2026-07-18T00:32:23.789Z,usb,1,848316260,44738,11452928,256,6000,33.470
2026-07-18T00:32:23.832Z,usb,1,848316260,44739,11453184,256,6000,33.480
2026-07-18T00:32:23.875Z,usb,1,848316260,44740,11453440,256,6000,33.480
2026-07-18T00:32:23.917Z,usb,1,848316260,44741,11453696,256,6000,33.480
2026-07-18T00:32:23.960Z,usb,1,848316260,44742,11453952,256,6000,33.480
2026-07-18T00:32:24.002Z,usb,1,848316260,44743,11454208,256,6000,33.480
2026-07-18T00:32:24.045Z,usb,1,848316260,44744,11454464,256,6000,33.480
2026-07-18T00:32:24.087Z,usb,1,848316260,44745,11454720,256,6000,33.480
2026-07-18T00:32:24.136Z,usb,1,848316260,44746,11454976,256,6000,33.480
2026-07-18T00:32:24.172Z,usb,1,848316260,44747,11455232,256,6000,33.480
2026-07-18T00:32:24.215Z,usb,1,848316260,44748,11455488,256,6000,33.480
2026-07-18T00:32:24.257Z,usb,1,848316260,44749,11455744,256,6000,33.480
2026-07-18T00:32:24.300Z,usb,1,848316260,44750,11456000,256,6000,33.480
2026-07-18T00:32:24.342Z,usb,1,848316260,44751,11456256,256,6000,33.480
2026-07-18T00:32:24.385Z,usb,1,848316260,44752,11456512,256,6000,33.480
2026-07-18T00:32:24.427Z,usb,1,848316260,44753,11456768,256,6000,33.480
2026-07-18T00:32:24.470Z,usb,1,848316260,44754,11457024,256,6000,33.480
2026-07-18T00:32:24.512Z,usb,1,848316260,44755,11457280,256,6000,33.480
2026-07-18T00:32:24.555Z,usb,1,848316260,44756,11457536,256,6000,33.480
2026-07-18T00:32:24.597Z,usb,1,848316260,44757,11457792,256,6000,33.480
2026-07-18T00:32:24.640Z,usb,1,848316260,44758,11458048,256,6000,33.480
2026-07-18T00:32:24.682Z,usb,1,848316260,44759,11458304,256,6000,33.480
2026-07-18T00:32:24.725Z,usb,1,848316260,44760,11458560,256,6000,33.480
2026-07-18T00:32:24.767Z,usb,1,848316260,44761,11458816,256,6000,33.480
2026-07-18T00:32:24.810Z,usb,1,848316260,44762,11459072,256,6000,33.480
2026-07-18T00:32:24.853Z,usb,1,848316260,44763,11459328,256,6000,33.480
2026-07-18T00:32:24.896Z,usb,1,848316260,44764,11459584,256,6000,33.480
2026-07-18T00:32:24.938Z,usb,1,848316260,44765,11459840,256,6000,33.480
2026-07-18T00:32:24.981Z,usb,1,848316260,44766,11460096,256,6000,33.480
2026-07-18T00:32:25.023Z,usb,1,848316260,44767,11460352,256,6000,33.480
2026-07-18T00:32:25.066Z,usb,1,848316260,44768,11460608,256,6000,33.480
2026-07-18T00:32:25.108Z,usb,1,848316260,44769,11460864,256,6000,33.480
2026-07-18T00:32:25.151Z,usb,1,848316260,44770,11461120,256,6000,33.480
2026-07-18T00:32:25.193Z,usb,1,848316260,44771,11461376,256,6000,33.480
2026-07-18T00:32:25.236Z,usb,1,848316260,44772,11461632,256,6000,33.480
2026-07-18T00:32:25.278Z,usb,1,848316260,44773,11461888,256,6000,33.480
2026-07-18T00:32:25.321Z,usb,1,848316260,44774,11462144,256,6000,33.480
2026-07-18T00:32:25.363Z,usb,1,848316260,44775,11462400,256,6000,33.480
2026-07-18T00:32:25.406Z,usb,1,848316260,44776,11462656,256,6000,33.480
2026-07-18T00:32:25.448Z,usb,1,848316260,44777,11462912,256,6000,33.480
2026-07-18T00:32:25.491Z,usb,1,848316260,44778,11463168,256,6000,33.480
2026-07-18T00:32:25.533Z,usb,1,848316260,44779,11463424,256,6000,33.480
2026-07-18T00:32:25.576Z,usb,1,848316260,44780,11463680,256,6000,33.480
2026-07-18T00:32:25.618Z,usb,1,848316260,44781,11463936,256,6000,33.480
2026-07-18T00:32:25.661Z,usb,1,848316260,44782,11464192,256,6000,33.480
2026-07-18T00:32:25.703Z,usb,1,848316260,44783,11464448,256,6000,33.480
2026-07-18T00:32:25.746Z,usb,1,848316260,44784,11464704,256,6000,33.480
2026-07-18T00:32:25.788Z,usb,1,848316260,44785,11464960,256,6000,33.480
2026-07-18T00:32:25.831Z,usb,1,848316260,44786,11465216,256,6000,33.480
2026-07-18T00:32:25.874Z,usb,1,848316260,44787,11465472,256,6000,33.480
2026-07-18T00:32:25.916Z,usb,1,848316260,44788,11465728,256,6000,33.480
2026-07-18T00:32:25.959Z,usb,1,848316260,44789,11465984,256,6000,33.480
2026-07-18T00:32:26.001Z,usb,1,848316260,44790,11466240,256,6000,33.480
2026-07-18T00:32:26.044Z,usb,1,848316260,44791,11466496,256,6000,33.480
2026-07-18T00:32:26.086Z,usb,1,848316260,44792,11466752,256,6000,33.480
2026-07-18T00:32:26.129Z,usb,1,848316260,44793,11467008,256,6000,33.480
2026-07-18T00:32:26.171Z,usb,1,848316260,44794,11467264,256,6000,33.480
2026-07-18T00:32:26.214Z,usb,1,848316260,44795,11467520,256,6000,33.480
2026-07-18T00:32:26.256Z,usb,1,848316260,44796,11467776,256,6000,33.480
2026-07-18T00:32:26.299Z,usb,1,848316260,44797,11468032,256,6000,33.480
2026-07-18T00:32:26.341Z,usb,1,848316260,44798,11468288,256,6000,33.480
2026-07-18T00:32:26.384Z,usb,1,848316260,44799,11468544,256,6000,33.480
2026-07-18T00:32:26.426Z,usb,1,848316260,44800,11468800,256,6000,33.480
2026-07-18T00:32:26.469Z,usb,1,848316260,44801,11469056,256,6000,33.480
2026-07-18T00:32:26.511Z,usb,1,848316260,44802,11469312,256,6000,33.480
2026-07-18T00:32:26.554Z,usb,1,848316260,44803,11469568,256,6000,33.480
2026-07-18T00:32:26.596Z,usb,1,848316260,44804,11469824,256,6000,33.480
2026-07-18T00:32:26.639Z,usb,1,848316260,44805,11470080,256,6000,33.480
2026-07-18T00:32:26.681Z,usb,1,848316260,44806,11470336,256,6000,33.480
2026-07-18T00:32:26.724Z,usb,1,848316260,44807,11470592,256,6000,33.480
2026-07-18T00:32:26.766Z,usb,1,848316260,44808,11470848,256,6000,33.480
2026-07-18T00:32:26.809Z,usb,1,848316260,44809,11471104,256,6000,33.480
2026-07-18T00:32:26.851Z,usb,1,848316260,44810,11471360,256,6000,33.480
2026-07-18T00:32:26.895Z,usb,1,848316260,44811,11471616,256,6000,33.480
2026-07-18T00:32:26.937Z,usb,1,848316260,44812,11471872,256,6000,33.480
2026-07-18T00:32:26.980Z,usb,1,848316260,44813,11472128,256,6000,33.480
2026-07-18T00:32:27.022Z,usb,1,848316260,44814,11472384,256,6000,33.480
2026-07-18T00:32:27.065Z,usb,1,848316260,44815,11472640,256,6000,33.480
2026-07-18T00:32:27.107Z,usb,1,848316260,44816,11472896,256,6000,33.480
2026-07-18T00:32:27.150Z,usb,1,848316260,44817,11473152,256,6000,33.480
2026-07-18T00:32:27.192Z,usb,1,848316260,44818,11473408,256,6000,33.480
2026-07-18T00:32:27.235Z,usb,1,848316260,44819,11473664,256,6000,33.480
2026-07-18T00:32:27.277Z,usb,1,848316260,44820,11473920,256,6000,33.480
2026-07-18T00:32:27.320Z,usb,1,848316260,44821,11474176,256,6000,33.480
2026-07-18T00:32:27.362Z,usb,1,848316260,44822,11474432,256,6000,33.480
2026-07-18T00:32:27.405Z,usb,1,848316260,44823,11474688,256,6000,33.480
2026-07-18T00:32:27.447Z,usb,1,848316260,44824,11474944,256,6000,33.480
2026-07-18T00:32:27.490Z,usb,1,848316260,44825,11475200,256,6000,33.480
2026-07-18T00:32:27.532Z,usb,1,848316260,44826,11475456,256,6000,33.480
2026-07-18T00:32:27.575Z,usb,1,848316260,44827,11475712,256,6000,33.480
2026-07-18T00:32:27.617Z,usb,1,848316260,44828,11475968,256,6000,33.480
2026-07-18T00:32:27.660Z,usb,1,848316260,44829,11476224,256,6000,33.480
2026-07-18T00:32:27.702Z,usb,1,848316260,44830,11476480,256,6000,33.480
2026-07-18T00:32:27.745Z,usb,1,848316260,44831,11476736,256,6000,33.480
2026-07-18T00:32:27.787Z,usb,1,848316260,44832,11476992,256,6000,33.480
2026-07-18T00:32:27.830Z,usb,1,848316260,44833,11477248,256,6000,33.480
2026-07-18T00:32:27.872Z,usb,1,848316260,44834,11477504,256,6000,33.480
2026-07-18T00:32:27.915Z,usb,1,848316260,44835,11477760,256,6000,33.480
2026-07-18T00:32:27.958Z,usb,1,848316260,44836,11478016,256,6000,33.480
2026-07-18T00:32:28.000Z,usb,1,848316260,44837,11478272,256,6000,33.480
2026-07-18T00:32:28.043Z,usb,1,848316260,44838,11478528,256,6000,33.480
2026-07-18T00:32:28.085Z,usb,1,848316260,44839,11478784,256,6000,33.480
2026-07-18T00:32:28.128Z,usb,1,848316260,44840,11479040,256,6000,33.480
2026-07-18T00:32:28.170Z,usb,1,848316260,44841,11479296,256,6000,33.480
2026-07-18T00:32:28.213Z,usb,1,848316260,44842,11479552,256,6000,33.480
2026-07-18T00:32:28.255Z,usb,1,848316260,44843,11479808,256,6000,33.480
2026-07-18T00:32:28.298Z,usb,1,848316260,44844,11480064,256,6000,33.480
2026-07-18T00:32:28.340Z,usb,1,848316260,44845,11480320,256,6000,33.480
2026-07-18T00:32:28.383Z,usb,1,848316260,44846,11480576,256,6000,33.480
2026-07-18T00:32:28.425Z,usb,1,848316260,44847,11480832,256,6000,33.480
2026-07-18T00:32:28.468Z,usb,1,848316260,44848,11481088,256,6000,33.480
2026-07-18T00:32:28.510Z,usb,1,848316260,44849,11481344,256,6000,33.480
2026-07-18T00:32:28.553Z,usb,1,848316260,44850,11481600,256,6000,33.480
2026-07-18T00:32:28.595Z,usb,1,848316260,44851,11481856,256,6000,33.480
2026-07-18T00:32:28.638Z,usb,1,848316260,44852,11482112,256,6000,33.480
2026-07-18T00:32:28.680Z,usb,1,848316260,44853,11482368,256,6000,33.480
2026-07-18T00:32:28.723Z,usb,1,848316260,44854,11482624,256,6000,33.480
2026-07-18T00:32:28.765Z,usb,1,848316260,44855,11482880,256,6000,33.480
2026-07-18T00:32:28.808Z,usb,1,848316260,44856,11483136,256,6000,33.480
2026-07-18T00:32:28.850Z,usb,1,848316260,44857,11483392,256,6000,33.480
2026-07-18T00:32:28.893Z,usb,1,848316260,44858,11483648,256,6000,33.480
2026-07-18T00:32:28.936Z,usb,1,848316260,44859,11483904,256,6000,33.470
2026-07-18T00:32:28.978Z,usb,1,848316260,44860,11484160,256,6000,33.470
2026-07-18T00:32:29.021Z,usb,1,848316260,44861,11484416,256,6000,33.470
2026-07-18T00:32:29.064Z,usb,1,848316260,44862,11484672,256,6000,33.470
2026-07-18T00:32:29.106Z,usb,1,848316260,44863,11484928,256,6000,33.470
2026-07-18T00:32:29.149Z,usb,1,848316260,44864,11485184,256,6000,33.470
2026-07-18T00:32:29.191Z,usb,1,848316260,44865,11485440,256,6000,33.470
2026-07-18T00:32:29.234Z,usb,1,848316260,44866,11485696,256,6000,33.470
2026-07-18T00:32:29.276Z,usb,1,848316260,44867,11485952,256,6000,33.470
2026-07-18T00:32:29.319Z,usb,1,848316260,44868,11486208,256,6000,33.470
2026-07-18T00:32:29.361Z,usb,1,848316260,44869,11486464,256,6000,33.470
2026-07-18T00:32:29.404Z,usb,1,848316260,44870,11486720,256,6000,33.470
2026-07-18T00:32:29.446Z,usb,1,848316260,44871,11486976,256,6000,33.470
2026-07-18T00:32:29.489Z,usb,1,848316260,44872,11487232,256,6000,33.470
2026-07-18T00:32:29.531Z,usb,1,848316260,44873,11487488,256,6000,33.470
2026-07-18T00:32:29.574Z,usb,1,848316260,44874,11487744,256,6000,33.470
2026-07-18T00:32:29.616Z,usb,1,848316260,44875,11488000,256,6000,33.470
2026-07-18T00:32:29.659Z,usb,1,848316260,44876,11488256,256,6000,33.470
2026-07-18T00:32:29.701Z,usb,1,848316260,44877,11488512,256,6000,33.470
2026-07-18T00:32:29.744Z,usb,1,848316260,44878,11488768,256,6000,33.470
2026-07-18T00:32:29.786Z,usb,1,848316260,44879,11489024,256,6000,33.470
2026-07-18T00:32:29.829Z,usb,1,848316260,44880,11489280,256,6000,33.470
2026-07-18T00:32:29.871Z,usb,1,848316260,44881,11489536,256,6000,33.470
2026-07-18T00:32:29.914Z,usb,1,848316260,44882,11489792,256,6000,33.470
2026-07-18T00:32:29.957Z,usb,1,848316260,44883,11490048,256,6000,33.470
2026-07-18T00:32:29.999Z,usb,1,848316260,44884,11490304,256,6000,33.470
2026-07-18T00:32:30.042Z,usb,1,848316260,44885,11490560,256,6000,33.470
2026-07-18T00:32:30.084Z,usb,1,848316260,44886,11490816,256,6000,33.470
2026-07-18T00:32:30.127Z,usb,1,848316260,44887,11491072,256,6000,33.470
2026-07-18T00:32:30.169Z,usb,1,848316260,44888,11491328,256,6000,33.470
2026-07-18T00:32:30.212Z,usb,1,848316260,44889,11491584,256,6000,33.470
2026-07-18T00:32:30.254Z,usb,1,848316260,44890,11491840,256,6000,33.470
2026-07-18T00:32:30.297Z,usb,1,848316260,44891,11492096,256,6000,33.470
2026-07-18T00:32:30.339Z,usb,1,848316260,44892,11492352,256,6000,33.470
2026-07-18T00:32:30.382Z,usb,1,848316260,44893,11492608,256,6000,33.470
2026-07-18T00:32:30.424Z,usb,1,848316260,44894,11492864,256,6000,33.470
2026-07-18T00:32:30.467Z,usb,1,848316260,44895,11493120,256,6000,33.470
2026-07-18T00:32:30.509Z,usb,1,848316260,44896,11493376,256,6000,33.470
2026-07-18T00:32:30.552Z,usb,1,848316260,44897,11493632,256,6000,33.470
2026-07-18T00:32:30.594Z,usb,1,848316260,44898,11493888,256,6000,33.470
2026-07-18T00:32:30.637Z,usb,1,848316260,44899,11494144,256,6000,33.470
2026-07-18T00:32:30.679Z,usb,1,848316260,44900,11494400,256,6000,33.470
2026-07-18T00:32:30.722Z,usb,1,848316260,44901,11494656,256,6000,33.470
2026-07-18T00:32:30.764Z,usb,1,848316260,44902,11494912,256,6000,33.470
2026-07-18T00:32:30.807Z,usb,1,848316260,44903,11495168,256,6000,33.470
2026-07-18T00:32:30.849Z,usb,1,848316260,44904,11495424,256,6000,33.470
2026-07-18T00:32:30.892Z,usb,1,848316260,44905,11495680,256,6000,33.470
2026-07-18T00:32:30.934Z,usb,1,848316260,44906,11495936,256,6000,33.470
2026-07-18T00:32:30.978Z,usb,1,848316260,44907,11496192,256,6000,33.470
2026-07-18T00:32:31.020Z,usb,1,848316260,44908,11496448,256,6000,33.470
2026-07-18T00:32:31.063Z,usb,1,848316260,44909,11496704,256,6000,33.470
2026-07-18T00:32:31.105Z,usb,1,848316260,44910,11496960,256,6000,33.470
2026-07-18T00:32:31.147Z,usb,1,848316260,44911,11497216,256,6000,33.470
2026-07-18T00:32:31.190Z,usb,1,848316260,44912,11497472,256,6000,33.470
2026-07-18T00:32:31.232Z,usb,1,848316260,44913,11497728,256,6000,33.470
2026-07-18T00:32:31.275Z,usb,1,848316260,44914,11497984,256,6000,33.470
2026-07-18T00:32:31.318Z,usb,1,848316260,44915,11498240,256,6000,33.470
2026-07-18T00:32:31.360Z,usb,1,848316260,44916,11498496,256,6000,33.470
2026-07-18T00:32:31.403Z,usb,1,848316260,44917,11498752,256,6000,33.470
2026-07-18T00:32:31.445Z,usb,1,848316260,44918,11499008,256,6000,33.470
2026-07-18T00:32:31.488Z,usb,1,848316260,44919,11499264,256,6000,33.470
2026-07-18T00:32:31.530Z,usb,1,848316260,44920,11499520,256,6000,33.470
2026-07-18T00:32:31.572Z,usb,1,848316260,44921,11499776,256,6000,33.470
2026-07-18T00:32:31.615Z,usb,1,848316260,44922,11500032,256,6000,33.470
2026-07-18T00:32:31.658Z,usb,1,848316260,44923,11500288,256,6000,33.470
2026-07-18T00:32:31.700Z,usb,1,848316260,44924,11500544,256,6000,33.470
2026-07-18T00:32:31.743Z,usb,1,848316260,44925,11500800,256,6000,33.470
2026-07-18T00:32:31.785Z,usb,1,848316260,44926,11501056,256,6000,33.470
2026-07-18T00:32:31.827Z,usb,1,848316260,44927,11501312,256,6000,33.470
2026-07-18T00:32:31.870Z,usb,1,848316260,44928,11501568,256,6000,33.470
2026-07-18T00:32:31.912Z,usb,1,848316260,44929,11501824,256,6000,33.470
2026-07-18T00:32:31.955Z,usb,1,848316260,44930,11502080,256,6000,33.470
2026-07-18T00:32:31.998Z,usb,1,848316260,44931,11502336,256,6000,33.470
2026-07-18T00:32:32.041Z,usb,1,848316260,44932,11502592,256,6000,33.470
2026-07-18T00:32:32.083Z,usb,1,848316260,44933,11502848,256,6000,33.470
2026-07-18T00:32:32.126Z,usb,1,848316260,44934,11503104,256,6000,33.470
2026-07-18T00:32:32.168Z,usb,1,848316260,44935,11503360,256,6000,33.470
2026-07-18T00:32:32.211Z,usb,1,848316260,44936,11503616,256,6000,33.470
2026-07-18T00:32:32.253Z,usb,1,848316260,44937,11503872,256,6000,33.470
2026-07-18T00:32:32.296Z,usb,1,848316260,44938,11504128,256,6000,33.470
2026-07-18T00:32:32.338Z,usb,1,848316260,44939,11504384,256,6000,33.470
2026-07-18T00:32:32.382Z,usb,1,848316260,44940,11504640,256,6000,33.470
2026-07-18T00:32:32.423Z,usb,1,848316260,44941,11504896,256,6000,33.470
2026-07-18T00:32:32.466Z,usb,1,848316260,44942,11505152,256,6000,33.470
2026-07-18T00:32:32.508Z,usb,1,848316260,44943,11505408,256,6000,33.470
2026-07-18T00:32:32.551Z,usb,1,848316260,44944,11505664,256,6000,33.470
2026-07-18T00:32:32.593Z,usb,1,848316260,44945,11505920,256,6000,33.470
2026-07-18T00:32:32.636Z,usb,1,848316260,44946,11506176,256,6000,33.470
2026-07-18T00:32:32.678Z,usb,1,848316260,44947,11506432,256,6000,33.470
2026-07-18T00:32:32.721Z,usb,1,848316260,44948,11506688,256,6000,33.470
2026-07-18T00:32:32.763Z,usb,1,848316260,44949,11506944,256,6000,33.470
2026-07-18T00:32:32.806Z,usb,1,848316260,44950,11507200,256,6000,33.470
2026-07-18T00:32:32.848Z,usb,1,848316260,44951,11507456,256,6000,33.470
2026-07-18T00:32:32.891Z,usb,1,848316260,44952,11507712,256,6000,33.470
2026-07-18T00:32:32.933Z,usb,1,848316260,44953,11507968,256,6000,33.470
2026-07-18T00:32:32.976Z,usb,1,848316260,44954,11508224,256,6000,33.470
2026-07-18T00:32:33.019Z,usb,1,848316260,44955,11508480,256,6000,33.480
2026-07-18T00:32:33.062Z,usb,1,848316260,44956,11508736,256,6000,33.480
2026-07-18T00:32:33.104Z,usb,1,848316260,44957,11508992,256,6000,33.480
2026-07-18T00:32:33.147Z,usb,1,848316260,44958,11509248,256,6000,33.480
2026-07-18T00:32:33.189Z,usb,1,848316260,44959,11509504,256,6000,33.480
2026-07-18T00:32:33.232Z,usb,1,848316260,44960,11509760,256,6000,33.480
2026-07-18T00:32:33.274Z,usb,1,848316260,44961,11510016,256,6000,33.480
2026-07-18T00:32:33.317Z,usb,1,848316260,44962,11510272,256,6000,33.480
2026-07-18T00:32:33.359Z,usb,1,848316260,44963,11510528,256,6000,33.480
2026-07-18T00:32:33.402Z,usb,1,848316260,44964,11510784,256,6000,33.480
2026-07-18T00:32:33.444Z,usb,1,848316260,44965,11511040,256,6000,33.480
2026-07-18T00:32:33.487Z,usb,1,848316260,44966,11511296,256,6000,33.480
2026-07-18T00:32:33.529Z,usb,1,848316260,44967,11511552,256,6000,33.480
2026-07-18T00:32:33.572Z,usb,1,848316260,44968,11511808,256,6000,33.480
2026-07-18T00:32:33.614Z,usb,1,848316260,44969,11512064,256,6000,33.480
2026-07-18T00:32:33.657Z,usb,1,848316260,44970,11512320,256,6000,33.480
2026-07-18T00:32:33.699Z,usb,1,848316260,44971,11512576,256,6000,33.480
2026-07-18T00:32:33.742Z,usb,1,848316260,44972,11512832,256,6000,33.480
2026-07-18T00:32:33.784Z,usb,1,848316260,44973,11513088,256,6000,33.480
2026-07-18T00:32:33.827Z,usb,1,848316260,44974,11513344,256,6000,33.480
2026-07-18T00:32:33.869Z,usb,1,848316260,44975,11513600,256,6000,33.480
2026-07-18T00:32:33.912Z,usb,1,848316260,44976,11513856,256,6000,33.480
2026-07-18T00:32:33.954Z,usb,1,848316260,44977,11514112,256,6000,33.480
2026-07-18T00:32:33.997Z,usb,1,848316260,44978,11514368,256,6000,33.480
2026-07-18T00:32:34.040Z,usb,1,848316260,44979,11514624,256,6000,33.470
2026-07-18T00:32:34.082Z,usb,1,848316260,44980,11514880,256,6000,33.470
2026-07-18T00:32:34.125Z,usb,1,848316260,44981,11515136,256,6000,33.470
2026-07-18T00:32:34.167Z,usb,1,848316260,44982,11515392,256,6000,33.470
2026-07-18T00:32:34.210Z,usb,1,848316260,44983,11515648,256,6000,33.470
2026-07-18T00:32:34.253Z,usb,1,848316260,44984,11515904,256,6000,33.470
2026-07-18T00:32:34.295Z,usb,1,848316260,44985,11516160,256,6000,33.470
2026-07-18T00:32:34.337Z,usb,1,848316260,44986,11516416,256,6000,33.470
2026-07-18T00:32:34.380Z,usb,1,848316260,44987,11516672,256,6000,33.470
2026-07-18T00:32:34.422Z,usb,1,848316260,44988,11516928,256,6000,33.470
2026-07-18T00:32:34.465Z,usb,1,848316260,44989,11517184,256,6000,33.470
2026-07-18T00:32:34.507Z,usb,1,848316260,44990,11517440,256,6000,33.470
2026-07-18T00:32:34.550Z,usb,1,848316260,44991,11517696,256,6000,33.470
2026-07-18T00:32:34.592Z,usb,1,848316260,44992,11517952,256,6000,33.470
2026-07-18T00:32:34.635Z,usb,1,848316260,44993,11518208,256,6000,33.470
2026-07-18T00:32:34.677Z,usb,1,848316260,44994,11518464,256,6000,33.470
2026-07-18T00:32:34.720Z,usb,1,848316260,44995,11518720,256,6000,33.470
2026-07-18T00:32:34.762Z,usb,1,848316260,44996,11518976,256,6000,33.470
2026-07-18T00:32:34.805Z,usb,1,848316260,44997,11519232,256,6000,33.470
2026-07-18T00:32:34.847Z,usb,1,848316260,44998,11519488,256,6000,33.470
2026-07-18T00:32:34.890Z,usb,1,848316260,44999,11519744,256,6000,33.470
2026-07-18T00:32:34.932Z,usb,1,848316260,45000,11520000,256,6000,33.470
2026-07-18T00:32:34.975Z,usb,1,848316260,45001,11520256,256,6000,33.470
2026-07-18T00:32:35.017Z,usb,1,848316260,45002,11520512,256,6000,33.470
2026-07-18T00:32:35.061Z,usb,1,848316260,45003,11520768,256,6000,33.480
2026-07-18T00:32:35.103Z,usb,1,848316260,45004,11521024,256,6000,33.480
2026-07-18T00:32:35.146Z,usb,1,848316260,45005,11521280,256,6000,33.480
2026-07-18T00:32:35.188Z,usb,1,848316260,45006,11521536,256,6000,33.480
2026-07-18T00:32:35.231Z,usb,1,848316260,45007,11521792,256,6000,33.480
2026-07-18T00:32:35.273Z,usb,1,848316260,45008,11522048,256,6000,33.480
2026-07-18T00:32:35.316Z,usb,1,848316260,45009,11522304,256,6000,33.480
2026-07-18T00:32:35.358Z,usb,1,848316260,45010,11522560,256,6000,33.480
2026-07-18T00:32:35.401Z,usb,1,848316260,45011,11522816,256,6000,33.480
2026-07-18T00:32:35.443Z,usb,1,848316260,45012,11523072,256,6000,33.480
2026-07-18T00:32:35.486Z,usb,1,848316260,45013,11523328,256,6000,33.480
2026-07-18T00:32:35.528Z,usb,1,848316260,45014,11523584,256,6000,33.480
2026-07-18T00:32:35.571Z,usb,1,848316260,45015,11523840,256,6000,33.480
2026-07-18T00:32:35.613Z,usb,1,848316260,45016,11524096,256,6000,33.480
2026-07-18T00:32:35.656Z,usb,1,848316260,45017,11524352,256,6000,33.480
2026-07-18T00:32:35.698Z,usb,1,848316260,45018,11524608,256,6000,33.480
2026-07-18T00:32:35.741Z,usb,1,848316260,45019,11524864,256,6000,33.480
2026-07-18T00:32:35.783Z,usb,1,848316260,45020,11525120,256,6000,33.480
2026-07-18T00:32:35.826Z,usb,1,848316260,45021,11525376,256,6000,33.480
2026-07-18T00:32:35.868Z,usb,1,848316260,45022,11525632,256,6000,33.480
2026-07-18T00:32:35.911Z,usb,1,848316260,45023,11525888,256,6000,33.480
2026-07-18T00:32:35.953Z,usb,1,848316260,45024,11526144,256,6000,33.480
2026-07-18T00:32:35.996Z,usb,1,848316260,45025,11526400,256,6000,33.480
2026-07-18T00:32:36.038Z,usb,1,848316260,45026,11526656,256,6000,33.480
2026-07-18T00:32:36.082Z,usb,1,848316260,45027,11526912,256,6000,33.480
2026-07-18T00:32:36.124Z,usb,1,848316260,45028,11527168,256,6000,33.480
2026-07-18T00:32:36.166Z,usb,1,848316260,45029,11527424,256,6000,33.480
2026-07-18T00:32:36.209Z,usb,1,848316260,45030,11527680,256,6000,33.480
2026-07-18T00:32:36.251Z,usb,1,848316260,45031,11527936,256,6000,33.480
2026-07-18T00:32:36.294Z,usb,1,848316260,45032,11528192,256,6000,33.480
2026-07-18T00:32:36.337Z,usb,1,848316260,45033,11528448,256,6000,33.480
2026-07-18T00:32:36.379Z,usb,1,848316260,45034,11528704,256,6000,33.480
2026-07-18T00:32:36.422Z,usb,1,848316260,45035,11528960,256,6000,33.480
2026-07-18T00:32:36.464Z,usb,1,848316260,45036,11529216,256,6000,33.480
2026-07-18T00:32:36.506Z,usb,1,848316260,45037,11529472,256,6000,33.480
2026-07-18T00:32:36.549Z,usb,1,848316260,45038,11529728,256,6000,33.480
2026-07-18T00:32:36.591Z,usb,1,848316260,45039,11529984,256,6000,33.480
2026-07-18T00:32:36.634Z,usb,1,848316260,45040,11530240,256,6000,33.480
2026-07-18T00:32:36.676Z,usb,1,848316260,45041,11530496,256,6000,33.480
2026-07-18T00:32:36.719Z,usb,1,848316260,45042,11530752,256,6000,33.480
2026-07-18T00:32:36.762Z,usb,1,848316260,45043,11531008,256,6000,33.480
2026-07-18T00:32:36.804Z,usb,1,848316260,45044,11531264,256,6000,33.480
2026-07-18T00:32:36.846Z,usb,1,848316260,45045,11531520,256,6000,33.480
2026-07-18T00:32:36.889Z,usb,1,848316260,45046,11531776,256,6000,33.480
2026-07-18T00:32:36.931Z,usb,1,848316260,45047,11532032,256,6000,33.480
2026-07-18T00:32:36.974Z,usb,1,848316260,45048,11532288,256,6000,33.480
2026-07-18T00:32:37.016Z,usb,1,848316260,45049,11532544,256,6000,33.480
2026-07-18T00:32:37.059Z,usb,1,848316260,45050,11532800,256,6000,33.480
2026-07-18T00:32:37.102Z,usb,1,848316260,45051,11533056,256,6000,33.480
2026-07-18T00:32:37.145Z,usb,1,848316260,45052,11533312,256,6000,33.480
2026-07-18T00:32:37.187Z,usb,1,848316260,45053,11533568,256,6000,33.480
2026-07-18T00:32:37.229Z,usb,1,848316260,45054,11533824,256,6000,33.480
2026-07-18T00:32:37.272Z,usb,1,848316260,45055,11534080,256,6000,33.480
2026-07-18T00:32:37.315Z,usb,1,848316260,45056,11534336,256,6000,33.480
2026-07-18T00:32:37.357Z,usb,1,848316260,45057,11534592,256,6000,33.480
2026-07-18T00:32:37.400Z,usb,1,848316260,45058,11534848,256,6000,33.480
2026-07-18T00:32:37.442Z,usb,1,848316260,45059,11535104,256,6000,33.480
2026-07-18T00:32:37.485Z,usb,1,848316260,45060,11535360,256,6000,33.480
2026-07-18T00:32:37.527Z,usb,1,848316260,45061,11535616,256,6000,33.480
2026-07-18T00:32:37.570Z,usb,1,848316260,45062,11535872,256,6000,33.480
2026-07-18T00:32:37.612Z,usb,1,848316260,45063,11536128,256,6000,33.480
2026-07-18T00:32:37.655Z,usb,1,848316260,45064,11536384,256,6000,33.480
2026-07-18T00:32:37.697Z,usb,1,848316260,45065,11536640,256,6000,33.480
2026-07-18T00:32:37.740Z,usb,1,848316260,45066,11536896,256,6000,33.480
2026-07-18T00:32:37.782Z,usb,1,848316260,45067,11537152,256,6000,33.480
2026-07-18T00:32:37.825Z,usb,1,848316260,45068,11537408,256,6000,33.480
2026-07-18T00:32:37.867Z,usb,1,848316260,45069,11537664,256,6000,33.480
2026-07-18T00:32:37.910Z,usb,1,848316260,45070,11537920,256,6000,33.480
2026-07-18T00:32:37.952Z,usb,1,848316260,45071,11538176,256,6000,33.480
2026-07-18T00:32:37.995Z,usb,1,848316260,45072,11538432,256,6000,33.480
2026-07-18T00:32:38.037Z,usb,1,848316260,45073,11538688,256,6000,33.480
2026-07-18T00:32:38.080Z,usb,1,848316260,45074,11538944,256,6000,33.480
2026-07-18T00:32:38.123Z,usb,1,848316260,45075,11539200,256,6000,33.480
2026-07-18T00:32:38.165Z,usb,1,848316260,45076,11539456,256,6000,33.480
2026-07-18T00:32:38.208Z,usb,1,848316260,45077,11539712,256,6000,33.480
2026-07-18T00:32:38.250Z,usb,1,848316260,45078,11539968,256,6000,33.480
2026-07-18T00:32:38.293Z,usb,1,848316260,45079,11540224,256,6000,33.480
2026-07-18T00:32:38.335Z,usb,1,848316260,45080,11540480,256,6000,33.480
2026-07-18T00:32:38.378Z,usb,1,848316260,45081,11540736,256,6000,33.480
2026-07-18T00:32:38.420Z,usb,1,848316260,45082,11540992,256,6000,33.480
2026-07-18T00:32:38.463Z,usb,1,848316260,45083,11541248,256,6000,33.480
2026-07-18T00:32:38.505Z,usb,1,848316260,45084,11541504,256,6000,33.480
2026-07-18T00:32:38.548Z,usb,1,848316260,45085,11541760,256,6000,33.480
2026-07-18T00:32:38.590Z,usb,1,848316260,45086,11542016,256,6000,33.480
2026-07-18T00:32:38.633Z,usb,1,848316260,45087,11542272,256,6000,33.480
2026-07-18T00:32:38.675Z,usb,1,848316260,45088,11542528,256,6000,33.480
2026-07-18T00:32:38.718Z,usb,1,848316260,45089,11542784,256,6000,33.480
2026-07-18T00:32:38.761Z,usb,1,848316260,45090,11543040,256,6000,33.480
2026-07-18T00:32:38.803Z,usb,1,848316260,45091,11543296,256,6000,33.480
2026-07-18T00:32:38.845Z,usb,1,848316260,45092,11543552,256,6000,33.480
2026-07-18T00:32:38.888Z,usb,1,848316260,45093,11543808,256,6000,33.480
2026-07-18T00:32:38.930Z,usb,1,848316260,45094,11544064,256,6000,33.480
2026-07-18T00:32:38.973Z,usb,1,848316260,45095,11544320,256,6000,33.480
2026-07-18T00:32:39.016Z,usb,1,848316260,45096,11544576,256,6000,33.480
2026-07-18T00:32:39.058Z,usb,1,848316260,45097,11544832,256,6000,33.480
2026-07-18T00:32:39.100Z,usb,1,848316260,45098,11545088,256,6000,33.480
2026-07-18T00:32:39.144Z,usb,1,848316260,45099,11545344,256,6000,33.480
2026-07-18T00:32:39.186Z,usb,1,848316260,45100,11545600,256,6000,33.480
2026-07-18T00:32:39.229Z,usb,1,848316260,45101,11545856,256,6000,33.480
2026-07-18T00:32:39.271Z,usb,1,848316260,45102,11546112,256,6000,33.480
2026-07-18T00:32:39.314Z,usb,1,848316260,45103,11546368,256,6000,33.480
2026-07-18T00:32:39.356Z,usb,1,848316260,45104,11546624,256,6000,33.480
2026-07-18T00:32:39.399Z,usb,1,848316260,45105,11546880,256,6000,33.480
2026-07-18T00:32:39.441Z,usb,1,848316260,45106,11547136,256,6000,33.480
2026-07-18T00:32:39.484Z,usb,1,848316260,45107,11547392,256,6000,33.480
2026-07-18T00:32:39.526Z,usb,1,848316260,45108,11547648,256,6000,33.480
2026-07-18T00:32:39.569Z,usb,1,848316260,45109,11547904,256,6000,33.480
2026-07-18T00:32:39.611Z,usb,1,848316260,45110,11548160,256,6000,33.480
2026-07-18T00:32:39.654Z,usb,1,848316260,45111,11548416,256,6000,33.480
2026-07-18T00:32:39.696Z,usb,1,848316260,45112,11548672,256,6000,33.480
2026-07-18T00:32:39.739Z,usb,1,848316260,45113,11548928,256,6000,33.480
2026-07-18T00:32:39.781Z,usb,1,848316260,45114,11549184,256,6000,33.480
2026-07-18T00:32:39.824Z,usb,1,848316260,45115,11549440,256,6000,33.480
2026-07-18T00:32:39.866Z,usb,1,848316260,45116,11549696,256,6000,33.480
2026-07-18T00:32:39.908Z,usb,1,848316260,45117,11549952,256,6000,33.480
2026-07-18T00:32:39.951Z,usb,1,848316260,45118,11550208,256,6000,33.480
2026-07-18T00:32:39.994Z,usb,1,848316260,45119,11550464,256,6000,33.480
2026-07-18T00:32:40.036Z,usb,1,848316260,45120,11550720,256,6000,33.480
2026-07-18T00:32:40.079Z,usb,1,848316260,45121,11550976,256,6000,33.480
2026-07-18T00:32:40.121Z,usb,1,848316260,45122,11551232,256,6000,33.480
2026-07-18T00:32:40.164Z,usb,1,848316260,45123,11551488,256,6000,33.480
2026-07-18T00:32:40.207Z,usb,1,848316260,45124,11551744,256,6000,33.480
2026-07-18T00:32:40.249Z,usb,1,848316260,45125,11552000,256,6000,33.480
2026-07-18T00:32:40.292Z,usb,1,848316260,45126,11552256,256,6000,33.480
2026-07-18T00:32:40.334Z,usb,1,848316260,45127,11552512,256,6000,33.480
2026-07-18T00:32:40.377Z,usb,1,848316260,45128,11552768,256,6000,33.480
2026-07-18T00:32:40.419Z,usb,1,848316260,45129,11553024,256,6000,33.480
2026-07-18T00:32:40.462Z,usb,1,848316260,45130,11553280,256,6000,33.480
2026-07-18T00:32:40.504Z,usb,1,848316260,45131,11553536,256,6000,33.480
2026-07-18T00:32:40.547Z,usb,1,848316260,45132,11553792,256,6000,33.480
2026-07-18T00:32:40.589Z,usb,1,848316260,45133,11554048,256,6000,33.480
2026-07-18T00:32:40.632Z,usb,1,848316260,45134,11554304,256,6000,33.480
2026-07-18T00:32:40.674Z,usb,1,848316260,45135,11554560,256,6000,33.480
2026-07-18T00:32:40.717Z,usb,1,848316260,45136,11554816,256,6000,33.480
2026-07-18T00:32:40.759Z,usb,1,848316260,45137,11555072,256,6000,33.480
2026-07-18T00:32:40.802Z,usb,1,848316260,45138,11555328,256,6000,33.480
2026-07-18T00:32:40.844Z,usb,1,848316260,45139,11555584,256,6000,33.480
2026-07-18T00:32:40.887Z,usb,1,848316260,45140,11555840,256,6000,33.480
2026-07-18T00:32:40.930Z,usb,1,848316260,45141,11556096,256,6000,33.480
2026-07-18T00:32:40.972Z,usb,1,848316260,45142,11556352,256,6000,33.480
2026-07-18T00:32:41.014Z,usb,1,848316260,45143,11556608,256,6000,33.480
2026-07-18T00:32:41.057Z,usb,1,848316260,45144,11556864,256,6000,33.480
2026-07-18T00:32:41.099Z,usb,1,848316260,45145,11557120,256,6000,33.480
2026-07-18T00:32:41.142Z,usb,1,848316260,45146,11557376,256,6000,33.480
2026-07-18T00:32:41.185Z,usb,1,848316260,45147,11557632,256,6000,33.480
2026-07-18T00:32:41.228Z,usb,1,848316260,45148,11557888,256,6000,33.480
2026-07-18T00:32:41.270Z,usb,1,848316260,45149,11558144,256,6000,33.480
2026-07-18T00:32:41.313Z,usb,1,848316260,45150,11558400,256,6000,33.480
2026-07-18T00:32:41.355Z,usb,1,848316260,45151,11558656,256,6000,33.480
2026-07-18T00:32:41.398Z,usb,1,848316260,45152,11558912,256,6000,33.480
2026-07-18T00:32:41.440Z,usb,1,848316260,45153,11559168,256,6000,33.480
2026-07-18T00:32:41.483Z,usb,1,848316260,45154,11559424,256,6000,33.480
2026-07-18T00:32:41.525Z,usb,1,848316260,45155,11559680,256,6000,33.480
2026-07-18T00:32:41.568Z,usb,1,848316260,45156,11559936,256,6000,33.480
2026-07-18T00:32:41.610Z,usb,1,848316260,45157,11560192,256,6000,33.480
2026-07-18T00:32:41.653Z,usb,1,848316260,45158,11560448,256,6000,33.480
2026-07-18T00:32:41.695Z,usb,1,848316260,45159,11560704,256,6000,33.480
2026-07-18T00:32:41.738Z,usb,1,848316260,45160,11560960,256,6000,33.480
2026-07-18T00:32:41.780Z,usb,1,848316260,45161,11561216,256,6000,33.480
2026-07-18T00:32:41.823Z,usb,1,848316260,45162,11561472,256,6000,33.480
2026-07-18T00:32:41.865Z,usb,1,848316260,45163,11561728,256,6000,33.480
2026-07-18T00:32:41.908Z,usb,1,848316260,45164,11561984,256,6000,33.480
2026-07-18T00:32:41.950Z,usb,1,848316260,45165,11562240,256,6000,33.480
2026-07-18T00:32:41.993Z,usb,1,848316260,45166,11562496,256,6000,33.480
2026-07-18T00:32:42.035Z,usb,1,848316260,45167,11562752,256,6000,33.480
2026-07-18T00:32:42.078Z,usb,1,848316260,45168,11563008,256,6000,33.480
2026-07-18T00:32:42.120Z,usb,1,848316260,45169,11563264,256,6000,33.480
2026-07-18T00:32:42.163Z,usb,1,848316260,45170,11563520,256,6000,33.480
2026-07-18T00:32:42.206Z,usb,1,848316260,45171,11563776,256,6000,33.480
2026-07-18T00:32:42.248Z,usb,1,848316260,45172,11564032,256,6000,33.480
2026-07-18T00:32:42.291Z,usb,1,848316260,45173,11564288,256,6000,33.480
2026-07-18T00:32:42.333Z,usb,1,848316260,45174,11564544,256,6000,33.480
2026-07-18T00:32:42.376Z,usb,1,848316260,45175,11564800,256,6000,33.480
2026-07-18T00:32:42.418Z,usb,1,848316260,45176,11565056,256,6000,33.480
2026-07-18T00:32:42.461Z,usb,1,848316260,45177,11565312,256,6000,33.480
2026-07-18T00:32:42.503Z,usb,1,848316260,45178,11565568,256,6000,33.480
2026-07-18T00:32:42.546Z,usb,1,848316260,45179,11565824,256,6000,33.480
2026-07-18T00:32:42.588Z,usb,1,848316260,45180,11566080,256,6000,33.480
2026-07-18T00:32:42.631Z,usb,1,848316260,45181,11566336,256,6000,33.480
2026-07-18T00:32:42.673Z,usb,1,848316260,45182,11566592,256,6000,33.480
2026-07-18T00:32:42.716Z,usb,1,848316260,45183,11566848,256,6000,33.480
2026-07-18T00:32:42.758Z,usb,1,848316260,45184,11567104,256,6000,33.480
2026-07-18T00:32:42.801Z,usb,1,848316260,45185,11567360,256,6000,33.480
2026-07-18T00:32:42.843Z,usb,1,848316260,45186,11567616,256,6000,33.480
2026-07-18T00:32:42.886Z,usb,1,848316260,45187,11567872,256,6000,33.480
2026-07-18T00:32:42.928Z,usb,1,848316260,45188,11568128,256,6000,33.480
2026-07-18T00:32:42.971Z,usb,1,848316260,45189,11568384,256,6000,33.480
2026-07-18T00:32:43.013Z,usb,1,848316260,45190,11568640,256,6000,33.480
2026-07-18T00:32:43.056Z,usb,1,848316260,45191,11568896,256,6000,33.480
2026-07-18T00:32:43.098Z,usb,1,848316260,45192,11569152,256,6000,33.480
2026-07-18T00:32:43.141Z,usb,1,848316260,45193,11569408,256,6000,33.480
2026-07-18T00:32:43.183Z,usb,1,848316260,45194,11569664,256,6000,33.480
2026-07-18T00:32:43.227Z,usb,1,848316260,45195,11569920,256,6000,33.480
2026-07-18T00:32:43.269Z,usb,1,848316260,45196,11570176,256,6000,33.480
2026-07-18T00:32:43.312Z,usb,1,848316260,45197,11570432,256,6000,33.480
2026-07-18T00:32:43.354Z,usb,1,848316260,45198,11570688,256,6000,33.480
2026-07-18T00:32:43.397Z,usb,1,848316260,45199,11570944,256,6000,33.480
2026-07-18T00:32:43.439Z,usb,1,848316260,45200,11571200,256,6000,33.480
2026-07-18T00:32:43.482Z,usb,1,848316260,45201,11571456,256,6000,33.480
2026-07-18T00:32:43.524Z,usb,1,848316260,45202,11571712,256,6000,33.480
2026-07-18T00:32:43.567Z,usb,1,848316260,45203,11571968,256,6000,33.480
2026-07-18T00:32:43.609Z,usb,1,848316260,45204,11572224,256,6000,33.480
2026-07-18T00:32:43.652Z,usb,1,848316260,45205,11572480,256,6000,33.480
2026-07-18T00:32:43.694Z,usb,1,848316260,45206,11572736,256,6000,33.480
2026-07-18T00:32:43.737Z,usb,1,848316260,45207,11572992,256,6000,33.480
2026-07-18T00:32:43.779Z,usb,1,848316260,45208,11573248,256,6000,33.480
2026-07-18T00:32:43.822Z,usb,1,848316260,45209,11573504,256,6000,33.480
2026-07-18T00:32:43.864Z,usb,1,848316260,45210,11573760,256,6000,33.480
2026-07-18T00:32:43.907Z,usb,1,848316260,45211,11574016,256,6000,33.480
2026-07-18T00:32:43.949Z,usb,1,848316260,45212,11574272,256,6000,33.480
2026-07-18T00:32:43.992Z,usb,1,848316260,45213,11574528,256,6000,33.480
2026-07-18T00:32:44.034Z,usb,1,848316260,45214,11574784,256,6000,33.480
2026-07-18T00:32:44.077Z,usb,1,848316260,45215,11575040,256,6000,33.480
2026-07-18T00:32:44.119Z,usb,1,848316260,45216,11575296,256,6000,33.480
2026-07-18T00:32:44.162Z,usb,1,848316260,45217,11575552,256,6000,33.480
2026-07-18T00:32:44.204Z,usb,1,848316260,45218,11575808,256,6000,33.480
2026-07-18T00:32:44.247Z,usb,1,848316260,45219,11576064,256,6000,33.470
2026-07-18T00:32:44.290Z,usb,1,848316260,45220,11576320,256,6000,33.470
2026-07-18T00:32:44.332Z,usb,1,848316260,45221,11576576,256,6000,33.470
2026-07-18T00:32:44.375Z,usb,1,848316260,45222,11576832,256,6000,33.470
2026-07-18T00:32:44.417Z,usb,1,848316260,45223,11577088,256,6000,33.470
2026-07-18T00:32:44.460Z,usb,1,848316260,45224,11577344,256,6000,33.470
2026-07-18T00:32:44.502Z,usb,1,848316260,45225,11577600,256,6000,33.470
2026-07-18T00:32:44.545Z,usb,1,848316260,45226,11577856,256,6000,33.470
2026-07-18T00:32:44.587Z,usb,1,848316260,45227,11578112,256,6000,33.470
2026-07-18T00:32:44.630Z,usb,1,848316260,45228,11578368,256,6000,33.470
2026-07-18T00:32:44.672Z,usb,1,848316260,45229,11578624,256,6000,33.470
2026-07-18T00:32:44.715Z,usb,1,848316260,45230,11578880,256,6000,33.470
2026-07-18T00:32:44.757Z,usb,1,848316260,45231,11579136,256,6000,33.470
2026-07-18T00:32:44.800Z,usb,1,848316260,45232,11579392,256,6000,33.470
2026-07-18T00:32:44.842Z,usb,1,848316260,45233,11579648,256,6000,33.470
2026-07-18T00:32:44.885Z,usb,1,848316260,45234,11579904,256,6000,33.470
2026-07-18T00:32:44.927Z,usb,1,848316260,45235,11580160,256,6000,33.470
2026-07-18T00:32:44.970Z,usb,1,848316260,45236,11580416,256,6000,33.470
2026-07-18T00:32:45.012Z,usb,1,848316260,45237,11580672,256,6000,33.470
2026-07-18T00:32:45.055Z,usb,1,848316260,45238,11580928,256,6000,33.470
2026-07-18T00:32:45.097Z,usb,1,848316260,45239,11581184,256,6000,33.470
2026-07-18T00:32:45.140Z,usb,1,848316260,45240,11581440,256,6000,33.470
2026-07-18T00:32:45.182Z,usb,1,848316260,45241,11581696,256,6000,33.470
2026-07-18T00:32:45.225Z,usb,1,848316260,45242,11581952,256,6000,33.470
2026-07-18T00:32:45.268Z,usb,1,848316260,45243,11582208,256,6000,33.480
2026-07-18T00:32:45.310Z,usb,1,848316260,45244,11582464,256,6000,33.480
2026-07-18T00:32:45.353Z,usb,1,848316260,45245,11582720,256,6000,33.480
2026-07-18T00:32:45.396Z,usb,1,848316260,45246,11582976,256,6000,33.480
2026-07-18T00:32:45.438Z,usb,1,848316260,45247,11583232,256,6000,33.480
2026-07-18T00:32:45.481Z,usb,1,848316260,45248,11583488,256,6000,33.480
2026-07-18T00:32:45.523Z,usb,1,848316260,45249,11583744,256,6000,33.480
2026-07-18T00:32:45.566Z,usb,1,848316260,45250,11584000,256,6000,33.480
2026-07-18T00:32:45.608Z,usb,1,848316260,45251,11584256,256,6000,33.480
2026-07-18T00:32:45.651Z,usb,1,848316260,45252,11584512,256,6000,33.480
2026-07-18T00:32:45.693Z,usb,1,848316260,45253,11584768,256,6000,33.480
2026-07-18T00:32:45.735Z,usb,1,848316260,45254,11585024,256,6000,33.480
2026-07-18T00:32:45.778Z,usb,1,848316260,45255,11585280,256,6000,33.480
2026-07-18T00:32:45.821Z,usb,1,848316260,45256,11585536,256,6000,33.480
2026-07-18T00:32:45.863Z,usb,1,848316260,45257,11585792,256,6000,33.480
2026-07-18T00:32:45.906Z,usb,1,848316260,45258,11586048,256,6000,33.480
2026-07-18T00:32:45.948Z,usb,1,848316260,45259,11586304,256,6000,33.480
2026-07-18T00:32:45.991Z,usb,1,848316260,45260,11586560,256,6000,33.480
2026-07-18T00:32:46.033Z,usb,1,848316260,45261,11586816,256,6000,33.480
2026-07-18T00:32:46.076Z,usb,1,848316260,45262,11587072,256,6000,33.480
2026-07-18T00:32:46.118Z,usb,1,848316260,45263,11587328,256,6000,33.480
2026-07-18T00:32:46.160Z,usb,1,848316260,45264,11587584,256,6000,33.480
2026-07-18T00:32:46.203Z,usb,1,848316260,45265,11587840,256,6000,33.480
2026-07-18T00:32:46.246Z,usb,1,848316260,45266,11588096,256,6000,33.480
2026-07-18T00:32:46.289Z,usb,1,848316260,45267,11588352,256,6000,33.480
2026-07-18T00:32:46.331Z,usb,1,848316260,45268,11588608,256,6000,33.480
2026-07-18T00:32:46.374Z,usb,1,848316260,45269,11588864,256,6000,33.480
2026-07-18T00:32:46.416Z,usb,1,848316260,45270,11589120,256,6000,33.480
2026-07-18T00:32:46.459Z,usb,1,848316260,45271,11589376,256,6000,33.480
2026-07-18T00:32:46.501Z,usb,1,848316260,45272,11589632,256,6000,33.480
2026-07-18T00:32:46.544Z,usb,1,848316260,45273,11589888,256,6000,33.480
2026-07-18T00:32:46.586Z,usb,1,848316260,45274,11590144,256,6000,33.480
2026-07-18T00:32:46.629Z,usb,1,848316260,45275,11590400,256,6000,33.480
2026-07-18T00:32:46.671Z,usb,1,848316260,45276,11590656,256,6000,33.480
2026-07-18T00:32:46.714Z,usb,1,848316260,45277,11590912,256,6000,33.480
2026-07-18T00:32:46.756Z,usb,1,848316260,45278,11591168,256,6000,33.480
2026-07-18T00:32:46.799Z,usb,1,848316260,45279,11591424,256,6000,33.480
2026-07-18T00:32:46.841Z,usb,1,848316260,45280,11591680,256,6000,33.480
2026-07-18T00:32:46.884Z,usb,1,848316260,45281,11591936,256,6000,33.480
2026-07-18T00:32:46.926Z,usb,1,848316260,45282,11592192,256,6000,33.480
2026-07-18T00:32:46.969Z,usb,1,848316260,45283,11592448,256,6000,33.480
2026-07-18T00:32:47.012Z,usb,1,848316260,45284,11592704,256,6000,33.480
2026-07-18T00:32:47.054Z,usb,1,848316260,45285,11592960,256,6000,33.480
2026-07-18T00:32:47.096Z,usb,1,848316260,45286,11593216,256,6000,33.480
2026-07-18T00:32:47.139Z,usb,1,848316260,45287,11593472,256,6000,33.480
2026-07-18T00:32:47.181Z,usb,1,848316260,45288,11593728,256,6000,33.480
2026-07-18T00:32:47.224Z,usb,1,848316260,45289,11593984,256,6000,33.480
2026-07-18T00:32:47.266Z,usb,1,848316260,45290,11594240,256,6000,33.480
2026-07-18T00:32:47.309Z,usb,1,848316260,45291,11594496,256,6000,33.480
2026-07-18T00:32:47.352Z,usb,1,848316260,45292,11594752,256,6000,33.480
2026-07-18T00:32:47.395Z,usb,1,848316260,45293,11595008,256,6000,33.480
2026-07-18T00:32:47.437Z,usb,1,848316260,45294,11595264,256,6000,33.480
2026-07-18T00:32:47.480Z,usb,1,848316260,45295,11595520,256,6000,33.480
2026-07-18T00:32:47.522Z,usb,1,848316260,45296,11595776,256,6000,33.480
2026-07-18T00:32:47.564Z,usb,1,848316260,45297,11596032,256,6000,33.480
2026-07-18T00:32:47.607Z,usb,1,848316260,45298,11596288,256,6000,33.480
2026-07-18T00:32:47.650Z,usb,1,848316260,45299,11596544,256,6000,33.480
2026-07-18T00:32:47.692Z,usb,1,848316260,45300,11596800,256,6000,33.480
2026-07-18T00:32:47.734Z,usb,1,848316260,45301,11597056,256,6000,33.480
2026-07-18T00:32:47.777Z,usb,1,848316260,45302,11597312,256,6000,33.480
2026-07-18T00:32:47.820Z,usb,1,848316260,45303,11597568,256,6000,33.480
2026-07-18T00:32:47.862Z,usb,1,848316260,45304,11597824,256,6000,33.480
2026-07-18T00:32:47.905Z,usb,1,848316260,45305,11598080,256,6000,33.480
2026-07-18T00:32:47.948Z,usb,1,848316260,45306,11598336,256,6000,33.480
2026-07-18T00:32:47.989Z,usb,1,848316260,45307,11598592,256,6000,33.480
2026-07-18T00:32:48.032Z,usb,1,848316260,45308,11598848,256,6000,33.480
2026-07-18T00:32:48.074Z,usb,1,848316260,45309,11599104,256,6000,33.480
2026-07-18T00:32:48.117Z,usb,1,848316260,45310,11599360,256,6000,33.480
2026-07-18T00:32:48.160Z,usb,1,848316260,45311,11599616,256,6000,33.480
2026-07-18T00:32:48.202Z,usb,1,848316260,45312,11599872,256,6000,33.480
2026-07-18T00:32:48.244Z,usb,1,848316260,45313,11600128,256,6000,33.480
2026-07-18T00:32:48.287Z,usb,1,848316260,45314,11600384,256,6000,33.480
2026-07-18T00:32:48.330Z,usb,1,848316260,45315,11600640,256,6000,33.480
2026-07-18T00:32:48.373Z,usb,1,848316260,45316,11600896,256,6000,33.480
2026-07-18T00:32:48.415Z,usb,1,848316260,45317,11601152,256,6000,33.480
2026-07-18T00:32:48.458Z,usb,1,848316260,45318,11601408,256,6000,33.480
2026-07-18T00:32:48.500Z,usb,1,848316260,45319,11601664,256,6000,33.480
2026-07-18T00:32:48.543Z,usb,1,848316260,45320,11601920,256,6000,33.480
2026-07-18T00:32:48.585Z,usb,1,848316260,45321,11602176,256,6000,33.480
2026-07-18T00:32:48.628Z,usb,1,848316260,45322,11602432,256,6000,33.480
2026-07-18T00:32:48.670Z,usb,1,848316260,45323,11602688,256,6000,33.480
2026-07-18T00:32:48.713Z,usb,1,848316260,45324,11602944,256,6000,33.480
2026-07-18T00:32:48.755Z,usb,1,848316260,45325,11603200,256,6000,33.480
2026-07-18T00:32:48.798Z,usb,1,848316260,45326,11603456,256,6000,33.480
2026-07-18T00:32:48.840Z,usb,1,848316260,45327,11603712,256,6000,33.480
2026-07-18T00:32:48.883Z,usb,1,848316260,45328,11603968,256,6000,33.480
2026-07-18T00:32:48.925Z,usb,1,848316260,45329,11604224,256,6000,33.480
2026-07-18T00:32:48.968Z,usb,1,848316260,45330,11604480,256,6000,33.480
2026-07-18T00:32:49.010Z,usb,1,848316260,45331,11604736,256,6000,33.480
2026-07-18T00:32:49.053Z,usb,1,848316260,45332,11604992,256,6000,33.480
2026-07-18T00:32:49.095Z,usb,1,848316260,45333,11605248,256,6000,33.480
2026-07-18T00:32:49.138Z,usb,1,848316260,45334,11605504,256,6000,33.480
2026-07-18T00:32:49.181Z,usb,1,848316260,45335,11605760,256,6000,33.480
2026-07-18T00:32:49.223Z,usb,1,848316260,45336,11606016,256,6000,33.480
2026-07-18T00:32:49.266Z,usb,1,848316260,45337,11606272,256,6000,33.480
2026-07-18T00:32:49.308Z,usb,1,848316260,45338,11606528,256,6000,33.480
2026-07-18T00:32:49.351Z,usb,1,848316260,45339,11606784,256,6000,33.480
2026-07-18T00:32:49.394Z,usb,1,848316260,45340,11607040,256,6000,33.480
2026-07-18T00:32:49.436Z,usb,1,848316260,45341,11607296,256,6000,33.480
2026-07-18T00:32:49.479Z,usb,1,848316260,45342,11607552,256,6000,33.480
2026-07-18T00:32:49.521Z,usb,1,848316260,45343,11607808,256,6000,33.480
2026-07-18T00:32:49.564Z,usb,1,848316260,45344,11608064,256,6000,33.480
2026-07-18T00:32:49.606Z,usb,1,848316260,45345,11608320,256,6000,33.480
2026-07-18T00:32:49.649Z,usb,1,848316260,45346,11608576,256,6000,33.480
2026-07-18T00:32:49.691Z,usb,1,848316260,45347,11608832,256,6000,33.480
2026-07-18T00:32:49.734Z,usb,1,848316260,45348,11609088,256,6000,33.480
2026-07-18T00:32:49.776Z,usb,1,848316260,45349,11609344,256,6000,33.480
2026-07-18T00:32:49.819Z,usb,1,848316260,45350,11609600,256,6000,33.480
2026-07-18T00:32:49.862Z,usb,1,848316260,45351,11609856,256,6000,33.480
2026-07-18T00:32:49.904Z,usb,1,848316260,45352,11610112,256,6000,33.480
2026-07-18T00:32:49.946Z,usb,1,848316260,45353,11610368,256,6000,33.480
2026-07-18T00:32:49.989Z,usb,1,848316260,45354,11610624,256,6000,33.480
2026-07-18T00:32:50.031Z,usb,1,848316260,45355,11610880,256,6000,33.480
2026-07-18T00:32:50.074Z,usb,1,848316260,45356,11611136,256,6000,33.480
2026-07-18T00:32:50.116Z,usb,1,848316260,45357,11611392,256,6000,33.480
2026-07-18T00:32:50.159Z,usb,1,848316260,45358,11611648,256,6000,33.480
2026-07-18T00:32:50.201Z,usb,1,848316260,45359,11611904,256,6000,33.480
2026-07-18T00:32:50.244Z,usb,1,848316260,45360,11612160,256,6000,33.480
2026-07-18T00:32:50.286Z,usb,1,848316260,45361,11612416,256,6000,33.480
2026-07-18T00:32:50.329Z,usb,1,848316260,45362,11612672,256,6000,33.480
2026-07-18T00:32:50.372Z,usb,1,848316260,45363,11612928,256,6000,33.480
2026-07-18T00:32:50.414Z,usb,1,848316260,45364,11613184,256,6000,33.480
2026-07-18T00:32:50.457Z,usb,1,848316260,45365,11613440,256,6000,33.480
2026-07-18T00:32:50.499Z,usb,1,848316260,45366,11613696,256,6000,33.480
2026-07-18T00:32:50.542Z,usb,1,848316260,45367,11613952,256,6000,33.480
2026-07-18T00:32:50.584Z,usb,1,848316260,45368,11614208,256,6000,33.480
2026-07-18T00:32:50.627Z,usb,1,848316260,45369,11614464,256,6000,33.480
2026-07-18T00:32:50.669Z,usb,1,848316260,45370,11614720,256,6000,33.480
2026-07-18T00:32:50.712Z,usb,1,848316260,45371,11614976,256,6000,33.480
2026-07-18T00:32:50.754Z,usb,1,848316260,45372,11615232,256,6000,33.480
2026-07-18T00:32:50.797Z,usb,1,848316260,45373,11615488,256,6000,33.480
2026-07-18T00:32:50.839Z,usb,1,848316260,45374,11615744,256,6000,33.480
2026-07-18T00:32:50.882Z,usb,1,848316260,45375,11616000,256,6000,33.480
2026-07-18T00:32:50.924Z,usb,1,848316260,45376,11616256,256,6000,33.480
2026-07-18T00:32:50.967Z,usb,1,848316260,45377,11616512,256,6000,33.480
2026-07-18T00:32:51.009Z,usb,1,848316260,45378,11616768,256,6000,33.480
2026-07-18T00:32:51.052Z,usb,1,848316260,45379,11617024,256,6000,33.480
2026-07-18T00:32:51.094Z,usb,1,848316260,45380,11617280,256,6000,33.480
2026-07-18T00:32:51.137Z,usb,1,848316260,45381,11617536,256,6000,33.480
2026-07-18T00:32:51.180Z,usb,1,848316260,45382,11617792,256,6000,33.480
2026-07-18T00:32:51.222Z,usb,1,848316260,45383,11618048,256,6000,33.480
2026-07-18T00:32:51.265Z,usb,1,848316260,45384,11618304,256,6000,33.480
2026-07-18T00:32:51.307Z,usb,1,848316260,45385,11618560,256,6000,33.480
2026-07-18T00:32:51.349Z,usb,1,848316260,45386,11618816,256,6000,33.480
2026-07-18T00:32:51.393Z,usb,1,848316260,45387,11619072,256,6000,33.480
2026-07-18T00:32:51.435Z,usb,1,848316260,45388,11619328,256,6000,33.480
2026-07-18T00:32:51.478Z,usb,1,848316260,45389,11619584,256,6000,33.480
2026-07-18T00:32:51.520Z,usb,1,848316260,45390,11619840,256,6000,33.480
2026-07-18T00:32:51.563Z,usb,1,848316260,45391,11620096,256,6000,33.480
2026-07-18T00:32:51.605Z,usb,1,848316260,45392,11620352,256,6000,33.480
2026-07-18T00:32:51.648Z,usb,1,848316260,45393,11620608,256,6000,33.480
2026-07-18T00:32:51.690Z,usb,1,848316260,45394,11620864,256,6000,33.480
2026-07-18T00:32:51.733Z,usb,1,848316260,45395,11621120,256,6000,33.480
2026-07-18T00:32:51.775Z,usb,1,848316260,45396,11621376,256,6000,33.480
2026-07-18T00:32:51.818Z,usb,1,848316260,45397,11621632,256,6000,33.480
2026-07-18T00:32:51.860Z,usb,1,848316260,45398,11621888,256,6000,33.480
2026-07-18T00:32:51.902Z,usb,1,848316260,45399,11622144,256,6000,33.480
2026-07-18T00:32:51.945Z,usb,1,848316260,45400,11622400,256,6000,33.480
2026-07-18T00:32:51.988Z,usb,1,848316260,45401,11622656,256,6000,33.480
2026-07-18T00:32:52.030Z,usb,1,848316260,45402,11622912,256,6000,33.480
2026-07-18T00:32:52.073Z,usb,1,848316260,45403,11623168,256,6000,33.480
2026-07-18T00:32:52.115Z,usb,1,848316260,45404,11623424,256,6000,33.480
2026-07-18T00:32:52.157Z,usb,1,848316260,45405,11623680,256,6000,33.480
2026-07-18T00:32:52.200Z,usb,1,848316260,45406,11623936,256,6000,33.480
2026-07-18T00:32:52.243Z,usb,1,848316260,45407,11624192,256,6000,33.480
2026-07-18T00:32:52.285Z,usb,1,848316260,45408,11624448,256,6000,33.480
2026-07-18T00:32:52.328Z,usb,1,848316260,45409,11624704,256,6000,33.480
2026-07-18T00:32:52.370Z,usb,1,848316260,45410,11624960,256,6000,33.480
2026-07-18T00:32:52.413Z,usb,1,848316260,45411,11625216,256,6000,33.480
2026-07-18T00:32:52.456Z,usb,1,848316260,45412,11625472,256,6000,33.480
2026-07-18T00:32:52.498Z,usb,1,848316260,45413,11625728,256,6000,33.480
2026-07-18T00:32:52.541Z,usb,1,848316260,45414,11625984,256,6000,33.480
2026-07-18T00:32:52.583Z,usb,1,848316260,45415,11626240,256,6000,33.480
2026-07-18T00:32:52.626Z,usb,1,848316260,45416,11626496,256,6000,33.480
2026-07-18T00:32:52.668Z,usb,1,848316260,45417,11626752,256,6000,33.480
2026-07-18T00:32:52.711Z,usb,1,848316260,45418,11627008,256,6000,33.480
2026-07-18T00:32:52.753Z,usb,1,848316260,45419,11627264,256,6000,33.480
2026-07-18T00:32:52.796Z,usb,1,848316260,45420,11627520,256,6000,33.480
2026-07-18T00:32:52.838Z,usb,1,848316260,45421,11627776,256,6000,33.480
2026-07-18T00:32:52.881Z,usb,1,848316260,45422,11628032,256,6000,33.480
2026-07-18T00:32:52.923Z,usb,1,848316260,45423,11628288,256,6000,33.480
2026-07-18T00:32:52.966Z,usb,1,848316260,45424,11628544,256,6000,33.480
2026-07-18T00:32:53.008Z,usb,1,848316260,45425,11628800,256,6000,33.480
2026-07-18T00:32:53.051Z,usb,1,848316260,45426,11629056,256,6000,33.480
2026-07-18T00:32:53.093Z,usb,1,848316260,45427,11629312,256,6000,33.480
2026-07-18T00:32:53.136Z,usb,1,848316260,45428,11629568,256,6000,33.480
2026-07-18T00:32:53.178Z,usb,1,848316260,45429,11629824,256,6000,33.480
2026-07-18T00:32:53.221Z,usb,1,848316260,45430,11630080,256,6000,33.480
2026-07-18T00:32:53.263Z,usb,1,848316260,45431,11630336,256,6000,33.480
2026-07-18T00:32:53.306Z,usb,1,848316260,45432,11630592,256,6000,33.480
2026-07-18T00:32:53.348Z,usb,1,848316260,45433,11630848,256,6000,33.480
2026-07-18T00:32:53.391Z,usb,1,848316260,45434,11631104,256,6000,33.480
2026-07-18T00:32:53.434Z,usb,1,848316260,45435,11631360,256,6000,33.480
2026-07-18T00:32:53.477Z,usb,1,848316260,45436,11631616,256,6000,33.480
2026-07-18T00:32:53.519Z,usb,1,848316260,45437,11631872,256,6000,33.480
2026-07-18T00:32:53.562Z,usb,1,848316260,45438,11632128,256,6000,33.480
2026-07-18T00:32:53.604Z,usb,1,848316260,45439,11632384,256,6000,33.480
2026-07-18T00:32:53.647Z,usb,1,848316260,45440,11632640,256,6000,33.480
2026-07-18T00:32:53.689Z,usb,1,848316260,45441,11632896,256,6000,33.480
2026-07-18T00:32:53.732Z,usb,1,848316260,45442,11633152,256,6000,33.480
2026-07-18T00:32:53.774Z,usb,1,848316260,45443,11633408,256,6000,33.480
2026-07-18T00:32:53.817Z,usb,1,848316260,45444,11633664,256,6000,33.480
2026-07-18T00:32:53.859Z,usb,1,848316260,45445,11633920,256,6000,33.480
2026-07-18T00:32:53.902Z,usb,1,848316260,45446,11634176,256,6000,33.480
2026-07-18T00:32:53.944Z,usb,1,848316260,45447,11634432,256,6000,33.480
2026-07-18T00:32:53.987Z,usb,1,848316260,45448,11634688,256,6000,33.480
2026-07-18T00:32:54.029Z,usb,1,848316260,45449,11634944,256,6000,33.480
2026-07-18T00:32:54.072Z,usb,1,848316260,45450,11635200,256,6000,33.480
2026-07-18T00:32:54.114Z,usb,1,848316260,45451,11635456,256,6000,33.480
2026-07-18T00:32:54.157Z,usb,1,848316260,45452,11635712,256,6000,33.480
2026-07-18T00:32:54.199Z,usb,1,848316260,45453,11635968,256,6000,33.480
2026-07-18T00:32:54.242Z,usb,1,848316260,45454,11636224,256,6000,33.480
2026-07-18T00:32:54.284Z,usb,1,848316260,45455,11636480,256,6000,33.480
2026-07-18T00:32:54.327Z,usb,1,848316260,45456,11636736,256,6000,33.480
2026-07-18T00:32:54.369Z,usb,1,848316260,45457,11636992,256,6000,33.480
2026-07-18T00:32:54.412Z,usb,1,848316260,45458,11637248,256,6000,33.480
2026-07-18T00:32:54.455Z,usb,1,848316260,45459,11637504,256,6000,33.470
2026-07-18T00:32:54.497Z,usb,1,848316260,45460,11637760,256,6000,33.470
2026-07-18T00:32:54.540Z,usb,1,848316260,45461,11638016,256,6000,33.470
2026-07-18T00:32:54.582Z,usb,1,848316260,45462,11638272,256,6000,33.470
2026-07-18T00:32:54.625Z,usb,1,848316260,45463,11638528,256,6000,33.470
2026-07-18T00:32:54.667Z,usb,1,848316260,45464,11638784,256,6000,33.470
2026-07-18T00:32:54.710Z,usb,1,848316260,45465,11639040,256,6000,33.470
2026-07-18T00:32:54.752Z,usb,1,848316260,45466,11639296,256,6000,33.470
2026-07-18T00:32:54.795Z,usb,1,848316260,45467,11639552,256,6000,33.470
2026-07-18T00:32:54.837Z,usb,1,848316260,45468,11639808,256,6000,33.470
2026-07-18T00:32:54.880Z,usb,1,848316260,45469,11640064,256,6000,33.470
2026-07-18T00:32:54.922Z,usb,1,848316260,45470,11640320,256,6000,33.470
2026-07-18T00:32:54.965Z,usb,1,848316260,45471,11640576,256,6000,33.470
2026-07-18T00:32:55.007Z,usb,1,848316260,45472,11640832,256,6000,33.470
2026-07-18T00:32:55.050Z,usb,1,848316260,45473,11641088,256,6000,33.470
2026-07-18T00:32:55.092Z,usb,1,848316260,45474,11641344,256,6000,33.470
2026-07-18T00:32:55.135Z,usb,1,848316260,45475,11641600,256,6000,33.470
2026-07-18T00:32:55.177Z,usb,1,848316260,45476,11641856,256,6000,33.470
2026-07-18T00:32:55.220Z,usb,1,848316260,45477,11642112,256,6000,33.470
2026-07-18T00:32:55.262Z,usb,1,848316260,45478,11642368,256,6000,33.470
2026-07-18T00:32:55.305Z,usb,1,848316260,45479,11642624,256,6000,33.470
2026-07-18T00:32:55.347Z,usb,1,848316260,45480,11642880,256,6000,33.470
2026-07-18T00:32:55.390Z,usb,1,848316260,45481,11643136,256,6000,33.470
2026-07-18T00:32:55.432Z,usb,1,848316260,45482,11643392,256,6000,33.470
2026-07-18T00:32:55.475Z,usb,1,848316260,45483,11643648,256,6000,33.480
2026-07-18T00:32:55.518Z,usb,1,848316260,45484,11643904,256,6000,33.480
2026-07-18T00:32:55.561Z,usb,1,848316260,45485,11644160,256,6000,33.480
2026-07-18T00:32:55.603Z,usb,1,848316260,45486,11644416,256,6000,33.480
2026-07-18T00:32:55.645Z,usb,1,848316260,45487,11644672,256,6000,33.480
2026-07-18T00:32:55.688Z,usb,1,848316260,45488,11644928,256,6000,33.480
2026-07-18T00:32:55.730Z,usb,1,848316260,45489,11645184,256,6000,33.480
2026-07-18T00:32:55.773Z,usb,1,848316260,45490,11645440,256,6000,33.480
2026-07-18T00:32:55.816Z,usb,1,848316260,45491,11645696,256,6000,33.480
2026-07-18T00:32:55.858Z,usb,1,848316260,45492,11645952,256,6000,33.480
2026-07-18T00:32:55.901Z,usb,1,848316260,45493,11646208,256,6000,33.480
2026-07-18T00:32:55.943Z,usb,1,848316260,45494,11646464,256,6000,33.480
2026-07-18T00:32:55.986Z,usb,1,848316260,45495,11646720,256,6000,33.480
2026-07-18T00:32:56.028Z,usb,1,848316260,45496,11646976,256,6000,33.480
2026-07-18T00:32:56.070Z,usb,1,848316260,45497,11647232,256,6000,33.480
2026-07-18T00:32:56.113Z,usb,1,848316260,45498,11647488,256,6000,33.480
2026-07-18T00:32:56.155Z,usb,1,848316260,45499,11647744,256,6000,33.480
2026-07-18T00:32:56.198Z,usb,1,848316260,45500,11648000,256,6000,33.480
2026-07-18T00:32:56.241Z,usb,1,848316260,45501,11648256,256,6000,33.480
2026-07-18T00:32:56.283Z,usb,1,848316260,45502,11648512,256,6000,33.480
2026-07-18T00:32:56.326Z,usb,1,848316260,45503,11648768,256,6000,33.480
2026-07-18T00:32:56.368Z,usb,1,848316260,45504,11649024,256,6000,33.480
2026-07-18T00:32:56.411Z,usb,1,848316260,45505,11649280,256,6000,33.480
2026-07-18T00:32:56.453Z,usb,1,848316260,45506,11649536,256,6000,33.480
2026-07-18T00:32:56.496Z,usb,1,848316260,45507,11649792,256,6000,33.480
2026-07-18T00:32:56.539Z,usb,1,848316260,45508,11650048,256,6000,33.480
2026-07-18T00:32:56.581Z,usb,1,848316260,45509,11650304,256,6000,33.480
2026-07-18T00:32:56.624Z,usb,1,848316260,45510,11650560,256,6000,33.480
2026-07-18T00:32:56.666Z,usb,1,848316260,45511,11650816,256,6000,33.480
2026-07-18T00:32:56.709Z,usb,1,848316260,45512,11651072,256,6000,33.480
2026-07-18T00:32:56.751Z,usb,1,848316260,45513,11651328,256,6000,33.480
2026-07-18T00:32:56.794Z,usb,1,848316260,45514,11651584,256,6000,33.480
2026-07-18T00:32:56.836Z,usb,1,848316260,45515,11651840,256,6000,33.480
2026-07-18T00:32:56.879Z,usb,1,848316260,45516,11652096,256,6000,33.480
2026-07-18T00:32:56.921Z,usb,1,848316260,45517,11652352,256,6000,33.480
2026-07-18T00:32:56.964Z,usb,1,848316260,45518,11652608,256,6000,33.480
2026-07-18T00:32:57.006Z,usb,1,848316260,45519,11652864,256,6000,33.480
2026-07-18T00:32:57.049Z,usb,1,848316260,45520,11653120,256,6000,33.480
2026-07-18T00:32:57.091Z,usb,1,848316260,45521,11653376,256,6000,33.480
2026-07-18T00:32:57.134Z,usb,1,848316260,45522,11653632,256,6000,33.480
2026-07-18T00:32:57.176Z,usb,1,848316260,45523,11653888,256,6000,33.480
2026-07-18T00:32:57.219Z,usb,1,848316260,45524,11654144,256,6000,33.480
2026-07-18T00:32:57.261Z,usb,1,848316260,45525,11654400,256,6000,33.480
2026-07-18T00:32:57.304Z,usb,1,848316260,45526,11654656,256,6000,33.480
2026-07-18T00:32:57.346Z,usb,1,848316260,45527,11654912,256,6000,33.480
2026-07-18T00:32:57.389Z,usb,1,848316260,45528,11655168,256,6000,33.480
2026-07-18T00:32:57.431Z,usb,1,848316260,45529,11655424,256,6000,33.480
2026-07-18T00:32:57.474Z,usb,1,848316260,45530,11655680,256,6000,33.480
2026-07-18T00:32:57.517Z,usb,1,848316260,45531,11655936,256,6000,33.480
2026-07-18T00:32:57.560Z,usb,1,848316260,45532,11656192,256,6000,33.480
2026-07-18T00:32:57.602Z,usb,1,848316260,45533,11656448,256,6000,33.480
2026-07-18T00:32:57.645Z,usb,1,848316260,45534,11656704,256,6000,33.480
2026-07-18T00:32:57.687Z,usb,1,848316260,45535,11656960,256,6000,33.480
2026-07-18T00:32:57.730Z,usb,1,848316260,45536,11657216,256,6000,33.480
2026-07-18T00:32:57.772Z,usb,1,848316260,45537,11657472,256,6000,33.480
2026-07-18T00:32:57.815Z,usb,1,848316260,45538,11657728,256,6000,33.480
2026-07-18T00:32:57.857Z,usb,1,848316260,45539,11657984,256,6000,33.480
2026-07-18T00:32:57.900Z,usb,1,848316260,45540,11658240,256,6000,33.480
2026-07-18T00:32:57.942Z,usb,1,848316260,45541,11658496,256,6000,33.480
2026-07-18T00:32:57.985Z,usb,1,848316260,45542,11658752,256,6000,33.480
2026-07-18T00:32:58.027Z,usb,1,848316260,45543,11659008,256,6000,33.480
2026-07-18T00:32:58.070Z,usb,1,848316260,45544,11659264,256,6000,33.480
2026-07-18T00:32:58.112Z,usb,1,848316260,45545,11659520,256,6000,33.480
2026-07-18T00:32:58.155Z,usb,1,848316260,45546,11659776,256,6000,33.480
2026-07-18T00:32:58.197Z,usb,1,848316260,45547,11660032,256,6000,33.480
2026-07-18T00:32:58.240Z,usb,1,848316260,45548,11660288,256,6000,33.480
2026-07-18T00:32:58.282Z,usb,1,848316260,45549,11660544,256,6000,33.480
2026-07-18T00:32:58.325Z,usb,1,848316260,45550,11660800,256,6000,33.480
2026-07-18T00:32:58.367Z,usb,1,848316260,45551,11661056,256,6000,33.480
2026-07-18T00:32:58.410Z,usb,1,848316260,45552,11661312,256,6000,33.480
2026-07-18T00:32:58.452Z,usb,1,848316260,45553,11661568,256,6000,33.480
2026-07-18T00:32:58.495Z,usb,1,848316260,45554,11661824,256,6000,33.480
2026-07-18T00:32:58.538Z,usb,1,848316260,45555,11662080,256,6000,33.480
2026-07-18T00:32:58.580Z,usb,1,848316260,45556,11662336,256,6000,33.480
2026-07-18T00:32:58.623Z,usb,1,848316260,45557,11662592,256,6000,33.480
2026-07-18T00:32:58.665Z,usb,1,848316260,45558,11662848,256,6000,33.480
2026-07-18T00:32:58.708Z,usb,1,848316260,45559,11663104,256,6000,33.480
2026-07-18T00:32:58.750Z,usb,1,848316260,45560,11663360,256,6000,33.480
2026-07-18T00:32:58.793Z,usb,1,848316260,45561,11663616,256,6000,33.480
2026-07-18T00:32:58.835Z,usb,1,848316260,45562,11663872,256,6000,33.480
2026-07-18T00:32:58.878Z,usb,1,848316260,45563,11664128,256,6000,33.480
2026-07-18T00:32:58.920Z,usb,1,848316260,45564,11664384,256,6000,33.480
2026-07-18T00:32:58.963Z,usb,1,848316260,45565,11664640,256,6000,33.480
2026-07-18T00:32:59.005Z,usb,1,848316260,45566,11664896,256,6000,33.480
2026-07-18T00:32:59.048Z,usb,1,848316260,45567,11665152,256,6000,33.480
2026-07-18T00:32:59.090Z,usb,1,848316260,45568,11665408,256,6000,33.480
2026-07-18T00:32:59.133Z,usb,1,848316260,45569,11665664,256,6000,33.480
2026-07-18T00:32:59.175Z,usb,1,848316260,45570,11665920,256,6000,33.480
2026-07-18T00:32:59.218Z,usb,1,848316260,45571,11666176,256,6000,33.480
2026-07-18T00:32:59.260Z,usb,1,848316260,45572,11666432,256,6000,33.480
2026-07-18T00:32:59.303Z,usb,1,848316260,45573,11666688,256,6000,33.480
2026-07-18T00:32:59.345Z,usb,1,848316260,45574,11666944,256,6000,33.480
2026-07-18T00:32:59.388Z,usb,1,848316260,45575,11667200,256,6000,33.480
2026-07-18T00:32:59.430Z,usb,1,848316260,45576,11667456,256,6000,33.480
2026-07-18T00:32:59.473Z,usb,1,848316260,45577,11667712,256,6000,33.480
2026-07-18T00:32:59.515Z,usb,1,848316260,45578,11667968,256,6000,33.480
2026-07-18T00:32:59.558Z,usb,1,848316260,45579,11668224,256,6000,33.480
2026-07-18T00:32:59.601Z,usb,1,848316260,45580,11668480,256,6000,33.480
2026-07-18T00:32:59.644Z,usb,1,848316260,45581,11668736,256,6000,33.480
2026-07-18T00:32:59.686Z,usb,1,848316260,45582,11668992,256,6000,33.480
2026-07-18T00:32:59.728Z,usb,1,848316260,45583,11669248,256,6000,33.480
2026-07-18T00:32:59.771Z,usb,1,848316260,45584,11669504,256,6000,33.480
2026-07-18T00:32:59.814Z,usb,1,848316260,45585,11669760,256,6000,33.480
2026-07-18T00:32:59.856Z,usb,1,848316260,45586,11670016,256,6000,33.480
2026-07-18T00:32:59.899Z,usb,1,848316260,45587,11670272,256,6000,33.480
2026-07-18T00:32:59.941Z,usb,1,848316260,45588,11670528,256,6000,33.480
2026-07-18T00:32:59.983Z,usb,1,848316260,45589,11670784,256,6000,33.480
2026-07-18T00:33:00.026Z,usb,1,848316260,45590,11671040,256,6000,33.480
2026-07-18T00:33:00.068Z,usb,1,848316260,45591,11671296,256,6000,33.480
2026-07-18T00:33:00.111Z,usb,1,848316260,45592,11671552,256,6000,33.480
2026-07-18T00:33:00.154Z,usb,1,848316260,45593,11671808,256,6000,33.480
2026-07-18T00:33:00.196Z,usb,1,848316260,45594,11672064,256,6000,33.480
2026-07-18T00:33:00.239Z,usb,1,848316260,45595,11672320,256,6000,33.480
2026-07-18T00:33:00.281Z,usb,1,848316260,45596,11672576,256,6000,33.480
2026-07-18T00:33:00.324Z,usb,1,848316260,45597,11672832,256,6000,33.480
2026-07-18T00:33:00.366Z,usb,1,848316260,45598,11673088,256,6000,33.480
2026-07-18T00:33:00.409Z,usb,1,848316260,45599,11673344,256,6000,33.480
2026-07-18T00:33:00.451Z,usb,1,848316260,45600,11673600,256,6000,33.480
2026-07-18T00:33:00.493Z,usb,1,848316260,45601,11673856,256,6000,33.480
2026-07-18T00:33:00.536Z,usb,1,848316260,45602,11674112,256,6000,33.480
2026-07-18T00:33:00.579Z,usb,1,848316260,45603,11674368,256,6000,33.480
2026-07-18T00:33:00.622Z,usb,1,848316260,45604,11674624,256,6000,33.480
2026-07-18T00:33:00.664Z,usb,1,848316260,45605,11674880,256,6000,33.480
2026-07-18T00:33:00.707Z,usb,1,848316260,45606,11675136,256,6000,33.480
2026-07-18T00:33:00.749Z,usb,1,848316260,45607,11675392,256,6000,33.480
2026-07-18T00:33:00.792Z,usb,1,848316260,45608,11675648,256,6000,33.480
2026-07-18T00:33:00.834Z,usb,1,848316260,45609,11675904,256,6000,33.480
2026-07-18T00:33:00.877Z,usb,1,848316260,45610,11676160,256,6000,33.480
2026-07-18T00:33:00.919Z,usb,1,848316260,45611,11676416,256,6000,33.480
2026-07-18T00:33:00.962Z,usb,1,848316260,45612,11676672,256,6000,33.480
2026-07-18T00:33:01.004Z,usb,1,848316260,45613,11676928,256,6000,33.480
2026-07-18T00:33:01.047Z,usb,1,848316260,45614,11677184,256,6000,33.480
2026-07-18T00:33:01.089Z,usb,1,848316260,45615,11677440,256,6000,33.480
2026-07-18T00:33:01.132Z,usb,1,848316260,45616,11677696,256,6000,33.480
2026-07-18T00:33:01.174Z,usb,1,848316260,45617,11677952,256,6000,33.480
2026-07-18T00:33:01.217Z,usb,1,848316260,45618,11678208,256,6000,33.480
2026-07-18T00:33:01.259Z,usb,1,848316260,45619,11678464,256,6000,33.480
2026-07-18T00:33:01.302Z,usb,1,848316260,45620,11678720,256,6000,33.480
2026-07-18T00:33:01.344Z,usb,1,848316260,45621,11678976,256,6000,33.480
2026-07-18T00:33:01.387Z,usb,1,848316260,45622,11679232,256,6000,33.480
2026-07-18T00:33:01.429Z,usb,1,848316260,45623,11679488,256,6000,33.480
2026-07-18T00:33:01.472Z,usb,1,848316260,45624,11679744,256,6000,33.480
2026-07-18T00:33:01.514Z,usb,1,848316260,45625,11680000,256,6000,33.480
2026-07-18T00:33:01.557Z,usb,1,848316260,45626,11680256,256,6000,33.480
2026-07-18T00:33:01.600Z,usb,1,848316260,45627,11680512,256,6000,33.480
2026-07-18T00:33:01.642Z,usb,1,848316260,45628,11680768,256,6000,33.480
2026-07-18T00:33:01.685Z,usb,1,848316260,45629,11681024,256,6000,33.480
2026-07-18T00:33:01.727Z,usb,1,848316260,45630,11681280,256,6000,33.480
2026-07-18T00:33:01.770Z,usb,1,848316260,45631,11681536,256,6000,33.480
2026-07-18T00:33:01.812Z,usb,1,848316260,45632,11681792,256,6000,33.480
2026-07-18T00:33:01.855Z,usb,1,848316260,45633,11682048,256,6000,33.480
2026-07-18T00:33:01.897Z,usb,1,848316260,45634,11682304,256,6000,33.480
2026-07-18T00:33:01.940Z,usb,1,848316260,45635,11682560,256,6000,33.480
2026-07-18T00:33:01.983Z,usb,1,848316260,45636,11682816,256,6000,33.480
2026-07-18T00:33:02.025Z,usb,1,848316260,45637,11683072,256,6000,33.480
2026-07-18T00:33:02.067Z,usb,1,848316260,45638,11683328,256,6000,33.480
2026-07-18T00:33:02.110Z,usb,1,848316260,45639,11683584,256,6000,33.480
2026-07-18T00:33:02.153Z,usb,1,848316260,45640,11683840,256,6000,33.480
2026-07-18T00:33:02.195Z,usb,1,848316260,45641,11684096,256,6000,33.480
2026-07-18T00:33:02.238Z,usb,1,848316260,45642,11684352,256,6000,33.480
2026-07-18T00:33:02.280Z,usb,1,848316260,45643,11684608,256,6000,33.480
2026-07-18T00:33:02.322Z,usb,1,848316260,45644,11684864,256,6000,33.480
2026-07-18T00:33:02.365Z,usb,1,848316260,45645,11685120,256,6000,33.480
2026-07-18T00:33:02.408Z,usb,1,848316260,45646,11685376,256,6000,33.480
2026-07-18T00:33:02.450Z,usb,1,848316260,45647,11685632,256,6000,33.480
2026-07-18T00:33:02.493Z,usb,1,848316260,45648,11685888,256,6000,33.480
2026-07-18T00:33:02.535Z,usb,1,848316260,45649,11686144,256,6000,33.480
2026-07-18T00:33:02.577Z,usb,1,848316260,45650,11686400,256,6000,33.480
2026-07-18T00:33:02.621Z,usb,1,848316260,45651,11686656,256,6000,33.480
2026-07-18T00:33:02.663Z,usb,1,848316260,45652,11686912,256,6000,33.480
2026-07-18T00:33:02.706Z,usb,1,848316260,45653,11687168,256,6000,33.480
2026-07-18T00:33:02.748Z,usb,1,848316260,45654,11687424,256,6000,33.480
2026-07-18T00:33:02.791Z,usb,1,848316260,45655,11687680,256,6000,33.480
2026-07-18T00:33:02.833Z,usb,1,848316260,45656,11687936,256,6000,33.480
2026-07-18T00:33:02.876Z,usb,1,848316260,45657,11688192,256,6000,33.480
2026-07-18T00:33:02.918Z,usb,1,848316260,45658,11688448,256,6000,33.480
2026-07-18T00:33:02.961Z,usb,1,848316260,45659,11688704,256,6000,33.480
2026-07-18T00:33:03.003Z,usb,1,848316260,45660,11688960,256,6000,33.480
2026-07-18T00:33:03.046Z,usb,1,848316260,45661,11689216,256,6000,33.480
2026-07-18T00:33:03.088Z,usb,1,848316260,45662,11689472,256,6000,33.480
2026-07-18T00:33:03.131Z,usb,1,848316260,45663,11689728,256,6000,33.480
2026-07-18T00:33:03.173Z,usb,1,848316260,45664,11689984,256,6000,33.480
2026-07-18T00:33:03.216Z,usb,1,848316260,45665,11690240,256,6000,33.480
2026-07-18T00:33:03.258Z,usb,1,848316260,45666,11690496,256,6000,33.480
2026-07-18T00:33:03.301Z,usb,1,848316260,45667,11690752,256,6000,33.480
2026-07-18T00:33:03.344Z,usb,1,848316260,45668,11691008,256,6000,33.480
2026-07-18T00:33:03.386Z,usb,1,848316260,45669,11691264,256,6000,33.480
2026-07-18T00:33:03.428Z,usb,1,848316260,45670,11691520,256,6000,33.480
2026-07-18T00:33:03.471Z,usb,1,848316260,45671,11691776,256,6000,33.480
2026-07-18T00:33:03.513Z,usb,1,848316260,45672,11692032,256,6000,33.480
2026-07-18T00:33:03.556Z,usb,1,848316260,45673,11692288,256,6000,33.480
2026-07-18T00:33:03.598Z,usb,1,848316260,45674,11692544,256,6000,33.480
2026-07-18T00:33:03.641Z,usb,1,848316260,45675,11692800,256,6000,33.480
2026-07-18T00:33:03.684Z,usb,1,848316260,45676,11693056,256,6000,33.480
2026-07-18T00:33:03.727Z,usb,1,848316260,45677,11693312,256,6000,33.480
2026-07-18T00:33:03.769Z,usb,1,848316260,45678,11693568,256,6000,33.480
2026-07-18T00:33:03.811Z,usb,1,848316260,45679,11693824,256,6000,33.480
2026-07-18T00:33:03.854Z,usb,1,848316260,45680,11694080,256,6000,33.480
2026-07-18T00:33:03.896Z,usb,1,848316260,45681,11694336,256,6000,33.480
2026-07-18T00:33:03.939Z,usb,1,848316260,45682,11694592,256,6000,33.480
2026-07-18T00:33:03.982Z,usb,1,848316260,45683,11694848,256,6000,33.480
2026-07-18T00:33:04.024Z,usb,1,848316260,45684,11695104,256,6000,33.480
2026-07-18T00:33:04.067Z,usb,1,848316260,45685,11695360,256,6000,33.480
2026-07-18T00:33:04.109Z,usb,1,848316260,45686,11695616,256,6000,33.480
2026-07-18T00:33:04.152Z,usb,1,848316260,45687,11695872,256,6000,33.480
2026-07-18T00:33:04.194Z,usb,1,848316260,45688,11696128,256,6000,33.480
2026-07-18T00:33:04.237Z,usb,1,848316260,45689,11696384,256,6000,33.480
2026-07-18T00:33:04.279Z,usb,1,848316260,45690,11696640,256,6000,33.480
2026-07-18T00:33:04.322Z,usb,1,848316260,45691,11696896,256,6000,33.480
2026-07-18T00:33:04.364Z,usb,1,848316260,45692,11697152,256,6000,33.480
2026-07-18T00:33:04.406Z,usb,1,848316260,45693,11697408,256,6000,33.480
2026-07-18T00:33:04.449Z,usb,1,848316260,45694,11697664,256,6000,33.480
2026-07-18T00:33:04.492Z,usb,1,848316260,45695,11697920,256,6000,33.480
2026-07-18T00:33:04.534Z,usb,1,848316260,45696,11698176,256,6000,33.480
2026-07-18T00:33:04.577Z,usb,1,848316260,45697,11698432,256,6000,33.480
2026-07-18T00:33:04.619Z,usb,1,848316260,45698,11698688,256,6000,33.480
2026-07-18T00:33:04.662Z,usb,1,848316260,45699,11698944,256,6000,33.480
2026-07-18T00:33:04.705Z,usb,1,848316260,45700,11699200,256,6000,33.480
2026-07-18T00:33:04.747Z,usb,1,848316260,45701,11699456,256,6000,33.480
2026-07-18T00:33:04.790Z,usb,1,848316260,45702,11699712,256,6000,33.480
2026-07-18T00:33:04.832Z,usb,1,848316260,45703,11699968,256,6000,33.480
2026-07-18T00:33:04.875Z,usb,1,848316260,45704,11700224,256,6000,33.480
2026-07-18T00:33:04.917Z,usb,1,848316260,45705,11700480,256,6000,33.480
2026-07-18T00:33:04.960Z,usb,1,848316260,45706,11700736,256,6000,33.480
2026-07-18T00:33:05.002Z,usb,1,848316260,45707,11700992,256,6000,33.480
2026-07-18T00:33:05.045Z,usb,1,848316260,45708,11701248,256,6000,33.480
2026-07-18T00:33:05.087Z,usb,1,848316260,45709,11701504,256,6000,33.480
2026-07-18T00:33:05.130Z,usb,1,848316260,45710,11701760,256,6000,33.480
2026-07-18T00:33:05.172Z,usb,1,848316260,45711,11702016,256,6000,33.480
2026-07-18T00:33:05.215Z,usb,1,848316260,45712,11702272,256,6000,33.480
2026-07-18T00:33:05.258Z,usb,1,848316260,45713,11702528,256,6000,33.480
2026-07-18T00:33:05.300Z,usb,1,848316260,45714,11702784,256,6000,33.480
2026-07-18T00:33:05.342Z,usb,1,848316260,45715,11703040,256,6000,33.480
2026-07-18T00:33:05.385Z,usb,1,848316260,45716,11703296,256,6000,33.480
2026-07-18T00:33:05.427Z,usb,1,848316260,45717,11703552,256,6000,33.480
2026-07-18T00:33:05.470Z,usb,1,848316260,45718,11703808,256,6000,33.480
2026-07-18T00:33:05.512Z,usb,1,848316260,45719,11704064,256,6000,33.480
2026-07-18T00:33:05.555Z,usb,1,848316260,45720,11704320,256,6000,33.480
2026-07-18T00:33:05.597Z,usb,1,848316260,45721,11704576,256,6000,33.480
2026-07-18T00:33:05.640Z,usb,1,848316260,45722,11704832,256,6000,33.480
2026-07-18T00:33:05.683Z,usb,1,848316260,45723,11705088,256,6000,33.480
2026-07-18T00:33:05.726Z,usb,1,848316260,45724,11705344,256,6000,33.480
2026-07-18T00:33:05.769Z,usb,1,848316260,45725,11705600,256,6000,33.480
2026-07-18T00:33:05.811Z,usb,1,848316260,45726,11705856,256,6000,33.480
2026-07-18T00:33:05.853Z,usb,1,848316260,45727,11706112,256,6000,33.480
2026-07-18T00:33:05.896Z,usb,1,848316260,45728,11706368,256,6000,33.480
2026-07-18T00:33:05.938Z,usb,1,848316260,45729,11706624,256,6000,33.480
2026-07-18T00:33:05.980Z,usb,1,848316260,45730,11706880,256,6000,33.480
2026-07-18T00:33:06.023Z,usb,1,848316260,45731,11707136,256,6000,33.480
2026-07-18T00:33:06.066Z,usb,1,848316260,45732,11707392,256,6000,33.480
2026-07-18T00:33:06.108Z,usb,1,848316260,45733,11707648,256,6000,33.480
2026-07-18T00:33:06.151Z,usb,1,848316260,45734,11707904,256,6000,33.480
2026-07-18T00:33:06.193Z,usb,1,848316260,45735,11708160,256,6000,33.480
2026-07-18T00:33:06.236Z,usb,1,848316260,45736,11708416,256,6000,33.480
2026-07-18T00:33:06.278Z,usb,1,848316260,45737,11708672,256,6000,33.480
2026-07-18T00:33:06.321Z,usb,1,848316260,45738,11708928,256,6000,33.480
2026-07-18T00:33:06.363Z,usb,1,848316260,45739,11709184,256,6000,33.480
2026-07-18T00:33:06.406Z,usb,1,848316260,45740,11709440,256,6000,33.480
2026-07-18T00:33:06.448Z,usb,1,848316260,45741,11709696,256,6000,33.480
2026-07-18T00:33:06.491Z,usb,1,848316260,45742,11709952,256,6000,33.480
2026-07-18T00:33:06.533Z,usb,1,848316260,45743,11710208,256,6000,33.480
2026-07-18T00:33:06.575Z,usb,1,848316260,45744,11710464,256,6000,33.480
2026-07-18T00:33:06.618Z,usb,1,848316260,45745,11710720,256,6000,33.480
2026-07-18T00:33:06.661Z,usb,1,848316260,45746,11710976,256,6000,33.480
2026-07-18T00:33:06.704Z,usb,1,848316260,45747,11711232,256,6000,33.480
2026-07-18T00:33:06.746Z,usb,1,848316260,45748,11711488,256,6000,33.480
2026-07-18T00:33:06.789Z,usb,1,848316260,45749,11711744,256,6000,33.480
2026-07-18T00:33:06.831Z,usb,1,848316260,45750,11712000,256,6000,33.480
2026-07-18T00:33:06.874Z,usb,1,848316260,45751,11712256,256,6000,33.480
2026-07-18T00:33:06.916Z,usb,1,848316260,45752,11712512,256,6000,33.480
2026-07-18T00:33:06.959Z,usb,1,848316260,45753,11712768,256,6000,33.480
2026-07-18T00:33:07.001Z,usb,1,848316260,45754,11713024,256,6000,33.480
2026-07-18T00:33:07.044Z,usb,1,848316260,45755,11713280,256,6000,33.480
2026-07-18T00:33:07.086Z,usb,1,848316260,45756,11713536,256,6000,33.480
2026-07-18T00:33:07.129Z,usb,1,848316260,45757,11713792,256,6000,33.480
2026-07-18T00:33:07.171Z,usb,1,848316260,45758,11714048,256,6000,33.480
2026-07-18T00:33:07.214Z,usb,1,848316260,45759,11714304,256,6000,33.480
2026-07-18T00:33:07.256Z,usb,1,848316260,45760,11714560,256,6000,33.480
2026-07-18T00:33:07.299Z,usb,1,848316260,45761,11714816,256,6000,33.480
2026-07-18T00:33:07.341Z,usb,1,848316260,45762,11715072,256,6000,33.480
2026-07-18T00:33:07.384Z,usb,1,848316260,45763,11715328,256,6000,33.480
2026-07-18T00:33:07.426Z,usb,1,848316260,45764,11715584,256,6000,33.480
2026-07-18T00:33:07.469Z,usb,1,848316260,45765,11715840,256,6000,33.480
2026-07-18T00:33:07.511Z,usb,1,848316260,45766,11716096,256,6000,33.480
2026-07-18T00:33:07.554Z,usb,1,848316260,45767,11716352,256,6000,33.480
2026-07-18T00:33:07.596Z,usb,1,848316260,45768,11716608,256,6000,33.480
2026-07-18T00:33:07.639Z,usb,1,848316260,45769,11716864,256,6000,33.480
2026-07-18T00:33:07.681Z,usb,1,848316260,45770,11717120,256,6000,33.480
2026-07-18T00:33:07.725Z,usb,1,848316260,45771,11717376,256,6000,33.480
2026-07-18T00:33:07.767Z,usb,1,848316260,45772,11717632,256,6000,33.480
2026-07-18T00:33:07.810Z,usb,1,848316260,45773,11717888,256,6000,33.480
2026-07-18T00:33:07.853Z,usb,1,848316260,45774,11718144,256,6000,33.480
2026-07-18T00:33:07.894Z,usb,1,848316260,45775,11718400,256,6000,33.480
2026-07-18T00:33:07.937Z,usb,1,848316260,45776,11718656,256,6000,33.480
2026-07-18T00:33:07.980Z,usb,1,848316260,45777,11718912,256,6000,33.480
2026-07-18T00:33:08.022Z,usb,1,848316260,45778,11719168,256,6000,33.480
2026-07-18T00:33:08.065Z,usb,1,848316260,45779,11719424,256,6000,33.480
2026-07-18T00:33:08.107Z,usb,1,848316260,45780,11719680,256,6000,33.480
2026-07-18T00:33:08.150Z,usb,1,848316260,45781,11719936,256,6000,33.480
2026-07-18T00:33:08.192Z,usb,1,848316260,45782,11720192,256,6000,33.480
2026-07-18T00:33:08.234Z,usb,1,848316260,45783,11720448,256,6000,33.480
2026-07-18T00:33:08.277Z,usb,1,848316260,45784,11720704,256,6000,33.480
2026-07-18T00:33:08.320Z,usb,1,848316260,45785,11720960,256,6000,33.480
2026-07-18T00:33:08.362Z,usb,1,848316260,45786,11721216,256,6000,33.480
2026-07-18T00:33:08.405Z,usb,1,848316260,45787,11721472,256,6000,33.480
2026-07-18T00:33:08.447Z,usb,1,848316260,45788,11721728,256,6000,33.480
2026-07-18T00:33:08.490Z,usb,1,848316260,45789,11721984,256,6000,33.480
2026-07-18T00:33:08.532Z,usb,1,848316260,45790,11722240,256,6000,33.480
2026-07-18T00:33:08.575Z,usb,1,848316260,45791,11722496,256,6000,33.480
2026-07-18T00:33:08.617Z,usb,1,848316260,45792,11722752,256,6000,33.480
2026-07-18T00:33:08.660Z,usb,1,848316260,45793,11723008,256,6000,33.480
2026-07-18T00:33:08.702Z,usb,1,848316260,45794,11723264,256,6000,33.480
2026-07-18T00:33:08.745Z,usb,1,848316260,45795,11723520,256,6000,33.470
2026-07-18T00:33:08.788Z,usb,1,848316260,45796,11723776,256,6000,33.470
2026-07-18T00:33:08.830Z,usb,1,848316260,45797,11724032,256,6000,33.470
2026-07-18T00:33:08.873Z,usb,1,848316260,45798,11724288,256,6000,33.470
2026-07-18T00:33:08.915Z,usb,1,848316260,45799,11724544,256,6000,33.470
2026-07-18T00:33:08.958Z,usb,1,848316260,45800,11724800,256,6000,33.470
2026-07-18T00:33:09.000Z,usb,1,848316260,45801,11725056,256,6000,33.470
2026-07-18T00:33:09.043Z,usb,1,848316260,45802,11725312,256,6000,33.470
2026-07-18T00:33:09.085Z,usb,1,848316260,45803,11725568,256,6000,33.470
2026-07-18T00:33:09.128Z,usb,1,848316260,45804,11725824,256,6000,33.470
2026-07-18T00:33:09.170Z,usb,1,848316260,45805,11726080,256,6000,33.470
2026-07-18T00:33:09.213Z,usb,1,848316260,45806,11726336,256,6000,33.470
2026-07-18T00:33:09.255Z,usb,1,848316260,45807,11726592,256,6000,33.470
2026-07-18T00:33:09.298Z,usb,1,848316260,45808,11726848,256,6000,33.470
2026-07-18T00:33:09.340Z,usb,1,848316260,45809,11727104,256,6000,33.470
2026-07-18T00:33:09.383Z,usb,1,848316260,45810,11727360,256,6000,33.470
2026-07-18T00:33:09.425Z,usb,1,848316260,45811,11727616,256,6000,33.470
2026-07-18T00:33:09.468Z,usb,1,848316260,45812,11727872,256,6000,33.470
2026-07-18T00:33:09.510Z,usb,1,848316260,45813,11728128,256,6000,33.470
2026-07-18T00:33:09.553Z,usb,1,848316260,45814,11728384,256,6000,33.470
2026-07-18T00:33:09.595Z,usb,1,848316260,45815,11728640,256,6000,33.470
2026-07-18T00:33:09.638Z,usb,1,848316260,45816,11728896,256,6000,33.470
2026-07-18T00:33:09.680Z,usb,1,848316260,45817,11729152,256,6000,33.470
2026-07-18T00:33:09.723Z,usb,1,848316260,45818,11729408,256,6000,33.470
2026-07-18T00:33:09.766Z,usb,1,848316260,45819,11729664,256,6000,33.480
2026-07-18T00:33:09.809Z,usb,1,848316260,45820,11729920,256,6000,33.480
2026-07-18T00:33:09.851Z,usb,1,848316260,45821,11730176,256,6000,33.480
2026-07-18T00:33:09.894Z,usb,1,848316260,45822,11730432,256,6000,33.480
2026-07-18T00:33:09.936Z,usb,1,848316260,45823,11730688,256,6000,33.480
2026-07-18T00:33:09.978Z,usb,1,848316260,45824,11730944,256,6000,33.480
2026-07-18T00:33:10.021Z,usb,1,848316260,45825,11731200,256,6000,33.480
2026-07-18T00:33:10.064Z,usb,1,848316260,45826,11731456,256,6000,33.480
2026-07-18T00:33:10.106Z,usb,1,848316260,45827,11731712,256,6000,33.480
2026-07-18T00:33:10.149Z,usb,1,848316260,45828,11731968,256,6000,33.480
2026-07-18T00:33:10.191Z,usb,1,848316260,45829,11732224,256,6000,33.480
2026-07-18T00:33:10.234Z,usb,1,848316260,45830,11732480,256,6000,33.480
2026-07-18T00:33:10.276Z,usb,1,848316260,45831,11732736,256,6000,33.480
2026-07-18T00:33:10.319Z,usb,1,848316260,45832,11732992,256,6000,33.480
2026-07-18T00:33:10.361Z,usb,1,848316260,45833,11733248,256,6000,33.480
2026-07-18T00:33:10.404Z,usb,1,848316260,45834,11733504,256,6000,33.480
2026-07-18T00:33:10.446Z,usb,1,848316260,45835,11733760,256,6000,33.480
2026-07-18T00:33:10.488Z,usb,1,848316260,45836,11734016,256,6000,33.480
2026-07-18T00:33:10.531Z,usb,1,848316260,45837,11734272,256,6000,33.480
2026-07-18T00:33:10.574Z,usb,1,848316260,45838,11734528,256,6000,33.480
2026-07-18T00:33:10.616Z,usb,1,848316260,45839,11734784,256,6000,33.480
2026-07-18T00:33:10.659Z,usb,1,848316260,45840,11735040,256,6000,33.480
2026-07-18T00:33:10.701Z,usb,1,848316260,45841,11735296,256,6000,33.480
2026-07-18T00:33:10.744Z,usb,1,848316260,45842,11735552,256,6000,33.480
2026-07-18T00:33:10.787Z,usb,1,848316260,45843,11735808,256,6000,33.480
2026-07-18T00:33:10.829Z,usb,1,848316260,45844,11736064,256,6000,33.480
2026-07-18T00:33:10.872Z,usb,1,848316260,45845,11736320,256,6000,33.480
2026-07-18T00:33:10.914Z,usb,1,848316260,45846,11736576,256,6000,33.480
2026-07-18T00:33:10.957Z,usb,1,848316260,45847,11736832,256,6000,33.480
2026-07-18T00:33:10.999Z,usb,1,848316260,45848,11737088,256,6000,33.480
2026-07-18T00:33:11.042Z,usb,1,848316260,45849,11737344,256,6000,33.480
2026-07-18T00:33:11.084Z,usb,1,848316260,45850,11737600,256,6000,33.480
2026-07-18T00:33:11.127Z,usb,1,848316260,45851,11737856,256,6000,33.480
2026-07-18T00:33:11.169Z,usb,1,848316260,45852,11738112,256,6000,33.480
2026-07-18T00:33:11.212Z,usb,1,848316260,45853,11738368,256,6000,33.480
2026-07-18T00:33:11.254Z,usb,1,848316260,45854,11738624,256,6000,33.480
2026-07-18T00:33:11.297Z,usb,1,848316260,45855,11738880,256,6000,33.480
2026-07-18T00:33:11.339Z,usb,1,848316260,45856,11739136,256,6000,33.480
2026-07-18T00:33:11.382Z,usb,1,848316260,45857,11739392,256,6000,33.480
2026-07-18T00:33:11.424Z,usb,1,848316260,45858,11739648,256,6000,33.480
2026-07-18T00:33:11.467Z,usb,1,848316260,45859,11739904,256,6000,33.480
2026-07-18T00:33:11.510Z,usb,1,848316260,45860,11740160,256,6000,33.480
2026-07-18T00:33:11.552Z,usb,1,848316260,45861,11740416,256,6000,33.480
2026-07-18T00:33:11.594Z,usb,1,848316260,45862,11740672,256,6000,33.480
2026-07-18T00:33:11.637Z,usb,1,848316260,45863,11740928,256,6000,33.480
2026-07-18T00:33:11.679Z,usb,1,848316260,45864,11741184,256,6000,33.480
2026-07-18T00:33:11.722Z,usb,1,848316260,45865,11741440,256,6000,33.480
2026-07-18T00:33:11.765Z,usb,1,848316260,45866,11741696,256,6000,33.480
2026-07-18T00:33:11.808Z,usb,1,848316260,45867,11741952,256,6000,33.480
2026-07-18T00:33:11.850Z,usb,1,848316260,45868,11742208,256,6000,33.480
2026-07-18T00:33:11.893Z,usb,1,848316260,45869,11742464,256,6000,33.480
2026-07-18T00:33:11.935Z,usb,1,848316260,45870,11742720,256,6000,33.480
2026-07-18T00:33:11.978Z,usb,1,848316260,45871,11742976,256,6000,33.480
2026-07-18T00:33:12.020Z,usb,1,848316260,45872,11743232,256,6000,33.480
2026-07-18T00:33:12.062Z,usb,1,848316260,45873,11743488,256,6000,33.480
2026-07-18T00:33:12.105Z,usb,1,848316260,45874,11743744,256,6000,33.480
2026-07-18T00:33:12.148Z,usb,1,848316260,45875,11744000,256,6000,33.480
2026-07-18T00:33:12.190Z,usb,1,848316260,45876,11744256,256,6000,33.480
2026-07-18T00:33:12.233Z,usb,1,848316260,45877,11744512,256,6000,33.480
2026-07-18T00:33:12.275Z,usb,1,848316260,45878,11744768,256,6000,33.480
2026-07-18T00:33:12.318Z,usb,1,848316260,45879,11745024,256,6000,33.480
2026-07-18T00:33:12.360Z,usb,1,848316260,45880,11745280,256,6000,33.480
2026-07-18T00:33:12.403Z,usb,1,848316260,45881,11745536,256,6000,33.480
2026-07-18T00:33:12.445Z,usb,1,848316260,45882,11745792,256,6000,33.480
2026-07-18T00:33:12.488Z,usb,1,848316260,45883,11746048,256,6000,33.480
2026-07-18T00:33:12.530Z,usb,1,848316260,45884,11746304,256,6000,33.480
2026-07-18T00:33:12.573Z,usb,1,848316260,45885,11746560,256,6000,33.480
2026-07-18T00:33:12.615Z,usb,1,848316260,45886,11746816,256,6000,33.480
2026-07-18T00:33:12.658Z,usb,1,848316260,45887,11747072,256,6000,33.480
2026-07-18T00:33:12.700Z,usb,1,848316260,45888,11747328,256,6000,33.480
2026-07-18T00:33:12.743Z,usb,1,848316260,45889,11747584,256,6000,33.480
2026-07-18T00:33:12.785Z,usb,1,848316260,45890,11747840,256,6000,33.480
2026-07-18T00:33:12.828Z,usb,1,848316260,45891,11748096,256,6000,33.480
2026-07-18T00:33:12.871Z,usb,1,848316260,45892,11748352,256,6000,33.480
2026-07-18T00:33:12.913Z,usb,1,848316260,45893,11748608,256,6000,33.480
2026-07-18T00:33:12.956Z,usb,1,848316260,45894,11748864,256,6000,33.480
2026-07-18T00:33:12.999Z,usb,1,848316260,45895,11749120,256,6000,33.480
2026-07-18T00:33:13.041Z,usb,1,848316260,45896,11749376,256,6000,33.480
2026-07-18T00:33:13.083Z,usb,1,848316260,45897,11749632,256,6000,33.480
2026-07-18T00:33:13.126Z,usb,1,848316260,45898,11749888,256,6000,33.480
2026-07-18T00:33:13.168Z,usb,1,848316260,45899,11750144,256,6000,33.480
2026-07-18T00:33:13.211Z,usb,1,848316260,45900,11750400,256,6000,33.480
2026-07-18T00:33:13.253Z,usb,1,848316260,45901,11750656,256,6000,33.480
2026-07-18T00:33:13.296Z,usb,1,848316260,45902,11750912,256,6000,33.480
2026-07-18T00:33:13.338Z,usb,1,848316260,45903,11751168,256,6000,33.480
2026-07-18T00:33:13.381Z,usb,1,848316260,45904,11751424,256,6000,33.480
2026-07-18T00:33:13.423Z,usb,1,848316260,45905,11751680,256,6000,33.480
2026-07-18T00:33:13.466Z,usb,1,848316260,45906,11751936,256,6000,33.480
2026-07-18T00:33:13.508Z,usb,1,848316260,45907,11752192,256,6000,33.480
2026-07-18T00:33:13.551Z,usb,1,848316260,45908,11752448,256,6000,33.480
2026-07-18T00:33:13.593Z,usb,1,848316260,45909,11752704,256,6000,33.480
2026-07-18T00:33:13.636Z,usb,1,848316260,45910,11752960,256,6000,33.480
2026-07-18T00:33:13.678Z,usb,1,848316260,45911,11753216,256,6000,33.480
2026-07-18T00:33:13.721Z,usb,1,848316260,45912,11753472,256,6000,33.480
2026-07-18T00:33:13.763Z,usb,1,848316260,45913,11753728,256,6000,33.480
2026-07-18T00:33:13.806Z,usb,1,848316260,45914,11753984,256,6000,33.480
2026-07-18T00:33:13.849Z,usb,1,848316260,45915,11754240,256,6000,33.480
2026-07-18T00:33:13.892Z,usb,1,848316260,45916,11754496,256,6000,33.480
2026-07-18T00:33:13.934Z,usb,1,848316260,45917,11754752,256,6000,33.480
2026-07-18T00:33:13.977Z,usb,1,848316260,45918,11755008,256,6000,33.480
2026-07-18T00:33:14.019Z,usb,1,848316260,45919,11755264,256,6000,33.480
2026-07-18T00:33:14.062Z,usb,1,848316260,45920,11755520,256,6000,33.480
2026-07-18T00:33:14.104Z,usb,1,848316260,45921,11755776,256,6000,33.480
2026-07-18T00:33:14.147Z,usb,1,848316260,45922,11756032,256,6000,33.480
2026-07-18T00:33:14.189Z,usb,1,848316260,45923,11756288,256,6000,33.480
2026-07-18T00:33:14.232Z,usb,1,848316260,45924,11756544,256,6000,33.480
2026-07-18T00:33:14.274Z,usb,1,848316260,45925,11756800,256,6000,33.480
2026-07-18T00:33:14.317Z,usb,1,848316260,45926,11757056,256,6000,33.480
2026-07-18T00:33:14.359Z,usb,1,848316260,45927,11757312,256,6000,33.480
2026-07-18T00:33:14.402Z,usb,1,848316260,45928,11757568,256,6000,33.480
2026-07-18T00:33:14.444Z,usb,1,848316260,45929,11757824,256,6000,33.480
2026-07-18T00:33:14.487Z,usb,1,848316260,45930,11758080,256,6000,33.480
2026-07-18T00:33:14.529Z,usb,1,848316260,45931,11758336,256,6000,33.480
2026-07-18T00:33:14.572Z,usb,1,848316260,45932,11758592,256,6000,33.480
2026-07-18T00:33:14.614Z,usb,1,848316260,45933,11758848,256,6000,33.480
2026-07-18T00:33:14.657Z,usb,1,848316260,45934,11759104,256,6000,33.480
2026-07-18T00:33:14.699Z,usb,1,848316260,45935,11759360,256,6000,33.480
2026-07-18T00:33:14.742Z,usb,1,848316260,45936,11759616,256,6000,33.480
2026-07-18T00:33:14.785Z,usb,1,848316260,45937,11759872,256,6000,33.480
2026-07-18T00:33:14.827Z,usb,1,848316260,45938,11760128,256,6000,33.480
2026-07-18T00:33:14.870Z,usb,1,848316260,45939,11760384,256,6000,33.480
2026-07-18T00:33:14.913Z,usb,1,848316260,45940,11760640,256,6000,33.480
2026-07-18T00:33:14.955Z,usb,1,848316260,45941,11760896,256,6000,33.480
2026-07-18T00:33:14.997Z,usb,1,848316260,45942,11761152,256,6000,33.480
2026-07-18T00:33:15.040Z,usb,1,848316260,45943,11761408,256,6000,33.480
2026-07-18T00:33:15.082Z,usb,1,848316260,45944,11761664,256,6000,33.480
2026-07-18T00:33:15.125Z,usb,1,848316260,45945,11761920,256,6000,33.480
2026-07-18T00:33:15.167Z,usb,1,848316260,45946,11762176,256,6000,33.480
2026-07-18T00:33:15.210Z,usb,1,848316260,45947,11762432,256,6000,33.480
2026-07-18T00:33:15.252Z,usb,1,848316260,45948,11762688,256,6000,33.480
2026-07-18T00:33:15.297Z,usb,1,848316260,45949,11762944,256,6000,33.480
2026-07-18T00:33:15.338Z,usb,1,848316260,45950,11763200,256,6000,33.480
2026-07-18T00:33:15.380Z,usb,1,848316260,45951,11763456,256,6000,33.480
2026-07-18T00:33:15.422Z,usb,1,848316260,45952,11763712,256,6000,33.480
2026-07-18T00:33:15.465Z,usb,1,848316260,45953,11763968,256,6000,33.480
2026-07-18T00:33:15.507Z,usb,1,848316260,45954,11764224,256,6000,33.480
2026-07-18T00:33:15.550Z,usb,1,848316260,45955,11764480,256,6000,33.480
2026-07-18T00:33:15.592Z,usb,1,848316260,45956,11764736,256,6000,33.480
2026-07-18T00:33:15.635Z,usb,1,848316260,45957,11764992,256,6000,33.480
2026-07-18T00:33:15.677Z,usb,1,848316260,45958,11765248,256,6000,33.480
2026-07-18T00:33:15.720Z,usb,1,848316260,45959,11765504,256,6000,33.480
2026-07-18T00:33:15.762Z,usb,1,848316260,45960,11765760,256,6000,33.480
2026-07-18T00:33:15.805Z,usb,1,848316260,45961,11766016,256,6000,33.480
2026-07-18T00:33:15.847Z,usb,1,848316260,45962,11766272,256,6000,33.480
2026-07-18T00:33:15.890Z,usb,1,848316260,45963,11766528,256,6000,33.480
2026-07-18T00:33:15.933Z,usb,1,848316260,45964,11766784,256,6000,33.480
2026-07-18T00:33:15.977Z,usb,1,848316260,45965,11767040,256,6000,33.480
2026-07-18T00:33:16.018Z,usb,1,848316260,45966,11767296,256,6000,33.480
2026-07-18T00:33:16.061Z,usb,1,848316260,45967,11767552,256,6000,33.480
2026-07-18T00:33:16.103Z,usb,1,848316260,45968,11767808,256,6000,33.480
2026-07-18T00:33:16.146Z,usb,1,848316260,45969,11768064,256,6000,33.480
2026-07-18T00:33:16.188Z,usb,1,848316260,45970,11768320,256,6000,33.480
2026-07-18T00:33:16.231Z,usb,1,848316260,45971,11768576,256,6000,33.480
2026-07-18T00:33:16.273Z,usb,1,848316260,45972,11768832,256,6000,33.480
2026-07-18T00:33:16.316Z,usb,1,848316260,45973,11769088,256,6000,33.480
2026-07-18T00:33:16.358Z,usb,1,848316260,45974,11769344,256,6000,33.480
2026-07-18T00:33:16.400Z,usb,1,848316260,45975,11769600,256,6000,33.480
2026-07-18T00:33:16.443Z,usb,1,848316260,45976,11769856,256,6000,33.480
2026-07-18T00:33:16.485Z,usb,1,848316260,45977,11770112,256,6000,33.480
2026-07-18T00:33:16.528Z,usb,1,848316260,45978,11770368,256,6000,33.480
2026-07-18T00:33:16.570Z,usb,1,848316260,45979,11770624,256,6000,33.480
2026-07-18T00:33:16.613Z,usb,1,848316260,45980,11770880,256,6000,33.480
2026-07-18T00:33:16.655Z,usb,1,848316260,45981,11771136,256,6000,33.480
2026-07-18T00:33:16.698Z,usb,1,848316260,45982,11771392,256,6000,33.480
2026-07-18T00:33:16.740Z,usb,1,848316260,45983,11771648,256,6000,33.480
2026-07-18T00:33:16.783Z,usb,1,848316260,45984,11771904,256,6000,33.480
2026-07-18T00:33:16.825Z,usb,1,848316260,45985,11772160,256,6000,33.480
2026-07-18T00:33:16.868Z,usb,1,848316260,45986,11772416,256,6000,33.480
2026-07-18T00:33:16.911Z,usb,1,848316260,45987,11772672,256,6000,33.480
2026-07-18T00:33:16.954Z,usb,1,848316260,45988,11772928,256,6000,33.480
2026-07-18T00:33:16.996Z,usb,1,848316260,45989,11773184,256,6000,33.480
2026-07-18T00:33:17.039Z,usb,1,848316260,45990,11773440,256,6000,33.480
2026-07-18T00:33:17.081Z,usb,1,848316260,45991,11773696,256,6000,33.480
2026-07-18T00:33:17.124Z,usb,1,848316260,45992,11773952,256,6000,33.480
2026-07-18T00:33:17.166Z,usb,1,848316260,45993,11774208,256,6000,33.480
2026-07-18T00:33:17.209Z,usb,1,848316260,45994,11774464,256,6000,33.480
2026-07-18T00:33:17.251Z,usb,1,848316260,45995,11774720,256,6000,33.480
2026-07-18T00:33:17.294Z,usb,1,848316260,45996,11774976,256,6000,33.480
2026-07-18T00:33:17.336Z,usb,1,848316260,45997,11775232,256,6000,33.480
2026-07-18T00:33:17.379Z,usb,1,848316260,45998,11775488,256,6000,33.480
2026-07-18T00:33:17.421Z,usb,1,848316260,45999,11775744,256,6000,33.480
2026-07-18T00:33:17.464Z,usb,1,848316260,46000,11776000,256,6000,33.480
2026-07-18T00:33:17.506Z,usb,1,848316260,46001,11776256,256,6000,33.480
2026-07-18T00:33:17.549Z,usb,1,848316260,46002,11776512,256,6000,33.480
2026-07-18T00:33:17.591Z,usb,1,848316260,46003,11776768,256,6000,33.480
2026-07-18T00:33:17.634Z,usb,1,848316260,46004,11777024,256,6000,33.480
2026-07-18T00:33:17.676Z,usb,1,848316260,46005,11777280,256,6000,33.480
2026-07-18T00:33:17.719Z,usb,1,848316260,46006,11777536,256,6000,33.480
2026-07-18T00:33:17.761Z,usb,1,848316260,46007,11777792,256,6000,33.480
2026-07-18T00:33:17.804Z,usb,1,848316260,46008,11778048,256,6000,33.480
2026-07-18T00:33:17.846Z,usb,1,848316260,46009,11778304,256,6000,33.480
2026-07-18T00:33:17.889Z,usb,1,848316260,46010,11778560,256,6000,33.480
2026-07-18T00:33:17.932Z,usb,1,848316260,46011,11778816,256,6000,33.480
2026-07-18T00:33:17.974Z,usb,1,848316260,46012,11779072,256,6000,33.480
2026-07-18T00:33:18.017Z,usb,1,848316260,46013,11779328,256,6000,33.480
2026-07-18T00:33:18.059Z,usb,1,848316260,46014,11779584,256,6000,33.480
2026-07-18T00:33:18.102Z,usb,1,848316260,46015,11779840,256,6000,33.480
2026-07-18T00:33:18.144Z,usb,1,848316260,46016,11780096,256,6000,33.480
2026-07-18T00:33:18.187Z,usb,1,848316260,46017,11780352,256,6000,33.480
2026-07-18T00:33:18.229Z,usb,1,848316260,46018,11780608,256,6000,33.480
2026-07-18T00:33:18.272Z,usb,1,848316260,46019,11780864,256,6000,33.480
2026-07-18T00:33:18.314Z,usb,1,848316260,46020,11781120,256,6000,33.480
2026-07-18T00:33:18.357Z,usb,1,848316260,46021,11781376,256,6000,33.480
2026-07-18T00:33:18.399Z,usb,1,848316260,46022,11781632,256,6000,33.480
2026-07-18T00:33:18.442Z,usb,1,848316260,46023,11781888,256,6000,33.480
2026-07-18T00:33:18.484Z,usb,1,848316260,46024,11782144,256,6000,33.480
2026-07-18T00:33:18.527Z,usb,1,848316260,46025,11782400,256,6000,33.480
2026-07-18T00:33:18.569Z,usb,1,848316260,46026,11782656,256,6000,33.480
2026-07-18T00:33:18.612Z,usb,1,848316260,46027,11782912,256,6000,33.480
2026-07-18T00:33:18.654Z,usb,1,848316260,46028,11783168,256,6000,33.480
2026-07-18T00:33:18.697Z,usb,1,848316260,46029,11783424,256,6000,33.480
2026-07-18T00:33:18.739Z,usb,1,848316260,46030,11783680,256,6000,33.480
2026-07-18T00:33:18.782Z,usb,1,848316260,46031,11783936,256,6000,33.480
2026-07-18T00:33:18.824Z,usb,1,848316260,46032,11784192,256,6000,33.480
2026-07-18T00:33:18.867Z,usb,1,848316260,46033,11784448,256,6000,33.480
2026-07-18T00:33:18.909Z,usb,1,848316260,46034,11784704,256,6000,33.480
2026-07-18T00:33:18.952Z,usb,1,848316260,46035,11784960,256,6000,33.480
2026-07-18T00:33:18.995Z,usb,1,848316260,46036,11785216,256,6000,33.480
2026-07-18T00:33:19.038Z,usb,1,848316260,46037,11785472,256,6000,33.480
2026-07-18T00:33:19.080Z,usb,1,848316260,46038,11785728,256,6000,33.480
2026-07-18T00:33:19.123Z,usb,1,848316260,46039,11785984,256,6000,33.480
2026-07-18T00:33:19.165Z,usb,1,848316260,46040,11786240,256,6000,33.480
2026-07-18T00:33:19.208Z,usb,1,848316260,46041,11786496,256,6000,33.480
2026-07-18T00:33:19.250Z,usb,1,848316260,46042,11786752,256,6000,33.480
2026-07-18T00:33:19.293Z,usb,1,848316260,46043,11787008,256,6000,33.480
2026-07-18T00:33:19.335Z,usb,1,848316260,46044,11787264,256,6000,33.480
2026-07-18T00:33:19.378Z,usb,1,848316260,46045,11787520,256,6000,33.480
2026-07-18T00:33:19.420Z,usb,1,848316260,46046,11787776,256,6000,33.480
2026-07-18T00:33:19.463Z,usb,1,848316260,46047,11788032,256,6000,33.480
2026-07-18T00:33:19.505Z,usb,1,848316260,46048,11788288,256,6000,33.480
2026-07-18T00:33:19.548Z,usb,1,848316260,46049,11788544,256,6000,33.480
2026-07-18T00:33:19.590Z,usb,1,848316260,46050,11788800,256,6000,33.480
2026-07-18T00:33:19.633Z,usb,1,848316260,46051,11789056,256,6000,33.480
2026-07-18T00:33:19.677Z,usb,1,848316260,46052,11789312,256,6000,33.480
2026-07-18T00:33:19.718Z,usb,1,848316260,46053,11789568,256,6000,33.480
2026-07-18T00:33:19.760Z,usb,1,848316260,46054,11789824,256,6000,33.480
2026-07-18T00:33:19.803Z,usb,1,848316260,46055,11790080,256,6000,33.480
2026-07-18T00:33:19.845Z,usb,1,848316260,46056,11790336,256,6000,33.480
2026-07-18T00:33:19.888Z,usb,1,848316260,46057,11790592,256,6000,33.480
2026-07-18T00:33:19.930Z,usb,1,848316260,46058,11790848,256,6000,33.480
2026-07-18T00:33:19.973Z,usb,1,848316260,46059,11791104,256,6000,33.480
2026-07-18T00:33:20.016Z,usb,1,848316260,46060,11791360,256,6000,33.480
2026-07-18T00:33:20.058Z,usb,1,848316260,46061,11791616,256,6000,33.480
2026-07-18T00:33:20.101Z,usb,1,848316260,46062,11791872,256,6000,33.480
2026-07-18T00:33:20.143Z,usb,1,848316260,46063,11792128,256,6000,33.480
2026-07-18T00:33:20.186Z,usb,1,848316260,46064,11792384,256,6000,33.480
2026-07-18T00:33:20.228Z,usb,1,848316260,46065,11792640,256,6000,33.480
2026-07-18T00:33:20.271Z,usb,1,848316260,46066,11792896,256,6000,33.480
2026-07-18T00:33:20.313Z,usb,1,848316260,46067,11793152,256,6000,33.480
2026-07-18T00:33:20.356Z,usb,1,848316260,46068,11793408,256,6000,33.480
2026-07-18T00:33:20.399Z,usb,1,848316260,46069,11793664,256,6000,33.480
2026-07-18T00:33:20.441Z,usb,1,848316260,46070,11793920,256,6000,33.480
2026-07-18T00:33:20.483Z,usb,1,848316260,46071,11794176,256,6000,33.480
2026-07-18T00:33:20.526Z,usb,1,848316260,46072,11794432,256,6000,33.480
2026-07-18T00:33:20.569Z,usb,1,848316260,46073,11794688,256,6000,33.480
2026-07-18T00:33:20.611Z,usb,1,848316260,46074,11794944,256,6000,33.480
2026-07-18T00:33:20.654Z,usb,1,848316260,46075,11795200,256,6000,33.480
2026-07-18T00:33:20.696Z,usb,1,848316260,46076,11795456,256,6000,33.480
2026-07-18T00:33:20.738Z,usb,1,848316260,46077,11795712,256,6000,33.480
2026-07-18T00:33:20.781Z,usb,1,848316260,46078,11795968,256,6000,33.480
2026-07-18T00:33:20.823Z,usb,1,848316260,46079,11796224,256,6000,33.480
2026-07-18T00:33:20.866Z,usb,1,848316260,46080,11796480,256,6000,33.480
2026-07-18T00:33:20.908Z,usb,1,848316260,46081,11796736,256,6000,33.480
2026-07-18T00:33:20.951Z,usb,1,848316260,46082,11796992,256,6000,33.480
2026-07-18T00:33:20.994Z,usb,1,848316260,46083,11797248,256,6000,33.480
2026-07-18T00:33:21.037Z,usb,1,848316260,46084,11797504,256,6000,33.480
2026-07-18T00:33:21.079Z,usb,1,848316260,46085,11797760,256,6000,33.480
2026-07-18T00:33:21.122Z,usb,1,848316260,46086,11798016,256,6000,33.480
2026-07-18T00:33:21.164Z,usb,1,848316260,46087,11798272,256,6000,33.480
2026-07-18T00:33:21.207Z,usb,1,848316260,46088,11798528,256,6000,33.480
2026-07-18T00:33:21.249Z,usb,1,848316260,46089,11798784,256,6000,33.480
2026-07-18T00:33:21.292Z,usb,1,848316260,46090,11799040,256,6000,33.480
2026-07-18T00:33:21.334Z,usb,1,848316260,46091,11799296,256,6000,33.480
2026-07-18T00:33:21.377Z,usb,1,848316260,46092,11799552,256,6000,33.480
2026-07-18T00:33:21.419Z,usb,1,848316260,46093,11799808,256,6000,33.480
2026-07-18T00:33:21.462Z,usb,1,848316260,46094,11800064,256,6000,33.480
2026-07-18T00:33:21.504Z,usb,1,848316260,46095,11800320,256,6000,33.480
2026-07-18T00:33:21.547Z,usb,1,848316260,46096,11800576,256,6000,33.480
2026-07-18T00:33:21.589Z,usb,1,848316260,46097,11800832,256,6000,33.480
2026-07-18T00:33:21.632Z,usb,1,848316260,46098,11801088,256,6000,33.480
2026-07-18T00:33:21.674Z,usb,1,848316260,46099,11801344,256,6000,33.480
2026-07-18T00:33:21.717Z,usb,1,848316260,46100,11801600,256,6000,33.480
2026-07-18T00:33:21.759Z,usb,1,848316260,46101,11801856,256,6000,33.480
2026-07-18T00:33:21.802Z,usb,1,848316260,46102,11802112,256,6000,33.480
2026-07-18T00:33:21.844Z,usb,1,848316260,46103,11802368,256,6000,33.480
2026-07-18T00:33:21.887Z,usb,1,848316260,46104,11802624,256,6000,33.480
2026-07-18T00:33:21.929Z,usb,1,848316260,46105,11802880,256,6000,33.480
2026-07-18T00:33:21.972Z,usb,1,848316260,46106,11803136,256,6000,33.480
2026-07-18T00:33:22.015Z,usb,1,848316260,46107,11803392,256,6000,33.470
2026-07-18T00:33:22.058Z,usb,1,848316260,46108,11803648,256,6000,33.470
2026-07-18T00:33:22.100Z,usb,1,848316260,46109,11803904,256,6000,33.470
2026-07-18T00:33:22.143Z,usb,1,848316260,46110,11804160,256,6000,33.470
2026-07-18T00:33:22.185Z,usb,1,848316260,46111,11804416,256,6000,33.470
2026-07-18T00:33:22.228Z,usb,1,848316260,46112,11804672,256,6000,33.470
2026-07-18T00:33:22.270Z,usb,1,848316260,46113,11804928,256,6000,33.470
2026-07-18T00:33:22.313Z,usb,1,848316260,46114,11805184,256,6000,33.470
2026-07-18T00:33:22.355Z,usb,1,848316260,46115,11805440,256,6000,33.470
2026-07-18T00:33:22.398Z,usb,1,848316260,46116,11805696,256,6000,33.470
2026-07-18T00:33:22.440Z,usb,1,848316260,46117,11805952,256,6000,33.470
2026-07-18T00:33:22.483Z,usb,1,848316260,46118,11806208,256,6000,33.470
2026-07-18T00:33:22.525Z,usb,1,848316260,46119,11806464,256,6000,33.470
2026-07-18T00:33:22.568Z,usb,1,848316260,46120,11806720,256,6000,33.470
2026-07-18T00:33:22.610Z,usb,1,848316260,46121,11806976,256,6000,33.470
2026-07-18T00:33:22.653Z,usb,1,848316260,46122,11807232,256,6000,33.470
2026-07-18T00:33:22.695Z,usb,1,848316260,46123,11807488,256,6000,33.470
2026-07-18T00:33:22.738Z,usb,1,848316260,46124,11807744,256,6000,33.470
2026-07-18T00:33:22.780Z,usb,1,848316260,46125,11808000,256,6000,33.470
2026-07-18T00:33:22.823Z,usb,1,848316260,46126,11808256,256,6000,33.470
2026-07-18T00:33:22.865Z,usb,1,848316260,46127,11808512,256,6000,33.470
2026-07-18T00:33:22.907Z,usb,1,848316260,46128,11808768,256,6000,33.470
2026-07-18T00:33:22.950Z,usb,1,848316260,46129,11809024,256,6000,33.470
2026-07-18T00:33:22.993Z,usb,1,848316260,46130,11809280,256,6000,33.470
2026-07-18T00:33:23.036Z,usb,1,848316260,46131,11809536,256,6000,33.480
2026-07-18T00:33:23.078Z,usb,1,848316260,46132,11809792,256,6000,33.480
2026-07-18T00:33:23.121Z,usb,1,848316260,46133,11810048,256,6000,33.480
2026-07-18T00:33:23.163Z,usb,1,848316260,46134,11810304,256,6000,33.480
2026-07-18T00:33:23.206Z,usb,1,848316260,46135,11810560,256,6000,33.480
2026-07-18T00:33:23.248Z,usb,1,848316260,46136,11810816,256,6000,33.480
2026-07-18T00:33:23.291Z,usb,1,848316260,46137,11811072,256,6000,33.480
2026-07-18T00:33:23.333Z,usb,1,848316260,46138,11811328,256,6000,33.480
2026-07-18T00:33:23.376Z,usb,1,848316260,46139,11811584,256,6000,33.480
2026-07-18T00:33:23.418Z,usb,1,848316260,46140,11811840,256,6000,33.480
2026-07-18T00:33:23.461Z,usb,1,848316260,46141,11812096,256,6000,33.480
2026-07-18T00:33:23.503Z,usb,1,848316260,46142,11812352,256,6000,33.480
2026-07-18T00:33:23.546Z,usb,1,848316260,46143,11812608,256,6000,33.480
2026-07-18T00:33:23.588Z,usb,1,848316260,46144,11812864,256,6000,33.480
2026-07-18T00:33:23.631Z,usb,1,848316260,46145,11813120,256,6000,33.480
2026-07-18T00:33:23.673Z,usb,1,848316260,46146,11813376,256,6000,33.480
2026-07-18T00:33:23.716Z,usb,1,848316260,46147,11813632,256,6000,33.480
2026-07-18T00:33:23.758Z,usb,1,848316260,46148,11813888,256,6000,33.480
2026-07-18T00:33:23.801Z,usb,1,848316260,46149,11814144,256,6000,33.480
2026-07-18T00:33:23.843Z,usb,1,848316260,46150,11814400,256,6000,33.480
2026-07-18T00:33:23.886Z,usb,1,848316260,46151,11814656,256,6000,33.480
2026-07-18T00:33:23.928Z,usb,1,848316260,46152,11814912,256,6000,33.480
2026-07-18T00:33:23.971Z,usb,1,848316260,46153,11815168,256,6000,33.480
2026-07-18T00:33:24.013Z,usb,1,848316260,46154,11815424,256,6000,33.480
2026-07-18T00:33:24.056Z,usb,1,848316260,46155,11815680,256,6000,33.480
2026-07-18T00:33:24.099Z,usb,1,848316260,46156,11815936,256,6000,33.480
2026-07-18T00:33:24.141Z,usb,1,848316260,46157,11816192,256,6000,33.480
2026-07-18T00:33:24.184Z,usb,1,848316260,46158,11816448,256,6000,33.480
2026-07-18T00:33:24.226Z,usb,1,848316260,46159,11816704,256,6000,33.480
2026-07-18T00:33:24.269Z,usb,1,848316260,46160,11816960,256,6000,33.480
2026-07-18T00:33:24.311Z,usb,1,848316260,46161,11817216,256,6000,33.480
2026-07-18T00:33:24.354Z,usb,1,848316260,46162,11817472,256,6000,33.480
2026-07-18T00:33:24.396Z,usb,1,848316260,46163,11817728,256,6000,33.480
2026-07-18T00:33:24.439Z,usb,1,848316260,46164,11817984,256,6000,33.480
2026-07-18T00:33:24.481Z,usb,1,848316260,46165,11818240,256,6000,33.480
2026-07-18T00:33:24.524Z,usb,1,848316260,46166,11818496,256,6000,33.480
2026-07-18T00:33:24.566Z,usb,1,848316260,46167,11818752,256,6000,33.480
2026-07-18T00:33:24.609Z,usb,1,848316260,46168,11819008,256,6000,33.480
2026-07-18T00:33:24.651Z,usb,1,848316260,46169,11819264,256,6000,33.480
2026-07-18T00:33:24.694Z,usb,1,848316260,46170,11819520,256,6000,33.480
2026-07-18T00:33:24.736Z,usb,1,848316260,46171,11819776,256,6000,33.480
2026-07-18T00:33:24.779Z,usb,1,848316260,46172,11820032,256,6000,33.480
2026-07-18T00:33:24.821Z,usb,1,848316260,46173,11820288,256,6000,33.480
2026-07-18T00:33:24.864Z,usb,1,848316260,46174,11820544,256,6000,33.480
2026-07-18T00:33:24.906Z,usb,1,848316260,46175,11820800,256,6000,33.480
2026-07-18T00:33:24.950Z,usb,1,848316260,46176,11821056,256,6000,33.480
2026-07-18T00:33:24.991Z,usb,1,848316260,46177,11821312,256,6000,33.480
2026-07-18T00:33:25.034Z,usb,1,848316260,46178,11821568,256,6000,33.480
2026-07-18T00:33:25.077Z,usb,1,848316260,46179,11821824,256,6000,33.480
2026-07-18T00:33:25.120Z,usb,1,848316260,46180,11822080,256,6000,33.480
2026-07-18T00:33:25.162Z,usb,1,848316260,46181,11822336,256,6000,33.480
2026-07-18T00:33:25.205Z,usb,1,848316260,46182,11822592,256,6000,33.480
2026-07-18T00:33:25.247Z,usb,1,848316260,46183,11822848,256,6000,33.480
2026-07-18T00:33:25.290Z,usb,1,848316260,46184,11823104,256,6000,33.480
2026-07-18T00:33:25.332Z,usb,1,848316260,46185,11823360,256,6000,33.480
2026-07-18T00:33:25.375Z,usb,1,848316260,46186,11823616,256,6000,33.480
2026-07-18T00:33:25.417Z,usb,1,848316260,46187,11823872,256,6000,33.480
2026-07-18T00:33:25.460Z,usb,1,848316260,46188,11824128,256,6000,33.480
2026-07-18T00:33:25.502Z,usb,1,848316260,46189,11824384,256,6000,33.480
2026-07-18T00:33:25.545Z,usb,1,848316260,46190,11824640,256,6000,33.480
2026-07-18T00:33:25.587Z,usb,1,848316260,46191,11824896,256,6000,33.480
2026-07-18T00:33:25.630Z,usb,1,848316260,46192,11825152,256,6000,33.480
2026-07-18T00:33:25.672Z,usb,1,848316260,46193,11825408,256,6000,33.480
2026-07-18T00:33:25.715Z,usb,1,848316260,46194,11825664,256,6000,33.480
2026-07-18T00:33:25.757Z,usb,1,848316260,46195,11825920,256,6000,33.480
2026-07-18T00:33:25.800Z,usb,1,848316260,46196,11826176,256,6000,33.480
2026-07-18T00:33:25.842Z,usb,1,848316260,46197,11826432,256,6000,33.480
2026-07-18T00:33:25.885Z,usb,1,848316260,46198,11826688,256,6000,33.480
2026-07-18T00:33:25.928Z,usb,1,848316260,46199,11826944,256,6000,33.480
2026-07-18T00:33:25.970Z,usb,1,848316260,46200,11827200,256,6000,33.480
2026-07-18T00:33:26.012Z,usb,1,848316260,46201,11827456,256,6000,33.480
2026-07-18T00:33:26.055Z,usb,1,848316260,46202,11827712,256,6000,33.480
2026-07-18T00:33:26.098Z,usb,1,848316260,46203,11827968,256,6000,33.480
2026-07-18T00:33:26.140Z,usb,1,848316260,46204,11828224,256,6000,33.480
2026-07-18T00:33:26.183Z,usb,1,848316260,46205,11828480,256,6000,33.480
2026-07-18T00:33:26.225Z,usb,1,848316260,46206,11828736,256,6000,33.480
2026-07-18T00:33:26.268Z,usb,1,848316260,46207,11828992,256,6000,33.480
2026-07-18T00:33:26.310Z,usb,1,848316260,46208,11829248,256,6000,33.480
2026-07-18T00:33:26.353Z,usb,1,848316260,46209,11829504,256,6000,33.480
2026-07-18T00:33:26.395Z,usb,1,848316260,46210,11829760,256,6000,33.480
2026-07-18T00:33:26.438Z,usb,1,848316260,46211,11830016,256,6000,33.480
2026-07-18T00:33:26.480Z,usb,1,848316260,46212,11830272,256,6000,33.480
2026-07-18T00:33:26.523Z,usb,1,848316260,46213,11830528,256,6000,33.480
2026-07-18T00:33:26.565Z,usb,1,848316260,46214,11830784,256,6000,33.480
2026-07-18T00:33:26.608Z,usb,1,848316260,46215,11831040,256,6000,33.480
2026-07-18T00:33:26.650Z,usb,1,848316260,46216,11831296,256,6000,33.480
2026-07-18T00:33:26.693Z,usb,1,848316260,46217,11831552,256,6000,33.480
2026-07-18T00:33:26.735Z,usb,1,848316260,46218,11831808,256,6000,33.480
2026-07-18T00:33:26.778Z,usb,1,848316260,46219,11832064,256,6000,33.480
2026-07-18T00:33:26.820Z,usb,1,848316260,46220,11832320,256,6000,33.480
2026-07-18T00:33:26.863Z,usb,1,848316260,46221,11832576,256,6000,33.480
2026-07-18T00:33:26.905Z,usb,1,848316260,46222,11832832,256,6000,33.480
2026-07-18T00:33:26.948Z,usb,1,848316260,46223,11833088,256,6000,33.480
2026-07-18T00:33:26.990Z,usb,1,848316260,46224,11833344,256,6000,33.480
2026-07-18T00:33:27.033Z,usb,1,848316260,46225,11833600,256,6000,33.480
2026-07-18T00:33:27.075Z,usb,1,848316260,46226,11833856,256,6000,33.480
2026-07-18T00:33:27.119Z,usb,1,848316260,46227,11834112,256,6000,33.480
2026-07-18T00:33:27.161Z,usb,1,848316260,46228,11834368,256,6000,33.480
2026-07-18T00:33:27.204Z,usb,1,848316260,46229,11834624,256,6000,33.480
2026-07-18T00:33:27.246Z,usb,1,848316260,46230,11834880,256,6000,33.480
2026-07-18T00:33:27.289Z,usb,1,848316260,46231,11835136,256,6000,33.480
2026-07-18T00:33:27.331Z,usb,1,848316260,46232,11835392,256,6000,33.480
2026-07-18T00:33:27.374Z,usb,1,848316260,46233,11835648,256,6000,33.480
2026-07-18T00:33:27.416Z,usb,1,848316260,46234,11835904,256,6000,33.480
2026-07-18T00:33:27.459Z,usb,1,848316260,46235,11836160,256,6000,33.480
2026-07-18T00:33:27.501Z,usb,1,848316260,46236,11836416,256,6000,33.480
2026-07-18T00:33:27.544Z,usb,1,848316260,46237,11836672,256,6000,33.480
2026-07-18T00:33:27.586Z,usb,1,848316260,46238,11836928,256,6000,33.480
2026-07-18T00:33:27.629Z,usb,1,848316260,46239,11837184,256,6000,33.480
2026-07-18T00:33:27.671Z,usb,1,848316260,46240,11837440,256,6000,33.480
2026-07-18T00:33:27.714Z,usb,1,848316260,46241,11837696,256,6000,33.480
2026-07-18T00:33:27.756Z,usb,1,848316260,46242,11837952,256,6000,33.480
2026-07-18T00:33:27.799Z,usb,1,848316260,46243,11838208,256,6000,33.480
2026-07-18T00:33:27.841Z,usb,1,848316260,46244,11838464,256,6000,33.480
2026-07-18T00:33:27.884Z,usb,1,848316260,46245,11838720,256,6000,33.480
2026-07-18T00:33:27.926Z,usb,1,848316260,46246,11838976,256,6000,33.480
2026-07-18T00:33:27.969Z,usb,1,848316260,46247,11839232,256,6000,33.480
2026-07-18T00:33:28.011Z,usb,1,848316260,46248,11839488,256,6000,33.480
2026-07-18T00:33:28.054Z,usb,1,848316260,46249,11839744,256,6000,33.480
2026-07-18T00:33:28.096Z,usb,1,848316260,46250,11840000,256,6000,33.480
2026-07-18T00:33:28.140Z,usb,1,848316260,46251,11840256,256,6000,33.480
2026-07-18T00:33:28.182Z,usb,1,848316260,46252,11840512,256,6000,33.480
2026-07-18T00:33:28.224Z,usb,1,848316260,46253,11840768,256,6000,33.480
2026-07-18T00:33:28.267Z,usb,1,848316260,46254,11841024,256,6000,33.480
2026-07-18T00:33:28.309Z,usb,1,848316260,46255,11841280,256,6000,33.480
2026-07-18T00:33:28.352Z,usb,1,848316260,46256,11841536,256,6000,33.480
2026-07-18T00:33:28.394Z,usb,1,848316260,46257,11841792,256,6000,33.480
2026-07-18T00:33:28.437Z,usb,1,848316260,46258,11842048,256,6000,33.480
2026-07-18T00:33:28.479Z,usb,1,848316260,46259,11842304,256,6000,33.480
2026-07-18T00:33:28.522Z,usb,1,848316260,46260,11842560,256,6000,33.480
2026-07-18T00:33:28.564Z,usb,1,848316260,46261,11842816,256,6000,33.480
2026-07-18T00:33:28.607Z,usb,1,848316260,46262,11843072,256,6000,33.480
2026-07-18T00:33:28.649Z,usb,1,848316260,46263,11843328,256,6000,33.480
2026-07-18T00:33:28.692Z,usb,1,848316260,46264,11843584,256,6000,33.480
2026-07-18T00:33:28.735Z,usb,1,848316260,46265,11843840,256,6000,33.480
2026-07-18T00:33:28.777Z,usb,1,848316260,46266,11844096,256,6000,33.480
2026-07-18T00:33:28.819Z,usb,1,848316260,46267,11844352,256,6000,33.480
2026-07-18T00:33:28.862Z,usb,1,848316260,46268,11844608,256,6000,33.480
2026-07-18T00:33:28.904Z,usb,1,848316260,46269,11844864,256,6000,33.480
2026-07-18T00:33:28.947Z,usb,1,848316260,46270,11845120,256,6000,33.480
2026-07-18T00:33:28.989Z,usb,1,848316260,46271,11845376,256,6000,33.480
2026-07-18T00:33:29.032Z,usb,1,848316260,46272,11845632,256,6000,33.480
2026-07-18T00:33:29.074Z,usb,1,848316260,46273,11845888,256,6000,33.480
2026-07-18T00:33:29.117Z,usb,1,848316260,46274,11846144,256,6000,33.480
2026-07-18T00:33:29.160Z,usb,1,848316260,46275,11846400,256,6000,33.480
2026-07-18T00:33:29.203Z,usb,1,848316260,46276,11846656,256,6000,33.480
2026-07-18T00:33:29.245Z,usb,1,848316260,46277,11846912,256,6000,33.480
2026-07-18T00:33:29.288Z,usb,1,848316260,46278,11847168,256,6000,33.480
2026-07-18T00:33:29.330Z,usb,1,848316260,46279,11847424,256,6000,33.480
2026-07-18T00:33:29.373Z,usb,1,848316260,46280,11847680,256,6000,33.480
2026-07-18T00:33:29.415Z,usb,1,848316260,46281,11847936,256,6000,33.480
2026-07-18T00:33:29.458Z,usb,1,848316260,46282,11848192,256,6000,33.480
2026-07-18T00:33:29.500Z,usb,1,848316260,46283,11848448,256,6000,33.480
2026-07-18T00:33:29.543Z,usb,1,848316260,46284,11848704,256,6000,33.480
2026-07-18T00:33:29.585Z,usb,1,848316260,46285,11848960,256,6000,33.480
2026-07-18T00:33:29.628Z,usb,1,848316260,46286,11849216,256,6000,33.480
2026-07-18T00:33:29.670Z,usb,1,848316260,46287,11849472,256,6000,33.480
2026-07-18T00:33:29.713Z,usb,1,848316260,46288,11849728,256,6000,33.480
2026-07-18T00:33:29.755Z,usb,1,848316260,46289,11849984,256,6000,33.480
2026-07-18T00:33:29.798Z,usb,1,848316260,46290,11850240,256,6000,33.480
2026-07-18T00:33:29.840Z,usb,1,848316260,46291,11850496,256,6000,33.480
2026-07-18T00:33:29.883Z,usb,1,848316260,46292,11850752,256,6000,33.480
2026-07-18T00:33:29.925Z,usb,1,848316260,46293,11851008,256,6000,33.480
2026-07-18T00:33:29.968Z,usb,1,848316260,46294,11851264,256,6000,33.480
2026-07-18T00:33:30.010Z,usb,1,848316260,46295,11851520,256,6000,33.480
2026-07-18T00:33:30.053Z,usb,1,848316260,46296,11851776,256,6000,33.480
2026-07-18T00:33:30.095Z,usb,1,848316260,46297,11852032,256,6000,33.480
2026-07-18T00:33:30.138Z,usb,1,848316260,46298,11852288,256,6000,33.480
2026-07-18T00:33:30.181Z,usb,1,848316260,46299,11852544,256,6000,33.480
2026-07-18T00:33:30.223Z,usb,1,848316260,46300,11852800,256,6000,33.480
2026-07-18T00:33:30.266Z,usb,1,848316260,46301,11853056,256,6000,33.480
2026-07-18T00:33:30.308Z,usb,1,848316260,46302,11853312,256,6000,33.480
2026-07-18T00:33:30.351Z,usb,1,848316260,46303,11853568,256,6000,33.480
2026-07-18T00:33:30.393Z,usb,1,848316260,46304,11853824,256,6000,33.480
2026-07-18T00:33:30.436Z,usb,1,848316260,46305,11854080,256,6000,33.480
2026-07-18T00:33:30.478Z,usb,1,848316260,46306,11854336,256,6000,33.480
2026-07-18T00:33:30.521Z,usb,1,848316260,46307,11854592,256,6000,33.480
2026-07-18T00:33:30.563Z,usb,1,848316260,46308,11854848,256,6000,33.480
2026-07-18T00:33:30.606Z,usb,1,848316260,46309,11855104,256,6000,33.480
2026-07-18T00:33:30.648Z,usb,1,848316260,46310,11855360,256,6000,33.480
2026-07-18T00:33:30.691Z,usb,1,848316260,46311,11855616,256,6000,33.480
2026-07-18T00:33:30.733Z,usb,1,848316260,46312,11855872,256,6000,33.480
2026-07-18T00:33:30.776Z,usb,1,848316260,46313,11856128,256,6000,33.480
2026-07-18T00:33:30.818Z,usb,1,848316260,46314,11856384,256,6000,33.480
2026-07-18T00:33:30.861Z,usb,1,848316260,46315,11856640,256,6000,33.480
2026-07-18T00:33:30.903Z,usb,1,848316260,46316,11856896,256,6000,33.480
2026-07-18T00:33:30.946Z,usb,1,848316260,46317,11857152,256,6000,33.480
2026-07-18T00:33:30.988Z,usb,1,848316260,46318,11857408,256,6000,33.480
2026-07-18T00:33:31.031Z,usb,1,848316260,46319,11857664,256,6000,33.480
2026-07-18T00:33:31.073Z,usb,1,848316260,46320,11857920,256,6000,33.480
2026-07-18T00:33:31.116Z,usb,1,848316260,46321,11858176,256,6000,33.480
2026-07-18T00:33:31.158Z,usb,1,848316260,46322,11858432,256,6000,33.480
2026-07-18T00:33:31.202Z,usb,1,848316260,46323,11858688,256,6000,33.480
2026-07-18T00:33:31.244Z,usb,1,848316260,46324,11858944,256,6000,33.480
2026-07-18T00:33:31.287Z,usb,1,848316260,46325,11859200,256,6000,33.480
2026-07-18T00:33:31.329Z,usb,1,848316260,46326,11859456,256,6000,33.480
2026-07-18T00:33:31.372Z,usb,1,848316260,46327,11859712,256,6000,33.480
2026-07-18T00:33:31.414Z,usb,1,848316260,46328,11859968,256,6000,33.480
2026-07-18T00:33:31.457Z,usb,1,848316260,46329,11860224,256,6000,33.480
2026-07-18T00:33:31.499Z,usb,1,848316260,46330,11860480,256,6000,33.480
2026-07-18T00:33:31.542Z,usb,1,848316260,46331,11860736,256,6000,33.480
2026-07-18T00:33:31.584Z,usb,1,848316260,46332,11860992,256,6000,33.480
2026-07-18T00:33:31.627Z,usb,1,848316260,46333,11861248,256,6000,33.480
2026-07-18T00:33:31.669Z,usb,1,848316260,46334,11861504,256,6000,33.480
2026-07-18T00:33:31.712Z,usb,1,848316260,46335,11861760,256,6000,33.480
2026-07-18T00:33:31.754Z,usb,1,848316260,46336,11862016,256,6000,33.480
2026-07-18T00:33:31.797Z,usb,1,848316260,46337,11862272,256,6000,33.480
2026-07-18T00:33:31.839Z,usb,1,848316260,46338,11862528,256,6000,33.480
2026-07-18T00:33:31.882Z,usb,1,848316260,46339,11862784,256,6000,33.480
2026-07-18T00:33:31.924Z,usb,1,848316260,46340,11863040,256,6000,33.480
2026-07-18T00:33:31.967Z,usb,1,848316260,46341,11863296,256,6000,33.480
2026-07-18T00:33:32.009Z,usb,1,848316260,46342,11863552,256,6000,33.480
2026-07-18T00:33:32.052Z,usb,1,848316260,46343,11863808,256,6000,33.480
2026-07-18T00:33:32.094Z,usb,1,848316260,46344,11864064,256,6000,33.480
2026-07-18T00:33:32.137Z,usb,1,848316260,46345,11864320,256,6000,33.480
2026-07-18T00:33:32.179Z,usb,1,848316260,46346,11864576,256,6000,33.480
2026-07-18T00:33:32.222Z,usb,1,848316260,46347,11864832,256,6000,33.480
2026-07-18T00:33:32.265Z,usb,1,848316260,46348,11865088,256,6000,33.480
2026-07-18T00:33:32.307Z,usb,1,848316260,46349,11865344,256,6000,33.480
2026-07-18T00:33:32.350Z,usb,1,848316260,46350,11865600,256,6000,33.480
2026-07-18T00:33:32.392Z,usb,1,848316260,46351,11865856,256,6000,33.480
2026-07-18T00:33:32.435Z,usb,1,848316260,46352,11866112,256,6000,33.480
2026-07-18T00:33:32.477Z,usb,1,848316260,46353,11866368,256,6000,33.480
2026-07-18T00:33:32.520Z,usb,1,848316260,46354,11866624,256,6000,33.480
2026-07-18T00:33:32.562Z,usb,1,848316260,46355,11866880,256,6000,33.480
2026-07-18T00:33:32.605Z,usb,1,848316260,46356,11867136,256,6000,33.480
2026-07-18T00:33:32.647Z,usb,1,848316260,46357,11867392,256,6000,33.480
2026-07-18T00:33:32.690Z,usb,1,848316260,46358,11867648,256,6000,33.480
2026-07-18T00:33:32.732Z,usb,1,848316260,46359,11867904,256,6000,33.480
2026-07-18T00:33:32.775Z,usb,1,848316260,46360,11868160,256,6000,33.480
2026-07-18T00:33:32.817Z,usb,1,848316260,46361,11868416,256,6000,33.480
2026-07-18T00:33:32.860Z,usb,1,848316260,46362,11868672,256,6000,33.480
2026-07-18T00:33:32.902Z,usb,1,848316260,46363,11868928,256,6000,33.480
2026-07-18T00:33:32.945Z,usb,1,848316260,46364,11869184,256,6000,33.480
2026-07-18T00:33:32.988Z,usb,1,848316260,46365,11869440,256,6000,33.480
2026-07-18T00:33:33.030Z,usb,1,848316260,46366,11869696,256,6000,33.480
2026-07-18T00:33:33.072Z,usb,1,848316260,46367,11869952,256,6000,33.480
2026-07-18T00:33:33.115Z,usb,1,848316260,46368,11870208,256,6000,33.480
2026-07-18T00:33:33.158Z,usb,1,848316260,46369,11870464,256,6000,33.480
2026-07-18T00:33:33.200Z,usb,1,848316260,46370,11870720,256,6000,33.480
2026-07-18T00:33:33.243Z,usb,1,848316260,46371,11870976,256,6000,33.480
2026-07-18T00:33:33.286Z,usb,1,848316260,46372,11871232,256,6000,33.480
2026-07-18T00:33:33.328Z,usb,1,848316260,46373,11871488,256,6000,33.480
2026-07-18T00:33:33.371Z,usb,1,848316260,46374,11871744,256,6000,33.480
2026-07-18T00:33:33.413Z,usb,1,848316260,46375,11872000,256,6000,33.480
2026-07-18T00:33:33.456Z,usb,1,848316260,46376,11872256,256,6000,33.480
2026-07-18T00:33:33.498Z,usb,1,848316260,46377,11872512,256,6000,33.480
2026-07-18T00:33:33.541Z,usb,1,848316260,46378,11872768,256,6000,33.480
2026-07-18T00:33:33.583Z,usb,1,848316260,46379,11873024,256,6000,33.480
2026-07-18T00:33:33.626Z,usb,1,848316260,46380,11873280,256,6000,33.480
2026-07-18T00:33:33.668Z,usb,1,848316260,46381,11873536,256,6000,33.480
2026-07-18T00:33:33.711Z,usb,1,848316260,46382,11873792,256,6000,33.480
2026-07-18T00:33:33.753Z,usb,1,848316260,46383,11874048,256,6000,33.480
2026-07-18T00:33:33.796Z,usb,1,848316260,46384,11874304,256,6000,33.480
2026-07-18T00:33:33.838Z,usb,1,848316260,46385,11874560,256,6000,33.480
2026-07-18T00:33:33.881Z,usb,1,848316260,46386,11874816,256,6000,33.480
2026-07-18T00:33:33.923Z,usb,1,848316260,46387,11875072,256,6000,33.480
2026-07-18T00:33:33.966Z,usb,1,848316260,46388,11875328,256,6000,33.480
2026-07-18T00:33:34.008Z,usb,1,848316260,46389,11875584,256,6000,33.480
2026-07-18T00:33:34.051Z,usb,1,848316260,46390,11875840,256,6000,33.480
2026-07-18T00:33:34.093Z,usb,1,848316260,46391,11876096,256,6000,33.480
2026-07-18T00:33:34.136Z,usb,1,848316260,46392,11876352,256,6000,33.480
2026-07-18T00:33:34.178Z,usb,1,848316260,46393,11876608,256,6000,33.480
2026-07-18T00:33:34.221Z,usb,1,848316260,46394,11876864,256,6000,33.480
2026-07-18T00:33:34.264Z,usb,1,848316260,46395,11877120,256,6000,33.480
2026-07-18T00:33:34.306Z,usb,1,848316260,46396,11877376,256,6000,33.480
2026-07-18T00:33:34.349Z,usb,1,848316260,46397,11877632,256,6000,33.480
2026-07-18T00:33:34.391Z,usb,1,848316260,46398,11877888,256,6000,33.480
2026-07-18T00:33:34.434Z,usb,1,848316260,46399,11878144,256,6000,33.480
2026-07-18T00:33:34.476Z,usb,1,848316260,46400,11878400,256,6000,33.480
2026-07-18T00:33:34.519Z,usb,1,848316260,46401,11878656,256,6000,33.480
2026-07-18T00:33:34.561Z,usb,1,848316260,46402,11878912,256,6000,33.480
2026-07-18T00:33:34.604Z,usb,1,848316260,46403,11879168,256,6000,33.480
2026-07-18T00:33:34.646Z,usb,1,848316260,46404,11879424,256,6000,33.480
2026-07-18T00:33:34.689Z,usb,1,848316260,46405,11879680,256,6000,33.480
2026-07-18T00:33:34.731Z,usb,1,848316260,46406,11879936,256,6000,33.480
2026-07-18T00:33:34.774Z,usb,1,848316260,46407,11880192,256,6000,33.480
2026-07-18T00:33:34.817Z,usb,1,848316260,46408,11880448,256,6000,33.480
2026-07-18T00:33:34.859Z,usb,1,848316260,46409,11880704,256,6000,33.480
2026-07-18T00:33:34.901Z,usb,1,848316260,46410,11880960,256,6000,33.480
2026-07-18T00:33:34.944Z,usb,1,848316260,46411,11881216,256,6000,33.480
2026-07-18T00:33:34.986Z,usb,1,848316260,46412,11881472,256,6000,33.480
2026-07-18T00:33:35.029Z,usb,1,848316260,46413,11881728,256,6000,33.480
2026-07-18T00:33:35.071Z,usb,1,848316260,46414,11881984,256,6000,33.480
2026-07-18T00:33:35.114Z,usb,1,848316260,46415,11882240,256,6000,33.480
2026-07-18T00:33:35.156Z,usb,1,848316260,46416,11882496,256,6000,33.480
2026-07-18T00:33:35.199Z,usb,1,848316260,46417,11882752,256,6000,33.480
2026-07-18T00:33:35.241Z,usb,1,848316260,46418,11883008,256,6000,33.480
2026-07-18T00:33:35.285Z,usb,1,848316260,46419,11883264,256,6000,33.480
2026-07-18T00:33:35.327Z,usb,1,848316260,46420,11883520,256,6000,33.480
2026-07-18T00:33:35.370Z,usb,1,848316260,46421,11883776,256,6000,33.480
2026-07-18T00:33:35.412Z,usb,1,848316260,46422,11884032,256,6000,33.480
2026-07-18T00:33:35.455Z,usb,1,848316260,46423,11884288,256,6000,33.480
2026-07-18T00:33:35.497Z,usb,1,848316260,46424,11884544,256,6000,33.480
2026-07-18T00:33:35.540Z,usb,1,848316260,46425,11884800,256,6000,33.480
2026-07-18T00:33:35.582Z,usb,1,848316260,46426,11885056,256,6000,33.480
2026-07-18T00:33:35.625Z,usb,1,848316260,46427,11885312,256,6000,33.480
2026-07-18T00:33:35.667Z,usb,1,848316260,46428,11885568,256,6000,33.480
2026-07-18T00:33:35.710Z,usb,1,848316260,46429,11885824,256,6000,33.480
2026-07-18T00:33:35.752Z,usb,1,848316260,46430,11886080,256,6000,33.480
2026-07-18T00:33:35.795Z,usb,1,848316260,46431,11886336,256,6000,33.480
2026-07-18T00:33:35.837Z,usb,1,848316260,46432,11886592,256,6000,33.480
2026-07-18T00:33:35.880Z,usb,1,848316260,46433,11886848,256,6000,33.480
2026-07-18T00:33:35.922Z,usb,1,848316260,46434,11887104,256,6000,33.480
2026-07-18T00:33:35.965Z,usb,1,848316260,46435,11887360,256,6000,33.480
2026-07-18T00:33:36.007Z,usb,1,848316260,46436,11887616,256,6000,33.480
2026-07-18T00:33:36.050Z,usb,1,848316260,46437,11887872,256,6000,33.480
2026-07-18T00:33:36.092Z,usb,1,848316260,46438,11888128,256,6000,33.480
2026-07-18T00:33:36.135Z,usb,1,848316260,46439,11888384,256,6000,33.480
2026-07-18T00:33:36.177Z,usb,1,848316260,46440,11888640,256,6000,33.480
2026-07-18T00:33:36.220Z,usb,1,848316260,46441,11888896,256,6000,33.480
2026-07-18T00:33:36.262Z,usb,1,848316260,46442,11889152,256,6000,33.480
2026-07-18T00:33:36.305Z,usb,1,848316260,46443,11889408,256,6000,33.480
2026-07-18T00:33:36.348Z,usb,1,848316260,46444,11889664,256,6000,33.480
2026-07-18T00:33:36.390Z,usb,1,848316260,46445,11889920,256,6000,33.480
2026-07-18T00:33:36.433Z,usb,1,848316260,46446,11890176,256,6000,33.480
2026-07-18T00:33:36.475Z,usb,1,848316260,46447,11890432,256,6000,33.480
2026-07-18T00:33:36.518Z,usb,1,848316260,46448,11890688,256,6000,33.480
2026-07-18T00:33:36.560Z,usb,1,848316260,46449,11890944,256,6000,33.480
2026-07-18T00:33:36.603Z,usb,1,848316260,46450,11891200,256,6000,33.480
2026-07-18T00:33:36.645Z,usb,1,848316260,46451,11891456,256,6000,33.480
2026-07-18T00:33:36.688Z,usb,1,848316260,46452,11891712,256,6000,33.480
2026-07-18T00:33:36.730Z,usb,1,848316260,46453,11891968,256,6000,33.480
2026-07-18T00:33:36.773Z,usb,1,848316260,46454,11892224,256,6000,33.480
2026-07-18T00:33:36.815Z,usb,1,848316260,46455,11892480,256,6000,33.480
2026-07-18T00:33:36.858Z,usb,1,848316260,46456,11892736,256,6000,33.480
2026-07-18T00:33:36.900Z,usb,1,848316260,46457,11892992,256,6000,33.480
2026-07-18T00:33:36.943Z,usb,1,848316260,46458,11893248,256,6000,33.480
2026-07-18T00:33:36.985Z,usb,1,848316260,46459,11893504,256,6000,33.480
2026-07-18T00:33:37.028Z,usb,1,848316260,46460,11893760,256,6000,33.480
2026-07-18T00:33:37.070Z,usb,1,848316260,46461,11894016,256,6000,33.480
2026-07-18T00:33:37.113Z,usb,1,848316260,46462,11894272,256,6000,33.480
2026-07-18T00:33:37.155Z,usb,1,848316260,46463,11894528,256,6000,33.480
2026-07-18T00:33:37.198Z,usb,1,848316260,46464,11894784,256,6000,33.480
2026-07-18T00:33:37.240Z,usb,1,848316260,46465,11895040,256,6000,33.480
2026-07-18T00:33:37.283Z,usb,1,848316260,46466,11895296,256,6000,33.480
2026-07-18T00:33:37.326Z,usb,1,848316260,46467,11895552,256,6000,33.480
2026-07-18T00:33:37.369Z,usb,1,848316260,46468,11895808,256,6000,33.480
2026-07-18T00:33:37.411Z,usb,1,848316260,46469,11896064,256,6000,33.480
2026-07-18T00:33:37.454Z,usb,1,848316260,46470,11896320,256,6000,33.480
2026-07-18T00:33:37.496Z,usb,1,848316260,46471,11896576,256,6000,33.480
2026-07-18T00:33:37.539Z,usb,1,848316260,46472,11896832,256,6000,33.480
2026-07-18T00:33:37.581Z,usb,1,848316260,46473,11897088,256,6000,33.480
2026-07-18T00:33:37.624Z,usb,1,848316260,46474,11897344,256,6000,33.480
2026-07-18T00:33:37.666Z,usb,1,848316260,46475,11897600,256,6000,33.480
2026-07-18T00:33:37.709Z,usb,1,848316260,46476,11897856,256,6000,33.480
2026-07-18T00:33:37.751Z,usb,1,848316260,46477,11898112,256,6000,33.480
2026-07-18T00:33:37.794Z,usb,1,848316260,46478,11898368,256,6000,33.480
2026-07-18T00:33:37.836Z,usb,1,848316260,46479,11898624,256,6000,33.480
2026-07-18T00:33:37.879Z,usb,1,848316260,46480,11898880,256,6000,33.480
2026-07-18T00:33:37.921Z,usb,1,848316260,46481,11899136,256,6000,33.480
2026-07-18T00:33:37.964Z,usb,1,848316260,46482,11899392,256,6000,33.480
2026-07-18T00:33:38.006Z,usb,1,848316260,46483,11899648,256,6000,33.480
2026-07-18T00:33:38.049Z,usb,1,848316260,46484,11899904,256,6000,33.480
2026-07-18T00:33:38.091Z,usb,1,848316260,46485,11900160,256,6000,33.480
2026-07-18T00:33:38.134Z,usb,1,848316260,46486,11900416,256,6000,33.480
2026-07-18T00:33:38.176Z,usb,1,848316260,46487,11900672,256,6000,33.480
2026-07-18T00:33:38.219Z,usb,1,848316260,46488,11900928,256,6000,33.480
2026-07-18T00:33:38.261Z,usb,1,848316260,46489,11901184,256,6000,33.480
2026-07-18T00:33:38.304Z,usb,1,848316260,46490,11901440,256,6000,33.480
2026-07-18T00:33:38.347Z,usb,1,848316260,46491,11901696,256,6000,33.480
2026-07-18T00:33:38.389Z,usb,1,848316260,46492,11901952,256,6000,33.480
2026-07-18T00:33:38.432Z,usb,1,848316260,46493,11902208,256,6000,33.480
2026-07-18T00:33:38.474Z,usb,1,848316260,46494,11902464,256,6000,33.480
2026-07-18T00:33:38.517Z,usb,1,848316260,46495,11902720,256,6000,33.480
2026-07-18T00:33:38.559Z,usb,1,848316260,46496,11902976,256,6000,33.480
2026-07-18T00:33:38.602Z,usb,1,848316260,46497,11903232,256,6000,33.480
2026-07-18T00:33:38.644Z,usb,1,848316260,46498,11903488,256,6000,33.480
2026-07-18T00:33:38.687Z,usb,1,848316260,46499,11903744,256,6000,33.480
2026-07-18T00:33:38.729Z,usb,1,848316260,46500,11904000,256,6000,33.480
2026-07-18T00:33:38.772Z,usb,1,848316260,46501,11904256,256,6000,33.480
2026-07-18T00:33:38.814Z,usb,1,848316260,46502,11904512,256,6000,33.480
2026-07-18T00:33:38.857Z,usb,1,848316260,46503,11904768,256,6000,33.480
2026-07-18T00:33:38.899Z,usb,1,848316260,46504,11905024,256,6000,33.480
2026-07-18T00:33:38.942Z,usb,1,848316260,46505,11905280,256,6000,33.480
2026-07-18T00:33:38.984Z,usb,1,848316260,46506,11905536,256,6000,33.480
2026-07-18T00:33:39.027Z,usb,1,848316260,46507,11905792,256,6000,33.480
2026-07-18T00:33:39.069Z,usb,1,848316260,46508,11906048,256,6000,33.480
2026-07-18T00:33:39.112Z,usb,1,848316260,46509,11906304,256,6000,33.480
2026-07-18T00:33:39.154Z,usb,1,848316260,46510,11906560,256,6000,33.480
2026-07-18T00:33:39.197Z,usb,1,848316260,46511,11906816,256,6000,33.480
2026-07-18T00:33:39.239Z,usb,1,848316260,46512,11907072,256,6000,33.480
2026-07-18T00:33:39.282Z,usb,1,848316260,46513,11907328,256,6000,33.480
2026-07-18T00:33:39.324Z,usb,1,848316260,46514,11907584,256,6000,33.480
2026-07-18T00:33:39.368Z,usb,1,848316260,46515,11907840,256,6000,33.480
2026-07-18T00:33:39.410Z,usb,1,848316260,46516,11908096,256,6000,33.480
2026-07-18T00:33:39.452Z,usb,1,848316260,46517,11908352,256,6000,33.480
2026-07-18T00:33:39.495Z,usb,1,848316260,46518,11908608,256,6000,33.480
2026-07-18T00:33:39.538Z,usb,1,848316260,46519,11908864,256,6000,33.480
2026-07-18T00:33:39.580Z,usb,1,848316260,46520,11909120,256,6000,33.480
2026-07-18T00:33:39.623Z,usb,1,848316260,46521,11909376,256,6000,33.480
2026-07-18T00:33:39.665Z,usb,1,848316260,46522,11909632,256,6000,33.480
2026-07-18T00:33:39.708Z,usb,1,848316260,46523,11909888,256,6000,33.480
2026-07-18T00:33:39.750Z,usb,1,848316260,46524,11910144,256,6000,33.480
2026-07-18T00:33:39.793Z,usb,1,848316260,46525,11910400,256,6000,33.480
2026-07-18T00:33:39.835Z,usb,1,848316260,46526,11910656,256,6000,33.480
2026-07-18T00:33:39.878Z,usb,1,848316260,46527,11910912,256,6000,33.480
2026-07-18T00:33:39.920Z,usb,1,848316260,46528,11911168,256,6000,33.480
2026-07-18T00:33:39.963Z,usb,1,848316260,46529,11911424,256,6000,33.480
2026-07-18T00:33:40.005Z,usb,1,848316260,46530,11911680,256,6000,33.480
2026-07-18T00:33:40.048Z,usb,1,848316260,46531,11911936,256,6000,33.480
2026-07-18T00:33:40.090Z,usb,1,848316260,46532,11912192,256,6000,33.480
2026-07-18T00:33:40.133Z,usb,1,848316260,46533,11912448,256,6000,33.480
2026-07-18T00:33:40.175Z,usb,1,848316260,46534,11912704,256,6000,33.480
2026-07-18T00:33:40.218Z,usb,1,848316260,46535,11912960,256,6000,33.480
2026-07-18T00:33:40.260Z,usb,1,848316260,46536,11913216,256,6000,33.480
2026-07-18T00:33:40.303Z,usb,1,848316260,46537,11913472,256,6000,33.480
2026-07-18T00:33:40.345Z,usb,1,848316260,46538,11913728,256,6000,33.480
2026-07-18T00:33:40.388Z,usb,1,848316260,46539,11913984,256,6000,33.480
2026-07-18T00:33:40.431Z,usb,1,848316260,46540,11914240,256,6000,33.480
2026-07-18T00:33:40.473Z,usb,1,848316260,46541,11914496,256,6000,33.480
2026-07-18T00:33:40.516Z,usb,1,848316260,46542,11914752,256,6000,33.480
2026-07-18T00:33:40.558Z,usb,1,848316260,46543,11915008,256,6000,33.480
2026-07-18T00:33:40.601Z,usb,1,848316260,46544,11915264,256,6000,33.480
2026-07-18T00:33:40.643Z,usb,1,848316260,46545,11915520,256,6000,33.480
2026-07-18T00:33:40.686Z,usb,1,848316260,46546,11915776,256,6000,33.480
2026-07-18T00:33:40.728Z,usb,1,848316260,46547,11916032,256,6000,33.480
2026-07-18T00:33:40.771Z,usb,1,848316260,46548,11916288,256,6000,33.480
2026-07-18T00:33:40.813Z,usb,1,848316260,46549,11916544,256,6000,33.480
2026-07-18T00:33:40.856Z,usb,1,848316260,46550,11916800,256,6000,33.480
2026-07-18T00:33:40.898Z,usb,1,848316260,46551,11917056,256,6000,33.480
2026-07-18T00:33:40.941Z,usb,1,848316260,46552,11917312,256,6000,33.480
2026-07-18T00:33:40.983Z,usb,1,848316260,46553,11917568,256,6000,33.480
2026-07-18T00:33:41.026Z,usb,1,848316260,46554,11917824,256,6000,33.480
2026-07-18T00:33:41.068Z,usb,1,848316260,46555,11918080,256,6000,33.480
2026-07-18T00:33:41.111Z,usb,1,848316260,46556,11918336,256,6000,33.480
2026-07-18T00:33:41.153Z,usb,1,848316260,46557,11918592,256,6000,33.480
2026-07-18T00:33:41.196Z,usb,1,848316260,46558,11918848,256,6000,33.480
2026-07-18T00:33:41.238Z,usb,1,848316260,46559,11919104,256,6000,33.480
2026-07-18T00:33:41.281Z,usb,1,848316260,46560,11919360,256,6000,33.480
2026-07-18T00:33:41.324Z,usb,1,848316260,46561,11919616,256,6000,33.480
2026-07-18T00:33:41.366Z,usb,1,848316260,46562,11919872,256,6000,33.480
2026-07-18T00:33:41.409Z,usb,1,848316260,46563,11920128,256,6000,33.480
2026-07-18T00:33:41.452Z,usb,1,848316260,46564,11920384,256,6000,33.480
2026-07-18T00:33:41.494Z,usb,1,848316260,46565,11920640,256,6000,33.480
2026-07-18T00:33:41.537Z,usb,1,848316260,46566,11920896,256,6000,33.480
2026-07-18T00:33:41.579Z,usb,1,848316260,46567,11921152,256,6000,33.480
2026-07-18T00:33:41.622Z,usb,1,848316260,46568,11921408,256,6000,33.480
2026-07-18T00:33:41.664Z,usb,1,848316260,46569,11921664,256,6000,33.480
2026-07-18T00:33:41.707Z,usb,1,848316260,46570,11921920,256,6000,33.480
2026-07-18T00:33:41.749Z,usb,1,848316260,46571,11922176,256,6000,33.480
2026-07-18T00:33:41.792Z,usb,1,848316260,46572,11922432,256,6000,33.480
2026-07-18T00:33:41.834Z,usb,1,848316260,46573,11922688,256,6000,33.480
2026-07-18T00:33:41.877Z,usb,1,848316260,46574,11922944,256,6000,33.480
2026-07-18T00:33:41.919Z,usb,1,848316260,46575,11923200,256,6000,33.480
2026-07-18T00:33:41.962Z,usb,1,848316260,46576,11923456,256,6000,33.480
2026-07-18T00:33:42.004Z,usb,1,848316260,46577,11923712,256,6000,33.480
2026-07-18T00:33:42.047Z,usb,1,848316260,46578,11923968,256,6000,33.480
2026-07-18T00:33:42.089Z,usb,1,848316260,46579,11924224,256,6000,33.480
2026-07-18T00:33:42.132Z,usb,1,848316260,46580,11924480,256,6000,33.480
2026-07-18T00:33:42.174Z,usb,1,848316260,46581,11924736,256,6000,33.480
2026-07-18T00:33:42.217Z,usb,1,848316260,46582,11924992,256,6000,33.480
2026-07-18T00:33:42.259Z,usb,1,848316260,46583,11925248,256,6000,33.480
2026-07-18T00:33:42.302Z,usb,1,848316260,46584,11925504,256,6000,33.480
2026-07-18T00:33:42.344Z,usb,1,848316260,46585,11925760,256,6000,33.480
2026-07-18T00:33:42.387Z,usb,1,848316260,46586,11926016,256,6000,33.480
2026-07-18T00:33:42.430Z,usb,1,848316260,46587,11926272,256,6000,33.480
2026-07-18T00:33:42.472Z,usb,1,848316260,46588,11926528,256,6000,33.480
2026-07-18T00:33:42.515Z,usb,1,848316260,46589,11926784,256,6000,33.480
2026-07-18T00:33:42.557Z,usb,1,848316260,46590,11927040,256,6000,33.480
2026-07-18T00:33:42.600Z,usb,1,848316260,46591,11927296,256,6000,33.480
2026-07-18T00:33:42.642Z,usb,1,848316260,46592,11927552,256,6000,33.480
2026-07-18T00:33:42.685Z,usb,1,848316260,46593,11927808,256,6000,33.480
2026-07-18T00:33:42.727Z,usb,1,848316260,46594,11928064,256,6000,33.480
2026-07-18T00:33:42.770Z,usb,1,848316260,46595,11928320,256,6000,33.480
2026-07-18T00:33:42.812Z,usb,1,848316260,46596,11928576,256,6000,33.480
2026-07-18T00:33:42.855Z,usb,1,848316260,46597,11928832,256,6000,33.480
2026-07-18T00:33:42.898Z,usb,1,848316260,46598,11929088,256,6000,33.480
2026-07-18T00:33:42.940Z,usb,1,848316260,46599,11929344,256,6000,33.480
2026-07-18T00:33:42.982Z,usb,1,848316260,46600,11929600,256,6000,33.480
2026-07-18T00:33:43.025Z,usb,1,848316260,46601,11929856,256,6000,33.480
2026-07-18T00:33:43.068Z,usb,1,848316260,46602,11930112,256,6000,33.480
2026-07-18T00:33:43.110Z,usb,1,848316260,46603,11930368,256,6000,33.480
2026-07-18T00:33:43.152Z,usb,1,848316260,46604,11930624,256,6000,33.480
2026-07-18T00:33:43.195Z,usb,1,848316260,46605,11930880,256,6000,33.480
2026-07-18T00:33:43.238Z,usb,1,848316260,46606,11931136,256,6000,33.480
2026-07-18T00:33:43.280Z,usb,1,848316260,46607,11931392,256,6000,33.480
2026-07-18T00:33:43.322Z,usb,1,848316260,46608,11931648,256,6000,33.480
2026-07-18T00:33:43.365Z,usb,1,848316260,46609,11931904,256,6000,33.480
2026-07-18T00:33:43.408Z,usb,1,848316260,46610,11932160,256,6000,33.480
2026-07-18T00:33:43.451Z,usb,1,848316260,46611,11932416,256,6000,33.480
2026-07-18T00:33:43.493Z,usb,1,848316260,46612,11932672,256,6000,33.480
2026-07-18T00:33:43.536Z,usb,1,848316260,46613,11932928,256,6000,33.480
2026-07-18T00:33:43.578Z,usb,1,848316260,46614,11933184,256,6000,33.480
2026-07-18T00:33:43.621Z,usb,1,848316260,46615,11933440,256,6000,33.480
2026-07-18T00:33:43.663Z,usb,1,848316260,46616,11933696,256,6000,33.480
2026-07-18T00:33:43.706Z,usb,1,848316260,46617,11933952,256,6000,33.480
2026-07-18T00:33:43.748Z,usb,1,848316260,46618,11934208,256,6000,33.480
2026-07-18T00:33:43.791Z,usb,1,848316260,46619,11934464,256,6000,33.480
2026-07-18T00:33:43.833Z,usb,1,848316260,46620,11934720,256,6000,33.480
2026-07-18T00:33:43.876Z,usb,1,848316260,46621,11934976,256,6000,33.480
2026-07-18T00:33:43.918Z,usb,1,848316260,46622,11935232,256,6000,33.480
2026-07-18T00:33:43.961Z,usb,1,848316260,46623,11935488,256,6000,33.480
2026-07-18T00:33:44.003Z,usb,1,848316260,46624,11935744,256,6000,33.480
2026-07-18T00:33:44.046Z,usb,1,848316260,46625,11936000,256,6000,33.480
2026-07-18T00:33:44.088Z,usb,1,848316260,46626,11936256,256,6000,33.480
2026-07-18T00:33:44.131Z,usb,1,848316260,46627,11936512,256,6000,33.480
2026-07-18T00:33:44.173Z,usb,1,848316260,46628,11936768,256,6000,33.480
2026-07-18T00:33:44.216Z,usb,1,848316260,46629,11937024,256,6000,33.480
2026-07-18T00:33:44.258Z,usb,1,848316260,46630,11937280,256,6000,33.480
2026-07-18T00:33:44.301Z,usb,1,848316260,46631,11937536,256,6000,33.480
2026-07-18T00:33:44.343Z,usb,1,848316260,46632,11937792,256,6000,33.480
2026-07-18T00:33:44.386Z,usb,1,848316260,46633,11938048,256,6000,33.480
2026-07-18T00:33:44.428Z,usb,1,848316260,46634,11938304,256,6000,33.480
2026-07-18T00:33:44.471Z,usb,1,848316260,46635,11938560,256,6000,33.480
2026-07-18T00:33:44.514Z,usb,1,848316260,46636,11938816,256,6000,33.480
2026-07-18T00:33:44.556Z,usb,1,848316260,46637,11939072,256,6000,33.480
2026-07-18T00:33:44.599Z,usb,1,848316260,46638,11939328,256,6000,33.480
2026-07-18T00:33:44.641Z,usb,1,848316260,46639,11939584,256,6000,33.480
2026-07-18T00:33:44.684Z,usb,1,848316260,46640,11939840,256,6000,33.480
2026-07-18T00:33:44.726Z,usb,1,848316260,46641,11940096,256,6000,33.480
2026-07-18T00:33:44.769Z,usb,1,848316260,46642,11940352,256,6000,33.480
2026-07-18T00:33:44.811Z,usb,1,848316260,46643,11940608,256,6000,33.480
2026-07-18T00:33:44.854Z,usb,1,848316260,46644,11940864,256,6000,33.480
2026-07-18T00:33:44.896Z,usb,1,848316260,46645,11941120,256,6000,33.480
2026-07-18T00:33:44.939Z,usb,1,848316260,46646,11941376,256,6000,33.480
2026-07-18T00:33:44.981Z,usb,1,848316260,46647,11941632,256,6000,33.480
2026-07-18T00:33:45.024Z,usb,1,848316260,46648,11941888,256,6000,33.480
2026-07-18T00:33:45.066Z,usb,1,848316260,46649,11942144,256,6000,33.480
2026-07-18T00:33:45.109Z,usb,1,848316260,46650,11942400,256,6000,33.480
2026-07-18T00:33:45.151Z,usb,1,848316260,46651,11942656,256,6000,33.480
2026-07-18T00:33:45.194Z,usb,1,848316260,46652,11942912,256,6000,33.480
2026-07-18T00:33:45.236Z,usb,1,848316260,46653,11943168,256,6000,33.480
2026-07-18T00:33:45.279Z,usb,1,848316260,46654,11943424,256,6000,33.480
2026-07-18T00:33:45.321Z,usb,1,848316260,46655,11943680,256,6000,33.480
2026-07-18T00:33:45.364Z,usb,1,848316260,46656,11943936,256,6000,33.480
2026-07-18T00:33:45.407Z,usb,1,848316260,46657,11944192,256,6000,33.480
2026-07-18T00:33:45.449Z,usb,1,848316260,46658,11944448,256,6000,33.480
2026-07-18T00:33:45.492Z,usb,1,848316260,46659,11944704,256,6000,33.480
2026-07-18T00:33:45.535Z,usb,1,848316260,46660,11944960,256,6000,33.480
2026-07-18T00:33:45.577Z,usb,1,848316260,46661,11945216,256,6000,33.480
2026-07-18T00:33:45.620Z,usb,1,848316260,46662,11945472,256,6000,33.480
2026-07-18T00:33:45.662Z,usb,1,848316260,46663,11945728,256,6000,33.480
2026-07-18T00:33:45.705Z,usb,1,848316260,46664,11945984,256,6000,33.480
2026-07-18T00:33:45.747Z,usb,1,848316260,46665,11946240,256,6000,33.480
2026-07-18T00:33:45.790Z,usb,1,848316260,46666,11946496,256,6000,33.480
2026-07-18T00:33:45.833Z,usb,1,848316260,46667,11946752,256,6000,33.480
2026-07-18T00:33:45.875Z,usb,1,848316260,46668,11947008,256,6000,33.480
2026-07-18T00:33:45.918Z,usb,1,848316260,46669,11947264,256,6000,33.480
2026-07-18T00:33:45.960Z,usb,1,848316260,46670,11947520,256,6000,33.480
2026-07-18T00:33:46.002Z,usb,1,848316260,46671,11947776,256,6000,33.480
2026-07-18T00:33:46.045Z,usb,1,848316260,46672,11948032,256,6000,33.480
2026-07-18T00:33:46.088Z,usb,1,848316260,46673,11948288,256,6000,33.480
2026-07-18T00:33:46.130Z,usb,1,848316260,46674,11948544,256,6000,33.480
2026-07-18T00:33:46.173Z,usb,1,848316260,46675,11948800,256,6000,33.480
2026-07-18T00:33:46.215Z,usb,1,848316260,46676,11949056,256,6000,33.480
2026-07-18T00:33:46.257Z,usb,1,848316260,46677,11949312,256,6000,33.480
2026-07-18T00:33:46.301Z,usb,1,848316260,46678,11949568,256,6000,33.480
2026-07-18T00:33:46.342Z,usb,1,848316260,46679,11949824,256,6000,33.480
2026-07-18T00:33:46.385Z,usb,1,848316260,46680,11950080,256,6000,33.480
2026-07-18T00:33:46.427Z,usb,1,848316260,46681,11950336,256,6000,33.480
2026-07-18T00:33:46.470Z,usb,1,848316260,46682,11950592,256,6000,33.480
2026-07-18T00:33:46.513Z,usb,1,848316260,46683,11950848,256,6000,33.470
2026-07-18T00:33:46.556Z,usb,1,848316260,46684,11951104,256,6000,33.470
2026-07-18T00:33:46.598Z,usb,1,848316260,46685,11951360,256,6000,33.470
2026-07-18T00:33:46.641Z,usb,1,848316260,46686,11951616,256,6000,33.470
2026-07-18T00:33:46.684Z,usb,1,848316260,46687,11951872,256,6000,33.470
2026-07-18T00:33:46.726Z,usb,1,848316260,46688,11952128,256,6000,33.470
2026-07-18T00:33:46.768Z,usb,1,848316260,46689,11952384,256,6000,33.470
2026-07-18T00:33:46.811Z,usb,1,848316260,46690,11952640,256,6000,33.470
2026-07-18T00:33:46.853Z,usb,1,848316260,46691,11952896,256,6000,33.470
2026-07-18T00:33:46.896Z,usb,1,848316260,46692,11953152,256,6000,33.470
2026-07-18T00:33:46.939Z,usb,1,848316260,46693,11953408,256,6000,33.470
2026-07-18T00:33:46.981Z,usb,1,848316260,46694,11953664,256,6000,33.470
2026-07-18T00:33:47.023Z,usb,1,848316260,46695,11953920,256,6000,33.470
2026-07-18T00:33:47.066Z,usb,1,848316260,46696,11954176,256,6000,33.470
2026-07-18T00:33:47.108Z,usb,1,848316260,46697,11954432,256,6000,33.470
2026-07-18T00:33:47.151Z,usb,1,848316260,46698,11954688,256,6000,33.470
2026-07-18T00:33:47.193Z,usb,1,848316260,46699,11954944,256,6000,33.470
2026-07-18T00:33:47.236Z,usb,1,848316260,46700,11955200,256,6000,33.470
2026-07-18T00:33:47.278Z,usb,1,848316260,46701,11955456,256,6000,33.470
2026-07-18T00:33:47.321Z,usb,1,848316260,46702,11955712,256,6000,33.470
2026-07-18T00:33:47.363Z,usb,1,848316260,46703,11955968,256,6000,33.470
2026-07-18T00:33:47.406Z,usb,1,848316260,46704,11956224,256,6000,33.470
2026-07-18T00:33:47.448Z,usb,1,848316260,46705,11956480,256,6000,33.470
2026-07-18T00:33:47.490Z,usb,1,848316260,46706,11956736,256,6000,33.470
2026-07-18T00:33:47.534Z,usb,1,848316260,46707,11956992,256,6000,33.470
2026-07-18T00:33:47.576Z,usb,1,848316260,46708,11957248,256,6000,33.470
2026-07-18T00:33:47.618Z,usb,1,848316260,46709,11957504,256,6000,33.470
2026-07-18T00:33:47.663Z,usb,1,848316260,46710,11957760,256,6000,33.470
2026-07-18T00:33:47.704Z,usb,1,848316260,46711,11958016,256,6000,33.470
2026-07-18T00:33:47.746Z,usb,1,848316260,46712,11958272,256,6000,33.470
2026-07-18T00:33:47.789Z,usb,1,848316260,46713,11958528,256,6000,33.470
2026-07-18T00:33:47.832Z,usb,1,848316260,46714,11958784,256,6000,33.470
2026-07-18T00:33:47.874Z,usb,1,848316260,46715,11959040,256,6000,33.470
2026-07-18T00:33:47.916Z,usb,1,848316260,46716,11959296,256,6000,33.470
2026-07-18T00:33:47.959Z,usb,1,848316260,46717,11959552,256,6000,33.470
2026-07-18T00:33:48.001Z,usb,1,848316260,46718,11959808,256,6000,33.470
2026-07-18T00:33:48.044Z,usb,1,848316260,46719,11960064,256,6000,33.470
2026-07-18T00:33:48.086Z,usb,1,848316260,46720,11960320,256,6000,33.470
2026-07-18T00:33:48.129Z,usb,1,848316260,46721,11960576,256,6000,33.470
2026-07-18T00:33:48.171Z,usb,1,848316260,46722,11960832,256,6000,33.470
2026-07-18T00:33:48.214Z,usb,1,848316260,46723,11961088,256,6000,33.470
2026-07-18T00:33:48.256Z,usb,1,848316260,46724,11961344,256,6000,33.470
2026-07-18T00:33:48.299Z,usb,1,848316260,46725,11961600,256,6000,33.470
2026-07-18T00:33:48.342Z,usb,1,848316260,46726,11961856,256,6000,33.470
2026-07-18T00:33:48.384Z,usb,1,848316260,46727,11962112,256,6000,33.470
2026-07-18T00:33:48.426Z,usb,1,848316260,46728,11962368,256,6000,33.470
2026-07-18T00:33:48.469Z,usb,1,848316260,46729,11962624,256,6000,33.470
2026-07-18T00:33:48.512Z,usb,1,848316260,46730,11962880,256,6000,33.470
2026-07-18T00:33:48.554Z,usb,1,848316260,46731,11963136,256,6000,33.480
2026-07-18T00:33:48.597Z,usb,1,848316260,46732,11963392,256,6000,33.480
2026-07-18T00:33:48.640Z,usb,1,848316260,46733,11963648,256,6000,33.480
2026-07-18T00:33:48.682Z,usb,1,848316260,46734,11963904,256,6000,33.480
2026-07-18T00:33:48.724Z,usb,1,848316260,46735,11964160,256,6000,33.480
2026-07-18T00:33:48.768Z,usb,1,848316260,46736,11964416,256,6000,33.480
2026-07-18T00:33:48.810Z,usb,1,848316260,46737,11964672,256,6000,33.480
2026-07-18T00:33:48.852Z,usb,1,848316260,46738,11964928,256,6000,33.480
2026-07-18T00:33:48.895Z,usb,1,848316260,46739,11965184,256,6000,33.480
2026-07-18T00:33:48.937Z,usb,1,848316260,46740,11965440,256,6000,33.480
2026-07-18T00:33:48.980Z,usb,1,848316260,46741,11965696,256,6000,33.480
2026-07-18T00:33:49.022Z,usb,1,848316260,46742,11965952,256,6000,33.480
2026-07-18T00:33:49.064Z,usb,1,848316260,46743,11966208,256,6000,33.480
2026-07-18T00:33:49.108Z,usb,1,848316260,46744,11966464,256,6000,33.480
2026-07-18T00:33:49.150Z,usb,1,848316260,46745,11966720,256,6000,33.480
2026-07-18T00:33:49.192Z,usb,1,848316260,46746,11966976,256,6000,33.480
2026-07-18T00:33:49.234Z,usb,1,848316260,46747,11967232,256,6000,33.480
2026-07-18T00:33:49.277Z,usb,1,848316260,46748,11967488,256,6000,33.480
2026-07-18T00:33:49.319Z,usb,1,848316260,46749,11967744,256,6000,33.480
2026-07-18T00:33:49.363Z,usb,1,848316260,46750,11968000,256,6000,33.480
2026-07-18T00:33:49.405Z,usb,1,848316260,46751,11968256,256,6000,33.480
2026-07-18T00:33:49.447Z,usb,1,848316260,46752,11968512,256,6000,33.480
2026-07-18T00:33:49.490Z,usb,1,848316260,46753,11968768,256,6000,33.480
2026-07-18T00:33:49.532Z,usb,1,848316260,46754,11969024,256,6000,33.480
2026-07-18T00:33:49.575Z,usb,1,848316260,46755,11969280,256,6000,33.480
2026-07-18T00:33:49.618Z,usb,1,848316260,46756,11969536,256,6000,33.480
2026-07-18T00:33:49.660Z,usb,1,848316260,46757,11969792,256,6000,33.480
2026-07-18T00:33:49.703Z,usb,1,848316260,46758,11970048,256,6000,33.480
2026-07-18T00:33:49.746Z,usb,1,848316260,46759,11970304,256,6000,33.480
2026-07-18T00:33:49.788Z,usb,1,848316260,46760,11970560,256,6000,33.480
2026-07-18T00:33:49.830Z,usb,1,848316260,46761,11970816,256,6000,33.480
2026-07-18T00:33:49.873Z,usb,1,848316260,46762,11971072,256,6000,33.480
2026-07-18T00:33:49.915Z,usb,1,848316260,46763,11971328,256,6000,33.480
2026-07-18T00:33:49.958Z,usb,1,848316260,46764,11971584,256,6000,33.480
2026-07-18T00:33:50.001Z,usb,1,848316260,46765,11971840,256,6000,33.480
2026-07-18T00:33:50.043Z,usb,1,848316260,46766,11972096,256,6000,33.480
2026-07-18T00:33:50.085Z,usb,1,848316260,46767,11972352,256,6000,33.480
2026-07-18T00:33:50.128Z,usb,1,848316260,46768,11972608,256,6000,33.480
2026-07-18T00:33:50.170Z,usb,1,848316260,46769,11972864,256,6000,33.480
2026-07-18T00:33:50.213Z,usb,1,848316260,46770,11973120,256,6000,33.480
2026-07-18T00:33:50.255Z,usb,1,848316260,46771,11973376,256,6000,33.480
2026-07-18T00:33:50.298Z,usb,1,848316260,46772,11973632,256,6000,33.480
2026-07-18T00:33:50.341Z,usb,1,848316260,46773,11973888,256,6000,33.480
2026-07-18T00:33:50.383Z,usb,1,848316260,46774,11974144,256,6000,33.480
2026-07-18T00:33:50.426Z,usb,1,848316260,46775,11974400,256,6000,33.480
2026-07-18T00:33:50.468Z,usb,1,848316260,46776,11974656,256,6000,33.480
2026-07-18T00:33:50.510Z,usb,1,848316260,46777,11974912,256,6000,33.480
2026-07-18T00:33:50.554Z,usb,1,848316260,46778,11975168,256,6000,33.480
2026-07-18T00:33:50.596Z,usb,1,848316260,46779,11975424,256,6000,33.480
2026-07-18T00:33:50.639Z,usb,1,848316260,46780,11975680,256,6000,33.480
2026-07-18T00:33:50.682Z,usb,1,848316260,46781,11975936,256,6000,33.480
2026-07-18T00:33:50.724Z,usb,1,848316260,46782,11976192,256,6000,33.480
2026-07-18T00:33:50.769Z,usb,1,848316260,46783,11976448,256,6000,33.480
2026-07-18T00:33:50.809Z,usb,1,848316260,46784,11976704,256,6000,33.480
2026-07-18T00:33:50.851Z,usb,1,848316260,46785,11976960,256,6000,33.480
2026-07-18T00:33:50.894Z,usb,1,848316260,46786,11977216,256,6000,33.480
2026-07-18T00:33:50.936Z,usb,1,848316260,46787,11977472,256,6000,33.480
2026-07-18T00:33:50.979Z,usb,1,848316260,46788,11977728,256,6000,33.480
2026-07-18T00:33:51.021Z,usb,1,848316260,46789,11977984,256,6000,33.480
2026-07-18T00:33:51.064Z,usb,1,848316260,46790,11978240,256,6000,33.480
2026-07-18T00:33:51.106Z,usb,1,848316260,46791,11978496,256,6000,33.480
2026-07-18T00:33:51.149Z,usb,1,848316260,46792,11978752,256,6000,33.480
2026-07-18T00:33:51.191Z,usb,1,848316260,46793,11979008,256,6000,33.480
2026-07-18T00:33:51.234Z,usb,1,848316260,46794,11979264,256,6000,33.480
2026-07-18T00:33:51.276Z,usb,1,848316260,46795,11979520,256,6000,33.480
2026-07-18T00:33:51.319Z,usb,1,848316260,46796,11979776,256,6000,33.480
2026-07-18T00:33:51.361Z,usb,1,848316260,46797,11980032,256,6000,33.480
2026-07-18T00:33:51.404Z,usb,1,848316260,46798,11980288,256,6000,33.480
2026-07-18T00:33:51.446Z,usb,1,848316260,46799,11980544,256,6000,33.480
2026-07-18T00:33:51.489Z,usb,1,848316260,46800,11980800,256,6000,33.480
2026-07-18T00:33:51.531Z,usb,1,848316260,46801,11981056,256,6000,33.480
2026-07-18T00:33:51.574Z,usb,1,848316260,46802,11981312,256,6000,33.480
2026-07-18T00:33:51.617Z,usb,1,848316260,46803,11981568,256,6000,33.480
2026-07-18T00:33:51.659Z,usb,1,848316260,46804,11981824,256,6000,33.480
2026-07-18T00:33:51.702Z,usb,1,848316260,46805,11982080,256,6000,33.480
2026-07-18T00:33:51.744Z,usb,1,848316260,46806,11982336,256,6000,33.480
2026-07-18T00:33:51.787Z,usb,1,848316260,46807,11982592,256,6000,33.480
2026-07-18T00:33:51.829Z,usb,1,848316260,46808,11982848,256,6000,33.480
2026-07-18T00:33:51.872Z,usb,1,848316260,46809,11983104,256,6000,33.480
2026-07-18T00:33:51.915Z,usb,1,848316260,46810,11983360,256,6000,33.480
2026-07-18T00:33:51.957Z,usb,1,848316260,46811,11983616,256,6000,33.480
2026-07-18T00:33:52.000Z,usb,1,848316260,46812,11983872,256,6000,33.480
2026-07-18T00:33:52.042Z,usb,1,848316260,46813,11984128,256,6000,33.480
2026-07-18T00:33:52.084Z,usb,1,848316260,46814,11984384,256,6000,33.480
2026-07-18T00:33:52.127Z,usb,1,848316260,46815,11984640,256,6000,33.480
2026-07-18T00:33:52.170Z,usb,1,848316260,46816,11984896,256,6000,33.480
2026-07-18T00:33:52.212Z,usb,1,848316260,46817,11985152,256,6000,33.480
2026-07-18T00:33:52.254Z,usb,1,848316260,46818,11985408,256,6000,33.480
2026-07-18T00:33:52.297Z,usb,1,848316260,46819,11985664,256,6000,33.480
2026-07-18T00:33:52.339Z,usb,1,848316260,46820,11985920,256,6000,33.480
2026-07-18T00:33:52.382Z,usb,1,848316260,46821,11986176,256,6000,33.480
2026-07-18T00:33:52.424Z,usb,1,848316260,46822,11986432,256,6000,33.480
2026-07-18T00:33:52.467Z,usb,1,848316260,46823,11986688,256,6000,33.480
2026-07-18T00:33:52.510Z,usb,1,848316260,46824,11986944,256,6000,33.480
2026-07-18T00:33:52.552Z,usb,1,848316260,46825,11987200,256,6000,33.480
2026-07-18T00:33:52.595Z,usb,1,848316260,46826,11987456,256,6000,33.480
2026-07-18T00:33:52.638Z,usb,1,848316260,46827,11987712,256,6000,33.490
2026-07-18T00:33:52.680Z,usb,1,848316260,46828,11987968,256,6000,33.490
2026-07-18T00:33:52.723Z,usb,1,848316260,46829,11988224,256,6000,33.490
2026-07-18T00:33:52.765Z,usb,1,848316260,46830,11988480,256,6000,33.490
2026-07-18T00:33:52.808Z,usb,1,848316260,46831,11988736,256,6000,33.490
2026-07-18T00:33:52.850Z,usb,1,848316260,46832,11988992,256,6000,33.490
2026-07-18T00:33:52.893Z,usb,1,848316260,46833,11989248,256,6000,33.490
2026-07-18T00:33:52.935Z,usb,1,848316260,46834,11989504,256,6000,33.490
2026-07-18T00:33:52.978Z,usb,1,848316260,46835,11989760,256,6000,33.490
2026-07-18T00:33:53.020Z,usb,1,848316260,46836,11990016,256,6000,33.490
2026-07-18T00:33:53.063Z,usb,1,848316260,46837,11990272,256,6000,33.490
2026-07-18T00:33:53.106Z,usb,1,848316260,46838,11990528,256,6000,33.490
2026-07-18T00:33:53.148Z,usb,1,848316260,46839,11990784,256,6000,33.490
2026-07-18T00:33:53.190Z,usb,1,848316260,46840,11991040,256,6000,33.490
2026-07-18T00:33:53.233Z,usb,1,848316260,46841,11991296,256,6000,33.490
2026-07-18T00:33:53.275Z,usb,1,848316260,46842,11991552,256,6000,33.490
2026-07-18T00:33:53.318Z,usb,1,848316260,46843,11991808,256,6000,33.490
2026-07-18T00:33:53.360Z,usb,1,848316260,46844,11992064,256,6000,33.490
2026-07-18T00:33:53.403Z,usb,1,848316260,46845,11992320,256,6000,33.490
2026-07-18T00:33:53.445Z,usb,1,848316260,46846,11992576,256,6000,33.490
2026-07-18T00:33:53.487Z,usb,1,848316260,46847,11992832,256,6000,33.490
2026-07-18T00:33:53.530Z,usb,1,848316260,46848,11993088,256,6000,33.490
2026-07-18T00:33:53.573Z,usb,1,848316260,46849,11993344,256,6000,33.490
2026-07-18T00:33:53.615Z,usb,1,848316260,46850,11993600,256,6000,33.490
2026-07-18T00:33:53.658Z,usb,1,848316260,46851,11993856,256,6000,33.480
2026-07-18T00:33:53.701Z,usb,1,848316260,46852,11994112,256,6000,33.480
2026-07-18T00:33:53.743Z,usb,1,848316260,46853,11994368,256,6000,33.480
2026-07-18T00:33:53.786Z,usb,1,848316260,46854,11994624,256,6000,33.480
2026-07-18T00:33:53.828Z,usb,1,848316260,46855,11994880,256,6000,33.480
2026-07-18T00:33:53.871Z,usb,1,848316260,46856,11995136,256,6000,33.480
2026-07-18T00:33:53.913Z,usb,1,848316260,46857,11995392,256,6000,33.480
2026-07-18T00:33:53.956Z,usb,1,848316260,46858,11995648,256,6000,33.480
2026-07-18T00:33:53.998Z,usb,1,848316260,46859,11995904,256,6000,33.480
2026-07-18T00:33:54.041Z,usb,1,848316260,46860,11996160,256,6000,33.480
2026-07-18T00:33:54.083Z,usb,1,848316260,46861,11996416,256,6000,33.480
2026-07-18T00:33:54.126Z,usb,1,848316260,46862,11996672,256,6000,33.480
2026-07-18T00:33:54.168Z,usb,1,848316260,46863,11996928,256,6000,33.480
2026-07-18T00:33:54.211Z,usb,1,848316260,46864,11997184,256,6000,33.480
2026-07-18T00:33:54.253Z,usb,1,848316260,46865,11997440,256,6000,33.480
2026-07-18T00:33:54.296Z,usb,1,848316260,46866,11997696,256,6000,33.480
2026-07-18T00:33:54.338Z,usb,1,848316260,46867,11997952,256,6000,33.480
2026-07-18T00:33:54.381Z,usb,1,848316260,46868,11998208,256,6000,33.480
2026-07-18T00:33:54.423Z,usb,1,848316260,46869,11998464,256,6000,33.480
2026-07-18T00:33:54.466Z,usb,1,848316260,46870,11998720,256,6000,33.480
2026-07-18T00:33:54.508Z,usb,1,848316260,46871,11998976,256,6000,33.480
2026-07-18T00:33:54.551Z,usb,1,848316260,46872,11999232,256,6000,33.480
2026-07-18T00:33:54.593Z,usb,1,848316260,46873,11999488,256,6000,33.480
2026-07-18T00:33:54.636Z,usb,1,848316260,46874,11999744,256,6000,33.480
2026-07-18T00:33:54.679Z,usb,1,848316260,46875,12000000,256,6000,33.480
2026-07-18T00:33:54.721Z,usb,1,848316260,46876,12000256,256,6000,33.480
2026-07-18T00:33:54.764Z,usb,1,848316260,46877,12000512,256,6000,33.480
2026-07-18T00:33:54.807Z,usb,1,848316260,46878,12000768,256,6000,33.480
2026-07-18T00:33:54.849Z,usb,1,848316260,46879,12001024,256,6000,33.480
2026-07-18T00:33:54.892Z,usb,1,848316260,46880,12001280,256,6000,33.480
2026-07-18T00:33:54.934Z,usb,1,848316260,46881,12001536,256,6000,33.480
2026-07-18T00:33:54.976Z,usb,1,848316260,46882,12001792,256,6000,33.480
2026-07-18T00:33:55.019Z,usb,1,848316260,46883,12002048,256,6000,33.480
2026-07-18T00:33:55.062Z,usb,1,848316260,46884,12002304,256,6000,33.480
2026-07-18T00:33:55.104Z,usb,1,848316260,46885,12002560,256,6000,33.480
2026-07-18T00:33:55.146Z,usb,1,848316260,46886,12002816,256,6000,33.480
2026-07-18T00:33:55.189Z,usb,1,848316260,46887,12003072,256,6000,33.480
2026-07-18T00:33:55.232Z,usb,1,848316260,46888,12003328,256,6000,33.480
2026-07-18T00:33:55.274Z,usb,1,848316260,46889,12003584,256,6000,33.480
2026-07-18T00:33:55.317Z,usb,1,848316260,46890,12003840,256,6000,33.480
2026-07-18T00:33:55.359Z,usb,1,848316260,46891,12004096,256,6000,33.480
2026-07-18T00:33:55.401Z,usb,1,848316260,46892,12004352,256,6000,33.480
2026-07-18T00:33:55.444Z,usb,1,848316260,46893,12004608,256,6000,33.480
2026-07-18T00:33:55.486Z,usb,1,848316260,46894,12004864,256,6000,33.480
2026-07-18T00:33:55.529Z,usb,1,848316260,46895,12005120,256,6000,33.480
2026-07-18T00:33:55.571Z,usb,1,848316260,46896,12005376,256,6000,33.480
2026-07-18T00:33:55.614Z,usb,1,848316260,46897,12005632,256,6000,33.480
2026-07-18T00:33:55.656Z,usb,1,848316260,46898,12005888,256,6000,33.480
2026-07-18T00:33:55.700Z,usb,1,848316260,46899,12006144,256,6000,33.480
2026-07-18T00:33:55.742Z,usb,1,848316260,46900,12006400,256,6000,33.480
2026-07-18T00:33:55.785Z,usb,1,848316260,46901,12006656,256,6000,33.480
2026-07-18T00:33:55.827Z,usb,1,848316260,46902,12006912,256,6000,33.480
2026-07-18T00:33:55.870Z,usb,1,848316260,46903,12007168,256,6000,33.480
2026-07-18T00:33:55.912Z,usb,1,848316260,46904,12007424,256,6000,33.480
2026-07-18T00:33:55.955Z,usb,1,848316260,46905,12007680,256,6000,33.480
2026-07-18T00:33:55.997Z,usb,1,848316260,46906,12007936,256,6000,33.480
2026-07-18T00:33:56.040Z,usb,1,848316260,46907,12008192,256,6000,33.480
2026-07-18T00:33:56.082Z,usb,1,848316260,46908,12008448,256,6000,33.480
2026-07-18T00:33:56.125Z,usb,1,848316260,46909,12008704,256,6000,33.480
2026-07-18T00:33:56.167Z,usb,1,848316260,46910,12008960,256,6000,33.480
2026-07-18T00:33:56.210Z,usb,1,848316260,46911,12009216,256,6000,33.480
2026-07-18T00:33:56.252Z,usb,1,848316260,46912,12009472,256,6000,33.480
2026-07-18T00:33:56.295Z,usb,1,848316260,46913,12009728,256,6000,33.480
2026-07-18T00:33:56.337Z,usb,1,848316260,46914,12009984,256,6000,33.480
2026-07-18T00:33:56.380Z,usb,1,848316260,46915,12010240,256,6000,33.480
2026-07-18T00:33:56.422Z,usb,1,848316260,46916,12010496,256,6000,33.480
2026-07-18T00:33:56.465Z,usb,1,848316260,46917,12010752,256,6000,33.480
2026-07-18T00:33:56.507Z,usb,1,848316260,46918,12011008,256,6000,33.480
2026-07-18T00:33:56.550Z,usb,1,848316260,46919,12011264,256,6000,33.480
2026-07-18T00:33:56.592Z,usb,1,848316260,46920,12011520,256,6000,33.480
2026-07-18T00:33:56.635Z,usb,1,848316260,46921,12011776,256,6000,33.480
2026-07-18T00:33:56.677Z,usb,1,848316260,46922,12012032,256,6000,33.480
2026-07-18T00:33:56.720Z,usb,1,848316260,46923,12012288,256,6000,33.480
2026-07-18T00:33:56.763Z,usb,1,848316260,46924,12012544,256,6000,33.480
2026-07-18T00:33:56.805Z,usb,1,848316260,46925,12012800,256,6000,33.480
2026-07-18T00:33:56.848Z,usb,1,848316260,46926,12013056,256,6000,33.480
2026-07-18T00:33:56.890Z,usb,1,848316260,46927,12013312,256,6000,33.480
2026-07-18T00:33:56.933Z,usb,1,848316260,46928,12013568,256,6000,33.480
2026-07-18T00:33:56.976Z,usb,1,848316260,46929,12013824,256,6000,33.480
2026-07-18T00:33:57.018Z,usb,1,848316260,46930,12014080,256,6000,33.480
2026-07-18T00:33:57.061Z,usb,1,848316260,46931,12014336,256,6000,33.480
2026-07-18T00:33:57.103Z,usb,1,848316260,46932,12014592,256,6000,33.480
2026-07-18T00:33:57.146Z,usb,1,848316260,46933,12014848,256,6000,33.480
2026-07-18T00:33:57.188Z,usb,1,848316260,46934,12015104,256,6000,33.480
2026-07-18T00:33:57.230Z,usb,1,848316260,46935,12015360,256,6000,33.480
2026-07-18T00:33:57.273Z,usb,1,848316260,46936,12015616,256,6000,33.480
2026-07-18T00:33:57.316Z,usb,1,848316260,46937,12015872,256,6000,33.480
2026-07-18T00:33:57.358Z,usb,1,848316260,46938,12016128,256,6000,33.480
2026-07-18T00:33:57.401Z,usb,1,848316260,46939,12016384,256,6000,33.480
2026-07-18T00:33:57.443Z,usb,1,848316260,46940,12016640,256,6000,33.480
2026-07-18T00:33:57.486Z,usb,1,848316260,46941,12016896,256,6000,33.480
2026-07-18T00:33:57.528Z,usb,1,848316260,46942,12017152,256,6000,33.480
2026-07-18T00:33:57.570Z,usb,1,848316260,46943,12017408,256,6000,33.480
2026-07-18T00:33:57.613Z,usb,1,848316260,46944,12017664,256,6000,33.480
2026-07-18T00:33:57.655Z,usb,1,848316260,46945,12017920,256,6000,33.480
2026-07-18T00:33:57.698Z,usb,1,848316260,46946,12018176,256,6000,33.480
2026-07-18T00:33:57.741Z,usb,1,848316260,46947,12018432,256,6000,33.480
2026-07-18T00:33:57.784Z,usb,1,848316260,46948,12018688,256,6000,33.480
2026-07-18T00:33:57.826Z,usb,1,848316260,46949,12018944,256,6000,33.480
2026-07-18T00:33:57.869Z,usb,1,848316260,46950,12019200,256,6000,33.480
2026-07-18T00:33:57.911Z,usb,1,848316260,46951,12019456,256,6000,33.480
2026-07-18T00:33:57.954Z,usb,1,848316260,46952,12019712,256,6000,33.480
2026-07-18T00:33:57.996Z,usb,1,848316260,46953,12019968,256,6000,33.480
2026-07-18T00:33:58.039Z,usb,1,848316260,46954,12020224,256,6000,33.480
2026-07-18T00:33:58.081Z,usb,1,848316260,46955,12020480,256,6000,33.480
2026-07-18T00:33:58.124Z,usb,1,848316260,46956,12020736,256,6000,33.480
2026-07-18T00:33:58.166Z,usb,1,848316260,46957,12020992,256,6000,33.480
2026-07-18T00:33:58.209Z,usb,1,848316260,46958,12021248,256,6000,33.480
2026-07-18T00:33:58.251Z,usb,1,848316260,46959,12021504,256,6000,33.480
2026-07-18T00:33:58.294Z,usb,1,848316260,46960,12021760,256,6000,33.480
2026-07-18T00:33:58.336Z,usb,1,848316260,46961,12022016,256,6000,33.480
2026-07-18T00:33:58.379Z,usb,1,848316260,46962,12022272,256,6000,33.480
2026-07-18T00:33:58.421Z,usb,1,848316260,46963,12022528,256,6000,33.480
2026-07-18T00:33:58.464Z,usb,1,848316260,46964,12022784,256,6000,33.480
2026-07-18T00:33:58.506Z,usb,1,848316260,46965,12023040,256,6000,33.480
2026-07-18T00:33:58.549Z,usb,1,848316260,46966,12023296,256,6000,33.480
2026-07-18T00:33:58.591Z,usb,1,848316260,46967,12023552,256,6000,33.480
2026-07-18T00:33:58.634Z,usb,1,848316260,46968,12023808,256,6000,33.480
2026-07-18T00:33:58.676Z,usb,1,848316260,46969,12024064,256,6000,33.480
2026-07-18T00:33:58.719Z,usb,1,848316260,46970,12024320,256,6000,33.480
2026-07-18T00:33:58.762Z,usb,1,848316260,46971,12024576,256,6000,33.480
2026-07-18T00:33:58.804Z,usb,1,848316260,46972,12024832,256,6000,33.480
2026-07-18T00:33:58.847Z,usb,1,848316260,46973,12025088,256,6000,33.480
2026-07-18T00:33:58.889Z,usb,1,848316260,46974,12025344,256,6000,33.480
2026-07-18T00:33:58.932Z,usb,1,848316260,46975,12025600,256,6000,33.480
2026-07-18T00:33:58.974Z,usb,1,848316260,46976,12025856,256,6000,33.480
2026-07-18T00:33:59.017Z,usb,1,848316260,46977,12026112,256,6000,33.480
2026-07-18T00:33:59.060Z,usb,1,848316260,46978,12026368,256,6000,33.480
2026-07-18T00:33:59.102Z,usb,1,848316260,46979,12026624,256,6000,33.480
2026-07-18T00:33:59.145Z,usb,1,848316260,46980,12026880,256,6000,33.480
2026-07-18T00:33:59.187Z,usb,1,848316260,46981,12027136,256,6000,33.480
2026-07-18T00:33:59.229Z,usb,1,848316260,46982,12027392,256,6000,33.480
2026-07-18T00:33:59.272Z,usb,1,848316260,46983,12027648,256,6000,33.480
2026-07-18T00:33:59.315Z,usb,1,848316260,46984,12027904,256,6000,33.480
2026-07-18T00:33:59.357Z,usb,1,848316260,46985,12028160,256,6000,33.480
2026-07-18T00:33:59.399Z,usb,1,848316260,46986,12028416,256,6000,33.480
2026-07-18T00:33:59.442Z,usb,1,848316260,46987,12028672,256,6000,33.480
2026-07-18T00:33:59.485Z,usb,1,848316260,46988,12028928,256,6000,33.480
2026-07-18T00:33:59.527Z,usb,1,848316260,46989,12029184,256,6000,33.480
2026-07-18T00:33:59.570Z,usb,1,848316260,46990,12029440,256,6000,33.480
2026-07-18T00:33:59.612Z,usb,1,848316260,46991,12029696,256,6000,33.480
2026-07-18T00:33:59.654Z,usb,1,848316260,46992,12029952,256,6000,33.480
2026-07-18T00:33:59.697Z,usb,1,848316260,46993,12030208,256,6000,33.480
2026-07-18T00:33:59.739Z,usb,1,848316260,46994,12030464,256,6000,33.480
2026-07-18T00:33:59.783Z,usb,1,848316260,46995,12030720,256,6000,33.480
2026-07-18T00:33:59.825Z,usb,1,848316260,46996,12030976,256,6000,33.480
2026-07-18T00:33:59.868Z,usb,1,848316260,46997,12031232,256,6000,33.480
2026-07-18T00:33:59.910Z,usb,1,848316260,46998,12031488,256,6000,33.480
2026-07-18T00:33:59.953Z,usb,1,848316260,46999,12031744,256,6000,33.480
2026-07-18T00:33:59.995Z,usb,1,848316260,47000,12032000,256,6000,33.480
2026-07-18T00:34:00.038Z,usb,1,848316260,47001,12032256,256,6000,33.480
2026-07-18T00:34:00.080Z,usb,1,848316260,47002,12032512,256,6000,33.480
2026-07-18T00:34:00.123Z,usb,1,848316260,47003,12032768,256,6000,33.480
2026-07-18T00:34:00.165Z,usb,1,848316260,47004,12033024,256,6000,33.480
2026-07-18T00:34:00.208Z,usb,1,848316260,47005,12033280,256,6000,33.480
2026-07-18T00:34:00.250Z,usb,1,848316260,47006,12033536,256,6000,33.480
2026-07-18T00:34:00.293Z,usb,1,848316260,47007,12033792,256,6000,33.480
2026-07-18T00:34:00.335Z,usb,1,848316260,47008,12034048,256,6000,33.480
2026-07-18T00:34:00.378Z,usb,1,848316260,47009,12034304,256,6000,33.480
2026-07-18T00:34:00.420Z,usb,1,848316260,47010,12034560,256,6000,33.480
2026-07-18T00:34:00.463Z,usb,1,848316260,47011,12034816,256,6000,33.480
2026-07-18T00:34:00.505Z,usb,1,848316260,47012,12035072,256,6000,33.480
2026-07-18T00:34:00.548Z,usb,1,848316260,47013,12035328,256,6000,33.480
2026-07-18T00:34:00.590Z,usb,1,848316260,47014,12035584,256,6000,33.480
2026-07-18T00:34:00.633Z,usb,1,848316260,47015,12035840,256,6000,33.480
2026-07-18T00:34:00.675Z,usb,1,848316260,47016,12036096,256,6000,33.480
2026-07-18T00:34:00.718Z,usb,1,848316260,47017,12036352,256,6000,33.480
2026-07-18T00:34:00.760Z,usb,1,848316260,47018,12036608,256,6000,33.480
2026-07-18T00:34:00.804Z,usb,1,848316260,47019,12036864,256,6000,33.480
2026-07-18T00:34:00.846Z,usb,1,848316260,47020,12037120,256,6000,33.480
2026-07-18T00:34:00.888Z,usb,1,848316260,47021,12037376,256,6000,33.480
2026-07-18T00:34:00.931Z,usb,1,848316260,47022,12037632,256,6000,33.480
2026-07-18T00:34:00.974Z,usb,1,848316260,47023,12037888,256,6000,33.480
2026-07-18T00:34:01.016Z,usb,1,848316260,47024,12038144,256,6000,33.480
2026-07-18T00:34:01.058Z,usb,1,848316260,47025,12038400,256,6000,33.480
2026-07-18T00:34:01.101Z,usb,1,848316260,47026,12038656,256,6000,33.480
2026-07-18T00:34:01.143Z,usb,1,848316260,47027,12038912,256,6000,33.480
2026-07-18T00:34:01.186Z,usb,1,848316260,47028,12039168,256,6000,33.480
2026-07-18T00:34:01.228Z,usb,1,848316260,47029,12039424,256,6000,33.480
2026-07-18T00:34:01.271Z,usb,1,848316260,47030,12039680,256,6000,33.480
2026-07-18T00:34:01.313Z,usb,1,848316260,47031,12039936,256,6000,33.480
2026-07-18T00:34:01.356Z,usb,1,848316260,47032,12040192,256,6000,33.480
2026-07-18T00:34:01.398Z,usb,1,848316260,47033,12040448,256,6000,33.480
2026-07-18T00:34:01.441Z,usb,1,848316260,47034,12040704,256,6000,33.480
2026-07-18T00:34:01.484Z,usb,1,848316260,47035,12040960,256,6000,33.480
2026-07-18T00:34:01.526Z,usb,1,848316260,47036,12041216,256,6000,33.480
2026-07-18T00:34:01.569Z,usb,1,848316260,47037,12041472,256,6000,33.480
2026-07-18T00:34:01.611Z,usb,1,848316260,47038,12041728,256,6000,33.480
2026-07-18T00:34:01.653Z,usb,1,848316260,47039,12041984,256,6000,33.480
2026-07-18T00:34:01.696Z,usb,1,848316260,47040,12042240,256,6000,33.480
2026-07-18T00:34:01.738Z,usb,1,848316260,47041,12042496,256,6000,33.480
2026-07-18T00:34:01.781Z,usb,1,848316260,47042,12042752,256,6000,33.480
2026-07-18T00:34:01.824Z,usb,1,848316260,47043,12043008,256,6000,33.490
2026-07-18T00:34:01.867Z,usb,1,848316260,47044,12043264,256,6000,33.490
2026-07-18T00:34:01.909Z,usb,1,848316260,47045,12043520,256,6000,33.490
2026-07-18T00:34:01.952Z,usb,1,848316260,47046,12043776,256,6000,33.490
2026-07-18T00:34:01.994Z,usb,1,848316260,47047,12044032,256,6000,33.490
2026-07-18T00:34:02.037Z,usb,1,848316260,47048,12044288,256,6000,33.490
2026-07-18T00:34:02.079Z,usb,1,848316260,47049,12044544,256,6000,33.490
2026-07-18T00:34:02.122Z,usb,1,848316260,47050,12044800,256,6000,33.490
2026-07-18T00:34:02.164Z,usb,1,848316260,47051,12045056,256,6000,33.490
2026-07-18T00:34:02.207Z,usb,1,848316260,47052,12045312,256,6000,33.490
2026-07-18T00:34:02.250Z,usb,1,848316260,47053,12045568,256,6000,33.490
2026-07-18T00:34:02.292Z,usb,1,848316260,47054,12045824,256,6000,33.490
2026-07-18T00:34:02.334Z,usb,1,848316260,47055,12046080,256,6000,33.490
2026-07-18T00:34:02.377Z,usb,1,848316260,47056,12046336,256,6000,33.490
2026-07-18T00:34:02.419Z,usb,1,848316260,47057,12046592,256,6000,33.490
2026-07-18T00:34:02.462Z,usb,1,848316260,47058,12046848,256,6000,33.490
2026-07-18T00:34:02.504Z,usb,1,848316260,47059,12047104,256,6000,33.490
2026-07-18T00:34:02.547Z,usb,1,848316260,47060,12047360,256,6000,33.490
2026-07-18T00:34:02.589Z,usb,1,848316260,47061,12047616,256,6000,33.490
2026-07-18T00:34:02.632Z,usb,1,848316260,47062,12047872,256,6000,33.490
2026-07-18T00:34:02.674Z,usb,1,848316260,47063,12048128,256,6000,33.490
2026-07-18T00:34:02.717Z,usb,1,848316260,47064,12048384,256,6000,33.490
2026-07-18T00:34:02.759Z,usb,1,848316260,47065,12048640,256,6000,33.490
2026-07-18T00:34:02.802Z,usb,1,848316260,47066,12048896,256,6000,33.490
2026-07-18T00:34:02.845Z,usb,1,848316260,47067,12049152,256,6000,33.490
2026-07-18T00:34:02.888Z,usb,1,848316260,47068,12049408,256,6000,33.490
2026-07-18T00:34:02.930Z,usb,1,848316260,47069,12049664,256,6000,33.490
2026-07-18T00:34:02.973Z,usb,1,848316260,47070,12049920,256,6000,33.490
2026-07-18T00:34:03.015Z,usb,1,848316260,47071,12050176,256,6000,33.490
2026-07-18T00:34:03.058Z,usb,1,848316260,47072,12050432,256,6000,33.490
2026-07-18T00:34:03.100Z,usb,1,848316260,47073,12050688,256,6000,33.490
2026-07-18T00:34:03.143Z,usb,1,848316260,47074,12050944,256,6000,33.490
2026-07-18T00:34:03.185Z,usb,1,848316260,47075,12051200,256,6000,33.490
2026-07-18T00:34:03.228Z,usb,1,848316260,47076,12051456,256,6000,33.490
2026-07-18T00:34:03.270Z,usb,1,848316260,47077,12051712,256,6000,33.490
2026-07-18T00:34:03.313Z,usb,1,848316260,47078,12051968,256,6000,33.490
2026-07-18T00:34:03.355Z,usb,1,848316260,47079,12052224,256,6000,33.490
2026-07-18T00:34:03.398Z,usb,1,848316260,47080,12052480,256,6000,33.490
2026-07-18T00:34:03.440Z,usb,1,848316260,47081,12052736,256,6000,33.490
2026-07-18T00:34:03.483Z,usb,1,848316260,47082,12052992,256,6000,33.490
2026-07-18T00:34:03.525Z,usb,1,848316260,47083,12053248,256,6000,33.490
2026-07-18T00:34:03.567Z,usb,1,848316260,47084,12053504,256,6000,33.490
2026-07-18T00:34:03.610Z,usb,1,848316260,47085,12053760,256,6000,33.490
2026-07-18T00:34:03.653Z,usb,1,848316260,47086,12054016,256,6000,33.490
2026-07-18T00:34:03.695Z,usb,1,848316260,47087,12054272,256,6000,33.490
2026-07-18T00:34:03.738Z,usb,1,848316260,47088,12054528,256,6000,33.490
2026-07-18T00:34:03.780Z,usb,1,848316260,47089,12054784,256,6000,33.490
2026-07-18T00:34:03.823Z,usb,1,848316260,47090,12055040,256,6000,33.490
2026-07-18T00:34:03.866Z,usb,1,848316260,47091,12055296,256,6000,33.480
2026-07-18T00:34:03.909Z,usb,1,848316260,47092,12055552,256,6000,33.480
2026-07-18T00:34:03.951Z,usb,1,848316260,47093,12055808,256,6000,33.480
2026-07-18T00:34:03.993Z,usb,1,848316260,47094,12056064,256,6000,33.480
2026-07-18T00:34:04.036Z,usb,1,848316260,47095,12056320,256,6000,33.480
2026-07-18T00:34:04.079Z,usb,1,848316260,47096,12056576,256,6000,33.480
2026-07-18T00:34:04.121Z,usb,1,848316260,47097,12056832,256,6000,33.480
2026-07-18T00:34:04.163Z,usb,1,848316260,47098,12057088,256,6000,33.480
2026-07-18T00:34:04.206Z,usb,1,848316260,47099,12057344,256,6000,33.480
2026-07-18T00:34:04.248Z,usb,1,848316260,47100,12057600,256,6000,33.480
2026-07-18T00:34:04.291Z,usb,1,848316260,47101,12057856,256,6000,33.480
2026-07-18T00:34:04.333Z,usb,1,848316260,47102,12058112,256,6000,33.480
2026-07-18T00:34:04.376Z,usb,1,848316260,47103,12058368,256,6000,33.480
2026-07-18T00:34:04.418Z,usb,1,848316260,47104,12058624,256,6000,33.480
2026-07-18T00:34:04.461Z,usb,1,848316260,47105,12058880,256,6000,33.480
2026-07-18T00:34:04.503Z,usb,1,848316260,47106,12059136,256,6000,33.480
2026-07-18T00:34:04.546Z,usb,1,848316260,47107,12059392,256,6000,33.480
2026-07-18T00:34:04.589Z,usb,1,848316260,47108,12059648,256,6000,33.480
2026-07-18T00:34:04.631Z,usb,1,848316260,47109,12059904,256,6000,33.480
2026-07-18T00:34:04.673Z,usb,1,848316260,47110,12060160,256,6000,33.480
2026-07-18T00:34:04.716Z,usb,1,848316260,47111,12060416,256,6000,33.480
2026-07-18T00:34:04.758Z,usb,1,848316260,47112,12060672,256,6000,33.480
2026-07-18T00:34:04.801Z,usb,1,848316260,47113,12060928,256,6000,33.480
2026-07-18T00:34:04.843Z,usb,1,848316260,47114,12061184,256,6000,33.480
2026-07-18T00:34:04.887Z,usb,1,848316260,47115,12061440,256,6000,33.490
2026-07-18T00:34:04.929Z,usb,1,848316260,47116,12061696,256,6000,33.490
2026-07-18T00:34:04.971Z,usb,1,848316260,47117,12061952,256,6000,33.490
2026-07-18T00:34:05.014Z,usb,1,848316260,47118,12062208,256,6000,33.490
2026-07-18T00:34:05.056Z,usb,1,848316260,47119,12062464,256,6000,33.490
2026-07-18T00:34:05.099Z,usb,1,848316260,47120,12062720,256,6000,33.490
2026-07-18T00:34:05.142Z,usb,1,848316260,47121,12062976,256,6000,33.490
2026-07-18T00:34:05.184Z,usb,1,848316260,47122,12063232,256,6000,33.490
2026-07-18T00:34:05.227Z,usb,1,848316260,47123,12063488,256,6000,33.490
2026-07-18T00:34:05.269Z,usb,1,848316260,47124,12063744,256,6000,33.490
2026-07-18T00:34:05.312Z,usb,1,848316260,47125,12064000,256,6000,33.490
2026-07-18T00:34:05.354Z,usb,1,848316260,47126,12064256,256,6000,33.490
2026-07-18T00:34:05.397Z,usb,1,848316260,47127,12064512,256,6000,33.490
2026-07-18T00:34:05.439Z,usb,1,848316260,47128,12064768,256,6000,33.490
2026-07-18T00:34:05.482Z,usb,1,848316260,47129,12065024,256,6000,33.490
2026-07-18T00:34:05.524Z,usb,1,848316260,47130,12065280,256,6000,33.490
2026-07-18T00:34:05.566Z,usb,1,848316260,47131,12065536,256,6000,33.490
2026-07-18T00:34:05.609Z,usb,1,848316260,47132,12065792,256,6000,33.490
2026-07-18T00:34:05.651Z,usb,1,848316260,47133,12066048,256,6000,33.490
2026-07-18T00:34:05.694Z,usb,1,848316260,47134,12066304,256,6000,33.490
2026-07-18T00:34:05.736Z,usb,1,848316260,47135,12066560,256,6000,33.490
2026-07-18T00:34:05.779Z,usb,1,848316260,47136,12066816,256,6000,33.490
2026-07-18T00:34:05.822Z,usb,1,848316260,47137,12067072,256,6000,33.490
2026-07-18T00:34:05.864Z,usb,1,848316260,47138,12067328,256,6000,33.490
2026-07-18T00:34:05.907Z,usb,1,848316260,47139,12067584,256,6000,33.480
2026-07-18T00:34:05.950Z,usb,1,848316260,47140,12067840,256,6000,33.480
2026-07-18T00:34:05.992Z,usb,1,848316260,47141,12068096,256,6000,33.480
2026-07-18T00:34:06.035Z,usb,1,848316260,47142,12068352,256,6000,33.480
2026-07-18T00:34:06.077Z,usb,1,848316260,47143,12068608,256,6000,33.480
2026-07-18T00:34:06.120Z,usb,1,848316260,47144,12068864,256,6000,33.480
2026-07-18T00:34:06.162Z,usb,1,848316260,47145,12069120,256,6000,33.480
2026-07-18T00:34:06.205Z,usb,1,848316260,47146,12069376,256,6000,33.480
2026-07-18T00:34:06.247Z,usb,1,848316260,47147,12069632,256,6000,33.480
2026-07-18T00:34:06.290Z,usb,1,848316260,47148,12069888,256,6000,33.480
2026-07-18T00:34:06.332Z,usb,1,848316260,47149,12070144,256,6000,33.480
2026-07-18T00:34:06.375Z,usb,1,848316260,47150,12070400,256,6000,33.480
2026-07-18T00:34:06.417Z,usb,1,848316260,47151,12070656,256,6000,33.480
2026-07-18T00:34:06.460Z,usb,1,848316260,47152,12070912,256,6000,33.480
2026-07-18T00:34:06.502Z,usb,1,848316260,47153,12071168,256,6000,33.480
2026-07-18T00:34:06.545Z,usb,1,848316260,47154,12071424,256,6000,33.480
2026-07-18T00:34:06.587Z,usb,1,848316260,47155,12071680,256,6000,33.480
2026-07-18T00:34:06.630Z,usb,1,848316260,47156,12071936,256,6000,33.480
2026-07-18T00:34:06.672Z,usb,1,848316260,47157,12072192,256,6000,33.480
2026-07-18T00:34:06.715Z,usb,1,848316260,47158,12072448,256,6000,33.480
2026-07-18T00:34:06.757Z,usb,1,848316260,47159,12072704,256,6000,33.480
2026-07-18T00:34:06.800Z,usb,1,848316260,47160,12072960,256,6000,33.480
2026-07-18T00:34:06.842Z,usb,1,848316260,47161,12073216,256,6000,33.480
2026-07-18T00:34:06.885Z,usb,1,848316260,47162,12073472,256,6000,33.480
2026-07-18T00:34:06.928Z,usb,1,848316260,47163,12073728,256,6000,33.480
2026-07-18T00:34:06.971Z,usb,1,848316260,47164,12073984,256,6000,33.480
2026-07-18T00:34:07.013Z,usb,1,848316260,47165,12074240,256,6000,33.480
2026-07-18T00:34:07.055Z,usb,1,848316260,47166,12074496,256,6000,33.480
2026-07-18T00:34:07.098Z,usb,1,848316260,47167,12074752,256,6000,33.480
2026-07-18T00:34:07.140Z,usb,1,848316260,47168,12075008,256,6000,33.480
2026-07-18T00:34:07.183Z,usb,1,848316260,47169,12075264,256,6000,33.480
2026-07-18T00:34:07.225Z,usb,1,848316260,47170,12075520,256,6000,33.480
2026-07-18T00:34:07.268Z,usb,1,848316260,47171,12075776,256,6000,33.480
2026-07-18T00:34:07.311Z,usb,1,848316260,47172,12076032,256,6000,33.480
2026-07-18T00:34:07.353Z,usb,1,848316260,47173,12076288,256,6000,33.480
2026-07-18T00:34:07.396Z,usb,1,848316260,47174,12076544,256,6000,33.480
2026-07-18T00:34:07.438Z,usb,1,848316260,47175,12076800,256,6000,33.480
2026-07-18T00:34:07.480Z,usb,1,848316260,47176,12077056,256,6000,33.480
2026-07-18T00:34:07.523Z,usb,1,848316260,47177,12077312,256,6000,33.480
2026-07-18T00:34:07.565Z,usb,1,848316260,47178,12077568,256,6000,33.480
2026-07-18T00:34:07.608Z,usb,1,848316260,47179,12077824,256,6000,33.480
2026-07-18T00:34:07.650Z,usb,1,848316260,47180,12078080,256,6000,33.480
2026-07-18T00:34:07.693Z,usb,1,848316260,47181,12078336,256,6000,33.480
2026-07-18T00:34:07.735Z,usb,1,848316260,47182,12078592,256,6000,33.480
2026-07-18T00:34:07.778Z,usb,1,848316260,47183,12078848,256,6000,33.480
2026-07-18T00:34:07.821Z,usb,1,848316260,47184,12079104,256,6000,33.480
2026-07-18T00:34:07.863Z,usb,1,848316260,47185,12079360,256,6000,33.480
2026-07-18T00:34:07.906Z,usb,1,848316260,47186,12079616,256,6000,33.480
2026-07-18T00:34:07.949Z,usb,1,848316260,47187,12079872,256,6000,33.490
2026-07-18T00:34:07.991Z,usb,1,848316260,47188,12080128,256,6000,33.490
2026-07-18T00:34:08.034Z,usb,1,848316260,47189,12080384,256,6000,33.490
2026-07-18T00:34:08.076Z,usb,1,848316260,47190,12080640,256,6000,33.490
2026-07-18T00:34:08.119Z,usb,1,848316260,47191,12080896,256,6000,33.490
2026-07-18T00:34:08.161Z,usb,1,848316260,47192,12081152,256,6000,33.490
2026-07-18T00:34:08.204Z,usb,1,848316260,47193,12081408,256,6000,33.490
2026-07-18T00:34:08.246Z,usb,1,848316260,47194,12081664,256,6000,33.490
2026-07-18T00:34:08.289Z,usb,1,848316260,47195,12081920,256,6000,33.490
2026-07-18T00:34:08.331Z,usb,1,848316260,47196,12082176,256,6000,33.490
2026-07-18T00:34:08.374Z,usb,1,848316260,47197,12082432,256,6000,33.490
2026-07-18T00:34:08.416Z,usb,1,848316260,47198,12082688,256,6000,33.490
2026-07-18T00:34:08.459Z,usb,1,848316260,47199,12082944,256,6000,33.490
2026-07-18T00:34:08.501Z,usb,1,848316260,47200,12083200,256,6000,33.490
2026-07-18T00:34:08.544Z,usb,1,848316260,47201,12083456,256,6000,33.490
2026-07-18T00:34:08.586Z,usb,1,848316260,47202,12083712,256,6000,33.490
2026-07-18T00:34:08.629Z,usb,1,848316260,47203,12083968,256,6000,33.490
2026-07-18T00:34:08.671Z,usb,1,848316260,47204,12084224,256,6000,33.490
2026-07-18T00:34:08.714Z,usb,1,848316260,47205,12084480,256,6000,33.490
2026-07-18T00:34:08.756Z,usb,1,848316260,47206,12084736,256,6000,33.490
2026-07-18T00:34:08.799Z,usb,1,848316260,47207,12084992,256,6000,33.490
2026-07-18T00:34:08.841Z,usb,1,848316260,47208,12085248,256,6000,33.490
2026-07-18T00:34:08.884Z,usb,1,848316260,47209,12085504,256,6000,33.490
2026-07-18T00:34:08.926Z,usb,1,848316260,47210,12085760,256,6000,33.490
2026-07-18T00:34:08.969Z,usb,1,848316260,47211,12086016,256,6000,33.490
2026-07-18T00:34:09.012Z,usb,1,848316260,47212,12086272,256,6000,33.490
2026-07-18T00:34:09.054Z,usb,1,848316260,47213,12086528,256,6000,33.490
2026-07-18T00:34:09.097Z,usb,1,848316260,47214,12086784,256,6000,33.490
2026-07-18T00:34:09.140Z,usb,1,848316260,47215,12087040,256,6000,33.490
2026-07-18T00:34:09.182Z,usb,1,848316260,47216,12087296,256,6000,33.490
2026-07-18T00:34:09.225Z,usb,1,848316260,47217,12087552,256,6000,33.490
2026-07-18T00:34:09.267Z,usb,1,848316260,47218,12087808,256,6000,33.490
2026-07-18T00:34:09.310Z,usb,1,848316260,47219,12088064,256,6000,33.490
2026-07-18T00:34:09.352Z,usb,1,848316260,47220,12088320,256,6000,33.490
2026-07-18T00:34:09.395Z,usb,1,848316260,47221,12088576,256,6000,33.490
2026-07-18T00:34:09.437Z,usb,1,848316260,47222,12088832,256,6000,33.490
2026-07-18T00:34:09.480Z,usb,1,848316260,47223,12089088,256,6000,33.490
2026-07-18T00:34:09.522Z,usb,1,848316260,47224,12089344,256,6000,33.490
2026-07-18T00:34:09.565Z,usb,1,848316260,47225,12089600,256,6000,33.490
2026-07-18T00:34:09.607Z,usb,1,848316260,47226,12089856,256,6000,33.490
2026-07-18T00:34:09.650Z,usb,1,848316260,47227,12090112,256,6000,33.490
2026-07-18T00:34:09.692Z,usb,1,848316260,47228,12090368,256,6000,33.490
2026-07-18T00:34:09.735Z,usb,1,848316260,47229,12090624,256,6000,33.490
2026-07-18T00:34:09.777Z,usb,1,848316260,47230,12090880,256,6000,33.490
2026-07-18T00:34:09.820Z,usb,1,848316260,47231,12091136,256,6000,33.490
2026-07-18T00:34:09.862Z,usb,1,848316260,47232,12091392,256,6000,33.490
2026-07-18T00:34:09.905Z,usb,1,848316260,47233,12091648,256,6000,33.490
2026-07-18T00:34:09.947Z,usb,1,848316260,47234,12091904,256,6000,33.490
2026-07-18T00:34:09.991Z,usb,1,848316260,47235,12092160,256,6000,33.490
2026-07-18T00:34:10.033Z,usb,1,848316260,47236,12092416,256,6000,33.490
2026-07-18T00:34:10.075Z,usb,1,848316260,47237,12092672,256,6000,33.490
2026-07-18T00:34:10.118Z,usb,1,848316260,47238,12092928,256,6000,33.490
2026-07-18T00:34:10.160Z,usb,1,848316260,47239,12093184,256,6000,33.490
2026-07-18T00:34:10.203Z,usb,1,848316260,47240,12093440,256,6000,33.490
2026-07-18T00:34:10.246Z,usb,1,848316260,47241,12093696,256,6000,33.490
2026-07-18T00:34:10.288Z,usb,1,848316260,47242,12093952,256,6000,33.490
2026-07-18T00:34:10.330Z,usb,1,848316260,47243,12094208,256,6000,33.490
2026-07-18T00:34:10.373Z,usb,1,848316260,47244,12094464,256,6000,33.490
2026-07-18T00:34:10.415Z,usb,1,848316260,47245,12094720,256,6000,33.490
2026-07-18T00:34:10.458Z,usb,1,848316260,47246,12094976,256,6000,33.490
2026-07-18T00:34:10.500Z,usb,1,848316260,47247,12095232,256,6000,33.490
2026-07-18T00:34:10.543Z,usb,1,848316260,47248,12095488,256,6000,33.490
2026-07-18T00:34:10.585Z,usb,1,848316260,47249,12095744,256,6000,33.490
2026-07-18T00:34:10.628Z,usb,1,848316260,47250,12096000,256,6000,33.490
2026-07-18T00:34:10.670Z,usb,1,848316260,47251,12096256,256,6000,33.490
2026-07-18T00:34:10.713Z,usb,1,848316260,47252,12096512,256,6000,33.490
2026-07-18T00:34:10.755Z,usb,1,848316260,47253,12096768,256,6000,33.490
2026-07-18T00:34:10.798Z,usb,1,848316260,47254,12097024,256,6000,33.490
2026-07-18T00:34:10.840Z,usb,1,848316260,47255,12097280,256,6000,33.490
2026-07-18T00:34:10.883Z,usb,1,848316260,47256,12097536,256,6000,33.490
2026-07-18T00:34:10.925Z,usb,1,848316260,47257,12097792,256,6000,33.490
2026-07-18T00:34:10.968Z,usb,1,848316260,47258,12098048,256,6000,33.490
2026-07-18T00:34:11.011Z,usb,1,848316260,47259,12098304,256,6000,33.480
2026-07-18T00:34:11.054Z,usb,1,848316260,47260,12098560,256,6000,33.480
2026-07-18T00:34:11.096Z,usb,1,848316260,47261,12098816,256,6000,33.480
2026-07-18T00:34:11.139Z,usb,1,848316260,47262,12099072,256,6000,33.480
2026-07-18T00:34:11.181Z,usb,1,848316260,47263,12099328,256,6000,33.480
2026-07-18T00:34:11.224Z,usb,1,848316260,47264,12099584,256,6000,33.480
2026-07-18T00:34:11.266Z,usb,1,848316260,47265,12099840,256,6000,33.480
2026-07-18T00:34:11.309Z,usb,1,848316260,47266,12100096,256,6000,33.480
2026-07-18T00:34:11.351Z,usb,1,848316260,47267,12100352,256,6000,33.480
2026-07-18T00:34:11.394Z,usb,1,848316260,47268,12100608,256,6000,33.480
2026-07-18T00:34:11.436Z,usb,1,848316260,47269,12100864,256,6000,33.480
2026-07-18T00:34:11.479Z,usb,1,848316260,47270,12101120,256,6000,33.480
2026-07-18T00:34:11.521Z,usb,1,848316260,47271,12101376,256,6000,33.480
2026-07-18T00:34:11.564Z,usb,1,848316260,47272,12101632,256,6000,33.480
2026-07-18T00:34:11.606Z,usb,1,848316260,47273,12101888,256,6000,33.480
2026-07-18T00:34:11.649Z,usb,1,848316260,47274,12102144,256,6000,33.480
2026-07-18T00:34:11.691Z,usb,1,848316260,47275,12102400,256,6000,33.480
2026-07-18T00:34:11.734Z,usb,1,848316260,47276,12102656,256,6000,33.480
2026-07-18T00:34:11.776Z,usb,1,848316260,47277,12102912,256,6000,33.480
2026-07-18T00:34:11.819Z,usb,1,848316260,47278,12103168,256,6000,33.480
2026-07-18T00:34:11.861Z,usb,1,848316260,47279,12103424,256,6000,33.480
2026-07-18T00:34:11.904Z,usb,1,848316260,47280,12103680,256,6000,33.480
2026-07-18T00:34:11.946Z,usb,1,848316260,47281,12103936,256,6000,33.480
2026-07-18T00:34:11.989Z,usb,1,848316260,47282,12104192,256,6000,33.480
2026-07-18T00:34:12.032Z,usb,1,848316260,47283,12104448,256,6000,33.480
2026-07-18T00:34:12.074Z,usb,1,848316260,47284,12104704,256,6000,33.480
2026-07-18T00:34:12.117Z,usb,1,848316260,47285,12104960,256,6000,33.480
2026-07-18T00:34:12.159Z,usb,1,848316260,47286,12105216,256,6000,33.480
2026-07-18T00:34:12.202Z,usb,1,848316260,47287,12105472,256,6000,33.480
2026-07-18T00:34:12.244Z,usb,1,848316260,47288,12105728,256,6000,33.480
2026-07-18T00:34:12.287Z,usb,1,848316260,47289,12105984,256,6000,33.480
2026-07-18T00:34:12.329Z,usb,1,848316260,47290,12106240,256,6000,33.480
2026-07-18T00:34:12.372Z,usb,1,848316260,47291,12106496,256,6000,33.480
2026-07-18T00:34:12.414Z,usb,1,848316260,47292,12106752,256,6000,33.480
2026-07-18T00:34:12.457Z,usb,1,848316260,47293,12107008,256,6000,33.480
2026-07-18T00:34:12.499Z,usb,1,848316260,47294,12107264,256,6000,33.480
2026-07-18T00:34:12.542Z,usb,1,848316260,47295,12107520,256,6000,33.480
2026-07-18T00:34:12.584Z,usb,1,848316260,47296,12107776,256,6000,33.480
2026-07-18T00:34:12.627Z,usb,1,848316260,47297,12108032,256,6000,33.480
2026-07-18T00:34:12.669Z,usb,1,848316260,47298,12108288,256,6000,33.480
2026-07-18T00:34:12.712Z,usb,1,848316260,47299,12108544,256,6000,33.480
2026-07-18T00:34:12.754Z,usb,1,848316260,47300,12108800,256,6000,33.480
2026-07-18T00:34:12.797Z,usb,1,848316260,47301,12109056,256,6000,33.480
2026-07-18T00:34:12.839Z,usb,1,848316260,47302,12109312,256,6000,33.480
2026-07-18T00:34:12.882Z,usb,1,848316260,47303,12109568,256,6000,33.480
2026-07-18T00:34:12.924Z,usb,1,848316260,47304,12109824,256,6000,33.480
2026-07-18T00:34:12.967Z,usb,1,848316260,47305,12110080,256,6000,33.480
2026-07-18T00:34:13.009Z,usb,1,848316260,47306,12110336,256,6000,33.480
2026-07-18T00:34:13.053Z,usb,1,848316260,47307,12110592,256,6000,33.480
2026-07-18T00:34:13.095Z,usb,1,848316260,47308,12110848,256,6000,33.480
2026-07-18T00:34:13.138Z,usb,1,848316260,47309,12111104,256,6000,33.480
2026-07-18T00:34:13.180Z,usb,1,848316260,47310,12111360,256,6000,33.480
2026-07-18T00:34:13.222Z,usb,1,848316260,47311,12111616,256,6000,33.480
2026-07-18T00:34:13.265Z,usb,1,848316260,47312,12111872,256,6000,33.480
2026-07-18T00:34:13.308Z,usb,1,848316260,47313,12112128,256,6000,33.480
2026-07-18T00:34:13.350Z,usb,1,848316260,47314,12112384,256,6000,33.480
2026-07-18T00:34:13.393Z,usb,1,848316260,47315,12112640,256,6000,33.480
2026-07-18T00:34:13.435Z,usb,1,848316260,47316,12112896,256,6000,33.480
2026-07-18T00:34:13.478Z,usb,1,848316260,47317,12113152,256,6000,33.480
2026-07-18T00:34:13.520Z,usb,1,848316260,47318,12113408,256,6000,33.480
2026-07-18T00:34:13.563Z,usb,1,848316260,47319,12113664,256,6000,33.480
2026-07-18T00:34:13.605Z,usb,1,848316260,47320,12113920,256,6000,33.480
2026-07-18T00:34:13.648Z,usb,1,848316260,47321,12114176,256,6000,33.480
2026-07-18T00:34:13.690Z,usb,1,848316260,47322,12114432,256,6000,33.480
2026-07-18T00:34:13.733Z,usb,1,848316260,47323,12114688,256,6000,33.480
2026-07-18T00:34:13.775Z,usb,1,848316260,47324,12114944,256,6000,33.480
2026-07-18T00:34:13.818Z,usb,1,848316260,47325,12115200,256,6000,33.480
2026-07-18T00:34:13.860Z,usb,1,848316260,47326,12115456,256,6000,33.480
2026-07-18T00:34:13.903Z,usb,1,848316260,47327,12115712,256,6000,33.480
2026-07-18T00:34:13.945Z,usb,1,848316260,47328,12115968,256,6000,33.480
2026-07-18T00:34:13.988Z,usb,1,848316260,47329,12116224,256,6000,33.480
2026-07-18T00:34:14.030Z,usb,1,848316260,47330,12116480,256,6000,33.480
2026-07-18T00:34:14.073Z,usb,1,848316260,47331,12116736,256,6000,33.480
2026-07-18T00:34:14.116Z,usb,1,848316260,47332,12116992,256,6000,33.480
2026-07-18T00:34:14.159Z,usb,1,848316260,47333,12117248,256,6000,33.480
2026-07-18T00:34:14.202Z,usb,1,848316260,47334,12117504,256,6000,33.480
2026-07-18T00:34:14.243Z,usb,1,848316260,47335,12117760,256,6000,33.480
2026-07-18T00:34:14.286Z,usb,1,848316260,47336,12118016,256,6000,33.480
2026-07-18T00:34:14.328Z,usb,1,848316260,47337,12118272,256,6000,33.480
2026-07-18T00:34:14.371Z,usb,1,848316260,47338,12118528,256,6000,33.480
2026-07-18T00:34:14.413Z,usb,1,848316260,47339,12118784,256,6000,33.480
2026-07-18T00:34:14.456Z,usb,1,848316260,47340,12119040,256,6000,33.480
2026-07-18T00:34:14.498Z,usb,1,848316260,47341,12119296,256,6000,33.480
2026-07-18T00:34:14.541Z,usb,1,848316260,47342,12119552,256,6000,33.480
2026-07-18T00:34:14.583Z,usb,1,848316260,47343,12119808,256,6000,33.480
2026-07-18T00:34:14.626Z,usb,1,848316260,47344,12120064,256,6000,33.480
2026-07-18T00:34:14.668Z,usb,1,848316260,47345,12120320,256,6000,33.480
2026-07-18T00:34:14.711Z,usb,1,848316260,47346,12120576,256,6000,33.480
2026-07-18T00:34:14.753Z,usb,1,848316260,47347,12120832,256,6000,33.480
2026-07-18T00:34:14.796Z,usb,1,848316260,47348,12121088,256,6000,33.480
2026-07-18T00:34:14.838Z,usb,1,848316260,47349,12121344,256,6000,33.480
2026-07-18T00:34:14.881Z,usb,1,848316260,47350,12121600,256,6000,33.480
2026-07-18T00:34:14.923Z,usb,1,848316260,47351,12121856,256,6000,33.480
2026-07-18T00:34:14.966Z,usb,1,848316260,47352,12122112,256,6000,33.480
2026-07-18T00:34:15.008Z,usb,1,848316260,47353,12122368,256,6000,33.480
2026-07-18T00:34:15.051Z,usb,1,848316260,47354,12122624,256,6000,33.480
2026-07-18T00:34:15.094Z,usb,1,848316260,47355,12122880,256,6000,33.490
2026-07-18T00:34:15.136Z,usb,1,848316260,47356,12123136,256,6000,33.490
2026-07-18T00:34:15.179Z,usb,1,848316260,47357,12123392,256,6000,33.490
2026-07-18T00:34:15.222Z,usb,1,848316260,47358,12123648,256,6000,33.490
2026-07-18T00:34:15.264Z,usb,1,848316260,47359,12123904,256,6000,33.490
2026-07-18T00:34:15.307Z,usb,1,848316260,47360,12124160,256,6000,33.490
2026-07-18T00:34:15.349Z,usb,1,848316260,47361,12124416,256,6000,33.490
2026-07-18T00:34:15.392Z,usb,1,848316260,47362,12124672,256,6000,33.490
2026-07-18T00:34:15.434Z,usb,1,848316260,47363,12124928,256,6000,33.490
2026-07-18T00:34:15.477Z,usb,1,848316260,47364,12125184,256,6000,33.490
2026-07-18T00:34:15.519Z,usb,1,848316260,47365,12125440,256,6000,33.490
2026-07-18T00:34:15.562Z,usb,1,848316260,47366,12125696,256,6000,33.490
2026-07-18T00:34:15.604Z,usb,1,848316260,47367,12125952,256,6000,33.490
2026-07-18T00:34:15.647Z,usb,1,848316260,47368,12126208,256,6000,33.490
2026-07-18T00:34:15.689Z,usb,1,848316260,47369,12126464,256,6000,33.490
2026-07-18T00:34:15.732Z,usb,1,848316260,47370,12126720,256,6000,33.490
2026-07-18T00:34:15.774Z,usb,1,848316260,47371,12126976,256,6000,33.490
2026-07-18T00:34:15.817Z,usb,1,848316260,47372,12127232,256,6000,33.490
2026-07-18T00:34:15.859Z,usb,1,848316260,47373,12127488,256,6000,33.490
2026-07-18T00:34:15.902Z,usb,1,848316260,47374,12127744,256,6000,33.490
2026-07-18T00:34:15.944Z,usb,1,848316260,47375,12128000,256,6000,33.490
2026-07-18T00:34:15.987Z,usb,1,848316260,47376,12128256,256,6000,33.490
2026-07-18T00:34:16.029Z,usb,1,848316260,47377,12128512,256,6000,33.490
2026-07-18T00:34:16.072Z,usb,1,848316260,47378,12128768,256,6000,33.490
2026-07-18T00:34:16.115Z,usb,1,848316260,47379,12129024,256,6000,33.490
2026-07-18T00:34:16.158Z,usb,1,848316260,47380,12129280,256,6000,33.490
2026-07-18T00:34:16.200Z,usb,1,848316260,47381,12129536,256,6000,33.490
2026-07-18T00:34:16.243Z,usb,1,848316260,47382,12129792,256,6000,33.490
2026-07-18T00:34:16.285Z,usb,1,848316260,47383,12130048,256,6000,33.490
2026-07-18T00:34:16.327Z,usb,1,848316260,47384,12130304,256,6000,33.490
2026-07-18T00:34:16.370Z,usb,1,848316260,47385,12130560,256,6000,33.490
2026-07-18T00:34:16.412Z,usb,1,848316260,47386,12130816,256,6000,33.490
2026-07-18T00:34:16.455Z,usb,1,848316260,47387,12131072,256,6000,33.490
2026-07-18T00:34:16.497Z,usb,1,848316260,47388,12131328,256,6000,33.490
2026-07-18T00:34:16.540Z,usb,1,848316260,47389,12131584,256,6000,33.490
2026-07-18T00:34:16.582Z,usb,1,848316260,47390,12131840,256,6000,33.490
2026-07-18T00:34:16.625Z,usb,1,848316260,47391,12132096,256,6000,33.490
2026-07-18T00:34:16.667Z,usb,1,848316260,47392,12132352,256,6000,33.490
2026-07-18T00:34:16.710Z,usb,1,848316260,47393,12132608,256,6000,33.490
2026-07-18T00:34:16.752Z,usb,1,848316260,47394,12132864,256,6000,33.490
2026-07-18T00:34:16.795Z,usb,1,848316260,47395,12133120,256,6000,33.490
2026-07-18T00:34:16.837Z,usb,1,848316260,47396,12133376,256,6000,33.490
2026-07-18T00:34:16.880Z,usb,1,848316260,47397,12133632,256,6000,33.490
2026-07-18T00:34:16.922Z,usb,1,848316260,47398,12133888,256,6000,33.490
2026-07-18T00:34:16.965Z,usb,1,848316260,47399,12134144,256,6000,33.490
2026-07-18T00:34:17.007Z,usb,1,848316260,47400,12134400,256,6000,33.490
2026-07-18T00:34:17.050Z,usb,1,848316260,47401,12134656,256,6000,33.490
2026-07-18T00:34:17.092Z,usb,1,848316260,47402,12134912,256,6000,33.490
2026-07-18T00:34:17.135Z,usb,1,848316260,47403,12135168,256,6000,33.490
2026-07-18T00:34:17.178Z,usb,1,848316260,47404,12135424,256,6000,33.490
2026-07-18T00:34:17.220Z,usb,1,848316260,47405,12135680,256,6000,33.490
2026-07-18T00:34:17.263Z,usb,1,848316260,47406,12135936,256,6000,33.490
2026-07-18T00:34:17.306Z,usb,1,848316260,47407,12136192,256,6000,33.490
2026-07-18T00:34:17.348Z,usb,1,848316260,47408,12136448,256,6000,33.490
2026-07-18T00:34:17.391Z,usb,1,848316260,47409,12136704,256,6000,33.490
2026-07-18T00:34:17.433Z,usb,1,848316260,47410,12136960,256,6000,33.490
2026-07-18T00:34:17.476Z,usb,1,848316260,47411,12137216,256,6000,33.490
2026-07-18T00:34:17.518Z,usb,1,848316260,47412,12137472,256,6000,33.490
2026-07-18T00:34:17.560Z,usb,1,848316260,47413,12137728,256,6000,33.490
2026-07-18T00:34:17.603Z,usb,1,848316260,47414,12137984,256,6000,33.490
2026-07-18T00:34:17.645Z,usb,1,848316260,47415,12138240,256,6000,33.490
2026-07-18T00:34:17.688Z,usb,1,848316260,47416,12138496,256,6000,33.490
2026-07-18T00:34:17.730Z,usb,1,848316260,47417,12138752,256,6000,33.490
2026-07-18T00:34:17.773Z,usb,1,848316260,47418,12139008,256,6000,33.490
2026-07-18T00:34:17.816Z,usb,1,848316260,47419,12139264,256,6000,33.490
2026-07-18T00:34:17.858Z,usb,1,848316260,47420,12139520,256,6000,33.490
2026-07-18T00:34:17.901Z,usb,1,848316260,47421,12139776,256,6000,33.490
2026-07-18T00:34:17.943Z,usb,1,848316260,47422,12140032,256,6000,33.490
2026-07-18T00:34:17.986Z,usb,1,848316260,47423,12140288,256,6000,33.490
2026-07-18T00:34:18.028Z,usb,1,848316260,47424,12140544,256,6000,33.490
2026-07-18T00:34:18.070Z,usb,1,848316260,47425,12140800,256,6000,33.490
2026-07-18T00:34:18.113Z,usb,1,848316260,47426,12141056,256,6000,33.490
2026-07-18T00:34:18.156Z,usb,1,848316260,47427,12141312,256,6000,33.490
2026-07-18T00:34:18.199Z,usb,1,848316260,47428,12141568,256,6000,33.490
2026-07-18T00:34:18.241Z,usb,1,848316260,47429,12141824,256,6000,33.490
2026-07-18T00:34:18.284Z,usb,1,848316260,47430,12142080,256,6000,33.490
2026-07-18T00:34:18.326Z,usb,1,848316260,47431,12142336,256,6000,33.490
2026-07-18T00:34:18.369Z,usb,1,848316260,47432,12142592,256,6000,33.490
2026-07-18T00:34:18.411Z,usb,1,848316260,47433,12142848,256,6000,33.490
2026-07-18T00:34:18.454Z,usb,1,848316260,47434,12143104,256,6000,33.490
2026-07-18T00:34:18.496Z,usb,1,848316260,47435,12143360,256,6000,33.490
2026-07-18T00:34:18.539Z,usb,1,848316260,47436,12143616,256,6000,33.490
2026-07-18T00:34:18.581Z,usb,1,848316260,47437,12143872,256,6000,33.490
2026-07-18T00:34:18.624Z,usb,1,848316260,47438,12144128,256,6000,33.490
2026-07-18T00:34:18.666Z,usb,1,848316260,47439,12144384,256,6000,33.490
2026-07-18T00:34:18.709Z,usb,1,848316260,47440,12144640,256,6000,33.490
2026-07-18T00:34:18.751Z,usb,1,848316260,47441,12144896,256,6000,33.490
2026-07-18T00:34:18.794Z,usb,1,848316260,47442,12145152,256,6000,33.490
2026-07-18T00:34:18.836Z,usb,1,848316260,47443,12145408,256,6000,33.490
2026-07-18T00:34:18.879Z,usb,1,848316260,47444,12145664,256,6000,33.490
2026-07-18T00:34:18.921Z,usb,1,848316260,47445,12145920,256,6000,33.490
2026-07-18T00:34:18.964Z,usb,1,848316260,47446,12146176,256,6000,33.490
2026-07-18T00:34:19.006Z,usb,1,848316260,47447,12146432,256,6000,33.490
2026-07-18T00:34:19.049Z,usb,1,848316260,47448,12146688,256,6000,33.490
2026-07-18T00:34:19.091Z,usb,1,848316260,47449,12146944,256,6000,33.490
2026-07-18T00:34:19.134Z,usb,1,848316260,47450,12147200,256,6000,33.490
2026-07-18T00:34:19.177Z,usb,1,848316260,47451,12147456,256,6000,33.490
2026-07-18T00:34:19.220Z,usb,1,848316260,47452,12147712,256,6000,33.490
2026-07-18T00:34:19.262Z,usb,1,848316260,47453,12147968,256,6000,33.490
2026-07-18T00:34:19.305Z,usb,1,848316260,47454,12148224,256,6000,33.490
2026-07-18T00:34:19.347Z,usb,1,848316260,47455,12148480,256,6000,33.490
2026-07-18T00:34:19.389Z,usb,1,848316260,47456,12148736,256,6000,33.490
2026-07-18T00:34:19.432Z,usb,1,848316260,47457,12148992,256,6000,33.490
2026-07-18T00:34:19.474Z,usb,1,848316260,47458,12149248,256,6000,33.490
2026-07-18T00:34:19.517Z,usb,1,848316260,47459,12149504,256,6000,33.490
2026-07-18T00:34:19.560Z,usb,1,848316260,47460,12149760,256,6000,33.490
2026-07-18T00:34:19.602Z,usb,1,848316260,47461,12150016,256,6000,33.490
2026-07-18T00:34:19.645Z,usb,1,848316260,47462,12150272,256,6000,33.490
2026-07-18T00:34:19.687Z,usb,1,848316260,47463,12150528,256,6000,33.490
2026-07-18T00:34:19.729Z,usb,1,848316260,47464,12150784,256,6000,33.490
2026-07-18T00:34:19.772Z,usb,1,848316260,47465,12151040,256,6000,33.490
2026-07-18T00:34:19.815Z,usb,1,848316260,47466,12151296,256,6000,33.490
2026-07-18T00:34:19.857Z,usb,1,848316260,47467,12151552,256,6000,33.490
2026-07-18T00:34:19.899Z,usb,1,848316260,47468,12151808,256,6000,33.490
2026-07-18T00:34:19.942Z,usb,1,848316260,47469,12152064,256,6000,33.490
2026-07-18T00:34:19.985Z,usb,1,848316260,47470,12152320,256,6000,33.490
2026-07-18T00:34:20.027Z,usb,1,848316260,47471,12152576,256,6000,33.490
2026-07-18T00:34:20.070Z,usb,1,848316260,47472,12152832,256,6000,33.490
2026-07-18T00:34:20.112Z,usb,1,848316260,47473,12153088,256,6000,33.490
2026-07-18T00:34:20.155Z,usb,1,848316260,47474,12153344,256,6000,33.490
2026-07-18T00:34:20.198Z,usb,1,848316260,47475,12153600,256,6000,33.480
2026-07-18T00:34:20.240Z,usb,1,848316260,47476,12153856,256,6000,33.480
2026-07-18T00:34:20.283Z,usb,1,848316260,47477,12154112,256,6000,33.480
2026-07-18T00:34:20.325Z,usb,1,848316260,47478,12154368,256,6000,33.480
2026-07-18T00:34:20.368Z,usb,1,848316260,47479,12154624,256,6000,33.480
2026-07-18T00:34:20.410Z,usb,1,848316260,47480,12154880,256,6000,33.480
2026-07-18T00:34:20.453Z,usb,1,848316260,47481,12155136,256,6000,33.480
2026-07-18T00:34:20.495Z,usb,1,848316260,47482,12155392,256,6000,33.480
2026-07-18T00:34:20.538Z,usb,1,848316260,47483,12155648,256,6000,33.480
2026-07-18T00:34:20.580Z,usb,1,848316260,47484,12155904,256,6000,33.480
2026-07-18T00:34:20.623Z,usb,1,848316260,47485,12156160,256,6000,33.480
2026-07-18T00:34:20.665Z,usb,1,848316260,47486,12156416,256,6000,33.480
2026-07-18T00:34:20.708Z,usb,1,848316260,47487,12156672,256,6000,33.480
2026-07-18T00:34:20.750Z,usb,1,848316260,47488,12156928,256,6000,33.480
2026-07-18T00:34:20.793Z,usb,1,848316260,47489,12157184,256,6000,33.480
2026-07-18T00:34:20.835Z,usb,1,848316260,47490,12157440,256,6000,33.480
2026-07-18T00:34:20.878Z,usb,1,848316260,47491,12157696,256,6000,33.480
2026-07-18T00:34:20.920Z,usb,1,848316260,47492,12157952,256,6000,33.480
2026-07-18T00:34:20.963Z,usb,1,848316260,47493,12158208,256,6000,33.480
2026-07-18T00:34:21.005Z,usb,1,848316260,47494,12158464,256,6000,33.480
2026-07-18T00:34:21.048Z,usb,1,848316260,47495,12158720,256,6000,33.480
2026-07-18T00:34:21.090Z,usb,1,848316260,47496,12158976,256,6000,33.480
2026-07-18T00:34:21.133Z,usb,1,848316260,47497,12159232,256,6000,33.480
2026-07-18T00:34:21.175Z,usb,1,848316260,47498,12159488,256,6000,33.480
2026-07-18T00:34:21.218Z,usb,1,848316260,47499,12159744,256,6000,33.480
2026-07-18T00:34:21.261Z,usb,1,848316260,47500,12160000,256,6000,33.480
2026-07-18T00:34:21.304Z,usb,1,848316260,47501,12160256,256,6000,33.480
2026-07-18T00:34:21.346Z,usb,1,848316260,47502,12160512,256,6000,33.480
2026-07-18T00:34:21.389Z,usb,1,848316260,47503,12160768,256,6000,33.480
2026-07-18T00:34:21.431Z,usb,1,848316260,47504,12161024,256,6000,33.480
2026-07-18T00:34:21.474Z,usb,1,848316260,47505,12161280,256,6000,33.480
2026-07-18T00:34:21.516Z,usb,1,848316260,47506,12161536,256,6000,33.480
2026-07-18T00:34:21.559Z,usb,1,848316260,47507,12161792,256,6000,33.480
2026-07-18T00:34:21.601Z,usb,1,848316260,47508,12162048,256,6000,33.480
2026-07-18T00:34:21.644Z,usb,1,848316260,47509,12162304,256,6000,33.480
2026-07-18T00:34:21.686Z,usb,1,848316260,47510,12162560,256,6000,33.480
2026-07-18T00:34:21.729Z,usb,1,848316260,47511,12162816,256,6000,33.480
2026-07-18T00:34:21.771Z,usb,1,848316260,47512,12163072,256,6000,33.480
2026-07-18T00:34:21.814Z,usb,1,848316260,47513,12163328,256,6000,33.480
2026-07-18T00:34:21.856Z,usb,1,848316260,47514,12163584,256,6000,33.480
2026-07-18T00:34:21.899Z,usb,1,848316260,47515,12163840,256,6000,33.480
2026-07-18T00:34:21.941Z,usb,1,848316260,47516,12164096,256,6000,33.480
2026-07-18T00:34:21.984Z,usb,1,848316260,47517,12164352,256,6000,33.480
2026-07-18T00:34:22.026Z,usb,1,848316260,47518,12164608,256,6000,33.480
2026-07-18T00:34:22.069Z,usb,1,848316260,47519,12164864,256,6000,33.480
2026-07-18T00:34:22.111Z,usb,1,848316260,47520,12165120,256,6000,33.480
2026-07-18T00:34:22.154Z,usb,1,848316260,47521,12165376,256,6000,33.480
2026-07-18T00:34:22.196Z,usb,1,848316260,47522,12165632,256,6000,33.480
2026-07-18T00:34:22.239Z,usb,1,848316260,47523,12165888,256,6000,33.480
2026-07-18T00:34:22.282Z,usb,1,848316260,47524,12166144,256,6000,33.480
2026-07-18T00:34:22.324Z,usb,1,848316260,47525,12166400,256,6000,33.480
2026-07-18T00:34:22.367Z,usb,1,848316260,47526,12166656,256,6000,33.480
2026-07-18T00:34:22.409Z,usb,1,848316260,47527,12166912,256,6000,33.480
2026-07-18T00:34:22.452Z,usb,1,848316260,47528,12167168,256,6000,33.480
2026-07-18T00:34:22.494Z,usb,1,848316260,47529,12167424,256,6000,33.480
2026-07-18T00:34:22.537Z,usb,1,848316260,47530,12167680,256,6000,33.480
2026-07-18T00:34:22.579Z,usb,1,848316260,47531,12167936,256,6000,33.480
2026-07-18T00:34:22.622Z,usb,1,848316260,47532,12168192,256,6000,33.480
2026-07-18T00:34:22.664Z,usb,1,848316260,47533,12168448,256,6000,33.480
2026-07-18T00:34:22.707Z,usb,1,848316260,47534,12168704,256,6000,33.480
2026-07-18T00:34:22.749Z,usb,1,848316260,47535,12168960,256,6000,33.480
2026-07-18T00:34:22.792Z,usb,1,848316260,47536,12169216,256,6000,33.480
2026-07-18T00:34:22.834Z,usb,1,848316260,47537,12169472,256,6000,33.480
2026-07-18T00:34:22.877Z,usb,1,848316260,47538,12169728,256,6000,33.480
2026-07-18T00:34:22.919Z,usb,1,848316260,47539,12169984,256,6000,33.480
2026-07-18T00:34:22.962Z,usb,1,848316260,47540,12170240,256,6000,33.480
2026-07-18T00:34:23.004Z,usb,1,848316260,47541,12170496,256,6000,33.480
2026-07-18T00:34:23.047Z,usb,1,848316260,47542,12170752,256,6000,33.480
2026-07-18T00:34:23.089Z,usb,1,848316260,47543,12171008,256,6000,33.480
2026-07-18T00:34:23.132Z,usb,1,848316260,47544,12171264,256,6000,33.480
2026-07-18T00:34:23.174Z,usb,1,848316260,47545,12171520,256,6000,33.480
2026-07-18T00:34:23.217Z,usb,1,848316260,47546,12171776,256,6000,33.480
2026-07-18T00:34:23.260Z,usb,1,848316260,47547,12172032,256,6000,33.490
2026-07-18T00:34:23.303Z,usb,1,848316260,47548,12172288,256,6000,33.490
2026-07-18T00:34:23.345Z,usb,1,848316260,47549,12172544,256,6000,33.490
2026-07-18T00:34:23.388Z,usb,1,848316260,47550,12172800,256,6000,33.490
2026-07-18T00:34:23.430Z,usb,1,848316260,47551,12173056,256,6000,33.490
2026-07-18T00:34:23.473Z,usb,1,848316260,47552,12173312,256,6000,33.490
2026-07-18T00:34:23.515Z,usb,1,848316260,47553,12173568,256,6000,33.490
2026-07-18T00:34:23.558Z,usb,1,848316260,47554,12173824,256,6000,33.490
2026-07-18T00:34:23.600Z,usb,1,848316260,47555,12174080,256,6000,33.490
2026-07-18T00:34:23.643Z,usb,1,848316260,47556,12174336,256,6000,33.490
2026-07-18T00:34:23.685Z,usb,1,848316260,47557,12174592,256,6000,33.490
2026-07-18T00:34:23.728Z,usb,1,848316260,47558,12174848,256,6000,33.490
2026-07-18T00:34:23.770Z,usb,1,848316260,47559,12175104,256,6000,33.490
2026-07-18T00:34:23.813Z,usb,1,848316260,47560,12175360,256,6000,33.490
2026-07-18T00:34:23.855Z,usb,1,848316260,47561,12175616,256,6000,33.490
2026-07-18T00:34:23.898Z,usb,1,848316260,47562,12175872,256,6000,33.490
2026-07-18T00:34:23.940Z,usb,1,848316260,47563,12176128,256,6000,33.490
2026-07-18T00:34:23.983Z,usb,1,848316260,47564,12176384,256,6000,33.490
2026-07-18T00:34:24.025Z,usb,1,848316260,47565,12176640,256,6000,33.490
2026-07-18T00:34:24.068Z,usb,1,848316260,47566,12176896,256,6000,33.490
2026-07-18T00:34:24.110Z,usb,1,848316260,47567,12177152,256,6000,33.490
2026-07-18T00:34:24.153Z,usb,1,848316260,47568,12177408,256,6000,33.490
2026-07-18T00:34:24.195Z,usb,1,848316260,47569,12177664,256,6000,33.490
2026-07-18T00:34:24.238Z,usb,1,848316260,47570,12177920,256,6000,33.490
2026-07-18T00:34:24.281Z,usb,1,848316260,47571,12178176,256,6000,33.490
2026-07-18T00:34:24.323Z,usb,1,848316260,47572,12178432,256,6000,33.490
2026-07-18T00:34:24.366Z,usb,1,848316260,47573,12178688,256,6000,33.490
2026-07-18T00:34:24.408Z,usb,1,848316260,47574,12178944,256,6000,33.490
2026-07-18T00:34:24.451Z,usb,1,848316260,47575,12179200,256,6000,33.490
2026-07-18T00:34:24.493Z,usb,1,848316260,47576,12179456,256,6000,33.490
2026-07-18T00:34:24.536Z,usb,1,848316260,47577,12179712,256,6000,33.490
2026-07-18T00:34:24.578Z,usb,1,848316260,47578,12179968,256,6000,33.490
2026-07-18T00:34:24.621Z,usb,1,848316260,47579,12180224,256,6000,33.490
2026-07-18T00:34:24.663Z,usb,1,848316260,47580,12180480,256,6000,33.490
2026-07-18T00:34:24.706Z,usb,1,848316260,47581,12180736,256,6000,33.490
2026-07-18T00:34:24.748Z,usb,1,848316260,47582,12180992,256,6000,33.490
2026-07-18T00:34:24.791Z,usb,1,848316260,47583,12181248,256,6000,33.490
2026-07-18T00:34:24.833Z,usb,1,848316260,47584,12181504,256,6000,33.490
2026-07-18T00:34:24.876Z,usb,1,848316260,47585,12181760,256,6000,33.490
2026-07-18T00:34:24.918Z,usb,1,848316260,47586,12182016,256,6000,33.490
2026-07-18T00:34:24.961Z,usb,1,848316260,47587,12182272,256,6000,33.490
2026-07-18T00:34:25.003Z,usb,1,848316260,47588,12182528,256,6000,33.490
2026-07-18T00:34:25.046Z,usb,1,848316260,47589,12182784,256,6000,33.490
2026-07-18T00:34:25.088Z,usb,1,848316260,47590,12183040,256,6000,33.490
2026-07-18T00:34:25.131Z,usb,1,848316260,47591,12183296,256,6000,33.490
2026-07-18T00:34:25.173Z,usb,1,848316260,47592,12183552,256,6000,33.490
2026-07-18T00:34:25.216Z,usb,1,848316260,47593,12183808,256,6000,33.490
2026-07-18T00:34:25.258Z,usb,1,848316260,47594,12184064,256,6000,33.490
2026-07-18T00:34:25.301Z,usb,1,848316260,47595,12184320,256,6000,33.490
2026-07-18T00:34:25.344Z,usb,1,848316260,47596,12184576,256,6000,33.490
2026-07-18T00:34:25.387Z,usb,1,848316260,47597,12184832,256,6000,33.490
2026-07-18T00:34:25.429Z,usb,1,848316260,47598,12185088,256,6000,33.490
2026-07-18T00:34:25.472Z,usb,1,848316260,47599,12185344,256,6000,33.490
2026-07-18T00:34:25.514Z,usb,1,848316260,47600,12185600,256,6000,33.490
2026-07-18T00:34:25.557Z,usb,1,848316260,47601,12185856,256,6000,33.490
2026-07-18T00:34:25.599Z,usb,1,848316260,47602,12186112,256,6000,33.490
2026-07-18T00:34:25.642Z,usb,1,848316260,47603,12186368,256,6000,33.490
2026-07-18T00:34:25.684Z,usb,1,848316260,47604,12186624,256,6000,33.490
2026-07-18T00:34:25.727Z,usb,1,848316260,47605,12186880,256,6000,33.490
2026-07-18T00:34:25.769Z,usb,1,848316260,47606,12187136,256,6000,33.490
2026-07-18T00:34:25.812Z,usb,1,848316260,47607,12187392,256,6000,33.490
2026-07-18T00:34:25.854Z,usb,1,848316260,47608,12187648,256,6000,33.490
2026-07-18T00:34:25.897Z,usb,1,848316260,47609,12187904,256,6000,33.490
2026-07-18T00:34:25.939Z,usb,1,848316260,47610,12188160,256,6000,33.490
2026-07-18T00:34:25.982Z,usb,1,848316260,47611,12188416,256,6000,33.490
2026-07-18T00:34:26.024Z,usb,1,848316260,47612,12188672,256,6000,33.490
2026-07-18T00:34:26.067Z,usb,1,848316260,47613,12188928,256,6000,33.490
2026-07-18T00:34:26.109Z,usb,1,848316260,47614,12189184,256,6000,33.490
2026-07-18T00:34:26.152Z,usb,1,848316260,47615,12189440,256,6000,33.490
2026-07-18T00:34:26.194Z,usb,1,848316260,47616,12189696,256,6000,33.490
2026-07-18T00:34:26.237Z,usb,1,848316260,47617,12189952,256,6000,33.490
2026-07-18T00:34:26.279Z,usb,1,848316260,47618,12190208,256,6000,33.490
2026-07-18T00:34:26.322Z,usb,1,848316260,47619,12190464,256,6000,33.480
2026-07-18T00:34:26.365Z,usb,1,848316260,47620,12190720,256,6000,33.480
2026-07-18T00:34:26.407Z,usb,1,848316260,47621,12190976,256,6000,33.480
2026-07-18T00:34:26.450Z,usb,1,848316260,47622,12191232,256,6000,33.480
2026-07-18T00:34:26.492Z,usb,1,848316260,47623,12191488,256,6000,33.480
2026-07-18T00:34:26.535Z,usb,1,848316260,47624,12191744,256,6000,33.480
2026-07-18T00:34:26.577Z,usb,1,848316260,47625,12192000,256,6000,33.480
2026-07-18T00:34:26.620Z,usb,1,848316260,47626,12192256,256,6000,33.480
2026-07-18T00:34:26.662Z,usb,1,848316260,47627,12192512,256,6000,33.480
2026-07-18T00:34:26.705Z,usb,1,848316260,47628,12192768,256,6000,33.480
2026-07-18T00:34:26.747Z,usb,1,848316260,47629,12193024,256,6000,33.480
2026-07-18T00:34:26.790Z,usb,1,848316260,47630,12193280,256,6000,33.480
2026-07-18T00:34:26.832Z,usb,1,848316260,47631,12193536,256,6000,33.480
2026-07-18T00:34:26.875Z,usb,1,848316260,47632,12193792,256,6000,33.480
2026-07-18T00:34:26.917Z,usb,1,848316260,47633,12194048,256,6000,33.480
2026-07-18T00:34:26.960Z,usb,1,848316260,47634,12194304,256,6000,33.480
2026-07-18T00:34:27.002Z,usb,1,848316260,47635,12194560,256,6000,33.480
2026-07-18T00:34:27.045Z,usb,1,848316260,47636,12194816,256,6000,33.480
2026-07-18T00:34:27.087Z,usb,1,848316260,47637,12195072,256,6000,33.480
2026-07-18T00:34:27.130Z,usb,1,848316260,47638,12195328,256,6000,33.480
2026-07-18T00:34:27.172Z,usb,1,848316260,47639,12195584,256,6000,33.480
2026-07-18T00:34:27.215Z,usb,1,848316260,47640,12195840,256,6000,33.480
2026-07-18T00:34:27.257Z,usb,1,848316260,47641,12196096,256,6000,33.480
2026-07-18T00:34:27.300Z,usb,1,848316260,47642,12196352,256,6000,33.480
2026-07-18T00:34:27.343Z,usb,1,848316260,47643,12196608,256,6000,33.490
2026-07-18T00:34:27.385Z,usb,1,848316260,47644,12196864,256,6000,33.490
2026-07-18T00:34:27.428Z,usb,1,848316260,47645,12197120,256,6000,33.490
2026-07-18T00:34:27.471Z,usb,1,848316260,47646,12197376,256,6000,33.490
2026-07-18T00:34:27.513Z,usb,1,848316260,47647,12197632,256,6000,33.490
2026-07-18T00:34:27.556Z,usb,1,848316260,47648,12197888,256,6000,33.490
2026-07-18T00:34:27.598Z,usb,1,848316260,47649,12198144,256,6000,33.490
2026-07-18T00:34:27.640Z,usb,1,848316260,47650,12198400,256,6000,33.490
2026-07-18T00:34:27.683Z,usb,1,848316260,47651,12198656,256,6000,33.490
2026-07-18T00:34:27.725Z,usb,1,848316260,47652,12198912,256,6000,33.490
2026-07-18T00:34:27.768Z,usb,1,848316260,47653,12199168,256,6000,33.490
2026-07-18T00:34:27.811Z,usb,1,848316260,47654,12199424,256,6000,33.490
2026-07-18T00:34:27.853Z,usb,1,848316260,47655,12199680,256,6000,33.490
2026-07-18T00:34:27.896Z,usb,1,848316260,47656,12199936,256,6000,33.490
2026-07-18T00:34:27.938Z,usb,1,848316260,47657,12200192,256,6000,33.490
2026-07-18T00:34:27.981Z,usb,1,848316260,47658,12200448,256,6000,33.490
2026-07-18T00:34:28.023Z,usb,1,848316260,47659,12200704,256,6000,33.490
2026-07-18T00:34:28.066Z,usb,1,848316260,47660,12200960,256,6000,33.490
2026-07-18T00:34:28.108Z,usb,1,848316260,47661,12201216,256,6000,33.490
2026-07-18T00:34:28.151Z,usb,1,848316260,47662,12201472,256,6000,33.490
2026-07-18T00:34:28.193Z,usb,1,848316260,47663,12201728,256,6000,33.490
2026-07-18T00:34:28.236Z,usb,1,848316260,47664,12201984,256,6000,33.490
2026-07-18T00:34:28.278Z,usb,1,848316260,47665,12202240,256,6000,33.490
2026-07-18T00:34:28.321Z,usb,1,848316260,47666,12202496,256,6000,33.490
2026-07-18T00:34:28.364Z,usb,1,848316260,47667,12202752,256,6000,33.480
2026-07-18T00:34:28.406Z,usb,1,848316260,47668,12203008,256,6000,33.480
2026-07-18T00:34:28.449Z,usb,1,848316260,47669,12203264,256,6000,33.480
2026-07-18T00:34:28.491Z,usb,1,848316260,47670,12203520,256,6000,33.480
2026-07-18T00:34:28.534Z,usb,1,848316260,47671,12203776,256,6000,33.480
2026-07-18T00:34:28.576Z,usb,1,848316260,47672,12204032,256,6000,33.480
2026-07-18T00:34:28.619Z,usb,1,848316260,47673,12204288,256,6000,33.480
2026-07-18T00:34:28.661Z,usb,1,848316260,47674,12204544,256,6000,33.480
2026-07-18T00:34:28.704Z,usb,1,848316260,47675,12204800,256,6000,33.480
2026-07-18T00:34:28.746Z,usb,1,848316260,47676,12205056,256,6000,33.480
2026-07-18T00:34:28.789Z,usb,1,848316260,47677,12205312,256,6000,33.480
2026-07-18T00:34:28.831Z,usb,1,848316260,47678,12205568,256,6000,33.480
2026-07-18T00:34:28.874Z,usb,1,848316260,47679,12205824,256,6000,33.480
2026-07-18T00:34:28.916Z,usb,1,848316260,47680,12206080,256,6000,33.480
2026-07-18T00:34:28.959Z,usb,1,848316260,47681,12206336,256,6000,33.480
2026-07-18T00:34:29.001Z,usb,1,848316260,47682,12206592,256,6000,33.480
2026-07-18T00:34:29.044Z,usb,1,848316260,47683,12206848,256,6000,33.480
2026-07-18T00:34:29.086Z,usb,1,848316260,47684,12207104,256,6000,33.480
2026-07-18T00:34:29.129Z,usb,1,848316260,47685,12207360,256,6000,33.480
2026-07-18T00:34:29.171Z,usb,1,848316260,47686,12207616,256,6000,33.480
2026-07-18T00:34:29.214Z,usb,1,848316260,47687,12207872,256,6000,33.480
2026-07-18T00:34:29.256Z,usb,1,848316260,47688,12208128,256,6000,33.480
2026-07-18T00:34:29.299Z,usb,1,848316260,47689,12208384,256,6000,33.480
2026-07-18T00:34:29.341Z,usb,1,848316260,47690,12208640,256,6000,33.480
2026-07-18T00:34:29.384Z,usb,1,848316260,47691,12208896,256,6000,33.490
2026-07-18T00:34:29.427Z,usb,1,848316260,47692,12209152,256,6000,33.490
2026-07-18T00:34:29.470Z,usb,1,848316260,47693,12209408,256,6000,33.490
2026-07-18T00:34:29.512Z,usb,1,848316260,47694,12209664,256,6000,33.490
2026-07-18T00:34:29.555Z,usb,1,848316260,47695,12209920,256,6000,33.490
2026-07-18T00:34:29.597Z,usb,1,848316260,47696,12210176,256,6000,33.490
2026-07-18T00:34:29.640Z,usb,1,848316260,47697,12210432,256,6000,33.490
2026-07-18T00:34:29.682Z,usb,1,848316260,47698,12210688,256,6000,33.490
2026-07-18T00:34:29.725Z,usb,1,848316260,47699,12210944,256,6000,33.490
2026-07-18T00:34:29.767Z,usb,1,848316260,47700,12211200,256,6000,33.490
2026-07-18T00:34:29.810Z,usb,1,848316260,47701,12211456,256,6000,33.490
2026-07-18T00:34:29.852Z,usb,1,848316260,47702,12211712,256,6000,33.490
2026-07-18T00:34:29.895Z,usb,1,848316260,47703,12211968,256,6000,33.490
2026-07-18T00:34:29.937Z,usb,1,848316260,47704,12212224,256,6000,33.490
2026-07-18T00:34:29.980Z,usb,1,848316260,47705,12212480,256,6000,33.490
2026-07-18T00:34:30.022Z,usb,1,848316260,47706,12212736,256,6000,33.490
2026-07-18T00:34:30.065Z,usb,1,848316260,47707,12212992,256,6000,33.490
2026-07-18T00:34:30.107Z,usb,1,848316260,47708,12213248,256,6000,33.490
2026-07-18T00:34:30.150Z,usb,1,848316260,47709,12213504,256,6000,33.490
2026-07-18T00:34:30.192Z,usb,1,848316260,47710,12213760,256,6000,33.490
2026-07-18T00:34:30.235Z,usb,1,848316260,47711,12214016,256,6000,33.490
2026-07-18T00:34:30.277Z,usb,1,848316260,47712,12214272,256,6000,33.490
2026-07-18T00:34:30.320Z,usb,1,848316260,47713,12214528,256,6000,33.490
2026-07-18T00:34:30.362Z,usb,1,848316260,47714,12214784,256,6000,33.490
2026-07-18T00:34:30.405Z,usb,1,848316260,47715,12215040,256,6000,33.480
2026-07-18T00:34:30.448Z,usb,1,848316260,47716,12215296,256,6000,33.480
2026-07-18T00:34:30.490Z,usb,1,848316260,47717,12215552,256,6000,33.480
2026-07-18T00:34:30.533Z,usb,1,848316260,47718,12215808,256,6000,33.480
2026-07-18T00:34:30.575Z,usb,1,848316260,47719,12216064,256,6000,33.480
2026-07-18T00:34:30.618Z,usb,1,848316260,47720,12216320,256,6000,33.480
2026-07-18T00:34:30.660Z,usb,1,848316260,47721,12216576,256,6000,33.480
2026-07-18T00:34:30.703Z,usb,1,848316260,47722,12216832,256,6000,33.480
2026-07-18T00:34:30.745Z,usb,1,848316260,47723,12217088,256,6000,33.480
2026-07-18T00:34:30.788Z,usb,1,848316260,47724,12217344,256,6000,33.480
2026-07-18T00:34:30.830Z,usb,1,848316260,47725,12217600,256,6000,33.480
2026-07-18T00:34:30.873Z,usb,1,848316260,47726,12217856,256,6000,33.480
2026-07-18T00:34:30.915Z,usb,1,848316260,47727,12218112,256,6000,33.480
2026-07-18T00:34:30.958Z,usb,1,848316260,47728,12218368,256,6000,33.480
2026-07-18T00:34:31.000Z,usb,1,848316260,47729,12218624,256,6000,33.480
2026-07-18T00:34:31.043Z,usb,1,848316260,47730,12218880,256,6000,33.480
2026-07-18T00:34:31.085Z,usb,1,848316260,47731,12219136,256,6000,33.480
2026-07-18T00:34:31.128Z,usb,1,848316260,47732,12219392,256,6000,33.480
2026-07-18T00:34:31.170Z,usb,1,848316260,47733,12219648,256,6000,33.480
2026-07-18T00:34:31.213Z,usb,1,848316260,47734,12219904,256,6000,33.480
2026-07-18T00:34:31.255Z,usb,1,848316260,47735,12220160,256,6000,33.480
2026-07-18T00:34:31.298Z,usb,1,848316260,47736,12220416,256,6000,33.480
2026-07-18T00:34:31.340Z,usb,1,848316260,47737,12220672,256,6000,33.480
2026-07-18T00:34:31.383Z,usb,1,848316260,47738,12220928,256,6000,33.480
2026-07-18T00:34:31.426Z,usb,1,848316260,47739,12221184,256,6000,33.480
2026-07-18T00:34:31.469Z,usb,1,848316260,47740,12221440,256,6000,33.480
2026-07-18T00:34:31.511Z,usb,1,848316260,47741,12221696,256,6000,33.480
2026-07-18T00:34:31.554Z,usb,1,848316260,47742,12221952,256,6000,33.480
2026-07-18T00:34:31.596Z,usb,1,848316260,47743,12222208,256,6000,33.480
2026-07-18T00:34:31.639Z,usb,1,848316260,47744,12222464,256,6000,33.480
2026-07-18T00:34:31.681Z,usb,1,848316260,47745,12222720,256,6000,33.480
2026-07-18T00:34:31.724Z,usb,1,848316260,47746,12222976,256,6000,33.480
2026-07-18T00:34:31.766Z,usb,1,848316260,47747,12223232,256,6000,33.480
2026-07-18T00:34:31.809Z,usb,1,848316260,47748,12223488,256,6000,33.480
2026-07-18T00:34:31.851Z,usb,1,848316260,47749,12223744,256,6000,33.480
2026-07-18T00:34:31.894Z,usb,1,848316260,47750,12224000,256,6000,33.480
2026-07-18T00:34:31.936Z,usb,1,848316260,47751,12224256,256,6000,33.480
2026-07-18T00:34:31.978Z,usb,1,848316260,47752,12224512,256,6000,33.480
2026-07-18T00:34:32.021Z,usb,1,848316260,47753,12224768,256,6000,33.480
2026-07-18T00:34:32.063Z,usb,1,848316260,47754,12225024,256,6000,33.480
2026-07-18T00:34:32.106Z,usb,1,848316260,47755,12225280,256,6000,33.480
2026-07-18T00:34:32.148Z,usb,1,848316260,47756,12225536,256,6000,33.480
2026-07-18T00:34:32.191Z,usb,1,848316260,47757,12225792,256,6000,33.480
2026-07-18T00:34:32.233Z,usb,1,848316260,47758,12226048,256,6000,33.480
2026-07-18T00:34:32.276Z,usb,1,848316260,47759,12226304,256,6000,33.480
2026-07-18T00:34:32.319Z,usb,1,848316260,47760,12226560,256,6000,33.480
2026-07-18T00:34:32.361Z,usb,1,848316260,47761,12226816,256,6000,33.480
2026-07-18T00:34:32.404Z,usb,1,848316260,47762,12227072,256,6000,33.480
2026-07-18T00:34:32.447Z,usb,1,848316260,47763,12227328,256,6000,33.480
2026-07-18T00:34:32.489Z,usb,1,848316260,47764,12227584,256,6000,33.480
2026-07-18T00:34:32.532Z,usb,1,848316260,47765,12227840,256,6000,33.480
2026-07-18T00:34:32.575Z,usb,1,848316260,47766,12228096,256,6000,33.480
2026-07-18T00:34:32.617Z,usb,1,848316260,47767,12228352,256,6000,33.480
2026-07-18T00:34:32.659Z,usb,1,848316260,47768,12228608,256,6000,33.480
2026-07-18T00:34:32.702Z,usb,1,848316260,47769,12228864,256,6000,33.480
2026-07-18T00:34:32.744Z,usb,1,848316260,47770,12229120,256,6000,33.480
2026-07-18T00:34:32.787Z,usb,1,848316260,47771,12229376,256,6000,33.480
2026-07-18T00:34:32.829Z,usb,1,848316260,47772,12229632,256,6000,33.480
2026-07-18T00:34:32.872Z,usb,1,848316260,47773,12229888,256,6000,33.480
2026-07-18T00:34:32.914Z,usb,1,848316260,47774,12230144,256,6000,33.480
2026-07-18T00:34:32.957Z,usb,1,848316260,47775,12230400,256,6000,33.480
2026-07-18T00:34:32.999Z,usb,1,848316260,47776,12230656,256,6000,33.480
2026-07-18T00:34:33.042Z,usb,1,848316260,47777,12230912,256,6000,33.480
2026-07-18T00:34:33.084Z,usb,1,848316260,47778,12231168,256,6000,33.480
2026-07-18T00:34:33.127Z,usb,1,848316260,47779,12231424,256,6000,33.480
2026-07-18T00:34:33.169Z,usb,1,848316260,47780,12231680,256,6000,33.480
2026-07-18T00:34:33.212Z,usb,1,848316260,47781,12231936,256,6000,33.480
2026-07-18T00:34:33.254Z,usb,1,848316260,47782,12232192,256,6000,33.480
2026-07-18T00:34:33.297Z,usb,1,848316260,47783,12232448,256,6000,33.480
2026-07-18T00:34:33.339Z,usb,1,848316260,47784,12232704,256,6000,33.480
2026-07-18T00:34:33.382Z,usb,1,848316260,47785,12232960,256,6000,33.480
2026-07-18T00:34:33.424Z,usb,1,848316260,47786,12233216,256,6000,33.480
2026-07-18T00:34:33.467Z,usb,1,848316260,47787,12233472,256,6000,33.480
2026-07-18T00:34:33.510Z,usb,1,848316260,47788,12233728,256,6000,33.480
2026-07-18T00:34:33.552Z,usb,1,848316260,47789,12233984,256,6000,33.480
2026-07-18T00:34:33.596Z,usb,1,848316260,47790,12234240,256,6000,33.480
2026-07-18T00:34:33.637Z,usb,1,848316260,47791,12234496,256,6000,33.480
2026-07-18T00:34:33.680Z,usb,1,848316260,47792,12234752,256,6000,33.480
2026-07-18T00:34:33.722Z,usb,1,848316260,47793,12235008,256,6000,33.480
2026-07-18T00:34:33.765Z,usb,1,848316260,47794,12235264,256,6000,33.480
2026-07-18T00:34:33.807Z,usb,1,848316260,47795,12235520,256,6000,33.480
2026-07-18T00:34:33.850Z,usb,1,848316260,47796,12235776,256,6000,33.480
2026-07-18T00:34:33.893Z,usb,1,848316260,47797,12236032,256,6000,33.480
2026-07-18T00:34:33.935Z,usb,1,848316260,47798,12236288,256,6000,33.480
2026-07-18T00:34:33.977Z,usb,1,848316260,47799,12236544,256,6000,33.480
2026-07-18T00:34:34.020Z,usb,1,848316260,47800,12236800,256,6000,33.480
2026-07-18T00:34:34.062Z,usb,1,848316260,47801,12237056,256,6000,33.480
2026-07-18T00:34:34.106Z,usb,1,848316260,47802,12237312,256,6000,33.480
2026-07-18T00:34:34.147Z,usb,1,848316260,47803,12237568,256,6000,33.480
2026-07-18T00:34:34.190Z,usb,1,848316260,47804,12237824,256,6000,33.480
2026-07-18T00:34:34.232Z,usb,1,848316260,47805,12238080,256,6000,33.480
2026-07-18T00:34:34.275Z,usb,1,848316260,47806,12238336,256,6000,33.480
2026-07-18T00:34:34.317Z,usb,1,848316260,47807,12238592,256,6000,33.480
2026-07-18T00:34:34.360Z,usb,1,848316260,47808,12238848,256,6000,33.480
2026-07-18T00:34:34.402Z,usb,1,848316260,47809,12239104,256,6000,33.480
2026-07-18T00:34:34.445Z,usb,1,848316260,47810,12239360,256,6000,33.480
2026-07-18T00:34:34.488Z,usb,1,848316260,47811,12239616,256,6000,33.480
2026-07-18T00:34:34.531Z,usb,1,848316260,47812,12239872,256,6000,33.480
2026-07-18T00:34:34.573Z,usb,1,848316260,47813,12240128,256,6000,33.480
2026-07-18T00:34:34.616Z,usb,1,848316260,47814,12240384,256,6000,33.480
2026-07-18T00:34:34.658Z,usb,1,848316260,47815,12240640,256,6000,33.480
2026-07-18T00:34:34.701Z,usb,1,848316260,47816,12240896,256,6000,33.480
2026-07-18T00:34:34.743Z,usb,1,848316260,47817,12241152,256,6000,33.480
2026-07-18T00:34:34.786Z,usb,1,848316260,47818,12241408,256,6000,33.480
2026-07-18T00:34:34.828Z,usb,1,848316260,47819,12241664,256,6000,33.480
2026-07-18T00:34:34.871Z,usb,1,848316260,47820,12241920,256,6000,33.480
2026-07-18T00:34:34.913Z,usb,1,848316260,47821,12242176,256,6000,33.480
2026-07-18T00:34:34.956Z,usb,1,848316260,47822,12242432,256,6000,33.480
2026-07-18T00:34:34.998Z,usb,1,848316260,47823,12242688,256,6000,33.480
2026-07-18T00:34:35.041Z,usb,1,848316260,47824,12242944,256,6000,33.480
2026-07-18T00:34:35.083Z,usb,1,848316260,47825,12243200,256,6000,33.480
2026-07-18T00:34:35.126Z,usb,1,848316260,47826,12243456,256,6000,33.480
2026-07-18T00:34:35.168Z,usb,1,848316260,47827,12243712,256,6000,33.480
2026-07-18T00:34:35.211Z,usb,1,848316260,47828,12243968,256,6000,33.480
2026-07-18T00:34:35.253Z,usb,1,848316260,47829,12244224,256,6000,33.480
2026-07-18T00:34:35.296Z,usb,1,848316260,47830,12244480,256,6000,33.480
2026-07-18T00:34:35.338Z,usb,1,848316260,47831,12244736,256,6000,33.480
2026-07-18T00:34:35.381Z,usb,1,848316260,47832,12244992,256,6000,33.480
2026-07-18T00:34:35.423Z,usb,1,848316260,47833,12245248,256,6000,33.480
2026-07-18T00:34:35.466Z,usb,1,848316260,47834,12245504,256,6000,33.480
2026-07-18T00:34:35.509Z,usb,1,848316260,47835,12245760,256,6000,33.480
2026-07-18T00:34:35.551Z,usb,1,848316260,47836,12246016,256,6000,33.480
2026-07-18T00:34:35.594Z,usb,1,848316260,47837,12246272,256,6000,33.480
2026-07-18T00:34:35.636Z,usb,1,848316260,47838,12246528,256,6000,33.480
2026-07-18T00:34:35.679Z,usb,1,848316260,47839,12246784,256,6000,33.480
2026-07-18T00:34:35.721Z,usb,1,848316260,47840,12247040,256,6000,33.480
2026-07-18T00:34:35.764Z,usb,1,848316260,47841,12247296,256,6000,33.480
2026-07-18T00:34:35.806Z,usb,1,848316260,47842,12247552,256,6000,33.480
2026-07-18T00:34:35.849Z,usb,1,848316260,47843,12247808,256,6000,33.480
2026-07-18T00:34:35.891Z,usb,1,848316260,47844,12248064,256,6000,33.480
2026-07-18T00:34:35.934Z,usb,1,848316260,47845,12248320,256,6000,33.480
2026-07-18T00:34:35.977Z,usb,1,848316260,47846,12248576,256,6000,33.480
2026-07-18T00:34:36.019Z,usb,1,848316260,47847,12248832,256,6000,33.480
2026-07-18T00:34:36.061Z,usb,1,848316260,47848,12249088,256,6000,33.480
2026-07-18T00:34:36.104Z,usb,1,848316260,47849,12249344,256,6000,33.480
2026-07-18T00:34:36.147Z,usb,1,848316260,47850,12249600,256,6000,33.480
2026-07-18T00:34:36.189Z,usb,1,848316260,47851,12249856,256,6000,33.480
2026-07-18T00:34:36.231Z,usb,1,848316260,47852,12250112,256,6000,33.480
2026-07-18T00:34:36.274Z,usb,1,848316260,47853,12250368,256,6000,33.480
2026-07-18T00:34:36.316Z,usb,1,848316260,47854,12250624,256,6000,33.480
2026-07-18T00:34:36.359Z,usb,1,848316260,47855,12250880,256,6000,33.480
2026-07-18T00:34:36.402Z,usb,1,848316260,47856,12251136,256,6000,33.480
2026-07-18T00:34:36.444Z,usb,1,848316260,47857,12251392,256,6000,33.480
2026-07-18T00:34:36.487Z,usb,1,848316260,47858,12251648,256,6000,33.480
2026-07-18T00:34:36.530Z,usb,1,848316260,47859,12251904,256,6000,33.490
2026-07-18T00:34:36.572Z,usb,1,848316260,47860,12252160,256,6000,33.490
2026-07-18T00:34:36.615Z,usb,1,848316260,47861,12252416,256,6000,33.490
2026-07-18T00:34:36.657Z,usb,1,848316260,47862,12252672,256,6000,33.490
2026-07-18T00:34:36.700Z,usb,1,848316260,47863,12252928,256,6000,33.490
2026-07-18T00:34:36.742Z,usb,1,848316260,47864,12253184,256,6000,33.490
2026-07-18T00:34:36.785Z,usb,1,848316260,47865,12253440,256,6000,33.490
2026-07-18T00:34:36.827Z,usb,1,848316260,47866,12253696,256,6000,33.490
2026-07-18T00:34:36.870Z,usb,1,848316260,47867,12253952,256,6000,33.490
2026-07-18T00:34:36.913Z,usb,1,848316260,47868,12254208,256,6000,33.490
2026-07-18T00:34:36.955Z,usb,1,848316260,47869,12254464,256,6000,33.490
2026-07-18T00:34:36.997Z,usb,1,848316260,47870,12254720,256,6000,33.490
2026-07-18T00:34:37.040Z,usb,1,848316260,47871,12254976,256,6000,33.490
2026-07-18T00:34:37.082Z,usb,1,848316260,47872,12255232,256,6000,33.490
2026-07-18T00:34:37.125Z,usb,1,848316260,47873,12255488,256,6000,33.490
2026-07-18T00:34:37.167Z,usb,1,848316260,47874,12255744,256,6000,33.490
2026-07-18T00:34:37.210Z,usb,1,848316260,47875,12256000,256,6000,33.490
2026-07-18T00:34:37.252Z,usb,1,848316260,47876,12256256,256,6000,33.490
2026-07-18T00:34:37.295Z,usb,1,848316260,47877,12256512,256,6000,33.490
2026-07-18T00:34:37.337Z,usb,1,848316260,47878,12256768,256,6000,33.490
2026-07-18T00:34:37.380Z,usb,1,848316260,47879,12257024,256,6000,33.490
2026-07-18T00:34:37.422Z,usb,1,848316260,47880,12257280,256,6000,33.490
2026-07-18T00:34:37.465Z,usb,1,848316260,47881,12257536,256,6000,33.490
2026-07-18T00:34:37.507Z,usb,1,848316260,47882,12257792,256,6000,33.490
2026-07-18T00:34:37.550Z,usb,1,848316260,47883,12258048,256,6000,33.490
2026-07-18T00:34:37.593Z,usb,1,848316260,47884,12258304,256,6000,33.490
2026-07-18T00:34:37.636Z,usb,1,848316260,47885,12258560,256,6000,33.490
2026-07-18T00:34:37.678Z,usb,1,848316260,47886,12258816,256,6000,33.490
2026-07-18T00:34:37.720Z,usb,1,848316260,47887,12259072,256,6000,33.490
2026-07-18T00:34:37.763Z,usb,1,848316260,47888,12259328,256,6000,33.490
2026-07-18T00:34:37.805Z,usb,1,848316260,47889,12259584,256,6000,33.490
2026-07-18T00:34:37.848Z,usb,1,848316260,47890,12259840,256,6000,33.490
2026-07-18T00:34:37.890Z,usb,1,848316260,47891,12260096,256,6000,33.490
2026-07-18T00:34:37.933Z,usb,1,848316260,47892,12260352,256,6000,33.490
2026-07-18T00:34:37.975Z,usb,1,848316260,47893,12260608,256,6000,33.490
2026-07-18T00:34:38.018Z,usb,1,848316260,47894,12260864,256,6000,33.490
2026-07-18T00:34:38.061Z,usb,1,848316260,47895,12261120,256,6000,33.490
2026-07-18T00:34:38.103Z,usb,1,848316260,47896,12261376,256,6000,33.490
2026-07-18T00:34:38.145Z,usb,1,848316260,47897,12261632,256,6000,33.490
2026-07-18T00:34:38.188Z,usb,1,848316260,47898,12261888,256,6000,33.490
2026-07-18T00:34:38.230Z,usb,1,848316260,47899,12262144,256,6000,33.490
2026-07-18T00:34:38.273Z,usb,1,848316260,47900,12262400,256,6000,33.490
2026-07-18T00:34:38.316Z,usb,1,848316260,47901,12262656,256,6000,33.490
2026-07-18T00:34:38.358Z,usb,1,848316260,47902,12262912,256,6000,33.490
2026-07-18T00:34:38.400Z,usb,1,848316260,47903,12263168,256,6000,33.490
2026-07-18T00:34:38.443Z,usb,1,848316260,47904,12263424,256,6000,33.490
2026-07-18T00:34:38.485Z,usb,1,848316260,47905,12263680,256,6000,33.490
2026-07-18T00:34:38.528Z,usb,1,848316260,47906,12263936,256,6000,33.490
2026-07-18T00:34:38.571Z,usb,1,848316260,47907,12264192,256,6000,33.490
2026-07-18T00:34:38.614Z,usb,1,848316260,47908,12264448,256,6000,33.490
2026-07-18T00:34:38.656Z,usb,1,848316260,47909,12264704,256,6000,33.490
2026-07-18T00:34:38.699Z,usb,1,848316260,47910,12264960,256,6000,33.490
2026-07-18T00:34:38.741Z,usb,1,848316260,47911,12265216,256,6000,33.490
2026-07-18T00:34:38.784Z,usb,1,848316260,47912,12265472,256,6000,33.490
2026-07-18T00:34:38.826Z,usb,1,848316260,47913,12265728,256,6000,33.490
2026-07-18T00:34:38.869Z,usb,1,848316260,47914,12265984,256,6000,33.490
2026-07-18T00:34:38.911Z,usb,1,848316260,47915,12266240,256,6000,33.490
2026-07-18T00:34:38.954Z,usb,1,848316260,47916,12266496,256,6000,33.490
2026-07-18T00:34:38.996Z,usb,1,848316260,47917,12266752,256,6000,33.490
2026-07-18T00:34:39.039Z,usb,1,848316260,47918,12267008,256,6000,33.490
2026-07-18T00:34:39.081Z,usb,1,848316260,47919,12267264,256,6000,33.490
2026-07-18T00:34:39.124Z,usb,1,848316260,47920,12267520,256,6000,33.490
2026-07-18T00:34:39.166Z,usb,1,848316260,47921,12267776,256,6000,33.490
2026-07-18T00:34:39.209Z,usb,1,848316260,47922,12268032,256,6000,33.490
2026-07-18T00:34:39.251Z,usb,1,848316260,47923,12268288,256,6000,33.490
2026-07-18T00:34:39.294Z,usb,1,848316260,47924,12268544,256,6000,33.490
2026-07-18T00:34:39.336Z,usb,1,848316260,47925,12268800,256,6000,33.490
2026-07-18T00:34:39.379Z,usb,1,848316260,47926,12269056,256,6000,33.490
2026-07-18T00:34:39.421Z,usb,1,848316260,47927,12269312,256,6000,33.490
2026-07-18T00:34:39.464Z,usb,1,848316260,47928,12269568,256,6000,33.490
2026-07-18T00:34:39.506Z,usb,1,848316260,47929,12269824,256,6000,33.490
2026-07-18T00:34:39.549Z,usb,1,848316260,47930,12270080,256,6000,33.490
2026-07-18T00:34:39.592Z,usb,1,848316260,47931,12270336,256,6000,33.490
2026-07-18T00:34:39.635Z,usb,1,848316260,47932,12270592,256,6000,33.490
2026-07-18T00:34:39.677Z,usb,1,848316260,47933,12270848,256,6000,33.490
2026-07-18T00:34:39.720Z,usb,1,848316260,47934,12271104,256,6000,33.490
2026-07-18T00:34:39.762Z,usb,1,848316260,47935,12271360,256,6000,33.490
2026-07-18T00:34:39.805Z,usb,1,848316260,47936,12271616,256,6000,33.490
2026-07-18T00:34:39.847Z,usb,1,848316260,47937,12271872,256,6000,33.490
2026-07-18T00:34:39.890Z,usb,1,848316260,47938,12272128,256,6000,33.490
2026-07-18T00:34:39.932Z,usb,1,848316260,47939,12272384,256,6000,33.490
2026-07-18T00:34:39.975Z,usb,1,848316260,47940,12272640,256,6000,33.490
2026-07-18T00:34:40.017Z,usb,1,848316260,47941,12272896,256,6000,33.490
2026-07-18T00:34:40.060Z,usb,1,848316260,47942,12273152,256,6000,33.490
2026-07-18T00:34:40.102Z,usb,1,848316260,47943,12273408,256,6000,33.490
2026-07-18T00:34:40.145Z,usb,1,848316260,47944,12273664,256,6000,33.490
2026-07-18T00:34:40.187Z,usb,1,848316260,47945,12273920,256,6000,33.490
2026-07-18T00:34:40.230Z,usb,1,848316260,47946,12274176,256,6000,33.490
2026-07-18T00:34:40.272Z,usb,1,848316260,47947,12274432,256,6000,33.490
2026-07-18T00:34:40.314Z,usb,1,848316260,47948,12274688,256,6000,33.490
2026-07-18T00:34:40.357Z,usb,1,848316260,47949,12274944,256,6000,33.490
2026-07-18T00:34:40.399Z,usb,1,848316260,47950,12275200,256,6000,33.490
2026-07-18T00:34:40.442Z,usb,1,848316260,47951,12275456,256,6000,33.490
2026-07-18T00:34:40.484Z,usb,1,848316260,47952,12275712,256,6000,33.490
2026-07-18T00:34:40.527Z,usb,1,848316260,47953,12275968,256,6000,33.490
2026-07-18T00:34:40.569Z,usb,1,848316260,47954,12276224,256,6000,33.490
2026-07-18T00:34:40.613Z,usb,1,848316260,47955,12276480,256,6000,33.490
2026-07-18T00:34:40.655Z,usb,1,848316260,47956,12276736,256,6000,33.490
2026-07-18T00:34:40.698Z,usb,1,848316260,47957,12276992,256,6000,33.490
2026-07-18T00:34:40.740Z,usb,1,848316260,47958,12277248,256,6000,33.490
2026-07-18T00:34:40.783Z,usb,1,848316260,47959,12277504,256,6000,33.490
2026-07-18T00:34:40.825Z,usb,1,848316260,47960,12277760,256,6000,33.490
2026-07-18T00:34:40.868Z,usb,1,848316260,47961,12278016,256,6000,33.490
2026-07-18T00:34:40.910Z,usb,1,848316260,47962,12278272,256,6000,33.490
2026-07-18T00:34:40.953Z,usb,1,848316260,47963,12278528,256,6000,33.490
2026-07-18T00:34:40.995Z,usb,1,848316260,47964,12278784,256,6000,33.490
2026-07-18T00:34:41.038Z,usb,1,848316260,47965,12279040,256,6000,33.490
2026-07-18T00:34:41.080Z,usb,1,848316260,47966,12279296,256,6000,33.490
2026-07-18T00:34:41.123Z,usb,1,848316260,47967,12279552,256,6000,33.490
2026-07-18T00:34:41.165Z,usb,1,848316260,47968,12279808,256,6000,33.490
2026-07-18T00:34:41.208Z,usb,1,848316260,47969,12280064,256,6000,33.490
2026-07-18T00:34:41.250Z,usb,1,848316260,47970,12280320,256,6000,33.490
2026-07-18T00:34:41.293Z,usb,1,848316260,47971,12280576,256,6000,33.490
2026-07-18T00:34:41.335Z,usb,1,848316260,47972,12280832,256,6000,33.490
2026-07-18T00:34:41.378Z,usb,1,848316260,47973,12281088,256,6000,33.490
2026-07-18T00:34:41.420Z,usb,1,848316260,47974,12281344,256,6000,33.490
2026-07-18T00:34:41.463Z,usb,1,848316260,47975,12281600,256,6000,33.490
2026-07-18T00:34:41.505Z,usb,1,848316260,47976,12281856,256,6000,33.490
2026-07-18T00:34:41.548Z,usb,1,848316260,47977,12282112,256,6000,33.490
2026-07-18T00:34:41.590Z,usb,1,848316260,47978,12282368,256,6000,33.490
2026-07-18T00:34:41.633Z,usb,1,848316260,47979,12282624,256,6000,33.490
2026-07-18T00:34:41.676Z,usb,1,848316260,47980,12282880,256,6000,33.490
2026-07-18T00:34:41.719Z,usb,1,848316260,47981,12283136,256,6000,33.490
2026-07-18T00:34:41.761Z,usb,1,848316260,47982,12283392,256,6000,33.490
2026-07-18T00:34:41.804Z,usb,1,848316260,47983,12283648,256,6000,33.490
2026-07-18T00:34:41.846Z,usb,1,848316260,47984,12283904,256,6000,33.490
2026-07-18T00:34:41.889Z,usb,1,848316260,47985,12284160,256,6000,33.490
2026-07-18T00:34:41.931Z,usb,1,848316260,47986,12284416,256,6000,33.490
2026-07-18T00:34:41.974Z,usb,1,848316260,47987,12284672,256,6000,33.490
2026-07-18T00:34:42.016Z,usb,1,848316260,47988,12284928,256,6000,33.490
2026-07-18T00:34:42.058Z,usb,1,848316260,47989,12285184,256,6000,33.490
2026-07-18T00:34:42.101Z,usb,1,848316260,47990,12285440,256,6000,33.490
2026-07-18T00:34:42.143Z,usb,1,848316260,47991,12285696,256,6000,33.490
2026-07-18T00:34:42.186Z,usb,1,848316260,47992,12285952,256,6000,33.490
2026-07-18T00:34:42.228Z,usb,1,848316260,47993,12286208,256,6000,33.490
2026-07-18T00:34:42.271Z,usb,1,848316260,47994,12286464,256,6000,33.490
2026-07-18T00:34:42.313Z,usb,1,848316260,47995,12286720,256,6000,33.490
2026-07-18T00:34:42.356Z,usb,1,848316260,47996,12286976,256,6000,33.490
2026-07-18T00:34:42.399Z,usb,1,848316260,47997,12287232,256,6000,33.490
2026-07-18T00:34:42.441Z,usb,1,848316260,47998,12287488,256,6000,33.490
2026-07-18T00:34:42.483Z,usb,1,848316260,47999,12287744,256,6000,33.490
2026-07-18T00:34:42.526Z,usb,1,848316260,48000,12288000,256,6000,33.490
2026-07-18T00:34:42.569Z,usb,1,848316260,48001,12288256,256,6000,33.490
2026-07-18T00:34:42.611Z,usb,1,848316260,48002,12288512,256,6000,33.490
2026-07-18T00:34:42.654Z,usb,1,848316260,48003,12288768,256,6000,33.490
2026-07-18T00:34:42.697Z,usb,1,848316260,48004,12289024,256,6000,33.490
2026-07-18T00:34:42.739Z,usb,1,848316260,48005,12289280,256,6000,33.490
2026-07-18T00:34:42.782Z,usb,1,848316260,48006,12289536,256,6000,33.490
2026-07-18T00:34:42.824Z,usb,1,848316260,48007,12289792,256,6000,33.490
2026-07-18T00:34:42.867Z,usb,1,848316260,48008,12290048,256,6000,33.490
2026-07-18T00:34:42.909Z,usb,1,848316260,48009,12290304,256,6000,33.490
2026-07-18T00:34:42.952Z,usb,1,848316260,48010,12290560,256,6000,33.490
2026-07-18T00:34:42.994Z,usb,1,848316260,48011,12290816,256,6000,33.490
2026-07-18T00:34:43.037Z,usb,1,848316260,48012,12291072,256,6000,33.490
2026-07-18T00:34:43.079Z,usb,1,848316260,48013,12291328,256,6000,33.490
2026-07-18T00:34:43.122Z,usb,1,848316260,48014,12291584,256,6000,33.490
2026-07-18T00:34:43.164Z,usb,1,848316260,48015,12291840,256,6000,33.490
2026-07-18T00:34:43.207Z,usb,1,848316260,48016,12292096,256,6000,33.490
2026-07-18T00:34:43.249Z,usb,1,848316260,48017,12292352,256,6000,33.490
2026-07-18T00:34:43.292Z,usb,1,848316260,48018,12292608,256,6000,33.490
2026-07-18T00:34:43.334Z,usb,1,848316260,48019,12292864,256,6000,33.490
2026-07-18T00:34:43.377Z,usb,1,848316260,48020,12293120,256,6000,33.490
2026-07-18T00:34:43.419Z,usb,1,848316260,48021,12293376,256,6000,33.490
2026-07-18T00:34:43.462Z,usb,1,848316260,48022,12293632,256,6000,33.490
2026-07-18T00:34:43.504Z,usb,1,848316260,48023,12293888,256,6000,33.490
2026-07-18T00:34:43.547Z,usb,1,848316260,48024,12294144,256,6000,33.490
2026-07-18T00:34:43.589Z,usb,1,848316260,48025,12294400,256,6000,33.490
2026-07-18T00:34:43.632Z,usb,1,848316260,48026,12294656,256,6000,33.490
2026-07-18T00:34:43.675Z,usb,1,848316260,48027,12294912,256,6000,33.490
2026-07-18T00:34:43.717Z,usb,1,848316260,48028,12295168,256,6000,33.490
2026-07-18T00:34:43.760Z,usb,1,848316260,48029,12295424,256,6000,33.490
2026-07-18T00:34:43.803Z,usb,1,848316260,48030,12295680,256,6000,33.490
2026-07-18T00:34:43.845Z,usb,1,848316260,48031,12295936,256,6000,33.490
2026-07-18T00:34:43.887Z,usb,1,848316260,48032,12296192,256,6000,33.490
2026-07-18T00:34:43.930Z,usb,1,848316260,48033,12296448,256,6000,33.490
2026-07-18T00:34:43.972Z,usb,1,848316260,48034,12296704,256,6000,33.490
2026-07-18T00:34:44.015Z,usb,1,848316260,48035,12296960,256,6000,33.490
2026-07-18T00:34:44.058Z,usb,1,848316260,48036,12297216,256,6000,33.490
2026-07-18T00:34:44.100Z,usb,1,848316260,48037,12297472,256,6000,33.490
2026-07-18T00:34:44.143Z,usb,1,848316260,48038,12297728,256,6000,33.490
2026-07-18T00:34:44.185Z,usb,1,848316260,48039,12297984,256,6000,33.490
2026-07-18T00:34:44.228Z,usb,1,848316260,48040,12298240,256,6000,33.490
2026-07-18T00:34:44.270Z,usb,1,848316260,48041,12298496,256,6000,33.490
2026-07-18T00:34:44.312Z,usb,1,848316260,48042,12298752,256,6000,33.490
2026-07-18T00:34:44.355Z,usb,1,848316260,48043,12299008,256,6000,33.490
2026-07-18T00:34:44.398Z,usb,1,848316260,48044,12299264,256,6000,33.490
2026-07-18T00:34:44.440Z,usb,1,848316260,48045,12299520,256,6000,33.490
2026-07-18T00:34:44.483Z,usb,1,848316260,48046,12299776,256,6000,33.490
2026-07-18T00:34:44.525Z,usb,1,848316260,48047,12300032,256,6000,33.490
2026-07-18T00:34:44.568Z,usb,1,848316260,48048,12300288,256,6000,33.490
2026-07-18T00:34:44.610Z,usb,1,848316260,48049,12300544,256,6000,33.490
2026-07-18T00:34:44.653Z,usb,1,848316260,48050,12300800,256,6000,33.490
2026-07-18T00:34:44.696Z,usb,1,848316260,48051,12301056,256,6000,33.490
2026-07-18T00:34:44.738Z,usb,1,848316260,48052,12301312,256,6000,33.490
2026-07-18T00:34:44.781Z,usb,1,848316260,48053,12301568,256,6000,33.490
2026-07-18T00:34:44.823Z,usb,1,848316260,48054,12301824,256,6000,33.490
2026-07-18T00:34:44.866Z,usb,1,848316260,48055,12302080,256,6000,33.490
2026-07-18T00:34:44.908Z,usb,1,848316260,48056,12302336,256,6000,33.490
2026-07-18T00:34:44.951Z,usb,1,848316260,48057,12302592,256,6000,33.490
2026-07-18T00:34:44.993Z,usb,1,848316260,48058,12302848,256,6000,33.490
2026-07-18T00:34:45.036Z,usb,1,848316260,48059,12303104,256,6000,33.490
2026-07-18T00:34:45.078Z,usb,1,848316260,48060,12303360,256,6000,33.490
2026-07-18T00:34:45.121Z,usb,1,848316260,48061,12303616,256,6000,33.490
2026-07-18T00:34:45.163Z,usb,1,848316260,48062,12303872,256,6000,33.490
2026-07-18T00:34:45.206Z,usb,1,848316260,48063,12304128,256,6000,33.490
2026-07-18T00:34:45.248Z,usb,1,848316260,48064,12304384,256,6000,33.490
2026-07-18T00:34:45.291Z,usb,1,848316260,48065,12304640,256,6000,33.490
2026-07-18T00:34:45.333Z,usb,1,848316260,48066,12304896,256,6000,33.490
2026-07-18T00:34:45.376Z,usb,1,848316260,48067,12305152,256,6000,33.490
2026-07-18T00:34:45.418Z,usb,1,848316260,48068,12305408,256,6000,33.490
2026-07-18T00:34:45.461Z,usb,1,848316260,48069,12305664,256,6000,33.490
2026-07-18T00:34:45.503Z,usb,1,848316260,48070,12305920,256,6000,33.490
2026-07-18T00:34:45.546Z,usb,1,848316260,48071,12306176,256,6000,33.490
2026-07-18T00:34:45.588Z,usb,1,848316260,48072,12306432,256,6000,33.490
2026-07-18T00:34:45.631Z,usb,1,848316260,48073,12306688,256,6000,33.490
2026-07-18T00:34:45.673Z,usb,1,848316260,48074,12306944,256,6000,33.490
2026-07-18T00:34:45.716Z,usb,1,848316260,48075,12307200,256,6000,33.490
2026-07-18T00:34:45.759Z,usb,1,848316260,48076,12307456,256,6000,33.490
2026-07-18T00:34:45.802Z,usb,1,848316260,48077,12307712,256,6000,33.490
2026-07-18T00:34:45.844Z,usb,1,848316260,48078,12307968,256,6000,33.490
2026-07-18T00:34:45.887Z,usb,1,848316260,48079,12308224,256,6000,33.490
2026-07-18T00:34:45.929Z,usb,1,848316260,48080,12308480,256,6000,33.490
2026-07-18T00:34:45.972Z,usb,1,848316260,48081,12308736,256,6000,33.490
2026-07-18T00:34:46.014Z,usb,1,848316260,48082,12308992,256,6000,33.490
2026-07-18T00:34:46.057Z,usb,1,848316260,48083,12309248,256,6000,33.490
2026-07-18T00:34:46.099Z,usb,1,848316260,48084,12309504,256,6000,33.490
2026-07-18T00:34:46.141Z,usb,1,848316260,48085,12309760,256,6000,33.490
2026-07-18T00:34:46.184Z,usb,1,848316260,48086,12310016,256,6000,33.490
2026-07-18T00:34:46.226Z,usb,1,848316260,48087,12310272,256,6000,33.490
2026-07-18T00:34:46.269Z,usb,1,848316260,48088,12310528,256,6000,33.490
2026-07-18T00:34:46.311Z,usb,1,848316260,48089,12310784,256,6000,33.490
2026-07-18T00:34:46.354Z,usb,1,848316260,48090,12311040,256,6000,33.490
2026-07-18T00:34:46.397Z,usb,1,848316260,48091,12311296,256,6000,33.490
2026-07-18T00:34:46.439Z,usb,1,848316260,48092,12311552,256,6000,33.490
2026-07-18T00:34:46.482Z,usb,1,848316260,48093,12311808,256,6000,33.490
2026-07-18T00:34:46.524Z,usb,1,848316260,48094,12312064,256,6000,33.490
2026-07-18T00:34:46.567Z,usb,1,848316260,48095,12312320,256,6000,33.490
2026-07-18T00:34:46.609Z,usb,1,848316260,48096,12312576,256,6000,33.490
2026-07-18T00:34:46.652Z,usb,1,848316260,48097,12312832,256,6000,33.490
2026-07-18T00:34:46.694Z,usb,1,848316260,48098,12313088,256,6000,33.490
2026-07-18T00:34:46.737Z,usb,1,848316260,48099,12313344,256,6000,33.490
2026-07-18T00:34:46.780Z,usb,1,848316260,48100,12313600,256,6000,33.490
2026-07-18T00:34:46.822Z,usb,1,848316260,48101,12313856,256,6000,33.490
2026-07-18T00:34:46.866Z,usb,1,848316260,48102,12314112,256,6000,33.490
2026-07-18T00:34:46.907Z,usb,1,848316260,48103,12314368,256,6000,33.490
2026-07-18T00:34:46.950Z,usb,1,848316260,48104,12314624,256,6000,33.490
2026-07-18T00:34:46.993Z,usb,1,848316260,48105,12314880,256,6000,33.490
2026-07-18T00:34:47.035Z,usb,1,848316260,48106,12315136,256,6000,33.490
2026-07-18T00:34:47.078Z,usb,1,848316260,48107,12315392,256,6000,33.490
2026-07-18T00:34:47.120Z,usb,1,848316260,48108,12315648,256,6000,33.490
2026-07-18T00:34:47.162Z,usb,1,848316260,48109,12315904,256,6000,33.490
2026-07-18T00:34:47.205Z,usb,1,848316260,48110,12316160,256,6000,33.490
2026-07-18T00:34:47.247Z,usb,1,848316260,48111,12316416,256,6000,33.490
2026-07-18T00:34:47.290Z,usb,1,848316260,48112,12316672,256,6000,33.490
2026-07-18T00:34:47.332Z,usb,1,848316260,48113,12316928,256,6000,33.490
2026-07-18T00:34:47.375Z,usb,1,848316260,48114,12317184,256,6000,33.490
2026-07-18T00:34:47.417Z,usb,1,848316260,48115,12317440,256,6000,33.490
2026-07-18T00:34:47.460Z,usb,1,848316260,48116,12317696,256,6000,33.490
2026-07-18T00:34:47.502Z,usb,1,848316260,48117,12317952,256,6000,33.490
2026-07-18T00:34:47.545Z,usb,1,848316260,48118,12318208,256,6000,33.490
2026-07-18T00:34:47.587Z,usb,1,848316260,48119,12318464,256,6000,33.490
2026-07-18T00:34:47.630Z,usb,1,848316260,48120,12318720,256,6000,33.490
2026-07-18T00:34:47.672Z,usb,1,848316260,48121,12318976,256,6000,33.490
2026-07-18T00:34:47.715Z,usb,1,848316260,48122,12319232,256,6000,33.490
2026-07-18T00:34:47.758Z,usb,1,848316260,48123,12319488,256,6000,33.480
2026-07-18T00:34:47.800Z,usb,1,848316260,48124,12319744,256,6000,33.480
2026-07-18T00:34:47.843Z,usb,1,848316260,48125,12320000,256,6000,33.480
2026-07-18T00:34:47.885Z,usb,1,848316260,48126,12320256,256,6000,33.480
2026-07-18T00:34:47.928Z,usb,1,848316260,48127,12320512,256,6000,33.480
2026-07-18T00:34:47.970Z,usb,1,848316260,48128,12320768,256,6000,33.480
2026-07-18T00:34:48.013Z,usb,1,848316260,48129,12321024,256,6000,33.480
2026-07-18T00:34:48.055Z,usb,1,848316260,48130,12321280,256,6000,33.480
2026-07-18T00:34:48.098Z,usb,1,848316260,48131,12321536,256,6000,33.480
2026-07-18T00:34:48.140Z,usb,1,848316260,48132,12321792,256,6000,33.480
2026-07-18T00:34:48.183Z,usb,1,848316260,48133,12322048,256,6000,33.480
2026-07-18T00:34:48.226Z,usb,1,848316260,48134,12322304,256,6000,33.480
2026-07-18T00:34:48.268Z,usb,1,848316260,48135,12322560,256,6000,33.480
2026-07-18T00:34:48.310Z,usb,1,848316260,48136,12322816,256,6000,33.480
2026-07-18T00:34:48.353Z,usb,1,848316260,48137,12323072,256,6000,33.480
2026-07-18T00:34:48.395Z,usb,1,848316260,48138,12323328,256,6000,33.480
2026-07-18T00:34:48.438Z,usb,1,848316260,48139,12323584,256,6000,33.480
2026-07-18T00:34:48.480Z,usb,1,848316260,48140,12323840,256,6000,33.480
2026-07-18T00:34:48.523Z,usb,1,848316260,48141,12324096,256,6000,33.480
2026-07-18T00:34:48.566Z,usb,1,848316260,48142,12324352,256,6000,33.480
2026-07-18T00:34:48.608Z,usb,1,848316260,48143,12324608,256,6000,33.480
2026-07-18T00:34:48.650Z,usb,1,848316260,48144,12324864,256,6000,33.480
2026-07-18T00:34:48.693Z,usb,1,848316260,48145,12325120,256,6000,33.480
2026-07-18T00:34:48.736Z,usb,1,848316260,48146,12325376,256,6000,33.480
2026-07-18T00:34:48.779Z,usb,1,848316260,48147,12325632,256,6000,33.490
2026-07-18T00:34:48.821Z,usb,1,848316260,48148,12325888,256,6000,33.490
2026-07-18T00:34:48.864Z,usb,1,848316260,48149,12326144,256,6000,33.490
2026-07-18T00:34:48.906Z,usb,1,848316260,48150,12326400,256,6000,33.490
2026-07-18T00:34:48.949Z,usb,1,848316260,48151,12326656,256,6000,33.490
2026-07-18T00:34:48.992Z,usb,1,848316260,48152,12326912,256,6000,33.490
2026-07-18T00:34:49.034Z,usb,1,848316260,48153,12327168,256,6000,33.490
2026-07-18T00:34:49.076Z,usb,1,848316260,48154,12327424,256,6000,33.490
2026-07-18T00:34:49.119Z,usb,1,848316260,48155,12327680,256,6000,33.490
2026-07-18T00:34:49.161Z,usb,1,848316260,48156,12327936,256,6000,33.490
2026-07-18T00:34:49.204Z,usb,1,848316260,48157,12328192,256,6000,33.490
2026-07-18T00:34:49.246Z,usb,1,848316260,48158,12328448,256,6000,33.490
2026-07-18T00:34:49.289Z,usb,1,848316260,48159,12328704,256,6000,33.490
2026-07-18T00:34:49.331Z,usb,1,848316260,48160,12328960,256,6000,33.490
2026-07-18T00:34:49.374Z,usb,1,848316260,48161,12329216,256,6000,33.490
2026-07-18T00:34:49.416Z,usb,1,848316260,48162,12329472,256,6000,33.490
2026-07-18T00:34:49.459Z,usb,1,848316260,48163,12329728,256,6000,33.490
2026-07-18T00:34:49.501Z,usb,1,848316260,48164,12329984,256,6000,33.490
2026-07-18T00:34:49.544Z,usb,1,848316260,48165,12330240,256,6000,33.490
2026-07-18T00:34:49.586Z,usb,1,848316260,48166,12330496,256,6000,33.490
2026-07-18T00:34:49.629Z,usb,1,848316260,48167,12330752,256,6000,33.490
2026-07-18T00:34:49.671Z,usb,1,848316260,48168,12331008,256,6000,33.490
2026-07-18T00:34:49.714Z,usb,1,848316260,48169,12331264,256,6000,33.490
2026-07-18T00:34:49.756Z,usb,1,848316260,48170,12331520,256,6000,33.490
2026-07-18T00:34:49.800Z,usb,1,848316260,48171,12331776,256,6000,33.490
2026-07-18T00:34:49.842Z,usb,1,848316260,48172,12332032,256,6000,33.490
2026-07-18T00:34:49.885Z,usb,1,848316260,48173,12332288,256,6000,33.490
2026-07-18T00:34:49.927Z,usb,1,848316260,48174,12332544,256,6000,33.490
2026-07-18T00:34:49.970Z,usb,1,848316260,48175,12332800,256,6000,33.490
2026-07-18T00:34:50.012Z,usb,1,848316260,48176,12333056,256,6000,33.490
2026-07-18T00:34:50.055Z,usb,1,848316260,48177,12333312,256,6000,33.490
2026-07-18T00:34:50.097Z,usb,1,848316260,48178,12333568,256,6000,33.490
2026-07-18T00:34:50.140Z,usb,1,848316260,48179,12333824,256,6000,33.490
2026-07-18T00:34:50.182Z,usb,1,848316260,48180,12334080,256,6000,33.490
2026-07-18T00:34:50.225Z,usb,1,848316260,48181,12334336,256,6000,33.490
2026-07-18T00:34:50.267Z,usb,1,848316260,48182,12334592,256,6000,33.490
2026-07-18T00:34:50.309Z,usb,1,848316260,48183,12334848,256,6000,33.490
2026-07-18T00:34:50.352Z,usb,1,848316260,48184,12335104,256,6000,33.490
2026-07-18T00:34:50.395Z,usb,1,848316260,48185,12335360,256,6000,33.490
2026-07-18T00:34:50.437Z,usb,1,848316260,48186,12335616,256,6000,33.490
2026-07-18T00:34:50.479Z,usb,1,848316260,48187,12335872,256,6000,33.490
2026-07-18T00:34:50.522Z,usb,1,848316260,48188,12336128,256,6000,33.490
2026-07-18T00:34:50.565Z,usb,1,848316260,48189,12336384,256,6000,33.490
2026-07-18T00:34:50.607Z,usb,1,848316260,48190,12336640,256,6000,33.490
2026-07-18T00:34:50.650Z,usb,1,848316260,48191,12336896,256,6000,33.490
2026-07-18T00:34:50.692Z,usb,1,848316260,48192,12337152,256,6000,33.490
2026-07-18T00:34:50.735Z,usb,1,848316260,48193,12337408,256,6000,33.490
2026-07-18T00:34:50.777Z,usb,1,848316260,48194,12337664,256,6000,33.490
2026-07-18T00:34:50.820Z,usb,1,848316260,48195,12337920,256,6000,33.490
2026-07-18T00:34:50.863Z,usb,1,848316260,48196,12338176,256,6000,33.490
2026-07-18T00:34:50.905Z,usb,1,848316260,48197,12338432,256,6000,33.490
2026-07-18T00:34:50.948Z,usb,1,848316260,48198,12338688,256,6000,33.490
2026-07-18T00:34:50.990Z,usb,1,848316260,48199,12338944,256,6000,33.490
2026-07-18T00:34:51.033Z,usb,1,848316260,48200,12339200,256,6000,33.490
2026-07-18T00:34:51.075Z,usb,1,848316260,48201,12339456,256,6000,33.490
2026-07-18T00:34:51.118Z,usb,1,848316260,48202,12339712,256,6000,33.490
2026-07-18T00:34:51.160Z,usb,1,848316260,48203,12339968,256,6000,33.490
2026-07-18T00:34:51.203Z,usb,1,848316260,48204,12340224,256,6000,33.490
2026-07-18T00:34:51.245Z,usb,1,848316260,48205,12340480,256,6000,33.490
2026-07-18T00:34:51.288Z,usb,1,848316260,48206,12340736,256,6000,33.490
2026-07-18T00:34:51.330Z,usb,1,848316260,48207,12340992,256,6000,33.490
2026-07-18T00:34:51.373Z,usb,1,848316260,48208,12341248,256,6000,33.490
2026-07-18T00:34:51.415Z,usb,1,848316260,48209,12341504,256,6000,33.490
2026-07-18T00:34:51.458Z,usb,1,848316260,48210,12341760,256,6000,33.490
2026-07-18T00:34:51.500Z,usb,1,848316260,48211,12342016,256,6000,33.490
2026-07-18T00:34:51.543Z,usb,1,848316260,48212,12342272,256,6000,33.490
2026-07-18T00:34:51.585Z,usb,1,848316260,48213,12342528,256,6000,33.490
2026-07-18T00:34:51.628Z,usb,1,848316260,48214,12342784,256,6000,33.490
2026-07-18T00:34:51.670Z,usb,1,848316260,48215,12343040,256,6000,33.490
2026-07-18T00:34:51.713Z,usb,1,848316260,48216,12343296,256,6000,33.490
2026-07-18T00:34:51.755Z,usb,1,848316260,48217,12343552,256,6000,33.490
2026-07-18T00:34:51.798Z,usb,1,848316260,48218,12343808,256,6000,33.490
2026-07-18T00:34:51.841Z,usb,1,848316260,48219,12344064,256,6000,33.490
2026-07-18T00:34:51.884Z,usb,1,848316260,48220,12344320,256,6000,33.490
2026-07-18T00:34:51.926Z,usb,1,848316260,48221,12344576,256,6000,33.490
2026-07-18T00:34:51.969Z,usb,1,848316260,48222,12344832,256,6000,33.490
2026-07-18T00:34:52.011Z,usb,1,848316260,48223,12345088,256,6000,33.490
2026-07-18T00:34:52.054Z,usb,1,848316260,48224,12345344,256,6000,33.490
2026-07-18T00:34:52.096Z,usb,1,848316260,48225,12345600,256,6000,33.490
2026-07-18T00:34:52.139Z,usb,1,848316260,48226,12345856,256,6000,33.490
2026-07-18T00:34:52.181Z,usb,1,848316260,48227,12346112,256,6000,33.490
2026-07-18T00:34:52.224Z,usb,1,848316260,48228,12346368,256,6000,33.490
2026-07-18T00:34:52.266Z,usb,1,848316260,48229,12346624,256,6000,33.490
2026-07-18T00:34:52.309Z,usb,1,848316260,48230,12346880,256,6000,33.490
2026-07-18T00:34:52.351Z,usb,1,848316260,48231,12347136,256,6000,33.490
2026-07-18T00:34:52.394Z,usb,1,848316260,48232,12347392,256,6000,33.490
2026-07-18T00:34:52.436Z,usb,1,848316260,48233,12347648,256,6000,33.490
2026-07-18T00:34:52.479Z,usb,1,848316260,48234,12347904,256,6000,33.490
2026-07-18T00:34:52.521Z,usb,1,848316260,48235,12348160,256,6000,33.490
2026-07-18T00:34:52.564Z,usb,1,848316260,48236,12348416,256,6000,33.490
2026-07-18T00:34:52.606Z,usb,1,848316260,48237,12348672,256,6000,33.490
2026-07-18T00:34:52.648Z,usb,1,848316260,48238,12348928,256,6000,33.490
2026-07-18T00:34:52.691Z,usb,1,848316260,48239,12349184,256,6000,33.490
2026-07-18T00:34:52.734Z,usb,1,848316260,48240,12349440,256,6000,33.490
2026-07-18T00:34:52.776Z,usb,1,848316260,48241,12349696,256,6000,33.490
2026-07-18T00:34:52.819Z,usb,1,848316260,48242,12349952,256,6000,33.490
2026-07-18T00:34:52.862Z,usb,1,848316260,48243,12350208,256,6000,33.490
2026-07-18T00:34:52.904Z,usb,1,848316260,48244,12350464,256,6000,33.490
2026-07-18T00:34:52.947Z,usb,1,848316260,48245,12350720,256,6000,33.490
2026-07-18T00:34:52.989Z,usb,1,848316260,48246,12350976,256,6000,33.490
2026-07-18T00:34:53.032Z,usb,1,848316260,48247,12351232,256,6000,33.490
2026-07-18T00:34:53.074Z,usb,1,848316260,48248,12351488,256,6000,33.490
2026-07-18T00:34:53.117Z,usb,1,848316260,48249,12351744,256,6000,33.490
2026-07-18T00:34:53.159Z,usb,1,848316260,48250,12352000,256,6000,33.490
2026-07-18T00:34:53.202Z,usb,1,848316260,48251,12352256,256,6000,33.490
2026-07-18T00:34:53.244Z,usb,1,848316260,48252,12352512,256,6000,33.490
2026-07-18T00:34:53.287Z,usb,1,848316260,48253,12352768,256,6000,33.490
2026-07-18T00:34:53.329Z,usb,1,848316260,48254,12353024,256,6000,33.490
2026-07-18T00:34:53.372Z,usb,1,848316260,48255,12353280,256,6000,33.490
2026-07-18T00:34:53.414Z,usb,1,848316260,48256,12353536,256,6000,33.490
2026-07-18T00:34:53.457Z,usb,1,848316260,48257,12353792,256,6000,33.490
2026-07-18T00:34:53.500Z,usb,1,848316260,48258,12354048,256,6000,33.490
2026-07-18T00:34:53.542Z,usb,1,848316260,48259,12354304,256,6000,33.490
2026-07-18T00:34:53.584Z,usb,1,848316260,48260,12354560,256,6000,33.490
2026-07-18T00:34:53.627Z,usb,1,848316260,48261,12354816,256,6000,33.490
2026-07-18T00:34:53.669Z,usb,1,848316260,48262,12355072,256,6000,33.490
2026-07-18T00:34:53.712Z,usb,1,848316260,48263,12355328,256,6000,33.490
2026-07-18T00:34:53.754Z,usb,1,848316260,48264,12355584,256,6000,33.490
2026-07-18T00:34:53.797Z,usb,1,848316260,48265,12355840,256,6000,33.490
2026-07-18T00:34:53.839Z,usb,1,848316260,48266,12356096,256,6000,33.490
2026-07-18T00:34:53.882Z,usb,1,848316260,48267,12356352,256,6000,33.490
2026-07-18T00:34:53.925Z,usb,1,848316260,48268,12356608,256,6000,33.490
2026-07-18T00:34:53.967Z,usb,1,848316260,48269,12356864,256,6000,33.490
2026-07-18T00:34:54.010Z,usb,1,848316260,48270,12357120,256,6000,33.490
2026-07-18T00:34:54.052Z,usb,1,848316260,48271,12357376,256,6000,33.490
2026-07-18T00:34:54.095Z,usb,1,848316260,48272,12357632,256,6000,33.490
2026-07-18T00:34:54.138Z,usb,1,848316260,48273,12357888,256,6000,33.490
2026-07-18T00:34:54.180Z,usb,1,848316260,48274,12358144,256,6000,33.490
2026-07-18T00:34:54.222Z,usb,1,848316260,48275,12358400,256,6000,33.490
2026-07-18T00:34:54.265Z,usb,1,848316260,48276,12358656,256,6000,33.490
2026-07-18T00:34:54.307Z,usb,1,848316260,48277,12358912,256,6000,33.490
2026-07-18T00:34:54.350Z,usb,1,848316260,48278,12359168,256,6000,33.490
2026-07-18T00:34:54.393Z,usb,1,848316260,48279,12359424,256,6000,33.490
2026-07-18T00:34:54.435Z,usb,1,848316260,48280,12359680,256,6000,33.490
2026-07-18T00:34:54.478Z,usb,1,848316260,48281,12359936,256,6000,33.490
2026-07-18T00:34:54.520Z,usb,1,848316260,48282,12360192,256,6000,33.490
2026-07-18T00:34:54.562Z,usb,1,848316260,48283,12360448,256,6000,33.490
2026-07-18T00:34:54.605Z,usb,1,848316260,48284,12360704,256,6000,33.490
2026-07-18T00:34:54.647Z,usb,1,848316260,48285,12360960,256,6000,33.490
2026-07-18T00:34:54.690Z,usb,1,848316260,48286,12361216,256,6000,33.490
2026-07-18T00:34:54.732Z,usb,1,848316260,48287,12361472,256,6000,33.490
2026-07-18T00:34:54.775Z,usb,1,848316260,48288,12361728,256,6000,33.490
2026-07-18T00:34:54.817Z,usb,1,848316260,48289,12361984,256,6000,33.490
2026-07-18T00:34:54.860Z,usb,1,848316260,48290,12362240,256,6000,33.490
2026-07-18T00:34:54.903Z,usb,1,848316260,48291,12362496,256,6000,33.490
2026-07-18T00:34:54.946Z,usb,1,848316260,48292,12362752,256,6000,33.490
2026-07-18T00:34:54.988Z,usb,1,848316260,48293,12363008,256,6000,33.490
2026-07-18T00:34:55.031Z,usb,1,848316260,48294,12363264,256,6000,33.490
2026-07-18T00:34:55.073Z,usb,1,848316260,48295,12363520,256,6000,33.490
2026-07-18T00:34:55.116Z,usb,1,848316260,48296,12363776,256,6000,33.490
2026-07-18T00:34:55.158Z,usb,1,848316260,48297,12364032,256,6000,33.490
2026-07-18T00:34:55.201Z,usb,1,848316260,48298,12364288,256,6000,33.490
2026-07-18T00:34:55.244Z,usb,1,848316260,48299,12364544,256,6000,33.490
2026-07-18T00:34:55.286Z,usb,1,848316260,48300,12364800,256,6000,33.490
2026-07-18T00:34:55.328Z,usb,1,848316260,48301,12365056,256,6000,33.490
2026-07-18T00:34:55.371Z,usb,1,848316260,48302,12365312,256,6000,33.490
2026-07-18T00:34:55.413Z,usb,1,848316260,48303,12365568,256,6000,33.490
2026-07-18T00:34:55.456Z,usb,1,848316260,48304,12365824,256,6000,33.490
2026-07-18T00:34:55.498Z,usb,1,848316260,48305,12366080,256,6000,33.490
2026-07-18T00:34:55.541Z,usb,1,848316260,48306,12366336,256,6000,33.490
2026-07-18T00:34:55.583Z,usb,1,848316260,48307,12366592,256,6000,33.490
2026-07-18T00:34:55.626Z,usb,1,848316260,48308,12366848,256,6000,33.490
2026-07-18T00:34:55.668Z,usb,1,848316260,48309,12367104,256,6000,33.490
2026-07-18T00:34:55.711Z,usb,1,848316260,48310,12367360,256,6000,33.490
2026-07-18T00:34:55.753Z,usb,1,848316260,48311,12367616,256,6000,33.490
2026-07-18T00:34:55.796Z,usb,1,848316260,48312,12367872,256,6000,33.490
2026-07-18T00:34:55.838Z,usb,1,848316260,48313,12368128,256,6000,33.490
2026-07-18T00:34:55.881Z,usb,1,848316260,48314,12368384,256,6000,33.490
2026-07-18T00:34:55.924Z,usb,1,848316260,48315,12368640,256,6000,33.480
2026-07-18T00:34:55.967Z,usb,1,848316260,48316,12368896,256,6000,33.480
2026-07-18T00:34:56.009Z,usb,1,848316260,48317,12369152,256,6000,33.480
2026-07-18T00:34:56.051Z,usb,1,848316260,48318,12369408,256,6000,33.480
2026-07-18T00:34:56.094Z,usb,1,848316260,48319,12369664,256,6000,33.480
2026-07-18T00:34:56.136Z,usb,1,848316260,48320,12369920,256,6000,33.480
2026-07-18T00:34:56.179Z,usb,1,848316260,48321,12370176,256,6000,33.480
2026-07-18T00:34:56.222Z,usb,1,848316260,48322,12370432,256,6000,33.480
2026-07-18T00:34:56.264Z,usb,1,848316260,48323,12370688,256,6000,33.480
2026-07-18T00:34:56.306Z,usb,1,848316260,48324,12370944,256,6000,33.480
2026-07-18T00:34:56.349Z,usb,1,848316260,48325,12371200,256,6000,33.480
2026-07-18T00:34:56.392Z,usb,1,848316260,48326,12371456,256,6000,33.480
2026-07-18T00:34:56.434Z,usb,1,848316260,48327,12371712,256,6000,33.480
2026-07-18T00:34:56.476Z,usb,1,848316260,48328,12371968,256,6000,33.480
2026-07-18T00:34:56.519Z,usb,1,848316260,48329,12372224,256,6000,33.480
2026-07-18T00:34:56.562Z,usb,1,848316260,48330,12372480,256,6000,33.480
2026-07-18T00:34:56.604Z,usb,1,848316260,48331,12372736,256,6000,33.480
2026-07-18T00:34:56.646Z,usb,1,848316260,48332,12372992,256,6000,33.480
2026-07-18T00:34:56.689Z,usb,1,848316260,48333,12373248,256,6000,33.480
2026-07-18T00:34:56.731Z,usb,1,848316260,48334,12373504,256,6000,33.480
2026-07-18T00:34:56.774Z,usb,1,848316260,48335,12373760,256,6000,33.480
2026-07-18T00:34:56.816Z,usb,1,848316260,48336,12374016,256,6000,33.480
2026-07-18T00:34:56.859Z,usb,1,848316260,48337,12374272,256,6000,33.480
2026-07-18T00:34:56.902Z,usb,1,848316260,48338,12374528,256,6000,33.480
2026-07-18T00:34:56.944Z,usb,1,848316260,48339,12374784,256,6000,33.490
2026-07-18T00:34:56.987Z,usb,1,848316260,48340,12375040,256,6000,33.490
2026-07-18T00:34:57.030Z,usb,1,848316260,48341,12375296,256,6000,33.490
2026-07-18T00:34:57.072Z,usb,1,848316260,48342,12375552,256,6000,33.490
2026-07-18T00:34:57.115Z,usb,1,848316260,48343,12375808,256,6000,33.490
2026-07-18T00:34:57.157Z,usb,1,848316260,48344,12376064,256,6000,33.490
2026-07-18T00:34:57.200Z,usb,1,848316260,48345,12376320,256,6000,33.490
2026-07-18T00:34:57.242Z,usb,1,848316260,48346,12376576,256,6000,33.490
2026-07-18T00:34:57.284Z,usb,1,848316260,48347,12376832,256,6000,33.490
2026-07-18T00:34:57.327Z,usb,1,848316260,48348,12377088,256,6000,33.490
2026-07-18T00:34:57.370Z,usb,1,848316260,48349,12377344,256,6000,33.490
2026-07-18T00:34:57.412Z,usb,1,848316260,48350,12377600,256,6000,33.490
2026-07-18T00:34:57.455Z,usb,1,848316260,48351,12377856,256,6000,33.490
2026-07-18T00:34:57.497Z,usb,1,848316260,48352,12378112,256,6000,33.490
2026-07-18T00:34:57.540Z,usb,1,848316260,48353,12378368,256,6000,33.490
2026-07-18T00:34:57.582Z,usb,1,848316260,48354,12378624,256,6000,33.490
2026-07-18T00:34:57.625Z,usb,1,848316260,48355,12378880,256,6000,33.490
2026-07-18T00:34:57.667Z,usb,1,848316260,48356,12379136,256,6000,33.490
2026-07-18T00:34:57.709Z,usb,1,848316260,48357,12379392,256,6000,33.490
2026-07-18T00:34:57.752Z,usb,1,848316260,48358,12379648,256,6000,33.490
2026-07-18T00:34:57.795Z,usb,1,848316260,48359,12379904,256,6000,33.490
2026-07-18T00:34:57.837Z,usb,1,848316260,48360,12380160,256,6000,33.490
2026-07-18T00:34:57.880Z,usb,1,848316260,48361,12380416,256,6000,33.490
2026-07-18T00:34:57.922Z,usb,1,848316260,48362,12380672,256,6000,33.490
2026-07-18T00:34:57.965Z,usb,1,848316260,48363,12380928,256,6000,33.490
2026-07-18T00:34:58.008Z,usb,1,848316260,48364,12381184,256,6000,33.490
2026-07-18T00:34:58.051Z,usb,1,848316260,48365,12381440,256,6000,33.490
2026-07-18T00:34:58.093Z,usb,1,848316260,48366,12381696,256,6000,33.490
2026-07-18T00:34:58.135Z,usb,1,848316260,48367,12381952,256,6000,33.490
2026-07-18T00:34:58.178Z,usb,1,848316260,48368,12382208,256,6000,33.490
2026-07-18T00:34:58.221Z,usb,1,848316260,48369,12382464,256,6000,33.490
2026-07-18T00:34:58.263Z,usb,1,848316260,48370,12382720,256,6000,33.490
2026-07-18T00:34:58.306Z,usb,1,848316260,48371,12382976,256,6000,33.490
