received_at_utc,source_ip,node_id,boot_id,sequence,first_sample_index,sample_count,sample_rate_hz,temperature_c
2026-07-23T01:20:19.791Z,usb,1,3612849267,142514,36483584,256,8000,32.100
2026-07-23T01:20:19.823Z,usb,1,3612849267,142515,36483840,256,8000,32.100
2026-07-23T01:20:19.855Z,usb,1,3612849267,142516,36484096,256,8000,32.100
2026-07-23T01:20:19.887Z,usb,1,3612849267,142517,36484352,256,8000,32.100
2026-07-23T01:20:19.919Z,usb,1,3612849267,142518,36484608,256,8000,32.100
2026-07-23T01:20:19.951Z,usb,1,3612849267,142519,36484864,256,8000,32.100
2026-07-23T01:20:19.983Z,usb,1,3612849267,142520,36485120,256,8000,32.100
2026-07-23T01:20:20.015Z,usb,1,3612849267,142521,36485376,256,8000,32.100
2026-07-23T01:20:20.047Z,usb,1,3612849267,142522,36485632,256,8000,32.100
2026-07-23T01:20:20.079Z,usb,1,3612849267,142523,36485888,256,8000,32.100
2026-07-23T01:20:20.111Z,usb,1,3612849267,142524,36486144,256,8000,32.100
2026-07-23T01:20:20.143Z,usb,1,3612849267,142525,36486400,256,8000,32.100
2026-07-23T01:20:20.175Z,usb,1,3612849267,142526,36486656,256,8000,32.100
2026-07-23T01:20:20.207Z,usb,1,3612849267,142527,36486912,256,8000,32.100
2026-07-23T01:20:20.239Z,usb,1,3612849267,142528,36487168,256,8000,32.100
2026-07-23T01:20:20.271Z,usb,1,3612849267,142529,36487424,256,8000,32.100
2026-07-23T01:20:20.303Z,usb,1,3612849267,142530,36487680,256,8000,32.100
2026-07-23T01:20:20.335Z,usb,1,3612849267,142531,36487936,256,8000,32.100
2026-07-23T01:20:20.367Z,usb,1,3612849267,142532,36488192,256,8000,32.100
2026-07-23T01:20:20.399Z,usb,1,3612849267,142533,36488448,256,8000,32.100
2026-07-23T01:20:20.431Z,usb,1,3612849267,142534,36488704,256,8000,32.100
2026-07-23T01:20:20.463Z,usb,1,3612849267,142535,36488960,256,8000,32.100
2026-07-23T01:20:20.495Z,usb,1,3612849267,142536,36489216,256,8000,32.100
2026-07-23T01:20:20.527Z,usb,1,3612849267,142537,36489472,256,8000,32.100
2026-07-23T01:20:20.559Z,usb,1,3612849267,142538,36489728,256,8000,32.100
2026-07-23T01:20:20.591Z,usb,1,3612849267,142539,36489984,256,8000,32.100
2026-07-23T01:20:20.623Z,usb,1,3612849267,142540,36490240,256,8000,32.100
2026-07-23T01:20:20.655Z,usb,1,3612849267,142541,36490496,256,8000,32.100
2026-07-23T01:20:20.687Z,usb,1,3612849267,142542,36490752,256,8000,32.100
2026-07-23T01:20:20.719Z,usb,1,3612849267,142543,36491008,256,8000,32.100
2026-07-23T01:20:20.751Z,usb,1,3612849267,142544,36491264,256,8000,32.100
2026-07-23T01:20:20.783Z,usb,1,3612849267,142545,36491520,256,8000,32.100
2026-07-23T01:20:20.815Z,usb,1,3612849267,142546,36491776,256,8000,32.100
2026-07-23T01:20:20.847Z,usb,1,3612849267,142547,36492032,256,8000,32.100
2026-07-23T01:20:20.879Z,usb,1,3612849267,142548,36492288,256,8000,32.100
2026-07-23T01:20:20.911Z,usb,1,3612849267,142549,36492544,256,8000,32.100
2026-07-23T01:20:20.943Z,usb,1,3612849267,142550,36492800,256,8000,32.100
2026-07-23T01:20:20.975Z,usb,1,3612849267,142551,36493056,256,8000,32.100
2026-07-23T01:20:21.007Z,usb,1,3612849267,142552,36493312,256,8000,32.100
2026-07-23T01:20:21.039Z,usb,1,3612849267,142553,36493568,256,8000,32.100
2026-07-23T01:20:21.071Z,usb,1,3612849267,142554,36493824,256,8000,32.100
2026-07-23T01:20:21.103Z,usb,1,3612849267,142555,36494080,256,8000,32.100
2026-07-23T01:20:21.135Z,usb,1,3612849267,142556,36494336,256,8000,32.100
2026-07-23T01:20:21.167Z,usb,1,3612849267,142557,36494592,256,8000,32.100
2026-07-23T01:20:21.199Z,usb,1,3612849267,142558,36494848,256,8000,32.100
2026-07-23T01:20:21.231Z,usb,1,3612849267,142559,36495104,256,8000,32.100
2026-07-23T01:20:21.263Z,usb,1,3612849267,142560,36495360,256,8000,32.100
2026-07-23T01:20:21.295Z,usb,1,3612849267,142561,36495616,256,8000,32.100
2026-07-23T01:20:21.327Z,usb,1,3612849267,142562,36495872,256,8000,32.100
2026-07-23T01:20:21.359Z,usb,1,3612849267,142563,36496128,256,8000,32.100
2026-07-23T01:20:21.392Z,usb,1,3612849267,142564,36496384,256,8000,32.100
2026-07-23T01:20:21.423Z,usb,1,3612849267,142565,36496640,256,8000,32.100
2026-07-23T01:20:21.455Z,usb,1,3612849267,142566,36496896,256,8000,32.100
2026-07-23T01:20:21.487Z,usb,1,3612849267,142567,36497152,256,8000,32.100
2026-07-23T01:20:21.519Z,usb,1,3612849267,142568,36497408,256,8000,32.100
2026-07-23T01:20:21.551Z,usb,1,3612849267,142569,36497664,256,8000,32.100
2026-07-23T01:20:21.583Z,usb,1,3612849267,142570,36497920,256,8000,32.100
2026-07-23T01:20:21.615Z,usb,1,3612849267,142571,36498176,256,8000,32.100
2026-07-23T01:20:21.647Z,usb,1,3612849267,142572,36498432,256,8000,32.100
2026-07-23T01:20:21.679Z,usb,1,3612849267,142573,36498688,256,8000,32.100
2026-07-23T01:20:21.711Z,usb,1,3612849267,142574,36498944,256,8000,32.100
2026-07-23T01:20:21.743Z,usb,1,3612849267,142575,36499200,256,8000,32.100
2026-07-23T01:20:21.775Z,usb,1,3612849267,142576,36499456,256,8000,32.100
2026-07-23T01:20:21.807Z,usb,1,3612849267,142577,36499712,256,8000,32.100
2026-07-23T01:20:21.839Z,usb,1,3612849267,142578,36499968,256,8000,32.100
2026-07-23T01:20:21.871Z,usb,1,3612849267,142579,36500224,256,8000,32.100
2026-07-23T01:20:21.906Z,usb,1,3612849267,142580,36500480,256,8000,32.100
2026-07-23T01:20:21.935Z,usb,1,3612849267,142581,36500736,256,8000,32.100
2026-07-23T01:20:21.967Z,usb,1,3612849267,142582,36500992,256,8000,32.100
2026-07-23T01:20:21.999Z,usb,1,3612849267,142583,36501248,256,8000,32.100
2026-07-23T01:20:22.031Z,usb,1,3612849267,142584,36501504,256,8000,32.100
2026-07-23T01:20:22.063Z,usb,1,3612849267,142585,36501760,256,8000,32.100
2026-07-23T01:20:22.095Z,usb,1,3612849267,142586,36502016,256,8000,32.100
2026-07-23T01:20:22.127Z,usb,1,3612849267,142587,36502272,256,8000,32.100
2026-07-23T01:20:22.159Z,usb,1,3612849267,142588,36502528,256,8000,32.100
2026-07-23T01:20:22.191Z,usb,1,3612849267,142589,36502784,256,8000,32.100
2026-07-23T01:20:22.223Z,usb,1,3612849267,142590,36503040,256,8000,32.100
2026-07-23T01:20:22.255Z,usb,1,3612849267,142591,36503296,256,8000,32.100
2026-07-23T01:20:22.287Z,usb,1,3612849267,142592,36503552,256,8000,32.100
2026-07-23T01:20:22.319Z,usb,1,3612849267,142593,36503808,256,8000,32.100
2026-07-23T01:20:22.351Z,usb,1,3612849267,142594,36504064,256,8000,32.100
2026-07-23T01:20:22.383Z,usb,1,3612849267,142595,36504320,256,8000,32.100
2026-07-23T01:20:22.416Z,usb,1,3612849267,142596,36504576,256,8000,32.100
2026-07-23T01:20:22.447Z,usb,1,3612849267,142597,36504832,256,8000,32.100
2026-07-23T01:20:22.479Z,usb,1,3612849267,142598,36505088,256,8000,32.100
2026-07-23T01:20:22.511Z,usb,1,3612849267,142599,36505344,256,8000,32.100
2026-07-23T01:20:22.543Z,usb,1,3612849267,142600,36505600,256,8000,32.100
2026-07-23T01:20:22.575Z,usb,1,3612849267,142601,36505856,256,8000,32.100
2026-07-23T01:20:22.607Z,usb,1,3612849267,142602,36506112,256,8000,32.100
2026-07-23T01:20:22.639Z,usb,1,3612849267,142603,36506368,256,8000,32.100
2026-07-23T01:20:22.671Z,usb,1,3612849267,142604,36506624,256,8000,32.100
2026-07-23T01:20:22.703Z,usb,1,3612849267,142605,36506880,256,8000,32.100
2026-07-23T01:20:22.735Z,usb,1,3612849267,142606,36507136,256,8000,32.100
2026-07-23T01:20:22.767Z,usb,1,3612849267,142607,36507392,256,8000,32.100
2026-07-23T01:20:22.799Z,usb,1,3612849267,142608,36507648,256,8000,32.100
2026-07-23T01:20:22.831Z,usb,1,3612849267,142609,36507904,256,8000,32.100
2026-07-23T01:20:22.863Z,usb,1,3612849267,142610,36508160,256,8000,32.100
2026-07-23T01:20:22.895Z,usb,1,3612849267,142611,36508416,256,8000,32.100
2026-07-23T01:20:22.927Z,usb,1,3612849267,142612,36508672,256,8000,32.100
2026-07-23T01:20:22.959Z,usb,1,3612849267,142613,36508928,256,8000,32.100
2026-07-23T01:20:22.991Z,usb,1,3612849267,142614,36509184,256,8000,32.100
2026-07-23T01:20:23.023Z,usb,1,3612849267,142615,36509440,256,8000,32.100
2026-07-23T01:20:23.055Z,usb,1,3612849267,142616,36509696,256,8000,32.100
2026-07-23T01:20:23.087Z,usb,1,3612849267,142617,36509952,256,8000,32.100
2026-07-23T01:20:23.119Z,usb,1,3612849267,142618,36510208,256,8000,32.100
2026-07-23T01:20:23.151Z,usb,1,3612849267,142619,36510464,256,8000,32.100
2026-07-23T01:20:23.183Z,usb,1,3612849267,142620,36510720,256,8000,32.100
2026-07-23T01:20:23.215Z,usb,1,3612849267,142621,36510976,256,8000,32.100
2026-07-23T01:20:23.247Z,usb,1,3612849267,142622,36511232,256,8000,32.100
2026-07-23T01:20:23.279Z,usb,1,3612849267,142623,36511488,256,8000,32.100
2026-07-23T01:20:23.311Z,usb,1,3612849267,142624,36511744,256,8000,32.100
2026-07-23T01:20:23.343Z,usb,1,3612849267,142625,36512000,256,8000,32.100
2026-07-23T01:20:23.375Z,usb,1,3612849267,142626,36512256,256,8000,32.100
2026-07-23T01:20:23.407Z,usb,1,3612849267,142627,36512512,256,8000,32.100
2026-07-23T01:20:23.439Z,usb,1,3612849267,142628,36512768,256,8000,32.100
2026-07-23T01:20:23.471Z,usb,1,3612849267,142629,36513024,256,8000,32.100
2026-07-23T01:20:23.503Z,usb,1,3612849267,142630,36513280,256,8000,32.100
2026-07-23T01:20:23.535Z,usb,1,3612849267,142631,36513536,256,8000,32.100
2026-07-23T01:20:23.567Z,usb,1,3612849267,142632,36513792,256,8000,32.100
2026-07-23T01:20:23.599Z,usb,1,3612849267,142633,36514048,256,8000,32.100
2026-07-23T01:20:23.631Z,usb,1,3612849267,142634,36514304,256,8000,32.100
2026-07-23T01:20:23.663Z,usb,1,3612849267,142635,36514560,256,8000,32.100
2026-07-23T01:20:23.695Z,usb,1,3612849267,142636,36514816,256,8000,32.100
2026-07-23T01:20:23.727Z,usb,1,3612849267,142637,36515072,256,8000,32.100
2026-07-23T01:20:23.759Z,usb,1,3612849267,142638,36515328,256,8000,32.100
2026-07-23T01:20:23.791Z,usb,1,3612849267,142639,36515584,256,8000,32.100
2026-07-23T01:20:23.823Z,usb,1,3612849267,142640,36515840,256,8000,32.100
2026-07-23T01:20:23.855Z,usb,1,3612849267,142641,36516096,256,8000,32.100
2026-07-23T01:20:23.887Z,usb,1,3612849267,142642,36516352,256,8000,32.100
2026-07-23T01:20:23.919Z,usb,1,3612849267,142643,36516608,256,8000,32.100
2026-07-23T01:20:23.951Z,usb,1,3612849267,142644,36516864,256,8000,32.100
2026-07-23T01:20:23.983Z,usb,1,3612849267,142645,36517120,256,8000,32.100
2026-07-23T01:20:24.015Z,usb,1,3612849267,142646,36517376,256,8000,32.100
2026-07-23T01:20:24.047Z,usb,1,3612849267,142647,36517632,256,8000,32.100
2026-07-23T01:20:24.079Z,usb,1,3612849267,142648,36517888,256,8000,32.100
2026-07-23T01:20:24.111Z,usb,1,3612849267,142649,36518144,256,8000,32.100
2026-07-23T01:20:24.143Z,usb,1,3612849267,142650,36518400,256,8000,32.100
2026-07-23T01:20:24.175Z,usb,1,3612849267,142651,36518656,256,8000,32.100
2026-07-23T01:20:24.207Z,usb,1,3612849267,142652,36518912,256,8000,32.100
2026-07-23T01:20:24.239Z,usb,1,3612849267,142653,36519168,256,8000,32.100
2026-07-23T01:20:24.271Z,usb,1,3612849267,142654,36519424,256,8000,32.100
2026-07-23T01:20:24.303Z,usb,1,3612849267,142655,36519680,256,8000,32.100
2026-07-23T01:20:24.335Z,usb,1,3612849267,142656,36519936,256,8000,32.100
2026-07-23T01:20:24.367Z,usb,1,3612849267,142657,36520192,256,8000,32.100
2026-07-23T01:20:24.399Z,usb,1,3612849267,142658,36520448,256,8000,32.100
2026-07-23T01:20:24.431Z,usb,1,3612849267,142659,36520704,256,8000,32.100
2026-07-23T01:20:24.463Z,usb,1,3612849267,142660,36520960,256,8000,32.100
2026-07-23T01:20:24.495Z,usb,1,3612849267,142661,36521216,256,8000,32.100
2026-07-23T01:20:24.527Z,usb,1,3612849267,142662,36521472,256,8000,32.100
2026-07-23T01:20:24.559Z,usb,1,3612849267,142663,36521728,256,8000,32.100
2026-07-23T01:20:24.591Z,usb,1,3612849267,142664,36521984,256,8000,32.100
2026-07-23T01:20:24.623Z,usb,1,3612849267,142665,36522240,256,8000,32.100
2026-07-23T01:20:24.655Z,usb,1,3612849267,142666,36522496,256,8000,32.100
2026-07-23T01:20:24.687Z,usb,1,3612849267,142667,36522752,256,8000,32.100
2026-07-23T01:20:24.719Z,usb,1,3612849267,142668,36523008,256,8000,32.100
2026-07-23T01:20:24.751Z,usb,1,3612849267,142669,36523264,256,8000,32.100
2026-07-23T01:20:24.783Z,usb,1,3612849267,142670,36523520,256,8000,32.100
2026-07-23T01:20:24.815Z,usb,1,3612849267,142671,36523776,256,8000,32.100
2026-07-23T01:20:24.847Z,usb,1,3612849267,142672,36524032,256,8000,32.100
2026-07-23T01:20:24.879Z,usb,1,3612849267,142673,36524288,256,8000,32.100
2026-07-23T01:20:24.911Z,usb,1,3612849267,142674,36524544,256,8000,32.100
2026-07-23T01:20:24.943Z,usb,1,3612849267,142675,36524800,256,8000,32.100
2026-07-23T01:20:24.975Z,usb,1,3612849267,142676,36525056,256,8000,32.100
2026-07-23T01:20:25.007Z,usb,1,3612849267,142677,36525312,256,8000,32.100
2026-07-23T01:20:25.039Z,usb,1,3612849267,142678,36525568,256,8000,32.100
2026-07-23T01:20:25.071Z,usb,1,3612849267,142679,36525824,256,8000,32.100
2026-07-23T01:20:25.103Z,usb,1,3612849267,142680,36526080,256,8000,32.100
2026-07-23T01:20:25.135Z,usb,1,3612849267,142681,36526336,256,8000,32.100
2026-07-23T01:20:25.167Z,usb,1,3612849267,142682,36526592,256,8000,32.100
2026-07-23T01:20:25.199Z,usb,1,3612849267,142683,36526848,256,8000,32.100
2026-07-23T01:20:25.231Z,usb,1,3612849267,142684,36527104,256,8000,32.100
2026-07-23T01:20:25.263Z,usb,1,3612849267,142685,36527360,256,8000,32.100
2026-07-23T01:20:25.295Z,usb,1,3612849267,142686,36527616,256,8000,32.100
2026-07-23T01:20:25.327Z,usb,1,3612849267,142687,36527872,256,8000,32.100
2026-07-23T01:20:25.359Z,usb,1,3612849267,142688,36528128,256,8000,32.100
2026-07-23T01:20:25.391Z,usb,1,3612849267,142689,36528384,256,8000,32.100
2026-07-23T01:20:25.423Z,usb,1,3612849267,142690,36528640,256,8000,32.100
2026-07-23T01:20:25.455Z,usb,1,3612849267,142691,36528896,256,8000,32.100
2026-07-23T01:20:25.487Z,usb,1,3612849267,142692,36529152,256,8000,32.100
2026-07-23T01:20:25.519Z,usb,1,3612849267,142693,36529408,256,8000,32.100
2026-07-23T01:20:25.551Z,usb,1,3612849267,142694,36529664,256,8000,32.100
2026-07-23T01:20:25.583Z,usb,1,3612849267,142695,36529920,256,8000,32.100
2026-07-23T01:20:25.615Z,usb,1,3612849267,142696,36530176,256,8000,32.100
2026-07-23T01:20:25.647Z,usb,1,3612849267,142697,36530432,256,8000,32.100
2026-07-23T01:20:25.679Z,usb,1,3612849267,142698,36530688,256,8000,32.100
2026-07-23T01:20:25.711Z,usb,1,3612849267,142699,36530944,256,8000,32.100
2026-07-23T01:20:25.743Z,usb,1,3612849267,142700,36531200,256,8000,32.100
2026-07-23T01:20:25.775Z,usb,1,3612849267,142701,36531456,256,8000,32.100
2026-07-23T01:20:25.807Z,usb,1,3612849267,142702,36531712,256,8000,32.100
2026-07-23T01:20:25.839Z,usb,1,3612849267,142703,36531968,256,8000,32.100
2026-07-23T01:20:25.871Z,usb,1,3612849267,142704,36532224,256,8000,32.100
2026-07-23T01:20:25.903Z,usb,1,3612849267,142705,36532480,256,8000,32.100
2026-07-23T01:20:25.935Z,usb,1,3612849267,142706,36532736,256,8000,32.100
2026-07-23T01:20:25.967Z,usb,1,3612849267,142707,36532992,256,8000,32.100
2026-07-23T01:20:25.999Z,usb,1,3612849267,142708,36533248,256,8000,32.100
2026-07-23T01:20:26.031Z,usb,1,3612849267,142709,36533504,256,8000,32.100
2026-07-23T01:20:26.063Z,usb,1,3612849267,142710,36533760,256,8000,32.100
2026-07-23T01:20:26.095Z,usb,1,3612849267,142711,36534016,256,8000,32.100
2026-07-23T01:20:26.127Z,usb,1,3612849267,142712,36534272,256,8000,32.100
2026-07-23T01:20:26.159Z,usb,1,3612849267,142713,36534528,256,8000,32.100
2026-07-23T01:20:26.191Z,usb,1,3612849267,142714,36534784,256,8000,32.100
2026-07-23T01:20:26.223Z,usb,1,3612849267,142715,36535040,256,8000,32.100
2026-07-23T01:20:26.255Z,usb,1,3612849267,142716,36535296,256,8000,32.100
2026-07-23T01:20:26.287Z,usb,1,3612849267,142717,36535552,256,8000,32.100
2026-07-23T01:20:26.319Z,usb,1,3612849267,142718,36535808,256,8000,32.100
2026-07-23T01:20:26.351Z,usb,1,3612849267,142719,36536064,256,8000,32.100
2026-07-23T01:20:26.383Z,usb,1,3612849267,142720,36536320,256,8000,32.100
2026-07-23T01:20:26.415Z,usb,1,3612849267,142721,36536576,256,8000,32.100
2026-07-23T01:20:26.447Z,usb,1,3612849267,142722,36536832,256,8000,32.100
2026-07-23T01:20:26.479Z,usb,1,3612849267,142723,36537088,256,8000,32.100
2026-07-23T01:20:26.512Z,usb,1,3612849267,142724,36537344,256,8000,32.100
2026-07-23T01:20:26.543Z,usb,1,3612849267,142725,36537600,256,8000,32.100
2026-07-23T01:20:26.575Z,usb,1,3612849267,142726,36537856,256,8000,32.100
2026-07-23T01:20:26.607Z,usb,1,3612849267,142727,36538112,256,8000,32.100
2026-07-23T01:20:26.639Z,usb,1,3612849267,142728,36538368,256,8000,32.100
2026-07-23T01:20:26.671Z,usb,1,3612849267,142729,36538624,256,8000,32.100
2026-07-23T01:20:26.703Z,usb,1,3612849267,142730,36538880,256,8000,32.100
2026-07-23T01:20:26.735Z,usb,1,3612849267,142731,36539136,256,8000,32.100
2026-07-23T01:20:26.767Z,usb,1,3612849267,142732,36539392,256,8000,32.100
2026-07-23T01:20:26.799Z,usb,1,3612849267,142733,36539648,256,8000,32.100
2026-07-23T01:20:26.831Z,usb,1,3612849267,142734,36539904,256,8000,32.100
2026-07-23T01:20:26.863Z,usb,1,3612849267,142735,36540160,256,8000,32.100
2026-07-23T01:20:26.895Z,usb,1,3612849267,142736,36540416,256,8000,32.100
2026-07-23T01:20:26.927Z,usb,1,3612849267,142737,36540672,256,8000,32.100
2026-07-23T01:20:26.959Z,usb,1,3612849267,142738,36540928,256,8000,32.100
2026-07-23T01:20:26.991Z,usb,1,3612849267,142739,36541184,256,8000,32.100
2026-07-23T01:20:27.023Z,usb,1,3612849267,142740,36541440,256,8000,32.100
2026-07-23T01:20:27.055Z,usb,1,3612849267,142741,36541696,256,8000,32.100
2026-07-23T01:20:27.087Z,usb,1,3612849267,142742,36541952,256,8000,32.100
2026-07-23T01:20:27.119Z,usb,1,3612849267,142743,36542208,256,8000,32.100
2026-07-23T01:20:27.151Z,usb,1,3612849267,142744,36542464,256,8000,32.100
2026-07-23T01:20:27.183Z,usb,1,3612849267,142745,36542720,256,8000,32.100
2026-07-23T01:20:27.215Z,usb,1,3612849267,142746,36542976,256,8000,32.100
2026-07-23T01:20:27.247Z,usb,1,3612849267,142747,36543232,256,8000,32.100
2026-07-23T01:20:27.279Z,usb,1,3612849267,142748,36543488,256,8000,32.100
2026-07-23T01:20:27.311Z,usb,1,3612849267,142749,36543744,256,8000,32.100
2026-07-23T01:20:27.343Z,usb,1,3612849267,142750,36544000,256,8000,32.100
2026-07-23T01:20:27.375Z,usb,1,3612849267,142751,36544256,256,8000,32.100
2026-07-23T01:20:27.407Z,usb,1,3612849267,142752,36544512,256,8000,32.100
2026-07-23T01:20:27.439Z,usb,1,3612849267,142753,36544768,256,8000,32.100
2026-07-23T01:20:27.471Z,usb,1,3612849267,142754,36545024,256,8000,32.100
2026-07-23T01:20:27.503Z,usb,1,3612849267,142755,36545280,256,8000,32.100
2026-07-23T01:20:27.535Z,usb,1,3612849267,142756,36545536,256,8000,32.100
2026-07-23T01:20:27.567Z,usb,1,3612849267,142757,36545792,256,8000,32.100
2026-07-23T01:20:27.599Z,usb,1,3612849267,142758,36546048,256,8000,32.100
2026-07-23T01:20:27.631Z,usb,1,3612849267,142759,36546304,256,8000,32.100
2026-07-23T01:20:27.663Z,usb,1,3612849267,142760,36546560,256,8000,32.100
2026-07-23T01:20:27.696Z,usb,1,3612849267,142761,36546816,256,8000,32.100
2026-07-23T01:20:27.727Z,usb,1,3612849267,142762,36547072,256,8000,32.100
2026-07-23T01:20:27.759Z,usb,1,3612849267,142763,36547328,256,8000,32.100
2026-07-23T01:20:27.791Z,usb,1,3612849267,142764,36547584,256,8000,32.100
2026-07-23T01:20:27.823Z,usb,1,3612849267,142765,36547840,256,8000,32.100
2026-07-23T01:20:27.855Z,usb,1,3612849267,142766,36548096,256,8000,32.100
2026-07-23T01:20:27.887Z,usb,1,3612849267,142767,36548352,256,8000,32.100
2026-07-23T01:20:27.919Z,usb,1,3612849267,142768,36548608,256,8000,32.100
2026-07-23T01:20:27.951Z,usb,1,3612849267,142769,36548864,256,8000,32.100
2026-07-23T01:20:27.983Z,usb,1,3612849267,142770,36549120,256,8000,32.100
2026-07-23T01:20:28.015Z,usb,1,3612849267,142771,36549376,256,8000,32.100
2026-07-23T01:20:28.047Z,usb,1,3612849267,142772,36549632,256,8000,32.100
2026-07-23T01:20:28.079Z,usb,1,3612849267,142773,36549888,256,8000,32.100
2026-07-23T01:20:28.111Z,usb,1,3612849267,142774,36550144,256,8000,32.100
2026-07-23T01:20:28.143Z,usb,1,3612849267,142775,36550400,256,8000,32.100
2026-07-23T01:20:28.175Z,usb,1,3612849267,142776,36550656,256,8000,32.100
2026-07-23T01:20:28.209Z,usb,1,3612849267,142777,36550912,256,8000,32.100
2026-07-23T01:20:28.239Z,usb,1,3612849267,142778,36551168,256,8000,32.100
2026-07-23T01:20:28.271Z,usb,1,3612849267,142779,36551424,256,8000,32.100
2026-07-23T01:20:28.303Z,usb,1,3612849267,142780,36551680,256,8000,32.100
2026-07-23T01:20:28.335Z,usb,1,3612849267,142781,36551936,256,8000,32.100
2026-07-23T01:20:28.367Z,usb,1,3612849267,142782,36552192,256,8000,32.100
2026-07-23T01:20:28.399Z,usb,1,3612849267,142783,36552448,256,8000,32.100
2026-07-23T01:20:28.431Z,usb,1,3612849267,142784,36552704,256,8000,32.100
2026-07-23T01:20:28.463Z,usb,1,3612849267,142785,36552960,256,8000,32.100
2026-07-23T01:20:28.495Z,usb,1,3612849267,142786,36553216,256,8000,32.100
2026-07-23T01:20:28.527Z,usb,1,3612849267,142787,36553472,256,8000,32.100
2026-07-23T01:20:28.559Z,usb,1,3612849267,142788,36553728,256,8000,32.100
2026-07-23T01:20:28.591Z,usb,1,3612849267,142789,36553984,256,8000,32.100
2026-07-23T01:20:28.634Z,usb,1,3612849267,142790,36554240,256,8000,32.100
2026-07-23T01:20:28.655Z,usb,1,3612849267,142791,36554496,256,8000,32.100
2026-07-23T01:20:28.687Z,usb,1,3612849267,142792,36554752,256,8000,32.100
2026-07-23T01:20:28.719Z,usb,1,3612849267,142793,36555008,256,8000,32.100
2026-07-23T01:20:28.751Z,usb,1,3612849267,142794,36555264,256,8000,32.100
2026-07-23T01:20:28.783Z,usb,1,3612849267,142795,36555520,256,8000,32.100
2026-07-23T01:20:28.815Z,usb,1,3612849267,142796,36555776,256,8000,32.100
2026-07-23T01:20:28.847Z,usb,1,3612849267,142797,36556032,256,8000,32.100
2026-07-23T01:20:28.879Z,usb,1,3612849267,142798,36556288,256,8000,32.100
2026-07-23T01:20:28.911Z,usb,1,3612849267,142799,36556544,256,8000,32.100
2026-07-23T01:20:28.943Z,usb,1,3612849267,142800,36556800,256,8000,32.100
2026-07-23T01:20:28.975Z,usb,1,3612849267,142801,36557056,256,8000,32.100
2026-07-23T01:20:29.007Z,usb,1,3612849267,142802,36557312,256,8000,32.100
2026-07-23T01:20:29.039Z,usb,1,3612849267,142803,36557568,256,8000,32.100
2026-07-23T01:20:29.071Z,usb,1,3612849267,142804,36557824,256,8000,32.100
2026-07-23T01:20:29.103Z,usb,1,3612849267,142805,36558080,256,8000,32.100
2026-07-23T01:20:29.135Z,usb,1,3612849267,142806,36558336,256,8000,32.100
2026-07-23T01:20:29.167Z,usb,1,3612849267,142807,36558592,256,8000,32.100
2026-07-23T01:20:29.199Z,usb,1,3612849267,142808,36558848,256,8000,32.100
2026-07-23T01:20:29.231Z,usb,1,3612849267,142809,36559104,256,8000,32.100
2026-07-23T01:20:29.263Z,usb,1,3612849267,142810,36559360,256,8000,32.100
2026-07-23T01:20:29.295Z,usb,1,3612849267,142811,36559616,256,8000,32.100
2026-07-23T01:20:29.327Z,usb,1,3612849267,142812,36559872,256,8000,32.100
2026-07-23T01:20:29.359Z,usb,1,3612849267,142813,36560128,256,8000,32.100
2026-07-23T01:20:29.391Z,usb,1,3612849267,142814,36560384,256,8000,32.100
2026-07-23T01:20:29.423Z,usb,1,3612849267,142815,36560640,256,8000,32.100
2026-07-23T01:20:29.455Z,usb,1,3612849267,142816,36560896,256,8000,32.100
2026-07-23T01:20:29.487Z,usb,1,3612849267,142817,36561152,256,8000,32.100
2026-07-23T01:20:29.519Z,usb,1,3612849267,142818,36561408,256,8000,32.100
2026-07-23T01:20:29.551Z,usb,1,3612849267,142819,36561664,256,8000,32.100
2026-07-23T01:20:29.584Z,usb,1,3612849267,142820,36561920,256,8000,32.100
2026-07-23T01:20:29.615Z,usb,1,3612849267,142821,36562176,256,8000,32.100
2026-07-23T01:20:29.647Z,usb,1,3612849267,142822,36562432,256,8000,32.100
2026-07-23T01:20:29.679Z,usb,1,3612849267,142823,36562688,256,8000,32.100
2026-07-23T01:20:29.711Z,usb,1,3612849267,142824,36562944,256,8000,32.100
2026-07-23T01:20:29.743Z,usb,1,3612849267,142825,36563200,256,8000,32.100
2026-07-23T01:20:29.775Z,usb,1,3612849267,142826,36563456,256,8000,32.100
2026-07-23T01:20:29.807Z,usb,1,3612849267,142827,36563712,256,8000,32.100
2026-07-23T01:20:29.839Z,usb,1,3612849267,142828,36563968,256,8000,32.100
2026-07-23T01:20:29.871Z,usb,1,3612849267,142829,36564224,256,8000,32.100
2026-07-23T01:20:29.904Z,usb,1,3612849267,142830,36564480,256,8000,32.100
2026-07-23T01:20:29.935Z,usb,1,3612849267,142831,36564736,256,8000,32.100
2026-07-23T01:20:29.967Z,usb,1,3612849267,142832,36564992,256,8000,32.100
2026-07-23T01:20:29.999Z,usb,1,3612849267,142833,36565248,256,8000,32.100
2026-07-23T01:20:30.031Z,usb,1,3612849267,142834,36565504,256,8000,32.100
2026-07-23T01:20:30.063Z,usb,1,3612849267,142835,36565760,256,8000,32.100
2026-07-23T01:20:30.095Z,usb,1,3612849267,142836,36566016,256,8000,32.100
2026-07-23T01:20:30.127Z,usb,1,3612849267,142837,36566272,256,8000,32.100
2026-07-23T01:20:30.159Z,usb,1,3612849267,142838,36566528,256,8000,32.100
2026-07-23T01:20:30.191Z,usb,1,3612849267,142839,36566784,256,8000,32.100
2026-07-23T01:20:30.223Z,usb,1,3612849267,142840,36567040,256,8000,32.100
2026-07-23T01:20:30.255Z,usb,1,3612849267,142841,36567296,256,8000,32.100
2026-07-23T01:20:30.287Z,usb,1,3612849267,142842,36567552,256,8000,32.100
2026-07-23T01:20:30.319Z,usb,1,3612849267,142843,36567808,256,8000,32.100
2026-07-23T01:20:30.351Z,usb,1,3612849267,142844,36568064,256,8000,32.100
2026-07-23T01:20:30.383Z,usb,1,3612849267,142845,36568320,256,8000,32.100
2026-07-23T01:20:30.415Z,usb,1,3612849267,142846,36568576,256,8000,32.100
2026-07-23T01:20:30.447Z,usb,1,3612849267,142847,36568832,256,8000,32.100
2026-07-23T01:20:30.479Z,usb,1,3612849267,142848,36569088,256,8000,32.100
2026-07-23T01:20:30.511Z,usb,1,3612849267,142849,36569344,256,8000,32.100
2026-07-23T01:20:30.543Z,usb,1,3612849267,142850,36569600,256,8000,32.100
2026-07-23T01:20:30.575Z,usb,1,3612849267,142851,36569856,256,8000,32.100
2026-07-23T01:20:30.608Z,usb,1,3612849267,142852,36570112,256,8000,32.100
2026-07-23T01:20:30.639Z,usb,1,3612849267,142853,36570368,256,8000,32.100
2026-07-23T01:20:30.671Z,usb,1,3612849267,142854,36570624,256,8000,32.100
2026-07-23T01:20:30.703Z,usb,1,3612849267,142855,36570880,256,8000,32.100
2026-07-23T01:20:30.735Z,usb,1,3612849267,142856,36571136,256,8000,32.100
2026-07-23T01:20:30.767Z,usb,1,3612849267,142857,36571392,256,8000,32.100
2026-07-23T01:20:30.799Z,usb,1,3612849267,142858,36571648,256,8000,32.100
2026-07-23T01:20:30.831Z,usb,1,3612849267,142859,36571904,256,8000,32.100
2026-07-23T01:20:30.863Z,usb,1,3612849267,142860,36572160,256,8000,32.100
2026-07-23T01:20:30.895Z,usb,1,3612849267,142861,36572416,256,8000,32.100
2026-07-23T01:20:30.927Z,usb,1,3612849267,142862,36572672,256,8000,32.100
2026-07-23T01:20:30.959Z,usb,1,3612849267,142863,36572928,256,8000,32.100
2026-07-23T01:20:30.991Z,usb,1,3612849267,142864,36573184,256,8000,32.100
2026-07-23T01:20:31.023Z,usb,1,3612849267,142865,36573440,256,8000,32.100
2026-07-23T01:20:31.055Z,usb,1,3612849267,142866,36573696,256,8000,32.100
2026-07-23T01:20:31.087Z,usb,1,3612849267,142867,36573952,256,8000,32.100
2026-07-23T01:20:31.119Z,usb,1,3612849267,142868,36574208,256,8000,32.100
2026-07-23T01:20:31.151Z,usb,1,3612849267,142869,36574464,256,8000,32.100
2026-07-23T01:20:31.183Z,usb,1,3612849267,142870,36574720,256,8000,32.100
2026-07-23T01:20:31.215Z,usb,1,3612849267,142871,36574976,256,8000,32.100
2026-07-23T01:20:31.247Z,usb,1,3612849267,142872,36575232,256,8000,32.100
2026-07-23T01:20:31.279Z,usb,1,3612849267,142873,36575488,256,8000,32.100
2026-07-23T01:20:31.311Z,usb,1,3612849267,142874,36575744,256,8000,32.100
2026-07-23T01:20:31.343Z,usb,1,3612849267,142875,36576000,256,8000,32.100
2026-07-23T01:20:31.375Z,usb,1,3612849267,142876,36576256,256,8000,32.100
2026-07-23T01:20:31.407Z,usb,1,3612849267,142877,36576512,256,8000,32.100
2026-07-23T01:20:31.439Z,usb,1,3612849267,142878,36576768,256,8000,32.100
2026-07-23T01:20:31.471Z,usb,1,3612849267,142879,36577024,256,8000,32.100
2026-07-23T01:20:31.503Z,usb,1,3612849267,142880,36577280,256,8000,32.100
2026-07-23T01:20:31.535Z,usb,1,3612849267,142881,36577536,256,8000,32.100
2026-07-23T01:20:31.567Z,usb,1,3612849267,142882,36577792,256,8000,32.100
2026-07-23T01:20:31.599Z,usb,1,3612849267,142883,36578048,256,8000,32.100
2026-07-23T01:20:31.632Z,usb,1,3612849267,142884,36578304,256,8000,32.100
2026-07-23T01:20:31.663Z,usb,1,3612849267,142885,36578560,256,8000,32.100
2026-07-23T01:20:31.695Z,usb,1,3612849267,142886,36578816,256,8000,32.100
2026-07-23T01:20:31.727Z,usb,1,3612849267,142887,36579072,256,8000,32.100
2026-07-23T01:20:31.759Z,usb,1,3612849267,142888,36579328,256,8000,32.100
2026-07-23T01:20:31.791Z,usb,1,3612849267,142889,36579584,256,8000,32.100
2026-07-23T01:20:31.823Z,usb,1,3612849267,142890,36579840,256,8000,32.100
2026-07-23T01:20:31.855Z,usb,1,3612849267,142891,36580096,256,8000,32.100
2026-07-23T01:20:31.887Z,usb,1,3612849267,142892,36580352,256,8000,32.100
2026-07-23T01:20:31.919Z,usb,1,3612849267,142893,36580608,256,8000,32.100
2026-07-23T01:20:31.951Z,usb,1,3612849267,142894,36580864,256,8000,32.100
2026-07-23T01:20:31.983Z,usb,1,3612849267,142895,36581120,256,8000,32.100
2026-07-23T01:20:32.015Z,usb,1,3612849267,142896,36581376,256,8000,32.100
2026-07-23T01:20:32.047Z,usb,1,3612849267,142897,36581632,256,8000,32.100
2026-07-23T01:20:32.079Z,usb,1,3612849267,142898,36581888,256,8000,32.100
2026-07-23T01:20:32.111Z,usb,1,3612849267,142899,36582144,256,8000,32.100
2026-07-23T01:20:32.143Z,usb,1,3612849267,142900,36582400,256,8000,32.100
2026-07-23T01:20:32.175Z,usb,1,3612849267,142901,36582656,256,8000,32.100
2026-07-23T01:20:32.207Z,usb,1,3612849267,142902,36582912,256,8000,32.100
2026-07-23T01:20:32.239Z,usb,1,3612849267,142903,36583168,256,8000,32.100
2026-07-23T01:20:32.271Z,usb,1,3612849267,142904,36583424,256,8000,32.100
2026-07-23T01:20:32.303Z,usb,1,3612849267,142905,36583680,256,8000,32.100
2026-07-23T01:20:32.335Z,usb,1,3612849267,142906,36583936,256,8000,32.100
2026-07-23T01:20:32.367Z,usb,1,3612849267,142907,36584192,256,8000,32.100
2026-07-23T01:20:32.399Z,usb,1,3612849267,142908,36584448,256,8000,32.100
2026-07-23T01:20:32.431Z,usb,1,3612849267,142909,36584704,256,8000,32.100
2026-07-23T01:20:32.463Z,usb,1,3612849267,142910,36584960,256,8000,32.100
2026-07-23T01:20:32.495Z,usb,1,3612849267,142911,36585216,256,8000,32.100
2026-07-23T01:20:32.527Z,usb,1,3612849267,142912,36585472,256,8000,32.100
2026-07-23T01:20:32.559Z,usb,1,3612849267,142913,36585728,256,8000,32.100
2026-07-23T01:20:32.591Z,usb,1,3612849267,142914,36585984,256,8000,32.100
2026-07-23T01:20:32.623Z,usb,1,3612849267,142915,36586240,256,8000,32.100
2026-07-23T01:20:32.655Z,usb,1,3612849267,142916,36586496,256,8000,32.100
2026-07-23T01:20:32.687Z,usb,1,3612849267,142917,36586752,256,8000,32.100
2026-07-23T01:20:32.719Z,usb,1,3612849267,142918,36587008,256,8000,32.100
2026-07-23T01:20:32.751Z,usb,1,3612849267,142919,36587264,256,8000,32.100
2026-07-23T01:20:32.783Z,usb,1,3612849267,142920,36587520,256,8000,32.100
2026-07-23T01:20:32.815Z,usb,1,3612849267,142921,36587776,256,8000,32.100
2026-07-23T01:20:32.847Z,usb,1,3612849267,142922,36588032,256,8000,32.100
2026-07-23T01:20:32.879Z,usb,1,3612849267,142923,36588288,256,8000,32.100
2026-07-23T01:20:32.911Z,usb,1,3612849267,142924,36588544,256,8000,32.100
2026-07-23T01:20:32.943Z,usb,1,3612849267,142925,36588800,256,8000,32.100
2026-07-23T01:20:32.975Z,usb,1,3612849267,142926,36589056,256,8000,32.100
2026-07-23T01:20:33.007Z,usb,1,3612849267,142927,36589312,256,8000,32.100
2026-07-23T01:20:33.039Z,usb,1,3612849267,142928,36589568,256,8000,32.100
2026-07-23T01:20:33.071Z,usb,1,3612849267,142929,36589824,256,8000,32.100
2026-07-23T01:20:33.103Z,usb,1,3612849267,142930,36590080,256,8000,32.100
2026-07-23T01:20:33.135Z,usb,1,3612849267,142931,36590336,256,8000,32.100
2026-07-23T01:20:33.167Z,usb,1,3612849267,142932,36590592,256,8000,32.100
2026-07-23T01:20:33.199Z,usb,1,3612849267,142933,36590848,256,8000,32.100
2026-07-23T01:20:33.231Z,usb,1,3612849267,142934,36591104,256,8000,32.100
2026-07-23T01:20:33.263Z,usb,1,3612849267,142935,36591360,256,8000,32.100
2026-07-23T01:20:33.295Z,usb,1,3612849267,142936,36591616,256,8000,32.100
2026-07-23T01:20:33.327Z,usb,1,3612849267,142937,36591872,256,8000,32.100
2026-07-23T01:20:33.359Z,usb,1,3612849267,142938,36592128,256,8000,32.100
2026-07-23T01:20:33.391Z,usb,1,3612849267,142939,36592384,256,8000,32.100
2026-07-23T01:20:33.423Z,usb,1,3612849267,142940,36592640,256,8000,32.100
2026-07-23T01:20:33.455Z,usb,1,3612849267,142941,36592896,256,8000,32.100
2026-07-23T01:20:33.487Z,usb,1,3612849267,142942,36593152,256,8000,32.100
2026-07-23T01:20:33.519Z,usb,1,3612849267,142943,36593408,256,8000,32.100
2026-07-23T01:20:33.551Z,usb,1,3612849267,142944,36593664,256,8000,32.100
2026-07-23T01:20:33.583Z,usb,1,3612849267,142945,36593920,256,8000,32.100
2026-07-23T01:20:33.615Z,usb,1,3612849267,142946,36594176,256,8000,32.100
2026-07-23T01:20:33.647Z,usb,1,3612849267,142947,36594432,256,8000,32.100
2026-07-23T01:20:33.680Z,usb,1,3612849267,142948,36594688,256,8000,32.100
2026-07-23T01:20:33.711Z,usb,1,3612849267,142949,36594944,256,8000,32.100
2026-07-23T01:20:33.743Z,usb,1,3612849267,142950,36595200,256,8000,32.100
2026-07-23T01:20:33.775Z,usb,1,3612849267,142951,36595456,256,8000,32.100
2026-07-23T01:20:33.807Z,usb,1,3612849267,142952,36595712,256,8000,32.100
2026-07-23T01:20:33.839Z,usb,1,3612849267,142953,36595968,256,8000,32.100
2026-07-23T01:20:33.871Z,usb,1,3612849267,142954,36596224,256,8000,32.100
2026-07-23T01:20:33.903Z,usb,1,3612849267,142955,36596480,256,8000,32.100
2026-07-23T01:20:33.935Z,usb,1,3612849267,142956,36596736,256,8000,32.100
2026-07-23T01:20:33.967Z,usb,1,3612849267,142957,36596992,256,8000,32.100
2026-07-23T01:20:33.999Z,usb,1,3612849267,142958,36597248,256,8000,32.100
2026-07-23T01:20:34.031Z,usb,1,3612849267,142959,36597504,256,8000,32.100
2026-07-23T01:20:34.063Z,usb,1,3612849267,142960,36597760,256,8000,32.100
2026-07-23T01:20:34.095Z,usb,1,3612849267,142961,36598016,256,8000,32.100
2026-07-23T01:20:34.127Z,usb,1,3612849267,142962,36598272,256,8000,32.100
2026-07-23T01:20:34.159Z,usb,1,3612849267,142963,36598528,256,8000,32.100
2026-07-23T01:20:34.191Z,usb,1,3612849267,142964,36598784,256,8000,32.100
2026-07-23T01:20:34.223Z,usb,1,3612849267,142965,36599040,256,8000,32.100
2026-07-23T01:20:34.255Z,usb,1,3612849267,142966,36599296,256,8000,32.100
2026-07-23T01:20:34.287Z,usb,1,3612849267,142967,36599552,256,8000,32.100
2026-07-23T01:20:34.319Z,usb,1,3612849267,142968,36599808,256,8000,32.100
2026-07-23T01:20:34.351Z,usb,1,3612849267,142969,36600064,256,8000,32.100
2026-07-23T01:20:34.383Z,usb,1,3612849267,142970,36600320,256,8000,32.100
2026-07-23T01:20:34.415Z,usb,1,3612849267,142971,36600576,256,8000,32.100
2026-07-23T01:20:34.447Z,usb,1,3612849267,142972,36600832,256,8000,32.100
2026-07-23T01:20:34.479Z,usb,1,3612849267,142973,36601088,256,8000,32.100
2026-07-23T01:20:34.512Z,usb,1,3612849267,142974,36601344,256,8000,32.100
2026-07-23T01:20:34.543Z,usb,1,3612849267,142975,36601600,256,8000,32.100
2026-07-23T01:20:34.575Z,usb,1,3612849267,142976,36601856,256,8000,32.100
2026-07-23T01:20:34.607Z,usb,1,3612849267,142977,36602112,256,8000,32.100
2026-07-23T01:20:34.640Z,usb,1,3612849267,142978,36602368,256,8000,32.100
2026-07-23T01:20:34.671Z,usb,1,3612849267,142979,36602624,256,8000,32.100
2026-07-23T01:20:34.704Z,usb,1,3612849267,142980,36602880,256,8000,32.100
2026-07-23T01:20:34.735Z,usb,1,3612849267,142981,36603136,256,8000,32.100
2026-07-23T01:20:34.767Z,usb,1,3612849267,142982,36603392,256,8000,32.100
2026-07-23T01:20:34.799Z,usb,1,3612849267,142983,36603648,256,8000,32.100
2026-07-23T01:20:34.831Z,usb,1,3612849267,142984,36603904,256,8000,32.100
2026-07-23T01:20:34.863Z,usb,1,3612849267,142985,36604160,256,8000,32.100
2026-07-23T01:20:34.895Z,usb,1,3612849267,142986,36604416,256,8000,32.100
2026-07-23T01:20:34.927Z,usb,1,3612849267,142987,36604672,256,8000,32.100
2026-07-23T01:20:34.959Z,usb,1,3612849267,142988,36604928,256,8000,32.100
2026-07-23T01:20:34.991Z,usb,1,3612849267,142989,36605184,256,8000,32.100
2026-07-23T01:20:35.023Z,usb,1,3612849267,142990,36605440,256,8000,32.100
2026-07-23T01:20:35.055Z,usb,1,3612849267,142991,36605696,256,8000,32.100
2026-07-23T01:20:35.087Z,usb,1,3612849267,142992,36605952,256,8000,32.100
2026-07-23T01:20:35.119Z,usb,1,3612849267,142993,36606208,256,8000,32.100
2026-07-23T01:20:35.151Z,usb,1,3612849267,142994,36606464,256,8000,32.100
2026-07-23T01:20:35.183Z,usb,1,3612849267,142995,36606720,256,8000,32.100
2026-07-23T01:20:35.215Z,usb,1,3612849267,142996,36606976,256,8000,32.100
2026-07-23T01:20:35.247Z,usb,1,3612849267,142997,36607232,256,8000,32.100
2026-07-23T01:20:35.279Z,usb,1,3612849267,142998,36607488,256,8000,32.100
2026-07-23T01:20:35.311Z,usb,1,3612849267,142999,36607744,256,8000,32.100
2026-07-23T01:20:35.343Z,usb,1,3612849267,143000,36608000,256,8000,32.100
2026-07-23T01:20:35.375Z,usb,1,3612849267,143001,36608256,256,8000,32.100
2026-07-23T01:20:35.407Z,usb,1,3612849267,143002,36608512,256,8000,32.100
2026-07-23T01:20:35.439Z,usb,1,3612849267,143003,36608768,256,8000,32.100
2026-07-23T01:20:35.471Z,usb,1,3612849267,143004,36609024,256,8000,32.100
2026-07-23T01:20:35.503Z,usb,1,3612849267,143005,36609280,256,8000,32.100
2026-07-23T01:20:35.535Z,usb,1,3612849267,143006,36609536,256,8000,32.100
2026-07-23T01:20:35.567Z,usb,1,3612849267,143007,36609792,256,8000,32.100
2026-07-23T01:20:35.599Z,usb,1,3612849267,143008,36610048,256,8000,32.100
2026-07-23T01:20:35.631Z,usb,1,3612849267,143009,36610304,256,8000,32.100
2026-07-23T01:20:35.663Z,usb,1,3612849267,143010,36610560,256,8000,32.100
2026-07-23T01:20:35.695Z,usb,1,3612849267,143011,36610816,256,8000,32.100
2026-07-23T01:20:35.727Z,usb,1,3612849267,143012,36611072,256,8000,32.100
2026-07-23T01:20:35.759Z,usb,1,3612849267,143013,36611328,256,8000,32.100
2026-07-23T01:20:35.791Z,usb,1,3612849267,143014,36611584,256,8000,32.100
2026-07-23T01:20:35.823Z,usb,1,3612849267,143015,36611840,256,8000,32.100
2026-07-23T01:20:35.855Z,usb,1,3612849267,143016,36612096,256,8000,32.100
2026-07-23T01:20:35.887Z,usb,1,3612849267,143017,36612352,256,8000,32.100
2026-07-23T01:20:35.919Z,usb,1,3612849267,143018,36612608,256,8000,32.100
2026-07-23T01:20:35.951Z,usb,1,3612849267,143019,36612864,256,8000,32.100
2026-07-23T01:20:35.983Z,usb,1,3612849267,143020,36613120,256,8000,32.100
2026-07-23T01:20:36.015Z,usb,1,3612849267,143021,36613376,256,8000,32.100
2026-07-23T01:20:36.047Z,usb,1,3612849267,143022,36613632,256,8000,32.100
2026-07-23T01:20:36.079Z,usb,1,3612849267,143023,36613888,256,8000,32.100
2026-07-23T01:20:36.111Z,usb,1,3612849267,143024,36614144,256,8000,32.100
2026-07-23T01:20:36.143Z,usb,1,3612849267,143025,36614400,256,8000,32.100
2026-07-23T01:20:36.175Z,usb,1,3612849267,143026,36614656,256,8000,32.100
2026-07-23T01:20:36.207Z,usb,1,3612849267,143027,36614912,256,8000,32.100
2026-07-23T01:20:36.239Z,usb,1,3612849267,143028,36615168,256,8000,32.100
2026-07-23T01:20:36.271Z,usb,1,3612849267,143029,36615424,256,8000,32.100
2026-07-23T01:20:36.303Z,usb,1,3612849267,143030,36615680,256,8000,32.100
2026-07-23T01:20:36.335Z,usb,1,3612849267,143031,36615936,256,8000,32.100
2026-07-23T01:20:36.367Z,usb,1,3612849267,143032,36616192,256,8000,32.100
2026-07-23T01:20:36.399Z,usb,1,3612849267,143033,36616448,256,8000,32.100
2026-07-23T01:20:36.431Z,usb,1,3612849267,143034,36616704,256,8000,32.100
2026-07-23T01:20:36.463Z,usb,1,3612849267,143035,36616960,256,8000,32.100
2026-07-23T01:20:36.495Z,usb,1,3612849267,143036,36617216,256,8000,32.100
2026-07-23T01:20:36.527Z,usb,1,3612849267,143037,36617472,256,8000,32.100
2026-07-23T01:20:36.559Z,usb,1,3612849267,143038,36617728,256,8000,32.100
2026-07-23T01:20:36.591Z,usb,1,3612849267,143039,36617984,256,8000,32.100
2026-07-23T01:20:36.623Z,usb,1,3612849267,143040,36618240,256,8000,32.100
2026-07-23T01:20:36.655Z,usb,1,3612849267,143041,36618496,256,8000,32.100
2026-07-23T01:20:36.687Z,usb,1,3612849267,143042,36618752,256,8000,32.100
2026-07-23T01:20:36.719Z,usb,1,3612849267,143043,36619008,256,8000,32.100
2026-07-23T01:20:36.752Z,usb,1,3612849267,143044,36619264,256,8000,32.100
2026-07-23T01:20:36.783Z,usb,1,3612849267,143045,36619520,256,8000,32.100
2026-07-23T01:20:36.815Z,usb,1,3612849267,143046,36619776,256,8000,32.100
2026-07-23T01:20:36.847Z,usb,1,3612849267,143047,36620032,256,8000,32.100
2026-07-23T01:20:36.879Z,usb,1,3612849267,143048,36620288,256,8000,32.100
2026-07-23T01:20:36.911Z,usb,1,3612849267,143049,36620544,256,8000,32.100
2026-07-23T01:20:36.943Z,usb,1,3612849267,143050,36620800,256,8000,32.100
2026-07-23T01:20:36.975Z,usb,1,3612849267,143051,36621056,256,8000,32.100
2026-07-23T01:20:37.007Z,usb,1,3612849267,143052,36621312,256,8000,32.100
2026-07-23T01:20:37.039Z,usb,1,3612849267,143053,36621568,256,8000,32.100
2026-07-23T01:20:37.071Z,usb,1,3612849267,143054,36621824,256,8000,32.100
2026-07-23T01:20:37.103Z,usb,1,3612849267,143055,36622080,256,8000,32.100
2026-07-23T01:20:37.135Z,usb,1,3612849267,143056,36622336,256,8000,32.100
2026-07-23T01:20:37.167Z,usb,1,3612849267,143057,36622592,256,8000,32.100
2026-07-23T01:20:37.199Z,usb,1,3612849267,143058,36622848,256,8000,32.100
2026-07-23T01:20:37.231Z,usb,1,3612849267,143059,36623104,256,8000,32.100
2026-07-23T01:20:37.263Z,usb,1,3612849267,143060,36623360,256,8000,32.100
2026-07-23T01:20:37.295Z,usb,1,3612849267,143061,36623616,256,8000,32.100
2026-07-23T01:20:37.327Z,usb,1,3612849267,143062,36623872,256,8000,32.100
2026-07-23T01:20:37.359Z,usb,1,3612849267,143063,36624128,256,8000,32.100
2026-07-23T01:20:37.391Z,usb,1,3612849267,143064,36624384,256,8000,32.100
2026-07-23T01:20:37.423Z,usb,1,3612849267,143065,36624640,256,8000,32.100
2026-07-23T01:20:37.455Z,usb,1,3612849267,143066,36624896,256,8000,32.100
2026-07-23T01:20:37.487Z,usb,1,3612849267,143067,36625152,256,8000,32.100
2026-07-23T01:20:37.519Z,usb,1,3612849267,143068,36625408,256,8000,32.100
2026-07-23T01:20:37.551Z,usb,1,3612849267,143069,36625664,256,8000,32.100
2026-07-23T01:20:37.583Z,usb,1,3612849267,143070,36625920,256,8000,32.100
2026-07-23T01:20:37.615Z,usb,1,3612849267,143071,36626176,256,8000,32.100
2026-07-23T01:20:37.647Z,usb,1,3612849267,143072,36626432,256,8000,32.100
2026-07-23T01:20:37.679Z,usb,1,3612849267,143073,36626688,256,8000,32.100
2026-07-23T01:20:37.711Z,usb,1,3612849267,143074,36626944,256,8000,32.100
2026-07-23T01:20:37.743Z,usb,1,3612849267,143075,36627200,256,8000,32.100
2026-07-23T01:20:37.776Z,usb,1,3612849267,143076,36627456,256,8000,32.100
2026-07-23T01:20:37.807Z,usb,1,3612849267,143077,36627712,256,8000,32.100
2026-07-23T01:20:37.839Z,usb,1,3612849267,143078,36627968,256,8000,32.100
2026-07-23T01:20:37.871Z,usb,1,3612849267,143079,36628224,256,8000,32.100
2026-07-23T01:20:37.903Z,usb,1,3612849267,143080,36628480,256,8000,32.100
2026-07-23T01:20:37.935Z,usb,1,3612849267,143081,36628736,256,8000,32.100
2026-07-23T01:20:37.967Z,usb,1,3612849267,143082,36628992,256,8000,32.100
2026-07-23T01:20:37.999Z,usb,1,3612849267,143083,36629248,256,8000,32.100
2026-07-23T01:20:38.031Z,usb,1,3612849267,143084,36629504,256,8000,32.100
2026-07-23T01:20:38.063Z,usb,1,3612849267,143085,36629760,256,8000,32.100
2026-07-23T01:20:38.095Z,usb,1,3612849267,143086,36630016,256,8000,32.100
2026-07-23T01:20:38.127Z,usb,1,3612849267,143087,36630272,256,8000,32.100
2026-07-23T01:20:38.159Z,usb,1,3612849267,143088,36630528,256,8000,32.100
2026-07-23T01:20:38.191Z,usb,1,3612849267,143089,36630784,256,8000,32.100
2026-07-23T01:20:38.223Z,usb,1,3612849267,143090,36631040,256,8000,32.100
2026-07-23T01:20:38.255Z,usb,1,3612849267,143091,36631296,256,8000,32.100
2026-07-23T01:20:38.287Z,usb,1,3612849267,143092,36631552,256,8000,32.100
2026-07-23T01:20:38.319Z,usb,1,3612849267,143093,36631808,256,8000,32.100
2026-07-23T01:20:38.351Z,usb,1,3612849267,143094,36632064,256,8000,32.100
2026-07-23T01:20:38.383Z,usb,1,3612849267,143095,36632320,256,8000,32.100
2026-07-23T01:20:38.415Z,usb,1,3612849267,143096,36632576,256,8000,32.100
2026-07-23T01:20:38.447Z,usb,1,3612849267,143097,36632832,256,8000,32.100
2026-07-23T01:20:38.479Z,usb,1,3612849267,143098,36633088,256,8000,32.100
2026-07-23T01:20:38.511Z,usb,1,3612849267,143099,36633344,256,8000,32.100
2026-07-23T01:20:38.543Z,usb,1,3612849267,143100,36633600,256,8000,32.100
2026-07-23T01:20:38.575Z,usb,1,3612849267,143101,36633856,256,8000,32.100
2026-07-23T01:20:38.607Z,usb,1,3612849267,143102,36634112,256,8000,32.100
2026-07-23T01:20:38.639Z,usb,1,3612849267,143103,36634368,256,8000,32.100
2026-07-23T01:20:38.671Z,usb,1,3612849267,143104,36634624,256,8000,32.100
2026-07-23T01:20:38.703Z,usb,1,3612849267,143105,36634880,256,8000,32.100
2026-07-23T01:20:38.735Z,usb,1,3612849267,143106,36635136,256,8000,32.100
2026-07-23T01:20:38.767Z,usb,1,3612849267,143107,36635392,256,8000,32.100
2026-07-23T01:20:38.800Z,usb,1,3612849267,143108,36635648,256,8000,32.100
2026-07-23T01:20:38.831Z,usb,1,3612849267,143109,36635904,256,8000,32.100
2026-07-23T01:20:38.863Z,usb,1,3612849267,143110,36636160,256,8000,32.100
2026-07-23T01:20:38.895Z,usb,1,3612849267,143111,36636416,256,8000,32.100
2026-07-23T01:20:38.927Z,usb,1,3612849267,143112,36636672,256,8000,32.100
2026-07-23T01:20:38.959Z,usb,1,3612849267,143113,36636928,256,8000,32.100
2026-07-23T01:20:38.991Z,usb,1,3612849267,143114,36637184,256,8000,32.100
2026-07-23T01:20:39.023Z,usb,1,3612849267,143115,36637440,256,8000,32.100
2026-07-23T01:20:39.055Z,usb,1,3612849267,143116,36637696,256,8000,32.100
2026-07-23T01:20:39.087Z,usb,1,3612849267,143117,36637952,256,8000,32.100
2026-07-23T01:20:39.119Z,usb,1,3612849267,143118,36638208,256,8000,32.100
2026-07-23T01:20:39.151Z,usb,1,3612849267,143119,36638464,256,8000,32.100
2026-07-23T01:20:39.183Z,usb,1,3612849267,143120,36638720,256,8000,32.100
2026-07-23T01:20:39.215Z,usb,1,3612849267,143121,36638976,256,8000,32.100
2026-07-23T01:20:39.247Z,usb,1,3612849267,143122,36639232,256,8000,32.100
2026-07-23T01:20:39.279Z,usb,1,3612849267,143123,36639488,256,8000,32.100
2026-07-23T01:20:39.311Z,usb,1,3612849267,143124,36639744,256,8000,32.100
2026-07-23T01:20:39.343Z,usb,1,3612849267,143125,36640000,256,8000,32.100
2026-07-23T01:20:39.375Z,usb,1,3612849267,143126,36640256,256,8000,32.100
2026-07-23T01:20:39.407Z,usb,1,3612849267,143127,36640512,256,8000,32.100
2026-07-23T01:20:39.439Z,usb,1,3612849267,143128,36640768,256,8000,32.100
2026-07-23T01:20:39.471Z,usb,1,3612849267,143129,36641024,256,8000,32.100
2026-07-23T01:20:39.503Z,usb,1,3612849267,143130,36641280,256,8000,32.100
2026-07-23T01:20:39.535Z,usb,1,3612849267,143131,36641536,256,8000,32.100
2026-07-23T01:20:39.566Z,usb,1,3612849267,143132,36641792,256,8000,32.100
2026-07-23T01:20:39.599Z,usb,1,3612849267,143133,36642048,256,8000,32.100
2026-07-23T01:20:39.631Z,usb,1,3612849267,143134,36642304,256,8000,32.100
2026-07-23T01:20:39.663Z,usb,1,3612849267,143135,36642560,256,8000,32.100
2026-07-23T01:20:39.695Z,usb,1,3612849267,143136,36642816,256,8000,32.100
2026-07-23T01:20:39.727Z,usb,1,3612849267,143137,36643072,256,8000,32.100
2026-07-23T01:20:39.759Z,usb,1,3612849267,143138,36643328,256,8000,32.100
2026-07-23T01:20:39.791Z,usb,1,3612849267,143139,36643584,256,8000,32.100
2026-07-23T01:20:39.824Z,usb,1,3612849267,143140,36643840,256,8000,32.100
2026-07-23T01:20:39.855Z,usb,1,3612849267,143141,36644096,256,8000,32.100
2026-07-23T01:20:39.887Z,usb,1,3612849267,143142,36644352,256,8000,32.100
2026-07-23T01:20:39.919Z,usb,1,3612849267,143143,36644608,256,8000,32.100
2026-07-23T01:20:39.951Z,usb,1,3612849267,143144,36644864,256,8000,32.100
2026-07-23T01:20:39.983Z,usb,1,3612849267,143145,36645120,256,8000,32.100
2026-07-23T01:20:40.015Z,usb,1,3612849267,143146,36645376,256,8000,32.100
2026-07-23T01:20:40.047Z,usb,1,3612849267,143147,36645632,256,8000,32.100
2026-07-23T01:20:40.079Z,usb,1,3612849267,143148,36645888,256,8000,32.100
2026-07-23T01:20:40.111Z,usb,1,3612849267,143149,36646144,256,8000,32.100
2026-07-23T01:20:40.143Z,usb,1,3612849267,143150,36646400,256,8000,32.100
2026-07-23T01:20:40.175Z,usb,1,3612849267,143151,36646656,256,8000,32.100
2026-07-23T01:20:40.207Z,usb,1,3612849267,143152,36646912,256,8000,32.100
2026-07-23T01:20:40.239Z,usb,1,3612849267,143153,36647168,256,8000,32.100
2026-07-23T01:20:40.271Z,usb,1,3612849267,143154,36647424,256,8000,32.100
2026-07-23T01:20:40.303Z,usb,1,3612849267,143155,36647680,256,8000,32.100
2026-07-23T01:20:40.335Z,usb,1,3612849267,143156,36647936,256,8000,32.100
2026-07-23T01:20:40.367Z,usb,1,3612849267,143157,36648192,256,8000,32.100
2026-07-23T01:20:40.399Z,usb,1,3612849267,143158,36648448,256,8000,32.100
2026-07-23T01:20:40.431Z,usb,1,3612849267,143159,36648704,256,8000,32.100
2026-07-23T01:20:40.463Z,usb,1,3612849267,143160,36648960,256,8000,32.100
2026-07-23T01:20:40.495Z,usb,1,3612849267,143161,36649216,256,8000,32.100
2026-07-23T01:20:40.527Z,usb,1,3612849267,143162,36649472,256,8000,32.100
2026-07-23T01:20:40.559Z,usb,1,3612849267,143163,36649728,256,8000,32.100
2026-07-23T01:20:40.591Z,usb,1,3612849267,143164,36649984,256,8000,32.100
2026-07-23T01:20:40.623Z,usb,1,3612849267,143165,36650240,256,8000,32.100
2026-07-23T01:20:40.655Z,usb,1,3612849267,143166,36650496,256,8000,32.100
2026-07-23T01:20:40.687Z,usb,1,3612849267,143167,36650752,256,8000,32.100
2026-07-23T01:20:40.719Z,usb,1,3612849267,143168,36651008,256,8000,32.100
2026-07-23T01:20:40.751Z,usb,1,3612849267,143169,36651264,256,8000,32.100
2026-07-23T01:20:40.783Z,usb,1,3612849267,143170,36651520,256,8000,32.100
2026-07-23T01:20:40.815Z,usb,1,3612849267,143171,36651776,256,8000,32.100
2026-07-23T01:20:40.847Z,usb,1,3612849267,143172,36652032,256,8000,32.100
2026-07-23T01:20:40.879Z,usb,1,3612849267,143173,36652288,256,8000,32.100
2026-07-23T01:20:40.911Z,usb,1,3612849267,143174,36652544,256,8000,32.100
2026-07-23T01:20:40.943Z,usb,1,3612849267,143175,36652800,256,8000,32.100
2026-07-23T01:20:40.975Z,usb,1,3612849267,143176,36653056,256,8000,32.100
2026-07-23T01:20:41.007Z,usb,1,3612849267,143177,36653312,256,8000,32.100
2026-07-23T01:20:41.039Z,usb,1,3612849267,143178,36653568,256,8000,32.100
2026-07-23T01:20:41.071Z,usb,1,3612849267,143179,36653824,256,8000,32.100
2026-07-23T01:20:41.103Z,usb,1,3612849267,143180,36654080,256,8000,32.100
2026-07-23T01:20:41.135Z,usb,1,3612849267,143181,36654336,256,8000,32.100
2026-07-23T01:20:41.167Z,usb,1,3612849267,143182,36654592,256,8000,32.100
2026-07-23T01:20:41.199Z,usb,1,3612849267,143183,36654848,256,8000,32.100
2026-07-23T01:20:41.231Z,usb,1,3612849267,143184,36655104,256,8000,32.100
2026-07-23T01:20:41.263Z,usb,1,3612849267,143185,36655360,256,8000,32.100
2026-07-23T01:20:41.295Z,usb,1,3612849267,143186,36655616,256,8000,32.100
2026-07-23T01:20:41.327Z,usb,1,3612849267,143187,36655872,256,8000,32.100
2026-07-23T01:20:41.359Z,usb,1,3612849267,143188,36656128,256,8000,32.100
2026-07-23T01:20:41.391Z,usb,1,3612849267,143189,36656384,256,8000,32.100
2026-07-23T01:20:41.423Z,usb,1,3612849267,143190,36656640,256,8000,32.100
2026-07-23T01:20:41.455Z,usb,1,3612849267,143191,36656896,256,8000,32.100
2026-07-23T01:20:41.487Z,usb,1,3612849267,143192,36657152,256,8000,32.100
2026-07-23T01:20:41.519Z,usb,1,3612849267,143193,36657408,256,8000,32.100
2026-07-23T01:20:41.551Z,usb,1,3612849267,143194,36657664,256,8000,32.100
2026-07-23T01:20:41.583Z,usb,1,3612849267,143195,36657920,256,8000,32.100
2026-07-23T01:20:41.615Z,usb,1,3612849267,143196,36658176,256,8000,32.100
2026-07-23T01:20:41.647Z,usb,1,3612849267,143197,36658432,256,8000,32.100
2026-07-23T01:20:41.679Z,usb,1,3612849267,143198,36658688,256,8000,32.100
2026-07-23T01:20:41.711Z,usb,1,3612849267,143199,36658944,256,8000,32.100
2026-07-23T01:20:41.743Z,usb,1,3612849267,143200,36659200,256,8000,32.100
2026-07-23T01:20:41.775Z,usb,1,3612849267,143201,36659456,256,8000,32.100
2026-07-23T01:20:41.807Z,usb,1,3612849267,143202,36659712,256,8000,32.100
2026-07-23T01:20:41.839Z,usb,1,3612849267,143203,36659968,256,8000,32.100
2026-07-23T01:20:41.871Z,usb,1,3612849267,143204,36660224,256,8000,32.100
2026-07-23T01:20:41.903Z,usb,1,3612849267,143205,36660480,256,8000,32.100
2026-07-23T01:20:41.935Z,usb,1,3612849267,143206,36660736,256,8000,32.100
2026-07-23T01:20:41.967Z,usb,1,3612849267,143207,36660992,256,8000,32.100
2026-07-23T01:20:41.999Z,usb,1,3612849267,143208,36661248,256,8000,32.100
2026-07-23T01:20:42.031Z,usb,1,3612849267,143209,36661504,256,8000,32.100
2026-07-23T01:20:42.063Z,usb,1,3612849267,143210,36661760,256,8000,32.100
2026-07-23T01:20:42.095Z,usb,1,3612849267,143211,36662016,256,8000,32.100
2026-07-23T01:20:42.127Z,usb,1,3612849267,143212,36662272,256,8000,32.100
2026-07-23T01:20:42.159Z,usb,1,3612849267,143213,36662528,256,8000,32.100
2026-07-23T01:20:42.191Z,usb,1,3612849267,143214,36662784,256,8000,32.100
2026-07-23T01:20:42.223Z,usb,1,3612849267,143215,36663040,256,8000,32.100
2026-07-23T01:20:42.255Z,usb,1,3612849267,143216,36663296,256,8000,32.100
2026-07-23T01:20:42.287Z,usb,1,3612849267,143217,36663552,256,8000,32.100
2026-07-23T01:20:42.319Z,usb,1,3612849267,143218,36663808,256,8000,32.100
2026-07-23T01:20:42.351Z,usb,1,3612849267,143219,36664064,256,8000,32.100
2026-07-23T01:20:42.383Z,usb,1,3612849267,143220,36664320,256,8000,32.100
2026-07-23T01:20:42.415Z,usb,1,3612849267,143221,36664576,256,8000,32.100
2026-07-23T01:20:42.447Z,usb,1,3612849267,143222,36664832,256,8000,32.100
2026-07-23T01:20:42.479Z,usb,1,3612849267,143223,36665088,256,8000,32.100
2026-07-23T01:20:42.511Z,usb,1,3612849267,143224,36665344,256,8000,32.100
2026-07-23T01:20:42.543Z,usb,1,3612849267,143225,36665600,256,8000,32.100
2026-07-23T01:20:42.575Z,usb,1,3612849267,143226,36665856,256,8000,32.100
2026-07-23T01:20:42.607Z,usb,1,3612849267,143227,36666112,256,8000,32.100
2026-07-23T01:20:42.639Z,usb,1,3612849267,143228,36666368,256,8000,32.100
2026-07-23T01:20:42.671Z,usb,1,3612849267,143229,36666624,256,8000,32.100
2026-07-23T01:20:42.703Z,usb,1,3612849267,143230,36666880,256,8000,32.100
2026-07-23T01:20:42.735Z,usb,1,3612849267,143231,36667136,256,8000,32.100
2026-07-23T01:20:42.767Z,usb,1,3612849267,143232,36667392,256,8000,32.100
2026-07-23T01:20:42.799Z,usb,1,3612849267,143233,36667648,256,8000,32.100
2026-07-23T01:20:42.831Z,usb,1,3612849267,143234,36667904,256,8000,32.100
2026-07-23T01:20:42.863Z,usb,1,3612849267,143235,36668160,256,8000,32.100
2026-07-23T01:20:42.896Z,usb,1,3612849267,143236,36668416,256,8000,32.110
2026-07-23T01:20:42.927Z,usb,1,3612849267,143237,36668672,256,8000,32.110
2026-07-23T01:20:42.959Z,usb,1,3612849267,143238,36668928,256,8000,32.110
2026-07-23T01:20:42.991Z,usb,1,3612849267,143239,36669184,256,8000,32.110
2026-07-23T01:20:43.023Z,usb,1,3612849267,143240,36669440,256,8000,32.110
2026-07-23T01:20:43.055Z,usb,1,3612849267,143241,36669696,256,8000,32.110
2026-07-23T01:20:43.087Z,usb,1,3612849267,143242,36669952,256,8000,32.110
2026-07-23T01:20:43.119Z,usb,1,3612849267,143243,36670208,256,8000,32.110
2026-07-23T01:20:43.151Z,usb,1,3612849267,143244,36670464,256,8000,32.110
2026-07-23T01:20:43.183Z,usb,1,3612849267,143245,36670720,256,8000,32.110
2026-07-23T01:20:43.215Z,usb,1,3612849267,143246,36670976,256,8000,32.110
2026-07-23T01:20:43.247Z,usb,1,3612849267,143247,36671232,256,8000,32.110
2026-07-23T01:20:43.279Z,usb,1,3612849267,143248,36671488,256,8000,32.110
2026-07-23T01:20:43.311Z,usb,1,3612849267,143249,36671744,256,8000,32.110
2026-07-23T01:20:43.343Z,usb,1,3612849267,143250,36672000,256,8000,32.110
2026-07-23T01:20:43.375Z,usb,1,3612849267,143251,36672256,256,8000,32.110
2026-07-23T01:20:43.407Z,usb,1,3612849267,143252,36672512,256,8000,32.110
2026-07-23T01:20:43.439Z,usb,1,3612849267,143253,36672768,256,8000,32.110
2026-07-23T01:20:43.471Z,usb,1,3612849267,143254,36673024,256,8000,32.110
2026-07-23T01:20:43.503Z,usb,1,3612849267,143255,36673280,256,8000,32.110
2026-07-23T01:20:43.535Z,usb,1,3612849267,143256,36673536,256,8000,32.110
2026-07-23T01:20:43.567Z,usb,1,3612849267,143257,36673792,256,8000,32.110
2026-07-23T01:20:43.599Z,usb,1,3612849267,143258,36674048,256,8000,32.110
2026-07-23T01:20:43.631Z,usb,1,3612849267,143259,36674304,256,8000,32.110
2026-07-23T01:20:43.663Z,usb,1,3612849267,143260,36674560,256,8000,32.110
2026-07-23T01:20:43.695Z,usb,1,3612849267,143261,36674816,256,8000,32.110
2026-07-23T01:20:43.727Z,usb,1,3612849267,143262,36675072,256,8000,32.110
2026-07-23T01:20:43.759Z,usb,1,3612849267,143263,36675328,256,8000,32.110
2026-07-23T01:20:43.791Z,usb,1,3612849267,143264,36675584,256,8000,32.110
2026-07-23T01:20:43.823Z,usb,1,3612849267,143265,36675840,256,8000,32.110
2026-07-23T01:20:43.855Z,usb,1,3612849267,143266,36676096,256,8000,32.110
2026-07-23T01:20:43.887Z,usb,1,3612849267,143267,36676352,256,8000,32.110
2026-07-23T01:20:43.919Z,usb,1,3612849267,143268,36676608,256,8000,32.100
2026-07-23T01:20:43.951Z,usb,1,3612849267,143269,36676864,256,8000,32.100
2026-07-23T01:20:43.983Z,usb,1,3612849267,143270,36677120,256,8000,32.100
2026-07-23T01:20:44.015Z,usb,1,3612849267,143271,36677376,256,8000,32.100
2026-07-23T01:20:44.047Z,usb,1,3612849267,143272,36677632,256,8000,32.100
2026-07-23T01:20:44.079Z,usb,1,3612849267,143273,36677888,256,8000,32.100
2026-07-23T01:20:44.111Z,usb,1,3612849267,143274,36678144,256,8000,32.100
2026-07-23T01:20:44.143Z,usb,1,3612849267,143275,36678400,256,8000,32.100
2026-07-23T01:20:44.175Z,usb,1,3612849267,143276,36678656,256,8000,32.100
2026-07-23T01:20:44.207Z,usb,1,3612849267,143277,36678912,256,8000,32.100
2026-07-23T01:20:44.239Z,usb,1,3612849267,143278,36679168,256,8000,32.100
2026-07-23T01:20:44.271Z,usb,1,3612849267,143279,36679424,256,8000,32.100
2026-07-23T01:20:44.303Z,usb,1,3612849267,143280,36679680,256,8000,32.100
2026-07-23T01:20:44.335Z,usb,1,3612849267,143281,36679936,256,8000,32.100
2026-07-23T01:20:44.367Z,usb,1,3612849267,143282,36680192,256,8000,32.100
2026-07-23T01:20:44.399Z,usb,1,3612849267,143283,36680448,256,8000,32.100
2026-07-23T01:20:44.431Z,usb,1,3612849267,143284,36680704,256,8000,32.100
2026-07-23T01:20:44.463Z,usb,1,3612849267,143285,36680960,256,8000,32.100
2026-07-23T01:20:44.495Z,usb,1,3612849267,143286,36681216,256,8000,32.100
2026-07-23T01:20:44.527Z,usb,1,3612849267,143287,36681472,256,8000,32.100
2026-07-23T01:20:44.559Z,usb,1,3612849267,143288,36681728,256,8000,32.100
2026-07-23T01:20:44.591Z,usb,1,3612849267,143289,36681984,256,8000,32.100
2026-07-23T01:20:44.623Z,usb,1,3612849267,143290,36682240,256,8000,32.100
2026-07-23T01:20:44.655Z,usb,1,3612849267,143291,36682496,256,8000,32.100
2026-07-23T01:20:44.687Z,usb,1,3612849267,143292,36682752,256,8000,32.100
2026-07-23T01:20:44.719Z,usb,1,3612849267,143293,36683008,256,8000,32.100
2026-07-23T01:20:44.751Z,usb,1,3612849267,143294,36683264,256,8000,32.100
2026-07-23T01:20:44.783Z,usb,1,3612849267,143295,36683520,256,8000,32.100
2026-07-23T01:20:44.815Z,usb,1,3612849267,143296,36683776,256,8000,32.100
2026-07-23T01:20:44.847Z,usb,1,3612849267,143297,36684032,256,8000,32.100
2026-07-23T01:20:44.879Z,usb,1,3612849267,143298,36684288,256,8000,32.100
2026-07-23T01:20:44.911Z,usb,1,3612849267,143299,36684544,256,8000,32.100
2026-07-23T01:20:44.943Z,usb,1,3612849267,143300,36684800,256,8000,32.110
2026-07-23T01:20:44.975Z,usb,1,3612849267,143301,36685056,256,8000,32.110
2026-07-23T01:20:45.007Z,usb,1,3612849267,143302,36685312,256,8000,32.110
2026-07-23T01:20:45.039Z,usb,1,3612849267,143303,36685568,256,8000,32.110
2026-07-23T01:20:45.071Z,usb,1,3612849267,143304,36685824,256,8000,32.110
2026-07-23T01:20:45.103Z,usb,1,3612849267,143305,36686080,256,8000,32.110
2026-07-23T01:20:45.135Z,usb,1,3612849267,143306,36686336,256,8000,32.110
2026-07-23T01:20:45.167Z,usb,1,3612849267,143307,36686592,256,8000,32.110
2026-07-23T01:20:45.199Z,usb,1,3612849267,143308,36686848,256,8000,32.110
2026-07-23T01:20:45.231Z,usb,1,3612849267,143309,36687104,256,8000,32.110
2026-07-23T01:20:45.263Z,usb,1,3612849267,143310,36687360,256,8000,32.110
2026-07-23T01:20:45.295Z,usb,1,3612849267,143311,36687616,256,8000,32.110
2026-07-23T01:20:45.327Z,usb,1,3612849267,143312,36687872,256,8000,32.110
2026-07-23T01:20:45.359Z,usb,1,3612849267,143313,36688128,256,8000,32.110
2026-07-23T01:20:45.391Z,usb,1,3612849267,143314,36688384,256,8000,32.110
2026-07-23T01:20:45.422Z,usb,1,3612849267,143315,36688640,256,8000,32.110
2026-07-23T01:20:45.455Z,usb,1,3612849267,143316,36688896,256,8000,32.110
2026-07-23T01:20:45.487Z,usb,1,3612849267,143317,36689152,256,8000,32.110
2026-07-23T01:20:45.519Z,usb,1,3612849267,143318,36689408,256,8000,32.110
2026-07-23T01:20:45.551Z,usb,1,3612849267,143319,36689664,256,8000,32.110
2026-07-23T01:20:45.583Z,usb,1,3612849267,143320,36689920,256,8000,32.110
2026-07-23T01:20:45.615Z,usb,1,3612849267,143321,36690176,256,8000,32.110
2026-07-23T01:20:45.647Z,usb,1,3612849267,143322,36690432,256,8000,32.110
2026-07-23T01:20:45.679Z,usb,1,3612849267,143323,36690688,256,8000,32.110
2026-07-23T01:20:45.711Z,usb,1,3612849267,143324,36690944,256,8000,32.110
2026-07-23T01:20:45.743Z,usb,1,3612849267,143325,36691200,256,8000,32.110
2026-07-23T01:20:45.775Z,usb,1,3612849267,143326,36691456,256,8000,32.110
2026-07-23T01:20:45.807Z,usb,1,3612849267,143327,36691712,256,8000,32.110
2026-07-23T01:20:45.839Z,usb,1,3612849267,143328,36691968,256,8000,32.110
2026-07-23T01:20:45.871Z,usb,1,3612849267,143329,36692224,256,8000,32.110
2026-07-23T01:20:45.903Z,usb,1,3612849267,143330,36692480,256,8000,32.110
2026-07-23T01:20:45.935Z,usb,1,3612849267,143331,36692736,256,8000,32.110
2026-07-23T01:20:45.968Z,usb,1,3612849267,143332,36692992,256,8000,32.100
2026-07-23T01:20:45.999Z,usb,1,3612849267,143333,36693248,256,8000,32.100
2026-07-23T01:20:46.031Z,usb,1,3612849267,143334,36693504,256,8000,32.100
2026-07-23T01:20:46.063Z,usb,1,3612849267,143335,36693760,256,8000,32.100
2026-07-23T01:20:46.095Z,usb,1,3612849267,143336,36694016,256,8000,32.100
2026-07-23T01:20:46.127Z,usb,1,3612849267,143337,36694272,256,8000,32.100
2026-07-23T01:20:46.159Z,usb,1,3612849267,143338,36694528,256,8000,32.100
2026-07-23T01:20:46.191Z,usb,1,3612849267,143339,36694784,256,8000,32.100
2026-07-23T01:20:46.223Z,usb,1,3612849267,143340,36695040,256,8000,32.100
2026-07-23T01:20:46.255Z,usb,1,3612849267,143341,36695296,256,8000,32.100
2026-07-23T01:20:46.287Z,usb,1,3612849267,143342,36695552,256,8000,32.100
2026-07-23T01:20:46.319Z,usb,1,3612849267,143343,36695808,256,8000,32.100
2026-07-23T01:20:46.351Z,usb,1,3612849267,143344,36696064,256,8000,32.100
2026-07-23T01:20:46.383Z,usb,1,3612849267,143345,36696320,256,8000,32.100
2026-07-23T01:20:46.415Z,usb,1,3612849267,143346,36696576,256,8000,32.100
2026-07-23T01:20:46.447Z,usb,1,3612849267,143347,36696832,256,8000,32.100
2026-07-23T01:20:46.479Z,usb,1,3612849267,143348,36697088,256,8000,32.100
2026-07-23T01:20:46.511Z,usb,1,3612849267,143349,36697344,256,8000,32.100
2026-07-23T01:20:46.543Z,usb,1,3612849267,143350,36697600,256,8000,32.100
2026-07-23T01:20:46.575Z,usb,1,3612849267,143351,36697856,256,8000,32.100
2026-07-23T01:20:46.607Z,usb,1,3612849267,143352,36698112,256,8000,32.100
2026-07-23T01:20:46.639Z,usb,1,3612849267,143353,36698368,256,8000,32.100
2026-07-23T01:20:46.671Z,usb,1,3612849267,143354,36698624,256,8000,32.100
2026-07-23T01:20:46.703Z,usb,1,3612849267,143355,36698880,256,8000,32.100
2026-07-23T01:20:46.735Z,usb,1,3612849267,143356,36699136,256,8000,32.100
2026-07-23T01:20:46.767Z,usb,1,3612849267,143357,36699392,256,8000,32.100
2026-07-23T01:20:46.799Z,usb,1,3612849267,143358,36699648,256,8000,32.100
2026-07-23T01:20:46.831Z,usb,1,3612849267,143359,36699904,256,8000,32.100
2026-07-23T01:20:46.863Z,usb,1,3612849267,143360,36700160,256,8000,32.100
2026-07-23T01:20:46.895Z,usb,1,3612849267,143361,36700416,256,8000,32.100
2026-07-23T01:20:46.927Z,usb,1,3612849267,143362,36700672,256,8000,32.100
2026-07-23T01:20:46.959Z,usb,1,3612849267,143363,36700928,256,8000,32.100
2026-07-23T01:20:46.992Z,usb,1,3612849267,143364,36701184,256,8000,32.100
2026-07-23T01:20:47.023Z,usb,1,3612849267,143365,36701440,256,8000,32.100
2026-07-23T01:20:47.055Z,usb,1,3612849267,143366,36701696,256,8000,32.100
2026-07-23T01:20:47.087Z,usb,1,3612849267,143367,36701952,256,8000,32.100
2026-07-23T01:20:47.119Z,usb,1,3612849267,143368,36702208,256,8000,32.100
2026-07-23T01:20:47.151Z,usb,1,3612849267,143369,36702464,256,8000,32.100
2026-07-23T01:20:47.183Z,usb,1,3612849267,143370,36702720,256,8000,32.100
2026-07-23T01:20:47.215Z,usb,1,3612849267,143371,36702976,256,8000,32.100
2026-07-23T01:20:47.247Z,usb,1,3612849267,143372,36703232,256,8000,32.100
2026-07-23T01:20:47.279Z,usb,1,3612849267,143373,36703488,256,8000,32.100
2026-07-23T01:20:47.311Z,usb,1,3612849267,143374,36703744,256,8000,32.100
2026-07-23T01:20:47.343Z,usb,1,3612849267,143375,36704000,256,8000,32.100
2026-07-23T01:20:47.375Z,usb,1,3612849267,143376,36704256,256,8000,32.100
2026-07-23T01:20:47.407Z,usb,1,3612849267,143377,36704512,256,8000,32.100
2026-07-23T01:20:47.439Z,usb,1,3612849267,143378,36704768,256,8000,32.100
2026-07-23T01:20:47.471Z,usb,1,3612849267,143379,36705024,256,8000,32.100
2026-07-23T01:20:47.503Z,usb,1,3612849267,143380,36705280,256,8000,32.100
2026-07-23T01:20:47.535Z,usb,1,3612849267,143381,36705536,256,8000,32.100
2026-07-23T01:20:47.567Z,usb,1,3612849267,143382,36705792,256,8000,32.100
2026-07-23T01:20:47.599Z,usb,1,3612849267,143383,36706048,256,8000,32.100
2026-07-23T01:20:47.631Z,usb,1,3612849267,143384,36706304,256,8000,32.100
2026-07-23T01:20:47.663Z,usb,1,3612849267,143385,36706560,256,8000,32.100
2026-07-23T01:20:47.695Z,usb,1,3612849267,143386,36706816,256,8000,32.100
2026-07-23T01:20:47.727Z,usb,1,3612849267,143387,36707072,256,8000,32.100
2026-07-23T01:20:47.759Z,usb,1,3612849267,143388,36707328,256,8000,32.100
2026-07-23T01:20:47.791Z,usb,1,3612849267,143389,36707584,256,8000,32.100
2026-07-23T01:20:47.823Z,usb,1,3612849267,143390,36707840,256,8000,32.100
2026-07-23T01:20:47.855Z,usb,1,3612849267,143391,36708096,256,8000,32.100
2026-07-23T01:20:47.887Z,usb,1,3612849267,143392,36708352,256,8000,32.100
2026-07-23T01:20:47.919Z,usb,1,3612849267,143393,36708608,256,8000,32.100
2026-07-23T01:20:47.951Z,usb,1,3612849267,143394,36708864,256,8000,32.100
2026-07-23T01:20:47.983Z,usb,1,3612849267,143395,36709120,256,8000,32.100
2026-07-23T01:20:48.016Z,usb,1,3612849267,143396,36709376,256,8000,32.100
2026-07-23T01:20:48.047Z,usb,1,3612849267,143397,36709632,256,8000,32.100
2026-07-23T01:20:48.079Z,usb,1,3612849267,143398,36709888,256,8000,32.100
2026-07-23T01:20:48.111Z,usb,1,3612849267,143399,36710144,256,8000,32.100
2026-07-23T01:20:48.143Z,usb,1,3612849267,143400,36710400,256,8000,32.100
2026-07-23T01:20:48.175Z,usb,1,3612849267,143401,36710656,256,8000,32.100
2026-07-23T01:20:48.207Z,usb,1,3612849267,143402,36710912,256,8000,32.100
2026-07-23T01:20:48.239Z,usb,1,3612849267,143403,36711168,256,8000,32.100
2026-07-23T01:20:48.271Z,usb,1,3612849267,143404,36711424,256,8000,32.100
2026-07-23T01:20:48.303Z,usb,1,3612849267,143405,36711680,256,8000,32.100
2026-07-23T01:20:48.335Z,usb,1,3612849267,143406,36711936,256,8000,32.100
2026-07-23T01:20:48.367Z,usb,1,3612849267,143407,36712192,256,8000,32.100
2026-07-23T01:20:48.399Z,usb,1,3612849267,143408,36712448,256,8000,32.100
2026-07-23T01:20:48.431Z,usb,1,3612849267,143409,36712704,256,8000,32.100
2026-07-23T01:20:48.463Z,usb,1,3612849267,143410,36712960,256,8000,32.100
2026-07-23T01:20:48.495Z,usb,1,3612849267,143411,36713216,256,8000,32.100
2026-07-23T01:20:48.527Z,usb,1,3612849267,143412,36713472,256,8000,32.100
2026-07-23T01:20:48.559Z,usb,1,3612849267,143413,36713728,256,8000,32.100
2026-07-23T01:20:48.591Z,usb,1,3612849267,143414,36713984,256,8000,32.100
2026-07-23T01:20:48.623Z,usb,1,3612849267,143415,36714240,256,8000,32.100
2026-07-23T01:20:48.655Z,usb,1,3612849267,143416,36714496,256,8000,32.100
2026-07-23T01:20:48.687Z,usb,1,3612849267,143417,36714752,256,8000,32.100
2026-07-23T01:20:48.719Z,usb,1,3612849267,143418,36715008,256,8000,32.100
2026-07-23T01:20:48.751Z,usb,1,3612849267,143419,36715264,256,8000,32.100
2026-07-23T01:20:48.783Z,usb,1,3612849267,143420,36715520,256,8000,32.100
2026-07-23T01:20:48.815Z,usb,1,3612849267,143421,36715776,256,8000,32.100
2026-07-23T01:20:48.847Z,usb,1,3612849267,143422,36716032,256,8000,32.100
2026-07-23T01:20:48.879Z,usb,1,3612849267,143423,36716288,256,8000,32.100
2026-07-23T01:20:48.911Z,usb,1,3612849267,143424,36716544,256,8000,32.100
2026-07-23T01:20:48.943Z,usb,1,3612849267,143425,36716800,256,8000,32.100
2026-07-23T01:20:48.975Z,usb,1,3612849267,143426,36717056,256,8000,32.100
2026-07-23T01:20:49.007Z,usb,1,3612849267,143427,36717312,256,8000,32.100
2026-07-23T01:20:49.039Z,usb,1,3612849267,143428,36717568,256,8000,32.110
2026-07-23T01:20:49.071Z,usb,1,3612849267,143429,36717824,256,8000,32.110
2026-07-23T01:20:49.103Z,usb,1,3612849267,143430,36718080,256,8000,32.110
2026-07-23T01:20:49.135Z,usb,1,3612849267,143431,36718336,256,8000,32.110
2026-07-23T01:20:49.167Z,usb,1,3612849267,143432,36718592,256,8000,32.110
2026-07-23T01:20:49.199Z,usb,1,3612849267,143433,36718848,256,8000,32.110
2026-07-23T01:20:49.231Z,usb,1,3612849267,143434,36719104,256,8000,32.110
2026-07-23T01:20:49.263Z,usb,1,3612849267,143435,36719360,256,8000,32.110
2026-07-23T01:20:49.295Z,usb,1,3612849267,143436,36719616,256,8000,32.110
2026-07-23T01:20:49.327Z,usb,1,3612849267,143437,36719872,256,8000,32.110
2026-07-23T01:20:49.359Z,usb,1,3612849267,143438,36720128,256,8000,32.110
2026-07-23T01:20:49.391Z,usb,1,3612849267,143439,36720384,256,8000,32.110
2026-07-23T01:20:49.423Z,usb,1,3612849267,143440,36720640,256,8000,32.110
2026-07-23T01:20:49.455Z,usb,1,3612849267,143441,36720896,256,8000,32.110
2026-07-23T01:20:49.487Z,usb,1,3612849267,143442,36721152,256,8000,32.110
2026-07-23T01:20:49.519Z,usb,1,3612849267,143443,36721408,256,8000,32.110
2026-07-23T01:20:49.551Z,usb,1,3612849267,143444,36721664,256,8000,32.110
2026-07-23T01:20:49.583Z,usb,1,3612849267,143445,36721920,256,8000,32.110
2026-07-23T01:20:49.615Z,usb,1,3612849267,143446,36722176,256,8000,32.110
2026-07-23T01:20:49.647Z,usb,1,3612849267,143447,36722432,256,8000,32.110
2026-07-23T01:20:49.679Z,usb,1,3612849267,143448,36722688,256,8000,32.110
2026-07-23T01:20:49.711Z,usb,1,3612849267,143449,36722944,256,8000,32.110
2026-07-23T01:20:49.743Z,usb,1,3612849267,143450,36723200,256,8000,32.110
2026-07-23T01:20:49.775Z,usb,1,3612849267,143451,36723456,256,8000,32.110
2026-07-23T01:20:49.807Z,usb,1,3612849267,143452,36723712,256,8000,32.110
2026-07-23T01:20:49.839Z,usb,1,3612849267,143453,36723968,256,8000,32.110
2026-07-23T01:20:49.871Z,usb,1,3612849267,143454,36724224,256,8000,32.110
2026-07-23T01:20:49.903Z,usb,1,3612849267,143455,36724480,256,8000,32.110
2026-07-23T01:20:49.935Z,usb,1,3612849267,143456,36724736,256,8000,32.110
2026-07-23T01:20:49.967Z,usb,1,3612849267,143457,36724992,256,8000,32.110
2026-07-23T01:20:49.999Z,usb,1,3612849267,143458,36725248,256,8000,32.110
2026-07-23T01:20:50.031Z,usb,1,3612849267,143459,36725504,256,8000,32.110
2026-07-23T01:20:50.063Z,usb,1,3612849267,143460,36725760,256,8000,32.100
2026-07-23T01:20:50.095Z,usb,1,3612849267,143461,36726016,256,8000,32.100
2026-07-23T01:20:50.127Z,usb,1,3612849267,143462,36726272,256,8000,32.100
2026-07-23T01:20:50.159Z,usb,1,3612849267,143463,36726528,256,8000,32.100
2026-07-23T01:20:50.191Z,usb,1,3612849267,143464,36726784,256,8000,32.100
2026-07-23T01:20:50.223Z,usb,1,3612849267,143465,36727040,256,8000,32.100
2026-07-23T01:20:50.255Z,usb,1,3612849267,143466,36727296,256,8000,32.100
2026-07-23T01:20:50.287Z,usb,1,3612849267,143467,36727552,256,8000,32.100
2026-07-23T01:20:50.319Z,usb,1,3612849267,143468,36727808,256,8000,32.100
2026-07-23T01:20:50.351Z,usb,1,3612849267,143469,36728064,256,8000,32.100
2026-07-23T01:20:50.383Z,usb,1,3612849267,143470,36728320,256,8000,32.100
2026-07-23T01:20:50.415Z,usb,1,3612849267,143471,36728576,256,8000,32.100
2026-07-23T01:20:50.447Z,usb,1,3612849267,143472,36728832,256,8000,32.100
2026-07-23T01:20:50.479Z,usb,1,3612849267,143473,36729088,256,8000,32.100
2026-07-23T01:20:50.511Z,usb,1,3612849267,143474,36729344,256,8000,32.100
2026-07-23T01:20:50.543Z,usb,1,3612849267,143475,36729600,256,8000,32.100
2026-07-23T01:20:50.575Z,usb,1,3612849267,143476,36729856,256,8000,32.100
2026-07-23T01:20:50.607Z,usb,1,3612849267,143477,36730112,256,8000,32.100
2026-07-23T01:20:50.639Z,usb,1,3612849267,143478,36730368,256,8000,32.100
2026-07-23T01:20:50.671Z,usb,1,3612849267,143479,36730624,256,8000,32.100
2026-07-23T01:20:50.703Z,usb,1,3612849267,143480,36730880,256,8000,32.100
2026-07-23T01:20:50.735Z,usb,1,3612849267,143481,36731136,256,8000,32.100
2026-07-23T01:20:50.767Z,usb,1,3612849267,143482,36731392,256,8000,32.100
2026-07-23T01:20:50.799Z,usb,1,3612849267,143483,36731648,256,8000,32.100
2026-07-23T01:20:50.831Z,usb,1,3612849267,143484,36731904,256,8000,32.100
2026-07-23T01:20:50.863Z,usb,1,3612849267,143485,36732160,256,8000,32.100
2026-07-23T01:20:50.895Z,usb,1,3612849267,143486,36732416,256,8000,32.100
2026-07-23T01:20:50.927Z,usb,1,3612849267,143487,36732672,256,8000,32.100
2026-07-23T01:20:50.959Z,usb,1,3612849267,143488,36732928,256,8000,32.100
2026-07-23T01:20:50.991Z,usb,1,3612849267,143489,36733184,256,8000,32.100
2026-07-23T01:20:51.023Z,usb,1,3612849267,143490,36733440,256,8000,32.100
2026-07-23T01:20:51.055Z,usb,1,3612849267,143491,36733696,256,8000,32.100
2026-07-23T01:20:51.088Z,usb,1,3612849267,143492,36733952,256,8000,32.110
2026-07-23T01:20:51.119Z,usb,1,3612849267,143493,36734208,256,8000,32.110
2026-07-23T01:20:51.151Z,usb,1,3612849267,143494,36734464,256,8000,32.110
2026-07-23T01:20:51.183Z,usb,1,3612849267,143495,36734720,256,8000,32.110
2026-07-23T01:20:51.215Z,usb,1,3612849267,143496,36734976,256,8000,32.110
2026-07-23T01:20:51.247Z,usb,1,3612849267,143497,36735232,256,8000,32.110
2026-07-23T01:20:51.279Z,usb,1,3612849267,143498,36735488,256,8000,32.110
2026-07-23T01:20:51.311Z,usb,1,3612849267,143499,36735744,256,8000,32.110
2026-07-23T01:20:51.343Z,usb,1,3612849267,143500,36736000,256,8000,32.110
2026-07-23T01:20:51.375Z,usb,1,3612849267,143501,36736256,256,8000,32.110
2026-07-23T01:20:51.407Z,usb,1,3612849267,143502,36736512,256,8000,32.110
2026-07-23T01:20:51.439Z,usb,1,3612849267,143503,36736768,256,8000,32.110
2026-07-23T01:20:51.471Z,usb,1,3612849267,143504,36737024,256,8000,32.110
2026-07-23T01:20:51.503Z,usb,1,3612849267,143505,36737280,256,8000,32.110
2026-07-23T01:20:51.535Z,usb,1,3612849267,143506,36737536,256,8000,32.110
2026-07-23T01:20:51.567Z,usb,1,3612849267,143507,36737792,256,8000,32.110
2026-07-23T01:20:51.599Z,usb,1,3612849267,143508,36738048,256,8000,32.110
2026-07-23T01:20:51.631Z,usb,1,3612849267,143509,36738304,256,8000,32.110
2026-07-23T01:20:51.663Z,usb,1,3612849267,143510,36738560,256,8000,32.110
2026-07-23T01:20:51.695Z,usb,1,3612849267,143511,36738816,256,8000,32.110
2026-07-23T01:20:51.727Z,usb,1,3612849267,143512,36739072,256,8000,32.110
2026-07-23T01:20:51.759Z,usb,1,3612849267,143513,36739328,256,8000,32.110
2026-07-23T01:20:51.791Z,usb,1,3612849267,143514,36739584,256,8000,32.110
2026-07-23T01:20:51.823Z,usb,1,3612849267,143515,36739840,256,8000,32.110
2026-07-23T01:20:51.855Z,usb,1,3612849267,143516,36740096,256,8000,32.110
2026-07-23T01:20:51.887Z,usb,1,3612849267,143517,36740352,256,8000,32.110
2026-07-23T01:20:51.919Z,usb,1,3612849267,143518,36740608,256,8000,32.110
2026-07-23T01:20:51.951Z,usb,1,3612849267,143519,36740864,256,8000,32.110
2026-07-23T01:20:51.983Z,usb,1,3612849267,143520,36741120,256,8000,32.110
2026-07-23T01:20:52.015Z,usb,1,3612849267,143521,36741376,256,8000,32.110
2026-07-23T01:20:52.047Z,usb,1,3612849267,143522,36741632,256,8000,32.110
2026-07-23T01:20:52.079Z,usb,1,3612849267,143523,36741888,256,8000,32.110
2026-07-23T01:20:52.111Z,usb,1,3612849267,143524,36742144,256,8000,32.100
2026-07-23T01:20:52.143Z,usb,1,3612849267,143525,36742400,256,8000,32.100
2026-07-23T01:20:52.175Z,usb,1,3612849267,143526,36742656,256,8000,32.100
2026-07-23T01:20:52.207Z,usb,1,3612849267,143527,36742912,256,8000,32.100
2026-07-23T01:20:52.239Z,usb,1,3612849267,143528,36743168,256,8000,32.100
2026-07-23T01:20:52.271Z,usb,1,3612849267,143529,36743424,256,8000,32.100
2026-07-23T01:20:52.303Z,usb,1,3612849267,143530,36743680,256,8000,32.100
2026-07-23T01:20:52.335Z,usb,1,3612849267,143531,36743936,256,8000,32.100
2026-07-23T01:20:52.367Z,usb,1,3612849267,143532,36744192,256,8000,32.100
2026-07-23T01:20:52.399Z,usb,1,3612849267,143533,36744448,256,8000,32.100
2026-07-23T01:20:52.431Z,usb,1,3612849267,143534,36744704,256,8000,32.100
2026-07-23T01:20:52.463Z,usb,1,3612849267,143535,36744960,256,8000,32.100
2026-07-23T01:20:52.495Z,usb,1,3612849267,143536,36745216,256,8000,32.100
2026-07-23T01:20:52.527Z,usb,1,3612849267,143537,36745472,256,8000,32.100
2026-07-23T01:20:52.559Z,usb,1,3612849267,143538,36745728,256,8000,32.100
2026-07-23T01:20:52.591Z,usb,1,3612849267,143539,36745984,256,8000,32.100
2026-07-23T01:20:52.622Z,usb,1,3612849267,143540,36746240,256,8000,32.100
2026-07-23T01:20:52.655Z,usb,1,3612849267,143541,36746496,256,8000,32.100
2026-07-23T01:20:52.687Z,usb,1,3612849267,143542,36746752,256,8000,32.100
2026-07-23T01:20:52.719Z,usb,1,3612849267,143543,36747008,256,8000,32.100
2026-07-23T01:20:52.751Z,usb,1,3612849267,143544,36747264,256,8000,32.100
2026-07-23T01:20:52.783Z,usb,1,3612849267,143545,36747520,256,8000,32.100
2026-07-23T01:20:52.815Z,usb,1,3612849267,143546,36747776,256,8000,32.100
2026-07-23T01:20:52.847Z,usb,1,3612849267,143547,36748032,256,8000,32.100
2026-07-23T01:20:52.879Z,usb,1,3612849267,143548,36748288,256,8000,32.100
2026-07-23T01:20:52.911Z,usb,1,3612849267,143549,36748544,256,8000,32.100
2026-07-23T01:20:52.943Z,usb,1,3612849267,143550,36748800,256,8000,32.100
2026-07-23T01:20:52.975Z,usb,1,3612849267,143551,36749056,256,8000,32.100
2026-07-23T01:20:53.007Z,usb,1,3612849267,143552,36749312,256,8000,32.100
2026-07-23T01:20:53.039Z,usb,1,3612849267,143553,36749568,256,8000,32.100
2026-07-23T01:20:53.071Z,usb,1,3612849267,143554,36749824,256,8000,32.100
2026-07-23T01:20:53.103Z,usb,1,3612849267,143555,36750080,256,8000,32.100
2026-07-23T01:20:53.135Z,usb,1,3612849267,143556,36750336,256,8000,32.110
2026-07-23T01:20:53.167Z,usb,1,3612849267,143557,36750592,256,8000,32.110
2026-07-23T01:20:53.199Z,usb,1,3612849267,143558,36750848,256,8000,32.110
2026-07-23T01:20:53.231Z,usb,1,3612849267,143559,36751104,256,8000,32.110
2026-07-23T01:20:53.263Z,usb,1,3612849267,143560,36751360,256,8000,32.110
2026-07-23T01:20:53.295Z,usb,1,3612849267,143561,36751616,256,8000,32.110
2026-07-23T01:20:53.327Z,usb,1,3612849267,143562,36751872,256,8000,32.110
2026-07-23T01:20:53.359Z,usb,1,3612849267,143563,36752128,256,8000,32.110
2026-07-23T01:20:53.391Z,usb,1,3612849267,143564,36752384,256,8000,32.110
2026-07-23T01:20:53.423Z,usb,1,3612849267,143565,36752640,256,8000,32.110
2026-07-23T01:20:53.455Z,usb,1,3612849267,143566,36752896,256,8000,32.110
2026-07-23T01:20:53.487Z,usb,1,3612849267,143567,36753152,256,8000,32.110
2026-07-23T01:20:53.519Z,usb,1,3612849267,143568,36753408,256,8000,32.110
2026-07-23T01:20:53.551Z,usb,1,3612849267,143569,36753664,256,8000,32.110
2026-07-23T01:20:53.583Z,usb,1,3612849267,143570,36753920,256,8000,32.110
2026-07-23T01:20:53.615Z,usb,1,3612849267,143571,36754176,256,8000,32.110
2026-07-23T01:20:53.647Z,usb,1,3612849267,143572,36754432,256,8000,32.110
2026-07-23T01:20:53.679Z,usb,1,3612849267,143573,36754688,256,8000,32.110
2026-07-23T01:20:53.711Z,usb,1,3612849267,143574,36754944,256,8000,32.110
2026-07-23T01:20:53.743Z,usb,1,3612849267,143575,36755200,256,8000,32.110
2026-07-23T01:20:53.775Z,usb,1,3612849267,143576,36755456,256,8000,32.110
2026-07-23T01:20:53.807Z,usb,1,3612849267,143577,36755712,256,8000,32.110
2026-07-23T01:20:53.839Z,usb,1,3612849267,143578,36755968,256,8000,32.110
2026-07-23T01:20:53.871Z,usb,1,3612849267,143579,36756224,256,8000,32.110
2026-07-23T01:20:53.903Z,usb,1,3612849267,143580,36756480,256,8000,32.110
2026-07-23T01:20:53.935Z,usb,1,3612849267,143581,36756736,256,8000,32.110
2026-07-23T01:20:53.967Z,usb,1,3612849267,143582,36756992,256,8000,32.110
2026-07-23T01:20:53.999Z,usb,1,3612849267,143583,36757248,256,8000,32.110
2026-07-23T01:20:54.031Z,usb,1,3612849267,143584,36757504,256,8000,32.110
2026-07-23T01:20:54.063Z,usb,1,3612849267,143585,36757760,256,8000,32.110
2026-07-23T01:20:54.095Z,usb,1,3612849267,143586,36758016,256,8000,32.110
2026-07-23T01:20:54.127Z,usb,1,3612849267,143587,36758272,256,8000,32.110
2026-07-23T01:20:54.160Z,usb,1,3612849267,143588,36758528,256,8000,32.110
2026-07-23T01:20:54.191Z,usb,1,3612849267,143589,36758784,256,8000,32.110
2026-07-23T01:20:54.223Z,usb,1,3612849267,143590,36759040,256,8000,32.110
2026-07-23T01:20:54.255Z,usb,1,3612849267,143591,36759296,256,8000,32.110
2026-07-23T01:20:54.287Z,usb,1,3612849267,143592,36759552,256,8000,32.110
2026-07-23T01:20:54.319Z,usb,1,3612849267,143593,36759808,256,8000,32.110
2026-07-23T01:20:54.351Z,usb,1,3612849267,143594,36760064,256,8000,32.110
2026-07-23T01:20:54.383Z,usb,1,3612849267,143595,36760320,256,8000,32.110
2026-07-23T01:20:54.415Z,usb,1,3612849267,143596,36760576,256,8000,32.110
2026-07-23T01:20:54.447Z,usb,1,3612849267,143597,36760832,256,8000,32.110
2026-07-23T01:20:54.479Z,usb,1,3612849267,143598,36761088,256,8000,32.110
2026-07-23T01:20:54.511Z,usb,1,3612849267,143599,36761344,256,8000,32.110
2026-07-23T01:20:54.543Z,usb,1,3612849267,143600,36761600,256,8000,32.110
2026-07-23T01:20:54.575Z,usb,1,3612849267,143601,36761856,256,8000,32.110
2026-07-23T01:20:54.607Z,usb,1,3612849267,143602,36762112,256,8000,32.110
2026-07-23T01:20:54.639Z,usb,1,3612849267,143603,36762368,256,8000,32.110
2026-07-23T01:20:54.671Z,usb,1,3612849267,143604,36762624,256,8000,32.110
2026-07-23T01:20:54.703Z,usb,1,3612849267,143605,36762880,256,8000,32.110
2026-07-23T01:20:54.735Z,usb,1,3612849267,143606,36763136,256,8000,32.110
2026-07-23T01:20:54.767Z,usb,1,3612849267,143607,36763392,256,8000,32.110
2026-07-23T01:20:54.799Z,usb,1,3612849267,143608,36763648,256,8000,32.110
2026-07-23T01:20:54.831Z,usb,1,3612849267,143609,36763904,256,8000,32.110
2026-07-23T01:20:54.863Z,usb,1,3612849267,143610,36764160,256,8000,32.110
2026-07-23T01:20:54.895Z,usb,1,3612849267,143611,36764416,256,8000,32.110
2026-07-23T01:20:54.927Z,usb,1,3612849267,143612,36764672,256,8000,32.110
2026-07-23T01:20:54.959Z,usb,1,3612849267,143613,36764928,256,8000,32.110
2026-07-23T01:20:54.991Z,usb,1,3612849267,143614,36765184,256,8000,32.110
2026-07-23T01:20:55.023Z,usb,1,3612849267,143615,36765440,256,8000,32.110
2026-07-23T01:20:55.055Z,usb,1,3612849267,143616,36765696,256,8000,32.110
2026-07-23T01:20:55.086Z,usb,1,3612849267,143617,36765952,256,8000,32.110
2026-07-23T01:20:55.119Z,usb,1,3612849267,143618,36766208,256,8000,32.110
2026-07-23T01:20:55.150Z,usb,1,3612849267,143619,36766464,256,8000,32.110
2026-07-23T01:20:55.184Z,usb,1,3612849267,143620,36766720,256,8000,32.110
2026-07-23T01:20:55.215Z,usb,1,3612849267,143621,36766976,256,8000,32.110
2026-07-23T01:20:55.247Z,usb,1,3612849267,143622,36767232,256,8000,32.110
2026-07-23T01:20:55.279Z,usb,1,3612849267,143623,36767488,256,8000,32.110
2026-07-23T01:20:55.311Z,usb,1,3612849267,143624,36767744,256,8000,32.110
2026-07-23T01:20:55.343Z,usb,1,3612849267,143625,36768000,256,8000,32.110
2026-07-23T01:20:55.375Z,usb,1,3612849267,143626,36768256,256,8000,32.110
2026-07-23T01:20:55.407Z,usb,1,3612849267,143627,36768512,256,8000,32.110
2026-07-23T01:20:55.439Z,usb,1,3612849267,143628,36768768,256,8000,32.110
2026-07-23T01:20:55.471Z,usb,1,3612849267,143629,36769024,256,8000,32.110
2026-07-23T01:20:55.503Z,usb,1,3612849267,143630,36769280,256,8000,32.110
2026-07-23T01:20:55.535Z,usb,1,3612849267,143631,36769536,256,8000,32.110
2026-07-23T01:20:55.567Z,usb,1,3612849267,143632,36769792,256,8000,32.110
2026-07-23T01:20:55.599Z,usb,1,3612849267,143633,36770048,256,8000,32.110
2026-07-23T01:20:55.631Z,usb,1,3612849267,143634,36770304,256,8000,32.110
2026-07-23T01:20:55.663Z,usb,1,3612849267,143635,36770560,256,8000,32.110
2026-07-23T01:20:55.695Z,usb,1,3612849267,143636,36770816,256,8000,32.110
2026-07-23T01:20:55.727Z,usb,1,3612849267,143637,36771072,256,8000,32.110
2026-07-23T01:20:55.759Z,usb,1,3612849267,143638,36771328,256,8000,32.110
2026-07-23T01:20:55.791Z,usb,1,3612849267,143639,36771584,256,8000,32.110
2026-07-23T01:20:55.823Z,usb,1,3612849267,143640,36771840,256,8000,32.110
2026-07-23T01:20:55.855Z,usb,1,3612849267,143641,36772096,256,8000,32.110
2026-07-23T01:20:55.887Z,usb,1,3612849267,143642,36772352,256,8000,32.110
2026-07-23T01:20:55.919Z,usb,1,3612849267,143643,36772608,256,8000,32.110
2026-07-23T01:20:55.951Z,usb,1,3612849267,143644,36772864,256,8000,32.110
2026-07-23T01:20:55.983Z,usb,1,3612849267,143645,36773120,256,8000,32.110
2026-07-23T01:20:56.015Z,usb,1,3612849267,143646,36773376,256,8000,32.110
2026-07-23T01:20:56.047Z,usb,1,3612849267,143647,36773632,256,8000,32.110
2026-07-23T01:20:56.079Z,usb,1,3612849267,143648,36773888,256,8000,32.110
2026-07-23T01:20:56.111Z,usb,1,3612849267,143649,36774144,256,8000,32.110
2026-07-23T01:20:56.143Z,usb,1,3612849267,143650,36774400,256,8000,32.110
2026-07-23T01:20:56.175Z,usb,1,3612849267,143651,36774656,256,8000,32.110
2026-07-23T01:20:56.208Z,usb,1,3612849267,143652,36774912,256,8000,32.110
2026-07-23T01:20:56.239Z,usb,1,3612849267,143653,36775168,256,8000,32.110
2026-07-23T01:20:56.271Z,usb,1,3612849267,143654,36775424,256,8000,32.110
2026-07-23T01:20:56.303Z,usb,1,3612849267,143655,36775680,256,8000,32.110
2026-07-23T01:20:56.335Z,usb,1,3612849267,143656,36775936,256,8000,32.110
2026-07-23T01:20:56.367Z,usb,1,3612849267,143657,36776192,256,8000,32.110
2026-07-23T01:20:56.399Z,usb,1,3612849267,143658,36776448,256,8000,32.110
2026-07-23T01:20:56.431Z,usb,1,3612849267,143659,36776704,256,8000,32.110
2026-07-23T01:20:56.463Z,usb,1,3612849267,143660,36776960,256,8000,32.110
2026-07-23T01:20:56.495Z,usb,1,3612849267,143661,36777216,256,8000,32.110
2026-07-23T01:20:56.527Z,usb,1,3612849267,143662,36777472,256,8000,32.110
2026-07-23T01:20:56.559Z,usb,1,3612849267,143663,36777728,256,8000,32.110
2026-07-23T01:20:56.591Z,usb,1,3612849267,143664,36777984,256,8000,32.110
2026-07-23T01:20:56.623Z,usb,1,3612849267,143665,36778240,256,8000,32.110
2026-07-23T01:20:56.655Z,usb,1,3612849267,143666,36778496,256,8000,32.110
2026-07-23T01:20:56.687Z,usb,1,3612849267,143667,36778752,256,8000,32.110
2026-07-23T01:20:56.719Z,usb,1,3612849267,143668,36779008,256,8000,32.110
2026-07-23T01:20:56.751Z,usb,1,3612849267,143669,36779264,256,8000,32.110
2026-07-23T01:20:56.783Z,usb,1,3612849267,143670,36779520,256,8000,32.110
2026-07-23T01:20:56.815Z,usb,1,3612849267,143671,36779776,256,8000,32.110
2026-07-23T01:20:56.847Z,usb,1,3612849267,143672,36780032,256,8000,32.110
2026-07-23T01:20:56.879Z,usb,1,3612849267,143673,36780288,256,8000,32.110
2026-07-23T01:20:56.911Z,usb,1,3612849267,143674,36780544,256,8000,32.110
2026-07-23T01:20:56.943Z,usb,1,3612849267,143675,36780800,256,8000,32.110
2026-07-23T01:20:56.975Z,usb,1,3612849267,143676,36781056,256,8000,32.110
2026-07-23T01:20:57.007Z,usb,1,3612849267,143677,36781312,256,8000,32.110
2026-07-23T01:20:57.039Z,usb,1,3612849267,143678,36781568,256,8000,32.110
2026-07-23T01:20:57.071Z,usb,1,3612849267,143679,36781824,256,8000,32.110
2026-07-23T01:20:57.103Z,usb,1,3612849267,143680,36782080,256,8000,32.110
2026-07-23T01:20:57.135Z,usb,1,3612849267,143681,36782336,256,8000,32.110
2026-07-23T01:20:57.167Z,usb,1,3612849267,143682,36782592,256,8000,32.110
2026-07-23T01:20:57.199Z,usb,1,3612849267,143683,36782848,256,8000,32.110
2026-07-23T01:20:57.232Z,usb,1,3612849267,143684,36783104,256,8000,32.100
2026-07-23T01:20:57.263Z,usb,1,3612849267,143685,36783360,256,8000,32.100
2026-07-23T01:20:57.295Z,usb,1,3612849267,143686,36783616,256,8000,32.100
2026-07-23T01:20:57.327Z,usb,1,3612849267,143687,36783872,256,8000,32.100
2026-07-23T01:20:57.359Z,usb,1,3612849267,143688,36784128,256,8000,32.100
2026-07-23T01:20:57.391Z,usb,1,3612849267,143689,36784384,256,8000,32.100
2026-07-23T01:20:57.423Z,usb,1,3612849267,143690,36784640,256,8000,32.100
2026-07-23T01:20:57.455Z,usb,1,3612849267,143691,36784896,256,8000,32.100
2026-07-23T01:20:57.487Z,usb,1,3612849267,143692,36785152,256,8000,32.100
2026-07-23T01:20:57.519Z,usb,1,3612849267,143693,36785408,256,8000,32.100
2026-07-23T01:20:57.551Z,usb,1,3612849267,143694,36785664,256,8000,32.100
2026-07-23T01:20:57.583Z,usb,1,3612849267,143695,36785920,256,8000,32.100
2026-07-23T01:20:57.615Z,usb,1,3612849267,143696,36786176,256,8000,32.100
2026-07-23T01:20:57.647Z,usb,1,3612849267,143697,36786432,256,8000,32.100
2026-07-23T01:20:57.679Z,usb,1,3612849267,143698,36786688,256,8000,32.100
2026-07-23T01:20:57.711Z,usb,1,3612849267,143699,36786944,256,8000,32.100
2026-07-23T01:20:57.743Z,usb,1,3612849267,143700,36787200,256,8000,32.100
2026-07-23T01:20:57.775Z,usb,1,3612849267,143701,36787456,256,8000,32.100
2026-07-23T01:20:57.807Z,usb,1,3612849267,143702,36787712,256,8000,32.100
2026-07-23T01:20:57.839Z,usb,1,3612849267,143703,36787968,256,8000,32.100
2026-07-23T01:20:57.871Z,usb,1,3612849267,143704,36788224,256,8000,32.100
2026-07-23T01:20:57.903Z,usb,1,3612849267,143705,36788480,256,8000,32.100
2026-07-23T01:20:57.935Z,usb,1,3612849267,143706,36788736,256,8000,32.100
2026-07-23T01:20:57.967Z,usb,1,3612849267,143707,36788992,256,8000,32.100
2026-07-23T01:20:57.999Z,usb,1,3612849267,143708,36789248,256,8000,32.100
2026-07-23T01:20:58.031Z,usb,1,3612849267,143709,36789504,256,8000,32.100
2026-07-23T01:20:58.063Z,usb,1,3612849267,143710,36789760,256,8000,32.100
2026-07-23T01:20:58.095Z,usb,1,3612849267,143711,36790016,256,8000,32.100
2026-07-23T01:20:58.127Z,usb,1,3612849267,143712,36790272,256,8000,32.100
2026-07-23T01:20:58.159Z,usb,1,3612849267,143713,36790528,256,8000,32.100
2026-07-23T01:20:58.191Z,usb,1,3612849267,143714,36790784,256,8000,32.100
2026-07-23T01:20:58.223Z,usb,1,3612849267,143715,36791040,256,8000,32.100
2026-07-23T01:20:58.255Z,usb,1,3612849267,143716,36791296,256,8000,32.100
2026-07-23T01:20:58.287Z,usb,1,3612849267,143717,36791552,256,8000,32.100
2026-07-23T01:20:58.319Z,usb,1,3612849267,143718,36791808,256,8000,32.100
2026-07-23T01:20:58.351Z,usb,1,3612849267,143719,36792064,256,8000,32.100
2026-07-23T01:20:58.383Z,usb,1,3612849267,143720,36792320,256,8000,32.100
2026-07-23T01:20:58.415Z,usb,1,3612849267,143721,36792576,256,8000,32.100
2026-07-23T01:20:58.447Z,usb,1,3612849267,143722,36792832,256,8000,32.100
2026-07-23T01:20:58.479Z,usb,1,3612849267,143723,36793088,256,8000,32.100
2026-07-23T01:20:58.511Z,usb,1,3612849267,143724,36793344,256,8000,32.100
2026-07-23T01:20:58.543Z,usb,1,3612849267,143725,36793600,256,8000,32.100
2026-07-23T01:20:58.575Z,usb,1,3612849267,143726,36793856,256,8000,32.100
2026-07-23T01:20:58.607Z,usb,1,3612849267,143727,36794112,256,8000,32.100
2026-07-23T01:20:58.639Z,usb,1,3612849267,143728,36794368,256,8000,32.100
2026-07-23T01:20:58.671Z,usb,1,3612849267,143729,36794624,256,8000,32.100
2026-07-23T01:20:58.703Z,usb,1,3612849267,143730,36794880,256,8000,32.100
2026-07-23T01:20:58.735Z,usb,1,3612849267,143731,36795136,256,8000,32.100
2026-07-23T01:20:58.767Z,usb,1,3612849267,143732,36795392,256,8000,32.100
2026-07-23T01:20:58.799Z,usb,1,3612849267,143733,36795648,256,8000,32.100
2026-07-23T01:20:58.831Z,usb,1,3612849267,143734,36795904,256,8000,32.100
2026-07-23T01:20:58.863Z,usb,1,3612849267,143735,36796160,256,8000,32.100
2026-07-23T01:20:58.895Z,usb,1,3612849267,143736,36796416,256,8000,32.100
2026-07-23T01:20:58.927Z,usb,1,3612849267,143737,36796672,256,8000,32.100
2026-07-23T01:20:58.959Z,usb,1,3612849267,143738,36796928,256,8000,32.100
2026-07-23T01:20:58.991Z,usb,1,3612849267,143739,36797184,256,8000,32.100
2026-07-23T01:20:59.023Z,usb,1,3612849267,143740,36797440,256,8000,32.100
2026-07-23T01:20:59.055Z,usb,1,3612849267,143741,36797696,256,8000,32.100
2026-07-23T01:20:59.087Z,usb,1,3612849267,143742,36797952,256,8000,32.100
2026-07-23T01:20:59.119Z,usb,1,3612849267,143743,36798208,256,8000,32.100
2026-07-23T01:20:59.151Z,usb,1,3612849267,143744,36798464,256,8000,32.100
2026-07-23T01:20:59.183Z,usb,1,3612849267,143745,36798720,256,8000,32.100
2026-07-23T01:20:59.215Z,usb,1,3612849267,143746,36798976,256,8000,32.100
2026-07-23T01:20:59.247Z,usb,1,3612849267,143747,36799232,256,8000,32.100
2026-07-23T01:20:59.279Z,usb,1,3612849267,143748,36799488,256,8000,32.110
2026-07-23T01:20:59.311Z,usb,1,3612849267,143749,36799744,256,8000,32.110
2026-07-23T01:20:59.343Z,usb,1,3612849267,143750,36800000,256,8000,32.110
2026-07-23T01:20:59.375Z,usb,1,3612849267,143751,36800256,256,8000,32.110
2026-07-23T01:20:59.407Z,usb,1,3612849267,143752,36800512,256,8000,32.110
2026-07-23T01:20:59.439Z,usb,1,3612849267,143753,36800768,256,8000,32.110
2026-07-23T01:20:59.471Z,usb,1,3612849267,143754,36801024,256,8000,32.110
2026-07-23T01:20:59.503Z,usb,1,3612849267,143755,36801280,256,8000,32.110
2026-07-23T01:20:59.535Z,usb,1,3612849267,143756,36801536,256,8000,32.110
2026-07-23T01:20:59.567Z,usb,1,3612849267,143757,36801792,256,8000,32.110
2026-07-23T01:20:59.599Z,usb,1,3612849267,143758,36802048,256,8000,32.110
2026-07-23T01:20:59.631Z,usb,1,3612849267,143759,36802304,256,8000,32.110
2026-07-23T01:20:59.663Z,usb,1,3612849267,143760,36802560,256,8000,32.110
2026-07-23T01:20:59.695Z,usb,1,3612849267,143761,36802816,256,8000,32.110
2026-07-23T01:20:59.727Z,usb,1,3612849267,143762,36803072,256,8000,32.110
2026-07-23T01:20:59.759Z,usb,1,3612849267,143763,36803328,256,8000,32.110
2026-07-23T01:20:59.791Z,usb,1,3612849267,143764,36803584,256,8000,32.110
2026-07-23T01:20:59.823Z,usb,1,3612849267,143765,36803840,256,8000,32.110
2026-07-23T01:20:59.855Z,usb,1,3612849267,143766,36804096,256,8000,32.110
2026-07-23T01:20:59.887Z,usb,1,3612849267,143767,36804352,256,8000,32.110
2026-07-23T01:20:59.919Z,usb,1,3612849267,143768,36804608,256,8000,32.110
2026-07-23T01:20:59.951Z,usb,1,3612849267,143769,36804864,256,8000,32.110
2026-07-23T01:20:59.983Z,usb,1,3612849267,143770,36805120,256,8000,32.110
2026-07-23T01:21:00.015Z,usb,1,3612849267,143771,36805376,256,8000,32.110
2026-07-23T01:21:00.047Z,usb,1,3612849267,143772,36805632,256,8000,32.110
2026-07-23T01:21:00.079Z,usb,1,3612849267,143773,36805888,256,8000,32.110
2026-07-23T01:21:00.111Z,usb,1,3612849267,143774,36806144,256,8000,32.110
2026-07-23T01:21:00.143Z,usb,1,3612849267,143775,36806400,256,8000,32.110
2026-07-23T01:21:00.175Z,usb,1,3612849267,143776,36806656,256,8000,32.110
2026-07-23T01:21:00.207Z,usb,1,3612849267,143777,36806912,256,8000,32.110
2026-07-23T01:21:00.239Z,usb,1,3612849267,143778,36807168,256,8000,32.110
2026-07-23T01:21:00.271Z,usb,1,3612849267,143779,36807424,256,8000,32.110
2026-07-23T01:21:00.304Z,usb,1,3612849267,143780,36807680,256,8000,32.100
2026-07-23T01:21:00.335Z,usb,1,3612849267,143781,36807936,256,8000,32.100
2026-07-23T01:21:00.367Z,usb,1,3612849267,143782,36808192,256,8000,32.100
2026-07-23T01:21:00.399Z,usb,1,3612849267,143783,36808448,256,8000,32.100
2026-07-23T01:21:00.431Z,usb,1,3612849267,143784,36808704,256,8000,32.100
2026-07-23T01:21:00.463Z,usb,1,3612849267,143785,36808960,256,8000,32.100
2026-07-23T01:21:00.495Z,usb,1,3612849267,143786,36809216,256,8000,32.100
2026-07-23T01:21:00.527Z,usb,1,3612849267,143787,36809472,256,8000,32.100
2026-07-23T01:21:00.559Z,usb,1,3612849267,143788,36809728,256,8000,32.100
2026-07-23T01:21:00.591Z,usb,1,3612849267,143789,36809984,256,8000,32.100
2026-07-23T01:21:00.623Z,usb,1,3612849267,143790,36810240,256,8000,32.100
2026-07-23T01:21:00.655Z,usb,1,3612849267,143791,36810496,256,8000,32.100
2026-07-23T01:21:00.687Z,usb,1,3612849267,143792,36810752,256,8000,32.100
2026-07-23T01:21:00.719Z,usb,1,3612849267,143793,36811008,256,8000,32.100
2026-07-23T01:21:00.751Z,usb,1,3612849267,143794,36811264,256,8000,32.100
2026-07-23T01:21:00.783Z,usb,1,3612849267,143795,36811520,256,8000,32.100
2026-07-23T01:21:00.815Z,usb,1,3612849267,143796,36811776,256,8000,32.100
2026-07-23T01:21:00.847Z,usb,1,3612849267,143797,36812032,256,8000,32.100
2026-07-23T01:21:00.879Z,usb,1,3612849267,143798,36812288,256,8000,32.100
2026-07-23T01:21:00.911Z,usb,1,3612849267,143799,36812544,256,8000,32.100
2026-07-23T01:21:00.943Z,usb,1,3612849267,143800,36812800,256,8000,32.100
2026-07-23T01:21:00.975Z,usb,1,3612849267,143801,36813056,256,8000,32.100
2026-07-23T01:21:01.007Z,usb,1,3612849267,143802,36813312,256,8000,32.100
2026-07-23T01:21:01.039Z,usb,1,3612849267,143803,36813568,256,8000,32.100
2026-07-23T01:21:01.071Z,usb,1,3612849267,143804,36813824,256,8000,32.100
2026-07-23T01:21:01.103Z,usb,1,3612849267,143805,36814080,256,8000,32.100
2026-07-23T01:21:01.135Z,usb,1,3612849267,143806,36814336,256,8000,32.100
2026-07-23T01:21:01.167Z,usb,1,3612849267,143807,36814592,256,8000,32.100
2026-07-23T01:21:01.199Z,usb,1,3612849267,143808,36814848,256,8000,32.100
2026-07-23T01:21:01.231Z,usb,1,3612849267,143809,36815104,256,8000,32.100
2026-07-23T01:21:01.263Z,usb,1,3612849267,143810,36815360,256,8000,32.100
2026-07-23T01:21:01.295Z,usb,1,3612849267,143811,36815616,256,8000,32.100
2026-07-23T01:21:01.327Z,usb,1,3612849267,143812,36815872,256,8000,32.110
2026-07-23T01:21:01.359Z,usb,1,3612849267,143813,36816128,256,8000,32.110
2026-07-23T01:21:01.391Z,usb,1,3612849267,143814,36816384,256,8000,32.110
2026-07-23T01:21:01.423Z,usb,1,3612849267,143815,36816640,256,8000,32.110
2026-07-23T01:21:01.455Z,usb,1,3612849267,143816,36816896,256,8000,32.110
2026-07-23T01:21:01.487Z,usb,1,3612849267,143817,36817152,256,8000,32.110
2026-07-23T01:21:01.519Z,usb,1,3612849267,143818,36817408,256,8000,32.110
2026-07-23T01:21:01.551Z,usb,1,3612849267,143819,36817664,256,8000,32.110
2026-07-23T01:21:01.583Z,usb,1,3612849267,143820,36817920,256,8000,32.110
2026-07-23T01:21:01.615Z,usb,1,3612849267,143821,36818176,256,8000,32.110
2026-07-23T01:21:01.647Z,usb,1,3612849267,143822,36818432,256,8000,32.110
2026-07-23T01:21:01.679Z,usb,1,3612849267,143823,36818688,256,8000,32.110
2026-07-23T01:21:01.711Z,usb,1,3612849267,143824,36818944,256,8000,32.110
2026-07-23T01:21:01.743Z,usb,1,3612849267,143825,36819200,256,8000,32.110
2026-07-23T01:21:01.775Z,usb,1,3612849267,143826,36819456,256,8000,32.110
2026-07-23T01:21:01.807Z,usb,1,3612849267,143827,36819712,256,8000,32.110
2026-07-23T01:21:01.839Z,usb,1,3612849267,143828,36819968,256,8000,32.110
2026-07-23T01:21:01.871Z,usb,1,3612849267,143829,36820224,256,8000,32.110
2026-07-23T01:21:01.903Z,usb,1,3612849267,143830,36820480,256,8000,32.110
2026-07-23T01:21:01.935Z,usb,1,3612849267,143831,36820736,256,8000,32.110
2026-07-23T01:21:01.967Z,usb,1,3612849267,143832,36820992,256,8000,32.110
2026-07-23T01:21:01.999Z,usb,1,3612849267,143833,36821248,256,8000,32.110
2026-07-23T01:21:02.031Z,usb,1,3612849267,143834,36821504,256,8000,32.110
2026-07-23T01:21:02.063Z,usb,1,3612849267,143835,36821760,256,8000,32.110
2026-07-23T01:21:02.095Z,usb,1,3612849267,143836,36822016,256,8000,32.110
2026-07-23T01:21:02.127Z,usb,1,3612849267,143837,36822272,256,8000,32.110
2026-07-23T01:21:02.159Z,usb,1,3612849267,143838,36822528,256,8000,32.110
2026-07-23T01:21:02.191Z,usb,1,3612849267,143839,36822784,256,8000,32.110
2026-07-23T01:21:02.223Z,usb,1,3612849267,143840,36823040,256,8000,32.110
2026-07-23T01:21:02.255Z,usb,1,3612849267,143841,36823296,256,8000,32.110
2026-07-23T01:21:02.287Z,usb,1,3612849267,143842,36823552,256,8000,32.110
2026-07-23T01:21:02.319Z,usb,1,3612849267,143843,36823808,256,8000,32.110
2026-07-23T01:21:02.352Z,usb,1,3612849267,143844,36824064,256,8000,32.100
2026-07-23T01:21:02.383Z,usb,1,3612849267,143845,36824320,256,8000,32.100
2026-07-23T01:21:02.415Z,usb,1,3612849267,143846,36824576,256,8000,32.100
2026-07-23T01:21:02.447Z,usb,1,3612849267,143847,36824832,256,8000,32.100
2026-07-23T01:21:02.479Z,usb,1,3612849267,143848,36825088,256,8000,32.100
2026-07-23T01:21:02.511Z,usb,1,3612849267,143849,36825344,256,8000,32.100
2026-07-23T01:21:02.543Z,usb,1,3612849267,143850,36825600,256,8000,32.100
2026-07-23T01:21:02.575Z,usb,1,3612849267,143851,36825856,256,8000,32.100
2026-07-23T01:21:02.607Z,usb,1,3612849267,143852,36826112,256,8000,32.100
2026-07-23T01:21:02.639Z,usb,1,3612849267,143853,36826368,256,8000,32.100
2026-07-23T01:21:02.671Z,usb,1,3612849267,143854,36826624,256,8000,32.100
2026-07-23T01:21:02.703Z,usb,1,3612849267,143855,36826880,256,8000,32.100
2026-07-23T01:21:02.735Z,usb,1,3612849267,143856,36827136,256,8000,32.100
2026-07-23T01:21:02.767Z,usb,1,3612849267,143857,36827392,256,8000,32.100
2026-07-23T01:21:02.799Z,usb,1,3612849267,143858,36827648,256,8000,32.100
2026-07-23T01:21:02.831Z,usb,1,3612849267,143859,36827904,256,8000,32.100
2026-07-23T01:21:02.863Z,usb,1,3612849267,143860,36828160,256,8000,32.100
2026-07-23T01:21:02.895Z,usb,1,3612849267,143861,36828416,256,8000,32.100
2026-07-23T01:21:02.927Z,usb,1,3612849267,143862,36828672,256,8000,32.100
2026-07-23T01:21:02.959Z,usb,1,3612849267,143863,36828928,256,8000,32.100
2026-07-23T01:21:02.991Z,usb,1,3612849267,143864,36829184,256,8000,32.100
2026-07-23T01:21:03.023Z,usb,1,3612849267,143865,36829440,256,8000,32.100
2026-07-23T01:21:03.055Z,usb,1,3612849267,143866,36829696,256,8000,32.100
2026-07-23T01:21:03.087Z,usb,1,3612849267,143867,36829952,256,8000,32.100
2026-07-23T01:21:03.119Z,usb,1,3612849267,143868,36830208,256,8000,32.100
2026-07-23T01:21:03.151Z,usb,1,3612849267,143869,36830464,256,8000,32.100
2026-07-23T01:21:03.183Z,usb,1,3612849267,143870,36830720,256,8000,32.100
2026-07-23T01:21:03.215Z,usb,1,3612849267,143871,36830976,256,8000,32.100
2026-07-23T01:21:03.247Z,usb,1,3612849267,143872,36831232,256,8000,32.100
2026-07-23T01:21:03.279Z,usb,1,3612849267,143873,36831488,256,8000,32.100
2026-07-23T01:21:03.311Z,usb,1,3612849267,143874,36831744,256,8000,32.100
2026-07-23T01:21:03.343Z,usb,1,3612849267,143875,36832000,256,8000,32.100
2026-07-23T01:21:03.376Z,usb,1,3612849267,143876,36832256,256,8000,32.100
2026-07-23T01:21:03.407Z,usb,1,3612849267,143877,36832512,256,8000,32.100
2026-07-23T01:21:03.439Z,usb,1,3612849267,143878,36832768,256,8000,32.100
2026-07-23T01:21:03.471Z,usb,1,3612849267,143879,36833024,256,8000,32.100
2026-07-23T01:21:03.503Z,usb,1,3612849267,143880,36833280,256,8000,32.100
2026-07-23T01:21:03.535Z,usb,1,3612849267,143881,36833536,256,8000,32.100
2026-07-23T01:21:03.567Z,usb,1,3612849267,143882,36833792,256,8000,32.100
2026-07-23T01:21:03.599Z,usb,1,3612849267,143883,36834048,256,8000,32.100
2026-07-23T01:21:03.631Z,usb,1,3612849267,143884,36834304,256,8000,32.100
2026-07-23T01:21:03.663Z,usb,1,3612849267,143885,36834560,256,8000,32.100
2026-07-23T01:21:03.695Z,usb,1,3612849267,143886,36834816,256,8000,32.100
2026-07-23T01:21:03.727Z,usb,1,3612849267,143887,36835072,256,8000,32.100
2026-07-23T01:21:03.759Z,usb,1,3612849267,143888,36835328,256,8000,32.100
2026-07-23T01:21:03.791Z,usb,1,3612849267,143889,36835584,256,8000,32.100
2026-07-23T01:21:03.823Z,usb,1,3612849267,143890,36835840,256,8000,32.100
2026-07-23T01:21:03.855Z,usb,1,3612849267,143891,36836096,256,8000,32.100
2026-07-23T01:21:03.887Z,usb,1,3612849267,143892,36836352,256,8000,32.100
2026-07-23T01:21:03.919Z,usb,1,3612849267,143893,36836608,256,8000,32.100
2026-07-23T01:21:03.951Z,usb,1,3612849267,143894,36836864,256,8000,32.100
2026-07-23T01:21:03.983Z,usb,1,3612849267,143895,36837120,256,8000,32.100
2026-07-23T01:21:04.015Z,usb,1,3612849267,143896,36837376,256,8000,32.100
2026-07-23T01:21:04.047Z,usb,1,3612849267,143897,36837632,256,8000,32.100
2026-07-23T01:21:04.079Z,usb,1,3612849267,143898,36837888,256,8000,32.100
2026-07-23T01:21:04.111Z,usb,1,3612849267,143899,36838144,256,8000,32.100
2026-07-23T01:21:04.143Z,usb,1,3612849267,143900,36838400,256,8000,32.100
2026-07-23T01:21:04.175Z,usb,1,3612849267,143901,36838656,256,8000,32.100
2026-07-23T01:21:04.207Z,usb,1,3612849267,143902,36838912,256,8000,32.100
2026-07-23T01:21:04.239Z,usb,1,3612849267,143903,36839168,256,8000,32.100
2026-07-23T01:21:04.271Z,usb,1,3612849267,143904,36839424,256,8000,32.100
2026-07-23T01:21:04.303Z,usb,1,3612849267,143905,36839680,256,8000,32.100
2026-07-23T01:21:04.335Z,usb,1,3612849267,143906,36839936,256,8000,32.100
2026-07-23T01:21:04.367Z,usb,1,3612849267,143907,36840192,256,8000,32.100
2026-07-23T01:21:04.400Z,usb,1,3612849267,143908,36840448,256,8000,32.110
2026-07-23T01:21:04.431Z,usb,1,3612849267,143909,36840704,256,8000,32.110
2026-07-23T01:21:04.463Z,usb,1,3612849267,143910,36840960,256,8000,32.110
2026-07-23T01:21:04.495Z,usb,1,3612849267,143911,36841216,256,8000,32.110
2026-07-23T01:21:04.527Z,usb,1,3612849267,143912,36841472,256,8000,32.110
2026-07-23T01:21:04.559Z,usb,1,3612849267,143913,36841728,256,8000,32.110
2026-07-23T01:21:04.591Z,usb,1,3612849267,143914,36841984,256,8000,32.110
2026-07-23T01:21:04.623Z,usb,1,3612849267,143915,36842240,256,8000,32.110
2026-07-23T01:21:04.655Z,usb,1,3612849267,143916,36842496,256,8000,32.110
2026-07-23T01:21:04.687Z,usb,1,3612849267,143917,36842752,256,8000,32.110
2026-07-23T01:21:04.719Z,usb,1,3612849267,143918,36843008,256,8000,32.110
2026-07-23T01:21:04.751Z,usb,1,3612849267,143919,36843264,256,8000,32.110
2026-07-23T01:21:04.783Z,usb,1,3612849267,143920,36843520,256,8000,32.110
2026-07-23T01:21:04.815Z,usb,1,3612849267,143921,36843776,256,8000,32.110
2026-07-23T01:21:04.847Z,usb,1,3612849267,143922,36844032,256,8000,32.110
2026-07-23T01:21:04.879Z,usb,1,3612849267,143923,36844288,256,8000,32.110
2026-07-23T01:21:04.911Z,usb,1,3612849267,143924,36844544,256,8000,32.110
2026-07-23T01:21:04.943Z,usb,1,3612849267,143925,36844800,256,8000,32.110
2026-07-23T01:21:04.975Z,usb,1,3612849267,143926,36845056,256,8000,32.110
2026-07-23T01:21:05.007Z,usb,1,3612849267,143927,36845312,256,8000,32.110
2026-07-23T01:21:05.039Z,usb,1,3612849267,143928,36845568,256,8000,32.110
2026-07-23T01:21:05.071Z,usb,1,3612849267,143929,36845824,256,8000,32.110
2026-07-23T01:21:05.103Z,usb,1,3612849267,143930,36846080,256,8000,32.110
2026-07-23T01:21:05.135Z,usb,1,3612849267,143931,36846336,256,8000,32.110
2026-07-23T01:21:05.167Z,usb,1,3612849267,143932,36846592,256,8000,32.110
2026-07-23T01:21:05.199Z,usb,1,3612849267,143933,36846848,256,8000,32.110
2026-07-23T01:21:05.231Z,usb,1,3612849267,143934,36847104,256,8000,32.110
2026-07-23T01:21:05.263Z,usb,1,3612849267,143935,36847360,256,8000,32.110
2026-07-23T01:21:05.295Z,usb,1,3612849267,143936,36847616,256,8000,32.110
2026-07-23T01:21:05.327Z,usb,1,3612849267,143937,36847872,256,8000,32.110
2026-07-23T01:21:05.359Z,usb,1,3612849267,143938,36848128,256,8000,32.110
2026-07-23T01:21:05.391Z,usb,1,3612849267,143939,36848384,256,8000,32.110
2026-07-23T01:21:05.424Z,usb,1,3612849267,143940,36848640,256,8000,32.110
2026-07-23T01:21:05.455Z,usb,1,3612849267,143941,36848896,256,8000,32.110
2026-07-23T01:21:05.487Z,usb,1,3612849267,143942,36849152,256,8000,32.110
2026-07-23T01:21:05.519Z,usb,1,3612849267,143943,36849408,256,8000,32.110
2026-07-23T01:21:05.551Z,usb,1,3612849267,143944,36849664,256,8000,32.110
2026-07-23T01:21:05.583Z,usb,1,3612849267,143945,36849920,256,8000,32.110
2026-07-23T01:21:05.615Z,usb,1,3612849267,143946,36850176,256,8000,32.110
2026-07-23T01:21:05.647Z,usb,1,3612849267,143947,36850432,256,8000,32.110
2026-07-23T01:21:05.679Z,usb,1,3612849267,143948,36850688,256,8000,32.110
2026-07-23T01:21:05.711Z,usb,1,3612849267,143949,36850944,256,8000,32.110
2026-07-23T01:21:05.743Z,usb,1,3612849267,143950,36851200,256,8000,32.110
2026-07-23T01:21:05.775Z,usb,1,3612849267,143951,36851456,256,8000,32.110
2026-07-23T01:21:05.807Z,usb,1,3612849267,143952,36851712,256,8000,32.110
2026-07-23T01:21:05.839Z,usb,1,3612849267,143953,36851968,256,8000,32.110
2026-07-23T01:21:05.871Z,usb,1,3612849267,143954,36852224,256,8000,32.110
2026-07-23T01:21:05.903Z,usb,1,3612849267,143955,36852480,256,8000,32.110
2026-07-23T01:21:05.935Z,usb,1,3612849267,143956,36852736,256,8000,32.110
2026-07-23T01:21:05.967Z,usb,1,3612849267,143957,36852992,256,8000,32.110
2026-07-23T01:21:05.999Z,usb,1,3612849267,143958,36853248,256,8000,32.110
2026-07-23T01:21:06.031Z,usb,1,3612849267,143959,36853504,256,8000,32.110
2026-07-23T01:21:06.063Z,usb,1,3612849267,143960,36853760,256,8000,32.110
2026-07-23T01:21:06.095Z,usb,1,3612849267,143961,36854016,256,8000,32.110
2026-07-23T01:21:06.127Z,usb,1,3612849267,143962,36854272,256,8000,32.110
2026-07-23T01:21:06.159Z,usb,1,3612849267,143963,36854528,256,8000,32.110
2026-07-23T01:21:06.191Z,usb,1,3612849267,143964,36854784,256,8000,32.110
2026-07-23T01:21:06.223Z,usb,1,3612849267,143965,36855040,256,8000,32.110
2026-07-23T01:21:06.255Z,usb,1,3612849267,143966,36855296,256,8000,32.110
2026-07-23T01:21:06.287Z,usb,1,3612849267,143967,36855552,256,8000,32.110
2026-07-23T01:21:06.319Z,usb,1,3612849267,143968,36855808,256,8000,32.110
2026-07-23T01:21:06.351Z,usb,1,3612849267,143969,36856064,256,8000,32.110
2026-07-23T01:21:06.383Z,usb,1,3612849267,143970,36856320,256,8000,32.110
2026-07-23T01:21:06.415Z,usb,1,3612849267,143971,36856576,256,8000,32.110
2026-07-23T01:21:06.447Z,usb,1,3612849267,143972,36856832,256,8000,32.110
2026-07-23T01:21:06.479Z,usb,1,3612849267,143973,36857088,256,8000,32.110
2026-07-23T01:21:06.511Z,usb,1,3612849267,143974,36857344,256,8000,32.110
2026-07-23T01:21:06.543Z,usb,1,3612849267,143975,36857600,256,8000,32.110
2026-07-23T01:21:06.575Z,usb,1,3612849267,143976,36857856,256,8000,32.110
2026-07-23T01:21:06.607Z,usb,1,3612849267,143977,36858112,256,8000,32.110
2026-07-23T01:21:06.639Z,usb,1,3612849267,143978,36858368,256,8000,32.110
2026-07-23T01:21:06.671Z,usb,1,3612849267,143979,36858624,256,8000,32.110
2026-07-23T01:21:06.703Z,usb,1,3612849267,143980,36858880,256,8000,32.110
2026-07-23T01:21:06.735Z,usb,1,3612849267,143981,36859136,256,8000,32.110
2026-07-23T01:21:06.767Z,usb,1,3612849267,143982,36859392,256,8000,32.110
2026-07-23T01:21:06.799Z,usb,1,3612849267,143983,36859648,256,8000,32.110
2026-07-23T01:21:06.831Z,usb,1,3612849267,143984,36859904,256,8000,32.110
2026-07-23T01:21:06.863Z,usb,1,3612849267,143985,36860160,256,8000,32.110
2026-07-23T01:21:06.895Z,usb,1,3612849267,143986,36860416,256,8000,32.110
2026-07-23T01:21:06.927Z,usb,1,3612849267,143987,36860672,256,8000,32.110
2026-07-23T01:21:06.959Z,usb,1,3612849267,143988,36860928,256,8000,32.110
2026-07-23T01:21:06.991Z,usb,1,3612849267,143989,36861184,256,8000,32.110
2026-07-23T01:21:07.023Z,usb,1,3612849267,143990,36861440,256,8000,32.110
2026-07-23T01:21:07.055Z,usb,1,3612849267,143991,36861696,256,8000,32.110
2026-07-23T01:21:07.087Z,usb,1,3612849267,143992,36861952,256,8000,32.110
2026-07-23T01:21:07.119Z,usb,1,3612849267,143993,36862208,256,8000,32.110
2026-07-23T01:21:07.151Z,usb,1,3612849267,143994,36862464,256,8000,32.110
2026-07-23T01:21:07.183Z,usb,1,3612849267,143995,36862720,256,8000,32.110
2026-07-23T01:21:07.215Z,usb,1,3612849267,143996,36862976,256,8000,32.110
2026-07-23T01:21:07.247Z,usb,1,3612849267,143997,36863232,256,8000,32.110
2026-07-23T01:21:07.279Z,usb,1,3612849267,143998,36863488,256,8000,32.110
2026-07-23T01:21:07.311Z,usb,1,3612849267,143999,36863744,256,8000,32.110
2026-07-23T01:21:07.342Z,usb,1,3612849267,144000,36864000,256,8000,32.110
2026-07-23T01:21:07.375Z,usb,1,3612849267,144001,36864256,256,8000,32.110
2026-07-23T01:21:07.407Z,usb,1,3612849267,144002,36864512,256,8000,32.110
2026-07-23T01:21:07.439Z,usb,1,3612849267,144003,36864768,256,8000,32.110
2026-07-23T01:21:07.471Z,usb,1,3612849267,144004,36865024,256,8000,32.110
2026-07-23T01:21:07.503Z,usb,1,3612849267,144005,36865280,256,8000,32.110
2026-07-23T01:21:07.535Z,usb,1,3612849267,144006,36865536,256,8000,32.110
2026-07-23T01:21:07.567Z,usb,1,3612849267,144007,36865792,256,8000,32.110
2026-07-23T01:21:07.599Z,usb,1,3612849267,144008,36866048,256,8000,32.110
2026-07-23T01:21:07.631Z,usb,1,3612849267,144009,36866304,256,8000,32.110
2026-07-23T01:21:07.663Z,usb,1,3612849267,144010,36866560,256,8000,32.110
2026-07-23T01:21:07.695Z,usb,1,3612849267,144011,36866816,256,8000,32.110
2026-07-23T01:21:07.727Z,usb,1,3612849267,144012,36867072,256,8000,32.110
2026-07-23T01:21:07.759Z,usb,1,3612849267,144013,36867328,256,8000,32.110
2026-07-23T01:21:07.791Z,usb,1,3612849267,144014,36867584,256,8000,32.110
2026-07-23T01:21:07.823Z,usb,1,3612849267,144015,36867840,256,8000,32.110
2026-07-23T01:21:07.855Z,usb,1,3612849267,144016,36868096,256,8000,32.110
2026-07-23T01:21:07.887Z,usb,1,3612849267,144017,36868352,256,8000,32.110
2026-07-23T01:21:07.918Z,usb,1,3612849267,144018,36868608,256,8000,32.110
2026-07-23T01:21:07.951Z,usb,1,3612849267,144019,36868864,256,8000,32.110
2026-07-23T01:21:07.983Z,usb,1,3612849267,144020,36869120,256,8000,32.110
2026-07-23T01:21:08.015Z,usb,1,3612849267,144021,36869376,256,8000,32.110
2026-07-23T01:21:08.047Z,usb,1,3612849267,144022,36869632,256,8000,32.110
2026-07-23T01:21:08.079Z,usb,1,3612849267,144023,36869888,256,8000,32.110
2026-07-23T01:21:08.111Z,usb,1,3612849267,144024,36870144,256,8000,32.110
2026-07-23T01:21:08.143Z,usb,1,3612849267,144025,36870400,256,8000,32.110
2026-07-23T01:21:08.175Z,usb,1,3612849267,144026,36870656,256,8000,32.110
2026-07-23T01:21:08.207Z,usb,1,3612849267,144027,36870912,256,8000,32.110
2026-07-23T01:21:08.239Z,usb,1,3612849267,144028,36871168,256,8000,32.110
2026-07-23T01:21:08.271Z,usb,1,3612849267,144029,36871424,256,8000,32.110
2026-07-23T01:21:08.303Z,usb,1,3612849267,144030,36871680,256,8000,32.110
2026-07-23T01:21:08.335Z,usb,1,3612849267,144031,36871936,256,8000,32.110
2026-07-23T01:21:08.367Z,usb,1,3612849267,144032,36872192,256,8000,32.110
2026-07-23T01:21:08.399Z,usb,1,3612849267,144033,36872448,256,8000,32.110
2026-07-23T01:21:08.431Z,usb,1,3612849267,144034,36872704,256,8000,32.110
2026-07-23T01:21:08.463Z,usb,1,3612849267,144035,36872960,256,8000,32.110
2026-07-23T01:21:08.496Z,usb,1,3612849267,144036,36873216,256,8000,32.100
2026-07-23T01:21:08.527Z,usb,1,3612849267,144037,36873472,256,8000,32.100
2026-07-23T01:21:08.559Z,usb,1,3612849267,144038,36873728,256,8000,32.100
2026-07-23T01:21:08.591Z,usb,1,3612849267,144039,36873984,256,8000,32.100
2026-07-23T01:21:08.623Z,usb,1,3612849267,144040,36874240,256,8000,32.100
2026-07-23T01:21:08.655Z,usb,1,3612849267,144041,36874496,256,8000,32.100
2026-07-23T01:21:08.687Z,usb,1,3612849267,144042,36874752,256,8000,32.100
2026-07-23T01:21:08.719Z,usb,1,3612849267,144043,36875008,256,8000,32.100
2026-07-23T01:21:08.751Z,usb,1,3612849267,144044,36875264,256,8000,32.100
2026-07-23T01:21:08.783Z,usb,1,3612849267,144045,36875520,256,8000,32.100
2026-07-23T01:21:08.815Z,usb,1,3612849267,144046,36875776,256,8000,32.100
2026-07-23T01:21:08.847Z,usb,1,3612849267,144047,36876032,256,8000,32.100
2026-07-23T01:21:08.879Z,usb,1,3612849267,144048,36876288,256,8000,32.100
2026-07-23T01:21:08.911Z,usb,1,3612849267,144049,36876544,256,8000,32.100
2026-07-23T01:21:08.943Z,usb,1,3612849267,144050,36876800,256,8000,32.100
2026-07-23T01:21:08.975Z,usb,1,3612849267,144051,36877056,256,8000,32.100
2026-07-23T01:21:09.007Z,usb,1,3612849267,144052,36877312,256,8000,32.100
2026-07-23T01:21:09.039Z,usb,1,3612849267,144053,36877568,256,8000,32.100
2026-07-23T01:21:09.071Z,usb,1,3612849267,144054,36877824,256,8000,32.100
2026-07-23T01:21:09.103Z,usb,1,3612849267,144055,36878080,256,8000,32.100
2026-07-23T01:21:09.135Z,usb,1,3612849267,144056,36878336,256,8000,32.100
2026-07-23T01:21:09.167Z,usb,1,3612849267,144057,36878592,256,8000,32.100
2026-07-23T01:21:09.199Z,usb,1,3612849267,144058,36878848,256,8000,32.100
2026-07-23T01:21:09.231Z,usb,1,3612849267,144059,36879104,256,8000,32.100
2026-07-23T01:21:09.263Z,usb,1,3612849267,144060,36879360,256,8000,32.100
2026-07-23T01:21:09.295Z,usb,1,3612849267,144061,36879616,256,8000,32.100
2026-07-23T01:21:09.327Z,usb,1,3612849267,144062,36879872,256,8000,32.100
2026-07-23T01:21:09.359Z,usb,1,3612849267,144063,36880128,256,8000,32.100
2026-07-23T01:21:09.391Z,usb,1,3612849267,144064,36880384,256,8000,32.100
2026-07-23T01:21:09.423Z,usb,1,3612849267,144065,36880640,256,8000,32.100
2026-07-23T01:21:09.455Z,usb,1,3612849267,144066,36880896,256,8000,32.100
2026-07-23T01:21:09.487Z,usb,1,3612849267,144067,36881152,256,8000,32.100
2026-07-23T01:21:09.520Z,usb,1,3612849267,144068,36881408,256,8000,32.100
2026-07-23T01:21:09.551Z,usb,1,3612849267,144069,36881664,256,8000,32.100
2026-07-23T01:21:09.583Z,usb,1,3612849267,144070,36881920,256,8000,32.100
2026-07-23T01:21:09.615Z,usb,1,3612849267,144071,36882176,256,8000,32.100
2026-07-23T01:21:09.647Z,usb,1,3612849267,144072,36882432,256,8000,32.100
2026-07-23T01:21:09.679Z,usb,1,3612849267,144073,36882688,256,8000,32.100
2026-07-23T01:21:09.711Z,usb,1,3612849267,144074,36882944,256,8000,32.100
2026-07-23T01:21:09.743Z,usb,1,3612849267,144075,36883200,256,8000,32.100
2026-07-23T01:21:09.775Z,usb,1,3612849267,144076,36883456,256,8000,32.100
2026-07-23T01:21:09.807Z,usb,1,3612849267,144077,36883712,256,8000,32.100
2026-07-23T01:21:09.839Z,usb,1,3612849267,144078,36883968,256,8000,32.100
2026-07-23T01:21:09.871Z,usb,1,3612849267,144079,36884224,256,8000,32.100
2026-07-23T01:21:09.903Z,usb,1,3612849267,144080,36884480,256,8000,32.100
2026-07-23T01:21:09.935Z,usb,1,3612849267,144081,36884736,256,8000,32.100
2026-07-23T01:21:09.967Z,usb,1,3612849267,144082,36884992,256,8000,32.100
2026-07-23T01:21:09.999Z,usb,1,3612849267,144083,36885248,256,8000,32.100
2026-07-23T01:21:10.031Z,usb,1,3612849267,144084,36885504,256,8000,32.100
2026-07-23T01:21:10.063Z,usb,1,3612849267,144085,36885760,256,8000,32.100
2026-07-23T01:21:10.095Z,usb,1,3612849267,144086,36886016,256,8000,32.100
2026-07-23T01:21:10.127Z,usb,1,3612849267,144087,36886272,256,8000,32.100
2026-07-23T01:21:10.159Z,usb,1,3612849267,144088,36886528,256,8000,32.100
2026-07-23T01:21:10.191Z,usb,1,3612849267,144089,36886784,256,8000,32.100
2026-07-23T01:21:10.223Z,usb,1,3612849267,144090,36887040,256,8000,32.100
2026-07-23T01:21:10.255Z,usb,1,3612849267,144091,36887296,256,8000,32.100
2026-07-23T01:21:10.287Z,usb,1,3612849267,144092,36887552,256,8000,32.100
2026-07-23T01:21:10.319Z,usb,1,3612849267,144093,36887808,256,8000,32.100
2026-07-23T01:21:10.351Z,usb,1,3612849267,144094,36888064,256,8000,32.100
2026-07-23T01:21:10.383Z,usb,1,3612849267,144095,36888320,256,8000,32.100
2026-07-23T01:21:10.415Z,usb,1,3612849267,144096,36888576,256,8000,32.100
2026-07-23T01:21:10.447Z,usb,1,3612849267,144097,36888832,256,8000,32.100
2026-07-23T01:21:10.479Z,usb,1,3612849267,144098,36889088,256,8000,32.100
2026-07-23T01:21:10.511Z,usb,1,3612849267,144099,36889344,256,8000,32.100
2026-07-23T01:21:10.544Z,usb,1,3612849267,144100,36889600,256,8000,32.110
2026-07-23T01:21:10.575Z,usb,1,3612849267,144101,36889856,256,8000,32.110
2026-07-23T01:21:10.607Z,usb,1,3612849267,144102,36890112,256,8000,32.110
2026-07-23T01:21:10.639Z,usb,1,3612849267,144103,36890368,256,8000,32.110
2026-07-23T01:21:10.671Z,usb,1,3612849267,144104,36890624,256,8000,32.110
2026-07-23T01:21:10.703Z,usb,1,3612849267,144105,36890880,256,8000,32.110
2026-07-23T01:21:10.735Z,usb,1,3612849267,144106,36891136,256,8000,32.110
2026-07-23T01:21:10.767Z,usb,1,3612849267,144107,36891392,256,8000,32.110
2026-07-23T01:21:10.799Z,usb,1,3612849267,144108,36891648,256,8000,32.110
2026-07-23T01:21:10.831Z,usb,1,3612849267,144109,36891904,256,8000,32.110
2026-07-23T01:21:10.863Z,usb,1,3612849267,144110,36892160,256,8000,32.110
2026-07-23T01:21:10.895Z,usb,1,3612849267,144111,36892416,256,8000,32.110
2026-07-23T01:21:10.927Z,usb,1,3612849267,144112,36892672,256,8000,32.110
2026-07-23T01:21:10.959Z,usb,1,3612849267,144113,36892928,256,8000,32.110
2026-07-23T01:21:10.991Z,usb,1,3612849267,144114,36893184,256,8000,32.110
2026-07-23T01:21:11.023Z,usb,1,3612849267,144115,36893440,256,8000,32.110
2026-07-23T01:21:11.055Z,usb,1,3612849267,144116,36893696,256,8000,32.110
2026-07-23T01:21:11.087Z,usb,1,3612849267,144117,36893952,256,8000,32.110
2026-07-23T01:21:11.119Z,usb,1,3612849267,144118,36894208,256,8000,32.110
2026-07-23T01:21:11.151Z,usb,1,3612849267,144119,36894464,256,8000,32.110
2026-07-23T01:21:11.183Z,usb,1,3612849267,144120,36894720,256,8000,32.110
2026-07-23T01:21:11.215Z,usb,1,3612849267,144121,36894976,256,8000,32.110
2026-07-23T01:21:11.247Z,usb,1,3612849267,144122,36895232,256,8000,32.110
2026-07-23T01:21:11.279Z,usb,1,3612849267,144123,36895488,256,8000,32.110
2026-07-23T01:21:11.311Z,usb,1,3612849267,144124,36895744,256,8000,32.110
2026-07-23T01:21:11.343Z,usb,1,3612849267,144125,36896000,256,8000,32.110
2026-07-23T01:21:11.375Z,usb,1,3612849267,144126,36896256,256,8000,32.110
2026-07-23T01:21:11.407Z,usb,1,3612849267,144127,36896512,256,8000,32.110
2026-07-23T01:21:11.439Z,usb,1,3612849267,144128,36896768,256,8000,32.110
2026-07-23T01:21:11.471Z,usb,1,3612849267,144129,36897024,256,8000,32.110
2026-07-23T01:21:11.503Z,usb,1,3612849267,144130,36897280,256,8000,32.110
2026-07-23T01:21:11.535Z,usb,1,3612849267,144131,36897536,256,8000,32.110
2026-07-23T01:21:11.567Z,usb,1,3612849267,144132,36897792,256,8000,32.100
2026-07-23T01:21:11.599Z,usb,1,3612849267,144133,36898048,256,8000,32.100
2026-07-23T01:21:11.631Z,usb,1,3612849267,144134,36898304,256,8000,32.100
2026-07-23T01:21:11.663Z,usb,1,3612849267,144135,36898560,256,8000,32.100
2026-07-23T01:21:11.695Z,usb,1,3612849267,144136,36898816,256,8000,32.100
2026-07-23T01:21:11.727Z,usb,1,3612849267,144137,36899072,256,8000,32.100
2026-07-23T01:21:11.759Z,usb,1,3612849267,144138,36899328,256,8000,32.100
2026-07-23T01:21:11.791Z,usb,1,3612849267,144139,36899584,256,8000,32.100
2026-07-23T01:21:11.823Z,usb,1,3612849267,144140,36899840,256,8000,32.100
2026-07-23T01:21:11.855Z,usb,1,3612849267,144141,36900096,256,8000,32.100
2026-07-23T01:21:11.887Z,usb,1,3612849267,144142,36900352,256,8000,32.100
2026-07-23T01:21:11.919Z,usb,1,3612849267,144143,36900608,256,8000,32.100
2026-07-23T01:21:11.951Z,usb,1,3612849267,144144,36900864,256,8000,32.100
2026-07-23T01:21:11.983Z,usb,1,3612849267,144145,36901120,256,8000,32.100
2026-07-23T01:21:12.015Z,usb,1,3612849267,144146,36901376,256,8000,32.100
2026-07-23T01:21:12.047Z,usb,1,3612849267,144147,36901632,256,8000,32.100
2026-07-23T01:21:12.079Z,usb,1,3612849267,144148,36901888,256,8000,32.100
2026-07-23T01:21:12.111Z,usb,1,3612849267,144149,36902144,256,8000,32.100
2026-07-23T01:21:12.143Z,usb,1,3612849267,144150,36902400,256,8000,32.100
2026-07-23T01:21:12.175Z,usb,1,3612849267,144151,36902656,256,8000,32.100
2026-07-23T01:21:12.207Z,usb,1,3612849267,144152,36902912,256,8000,32.100
2026-07-23T01:21:12.239Z,usb,1,3612849267,144153,36903168,256,8000,32.100
2026-07-23T01:21:12.271Z,usb,1,3612849267,144154,36903424,256,8000,32.100
2026-07-23T01:21:12.303Z,usb,1,3612849267,144155,36903680,256,8000,32.100
2026-07-23T01:21:12.335Z,usb,1,3612849267,144156,36903936,256,8000,32.100
2026-07-23T01:21:12.367Z,usb,1,3612849267,144157,36904192,256,8000,32.100
2026-07-23T01:21:12.399Z,usb,1,3612849267,144158,36904448,256,8000,32.100
2026-07-23T01:21:12.431Z,usb,1,3612849267,144159,36904704,256,8000,32.100
2026-07-23T01:21:12.463Z,usb,1,3612849267,144160,36904960,256,8000,32.100
2026-07-23T01:21:12.495Z,usb,1,3612849267,144161,36905216,256,8000,32.100
2026-07-23T01:21:12.527Z,usb,1,3612849267,144162,36905472,256,8000,32.100
2026-07-23T01:21:12.559Z,usb,1,3612849267,144163,36905728,256,8000,32.100
2026-07-23T01:21:12.591Z,usb,1,3612849267,144164,36905984,256,8000,32.110
2026-07-23T01:21:12.623Z,usb,1,3612849267,144165,36906240,256,8000,32.110
2026-07-23T01:21:12.655Z,usb,1,3612849267,144166,36906496,256,8000,32.110
2026-07-23T01:21:12.687Z,usb,1,3612849267,144167,36906752,256,8000,32.110
2026-07-23T01:21:12.719Z,usb,1,3612849267,144168,36907008,256,8000,32.110
2026-07-23T01:21:12.751Z,usb,1,3612849267,144169,36907264,256,8000,32.110
2026-07-23T01:21:12.783Z,usb,1,3612849267,144170,36907520,256,8000,32.110
2026-07-23T01:21:12.815Z,usb,1,3612849267,144171,36907776,256,8000,32.110
2026-07-23T01:21:12.847Z,usb,1,3612849267,144172,36908032,256,8000,32.110
2026-07-23T01:21:12.879Z,usb,1,3612849267,144173,36908288,256,8000,32.110
2026-07-23T01:21:12.911Z,usb,1,3612849267,144174,36908544,256,8000,32.110
2026-07-23T01:21:12.943Z,usb,1,3612849267,144175,36908800,256,8000,32.110
2026-07-23T01:21:12.975Z,usb,1,3612849267,144176,36909056,256,8000,32.110
2026-07-23T01:21:13.007Z,usb,1,3612849267,144177,36909312,256,8000,32.110
2026-07-23T01:21:13.039Z,usb,1,3612849267,144178,36909568,256,8000,32.110
2026-07-23T01:21:13.071Z,usb,1,3612849267,144179,36909824,256,8000,32.110
2026-07-23T01:21:13.103Z,usb,1,3612849267,144180,36910080,256,8000,32.110
2026-07-23T01:21:13.135Z,usb,1,3612849267,144181,36910336,256,8000,32.110
2026-07-23T01:21:13.167Z,usb,1,3612849267,144182,36910592,256,8000,32.110
2026-07-23T01:21:13.199Z,usb,1,3612849267,144183,36910848,256,8000,32.110
2026-07-23T01:21:13.231Z,usb,1,3612849267,144184,36911104,256,8000,32.110
2026-07-23T01:21:13.263Z,usb,1,3612849267,144185,36911360,256,8000,32.110
2026-07-23T01:21:13.295Z,usb,1,3612849267,144186,36911616,256,8000,32.110
2026-07-23T01:21:13.327Z,usb,1,3612849267,144187,36911872,256,8000,32.110
2026-07-23T01:21:13.359Z,usb,1,3612849267,144188,36912128,256,8000,32.110
2026-07-23T01:21:13.391Z,usb,1,3612849267,144189,36912384,256,8000,32.110
2026-07-23T01:21:13.423Z,usb,1,3612849267,144190,36912640,256,8000,32.110
2026-07-23T01:21:13.455Z,usb,1,3612849267,144191,36912896,256,8000,32.110
2026-07-23T01:21:13.487Z,usb,1,3612849267,144192,36913152,256,8000,32.110
2026-07-23T01:21:13.519Z,usb,1,3612849267,144193,36913408,256,8000,32.110
2026-07-23T01:21:13.551Z,usb,1,3612849267,144194,36913664,256,8000,32.110
2026-07-23T01:21:13.583Z,usb,1,3612849267,144195,36913920,256,8000,32.110
2026-07-23T01:21:13.615Z,usb,1,3612849267,144196,36914176,256,8000,32.110
2026-07-23T01:21:13.647Z,usb,1,3612849267,144197,36914432,256,8000,32.110
2026-07-23T01:21:13.679Z,usb,1,3612849267,144198,36914688,256,8000,32.110
2026-07-23T01:21:13.711Z,usb,1,3612849267,144199,36914944,256,8000,32.110
2026-07-23T01:21:13.743Z,usb,1,3612849267,144200,36915200,256,8000,32.110
2026-07-23T01:21:13.775Z,usb,1,3612849267,144201,36915456,256,8000,32.110
2026-07-23T01:21:13.807Z,usb,1,3612849267,144202,36915712,256,8000,32.110
2026-07-23T01:21:13.839Z,usb,1,3612849267,144203,36915968,256,8000,32.110
2026-07-23T01:21:13.871Z,usb,1,3612849267,144204,36916224,256,8000,32.110
2026-07-23T01:21:13.903Z,usb,1,3612849267,144205,36916480,256,8000,32.110
2026-07-23T01:21:13.935Z,usb,1,3612849267,144206,36916736,256,8000,32.110
2026-07-23T01:21:13.967Z,usb,1,3612849267,144207,36916992,256,8000,32.110
2026-07-23T01:21:13.999Z,usb,1,3612849267,144208,36917248,256,8000,32.110
2026-07-23T01:21:14.031Z,usb,1,3612849267,144209,36917504,256,8000,32.110
2026-07-23T01:21:14.063Z,usb,1,3612849267,144210,36917760,256,8000,32.110
2026-07-23T01:21:14.095Z,usb,1,3612849267,144211,36918016,256,8000,32.110
2026-07-23T01:21:14.127Z,usb,1,3612849267,144212,36918272,256,8000,32.110
2026-07-23T01:21:14.159Z,usb,1,3612849267,144213,36918528,256,8000,32.110
2026-07-23T01:21:14.190Z,usb,1,3612849267,144214,36918784,256,8000,32.110
2026-07-23T01:21:14.222Z,usb,1,3612849267,144215,36919040,256,8000,32.110
2026-07-23T01:21:14.254Z,usb,1,3612849267,144216,36919296,256,8000,32.110
2026-07-23T01:21:14.287Z,usb,1,3612849267,144217,36919552,256,8000,32.110
2026-07-23T01:21:14.318Z,usb,1,3612849267,144218,36919808,256,8000,32.110
2026-07-23T01:21:14.350Z,usb,1,3612849267,144219,36920064,256,8000,32.110
2026-07-23T01:21:14.383Z,usb,1,3612849267,144220,36920320,256,8000,32.110
2026-07-23T01:21:14.415Z,usb,1,3612849267,144221,36920576,256,8000,32.110
2026-07-23T01:21:14.447Z,usb,1,3612849267,144222,36920832,256,8000,32.110
2026-07-23T01:21:14.479Z,usb,1,3612849267,144223,36921088,256,8000,32.110
2026-07-23T01:21:14.511Z,usb,1,3612849267,144224,36921344,256,8000,32.110
2026-07-23T01:21:14.543Z,usb,1,3612849267,144225,36921600,256,8000,32.110
2026-07-23T01:21:14.575Z,usb,1,3612849267,144226,36921856,256,8000,32.110
2026-07-23T01:21:14.607Z,usb,1,3612849267,144227,36922112,256,8000,32.110
2026-07-23T01:21:14.639Z,usb,1,3612849267,144228,36922368,256,8000,32.110
2026-07-23T01:21:14.671Z,usb,1,3612849267,144229,36922624,256,8000,32.110
2026-07-23T01:21:14.703Z,usb,1,3612849267,144230,36922880,256,8000,32.110
2026-07-23T01:21:14.735Z,usb,1,3612849267,144231,36923136,256,8000,32.110
2026-07-23T01:21:14.767Z,usb,1,3612849267,144232,36923392,256,8000,32.110
2026-07-23T01:21:14.799Z,usb,1,3612849267,144233,36923648,256,8000,32.110
2026-07-23T01:21:14.831Z,usb,1,3612849267,144234,36923904,256,8000,32.110
2026-07-23T01:21:14.863Z,usb,1,3612849267,144235,36924160,256,8000,32.110
2026-07-23T01:21:14.895Z,usb,1,3612849267,144236,36924416,256,8000,32.110
2026-07-23T01:21:14.927Z,usb,1,3612849267,144237,36924672,256,8000,32.110
2026-07-23T01:21:14.959Z,usb,1,3612849267,144238,36924928,256,8000,32.110
2026-07-23T01:21:14.991Z,usb,1,3612849267,144239,36925184,256,8000,32.110
2026-07-23T01:21:15.023Z,usb,1,3612849267,144240,36925440,256,8000,32.110
2026-07-23T01:21:15.055Z,usb,1,3612849267,144241,36925696,256,8000,32.110
2026-07-23T01:21:15.087Z,usb,1,3612849267,144242,36925952,256,8000,32.110
2026-07-23T01:21:15.119Z,usb,1,3612849267,144243,36926208,256,8000,32.110
2026-07-23T01:21:15.151Z,usb,1,3612849267,144244,36926464,256,8000,32.110
2026-07-23T01:21:15.183Z,usb,1,3612849267,144245,36926720,256,8000,32.110
2026-07-23T01:21:15.215Z,usb,1,3612849267,144246,36926976,256,8000,32.110
2026-07-23T01:21:15.247Z,usb,1,3612849267,144247,36927232,256,8000,32.110
2026-07-23T01:21:15.279Z,usb,1,3612849267,144248,36927488,256,8000,32.110
2026-07-23T01:21:15.311Z,usb,1,3612849267,144249,36927744,256,8000,32.110
2026-07-23T01:21:15.343Z,usb,1,3612849267,144250,36928000,256,8000,32.110
2026-07-23T01:21:15.374Z,usb,1,3612849267,144251,36928256,256,8000,32.110
2026-07-23T01:21:15.406Z,usb,1,3612849267,144252,36928512,256,8000,32.110
2026-07-23T01:21:15.438Z,usb,1,3612849267,144253,36928768,256,8000,32.110
2026-07-23T01:21:15.470Z,usb,1,3612849267,144254,36929024,256,8000,32.110
2026-07-23T01:21:15.503Z,usb,1,3612849267,144255,36929280,256,8000,32.110
2026-07-23T01:21:15.535Z,usb,1,3612849267,144256,36929536,256,8000,32.110
2026-07-23T01:21:15.567Z,usb,1,3612849267,144257,36929792,256,8000,32.110
2026-07-23T01:21:15.599Z,usb,1,3612849267,144258,36930048,256,8000,32.110
2026-07-23T01:21:15.631Z,usb,1,3612849267,144259,36930304,256,8000,32.110
2026-07-23T01:21:15.663Z,usb,1,3612849267,144260,36930560,256,8000,32.110
2026-07-23T01:21:15.695Z,usb,1,3612849267,144261,36930816,256,8000,32.110
2026-07-23T01:21:15.727Z,usb,1,3612849267,144262,36931072,256,8000,32.110
2026-07-23T01:21:15.759Z,usb,1,3612849267,144263,36931328,256,8000,32.110
2026-07-23T01:21:15.791Z,usb,1,3612849267,144264,36931584,256,8000,32.110
2026-07-23T01:21:15.823Z,usb,1,3612849267,144265,36931840,256,8000,32.110
2026-07-23T01:21:15.855Z,usb,1,3612849267,144266,36932096,256,8000,32.110
2026-07-23T01:21:15.887Z,usb,1,3612849267,144267,36932352,256,8000,32.110
2026-07-23T01:21:15.919Z,usb,1,3612849267,144268,36932608,256,8000,32.110
2026-07-23T01:21:15.951Z,usb,1,3612849267,144269,36932864,256,8000,32.110
2026-07-23T01:21:15.983Z,usb,1,3612849267,144270,36933120,256,8000,32.110
2026-07-23T01:21:16.015Z,usb,1,3612849267,144271,36933376,256,8000,32.110
2026-07-23T01:21:16.047Z,usb,1,3612849267,144272,36933632,256,8000,32.110
2026-07-23T01:21:16.079Z,usb,1,3612849267,144273,36933888,256,8000,32.110
2026-07-23T01:21:16.111Z,usb,1,3612849267,144274,36934144,256,8000,32.110
2026-07-23T01:21:16.143Z,usb,1,3612849267,144275,36934400,256,8000,32.110
2026-07-23T01:21:16.175Z,usb,1,3612849267,144276,36934656,256,8000,32.110
2026-07-23T01:21:16.207Z,usb,1,3612849267,144277,36934912,256,8000,32.110
2026-07-23T01:21:16.239Z,usb,1,3612849267,144278,36935168,256,8000,32.110
2026-07-23T01:21:16.271Z,usb,1,3612849267,144279,36935424,256,8000,32.110
2026-07-23T01:21:16.303Z,usb,1,3612849267,144280,36935680,256,8000,32.110
2026-07-23T01:21:16.335Z,usb,1,3612849267,144281,36935936,256,8000,32.110
2026-07-23T01:21:16.367Z,usb,1,3612849267,144282,36936192,256,8000,32.110
2026-07-23T01:21:16.399Z,usb,1,3612849267,144283,36936448,256,8000,32.110
2026-07-23T01:21:16.431Z,usb,1,3612849267,144284,36936704,256,8000,32.110
2026-07-23T01:21:16.463Z,usb,1,3612849267,144285,36936960,256,8000,32.110
2026-07-23T01:21:16.495Z,usb,1,3612849267,144286,36937216,256,8000,32.110
2026-07-23T01:21:16.527Z,usb,1,3612849267,144287,36937472,256,8000,32.110
2026-07-23T01:21:16.559Z,usb,1,3612849267,144288,36937728,256,8000,32.110
2026-07-23T01:21:16.591Z,usb,1,3612849267,144289,36937984,256,8000,32.110
2026-07-23T01:21:16.623Z,usb,1,3612849267,144290,36938240,256,8000,32.110
2026-07-23T01:21:16.655Z,usb,1,3612849267,144291,36938496,256,8000,32.110
2026-07-23T01:21:16.687Z,usb,1,3612849267,144292,36938752,256,8000,32.110
2026-07-23T01:21:16.719Z,usb,1,3612849267,144293,36939008,256,8000,32.110
2026-07-23T01:21:16.751Z,usb,1,3612849267,144294,36939264,256,8000,32.110
2026-07-23T01:21:16.783Z,usb,1,3612849267,144295,36939520,256,8000,32.110
2026-07-23T01:21:16.815Z,usb,1,3612849267,144296,36939776,256,8000,32.110
2026-07-23T01:21:16.847Z,usb,1,3612849267,144297,36940032,256,8000,32.110
2026-07-23T01:21:16.879Z,usb,1,3612849267,144298,36940288,256,8000,32.110
2026-07-23T01:21:16.911Z,usb,1,3612849267,144299,36940544,256,8000,32.110
2026-07-23T01:21:16.943Z,usb,1,3612849267,144300,36940800,256,8000,32.110
2026-07-23T01:21:16.975Z,usb,1,3612849267,144301,36941056,256,8000,32.110
2026-07-23T01:21:17.007Z,usb,1,3612849267,144302,36941312,256,8000,32.110
2026-07-23T01:21:17.039Z,usb,1,3612849267,144303,36941568,256,8000,32.110
2026-07-23T01:21:17.071Z,usb,1,3612849267,144304,36941824,256,8000,32.110
2026-07-23T01:21:17.103Z,usb,1,3612849267,144305,36942080,256,8000,32.110
2026-07-23T01:21:17.135Z,usb,1,3612849267,144306,36942336,256,8000,32.110
2026-07-23T01:21:17.167Z,usb,1,3612849267,144307,36942592,256,8000,32.110
2026-07-23T01:21:17.199Z,usb,1,3612849267,144308,36942848,256,8000,32.110
2026-07-23T01:21:17.231Z,usb,1,3612849267,144309,36943104,256,8000,32.110
2026-07-23T01:21:17.263Z,usb,1,3612849267,144310,36943360,256,8000,32.110
2026-07-23T01:21:17.295Z,usb,1,3612849267,144311,36943616,256,8000,32.110
2026-07-23T01:21:17.327Z,usb,1,3612849267,144312,36943872,256,8000,32.110
2026-07-23T01:21:17.359Z,usb,1,3612849267,144313,36944128,256,8000,32.110
2026-07-23T01:21:17.391Z,usb,1,3612849267,144314,36944384,256,8000,32.110
2026-07-23T01:21:17.423Z,usb,1,3612849267,144315,36944640,256,8000,32.110
2026-07-23T01:21:17.454Z,usb,1,3612849267,144316,36944896,256,8000,32.110
2026-07-23T01:21:17.486Z,usb,1,3612849267,144317,36945152,256,8000,32.110
2026-07-23T01:21:17.519Z,usb,1,3612849267,144318,36945408,256,8000,32.110
2026-07-23T01:21:17.551Z,usb,1,3612849267,144319,36945664,256,8000,32.110
2026-07-23T01:21:17.583Z,usb,1,3612849267,144320,36945920,256,8000,32.110
2026-07-23T01:21:17.615Z,usb,1,3612849267,144321,36946176,256,8000,32.110
2026-07-23T01:21:17.647Z,usb,1,3612849267,144322,36946432,256,8000,32.110
2026-07-23T01:21:17.679Z,usb,1,3612849267,144323,36946688,256,8000,32.110
2026-07-23T01:21:17.712Z,usb,1,3612849267,144324,36946944,256,8000,32.110
2026-07-23T01:21:17.743Z,usb,1,3612849267,144325,36947200,256,8000,32.110
2026-07-23T01:21:17.775Z,usb,1,3612849267,144326,36947456,256,8000,32.110
2026-07-23T01:21:17.807Z,usb,1,3612849267,144327,36947712,256,8000,32.110
2026-07-23T01:21:17.839Z,usb,1,3612849267,144328,36947968,256,8000,32.110
2026-07-23T01:21:17.871Z,usb,1,3612849267,144329,36948224,256,8000,32.110
2026-07-23T01:21:17.903Z,usb,1,3612849267,144330,36948480,256,8000,32.110
2026-07-23T01:21:17.935Z,usb,1,3612849267,144331,36948736,256,8000,32.110
2026-07-23T01:21:17.967Z,usb,1,3612849267,144332,36948992,256,8000,32.110
2026-07-23T01:21:17.999Z,usb,1,3612849267,144333,36949248,256,8000,32.110
2026-07-23T01:21:18.031Z,usb,1,3612849267,144334,36949504,256,8000,32.110
2026-07-23T01:21:18.063Z,usb,1,3612849267,144335,36949760,256,8000,32.110
2026-07-23T01:21:18.095Z,usb,1,3612849267,144336,36950016,256,8000,32.110
2026-07-23T01:21:18.127Z,usb,1,3612849267,144337,36950272,256,8000,32.110
2026-07-23T01:21:18.159Z,usb,1,3612849267,144338,36950528,256,8000,32.110
2026-07-23T01:21:18.191Z,usb,1,3612849267,144339,36950784,256,8000,32.110
2026-07-23T01:21:18.223Z,usb,1,3612849267,144340,36951040,256,8000,32.110
2026-07-23T01:21:18.255Z,usb,1,3612849267,144341,36951296,256,8000,32.110
2026-07-23T01:21:18.287Z,usb,1,3612849267,144342,36951552,256,8000,32.110
2026-07-23T01:21:18.319Z,usb,1,3612849267,144343,36951808,256,8000,32.110
2026-07-23T01:21:18.351Z,usb,1,3612849267,144344,36952064,256,8000,32.110
2026-07-23T01:21:18.383Z,usb,1,3612849267,144345,36952320,256,8000,32.110
2026-07-23T01:21:18.415Z,usb,1,3612849267,144346,36952576,256,8000,32.110
2026-07-23T01:21:18.447Z,usb,1,3612849267,144347,36952832,256,8000,32.110
2026-07-23T01:21:18.479Z,usb,1,3612849267,144348,36953088,256,8000,32.110
2026-07-23T01:21:18.511Z,usb,1,3612849267,144349,36953344,256,8000,32.110
2026-07-23T01:21:18.543Z,usb,1,3612849267,144350,36953600,256,8000,32.110
2026-07-23T01:21:18.575Z,usb,1,3612849267,144351,36953856,256,8000,32.110
2026-07-23T01:21:18.607Z,usb,1,3612849267,144352,36954112,256,8000,32.110
2026-07-23T01:21:18.639Z,usb,1,3612849267,144353,36954368,256,8000,32.110
2026-07-23T01:21:18.671Z,usb,1,3612849267,144354,36954624,256,8000,32.110
2026-07-23T01:21:18.703Z,usb,1,3612849267,144355,36954880,256,8000,32.110
2026-07-23T01:21:18.735Z,usb,1,3612849267,144356,36955136,256,8000,32.100
2026-07-23T01:21:18.767Z,usb,1,3612849267,144357,36955392,256,8000,32.100
2026-07-23T01:21:18.799Z,usb,1,3612849267,144358,36955648,256,8000,32.100
2026-07-23T01:21:18.831Z,usb,1,3612849267,144359,36955904,256,8000,32.100
2026-07-23T01:21:18.863Z,usb,1,3612849267,144360,36956160,256,8000,32.100
2026-07-23T01:21:18.895Z,usb,1,3612849267,144361,36956416,256,8000,32.100
2026-07-23T01:21:18.927Z,usb,1,3612849267,144362,36956672,256,8000,32.100
2026-07-23T01:21:18.959Z,usb,1,3612849267,144363,36956928,256,8000,32.100
2026-07-23T01:21:18.991Z,usb,1,3612849267,144364,36957184,256,8000,32.100
2026-07-23T01:21:19.023Z,usb,1,3612849267,144365,36957440,256,8000,32.100
2026-07-23T01:21:19.055Z,usb,1,3612849267,144366,36957696,256,8000,32.100
2026-07-23T01:21:19.087Z,usb,1,3612849267,144367,36957952,256,8000,32.100
2026-07-23T01:21:19.119Z,usb,1,3612849267,144368,36958208,256,8000,32.100
2026-07-23T01:21:19.151Z,usb,1,3612849267,144369,36958464,256,8000,32.100
2026-07-23T01:21:19.183Z,usb,1,3612849267,144370,36958720,256,8000,32.100
2026-07-23T01:21:19.215Z,usb,1,3612849267,144371,36958976,256,8000,32.100
2026-07-23T01:21:19.247Z,usb,1,3612849267,144372,36959232,256,8000,32.100
2026-07-23T01:21:19.279Z,usb,1,3612849267,144373,36959488,256,8000,32.100
2026-07-23T01:21:19.311Z,usb,1,3612849267,144374,36959744,256,8000,32.100
2026-07-23T01:21:19.343Z,usb,1,3612849267,144375,36960000,256,8000,32.100
2026-07-23T01:21:19.375Z,usb,1,3612849267,144376,36960256,256,8000,32.100
2026-07-23T01:21:19.407Z,usb,1,3612849267,144377,36960512,256,8000,32.100
2026-07-23T01:21:19.439Z,usb,1,3612849267,144378,36960768,256,8000,32.100
2026-07-23T01:21:19.471Z,usb,1,3612849267,144379,36961024,256,8000,32.100
2026-07-23T01:21:19.503Z,usb,1,3612849267,144380,36961280,256,8000,32.100
2026-07-23T01:21:19.535Z,usb,1,3612849267,144381,36961536,256,8000,32.100
2026-07-23T01:21:19.567Z,usb,1,3612849267,144382,36961792,256,8000,32.100
2026-07-23T01:21:19.599Z,usb,1,3612849267,144383,36962048,256,8000,32.100
2026-07-23T01:21:19.631Z,usb,1,3612849267,144384,36962304,256,8000,32.100
2026-07-23T01:21:19.663Z,usb,1,3612849267,144385,36962560,256,8000,32.100
2026-07-23T01:21:19.695Z,usb,1,3612849267,144386,36962816,256,8000,32.100
2026-07-23T01:21:19.727Z,usb,1,3612849267,144387,36963072,256,8000,32.100
2026-07-23T01:21:19.759Z,usb,1,3612849267,144388,36963328,256,8000,32.110
2026-07-23T01:21:19.791Z,usb,1,3612849267,144389,36963584,256,8000,32.110
2026-07-23T01:21:19.823Z,usb,1,3612849267,144390,36963840,256,8000,32.110
2026-07-23T01:21:19.855Z,usb,1,3612849267,144391,36964096,256,8000,32.110
2026-07-23T01:21:19.887Z,usb,1,3612849267,144392,36964352,256,8000,32.110
2026-07-23T01:21:19.919Z,usb,1,3612849267,144393,36964608,256,8000,32.110
2026-07-23T01:21:19.951Z,usb,1,3612849267,144394,36964864,256,8000,32.110
2026-07-23T01:21:19.983Z,usb,1,3612849267,144395,36965120,256,8000,32.110
2026-07-23T01:21:20.015Z,usb,1,3612849267,144396,36965376,256,8000,32.110
2026-07-23T01:21:20.047Z,usb,1,3612849267,144397,36965632,256,8000,32.110
2026-07-23T01:21:20.079Z,usb,1,3612849267,144398,36965888,256,8000,32.110
2026-07-23T01:21:20.111Z,usb,1,3612849267,144399,36966144,256,8000,32.110
2026-07-23T01:21:20.143Z,usb,1,3612849267,144400,36966400,256,8000,32.110
2026-07-23T01:21:20.175Z,usb,1,3612849267,144401,36966656,256,8000,32.110
2026-07-23T01:21:20.207Z,usb,1,3612849267,144402,36966912,256,8000,32.110
2026-07-23T01:21:20.239Z,usb,1,3612849267,144403,36967168,256,8000,32.110
2026-07-23T01:21:20.271Z,usb,1,3612849267,144404,36967424,256,8000,32.110
2026-07-23T01:21:20.303Z,usb,1,3612849267,144405,36967680,256,8000,32.110
2026-07-23T01:21:20.335Z,usb,1,3612849267,144406,36967936,256,8000,32.110
2026-07-23T01:21:20.367Z,usb,1,3612849267,144407,36968192,256,8000,32.110
2026-07-23T01:21:20.399Z,usb,1,3612849267,144408,36968448,256,8000,32.110
2026-07-23T01:21:20.431Z,usb,1,3612849267,144409,36968704,256,8000,32.110
2026-07-23T01:21:20.463Z,usb,1,3612849267,144410,36968960,256,8000,32.110
2026-07-23T01:21:20.495Z,usb,1,3612849267,144411,36969216,256,8000,32.110
2026-07-23T01:21:20.527Z,usb,1,3612849267,144412,36969472,256,8000,32.110
2026-07-23T01:21:20.559Z,usb,1,3612849267,144413,36969728,256,8000,32.110
2026-07-23T01:21:20.590Z,usb,1,3612849267,144414,36969984,256,8000,32.110
2026-07-23T01:21:20.622Z,usb,1,3612849267,144415,36970240,256,8000,32.110
2026-07-23T01:21:20.655Z,usb,1,3612849267,144416,36970496,256,8000,32.110
2026-07-23T01:21:20.687Z,usb,1,3612849267,144417,36970752,256,8000,32.110
2026-07-23T01:21:20.719Z,usb,1,3612849267,144418,36971008,256,8000,32.110
2026-07-23T01:21:20.751Z,usb,1,3612849267,144419,36971264,256,8000,32.110
2026-07-23T01:21:20.783Z,usb,1,3612849267,144420,36971520,256,8000,32.110
2026-07-23T01:21:20.815Z,usb,1,3612849267,144421,36971776,256,8000,32.110
2026-07-23T01:21:20.847Z,usb,1,3612849267,144422,36972032,256,8000,32.110
2026-07-23T01:21:20.879Z,usb,1,3612849267,144423,36972288,256,8000,32.110
2026-07-23T01:21:20.911Z,usb,1,3612849267,144424,36972544,256,8000,32.110
2026-07-23T01:21:20.943Z,usb,1,3612849267,144425,36972800,256,8000,32.110
2026-07-23T01:21:20.975Z,usb,1,3612849267,144426,36973056,256,8000,32.110
2026-07-23T01:21:21.007Z,usb,1,3612849267,144427,36973312,256,8000,32.110
2026-07-23T01:21:21.039Z,usb,1,3612849267,144428,36973568,256,8000,32.110
2026-07-23T01:21:21.071Z,usb,1,3612849267,144429,36973824,256,8000,32.110
2026-07-23T01:21:21.103Z,usb,1,3612849267,144430,36974080,256,8000,32.110
2026-07-23T01:21:21.135Z,usb,1,3612849267,144431,36974336,256,8000,32.110
2026-07-23T01:21:21.167Z,usb,1,3612849267,144432,36974592,256,8000,32.110
2026-07-23T01:21:21.199Z,usb,1,3612849267,144433,36974848,256,8000,32.110
2026-07-23T01:21:21.231Z,usb,1,3612849267,144434,36975104,256,8000,32.110
2026-07-23T01:21:21.263Z,usb,1,3612849267,144435,36975360,256,8000,32.110
2026-07-23T01:21:21.295Z,usb,1,3612849267,144436,36975616,256,8000,32.110
2026-07-23T01:21:21.327Z,usb,1,3612849267,144437,36975872,256,8000,32.110
2026-07-23T01:21:21.359Z,usb,1,3612849267,144438,36976128,256,8000,32.110
2026-07-23T01:21:21.391Z,usb,1,3612849267,144439,36976384,256,8000,32.110
2026-07-23T01:21:21.423Z,usb,1,3612849267,144440,36976640,256,8000,32.110
2026-07-23T01:21:21.455Z,usb,1,3612849267,144441,36976896,256,8000,32.110
2026-07-23T01:21:21.487Z,usb,1,3612849267,144442,36977152,256,8000,32.110
2026-07-23T01:21:21.519Z,usb,1,3612849267,144443,36977408,256,8000,32.110
2026-07-23T01:21:21.551Z,usb,1,3612849267,144444,36977664,256,8000,32.110
2026-07-23T01:21:21.583Z,usb,1,3612849267,144445,36977920,256,8000,32.110
2026-07-23T01:21:21.615Z,usb,1,3612849267,144446,36978176,256,8000,32.110
2026-07-23T01:21:21.647Z,usb,1,3612849267,144447,36978432,256,8000,32.110
2026-07-23T01:21:21.679Z,usb,1,3612849267,144448,36978688,256,8000,32.110
2026-07-23T01:21:21.711Z,usb,1,3612849267,144449,36978944,256,8000,32.110
2026-07-23T01:21:21.743Z,usb,1,3612849267,144450,36979200,256,8000,32.110
2026-07-23T01:21:21.775Z,usb,1,3612849267,144451,36979456,256,8000,32.110
2026-07-23T01:21:21.807Z,usb,1,3612849267,144452,36979712,256,8000,32.110
2026-07-23T01:21:21.839Z,usb,1,3612849267,144453,36979968,256,8000,32.110
2026-07-23T01:21:21.871Z,usb,1,3612849267,144454,36980224,256,8000,32.110
2026-07-23T01:21:21.903Z,usb,1,3612849267,144455,36980480,256,8000,32.110
2026-07-23T01:21:21.935Z,usb,1,3612849267,144456,36980736,256,8000,32.110
2026-07-23T01:21:21.967Z,usb,1,3612849267,144457,36980992,256,8000,32.110
2026-07-23T01:21:21.999Z,usb,1,3612849267,144458,36981248,256,8000,32.110
2026-07-23T01:21:22.031Z,usb,1,3612849267,144459,36981504,256,8000,32.110
2026-07-23T01:21:22.063Z,usb,1,3612849267,144460,36981760,256,8000,32.110
2026-07-23T01:21:22.095Z,usb,1,3612849267,144461,36982016,256,8000,32.110
2026-07-23T01:21:22.127Z,usb,1,3612849267,144462,36982272,256,8000,32.110
2026-07-23T01:21:22.159Z,usb,1,3612849267,144463,36982528,256,8000,32.110
2026-07-23T01:21:22.191Z,usb,1,3612849267,144464,36982784,256,8000,32.110
2026-07-23T01:21:22.223Z,usb,1,3612849267,144465,36983040,256,8000,32.110
2026-07-23T01:21:22.255Z,usb,1,3612849267,144466,36983296,256,8000,32.110
2026-07-23T01:21:22.287Z,usb,1,3612849267,144467,36983552,256,8000,32.110
2026-07-23T01:21:22.319Z,usb,1,3612849267,144468,36983808,256,8000,32.110
2026-07-23T01:21:22.351Z,usb,1,3612849267,144469,36984064,256,8000,32.110
2026-07-23T01:21:22.383Z,usb,1,3612849267,144470,36984320,256,8000,32.110
2026-07-23T01:21:22.415Z,usb,1,3612849267,144471,36984576,256,8000,32.110
2026-07-23T01:21:22.447Z,usb,1,3612849267,144472,36984832,256,8000,32.110
2026-07-23T01:21:22.479Z,usb,1,3612849267,144473,36985088,256,8000,32.110
2026-07-23T01:21:22.511Z,usb,1,3612849267,144474,36985344,256,8000,32.110
2026-07-23T01:21:22.543Z,usb,1,3612849267,144475,36985600,256,8000,32.110
2026-07-23T01:21:22.575Z,usb,1,3612849267,144476,36985856,256,8000,32.110
2026-07-23T01:21:22.607Z,usb,1,3612849267,144477,36986112,256,8000,32.110
2026-07-23T01:21:22.639Z,usb,1,3612849267,144478,36986368,256,8000,32.110
2026-07-23T01:21:22.671Z,usb,1,3612849267,144479,36986624,256,8000,32.110
2026-07-23T01:21:22.703Z,usb,1,3612849267,144480,36986880,256,8000,32.110
2026-07-23T01:21:22.735Z,usb,1,3612849267,144481,36987136,256,8000,32.110
2026-07-23T01:21:22.767Z,usb,1,3612849267,144482,36987392,256,8000,32.110
2026-07-23T01:21:22.799Z,usb,1,3612849267,144483,36987648,256,8000,32.110
2026-07-23T01:21:22.831Z,usb,1,3612849267,144484,36987904,256,8000,32.110
2026-07-23T01:21:22.863Z,usb,1,3612849267,144485,36988160,256,8000,32.110
2026-07-23T01:21:22.895Z,usb,1,3612849267,144486,36988416,256,8000,32.110
2026-07-23T01:21:22.927Z,usb,1,3612849267,144487,36988672,256,8000,32.110
2026-07-23T01:21:22.959Z,usb,1,3612849267,144488,36988928,256,8000,32.110
2026-07-23T01:21:22.991Z,usb,1,3612849267,144489,36989184,256,8000,32.110
2026-07-23T01:21:23.023Z,usb,1,3612849267,144490,36989440,256,8000,32.110
2026-07-23T01:21:23.055Z,usb,1,3612849267,144491,36989696,256,8000,32.110
2026-07-23T01:21:23.087Z,usb,1,3612849267,144492,36989952,256,8000,32.110
2026-07-23T01:21:23.119Z,usb,1,3612849267,144493,36990208,256,8000,32.110
2026-07-23T01:21:23.151Z,usb,1,3612849267,144494,36990464,256,8000,32.110
2026-07-23T01:21:23.183Z,usb,1,3612849267,144495,36990720,256,8000,32.110
2026-07-23T01:21:23.215Z,usb,1,3612849267,144496,36990976,256,8000,32.110
2026-07-23T01:21:23.247Z,usb,1,3612849267,144497,36991232,256,8000,32.110
2026-07-23T01:21:23.279Z,usb,1,3612849267,144498,36991488,256,8000,32.110
2026-07-23T01:21:23.311Z,usb,1,3612849267,144499,36991744,256,8000,32.110
2026-07-23T01:21:23.343Z,usb,1,3612849267,144500,36992000,256,8000,32.110
2026-07-23T01:21:23.375Z,usb,1,3612849267,144501,36992256,256,8000,32.110
2026-07-23T01:21:23.407Z,usb,1,3612849267,144502,36992512,256,8000,32.110
2026-07-23T01:21:23.439Z,usb,1,3612849267,144503,36992768,256,8000,32.110
2026-07-23T01:21:23.471Z,usb,1,3612849267,144504,36993024,256,8000,32.110
2026-07-23T01:21:23.503Z,usb,1,3612849267,144505,36993280,256,8000,32.110
2026-07-23T01:21:23.535Z,usb,1,3612849267,144506,36993536,256,8000,32.110
2026-07-23T01:21:23.567Z,usb,1,3612849267,144507,36993792,256,8000,32.110
2026-07-23T01:21:23.599Z,usb,1,3612849267,144508,36994048,256,8000,32.110
2026-07-23T01:21:23.631Z,usb,1,3612849267,144509,36994304,256,8000,32.110
2026-07-23T01:21:23.663Z,usb,1,3612849267,144510,36994560,256,8000,32.110
2026-07-23T01:21:23.695Z,usb,1,3612849267,144511,36994816,256,8000,32.110
2026-07-23T01:21:23.727Z,usb,1,3612849267,144512,36995072,256,8000,32.110
2026-07-23T01:21:23.759Z,usb,1,3612849267,144513,36995328,256,8000,32.110
2026-07-23T01:21:23.791Z,usb,1,3612849267,144514,36995584,256,8000,32.110
2026-07-23T01:21:23.823Z,usb,1,3612849267,144515,36995840,256,8000,32.110
2026-07-23T01:21:23.855Z,usb,1,3612849267,144516,36996096,256,8000,32.110
2026-07-23T01:21:23.886Z,usb,1,3612849267,144517,36996352,256,8000,32.110
2026-07-23T01:21:23.919Z,usb,1,3612849267,144518,36996608,256,8000,32.110
2026-07-23T01:21:23.951Z,usb,1,3612849267,144519,36996864,256,8000,32.110
2026-07-23T01:21:23.983Z,usb,1,3612849267,144520,36997120,256,8000,32.110
2026-07-23T01:21:24.015Z,usb,1,3612849267,144521,36997376,256,8000,32.110
2026-07-23T01:21:24.047Z,usb,1,3612849267,144522,36997632,256,8000,32.110
2026-07-23T01:21:24.079Z,usb,1,3612849267,144523,36997888,256,8000,32.110
2026-07-23T01:21:24.111Z,usb,1,3612849267,144524,36998144,256,8000,32.110
2026-07-23T01:21:24.143Z,usb,1,3612849267,144525,36998400,256,8000,32.110
2026-07-23T01:21:24.175Z,usb,1,3612849267,144526,36998656,256,8000,32.110
2026-07-23T01:21:24.207Z,usb,1,3612849267,144527,36998912,256,8000,32.110
2026-07-23T01:21:24.239Z,usb,1,3612849267,144528,36999168,256,8000,32.110
2026-07-23T01:21:24.271Z,usb,1,3612849267,144529,36999424,256,8000,32.110
2026-07-23T01:21:24.303Z,usb,1,3612849267,144530,36999680,256,8000,32.110
2026-07-23T01:21:24.335Z,usb,1,3612849267,144531,36999936,256,8000,32.110
2026-07-23T01:21:24.367Z,usb,1,3612849267,144532,37000192,256,8000,32.110
2026-07-23T01:21:24.399Z,usb,1,3612849267,144533,37000448,256,8000,32.110
2026-07-23T01:21:24.431Z,usb,1,3612849267,144534,37000704,256,8000,32.110
2026-07-23T01:21:24.463Z,usb,1,3612849267,144535,37000960,256,8000,32.110
2026-07-23T01:21:24.495Z,usb,1,3612849267,144536,37001216,256,8000,32.110
2026-07-23T01:21:24.527Z,usb,1,3612849267,144537,37001472,256,8000,32.110
2026-07-23T01:21:24.559Z,usb,1,3612849267,144538,37001728,256,8000,32.110
2026-07-23T01:21:24.591Z,usb,1,3612849267,144539,37001984,256,8000,32.110
2026-07-23T01:21:24.623Z,usb,1,3612849267,144540,37002240,256,8000,32.110
2026-07-23T01:21:24.655Z,usb,1,3612849267,144541,37002496,256,8000,32.110
2026-07-23T01:21:24.687Z,usb,1,3612849267,144542,37002752,256,8000,32.110
2026-07-23T01:21:24.719Z,usb,1,3612849267,144543,37003008,256,8000,32.110
2026-07-23T01:21:24.751Z,usb,1,3612849267,144544,37003264,256,8000,32.110
2026-07-23T01:21:24.783Z,usb,1,3612849267,144545,37003520,256,8000,32.110
2026-07-23T01:21:24.815Z,usb,1,3612849267,144546,37003776,256,8000,32.110
2026-07-23T01:21:24.847Z,usb,1,3612849267,144547,37004032,256,8000,32.110
2026-07-23T01:21:24.879Z,usb,1,3612849267,144548,37004288,256,8000,32.100
2026-07-23T01:21:24.911Z,usb,1,3612849267,144549,37004544,256,8000,32.100
2026-07-23T01:21:24.943Z,usb,1,3612849267,144550,37004800,256,8000,32.100
2026-07-23T01:21:24.975Z,usb,1,3612849267,144551,37005056,256,8000,32.100
2026-07-23T01:21:25.007Z,usb,1,3612849267,144552,37005312,256,8000,32.100
2026-07-23T01:21:25.039Z,usb,1,3612849267,144553,37005568,256,8000,32.100
2026-07-23T01:21:25.071Z,usb,1,3612849267,144554,37005824,256,8000,32.100
2026-07-23T01:21:25.103Z,usb,1,3612849267,144555,37006080,256,8000,32.100
2026-07-23T01:21:25.135Z,usb,1,3612849267,144556,37006336,256,8000,32.100
2026-07-23T01:21:25.167Z,usb,1,3612849267,144557,37006592,256,8000,32.100
2026-07-23T01:21:25.199Z,usb,1,3612849267,144558,37006848,256,8000,32.100
2026-07-23T01:21:25.231Z,usb,1,3612849267,144559,37007104,256,8000,32.100
2026-07-23T01:21:25.263Z,usb,1,3612849267,144560,37007360,256,8000,32.100
2026-07-23T01:21:25.295Z,usb,1,3612849267,144561,37007616,256,8000,32.100
2026-07-23T01:21:25.327Z,usb,1,3612849267,144562,37007872,256,8000,32.100
2026-07-23T01:21:25.359Z,usb,1,3612849267,144563,37008128,256,8000,32.100
2026-07-23T01:21:25.391Z,usb,1,3612849267,144564,37008384,256,8000,32.100
2026-07-23T01:21:25.423Z,usb,1,3612849267,144565,37008640,256,8000,32.100
2026-07-23T01:21:25.455Z,usb,1,3612849267,144566,37008896,256,8000,32.100
2026-07-23T01:21:25.487Z,usb,1,3612849267,144567,37009152,256,8000,32.100
2026-07-23T01:21:25.519Z,usb,1,3612849267,144568,37009408,256,8000,32.100
2026-07-23T01:21:25.551Z,usb,1,3612849267,144569,37009664,256,8000,32.100
2026-07-23T01:21:25.583Z,usb,1,3612849267,144570,37009920,256,8000,32.100
2026-07-23T01:21:25.615Z,usb,1,3612849267,144571,37010176,256,8000,32.100
2026-07-23T01:21:25.647Z,usb,1,3612849267,144572,37010432,256,8000,32.100
2026-07-23T01:21:25.679Z,usb,1,3612849267,144573,37010688,256,8000,32.100
2026-07-23T01:21:25.711Z,usb,1,3612849267,144574,37010944,256,8000,32.100
2026-07-23T01:21:25.743Z,usb,1,3612849267,144575,37011200,256,8000,32.100
2026-07-23T01:21:25.775Z,usb,1,3612849267,144576,37011456,256,8000,32.100
2026-07-23T01:21:25.807Z,usb,1,3612849267,144577,37011712,256,8000,32.100
2026-07-23T01:21:25.839Z,usb,1,3612849267,144578,37011968,256,8000,32.100
2026-07-23T01:21:25.871Z,usb,1,3612849267,144579,37012224,256,8000,32.100
2026-07-23T01:21:25.903Z,usb,1,3612849267,144580,37012480,256,8000,32.110
2026-07-23T01:21:25.935Z,usb,1,3612849267,144581,37012736,256,8000,32.110
2026-07-23T01:21:25.967Z,usb,1,3612849267,144582,37012992,256,8000,32.110
2026-07-23T01:21:25.999Z,usb,1,3612849267,144583,37013248,256,8000,32.110
2026-07-23T01:21:26.031Z,usb,1,3612849267,144584,37013504,256,8000,32.110
2026-07-23T01:21:26.063Z,usb,1,3612849267,144585,37013760,256,8000,32.110
2026-07-23T01:21:26.095Z,usb,1,3612849267,144586,37014016,256,8000,32.110
2026-07-23T01:21:26.127Z,usb,1,3612849267,144587,37014272,256,8000,32.110
2026-07-23T01:21:26.159Z,usb,1,3612849267,144588,37014528,256,8000,32.110
2026-07-23T01:21:26.191Z,usb,1,3612849267,144589,37014784,256,8000,32.110
2026-07-23T01:21:26.223Z,usb,1,3612849267,144590,37015040,256,8000,32.110
2026-07-23T01:21:26.255Z,usb,1,3612849267,144591,37015296,256,8000,32.110
2026-07-23T01:21:26.287Z,usb,1,3612849267,144592,37015552,256,8000,32.110
2026-07-23T01:21:26.319Z,usb,1,3612849267,144593,37015808,256,8000,32.110
2026-07-23T01:21:26.351Z,usb,1,3612849267,144594,37016064,256,8000,32.110
2026-07-23T01:21:26.383Z,usb,1,3612849267,144595,37016320,256,8000,32.110
2026-07-23T01:21:26.415Z,usb,1,3612849267,144596,37016576,256,8000,32.110
2026-07-23T01:21:26.447Z,usb,1,3612849267,144597,37016832,256,8000,32.110
2026-07-23T01:21:26.479Z,usb,1,3612849267,144598,37017088,256,8000,32.110
2026-07-23T01:21:26.511Z,usb,1,3612849267,144599,37017344,256,8000,32.110
2026-07-23T01:21:26.543Z,usb,1,3612849267,144600,37017600,256,8000,32.110
2026-07-23T01:21:26.575Z,usb,1,3612849267,144601,37017856,256,8000,32.110
2026-07-23T01:21:26.607Z,usb,1,3612849267,144602,37018112,256,8000,32.110
2026-07-23T01:21:26.639Z,usb,1,3612849267,144603,37018368,256,8000,32.110
2026-07-23T01:21:26.671Z,usb,1,3612849267,144604,37018624,256,8000,32.110
2026-07-23T01:21:26.703Z,usb,1,3612849267,144605,37018880,256,8000,32.110
2026-07-23T01:21:26.735Z,usb,1,3612849267,144606,37019136,256,8000,32.110
2026-07-23T01:21:26.767Z,usb,1,3612849267,144607,37019392,256,8000,32.110
2026-07-23T01:21:26.799Z,usb,1,3612849267,144608,37019648,256,8000,32.110
2026-07-23T01:21:26.831Z,usb,1,3612849267,144609,37019904,256,8000,32.110
2026-07-23T01:21:26.863Z,usb,1,3612849267,144610,37020160,256,8000,32.110
2026-07-23T01:21:26.895Z,usb,1,3612849267,144611,37020416,256,8000,32.110
2026-07-23T01:21:26.927Z,usb,1,3612849267,144612,37020672,256,8000,32.110
2026-07-23T01:21:26.959Z,usb,1,3612849267,144613,37020928,256,8000,32.110
2026-07-23T01:21:26.991Z,usb,1,3612849267,144614,37021184,256,8000,32.110
2026-07-23T01:21:27.022Z,usb,1,3612849267,144615,37021440,256,8000,32.110
2026-07-23T01:21:27.055Z,usb,1,3612849267,144616,37021696,256,8000,32.110
2026-07-23T01:21:27.086Z,usb,1,3612849267,144617,37021952,256,8000,32.110
2026-07-23T01:21:27.118Z,usb,1,3612849267,144618,37022208,256,8000,32.110
2026-07-23T01:21:27.151Z,usb,1,3612849267,144619,37022464,256,8000,32.110
2026-07-23T01:21:27.183Z,usb,1,3612849267,144620,37022720,256,8000,32.110
2026-07-23T01:21:27.215Z,usb,1,3612849267,144621,37022976,256,8000,32.110
2026-07-23T01:21:27.247Z,usb,1,3612849267,144622,37023232,256,8000,32.110
2026-07-23T01:21:27.279Z,usb,1,3612849267,144623,37023488,256,8000,32.110
2026-07-23T01:21:27.311Z,usb,1,3612849267,144624,37023744,256,8000,32.110
2026-07-23T01:21:27.343Z,usb,1,3612849267,144625,37024000,256,8000,32.110
2026-07-23T01:21:27.375Z,usb,1,3612849267,144626,37024256,256,8000,32.110
2026-07-23T01:21:27.407Z,usb,1,3612849267,144627,37024512,256,8000,32.110
2026-07-23T01:21:27.439Z,usb,1,3612849267,144628,37024768,256,8000,32.110
2026-07-23T01:21:27.471Z,usb,1,3612849267,144629,37025024,256,8000,32.110
2026-07-23T01:21:27.503Z,usb,1,3612849267,144630,37025280,256,8000,32.110
2026-07-23T01:21:27.535Z,usb,1,3612849267,144631,37025536,256,8000,32.110
2026-07-23T01:21:27.567Z,usb,1,3612849267,144632,37025792,256,8000,32.110
2026-07-23T01:21:27.599Z,usb,1,3612849267,144633,37026048,256,8000,32.110
2026-07-23T01:21:27.631Z,usb,1,3612849267,144634,37026304,256,8000,32.110
2026-07-23T01:21:27.663Z,usb,1,3612849267,144635,37026560,256,8000,32.110
2026-07-23T01:21:27.695Z,usb,1,3612849267,144636,37026816,256,8000,32.110
2026-07-23T01:21:27.727Z,usb,1,3612849267,144637,37027072,256,8000,32.110
2026-07-23T01:21:27.759Z,usb,1,3612849267,144638,37027328,256,8000,32.110
2026-07-23T01:21:27.791Z,usb,1,3612849267,144639,37027584,256,8000,32.110
2026-07-23T01:21:27.823Z,usb,1,3612849267,144640,37027840,256,8000,32.110
2026-07-23T01:21:27.855Z,usb,1,3612849267,144641,37028096,256,8000,32.110
2026-07-23T01:21:27.887Z,usb,1,3612849267,144642,37028352,256,8000,32.110
2026-07-23T01:21:27.919Z,usb,1,3612849267,144643,37028608,256,8000,32.110
2026-07-23T01:21:27.951Z,usb,1,3612849267,144644,37028864,256,8000,32.100
2026-07-23T01:21:27.983Z,usb,1,3612849267,144645,37029120,256,8000,32.100
2026-07-23T01:21:28.015Z,usb,1,3612849267,144646,37029376,256,8000,32.100
2026-07-23T01:21:28.047Z,usb,1,3612849267,144647,37029632,256,8000,32.100
2026-07-23T01:21:28.079Z,usb,1,3612849267,144648,37029888,256,8000,32.100
2026-07-23T01:21:28.111Z,usb,1,3612849267,144649,37030144,256,8000,32.100
2026-07-23T01:21:28.143Z,usb,1,3612849267,144650,37030400,256,8000,32.100
2026-07-23T01:21:28.175Z,usb,1,3612849267,144651,37030656,256,8000,32.100
2026-07-23T01:21:28.211Z,usb,1,3612849267,144652,37030912,256,8000,32.100
2026-07-23T01:21:28.239Z,usb,1,3612849267,144653,37031168,256,8000,32.100
2026-07-23T01:21:28.271Z,usb,1,3612849267,144654,37031424,256,8000,32.100
2026-07-23T01:21:28.303Z,usb,1,3612849267,144655,37031680,256,8000,32.100
2026-07-23T01:21:28.335Z,usb,1,3612849267,144656,37031936,256,8000,32.100
2026-07-23T01:21:28.367Z,usb,1,3612849267,144657,37032192,256,8000,32.100
2026-07-23T01:21:28.399Z,usb,1,3612849267,144658,37032448,256,8000,32.100
2026-07-23T01:21:28.431Z,usb,1,3612849267,144659,37032704,256,8000,32.100
2026-07-23T01:21:28.463Z,usb,1,3612849267,144660,37032960,256,8000,32.100
2026-07-23T01:21:28.495Z,usb,1,3612849267,144661,37033216,256,8000,32.100
2026-07-23T01:21:28.527Z,usb,1,3612849267,144662,37033472,256,8000,32.100
2026-07-23T01:21:28.559Z,usb,1,3612849267,144663,37033728,256,8000,32.100
2026-07-23T01:21:28.591Z,usb,1,3612849267,144664,37033984,256,8000,32.100
2026-07-23T01:21:28.623Z,usb,1,3612849267,144665,37034240,256,8000,32.100
2026-07-23T01:21:28.655Z,usb,1,3612849267,144666,37034496,256,8000,32.100
2026-07-23T01:21:28.687Z,usb,1,3612849267,144667,37034752,256,8000,32.100
2026-07-23T01:21:28.719Z,usb,1,3612849267,144668,37035008,256,8000,32.100
2026-07-23T01:21:28.751Z,usb,1,3612849267,144669,37035264,256,8000,32.100
2026-07-23T01:21:28.783Z,usb,1,3612849267,144670,37035520,256,8000,32.100
2026-07-23T01:21:28.815Z,usb,1,3612849267,144671,37035776,256,8000,32.100
2026-07-23T01:21:28.847Z,usb,1,3612849267,144672,37036032,256,8000,32.100
2026-07-23T01:21:28.879Z,usb,1,3612849267,144673,37036288,256,8000,32.100
2026-07-23T01:21:28.911Z,usb,1,3612849267,144674,37036544,256,8000,32.100
2026-07-23T01:21:28.943Z,usb,1,3612849267,144675,37036800,256,8000,32.100
2026-07-23T01:21:28.976Z,usb,1,3612849267,144676,37037056,256,8000,32.110
2026-07-23T01:21:29.007Z,usb,1,3612849267,144677,37037312,256,8000,32.110
2026-07-23T01:21:29.039Z,usb,1,3612849267,144678,37037568,256,8000,32.110
2026-07-23T01:21:29.071Z,usb,1,3612849267,144679,37037824,256,8000,32.110
2026-07-23T01:21:29.103Z,usb,1,3612849267,144680,37038080,256,8000,32.110
2026-07-23T01:21:29.135Z,usb,1,3612849267,144681,37038336,256,8000,32.110
2026-07-23T01:21:29.167Z,usb,1,3612849267,144682,37038592,256,8000,32.110
2026-07-23T01:21:29.199Z,usb,1,3612849267,144683,37038848,256,8000,32.110
2026-07-23T01:21:29.231Z,usb,1,3612849267,144684,37039104,256,8000,32.110
2026-07-23T01:21:29.263Z,usb,1,3612849267,144685,37039360,256,8000,32.110
2026-07-23T01:21:29.295Z,usb,1,3612849267,144686,37039616,256,8000,32.110
2026-07-23T01:21:29.327Z,usb,1,3612849267,144687,37039872,256,8000,32.110
2026-07-23T01:21:29.359Z,usb,1,3612849267,144688,37040128,256,8000,32.110
2026-07-23T01:21:29.391Z,usb,1,3612849267,144689,37040384,256,8000,32.110
2026-07-23T01:21:29.423Z,usb,1,3612849267,144690,37040640,256,8000,32.110
2026-07-23T01:21:29.455Z,usb,1,3612849267,144691,37040896,256,8000,32.110
2026-07-23T01:21:29.487Z,usb,1,3612849267,144692,37041152,256,8000,32.110
2026-07-23T01:21:29.519Z,usb,1,3612849267,144693,37041408,256,8000,32.110
2026-07-23T01:21:29.551Z,usb,1,3612849267,144694,37041664,256,8000,32.110
2026-07-23T01:21:29.583Z,usb,1,3612849267,144695,37041920,256,8000,32.110
2026-07-23T01:21:29.615Z,usb,1,3612849267,144696,37042176,256,8000,32.110
2026-07-23T01:21:29.647Z,usb,1,3612849267,144697,37042432,256,8000,32.110
2026-07-23T01:21:29.679Z,usb,1,3612849267,144698,37042688,256,8000,32.110
2026-07-23T01:21:29.711Z,usb,1,3612849267,144699,37042944,256,8000,32.110
2026-07-23T01:21:29.743Z,usb,1,3612849267,144700,37043200,256,8000,32.110
2026-07-23T01:21:29.775Z,usb,1,3612849267,144701,37043456,256,8000,32.110
2026-07-23T01:21:29.807Z,usb,1,3612849267,144702,37043712,256,8000,32.110
2026-07-23T01:21:29.839Z,usb,1,3612849267,144703,37043968,256,8000,32.110
2026-07-23T01:21:29.871Z,usb,1,3612849267,144704,37044224,256,8000,32.110
2026-07-23T01:21:29.903Z,usb,1,3612849267,144705,37044480,256,8000,32.110
2026-07-23T01:21:29.935Z,usb,1,3612849267,144706,37044736,256,8000,32.110
2026-07-23T01:21:29.967Z,usb,1,3612849267,144707,37044992,256,8000,32.110
2026-07-23T01:21:29.999Z,usb,1,3612849267,144708,37045248,256,8000,32.110
2026-07-23T01:21:30.031Z,usb,1,3612849267,144709,37045504,256,8000,32.110
2026-07-23T01:21:30.063Z,usb,1,3612849267,144710,37045760,256,8000,32.110
2026-07-23T01:21:30.095Z,usb,1,3612849267,144711,37046016,256,8000,32.110
2026-07-23T01:21:30.127Z,usb,1,3612849267,144712,37046272,256,8000,32.110
2026-07-23T01:21:30.159Z,usb,1,3612849267,144713,37046528,256,8000,32.110
2026-07-23T01:21:30.191Z,usb,1,3612849267,144714,37046784,256,8000,32.110
2026-07-23T01:21:30.223Z,usb,1,3612849267,144715,37047040,256,8000,32.110
2026-07-23T01:21:30.255Z,usb,1,3612849267,144716,37047296,256,8000,32.110
2026-07-23T01:21:30.286Z,usb,1,3612849267,144717,37047552,256,8000,32.110
2026-07-23T01:21:30.318Z,usb,1,3612849267,144718,37047808,256,8000,32.110
2026-07-23T01:21:30.351Z,usb,1,3612849267,144719,37048064,256,8000,32.110
2026-07-23T01:21:30.383Z,usb,1,3612849267,144720,37048320,256,8000,32.110
2026-07-23T01:21:30.415Z,usb,1,3612849267,144721,37048576,256,8000,32.110
2026-07-23T01:21:30.447Z,usb,1,3612849267,144722,37048832,256,8000,32.110
2026-07-23T01:21:30.479Z,usb,1,3612849267,144723,37049088,256,8000,32.110
2026-07-23T01:21:30.511Z,usb,1,3612849267,144724,37049344,256,8000,32.110
2026-07-23T01:21:30.543Z,usb,1,3612849267,144725,37049600,256,8000,32.110
2026-07-23T01:21:30.575Z,usb,1,3612849267,144726,37049856,256,8000,32.110
2026-07-23T01:21:30.607Z,usb,1,3612849267,144727,37050112,256,8000,32.110
2026-07-23T01:21:30.639Z,usb,1,3612849267,144728,37050368,256,8000,32.110
2026-07-23T01:21:30.671Z,usb,1,3612849267,144729,37050624,256,8000,32.110
2026-07-23T01:21:30.703Z,usb,1,3612849267,144730,37050880,256,8000,32.110
2026-07-23T01:21:30.734Z,usb,1,3612849267,144731,37051136,256,8000,32.110
2026-07-23T01:21:30.767Z,usb,1,3612849267,144732,37051392,256,8000,32.110
2026-07-23T01:21:30.799Z,usb,1,3612849267,144733,37051648,256,8000,32.110
2026-07-23T01:21:30.831Z,usb,1,3612849267,144734,37051904,256,8000,32.110
2026-07-23T01:21:30.863Z,usb,1,3612849267,144735,37052160,256,8000,32.110
2026-07-23T01:21:30.895Z,usb,1,3612849267,144736,37052416,256,8000,32.110
2026-07-23T01:21:30.927Z,usb,1,3612849267,144737,37052672,256,8000,32.110
2026-07-23T01:21:30.959Z,usb,1,3612849267,144738,37052928,256,8000,32.110
2026-07-23T01:21:30.990Z,usb,1,3612849267,144739,37053184,256,8000,32.110
2026-07-23T01:21:31.023Z,usb,1,3612849267,144740,37053440,256,8000,32.110
2026-07-23T01:21:31.055Z,usb,1,3612849267,144741,37053696,256,8000,32.110
2026-07-23T01:21:31.087Z,usb,1,3612849267,144742,37053952,256,8000,32.110
2026-07-23T01:21:31.119Z,usb,1,3612849267,144743,37054208,256,8000,32.110
2026-07-23T01:21:31.151Z,usb,1,3612849267,144744,37054464,256,8000,32.110
2026-07-23T01:21:31.183Z,usb,1,3612849267,144745,37054720,256,8000,32.110
2026-07-23T01:21:31.215Z,usb,1,3612849267,144746,37054976,256,8000,32.110
2026-07-23T01:21:31.247Z,usb,1,3612849267,144747,37055232,256,8000,32.110
2026-07-23T01:21:31.279Z,usb,1,3612849267,144748,37055488,256,8000,32.110
2026-07-23T01:21:31.311Z,usb,1,3612849267,144749,37055744,256,8000,32.110
2026-07-23T01:21:31.343Z,usb,1,3612849267,144750,37056000,256,8000,32.110
2026-07-23T01:21:31.374Z,usb,1,3612849267,144751,37056256,256,8000,32.110
2026-07-23T01:21:31.407Z,usb,1,3612849267,144752,37056512,256,8000,32.110
2026-07-23T01:21:31.439Z,usb,1,3612849267,144753,37056768,256,8000,32.110
2026-07-23T01:21:31.471Z,usb,1,3612849267,144754,37057024,256,8000,32.110
2026-07-23T01:21:31.503Z,usb,1,3612849267,144755,37057280,256,8000,32.110
2026-07-23T01:21:31.535Z,usb,1,3612849267,144756,37057536,256,8000,32.110
2026-07-23T01:21:31.567Z,usb,1,3612849267,144757,37057792,256,8000,32.110
2026-07-23T01:21:31.599Z,usb,1,3612849267,144758,37058048,256,8000,32.110
2026-07-23T01:21:31.631Z,usb,1,3612849267,144759,37058304,256,8000,32.110
2026-07-23T01:21:31.663Z,usb,1,3612849267,144760,37058560,256,8000,32.110
2026-07-23T01:21:31.695Z,usb,1,3612849267,144761,37058816,256,8000,32.110
2026-07-23T01:21:31.727Z,usb,1,3612849267,144762,37059072,256,8000,32.110
2026-07-23T01:21:31.759Z,usb,1,3612849267,144763,37059328,256,8000,32.110
2026-07-23T01:21:31.791Z,usb,1,3612849267,144764,37059584,256,8000,32.110
2026-07-23T01:21:31.823Z,usb,1,3612849267,144765,37059840,256,8000,32.110
2026-07-23T01:21:31.855Z,usb,1,3612849267,144766,37060096,256,8000,32.110
2026-07-23T01:21:31.887Z,usb,1,3612849267,144767,37060352,256,8000,32.110
2026-07-23T01:21:31.919Z,usb,1,3612849267,144768,37060608,256,8000,32.110
2026-07-23T01:21:31.951Z,usb,1,3612849267,144769,37060864,256,8000,32.110
2026-07-23T01:21:31.983Z,usb,1,3612849267,144770,37061120,256,8000,32.110
2026-07-23T01:21:32.015Z,usb,1,3612849267,144771,37061376,256,8000,32.110
2026-07-23T01:21:32.047Z,usb,1,3612849267,144772,37061632,256,8000,32.110
2026-07-23T01:21:32.079Z,usb,1,3612849267,144773,37061888,256,8000,32.110
2026-07-23T01:21:32.111Z,usb,1,3612849267,144774,37062144,256,8000,32.110
2026-07-23T01:21:32.143Z,usb,1,3612849267,144775,37062400,256,8000,32.110
2026-07-23T01:21:32.175Z,usb,1,3612849267,144776,37062656,256,8000,32.110
2026-07-23T01:21:32.207Z,usb,1,3612849267,144777,37062912,256,8000,32.110
2026-07-23T01:21:32.239Z,usb,1,3612849267,144778,37063168,256,8000,32.110
2026-07-23T01:21:32.271Z,usb,1,3612849267,144779,37063424,256,8000,32.110
2026-07-23T01:21:32.303Z,usb,1,3612849267,144780,37063680,256,8000,32.110
2026-07-23T01:21:32.335Z,usb,1,3612849267,144781,37063936,256,8000,32.110
2026-07-23T01:21:32.367Z,usb,1,3612849267,144782,37064192,256,8000,32.110
2026-07-23T01:21:32.399Z,usb,1,3612849267,144783,37064448,256,8000,32.110
2026-07-23T01:21:32.431Z,usb,1,3612849267,144784,37064704,256,8000,32.110
2026-07-23T01:21:32.463Z,usb,1,3612849267,144785,37064960,256,8000,32.110
2026-07-23T01:21:32.495Z,usb,1,3612849267,144786,37065216,256,8000,32.110
2026-07-23T01:21:32.527Z,usb,1,3612849267,144787,37065472,256,8000,32.110
2026-07-23T01:21:32.559Z,usb,1,3612849267,144788,37065728,256,8000,32.110
2026-07-23T01:21:32.591Z,usb,1,3612849267,144789,37065984,256,8000,32.110
2026-07-23T01:21:32.623Z,usb,1,3612849267,144790,37066240,256,8000,32.110
2026-07-23T01:21:32.655Z,usb,1,3612849267,144791,37066496,256,8000,32.110
2026-07-23T01:21:32.687Z,usb,1,3612849267,144792,37066752,256,8000,32.110
2026-07-23T01:21:32.719Z,usb,1,3612849267,144793,37067008,256,8000,32.110
2026-07-23T01:21:32.751Z,usb,1,3612849267,144794,37067264,256,8000,32.110
2026-07-23T01:21:32.783Z,usb,1,3612849267,144795,37067520,256,8000,32.110
2026-07-23T01:21:32.815Z,usb,1,3612849267,144796,37067776,256,8000,32.110
2026-07-23T01:21:32.847Z,usb,1,3612849267,144797,37068032,256,8000,32.110
2026-07-23T01:21:32.879Z,usb,1,3612849267,144798,37068288,256,8000,32.110
2026-07-23T01:21:32.911Z,usb,1,3612849267,144799,37068544,256,8000,32.110
2026-07-23T01:21:32.943Z,usb,1,3612849267,144800,37068800,256,8000,32.110
2026-07-23T01:21:32.975Z,usb,1,3612849267,144801,37069056,256,8000,32.110
2026-07-23T01:21:33.007Z,usb,1,3612849267,144802,37069312,256,8000,32.110
2026-07-23T01:21:33.039Z,usb,1,3612849267,144803,37069568,256,8000,32.110
2026-07-23T01:21:33.072Z,usb,1,3612849267,144804,37069824,256,8000,32.110
2026-07-23T01:21:33.103Z,usb,1,3612849267,144805,37070080,256,8000,32.110
2026-07-23T01:21:33.135Z,usb,1,3612849267,144806,37070336,256,8000,32.110
2026-07-23T01:21:33.167Z,usb,1,3612849267,144807,37070592,256,8000,32.110
2026-07-23T01:21:33.199Z,usb,1,3612849267,144808,37070848,256,8000,32.110
2026-07-23T01:21:33.231Z,usb,1,3612849267,144809,37071104,256,8000,32.110
2026-07-23T01:21:33.263Z,usb,1,3612849267,144810,37071360,256,8000,32.110
2026-07-23T01:21:33.295Z,usb,1,3612849267,144811,37071616,256,8000,32.110
2026-07-23T01:21:33.327Z,usb,1,3612849267,144812,37071872,256,8000,32.110
2026-07-23T01:21:33.359Z,usb,1,3612849267,144813,37072128,256,8000,32.110
2026-07-23T01:21:33.390Z,usb,1,3612849267,144814,37072384,256,8000,32.110
2026-07-23T01:21:33.422Z,usb,1,3612849267,144815,37072640,256,8000,32.110
2026-07-23T01:21:33.454Z,usb,1,3612849267,144816,37072896,256,8000,32.110
2026-07-23T01:21:33.487Z,usb,1,3612849267,144817,37073152,256,8000,32.110
2026-07-23T01:21:33.519Z,usb,1,3612849267,144818,37073408,256,8000,32.110
2026-07-23T01:21:33.550Z,usb,1,3612849267,144819,37073664,256,8000,32.110
2026-07-23T01:21:33.583Z,usb,1,3612849267,144820,37073920,256,8000,32.110
2026-07-23T01:21:33.615Z,usb,1,3612849267,144821,37074176,256,8000,32.110
2026-07-23T01:21:33.647Z,usb,1,3612849267,144822,37074432,256,8000,32.110
2026-07-23T01:21:33.679Z,usb,1,3612849267,144823,37074688,256,8000,32.110
2026-07-23T01:21:33.711Z,usb,1,3612849267,144824,37074944,256,8000,32.110
2026-07-23T01:21:33.743Z,usb,1,3612849267,144825,37075200,256,8000,32.110
2026-07-23T01:21:33.775Z,usb,1,3612849267,144826,37075456,256,8000,32.110
2026-07-23T01:21:33.807Z,usb,1,3612849267,144827,37075712,256,8000,32.110
2026-07-23T01:21:33.839Z,usb,1,3612849267,144828,37075968,256,8000,32.110
2026-07-23T01:21:33.871Z,usb,1,3612849267,144829,37076224,256,8000,32.110
2026-07-23T01:21:33.903Z,usb,1,3612849267,144830,37076480,256,8000,32.110
2026-07-23T01:21:33.935Z,usb,1,3612849267,144831,37076736,256,8000,32.110
2026-07-23T01:21:33.967Z,usb,1,3612849267,144832,37076992,256,8000,32.110
2026-07-23T01:21:33.998Z,usb,1,3612849267,144833,37077248,256,8000,32.110
2026-07-23T01:21:34.031Z,usb,1,3612849267,144834,37077504,256,8000,32.110
2026-07-23T01:21:34.063Z,usb,1,3612849267,144835,37077760,256,8000,32.110
2026-07-23T01:21:34.095Z,usb,1,3612849267,144836,37078016,256,8000,32.110
2026-07-23T01:21:34.127Z,usb,1,3612849267,144837,37078272,256,8000,32.110
2026-07-23T01:21:34.159Z,usb,1,3612849267,144838,37078528,256,8000,32.110
2026-07-23T01:21:34.191Z,usb,1,3612849267,144839,37078784,256,8000,32.110
2026-07-23T01:21:34.223Z,usb,1,3612849267,144840,37079040,256,8000,32.110
2026-07-23T01:21:34.254Z,usb,1,3612849267,144841,37079296,256,8000,32.110
2026-07-23T01:21:34.286Z,usb,1,3612849267,144842,37079552,256,8000,32.110
2026-07-23T01:21:34.319Z,usb,1,3612849267,144843,37079808,256,8000,32.110
2026-07-23T01:21:34.351Z,usb,1,3612849267,144844,37080064,256,8000,32.110
2026-07-23T01:21:34.383Z,usb,1,3612849267,144845,37080320,256,8000,32.110
2026-07-23T01:21:34.415Z,usb,1,3612849267,144846,37080576,256,8000,32.110
2026-07-23T01:21:34.447Z,usb,1,3612849267,144847,37080832,256,8000,32.110
2026-07-23T01:21:34.479Z,usb,1,3612849267,144848,37081088,256,8000,32.110
2026-07-23T01:21:34.511Z,usb,1,3612849267,144849,37081344,256,8000,32.110
2026-07-23T01:21:34.543Z,usb,1,3612849267,144850,37081600,256,8000,32.110
2026-07-23T01:21:34.575Z,usb,1,3612849267,144851,37081856,256,8000,32.110
2026-07-23T01:21:34.607Z,usb,1,3612849267,144852,37082112,256,8000,32.110
2026-07-23T01:21:34.639Z,usb,1,3612849267,144853,37082368,256,8000,32.110
2026-07-23T01:21:34.671Z,usb,1,3612849267,144854,37082624,256,8000,32.110
2026-07-23T01:21:34.703Z,usb,1,3612849267,144855,37082880,256,8000,32.110
2026-07-23T01:21:34.735Z,usb,1,3612849267,144856,37083136,256,8000,32.110
2026-07-23T01:21:34.767Z,usb,1,3612849267,144857,37083392,256,8000,32.110
2026-07-23T01:21:34.799Z,usb,1,3612849267,144858,37083648,256,8000,32.110
2026-07-23T01:21:34.831Z,usb,1,3612849267,144859,37083904,256,8000,32.110
2026-07-23T01:21:34.863Z,usb,1,3612849267,144860,37084160,256,8000,32.110
2026-07-23T01:21:34.895Z,usb,1,3612849267,144861,37084416,256,8000,32.110
2026-07-23T01:21:34.927Z,usb,1,3612849267,144862,37084672,256,8000,32.110
2026-07-23T01:21:34.958Z,usb,1,3612849267,144863,37084928,256,8000,32.110
2026-07-23T01:21:34.990Z,usb,1,3612849267,144864,37085184,256,8000,32.110
2026-07-23T01:21:35.022Z,usb,1,3612849267,144865,37085440,256,8000,32.110
2026-07-23T01:21:35.054Z,usb,1,3612849267,144866,37085696,256,8000,32.110
2026-07-23T01:21:35.086Z,usb,1,3612849267,144867,37085952,256,8000,32.110
2026-07-23T01:21:35.119Z,usb,1,3612849267,144868,37086208,256,8000,32.110
2026-07-23T01:21:35.151Z,usb,1,3612849267,144869,37086464,256,8000,32.110
2026-07-23T01:21:35.183Z,usb,1,3612849267,144870,37086720,256,8000,32.110
2026-07-23T01:21:35.215Z,usb,1,3612849267,144871,37086976,256,8000,32.110
2026-07-23T01:21:35.246Z,usb,1,3612849267,144872,37087232,256,8000,32.110
2026-07-23T01:21:35.279Z,usb,1,3612849267,144873,37087488,256,8000,32.110
2026-07-23T01:21:35.311Z,usb,1,3612849267,144874,37087744,256,8000,32.110
2026-07-23T01:21:35.343Z,usb,1,3612849267,144875,37088000,256,8000,32.110
2026-07-23T01:21:35.375Z,usb,1,3612849267,144876,37088256,256,8000,32.110
2026-07-23T01:21:35.407Z,usb,1,3612849267,144877,37088512,256,8000,32.110
2026-07-23T01:21:35.439Z,usb,1,3612849267,144878,37088768,256,8000,32.110
2026-07-23T01:21:35.471Z,usb,1,3612849267,144879,37089024,256,8000,32.110
2026-07-23T01:21:35.503Z,usb,1,3612849267,144880,37089280,256,8000,32.110
2026-07-23T01:21:35.535Z,usb,1,3612849267,144881,37089536,256,8000,32.110
2026-07-23T01:21:35.567Z,usb,1,3612849267,144882,37089792,256,8000,32.110
2026-07-23T01:21:35.599Z,usb,1,3612849267,144883,37090048,256,8000,32.110
2026-07-23T01:21:35.631Z,usb,1,3612849267,144884,37090304,256,8000,32.110
2026-07-23T01:21:35.663Z,usb,1,3612849267,144885,37090560,256,8000,32.110
2026-07-23T01:21:35.695Z,usb,1,3612849267,144886,37090816,256,8000,32.110
2026-07-23T01:21:35.727Z,usb,1,3612849267,144887,37091072,256,8000,32.110
2026-07-23T01:21:35.759Z,usb,1,3612849267,144888,37091328,256,8000,32.110
2026-07-23T01:21:35.791Z,usb,1,3612849267,144889,37091584,256,8000,32.110
2026-07-23T01:21:35.822Z,usb,1,3612849267,144890,37091840,256,8000,32.110
2026-07-23T01:21:35.855Z,usb,1,3612849267,144891,37092096,256,8000,32.110
2026-07-23T01:21:35.887Z,usb,1,3612849267,144892,37092352,256,8000,32.110
2026-07-23T01:21:35.919Z,usb,1,3612849267,144893,37092608,256,8000,32.110
2026-07-23T01:21:35.951Z,usb,1,3612849267,144894,37092864,256,8000,32.110
2026-07-23T01:21:35.983Z,usb,1,3612849267,144895,37093120,256,8000,32.110
2026-07-23T01:21:36.015Z,usb,1,3612849267,144896,37093376,256,8000,32.110
2026-07-23T01:21:36.047Z,usb,1,3612849267,144897,37093632,256,8000,32.110
2026-07-23T01:21:36.079Z,usb,1,3612849267,144898,37093888,256,8000,32.110
2026-07-23T01:21:36.111Z,usb,1,3612849267,144899,37094144,256,8000,32.110
2026-07-23T01:21:36.144Z,usb,1,3612849267,144900,37094400,256,8000,32.100
2026-07-23T01:21:36.175Z,usb,1,3612849267,144901,37094656,256,8000,32.100
2026-07-23T01:21:36.207Z,usb,1,3612849267,144902,37094912,256,8000,32.100
2026-07-23T01:21:36.239Z,usb,1,3612849267,144903,37095168,256,8000,32.100
2026-07-23T01:21:36.271Z,usb,1,3612849267,144904,37095424,256,8000,32.100
2026-07-23T01:21:36.303Z,usb,1,3612849267,144905,37095680,256,8000,32.100
2026-07-23T01:21:36.335Z,usb,1,3612849267,144906,37095936,256,8000,32.100
2026-07-23T01:21:36.367Z,usb,1,3612849267,144907,37096192,256,8000,32.100
2026-07-23T01:21:36.399Z,usb,1,3612849267,144908,37096448,256,8000,32.100
2026-07-23T01:21:36.431Z,usb,1,3612849267,144909,37096704,256,8000,32.100
2026-07-23T01:21:36.463Z,usb,1,3612849267,144910,37096960,256,8000,32.100
2026-07-23T01:21:36.495Z,usb,1,3612849267,144911,37097216,256,8000,32.100
2026-07-23T01:21:36.527Z,usb,1,3612849267,144912,37097472,256,8000,32.100
2026-07-23T01:21:36.559Z,usb,1,3612849267,144913,37097728,256,8000,32.100
2026-07-23T01:21:36.591Z,usb,1,3612849267,144914,37097984,256,8000,32.100
2026-07-23T01:21:36.623Z,usb,1,3612849267,144915,37098240,256,8000,32.100
2026-07-23T01:21:36.655Z,usb,1,3612849267,144916,37098496,256,8000,32.100
2026-07-23T01:21:36.686Z,usb,1,3612849267,144917,37098752,256,8000,32.100
2026-07-23T01:21:36.718Z,usb,1,3612849267,144918,37099008,256,8000,32.100
2026-07-23T01:21:36.750Z,usb,1,3612849267,144919,37099264,256,8000,32.100
2026-07-23T01:21:36.783Z,usb,1,3612849267,144920,37099520,256,8000,32.100
2026-07-23T01:21:36.815Z,usb,1,3612849267,144921,37099776,256,8000,32.100
2026-07-23T01:21:36.847Z,usb,1,3612849267,144922,37100032,256,8000,32.100
2026-07-23T01:21:36.879Z,usb,1,3612849267,144923,37100288,256,8000,32.100
2026-07-23T01:21:36.911Z,usb,1,3612849267,144924,37100544,256,8000,32.100
2026-07-23T01:21:36.942Z,usb,1,3612849267,144925,37100800,256,8000,32.100
2026-07-23T01:21:36.975Z,usb,1,3612849267,144926,37101056,256,8000,32.100
2026-07-23T01:21:37.007Z,usb,1,3612849267,144927,37101312,256,8000,32.100
2026-07-23T01:21:37.039Z,usb,1,3612849267,144928,37101568,256,8000,32.100
2026-07-23T01:21:37.071Z,usb,1,3612849267,144929,37101824,256,8000,32.100
2026-07-23T01:21:37.103Z,usb,1,3612849267,144930,37102080,256,8000,32.100
2026-07-23T01:21:37.135Z,usb,1,3612849267,144931,37102336,256,8000,32.100
2026-07-23T01:21:37.168Z,usb,1,3612849267,144932,37102592,256,8000,32.110
2026-07-23T01:21:37.199Z,usb,1,3612849267,144933,37102848,256,8000,32.110
2026-07-23T01:21:37.231Z,usb,1,3612849267,144934,37103104,256,8000,32.110
2026-07-23T01:21:37.263Z,usb,1,3612849267,144935,37103360,256,8000,32.110
2026-07-23T01:21:37.295Z,usb,1,3612849267,144936,37103616,256,8000,32.110
2026-07-23T01:21:37.327Z,usb,1,3612849267,144937,37103872,256,8000,32.110
2026-07-23T01:21:37.359Z,usb,1,3612849267,144938,37104128,256,8000,32.110
2026-07-23T01:21:37.391Z,usb,1,3612849267,144939,37104384,256,8000,32.110
2026-07-23T01:21:37.423Z,usb,1,3612849267,144940,37104640,256,8000,32.110
2026-07-23T01:21:37.455Z,usb,1,3612849267,144941,37104896,256,8000,32.110
2026-07-23T01:21:37.487Z,usb,1,3612849267,144942,37105152,256,8000,32.110
2026-07-23T01:21:37.519Z,usb,1,3612849267,144943,37105408,256,8000,32.110
2026-07-23T01:21:37.551Z,usb,1,3612849267,144944,37105664,256,8000,32.110
2026-07-23T01:21:37.583Z,usb,1,3612849267,144945,37105920,256,8000,32.110
2026-07-23T01:21:37.615Z,usb,1,3612849267,144946,37106176,256,8000,32.110
2026-07-23T01:21:37.647Z,usb,1,3612849267,144947,37106432,256,8000,32.110
2026-07-23T01:21:37.679Z,usb,1,3612849267,144948,37106688,256,8000,32.110
2026-07-23T01:21:37.711Z,usb,1,3612849267,144949,37106944,256,8000,32.110
2026-07-23T01:21:37.743Z,usb,1,3612849267,144950,37107200,256,8000,32.110
2026-07-23T01:21:37.775Z,usb,1,3612849267,144951,37107456,256,8000,32.110
2026-07-23T01:21:37.807Z,usb,1,3612849267,144952,37107712,256,8000,32.110
2026-07-23T01:21:37.839Z,usb,1,3612849267,144953,37107968,256,8000,32.110
2026-07-23T01:21:37.871Z,usb,1,3612849267,144954,37108224,256,8000,32.110
2026-07-23T01:21:37.903Z,usb,1,3612849267,144955,37108480,256,8000,32.110
2026-07-23T01:21:37.935Z,usb,1,3612849267,144956,37108736,256,8000,32.110
2026-07-23T01:21:37.967Z,usb,1,3612849267,144957,37108992,256,8000,32.110
2026-07-23T01:21:37.998Z,usb,1,3612849267,144958,37109248,256,8000,32.110
2026-07-23T01:21:38.031Z,usb,1,3612849267,144959,37109504,256,8000,32.110
2026-07-23T01:21:38.063Z,usb,1,3612849267,144960,37109760,256,8000,32.110
2026-07-23T01:21:38.095Z,usb,1,3612849267,144961,37110016,256,8000,32.110
2026-07-23T01:21:38.127Z,usb,1,3612849267,144962,37110272,256,8000,32.110
2026-07-23T01:21:38.159Z,usb,1,3612849267,144963,37110528,256,8000,32.110
2026-07-23T01:21:38.192Z,usb,1,3612849267,144964,37110784,256,8000,32.110
2026-07-23T01:21:38.223Z,usb,1,3612849267,144965,37111040,256,8000,32.110
2026-07-23T01:21:38.254Z,usb,1,3612849267,144966,37111296,256,8000,32.110
2026-07-23T01:21:38.287Z,usb,1,3612849267,144967,37111552,256,8000,32.110
2026-07-23T01:21:38.319Z,usb,1,3612849267,144968,37111808,256,8000,32.110
2026-07-23T01:21:38.351Z,usb,1,3612849267,144969,37112064,256,8000,32.110
2026-07-23T01:21:38.383Z,usb,1,3612849267,144970,37112320,256,8000,32.110
2026-07-23T01:21:38.415Z,usb,1,3612849267,144971,37112576,256,8000,32.110
2026-07-23T01:21:38.447Z,usb,1,3612849267,144972,37112832,256,8000,32.110
2026-07-23T01:21:38.479Z,usb,1,3612849267,144973,37113088,256,8000,32.110
2026-07-23T01:21:38.511Z,usb,1,3612849267,144974,37113344,256,8000,32.110
2026-07-23T01:21:38.543Z,usb,1,3612849267,144975,37113600,256,8000,32.110
2026-07-23T01:21:38.575Z,usb,1,3612849267,144976,37113856,256,8000,32.110
2026-07-23T01:21:38.607Z,usb,1,3612849267,144977,37114112,256,8000,32.110
2026-07-23T01:21:38.639Z,usb,1,3612849267,144978,37114368,256,8000,32.110
2026-07-23T01:21:38.671Z,usb,1,3612849267,144979,37114624,256,8000,32.110
2026-07-23T01:21:38.703Z,usb,1,3612849267,144980,37114880,256,8000,32.110
2026-07-23T01:21:38.735Z,usb,1,3612849267,144981,37115136,256,8000,32.110
2026-07-23T01:21:38.767Z,usb,1,3612849267,144982,37115392,256,8000,32.110
2026-07-23T01:21:38.799Z,usb,1,3612849267,144983,37115648,256,8000,32.110
2026-07-23T01:21:38.831Z,usb,1,3612849267,144984,37115904,256,8000,32.110
2026-07-23T01:21:38.863Z,usb,1,3612849267,144985,37116160,256,8000,32.110
2026-07-23T01:21:38.895Z,usb,1,3612849267,144986,37116416,256,8000,32.110
2026-07-23T01:21:38.927Z,usb,1,3612849267,144987,37116672,256,8000,32.110
2026-07-23T01:21:38.959Z,usb,1,3612849267,144988,37116928,256,8000,32.110
2026-07-23T01:21:38.991Z,usb,1,3612849267,144989,37117184,256,8000,32.110
2026-07-23T01:21:39.023Z,usb,1,3612849267,144990,37117440,256,8000,32.110
2026-07-23T01:21:39.055Z,usb,1,3612849267,144991,37117696,256,8000,32.110
2026-07-23T01:21:39.087Z,usb,1,3612849267,144992,37117952,256,8000,32.110
2026-07-23T01:21:39.119Z,usb,1,3612849267,144993,37118208,256,8000,32.110
2026-07-23T01:21:39.150Z,usb,1,3612849267,144994,37118464,256,8000,32.110
2026-07-23T01:21:39.183Z,usb,1,3612849267,144995,37118720,256,8000,32.110
2026-07-23T01:21:39.216Z,usb,1,3612849267,144996,37118976,256,8000,32.110
2026-07-23T01:21:39.247Z,usb,1,3612849267,144997,37119232,256,8000,32.110
2026-07-23T01:21:39.279Z,usb,1,3612849267,144998,37119488,256,8000,32.110
2026-07-23T01:21:39.311Z,usb,1,3612849267,144999,37119744,256,8000,32.110
2026-07-23T01:21:39.343Z,usb,1,3612849267,145000,37120000,256,8000,32.110
2026-07-23T01:21:39.375Z,usb,1,3612849267,145001,37120256,256,8000,32.110
2026-07-23T01:21:39.407Z,usb,1,3612849267,145002,37120512,256,8000,32.110
2026-07-23T01:21:39.439Z,usb,1,3612849267,145003,37120768,256,8000,32.110
2026-07-23T01:21:39.471Z,usb,1,3612849267,145004,37121024,256,8000,32.110
2026-07-23T01:21:39.503Z,usb,1,3612849267,145005,37121280,256,8000,32.110
2026-07-23T01:21:39.535Z,usb,1,3612849267,145006,37121536,256,8000,32.110
2026-07-23T01:21:39.566Z,usb,1,3612849267,145007,37121792,256,8000,32.110
2026-07-23T01:21:39.598Z,usb,1,3612849267,145008,37122048,256,8000,32.110
2026-07-23T01:21:39.630Z,usb,1,3612849267,145009,37122304,256,8000,32.110
2026-07-23T01:21:39.662Z,usb,1,3612849267,145010,37122560,256,8000,32.110
2026-07-23T01:21:39.694Z,usb,1,3612849267,145011,37122816,256,8000,32.110
2026-07-23T01:21:39.726Z,usb,1,3612849267,145012,37123072,256,8000,32.110
2026-07-23T01:21:39.758Z,usb,1,3612849267,145013,37123328,256,8000,32.110
2026-07-23T01:21:39.790Z,usb,1,3612849267,145014,37123584,256,8000,32.110
2026-07-23T01:21:39.822Z,usb,1,3612849267,145015,37123840,256,8000,32.110
2026-07-23T01:21:39.855Z,usb,1,3612849267,145016,37124096,256,8000,32.110
2026-07-23T01:21:39.886Z,usb,1,3612849267,145017,37124352,256,8000,32.110
2026-07-23T01:21:39.918Z,usb,1,3612849267,145018,37124608,256,8000,32.110
2026-07-23T01:21:39.950Z,usb,1,3612849267,145019,37124864,256,8000,32.110
2026-07-23T01:21:39.982Z,usb,1,3612849267,145020,37125120,256,8000,32.110
2026-07-23T01:21:40.014Z,usb,1,3612849267,145021,37125376,256,8000,32.110
2026-07-23T01:21:40.046Z,usb,1,3612849267,145022,37125632,256,8000,32.110
2026-07-23T01:21:40.079Z,usb,1,3612849267,145023,37125888,256,8000,32.110
2026-07-23T01:21:40.111Z,usb,1,3612849267,145024,37126144,256,8000,32.110
2026-07-23T01:21:40.143Z,usb,1,3612849267,145025,37126400,256,8000,32.110
2026-07-23T01:21:40.175Z,usb,1,3612849267,145026,37126656,256,8000,32.110
2026-07-23T01:21:40.207Z,usb,1,3612849267,145027,37126912,256,8000,32.110
2026-07-23T01:21:40.239Z,usb,1,3612849267,145028,37127168,256,8000,32.110
2026-07-23T01:21:40.271Z,usb,1,3612849267,145029,37127424,256,8000,32.110
2026-07-23T01:21:40.303Z,usb,1,3612849267,145030,37127680,256,8000,32.110
2026-07-23T01:21:40.335Z,usb,1,3612849267,145031,37127936,256,8000,32.110
2026-07-23T01:21:40.367Z,usb,1,3612849267,145032,37128192,256,8000,32.110
2026-07-23T01:21:40.399Z,usb,1,3612849267,145033,37128448,256,8000,32.110
2026-07-23T01:21:40.431Z,usb,1,3612849267,145034,37128704,256,8000,32.110
2026-07-23T01:21:40.463Z,usb,1,3612849267,145035,37128960,256,8000,32.110
2026-07-23T01:21:40.495Z,usb,1,3612849267,145036,37129216,256,8000,32.110
2026-07-23T01:21:40.527Z,usb,1,3612849267,145037,37129472,256,8000,32.110
2026-07-23T01:21:40.559Z,usb,1,3612849267,145038,37129728,256,8000,32.110
2026-07-23T01:21:40.591Z,usb,1,3612849267,145039,37129984,256,8000,32.110
2026-07-23T01:21:40.623Z,usb,1,3612849267,145040,37130240,256,8000,32.110
2026-07-23T01:21:40.655Z,usb,1,3612849267,145041,37130496,256,8000,32.110
2026-07-23T01:21:40.687Z,usb,1,3612849267,145042,37130752,256,8000,32.110
2026-07-23T01:21:40.719Z,usb,1,3612849267,145043,37131008,256,8000,32.110
2026-07-23T01:21:40.751Z,usb,1,3612849267,145044,37131264,256,8000,32.110
2026-07-23T01:21:40.782Z,usb,1,3612849267,145045,37131520,256,8000,32.110
2026-07-23T01:21:40.815Z,usb,1,3612849267,145046,37131776,256,8000,32.110
2026-07-23T01:21:40.847Z,usb,1,3612849267,145047,37132032,256,8000,32.110
2026-07-23T01:21:40.879Z,usb,1,3612849267,145048,37132288,256,8000,32.110
2026-07-23T01:21:40.911Z,usb,1,3612849267,145049,37132544,256,8000,32.110
2026-07-23T01:21:40.943Z,usb,1,3612849267,145050,37132800,256,8000,32.110
2026-07-23T01:21:40.975Z,usb,1,3612849267,145051,37133056,256,8000,32.110
2026-07-23T01:21:41.007Z,usb,1,3612849267,145052,37133312,256,8000,32.110
2026-07-23T01:21:41.039Z,usb,1,3612849267,145053,37133568,256,8000,32.110
2026-07-23T01:21:41.071Z,usb,1,3612849267,145054,37133824,256,8000,32.110
2026-07-23T01:21:41.103Z,usb,1,3612849267,145055,37134080,256,8000,32.110
2026-07-23T01:21:41.135Z,usb,1,3612849267,145056,37134336,256,8000,32.110
2026-07-23T01:21:41.167Z,usb,1,3612849267,145057,37134592,256,8000,32.110
2026-07-23T01:21:41.199Z,usb,1,3612849267,145058,37134848,256,8000,32.110
2026-07-23T01:21:41.231Z,usb,1,3612849267,145059,37135104,256,8000,32.110
2026-07-23T01:21:41.263Z,usb,1,3612849267,145060,37135360,256,8000,32.110
2026-07-23T01:21:41.295Z,usb,1,3612849267,145061,37135616,256,8000,32.110
2026-07-23T01:21:41.327Z,usb,1,3612849267,145062,37135872,256,8000,32.110
2026-07-23T01:21:41.359Z,usb,1,3612849267,145063,37136128,256,8000,32.110
2026-07-23T01:21:41.391Z,usb,1,3612849267,145064,37136384,256,8000,32.110
2026-07-23T01:21:41.423Z,usb,1,3612849267,145065,37136640,256,8000,32.110
2026-07-23T01:21:41.455Z,usb,1,3612849267,145066,37136896,256,8000,32.110
2026-07-23T01:21:41.487Z,usb,1,3612849267,145067,37137152,256,8000,32.110
2026-07-23T01:21:41.519Z,usb,1,3612849267,145068,37137408,256,8000,32.110
2026-07-23T01:21:41.551Z,usb,1,3612849267,145069,37137664,256,8000,32.110
2026-07-23T01:21:41.583Z,usb,1,3612849267,145070,37137920,256,8000,32.110
2026-07-23T01:21:41.615Z,usb,1,3612849267,145071,37138176,256,8000,32.110
2026-07-23T01:21:41.646Z,usb,1,3612849267,145072,37138432,256,8000,32.110
2026-07-23T01:21:41.679Z,usb,1,3612849267,145073,37138688,256,8000,32.110
2026-07-23T01:21:41.711Z,usb,1,3612849267,145074,37138944,256,8000,32.110
2026-07-23T01:21:41.743Z,usb,1,3612849267,145075,37139200,256,8000,32.110
2026-07-23T01:21:41.775Z,usb,1,3612849267,145076,37139456,256,8000,32.110
2026-07-23T01:21:41.807Z,usb,1,3612849267,145077,37139712,256,8000,32.110
2026-07-23T01:21:41.839Z,usb,1,3612849267,145078,37139968,256,8000,32.110
2026-07-23T01:21:41.871Z,usb,1,3612849267,145079,37140224,256,8000,32.110
2026-07-23T01:21:41.903Z,usb,1,3612849267,145080,37140480,256,8000,32.110
2026-07-23T01:21:41.935Z,usb,1,3612849267,145081,37140736,256,8000,32.110
2026-07-23T01:21:41.967Z,usb,1,3612849267,145082,37140992,256,8000,32.110
2026-07-23T01:21:41.999Z,usb,1,3612849267,145083,37141248,256,8000,32.110
2026-07-23T01:21:42.031Z,usb,1,3612849267,145084,37141504,256,8000,32.110
2026-07-23T01:21:42.063Z,usb,1,3612849267,145085,37141760,256,8000,32.110
2026-07-23T01:21:42.095Z,usb,1,3612849267,145086,37142016,256,8000,32.110
2026-07-23T01:21:42.127Z,usb,1,3612849267,145087,37142272,256,8000,32.110
2026-07-23T01:21:42.159Z,usb,1,3612849267,145088,37142528,256,8000,32.110
2026-07-23T01:21:42.191Z,usb,1,3612849267,145089,37142784,256,8000,32.110
2026-07-23T01:21:42.223Z,usb,1,3612849267,145090,37143040,256,8000,32.110
2026-07-23T01:21:42.255Z,usb,1,3612849267,145091,37143296,256,8000,32.110
2026-07-23T01:21:42.288Z,usb,1,3612849267,145092,37143552,256,8000,32.110
2026-07-23T01:21:42.319Z,usb,1,3612849267,145093,37143808,256,8000,32.110
2026-07-23T01:21:42.351Z,usb,1,3612849267,145094,37144064,256,8000,32.110
2026-07-23T01:21:42.383Z,usb,1,3612849267,145095,37144320,256,8000,32.110
2026-07-23T01:21:42.415Z,usb,1,3612849267,145096,37144576,256,8000,32.110
2026-07-23T01:21:42.447Z,usb,1,3612849267,145097,37144832,256,8000,32.110
2026-07-23T01:21:42.479Z,usb,1,3612849267,145098,37145088,256,8000,32.110
2026-07-23T01:21:42.511Z,usb,1,3612849267,145099,37145344,256,8000,32.110
2026-07-23T01:21:42.543Z,usb,1,3612849267,145100,37145600,256,8000,32.110
2026-07-23T01:21:42.575Z,usb,1,3612849267,145101,37145856,256,8000,32.110
2026-07-23T01:21:42.607Z,usb,1,3612849267,145102,37146112,256,8000,32.110
2026-07-23T01:21:42.639Z,usb,1,3612849267,145103,37146368,256,8000,32.110
2026-07-23T01:21:42.671Z,usb,1,3612849267,145104,37146624,256,8000,32.110
2026-07-23T01:21:42.703Z,usb,1,3612849267,145105,37146880,256,8000,32.110
2026-07-23T01:21:42.735Z,usb,1,3612849267,145106,37147136,256,8000,32.110
2026-07-23T01:21:42.767Z,usb,1,3612849267,145107,37147392,256,8000,32.110
2026-07-23T01:21:42.799Z,usb,1,3612849267,145108,37147648,256,8000,32.110
2026-07-23T01:21:42.831Z,usb,1,3612849267,145109,37147904,256,8000,32.110
2026-07-23T01:21:42.863Z,usb,1,3612849267,145110,37148160,256,8000,32.110
2026-07-23T01:21:42.895Z,usb,1,3612849267,145111,37148416,256,8000,32.110
2026-07-23T01:21:42.927Z,usb,1,3612849267,145112,37148672,256,8000,32.110
2026-07-23T01:21:42.959Z,usb,1,3612849267,145113,37148928,256,8000,32.110
2026-07-23T01:21:42.991Z,usb,1,3612849267,145114,37149184,256,8000,32.110
2026-07-23T01:21:43.023Z,usb,1,3612849267,145115,37149440,256,8000,32.110
2026-07-23T01:21:43.054Z,usb,1,3612849267,145116,37149696,256,8000,32.110
2026-07-23T01:21:43.086Z,usb,1,3612849267,145117,37149952,256,8000,32.110
2026-07-23T01:21:43.119Z,usb,1,3612849267,145118,37150208,256,8000,32.110
2026-07-23T01:21:43.151Z,usb,1,3612849267,145119,37150464,256,8000,32.110
2026-07-23T01:21:43.183Z,usb,1,3612849267,145120,37150720,256,8000,32.110
2026-07-23T01:21:43.215Z,usb,1,3612849267,145121,37150976,256,8000,32.110
2026-07-23T01:21:43.247Z,usb,1,3612849267,145122,37151232,256,8000,32.110
2026-07-23T01:21:43.279Z,usb,1,3612849267,145123,37151488,256,8000,32.110
2026-07-23T01:21:43.312Z,usb,1,3612849267,145124,37151744,256,8000,32.110
2026-07-23T01:21:43.343Z,usb,1,3612849267,145125,37152000,256,8000,32.110
2026-07-23T01:21:43.375Z,usb,1,3612849267,145126,37152256,256,8000,32.110
2026-07-23T01:21:43.407Z,usb,1,3612849267,145127,37152512,256,8000,32.110
2026-07-23T01:21:43.439Z,usb,1,3612849267,145128,37152768,256,8000,32.110
2026-07-23T01:21:43.471Z,usb,1,3612849267,145129,37153024,256,8000,32.110
2026-07-23T01:21:43.503Z,usb,1,3612849267,145130,37153280,256,8000,32.110
2026-07-23T01:21:43.535Z,usb,1,3612849267,145131,37153536,256,8000,32.110
2026-07-23T01:21:43.567Z,usb,1,3612849267,145132,37153792,256,8000,32.110
2026-07-23T01:21:43.599Z,usb,1,3612849267,145133,37154048,256,8000,32.110
2026-07-23T01:21:43.631Z,usb,1,3612849267,145134,37154304,256,8000,32.110
2026-07-23T01:21:43.663Z,usb,1,3612849267,145135,37154560,256,8000,32.110
2026-07-23T01:21:43.695Z,usb,1,3612849267,145136,37154816,256,8000,32.110
2026-07-23T01:21:43.727Z,usb,1,3612849267,145137,37155072,256,8000,32.110
2026-07-23T01:21:43.759Z,usb,1,3612849267,145138,37155328,256,8000,32.110
2026-07-23T01:21:43.791Z,usb,1,3612849267,145139,37155584,256,8000,32.110
2026-07-23T01:21:43.823Z,usb,1,3612849267,145140,37155840,256,8000,32.110
2026-07-23T01:21:43.855Z,usb,1,3612849267,145141,37156096,256,8000,32.110
2026-07-23T01:21:43.887Z,usb,1,3612849267,145142,37156352,256,8000,32.110
2026-07-23T01:21:43.919Z,usb,1,3612849267,145143,37156608,256,8000,32.110
2026-07-23T01:21:43.951Z,usb,1,3612849267,145144,37156864,256,8000,32.110
2026-07-23T01:21:43.983Z,usb,1,3612849267,145145,37157120,256,8000,32.110
2026-07-23T01:21:44.015Z,usb,1,3612849267,145146,37157376,256,8000,32.110
2026-07-23T01:21:44.047Z,usb,1,3612849267,145147,37157632,256,8000,32.110
2026-07-23T01:21:44.079Z,usb,1,3612849267,145148,37157888,256,8000,32.110
2026-07-23T01:21:44.111Z,usb,1,3612849267,145149,37158144,256,8000,32.110
2026-07-23T01:21:44.143Z,usb,1,3612849267,145150,37158400,256,8000,32.110
2026-07-23T01:21:44.175Z,usb,1,3612849267,145151,37158656,256,8000,32.110
2026-07-23T01:21:44.207Z,usb,1,3612849267,145152,37158912,256,8000,32.110
2026-07-23T01:21:44.239Z,usb,1,3612849267,145153,37159168,256,8000,32.110
2026-07-23T01:21:44.271Z,usb,1,3612849267,145154,37159424,256,8000,32.110
2026-07-23T01:21:44.303Z,usb,1,3612849267,145155,37159680,256,8000,32.110
2026-07-23T01:21:44.336Z,usb,1,3612849267,145156,37159936,256,8000,32.110
2026-07-23T01:21:44.367Z,usb,1,3612849267,145157,37160192,256,8000,32.110
2026-07-23T01:21:44.399Z,usb,1,3612849267,145158,37160448,256,8000,32.110
2026-07-23T01:21:44.431Z,usb,1,3612849267,145159,37160704,256,8000,32.110
2026-07-23T01:21:44.463Z,usb,1,3612849267,145160,37160960,256,8000,32.110
2026-07-23T01:21:44.495Z,usb,1,3612849267,145161,37161216,256,8000,32.110
2026-07-23T01:21:44.527Z,usb,1,3612849267,145162,37161472,256,8000,32.110
2026-07-23T01:21:44.559Z,usb,1,3612849267,145163,37161728,256,8000,32.110
2026-07-23T01:21:44.591Z,usb,1,3612849267,145164,37161984,256,8000,32.110
2026-07-23T01:21:44.623Z,usb,1,3612849267,145165,37162240,256,8000,32.110
2026-07-23T01:21:44.655Z,usb,1,3612849267,145166,37162496,256,8000,32.110
2026-07-23T01:21:44.687Z,usb,1,3612849267,145167,37162752,256,8000,32.110
2026-07-23T01:21:44.719Z,usb,1,3612849267,145168,37163008,256,8000,32.110
2026-07-23T01:21:44.751Z,usb,1,3612849267,145169,37163264,256,8000,32.110
2026-07-23T01:21:44.783Z,usb,1,3612849267,145170,37163520,256,8000,32.110
2026-07-23T01:21:44.815Z,usb,1,3612849267,145171,37163776,256,8000,32.110
2026-07-23T01:21:44.847Z,usb,1,3612849267,145172,37164032,256,8000,32.110
2026-07-23T01:21:44.879Z,usb,1,3612849267,145173,37164288,256,8000,32.110
2026-07-23T01:21:44.911Z,usb,1,3612849267,145174,37164544,256,8000,32.110
2026-07-23T01:21:44.943Z,usb,1,3612849267,145175,37164800,256,8000,32.110
2026-07-23T01:21:44.975Z,usb,1,3612849267,145176,37165056,256,8000,32.110
2026-07-23T01:21:45.007Z,usb,1,3612849267,145177,37165312,256,8000,32.110
2026-07-23T01:21:45.039Z,usb,1,3612849267,145178,37165568,256,8000,32.110
2026-07-23T01:21:45.071Z,usb,1,3612849267,145179,37165824,256,8000,32.110
2026-07-23T01:21:45.103Z,usb,1,3612849267,145180,37166080,256,8000,32.110
2026-07-23T01:21:45.134Z,usb,1,3612849267,145181,37166336,256,8000,32.110
2026-07-23T01:21:45.167Z,usb,1,3612849267,145182,37166592,256,8000,32.110
2026-07-23T01:21:45.199Z,usb,1,3612849267,145183,37166848,256,8000,32.110
2026-07-23T01:21:45.230Z,usb,1,3612849267,145184,37167104,256,8000,32.110
2026-07-23T01:21:45.263Z,usb,1,3612849267,145185,37167360,256,8000,32.110
2026-07-23T01:21:45.295Z,usb,1,3612849267,145186,37167616,256,8000,32.110
2026-07-23T01:21:45.327Z,usb,1,3612849267,145187,37167872,256,8000,32.110
2026-07-23T01:21:45.359Z,usb,1,3612849267,145188,37168128,256,8000,32.110
2026-07-23T01:21:45.391Z,usb,1,3612849267,145189,37168384,256,8000,32.110
2026-07-23T01:21:45.422Z,usb,1,3612849267,145190,37168640,256,8000,32.110
2026-07-23T01:21:45.454Z,usb,1,3612849267,145191,37168896,256,8000,32.110
2026-07-23T01:21:45.487Z,usb,1,3612849267,145192,37169152,256,8000,32.110
2026-07-23T01:21:45.519Z,usb,1,3612849267,145193,37169408,256,8000,32.110
2026-07-23T01:21:45.550Z,usb,1,3612849267,145194,37169664,256,8000,32.110
2026-07-23T01:21:45.583Z,usb,1,3612849267,145195,37169920,256,8000,32.110
2026-07-23T01:21:45.615Z,usb,1,3612849267,145196,37170176,256,8000,32.110
2026-07-23T01:21:45.647Z,usb,1,3612849267,145197,37170432,256,8000,32.110
2026-07-23T01:21:45.679Z,usb,1,3612849267,145198,37170688,256,8000,32.110
2026-07-23T01:21:45.711Z,usb,1,3612849267,145199,37170944,256,8000,32.110
2026-07-23T01:21:45.743Z,usb,1,3612849267,145200,37171200,256,8000,32.110
2026-07-23T01:21:45.775Z,usb,1,3612849267,145201,37171456,256,8000,32.110
2026-07-23T01:21:45.807Z,usb,1,3612849267,145202,37171712,256,8000,32.110
2026-07-23T01:21:45.839Z,usb,1,3612849267,145203,37171968,256,8000,32.110
2026-07-23T01:21:45.871Z,usb,1,3612849267,145204,37172224,256,8000,32.110
2026-07-23T01:21:45.903Z,usb,1,3612849267,145205,37172480,256,8000,32.110
2026-07-23T01:21:45.935Z,usb,1,3612849267,145206,37172736,256,8000,32.110
2026-07-23T01:21:45.966Z,usb,1,3612849267,145207,37172992,256,8000,32.110
2026-07-23T01:21:45.999Z,usb,1,3612849267,145208,37173248,256,8000,32.110
2026-07-23T01:21:46.030Z,usb,1,3612849267,145209,37173504,256,8000,32.110
2026-07-23T01:21:46.063Z,usb,1,3612849267,145210,37173760,256,8000,32.110
2026-07-23T01:21:46.095Z,usb,1,3612849267,145211,37174016,256,8000,32.110
2026-07-23T01:21:46.127Z,usb,1,3612849267,145212,37174272,256,8000,32.110
2026-07-23T01:21:46.159Z,usb,1,3612849267,145213,37174528,256,8000,32.110
2026-07-23T01:21:46.191Z,usb,1,3612849267,145214,37174784,256,8000,32.110
2026-07-23T01:21:46.222Z,usb,1,3612849267,145215,37175040,256,8000,32.110
2026-07-23T01:21:46.254Z,usb,1,3612849267,145216,37175296,256,8000,32.110
2026-07-23T01:21:46.286Z,usb,1,3612849267,145217,37175552,256,8000,32.110
2026-07-23T01:21:46.319Z,usb,1,3612849267,145218,37175808,256,8000,32.110
2026-07-23T01:21:46.351Z,usb,1,3612849267,145219,37176064,256,8000,32.110
2026-07-23T01:21:46.383Z,usb,1,3612849267,145220,37176320,256,8000,32.110
2026-07-23T01:21:46.415Z,usb,1,3612849267,145221,37176576,256,8000,32.110
2026-07-23T01:21:46.447Z,usb,1,3612849267,145222,37176832,256,8000,32.110
2026-07-23T01:21:46.479Z,usb,1,3612849267,145223,37177088,256,8000,32.110
2026-07-23T01:21:46.511Z,usb,1,3612849267,145224,37177344,256,8000,32.110
2026-07-23T01:21:46.543Z,usb,1,3612849267,145225,37177600,256,8000,32.110
2026-07-23T01:21:46.575Z,usb,1,3612849267,145226,37177856,256,8000,32.110
2026-07-23T01:21:46.607Z,usb,1,3612849267,145227,37178112,256,8000,32.110
2026-07-23T01:21:46.639Z,usb,1,3612849267,145228,37178368,256,8000,32.110
2026-07-23T01:21:46.671Z,usb,1,3612849267,145229,37178624,256,8000,32.110
2026-07-23T01:21:46.703Z,usb,1,3612849267,145230,37178880,256,8000,32.110
2026-07-23T01:21:46.735Z,usb,1,3612849267,145231,37179136,256,8000,32.110
2026-07-23T01:21:46.767Z,usb,1,3612849267,145232,37179392,256,8000,32.110
2026-07-23T01:21:46.799Z,usb,1,3612849267,145233,37179648,256,8000,32.110
2026-07-23T01:21:46.830Z,usb,1,3612849267,145234,37179904,256,8000,32.110
2026-07-23T01:21:46.863Z,usb,1,3612849267,145235,37180160,256,8000,32.110
2026-07-23T01:21:46.895Z,usb,1,3612849267,145236,37180416,256,8000,32.110
2026-07-23T01:21:46.926Z,usb,1,3612849267,145237,37180672,256,8000,32.110
2026-07-23T01:21:46.959Z,usb,1,3612849267,145238,37180928,256,8000,32.110
2026-07-23T01:21:46.990Z,usb,1,3612849267,145239,37181184,256,8000,32.110
2026-07-23T01:21:47.023Z,usb,1,3612849267,145240,37181440,256,8000,32.110
2026-07-23T01:21:47.055Z,usb,1,3612849267,145241,37181696,256,8000,32.110
2026-07-23T01:21:47.087Z,usb,1,3612849267,145242,37181952,256,8000,32.110
2026-07-23T01:21:47.119Z,usb,1,3612849267,145243,37182208,256,8000,32.110
2026-07-23T01:21:47.151Z,usb,1,3612849267,145244,37182464,256,8000,32.110
2026-07-23T01:21:47.183Z,usb,1,3612849267,145245,37182720,256,8000,32.110
2026-07-23T01:21:47.215Z,usb,1,3612849267,145246,37182976,256,8000,32.110
2026-07-23T01:21:47.247Z,usb,1,3612849267,145247,37183232,256,8000,32.110
2026-07-23T01:21:47.279Z,usb,1,3612849267,145248,37183488,256,8000,32.110
2026-07-23T01:21:47.311Z,usb,1,3612849267,145249,37183744,256,8000,32.110
2026-07-23T01:21:47.343Z,usb,1,3612849267,145250,37184000,256,8000,32.110
2026-07-23T01:21:47.375Z,usb,1,3612849267,145251,37184256,256,8000,32.110
2026-07-23T01:21:47.407Z,usb,1,3612849267,145252,37184512,256,8000,32.110
2026-07-23T01:21:47.439Z,usb,1,3612849267,145253,37184768,256,8000,32.110
2026-07-23T01:21:47.471Z,usb,1,3612849267,145254,37185024,256,8000,32.110
2026-07-23T01:21:47.503Z,usb,1,3612849267,145255,37185280,256,8000,32.110
2026-07-23T01:21:47.535Z,usb,1,3612849267,145256,37185536,256,8000,32.110
2026-07-23T01:21:47.567Z,usb,1,3612849267,145257,37185792,256,8000,32.110
2026-07-23T01:21:47.599Z,usb,1,3612849267,145258,37186048,256,8000,32.110
2026-07-23T01:21:47.631Z,usb,1,3612849267,145259,37186304,256,8000,32.110
2026-07-23T01:21:47.663Z,usb,1,3612849267,145260,37186560,256,8000,32.110
2026-07-23T01:21:47.695Z,usb,1,3612849267,145261,37186816,256,8000,32.110
2026-07-23T01:21:47.727Z,usb,1,3612849267,145262,37187072,256,8000,32.110
2026-07-23T01:21:47.759Z,usb,1,3612849267,145263,37187328,256,8000,32.110
2026-07-23T01:21:47.791Z,usb,1,3612849267,145264,37187584,256,8000,32.110
2026-07-23T01:21:47.823Z,usb,1,3612849267,145265,37187840,256,8000,32.110
2026-07-23T01:21:47.855Z,usb,1,3612849267,145266,37188096,256,8000,32.110
2026-07-23T01:21:47.887Z,usb,1,3612849267,145267,37188352,256,8000,32.110
2026-07-23T01:21:47.919Z,usb,1,3612849267,145268,37188608,256,8000,32.110
2026-07-23T01:21:47.951Z,usb,1,3612849267,145269,37188864,256,8000,32.110
2026-07-23T01:21:47.983Z,usb,1,3612849267,145270,37189120,256,8000,32.110
2026-07-23T01:21:48.015Z,usb,1,3612849267,145271,37189376,256,8000,32.110
2026-07-23T01:21:48.047Z,usb,1,3612849267,145272,37189632,256,8000,32.110
2026-07-23T01:21:48.079Z,usb,1,3612849267,145273,37189888,256,8000,32.110
2026-07-23T01:21:48.111Z,usb,1,3612849267,145274,37190144,256,8000,32.110
2026-07-23T01:21:48.143Z,usb,1,3612849267,145275,37190400,256,8000,32.110
2026-07-23T01:21:48.175Z,usb,1,3612849267,145276,37190656,256,8000,32.110
2026-07-23T01:21:48.207Z,usb,1,3612849267,145277,37190912,256,8000,32.110
2026-07-23T01:21:48.238Z,usb,1,3612849267,145278,37191168,256,8000,32.110
2026-07-23T01:21:48.271Z,usb,1,3612849267,145279,37191424,256,8000,32.110
2026-07-23T01:21:48.303Z,usb,1,3612849267,145280,37191680,256,8000,32.110
2026-07-23T01:21:48.335Z,usb,1,3612849267,145281,37191936,256,8000,32.110
2026-07-23T01:21:48.367Z,usb,1,3612849267,145282,37192192,256,8000,32.110
2026-07-23T01:21:48.399Z,usb,1,3612849267,145283,37192448,256,8000,32.110
2026-07-23T01:21:48.431Z,usb,1,3612849267,145284,37192704,256,8000,32.110
2026-07-23T01:21:48.463Z,usb,1,3612849267,145285,37192960,256,8000,32.110
2026-07-23T01:21:48.495Z,usb,1,3612849267,145286,37193216,256,8000,32.110
2026-07-23T01:21:48.527Z,usb,1,3612849267,145287,37193472,256,8000,32.110
2026-07-23T01:21:48.559Z,usb,1,3612849267,145288,37193728,256,8000,32.110
2026-07-23T01:21:48.591Z,usb,1,3612849267,145289,37193984,256,8000,32.110
2026-07-23T01:21:48.623Z,usb,1,3612849267,145290,37194240,256,8000,32.110
2026-07-23T01:21:48.655Z,usb,1,3612849267,145291,37194496,256,8000,32.110
2026-07-23T01:21:48.687Z,usb,1,3612849267,145292,37194752,256,8000,32.110
2026-07-23T01:21:48.719Z,usb,1,3612849267,145293,37195008,256,8000,32.110
2026-07-23T01:21:48.751Z,usb,1,3612849267,145294,37195264,256,8000,32.110
2026-07-23T01:21:48.783Z,usb,1,3612849267,145295,37195520,256,8000,32.110
2026-07-23T01:21:48.815Z,usb,1,3612849267,145296,37195776,256,8000,32.110
2026-07-23T01:21:48.847Z,usb,1,3612849267,145297,37196032,256,8000,32.110
2026-07-23T01:21:48.879Z,usb,1,3612849267,145298,37196288,256,8000,32.110
2026-07-23T01:21:48.911Z,usb,1,3612849267,145299,37196544,256,8000,32.110
2026-07-23T01:21:48.943Z,usb,1,3612849267,145300,37196800,256,8000,32.110
2026-07-23T01:21:48.975Z,usb,1,3612849267,145301,37197056,256,8000,32.110
2026-07-23T01:21:49.007Z,usb,1,3612849267,145302,37197312,256,8000,32.110
2026-07-23T01:21:49.039Z,usb,1,3612849267,145303,37197568,256,8000,32.110
2026-07-23T01:21:49.071Z,usb,1,3612849267,145304,37197824,256,8000,32.110
2026-07-23T01:21:49.103Z,usb,1,3612849267,145305,37198080,256,8000,32.110
2026-07-23T01:21:49.135Z,usb,1,3612849267,145306,37198336,256,8000,32.110
2026-07-23T01:21:49.167Z,usb,1,3612849267,145307,37198592,256,8000,32.110
2026-07-23T01:21:49.199Z,usb,1,3612849267,145308,37198848,256,8000,32.110
2026-07-23T01:21:49.231Z,usb,1,3612849267,145309,37199104,256,8000,32.110
2026-07-23T01:21:49.263Z,usb,1,3612849267,145310,37199360,256,8000,32.110
2026-07-23T01:21:49.295Z,usb,1,3612849267,145311,37199616,256,8000,32.110
2026-07-23T01:21:49.327Z,usb,1,3612849267,145312,37199872,256,8000,32.110
2026-07-23T01:21:49.358Z,usb,1,3612849267,145313,37200128,256,8000,32.110
2026-07-23T01:21:49.391Z,usb,1,3612849267,145314,37200384,256,8000,32.110
2026-07-23T01:21:49.422Z,usb,1,3612849267,145315,37200640,256,8000,32.110
2026-07-23T01:21:49.455Z,usb,1,3612849267,145316,37200896,256,8000,32.110
2026-07-23T01:21:49.486Z,usb,1,3612849267,145317,37201152,256,8000,32.110
2026-07-23T01:21:49.519Z,usb,1,3612849267,145318,37201408,256,8000,32.110
2026-07-23T01:21:49.551Z,usb,1,3612849267,145319,37201664,256,8000,32.110
2026-07-23T01:21:49.583Z,usb,1,3612849267,145320,37201920,256,8000,32.110
2026-07-23T01:21:49.615Z,usb,1,3612849267,145321,37202176,256,8000,32.110
2026-07-23T01:21:49.647Z,usb,1,3612849267,145322,37202432,256,8000,32.110
2026-07-23T01:21:49.678Z,usb,1,3612849267,145323,37202688,256,8000,32.110
2026-07-23T01:21:49.711Z,usb,1,3612849267,145324,37202944,256,8000,32.110
2026-07-23T01:21:49.743Z,usb,1,3612849267,145325,37203200,256,8000,32.110
2026-07-23T01:21:49.775Z,usb,1,3612849267,145326,37203456,256,8000,32.110
2026-07-23T01:21:49.807Z,usb,1,3612849267,145327,37203712,256,8000,32.110
2026-07-23T01:21:49.839Z,usb,1,3612849267,145328,37203968,256,8000,32.110
2026-07-23T01:21:49.871Z,usb,1,3612849267,145329,37204224,256,8000,32.110
2026-07-23T01:21:49.903Z,usb,1,3612849267,145330,37204480,256,8000,32.110
2026-07-23T01:21:49.935Z,usb,1,3612849267,145331,37204736,256,8000,32.110
2026-07-23T01:21:49.967Z,usb,1,3612849267,145332,37204992,256,8000,32.110
2026-07-23T01:21:49.999Z,usb,1,3612849267,145333,37205248,256,8000,32.110
2026-07-23T01:21:50.031Z,usb,1,3612849267,145334,37205504,256,8000,32.110
2026-07-23T01:21:50.063Z,usb,1,3612849267,145335,37205760,256,8000,32.110
2026-07-23T01:21:50.095Z,usb,1,3612849267,145336,37206016,256,8000,32.110
2026-07-23T01:21:50.127Z,usb,1,3612849267,145337,37206272,256,8000,32.110
2026-07-23T01:21:50.159Z,usb,1,3612849267,145338,37206528,256,8000,32.110
2026-07-23T01:21:50.191Z,usb,1,3612849267,145339,37206784,256,8000,32.110
2026-07-23T01:21:50.223Z,usb,1,3612849267,145340,37207040,256,8000,32.110
2026-07-23T01:21:50.255Z,usb,1,3612849267,145341,37207296,256,8000,32.110
2026-07-23T01:21:50.287Z,usb,1,3612849267,145342,37207552,256,8000,32.110
2026-07-23T01:21:50.318Z,usb,1,3612849267,145343,37207808,256,8000,32.110
2026-07-23T01:21:50.351Z,usb,1,3612849267,145344,37208064,256,8000,32.110
2026-07-23T01:21:50.383Z,usb,1,3612849267,145345,37208320,256,8000,32.110
2026-07-23T01:21:50.415Z,usb,1,3612849267,145346,37208576,256,8000,32.110
2026-07-23T01:21:50.447Z,usb,1,3612849267,145347,37208832,256,8000,32.110
2026-07-23T01:21:50.479Z,usb,1,3612849267,145348,37209088,256,8000,32.110
2026-07-23T01:21:50.511Z,usb,1,3612849267,145349,37209344,256,8000,32.110
2026-07-23T01:21:50.543Z,usb,1,3612849267,145350,37209600,256,8000,32.110
2026-07-23T01:21:50.575Z,usb,1,3612849267,145351,37209856,256,8000,32.110
2026-07-23T01:21:50.607Z,usb,1,3612849267,145352,37210112,256,8000,32.110
2026-07-23T01:21:50.638Z,usb,1,3612849267,145353,37210368,256,8000,32.110
2026-07-23T01:21:50.671Z,usb,1,3612849267,145354,37210624,256,8000,32.110
2026-07-23T01:21:50.703Z,usb,1,3612849267,145355,37210880,256,8000,32.110
2026-07-23T01:21:50.735Z,usb,1,3612849267,145356,37211136,256,8000,32.110
2026-07-23T01:21:50.767Z,usb,1,3612849267,145357,37211392,256,8000,32.110
2026-07-23T01:21:50.799Z,usb,1,3612849267,145358,37211648,256,8000,32.110
2026-07-23T01:21:50.831Z,usb,1,3612849267,145359,37211904,256,8000,32.110
2026-07-23T01:21:50.863Z,usb,1,3612849267,145360,37212160,256,8000,32.110
2026-07-23T01:21:50.895Z,usb,1,3612849267,145361,37212416,256,8000,32.110
2026-07-23T01:21:50.927Z,usb,1,3612849267,145362,37212672,256,8000,32.110
2026-07-23T01:21:50.959Z,usb,1,3612849267,145363,37212928,256,8000,32.110
2026-07-23T01:21:50.990Z,usb,1,3612849267,145364,37213184,256,8000,32.110
2026-07-23T01:21:51.023Z,usb,1,3612849267,145365,37213440,256,8000,32.110
2026-07-23T01:21:51.055Z,usb,1,3612849267,145366,37213696,256,8000,32.110
2026-07-23T01:21:51.087Z,usb,1,3612849267,145367,37213952,256,8000,32.110
2026-07-23T01:21:51.119Z,usb,1,3612849267,145368,37214208,256,8000,32.110
2026-07-23T01:21:51.151Z,usb,1,3612849267,145369,37214464,256,8000,32.110
2026-07-23T01:21:51.183Z,usb,1,3612849267,145370,37214720,256,8000,32.110
2026-07-23T01:21:51.215Z,usb,1,3612849267,145371,37214976,256,8000,32.110
2026-07-23T01:21:51.247Z,usb,1,3612849267,145372,37215232,256,8000,32.110
2026-07-23T01:21:51.279Z,usb,1,3612849267,145373,37215488,256,8000,32.110
2026-07-23T01:21:51.311Z,usb,1,3612849267,145374,37215744,256,8000,32.110
2026-07-23T01:21:51.343Z,usb,1,3612849267,145375,37216000,256,8000,32.110
2026-07-23T01:21:51.375Z,usb,1,3612849267,145376,37216256,256,8000,32.110
2026-07-23T01:21:51.407Z,usb,1,3612849267,145377,37216512,256,8000,32.110
2026-07-23T01:21:51.439Z,usb,1,3612849267,145378,37216768,256,8000,32.110
2026-07-23T01:21:51.471Z,usb,1,3612849267,145379,37217024,256,8000,32.110
2026-07-23T01:21:51.503Z,usb,1,3612849267,145380,37217280,256,8000,32.110
2026-07-23T01:21:51.535Z,usb,1,3612849267,145381,37217536,256,8000,32.110
2026-07-23T01:21:51.567Z,usb,1,3612849267,145382,37217792,256,8000,32.110
2026-07-23T01:21:51.599Z,usb,1,3612849267,145383,37218048,256,8000,32.110
2026-07-23T01:21:51.631Z,usb,1,3612849267,145384,37218304,256,8000,32.110
2026-07-23T01:21:51.663Z,usb,1,3612849267,145385,37218560,256,8000,32.110
2026-07-23T01:21:51.695Z,usb,1,3612849267,145386,37218816,256,8000,32.110
2026-07-23T01:21:51.727Z,usb,1,3612849267,145387,37219072,256,8000,32.110
2026-07-23T01:21:51.759Z,usb,1,3612849267,145388,37219328,256,8000,32.110
2026-07-23T01:21:51.791Z,usb,1,3612849267,145389,37219584,256,8000,32.110
2026-07-23T01:21:51.823Z,usb,1,3612849267,145390,37219840,256,8000,32.110
2026-07-23T01:21:51.855Z,usb,1,3612849267,145391,37220096,256,8000,32.110
2026-07-23T01:21:51.887Z,usb,1,3612849267,145392,37220352,256,8000,32.110
2026-07-23T01:21:51.919Z,usb,1,3612849267,145393,37220608,256,8000,32.110
2026-07-23T01:21:51.951Z,usb,1,3612849267,145394,37220864,256,8000,32.110
2026-07-23T01:21:51.983Z,usb,1,3612849267,145395,37221120,256,8000,32.110
2026-07-23T01:21:52.015Z,usb,1,3612849267,145396,37221376,256,8000,32.110
2026-07-23T01:21:52.047Z,usb,1,3612849267,145397,37221632,256,8000,32.110
2026-07-23T01:21:52.079Z,usb,1,3612849267,145398,37221888,256,8000,32.110
2026-07-23T01:21:52.111Z,usb,1,3612849267,145399,37222144,256,8000,32.110
2026-07-23T01:21:52.142Z,usb,1,3612849267,145400,37222400,256,8000,32.110
2026-07-23T01:21:52.175Z,usb,1,3612849267,145401,37222656,256,8000,32.110
2026-07-23T01:21:52.207Z,usb,1,3612849267,145402,37222912,256,8000,32.110
2026-07-23T01:21:52.239Z,usb,1,3612849267,145403,37223168,256,8000,32.110
2026-07-23T01:21:52.271Z,usb,1,3612849267,145404,37223424,256,8000,32.110
2026-07-23T01:21:52.303Z,usb,1,3612849267,145405,37223680,256,8000,32.110
2026-07-23T01:21:52.335Z,usb,1,3612849267,145406,37223936,256,8000,32.110
2026-07-23T01:21:52.367Z,usb,1,3612849267,145407,37224192,256,8000,32.110
2026-07-23T01:21:52.399Z,usb,1,3612849267,145408,37224448,256,8000,32.110
2026-07-23T01:21:52.431Z,usb,1,3612849267,145409,37224704,256,8000,32.110
2026-07-23T01:21:52.463Z,usb,1,3612849267,145410,37224960,256,8000,32.110
2026-07-23T01:21:52.495Z,usb,1,3612849267,145411,37225216,256,8000,32.110
2026-07-23T01:21:52.527Z,usb,1,3612849267,145412,37225472,256,8000,32.120
2026-07-23T01:21:52.559Z,usb,1,3612849267,145413,37225728,256,8000,32.120
2026-07-23T01:21:52.590Z,usb,1,3612849267,145414,37225984,256,8000,32.120
2026-07-23T01:21:52.622Z,usb,1,3612849267,145415,37226240,256,8000,32.120
2026-07-23T01:21:52.654Z,usb,1,3612849267,145416,37226496,256,8000,32.120
2026-07-23T01:21:52.686Z,usb,1,3612849267,145417,37226752,256,8000,32.120
2026-07-23T01:21:52.719Z,usb,1,3612849267,145418,37227008,256,8000,32.120
2026-07-23T01:21:52.750Z,usb,1,3612849267,145419,37227264,256,8000,32.120
2026-07-23T01:21:52.783Z,usb,1,3612849267,145420,37227520,256,8000,32.120
2026-07-23T01:21:52.815Z,usb,1,3612849267,145421,37227776,256,8000,32.120
2026-07-23T01:21:52.847Z,usb,1,3612849267,145422,37228032,256,8000,32.120
2026-07-23T01:21:52.879Z,usb,1,3612849267,145423,37228288,256,8000,32.120
2026-07-23T01:21:52.911Z,usb,1,3612849267,145424,37228544,256,8000,32.120
2026-07-23T01:21:52.942Z,usb,1,3612849267,145425,37228800,256,8000,32.120
2026-07-23T01:21:52.975Z,usb,1,3612849267,145426,37229056,256,8000,32.120
2026-07-23T01:21:53.007Z,usb,1,3612849267,145427,37229312,256,8000,32.120
2026-07-23T01:21:53.039Z,usb,1,3612849267,145428,37229568,256,8000,32.120
2026-07-23T01:21:53.071Z,usb,1,3612849267,145429,37229824,256,8000,32.120
2026-07-23T01:21:53.103Z,usb,1,3612849267,145430,37230080,256,8000,32.120
2026-07-23T01:21:53.135Z,usb,1,3612849267,145431,37230336,256,8000,32.120
2026-07-23T01:21:53.167Z,usb,1,3612849267,145432,37230592,256,8000,32.120
2026-07-23T01:21:53.199Z,usb,1,3612849267,145433,37230848,256,8000,32.120
2026-07-23T01:21:53.231Z,usb,1,3612849267,145434,37231104,256,8000,32.120
2026-07-23T01:21:53.263Z,usb,1,3612849267,145435,37231360,256,8000,32.120
2026-07-23T01:21:53.295Z,usb,1,3612849267,145436,37231616,256,8000,32.120
2026-07-23T01:21:53.327Z,usb,1,3612849267,145437,37231872,256,8000,32.120
2026-07-23T01:21:53.358Z,usb,1,3612849267,145438,37232128,256,8000,32.120
2026-07-23T01:21:53.391Z,usb,1,3612849267,145439,37232384,256,8000,32.120
2026-07-23T01:21:53.423Z,usb,1,3612849267,145440,37232640,256,8000,32.120
2026-07-23T01:21:53.455Z,usb,1,3612849267,145441,37232896,256,8000,32.120
2026-07-23T01:21:53.487Z,usb,1,3612849267,145442,37233152,256,8000,32.120
2026-07-23T01:21:53.519Z,usb,1,3612849267,145443,37233408,256,8000,32.120
2026-07-23T01:21:53.552Z,usb,1,3612849267,145444,37233664,256,8000,32.110
2026-07-23T01:21:53.583Z,usb,1,3612849267,145445,37233920,256,8000,32.110
2026-07-23T01:21:53.615Z,usb,1,3612849267,145446,37234176,256,8000,32.110
2026-07-23T01:21:53.647Z,usb,1,3612849267,145447,37234432,256,8000,32.110
2026-07-23T01:21:53.679Z,usb,1,3612849267,145448,37234688,256,8000,32.110
2026-07-23T01:21:53.711Z,usb,1,3612849267,145449,37234944,256,8000,32.110
2026-07-23T01:21:53.743Z,usb,1,3612849267,145450,37235200,256,8000,32.110
2026-07-23T01:21:53.775Z,usb,1,3612849267,145451,37235456,256,8000,32.110
2026-07-23T01:21:53.807Z,usb,1,3612849267,145452,37235712,256,8000,32.110
2026-07-23T01:21:53.839Z,usb,1,3612849267,145453,37235968,256,8000,32.110
2026-07-23T01:21:53.871Z,usb,1,3612849267,145454,37236224,256,8000,32.110
2026-07-23T01:21:53.903Z,usb,1,3612849267,145455,37236480,256,8000,32.110
2026-07-23T01:21:53.935Z,usb,1,3612849267,145456,37236736,256,8000,32.110
2026-07-23T01:21:53.967Z,usb,1,3612849267,145457,37236992,256,8000,32.110
2026-07-23T01:21:53.999Z,usb,1,3612849267,145458,37237248,256,8000,32.110
2026-07-23T01:21:54.031Z,usb,1,3612849267,145459,37237504,256,8000,32.110
2026-07-23T01:21:54.063Z,usb,1,3612849267,145460,37237760,256,8000,32.110
2026-07-23T01:21:54.095Z,usb,1,3612849267,145461,37238016,256,8000,32.110
2026-07-23T01:21:54.127Z,usb,1,3612849267,145462,37238272,256,8000,32.110
2026-07-23T01:21:54.159Z,usb,1,3612849267,145463,37238528,256,8000,32.110
2026-07-23T01:21:54.191Z,usb,1,3612849267,145464,37238784,256,8000,32.110
2026-07-23T01:21:54.223Z,usb,1,3612849267,145465,37239040,256,8000,32.110
2026-07-23T01:21:54.255Z,usb,1,3612849267,145466,37239296,256,8000,32.110
2026-07-23T01:21:54.286Z,usb,1,3612849267,145467,37239552,256,8000,32.110
2026-07-23T01:21:54.319Z,usb,1,3612849267,145468,37239808,256,8000,32.110
2026-07-23T01:21:54.351Z,usb,1,3612849267,145469,37240064,256,8000,32.110
2026-07-23T01:21:54.383Z,usb,1,3612849267,145470,37240320,256,8000,32.110
2026-07-23T01:21:54.415Z,usb,1,3612849267,145471,37240576,256,8000,32.110
2026-07-23T01:21:54.447Z,usb,1,3612849267,145472,37240832,256,8000,32.110
2026-07-23T01:21:54.479Z,usb,1,3612849267,145473,37241088,256,8000,32.110
2026-07-23T01:21:54.511Z,usb,1,3612849267,145474,37241344,256,8000,32.110
2026-07-23T01:21:54.543Z,usb,1,3612849267,145475,37241600,256,8000,32.110
2026-07-23T01:21:54.575Z,usb,1,3612849267,145476,37241856,256,8000,32.120
2026-07-23T01:21:54.607Z,usb,1,3612849267,145477,37242112,256,8000,32.120
2026-07-23T01:21:54.639Z,usb,1,3612849267,145478,37242368,256,8000,32.120
2026-07-23T01:21:54.671Z,usb,1,3612849267,145479,37242624,256,8000,32.120
2026-07-23T01:21:54.703Z,usb,1,3612849267,145480,37242880,256,8000,32.120
2026-07-23T01:21:54.735Z,usb,1,3612849267,145481,37243136,256,8000,32.120
2026-07-23T01:21:54.767Z,usb,1,3612849267,145482,37243392,256,8000,32.120
2026-07-23T01:21:54.799Z,usb,1,3612849267,145483,37243648,256,8000,32.120
2026-07-23T01:21:54.831Z,usb,1,3612849267,145484,37243904,256,8000,32.120
2026-07-23T01:21:54.863Z,usb,1,3612849267,145485,37244160,256,8000,32.120
2026-07-23T01:21:54.894Z,usb,1,3612849267,145486,37244416,256,8000,32.120
2026-07-23T01:21:54.927Z,usb,1,3612849267,145487,37244672,256,8000,32.120
2026-07-23T01:21:54.959Z,usb,1,3612849267,145488,37244928,256,8000,32.120
2026-07-23T01:21:54.991Z,usb,1,3612849267,145489,37245184,256,8000,32.120
2026-07-23T01:21:55.023Z,usb,1,3612849267,145490,37245440,256,8000,32.120
2026-07-23T01:21:55.055Z,usb,1,3612849267,145491,37245696,256,8000,32.120
2026-07-23T01:21:55.087Z,usb,1,3612849267,145492,37245952,256,8000,32.120
2026-07-23T01:21:55.119Z,usb,1,3612849267,145493,37246208,256,8000,32.120
2026-07-23T01:21:55.150Z,usb,1,3612849267,145494,37246464,256,8000,32.120
2026-07-23T01:21:55.183Z,usb,1,3612849267,145495,37246720,256,8000,32.120
2026-07-23T01:21:55.215Z,usb,1,3612849267,145496,37246976,256,8000,32.120
2026-07-23T01:21:55.247Z,usb,1,3612849267,145497,37247232,256,8000,32.120
2026-07-23T01:21:55.279Z,usb,1,3612849267,145498,37247488,256,8000,32.120
2026-07-23T01:21:55.311Z,usb,1,3612849267,145499,37247744,256,8000,32.120
2026-07-23T01:21:55.343Z,usb,1,3612849267,145500,37248000,256,8000,32.120
2026-07-23T01:21:55.375Z,usb,1,3612849267,145501,37248256,256,8000,32.120
2026-07-23T01:21:55.407Z,usb,1,3612849267,145502,37248512,256,8000,32.120
2026-07-23T01:21:55.439Z,usb,1,3612849267,145503,37248768,256,8000,32.120
2026-07-23T01:21:55.471Z,usb,1,3612849267,145504,37249024,256,8000,32.120
2026-07-23T01:21:55.503Z,usb,1,3612849267,145505,37249280,256,8000,32.120
2026-07-23T01:21:55.535Z,usb,1,3612849267,145506,37249536,256,8000,32.120
2026-07-23T01:21:55.567Z,usb,1,3612849267,145507,37249792,256,8000,32.120
2026-07-23T01:21:55.599Z,usb,1,3612849267,145508,37250048,256,8000,32.130
2026-07-23T01:21:55.631Z,usb,1,3612849267,145509,37250304,256,8000,32.130
2026-07-23T01:21:55.663Z,usb,1,3612849267,145510,37250560,256,8000,32.130
2026-07-23T01:21:55.695Z,usb,1,3612849267,145511,37250816,256,8000,32.130
2026-07-23T01:21:55.727Z,usb,1,3612849267,145512,37251072,256,8000,32.130
2026-07-23T01:21:55.759Z,usb,1,3612849267,145513,37251328,256,8000,32.130
2026-07-23T01:21:55.791Z,usb,1,3612849267,145514,37251584,256,8000,32.130
2026-07-23T01:21:55.823Z,usb,1,3612849267,145515,37251840,256,8000,32.130
2026-07-23T01:21:55.854Z,usb,1,3612849267,145516,37252096,256,8000,32.130
2026-07-23T01:21:55.886Z,usb,1,3612849267,145517,37252352,256,8000,32.130
2026-07-23T01:21:55.919Z,usb,1,3612849267,145518,37252608,256,8000,32.130
2026-07-23T01:21:55.951Z,usb,1,3612849267,145519,37252864,256,8000,32.130
2026-07-23T01:21:55.983Z,usb,1,3612849267,145520,37253120,256,8000,32.130
2026-07-23T01:21:56.015Z,usb,1,3612849267,145521,37253376,256,8000,32.130
2026-07-23T01:21:56.047Z,usb,1,3612849267,145522,37253632,256,8000,32.130
2026-07-23T01:21:56.079Z,usb,1,3612849267,145523,37253888,256,8000,32.130
2026-07-23T01:21:56.111Z,usb,1,3612849267,145524,37254144,256,8000,32.130
2026-07-23T01:21:56.142Z,usb,1,3612849267,145525,37254400,256,8000,32.130
2026-07-23T01:21:56.175Z,usb,1,3612849267,145526,37254656,256,8000,32.130
2026-07-23T01:21:56.207Z,usb,1,3612849267,145527,37254912,256,8000,32.130
2026-07-23T01:21:56.238Z,usb,1,3612849267,145528,37255168,256,8000,32.130
2026-07-23T01:21:56.271Z,usb,1,3612849267,145529,37255424,256,8000,32.130
2026-07-23T01:21:56.302Z,usb,1,3612849267,145530,37255680,256,8000,32.130
2026-07-23T01:21:56.335Z,usb,1,3612849267,145531,37255936,256,8000,32.130
2026-07-23T01:21:56.367Z,usb,1,3612849267,145532,37256192,256,8000,32.130
2026-07-23T01:21:56.399Z,usb,1,3612849267,145533,37256448,256,8000,32.130
2026-07-23T01:21:56.431Z,usb,1,3612849267,145534,37256704,256,8000,32.130
2026-07-23T01:21:56.463Z,usb,1,3612849267,145535,37256960,256,8000,32.130
2026-07-23T01:21:56.495Z,usb,1,3612849267,145536,37257216,256,8000,32.130
2026-07-23T01:21:56.527Z,usb,1,3612849267,145537,37257472,256,8000,32.130
2026-07-23T01:21:56.559Z,usb,1,3612849267,145538,37257728,256,8000,32.130
2026-07-23T01:21:56.590Z,usb,1,3612849267,145539,37257984,256,8000,32.130
2026-07-23T01:21:56.623Z,usb,1,3612849267,145540,37258240,256,8000,32.120
2026-07-23T01:21:56.655Z,usb,1,3612849267,145541,37258496,256,8000,32.120
2026-07-23T01:21:56.687Z,usb,1,3612849267,145542,37258752,256,8000,32.120
2026-07-23T01:21:56.719Z,usb,1,3612849267,145543,37259008,256,8000,32.120
2026-07-23T01:21:56.751Z,usb,1,3612849267,145544,37259264,256,8000,32.120
2026-07-23T01:21:56.783Z,usb,1,3612849267,145545,37259520,256,8000,32.120
2026-07-23T01:21:56.815Z,usb,1,3612849267,145546,37259776,256,8000,32.120
2026-07-23T01:21:56.847Z,usb,1,3612849267,145547,37260032,256,8000,32.120
2026-07-23T01:21:56.879Z,usb,1,3612849267,145548,37260288,256,8000,32.120
2026-07-23T01:21:56.910Z,usb,1,3612849267,145549,37260544,256,8000,32.120
2026-07-23T01:21:56.942Z,usb,1,3612849267,145550,37260800,256,8000,32.120
2026-07-23T01:21:56.974Z,usb,1,3612849267,145551,37261056,256,8000,32.120
2026-07-23T01:21:57.007Z,usb,1,3612849267,145552,37261312,256,8000,32.120
2026-07-23T01:21:57.039Z,usb,1,3612849267,145553,37261568,256,8000,32.120
2026-07-23T01:21:57.071Z,usb,1,3612849267,145554,37261824,256,8000,32.120
2026-07-23T01:21:57.103Z,usb,1,3612849267,145555,37262080,256,8000,32.120
2026-07-23T01:21:57.134Z,usb,1,3612849267,145556,37262336,256,8000,32.120
2026-07-23T01:21:57.167Z,usb,1,3612849267,145557,37262592,256,8000,32.120
2026-07-23T01:21:57.199Z,usb,1,3612849267,145558,37262848,256,8000,32.120
2026-07-23T01:21:57.231Z,usb,1,3612849267,145559,37263104,256,8000,32.120
2026-07-23T01:21:57.263Z,usb,1,3612849267,145560,37263360,256,8000,32.120
2026-07-23T01:21:57.295Z,usb,1,3612849267,145561,37263616,256,8000,32.120
2026-07-23T01:21:57.326Z,usb,1,3612849267,145562,37263872,256,8000,32.120
2026-07-23T01:21:57.359Z,usb,1,3612849267,145563,37264128,256,8000,32.120
2026-07-23T01:21:57.391Z,usb,1,3612849267,145564,37264384,256,8000,32.120
2026-07-23T01:21:57.423Z,usb,1,3612849267,145565,37264640,256,8000,32.120
2026-07-23T01:21:57.455Z,usb,1,3612849267,145566,37264896,256,8000,32.120
2026-07-23T01:21:57.487Z,usb,1,3612849267,145567,37265152,256,8000,32.120
2026-07-23T01:21:57.519Z,usb,1,3612849267,145568,37265408,256,8000,32.120
2026-07-23T01:21:57.551Z,usb,1,3612849267,145569,37265664,256,8000,32.120
2026-07-23T01:21:57.583Z,usb,1,3612849267,145570,37265920,256,8000,32.120
2026-07-23T01:21:57.615Z,usb,1,3612849267,145571,37266176,256,8000,32.120
2026-07-23T01:21:57.647Z,usb,1,3612849267,145572,37266432,256,8000,32.110
2026-07-23T01:21:57.679Z,usb,1,3612849267,145573,37266688,256,8000,32.110
2026-07-23T01:21:57.711Z,usb,1,3612849267,145574,37266944,256,8000,32.110
2026-07-23T01:21:57.743Z,usb,1,3612849267,145575,37267200,256,8000,32.110
2026-07-23T01:21:57.775Z,usb,1,3612849267,145576,37267456,256,8000,32.110
2026-07-23T01:21:57.807Z,usb,1,3612849267,145577,37267712,256,8000,32.110
2026-07-23T01:21:57.839Z,usb,1,3612849267,145578,37267968,256,8000,32.110
2026-07-23T01:21:57.871Z,usb,1,3612849267,145579,37268224,256,8000,32.110
2026-07-23T01:21:57.903Z,usb,1,3612849267,145580,37268480,256,8000,32.110
2026-07-23T01:21:57.935Z,usb,1,3612849267,145581,37268736,256,8000,32.110
2026-07-23T01:21:57.967Z,usb,1,3612849267,145582,37268992,256,8000,32.110
2026-07-23T01:21:57.999Z,usb,1,3612849267,145583,37269248,256,8000,32.110
2026-07-23T01:21:58.031Z,usb,1,3612849267,145584,37269504,256,8000,32.110
2026-07-23T01:21:58.063Z,usb,1,3612849267,145585,37269760,256,8000,32.110
2026-07-23T01:21:58.095Z,usb,1,3612849267,145586,37270016,256,8000,32.110
2026-07-23T01:21:58.127Z,usb,1,3612849267,145587,37270272,256,8000,32.110
2026-07-23T01:21:58.159Z,usb,1,3612849267,145588,37270528,256,8000,32.110
2026-07-23T01:21:58.191Z,usb,1,3612849267,145589,37270784,256,8000,32.110
2026-07-23T01:21:58.223Z,usb,1,3612849267,145590,37271040,256,8000,32.110
2026-07-23T01:21:58.255Z,usb,1,3612849267,145591,37271296,256,8000,32.110
2026-07-23T01:21:58.287Z,usb,1,3612849267,145592,37271552,256,8000,32.110
2026-07-23T01:21:58.319Z,usb,1,3612849267,145593,37271808,256,8000,32.110
2026-07-23T01:21:58.351Z,usb,1,3612849267,145594,37272064,256,8000,32.110
2026-07-23T01:21:58.383Z,usb,1,3612849267,145595,37272320,256,8000,32.110
2026-07-23T01:21:58.415Z,usb,1,3612849267,145596,37272576,256,8000,32.110
2026-07-23T01:21:58.447Z,usb,1,3612849267,145597,37272832,256,8000,32.110
2026-07-23T01:21:58.479Z,usb,1,3612849267,145598,37273088,256,8000,32.110
2026-07-23T01:21:58.511Z,usb,1,3612849267,145599,37273344,256,8000,32.110
2026-07-23T01:21:58.542Z,usb,1,3612849267,145600,37273600,256,8000,32.110
2026-07-23T01:21:58.575Z,usb,1,3612849267,145601,37273856,256,8000,32.110
2026-07-23T01:21:58.607Z,usb,1,3612849267,145602,37274112,256,8000,32.110
2026-07-23T01:21:58.639Z,usb,1,3612849267,145603,37274368,256,8000,32.110
2026-07-23T01:21:58.672Z,usb,1,3612849267,145604,37274624,256,8000,32.120
2026-07-23T01:21:58.703Z,usb,1,3612849267,145605,37274880,256,8000,32.120
2026-07-23T01:21:58.735Z,usb,1,3612849267,145606,37275136,256,8000,32.120
2026-07-23T01:21:58.766Z,usb,1,3612849267,145607,37275392,256,8000,32.120
2026-07-23T01:21:58.798Z,usb,1,3612849267,145608,37275648,256,8000,32.120
2026-07-23T01:21:58.830Z,usb,1,3612849267,145609,37275904,256,8000,32.120
2026-07-23T01:21:58.863Z,usb,1,3612849267,145610,37276160,256,8000,32.120
2026-07-23T01:21:58.895Z,usb,1,3612849267,145611,37276416,256,8000,32.120
2026-07-23T01:21:58.926Z,usb,1,3612849267,145612,37276672,256,8000,32.120
2026-07-23T01:21:58.958Z,usb,1,3612849267,145613,37276928,256,8000,32.120
2026-07-23T01:21:58.990Z,usb,1,3612849267,145614,37277184,256,8000,32.120
2026-07-23T01:21:59.022Z,usb,1,3612849267,145615,37277440,256,8000,32.120
2026-07-23T01:21:59.054Z,usb,1,3612849267,145616,37277696,256,8000,32.120
2026-07-23T01:21:59.086Z,usb,1,3612849267,145617,37277952,256,8000,32.120
2026-07-23T01:21:59.118Z,usb,1,3612849267,145618,37278208,256,8000,32.120
2026-07-23T01:21:59.150Z,usb,1,3612849267,145619,37278464,256,8000,32.120
2026-07-23T01:21:59.182Z,usb,1,3612849267,145620,37278720,256,8000,32.120
2026-07-23T01:21:59.214Z,usb,1,3612849267,145621,37278976,256,8000,32.120
2026-07-23T01:21:59.246Z,usb,1,3612849267,145622,37279232,256,8000,32.120
2026-07-23T01:21:59.278Z,usb,1,3612849267,145623,37279488,256,8000,32.120
2026-07-23T01:21:59.310Z,usb,1,3612849267,145624,37279744,256,8000,32.120
2026-07-23T01:21:59.342Z,usb,1,3612849267,145625,37280000,256,8000,32.120
2026-07-23T01:21:59.375Z,usb,1,3612849267,145626,37280256,256,8000,32.120
2026-07-23T01:21:59.406Z,usb,1,3612849267,145627,37280512,256,8000,32.120
2026-07-23T01:21:59.438Z,usb,1,3612849267,145628,37280768,256,8000,32.120
2026-07-23T01:21:59.470Z,usb,1,3612849267,145629,37281024,256,8000,32.120
2026-07-23T01:21:59.502Z,usb,1,3612849267,145630,37281280,256,8000,32.120
2026-07-23T01:21:59.535Z,usb,1,3612849267,145631,37281536,256,8000,32.120
2026-07-23T01:21:59.566Z,usb,1,3612849267,145632,37281792,256,8000,32.120
2026-07-23T01:21:59.598Z,usb,1,3612849267,145633,37282048,256,8000,32.120
2026-07-23T01:21:59.630Z,usb,1,3612849267,145634,37282304,256,8000,32.120
2026-07-23T01:21:59.663Z,usb,1,3612849267,145635,37282560,256,8000,32.120
2026-07-23T01:21:59.695Z,usb,1,3612849267,145636,37282816,256,8000,32.120
2026-07-23T01:21:59.727Z,usb,1,3612849267,145637,37283072,256,8000,32.120
2026-07-23T01:21:59.759Z,usb,1,3612849267,145638,37283328,256,8000,32.120
2026-07-23T01:21:59.791Z,usb,1,3612849267,145639,37283584,256,8000,32.120
2026-07-23T01:21:59.823Z,usb,1,3612849267,145640,37283840,256,8000,32.120
2026-07-23T01:21:59.855Z,usb,1,3612849267,145641,37284096,256,8000,32.120
2026-07-23T01:21:59.887Z,usb,1,3612849267,145642,37284352,256,8000,32.120
2026-07-23T01:21:59.918Z,usb,1,3612849267,145643,37284608,256,8000,32.120
2026-07-23T01:21:59.951Z,usb,1,3612849267,145644,37284864,256,8000,32.120
2026-07-23T01:21:59.983Z,usb,1,3612849267,145645,37285120,256,8000,32.120
2026-07-23T01:22:00.015Z,usb,1,3612849267,145646,37285376,256,8000,32.120
2026-07-23T01:22:00.047Z,usb,1,3612849267,145647,37285632,256,8000,32.120
2026-07-23T01:22:00.079Z,usb,1,3612849267,145648,37285888,256,8000,32.120
2026-07-23T01:22:00.111Z,usb,1,3612849267,145649,37286144,256,8000,32.120
2026-07-23T01:22:00.143Z,usb,1,3612849267,145650,37286400,256,8000,32.120
2026-07-23T01:22:00.175Z,usb,1,3612849267,145651,37286656,256,8000,32.120
2026-07-23T01:22:00.207Z,usb,1,3612849267,145652,37286912,256,8000,32.120
2026-07-23T01:22:00.239Z,usb,1,3612849267,145653,37287168,256,8000,32.120
2026-07-23T01:22:00.271Z,usb,1,3612849267,145654,37287424,256,8000,32.120
2026-07-23T01:22:00.302Z,usb,1,3612849267,145655,37287680,256,8000,32.120
2026-07-23T01:22:00.334Z,usb,1,3612849267,145656,37287936,256,8000,32.120
2026-07-23T01:22:00.366Z,usb,1,3612849267,145657,37288192,256,8000,32.120
2026-07-23T01:22:00.399Z,usb,1,3612849267,145658,37288448,256,8000,32.120
2026-07-23T01:22:00.431Z,usb,1,3612849267,145659,37288704,256,8000,32.120
2026-07-23T01:22:00.463Z,usb,1,3612849267,145660,37288960,256,8000,32.120
2026-07-23T01:22:00.495Z,usb,1,3612849267,145661,37289216,256,8000,32.120
2026-07-23T01:22:00.527Z,usb,1,3612849267,145662,37289472,256,8000,32.120
2026-07-23T01:22:00.559Z,usb,1,3612849267,145663,37289728,256,8000,32.120
2026-07-23T01:22:00.590Z,usb,1,3612849267,145664,37289984,256,8000,32.120
2026-07-23T01:22:00.623Z,usb,1,3612849267,145665,37290240,256,8000,32.120
2026-07-23T01:22:00.655Z,usb,1,3612849267,145666,37290496,256,8000,32.120
2026-07-23T01:22:00.687Z,usb,1,3612849267,145667,37290752,256,8000,32.120
2026-07-23T01:22:00.719Z,usb,1,3612849267,145668,37291008,256,8000,32.120
2026-07-23T01:22:00.751Z,usb,1,3612849267,145669,37291264,256,8000,32.120
2026-07-23T01:22:00.783Z,usb,1,3612849267,145670,37291520,256,8000,32.120
2026-07-23T01:22:00.815Z,usb,1,3612849267,145671,37291776,256,8000,32.120
2026-07-23T01:22:00.847Z,usb,1,3612849267,145672,37292032,256,8000,32.120
2026-07-23T01:22:00.879Z,usb,1,3612849267,145673,37292288,256,8000,32.120
2026-07-23T01:22:00.911Z,usb,1,3612849267,145674,37292544,256,8000,32.120
2026-07-23T01:22:00.943Z,usb,1,3612849267,145675,37292800,256,8000,32.120
2026-07-23T01:22:00.975Z,usb,1,3612849267,145676,37293056,256,8000,32.120
2026-07-23T01:22:01.007Z,usb,1,3612849267,145677,37293312,256,8000,32.120
2026-07-23T01:22:01.039Z,usb,1,3612849267,145678,37293568,256,8000,32.120
2026-07-23T01:22:01.071Z,usb,1,3612849267,145679,37293824,256,8000,32.120
2026-07-23T01:22:01.102Z,usb,1,3612849267,145680,37294080,256,8000,32.120
2026-07-23T01:22:01.135Z,usb,1,3612849267,145681,37294336,256,8000,32.120
2026-07-23T01:22:01.167Z,usb,1,3612849267,145682,37294592,256,8000,32.120
2026-07-23T01:22:01.199Z,usb,1,3612849267,145683,37294848,256,8000,32.120
2026-07-23T01:22:01.231Z,usb,1,3612849267,145684,37295104,256,8000,32.120
2026-07-23T01:22:01.263Z,usb,1,3612849267,145685,37295360,256,8000,32.120
2026-07-23T01:22:01.295Z,usb,1,3612849267,145686,37295616,256,8000,32.120
2026-07-23T01:22:01.327Z,usb,1,3612849267,145687,37295872,256,8000,32.120
2026-07-23T01:22:01.359Z,usb,1,3612849267,145688,37296128,256,8000,32.120
2026-07-23T01:22:01.391Z,usb,1,3612849267,145689,37296384,256,8000,32.120
2026-07-23T01:22:01.423Z,usb,1,3612849267,145690,37296640,256,8000,32.120
2026-07-23T01:22:01.455Z,usb,1,3612849267,145691,37296896,256,8000,32.120
2026-07-23T01:22:01.487Z,usb,1,3612849267,145692,37297152,256,8000,32.120
2026-07-23T01:22:01.519Z,usb,1,3612849267,145693,37297408,256,8000,32.120
2026-07-23T01:22:01.551Z,usb,1,3612849267,145694,37297664,256,8000,32.120
2026-07-23T01:22:01.583Z,usb,1,3612849267,145695,37297920,256,8000,32.120
2026-07-23T01:22:01.615Z,usb,1,3612849267,145696,37298176,256,8000,32.120
2026-07-23T01:22:01.647Z,usb,1,3612849267,145697,37298432,256,8000,32.120
2026-07-23T01:22:01.679Z,usb,1,3612849267,145698,37298688,256,8000,32.120
2026-07-23T01:22:01.711Z,usb,1,3612849267,145699,37298944,256,8000,32.120
2026-07-23T01:22:01.743Z,usb,1,3612849267,145700,37299200,256,8000,32.120
2026-07-23T01:22:01.775Z,usb,1,3612849267,145701,37299456,256,8000,32.120
2026-07-23T01:22:01.807Z,usb,1,3612849267,145702,37299712,256,8000,32.120
2026-07-23T01:22:01.839Z,usb,1,3612849267,145703,37299968,256,8000,32.120
2026-07-23T01:22:01.871Z,usb,1,3612849267,145704,37300224,256,8000,32.120
2026-07-23T01:22:01.903Z,usb,1,3612849267,145705,37300480,256,8000,32.120
2026-07-23T01:22:01.935Z,usb,1,3612849267,145706,37300736,256,8000,32.120
2026-07-23T01:22:01.967Z,usb,1,3612849267,145707,37300992,256,8000,32.120
2026-07-23T01:22:01.999Z,usb,1,3612849267,145708,37301248,256,8000,32.120
2026-07-23T01:22:02.031Z,usb,1,3612849267,145709,37301504,256,8000,32.120
2026-07-23T01:22:02.063Z,usb,1,3612849267,145710,37301760,256,8000,32.120
2026-07-23T01:22:02.095Z,usb,1,3612849267,145711,37302016,256,8000,32.120
2026-07-23T01:22:02.127Z,usb,1,3612849267,145712,37302272,256,8000,32.120
2026-07-23T01:22:02.159Z,usb,1,3612849267,145713,37302528,256,8000,32.120
2026-07-23T01:22:02.191Z,usb,1,3612849267,145714,37302784,256,8000,32.120
2026-07-23T01:22:02.223Z,usb,1,3612849267,145715,37303040,256,8000,32.120
2026-07-23T01:22:02.254Z,usb,1,3612849267,145716,37303296,256,8000,32.120
2026-07-23T01:22:02.286Z,usb,1,3612849267,145717,37303552,256,8000,32.120
2026-07-23T01:22:02.318Z,usb,1,3612849267,145718,37303808,256,8000,32.120
2026-07-23T01:22:02.350Z,usb,1,3612849267,145719,37304064,256,8000,32.120
2026-07-23T01:22:02.383Z,usb,1,3612849267,145720,37304320,256,8000,32.120
2026-07-23T01:22:02.415Z,usb,1,3612849267,145721,37304576,256,8000,32.120
2026-07-23T01:22:02.447Z,usb,1,3612849267,145722,37304832,256,8000,32.120
2026-07-23T01:22:02.479Z,usb,1,3612849267,145723,37305088,256,8000,32.120
2026-07-23T01:22:02.511Z,usb,1,3612849267,145724,37305344,256,8000,32.120
2026-07-23T01:22:02.543Z,usb,1,3612849267,145725,37305600,256,8000,32.120
2026-07-23T01:22:02.575Z,usb,1,3612849267,145726,37305856,256,8000,32.120
2026-07-23T01:22:02.607Z,usb,1,3612849267,145727,37306112,256,8000,32.120
2026-07-23T01:22:02.639Z,usb,1,3612849267,145728,37306368,256,8000,32.120
2026-07-23T01:22:02.671Z,usb,1,3612849267,145729,37306624,256,8000,32.120
2026-07-23T01:22:02.703Z,usb,1,3612849267,145730,37306880,256,8000,32.120
2026-07-23T01:22:02.735Z,usb,1,3612849267,145731,37307136,256,8000,32.120
2026-07-23T01:22:02.768Z,usb,1,3612849267,145732,37307392,256,8000,32.120
2026-07-23T01:22:02.799Z,usb,1,3612849267,145733,37307648,256,8000,32.120
2026-07-23T01:22:02.831Z,usb,1,3612849267,145734,37307904,256,8000,32.120
2026-07-23T01:22:02.863Z,usb,1,3612849267,145735,37308160,256,8000,32.120
2026-07-23T01:22:02.895Z,usb,1,3612849267,145736,37308416,256,8000,32.120
2026-07-23T01:22:02.927Z,usb,1,3612849267,145737,37308672,256,8000,32.120
2026-07-23T01:22:02.959Z,usb,1,3612849267,145738,37308928,256,8000,32.120
2026-07-23T01:22:02.991Z,usb,1,3612849267,145739,37309184,256,8000,32.120
2026-07-23T01:22:03.023Z,usb,1,3612849267,145740,37309440,256,8000,32.120
2026-07-23T01:22:03.055Z,usb,1,3612849267,145741,37309696,256,8000,32.120
2026-07-23T01:22:03.087Z,usb,1,3612849267,145742,37309952,256,8000,32.120
2026-07-23T01:22:03.119Z,usb,1,3612849267,145743,37310208,256,8000,32.120
2026-07-23T01:22:03.151Z,usb,1,3612849267,145744,37310464,256,8000,32.120
2026-07-23T01:22:03.183Z,usb,1,3612849267,145745,37310720,256,8000,32.120
2026-07-23T01:22:03.215Z,usb,1,3612849267,145746,37310976,256,8000,32.120
2026-07-23T01:22:03.246Z,usb,1,3612849267,145747,37311232,256,8000,32.120
2026-07-23T01:22:03.279Z,usb,1,3612849267,145748,37311488,256,8000,32.120
2026-07-23T01:22:03.311Z,usb,1,3612849267,145749,37311744,256,8000,32.120
2026-07-23T01:22:03.343Z,usb,1,3612849267,145750,37312000,256,8000,32.120
2026-07-23T01:22:03.375Z,usb,1,3612849267,145751,37312256,256,8000,32.120
2026-07-23T01:22:03.407Z,usb,1,3612849267,145752,37312512,256,8000,32.120
2026-07-23T01:22:03.438Z,usb,1,3612849267,145753,37312768,256,8000,32.120
2026-07-23T01:22:03.471Z,usb,1,3612849267,145754,37313024,256,8000,32.120
2026-07-23T01:22:03.502Z,usb,1,3612849267,145755,37313280,256,8000,32.120
2026-07-23T01:22:03.534Z,usb,1,3612849267,145756,37313536,256,8000,32.120
2026-07-23T01:22:03.567Z,usb,1,3612849267,145757,37313792,256,8000,32.120
2026-07-23T01:22:03.599Z,usb,1,3612849267,145758,37314048,256,8000,32.120
2026-07-23T01:22:03.630Z,usb,1,3612849267,145759,37314304,256,8000,32.120
2026-07-23T01:22:03.663Z,usb,1,3612849267,145760,37314560,256,8000,32.120
2026-07-23T01:22:03.695Z,usb,1,3612849267,145761,37314816,256,8000,32.120
2026-07-23T01:22:03.727Z,usb,1,3612849267,145762,37315072,256,8000,32.120
2026-07-23T01:22:03.759Z,usb,1,3612849267,145763,37315328,256,8000,32.120
2026-07-23T01:22:03.791Z,usb,1,3612849267,145764,37315584,256,8000,32.120
2026-07-23T01:22:03.823Z,usb,1,3612849267,145765,37315840,256,8000,32.120
2026-07-23T01:22:03.855Z,usb,1,3612849267,145766,37316096,256,8000,32.120
2026-07-23T01:22:03.887Z,usb,1,3612849267,145767,37316352,256,8000,32.120
2026-07-23T01:22:03.919Z,usb,1,3612849267,145768,37316608,256,8000,32.120
2026-07-23T01:22:03.951Z,usb,1,3612849267,145769,37316864,256,8000,32.120
2026-07-23T01:22:03.983Z,usb,1,3612849267,145770,37317120,256,8000,32.120
2026-07-23T01:22:04.015Z,usb,1,3612849267,145771,37317376,256,8000,32.120
2026-07-23T01:22:04.047Z,usb,1,3612849267,145772,37317632,256,8000,32.120
2026-07-23T01:22:04.079Z,usb,1,3612849267,145773,37317888,256,8000,32.120
2026-07-23T01:22:04.111Z,usb,1,3612849267,145774,37318144,256,8000,32.120
2026-07-23T01:22:04.143Z,usb,1,3612849267,145775,37318400,256,8000,32.120
2026-07-23T01:22:04.175Z,usb,1,3612849267,145776,37318656,256,8000,32.120
2026-07-23T01:22:04.207Z,usb,1,3612849267,145777,37318912,256,8000,32.120
2026-07-23T01:22:04.239Z,usb,1,3612849267,145778,37319168,256,8000,32.120
2026-07-23T01:22:04.271Z,usb,1,3612849267,145779,37319424,256,8000,32.120
2026-07-23T01:22:04.303Z,usb,1,3612849267,145780,37319680,256,8000,32.120
2026-07-23T01:22:04.335Z,usb,1,3612849267,145781,37319936,256,8000,32.120
2026-07-23T01:22:04.367Z,usb,1,3612849267,145782,37320192,256,8000,32.120
2026-07-23T01:22:04.399Z,usb,1,3612849267,145783,37320448,256,8000,32.120
2026-07-23T01:22:04.431Z,usb,1,3612849267,145784,37320704,256,8000,32.120
2026-07-23T01:22:04.463Z,usb,1,3612849267,145785,37320960,256,8000,32.120
2026-07-23T01:22:04.495Z,usb,1,3612849267,145786,37321216,256,8000,32.120
2026-07-23T01:22:04.527Z,usb,1,3612849267,145787,37321472,256,8000,32.120
2026-07-23T01:22:04.559Z,usb,1,3612849267,145788,37321728,256,8000,32.120
2026-07-23T01:22:04.591Z,usb,1,3612849267,145789,37321984,256,8000,32.120
2026-07-23T01:22:04.623Z,usb,1,3612849267,145790,37322240,256,8000,32.120
2026-07-23T01:22:04.655Z,usb,1,3612849267,145791,37322496,256,8000,32.120
2026-07-23T01:22:04.687Z,usb,1,3612849267,145792,37322752,256,8000,32.120
2026-07-23T01:22:04.719Z,usb,1,3612849267,145793,37323008,256,8000,32.120
2026-07-23T01:22:04.751Z,usb,1,3612849267,145794,37323264,256,8000,32.120
2026-07-23T01:22:04.782Z,usb,1,3612849267,145795,37323520,256,8000,32.120
2026-07-23T01:22:04.815Z,usb,1,3612849267,145796,37323776,256,8000,32.110
2026-07-23T01:22:04.847Z,usb,1,3612849267,145797,37324032,256,8000,32.110
2026-07-23T01:22:04.879Z,usb,1,3612849267,145798,37324288,256,8000,32.110
2026-07-23T01:22:04.910Z,usb,1,3612849267,145799,37324544,256,8000,32.110
2026-07-23T01:22:04.943Z,usb,1,3612849267,145800,37324800,256,8000,32.110
2026-07-23T01:22:04.974Z,usb,1,3612849267,145801,37325056,256,8000,32.110
2026-07-23T01:22:05.007Z,usb,1,3612849267,145802,37325312,256,8000,32.110
2026-07-23T01:22:05.038Z,usb,1,3612849267,145803,37325568,256,8000,32.110
2026-07-23T01:22:05.071Z,usb,1,3612849267,145804,37325824,256,8000,32.110
2026-07-23T01:22:05.103Z,usb,1,3612849267,145805,37326080,256,8000,32.110
2026-07-23T01:22:05.134Z,usb,1,3612849267,145806,37326336,256,8000,32.110
2026-07-23T01:22:05.167Z,usb,1,3612849267,145807,37326592,256,8000,32.110
2026-07-23T01:22:05.199Z,usb,1,3612849267,145808,37326848,256,8000,32.110
2026-07-23T01:22:05.231Z,usb,1,3612849267,145809,37327104,256,8000,32.110
2026-07-23T01:22:05.263Z,usb,1,3612849267,145810,37327360,256,8000,32.110
2026-07-23T01:22:05.295Z,usb,1,3612849267,145811,37327616,256,8000,32.110
2026-07-23T01:22:05.327Z,usb,1,3612849267,145812,37327872,256,8000,32.110
2026-07-23T01:22:05.359Z,usb,1,3612849267,145813,37328128,256,8000,32.110
2026-07-23T01:22:05.390Z,usb,1,3612849267,145814,37328384,256,8000,32.110
2026-07-23T01:22:05.422Z,usb,1,3612849267,145815,37328640,256,8000,32.110
2026-07-23T01:22:05.454Z,usb,1,3612849267,145816,37328896,256,8000,32.110
2026-07-23T01:22:05.486Z,usb,1,3612849267,145817,37329152,256,8000,32.110
2026-07-23T01:22:05.519Z,usb,1,3612849267,145818,37329408,256,8000,32.110
2026-07-23T01:22:05.550Z,usb,1,3612849267,145819,37329664,256,8000,32.110
2026-07-23T01:22:05.583Z,usb,1,3612849267,145820,37329920,256,8000,32.110
2026-07-23T01:22:05.615Z,usb,1,3612849267,145821,37330176,256,8000,32.110
2026-07-23T01:22:05.646Z,usb,1,3612849267,145822,37330432,256,8000,32.110
2026-07-23T01:22:05.679Z,usb,1,3612849267,145823,37330688,256,8000,32.110
2026-07-23T01:22:05.711Z,usb,1,3612849267,145824,37330944,256,8000,32.110
2026-07-23T01:22:05.743Z,usb,1,3612849267,145825,37331200,256,8000,32.110
2026-07-23T01:22:05.775Z,usb,1,3612849267,145826,37331456,256,8000,32.110
2026-07-23T01:22:05.807Z,usb,1,3612849267,145827,37331712,256,8000,32.110
2026-07-23T01:22:05.839Z,usb,1,3612849267,145828,37331968,256,8000,32.120
2026-07-23T01:22:05.871Z,usb,1,3612849267,145829,37332224,256,8000,32.120
2026-07-23T01:22:05.903Z,usb,1,3612849267,145830,37332480,256,8000,32.120
2026-07-23T01:22:05.935Z,usb,1,3612849267,145831,37332736,256,8000,32.120
2026-07-23T01:22:05.967Z,usb,1,3612849267,145832,37332992,256,8000,32.120
2026-07-23T01:22:05.998Z,usb,1,3612849267,145833,37333248,256,8000,32.120
2026-07-23T01:22:06.031Z,usb,1,3612849267,145834,37333504,256,8000,32.120
2026-07-23T01:22:06.062Z,usb,1,3612849267,145835,37333760,256,8000,32.120
2026-07-23T01:22:06.095Z,usb,1,3612849267,145836,37334016,256,8000,32.120
2026-07-23T01:22:06.127Z,usb,1,3612849267,145837,37334272,256,8000,32.120
2026-07-23T01:22:06.159Z,usb,1,3612849267,145838,37334528,256,8000,32.120
2026-07-23T01:22:06.191Z,usb,1,3612849267,145839,37334784,256,8000,32.120
2026-07-23T01:22:06.223Z,usb,1,3612849267,145840,37335040,256,8000,32.120
2026-07-23T01:22:06.254Z,usb,1,3612849267,145841,37335296,256,8000,32.120
2026-07-23T01:22:06.287Z,usb,1,3612849267,145842,37335552,256,8000,32.120
2026-07-23T01:22:06.319Z,usb,1,3612849267,145843,37335808,256,8000,32.120
2026-07-23T01:22:06.351Z,usb,1,3612849267,145844,37336064,256,8000,32.120
2026-07-23T01:22:06.382Z,usb,1,3612849267,145845,37336320,256,8000,32.120
2026-07-23T01:22:06.414Z,usb,1,3612849267,145846,37336576,256,8000,32.120
2026-07-23T01:22:06.446Z,usb,1,3612849267,145847,37336832,256,8000,32.120
2026-07-23T01:22:06.478Z,usb,1,3612849267,145848,37337088,256,8000,32.120
2026-07-23T01:22:06.511Z,usb,1,3612849267,145849,37337344,256,8000,32.120
2026-07-23T01:22:06.543Z,usb,1,3612849267,145850,37337600,256,8000,32.120
2026-07-23T01:22:06.575Z,usb,1,3612849267,145851,37337856,256,8000,32.120
2026-07-23T01:22:06.607Z,usb,1,3612849267,145852,37338112,256,8000,32.120
2026-07-23T01:22:06.639Z,usb,1,3612849267,145853,37338368,256,8000,32.120
2026-07-23T01:22:06.671Z,usb,1,3612849267,145854,37338624,256,8000,32.120
2026-07-23T01:22:06.703Z,usb,1,3612849267,145855,37338880,256,8000,32.120
2026-07-23T01:22:06.735Z,usb,1,3612849267,145856,37339136,256,8000,32.120
2026-07-23T01:22:06.767Z,usb,1,3612849267,145857,37339392,256,8000,32.120
2026-07-23T01:22:06.799Z,usb,1,3612849267,145858,37339648,256,8000,32.120
2026-07-23T01:22:06.830Z,usb,1,3612849267,145859,37339904,256,8000,32.120
2026-07-23T01:22:06.863Z,usb,1,3612849267,145860,37340160,256,8000,32.120
2026-07-23T01:22:06.895Z,usb,1,3612849267,145861,37340416,256,8000,32.120
2026-07-23T01:22:06.927Z,usb,1,3612849267,145862,37340672,256,8000,32.120
2026-07-23T01:22:06.959Z,usb,1,3612849267,145863,37340928,256,8000,32.120
2026-07-23T01:22:06.991Z,usb,1,3612849267,145864,37341184,256,8000,32.120
2026-07-23T01:22:07.022Z,usb,1,3612849267,145865,37341440,256,8000,32.120
2026-07-23T01:22:07.055Z,usb,1,3612849267,145866,37341696,256,8000,32.120
2026-07-23T01:22:07.086Z,usb,1,3612849267,145867,37341952,256,8000,32.120
2026-07-23T01:22:07.119Z,usb,1,3612849267,145868,37342208,256,8000,32.120
2026-07-23T01:22:07.151Z,usb,1,3612849267,145869,37342464,256,8000,32.120
2026-07-23T01:22:07.183Z,usb,1,3612849267,145870,37342720,256,8000,32.120
2026-07-23T01:22:07.215Z,usb,1,3612849267,145871,37342976,256,8000,32.120
2026-07-23T01:22:07.247Z,usb,1,3612849267,145872,37343232,256,8000,32.120
2026-07-23T01:22:07.279Z,usb,1,3612849267,145873,37343488,256,8000,32.120
2026-07-23T01:22:07.311Z,usb,1,3612849267,145874,37343744,256,8000,32.120
2026-07-23T01:22:07.343Z,usb,1,3612849267,145875,37344000,256,8000,32.120
2026-07-23T01:22:07.374Z,usb,1,3612849267,145876,37344256,256,8000,32.120
2026-07-23T01:22:07.406Z,usb,1,3612849267,145877,37344512,256,8000,32.120
2026-07-23T01:22:07.439Z,usb,1,3612849267,145878,37344768,256,8000,32.120
2026-07-23T01:22:07.471Z,usb,1,3612849267,145879,37345024,256,8000,32.120
2026-07-23T01:22:07.503Z,usb,1,3612849267,145880,37345280,256,8000,32.120
2026-07-23T01:22:07.535Z,usb,1,3612849267,145881,37345536,256,8000,32.120
2026-07-23T01:22:07.567Z,usb,1,3612849267,145882,37345792,256,8000,32.120
2026-07-23T01:22:07.599Z,usb,1,3612849267,145883,37346048,256,8000,32.120
2026-07-23T01:22:07.631Z,usb,1,3612849267,145884,37346304,256,8000,32.120
2026-07-23T01:22:07.663Z,usb,1,3612849267,145885,37346560,256,8000,32.120
2026-07-23T01:22:07.695Z,usb,1,3612849267,145886,37346816,256,8000,32.120
2026-07-23T01:22:07.727Z,usb,1,3612849267,145887,37347072,256,8000,32.120
2026-07-23T01:22:07.759Z,usb,1,3612849267,145888,37347328,256,8000,32.120
2026-07-23T01:22:07.791Z,usb,1,3612849267,145889,37347584,256,8000,32.120
2026-07-23T01:22:07.823Z,usb,1,3612849267,145890,37347840,256,8000,32.120
2026-07-23T01:22:07.854Z,usb,1,3612849267,145891,37348096,256,8000,32.120
2026-07-23T01:22:07.887Z,usb,1,3612849267,145892,37348352,256,8000,32.120
2026-07-23T01:22:07.918Z,usb,1,3612849267,145893,37348608,256,8000,32.120
2026-07-23T01:22:07.951Z,usb,1,3612849267,145894,37348864,256,8000,32.120
2026-07-23T01:22:07.983Z,usb,1,3612849267,145895,37349120,256,8000,32.120
2026-07-23T01:22:08.015Z,usb,1,3612849267,145896,37349376,256,8000,32.120
2026-07-23T01:22:08.047Z,usb,1,3612849267,145897,37349632,256,8000,32.120
2026-07-23T01:22:08.079Z,usb,1,3612849267,145898,37349888,256,8000,32.120
2026-07-23T01:22:08.111Z,usb,1,3612849267,145899,37350144,256,8000,32.120
2026-07-23T01:22:08.143Z,usb,1,3612849267,145900,37350400,256,8000,32.120
2026-07-23T01:22:08.175Z,usb,1,3612849267,145901,37350656,256,8000,32.120
2026-07-23T01:22:08.207Z,usb,1,3612849267,145902,37350912,256,8000,32.120
2026-07-23T01:22:08.238Z,usb,1,3612849267,145903,37351168,256,8000,32.120
2026-07-23T01:22:08.271Z,usb,1,3612849267,145904,37351424,256,8000,32.120
2026-07-23T01:22:08.303Z,usb,1,3612849267,145905,37351680,256,8000,32.120
2026-07-23T01:22:08.335Z,usb,1,3612849267,145906,37351936,256,8000,32.120
2026-07-23T01:22:08.367Z,usb,1,3612849267,145907,37352192,256,8000,32.120
2026-07-23T01:22:08.399Z,usb,1,3612849267,145908,37352448,256,8000,32.120
2026-07-23T01:22:08.431Z,usb,1,3612849267,145909,37352704,256,8000,32.120
2026-07-23T01:22:08.463Z,usb,1,3612849267,145910,37352960,256,8000,32.120
2026-07-23T01:22:08.494Z,usb,1,3612849267,145911,37353216,256,8000,32.120
2026-07-23T01:22:08.527Z,usb,1,3612849267,145912,37353472,256,8000,32.120
2026-07-23T01:22:08.559Z,usb,1,3612849267,145913,37353728,256,8000,32.120
2026-07-23T01:22:08.591Z,usb,1,3612849267,145914,37353984,256,8000,32.120
2026-07-23T01:22:08.622Z,usb,1,3612849267,145915,37354240,256,8000,32.120
2026-07-23T01:22:08.654Z,usb,1,3612849267,145916,37354496,256,8000,32.120
2026-07-23T01:22:08.686Z,usb,1,3612849267,145917,37354752,256,8000,32.120
2026-07-23T01:22:08.718Z,usb,1,3612849267,145918,37355008,256,8000,32.120
2026-07-23T01:22:08.751Z,usb,1,3612849267,145919,37355264,256,8000,32.120
2026-07-23T01:22:08.783Z,usb,1,3612849267,145920,37355520,256,8000,32.120
2026-07-23T01:22:08.815Z,usb,1,3612849267,145921,37355776,256,8000,32.120
2026-07-23T01:22:08.847Z,usb,1,3612849267,145922,37356032,256,8000,32.120
2026-07-23T01:22:08.879Z,usb,1,3612849267,145923,37356288,256,8000,32.120
2026-07-23T01:22:08.911Z,usb,1,3612849267,145924,37356544,256,8000,32.120
2026-07-23T01:22:08.943Z,usb,1,3612849267,145925,37356800,256,8000,32.120
2026-07-23T01:22:08.975Z,usb,1,3612849267,145926,37357056,256,8000,32.120
2026-07-23T01:22:09.007Z,usb,1,3612849267,145927,37357312,256,8000,32.120
2026-07-23T01:22:09.039Z,usb,1,3612849267,145928,37357568,256,8000,32.120
2026-07-23T01:22:09.071Z,usb,1,3612849267,145929,37357824,256,8000,32.120
2026-07-23T01:22:09.103Z,usb,1,3612849267,145930,37358080,256,8000,32.120
2026-07-23T01:22:09.135Z,usb,1,3612849267,145931,37358336,256,8000,32.120
2026-07-23T01:22:09.167Z,usb,1,3612849267,145932,37358592,256,8000,32.120
2026-07-23T01:22:09.198Z,usb,1,3612849267,145933,37358848,256,8000,32.120
2026-07-23T01:22:09.231Z,usb,1,3612849267,145934,37359104,256,8000,32.120
2026-07-23T01:22:09.263Z,usb,1,3612849267,145935,37359360,256,8000,32.120
2026-07-23T01:22:09.295Z,usb,1,3612849267,145936,37359616,256,8000,32.120
2026-07-23T01:22:09.327Z,usb,1,3612849267,145937,37359872,256,8000,32.120
2026-07-23T01:22:09.359Z,usb,1,3612849267,145938,37360128,256,8000,32.120
2026-07-23T01:22:09.391Z,usb,1,3612849267,145939,37360384,256,8000,32.120
2026-07-23T01:22:09.423Z,usb,1,3612849267,145940,37360640,256,8000,32.120
2026-07-23T01:22:09.455Z,usb,1,3612849267,145941,37360896,256,8000,32.120
2026-07-23T01:22:09.488Z,usb,1,3612849267,145942,37361152,256,8000,32.120
2026-07-23T01:22:09.519Z,usb,1,3612849267,145943,37361408,256,8000,32.120
2026-07-23T01:22:09.550Z,usb,1,3612849267,145944,37361664,256,8000,32.120
2026-07-23T01:22:09.583Z,usb,1,3612849267,145945,37361920,256,8000,32.120
2026-07-23T01:22:09.615Z,usb,1,3612849267,145946,37362176,256,8000,32.120
2026-07-23T01:22:09.647Z,usb,1,3612849267,145947,37362432,256,8000,32.120
2026-07-23T01:22:09.679Z,usb,1,3612849267,145948,37362688,256,8000,32.120
2026-07-23T01:22:09.711Z,usb,1,3612849267,145949,37362944,256,8000,32.120
2026-07-23T01:22:09.742Z,usb,1,3612849267,145950,37363200,256,8000,32.120
2026-07-23T01:22:09.775Z,usb,1,3612849267,145951,37363456,256,8000,32.120
2026-07-23T01:22:09.807Z,usb,1,3612849267,145952,37363712,256,8000,32.120
2026-07-23T01:22:09.839Z,usb,1,3612849267,145953,37363968,256,8000,32.120
2026-07-23T01:22:09.871Z,usb,1,3612849267,145954,37364224,256,8000,32.120
2026-07-23T01:22:09.903Z,usb,1,3612849267,145955,37364480,256,8000,32.120
2026-07-23T01:22:09.935Z,usb,1,3612849267,145956,37364736,256,8000,32.120
2026-07-23T01:22:09.967Z,usb,1,3612849267,145957,37364992,256,8000,32.120
2026-07-23T01:22:09.999Z,usb,1,3612849267,145958,37365248,256,8000,32.120
2026-07-23T01:22:10.031Z,usb,1,3612849267,145959,37365504,256,8000,32.120
2026-07-23T01:22:10.063Z,usb,1,3612849267,145960,37365760,256,8000,32.120
2026-07-23T01:22:10.094Z,usb,1,3612849267,145961,37366016,256,8000,32.120
2026-07-23T01:22:10.127Z,usb,1,3612849267,145962,37366272,256,8000,32.120
2026-07-23T01:22:10.159Z,usb,1,3612849267,145963,37366528,256,8000,32.120
2026-07-23T01:22:10.191Z,usb,1,3612849267,145964,37366784,256,8000,32.120
2026-07-23T01:22:10.222Z,usb,1,3612849267,145965,37367040,256,8000,32.120
2026-07-23T01:22:10.255Z,usb,1,3612849267,145966,37367296,256,8000,32.120
2026-07-23T01:22:10.287Z,usb,1,3612849267,145967,37367552,256,8000,32.120
2026-07-23T01:22:10.319Z,usb,1,3612849267,145968,37367808,256,8000,32.120
2026-07-23T01:22:10.351Z,usb,1,3612849267,145969,37368064,256,8000,32.120
2026-07-23T01:22:10.383Z,usb,1,3612849267,145970,37368320,256,8000,32.120
2026-07-23T01:22:10.415Z,usb,1,3612849267,145971,37368576,256,8000,32.120
2026-07-23T01:22:10.447Z,usb,1,3612849267,145972,37368832,256,8000,32.120
2026-07-23T01:22:10.479Z,usb,1,3612849267,145973,37369088,256,8000,32.120
2026-07-23T01:22:10.511Z,usb,1,3612849267,145974,37369344,256,8000,32.120
2026-07-23T01:22:10.543Z,usb,1,3612849267,145975,37369600,256,8000,32.120
2026-07-23T01:22:10.575Z,usb,1,3612849267,145976,37369856,256,8000,32.120
2026-07-23T01:22:10.606Z,usb,1,3612849267,145977,37370112,256,8000,32.120
2026-07-23T01:22:10.638Z,usb,1,3612849267,145978,37370368,256,8000,32.120
2026-07-23T01:22:10.670Z,usb,1,3612849267,145979,37370624,256,8000,32.120
2026-07-23T01:22:10.703Z,usb,1,3612849267,145980,37370880,256,8000,32.120
2026-07-23T01:22:10.735Z,usb,1,3612849267,145981,37371136,256,8000,32.120
2026-07-23T01:22:10.767Z,usb,1,3612849267,145982,37371392,256,8000,32.120
2026-07-23T01:22:10.799Z,usb,1,3612849267,145983,37371648,256,8000,32.120
2026-07-23T01:22:10.831Z,usb,1,3612849267,145984,37371904,256,8000,32.120
2026-07-23T01:22:10.863Z,usb,1,3612849267,145985,37372160,256,8000,32.120
2026-07-23T01:22:10.895Z,usb,1,3612849267,145986,37372416,256,8000,32.120
2026-07-23T01:22:10.926Z,usb,1,3612849267,145987,37372672,256,8000,32.120
2026-07-23T01:22:10.959Z,usb,1,3612849267,145988,37372928,256,8000,32.110
2026-07-23T01:22:10.990Z,usb,1,3612849267,145989,37373184,256,8000,32.110
2026-07-23T01:22:11.022Z,usb,1,3612849267,145990,37373440,256,8000,32.110
2026-07-23T01:22:11.055Z,usb,1,3612849267,145991,37373696,256,8000,32.110
2026-07-23T01:22:11.087Z,usb,1,3612849267,145992,37373952,256,8000,32.110
2026-07-23T01:22:11.119Z,usb,1,3612849267,145993,37374208,256,8000,32.110
2026-07-23T01:22:11.151Z,usb,1,3612849267,145994,37374464,256,8000,32.110
2026-07-23T01:22:11.183Z,usb,1,3612849267,145995,37374720,256,8000,32.110
2026-07-23T01:22:11.215Z,usb,1,3612849267,145996,37374976,256,8000,32.110
2026-07-23T01:22:11.246Z,usb,1,3612849267,145997,37375232,256,8000,32.110
2026-07-23T01:22:11.279Z,usb,1,3612849267,145998,37375488,256,8000,32.110
2026-07-23T01:22:11.311Z,usb,1,3612849267,145999,37375744,256,8000,32.110
2026-07-23T01:22:11.343Z,usb,1,3612849267,146000,37376000,256,8000,32.110
2026-07-23T01:22:11.374Z,usb,1,3612849267,146001,37376256,256,8000,32.110
2026-07-23T01:22:11.406Z,usb,1,3612849267,146002,37376512,256,8000,32.110
2026-07-23T01:22:11.439Z,usb,1,3612849267,146003,37376768,256,8000,32.110
2026-07-23T01:22:11.471Z,usb,1,3612849267,146004,37377024,256,8000,32.110
2026-07-23T01:22:11.502Z,usb,1,3612849267,146005,37377280,256,8000,32.110
2026-07-23T01:22:11.534Z,usb,1,3612849267,146006,37377536,256,8000,32.110
2026-07-23T01:22:11.567Z,usb,1,3612849267,146007,37377792,256,8000,32.110
2026-07-23T01:22:11.598Z,usb,1,3612849267,146008,37378048,256,8000,32.110
2026-07-23T01:22:11.631Z,usb,1,3612849267,146009,37378304,256,8000,32.110
2026-07-23T01:22:11.663Z,usb,1,3612849267,146010,37378560,256,8000,32.110
2026-07-23T01:22:11.695Z,usb,1,3612849267,146011,37378816,256,8000,32.110
2026-07-23T01:22:11.727Z,usb,1,3612849267,146012,37379072,256,8000,32.110
2026-07-23T01:22:11.759Z,usb,1,3612849267,146013,37379328,256,8000,32.110
2026-07-23T01:22:11.790Z,usb,1,3612849267,146014,37379584,256,8000,32.110
2026-07-23T01:22:11.822Z,usb,1,3612849267,146015,37379840,256,8000,32.110
2026-07-23T01:22:11.854Z,usb,1,3612849267,146016,37380096,256,8000,32.110
2026-07-23T01:22:11.886Z,usb,1,3612849267,146017,37380352,256,8000,32.110
2026-07-23T01:22:11.918Z,usb,1,3612849267,146018,37380608,256,8000,32.110
2026-07-23T01:22:11.951Z,usb,1,3612849267,146019,37380864,256,8000,32.110
2026-07-23T01:22:11.983Z,usb,1,3612849267,146020,37381120,256,8000,32.120
2026-07-23T01:22:12.014Z,usb,1,3612849267,146021,37381376,256,8000,32.120
2026-07-23T01:22:12.047Z,usb,1,3612849267,146022,37381632,256,8000,32.120
2026-07-23T01:22:12.079Z,usb,1,3612849267,146023,37381888,256,8000,32.120
2026-07-23T01:22:12.111Z,usb,1,3612849267,146024,37382144,256,8000,32.120
2026-07-23T01:22:12.142Z,usb,1,3612849267,146025,37382400,256,8000,32.120
2026-07-23T01:22:12.175Z,usb,1,3612849267,146026,37382656,256,8000,32.120
2026-07-23T01:22:12.207Z,usb,1,3612849267,146027,37382912,256,8000,32.120
2026-07-23T01:22:12.239Z,usb,1,3612849267,146028,37383168,256,8000,32.120
2026-07-23T01:22:12.271Z,usb,1,3612849267,146029,37383424,256,8000,32.120
2026-07-23T01:22:12.302Z,usb,1,3612849267,146030,37383680,256,8000,32.120
2026-07-23T01:22:12.335Z,usb,1,3612849267,146031,37383936,256,8000,32.120
2026-07-23T01:22:12.367Z,usb,1,3612849267,146032,37384192,256,8000,32.120
2026-07-23T01:22:12.399Z,usb,1,3612849267,146033,37384448,256,8000,32.120
2026-07-23T01:22:12.431Z,usb,1,3612849267,146034,37384704,256,8000,32.120
2026-07-23T01:22:12.463Z,usb,1,3612849267,146035,37384960,256,8000,32.120
2026-07-23T01:22:12.495Z,usb,1,3612849267,146036,37385216,256,8000,32.120
2026-07-23T01:22:12.527Z,usb,1,3612849267,146037,37385472,256,8000,32.120
2026-07-23T01:22:12.559Z,usb,1,3612849267,146038,37385728,256,8000,32.120
2026-07-23T01:22:12.591Z,usb,1,3612849267,146039,37385984,256,8000,32.120
2026-07-23T01:22:12.623Z,usb,1,3612849267,146040,37386240,256,8000,32.120
2026-07-23T01:22:12.654Z,usb,1,3612849267,146041,37386496,256,8000,32.120
2026-07-23T01:22:12.687Z,usb,1,3612849267,146042,37386752,256,8000,32.120
2026-07-23T01:22:12.718Z,usb,1,3612849267,146043,37387008,256,8000,32.120
2026-07-23T01:22:12.751Z,usb,1,3612849267,146044,37387264,256,8000,32.120
2026-07-23T01:22:12.783Z,usb,1,3612849267,146045,37387520,256,8000,32.120
2026-07-23T01:22:12.815Z,usb,1,3612849267,146046,37387776,256,8000,32.120
2026-07-23T01:22:12.847Z,usb,1,3612849267,146047,37388032,256,8000,32.120
2026-07-23T01:22:12.879Z,usb,1,3612849267,146048,37388288,256,8000,32.120
2026-07-23T01:22:12.910Z,usb,1,3612849267,146049,37388544,256,8000,32.120
2026-07-23T01:22:12.942Z,usb,1,3612849267,146050,37388800,256,8000,32.120
2026-07-23T01:22:12.975Z,usb,1,3612849267,146051,37389056,256,8000,32.120
2026-07-23T01:22:13.008Z,usb,1,3612849267,146052,37389312,256,8000,32.110
2026-07-23T01:22:13.039Z,usb,1,3612849267,146053,37389568,256,8000,32.110
2026-07-23T01:22:13.071Z,usb,1,3612849267,146054,37389824,256,8000,32.110
2026-07-23T01:22:13.103Z,usb,1,3612849267,146055,37390080,256,8000,32.110
2026-07-23T01:22:13.135Z,usb,1,3612849267,146056,37390336,256,8000,32.110
2026-07-23T01:22:13.167Z,usb,1,3612849267,146057,37390592,256,8000,32.110
2026-07-23T01:22:13.198Z,usb,1,3612849267,146058,37390848,256,8000,32.110
2026-07-23T01:22:13.231Z,usb,1,3612849267,146059,37391104,256,8000,32.110
2026-07-23T01:22:13.263Z,usb,1,3612849267,146060,37391360,256,8000,32.110
2026-07-23T01:22:13.295Z,usb,1,3612849267,146061,37391616,256,8000,32.110
2026-07-23T01:22:13.327Z,usb,1,3612849267,146062,37391872,256,8000,32.110
2026-07-23T01:22:13.358Z,usb,1,3612849267,146063,37392128,256,8000,32.110
2026-07-23T01:22:13.391Z,usb,1,3612849267,146064,37392384,256,8000,32.110
2026-07-23T01:22:13.423Z,usb,1,3612849267,146065,37392640,256,8000,32.110
2026-07-23T01:22:13.455Z,usb,1,3612849267,146066,37392896,256,8000,32.110
2026-07-23T01:22:13.487Z,usb,1,3612849267,146067,37393152,256,8000,32.110
2026-07-23T01:22:13.518Z,usb,1,3612849267,146068,37393408,256,8000,32.110
2026-07-23T01:22:13.551Z,usb,1,3612849267,146069,37393664,256,8000,32.110
2026-07-23T01:22:13.583Z,usb,1,3612849267,146070,37393920,256,8000,32.110
2026-07-23T01:22:13.615Z,usb,1,3612849267,146071,37394176,256,8000,32.110
2026-07-23T01:22:13.646Z,usb,1,3612849267,146072,37394432,256,8000,32.110
2026-07-23T01:22:13.679Z,usb,1,3612849267,146073,37394688,256,8000,32.110
2026-07-23T01:22:13.711Z,usb,1,3612849267,146074,37394944,256,8000,32.110
2026-07-23T01:22:13.743Z,usb,1,3612849267,146075,37395200,256,8000,32.110
2026-07-23T01:22:13.775Z,usb,1,3612849267,146076,37395456,256,8000,32.110
2026-07-23T01:22:13.807Z,usb,1,3612849267,146077,37395712,256,8000,32.110
2026-07-23T01:22:13.839Z,usb,1,3612849267,146078,37395968,256,8000,32.110
2026-07-23T01:22:13.871Z,usb,1,3612849267,146079,37396224,256,8000,32.110
2026-07-23T01:22:13.902Z,usb,1,3612849267,146080,37396480,256,8000,32.110
2026-07-23T01:22:13.935Z,usb,1,3612849267,146081,37396736,256,8000,32.110
2026-07-23T01:22:13.967Z,usb,1,3612849267,146082,37396992,256,8000,32.110
2026-07-23T01:22:13.998Z,usb,1,3612849267,146083,37397248,256,8000,32.110
2026-07-23T01:22:14.031Z,usb,1,3612849267,146084,37397504,256,8000,32.110
2026-07-23T01:22:14.063Z,usb,1,3612849267,146085,37397760,256,8000,32.110
2026-07-23T01:22:14.095Z,usb,1,3612849267,146086,37398016,256,8000,32.110
2026-07-23T01:22:14.127Z,usb,1,3612849267,146087,37398272,256,8000,32.110
2026-07-23T01:22:14.159Z,usb,1,3612849267,146088,37398528,256,8000,32.110
2026-07-23T01:22:14.191Z,usb,1,3612849267,146089,37398784,256,8000,32.110
2026-07-23T01:22:14.223Z,usb,1,3612849267,146090,37399040,256,8000,32.110
2026-07-23T01:22:14.255Z,usb,1,3612849267,146091,37399296,256,8000,32.110
2026-07-23T01:22:14.287Z,usb,1,3612849267,146092,37399552,256,8000,32.110
2026-07-23T01:22:14.318Z,usb,1,3612849267,146093,37399808,256,8000,32.110
2026-07-23T01:22:14.351Z,usb,1,3612849267,146094,37400064,256,8000,32.110
2026-07-23T01:22:14.383Z,usb,1,3612849267,146095,37400320,256,8000,32.110
2026-07-23T01:22:14.414Z,usb,1,3612849267,146096,37400576,256,8000,32.110
2026-07-23T01:22:14.447Z,usb,1,3612849267,146097,37400832,256,8000,32.110
2026-07-23T01:22:14.478Z,usb,1,3612849267,146098,37401088,256,8000,32.110
2026-07-23T01:22:14.510Z,usb,1,3612849267,146099,37401344,256,8000,32.110
2026-07-23T01:22:14.542Z,usb,1,3612849267,146100,37401600,256,8000,32.110
2026-07-23T01:22:14.574Z,usb,1,3612849267,146101,37401856,256,8000,32.110
2026-07-23T01:22:14.607Z,usb,1,3612849267,146102,37402112,256,8000,32.110
2026-07-23T01:22:14.638Z,usb,1,3612849267,146103,37402368,256,8000,32.110
2026-07-23T01:22:14.671Z,usb,1,3612849267,146104,37402624,256,8000,32.110
2026-07-23T01:22:14.703Z,usb,1,3612849267,146105,37402880,256,8000,32.110
2026-07-23T01:22:14.735Z,usb,1,3612849267,146106,37403136,256,8000,32.110
2026-07-23T01:22:14.767Z,usb,1,3612849267,146107,37403392,256,8000,32.110
2026-07-23T01:22:14.799Z,usb,1,3612849267,146108,37403648,256,8000,32.110
2026-07-23T01:22:14.830Z,usb,1,3612849267,146109,37403904,256,8000,32.110
2026-07-23T01:22:14.863Z,usb,1,3612849267,146110,37404160,256,8000,32.110
2026-07-23T01:22:14.894Z,usb,1,3612849267,146111,37404416,256,8000,32.110
2026-07-23T01:22:14.926Z,usb,1,3612849267,146112,37404672,256,8000,32.110
2026-07-23T01:22:14.959Z,usb,1,3612849267,146113,37404928,256,8000,32.110
2026-07-23T01:22:14.991Z,usb,1,3612849267,146114,37405184,256,8000,32.110
2026-07-23T01:22:15.023Z,usb,1,3612849267,146115,37405440,256,8000,32.110
2026-07-23T01:22:15.055Z,usb,1,3612849267,146116,37405696,256,8000,32.110
2026-07-23T01:22:15.086Z,usb,1,3612849267,146117,37405952,256,8000,32.110
2026-07-23T01:22:15.118Z,usb,1,3612849267,146118,37406208,256,8000,32.110
2026-07-23T01:22:15.151Z,usb,1,3612849267,146119,37406464,256,8000,32.110
2026-07-23T01:22:15.183Z,usb,1,3612849267,146120,37406720,256,8000,32.110
2026-07-23T01:22:15.215Z,usb,1,3612849267,146121,37406976,256,8000,32.110
2026-07-23T01:22:15.246Z,usb,1,3612849267,146122,37407232,256,8000,32.110
2026-07-23T01:22:15.279Z,usb,1,3612849267,146123,37407488,256,8000,32.110
2026-07-23T01:22:15.311Z,usb,1,3612849267,146124,37407744,256,8000,32.110
2026-07-23T01:22:15.342Z,usb,1,3612849267,146125,37408000,256,8000,32.110
2026-07-23T01:22:15.374Z,usb,1,3612849267,146126,37408256,256,8000,32.110
2026-07-23T01:22:15.406Z,usb,1,3612849267,146127,37408512,256,8000,32.110
2026-07-23T01:22:15.438Z,usb,1,3612849267,146128,37408768,256,8000,32.110
2026-07-23T01:22:15.471Z,usb,1,3612849267,146129,37409024,256,8000,32.110
2026-07-23T01:22:15.503Z,usb,1,3612849267,146130,37409280,256,8000,32.110
2026-07-23T01:22:15.535Z,usb,1,3612849267,146131,37409536,256,8000,32.110
2026-07-23T01:22:15.567Z,usb,1,3612849267,146132,37409792,256,8000,32.110
2026-07-23T01:22:15.599Z,usb,1,3612849267,146133,37410048,256,8000,32.110
2026-07-23T01:22:15.631Z,usb,1,3612849267,146134,37410304,256,8000,32.110
2026-07-23T01:22:15.663Z,usb,1,3612849267,146135,37410560,256,8000,32.110
2026-07-23T01:22:15.695Z,usb,1,3612849267,146136,37410816,256,8000,32.110
2026-07-23T01:22:15.727Z,usb,1,3612849267,146137,37411072,256,8000,32.110
2026-07-23T01:22:15.759Z,usb,1,3612849267,146138,37411328,256,8000,32.110
2026-07-23T01:22:15.791Z,usb,1,3612849267,146139,37411584,256,8000,32.110
2026-07-23T01:22:15.823Z,usb,1,3612849267,146140,37411840,256,8000,32.110
2026-07-23T01:22:15.855Z,usb,1,3612849267,146141,37412096,256,8000,32.110
2026-07-23T01:22:15.887Z,usb,1,3612849267,146142,37412352,256,8000,32.110
2026-07-23T01:22:15.919Z,usb,1,3612849267,146143,37412608,256,8000,32.110
2026-07-23T01:22:15.951Z,usb,1,3612849267,146144,37412864,256,8000,32.110
2026-07-23T01:22:15.983Z,usb,1,3612849267,146145,37413120,256,8000,32.110
2026-07-23T01:22:16.014Z,usb,1,3612849267,146146,37413376,256,8000,32.110
2026-07-23T01:22:16.046Z,usb,1,3612849267,146147,37413632,256,8000,32.110
2026-07-23T01:22:16.079Z,usb,1,3612849267,146148,37413888,256,8000,32.110
2026-07-23T01:22:16.111Z,usb,1,3612849267,146149,37414144,256,8000,32.110
2026-07-23T01:22:16.142Z,usb,1,3612849267,146150,37414400,256,8000,32.110
2026-07-23T01:22:16.175Z,usb,1,3612849267,146151,37414656,256,8000,32.110
2026-07-23T01:22:16.207Z,usb,1,3612849267,146152,37414912,256,8000,32.110
2026-07-23T01:22:16.239Z,usb,1,3612849267,146153,37415168,256,8000,32.110
2026-07-23T01:22:16.271Z,usb,1,3612849267,146154,37415424,256,8000,32.110
2026-07-23T01:22:16.303Z,usb,1,3612849267,146155,37415680,256,8000,32.110
2026-07-23T01:22:16.335Z,usb,1,3612849267,146156,37415936,256,8000,32.110
2026-07-23T01:22:16.367Z,usb,1,3612849267,146157,37416192,256,8000,32.110
2026-07-23T01:22:16.399Z,usb,1,3612849267,146158,37416448,256,8000,32.110
2026-07-23T01:22:16.431Z,usb,1,3612849267,146159,37416704,256,8000,32.110
2026-07-23T01:22:16.463Z,usb,1,3612849267,146160,37416960,256,8000,32.110
2026-07-23T01:22:16.495Z,usb,1,3612849267,146161,37417216,256,8000,32.110
2026-07-23T01:22:16.527Z,usb,1,3612849267,146162,37417472,256,8000,32.110
2026-07-23T01:22:16.559Z,usb,1,3612849267,146163,37417728,256,8000,32.110
2026-07-23T01:22:16.591Z,usb,1,3612849267,146164,37417984,256,8000,32.110
2026-07-23T01:22:16.623Z,usb,1,3612849267,146165,37418240,256,8000,32.110
2026-07-23T01:22:16.654Z,usb,1,3612849267,146166,37418496,256,8000,32.110
2026-07-23T01:22:16.686Z,usb,1,3612849267,146167,37418752,256,8000,32.110
2026-07-23T01:22:16.719Z,usb,1,3612849267,146168,37419008,256,8000,32.110
2026-07-23T01:22:16.750Z,usb,1,3612849267,146169,37419264,256,8000,32.110
2026-07-23T01:22:16.783Z,usb,1,3612849267,146170,37419520,256,8000,32.110
2026-07-23T01:22:16.815Z,usb,1,3612849267,146171,37419776,256,8000,32.110
2026-07-23T01:22:16.846Z,usb,1,3612849267,146172,37420032,256,8000,32.110
2026-07-23T01:22:16.879Z,usb,1,3612849267,146173,37420288,256,8000,32.110
2026-07-23T01:22:16.911Z,usb,1,3612849267,146174,37420544,256,8000,32.110
2026-07-23T01:22:16.942Z,usb,1,3612849267,146175,37420800,256,8000,32.110
2026-07-23T01:22:16.975Z,usb,1,3612849267,146176,37421056,256,8000,32.110
2026-07-23T01:22:17.007Z,usb,1,3612849267,146177,37421312,256,8000,32.110
2026-07-23T01:22:17.038Z,usb,1,3612849267,146178,37421568,256,8000,32.110
2026-07-23T01:22:17.071Z,usb,1,3612849267,146179,37421824,256,8000,32.110
2026-07-23T01:22:17.103Z,usb,1,3612849267,146180,37422080,256,8000,32.120
2026-07-23T01:22:17.135Z,usb,1,3612849267,146181,37422336,256,8000,32.120
2026-07-23T01:22:17.167Z,usb,1,3612849267,146182,37422592,256,8000,32.120
2026-07-23T01:22:17.199Z,usb,1,3612849267,146183,37422848,256,8000,32.120
2026-07-23T01:22:17.230Z,usb,1,3612849267,146184,37423104,256,8000,32.120
2026-07-23T01:22:17.262Z,usb,1,3612849267,146185,37423360,256,8000,32.120
2026-07-23T01:22:17.295Z,usb,1,3612849267,146186,37423616,256,8000,32.120
2026-07-23T01:22:17.327Z,usb,1,3612849267,146187,37423872,256,8000,32.120
2026-07-23T01:22:17.359Z,usb,1,3612849267,146188,37424128,256,8000,32.120
2026-07-23T01:22:17.390Z,usb,1,3612849267,146189,37424384,256,8000,32.120
2026-07-23T01:22:17.423Z,usb,1,3612849267,146190,37424640,256,8000,32.120
2026-07-23T01:22:17.455Z,usb,1,3612849267,146191,37424896,256,8000,32.120
2026-07-23T01:22:17.487Z,usb,1,3612849267,146192,37425152,256,8000,32.120
2026-07-23T01:22:17.519Z,usb,1,3612849267,146193,37425408,256,8000,32.120
2026-07-23T01:22:17.551Z,usb,1,3612849267,146194,37425664,256,8000,32.120
2026-07-23T01:22:17.582Z,usb,1,3612849267,146195,37425920,256,8000,32.120
2026-07-23T01:22:17.615Z,usb,1,3612849267,146196,37426176,256,8000,32.120
2026-07-23T01:22:17.646Z,usb,1,3612849267,146197,37426432,256,8000,32.120
2026-07-23T01:22:17.679Z,usb,1,3612849267,146198,37426688,256,8000,32.120
2026-07-23T01:22:17.711Z,usb,1,3612849267,146199,37426944,256,8000,32.120
2026-07-23T01:22:17.743Z,usb,1,3612849267,146200,37427200,256,8000,32.120
2026-07-23T01:22:17.774Z,usb,1,3612849267,146201,37427456,256,8000,32.120
2026-07-23T01:22:17.806Z,usb,1,3612849267,146202,37427712,256,8000,32.120
2026-07-23T01:22:17.838Z,usb,1,3612849267,146203,37427968,256,8000,32.120
2026-07-23T01:22:17.870Z,usb,1,3612849267,146204,37428224,256,8000,32.120
2026-07-23T01:22:17.902Z,usb,1,3612849267,146205,37428480,256,8000,32.120
2026-07-23T01:22:17.934Z,usb,1,3612849267,146206,37428736,256,8000,32.120
2026-07-23T01:22:17.967Z,usb,1,3612849267,146207,37428992,256,8000,32.120
2026-07-23T01:22:17.998Z,usb,1,3612849267,146208,37429248,256,8000,32.120
2026-07-23T01:22:18.030Z,usb,1,3612849267,146209,37429504,256,8000,32.120
2026-07-23T01:22:18.063Z,usb,1,3612849267,146210,37429760,256,8000,32.120
2026-07-23T01:22:18.094Z,usb,1,3612849267,146211,37430016,256,8000,32.120
2026-07-23T01:22:18.127Z,usb,1,3612849267,146212,37430272,256,8000,32.120
2026-07-23T01:22:18.159Z,usb,1,3612849267,146213,37430528,256,8000,32.120
2026-07-23T01:22:18.191Z,usb,1,3612849267,146214,37430784,256,8000,32.120
2026-07-23T01:22:18.223Z,usb,1,3612849267,146215,37431040,256,8000,32.120
2026-07-23T01:22:18.255Z,usb,1,3612849267,146216,37431296,256,8000,32.120
2026-07-23T01:22:18.286Z,usb,1,3612849267,146217,37431552,256,8000,32.120
2026-07-23T01:22:18.318Z,usb,1,3612849267,146218,37431808,256,8000,32.120
2026-07-23T01:22:18.351Z,usb,1,3612849267,146219,37432064,256,8000,32.120
2026-07-23T01:22:18.383Z,usb,1,3612849267,146220,37432320,256,8000,32.120
2026-07-23T01:22:18.415Z,usb,1,3612849267,146221,37432576,256,8000,32.120
2026-07-23T01:22:18.447Z,usb,1,3612849267,146222,37432832,256,8000,32.120
2026-07-23T01:22:18.479Z,usb,1,3612849267,146223,37433088,256,8000,32.120
2026-07-23T01:22:18.511Z,usb,1,3612849267,146224,37433344,256,8000,32.120
2026-07-23T01:22:18.542Z,usb,1,3612849267,146225,37433600,256,8000,32.120
2026-07-23T01:22:18.575Z,usb,1,3612849267,146226,37433856,256,8000,32.120
2026-07-23T01:22:18.607Z,usb,1,3612849267,146227,37434112,256,8000,32.120
2026-07-23T01:22:18.639Z,usb,1,3612849267,146228,37434368,256,8000,32.120
2026-07-23T01:22:18.671Z,usb,1,3612849267,146229,37434624,256,8000,32.120
2026-07-23T01:22:18.703Z,usb,1,3612849267,146230,37434880,256,8000,32.120
2026-07-23T01:22:18.734Z,usb,1,3612849267,146231,37435136,256,8000,32.120
2026-07-23T01:22:18.766Z,usb,1,3612849267,146232,37435392,256,8000,32.120
2026-07-23T01:22:18.798Z,usb,1,3612849267,146233,37435648,256,8000,32.120
2026-07-23T01:22:18.831Z,usb,1,3612849267,146234,37435904,256,8000,32.120
2026-07-23T01:22:18.862Z,usb,1,3612849267,146235,37436160,256,8000,32.120
2026-07-23T01:22:18.895Z,usb,1,3612849267,146236,37436416,256,8000,32.120
2026-07-23T01:22:18.927Z,usb,1,3612849267,146237,37436672,256,8000,32.120
2026-07-23T01:22:18.959Z,usb,1,3612849267,146238,37436928,256,8000,32.120
2026-07-23T01:22:18.990Z,usb,1,3612849267,146239,37437184,256,8000,32.120
2026-07-23T01:22:19.023Z,usb,1,3612849267,146240,37437440,256,8000,32.120
2026-07-23T01:22:19.055Z,usb,1,3612849267,146241,37437696,256,8000,32.120
2026-07-23T01:22:19.087Z,usb,1,3612849267,146242,37437952,256,8000,32.120
2026-07-23T01:22:19.119Z,usb,1,3612849267,146243,37438208,256,8000,32.120
2026-07-23T01:22:19.151Z,usb,1,3612849267,146244,37438464,256,8000,32.120
2026-07-23T01:22:19.183Z,usb,1,3612849267,146245,37438720,256,8000,32.120
2026-07-23T01:22:19.215Z,usb,1,3612849267,146246,37438976,256,8000,32.120
2026-07-23T01:22:19.246Z,usb,1,3612849267,146247,37439232,256,8000,32.120
2026-07-23T01:22:19.279Z,usb,1,3612849267,146248,37439488,256,8000,32.120
2026-07-23T01:22:19.311Z,usb,1,3612849267,146249,37439744,256,8000,32.120
2026-07-23T01:22:19.343Z,usb,1,3612849267,146250,37440000,256,8000,32.120
2026-07-23T01:22:19.375Z,usb,1,3612849267,146251,37440256,256,8000,32.120
2026-07-23T01:22:19.406Z,usb,1,3612849267,146252,37440512,256,8000,32.120
2026-07-23T01:22:19.438Z,usb,1,3612849267,146253,37440768,256,8000,32.120
2026-07-23T01:22:19.471Z,usb,1,3612849267,146254,37441024,256,8000,32.120
2026-07-23T01:22:19.503Z,usb,1,3612849267,146255,37441280,256,8000,32.120
2026-07-23T01:22:19.534Z,usb,1,3612849267,146256,37441536,256,8000,32.120
2026-07-23T01:22:19.566Z,usb,1,3612849267,146257,37441792,256,8000,32.120
2026-07-23T01:22:19.599Z,usb,1,3612849267,146258,37442048,256,8000,32.120
2026-07-23T01:22:19.631Z,usb,1,3612849267,146259,37442304,256,8000,32.120
2026-07-23T01:22:19.663Z,usb,1,3612849267,146260,37442560,256,8000,32.120
2026-07-23T01:22:19.694Z,usb,1,3612849267,146261,37442816,256,8000,32.120
2026-07-23T01:22:19.727Z,usb,1,3612849267,146262,37443072,256,8000,32.120
2026-07-23T01:22:19.758Z,usb,1,3612849267,146263,37443328,256,8000,32.120
2026-07-23T01:22:19.792Z,usb,1,3612849267,146264,37443584,256,8000,32.120
2026-07-23T01:22:19.823Z,usb,1,3612849267,146265,37443840,256,8000,32.120
2026-07-23T01:22:19.855Z,usb,1,3612849267,146266,37444096,256,8000,32.120
2026-07-23T01:22:19.887Z,usb,1,3612849267,146267,37444352,256,8000,32.120
2026-07-23T01:22:19.918Z,usb,1,3612849267,146268,37444608,256,8000,32.120
2026-07-23T01:22:19.951Z,usb,1,3612849267,146269,37444864,256,8000,32.120
2026-07-23T01:22:19.982Z,usb,1,3612849267,146270,37445120,256,8000,32.120
2026-07-23T01:22:20.015Z,usb,1,3612849267,146271,37445376,256,8000,32.120
2026-07-23T01:22:20.047Z,usb,1,3612849267,146272,37445632,256,8000,32.120
2026-07-23T01:22:20.078Z,usb,1,3612849267,146273,37445888,256,8000,32.120
2026-07-23T01:22:20.110Z,usb,1,3612849267,146274,37446144,256,8000,32.120
2026-07-23T01:22:20.142Z,usb,1,3612849267,146275,37446400,256,8000,32.120
2026-07-23T01:22:20.176Z,usb,1,3612849267,146276,37446656,256,8000,32.120
2026-07-23T01:22:20.206Z,usb,1,3612849267,146277,37446912,256,8000,32.120
2026-07-23T01:22:20.239Z,usb,1,3612849267,146278,37447168,256,8000,32.120
2026-07-23T01:22:20.271Z,usb,1,3612849267,146279,37447424,256,8000,32.120
2026-07-23T01:22:20.303Z,usb,1,3612849267,146280,37447680,256,8000,32.120
2026-07-23T01:22:20.335Z,usb,1,3612849267,146281,37447936,256,8000,32.120
2026-07-23T01:22:20.366Z,usb,1,3612849267,146282,37448192,256,8000,32.120
2026-07-23T01:22:20.400Z,usb,1,3612849267,146283,37448448,256,8000,32.120
2026-07-23T01:22:20.431Z,usb,1,3612849267,146284,37448704,256,8000,32.120
2026-07-23T01:22:20.462Z,usb,1,3612849267,146285,37448960,256,8000,32.120
2026-07-23T01:22:20.494Z,usb,1,3612849267,146286,37449216,256,8000,32.120
2026-07-23T01:22:20.526Z,usb,1,3612849267,146287,37449472,256,8000,32.120
2026-07-23T01:22:20.559Z,usb,1,3612849267,146288,37449728,256,8000,32.120
2026-07-23T01:22:20.590Z,usb,1,3612849267,146289,37449984,256,8000,32.120
2026-07-23T01:22:20.622Z,usb,1,3612849267,146290,37450240,256,8000,32.120
2026-07-23T01:22:20.655Z,usb,1,3612849267,146291,37450496,256,8000,32.120
2026-07-23T01:22:20.686Z,usb,1,3612849267,146292,37450752,256,8000,32.120
2026-07-23T01:22:20.718Z,usb,1,3612849267,146293,37451008,256,8000,32.120
2026-07-23T01:22:20.751Z,usb,1,3612849267,146294,37451264,256,8000,32.120
2026-07-23T01:22:20.783Z,usb,1,3612849267,146295,37451520,256,8000,32.120
2026-07-23T01:22:20.815Z,usb,1,3612849267,146296,37451776,256,8000,32.120
2026-07-23T01:22:20.847Z,usb,1,3612849267,146297,37452032,256,8000,32.120
2026-07-23T01:22:20.879Z,usb,1,3612849267,146298,37452288,256,8000,32.120
2026-07-23T01:22:20.911Z,usb,1,3612849267,146299,37452544,256,8000,32.120
2026-07-23T01:22:20.942Z,usb,1,3612849267,146300,37452800,256,8000,32.120
2026-07-23T01:22:20.974Z,usb,1,3612849267,146301,37453056,256,8000,32.120
2026-07-23T01:22:21.007Z,usb,1,3612849267,146302,37453312,256,8000,32.120
2026-07-23T01:22:21.039Z,usb,1,3612849267,146303,37453568,256,8000,32.120
2026-07-23T01:22:21.071Z,usb,1,3612849267,146304,37453824,256,8000,32.120
2026-07-23T01:22:21.103Z,usb,1,3612849267,146305,37454080,256,8000,32.120
2026-07-23T01:22:21.134Z,usb,1,3612849267,146306,37454336,256,8000,32.120
2026-07-23T01:22:21.167Z,usb,1,3612849267,146307,37454592,256,8000,32.120
2026-07-23T01:22:21.199Z,usb,1,3612849267,146308,37454848,256,8000,32.120
2026-07-23T01:22:21.231Z,usb,1,3612849267,146309,37455104,256,8000,32.120
2026-07-23T01:22:21.263Z,usb,1,3612849267,146310,37455360,256,8000,32.120
2026-07-23T01:22:21.295Z,usb,1,3612849267,146311,37455616,256,8000,32.120
2026-07-23T01:22:21.327Z,usb,1,3612849267,146312,37455872,256,8000,32.120
2026-07-23T01:22:21.358Z,usb,1,3612849267,146313,37456128,256,8000,32.120
2026-07-23T01:22:21.391Z,usb,1,3612849267,146314,37456384,256,8000,32.120
2026-07-23T01:22:21.422Z,usb,1,3612849267,146315,37456640,256,8000,32.120
2026-07-23T01:22:21.454Z,usb,1,3612849267,146316,37456896,256,8000,32.120
2026-07-23T01:22:21.486Z,usb,1,3612849267,146317,37457152,256,8000,32.120
2026-07-23T01:22:21.518Z,usb,1,3612849267,146318,37457408,256,8000,32.120
2026-07-23T01:22:21.551Z,usb,1,3612849267,146319,37457664,256,8000,32.120
2026-07-23T01:22:21.583Z,usb,1,3612849267,146320,37457920,256,8000,32.120
2026-07-23T01:22:21.615Z,usb,1,3612849267,146321,37458176,256,8000,32.120
2026-07-23T01:22:21.647Z,usb,1,3612849267,146322,37458432,256,8000,32.120
2026-07-23T01:22:21.678Z,usb,1,3612849267,146323,37458688,256,8000,32.120
2026-07-23T01:22:21.711Z,usb,1,3612849267,146324,37458944,256,8000,32.120
2026-07-23T01:22:21.743Z,usb,1,3612849267,146325,37459200,256,8000,32.120
2026-07-23T01:22:21.774Z,usb,1,3612849267,146326,37459456,256,8000,32.120
2026-07-23T01:22:21.806Z,usb,1,3612849267,146327,37459712,256,8000,32.120
2026-07-23T01:22:21.838Z,usb,1,3612849267,146328,37459968,256,8000,32.120
2026-07-23T01:22:21.871Z,usb,1,3612849267,146329,37460224,256,8000,32.120
2026-07-23T01:22:21.903Z,usb,1,3612849267,146330,37460480,256,8000,32.120
2026-07-23T01:22:21.934Z,usb,1,3612849267,146331,37460736,256,8000,32.120
2026-07-23T01:22:21.966Z,usb,1,3612849267,146332,37460992,256,8000,32.120
2026-07-23T01:22:21.999Z,usb,1,3612849267,146333,37461248,256,8000,32.120
2026-07-23T01:22:22.031Z,usb,1,3612849267,146334,37461504,256,8000,32.120
2026-07-23T01:22:22.062Z,usb,1,3612849267,146335,37461760,256,8000,32.120
2026-07-23T01:22:22.094Z,usb,1,3612849267,146336,37462016,256,8000,32.120
2026-07-23T01:22:22.127Z,usb,1,3612849267,146337,37462272,256,8000,32.120
2026-07-23T01:22:22.158Z,usb,1,3612849267,146338,37462528,256,8000,32.120
2026-07-23T01:22:22.191Z,usb,1,3612849267,146339,37462784,256,8000,32.120
2026-07-23T01:22:22.223Z,usb,1,3612849267,146340,37463040,256,8000,32.120
2026-07-23T01:22:22.255Z,usb,1,3612849267,146341,37463296,256,8000,32.120
2026-07-23T01:22:22.287Z,usb,1,3612849267,146342,37463552,256,8000,32.120
2026-07-23T01:22:22.319Z,usb,1,3612849267,146343,37463808,256,8000,32.120
2026-07-23T01:22:22.350Z,usb,1,3612849267,146344,37464064,256,8000,32.120
2026-07-23T01:22:22.382Z,usb,1,3612849267,146345,37464320,256,8000,32.120
2026-07-23T01:22:22.415Z,usb,1,3612849267,146346,37464576,256,8000,32.120
2026-07-23T01:22:22.447Z,usb,1,3612849267,146347,37464832,256,8000,32.120
2026-07-23T01:22:22.479Z,usb,1,3612849267,146348,37465088,256,8000,32.120
2026-07-23T01:22:22.511Z,usb,1,3612849267,146349,37465344,256,8000,32.120
2026-07-23T01:22:22.543Z,usb,1,3612849267,146350,37465600,256,8000,32.120
2026-07-23T01:22:22.575Z,usb,1,3612849267,146351,37465856,256,8000,32.120
2026-07-23T01:22:22.606Z,usb,1,3612849267,146352,37466112,256,8000,32.120
2026-07-23T01:22:22.639Z,usb,1,3612849267,146353,37466368,256,8000,32.120
2026-07-23T01:22:22.671Z,usb,1,3612849267,146354,37466624,256,8000,32.120
2026-07-23T01:22:22.703Z,usb,1,3612849267,146355,37466880,256,8000,32.120
2026-07-23T01:22:22.735Z,usb,1,3612849267,146356,37467136,256,8000,32.120
2026-07-23T01:22:22.767Z,usb,1,3612849267,146357,37467392,256,8000,32.120
2026-07-23T01:22:22.798Z,usb,1,3612849267,146358,37467648,256,8000,32.120
2026-07-23T01:22:22.831Z,usb,1,3612849267,146359,37467904,256,8000,32.120
2026-07-23T01:22:22.862Z,usb,1,3612849267,146360,37468160,256,8000,32.120
2026-07-23T01:22:22.895Z,usb,1,3612849267,146361,37468416,256,8000,32.120
2026-07-23T01:22:22.927Z,usb,1,3612849267,146362,37468672,256,8000,32.120
2026-07-23T01:22:22.958Z,usb,1,3612849267,146363,37468928,256,8000,32.120
2026-07-23T01:22:22.990Z,usb,1,3612849267,146364,37469184,256,8000,32.120
2026-07-23T01:22:23.023Z,usb,1,3612849267,146365,37469440,256,8000,32.120
2026-07-23T01:22:23.054Z,usb,1,3612849267,146366,37469696,256,8000,32.120
2026-07-23T01:22:23.086Z,usb,1,3612849267,146367,37469952,256,8000,32.120
2026-07-23T01:22:23.119Z,usb,1,3612849267,146368,37470208,256,8000,32.120
2026-07-23T01:22:23.151Z,usb,1,3612849267,146369,37470464,256,8000,32.120
2026-07-23T01:22:23.183Z,usb,1,3612849267,146370,37470720,256,8000,32.120
2026-07-23T01:22:23.215Z,usb,1,3612849267,146371,37470976,256,8000,32.120
2026-07-23T01:22:23.247Z,usb,1,3612849267,146372,37471232,256,8000,32.120
2026-07-23T01:22:23.279Z,usb,1,3612849267,146373,37471488,256,8000,32.120
2026-07-23T01:22:23.311Z,usb,1,3612849267,146374,37471744,256,8000,32.120
2026-07-23T01:22:23.343Z,usb,1,3612849267,146375,37472000,256,8000,32.120
2026-07-23T01:22:23.375Z,usb,1,3612849267,146376,37472256,256,8000,32.120
2026-07-23T01:22:23.406Z,usb,1,3612849267,146377,37472512,256,8000,32.120
2026-07-23T01:22:23.439Z,usb,1,3612849267,146378,37472768,256,8000,32.120
2026-07-23T01:22:23.470Z,usb,1,3612849267,146379,37473024,256,8000,32.120
2026-07-23T01:22:23.502Z,usb,1,3612849267,146380,37473280,256,8000,32.120
2026-07-23T01:22:23.534Z,usb,1,3612849267,146381,37473536,256,8000,32.120
2026-07-23T01:22:23.567Z,usb,1,3612849267,146382,37473792,256,8000,32.120
2026-07-23T01:22:23.598Z,usb,1,3612849267,146383,37474048,256,8000,32.120
2026-07-23T01:22:23.630Z,usb,1,3612849267,146384,37474304,256,8000,32.120
2026-07-23T01:22:23.663Z,usb,1,3612849267,146385,37474560,256,8000,32.120
2026-07-23T01:22:23.695Z,usb,1,3612849267,146386,37474816,256,8000,32.120
2026-07-23T01:22:23.727Z,usb,1,3612849267,146387,37475072,256,8000,32.120
2026-07-23T01:22:23.759Z,usb,1,3612849267,146388,37475328,256,8000,32.120
2026-07-23T01:22:23.791Z,usb,1,3612849267,146389,37475584,256,8000,32.120
2026-07-23T01:22:23.823Z,usb,1,3612849267,146390,37475840,256,8000,32.120
2026-07-23T01:22:23.855Z,usb,1,3612849267,146391,37476096,256,8000,32.120
2026-07-23T01:22:23.886Z,usb,1,3612849267,146392,37476352,256,8000,32.120
2026-07-23T01:22:23.918Z,usb,1,3612849267,146393,37476608,256,8000,32.120
2026-07-23T01:22:23.951Z,usb,1,3612849267,146394,37476864,256,8000,32.120
2026-07-23T01:22:23.983Z,usb,1,3612849267,146395,37477120,256,8000,32.120
2026-07-23T01:22:24.014Z,usb,1,3612849267,146396,37477376,256,8000,32.120
2026-07-23T01:22:24.047Z,usb,1,3612849267,146397,37477632,256,8000,32.120
2026-07-23T01:22:24.079Z,usb,1,3612849267,146398,37477888,256,8000,32.120
2026-07-23T01:22:24.111Z,usb,1,3612849267,146399,37478144,256,8000,32.120
2026-07-23T01:22:24.143Z,usb,1,3612849267,146400,37478400,256,8000,32.120
2026-07-23T01:22:24.175Z,usb,1,3612849267,146401,37478656,256,8000,32.120
2026-07-23T01:22:24.207Z,usb,1,3612849267,146402,37478912,256,8000,32.120
2026-07-23T01:22:24.238Z,usb,1,3612849267,146403,37479168,256,8000,32.120
2026-07-23T01:22:24.271Z,usb,1,3612849267,146404,37479424,256,8000,32.120
2026-07-23T01:22:24.303Z,usb,1,3612849267,146405,37479680,256,8000,32.120
2026-07-23T01:22:24.335Z,usb,1,3612849267,146406,37479936,256,8000,32.120
2026-07-23T01:22:24.367Z,usb,1,3612849267,146407,37480192,256,8000,32.120
2026-07-23T01:22:24.398Z,usb,1,3612849267,146408,37480448,256,8000,32.120
2026-07-23T01:22:24.430Z,usb,1,3612849267,146409,37480704,256,8000,32.120
2026-07-23T01:22:24.462Z,usb,1,3612849267,146410,37480960,256,8000,32.120
2026-07-23T01:22:24.494Z,usb,1,3612849267,146411,37481216,256,8000,32.120
2026-07-23T01:22:24.526Z,usb,1,3612849267,146412,37481472,256,8000,32.120
2026-07-23T01:22:24.559Z,usb,1,3612849267,146413,37481728,256,8000,32.120
2026-07-23T01:22:24.590Z,usb,1,3612849267,146414,37481984,256,8000,32.120
2026-07-23T01:22:24.622Z,usb,1,3612849267,146415,37482240,256,8000,32.120
2026-07-23T01:22:24.654Z,usb,1,3612849267,146416,37482496,256,8000,32.120
2026-07-23T01:22:24.686Z,usb,1,3612849267,146417,37482752,256,8000,32.120
2026-07-23T01:22:24.718Z,usb,1,3612849267,146418,37483008,256,8000,32.120
2026-07-23T01:22:24.750Z,usb,1,3612849267,146419,37483264,256,8000,32.120
2026-07-23T01:22:24.782Z,usb,1,3612849267,146420,37483520,256,8000,32.120
2026-07-23T01:22:24.814Z,usb,1,3612849267,146421,37483776,256,8000,32.120
2026-07-23T01:22:24.847Z,usb,1,3612849267,146422,37484032,256,8000,32.120
2026-07-23T01:22:24.878Z,usb,1,3612849267,146423,37484288,256,8000,32.120
2026-07-23T01:22:24.911Z,usb,1,3612849267,146424,37484544,256,8000,32.120
2026-07-23T01:22:24.942Z,usb,1,3612849267,146425,37484800,256,8000,32.120
2026-07-23T01:22:24.975Z,usb,1,3612849267,146426,37485056,256,8000,32.120
2026-07-23T01:22:25.006Z,usb,1,3612849267,146427,37485312,256,8000,32.120
2026-07-23T01:22:25.039Z,usb,1,3612849267,146428,37485568,256,8000,32.120
2026-07-23T01:22:25.071Z,usb,1,3612849267,146429,37485824,256,8000,32.120
2026-07-23T01:22:25.102Z,usb,1,3612849267,146430,37486080,256,8000,32.120
2026-07-23T01:22:25.134Z,usb,1,3612849267,146431,37486336,256,8000,32.120
2026-07-23T01:22:25.167Z,usb,1,3612849267,146432,37486592,256,8000,32.120
2026-07-23T01:22:25.199Z,usb,1,3612849267,146433,37486848,256,8000,32.120
2026-07-23T01:22:25.231Z,usb,1,3612849267,146434,37487104,256,8000,32.120
2026-07-23T01:22:25.263Z,usb,1,3612849267,146435,37487360,256,8000,32.120
2026-07-23T01:22:25.295Z,usb,1,3612849267,146436,37487616,256,8000,32.120
2026-07-23T01:22:25.327Z,usb,1,3612849267,146437,37487872,256,8000,32.120
2026-07-23T01:22:25.359Z,usb,1,3612849267,146438,37488128,256,8000,32.120
2026-07-23T01:22:25.391Z,usb,1,3612849267,146439,37488384,256,8000,32.120
2026-07-23T01:22:25.423Z,usb,1,3612849267,146440,37488640,256,8000,32.120
2026-07-23T01:22:25.455Z,usb,1,3612849267,146441,37488896,256,8000,32.120
2026-07-23T01:22:25.487Z,usb,1,3612849267,146442,37489152,256,8000,32.120
2026-07-23T01:22:25.519Z,usb,1,3612849267,146443,37489408,256,8000,32.120
2026-07-23T01:22:25.551Z,usb,1,3612849267,146444,37489664,256,8000,32.120
2026-07-23T01:22:25.583Z,usb,1,3612849267,146445,37489920,256,8000,32.120
2026-07-23T01:22:25.615Z,usb,1,3612849267,146446,37490176,256,8000,32.120
2026-07-23T01:22:25.647Z,usb,1,3612849267,146447,37490432,256,8000,32.120
2026-07-23T01:22:25.678Z,usb,1,3612849267,146448,37490688,256,8000,32.120
2026-07-23T01:22:25.711Z,usb,1,3612849267,146449,37490944,256,8000,32.120
2026-07-23T01:22:25.743Z,usb,1,3612849267,146450,37491200,256,8000,32.120
2026-07-23T01:22:25.775Z,usb,1,3612849267,146451,37491456,256,8000,32.120
2026-07-23T01:22:25.807Z,usb,1,3612849267,146452,37491712,256,8000,32.120
2026-07-23T01:22:25.839Z,usb,1,3612849267,146453,37491968,256,8000,32.120
2026-07-23T01:22:25.870Z,usb,1,3612849267,146454,37492224,256,8000,32.120
2026-07-23T01:22:25.902Z,usb,1,3612849267,146455,37492480,256,8000,32.120
2026-07-23T01:22:25.934Z,usb,1,3612849267,146456,37492736,256,8000,32.120
2026-07-23T01:22:25.966Z,usb,1,3612849267,146457,37492992,256,8000,32.120
2026-07-23T01:22:25.998Z,usb,1,3612849267,146458,37493248,256,8000,32.120
2026-07-23T01:22:26.030Z,usb,1,3612849267,146459,37493504,256,8000,32.120
2026-07-23T01:22:26.062Z,usb,1,3612849267,146460,37493760,256,8000,32.120
2026-07-23T01:22:26.095Z,usb,1,3612849267,146461,37494016,256,8000,32.120
2026-07-23T01:22:26.127Z,usb,1,3612849267,146462,37494272,256,8000,32.120
2026-07-23T01:22:26.159Z,usb,1,3612849267,146463,37494528,256,8000,32.120
2026-07-23T01:22:26.191Z,usb,1,3612849267,146464,37494784,256,8000,32.120
2026-07-23T01:22:26.223Z,usb,1,3612849267,146465,37495040,256,8000,32.120
2026-07-23T01:22:26.255Z,usb,1,3612849267,146466,37495296,256,8000,32.120
2026-07-23T01:22:26.287Z,usb,1,3612849267,146467,37495552,256,8000,32.120
2026-07-23T01:22:26.319Z,usb,1,3612849267,146468,37495808,256,8000,32.120
2026-07-23T01:22:26.351Z,usb,1,3612849267,146469,37496064,256,8000,32.120
2026-07-23T01:22:26.383Z,usb,1,3612849267,146470,37496320,256,8000,32.120
2026-07-23T01:22:26.414Z,usb,1,3612849267,146471,37496576,256,8000,32.120
2026-07-23T01:22:26.446Z,usb,1,3612849267,146472,37496832,256,8000,32.120
2026-07-23T01:22:26.479Z,usb,1,3612849267,146473,37497088,256,8000,32.120
2026-07-23T01:22:26.510Z,usb,1,3612849267,146474,37497344,256,8000,32.120
2026-07-23T01:22:26.542Z,usb,1,3612849267,146475,37497600,256,8000,32.120
2026-07-23T01:22:26.575Z,usb,1,3612849267,146476,37497856,256,8000,32.120
2026-07-23T01:22:26.607Z,usb,1,3612849267,146477,37498112,256,8000,32.120
2026-07-23T01:22:26.638Z,usb,1,3612849267,146478,37498368,256,8000,32.120
2026-07-23T01:22:26.671Z,usb,1,3612849267,146479,37498624,256,8000,32.120
2026-07-23T01:22:26.703Z,usb,1,3612849267,146480,37498880,256,8000,32.120
2026-07-23T01:22:26.735Z,usb,1,3612849267,146481,37499136,256,8000,32.120
2026-07-23T01:22:26.766Z,usb,1,3612849267,146482,37499392,256,8000,32.120
2026-07-23T01:22:26.799Z,usb,1,3612849267,146483,37499648,256,8000,32.120
2026-07-23T01:22:26.830Z,usb,1,3612849267,146484,37499904,256,8000,32.120
2026-07-23T01:22:26.862Z,usb,1,3612849267,146485,37500160,256,8000,32.120
2026-07-23T01:22:26.894Z,usb,1,3612849267,146486,37500416,256,8000,32.120
2026-07-23T01:22:26.927Z,usb,1,3612849267,146487,37500672,256,8000,32.120
2026-07-23T01:22:26.959Z,usb,1,3612849267,146488,37500928,256,8000,32.120
2026-07-23T01:22:26.991Z,usb,1,3612849267,146489,37501184,256,8000,32.120
2026-07-23T01:22:27.023Z,usb,1,3612849267,146490,37501440,256,8000,32.120
2026-07-23T01:22:27.054Z,usb,1,3612849267,146491,37501696,256,8000,32.120
2026-07-23T01:22:27.086Z,usb,1,3612849267,146492,37501952,256,8000,32.120
2026-07-23T01:22:27.118Z,usb,1,3612849267,146493,37502208,256,8000,32.120
2026-07-23T01:22:27.151Z,usb,1,3612849267,146494,37502464,256,8000,32.120
2026-07-23T01:22:27.183Z,usb,1,3612849267,146495,37502720,256,8000,32.120
2026-07-23T01:22:27.215Z,usb,1,3612849267,146496,37502976,256,8000,32.120
2026-07-23T01:22:27.247Z,usb,1,3612849267,146497,37503232,256,8000,32.120
2026-07-23T01:22:27.279Z,usb,1,3612849267,146498,37503488,256,8000,32.120
2026-07-23T01:22:27.311Z,usb,1,3612849267,146499,37503744,256,8000,32.120
2026-07-23T01:22:27.343Z,usb,1,3612849267,146500,37504000,256,8000,32.120
2026-07-23T01:22:27.374Z,usb,1,3612849267,146501,37504256,256,8000,32.120
2026-07-23T01:22:27.407Z,usb,1,3612849267,146502,37504512,256,8000,32.120
2026-07-23T01:22:27.439Z,usb,1,3612849267,146503,37504768,256,8000,32.120
2026-07-23T01:22:27.470Z,usb,1,3612849267,146504,37505024,256,8000,32.120
2026-07-23T01:22:27.502Z,usb,1,3612849267,146505,37505280,256,8000,32.120
2026-07-23T01:22:27.534Z,usb,1,3612849267,146506,37505536,256,8000,32.120
2026-07-23T01:22:27.566Z,usb,1,3612849267,146507,37505792,256,8000,32.120
2026-07-23T01:22:27.598Z,usb,1,3612849267,146508,37506048,256,8000,32.120
2026-07-23T01:22:27.630Z,usb,1,3612849267,146509,37506304,256,8000,32.120
2026-07-23T01:22:27.662Z,usb,1,3612849267,146510,37506560,256,8000,32.120
2026-07-23T01:22:27.695Z,usb,1,3612849267,146511,37506816,256,8000,32.120
2026-07-23T01:22:27.726Z,usb,1,3612849267,146512,37507072,256,8000,32.120
2026-07-23T01:22:27.758Z,usb,1,3612849267,146513,37507328,256,8000,32.120
2026-07-23T01:22:27.790Z,usb,1,3612849267,146514,37507584,256,8000,32.120
2026-07-23T01:22:27.822Z,usb,1,3612849267,146515,37507840,256,8000,32.120
2026-07-23T01:22:27.854Z,usb,1,3612849267,146516,37508096,256,8000,32.120
2026-07-23T01:22:27.887Z,usb,1,3612849267,146517,37508352,256,8000,32.120
2026-07-23T01:22:27.918Z,usb,1,3612849267,146518,37508608,256,8000,32.120
2026-07-23T01:22:27.950Z,usb,1,3612849267,146519,37508864,256,8000,32.120
2026-07-23T01:22:27.982Z,usb,1,3612849267,146520,37509120,256,8000,32.120
2026-07-23T01:22:28.014Z,usb,1,3612849267,146521,37509376,256,8000,32.120
2026-07-23T01:22:28.046Z,usb,1,3612849267,146522,37509632,256,8000,32.120
2026-07-23T01:22:28.078Z,usb,1,3612849267,146523,37509888,256,8000,32.120
2026-07-23T01:22:28.111Z,usb,1,3612849267,146524,37510144,256,8000,32.120
2026-07-23T01:22:28.142Z,usb,1,3612849267,146525,37510400,256,8000,32.120
2026-07-23T01:22:28.175Z,usb,1,3612849267,146526,37510656,256,8000,32.120
2026-07-23T01:22:28.210Z,usb,1,3612849267,146527,37510912,256,8000,32.120
2026-07-23T01:22:28.239Z,usb,1,3612849267,146528,37511168,256,8000,32.120
2026-07-23T01:22:28.271Z,usb,1,3612849267,146529,37511424,256,8000,32.120
2026-07-23T01:22:28.302Z,usb,1,3612849267,146530,37511680,256,8000,32.120
2026-07-23T01:22:28.335Z,usb,1,3612849267,146531,37511936,256,8000,32.120
2026-07-23T01:22:28.367Z,usb,1,3612849267,146532,37512192,256,8000,32.120
2026-07-23T01:22:28.398Z,usb,1,3612849267,146533,37512448,256,8000,32.120
2026-07-23T01:22:28.431Z,usb,1,3612849267,146534,37512704,256,8000,32.120
2026-07-23T01:22:28.462Z,usb,1,3612849267,146535,37512960,256,8000,32.120
2026-07-23T01:22:28.494Z,usb,1,3612849267,146536,37513216,256,8000,32.120
2026-07-23T01:22:28.527Z,usb,1,3612849267,146537,37513472,256,8000,32.120
2026-07-23T01:22:28.558Z,usb,1,3612849267,146538,37513728,256,8000,32.120
2026-07-23T01:22:28.591Z,usb,1,3612849267,146539,37513984,256,8000,32.120
2026-07-23T01:22:28.623Z,usb,1,3612849267,146540,37514240,256,8000,32.120
2026-07-23T01:22:28.654Z,usb,1,3612849267,146541,37514496,256,8000,32.120
2026-07-23T01:22:28.686Z,usb,1,3612849267,146542,37514752,256,8000,32.120
2026-07-23T01:22:28.718Z,usb,1,3612849267,146543,37515008,256,8000,32.120
2026-07-23T01:22:28.751Z,usb,1,3612849267,146544,37515264,256,8000,32.120
2026-07-23T01:22:28.783Z,usb,1,3612849267,146545,37515520,256,8000,32.120
2026-07-23T01:22:28.815Z,usb,1,3612849267,146546,37515776,256,8000,32.120
2026-07-23T01:22:28.847Z,usb,1,3612849267,146547,37516032,256,8000,32.120
2026-07-23T01:22:28.879Z,usb,1,3612849267,146548,37516288,256,8000,32.120
2026-07-23T01:22:28.911Z,usb,1,3612849267,146549,37516544,256,8000,32.120
2026-07-23T01:22:28.943Z,usb,1,3612849267,146550,37516800,256,8000,32.120
2026-07-23T01:22:28.975Z,usb,1,3612849267,146551,37517056,256,8000,32.120
2026-07-23T01:22:29.007Z,usb,1,3612849267,146552,37517312,256,8000,32.120
2026-07-23T01:22:29.039Z,usb,1,3612849267,146553,37517568,256,8000,32.120
2026-07-23T01:22:29.071Z,usb,1,3612849267,146554,37517824,256,8000,32.120
2026-07-23T01:22:29.102Z,usb,1,3612849267,146555,37518080,256,8000,32.120
2026-07-23T01:22:29.134Z,usb,1,3612849267,146556,37518336,256,8000,32.120
2026-07-23T01:22:29.167Z,usb,1,3612849267,146557,37518592,256,8000,32.120
2026-07-23T01:22:29.198Z,usb,1,3612849267,146558,37518848,256,8000,32.120
2026-07-23T01:22:29.231Z,usb,1,3612849267,146559,37519104,256,8000,32.120
2026-07-23T01:22:29.263Z,usb,1,3612849267,146560,37519360,256,8000,32.120
2026-07-23T01:22:29.295Z,usb,1,3612849267,146561,37519616,256,8000,32.120
2026-07-23T01:22:29.327Z,usb,1,3612849267,146562,37519872,256,8000,32.120
2026-07-23T01:22:29.358Z,usb,1,3612849267,146563,37520128,256,8000,32.120
2026-07-23T01:22:29.391Z,usb,1,3612849267,146564,37520384,256,8000,32.120
2026-07-23T01:22:29.423Z,usb,1,3612849267,146565,37520640,256,8000,32.120
2026-07-23T01:22:29.454Z,usb,1,3612849267,146566,37520896,256,8000,32.120
2026-07-23T01:22:29.487Z,usb,1,3612849267,146567,37521152,256,8000,32.120
2026-07-23T01:22:29.519Z,usb,1,3612849267,146568,37521408,256,8000,32.120
2026-07-23T01:22:29.551Z,usb,1,3612849267,146569,37521664,256,8000,32.120
2026-07-23T01:22:29.583Z,usb,1,3612849267,146570,37521920,256,8000,32.120
2026-07-23T01:22:29.615Z,usb,1,3612849267,146571,37522176,256,8000,32.120
2026-07-23T01:22:29.647Z,usb,1,3612849267,146572,37522432,256,8000,32.120
2026-07-23T01:22:29.679Z,usb,1,3612849267,146573,37522688,256,8000,32.120
2026-07-23T01:22:29.711Z,usb,1,3612849267,146574,37522944,256,8000,32.120
2026-07-23T01:22:29.743Z,usb,1,3612849267,146575,37523200,256,8000,32.120
2026-07-23T01:22:29.775Z,usb,1,3612849267,146576,37523456,256,8000,32.120
2026-07-23T01:22:29.807Z,usb,1,3612849267,146577,37523712,256,8000,32.120
2026-07-23T01:22:29.838Z,usb,1,3612849267,146578,37523968,256,8000,32.120
2026-07-23T01:22:29.871Z,usb,1,3612849267,146579,37524224,256,8000,32.120
2026-07-23T01:22:29.903Z,usb,1,3612849267,146580,37524480,256,8000,32.120
2026-07-23T01:22:29.934Z,usb,1,3612849267,146581,37524736,256,8000,32.120
2026-07-23T01:22:29.967Z,usb,1,3612849267,146582,37524992,256,8000,32.120
2026-07-23T01:22:29.998Z,usb,1,3612849267,146583,37525248,256,8000,32.120
2026-07-23T01:22:30.031Z,usb,1,3612849267,146584,37525504,256,8000,32.120
2026-07-23T01:22:30.062Z,usb,1,3612849267,146585,37525760,256,8000,32.120
2026-07-23T01:22:30.095Z,usb,1,3612849267,146586,37526016,256,8000,32.120
2026-07-23T01:22:30.126Z,usb,1,3612849267,146587,37526272,256,8000,32.120
2026-07-23T01:22:30.158Z,usb,1,3612849267,146588,37526528,256,8000,32.120
2026-07-23T01:22:30.190Z,usb,1,3612849267,146589,37526784,256,8000,32.120
2026-07-23T01:22:30.223Z,usb,1,3612849267,146590,37527040,256,8000,32.120
2026-07-23T01:22:30.255Z,usb,1,3612849267,146591,37527296,256,8000,32.120
2026-07-23T01:22:30.287Z,usb,1,3612849267,146592,37527552,256,8000,32.120
2026-07-23T01:22:30.319Z,usb,1,3612849267,146593,37527808,256,8000,32.120
2026-07-23T01:22:30.350Z,usb,1,3612849267,146594,37528064,256,8000,32.120
2026-07-23T01:22:30.382Z,usb,1,3612849267,146595,37528320,256,8000,32.120
2026-07-23T01:22:30.415Z,usb,1,3612849267,146596,37528576,256,8000,32.120
2026-07-23T01:22:30.446Z,usb,1,3612849267,146597,37528832,256,8000,32.120
2026-07-23T01:22:30.478Z,usb,1,3612849267,146598,37529088,256,8000,32.120
2026-07-23T01:22:30.511Z,usb,1,3612849267,146599,37529344,256,8000,32.120
2026-07-23T01:22:30.542Z,usb,1,3612849267,146600,37529600,256,8000,32.120
2026-07-23T01:22:30.574Z,usb,1,3612849267,146601,37529856,256,8000,32.120
2026-07-23T01:22:30.606Z,usb,1,3612849267,146602,37530112,256,8000,32.120
2026-07-23T01:22:30.638Z,usb,1,3612849267,146603,37530368,256,8000,32.120
2026-07-23T01:22:30.670Z,usb,1,3612849267,146604,37530624,256,8000,32.120
2026-07-23T01:22:30.703Z,usb,1,3612849267,146605,37530880,256,8000,32.120
2026-07-23T01:22:30.735Z,usb,1,3612849267,146606,37531136,256,8000,32.120
2026-07-23T01:22:30.766Z,usb,1,3612849267,146607,37531392,256,8000,32.120
2026-07-23T01:22:30.799Z,usb,1,3612849267,146608,37531648,256,8000,32.120
2026-07-23T01:22:30.831Z,usb,1,3612849267,146609,37531904,256,8000,32.120
2026-07-23T01:22:30.862Z,usb,1,3612849267,146610,37532160,256,8000,32.120
2026-07-23T01:22:30.894Z,usb,1,3612849267,146611,37532416,256,8000,32.120
2026-07-23T01:22:30.926Z,usb,1,3612849267,146612,37532672,256,8000,32.120
2026-07-23T01:22:30.958Z,usb,1,3612849267,146613,37532928,256,8000,32.120
2026-07-23T01:22:30.990Z,usb,1,3612849267,146614,37533184,256,8000,32.120
2026-07-23T01:22:31.022Z,usb,1,3612849267,146615,37533440,256,8000,32.120
2026-07-23T01:22:31.054Z,usb,1,3612849267,146616,37533696,256,8000,32.120
2026-07-23T01:22:31.086Z,usb,1,3612849267,146617,37533952,256,8000,32.120
2026-07-23T01:22:31.118Z,usb,1,3612849267,146618,37534208,256,8000,32.120
2026-07-23T01:22:31.150Z,usb,1,3612849267,146619,37534464,256,8000,32.120
2026-07-23T01:22:31.183Z,usb,1,3612849267,146620,37534720,256,8000,32.120
2026-07-23T01:22:31.215Z,usb,1,3612849267,146621,37534976,256,8000,32.120
2026-07-23T01:22:31.246Z,usb,1,3612849267,146622,37535232,256,8000,32.120
2026-07-23T01:22:31.279Z,usb,1,3612849267,146623,37535488,256,8000,32.120
2026-07-23T01:22:31.311Z,usb,1,3612849267,146624,37535744,256,8000,32.120
2026-07-23T01:22:31.343Z,usb,1,3612849267,146625,37536000,256,8000,32.120
2026-07-23T01:22:31.374Z,usb,1,3612849267,146626,37536256,256,8000,32.120
2026-07-23T01:22:31.407Z,usb,1,3612849267,146627,37536512,256,8000,32.120
2026-07-23T01:22:31.439Z,usb,1,3612849267,146628,37536768,256,8000,32.110
2026-07-23T01:22:31.470Z,usb,1,3612849267,146629,37537024,256,8000,32.110
2026-07-23T01:22:31.503Z,usb,1,3612849267,146630,37537280,256,8000,32.110
2026-07-23T01:22:31.534Z,usb,1,3612849267,146631,37537536,256,8000,32.110
2026-07-23T01:22:31.566Z,usb,1,3612849267,146632,37537792,256,8000,32.110
2026-07-23T01:22:31.599Z,usb,1,3612849267,146633,37538048,256,8000,32.110
2026-07-23T01:22:31.631Z,usb,1,3612849267,146634,37538304,256,8000,32.110
2026-07-23T01:22:31.662Z,usb,1,3612849267,146635,37538560,256,8000,32.110
2026-07-23T01:22:31.695Z,usb,1,3612849267,146636,37538816,256,8000,32.110
2026-07-23T01:22:31.727Z,usb,1,3612849267,146637,37539072,256,8000,32.110
2026-07-23T01:22:31.758Z,usb,1,3612849267,146638,37539328,256,8000,32.110
2026-07-23T01:22:31.790Z,usb,1,3612849267,146639,37539584,256,8000,32.110
2026-07-23T01:22:31.823Z,usb,1,3612849267,146640,37539840,256,8000,32.110
2026-07-23T01:22:31.854Z,usb,1,3612849267,146641,37540096,256,8000,32.110
2026-07-23T01:22:31.886Z,usb,1,3612849267,146642,37540352,256,8000,32.110
2026-07-23T01:22:31.919Z,usb,1,3612849267,146643,37540608,256,8000,32.110
2026-07-23T01:22:31.951Z,usb,1,3612849267,146644,37540864,256,8000,32.110
2026-07-23T01:22:31.982Z,usb,1,3612849267,146645,37541120,256,8000,32.110
2026-07-23T01:22:32.014Z,usb,1,3612849267,146646,37541376,256,8000,32.110
2026-07-23T01:22:32.047Z,usb,1,3612849267,146647,37541632,256,8000,32.110
2026-07-23T01:22:32.078Z,usb,1,3612849267,146648,37541888,256,8000,32.110
2026-07-23T01:22:32.111Z,usb,1,3612849267,146649,37542144,256,8000,32.110
2026-07-23T01:22:32.143Z,usb,1,3612849267,146650,37542400,256,8000,32.110
2026-07-23T01:22:32.175Z,usb,1,3612849267,146651,37542656,256,8000,32.110
2026-07-23T01:22:32.207Z,usb,1,3612849267,146652,37542912,256,8000,32.110
2026-07-23T01:22:32.238Z,usb,1,3612849267,146653,37543168,256,8000,32.110
2026-07-23T01:22:32.271Z,usb,1,3612849267,146654,37543424,256,8000,32.110
2026-07-23T01:22:32.302Z,usb,1,3612849267,146655,37543680,256,8000,32.110
2026-07-23T01:22:32.334Z,usb,1,3612849267,146656,37543936,256,8000,32.110
2026-07-23T01:22:32.367Z,usb,1,3612849267,146657,37544192,256,8000,32.110
2026-07-23T01:22:32.398Z,usb,1,3612849267,146658,37544448,256,8000,32.110
2026-07-23T01:22:32.430Z,usb,1,3612849267,146659,37544704,256,8000,32.110
2026-07-23T01:22:32.463Z,usb,1,3612849267,146660,37544960,256,8000,32.120
2026-07-23T01:22:32.494Z,usb,1,3612849267,146661,37545216,256,8000,32.120
2026-07-23T01:22:32.526Z,usb,1,3612849267,146662,37545472,256,8000,32.120
2026-07-23T01:22:32.558Z,usb,1,3612849267,146663,37545728,256,8000,32.120
2026-07-23T01:22:32.590Z,usb,1,3612849267,146664,37545984,256,8000,32.120
2026-07-23T01:22:32.622Z,usb,1,3612849267,146665,37546240,256,8000,32.120
2026-07-23T01:22:32.655Z,usb,1,3612849267,146666,37546496,256,8000,32.120
2026-07-23T01:22:32.687Z,usb,1,3612849267,146667,37546752,256,8000,32.120
2026-07-23T01:22:32.718Z,usb,1,3612849267,146668,37547008,256,8000,32.120
2026-07-23T01:22:32.751Z,usb,1,3612849267,146669,37547264,256,8000,32.120
2026-07-23T01:22:32.783Z,usb,1,3612849267,146670,37547520,256,8000,32.120
2026-07-23T01:22:32.814Z,usb,1,3612849267,146671,37547776,256,8000,32.120
2026-07-23T01:22:32.847Z,usb,1,3612849267,146672,37548032,256,8000,32.120
2026-07-23T01:22:32.878Z,usb,1,3612849267,146673,37548288,256,8000,32.120
2026-07-23T01:22:32.911Z,usb,1,3612849267,146674,37548544,256,8000,32.120
2026-07-23T01:22:32.943Z,usb,1,3612849267,146675,37548800,256,8000,32.120
2026-07-23T01:22:32.974Z,usb,1,3612849267,146676,37549056,256,8000,32.120
2026-07-23T01:22:33.006Z,usb,1,3612849267,146677,37549312,256,8000,32.120
2026-07-23T01:22:33.039Z,usb,1,3612849267,146678,37549568,256,8000,32.120
2026-07-23T01:22:33.071Z,usb,1,3612849267,146679,37549824,256,8000,32.120
2026-07-23T01:22:33.103Z,usb,1,3612849267,146680,37550080,256,8000,32.120
2026-07-23T01:22:33.135Z,usb,1,3612849267,146681,37550336,256,8000,32.120
2026-07-23T01:22:33.167Z,usb,1,3612849267,146682,37550592,256,8000,32.120
2026-07-23T01:22:33.199Z,usb,1,3612849267,146683,37550848,256,8000,32.120
2026-07-23T01:22:33.231Z,usb,1,3612849267,146684,37551104,256,8000,32.120
2026-07-23T01:22:33.263Z,usb,1,3612849267,146685,37551360,256,8000,32.120
2026-07-23T01:22:33.294Z,usb,1,3612849267,146686,37551616,256,8000,32.120
2026-07-23T01:22:33.327Z,usb,1,3612849267,146687,37551872,256,8000,32.120
2026-07-23T01:22:33.359Z,usb,1,3612849267,146688,37552128,256,8000,32.120
2026-07-23T01:22:33.391Z,usb,1,3612849267,146689,37552384,256,8000,32.120
2026-07-23T01:22:33.423Z,usb,1,3612849267,146690,37552640,256,8000,32.120
2026-07-23T01:22:33.455Z,usb,1,3612849267,146691,37552896,256,8000,32.120
2026-07-23T01:22:33.488Z,usb,1,3612849267,146692,37553152,256,8000,32.110
2026-07-23T01:22:33.519Z,usb,1,3612849267,146693,37553408,256,8000,32.110
2026-07-23T01:22:33.551Z,usb,1,3612849267,146694,37553664,256,8000,32.110
2026-07-23T01:22:33.583Z,usb,1,3612849267,146695,37553920,256,8000,32.110
2026-07-23T01:22:33.615Z,usb,1,3612849267,146696,37554176,256,8000,32.110
2026-07-23T01:22:33.647Z,usb,1,3612849267,146697,37554432,256,8000,32.110
2026-07-23T01:22:33.678Z,usb,1,3612849267,146698,37554688,256,8000,32.110
2026-07-23T01:22:33.711Z,usb,1,3612849267,146699,37554944,256,8000,32.110
2026-07-23T01:22:33.743Z,usb,1,3612849267,146700,37555200,256,8000,32.110
2026-07-23T01:22:33.774Z,usb,1,3612849267,146701,37555456,256,8000,32.110
2026-07-23T01:22:33.806Z,usb,1,3612849267,146702,37555712,256,8000,32.110
2026-07-23T01:22:33.839Z,usb,1,3612849267,146703,37555968,256,8000,32.110
2026-07-23T01:22:33.870Z,usb,1,3612849267,146704,37556224,256,8000,32.110
2026-07-23T01:22:33.902Z,usb,1,3612849267,146705,37556480,256,8000,32.110
2026-07-23T01:22:33.934Z,usb,1,3612849267,146706,37556736,256,8000,32.110
2026-07-23T01:22:33.967Z,usb,1,3612849267,146707,37556992,256,8000,32.110
2026-07-23T01:22:33.998Z,usb,1,3612849267,146708,37557248,256,8000,32.110
2026-07-23T01:22:34.030Z,usb,1,3612849267,146709,37557504,256,8000,32.110
2026-07-23T01:22:34.062Z,usb,1,3612849267,146710,37557760,256,8000,32.110
2026-07-23T01:22:34.094Z,usb,1,3612849267,146711,37558016,256,8000,32.110
2026-07-23T01:22:34.126Z,usb,1,3612849267,146712,37558272,256,8000,32.110
2026-07-23T01:22:34.159Z,usb,1,3612849267,146713,37558528,256,8000,32.110
2026-07-23T01:22:34.191Z,usb,1,3612849267,146714,37558784,256,8000,32.110
2026-07-23T01:22:34.222Z,usb,1,3612849267,146715,37559040,256,8000,32.110
2026-07-23T01:22:34.254Z,usb,1,3612849267,146716,37559296,256,8000,32.110
2026-07-23T01:22:34.286Z,usb,1,3612849267,146717,37559552,256,8000,32.110
2026-07-23T01:22:34.318Z,usb,1,3612849267,146718,37559808,256,8000,32.110
2026-07-23T01:22:34.350Z,usb,1,3612849267,146719,37560064,256,8000,32.110
2026-07-23T01:22:34.383Z,usb,1,3612849267,146720,37560320,256,8000,32.110
2026-07-23T01:22:34.415Z,usb,1,3612849267,146721,37560576,256,8000,32.110
2026-07-23T01:22:34.446Z,usb,1,3612849267,146722,37560832,256,8000,32.110
2026-07-23T01:22:34.478Z,usb,1,3612849267,146723,37561088,256,8000,32.110
2026-07-23T01:22:34.513Z,usb,1,3612849267,146724,37561344,256,8000,32.120
2026-07-23T01:22:34.543Z,usb,1,3612849267,146725,37561600,256,8000,32.120
2026-07-23T01:22:34.574Z,usb,1,3612849267,146726,37561856,256,8000,32.120
2026-07-23T01:22:34.606Z,usb,1,3612849267,146727,37562112,256,8000,32.120
2026-07-23T01:22:34.638Z,usb,1,3612849267,146728,37562368,256,8000,32.120
2026-07-23T01:22:34.671Z,usb,1,3612849267,146729,37562624,256,8000,32.120
2026-07-23T01:22:34.703Z,usb,1,3612849267,146730,37562880,256,8000,32.120
2026-07-23T01:22:34.735Z,usb,1,3612849267,146731,37563136,256,8000,32.120
2026-07-23T01:22:34.766Z,usb,1,3612849267,146732,37563392,256,8000,32.120
2026-07-23T01:22:34.798Z,usb,1,3612849267,146733,37563648,256,8000,32.120
2026-07-23T01:22:34.831Z,usb,1,3612849267,146734,37563904,256,8000,32.120
2026-07-23T01:22:34.863Z,usb,1,3612849267,146735,37564160,256,8000,32.120
2026-07-23T01:22:34.894Z,usb,1,3612849267,146736,37564416,256,8000,32.120
2026-07-23T01:22:34.926Z,usb,1,3612849267,146737,37564672,256,8000,32.120
2026-07-23T01:22:34.958Z,usb,1,3612849267,146738,37564928,256,8000,32.120
2026-07-23T01:22:34.990Z,usb,1,3612849267,146739,37565184,256,8000,32.120
2026-07-23T01:22:35.022Z,usb,1,3612849267,146740,37565440,256,8000,32.120
2026-07-23T01:22:35.054Z,usb,1,3612849267,146741,37565696,256,8000,32.120
2026-07-23T01:22:35.086Z,usb,1,3612849267,146742,37565952,256,8000,32.120
2026-07-23T01:22:35.118Z,usb,1,3612849267,146743,37566208,256,8000,32.120
2026-07-23T01:22:35.150Z,usb,1,3612849267,146744,37566464,256,8000,32.120
2026-07-23T01:22:35.183Z,usb,1,3612849267,146745,37566720,256,8000,32.120
2026-07-23T01:22:35.214Z,usb,1,3612849267,146746,37566976,256,8000,32.120
2026-07-23T01:22:35.247Z,usb,1,3612849267,146747,37567232,256,8000,32.120
2026-07-23T01:22:35.279Z,usb,1,3612849267,146748,37567488,256,8000,32.120
2026-07-23T01:22:35.310Z,usb,1,3612849267,146749,37567744,256,8000,32.120
2026-07-23T01:22:35.342Z,usb,1,3612849267,146750,37568000,256,8000,32.120
2026-07-23T01:22:35.374Z,usb,1,3612849267,146751,37568256,256,8000,32.120
2026-07-23T01:22:35.406Z,usb,1,3612849267,146752,37568512,256,8000,32.120
2026-07-23T01:22:35.438Z,usb,1,3612849267,146753,37568768,256,8000,32.120
2026-07-23T01:22:35.470Z,usb,1,3612849267,146754,37569024,256,8000,32.120
2026-07-23T01:22:35.502Z,usb,1,3612849267,146755,37569280,256,8000,32.120
2026-07-23T01:22:35.535Z,usb,1,3612849267,146756,37569536,256,8000,32.110
2026-07-23T01:22:35.566Z,usb,1,3612849267,146757,37569792,256,8000,32.110
2026-07-23T01:22:35.598Z,usb,1,3612849267,146758,37570048,256,8000,32.110
2026-07-23T01:22:35.630Z,usb,1,3612849267,146759,37570304,256,8000,32.110
2026-07-23T01:22:35.663Z,usb,1,3612849267,146760,37570560,256,8000,32.110
2026-07-23T01:22:35.695Z,usb,1,3612849267,146761,37570816,256,8000,32.110
2026-07-23T01:22:35.726Z,usb,1,3612849267,146762,37571072,256,8000,32.110
2026-07-23T01:22:35.758Z,usb,1,3612849267,146763,37571328,256,8000,32.110
2026-07-23T01:22:35.790Z,usb,1,3612849267,146764,37571584,256,8000,32.110
2026-07-23T01:22:35.822Z,usb,1,3612849267,146765,37571840,256,8000,32.110
2026-07-23T01:22:35.854Z,usb,1,3612849267,146766,37572096,256,8000,32.110
2026-07-23T01:22:35.886Z,usb,1,3612849267,146767,37572352,256,8000,32.110
2026-07-23T01:22:35.918Z,usb,1,3612849267,146768,37572608,256,8000,32.110
2026-07-23T01:22:35.951Z,usb,1,3612849267,146769,37572864,256,8000,32.110
2026-07-23T01:22:35.982Z,usb,1,3612849267,146770,37573120,256,8000,32.110
2026-07-23T01:22:36.014Z,usb,1,3612849267,146771,37573376,256,8000,32.110
2026-07-23T01:22:36.046Z,usb,1,3612849267,146772,37573632,256,8000,32.110
2026-07-23T01:22:36.078Z,usb,1,3612849267,146773,37573888,256,8000,32.110
2026-07-23T01:22:36.110Z,usb,1,3612849267,146774,37574144,256,8000,32.110
2026-07-23T01:22:36.142Z,usb,1,3612849267,146775,37574400,256,8000,32.110
2026-07-23T01:22:36.175Z,usb,1,3612849267,146776,37574656,256,8000,32.110
2026-07-23T01:22:36.207Z,usb,1,3612849267,146777,37574912,256,8000,32.110
2026-07-23T01:22:36.238Z,usb,1,3612849267,146778,37575168,256,8000,32.110
2026-07-23T01:22:36.271Z,usb,1,3612849267,146779,37575424,256,8000,32.110
2026-07-23T01:22:36.303Z,usb,1,3612849267,146780,37575680,256,8000,32.110
2026-07-23T01:22:36.334Z,usb,1,3612849267,146781,37575936,256,8000,32.110
2026-07-23T01:22:36.366Z,usb,1,3612849267,146782,37576192,256,8000,32.110
2026-07-23T01:22:36.398Z,usb,1,3612849267,146783,37576448,256,8000,32.110
2026-07-23T01:22:36.430Z,usb,1,3612849267,146784,37576704,256,8000,32.110
2026-07-23T01:22:36.462Z,usb,1,3612849267,146785,37576960,256,8000,32.110
2026-07-23T01:22:36.494Z,usb,1,3612849267,146786,37577216,256,8000,32.110
2026-07-23T01:22:36.527Z,usb,1,3612849267,146787,37577472,256,8000,32.110
2026-07-23T01:22:36.559Z,usb,1,3612849267,146788,37577728,256,8000,32.110
2026-07-23T01:22:36.590Z,usb,1,3612849267,146789,37577984,256,8000,32.110
2026-07-23T01:22:36.622Z,usb,1,3612849267,146790,37578240,256,8000,32.110
2026-07-23T01:22:36.655Z,usb,1,3612849267,146791,37578496,256,8000,32.110
2026-07-23T01:22:36.687Z,usb,1,3612849267,146792,37578752,256,8000,32.110
2026-07-23T01:22:36.718Z,usb,1,3612849267,146793,37579008,256,8000,32.110
2026-07-23T01:22:36.751Z,usb,1,3612849267,146794,37579264,256,8000,32.110
2026-07-23T01:22:36.783Z,usb,1,3612849267,146795,37579520,256,8000,32.110
2026-07-23T01:22:36.815Z,usb,1,3612849267,146796,37579776,256,8000,32.110
2026-07-23T01:22:36.846Z,usb,1,3612849267,146797,37580032,256,8000,32.110
2026-07-23T01:22:36.879Z,usb,1,3612849267,146798,37580288,256,8000,32.110
2026-07-23T01:22:36.911Z,usb,1,3612849267,146799,37580544,256,8000,32.110
2026-07-23T01:22:36.942Z,usb,1,3612849267,146800,37580800,256,8000,32.110
2026-07-23T01:22:36.974Z,usb,1,3612849267,146801,37581056,256,8000,32.110
2026-07-23T01:22:37.006Z,usb,1,3612849267,146802,37581312,256,8000,32.110
2026-07-23T01:22:37.039Z,usb,1,3612849267,146803,37581568,256,8000,32.110
2026-07-23T01:22:37.071Z,usb,1,3612849267,146804,37581824,256,8000,32.110
2026-07-23T01:22:37.102Z,usb,1,3612849267,146805,37582080,256,8000,32.110
2026-07-23T01:22:37.135Z,usb,1,3612849267,146806,37582336,256,8000,32.110
2026-07-23T01:22:37.167Z,usb,1,3612849267,146807,37582592,256,8000,32.110
2026-07-23T01:22:37.199Z,usb,1,3612849267,146808,37582848,256,8000,32.110
2026-07-23T01:22:37.231Z,usb,1,3612849267,146809,37583104,256,8000,32.110
2026-07-23T01:22:37.263Z,usb,1,3612849267,146810,37583360,256,8000,32.110
2026-07-23T01:22:37.294Z,usb,1,3612849267,146811,37583616,256,8000,32.110
2026-07-23T01:22:37.327Z,usb,1,3612849267,146812,37583872,256,8000,32.110
2026-07-23T01:22:37.359Z,usb,1,3612849267,146813,37584128,256,8000,32.110
2026-07-23T01:22:37.390Z,usb,1,3612849267,146814,37584384,256,8000,32.110
2026-07-23T01:22:37.422Z,usb,1,3612849267,146815,37584640,256,8000,32.110
2026-07-23T01:22:37.454Z,usb,1,3612849267,146816,37584896,256,8000,32.110
2026-07-23T01:22:37.486Z,usb,1,3612849267,146817,37585152,256,8000,32.110
2026-07-23T01:22:37.518Z,usb,1,3612849267,146818,37585408,256,8000,32.110
2026-07-23T01:22:37.550Z,usb,1,3612849267,146819,37585664,256,8000,32.110
2026-07-23T01:22:37.583Z,usb,1,3612849267,146820,37585920,256,8000,32.110
2026-07-23T01:22:37.615Z,usb,1,3612849267,146821,37586176,256,8000,32.110
2026-07-23T01:22:37.647Z,usb,1,3612849267,146822,37586432,256,8000,32.110
2026-07-23T01:22:37.679Z,usb,1,3612849267,146823,37586688,256,8000,32.110
2026-07-23T01:22:37.711Z,usb,1,3612849267,146824,37586944,256,8000,32.110
2026-07-23T01:22:37.743Z,usb,1,3612849267,146825,37587200,256,8000,32.110
2026-07-23T01:22:37.775Z,usb,1,3612849267,146826,37587456,256,8000,32.110
2026-07-23T01:22:37.806Z,usb,1,3612849267,146827,37587712,256,8000,32.110
2026-07-23T01:22:37.838Z,usb,1,3612849267,146828,37587968,256,8000,32.110
2026-07-23T01:22:37.871Z,usb,1,3612849267,146829,37588224,256,8000,32.110
2026-07-23T01:22:37.902Z,usb,1,3612849267,146830,37588480,256,8000,32.110
2026-07-23T01:22:37.934Z,usb,1,3612849267,146831,37588736,256,8000,32.110
2026-07-23T01:22:37.966Z,usb,1,3612849267,146832,37588992,256,8000,32.110
2026-07-23T01:22:37.998Z,usb,1,3612849267,146833,37589248,256,8000,32.110
2026-07-23T01:22:38.030Z,usb,1,3612849267,146834,37589504,256,8000,32.110
2026-07-23T01:22:38.063Z,usb,1,3612849267,146835,37589760,256,8000,32.110
2026-07-23T01:22:38.094Z,usb,1,3612849267,146836,37590016,256,8000,32.110
2026-07-23T01:22:38.126Z,usb,1,3612849267,146837,37590272,256,8000,32.110
2026-07-23T01:22:38.159Z,usb,1,3612849267,146838,37590528,256,8000,32.110
2026-07-23T01:22:38.191Z,usb,1,3612849267,146839,37590784,256,8000,32.110
2026-07-23T01:22:38.222Z,usb,1,3612849267,146840,37591040,256,8000,32.110
2026-07-23T01:22:38.254Z,usb,1,3612849267,146841,37591296,256,8000,32.110
2026-07-23T01:22:38.287Z,usb,1,3612849267,146842,37591552,256,8000,32.110
2026-07-23T01:22:38.319Z,usb,1,3612849267,146843,37591808,256,8000,32.110
2026-07-23T01:22:38.351Z,usb,1,3612849267,146844,37592064,256,8000,32.110
2026-07-23T01:22:38.383Z,usb,1,3612849267,146845,37592320,256,8000,32.110
2026-07-23T01:22:38.415Z,usb,1,3612849267,146846,37592576,256,8000,32.110
2026-07-23T01:22:38.447Z,usb,1,3612849267,146847,37592832,256,8000,32.110
2026-07-23T01:22:38.479Z,usb,1,3612849267,146848,37593088,256,8000,32.110
2026-07-23T01:22:38.510Z,usb,1,3612849267,146849,37593344,256,8000,32.110
2026-07-23T01:22:38.542Z,usb,1,3612849267,146850,37593600,256,8000,32.110
2026-07-23T01:22:38.574Z,usb,1,3612849267,146851,37593856,256,8000,32.110
2026-07-23T01:22:38.607Z,usb,1,3612849267,146852,37594112,256,8000,32.120
2026-07-23T01:22:38.638Z,usb,1,3612849267,146853,37594368,256,8000,32.120
2026-07-23T01:22:38.671Z,usb,1,3612849267,146854,37594624,256,8000,32.120
2026-07-23T01:22:38.702Z,usb,1,3612849267,146855,37594880,256,8000,32.120
2026-07-23T01:22:38.734Z,usb,1,3612849267,146856,37595136,256,8000,32.120
2026-07-23T01:22:38.767Z,usb,1,3612849267,146857,37595392,256,8000,32.120
2026-07-23T01:22:38.799Z,usb,1,3612849267,146858,37595648,256,8000,32.120
2026-07-23T01:22:38.830Z,usb,1,3612849267,146859,37595904,256,8000,32.120
2026-07-23T01:22:38.863Z,usb,1,3612849267,146860,37596160,256,8000,32.120
2026-07-23T01:22:38.894Z,usb,1,3612849267,146861,37596416,256,8000,32.120
2026-07-23T01:22:38.927Z,usb,1,3612849267,146862,37596672,256,8000,32.120
2026-07-23T01:22:38.958Z,usb,1,3612849267,146863,37596928,256,8000,32.120
2026-07-23T01:22:38.991Z,usb,1,3612849267,146864,37597184,256,8000,32.120
2026-07-23T01:22:39.023Z,usb,1,3612849267,146865,37597440,256,8000,32.120
2026-07-23T01:22:39.055Z,usb,1,3612849267,146866,37597696,256,8000,32.120
2026-07-23T01:22:39.087Z,usb,1,3612849267,146867,37597952,256,8000,32.120
2026-07-23T01:22:39.119Z,usb,1,3612849267,146868,37598208,256,8000,32.120
2026-07-23T01:22:39.151Z,usb,1,3612849267,146869,37598464,256,8000,32.120
2026-07-23T01:22:39.183Z,usb,1,3612849267,146870,37598720,256,8000,32.120
2026-07-23T01:22:39.215Z,usb,1,3612849267,146871,37598976,256,8000,32.120
2026-07-23T01:22:39.246Z,usb,1,3612849267,146872,37599232,256,8000,32.120
2026-07-23T01:22:39.279Z,usb,1,3612849267,146873,37599488,256,8000,32.120
2026-07-23T01:22:39.311Z,usb,1,3612849267,146874,37599744,256,8000,32.120
2026-07-23T01:22:39.342Z,usb,1,3612849267,146875,37600000,256,8000,32.120
2026-07-23T01:22:39.375Z,usb,1,3612849267,146876,37600256,256,8000,32.120
2026-07-23T01:22:39.407Z,usb,1,3612849267,146877,37600512,256,8000,32.120
2026-07-23T01:22:39.438Z,usb,1,3612849267,146878,37600768,256,8000,32.120
2026-07-23T01:22:39.470Z,usb,1,3612849267,146879,37601024,256,8000,32.120
2026-07-23T01:22:39.503Z,usb,1,3612849267,146880,37601280,256,8000,32.120
2026-07-23T01:22:39.534Z,usb,1,3612849267,146881,37601536,256,8000,32.120
2026-07-23T01:22:39.566Z,usb,1,3612849267,146882,37601792,256,8000,32.120
2026-07-23T01:22:39.598Z,usb,1,3612849267,146883,37602048,256,8000,32.120
2026-07-23T01:22:39.631Z,usb,1,3612849267,146884,37602304,256,8000,32.120
2026-07-23T01:22:39.662Z,usb,1,3612849267,146885,37602560,256,8000,32.120
2026-07-23T01:22:39.694Z,usb,1,3612849267,146886,37602816,256,8000,32.120
2026-07-23T01:22:39.726Z,usb,1,3612849267,146887,37603072,256,8000,32.120
2026-07-23T01:22:39.758Z,usb,1,3612849267,146888,37603328,256,8000,32.120
2026-07-23T01:22:39.790Z,usb,1,3612849267,146889,37603584,256,8000,32.120
2026-07-23T01:22:39.822Z,usb,1,3612849267,146890,37603840,256,8000,32.120
2026-07-23T01:22:39.854Z,usb,1,3612849267,146891,37604096,256,8000,32.120
2026-07-23T01:22:39.886Z,usb,1,3612849267,146892,37604352,256,8000,32.120
2026-07-23T01:22:39.918Z,usb,1,3612849267,146893,37604608,256,8000,32.120
2026-07-23T01:22:39.950Z,usb,1,3612849267,146894,37604864,256,8000,32.120
2026-07-23T01:22:39.982Z,usb,1,3612849267,146895,37605120,256,8000,32.120
2026-07-23T01:22:40.015Z,usb,1,3612849267,146896,37605376,256,8000,32.120
2026-07-23T01:22:40.047Z,usb,1,3612849267,146897,37605632,256,8000,32.120
2026-07-23T01:22:40.078Z,usb,1,3612849267,146898,37605888,256,8000,32.120
2026-07-23T01:22:40.111Z,usb,1,3612849267,146899,37606144,256,8000,32.120
2026-07-23T01:22:40.142Z,usb,1,3612849267,146900,37606400,256,8000,32.120
2026-07-23T01:22:40.174Z,usb,1,3612849267,146901,37606656,256,8000,32.120
2026-07-23T01:22:40.207Z,usb,1,3612849267,146902,37606912,256,8000,32.120
2026-07-23T01:22:40.238Z,usb,1,3612849267,146903,37607168,256,8000,32.120
2026-07-23T01:22:40.271Z,usb,1,3612849267,146904,37607424,256,8000,32.120
2026-07-23T01:22:40.302Z,usb,1,3612849267,146905,37607680,256,8000,32.120
2026-07-23T01:22:40.334Z,usb,1,3612849267,146906,37607936,256,8000,32.120
2026-07-23T01:22:40.366Z,usb,1,3612849267,146907,37608192,256,8000,32.120
2026-07-23T01:22:40.398Z,usb,1,3612849267,146908,37608448,256,8000,32.120
2026-07-23T01:22:40.430Z,usb,1,3612849267,146909,37608704,256,8000,32.120
2026-07-23T01:22:40.462Z,usb,1,3612849267,146910,37608960,256,8000,32.120
2026-07-23T01:22:40.494Z,usb,1,3612849267,146911,37609216,256,8000,32.120
2026-07-23T01:22:40.526Z,usb,1,3612849267,146912,37609472,256,8000,32.120
2026-07-23T01:22:40.558Z,usb,1,3612849267,146913,37609728,256,8000,32.120
2026-07-23T01:22:40.591Z,usb,1,3612849267,146914,37609984,256,8000,32.120
2026-07-23T01:22:40.623Z,usb,1,3612849267,146915,37610240,256,8000,32.120
2026-07-23T01:22:40.655Z,usb,1,3612849267,146916,37610496,256,8000,32.110
2026-07-23T01:22:40.686Z,usb,1,3612849267,146917,37610752,256,8000,32.110
2026-07-23T01:22:40.718Z,usb,1,3612849267,146918,37611008,256,8000,32.110
2026-07-23T01:22:40.750Z,usb,1,3612849267,146919,37611264,256,8000,32.110
2026-07-23T01:22:40.783Z,usb,1,3612849267,146920,37611520,256,8000,32.110
2026-07-23T01:22:40.815Z,usb,1,3612849267,146921,37611776,256,8000,32.110
2026-07-23T01:22:40.846Z,usb,1,3612849267,146922,37612032,256,8000,32.110
2026-07-23T01:22:40.878Z,usb,1,3612849267,146923,37612288,256,8000,32.110
2026-07-23T01:22:40.911Z,usb,1,3612849267,146924,37612544,256,8000,32.110
2026-07-23T01:22:40.942Z,usb,1,3612849267,146925,37612800,256,8000,32.110
2026-07-23T01:22:40.975Z,usb,1,3612849267,146926,37613056,256,8000,32.110
2026-07-23T01:22:41.006Z,usb,1,3612849267,146927,37613312,256,8000,32.110
2026-07-23T01:22:41.039Z,usb,1,3612849267,146928,37613568,256,8000,32.110
2026-07-23T01:22:41.070Z,usb,1,3612849267,146929,37613824,256,8000,32.110
2026-07-23T01:22:41.103Z,usb,1,3612849267,146930,37614080,256,8000,32.110
2026-07-23T01:22:41.134Z,usb,1,3612849267,146931,37614336,256,8000,32.110
2026-07-23T01:22:41.167Z,usb,1,3612849267,146932,37614592,256,8000,32.110
2026-07-23T01:22:41.198Z,usb,1,3612849267,146933,37614848,256,8000,32.110
2026-07-23T01:22:41.230Z,usb,1,3612849267,146934,37615104,256,8000,32.110
2026-07-23T01:22:41.263Z,usb,1,3612849267,146935,37615360,256,8000,32.110
2026-07-23T01:22:41.295Z,usb,1,3612849267,146936,37615616,256,8000,32.110
2026-07-23T01:22:41.327Z,usb,1,3612849267,146937,37615872,256,8000,32.110
2026-07-23T01:22:41.359Z,usb,1,3612849267,146938,37616128,256,8000,32.110
2026-07-23T01:22:41.391Z,usb,1,3612849267,146939,37616384,256,8000,32.110
2026-07-23T01:22:41.422Z,usb,1,3612849267,146940,37616640,256,8000,32.110
2026-07-23T01:22:41.455Z,usb,1,3612849267,146941,37616896,256,8000,32.110
2026-07-23T01:22:41.486Z,usb,1,3612849267,146942,37617152,256,8000,32.110
2026-07-23T01:22:41.519Z,usb,1,3612849267,146943,37617408,256,8000,32.110
2026-07-23T01:22:41.551Z,usb,1,3612849267,146944,37617664,256,8000,32.110
2026-07-23T01:22:41.583Z,usb,1,3612849267,146945,37617920,256,8000,32.110
2026-07-23T01:22:41.615Z,usb,1,3612849267,146946,37618176,256,8000,32.110
2026-07-23T01:22:41.646Z,usb,1,3612849267,146947,37618432,256,8000,32.110
2026-07-23T01:22:41.679Z,usb,1,3612849267,146948,37618688,256,8000,32.120
2026-07-23T01:22:41.711Z,usb,1,3612849267,146949,37618944,256,8000,32.120
2026-07-23T01:22:41.743Z,usb,1,3612849267,146950,37619200,256,8000,32.120
2026-07-23T01:22:41.774Z,usb,1,3612849267,146951,37619456,256,8000,32.120
2026-07-23T01:22:41.807Z,usb,1,3612849267,146952,37619712,256,8000,32.120
2026-07-23T01:22:41.838Z,usb,1,3612849267,146953,37619968,256,8000,32.120
2026-07-23T01:22:41.870Z,usb,1,3612849267,146954,37620224,256,8000,32.120
2026-07-23T01:22:41.902Z,usb,1,3612849267,146955,37620480,256,8000,32.120
2026-07-23T01:22:41.934Z,usb,1,3612849267,146956,37620736,256,8000,32.120
2026-07-23T01:22:41.966Z,usb,1,3612849267,146957,37620992,256,8000,32.120
2026-07-23T01:22:41.998Z,usb,1,3612849267,146958,37621248,256,8000,32.120
2026-07-23T01:22:42.030Z,usb,1,3612849267,146959,37621504,256,8000,32.120
2026-07-23T01:22:42.062Z,usb,1,3612849267,146960,37621760,256,8000,32.120
2026-07-23T01:22:42.094Z,usb,1,3612849267,146961,37622016,256,8000,32.120
2026-07-23T01:22:42.126Z,usb,1,3612849267,146962,37622272,256,8000,32.120
2026-07-23T01:22:42.159Z,usb,1,3612849267,146963,37622528,256,8000,32.120
2026-07-23T01:22:42.191Z,usb,1,3612849267,146964,37622784,256,8000,32.120
2026-07-23T01:22:42.223Z,usb,1,3612849267,146965,37623040,256,8000,32.120
2026-07-23T01:22:42.255Z,usb,1,3612849267,146966,37623296,256,8000,32.120
2026-07-23T01:22:42.287Z,usb,1,3612849267,146967,37623552,256,8000,32.120
2026-07-23T01:22:42.318Z,usb,1,3612849267,146968,37623808,256,8000,32.120
2026-07-23T01:22:42.350Z,usb,1,3612849267,146969,37624064,256,8000,32.120
2026-07-23T01:22:42.382Z,usb,1,3612849267,146970,37624320,256,8000,32.120
2026-07-23T01:22:42.414Z,usb,1,3612849267,146971,37624576,256,8000,32.120
2026-07-23T01:22:42.446Z,usb,1,3612849267,146972,37624832,256,8000,32.120
2026-07-23T01:22:42.478Z,usb,1,3612849267,146973,37625088,256,8000,32.120
2026-07-23T01:22:42.510Z,usb,1,3612849267,146974,37625344,256,8000,32.120
2026-07-23T01:22:42.542Z,usb,1,3612849267,146975,37625600,256,8000,32.120
2026-07-23T01:22:42.574Z,usb,1,3612849267,146976,37625856,256,8000,32.120
2026-07-23T01:22:42.606Z,usb,1,3612849267,146977,37626112,256,8000,32.120
2026-07-23T01:22:42.639Z,usb,1,3612849267,146978,37626368,256,8000,32.120
2026-07-23T01:22:42.671Z,usb,1,3612849267,146979,37626624,256,8000,32.120
2026-07-23T01:22:42.703Z,usb,1,3612849267,146980,37626880,256,8000,32.110
2026-07-23T01:22:42.734Z,usb,1,3612849267,146981,37627136,256,8000,32.110
2026-07-23T01:22:42.766Z,usb,1,3612849267,146982,37627392,256,8000,32.110
2026-07-23T01:22:42.798Z,usb,1,3612849267,146983,37627648,256,8000,32.110
2026-07-23T01:22:42.830Z,usb,1,3612849267,146984,37627904,256,8000,32.110
2026-07-23T01:22:42.862Z,usb,1,3612849267,146985,37628160,256,8000,32.110
2026-07-23T01:22:42.894Z,usb,1,3612849267,146986,37628416,256,8000,32.110
2026-07-23T01:22:42.926Z,usb,1,3612849267,146987,37628672,256,8000,32.110
2026-07-23T01:22:42.958Z,usb,1,3612849267,146988,37628928,256,8000,32.110
2026-07-23T01:22:42.990Z,usb,1,3612849267,146989,37629184,256,8000,32.110
2026-07-23T01:22:43.022Z,usb,1,3612849267,146990,37629440,256,8000,32.110
2026-07-23T01:22:43.054Z,usb,1,3612849267,146991,37629696,256,8000,32.110
2026-07-23T01:22:43.086Z,usb,1,3612849267,146992,37629952,256,8000,32.110
2026-07-23T01:22:43.118Z,usb,1,3612849267,146993,37630208,256,8000,32.110
2026-07-23T01:22:43.151Z,usb,1,3612849267,146994,37630464,256,8000,32.110
2026-07-23T01:22:43.183Z,usb,1,3612849267,146995,37630720,256,8000,32.110
2026-07-23T01:22:43.215Z,usb,1,3612849267,146996,37630976,256,8000,32.110
2026-07-23T01:22:43.247Z,usb,1,3612849267,146997,37631232,256,8000,32.110
2026-07-23T01:22:43.279Z,usb,1,3612849267,146998,37631488,256,8000,32.110
2026-07-23T01:22:43.310Z,usb,1,3612849267,146999,37631744,256,8000,32.110
2026-07-23T01:22:43.343Z,usb,1,3612849267,147000,37632000,256,8000,32.110
2026-07-23T01:22:43.374Z,usb,1,3612849267,147001,37632256,256,8000,32.110
2026-07-23T01:22:43.406Z,usb,1,3612849267,147002,37632512,256,8000,32.110
2026-07-23T01:22:43.438Z,usb,1,3612849267,147003,37632768,256,8000,32.110
2026-07-23T01:22:43.471Z,usb,1,3612849267,147004,37633024,256,8000,32.110
2026-07-23T01:22:43.502Z,usb,1,3612849267,147005,37633280,256,8000,32.110
2026-07-23T01:22:43.534Z,usb,1,3612849267,147006,37633536,256,8000,32.110
2026-07-23T01:22:43.566Z,usb,1,3612849267,147007,37633792,256,8000,32.110
2026-07-23T01:22:43.598Z,usb,1,3612849267,147008,37634048,256,8000,32.110
2026-07-23T01:22:43.630Z,usb,1,3612849267,147009,37634304,256,8000,32.110
2026-07-23T01:22:43.663Z,usb,1,3612849267,147010,37634560,256,8000,32.110
2026-07-23T01:22:43.695Z,usb,1,3612849267,147011,37634816,256,8000,32.110
2026-07-23T01:22:43.727Z,usb,1,3612849267,147012,37635072,256,8000,32.120
2026-07-23T01:22:43.758Z,usb,1,3612849267,147013,37635328,256,8000,32.120
2026-07-23T01:22:43.790Z,usb,1,3612849267,147014,37635584,256,8000,32.120
2026-07-23T01:22:43.822Z,usb,1,3612849267,147015,37635840,256,8000,32.120
2026-07-23T01:22:43.854Z,usb,1,3612849267,147016,37636096,256,8000,32.120
2026-07-23T01:22:43.886Z,usb,1,3612849267,147017,37636352,256,8000,32.120
2026-07-23T01:22:43.918Z,usb,1,3612849267,147018,37636608,256,8000,32.120
2026-07-23T01:22:43.950Z,usb,1,3612849267,147019,37636864,256,8000,32.120
2026-07-23T01:22:43.982Z,usb,1,3612849267,147020,37637120,256,8000,32.120
2026-07-23T01:22:44.014Z,usb,1,3612849267,147021,37637376,256,8000,32.120
2026-07-23T01:22:44.047Z,usb,1,3612849267,147022,37637632,256,8000,32.120
2026-07-23T01:22:44.079Z,usb,1,3612849267,147023,37637888,256,8000,32.120
2026-07-23T01:22:44.111Z,usb,1,3612849267,147024,37638144,256,8000,32.120
2026-07-23T01:22:44.142Z,usb,1,3612849267,147025,37638400,256,8000,32.120
2026-07-23T01:22:44.175Z,usb,1,3612849267,147026,37638656,256,8000,32.120
2026-07-23T01:22:44.207Z,usb,1,3612849267,147027,37638912,256,8000,32.120
2026-07-23T01:22:44.238Z,usb,1,3612849267,147028,37639168,256,8000,32.120
2026-07-23T01:22:44.271Z,usb,1,3612849267,147029,37639424,256,8000,32.120
2026-07-23T01:22:44.302Z,usb,1,3612849267,147030,37639680,256,8000,32.120
2026-07-23T01:22:44.335Z,usb,1,3612849267,147031,37639936,256,8000,32.120
2026-07-23T01:22:44.366Z,usb,1,3612849267,147032,37640192,256,8000,32.120
2026-07-23T01:22:44.399Z,usb,1,3612849267,147033,37640448,256,8000,32.120
2026-07-23T01:22:44.431Z,usb,1,3612849267,147034,37640704,256,8000,32.120
2026-07-23T01:22:44.462Z,usb,1,3612849267,147035,37640960,256,8000,32.120
2026-07-23T01:22:44.495Z,usb,1,3612849267,147036,37641216,256,8000,32.120
2026-07-23T01:22:44.527Z,usb,1,3612849267,147037,37641472,256,8000,32.120
2026-07-23T01:22:44.558Z,usb,1,3612849267,147038,37641728,256,8000,32.120
2026-07-23T01:22:44.591Z,usb,1,3612849267,147039,37641984,256,8000,32.120
2026-07-23T01:22:44.623Z,usb,1,3612849267,147040,37642240,256,8000,32.120
2026-07-23T01:22:44.654Z,usb,1,3612849267,147041,37642496,256,8000,32.120
2026-07-23T01:22:44.686Z,usb,1,3612849267,147042,37642752,256,8000,32.120
2026-07-23T01:22:44.719Z,usb,1,3612849267,147043,37643008,256,8000,32.120
2026-07-23T01:22:44.751Z,usb,1,3612849267,147044,37643264,256,8000,32.120
2026-07-23T01:22:44.783Z,usb,1,3612849267,147045,37643520,256,8000,32.120
2026-07-23T01:22:44.814Z,usb,1,3612849267,147046,37643776,256,8000,32.120
2026-07-23T01:22:44.847Z,usb,1,3612849267,147047,37644032,256,8000,32.120
2026-07-23T01:22:44.879Z,usb,1,3612849267,147048,37644288,256,8000,32.120
2026-07-23T01:22:44.910Z,usb,1,3612849267,147049,37644544,256,8000,32.120
2026-07-23T01:22:44.943Z,usb,1,3612849267,147050,37644800,256,8000,32.120
2026-07-23T01:22:44.975Z,usb,1,3612849267,147051,37645056,256,8000,32.120
2026-07-23T01:22:45.007Z,usb,1,3612849267,147052,37645312,256,8000,32.120
2026-07-23T01:22:45.039Z,usb,1,3612849267,147053,37645568,256,8000,32.120
2026-07-23T01:22:45.070Z,usb,1,3612849267,147054,37645824,256,8000,32.120
2026-07-23T01:22:45.102Z,usb,1,3612849267,147055,37646080,256,8000,32.120
2026-07-23T01:22:45.135Z,usb,1,3612849267,147056,37646336,256,8000,32.120
2026-07-23T01:22:45.167Z,usb,1,3612849267,147057,37646592,256,8000,32.120
2026-07-23T01:22:45.199Z,usb,1,3612849267,147058,37646848,256,8000,32.120
2026-07-23T01:22:45.230Z,usb,1,3612849267,147059,37647104,256,8000,32.120
2026-07-23T01:22:45.263Z,usb,1,3612849267,147060,37647360,256,8000,32.120
2026-07-23T01:22:45.295Z,usb,1,3612849267,147061,37647616,256,8000,32.120
2026-07-23T01:22:45.326Z,usb,1,3612849267,147062,37647872,256,8000,32.120
2026-07-23T01:22:45.358Z,usb,1,3612849267,147063,37648128,256,8000,32.120
2026-07-23T01:22:45.390Z,usb,1,3612849267,147064,37648384,256,8000,32.120
2026-07-23T01:22:45.422Z,usb,1,3612849267,147065,37648640,256,8000,32.120
2026-07-23T01:22:45.454Z,usb,1,3612849267,147066,37648896,256,8000,32.120
2026-07-23T01:22:45.487Z,usb,1,3612849267,147067,37649152,256,8000,32.120
2026-07-23T01:22:45.518Z,usb,1,3612849267,147068,37649408,256,8000,32.120
2026-07-23T01:22:45.551Z,usb,1,3612849267,147069,37649664,256,8000,32.120
2026-07-23T01:22:45.583Z,usb,1,3612849267,147070,37649920,256,8000,32.120
2026-07-23T01:22:45.615Z,usb,1,3612849267,147071,37650176,256,8000,32.120
2026-07-23T01:22:45.646Z,usb,1,3612849267,147072,37650432,256,8000,32.120
2026-07-23T01:22:45.679Z,usb,1,3612849267,147073,37650688,256,8000,32.120
2026-07-23T01:22:45.710Z,usb,1,3612849267,147074,37650944,256,8000,32.120
2026-07-23T01:22:45.743Z,usb,1,3612849267,147075,37651200,256,8000,32.120
2026-07-23T01:22:45.775Z,usb,1,3612849267,147076,37651456,256,8000,32.120
2026-07-23T01:22:45.806Z,usb,1,3612849267,147077,37651712,256,8000,32.120
2026-07-23T01:22:45.839Z,usb,1,3612849267,147078,37651968,256,8000,32.120
2026-07-23T01:22:45.870Z,usb,1,3612849267,147079,37652224,256,8000,32.120
2026-07-23T01:22:45.903Z,usb,1,3612849267,147080,37652480,256,8000,32.120
2026-07-23T01:22:45.935Z,usb,1,3612849267,147081,37652736,256,8000,32.120
2026-07-23T01:22:45.966Z,usb,1,3612849267,147082,37652992,256,8000,32.120
2026-07-23T01:22:45.998Z,usb,1,3612849267,147083,37653248,256,8000,32.120
2026-07-23T01:22:46.031Z,usb,1,3612849267,147084,37653504,256,8000,32.120
2026-07-23T01:22:46.063Z,usb,1,3612849267,147085,37653760,256,8000,32.120
2026-07-23T01:22:46.094Z,usb,1,3612849267,147086,37654016,256,8000,32.120
2026-07-23T01:22:46.127Z,usb,1,3612849267,147087,37654272,256,8000,32.120
2026-07-23T01:22:46.158Z,usb,1,3612849267,147088,37654528,256,8000,32.120
2026-07-23T01:22:46.191Z,usb,1,3612849267,147089,37654784,256,8000,32.120
2026-07-23T01:22:46.223Z,usb,1,3612849267,147090,37655040,256,8000,32.120
2026-07-23T01:22:46.254Z,usb,1,3612849267,147091,37655296,256,8000,32.120
2026-07-23T01:22:46.287Z,usb,1,3612849267,147092,37655552,256,8000,32.120
2026-07-23T01:22:46.318Z,usb,1,3612849267,147093,37655808,256,8000,32.120
2026-07-23T01:22:46.351Z,usb,1,3612849267,147094,37656064,256,8000,32.120
2026-07-23T01:22:46.383Z,usb,1,3612849267,147095,37656320,256,8000,32.120
2026-07-23T01:22:46.414Z,usb,1,3612849267,147096,37656576,256,8000,32.120
2026-07-23T01:22:46.447Z,usb,1,3612849267,147097,37656832,256,8000,32.120
2026-07-23T01:22:46.479Z,usb,1,3612849267,147098,37657088,256,8000,32.120
2026-07-23T01:22:46.511Z,usb,1,3612849267,147099,37657344,256,8000,32.120
2026-07-23T01:22:46.543Z,usb,1,3612849267,147100,37657600,256,8000,32.120
2026-07-23T01:22:46.574Z,usb,1,3612849267,147101,37657856,256,8000,32.120
2026-07-23T01:22:46.606Z,usb,1,3612849267,147102,37658112,256,8000,32.120
2026-07-23T01:22:46.639Z,usb,1,3612849267,147103,37658368,256,8000,32.120
2026-07-23T01:22:46.671Z,usb,1,3612849267,147104,37658624,256,8000,32.120
2026-07-23T01:22:46.703Z,usb,1,3612849267,147105,37658880,256,8000,32.120
2026-07-23T01:22:46.735Z,usb,1,3612849267,147106,37659136,256,8000,32.120
2026-07-23T01:22:46.767Z,usb,1,3612849267,147107,37659392,256,8000,32.120
2026-07-23T01:22:46.799Z,usb,1,3612849267,147108,37659648,256,8000,32.110
2026-07-23T01:22:46.830Z,usb,1,3612849267,147109,37659904,256,8000,32.110
2026-07-23T01:22:46.862Z,usb,1,3612849267,147110,37660160,256,8000,32.110
2026-07-23T01:22:46.894Z,usb,1,3612849267,147111,37660416,256,8000,32.110
2026-07-23T01:22:46.926Z,usb,1,3612849267,147112,37660672,256,8000,32.110
2026-07-23T01:22:46.958Z,usb,1,3612849267,147113,37660928,256,8000,32.110
2026-07-23T01:22:46.990Z,usb,1,3612849267,147114,37661184,256,8000,32.110
2026-07-23T01:22:47.022Z,usb,1,3612849267,147115,37661440,256,8000,32.110
2026-07-23T01:22:47.054Z,usb,1,3612849267,147116,37661696,256,8000,32.110
2026-07-23T01:22:47.086Z,usb,1,3612849267,147117,37661952,256,8000,32.110
2026-07-23T01:22:47.118Z,usb,1,3612849267,147118,37662208,256,8000,32.110
2026-07-23T01:22:47.151Z,usb,1,3612849267,147119,37662464,256,8000,32.110
2026-07-23T01:22:47.183Z,usb,1,3612849267,147120,37662720,256,8000,32.110
2026-07-23T01:22:47.215Z,usb,1,3612849267,147121,37662976,256,8000,32.110
2026-07-23T01:22:47.246Z,usb,1,3612849267,147122,37663232,256,8000,32.110
2026-07-23T01:22:47.279Z,usb,1,3612849267,147123,37663488,256,8000,32.110
2026-07-23T01:22:47.311Z,usb,1,3612849267,147124,37663744,256,8000,32.110
2026-07-23T01:22:47.343Z,usb,1,3612849267,147125,37664000,256,8000,32.110
2026-07-23T01:22:47.375Z,usb,1,3612849267,147126,37664256,256,8000,32.110
2026-07-23T01:22:47.407Z,usb,1,3612849267,147127,37664512,256,8000,32.110
2026-07-23T01:22:47.439Z,usb,1,3612849267,147128,37664768,256,8000,32.110
2026-07-23T01:22:47.471Z,usb,1,3612849267,147129,37665024,256,8000,32.110
2026-07-23T01:22:47.502Z,usb,1,3612849267,147130,37665280,256,8000,32.110
2026-07-23T01:22:47.535Z,usb,1,3612849267,147131,37665536,256,8000,32.110
2026-07-23T01:22:47.566Z,usb,1,3612849267,147132,37665792,256,8000,32.110
2026-07-23T01:22:47.599Z,usb,1,3612849267,147133,37666048,256,8000,32.110
2026-07-23T01:22:47.630Z,usb,1,3612849267,147134,37666304,256,8000,32.110
2026-07-23T01:22:47.662Z,usb,1,3612849267,147135,37666560,256,8000,32.110
2026-07-23T01:22:47.695Z,usb,1,3612849267,147136,37666816,256,8000,32.110
2026-07-23T01:22:47.726Z,usb,1,3612849267,147137,37667072,256,8000,32.110
2026-07-23T01:22:47.758Z,usb,1,3612849267,147138,37667328,256,8000,32.110
2026-07-23T01:22:47.790Z,usb,1,3612849267,147139,37667584,256,8000,32.110
2026-07-23T01:22:47.823Z,usb,1,3612849267,147140,37667840,256,8000,32.120
2026-07-23T01:22:47.855Z,usb,1,3612849267,147141,37668096,256,8000,32.120
2026-07-23T01:22:47.887Z,usb,1,3612849267,147142,37668352,256,8000,32.120
2026-07-23T01:22:47.918Z,usb,1,3612849267,147143,37668608,256,8000,32.120
2026-07-23T01:22:47.951Z,usb,1,3612849267,147144,37668864,256,8000,32.120
2026-07-23T01:22:47.983Z,usb,1,3612849267,147145,37669120,256,8000,32.120
2026-07-23T01:22:48.014Z,usb,1,3612849267,147146,37669376,256,8000,32.120
2026-07-23T01:22:48.047Z,usb,1,3612849267,147147,37669632,256,8000,32.120
2026-07-23T01:22:48.079Z,usb,1,3612849267,147148,37669888,256,8000,32.120
2026-07-23T01:22:48.110Z,usb,1,3612849267,147149,37670144,256,8000,32.120
2026-07-23T01:22:48.142Z,usb,1,3612849267,147150,37670400,256,8000,32.120
2026-07-23T01:22:48.175Z,usb,1,3612849267,147151,37670656,256,8000,32.120
2026-07-23T01:22:48.207Z,usb,1,3612849267,147152,37670912,256,8000,32.120
2026-07-23T01:22:48.238Z,usb,1,3612849267,147153,37671168,256,8000,32.120
2026-07-23T01:22:48.271Z,usb,1,3612849267,147154,37671424,256,8000,32.120
2026-07-23T01:22:48.302Z,usb,1,3612849267,147155,37671680,256,8000,32.120
2026-07-23T01:22:48.335Z,usb,1,3612849267,147156,37671936,256,8000,32.120
2026-07-23T01:22:48.367Z,usb,1,3612849267,147157,37672192,256,8000,32.120
2026-07-23T01:22:48.398Z,usb,1,3612849267,147158,37672448,256,8000,32.120
2026-07-23T01:22:48.430Z,usb,1,3612849267,147159,37672704,256,8000,32.120
2026-07-23T01:22:48.462Z,usb,1,3612849267,147160,37672960,256,8000,32.120
2026-07-23T01:22:48.494Z,usb,1,3612849267,147161,37673216,256,8000,32.120
2026-07-23T01:22:48.526Z,usb,1,3612849267,147162,37673472,256,8000,32.120
2026-07-23T01:22:48.558Z,usb,1,3612849267,147163,37673728,256,8000,32.120
2026-07-23T01:22:48.591Z,usb,1,3612849267,147164,37673984,256,8000,32.120
2026-07-23T01:22:48.623Z,usb,1,3612849267,147165,37674240,256,8000,32.120
2026-07-23T01:22:48.655Z,usb,1,3612849267,147166,37674496,256,8000,32.120
2026-07-23T01:22:48.686Z,usb,1,3612849267,147167,37674752,256,8000,32.120
2026-07-23T01:22:48.718Z,usb,1,3612849267,147168,37675008,256,8000,32.120
2026-07-23T01:22:48.751Z,usb,1,3612849267,147169,37675264,256,8000,32.120
2026-07-23T01:22:48.782Z,usb,1,3612849267,147170,37675520,256,8000,32.120
2026-07-23T01:22:48.815Z,usb,1,3612849267,147171,37675776,256,8000,32.120
2026-07-23T01:22:48.847Z,usb,1,3612849267,147172,37676032,256,8000,32.120
2026-07-23T01:22:48.878Z,usb,1,3612849267,147173,37676288,256,8000,32.120
2026-07-23T01:22:48.911Z,usb,1,3612849267,147174,37676544,256,8000,32.120
2026-07-23T01:22:48.943Z,usb,1,3612849267,147175,37676800,256,8000,32.120
2026-07-23T01:22:48.975Z,usb,1,3612849267,147176,37677056,256,8000,32.120
2026-07-23T01:22:49.007Z,usb,1,3612849267,147177,37677312,256,8000,32.120
2026-07-23T01:22:49.039Z,usb,1,3612849267,147178,37677568,256,8000,32.120
2026-07-23T01:22:49.071Z,usb,1,3612849267,147179,37677824,256,8000,32.120
2026-07-23T01:22:49.103Z,usb,1,3612849267,147180,37678080,256,8000,32.120
2026-07-23T01:22:49.134Z,usb,1,3612849267,147181,37678336,256,8000,32.120
2026-07-23T01:22:49.167Z,usb,1,3612849267,147182,37678592,256,8000,32.120
2026-07-23T01:22:49.198Z,usb,1,3612849267,147183,37678848,256,8000,32.120
2026-07-23T01:22:49.231Z,usb,1,3612849267,147184,37679104,256,8000,32.120
2026-07-23T01:22:49.262Z,usb,1,3612849267,147185,37679360,256,8000,32.120
2026-07-23T01:22:49.295Z,usb,1,3612849267,147186,37679616,256,8000,32.120
2026-07-23T01:22:49.327Z,usb,1,3612849267,147187,37679872,256,8000,32.120
2026-07-23T01:22:49.358Z,usb,1,3612849267,147188,37680128,256,8000,32.120
2026-07-23T01:22:49.391Z,usb,1,3612849267,147189,37680384,256,8000,32.120
2026-07-23T01:22:49.423Z,usb,1,3612849267,147190,37680640,256,8000,32.120
2026-07-23T01:22:49.455Z,usb,1,3612849267,147191,37680896,256,8000,32.120
2026-07-23T01:22:49.487Z,usb,1,3612849267,147192,37681152,256,8000,32.120
2026-07-23T01:22:49.518Z,usb,1,3612849267,147193,37681408,256,8000,32.120
2026-07-23T01:22:49.551Z,usb,1,3612849267,147194,37681664,256,8000,32.120
2026-07-23T01:22:49.582Z,usb,1,3612849267,147195,37681920,256,8000,32.120
2026-07-23T01:22:49.615Z,usb,1,3612849267,147196,37682176,256,8000,32.120
2026-07-23T01:22:49.646Z,usb,1,3612849267,147197,37682432,256,8000,32.120
2026-07-23T01:22:49.679Z,usb,1,3612849267,147198,37682688,256,8000,32.120
2026-07-23T01:22:49.711Z,usb,1,3612849267,147199,37682944,256,8000,32.120
2026-07-23T01:22:49.742Z,usb,1,3612849267,147200,37683200,256,8000,32.120
2026-07-23T01:22:49.774Z,usb,1,3612849267,147201,37683456,256,8000,32.120
2026-07-23T01:22:49.806Z,usb,1,3612849267,147202,37683712,256,8000,32.120
2026-07-23T01:22:49.838Z,usb,1,3612849267,147203,37683968,256,8000,32.120
2026-07-23T01:22:49.871Z,usb,1,3612849267,147204,37684224,256,8000,32.110
2026-07-23T01:22:49.902Z,usb,1,3612849267,147205,37684480,256,8000,32.110
2026-07-23T01:22:49.934Z,usb,1,3612849267,147206,37684736,256,8000,32.110
2026-07-23T01:22:49.966Z,usb,1,3612849267,147207,37684992,256,8000,32.110
2026-07-23T01:22:49.998Z,usb,1,3612849267,147208,37685248,256,8000,32.110
2026-07-23T01:22:50.030Z,usb,1,3612849267,147209,37685504,256,8000,32.110
2026-07-23T01:22:50.062Z,usb,1,3612849267,147210,37685760,256,8000,32.110
2026-07-23T01:22:50.095Z,usb,1,3612849267,147211,37686016,256,8000,32.110
2026-07-23T01:22:50.126Z,usb,1,3612849267,147212,37686272,256,8000,32.110
2026-07-23T01:22:50.158Z,usb,1,3612849267,147213,37686528,256,8000,32.110
2026-07-23T01:22:50.191Z,usb,1,3612849267,147214,37686784,256,8000,32.110
2026-07-23T01:22:50.222Z,usb,1,3612849267,147215,37687040,256,8000,32.110
2026-07-23T01:22:50.254Z,usb,1,3612849267,147216,37687296,256,8000,32.110
2026-07-23T01:22:50.286Z,usb,1,3612849267,147217,37687552,256,8000,32.110
2026-07-23T01:22:50.318Z,usb,1,3612849267,147218,37687808,256,8000,32.110
2026-07-23T01:22:50.350Z,usb,1,3612849267,147219,37688064,256,8000,32.110
2026-07-23T01:22:50.383Z,usb,1,3612849267,147220,37688320,256,8000,32.110
2026-07-23T01:22:50.414Z,usb,1,3612849267,147221,37688576,256,8000,32.110
2026-07-23T01:22:50.446Z,usb,1,3612849267,147222,37688832,256,8000,32.110
2026-07-23T01:22:50.479Z,usb,1,3612849267,147223,37689088,256,8000,32.110
2026-07-23T01:22:50.510Z,usb,1,3612849267,147224,37689344,256,8000,32.110
2026-07-23T01:22:50.542Z,usb,1,3612849267,147225,37689600,256,8000,32.110
2026-07-23T01:22:50.574Z,usb,1,3612849267,147226,37689856,256,8000,32.110
2026-07-23T01:22:50.606Z,usb,1,3612849267,147227,37690112,256,8000,32.110
2026-07-23T01:22:50.638Z,usb,1,3612849267,147228,37690368,256,8000,32.110
2026-07-23T01:22:50.671Z,usb,1,3612849267,147229,37690624,256,8000,32.110
2026-07-23T01:22:50.703Z,usb,1,3612849267,147230,37690880,256,8000,32.110
2026-07-23T01:22:50.734Z,usb,1,3612849267,147231,37691136,256,8000,32.110
2026-07-23T01:22:50.767Z,usb,1,3612849267,147232,37691392,256,8000,32.110
2026-07-23T01:22:50.798Z,usb,1,3612849267,147233,37691648,256,8000,32.110
2026-07-23T01:22:50.830Z,usb,1,3612849267,147234,37691904,256,8000,32.110
2026-07-23T01:22:50.863Z,usb,1,3612849267,147235,37692160,256,8000,32.110
2026-07-23T01:22:50.895Z,usb,1,3612849267,147236,37692416,256,8000,32.120
2026-07-23T01:22:50.926Z,usb,1,3612849267,147237,37692672,256,8000,32.120
2026-07-23T01:22:50.958Z,usb,1,3612849267,147238,37692928,256,8000,32.120
2026-07-23T01:22:50.990Z,usb,1,3612849267,147239,37693184,256,8000,32.120
2026-07-23T01:22:51.022Z,usb,1,3612849267,147240,37693440,256,8000,32.120
2026-07-23T01:22:51.055Z,usb,1,3612849267,147241,37693696,256,8000,32.120
2026-07-23T01:22:51.086Z,usb,1,3612849267,147242,37693952,256,8000,32.120
2026-07-23T01:22:51.118Z,usb,1,3612849267,147243,37694208,256,8000,32.120
2026-07-23T01:22:51.151Z,usb,1,3612849267,147244,37694464,256,8000,32.120
2026-07-23T01:22:51.183Z,usb,1,3612849267,147245,37694720,256,8000,32.120
2026-07-23T01:22:51.215Z,usb,1,3612849267,147246,37694976,256,8000,32.120
2026-07-23T01:22:51.247Z,usb,1,3612849267,147247,37695232,256,8000,32.120
2026-07-23T01:22:51.279Z,usb,1,3612849267,147248,37695488,256,8000,32.120
2026-07-23T01:22:51.310Z,usb,1,3612849267,147249,37695744,256,8000,32.120
2026-07-23T01:22:51.342Z,usb,1,3612849267,147250,37696000,256,8000,32.120
2026-07-23T01:22:51.375Z,usb,1,3612849267,147251,37696256,256,8000,32.120
2026-07-23T01:22:51.407Z,usb,1,3612849267,147252,37696512,256,8000,32.120
2026-07-23T01:22:51.438Z,usb,1,3612849267,147253,37696768,256,8000,32.120
2026-07-23T01:22:51.470Z,usb,1,3612849267,147254,37697024,256,8000,32.120
2026-07-23T01:22:51.502Z,usb,1,3612849267,147255,37697280,256,8000,32.120
2026-07-23T01:22:51.535Z,usb,1,3612849267,147256,37697536,256,8000,32.120
2026-07-23T01:22:51.567Z,usb,1,3612849267,147257,37697792,256,8000,32.120
2026-07-23T01:22:51.598Z,usb,1,3612849267,147258,37698048,256,8000,32.120
2026-07-23T01:22:51.630Z,usb,1,3612849267,147259,37698304,256,8000,32.120
2026-07-23T01:22:51.663Z,usb,1,3612849267,147260,37698560,256,8000,32.120
2026-07-23T01:22:51.695Z,usb,1,3612849267,147261,37698816,256,8000,32.120
2026-07-23T01:22:51.727Z,usb,1,3612849267,147262,37699072,256,8000,32.120
2026-07-23T01:22:51.759Z,usb,1,3612849267,147263,37699328,256,8000,32.120
2026-07-23T01:22:51.791Z,usb,1,3612849267,147264,37699584,256,8000,32.120
2026-07-23T01:22:51.822Z,usb,1,3612849267,147265,37699840,256,8000,32.120
2026-07-23T01:22:51.854Z,usb,1,3612849267,147266,37700096,256,8000,32.120
2026-07-23T01:22:51.887Z,usb,1,3612849267,147267,37700352,256,8000,32.120
2026-07-23T01:22:51.919Z,usb,1,3612849267,147268,37700608,256,8000,32.110
2026-07-23T01:22:51.950Z,usb,1,3612849267,147269,37700864,256,8000,32.110
2026-07-23T01:22:51.983Z,usb,1,3612849267,147270,37701120,256,8000,32.110
2026-07-23T01:22:52.014Z,usb,1,3612849267,147271,37701376,256,8000,32.110
2026-07-23T01:22:52.046Z,usb,1,3612849267,147272,37701632,256,8000,32.110
2026-07-23T01:22:52.079Z,usb,1,3612849267,147273,37701888,256,8000,32.110
2026-07-23T01:22:52.111Z,usb,1,3612849267,147274,37702144,256,8000,32.110
2026-07-23T01:22:52.143Z,usb,1,3612849267,147275,37702400,256,8000,32.110
2026-07-23T01:22:52.175Z,usb,1,3612849267,147276,37702656,256,8000,32.110
2026-07-23T01:22:52.207Z,usb,1,3612849267,147277,37702912,256,8000,32.110
2026-07-23T01:22:52.238Z,usb,1,3612849267,147278,37703168,256,8000,32.110
2026-07-23T01:22:52.271Z,usb,1,3612849267,147279,37703424,256,8000,32.110
2026-07-23T01:22:52.303Z,usb,1,3612849267,147280,37703680,256,8000,32.110
2026-07-23T01:22:52.335Z,usb,1,3612849267,147281,37703936,256,8000,32.110
2026-07-23T01:22:52.367Z,usb,1,3612849267,147282,37704192,256,8000,32.110
2026-07-23T01:22:52.399Z,usb,1,3612849267,147283,37704448,256,8000,32.110
2026-07-23T01:22:52.431Z,usb,1,3612849267,147284,37704704,256,8000,32.110
2026-07-23T01:22:52.462Z,usb,1,3612849267,147285,37704960,256,8000,32.110
2026-07-23T01:22:52.494Z,usb,1,3612849267,147286,37705216,256,8000,32.110
2026-07-23T01:22:52.526Z,usb,1,3612849267,147287,37705472,256,8000,32.110
2026-07-23T01:22:52.559Z,usb,1,3612849267,147288,37705728,256,8000,32.110
2026-07-23T01:22:52.591Z,usb,1,3612849267,147289,37705984,256,8000,32.110
2026-07-23T01:22:52.622Z,usb,1,3612849267,147290,37706240,256,8000,32.110
2026-07-23T01:22:52.655Z,usb,1,3612849267,147291,37706496,256,8000,32.110
2026-07-23T01:22:52.686Z,usb,1,3612849267,147292,37706752,256,8000,32.110
2026-07-23T01:22:52.718Z,usb,1,3612849267,147293,37707008,256,8000,32.110
2026-07-23T01:22:52.750Z,usb,1,3612849267,147294,37707264,256,8000,32.110
2026-07-23T01:22:52.783Z,usb,1,3612849267,147295,37707520,256,8000,32.110
2026-07-23T01:22:52.815Z,usb,1,3612849267,147296,37707776,256,8000,32.110
2026-07-23T01:22:52.847Z,usb,1,3612849267,147297,37708032,256,8000,32.110
2026-07-23T01:22:52.879Z,usb,1,3612849267,147298,37708288,256,8000,32.110
2026-07-23T01:22:52.911Z,usb,1,3612849267,147299,37708544,256,8000,32.110
2026-07-23T01:22:52.943Z,usb,1,3612849267,147300,37708800,256,8000,32.110
2026-07-23T01:22:52.975Z,usb,1,3612849267,147301,37709056,256,8000,32.110
2026-07-23T01:22:53.007Z,usb,1,3612849267,147302,37709312,256,8000,32.110
2026-07-23T01:22:53.038Z,usb,1,3612849267,147303,37709568,256,8000,32.110
2026-07-23T01:22:53.071Z,usb,1,3612849267,147304,37709824,256,8000,32.110
2026-07-23T01:22:53.103Z,usb,1,3612849267,147305,37710080,256,8000,32.110
2026-07-23T01:22:53.135Z,usb,1,3612849267,147306,37710336,256,8000,32.110
2026-07-23T01:22:53.167Z,usb,1,3612849267,147307,37710592,256,8000,32.110
2026-07-23T01:22:53.199Z,usb,1,3612849267,147308,37710848,256,8000,32.110
2026-07-23T01:22:53.231Z,usb,1,3612849267,147309,37711104,256,8000,32.110
2026-07-23T01:22:53.262Z,usb,1,3612849267,147310,37711360,256,8000,32.110
2026-07-23T01:22:53.295Z,usb,1,3612849267,147311,37711616,256,8000,32.110
2026-07-23T01:22:53.327Z,usb,1,3612849267,147312,37711872,256,8000,32.110
2026-07-23T01:22:53.359Z,usb,1,3612849267,147313,37712128,256,8000,32.110
2026-07-23T01:22:53.391Z,usb,1,3612849267,147314,37712384,256,8000,32.110
2026-07-23T01:22:53.423Z,usb,1,3612849267,147315,37712640,256,8000,32.110
2026-07-23T01:22:53.454Z,usb,1,3612849267,147316,37712896,256,8000,32.110
2026-07-23T01:22:53.486Z,usb,1,3612849267,147317,37713152,256,8000,32.110
2026-07-23T01:22:53.518Z,usb,1,3612849267,147318,37713408,256,8000,32.110
2026-07-23T01:22:53.550Z,usb,1,3612849267,147319,37713664,256,8000,32.110
2026-07-23T01:22:53.583Z,usb,1,3612849267,147320,37713920,256,8000,32.110
2026-07-23T01:22:53.615Z,usb,1,3612849267,147321,37714176,256,8000,32.110
2026-07-23T01:22:53.648Z,usb,1,3612849267,147322,37714432,256,8000,32.110
2026-07-23T01:22:53.679Z,usb,1,3612849267,147323,37714688,256,8000,32.110
2026-07-23T01:22:53.710Z,usb,1,3612849267,147324,37714944,256,8000,32.110
2026-07-23T01:22:53.743Z,usb,1,3612849267,147325,37715200,256,8000,32.110
2026-07-23T01:22:53.775Z,usb,1,3612849267,147326,37715456,256,8000,32.110
2026-07-23T01:22:53.807Z,usb,1,3612849267,147327,37715712,256,8000,32.110
2026-07-23T01:22:53.838Z,usb,1,3612849267,147328,37715968,256,8000,32.110
2026-07-23T01:22:53.871Z,usb,1,3612849267,147329,37716224,256,8000,32.110
2026-07-23T01:22:53.903Z,usb,1,3612849267,147330,37716480,256,8000,32.110
2026-07-23T01:22:53.935Z,usb,1,3612849267,147331,37716736,256,8000,32.110
2026-07-23T01:22:53.967Z,usb,1,3612849267,147332,37716992,256,8000,32.120
2026-07-23T01:22:53.999Z,usb,1,3612849267,147333,37717248,256,8000,32.120
2026-07-23T01:22:54.031Z,usb,1,3612849267,147334,37717504,256,8000,32.120
2026-07-23T01:22:54.062Z,usb,1,3612849267,147335,37717760,256,8000,32.120
2026-07-23T01:22:54.094Z,usb,1,3612849267,147336,37718016,256,8000,32.120
2026-07-23T01:22:54.126Z,usb,1,3612849267,147337,37718272,256,8000,32.120
2026-07-23T01:22:54.159Z,usb,1,3612849267,147338,37718528,256,8000,32.120
2026-07-23T01:22:54.191Z,usb,1,3612849267,147339,37718784,256,8000,32.120
2026-07-23T01:22:54.223Z,usb,1,3612849267,147340,37719040,256,8000,32.120
2026-07-23T01:22:54.255Z,usb,1,3612849267,147341,37719296,256,8000,32.120
2026-07-23T01:22:54.287Z,usb,1,3612849267,147342,37719552,256,8000,32.120
2026-07-23T01:22:54.319Z,usb,1,3612849267,147343,37719808,256,8000,32.120
2026-07-23T01:22:54.350Z,usb,1,3612849267,147344,37720064,256,8000,32.120
2026-07-23T01:22:54.383Z,usb,1,3612849267,147345,37720320,256,8000,32.120
2026-07-23T01:22:54.415Z,usb,1,3612849267,147346,37720576,256,8000,32.120
2026-07-23T01:22:54.446Z,usb,1,3612849267,147347,37720832,256,8000,32.120
2026-07-23T01:22:54.478Z,usb,1,3612849267,147348,37721088,256,8000,32.120
2026-07-23T01:22:54.510Z,usb,1,3612849267,147349,37721344,256,8000,32.120
2026-07-23T01:22:54.542Z,usb,1,3612849267,147350,37721600,256,8000,32.120
2026-07-23T01:22:54.574Z,usb,1,3612849267,147351,37721856,256,8000,32.120
2026-07-23T01:22:54.607Z,usb,1,3612849267,147352,37722112,256,8000,32.120
2026-07-23T01:22:54.639Z,usb,1,3612849267,147353,37722368,256,8000,32.120
2026-07-23T01:22:54.671Z,usb,1,3612849267,147354,37722624,256,8000,32.120
2026-07-23T01:22:54.703Z,usb,1,3612849267,147355,37722880,256,8000,32.120
2026-07-23T01:22:54.735Z,usb,1,3612849267,147356,37723136,256,8000,32.120
2026-07-23T01:22:54.766Z,usb,1,3612849267,147357,37723392,256,8000,32.120
2026-07-23T01:22:54.799Z,usb,1,3612849267,147358,37723648,256,8000,32.120
2026-07-23T01:22:54.830Z,usb,1,3612849267,147359,37723904,256,8000,32.120
2026-07-23T01:22:54.863Z,usb,1,3612849267,147360,37724160,256,8000,32.120
2026-07-23T01:22:54.894Z,usb,1,3612849267,147361,37724416,256,8000,32.120
2026-07-23T01:22:54.926Z,usb,1,3612849267,147362,37724672,256,8000,32.120
2026-07-23T01:22:54.958Z,usb,1,3612849267,147363,37724928,256,8000,32.120
2026-07-23T01:22:54.991Z,usb,1,3612849267,147364,37725184,256,8000,32.120
2026-07-23T01:22:55.023Z,usb,1,3612849267,147365,37725440,256,8000,32.120
2026-07-23T01:22:55.054Z,usb,1,3612849267,147366,37725696,256,8000,32.120
2026-07-23T01:22:55.086Z,usb,1,3612849267,147367,37725952,256,8000,32.120
2026-07-23T01:22:55.119Z,usb,1,3612849267,147368,37726208,256,8000,32.120
2026-07-23T01:22:55.151Z,usb,1,3612849267,147369,37726464,256,8000,32.120
2026-07-23T01:22:55.183Z,usb,1,3612849267,147370,37726720,256,8000,32.120
2026-07-23T01:22:55.215Z,usb,1,3612849267,147371,37726976,256,8000,32.120
2026-07-23T01:22:55.246Z,usb,1,3612849267,147372,37727232,256,8000,32.120
2026-07-23T01:22:55.279Z,usb,1,3612849267,147373,37727488,256,8000,32.120
2026-07-23T01:22:55.311Z,usb,1,3612849267,147374,37727744,256,8000,32.120
2026-07-23T01:22:55.343Z,usb,1,3612849267,147375,37728000,256,8000,32.120
2026-07-23T01:22:55.374Z,usb,1,3612849267,147376,37728256,256,8000,32.120
2026-07-23T01:22:55.407Z,usb,1,3612849267,147377,37728512,256,8000,32.120
2026-07-23T01:22:55.439Z,usb,1,3612849267,147378,37728768,256,8000,32.120
2026-07-23T01:22:55.470Z,usb,1,3612849267,147379,37729024,256,8000,32.120
2026-07-23T01:22:55.502Z,usb,1,3612849267,147380,37729280,256,8000,32.120
2026-07-23T01:22:55.535Z,usb,1,3612849267,147381,37729536,256,8000,32.120
2026-07-23T01:22:55.567Z,usb,1,3612849267,147382,37729792,256,8000,32.120
2026-07-23T01:22:55.598Z,usb,1,3612849267,147383,37730048,256,8000,32.120
2026-07-23T01:22:55.630Z,usb,1,3612849267,147384,37730304,256,8000,32.120
2026-07-23T01:22:55.663Z,usb,1,3612849267,147385,37730560,256,8000,32.120
2026-07-23T01:22:55.694Z,usb,1,3612849267,147386,37730816,256,8000,32.120
2026-07-23T01:22:55.727Z,usb,1,3612849267,147387,37731072,256,8000,32.120
2026-07-23T01:22:55.759Z,usb,1,3612849267,147388,37731328,256,8000,32.120
2026-07-23T01:22:55.791Z,usb,1,3612849267,147389,37731584,256,8000,32.120
2026-07-23T01:22:55.822Z,usb,1,3612849267,147390,37731840,256,8000,32.120
2026-07-23T01:22:55.854Z,usb,1,3612849267,147391,37732096,256,8000,32.120
2026-07-23T01:22:55.886Z,usb,1,3612849267,147392,37732352,256,8000,32.120
2026-07-23T01:22:55.918Z,usb,1,3612849267,147393,37732608,256,8000,32.120
2026-07-23T01:22:55.951Z,usb,1,3612849267,147394,37732864,256,8000,32.120
2026-07-23T01:22:55.982Z,usb,1,3612849267,147395,37733120,256,8000,32.120
2026-07-23T01:22:56.015Z,usb,1,3612849267,147396,37733376,256,8000,32.110
2026-07-23T01:22:56.046Z,usb,1,3612849267,147397,37733632,256,8000,32.110
2026-07-23T01:22:56.078Z,usb,1,3612849267,147398,37733888,256,8000,32.110
2026-07-23T01:22:56.110Z,usb,1,3612849267,147399,37734144,256,8000,32.110
2026-07-23T01:22:56.142Z,usb,1,3612849267,147400,37734400,256,8000,32.110
2026-07-23T01:22:56.175Z,usb,1,3612849267,147401,37734656,256,8000,32.110
2026-07-23T01:22:56.207Z,usb,1,3612849267,147402,37734912,256,8000,32.110
2026-07-23T01:22:56.239Z,usb,1,3612849267,147403,37735168,256,8000,32.110
2026-07-23T01:22:56.271Z,usb,1,3612849267,147404,37735424,256,8000,32.110
2026-07-23T01:22:56.303Z,usb,1,3612849267,147405,37735680,256,8000,32.110
2026-07-23T01:22:56.335Z,usb,1,3612849267,147406,37735936,256,8000,32.110
2026-07-23T01:22:56.367Z,usb,1,3612849267,147407,37736192,256,8000,32.110
2026-07-23T01:22:56.398Z,usb,1,3612849267,147408,37736448,256,8000,32.110
2026-07-23T01:22:56.430Z,usb,1,3612849267,147409,37736704,256,8000,32.110
2026-07-23T01:22:56.462Z,usb,1,3612849267,147410,37736960,256,8000,32.110
2026-07-23T01:22:56.494Z,usb,1,3612849267,147411,37737216,256,8000,32.110
2026-07-23T01:22:56.526Z,usb,1,3612849267,147412,37737472,256,8000,32.110
2026-07-23T01:22:56.558Z,usb,1,3612849267,147413,37737728,256,8000,32.110
2026-07-23T01:22:56.590Z,usb,1,3612849267,147414,37737984,256,8000,32.110
2026-07-23T01:22:56.622Z,usb,1,3612849267,147415,37738240,256,8000,32.110
2026-07-23T01:22:56.654Z,usb,1,3612849267,147416,37738496,256,8000,32.110
2026-07-23T01:22:56.686Z,usb,1,3612849267,147417,37738752,256,8000,32.110
2026-07-23T01:22:56.718Z,usb,1,3612849267,147418,37739008,256,8000,32.110
2026-07-23T01:22:56.750Z,usb,1,3612849267,147419,37739264,256,8000,32.110
2026-07-23T01:22:56.783Z,usb,1,3612849267,147420,37739520,256,8000,32.110
2026-07-23T01:22:56.815Z,usb,1,3612849267,147421,37739776,256,8000,32.110
2026-07-23T01:22:56.847Z,usb,1,3612849267,147422,37740032,256,8000,32.110
2026-07-23T01:22:56.878Z,usb,1,3612849267,147423,37740288,256,8000,32.110
2026-07-23T01:22:56.911Z,usb,1,3612849267,147424,37740544,256,8000,32.110
2026-07-23T01:22:56.942Z,usb,1,3612849267,147425,37740800,256,8000,32.110
2026-07-23T01:22:56.975Z,usb,1,3612849267,147426,37741056,256,8000,32.110
2026-07-23T01:22:57.006Z,usb,1,3612849267,147427,37741312,256,8000,32.110
2026-07-23T01:22:57.039Z,usb,1,3612849267,147428,37741568,256,8000,32.110
2026-07-23T01:22:57.070Z,usb,1,3612849267,147429,37741824,256,8000,32.110
2026-07-23T01:22:57.103Z,usb,1,3612849267,147430,37742080,256,8000,32.110
2026-07-23T01:22:57.135Z,usb,1,3612849267,147431,37742336,256,8000,32.110
2026-07-23T01:22:57.167Z,usb,1,3612849267,147432,37742592,256,8000,32.110
2026-07-23T01:22:57.199Z,usb,1,3612849267,147433,37742848,256,8000,32.110
2026-07-23T01:22:57.231Z,usb,1,3612849267,147434,37743104,256,8000,32.110
2026-07-23T01:22:57.262Z,usb,1,3612849267,147435,37743360,256,8000,32.110
2026-07-23T01:22:57.295Z,usb,1,3612849267,147436,37743616,256,8000,32.110
2026-07-23T01:22:57.327Z,usb,1,3612849267,147437,37743872,256,8000,32.110
2026-07-23T01:22:57.359Z,usb,1,3612849267,147438,37744128,256,8000,32.110
2026-07-23T01:22:57.391Z,usb,1,3612849267,147439,37744384,256,8000,32.110
2026-07-23T01:22:57.423Z,usb,1,3612849267,147440,37744640,256,8000,32.110
2026-07-23T01:22:57.455Z,usb,1,3612849267,147441,37744896,256,8000,32.110
2026-07-23T01:22:57.487Z,usb,1,3612849267,147442,37745152,256,8000,32.110
2026-07-23T01:22:57.519Z,usb,1,3612849267,147443,37745408,256,8000,32.110
2026-07-23T01:22:57.551Z,usb,1,3612849267,147444,37745664,256,8000,32.110
2026-07-23T01:22:57.583Z,usb,1,3612849267,147445,37745920,256,8000,32.110
2026-07-23T01:22:57.615Z,usb,1,3612849267,147446,37746176,256,8000,32.110
2026-07-23T01:22:57.647Z,usb,1,3612849267,147447,37746432,256,8000,32.110
2026-07-23T01:22:57.678Z,usb,1,3612849267,147448,37746688,256,8000,32.110
2026-07-23T01:22:57.711Z,usb,1,3612849267,147449,37746944,256,8000,32.110
2026-07-23T01:22:57.743Z,usb,1,3612849267,147450,37747200,256,8000,32.110
2026-07-23T01:22:57.774Z,usb,1,3612849267,147451,37747456,256,8000,32.110
2026-07-23T01:22:57.806Z,usb,1,3612849267,147452,37747712,256,8000,32.110
2026-07-23T01:22:57.838Z,usb,1,3612849267,147453,37747968,256,8000,32.110
2026-07-23T01:22:57.871Z,usb,1,3612849267,147454,37748224,256,8000,32.110
2026-07-23T01:22:57.902Z,usb,1,3612849267,147455,37748480,256,8000,32.110
2026-07-23T01:22:57.934Z,usb,1,3612849267,147456,37748736,256,8000,32.110
2026-07-23T01:22:57.966Z,usb,1,3612849267,147457,37748992,256,8000,32.110
2026-07-23T01:22:57.998Z,usb,1,3612849267,147458,37749248,256,8000,32.110
2026-07-23T01:22:58.030Z,usb,1,3612849267,147459,37749504,256,8000,32.110
2026-07-23T01:22:58.063Z,usb,1,3612849267,147460,37749760,256,8000,32.110
2026-07-23T01:22:58.094Z,usb,1,3612849267,147461,37750016,256,8000,32.110
2026-07-23T01:22:58.127Z,usb,1,3612849267,147462,37750272,256,8000,32.110
2026-07-23T01:22:58.158Z,usb,1,3612849267,147463,37750528,256,8000,32.110
2026-07-23T01:22:58.191Z,usb,1,3612849267,147464,37750784,256,8000,32.110
2026-07-23T01:22:58.223Z,usb,1,3612849267,147465,37751040,256,8000,32.110
2026-07-23T01:22:58.255Z,usb,1,3612849267,147466,37751296,256,8000,32.110
2026-07-23T01:22:58.287Z,usb,1,3612849267,147467,37751552,256,8000,32.110
2026-07-23T01:22:58.319Z,usb,1,3612849267,147468,37751808,256,8000,32.110
2026-07-23T01:22:58.351Z,usb,1,3612849267,147469,37752064,256,8000,32.110
2026-07-23T01:22:58.382Z,usb,1,3612849267,147470,37752320,256,8000,32.110
2026-07-23T01:22:58.415Z,usb,1,3612849267,147471,37752576,256,8000,32.110
2026-07-23T01:22:58.447Z,usb,1,3612849267,147472,37752832,256,8000,32.110
2026-07-23T01:22:58.479Z,usb,1,3612849267,147473,37753088,256,8000,32.110
2026-07-23T01:22:58.510Z,usb,1,3612849267,147474,37753344,256,8000,32.110
2026-07-23T01:22:58.543Z,usb,1,3612849267,147475,37753600,256,8000,32.110
2026-07-23T01:22:58.574Z,usb,1,3612849267,147476,37753856,256,8000,32.110
2026-07-23T01:22:58.606Z,usb,1,3612849267,147477,37754112,256,8000,32.110
2026-07-23T01:22:58.639Z,usb,1,3612849267,147478,37754368,256,8000,32.110
2026-07-23T01:22:58.671Z,usb,1,3612849267,147479,37754624,256,8000,32.110
2026-07-23T01:22:58.702Z,usb,1,3612849267,147480,37754880,256,8000,32.110
2026-07-23T01:22:58.735Z,usb,1,3612849267,147481,37755136,256,8000,32.110
2026-07-23T01:22:58.767Z,usb,1,3612849267,147482,37755392,256,8000,32.110
2026-07-23T01:22:58.798Z,usb,1,3612849267,147483,37755648,256,8000,32.110
2026-07-23T01:22:58.831Z,usb,1,3612849267,147484,37755904,256,8000,32.110
2026-07-23T01:22:58.862Z,usb,1,3612849267,147485,37756160,256,8000,32.110
2026-07-23T01:22:58.894Z,usb,1,3612849267,147486,37756416,256,8000,32.110
2026-07-23T01:22:58.927Z,usb,1,3612849267,147487,37756672,256,8000,32.110
2026-07-23T01:22:58.959Z,usb,1,3612849267,147488,37756928,256,8000,32.110
2026-07-23T01:22:58.990Z,usb,1,3612849267,147489,37757184,256,8000,32.110
2026-07-23T01:22:59.023Z,usb,1,3612849267,147490,37757440,256,8000,32.110
2026-07-23T01:22:59.055Z,usb,1,3612849267,147491,37757696,256,8000,32.110
2026-07-23T01:22:59.087Z,usb,1,3612849267,147492,37757952,256,8000,32.110
2026-07-23T01:22:59.119Z,usb,1,3612849267,147493,37758208,256,8000,32.110
2026-07-23T01:22:59.151Z,usb,1,3612849267,147494,37758464,256,8000,32.110
2026-07-23T01:22:59.183Z,usb,1,3612849267,147495,37758720,256,8000,32.110
2026-07-23T01:22:59.214Z,usb,1,3612849267,147496,37758976,256,8000,32.110
2026-07-23T01:22:59.246Z,usb,1,3612849267,147497,37759232,256,8000,32.110
2026-07-23T01:22:59.279Z,usb,1,3612849267,147498,37759488,256,8000,32.110
2026-07-23T01:22:59.311Z,usb,1,3612849267,147499,37759744,256,8000,32.110
2026-07-23T01:22:59.343Z,usb,1,3612849267,147500,37760000,256,8000,32.110
2026-07-23T01:22:59.374Z,usb,1,3612849267,147501,37760256,256,8000,32.110
2026-07-23T01:22:59.406Z,usb,1,3612849267,147502,37760512,256,8000,32.110
2026-07-23T01:22:59.439Z,usb,1,3612849267,147503,37760768,256,8000,32.110
2026-07-23T01:22:59.470Z,usb,1,3612849267,147504,37761024,256,8000,32.110
2026-07-23T01:22:59.502Z,usb,1,3612849267,147505,37761280,256,8000,32.110
2026-07-23T01:22:59.535Z,usb,1,3612849267,147506,37761536,256,8000,32.110
2026-07-23T01:22:59.566Z,usb,1,3612849267,147507,37761792,256,8000,32.110
2026-07-23T01:22:59.598Z,usb,1,3612849267,147508,37762048,256,8000,32.110
2026-07-23T01:22:59.631Z,usb,1,3612849267,147509,37762304,256,8000,32.110
2026-07-23T01:22:59.663Z,usb,1,3612849267,147510,37762560,256,8000,32.110
2026-07-23T01:22:59.694Z,usb,1,3612849267,147511,37762816,256,8000,32.110
2026-07-23T01:22:59.726Z,usb,1,3612849267,147512,37763072,256,8000,32.110
2026-07-23T01:22:59.758Z,usb,1,3612849267,147513,37763328,256,8000,32.110
2026-07-23T01:22:59.790Z,usb,1,3612849267,147514,37763584,256,8000,32.110
2026-07-23T01:22:59.822Z,usb,1,3612849267,147515,37763840,256,8000,32.110
2026-07-23T01:22:59.854Z,usb,1,3612849267,147516,37764096,256,8000,32.110
2026-07-23T01:22:59.886Z,usb,1,3612849267,147517,37764352,256,8000,32.110
2026-07-23T01:22:59.918Z,usb,1,3612849267,147518,37764608,256,8000,32.110
2026-07-23T01:22:59.951Z,usb,1,3612849267,147519,37764864,256,8000,32.110
2026-07-23T01:22:59.982Z,usb,1,3612849267,147520,37765120,256,8000,32.110
2026-07-23T01:23:00.014Z,usb,1,3612849267,147521,37765376,256,8000,32.110
2026-07-23T01:23:00.047Z,usb,1,3612849267,147522,37765632,256,8000,32.110
2026-07-23T01:23:00.078Z,usb,1,3612849267,147523,37765888,256,8000,32.110
2026-07-23T01:23:00.111Z,usb,1,3612849267,147524,37766144,256,8000,32.120
2026-07-23T01:23:00.143Z,usb,1,3612849267,147525,37766400,256,8000,32.120
2026-07-23T01:23:00.175Z,usb,1,3612849267,147526,37766656,256,8000,32.120
2026-07-23T01:23:00.206Z,usb,1,3612849267,147527,37766912,256,8000,32.120
2026-07-23T01:23:00.238Z,usb,1,3612849267,147528,37767168,256,8000,32.120
2026-07-23T01:23:00.271Z,usb,1,3612849267,147529,37767424,256,8000,32.120
2026-07-23T01:23:00.302Z,usb,1,3612849267,147530,37767680,256,8000,32.120
2026-07-23T01:23:00.335Z,usb,1,3612849267,147531,37767936,256,8000,32.120
2026-07-23T01:23:00.367Z,usb,1,3612849267,147532,37768192,256,8000,32.120
2026-07-23T01:23:00.398Z,usb,1,3612849267,147533,37768448,256,8000,32.120
2026-07-23T01:23:00.430Z,usb,1,3612849267,147534,37768704,256,8000,32.120
2026-07-23T01:23:00.462Z,usb,1,3612849267,147535,37768960,256,8000,32.120
2026-07-23T01:23:00.494Z,usb,1,3612849267,147536,37769216,256,8000,32.120
2026-07-23T01:23:00.526Z,usb,1,3612849267,147537,37769472,256,8000,32.120
2026-07-23T01:23:00.558Z,usb,1,3612849267,147538,37769728,256,8000,32.120
2026-07-23T01:23:00.590Z,usb,1,3612849267,147539,37769984,256,8000,32.120
2026-07-23T01:23:00.622Z,usb,1,3612849267,147540,37770240,256,8000,32.120
2026-07-23T01:23:00.654Z,usb,1,3612849267,147541,37770496,256,8000,32.120
2026-07-23T01:23:00.686Z,usb,1,3612849267,147542,37770752,256,8000,32.120
2026-07-23T01:23:00.719Z,usb,1,3612849267,147543,37771008,256,8000,32.120
2026-07-23T01:23:00.751Z,usb,1,3612849267,147544,37771264,256,8000,32.120
2026-07-23T01:23:00.783Z,usb,1,3612849267,147545,37771520,256,8000,32.120
2026-07-23T01:23:00.815Z,usb,1,3612849267,147546,37771776,256,8000,32.120
2026-07-23T01:23:00.846Z,usb,1,3612849267,147547,37772032,256,8000,32.120
2026-07-23T01:23:00.878Z,usb,1,3612849267,147548,37772288,256,8000,32.120
2026-07-23T01:23:00.911Z,usb,1,3612849267,147549,37772544,256,8000,32.120
2026-07-23T01:23:00.943Z,usb,1,3612849267,147550,37772800,256,8000,32.120
2026-07-23T01:23:00.975Z,usb,1,3612849267,147551,37773056,256,8000,32.120
2026-07-23T01:23:01.006Z,usb,1,3612849267,147552,37773312,256,8000,32.120
2026-07-23T01:23:01.038Z,usb,1,3612849267,147553,37773568,256,8000,32.120
2026-07-23T01:23:01.070Z,usb,1,3612849267,147554,37773824,256,8000,32.120
2026-07-23T01:23:01.102Z,usb,1,3612849267,147555,37774080,256,8000,32.120
2026-07-23T01:23:01.135Z,usb,1,3612849267,147556,37774336,256,8000,32.120
2026-07-23T01:23:01.167Z,usb,1,3612849267,147557,37774592,256,8000,32.120
2026-07-23T01:23:01.199Z,usb,1,3612849267,147558,37774848,256,8000,32.120
2026-07-23T01:23:01.230Z,usb,1,3612849267,147559,37775104,256,8000,32.120
2026-07-23T01:23:01.263Z,usb,1,3612849267,147560,37775360,256,8000,32.120
2026-07-23T01:23:01.295Z,usb,1,3612849267,147561,37775616,256,8000,32.120
2026-07-23T01:23:01.327Z,usb,1,3612849267,147562,37775872,256,8000,32.120
2026-07-23T01:23:01.358Z,usb,1,3612849267,147563,37776128,256,8000,32.120
2026-07-23T01:23:01.390Z,usb,1,3612849267,147564,37776384,256,8000,32.120
2026-07-23T01:23:01.422Z,usb,1,3612849267,147565,37776640,256,8000,32.120
2026-07-23T01:23:01.455Z,usb,1,3612849267,147566,37776896,256,8000,32.120
2026-07-23T01:23:01.487Z,usb,1,3612849267,147567,37777152,256,8000,32.120
2026-07-23T01:23:01.518Z,usb,1,3612849267,147568,37777408,256,8000,32.120
2026-07-23T01:23:01.551Z,usb,1,3612849267,147569,37777664,256,8000,32.120
2026-07-23T01:23:01.583Z,usb,1,3612849267,147570,37777920,256,8000,32.120
2026-07-23T01:23:01.614Z,usb,1,3612849267,147571,37778176,256,8000,32.120
2026-07-23T01:23:01.646Z,usb,1,3612849267,147572,37778432,256,8000,32.120
2026-07-23T01:23:01.678Z,usb,1,3612849267,147573,37778688,256,8000,32.120
2026-07-23T01:23:01.711Z,usb,1,3612849267,147574,37778944,256,8000,32.120
2026-07-23T01:23:01.742Z,usb,1,3612849267,147575,37779200,256,8000,32.120
2026-07-23T01:23:01.774Z,usb,1,3612849267,147576,37779456,256,8000,32.120
2026-07-23T01:23:01.806Z,usb,1,3612849267,147577,37779712,256,8000,32.120
2026-07-23T01:23:01.838Z,usb,1,3612849267,147578,37779968,256,8000,32.120
2026-07-23T01:23:01.870Z,usb,1,3612849267,147579,37780224,256,8000,32.120
2026-07-23T01:23:01.902Z,usb,1,3612849267,147580,37780480,256,8000,32.120
2026-07-23T01:23:01.934Z,usb,1,3612849267,147581,37780736,256,8000,32.120
2026-07-23T01:23:01.967Z,usb,1,3612849267,147582,37780992,256,8000,32.120
2026-07-23T01:23:01.998Z,usb,1,3612849267,147583,37781248,256,8000,32.120
2026-07-23T01:23:02.030Z,usb,1,3612849267,147584,37781504,256,8000,32.120
2026-07-23T01:23:02.063Z,usb,1,3612849267,147585,37781760,256,8000,32.120
2026-07-23T01:23:02.094Z,usb,1,3612849267,147586,37782016,256,8000,32.120
2026-07-23T01:23:02.126Z,usb,1,3612849267,147587,37782272,256,8000,32.120
2026-07-23T01:23:02.159Z,usb,1,3612849267,147588,37782528,256,8000,32.120
2026-07-23T01:23:02.190Z,usb,1,3612849267,147589,37782784,256,8000,32.120
2026-07-23T01:23:02.222Z,usb,1,3612849267,147590,37783040,256,8000,32.120
2026-07-23T01:23:02.255Z,usb,1,3612849267,147591,37783296,256,8000,32.120
2026-07-23T01:23:02.287Z,usb,1,3612849267,147592,37783552,256,8000,32.120
2026-07-23T01:23:02.318Z,usb,1,3612849267,147593,37783808,256,8000,32.120
2026-07-23T01:23:02.350Z,usb,1,3612849267,147594,37784064,256,8000,32.120
2026-07-23T01:23:02.382Z,usb,1,3612849267,147595,37784320,256,8000,32.120
2026-07-23T01:23:02.414Z,usb,1,3612849267,147596,37784576,256,8000,32.120
2026-07-23T01:23:02.446Z,usb,1,3612849267,147597,37784832,256,8000,32.120
2026-07-23T01:23:02.478Z,usb,1,3612849267,147598,37785088,256,8000,32.120
2026-07-23T01:23:02.510Z,usb,1,3612849267,147599,37785344,256,8000,32.120
2026-07-23T01:23:02.543Z,usb,1,3612849267,147600,37785600,256,8000,32.120
2026-07-23T01:23:02.574Z,usb,1,3612849267,147601,37785856,256,8000,32.120
2026-07-23T01:23:02.606Z,usb,1,3612849267,147602,37786112,256,8000,32.120
2026-07-23T01:23:02.638Z,usb,1,3612849267,147603,37786368,256,8000,32.120
2026-07-23T01:23:02.671Z,usb,1,3612849267,147604,37786624,256,8000,32.120
2026-07-23T01:23:02.702Z,usb,1,3612849267,147605,37786880,256,8000,32.120
2026-07-23T01:23:02.734Z,usb,1,3612849267,147606,37787136,256,8000,32.120
2026-07-23T01:23:02.767Z,usb,1,3612849267,147607,37787392,256,8000,32.120
2026-07-23T01:23:02.798Z,usb,1,3612849267,147608,37787648,256,8000,32.120
2026-07-23T01:23:02.830Z,usb,1,3612849267,147609,37787904,256,8000,32.120
2026-07-23T01:23:02.862Z,usb,1,3612849267,147610,37788160,256,8000,32.120
2026-07-23T01:23:02.894Z,usb,1,3612849267,147611,37788416,256,8000,32.120
2026-07-23T01:23:02.926Z,usb,1,3612849267,147612,37788672,256,8000,32.120
2026-07-23T01:23:02.958Z,usb,1,3612849267,147613,37788928,256,8000,32.120
2026-07-23T01:23:02.990Z,usb,1,3612849267,147614,37789184,256,8000,32.120
2026-07-23T01:23:03.022Z,usb,1,3612849267,147615,37789440,256,8000,32.120
2026-07-23T01:23:03.054Z,usb,1,3612849267,147616,37789696,256,8000,32.120
2026-07-23T01:23:03.086Z,usb,1,3612849267,147617,37789952,256,8000,32.120
2026-07-23T01:23:03.118Z,usb,1,3612849267,147618,37790208,256,8000,32.120
2026-07-23T01:23:03.150Z,usb,1,3612849267,147619,37790464,256,8000,32.120
2026-07-23T01:23:03.183Z,usb,1,3612849267,147620,37790720,256,8000,32.120
2026-07-23T01:23:03.214Z,usb,1,3612849267,147621,37790976,256,8000,32.120
2026-07-23T01:23:03.246Z,usb,1,3612849267,147622,37791232,256,8000,32.120
2026-07-23T01:23:03.279Z,usb,1,3612849267,147623,37791488,256,8000,32.120
2026-07-23T01:23:03.311Z,usb,1,3612849267,147624,37791744,256,8000,32.120
2026-07-23T01:23:03.342Z,usb,1,3612849267,147625,37792000,256,8000,32.120
2026-07-23T01:23:03.374Z,usb,1,3612849267,147626,37792256,256,8000,32.120
2026-07-23T01:23:03.406Z,usb,1,3612849267,147627,37792512,256,8000,32.120
2026-07-23T01:23:03.439Z,usb,1,3612849267,147628,37792768,256,8000,32.120
2026-07-23T01:23:03.471Z,usb,1,3612849267,147629,37793024,256,8000,32.120
2026-07-23T01:23:03.502Z,usb,1,3612849267,147630,37793280,256,8000,32.120
2026-07-23T01:23:03.534Z,usb,1,3612849267,147631,37793536,256,8000,32.120
2026-07-23T01:23:03.567Z,usb,1,3612849267,147632,37793792,256,8000,32.120
2026-07-23T01:23:03.598Z,usb,1,3612849267,147633,37794048,256,8000,32.120
2026-07-23T01:23:03.631Z,usb,1,3612849267,147634,37794304,256,8000,32.120
2026-07-23T01:23:03.663Z,usb,1,3612849267,147635,37794560,256,8000,32.120
2026-07-23T01:23:03.694Z,usb,1,3612849267,147636,37794816,256,8000,32.120
2026-07-23T01:23:03.726Z,usb,1,3612849267,147637,37795072,256,8000,32.120
2026-07-23T01:23:03.758Z,usb,1,3612849267,147638,37795328,256,8000,32.120
2026-07-23T01:23:03.790Z,usb,1,3612849267,147639,37795584,256,8000,32.120
2026-07-23T01:23:03.822Z,usb,1,3612849267,147640,37795840,256,8000,32.120
2026-07-23T01:23:03.854Z,usb,1,3612849267,147641,37796096,256,8000,32.120
2026-07-23T01:23:03.886Z,usb,1,3612849267,147642,37796352,256,8000,32.120
2026-07-23T01:23:03.918Z,usb,1,3612849267,147643,37796608,256,8000,32.120
2026-07-23T01:23:03.950Z,usb,1,3612849267,147644,37796864,256,8000,32.120
2026-07-23T01:23:03.982Z,usb,1,3612849267,147645,37797120,256,8000,32.120
2026-07-23T01:23:04.014Z,usb,1,3612849267,147646,37797376,256,8000,32.120
2026-07-23T01:23:04.046Z,usb,1,3612849267,147647,37797632,256,8000,32.120
2026-07-23T01:23:04.078Z,usb,1,3612849267,147648,37797888,256,8000,32.120
2026-07-23T01:23:04.110Z,usb,1,3612849267,147649,37798144,256,8000,32.120
2026-07-23T01:23:04.142Z,usb,1,3612849267,147650,37798400,256,8000,32.120
2026-07-23T01:23:04.175Z,usb,1,3612849267,147651,37798656,256,8000,32.120
2026-07-23T01:23:04.207Z,usb,1,3612849267,147652,37798912,256,8000,32.120
2026-07-23T01:23:04.238Z,usb,1,3612849267,147653,37799168,256,8000,32.120
2026-07-23T01:23:04.271Z,usb,1,3612849267,147654,37799424,256,8000,32.120
2026-07-23T01:23:04.302Z,usb,1,3612849267,147655,37799680,256,8000,32.120
2026-07-23T01:23:04.334Z,usb,1,3612849267,147656,37799936,256,8000,32.120
2026-07-23T01:23:04.366Z,usb,1,3612849267,147657,37800192,256,8000,32.120
2026-07-23T01:23:04.398Z,usb,1,3612849267,147658,37800448,256,8000,32.120
2026-07-23T01:23:04.430Z,usb,1,3612849267,147659,37800704,256,8000,32.120
2026-07-23T01:23:04.462Z,usb,1,3612849267,147660,37800960,256,8000,32.120
2026-07-23T01:23:04.494Z,usb,1,3612849267,147661,37801216,256,8000,32.120
2026-07-23T01:23:04.526Z,usb,1,3612849267,147662,37801472,256,8000,32.120
2026-07-23T01:23:04.558Z,usb,1,3612849267,147663,37801728,256,8000,32.120
2026-07-23T01:23:04.591Z,usb,1,3612849267,147664,37801984,256,8000,32.120
2026-07-23T01:23:04.623Z,usb,1,3612849267,147665,37802240,256,8000,32.120
2026-07-23T01:23:04.654Z,usb,1,3612849267,147666,37802496,256,8000,32.120
2026-07-23T01:23:04.686Z,usb,1,3612849267,147667,37802752,256,8000,32.120
2026-07-23T01:23:04.718Z,usb,1,3612849267,147668,37803008,256,8000,32.120
2026-07-23T01:23:04.751Z,usb,1,3612849267,147669,37803264,256,8000,32.120
2026-07-23T01:23:04.783Z,usb,1,3612849267,147670,37803520,256,8000,32.120
2026-07-23T01:23:04.815Z,usb,1,3612849267,147671,37803776,256,8000,32.120
2026-07-23T01:23:04.847Z,usb,1,3612849267,147672,37804032,256,8000,32.120
2026-07-23T01:23:04.879Z,usb,1,3612849267,147673,37804288,256,8000,32.120
2026-07-23T01:23:04.910Z,usb,1,3612849267,147674,37804544,256,8000,32.120
2026-07-23T01:23:04.942Z,usb,1,3612849267,147675,37804800,256,8000,32.120
2026-07-23T01:23:04.974Z,usb,1,3612849267,147676,37805056,256,8000,32.120
2026-07-23T01:23:05.006Z,usb,1,3612849267,147677,37805312,256,8000,32.120
2026-07-23T01:23:05.038Z,usb,1,3612849267,147678,37805568,256,8000,32.120
2026-07-23T01:23:05.071Z,usb,1,3612849267,147679,37805824,256,8000,32.120
2026-07-23T01:23:05.102Z,usb,1,3612849267,147680,37806080,256,8000,32.120
2026-07-23T01:23:05.135Z,usb,1,3612849267,147681,37806336,256,8000,32.120
2026-07-23T01:23:05.166Z,usb,1,3612849267,147682,37806592,256,8000,32.120
2026-07-23T01:23:05.199Z,usb,1,3612849267,147683,37806848,256,8000,32.120
2026-07-23T01:23:05.231Z,usb,1,3612849267,147684,37807104,256,8000,32.120
2026-07-23T01:23:05.262Z,usb,1,3612849267,147685,37807360,256,8000,32.120
2026-07-23T01:23:05.295Z,usb,1,3612849267,147686,37807616,256,8000,32.120
2026-07-23T01:23:05.326Z,usb,1,3612849267,147687,37807872,256,8000,32.120
2026-07-23T01:23:05.358Z,usb,1,3612849267,147688,37808128,256,8000,32.120
2026-07-23T01:23:05.390Z,usb,1,3612849267,147689,37808384,256,8000,32.120
2026-07-23T01:23:05.422Z,usb,1,3612849267,147690,37808640,256,8000,32.120
2026-07-23T01:23:05.455Z,usb,1,3612849267,147691,37808896,256,8000,32.120
2026-07-23T01:23:05.487Z,usb,1,3612849267,147692,37809152,256,8000,32.120
2026-07-23T01:23:05.518Z,usb,1,3612849267,147693,37809408,256,8000,32.120
2026-07-23T01:23:05.550Z,usb,1,3612849267,147694,37809664,256,8000,32.120
2026-07-23T01:23:05.582Z,usb,1,3612849267,147695,37809920,256,8000,32.120
2026-07-23T01:23:05.614Z,usb,1,3612849267,147696,37810176,256,8000,32.120
2026-07-23T01:23:05.646Z,usb,1,3612849267,147697,37810432,256,8000,32.120
2026-07-23T01:23:05.678Z,usb,1,3612849267,147698,37810688,256,8000,32.120
2026-07-23T01:23:05.711Z,usb,1,3612849267,147699,37810944,256,8000,32.120
2026-07-23T01:23:05.742Z,usb,1,3612849267,147700,37811200,256,8000,32.120
2026-07-23T01:23:05.775Z,usb,1,3612849267,147701,37811456,256,8000,32.120
2026-07-23T01:23:05.806Z,usb,1,3612849267,147702,37811712,256,8000,32.120
2026-07-23T01:23:05.838Z,usb,1,3612849267,147703,37811968,256,8000,32.120
2026-07-23T01:23:05.871Z,usb,1,3612849267,147704,37812224,256,8000,32.120
2026-07-23T01:23:05.902Z,usb,1,3612849267,147705,37812480,256,8000,32.120
2026-07-23T01:23:05.934Z,usb,1,3612849267,147706,37812736,256,8000,32.120
2026-07-23T01:23:05.966Z,usb,1,3612849267,147707,37812992,256,8000,32.120
2026-07-23T01:23:05.998Z,usb,1,3612849267,147708,37813248,256,8000,32.120
2026-07-23T01:23:06.030Z,usb,1,3612849267,147709,37813504,256,8000,32.120
2026-07-23T01:23:06.062Z,usb,1,3612849267,147710,37813760,256,8000,32.120
2026-07-23T01:23:06.095Z,usb,1,3612849267,147711,37814016,256,8000,32.120
2026-07-23T01:23:06.126Z,usb,1,3612849267,147712,37814272,256,8000,32.120
2026-07-23T01:23:06.158Z,usb,1,3612849267,147713,37814528,256,8000,32.120
2026-07-23T01:23:06.191Z,usb,1,3612849267,147714,37814784,256,8000,32.120
2026-07-23T01:23:06.222Z,usb,1,3612849267,147715,37815040,256,8000,32.120
2026-07-23T01:23:06.255Z,usb,1,3612849267,147716,37815296,256,8000,32.120
2026-07-23T01:23:06.286Z,usb,1,3612849267,147717,37815552,256,8000,32.120
2026-07-23T01:23:06.318Z,usb,1,3612849267,147718,37815808,256,8000,32.120
2026-07-23T01:23:06.350Z,usb,1,3612849267,147719,37816064,256,8000,32.120
2026-07-23T01:23:06.383Z,usb,1,3612849267,147720,37816320,256,8000,32.120
2026-07-23T01:23:06.414Z,usb,1,3612849267,147721,37816576,256,8000,32.120
2026-07-23T01:23:06.446Z,usb,1,3612849267,147722,37816832,256,8000,32.120
2026-07-23T01:23:06.478Z,usb,1,3612849267,147723,37817088,256,8000,32.120
2026-07-23T01:23:06.510Z,usb,1,3612849267,147724,37817344,256,8000,32.120
2026-07-23T01:23:06.542Z,usb,1,3612849267,147725,37817600,256,8000,32.120
2026-07-23T01:23:06.574Z,usb,1,3612849267,147726,37817856,256,8000,32.120
2026-07-23T01:23:06.606Z,usb,1,3612849267,147727,37818112,256,8000,32.120
2026-07-23T01:23:06.638Z,usb,1,3612849267,147728,37818368,256,8000,32.120
2026-07-23T01:23:06.671Z,usb,1,3612849267,147729,37818624,256,8000,32.120
2026-07-23T01:23:06.703Z,usb,1,3612849267,147730,37818880,256,8000,32.120
2026-07-23T01:23:06.734Z,usb,1,3612849267,147731,37819136,256,8000,32.120
2026-07-23T01:23:06.766Z,usb,1,3612849267,147732,37819392,256,8000,32.120
2026-07-23T01:23:06.799Z,usb,1,3612849267,147733,37819648,256,8000,32.120
2026-07-23T01:23:06.830Z,usb,1,3612849267,147734,37819904,256,8000,32.120
2026-07-23T01:23:06.862Z,usb,1,3612849267,147735,37820160,256,8000,32.120
2026-07-23T01:23:06.894Z,usb,1,3612849267,147736,37820416,256,8000,32.120
2026-07-23T01:23:06.926Z,usb,1,3612849267,147737,37820672,256,8000,32.120
2026-07-23T01:23:06.958Z,usb,1,3612849267,147738,37820928,256,8000,32.120
2026-07-23T01:23:06.990Z,usb,1,3612849267,147739,37821184,256,8000,32.120
2026-07-23T01:23:07.022Z,usb,1,3612849267,147740,37821440,256,8000,32.120
2026-07-23T01:23:07.054Z,usb,1,3612849267,147741,37821696,256,8000,32.120
2026-07-23T01:23:07.087Z,usb,1,3612849267,147742,37821952,256,8000,32.120
2026-07-23T01:23:07.118Z,usb,1,3612849267,147743,37822208,256,8000,32.120
2026-07-23T01:23:07.150Z,usb,1,3612849267,147744,37822464,256,8000,32.120
2026-07-23T01:23:07.183Z,usb,1,3612849267,147745,37822720,256,8000,32.120
2026-07-23T01:23:07.214Z,usb,1,3612849267,147746,37822976,256,8000,32.120
2026-07-23T01:23:07.247Z,usb,1,3612849267,147747,37823232,256,8000,32.120
2026-07-23T01:23:07.279Z,usb,1,3612849267,147748,37823488,256,8000,32.110
2026-07-23T01:23:07.310Z,usb,1,3612849267,147749,37823744,256,8000,32.110
2026-07-23T01:23:07.342Z,usb,1,3612849267,147750,37824000,256,8000,32.110
2026-07-23T01:23:07.374Z,usb,1,3612849267,147751,37824256,256,8000,32.110
2026-07-23T01:23:07.407Z,usb,1,3612849267,147752,37824512,256,8000,32.110
2026-07-23T01:23:07.438Z,usb,1,3612849267,147753,37824768,256,8000,32.110
2026-07-23T01:23:07.470Z,usb,1,3612849267,147754,37825024,256,8000,32.110
2026-07-23T01:23:07.503Z,usb,1,3612849267,147755,37825280,256,8000,32.110
2026-07-23T01:23:07.534Z,usb,1,3612849267,147756,37825536,256,8000,32.110
2026-07-23T01:23:07.566Z,usb,1,3612849267,147757,37825792,256,8000,32.110
2026-07-23T01:23:07.598Z,usb,1,3612849267,147758,37826048,256,8000,32.110
2026-07-23T01:23:07.631Z,usb,1,3612849267,147759,37826304,256,8000,32.110
2026-07-23T01:23:07.663Z,usb,1,3612849267,147760,37826560,256,8000,32.110
2026-07-23T01:23:07.695Z,usb,1,3612849267,147761,37826816,256,8000,32.110
2026-07-23T01:23:07.726Z,usb,1,3612849267,147762,37827072,256,8000,32.110
2026-07-23T01:23:07.758Z,usb,1,3612849267,147763,37827328,256,8000,32.110
2026-07-23T01:23:07.790Z,usb,1,3612849267,147764,37827584,256,8000,32.110
2026-07-23T01:23:07.823Z,usb,1,3612849267,147765,37827840,256,8000,32.110
2026-07-23T01:23:07.854Z,usb,1,3612849267,147766,37828096,256,8000,32.110
2026-07-23T01:23:07.886Z,usb,1,3612849267,147767,37828352,256,8000,32.110
2026-07-23T01:23:07.918Z,usb,1,3612849267,147768,37828608,256,8000,32.110
2026-07-23T01:23:07.950Z,usb,1,3612849267,147769,37828864,256,8000,32.110
2026-07-23T01:23:07.982Z,usb,1,3612849267,147770,37829120,256,8000,32.110
2026-07-23T01:23:08.014Z,usb,1,3612849267,147771,37829376,256,8000,32.110
2026-07-23T01:23:08.046Z,usb,1,3612849267,147772,37829632,256,8000,32.110
2026-07-23T01:23:08.078Z,usb,1,3612849267,147773,37829888,256,8000,32.110
2026-07-23T01:23:08.111Z,usb,1,3612849267,147774,37830144,256,8000,32.110
2026-07-23T01:23:08.142Z,usb,1,3612849267,147775,37830400,256,8000,32.110
2026-07-23T01:23:08.175Z,usb,1,3612849267,147776,37830656,256,8000,32.110
2026-07-23T01:23:08.207Z,usb,1,3612849267,147777,37830912,256,8000,32.110
2026-07-23T01:23:08.238Z,usb,1,3612849267,147778,37831168,256,8000,32.110
2026-07-23T01:23:08.271Z,usb,1,3612849267,147779,37831424,256,8000,32.110
2026-07-23T01:23:08.303Z,usb,1,3612849267,147780,37831680,256,8000,32.120
2026-07-23T01:23:08.335Z,usb,1,3612849267,147781,37831936,256,8000,32.120
2026-07-23T01:23:08.366Z,usb,1,3612849267,147782,37832192,256,8000,32.120
2026-07-23T01:23:08.398Z,usb,1,3612849267,147783,37832448,256,8000,32.120
2026-07-23T01:23:08.430Z,usb,1,3612849267,147784,37832704,256,8000,32.120
2026-07-23T01:23:08.462Z,usb,1,3612849267,147785,37832960,256,8000,32.120
2026-07-23T01:23:08.494Z,usb,1,3612849267,147786,37833216,256,8000,32.120
2026-07-23T01:23:08.526Z,usb,1,3612849267,147787,37833472,256,8000,32.120
2026-07-23T01:23:08.558Z,usb,1,3612849267,147788,37833728,256,8000,32.120
2026-07-23T01:23:08.590Z,usb,1,3612849267,147789,37833984,256,8000,32.120
2026-07-23T01:23:08.622Z,usb,1,3612849267,147790,37834240,256,8000,32.120
2026-07-23T01:23:08.654Z,usb,1,3612849267,147791,37834496,256,8000,32.120
2026-07-23T01:23:08.686Z,usb,1,3612849267,147792,37834752,256,8000,32.120
2026-07-23T01:23:08.718Z,usb,1,3612849267,147793,37835008,256,8000,32.120
2026-07-23T01:23:08.750Z,usb,1,3612849267,147794,37835264,256,8000,32.120
2026-07-23T01:23:08.783Z,usb,1,3612849267,147795,37835520,256,8000,32.120
2026-07-23T01:23:08.815Z,usb,1,3612849267,147796,37835776,256,8000,32.120
2026-07-23T01:23:08.846Z,usb,1,3612849267,147797,37836032,256,8000,32.120
2026-07-23T01:23:08.878Z,usb,1,3612849267,147798,37836288,256,8000,32.120
2026-07-23T01:23:08.910Z,usb,1,3612849267,147799,37836544,256,8000,32.120
2026-07-23T01:23:08.943Z,usb,1,3612849267,147800,37836800,256,8000,32.120
2026-07-23T01:23:08.975Z,usb,1,3612849267,147801,37837056,256,8000,32.120
2026-07-23T01:23:09.007Z,usb,1,3612849267,147802,37837312,256,8000,32.120
2026-07-23T01:23:09.039Z,usb,1,3612849267,147803,37837568,256,8000,32.120
2026-07-23T01:23:09.071Z,usb,1,3612849267,147804,37837824,256,8000,32.120
2026-07-23T01:23:09.103Z,usb,1,3612849267,147805,37838080,256,8000,32.120
2026-07-23T01:23:09.135Z,usb,1,3612849267,147806,37838336,256,8000,32.120
2026-07-23T01:23:09.167Z,usb,1,3612849267,147807,37838592,256,8000,32.120
2026-07-23T01:23:09.199Z,usb,1,3612849267,147808,37838848,256,8000,32.120
2026-07-23T01:23:09.231Z,usb,1,3612849267,147809,37839104,256,8000,32.120
2026-07-23T01:23:09.262Z,usb,1,3612849267,147810,37839360,256,8000,32.120
2026-07-23T01:23:09.295Z,usb,1,3612849267,147811,37839616,256,8000,32.120
2026-07-23T01:23:09.327Z,usb,1,3612849267,147812,37839872,256,8000,32.120
2026-07-23T01:23:09.358Z,usb,1,3612849267,147813,37840128,256,8000,32.120
2026-07-23T01:23:09.390Z,usb,1,3612849267,147814,37840384,256,8000,32.120
2026-07-23T01:23:09.422Z,usb,1,3612849267,147815,37840640,256,8000,32.120
2026-07-23T01:23:09.454Z,usb,1,3612849267,147816,37840896,256,8000,32.120
2026-07-23T01:23:09.486Z,usb,1,3612849267,147817,37841152,256,8000,32.120
2026-07-23T01:23:09.518Z,usb,1,3612849267,147818,37841408,256,8000,32.120
2026-07-23T01:23:09.550Z,usb,1,3612849267,147819,37841664,256,8000,32.120
2026-07-23T01:23:09.583Z,usb,1,3612849267,147820,37841920,256,8000,32.120
2026-07-23T01:23:09.614Z,usb,1,3612849267,147821,37842176,256,8000,32.120
2026-07-23T01:23:09.647Z,usb,1,3612849267,147822,37842432,256,8000,32.120
2026-07-23T01:23:09.679Z,usb,1,3612849267,147823,37842688,256,8000,32.120
2026-07-23T01:23:09.710Z,usb,1,3612849267,147824,37842944,256,8000,32.120
2026-07-23T01:23:09.742Z,usb,1,3612849267,147825,37843200,256,8000,32.120
2026-07-23T01:23:09.774Z,usb,1,3612849267,147826,37843456,256,8000,32.120
2026-07-23T01:23:09.806Z,usb,1,3612849267,147827,37843712,256,8000,32.120
2026-07-23T01:23:09.838Z,usb,1,3612849267,147828,37843968,256,8000,32.120
2026-07-23T01:23:09.870Z,usb,1,3612849267,147829,37844224,256,8000,32.120
2026-07-23T01:23:09.902Z,usb,1,3612849267,147830,37844480,256,8000,32.120
2026-07-23T01:23:09.934Z,usb,1,3612849267,147831,37844736,256,8000,32.120
2026-07-23T01:23:09.966Z,usb,1,3612849267,147832,37844992,256,8000,32.120
2026-07-23T01:23:09.998Z,usb,1,3612849267,147833,37845248,256,8000,32.120
2026-07-23T01:23:10.030Z,usb,1,3612849267,147834,37845504,256,8000,32.120
2026-07-23T01:23:10.062Z,usb,1,3612849267,147835,37845760,256,8000,32.120
2026-07-23T01:23:10.095Z,usb,1,3612849267,147836,37846016,256,8000,32.120
2026-07-23T01:23:10.127Z,usb,1,3612849267,147837,37846272,256,8000,32.120
2026-07-23T01:23:10.158Z,usb,1,3612849267,147838,37846528,256,8000,32.120
2026-07-23T01:23:10.190Z,usb,1,3612849267,147839,37846784,256,8000,32.120
2026-07-23T01:23:10.222Z,usb,1,3612849267,147840,37847040,256,8000,32.120
2026-07-23T01:23:10.254Z,usb,1,3612849267,147841,37847296,256,8000,32.120
2026-07-23T01:23:10.287Z,usb,1,3612849267,147842,37847552,256,8000,32.120
2026-07-23T01:23:10.318Z,usb,1,3612849267,147843,37847808,256,8000,32.120
2026-07-23T01:23:10.351Z,usb,1,3612849267,147844,37848064,256,8000,32.120
2026-07-23T01:23:10.382Z,usb,1,3612849267,147845,37848320,256,8000,32.120
2026-07-23T01:23:10.414Z,usb,1,3612849267,147846,37848576,256,8000,32.120
2026-07-23T01:23:10.446Z,usb,1,3612849267,147847,37848832,256,8000,32.120
2026-07-23T01:23:10.478Z,usb,1,3612849267,147848,37849088,256,8000,32.120
2026-07-23T01:23:10.510Z,usb,1,3612849267,147849,37849344,256,8000,32.120
2026-07-23T01:23:10.542Z,usb,1,3612849267,147850,37849600,256,8000,32.120
2026-07-23T01:23:10.574Z,usb,1,3612849267,147851,37849856,256,8000,32.120
2026-07-23T01:23:10.606Z,usb,1,3612849267,147852,37850112,256,8000,32.120
2026-07-23T01:23:10.638Z,usb,1,3612849267,147853,37850368,256,8000,32.120
2026-07-23T01:23:10.671Z,usb,1,3612849267,147854,37850624,256,8000,32.120
2026-07-23T01:23:10.702Z,usb,1,3612849267,147855,37850880,256,8000,32.120
2026-07-23T01:23:10.734Z,usb,1,3612849267,147856,37851136,256,8000,32.120
2026-07-23T01:23:10.766Z,usb,1,3612849267,147857,37851392,256,8000,32.120
2026-07-23T01:23:10.798Z,usb,1,3612849267,147858,37851648,256,8000,32.120
2026-07-23T01:23:10.830Z,usb,1,3612849267,147859,37851904,256,8000,32.120
2026-07-23T01:23:10.862Z,usb,1,3612849267,147860,37852160,256,8000,32.120
2026-07-23T01:23:10.894Z,usb,1,3612849267,147861,37852416,256,8000,32.120
2026-07-23T01:23:10.926Z,usb,1,3612849267,147862,37852672,256,8000,32.120
2026-07-23T01:23:10.958Z,usb,1,3612849267,147863,37852928,256,8000,32.120
2026-07-23T01:23:10.990Z,usb,1,3612849267,147864,37853184,256,8000,32.120
2026-07-23T01:23:11.022Z,usb,1,3612849267,147865,37853440,256,8000,32.120
2026-07-23T01:23:11.054Z,usb,1,3612849267,147866,37853696,256,8000,32.120
2026-07-23T01:23:11.086Z,usb,1,3612849267,147867,37853952,256,8000,32.120
2026-07-23T01:23:11.118Z,usb,1,3612849267,147868,37854208,256,8000,32.120
2026-07-23T01:23:11.150Z,usb,1,3612849267,147869,37854464,256,8000,32.120
2026-07-23T01:23:11.183Z,usb,1,3612849267,147870,37854720,256,8000,32.120
2026-07-23T01:23:11.214Z,usb,1,3612849267,147871,37854976,256,8000,32.120
2026-07-23T01:23:11.246Z,usb,1,3612849267,147872,37855232,256,8000,32.120
2026-07-23T01:23:11.279Z,usb,1,3612849267,147873,37855488,256,8000,32.120
2026-07-23T01:23:11.310Z,usb,1,3612849267,147874,37855744,256,8000,32.120
2026-07-23T01:23:11.342Z,usb,1,3612849267,147875,37856000,256,8000,32.120
2026-07-23T01:23:11.375Z,usb,1,3612849267,147876,37856256,256,8000,32.120
2026-07-23T01:23:11.406Z,usb,1,3612849267,147877,37856512,256,8000,32.120
2026-07-23T01:23:11.438Z,usb,1,3612849267,147878,37856768,256,8000,32.120
2026-07-23T01:23:11.470Z,usb,1,3612849267,147879,37857024,256,8000,32.120
2026-07-23T01:23:11.502Z,usb,1,3612849267,147880,37857280,256,8000,32.120
2026-07-23T01:23:11.534Z,usb,1,3612849267,147881,37857536,256,8000,32.120
2026-07-23T01:23:11.566Z,usb,1,3612849267,147882,37857792,256,8000,32.120
2026-07-23T01:23:11.598Z,usb,1,3612849267,147883,37858048,256,8000,32.120
2026-07-23T01:23:11.630Z,usb,1,3612849267,147884,37858304,256,8000,32.120
2026-07-23T01:23:11.663Z,usb,1,3612849267,147885,37858560,256,8000,32.120
2026-07-23T01:23:11.695Z,usb,1,3612849267,147886,37858816,256,8000,32.120
2026-07-23T01:23:11.726Z,usb,1,3612849267,147887,37859072,256,8000,32.120
2026-07-23T01:23:11.758Z,usb,1,3612849267,147888,37859328,256,8000,32.120
2026-07-23T01:23:11.790Z,usb,1,3612849267,147889,37859584,256,8000,32.120
2026-07-23T01:23:11.822Z,usb,1,3612849267,147890,37859840,256,8000,32.120
2026-07-23T01:23:11.854Z,usb,1,3612849267,147891,37860096,256,8000,32.120
2026-07-23T01:23:11.886Z,usb,1,3612849267,147892,37860352,256,8000,32.120
2026-07-23T01:23:11.918Z,usb,1,3612849267,147893,37860608,256,8000,32.120
2026-07-23T01:23:11.950Z,usb,1,3612849267,147894,37860864,256,8000,32.120
2026-07-23T01:23:11.982Z,usb,1,3612849267,147895,37861120,256,8000,32.120
2026-07-23T01:23:12.014Z,usb,1,3612849267,147896,37861376,256,8000,32.120
2026-07-23T01:23:12.046Z,usb,1,3612849267,147897,37861632,256,8000,32.120
2026-07-23T01:23:12.078Z,usb,1,3612849267,147898,37861888,256,8000,32.120
2026-07-23T01:23:12.110Z,usb,1,3612849267,147899,37862144,256,8000,32.120
2026-07-23T01:23:12.142Z,usb,1,3612849267,147900,37862400,256,8000,32.120
2026-07-23T01:23:12.175Z,usb,1,3612849267,147901,37862656,256,8000,32.120
2026-07-23T01:23:12.207Z,usb,1,3612849267,147902,37862912,256,8000,32.120
2026-07-23T01:23:12.238Z,usb,1,3612849267,147903,37863168,256,8000,32.120
2026-07-23T01:23:12.271Z,usb,1,3612849267,147904,37863424,256,8000,32.120
2026-07-23T01:23:12.302Z,usb,1,3612849267,147905,37863680,256,8000,32.120
2026-07-23T01:23:12.334Z,usb,1,3612849267,147906,37863936,256,8000,32.120
2026-07-23T01:23:12.366Z,usb,1,3612849267,147907,37864192,256,8000,32.120
2026-07-23T01:23:12.399Z,usb,1,3612849267,147908,37864448,256,8000,32.110
2026-07-23T01:23:12.430Z,usb,1,3612849267,147909,37864704,256,8000,32.110
2026-07-23T01:23:12.462Z,usb,1,3612849267,147910,37864960,256,8000,32.110
2026-07-23T01:23:12.494Z,usb,1,3612849267,147911,37865216,256,8000,32.110
2026-07-23T01:23:12.526Z,usb,1,3612849267,147912,37865472,256,8000,32.110
2026-07-23T01:23:12.558Z,usb,1,3612849267,147913,37865728,256,8000,32.110
2026-07-23T01:23:12.590Z,usb,1,3612849267,147914,37865984,256,8000,32.110
2026-07-23T01:23:12.622Z,usb,1,3612849267,147915,37866240,256,8000,32.110
2026-07-23T01:23:12.654Z,usb,1,3612849267,147916,37866496,256,8000,32.110
2026-07-23T01:23:12.686Z,usb,1,3612849267,147917,37866752,256,8000,32.110
2026-07-23T01:23:12.718Z,usb,1,3612849267,147918,37867008,256,8000,32.110
2026-07-23T01:23:12.750Z,usb,1,3612849267,147919,37867264,256,8000,32.110
2026-07-23T01:23:12.783Z,usb,1,3612849267,147920,37867520,256,8000,32.110
2026-07-23T01:23:12.815Z,usb,1,3612849267,147921,37867776,256,8000,32.110
2026-07-23T01:23:12.847Z,usb,1,3612849267,147922,37868032,256,8000,32.110
2026-07-23T01:23:12.879Z,usb,1,3612849267,147923,37868288,256,8000,32.110
2026-07-23T01:23:12.910Z,usb,1,3612849267,147924,37868544,256,8000,32.110
2026-07-23T01:23:12.942Z,usb,1,3612849267,147925,37868800,256,8000,32.110
2026-07-23T01:23:12.975Z,usb,1,3612849267,147926,37869056,256,8000,32.110
2026-07-23T01:23:13.006Z,usb,1,3612849267,147927,37869312,256,8000,32.110
2026-07-23T01:23:13.039Z,usb,1,3612849267,147928,37869568,256,8000,32.110
2026-07-23T01:23:13.070Z,usb,1,3612849267,147929,37869824,256,8000,32.110
2026-07-23T01:23:13.103Z,usb,1,3612849267,147930,37870080,256,8000,32.110
2026-07-23T01:23:13.135Z,usb,1,3612849267,147931,37870336,256,8000,32.110
2026-07-23T01:23:13.166Z,usb,1,3612849267,147932,37870592,256,8000,32.110
2026-07-23T01:23:13.198Z,usb,1,3612849267,147933,37870848,256,8000,32.110
2026-07-23T01:23:13.230Z,usb,1,3612849267,147934,37871104,256,8000,32.110
2026-07-23T01:23:13.262Z,usb,1,3612849267,147935,37871360,256,8000,32.110
2026-07-23T01:23:13.294Z,usb,1,3612849267,147936,37871616,256,8000,32.110
2026-07-23T01:23:13.327Z,usb,1,3612849267,147937,37871872,256,8000,32.110
2026-07-23T01:23:13.358Z,usb,1,3612849267,147938,37872128,256,8000,32.110
2026-07-23T01:23:13.391Z,usb,1,3612849267,147939,37872384,256,8000,32.110
2026-07-23T01:23:13.423Z,usb,1,3612849267,147940,37872640,256,8000,32.120
2026-07-23T01:23:13.455Z,usb,1,3612849267,147941,37872896,256,8000,32.120
2026-07-23T01:23:13.486Z,usb,1,3612849267,147942,37873152,256,8000,32.120
2026-07-23T01:23:13.518Z,usb,1,3612849267,147943,37873408,256,8000,32.120
2026-07-23T01:23:13.550Z,usb,1,3612849267,147944,37873664,256,8000,32.120
2026-07-23T01:23:13.583Z,usb,1,3612849267,147945,37873920,256,8000,32.120
2026-07-23T01:23:13.614Z,usb,1,3612849267,147946,37874176,256,8000,32.120
2026-07-23T01:23:13.646Z,usb,1,3612849267,147947,37874432,256,8000,32.120
2026-07-23T01:23:13.678Z,usb,1,3612849267,147948,37874688,256,8000,32.120
2026-07-23T01:23:13.711Z,usb,1,3612849267,147949,37874944,256,8000,32.120
2026-07-23T01:23:13.742Z,usb,1,3612849267,147950,37875200,256,8000,32.120
2026-07-23T01:23:13.775Z,usb,1,3612849267,147951,37875456,256,8000,32.120
2026-07-23T01:23:13.807Z,usb,1,3612849267,147952,37875712,256,8000,32.120
2026-07-23T01:23:13.839Z,usb,1,3612849267,147953,37875968,256,8000,32.120
2026-07-23T01:23:13.870Z,usb,1,3612849267,147954,37876224,256,8000,32.120
2026-07-23T01:23:13.903Z,usb,1,3612849267,147955,37876480,256,8000,32.120
2026-07-23T01:23:13.934Z,usb,1,3612849267,147956,37876736,256,8000,32.120
2026-07-23T01:23:13.967Z,usb,1,3612849267,147957,37876992,256,8000,32.120
2026-07-23T01:23:13.998Z,usb,1,3612849267,147958,37877248,256,8000,32.120
2026-07-23T01:23:14.030Z,usb,1,3612849267,147959,37877504,256,8000,32.120
2026-07-23T01:23:14.062Z,usb,1,3612849267,147960,37877760,256,8000,32.120
2026-07-23T01:23:14.094Z,usb,1,3612849267,147961,37878016,256,8000,32.120
2026-07-23T01:23:14.127Z,usb,1,3612849267,147962,37878272,256,8000,32.120
2026-07-23T01:23:14.158Z,usb,1,3612849267,147963,37878528,256,8000,32.120
2026-07-23T01:23:14.190Z,usb,1,3612849267,147964,37878784,256,8000,32.120
2026-07-23T01:23:14.223Z,usb,1,3612849267,147965,37879040,256,8000,32.120
2026-07-23T01:23:14.254Z,usb,1,3612849267,147966,37879296,256,8000,32.120
2026-07-23T01:23:14.286Z,usb,1,3612849267,147967,37879552,256,8000,32.120
2026-07-23T01:23:14.318Z,usb,1,3612849267,147968,37879808,256,8000,32.120
2026-07-23T01:23:14.351Z,usb,1,3612849267,147969,37880064,256,8000,32.120
2026-07-23T01:23:14.382Z,usb,1,3612849267,147970,37880320,256,8000,32.120
2026-07-23T01:23:14.414Z,usb,1,3612849267,147971,37880576,256,8000,32.120
2026-07-23T01:23:14.447Z,usb,1,3612849267,147972,37880832,256,8000,32.110
2026-07-23T01:23:14.478Z,usb,1,3612849267,147973,37881088,256,8000,32.110
2026-07-23T01:23:14.510Z,usb,1,3612849267,147974,37881344,256,8000,32.110
2026-07-23T01:23:14.543Z,usb,1,3612849267,147975,37881600,256,8000,32.110
2026-07-23T01:23:14.574Z,usb,1,3612849267,147976,37881856,256,8000,32.110
2026-07-23T01:23:14.606Z,usb,1,3612849267,147977,37882112,256,8000,32.110
2026-07-23T01:23:14.639Z,usb,1,3612849267,147978,37882368,256,8000,32.110
2026-07-23T01:23:14.671Z,usb,1,3612849267,147979,37882624,256,8000,32.110
2026-07-23T01:23:14.702Z,usb,1,3612849267,147980,37882880,256,8000,32.110
2026-07-23T01:23:14.734Z,usb,1,3612849267,147981,37883136,256,8000,32.110
2026-07-23T01:23:14.766Z,usb,1,3612849267,147982,37883392,256,8000,32.110
2026-07-23T01:23:14.798Z,usb,1,3612849267,147983,37883648,256,8000,32.110
2026-07-23T01:23:14.830Z,usb,1,3612849267,147984,37883904,256,8000,32.110
2026-07-23T01:23:14.862Z,usb,1,3612849267,147985,37884160,256,8000,32.110
2026-07-23T01:23:14.894Z,usb,1,3612849267,147986,37884416,256,8000,32.110
2026-07-23T01:23:14.926Z,usb,1,3612849267,147987,37884672,256,8000,32.110
2026-07-23T01:23:14.958Z,usb,1,3612849267,147988,37884928,256,8000,32.110
2026-07-23T01:23:14.990Z,usb,1,3612849267,147989,37885184,256,8000,32.110
2026-07-23T01:23:15.022Z,usb,1,3612849267,147990,37885440,256,8000,32.110
2026-07-23T01:23:15.054Z,usb,1,3612849267,147991,37885696,256,8000,32.110
2026-07-23T01:23:15.086Z,usb,1,3612849267,147992,37885952,256,8000,32.110
2026-07-23T01:23:15.118Z,usb,1,3612849267,147993,37886208,256,8000,32.110
2026-07-23T01:23:15.150Z,usb,1,3612849267,147994,37886464,256,8000,32.110
2026-07-23T01:23:15.182Z,usb,1,3612849267,147995,37886720,256,8000,32.110
2026-07-23T01:23:15.214Z,usb,1,3612849267,147996,37886976,256,8000,32.110
2026-07-23T01:23:15.246Z,usb,1,3612849267,147997,37887232,256,8000,32.110
2026-07-23T01:23:15.279Z,usb,1,3612849267,147998,37887488,256,8000,32.110
2026-07-23T01:23:15.310Z,usb,1,3612849267,147999,37887744,256,8000,32.110
2026-07-23T01:23:15.343Z,usb,1,3612849267,148000,37888000,256,8000,32.110
2026-07-23T01:23:15.374Z,usb,1,3612849267,148001,37888256,256,8000,32.110
2026-07-23T01:23:15.406Z,usb,1,3612849267,148002,37888512,256,8000,32.110
2026-07-23T01:23:15.438Z,usb,1,3612849267,148003,37888768,256,8000,32.110
2026-07-23T01:23:15.471Z,usb,1,3612849267,148004,37889024,256,8000,32.120
2026-07-23T01:23:15.502Z,usb,1,3612849267,148005,37889280,256,8000,32.120
2026-07-23T01:23:15.534Z,usb,1,3612849267,148006,37889536,256,8000,32.120
2026-07-23T01:23:15.566Z,usb,1,3612849267,148007,37889792,256,8000,32.120
2026-07-23T01:23:15.598Z,usb,1,3612849267,148008,37890048,256,8000,32.120
2026-07-23T01:23:15.630Z,usb,1,3612849267,148009,37890304,256,8000,32.120
2026-07-23T01:23:15.662Z,usb,1,3612849267,148010,37890560,256,8000,32.120
2026-07-23T01:23:15.694Z,usb,1,3612849267,148011,37890816,256,8000,32.120
2026-07-23T01:23:15.726Z,usb,1,3612849267,148012,37891072,256,8000,32.120
2026-07-23T01:23:15.758Z,usb,1,3612849267,148013,37891328,256,8000,32.120
2026-07-23T01:23:15.790Z,usb,1,3612849267,148014,37891584,256,8000,32.120
2026-07-23T01:23:15.822Z,usb,1,3612849267,148015,37891840,256,8000,32.120
2026-07-23T01:23:15.854Z,usb,1,3612849267,148016,37892096,256,8000,32.120
2026-07-23T01:23:15.886Z,usb,1,3612849267,148017,37892352,256,8000,32.120
2026-07-23T01:23:15.918Z,usb,1,3612849267,148018,37892608,256,8000,32.120
2026-07-23T01:23:15.950Z,usb,1,3612849267,148019,37892864,256,8000,32.120
2026-07-23T01:23:15.982Z,usb,1,3612849267,148020,37893120,256,8000,32.120
2026-07-23T01:23:16.014Z,usb,1,3612849267,148021,37893376,256,8000,32.120
2026-07-23T01:23:16.046Z,usb,1,3612849267,148022,37893632,256,8000,32.120
2026-07-23T01:23:16.078Z,usb,1,3612849267,148023,37893888,256,8000,32.120
2026-07-23T01:23:16.110Z,usb,1,3612849267,148024,37894144,256,8000,32.120
2026-07-23T01:23:16.142Z,usb,1,3612849267,148025,37894400,256,8000,32.120
2026-07-23T01:23:16.175Z,usb,1,3612849267,148026,37894656,256,8000,32.120
2026-07-23T01:23:16.206Z,usb,1,3612849267,148027,37894912,256,8000,32.120
2026-07-23T01:23:16.238Z,usb,1,3612849267,148028,37895168,256,8000,32.120
2026-07-23T01:23:16.270Z,usb,1,3612849267,148029,37895424,256,8000,32.120
2026-07-23T01:23:16.302Z,usb,1,3612849267,148030,37895680,256,8000,32.120
2026-07-23T01:23:16.334Z,usb,1,3612849267,148031,37895936,256,8000,32.120
2026-07-23T01:23:16.367Z,usb,1,3612849267,148032,37896192,256,8000,32.120
2026-07-23T01:23:16.398Z,usb,1,3612849267,148033,37896448,256,8000,32.120
2026-07-23T01:23:16.430Z,usb,1,3612849267,148034,37896704,256,8000,32.120
2026-07-23T01:23:16.462Z,usb,1,3612849267,148035,37896960,256,8000,32.120
2026-07-23T01:23:16.495Z,usb,1,3612849267,148036,37897216,256,8000,32.110
2026-07-23T01:23:16.526Z,usb,1,3612849267,148037,37897472,256,8000,32.110
2026-07-23T01:23:16.558Z,usb,1,3612849267,148038,37897728,256,8000,32.110
2026-07-23T01:23:16.590Z,usb,1,3612849267,148039,37897984,256,8000,32.110
2026-07-23T01:23:16.622Z,usb,1,3612849267,148040,37898240,256,8000,32.110
2026-07-23T01:23:16.654Z,usb,1,3612849267,148041,37898496,256,8000,32.110
2026-07-23T01:23:16.686Z,usb,1,3612849267,148042,37898752,256,8000,32.110
2026-07-23T01:23:16.718Z,usb,1,3612849267,148043,37899008,256,8000,32.110
2026-07-23T01:23:16.750Z,usb,1,3612849267,148044,37899264,256,8000,32.110
2026-07-23T01:23:16.783Z,usb,1,3612849267,148045,37899520,256,8000,32.110
2026-07-23T01:23:16.815Z,usb,1,3612849267,148046,37899776,256,8000,32.110
2026-07-23T01:23:16.846Z,usb,1,3612849267,148047,37900032,256,8000,32.110
2026-07-23T01:23:16.879Z,usb,1,3612849267,148048,37900288,256,8000,32.110
2026-07-23T01:23:16.911Z,usb,1,3612849267,148049,37900544,256,8000,32.110
2026-07-23T01:23:16.942Z,usb,1,3612849267,148050,37900800,256,8000,32.110
2026-07-23T01:23:16.974Z,usb,1,3612849267,148051,37901056,256,8000,32.110
2026-07-23T01:23:17.007Z,usb,1,3612849267,148052,37901312,256,8000,32.110
2026-07-23T01:23:17.039Z,usb,1,3612849267,148053,37901568,256,8000,32.110
2026-07-23T01:23:17.071Z,usb,1,3612849267,148054,37901824,256,8000,32.110
2026-07-23T01:23:17.103Z,usb,1,3612849267,148055,37902080,256,8000,32.110
2026-07-23T01:23:17.135Z,usb,1,3612849267,148056,37902336,256,8000,32.110
2026-07-23T01:23:17.166Z,usb,1,3612849267,148057,37902592,256,8000,32.110
2026-07-23T01:23:17.198Z,usb,1,3612849267,148058,37902848,256,8000,32.110
2026-07-23T01:23:17.231Z,usb,1,3612849267,148059,37903104,256,8000,32.110
2026-07-23T01:23:17.262Z,usb,1,3612849267,148060,37903360,256,8000,32.110
2026-07-23T01:23:17.295Z,usb,1,3612849267,148061,37903616,256,8000,32.110
2026-07-23T01:23:17.326Z,usb,1,3612849267,148062,37903872,256,8000,32.110
2026-07-23T01:23:17.359Z,usb,1,3612849267,148063,37904128,256,8000,32.110
2026-07-23T01:23:17.391Z,usb,1,3612849267,148064,37904384,256,8000,32.110
2026-07-23T01:23:17.423Z,usb,1,3612849267,148065,37904640,256,8000,32.110
2026-07-23T01:23:17.455Z,usb,1,3612849267,148066,37904896,256,8000,32.110
2026-07-23T01:23:17.487Z,usb,1,3612849267,148067,37905152,256,8000,32.110
2026-07-23T01:23:17.519Z,usb,1,3612849267,148068,37905408,256,8000,32.110
2026-07-23T01:23:17.550Z,usb,1,3612849267,148069,37905664,256,8000,32.110
2026-07-23T01:23:17.583Z,usb,1,3612849267,148070,37905920,256,8000,32.110
2026-07-23T01:23:17.614Z,usb,1,3612849267,148071,37906176,256,8000,32.110
2026-07-23T01:23:17.646Z,usb,1,3612849267,148072,37906432,256,8000,32.110
2026-07-23T01:23:17.679Z,usb,1,3612849267,148073,37906688,256,8000,32.110
2026-07-23T01:23:17.710Z,usb,1,3612849267,148074,37906944,256,8000,32.110
2026-07-23T01:23:17.742Z,usb,1,3612849267,148075,37907200,256,8000,32.110
2026-07-23T01:23:17.774Z,usb,1,3612849267,148076,37907456,256,8000,32.110
2026-07-23T01:23:17.806Z,usb,1,3612849267,148077,37907712,256,8000,32.110
2026-07-23T01:23:17.838Z,usb,1,3612849267,148078,37907968,256,8000,32.110
2026-07-23T01:23:17.870Z,usb,1,3612849267,148079,37908224,256,8000,32.110
2026-07-23T01:23:17.902Z,usb,1,3612849267,148080,37908480,256,8000,32.110
2026-07-23T01:23:17.934Z,usb,1,3612849267,148081,37908736,256,8000,32.110
2026-07-23T01:23:17.966Z,usb,1,3612849267,148082,37908992,256,8000,32.110
2026-07-23T01:23:17.998Z,usb,1,3612849267,148083,37909248,256,8000,32.110
2026-07-23T01:23:18.030Z,usb,1,3612849267,148084,37909504,256,8000,32.110
2026-07-23T01:23:18.062Z,usb,1,3612849267,148085,37909760,256,8000,32.110
2026-07-23T01:23:18.094Z,usb,1,3612849267,148086,37910016,256,8000,32.110
2026-07-23T01:23:18.126Z,usb,1,3612849267,148087,37910272,256,8000,32.110
2026-07-23T01:23:18.159Z,usb,1,3612849267,148088,37910528,256,8000,32.110
2026-07-23T01:23:18.190Z,usb,1,3612849267,148089,37910784,256,8000,32.110
2026-07-23T01:23:18.222Z,usb,1,3612849267,148090,37911040,256,8000,32.110
2026-07-23T01:23:18.254Z,usb,1,3612849267,148091,37911296,256,8000,32.110
2026-07-23T01:23:18.286Z,usb,1,3612849267,148092,37911552,256,8000,32.110
2026-07-23T01:23:18.318Z,usb,1,3612849267,148093,37911808,256,8000,32.110
2026-07-23T01:23:18.350Z,usb,1,3612849267,148094,37912064,256,8000,32.110
2026-07-23T01:23:18.382Z,usb,1,3612849267,148095,37912320,256,8000,32.110
2026-07-23T01:23:18.414Z,usb,1,3612849267,148096,37912576,256,8000,32.110
2026-07-23T01:23:18.446Z,usb,1,3612849267,148097,37912832,256,8000,32.110
2026-07-23T01:23:18.478Z,usb,1,3612849267,148098,37913088,256,8000,32.110
2026-07-23T01:23:18.510Z,usb,1,3612849267,148099,37913344,256,8000,32.110
2026-07-23T01:23:18.543Z,usb,1,3612849267,148100,37913600,256,8000,32.110
2026-07-23T01:23:18.574Z,usb,1,3612849267,148101,37913856,256,8000,32.110
2026-07-23T01:23:18.607Z,usb,1,3612849267,148102,37914112,256,8000,32.110
2026-07-23T01:23:18.638Z,usb,1,3612849267,148103,37914368,256,8000,32.110
2026-07-23T01:23:18.671Z,usb,1,3612849267,148104,37914624,256,8000,32.110
2026-07-23T01:23:18.702Z,usb,1,3612849267,148105,37914880,256,8000,32.110
2026-07-23T01:23:18.734Z,usb,1,3612849267,148106,37915136,256,8000,32.110
2026-07-23T01:23:18.766Z,usb,1,3612849267,148107,37915392,256,8000,32.110
2026-07-23T01:23:18.798Z,usb,1,3612849267,148108,37915648,256,8000,32.110
2026-07-23T01:23:18.830Z,usb,1,3612849267,148109,37915904,256,8000,32.110
2026-07-23T01:23:18.862Z,usb,1,3612849267,148110,37916160,256,8000,32.110
2026-07-23T01:23:18.894Z,usb,1,3612849267,148111,37916416,256,8000,32.110
2026-07-23T01:23:18.926Z,usb,1,3612849267,148112,37916672,256,8000,32.110
2026-07-23T01:23:18.958Z,usb,1,3612849267,148113,37916928,256,8000,32.110
2026-07-23T01:23:18.990Z,usb,1,3612849267,148114,37917184,256,8000,32.110
2026-07-23T01:23:19.022Z,usb,1,3612849267,148115,37917440,256,8000,32.110
2026-07-23T01:23:19.054Z,usb,1,3612849267,148116,37917696,256,8000,32.110
2026-07-23T01:23:19.086Z,usb,1,3612849267,148117,37917952,256,8000,32.110
2026-07-23T01:23:19.118Z,usb,1,3612849267,148118,37918208,256,8000,32.110
2026-07-23T01:23:19.150Z,usb,1,3612849267,148119,37918464,256,8000,32.110
2026-07-23T01:23:19.183Z,usb,1,3612849267,148120,37918720,256,8000,32.110
2026-07-23T01:23:19.214Z,usb,1,3612849267,148121,37918976,256,8000,32.110
2026-07-23T01:23:19.246Z,usb,1,3612849267,148122,37919232,256,8000,32.110
2026-07-23T01:23:19.279Z,usb,1,3612849267,148123,37919488,256,8000,32.110
2026-07-23T01:23:19.310Z,usb,1,3612849267,148124,37919744,256,8000,32.110
2026-07-23T01:23:19.342Z,usb,1,3612849267,148125,37920000,256,8000,32.110
2026-07-23T01:23:19.374Z,usb,1,3612849267,148126,37920256,256,8000,32.110
2026-07-23T01:23:19.406Z,usb,1,3612849267,148127,37920512,256,8000,32.110
2026-07-23T01:23:19.438Z,usb,1,3612849267,148128,37920768,256,8000,32.110
2026-07-23T01:23:19.471Z,usb,1,3612849267,148129,37921024,256,8000,32.110
2026-07-23T01:23:19.502Z,usb,1,3612849267,148130,37921280,256,8000,32.110
2026-07-23T01:23:19.534Z,usb,1,3612849267,148131,37921536,256,8000,32.110
2026-07-23T01:23:19.567Z,usb,1,3612849267,148132,37921792,256,8000,32.110
2026-07-23T01:23:19.598Z,usb,1,3612849267,148133,37922048,256,8000,32.110
2026-07-23T01:23:19.630Z,usb,1,3612849267,148134,37922304,256,8000,32.110
2026-07-23T01:23:19.663Z,usb,1,3612849267,148135,37922560,256,8000,32.110
2026-07-23T01:23:19.694Z,usb,1,3612849267,148136,37922816,256,8000,32.110
2026-07-23T01:23:19.726Z,usb,1,3612849267,148137,37923072,256,8000,32.110
2026-07-23T01:23:19.758Z,usb,1,3612849267,148138,37923328,256,8000,32.110
2026-07-23T01:23:19.790Z,usb,1,3612849267,148139,37923584,256,8000,32.110
2026-07-23T01:23:19.822Z,usb,1,3612849267,148140,37923840,256,8000,32.110
2026-07-23T01:23:19.854Z,usb,1,3612849267,148141,37924096,256,8000,32.110
2026-07-23T01:23:19.886Z,usb,1,3612849267,148142,37924352,256,8000,32.110
2026-07-23T01:23:19.918Z,usb,1,3612849267,148143,37924608,256,8000,32.110
2026-07-23T01:23:19.950Z,usb,1,3612849267,148144,37924864,256,8000,32.110
2026-07-23T01:23:19.982Z,usb,1,3612849267,148145,37925120,256,8000,32.110
2026-07-23T01:23:20.014Z,usb,1,3612849267,148146,37925376,256,8000,32.110
2026-07-23T01:23:20.046Z,usb,1,3612849267,148147,37925632,256,8000,32.110
2026-07-23T01:23:20.079Z,usb,1,3612849267,148148,37925888,256,8000,32.110
2026-07-23T01:23:20.110Z,usb,1,3612849267,148149,37926144,256,8000,32.110
2026-07-23T01:23:20.142Z,usb,1,3612849267,148150,37926400,256,8000,32.110
2026-07-23T01:23:20.174Z,usb,1,3612849267,148151,37926656,256,8000,32.110
2026-07-23T01:23:20.207Z,usb,1,3612849267,148152,37926912,256,8000,32.110
2026-07-23T01:23:20.238Z,usb,1,3612849267,148153,37927168,256,8000,32.110
2026-07-23T01:23:20.270Z,usb,1,3612849267,148154,37927424,256,8000,32.110
2026-07-23T01:23:20.302Z,usb,1,3612849267,148155,37927680,256,8000,32.110
2026-07-23T01:23:20.334Z,usb,1,3612849267,148156,37927936,256,8000,32.110
2026-07-23T01:23:20.366Z,usb,1,3612849267,148157,37928192,256,8000,32.110
2026-07-23T01:23:20.399Z,usb,1,3612849267,148158,37928448,256,8000,32.110
2026-07-23T01:23:20.430Z,usb,1,3612849267,148159,37928704,256,8000,32.110
2026-07-23T01:23:20.462Z,usb,1,3612849267,148160,37928960,256,8000,32.110
2026-07-23T01:23:20.494Z,usb,1,3612849267,148161,37929216,256,8000,32.110
2026-07-23T01:23:20.526Z,usb,1,3612849267,148162,37929472,256,8000,32.110
2026-07-23T01:23:20.558Z,usb,1,3612849267,148163,37929728,256,8000,32.110
2026-07-23T01:23:20.591Z,usb,1,3612849267,148164,37929984,256,8000,32.110
2026-07-23T01:23:20.622Z,usb,1,3612849267,148165,37930240,256,8000,32.110
2026-07-23T01:23:20.654Z,usb,1,3612849267,148166,37930496,256,8000,32.110
2026-07-23T01:23:20.686Z,usb,1,3612849267,148167,37930752,256,8000,32.110
2026-07-23T01:23:20.718Z,usb,1,3612849267,148168,37931008,256,8000,32.110
2026-07-23T01:23:20.751Z,usb,1,3612849267,148169,37931264,256,8000,32.110
2026-07-23T01:23:20.783Z,usb,1,3612849267,148170,37931520,256,8000,32.110
2026-07-23T01:23:20.814Z,usb,1,3612849267,148171,37931776,256,8000,32.110
2026-07-23T01:23:20.846Z,usb,1,3612849267,148172,37932032,256,8000,32.110
2026-07-23T01:23:20.878Z,usb,1,3612849267,148173,37932288,256,8000,32.110
2026-07-23T01:23:20.911Z,usb,1,3612849267,148174,37932544,256,8000,32.110
2026-07-23T01:23:20.942Z,usb,1,3612849267,148175,37932800,256,8000,32.110
2026-07-23T01:23:20.975Z,usb,1,3612849267,148176,37933056,256,8000,32.110
2026-07-23T01:23:21.006Z,usb,1,3612849267,148177,37933312,256,8000,32.110
2026-07-23T01:23:21.038Z,usb,1,3612849267,148178,37933568,256,8000,32.110
2026-07-23T01:23:21.071Z,usb,1,3612849267,148179,37933824,256,8000,32.110
2026-07-23T01:23:21.103Z,usb,1,3612849267,148180,37934080,256,8000,32.110
2026-07-23T01:23:21.135Z,usb,1,3612849267,148181,37934336,256,8000,32.110
2026-07-23T01:23:21.166Z,usb,1,3612849267,148182,37934592,256,8000,32.110
2026-07-23T01:23:21.198Z,usb,1,3612849267,148183,37934848,256,8000,32.110
2026-07-23T01:23:21.230Z,usb,1,3612849267,148184,37935104,256,8000,32.110
2026-07-23T01:23:21.262Z,usb,1,3612849267,148185,37935360,256,8000,32.110
2026-07-23T01:23:21.294Z,usb,1,3612849267,148186,37935616,256,8000,32.110
2026-07-23T01:23:21.327Z,usb,1,3612849267,148187,37935872,256,8000,32.110
2026-07-23T01:23:21.358Z,usb,1,3612849267,148188,37936128,256,8000,32.110
2026-07-23T01:23:21.391Z,usb,1,3612849267,148189,37936384,256,8000,32.110
2026-07-23T01:23:21.423Z,usb,1,3612849267,148190,37936640,256,8000,32.110
2026-07-23T01:23:21.455Z,usb,1,3612849267,148191,37936896,256,8000,32.110
2026-07-23T01:23:21.486Z,usb,1,3612849267,148192,37937152,256,8000,32.110
2026-07-23T01:23:21.519Z,usb,1,3612849267,148193,37937408,256,8000,32.110
2026-07-23T01:23:21.551Z,usb,1,3612849267,148194,37937664,256,8000,32.110
2026-07-23T01:23:21.582Z,usb,1,3612849267,148195,37937920,256,8000,32.110
2026-07-23T01:23:21.615Z,usb,1,3612849267,148196,37938176,256,8000,32.110
2026-07-23T01:23:21.646Z,usb,1,3612849267,148197,37938432,256,8000,32.110
2026-07-23T01:23:21.679Z,usb,1,3612849267,148198,37938688,256,8000,32.110
2026-07-23T01:23:21.710Z,usb,1,3612849267,148199,37938944,256,8000,32.110
2026-07-23T01:23:21.742Z,usb,1,3612849267,148200,37939200,256,8000,32.110
2026-07-23T01:23:21.774Z,usb,1,3612849267,148201,37939456,256,8000,32.110
2026-07-23T01:23:21.806Z,usb,1,3612849267,148202,37939712,256,8000,32.110
2026-07-23T01:23:21.838Z,usb,1,3612849267,148203,37939968,256,8000,32.110
2026-07-23T01:23:21.870Z,usb,1,3612849267,148204,37940224,256,8000,32.110
2026-07-23T01:23:21.903Z,usb,1,3612849267,148205,37940480,256,8000,32.110
2026-07-23T01:23:21.934Z,usb,1,3612849267,148206,37940736,256,8000,32.110
2026-07-23T01:23:21.966Z,usb,1,3612849267,148207,37940992,256,8000,32.110
2026-07-23T01:23:21.998Z,usb,1,3612849267,148208,37941248,256,8000,32.110
2026-07-23T01:23:22.030Z,usb,1,3612849267,148209,37941504,256,8000,32.110
2026-07-23T01:23:22.062Z,usb,1,3612849267,148210,37941760,256,8000,32.110
2026-07-23T01:23:22.094Z,usb,1,3612849267,148211,37942016,256,8000,32.110
2026-07-23T01:23:22.126Z,usb,1,3612849267,148212,37942272,256,8000,32.110
2026-07-23T01:23:22.158Z,usb,1,3612849267,148213,37942528,256,8000,32.110
2026-07-23T01:23:22.190Z,usb,1,3612849267,148214,37942784,256,8000,32.110
2026-07-23T01:23:22.222Z,usb,1,3612849267,148215,37943040,256,8000,32.110
2026-07-23T01:23:22.254Z,usb,1,3612849267,148216,37943296,256,8000,32.110
2026-07-23T01:23:22.286Z,usb,1,3612849267,148217,37943552,256,8000,32.110
2026-07-23T01:23:22.318Z,usb,1,3612849267,148218,37943808,256,8000,32.110
2026-07-23T01:23:22.350Z,usb,1,3612849267,148219,37944064,256,8000,32.110
2026-07-23T01:23:22.382Z,usb,1,3612849267,148220,37944320,256,8000,32.110
2026-07-23T01:23:22.414Z,usb,1,3612849267,148221,37944576,256,8000,32.110
2026-07-23T01:23:22.446Z,usb,1,3612849267,148222,37944832,256,8000,32.110
2026-07-23T01:23:22.478Z,usb,1,3612849267,148223,37945088,256,8000,32.110
2026-07-23T01:23:22.510Z,usb,1,3612849267,148224,37945344,256,8000,32.110
2026-07-23T01:23:22.542Z,usb,1,3612849267,148225,37945600,256,8000,32.110
2026-07-23T01:23:22.574Z,usb,1,3612849267,148226,37945856,256,8000,32.110
2026-07-23T01:23:22.606Z,usb,1,3612849267,148227,37946112,256,8000,32.110
2026-07-23T01:23:22.639Z,usb,1,3612849267,148228,37946368,256,8000,32.120
2026-07-23T01:23:22.670Z,usb,1,3612849267,148229,37946624,256,8000,32.120
2026-07-23T01:23:22.702Z,usb,1,3612849267,148230,37946880,256,8000,32.120
2026-07-23T01:23:22.734Z,usb,1,3612849267,148231,37947136,256,8000,32.120
2026-07-23T01:23:22.766Z,usb,1,3612849267,148232,37947392,256,8000,32.120
2026-07-23T01:23:22.798Z,usb,1,3612849267,148233,37947648,256,8000,32.120
2026-07-23T01:23:22.830Z,usb,1,3612849267,148234,37947904,256,8000,32.120
2026-07-23T01:23:22.862Z,usb,1,3612849267,148235,37948160,256,8000,32.120
2026-07-23T01:23:22.894Z,usb,1,3612849267,148236,37948416,256,8000,32.120
2026-07-23T01:23:22.926Z,usb,1,3612849267,148237,37948672,256,8000,32.120
2026-07-23T01:23:22.958Z,usb,1,3612849267,148238,37948928,256,8000,32.120
2026-07-23T01:23:22.990Z,usb,1,3612849267,148239,37949184,256,8000,32.120
2026-07-23T01:23:23.022Z,usb,1,3612849267,148240,37949440,256,8000,32.120
2026-07-23T01:23:23.054Z,usb,1,3612849267,148241,37949696,256,8000,32.120
2026-07-23T01:23:23.086Z,usb,1,3612849267,148242,37949952,256,8000,32.120
2026-07-23T01:23:23.118Z,usb,1,3612849267,148243,37950208,256,8000,32.120
2026-07-23T01:23:23.150Z,usb,1,3612849267,148244,37950464,256,8000,32.120
2026-07-23T01:23:23.182Z,usb,1,3612849267,148245,37950720,256,8000,32.120
2026-07-23T01:23:23.214Z,usb,1,3612849267,148246,37950976,256,8000,32.120
2026-07-23T01:23:23.246Z,usb,1,3612849267,148247,37951232,256,8000,32.120
2026-07-23T01:23:23.279Z,usb,1,3612849267,148248,37951488,256,8000,32.120
2026-07-23T01:23:23.310Z,usb,1,3612849267,148249,37951744,256,8000,32.120
2026-07-23T01:23:23.342Z,usb,1,3612849267,148250,37952000,256,8000,32.120
2026-07-23T01:23:23.374Z,usb,1,3612849267,148251,37952256,256,8000,32.120
2026-07-23T01:23:23.406Z,usb,1,3612849267,148252,37952512,256,8000,32.120
2026-07-23T01:23:23.438Z,usb,1,3612849267,148253,37952768,256,8000,32.120
2026-07-23T01:23:23.470Z,usb,1,3612849267,148254,37953024,256,8000,32.120
2026-07-23T01:23:23.502Z,usb,1,3612849267,148255,37953280,256,8000,32.120
2026-07-23T01:23:23.534Z,usb,1,3612849267,148256,37953536,256,8000,32.120
2026-07-23T01:23:23.566Z,usb,1,3612849267,148257,37953792,256,8000,32.120
2026-07-23T01:23:23.598Z,usb,1,3612849267,148258,37954048,256,8000,32.120
2026-07-23T01:23:23.631Z,usb,1,3612849267,148259,37954304,256,8000,32.120
2026-07-23T01:23:23.663Z,usb,1,3612849267,148260,37954560,256,8000,32.120
2026-07-23T01:23:23.694Z,usb,1,3612849267,148261,37954816,256,8000,32.120
2026-07-23T01:23:23.727Z,usb,1,3612849267,148262,37955072,256,8000,32.120
2026-07-23T01:23:23.758Z,usb,1,3612849267,148263,37955328,256,8000,32.120
2026-07-23T01:23:23.790Z,usb,1,3612849267,148264,37955584,256,8000,32.120
2026-07-23T01:23:23.822Z,usb,1,3612849267,148265,37955840,256,8000,32.120
2026-07-23T01:23:23.855Z,usb,1,3612849267,148266,37956096,256,8000,32.120
2026-07-23T01:23:23.886Z,usb,1,3612849267,148267,37956352,256,8000,32.120
2026-07-23T01:23:23.918Z,usb,1,3612849267,148268,37956608,256,8000,32.120
2026-07-23T01:23:23.950Z,usb,1,3612849267,148269,37956864,256,8000,32.120
2026-07-23T01:23:23.982Z,usb,1,3612849267,148270,37957120,256,8000,32.120
2026-07-23T01:23:24.014Z,usb,1,3612849267,148271,37957376,256,8000,32.120
2026-07-23T01:23:24.046Z,usb,1,3612849267,148272,37957632,256,8000,32.120
2026-07-23T01:23:24.078Z,usb,1,3612849267,148273,37957888,256,8000,32.120
2026-07-23T01:23:24.110Z,usb,1,3612849267,148274,37958144,256,8000,32.120
2026-07-23T01:23:24.142Z,usb,1,3612849267,148275,37958400,256,8000,32.120
2026-07-23T01:23:24.175Z,usb,1,3612849267,148276,37958656,256,8000,32.120
2026-07-23T01:23:24.206Z,usb,1,3612849267,148277,37958912,256,8000,32.120
2026-07-23T01:23:24.238Z,usb,1,3612849267,148278,37959168,256,8000,32.120
2026-07-23T01:23:24.270Z,usb,1,3612849267,148279,37959424,256,8000,32.120
2026-07-23T01:23:24.302Z,usb,1,3612849267,148280,37959680,256,8000,32.120
2026-07-23T01:23:24.335Z,usb,1,3612849267,148281,37959936,256,8000,32.120
2026-07-23T01:23:24.366Z,usb,1,3612849267,148282,37960192,256,8000,32.120
2026-07-23T01:23:24.398Z,usb,1,3612849267,148283,37960448,256,8000,32.120
2026-07-23T01:23:24.431Z,usb,1,3612849267,148284,37960704,256,8000,32.120
2026-07-23T01:23:24.462Z,usb,1,3612849267,148285,37960960,256,8000,32.120
2026-07-23T01:23:24.494Z,usb,1,3612849267,148286,37961216,256,8000,32.120
2026-07-23T01:23:24.526Z,usb,1,3612849267,148287,37961472,256,8000,32.120
2026-07-23T01:23:24.559Z,usb,1,3612849267,148288,37961728,256,8000,32.120
2026-07-23T01:23:24.590Z,usb,1,3612849267,148289,37961984,256,8000,32.120
2026-07-23T01:23:24.622Z,usb,1,3612849267,148290,37962240,256,8000,32.120
2026-07-23T01:23:24.654Z,usb,1,3612849267,148291,37962496,256,8000,32.120
2026-07-23T01:23:24.687Z,usb,1,3612849267,148292,37962752,256,8000,32.120
2026-07-23T01:23:24.718Z,usb,1,3612849267,148293,37963008,256,8000,32.120
2026-07-23T01:23:24.751Z,usb,1,3612849267,148294,37963264,256,8000,32.120
2026-07-23T01:23:24.782Z,usb,1,3612849267,148295,37963520,256,8000,32.120
2026-07-23T01:23:24.815Z,usb,1,3612849267,148296,37963776,256,8000,32.120
2026-07-23T01:23:24.847Z,usb,1,3612849267,148297,37964032,256,8000,32.120
2026-07-23T01:23:24.878Z,usb,1,3612849267,148298,37964288,256,8000,32.120
2026-07-23T01:23:24.910Z,usb,1,3612849267,148299,37964544,256,8000,32.120
2026-07-23T01:23:24.942Z,usb,1,3612849267,148300,37964800,256,8000,32.120
2026-07-23T01:23:24.975Z,usb,1,3612849267,148301,37965056,256,8000,32.120
2026-07-23T01:23:25.006Z,usb,1,3612849267,148302,37965312,256,8000,32.120
2026-07-23T01:23:25.038Z,usb,1,3612849267,148303,37965568,256,8000,32.120
2026-07-23T01:23:25.071Z,usb,1,3612849267,148304,37965824,256,8000,32.120
2026-07-23T01:23:25.102Z,usb,1,3612849267,148305,37966080,256,8000,32.120
2026-07-23T01:23:25.134Z,usb,1,3612849267,148306,37966336,256,8000,32.120
2026-07-23T01:23:25.167Z,usb,1,3612849267,148307,37966592,256,8000,32.120
2026-07-23T01:23:25.198Z,usb,1,3612849267,148308,37966848,256,8000,32.120
2026-07-23T01:23:25.230Z,usb,1,3612849267,148309,37967104,256,8000,32.120
2026-07-23T01:23:25.262Z,usb,1,3612849267,148310,37967360,256,8000,32.120
2026-07-23T01:23:25.294Z,usb,1,3612849267,148311,37967616,256,8000,32.120
2026-07-23T01:23:25.326Z,usb,1,3612849267,148312,37967872,256,8000,32.120
2026-07-23T01:23:25.358Z,usb,1,3612849267,148313,37968128,256,8000,32.120
2026-07-23T01:23:25.391Z,usb,1,3612849267,148314,37968384,256,8000,32.120
2026-07-23T01:23:25.422Z,usb,1,3612849267,148315,37968640,256,8000,32.120
2026-07-23T01:23:25.454Z,usb,1,3612849267,148316,37968896,256,8000,32.120
2026-07-23T01:23:25.486Z,usb,1,3612849267,148317,37969152,256,8000,32.120
2026-07-23T01:23:25.518Z,usb,1,3612849267,148318,37969408,256,8000,32.120
2026-07-23T01:23:25.550Z,usb,1,3612849267,148319,37969664,256,8000,32.120
2026-07-23T01:23:25.582Z,usb,1,3612849267,148320,37969920,256,8000,32.120
2026-07-23T01:23:25.614Z,usb,1,3612849267,148321,37970176,256,8000,32.120
2026-07-23T01:23:25.646Z,usb,1,3612849267,148322,37970432,256,8000,32.120
2026-07-23T01:23:25.679Z,usb,1,3612849267,148323,37970688,256,8000,32.120
2026-07-23T01:23:25.711Z,usb,1,3612849267,148324,37970944,256,8000,32.120
2026-07-23T01:23:25.742Z,usb,1,3612849267,148325,37971200,256,8000,32.120
2026-07-23T01:23:25.774Z,usb,1,3612849267,148326,37971456,256,8000,32.120
2026-07-23T01:23:25.806Z,usb,1,3612849267,148327,37971712,256,8000,32.120
2026-07-23T01:23:25.838Z,usb,1,3612849267,148328,37971968,256,8000,32.120
2026-07-23T01:23:25.870Z,usb,1,3612849267,148329,37972224,256,8000,32.120
2026-07-23T01:23:25.902Z,usb,1,3612849267,148330,37972480,256,8000,32.120
2026-07-23T01:23:25.934Z,usb,1,3612849267,148331,37972736,256,8000,32.120
2026-07-23T01:23:25.966Z,usb,1,3612849267,148332,37972992,256,8000,32.120
2026-07-23T01:23:25.998Z,usb,1,3612849267,148333,37973248,256,8000,32.120
2026-07-23T01:23:26.030Z,usb,1,3612849267,148334,37973504,256,8000,32.120
2026-07-23T01:23:26.062Z,usb,1,3612849267,148335,37973760,256,8000,32.120
2026-07-23T01:23:26.094Z,usb,1,3612849267,148336,37974016,256,8000,32.120
2026-07-23T01:23:26.126Z,usb,1,3612849267,148337,37974272,256,8000,32.120
2026-07-23T01:23:26.158Z,usb,1,3612849267,148338,37974528,256,8000,32.120
2026-07-23T01:23:26.191Z,usb,1,3612849267,148339,37974784,256,8000,32.120
2026-07-23T01:23:26.222Z,usb,1,3612849267,148340,37975040,256,8000,32.120
2026-07-23T01:23:26.254Z,usb,1,3612849267,148341,37975296,256,8000,32.120
2026-07-23T01:23:26.287Z,usb,1,3612849267,148342,37975552,256,8000,32.120
2026-07-23T01:23:26.318Z,usb,1,3612849267,148343,37975808,256,8000,32.120
2026-07-23T01:23:26.350Z,usb,1,3612849267,148344,37976064,256,8000,32.120
2026-07-23T01:23:26.382Z,usb,1,3612849267,148345,37976320,256,8000,32.120
2026-07-23T01:23:26.414Z,usb,1,3612849267,148346,37976576,256,8000,32.120
2026-07-23T01:23:26.446Z,usb,1,3612849267,148347,37976832,256,8000,32.120
2026-07-23T01:23:26.478Z,usb,1,3612849267,148348,37977088,256,8000,32.120
2026-07-23T01:23:26.510Z,usb,1,3612849267,148349,37977344,256,8000,32.120
2026-07-23T01:23:26.542Z,usb,1,3612849267,148350,37977600,256,8000,32.120
2026-07-23T01:23:26.574Z,usb,1,3612849267,148351,37977856,256,8000,32.120
2026-07-23T01:23:26.606Z,usb,1,3612849267,148352,37978112,256,8000,32.120
2026-07-23T01:23:26.638Z,usb,1,3612849267,148353,37978368,256,8000,32.120
2026-07-23T01:23:26.670Z,usb,1,3612849267,148354,37978624,256,8000,32.120
2026-07-23T01:23:26.702Z,usb,1,3612849267,148355,37978880,256,8000,32.120
2026-07-23T01:23:26.735Z,usb,1,3612849267,148356,37979136,256,8000,32.120
2026-07-23T01:23:26.766Z,usb,1,3612849267,148357,37979392,256,8000,32.120
2026-07-23T01:23:26.798Z,usb,1,3612849267,148358,37979648,256,8000,32.120
2026-07-23T01:23:26.830Z,usb,1,3612849267,148359,37979904,256,8000,32.120
2026-07-23T01:23:26.862Z,usb,1,3612849267,148360,37980160,256,8000,32.120
2026-07-23T01:23:26.894Z,usb,1,3612849267,148361,37980416,256,8000,32.120
2026-07-23T01:23:26.926Z,usb,1,3612849267,148362,37980672,256,8000,32.120
2026-07-23T01:23:26.958Z,usb,1,3612849267,148363,37980928,256,8000,32.120
2026-07-23T01:23:26.990Z,usb,1,3612849267,148364,37981184,256,8000,32.120
2026-07-23T01:23:27.022Z,usb,1,3612849267,148365,37981440,256,8000,32.120
2026-07-23T01:23:27.054Z,usb,1,3612849267,148366,37981696,256,8000,32.120
2026-07-23T01:23:27.086Z,usb,1,3612849267,148367,37981952,256,8000,32.120
2026-07-23T01:23:27.118Z,usb,1,3612849267,148368,37982208,256,8000,32.120
2026-07-23T01:23:27.150Z,usb,1,3612849267,148369,37982464,256,8000,32.120
2026-07-23T01:23:27.183Z,usb,1,3612849267,148370,37982720,256,8000,32.120
2026-07-23T01:23:27.214Z,usb,1,3612849267,148371,37982976,256,8000,32.120
2026-07-23T01:23:27.246Z,usb,1,3612849267,148372,37983232,256,8000,32.120
2026-07-23T01:23:27.278Z,usb,1,3612849267,148373,37983488,256,8000,32.120
2026-07-23T01:23:27.314Z,usb,1,3612849267,148374,37983744,256,8000,32.120
2026-07-23T01:23:27.343Z,usb,1,3612849267,148375,37984000,256,8000,32.120
2026-07-23T01:23:27.374Z,usb,1,3612849267,148376,37984256,256,8000,32.120
2026-07-23T01:23:27.406Z,usb,1,3612849267,148377,37984512,256,8000,32.120
2026-07-23T01:23:27.438Z,usb,1,3612849267,148378,37984768,256,8000,32.120
2026-07-23T01:23:27.470Z,usb,1,3612849267,148379,37985024,256,8000,32.120
2026-07-23T01:23:27.502Z,usb,1,3612849267,148380,37985280,256,8000,32.120
2026-07-23T01:23:27.535Z,usb,1,3612849267,148381,37985536,256,8000,32.120
2026-07-23T01:23:27.566Z,usb,1,3612849267,148382,37985792,256,8000,32.120
2026-07-23T01:23:27.598Z,usb,1,3612849267,148383,37986048,256,8000,32.120
2026-07-23T01:23:27.630Z,usb,1,3612849267,148384,37986304,256,8000,32.120
2026-07-23T01:23:27.662Z,usb,1,3612849267,148385,37986560,256,8000,32.120
2026-07-23T01:23:27.694Z,usb,1,3612849267,148386,37986816,256,8000,32.120
2026-07-23T01:23:27.726Z,usb,1,3612849267,148387,37987072,256,8000,32.120
2026-07-23T01:23:27.759Z,usb,1,3612849267,148388,37987328,256,8000,32.120
2026-07-23T01:23:27.790Z,usb,1,3612849267,148389,37987584,256,8000,32.120
2026-07-23T01:23:27.822Z,usb,1,3612849267,148390,37987840,256,8000,32.120
2026-07-23T01:23:27.854Z,usb,1,3612849267,148391,37988096,256,8000,32.120
2026-07-23T01:23:27.886Z,usb,1,3612849267,148392,37988352,256,8000,32.120
2026-07-23T01:23:27.918Z,usb,1,3612849267,148393,37988608,256,8000,32.120
2026-07-23T01:23:27.951Z,usb,1,3612849267,148394,37988864,256,8000,32.120
2026-07-23T01:23:27.982Z,usb,1,3612849267,148395,37989120,256,8000,32.120
2026-07-23T01:23:28.014Z,usb,1,3612849267,148396,37989376,256,8000,32.120
2026-07-23T01:23:28.046Z,usb,1,3612849267,148397,37989632,256,8000,32.120
2026-07-23T01:23:28.078Z,usb,1,3612849267,148398,37989888,256,8000,32.120
2026-07-23T01:23:28.110Z,usb,1,3612849267,148399,37990144,256,8000,32.120
2026-07-23T01:23:28.142Z,usb,1,3612849267,148400,37990400,256,8000,32.120
2026-07-23T01:23:28.175Z,usb,1,3612849267,148401,37990656,256,8000,32.120
2026-07-23T01:23:28.210Z,usb,1,3612849267,148402,37990912,256,8000,32.120
2026-07-23T01:23:28.238Z,usb,1,3612849267,148403,37991168,256,8000,32.120
2026-07-23T01:23:28.270Z,usb,1,3612849267,148404,37991424,256,8000,32.120
2026-07-23T01:23:28.302Z,usb,1,3612849267,148405,37991680,256,8000,32.120
2026-07-23T01:23:28.334Z,usb,1,3612849267,148406,37991936,256,8000,32.120
2026-07-23T01:23:28.366Z,usb,1,3612849267,148407,37992192,256,8000,32.120
2026-07-23T01:23:28.398Z,usb,1,3612849267,148408,37992448,256,8000,32.120
2026-07-23T01:23:28.430Z,usb,1,3612849267,148409,37992704,256,8000,32.120
2026-07-23T01:23:28.462Z,usb,1,3612849267,148410,37992960,256,8000,32.120
2026-07-23T01:23:28.494Z,usb,1,3612849267,148411,37993216,256,8000,32.120
2026-07-23T01:23:28.526Z,usb,1,3612849267,148412,37993472,256,8000,32.120
2026-07-23T01:23:28.559Z,usb,1,3612849267,148413,37993728,256,8000,32.120
2026-07-23T01:23:28.590Z,usb,1,3612849267,148414,37993984,256,8000,32.120
2026-07-23T01:23:28.622Z,usb,1,3612849267,148415,37994240,256,8000,32.120
2026-07-23T01:23:28.654Z,usb,1,3612849267,148416,37994496,256,8000,32.120
2026-07-23T01:23:28.686Z,usb,1,3612849267,148417,37994752,256,8000,32.120
2026-07-23T01:23:28.718Z,usb,1,3612849267,148418,37995008,256,8000,32.120
2026-07-23T01:23:28.750Z,usb,1,3612849267,148419,37995264,256,8000,32.120
2026-07-23T01:23:28.783Z,usb,1,3612849267,148420,37995520,256,8000,32.120
2026-07-23T01:23:28.814Z,usb,1,3612849267,148421,37995776,256,8000,32.120
2026-07-23T01:23:28.846Z,usb,1,3612849267,148422,37996032,256,8000,32.120
2026-07-23T01:23:28.879Z,usb,1,3612849267,148423,37996288,256,8000,32.120
2026-07-23T01:23:28.910Z,usb,1,3612849267,148424,37996544,256,8000,32.120
2026-07-23T01:23:28.942Z,usb,1,3612849267,148425,37996800,256,8000,32.120
2026-07-23T01:23:28.974Z,usb,1,3612849267,148426,37997056,256,8000,32.120
2026-07-23T01:23:29.006Z,usb,1,3612849267,148427,37997312,256,8000,32.120
2026-07-23T01:23:29.038Z,usb,1,3612849267,148428,37997568,256,8000,32.120
2026-07-23T01:23:29.070Z,usb,1,3612849267,148429,37997824,256,8000,32.120
2026-07-23T01:23:29.102Z,usb,1,3612849267,148430,37998080,256,8000,32.120
2026-07-23T01:23:29.134Z,usb,1,3612849267,148431,37998336,256,8000,32.120
2026-07-23T01:23:29.166Z,usb,1,3612849267,148432,37998592,256,8000,32.120
2026-07-23T01:23:29.198Z,usb,1,3612849267,148433,37998848,256,8000,32.120
2026-07-23T01:23:29.230Z,usb,1,3612849267,148434,37999104,256,8000,32.120
2026-07-23T01:23:29.262Z,usb,1,3612849267,148435,37999360,256,8000,32.120
2026-07-23T01:23:29.295Z,usb,1,3612849267,148436,37999616,256,8000,32.120
2026-07-23T01:23:29.326Z,usb,1,3612849267,148437,37999872,256,8000,32.120
2026-07-23T01:23:29.358Z,usb,1,3612849267,148438,38000128,256,8000,32.120
2026-07-23T01:23:29.390Z,usb,1,3612849267,148439,38000384,256,8000,32.120
2026-07-23T01:23:29.423Z,usb,1,3612849267,148440,38000640,256,8000,32.120
2026-07-23T01:23:29.454Z,usb,1,3612849267,148441,38000896,256,8000,32.120
2026-07-23T01:23:29.486Z,usb,1,3612849267,148442,38001152,256,8000,32.120
2026-07-23T01:23:29.518Z,usb,1,3612849267,148443,38001408,256,8000,32.120
2026-07-23T01:23:29.550Z,usb,1,3612849267,148444,38001664,256,8000,32.120
2026-07-23T01:23:29.582Z,usb,1,3612849267,148445,38001920,256,8000,32.120
2026-07-23T01:23:29.614Z,usb,1,3612849267,148446,38002176,256,8000,32.120
2026-07-23T01:23:29.646Z,usb,1,3612849267,148447,38002432,256,8000,32.120
2026-07-23T01:23:29.678Z,usb,1,3612849267,148448,38002688,256,8000,32.120
2026-07-23T01:23:29.710Z,usb,1,3612849267,148449,38002944,256,8000,32.120
2026-07-23T01:23:29.742Z,usb,1,3612849267,148450,38003200,256,8000,32.120
2026-07-23T01:23:29.774Z,usb,1,3612849267,148451,38003456,256,8000,32.120
2026-07-23T01:23:29.807Z,usb,1,3612849267,148452,38003712,256,8000,32.110
2026-07-23T01:23:29.838Z,usb,1,3612849267,148453,38003968,256,8000,32.110
2026-07-23T01:23:29.871Z,usb,1,3612849267,148454,38004224,256,8000,32.110
2026-07-23T01:23:29.902Z,usb,1,3612849267,148455,38004480,256,8000,32.110
2026-07-23T01:23:29.934Z,usb,1,3612849267,148456,38004736,256,8000,32.110
2026-07-23T01:23:29.966Z,usb,1,3612849267,148457,38004992,256,8000,32.110
2026-07-23T01:23:29.998Z,usb,1,3612849267,148458,38005248,256,8000,32.110
2026-07-23T01:23:30.030Z,usb,1,3612849267,148459,38005504,256,8000,32.110
2026-07-23T01:23:30.062Z,usb,1,3612849267,148460,38005760,256,8000,32.110
2026-07-23T01:23:30.094Z,usb,1,3612849267,148461,38006016,256,8000,32.110
2026-07-23T01:23:30.126Z,usb,1,3612849267,148462,38006272,256,8000,32.110
2026-07-23T01:23:30.158Z,usb,1,3612849267,148463,38006528,256,8000,32.110
2026-07-23T01:23:30.190Z,usb,1,3612849267,148464,38006784,256,8000,32.110
2026-07-23T01:23:30.222Z,usb,1,3612849267,148465,38007040,256,8000,32.110
2026-07-23T01:23:30.254Z,usb,1,3612849267,148466,38007296,256,8000,32.110
2026-07-23T01:23:30.287Z,usb,1,3612849267,148467,38007552,256,8000,32.110
2026-07-23T01:23:30.318Z,usb,1,3612849267,148468,38007808,256,8000,32.110
2026-07-23T01:23:30.350Z,usb,1,3612849267,148469,38008064,256,8000,32.110
2026-07-23T01:23:30.382Z,usb,1,3612849267,148470,38008320,256,8000,32.110
2026-07-23T01:23:30.414Z,usb,1,3612849267,148471,38008576,256,8000,32.110
2026-07-23T01:23:30.446Z,usb,1,3612849267,148472,38008832,256,8000,32.110
2026-07-23T01:23:30.478Z,usb,1,3612849267,148473,38009088,256,8000,32.110
2026-07-23T01:23:30.510Z,usb,1,3612849267,148474,38009344,256,8000,32.110
2026-07-23T01:23:30.542Z,usb,1,3612849267,148475,38009600,256,8000,32.110
2026-07-23T01:23:30.574Z,usb,1,3612849267,148476,38009856,256,8000,32.110
2026-07-23T01:23:30.606Z,usb,1,3612849267,148477,38010112,256,8000,32.110
2026-07-23T01:23:30.638Z,usb,1,3612849267,148478,38010368,256,8000,32.110
2026-07-23T01:23:30.670Z,usb,1,3612849267,148479,38010624,256,8000,32.110
2026-07-23T01:23:30.702Z,usb,1,3612849267,148480,38010880,256,8000,32.110
2026-07-23T01:23:30.734Z,usb,1,3612849267,148481,38011136,256,8000,32.110
2026-07-23T01:23:30.766Z,usb,1,3612849267,148482,38011392,256,8000,32.110
2026-07-23T01:23:30.798Z,usb,1,3612849267,148483,38011648,256,8000,32.110
2026-07-23T01:23:30.831Z,usb,1,3612849267,148484,38011904,256,8000,32.120
2026-07-23T01:23:30.862Z,usb,1,3612849267,148485,38012160,256,8000,32.120
2026-07-23T01:23:30.895Z,usb,1,3612849267,148486,38012416,256,8000,32.120
2026-07-23T01:23:30.926Z,usb,1,3612849267,148487,38012672,256,8000,32.120
2026-07-23T01:23:30.958Z,usb,1,3612849267,148488,38012928,256,8000,32.120
2026-07-23T01:23:30.991Z,usb,1,3612849267,148489,38013184,256,8000,32.120
2026-07-23T01:23:31.022Z,usb,1,3612849267,148490,38013440,256,8000,32.120
2026-07-23T01:23:31.054Z,usb,1,3612849267,148491,38013696,256,8000,32.120
2026-07-23T01:23:31.086Z,usb,1,3612849267,148492,38013952,256,8000,32.120
2026-07-23T01:23:31.118Z,usb,1,3612849267,148493,38014208,256,8000,32.120
2026-07-23T01:23:31.151Z,usb,1,3612849267,148494,38014464,256,8000,32.120
2026-07-23T01:23:31.183Z,usb,1,3612849267,148495,38014720,256,8000,32.120
2026-07-23T01:23:31.214Z,usb,1,3612849267,148496,38014976,256,8000,32.120
2026-07-23T01:23:31.246Z,usb,1,3612849267,148497,38015232,256,8000,32.120
2026-07-23T01:23:31.278Z,usb,1,3612849267,148498,38015488,256,8000,32.120
2026-07-23T01:23:31.310Z,usb,1,3612849267,148499,38015744,256,8000,32.120
2026-07-23T01:23:31.342Z,usb,1,3612849267,148500,38016000,256,8000,32.120
2026-07-23T01:23:31.374Z,usb,1,3612849267,148501,38016256,256,8000,32.120
2026-07-23T01:23:31.407Z,usb,1,3612849267,148502,38016512,256,8000,32.120
2026-07-23T01:23:31.438Z,usb,1,3612849267,148503,38016768,256,8000,32.120
2026-07-23T01:23:31.470Z,usb,1,3612849267,148504,38017024,256,8000,32.120
2026-07-23T01:23:31.502Z,usb,1,3612849267,148505,38017280,256,8000,32.120
2026-07-23T01:23:31.534Z,usb,1,3612849267,148506,38017536,256,8000,32.120
2026-07-23T01:23:31.566Z,usb,1,3612849267,148507,38017792,256,8000,32.120
2026-07-23T01:23:31.601Z,usb,1,3612849267,148508,38018048,256,8000,32.120
2026-07-23T01:23:31.630Z,usb,1,3612849267,148509,38018304,256,8000,32.120
2026-07-23T01:23:31.662Z,usb,1,3612849267,148510,38018560,256,8000,32.120
2026-07-23T01:23:31.694Z,usb,1,3612849267,148511,38018816,256,8000,32.120
2026-07-23T01:23:31.726Z,usb,1,3612849267,148512,38019072,256,8000,32.120
2026-07-23T01:23:31.758Z,usb,1,3612849267,148513,38019328,256,8000,32.120
2026-07-23T01:23:31.791Z,usb,1,3612849267,148514,38019584,256,8000,32.120
2026-07-23T01:23:31.822Z,usb,1,3612849267,148515,38019840,256,8000,32.120
2026-07-23T01:23:31.855Z,usb,1,3612849267,148516,38020096,256,8000,32.120
2026-07-23T01:23:31.886Z,usb,1,3612849267,148517,38020352,256,8000,32.120
2026-07-23T01:23:31.918Z,usb,1,3612849267,148518,38020608,256,8000,32.120
2026-07-23T01:23:31.950Z,usb,1,3612849267,148519,38020864,256,8000,32.120
2026-07-23T01:23:31.982Z,usb,1,3612849267,148520,38021120,256,8000,32.120
2026-07-23T01:23:32.014Z,usb,1,3612849267,148521,38021376,256,8000,32.120
2026-07-23T01:23:32.046Z,usb,1,3612849267,148522,38021632,256,8000,32.120
2026-07-23T01:23:32.078Z,usb,1,3612849267,148523,38021888,256,8000,32.120
2026-07-23T01:23:32.110Z,usb,1,3612849267,148524,38022144,256,8000,32.120
2026-07-23T01:23:32.142Z,usb,1,3612849267,148525,38022400,256,8000,32.120
2026-07-23T01:23:32.175Z,usb,1,3612849267,148526,38022656,256,8000,32.120
2026-07-23T01:23:32.206Z,usb,1,3612849267,148527,38022912,256,8000,32.120
2026-07-23T01:23:32.238Z,usb,1,3612849267,148528,38023168,256,8000,32.120
2026-07-23T01:23:32.270Z,usb,1,3612849267,148529,38023424,256,8000,32.120
2026-07-23T01:23:32.302Z,usb,1,3612849267,148530,38023680,256,8000,32.120
2026-07-23T01:23:32.334Z,usb,1,3612849267,148531,38023936,256,8000,32.120
2026-07-23T01:23:32.366Z,usb,1,3612849267,148532,38024192,256,8000,32.120
2026-07-23T01:23:32.398Z,usb,1,3612849267,148533,38024448,256,8000,32.120
2026-07-23T01:23:32.430Z,usb,1,3612849267,148534,38024704,256,8000,32.120
2026-07-23T01:23:32.462Z,usb,1,3612849267,148535,38024960,256,8000,32.120
2026-07-23T01:23:32.494Z,usb,1,3612849267,148536,38025216,256,8000,32.120
2026-07-23T01:23:32.526Z,usb,1,3612849267,148537,38025472,256,8000,32.120
2026-07-23T01:23:32.558Z,usb,1,3612849267,148538,38025728,256,8000,32.120
2026-07-23T01:23:32.590Z,usb,1,3612849267,148539,38025984,256,8000,32.120
2026-07-23T01:23:32.622Z,usb,1,3612849267,148540,38026240,256,8000,32.120
2026-07-23T01:23:32.654Z,usb,1,3612849267,148541,38026496,256,8000,32.120
2026-07-23T01:23:32.686Z,usb,1,3612849267,148542,38026752,256,8000,32.120
2026-07-23T01:23:32.718Z,usb,1,3612849267,148543,38027008,256,8000,32.120
2026-07-23T01:23:32.751Z,usb,1,3612849267,148544,38027264,256,8000,32.120
2026-07-23T01:23:32.782Z,usb,1,3612849267,148545,38027520,256,8000,32.120
2026-07-23T01:23:32.814Z,usb,1,3612849267,148546,38027776,256,8000,32.120
2026-07-23T01:23:32.846Z,usb,1,3612849267,148547,38028032,256,8000,32.120
2026-07-23T01:23:32.879Z,usb,1,3612849267,148548,38028288,256,8000,32.120
2026-07-23T01:23:32.910Z,usb,1,3612849267,148549,38028544,256,8000,32.120
2026-07-23T01:23:32.943Z,usb,1,3612849267,148550,38028800,256,8000,32.120
2026-07-23T01:23:32.974Z,usb,1,3612849267,148551,38029056,256,8000,32.120
2026-07-23T01:23:33.006Z,usb,1,3612849267,148552,38029312,256,8000,32.120
2026-07-23T01:23:33.038Z,usb,1,3612849267,148553,38029568,256,8000,32.120
2026-07-23T01:23:33.070Z,usb,1,3612849267,148554,38029824,256,8000,32.120
2026-07-23T01:23:33.102Z,usb,1,3612849267,148555,38030080,256,8000,32.120
2026-07-23T01:23:33.134Z,usb,1,3612849267,148556,38030336,256,8000,32.120
2026-07-23T01:23:33.166Z,usb,1,3612849267,148557,38030592,256,8000,32.120
2026-07-23T01:23:33.199Z,usb,1,3612849267,148558,38030848,256,8000,32.120
2026-07-23T01:23:33.231Z,usb,1,3612849267,148559,38031104,256,8000,32.120
2026-07-23T01:23:33.262Z,usb,1,3612849267,148560,38031360,256,8000,32.120
2026-07-23T01:23:33.294Z,usb,1,3612849267,148561,38031616,256,8000,32.120
2026-07-23T01:23:33.326Z,usb,1,3612849267,148562,38031872,256,8000,32.120
2026-07-23T01:23:33.358Z,usb,1,3612849267,148563,38032128,256,8000,32.120
2026-07-23T01:23:33.390Z,usb,1,3612849267,148564,38032384,256,8000,32.120
2026-07-23T01:23:33.423Z,usb,1,3612849267,148565,38032640,256,8000,32.120
2026-07-23T01:23:33.454Z,usb,1,3612849267,148566,38032896,256,8000,32.120
2026-07-23T01:23:33.487Z,usb,1,3612849267,148567,38033152,256,8000,32.120
2026-07-23T01:23:33.518Z,usb,1,3612849267,148568,38033408,256,8000,32.120
2026-07-23T01:23:33.551Z,usb,1,3612849267,148569,38033664,256,8000,32.120
2026-07-23T01:23:33.583Z,usb,1,3612849267,148570,38033920,256,8000,32.120
2026-07-23T01:23:33.614Z,usb,1,3612849267,148571,38034176,256,8000,32.120
2026-07-23T01:23:33.646Z,usb,1,3612849267,148572,38034432,256,8000,32.120
2026-07-23T01:23:33.678Z,usb,1,3612849267,148573,38034688,256,8000,32.120
2026-07-23T01:23:33.710Z,usb,1,3612849267,148574,38034944,256,8000,32.120
2026-07-23T01:23:33.742Z,usb,1,3612849267,148575,38035200,256,8000,32.120
2026-07-23T01:23:33.774Z,usb,1,3612849267,148576,38035456,256,8000,32.120
2026-07-23T01:23:33.806Z,usb,1,3612849267,148577,38035712,256,8000,32.120
2026-07-23T01:23:33.838Z,usb,1,3612849267,148578,38035968,256,8000,32.120
2026-07-23T01:23:33.870Z,usb,1,3612849267,148579,38036224,256,8000,32.120
2026-07-23T01:23:33.903Z,usb,1,3612849267,148580,38036480,256,8000,32.110
2026-07-23T01:23:33.934Z,usb,1,3612849267,148581,38036736,256,8000,32.110
2026-07-23T01:23:33.966Z,usb,1,3612849267,148582,38036992,256,8000,32.110
2026-07-23T01:23:33.998Z,usb,1,3612849267,148583,38037248,256,8000,32.110
2026-07-23T01:23:34.030Z,usb,1,3612849267,148584,38037504,256,8000,32.110
2026-07-23T01:23:34.062Z,usb,1,3612849267,148585,38037760,256,8000,32.110
2026-07-23T01:23:34.094Z,usb,1,3612849267,148586,38038016,256,8000,32.110
2026-07-23T01:23:34.127Z,usb,1,3612849267,148587,38038272,256,8000,32.110
2026-07-23T01:23:34.159Z,usb,1,3612849267,148588,38038528,256,8000,32.110
2026-07-23T01:23:34.190Z,usb,1,3612849267,148589,38038784,256,8000,32.110
2026-07-23T01:23:34.222Z,usb,1,3612849267,148590,38039040,256,8000,32.110
2026-07-23T01:23:34.255Z,usb,1,3612849267,148591,38039296,256,8000,32.110
2026-07-23T01:23:34.286Z,usb,1,3612849267,148592,38039552,256,8000,32.110
2026-07-23T01:23:34.319Z,usb,1,3612849267,148593,38039808,256,8000,32.110
2026-07-23T01:23:34.350Z,usb,1,3612849267,148594,38040064,256,8000,32.110
2026-07-23T01:23:34.383Z,usb,1,3612849267,148595,38040320,256,8000,32.110
2026-07-23T01:23:34.414Z,usb,1,3612849267,148596,38040576,256,8000,32.110
2026-07-23T01:23:34.447Z,usb,1,3612849267,148597,38040832,256,8000,32.110
2026-07-23T01:23:34.478Z,usb,1,3612849267,148598,38041088,256,8000,32.110
2026-07-23T01:23:34.510Z,usb,1,3612849267,148599,38041344,256,8000,32.110
2026-07-23T01:23:34.542Z,usb,1,3612849267,148600,38041600,256,8000,32.110
2026-07-23T01:23:34.574Z,usb,1,3612849267,148601,38041856,256,8000,32.110
2026-07-23T01:23:34.607Z,usb,1,3612849267,148602,38042112,256,8000,32.110
2026-07-23T01:23:34.638Z,usb,1,3612849267,148603,38042368,256,8000,32.110
2026-07-23T01:23:34.670Z,usb,1,3612849267,148604,38042624,256,8000,32.110
2026-07-23T01:23:34.702Z,usb,1,3612849267,148605,38042880,256,8000,32.110
2026-07-23T01:23:34.734Z,usb,1,3612849267,148606,38043136,256,8000,32.110
2026-07-23T01:23:34.766Z,usb,1,3612849267,148607,38043392,256,8000,32.110
2026-07-23T01:23:34.798Z,usb,1,3612849267,148608,38043648,256,8000,32.110
2026-07-23T01:23:34.830Z,usb,1,3612849267,148609,38043904,256,8000,32.110
2026-07-23T01:23:34.862Z,usb,1,3612849267,148610,38044160,256,8000,32.110
2026-07-23T01:23:34.894Z,usb,1,3612849267,148611,38044416,256,8000,32.110
2026-07-23T01:23:34.927Z,usb,1,3612849267,148612,38044672,256,8000,32.120
2026-07-23T01:23:34.958Z,usb,1,3612849267,148613,38044928,256,8000,32.120
2026-07-23T01:23:34.990Z,usb,1,3612849267,148614,38045184,256,8000,32.120
2026-07-23T01:23:35.022Z,usb,1,3612849267,148615,38045440,256,8000,32.120
2026-07-23T01:23:35.054Z,usb,1,3612849267,148616,38045696,256,8000,32.120
2026-07-23T01:23:35.086Z,usb,1,3612849267,148617,38045952,256,8000,32.120
2026-07-23T01:23:35.118Z,usb,1,3612849267,148618,38046208,256,8000,32.120
2026-07-23T01:23:35.150Z,usb,1,3612849267,148619,38046464,256,8000,32.120
2026-07-23T01:23:35.182Z,usb,1,3612849267,148620,38046720,256,8000,32.120
2026-07-23T01:23:35.215Z,usb,1,3612849267,148621,38046976,256,8000,32.120
2026-07-23T01:23:35.246Z,usb,1,3612849267,148622,38047232,256,8000,32.120
2026-07-23T01:23:35.278Z,usb,1,3612849267,148623,38047488,256,8000,32.120
2026-07-23T01:23:35.310Z,usb,1,3612849267,148624,38047744,256,8000,32.120
2026-07-23T01:23:35.342Z,usb,1,3612849267,148625,38048000,256,8000,32.120
2026-07-23T01:23:35.374Z,usb,1,3612849267,148626,38048256,256,8000,32.120
2026-07-23T01:23:35.406Z,usb,1,3612849267,148627,38048512,256,8000,32.120
2026-07-23T01:23:35.438Z,usb,1,3612849267,148628,38048768,256,8000,32.120
2026-07-23T01:23:35.470Z,usb,1,3612849267,148629,38049024,256,8000,32.120
2026-07-23T01:23:35.502Z,usb,1,3612849267,148630,38049280,256,8000,32.120
2026-07-23T01:23:35.534Z,usb,1,3612849267,148631,38049536,256,8000,32.120
2026-07-23T01:23:35.566Z,usb,1,3612849267,148632,38049792,256,8000,32.120
2026-07-23T01:23:35.598Z,usb,1,3612849267,148633,38050048,256,8000,32.120
2026-07-23T01:23:35.630Z,usb,1,3612849267,148634,38050304,256,8000,32.120
2026-07-23T01:23:35.662Z,usb,1,3612849267,148635,38050560,256,8000,32.120
2026-07-23T01:23:35.694Z,usb,1,3612849267,148636,38050816,256,8000,32.120
2026-07-23T01:23:35.726Z,usb,1,3612849267,148637,38051072,256,8000,32.120
2026-07-23T01:23:35.758Z,usb,1,3612849267,148638,38051328,256,8000,32.120
2026-07-23T01:23:35.790Z,usb,1,3612849267,148639,38051584,256,8000,32.120
2026-07-23T01:23:35.822Z,usb,1,3612849267,148640,38051840,256,8000,32.120
2026-07-23T01:23:35.854Z,usb,1,3612849267,148641,38052096,256,8000,32.120
2026-07-23T01:23:35.886Z,usb,1,3612849267,148642,38052352,256,8000,32.120
2026-07-23T01:23:35.919Z,usb,1,3612849267,148643,38052608,256,8000,32.120
2026-07-23T01:23:35.951Z,usb,1,3612849267,148644,38052864,256,8000,32.120
2026-07-23T01:23:35.982Z,usb,1,3612849267,148645,38053120,256,8000,32.120
2026-07-23T01:23:36.014Z,usb,1,3612849267,148646,38053376,256,8000,32.120
2026-07-23T01:23:36.046Z,usb,1,3612849267,148647,38053632,256,8000,32.120
2026-07-23T01:23:36.078Z,usb,1,3612849267,148648,38053888,256,8000,32.120
2026-07-23T01:23:36.110Z,usb,1,3612849267,148649,38054144,256,8000,32.120
2026-07-23T01:23:36.142Z,usb,1,3612849267,148650,38054400,256,8000,32.120
2026-07-23T01:23:36.174Z,usb,1,3612849267,148651,38054656,256,8000,32.120
2026-07-23T01:23:36.206Z,usb,1,3612849267,148652,38054912,256,8000,32.120
2026-07-23T01:23:36.238Z,usb,1,3612849267,148653,38055168,256,8000,32.120
2026-07-23T01:23:36.270Z,usb,1,3612849267,148654,38055424,256,8000,32.120
2026-07-23T01:23:36.302Z,usb,1,3612849267,148655,38055680,256,8000,32.120
2026-07-23T01:23:36.334Z,usb,1,3612849267,148656,38055936,256,8000,32.120
2026-07-23T01:23:36.366Z,usb,1,3612849267,148657,38056192,256,8000,32.120
2026-07-23T01:23:36.398Z,usb,1,3612849267,148658,38056448,256,8000,32.120
2026-07-23T01:23:36.431Z,usb,1,3612849267,148659,38056704,256,8000,32.120
2026-07-23T01:23:36.462Z,usb,1,3612849267,148660,38056960,256,8000,32.120
2026-07-23T01:23:36.494Z,usb,1,3612849267,148661,38057216,256,8000,32.120
2026-07-23T01:23:36.526Z,usb,1,3612849267,148662,38057472,256,8000,32.120
2026-07-23T01:23:36.558Z,usb,1,3612849267,148663,38057728,256,8000,32.120
2026-07-23T01:23:36.590Z,usb,1,3612849267,148664,38057984,256,8000,32.120
2026-07-23T01:23:36.622Z,usb,1,3612849267,148665,38058240,256,8000,32.120
2026-07-23T01:23:36.654Z,usb,1,3612849267,148666,38058496,256,8000,32.120
2026-07-23T01:23:36.686Z,usb,1,3612849267,148667,38058752,256,8000,32.120
2026-07-23T01:23:36.718Z,usb,1,3612849267,148668,38059008,256,8000,32.120
2026-07-23T01:23:36.750Z,usb,1,3612849267,148669,38059264,256,8000,32.120
2026-07-23T01:23:36.782Z,usb,1,3612849267,148670,38059520,256,8000,32.120
2026-07-23T01:23:36.814Z,usb,1,3612849267,148671,38059776,256,8000,32.120
2026-07-23T01:23:36.847Z,usb,1,3612849267,148672,38060032,256,8000,32.120
2026-07-23T01:23:36.879Z,usb,1,3612849267,148673,38060288,256,8000,32.120
2026-07-23T01:23:36.910Z,usb,1,3612849267,148674,38060544,256,8000,32.120
2026-07-23T01:23:36.942Z,usb,1,3612849267,148675,38060800,256,8000,32.120
2026-07-23T01:23:36.975Z,usb,1,3612849267,148676,38061056,256,8000,32.120
2026-07-23T01:23:37.006Z,usb,1,3612849267,148677,38061312,256,8000,32.120
2026-07-23T01:23:37.038Z,usb,1,3612849267,148678,38061568,256,8000,32.120
2026-07-23T01:23:37.070Z,usb,1,3612849267,148679,38061824,256,8000,32.120
2026-07-23T01:23:37.102Z,usb,1,3612849267,148680,38062080,256,8000,32.120
2026-07-23T01:23:37.134Z,usb,1,3612849267,148681,38062336,256,8000,32.120
2026-07-23T01:23:37.166Z,usb,1,3612849267,148682,38062592,256,8000,32.120
2026-07-23T01:23:37.199Z,usb,1,3612849267,148683,38062848,256,8000,32.120
2026-07-23T01:23:37.230Z,usb,1,3612849267,148684,38063104,256,8000,32.120
2026-07-23T01:23:37.262Z,usb,1,3612849267,148685,38063360,256,8000,32.120
2026-07-23T01:23:37.294Z,usb,1,3612849267,148686,38063616,256,8000,32.120
2026-07-23T01:23:37.326Z,usb,1,3612849267,148687,38063872,256,8000,32.120
2026-07-23T01:23:37.358Z,usb,1,3612849267,148688,38064128,256,8000,32.120
2026-07-23T01:23:37.391Z,usb,1,3612849267,148689,38064384,256,8000,32.120
2026-07-23T01:23:37.422Z,usb,1,3612849267,148690,38064640,256,8000,32.120
2026-07-23T01:23:37.454Z,usb,1,3612849267,148691,38064896,256,8000,32.120
2026-07-23T01:23:37.486Z,usb,1,3612849267,148692,38065152,256,8000,32.120
2026-07-23T01:23:37.518Z,usb,1,3612849267,148693,38065408,256,8000,32.120
2026-07-23T01:23:37.550Z,usb,1,3612849267,148694,38065664,256,8000,32.120
2026-07-23T01:23:37.582Z,usb,1,3612849267,148695,38065920,256,8000,32.120
2026-07-23T01:23:37.614Z,usb,1,3612849267,148696,38066176,256,8000,32.120
2026-07-23T01:23:37.646Z,usb,1,3612849267,148697,38066432,256,8000,32.120
2026-07-23T01:23:37.678Z,usb,1,3612849267,148698,38066688,256,8000,32.120
2026-07-23T01:23:37.710Z,usb,1,3612849267,148699,38066944,256,8000,32.120
2026-07-23T01:23:37.743Z,usb,1,3612849267,148700,38067200,256,8000,32.120
2026-07-23T01:23:37.774Z,usb,1,3612849267,148701,38067456,256,8000,32.120
2026-07-23T01:23:37.806Z,usb,1,3612849267,148702,38067712,256,8000,32.120
2026-07-23T01:23:37.838Z,usb,1,3612849267,148703,38067968,256,8000,32.120
2026-07-23T01:23:37.870Z,usb,1,3612849267,148704,38068224,256,8000,32.120
2026-07-23T01:23:37.902Z,usb,1,3612849267,148705,38068480,256,8000,32.120
2026-07-23T01:23:37.934Z,usb,1,3612849267,148706,38068736,256,8000,32.120
2026-07-23T01:23:37.966Z,usb,1,3612849267,148707,38068992,256,8000,32.120
2026-07-23T01:23:37.999Z,usb,1,3612849267,148708,38069248,256,8000,32.120
2026-07-23T01:23:38.030Z,usb,1,3612849267,148709,38069504,256,8000,32.120
2026-07-23T01:23:38.063Z,usb,1,3612849267,148710,38069760,256,8000,32.120
2026-07-23T01:23:38.094Z,usb,1,3612849267,148711,38070016,256,8000,32.120
2026-07-23T01:23:38.126Z,usb,1,3612849267,148712,38070272,256,8000,32.120
2026-07-23T01:23:38.158Z,usb,1,3612849267,148713,38070528,256,8000,32.120
2026-07-23T01:23:38.190Z,usb,1,3612849267,148714,38070784,256,8000,32.120
2026-07-23T01:23:38.222Z,usb,1,3612849267,148715,38071040,256,8000,32.120
2026-07-23T01:23:38.254Z,usb,1,3612849267,148716,38071296,256,8000,32.120
2026-07-23T01:23:38.286Z,usb,1,3612849267,148717,38071552,256,8000,32.120
2026-07-23T01:23:38.318Z,usb,1,3612849267,148718,38071808,256,8000,32.120
2026-07-23T01:23:38.352Z,usb,1,3612849267,148719,38072064,256,8000,32.120
2026-07-23T01:23:38.382Z,usb,1,3612849267,148720,38072320,256,8000,32.120
2026-07-23T01:23:38.414Z,usb,1,3612849267,148721,38072576,256,8000,32.120
2026-07-23T01:23:38.446Z,usb,1,3612849267,148722,38072832,256,8000,32.120
2026-07-23T01:23:38.478Z,usb,1,3612849267,148723,38073088,256,8000,32.120
2026-07-23T01:23:38.510Z,usb,1,3612849267,148724,38073344,256,8000,32.120
2026-07-23T01:23:38.542Z,usb,1,3612849267,148725,38073600,256,8000,32.120
2026-07-23T01:23:38.574Z,usb,1,3612849267,148726,38073856,256,8000,32.120
2026-07-23T01:23:38.606Z,usb,1,3612849267,148727,38074112,256,8000,32.120
2026-07-23T01:23:38.638Z,usb,1,3612849267,148728,38074368,256,8000,32.120
2026-07-23T01:23:38.670Z,usb,1,3612849267,148729,38074624,256,8000,32.120
2026-07-23T01:23:38.702Z,usb,1,3612849267,148730,38074880,256,8000,32.120
2026-07-23T01:23:38.734Z,usb,1,3612849267,148731,38075136,256,8000,32.120
2026-07-23T01:23:38.766Z,usb,1,3612849267,148732,38075392,256,8000,32.120
2026-07-23T01:23:38.798Z,usb,1,3612849267,148733,38075648,256,8000,32.120
2026-07-23T01:23:38.830Z,usb,1,3612849267,148734,38075904,256,8000,32.120
2026-07-23T01:23:38.862Z,usb,1,3612849267,148735,38076160,256,8000,32.120
2026-07-23T01:23:38.894Z,usb,1,3612849267,148736,38076416,256,8000,32.120
2026-07-23T01:23:38.926Z,usb,1,3612849267,148737,38076672,256,8000,32.120
2026-07-23T01:23:38.958Z,usb,1,3612849267,148738,38076928,256,8000,32.120
2026-07-23T01:23:38.990Z,usb,1,3612849267,148739,38077184,256,8000,32.120
2026-07-23T01:23:39.023Z,usb,1,3612849267,148740,38077440,256,8000,32.110
2026-07-23T01:23:39.055Z,usb,1,3612849267,148741,38077696,256,8000,32.110
2026-07-23T01:23:39.086Z,usb,1,3612849267,148742,38077952,256,8000,32.110
2026-07-23T01:23:39.118Z,usb,1,3612849267,148743,38078208,256,8000,32.110
2026-07-23T01:23:39.150Z,usb,1,3612849267,148744,38078464,256,8000,32.110
2026-07-23T01:23:39.182Z,usb,1,3612849267,148745,38078720,256,8000,32.110
2026-07-23T01:23:39.214Z,usb,1,3612849267,148746,38078976,256,8000,32.110
2026-07-23T01:23:39.246Z,usb,1,3612849267,148747,38079232,256,8000,32.110
2026-07-23T01:23:39.278Z,usb,1,3612849267,148748,38079488,256,8000,32.110
2026-07-23T01:23:39.310Z,usb,1,3612849267,148749,38079744,256,8000,32.110
2026-07-23T01:23:39.342Z,usb,1,3612849267,148750,38080000,256,8000,32.110
2026-07-23T01:23:39.374Z,usb,1,3612849267,148751,38080256,256,8000,32.110
2026-07-23T01:23:39.406Z,usb,1,3612849267,148752,38080512,256,8000,32.110
2026-07-23T01:23:39.438Z,usb,1,3612849267,148753,38080768,256,8000,32.110
2026-07-23T01:23:39.470Z,usb,1,3612849267,148754,38081024,256,8000,32.110
2026-07-23T01:23:39.502Z,usb,1,3612849267,148755,38081280,256,8000,32.110
2026-07-23T01:23:39.534Z,usb,1,3612849267,148756,38081536,256,8000,32.110
2026-07-23T01:23:39.566Z,usb,1,3612849267,148757,38081792,256,8000,32.110
2026-07-23T01:23:39.598Z,usb,1,3612849267,148758,38082048,256,8000,32.110
2026-07-23T01:23:39.630Z,usb,1,3612849267,148759,38082304,256,8000,32.110
2026-07-23T01:23:39.662Z,usb,1,3612849267,148760,38082560,256,8000,32.110
2026-07-23T01:23:39.694Z,usb,1,3612849267,148761,38082816,256,8000,32.110
2026-07-23T01:23:39.726Z,usb,1,3612849267,148762,38083072,256,8000,32.110
2026-07-23T01:23:39.758Z,usb,1,3612849267,148763,38083328,256,8000,32.110
2026-07-23T01:23:39.790Z,usb,1,3612849267,148764,38083584,256,8000,32.110
2026-07-23T01:23:39.822Z,usb,1,3612849267,148765,38083840,256,8000,32.110
2026-07-23T01:23:39.854Z,usb,1,3612849267,148766,38084096,256,8000,32.110
2026-07-23T01:23:39.886Z,usb,1,3612849267,148767,38084352,256,8000,32.110
2026-07-23T01:23:39.918Z,usb,1,3612849267,148768,38084608,256,8000,32.110
2026-07-23T01:23:39.950Z,usb,1,3612849267,148769,38084864,256,8000,32.110
2026-07-23T01:23:39.982Z,usb,1,3612849267,148770,38085120,256,8000,32.110
2026-07-23T01:23:40.014Z,usb,1,3612849267,148771,38085376,256,8000,32.110
2026-07-23T01:23:40.047Z,usb,1,3612849267,148772,38085632,256,8000,32.110
2026-07-23T01:23:40.078Z,usb,1,3612849267,148773,38085888,256,8000,32.110
2026-07-23T01:23:40.110Z,usb,1,3612849267,148774,38086144,256,8000,32.110
2026-07-23T01:23:40.142Z,usb,1,3612849267,148775,38086400,256,8000,32.110
2026-07-23T01:23:40.174Z,usb,1,3612849267,148776,38086656,256,8000,32.110
2026-07-23T01:23:40.206Z,usb,1,3612849267,148777,38086912,256,8000,32.110
2026-07-23T01:23:40.238Z,usb,1,3612849267,148778,38087168,256,8000,32.110
2026-07-23T01:23:40.270Z,usb,1,3612849267,148779,38087424,256,8000,32.110
2026-07-23T01:23:40.302Z,usb,1,3612849267,148780,38087680,256,8000,32.110
2026-07-23T01:23:40.334Z,usb,1,3612849267,148781,38087936,256,8000,32.110
2026-07-23T01:23:40.366Z,usb,1,3612849267,148782,38088192,256,8000,32.110
2026-07-23T01:23:40.398Z,usb,1,3612849267,148783,38088448,256,8000,32.110
2026-07-23T01:23:40.430Z,usb,1,3612849267,148784,38088704,256,8000,32.110
2026-07-23T01:23:40.462Z,usb,1,3612849267,148785,38088960,256,8000,32.110
2026-07-23T01:23:40.494Z,usb,1,3612849267,148786,38089216,256,8000,32.110
2026-07-23T01:23:40.526Z,usb,1,3612849267,148787,38089472,256,8000,32.110
2026-07-23T01:23:40.558Z,usb,1,3612849267,148788,38089728,256,8000,32.110
2026-07-23T01:23:40.590Z,usb,1,3612849267,148789,38089984,256,8000,32.110
2026-07-23T01:23:40.622Z,usb,1,3612849267,148790,38090240,256,8000,32.110
2026-07-23T01:23:40.654Z,usb,1,3612849267,148791,38090496,256,8000,32.110
2026-07-23T01:23:40.686Z,usb,1,3612849267,148792,38090752,256,8000,32.110
2026-07-23T01:23:40.718Z,usb,1,3612849267,148793,38091008,256,8000,32.110
2026-07-23T01:23:40.750Z,usb,1,3612849267,148794,38091264,256,8000,32.110
2026-07-23T01:23:40.782Z,usb,1,3612849267,148795,38091520,256,8000,32.110
2026-07-23T01:23:40.814Z,usb,1,3612849267,148796,38091776,256,8000,32.110
2026-07-23T01:23:40.846Z,usb,1,3612849267,148797,38092032,256,8000,32.110
2026-07-23T01:23:40.878Z,usb,1,3612849267,148798,38092288,256,8000,32.110
2026-07-23T01:23:40.910Z,usb,1,3612849267,148799,38092544,256,8000,32.110
2026-07-23T01:23:40.942Z,usb,1,3612849267,148800,38092800,256,8000,32.110
2026-07-23T01:23:40.975Z,usb,1,3612849267,148801,38093056,256,8000,32.110
2026-07-23T01:23:41.006Z,usb,1,3612849267,148802,38093312,256,8000,32.110
2026-07-23T01:23:41.038Z,usb,1,3612849267,148803,38093568,256,8000,32.110
2026-07-23T01:23:41.071Z,usb,1,3612849267,148804,38093824,256,8000,32.120
2026-07-23T01:23:41.102Z,usb,1,3612849267,148805,38094080,256,8000,32.120
2026-07-23T01:23:41.134Z,usb,1,3612849267,148806,38094336,256,8000,32.120
2026-07-23T01:23:41.166Z,usb,1,3612849267,148807,38094592,256,8000,32.120
2026-07-23T01:23:41.198Z,usb,1,3612849267,148808,38094848,256,8000,32.120
2026-07-23T01:23:41.230Z,usb,1,3612849267,148809,38095104,256,8000,32.120
2026-07-23T01:23:41.262Z,usb,1,3612849267,148810,38095360,256,8000,32.120
2026-07-23T01:23:41.295Z,usb,1,3612849267,148811,38095616,256,8000,32.120
2026-07-23T01:23:41.327Z,usb,1,3612849267,148812,38095872,256,8000,32.120
2026-07-23T01:23:41.358Z,usb,1,3612849267,148813,38096128,256,8000,32.120
2026-07-23T01:23:41.390Z,usb,1,3612849267,148814,38096384,256,8000,32.120
2026-07-23T01:23:41.422Z,usb,1,3612849267,148815,38096640,256,8000,32.120
2026-07-23T01:23:41.454Z,usb,1,3612849267,148816,38096896,256,8000,32.120
2026-07-23T01:23:41.486Z,usb,1,3612849267,148817,38097152,256,8000,32.120
2026-07-23T01:23:41.518Z,usb,1,3612849267,148818,38097408,256,8000,32.120
2026-07-23T01:23:41.550Z,usb,1,3612849267,148819,38097664,256,8000,32.120
2026-07-23T01:23:41.582Z,usb,1,3612849267,148820,38097920,256,8000,32.120
2026-07-23T01:23:41.614Z,usb,1,3612849267,148821,38098176,256,8000,32.120
2026-07-23T01:23:41.646Z,usb,1,3612849267,148822,38098432,256,8000,32.120
2026-07-23T01:23:41.678Z,usb,1,3612849267,148823,38098688,256,8000,32.120
2026-07-23T01:23:41.711Z,usb,1,3612849267,148824,38098944,256,8000,32.120
2026-07-23T01:23:41.742Z,usb,1,3612849267,148825,38099200,256,8000,32.120
2026-07-23T01:23:41.774Z,usb,1,3612849267,148826,38099456,256,8000,32.120
2026-07-23T01:23:41.806Z,usb,1,3612849267,148827,38099712,256,8000,32.120
2026-07-23T01:23:41.838Z,usb,1,3612849267,148828,38099968,256,8000,32.120
2026-07-23T01:23:41.870Z,usb,1,3612849267,148829,38100224,256,8000,32.120
2026-07-23T01:23:41.902Z,usb,1,3612849267,148830,38100480,256,8000,32.120
2026-07-23T01:23:41.934Z,usb,1,3612849267,148831,38100736,256,8000,32.120
2026-07-23T01:23:41.966Z,usb,1,3612849267,148832,38100992,256,8000,32.120
2026-07-23T01:23:41.998Z,usb,1,3612849267,148833,38101248,256,8000,32.120
2026-07-23T01:23:42.030Z,usb,1,3612849267,148834,38101504,256,8000,32.120
2026-07-23T01:23:42.062Z,usb,1,3612849267,148835,38101760,256,8000,32.120
2026-07-23T01:23:42.095Z,usb,1,3612849267,148836,38102016,256,8000,32.120
2026-07-23T01:23:42.126Z,usb,1,3612849267,148837,38102272,256,8000,32.120
2026-07-23T01:23:42.158Z,usb,1,3612849267,148838,38102528,256,8000,32.120
2026-07-23T01:23:42.190Z,usb,1,3612849267,148839,38102784,256,8000,32.120
2026-07-23T01:23:42.222Z,usb,1,3612849267,148840,38103040,256,8000,32.120
2026-07-23T01:23:42.254Z,usb,1,3612849267,148841,38103296,256,8000,32.120
2026-07-23T01:23:42.286Z,usb,1,3612849267,148842,38103552,256,8000,32.120
2026-07-23T01:23:42.318Z,usb,1,3612849267,148843,38103808,256,8000,32.120
2026-07-23T01:23:42.350Z,usb,1,3612849267,148844,38104064,256,8000,32.120
2026-07-23T01:23:42.382Z,usb,1,3612849267,148845,38104320,256,8000,32.120
2026-07-23T01:23:42.414Z,usb,1,3612849267,148846,38104576,256,8000,32.120
2026-07-23T01:23:42.446Z,usb,1,3612849267,148847,38104832,256,8000,32.120
2026-07-23T01:23:42.478Z,usb,1,3612849267,148848,38105088,256,8000,32.120
2026-07-23T01:23:42.510Z,usb,1,3612849267,148849,38105344,256,8000,32.120
2026-07-23T01:23:42.542Z,usb,1,3612849267,148850,38105600,256,8000,32.120
2026-07-23T01:23:42.574Z,usb,1,3612849267,148851,38105856,256,8000,32.120
2026-07-23T01:23:42.606Z,usb,1,3612849267,148852,38106112,256,8000,32.120
2026-07-23T01:23:42.638Z,usb,1,3612849267,148853,38106368,256,8000,32.120
2026-07-23T01:23:42.670Z,usb,1,3612849267,148854,38106624,256,8000,32.120
2026-07-23T01:23:42.702Z,usb,1,3612849267,148855,38106880,256,8000,32.120
2026-07-23T01:23:42.734Z,usb,1,3612849267,148856,38107136,256,8000,32.120
2026-07-23T01:23:42.766Z,usb,1,3612849267,148857,38107392,256,8000,32.120
2026-07-23T01:23:42.798Z,usb,1,3612849267,148858,38107648,256,8000,32.120
2026-07-23T01:23:42.830Z,usb,1,3612849267,148859,38107904,256,8000,32.120
2026-07-23T01:23:42.862Z,usb,1,3612849267,148860,38108160,256,8000,32.120
2026-07-23T01:23:42.894Z,usb,1,3612849267,148861,38108416,256,8000,32.120
2026-07-23T01:23:42.926Z,usb,1,3612849267,148862,38108672,256,8000,32.120
2026-07-23T01:23:42.958Z,usb,1,3612849267,148863,38108928,256,8000,32.120
2026-07-23T01:23:42.990Z,usb,1,3612849267,148864,38109184,256,8000,32.120
2026-07-23T01:23:43.022Z,usb,1,3612849267,148865,38109440,256,8000,32.120
2026-07-23T01:23:43.054Z,usb,1,3612849267,148866,38109696,256,8000,32.120
2026-07-23T01:23:43.086Z,usb,1,3612849267,148867,38109952,256,8000,32.120
2026-07-23T01:23:43.119Z,usb,1,3612849267,148868,38110208,256,8000,32.120
2026-07-23T01:23:43.150Z,usb,1,3612849267,148869,38110464,256,8000,32.120
2026-07-23T01:23:43.182Z,usb,1,3612849267,148870,38110720,256,8000,32.120
2026-07-23T01:23:43.214Z,usb,1,3612849267,148871,38110976,256,8000,32.120
2026-07-23T01:23:43.246Z,usb,1,3612849267,148872,38111232,256,8000,32.120
2026-07-23T01:23:43.278Z,usb,1,3612849267,148873,38111488,256,8000,32.120
2026-07-23T01:23:43.310Z,usb,1,3612849267,148874,38111744,256,8000,32.120
2026-07-23T01:23:43.342Z,usb,1,3612849267,148875,38112000,256,8000,32.120
2026-07-23T01:23:43.374Z,usb,1,3612849267,148876,38112256,256,8000,32.120
2026-07-23T01:23:43.406Z,usb,1,3612849267,148877,38112512,256,8000,32.120
2026-07-23T01:23:43.438Z,usb,1,3612849267,148878,38112768,256,8000,32.120
2026-07-23T01:23:43.470Z,usb,1,3612849267,148879,38113024,256,8000,32.120
2026-07-23T01:23:43.502Z,usb,1,3612849267,148880,38113280,256,8000,32.120
2026-07-23T01:23:43.534Z,usb,1,3612849267,148881,38113536,256,8000,32.120
2026-07-23T01:23:43.566Z,usb,1,3612849267,148882,38113792,256,8000,32.120
2026-07-23T01:23:43.598Z,usb,1,3612849267,148883,38114048,256,8000,32.120
2026-07-23T01:23:43.630Z,usb,1,3612849267,148884,38114304,256,8000,32.120
2026-07-23T01:23:43.662Z,usb,1,3612849267,148885,38114560,256,8000,32.120
2026-07-23T01:23:43.694Z,usb,1,3612849267,148886,38114816,256,8000,32.120
2026-07-23T01:23:43.726Z,usb,1,3612849267,148887,38115072,256,8000,32.120
2026-07-23T01:23:43.758Z,usb,1,3612849267,148888,38115328,256,8000,32.120
2026-07-23T01:23:43.790Z,usb,1,3612849267,148889,38115584,256,8000,32.120
2026-07-23T01:23:43.822Z,usb,1,3612849267,148890,38115840,256,8000,32.120
2026-07-23T01:23:43.854Z,usb,1,3612849267,148891,38116096,256,8000,32.120
2026-07-23T01:23:43.886Z,usb,1,3612849267,148892,38116352,256,8000,32.120
2026-07-23T01:23:43.918Z,usb,1,3612849267,148893,38116608,256,8000,32.120
2026-07-23T01:23:43.950Z,usb,1,3612849267,148894,38116864,256,8000,32.120
2026-07-23T01:23:43.982Z,usb,1,3612849267,148895,38117120,256,8000,32.120
2026-07-23T01:23:44.014Z,usb,1,3612849267,148896,38117376,256,8000,32.120
2026-07-23T01:23:44.046Z,usb,1,3612849267,148897,38117632,256,8000,32.120
2026-07-23T01:23:44.078Z,usb,1,3612849267,148898,38117888,256,8000,32.120
2026-07-23T01:23:44.110Z,usb,1,3612849267,148899,38118144,256,8000,32.120
2026-07-23T01:23:44.143Z,usb,1,3612849267,148900,38118400,256,8000,32.120
2026-07-23T01:23:44.175Z,usb,1,3612849267,148901,38118656,256,8000,32.120
2026-07-23T01:23:44.206Z,usb,1,3612849267,148902,38118912,256,8000,32.120
2026-07-23T01:23:44.238Z,usb,1,3612849267,148903,38119168,256,8000,32.120
2026-07-23T01:23:44.270Z,usb,1,3612849267,148904,38119424,256,8000,32.120
2026-07-23T01:23:44.302Z,usb,1,3612849267,148905,38119680,256,8000,32.120
2026-07-23T01:23:44.334Z,usb,1,3612849267,148906,38119936,256,8000,32.120
2026-07-23T01:23:44.366Z,usb,1,3612849267,148907,38120192,256,8000,32.120
2026-07-23T01:23:44.398Z,usb,1,3612849267,148908,38120448,256,8000,32.120
2026-07-23T01:23:44.430Z,usb,1,3612849267,148909,38120704,256,8000,32.120
2026-07-23T01:23:44.462Z,usb,1,3612849267,148910,38120960,256,8000,32.120
2026-07-23T01:23:44.494Z,usb,1,3612849267,148911,38121216,256,8000,32.120
2026-07-23T01:23:44.526Z,usb,1,3612849267,148912,38121472,256,8000,32.120
2026-07-23T01:23:44.558Z,usb,1,3612849267,148913,38121728,256,8000,32.120
2026-07-23T01:23:44.590Z,usb,1,3612849267,148914,38121984,256,8000,32.120
2026-07-23T01:23:44.622Z,usb,1,3612849267,148915,38122240,256,8000,32.120
2026-07-23T01:23:44.654Z,usb,1,3612849267,148916,38122496,256,8000,32.120
2026-07-23T01:23:44.686Z,usb,1,3612849267,148917,38122752,256,8000,32.120
2026-07-23T01:23:44.718Z,usb,1,3612849267,148918,38123008,256,8000,32.120
2026-07-23T01:23:44.750Z,usb,1,3612849267,148919,38123264,256,8000,32.120
2026-07-23T01:23:44.782Z,usb,1,3612849267,148920,38123520,256,8000,32.120
2026-07-23T01:23:44.814Z,usb,1,3612849267,148921,38123776,256,8000,32.120
2026-07-23T01:23:44.846Z,usb,1,3612849267,148922,38124032,256,8000,32.120
2026-07-23T01:23:44.878Z,usb,1,3612849267,148923,38124288,256,8000,32.120
2026-07-23T01:23:44.911Z,usb,1,3612849267,148924,38124544,256,8000,32.120
2026-07-23T01:23:44.942Z,usb,1,3612849267,148925,38124800,256,8000,32.120
2026-07-23T01:23:44.975Z,usb,1,3612849267,148926,38125056,256,8000,32.120
2026-07-23T01:23:45.006Z,usb,1,3612849267,148927,38125312,256,8000,32.120
2026-07-23T01:23:45.039Z,usb,1,3612849267,148928,38125568,256,8000,32.120
2026-07-23T01:23:45.070Z,usb,1,3612849267,148929,38125824,256,8000,32.120
2026-07-23T01:23:45.103Z,usb,1,3612849267,148930,38126080,256,8000,32.120
2026-07-23T01:23:45.134Z,usb,1,3612849267,148931,38126336,256,8000,32.120
2026-07-23T01:23:45.167Z,usb,1,3612849267,148932,38126592,256,8000,32.110
2026-07-23T01:23:45.199Z,usb,1,3612849267,148933,38126848,256,8000,32.110
2026-07-23T01:23:45.231Z,usb,1,3612849267,148934,38127104,256,8000,32.110
2026-07-23T01:23:45.262Z,usb,1,3612849267,148935,38127360,256,8000,32.110
2026-07-23T01:23:45.294Z,usb,1,3612849267,148936,38127616,256,8000,32.110
2026-07-23T01:23:45.327Z,usb,1,3612849267,148937,38127872,256,8000,32.110
2026-07-23T01:23:45.358Z,usb,1,3612849267,148938,38128128,256,8000,32.110
2026-07-23T01:23:45.390Z,usb,1,3612849267,148939,38128384,256,8000,32.110
2026-07-23T01:23:45.422Z,usb,1,3612849267,148940,38128640,256,8000,32.110
2026-07-23T01:23:45.454Z,usb,1,3612849267,148941,38128896,256,8000,32.110
2026-07-23T01:23:45.486Z,usb,1,3612849267,148942,38129152,256,8000,32.110
2026-07-23T01:23:45.518Z,usb,1,3612849267,148943,38129408,256,8000,32.110
2026-07-23T01:23:45.551Z,usb,1,3612849267,148944,38129664,256,8000,32.110
2026-07-23T01:23:45.582Z,usb,1,3612849267,148945,38129920,256,8000,32.110
2026-07-23T01:23:45.614Z,usb,1,3612849267,148946,38130176,256,8000,32.110
2026-07-23T01:23:45.646Z,usb,1,3612849267,148947,38130432,256,8000,32.110
2026-07-23T01:23:45.678Z,usb,1,3612849267,148948,38130688,256,8000,32.110
2026-07-23T01:23:45.710Z,usb,1,3612849267,148949,38130944,256,8000,32.110
2026-07-23T01:23:45.742Z,usb,1,3612849267,148950,38131200,256,8000,32.110
2026-07-23T01:23:45.774Z,usb,1,3612849267,148951,38131456,256,8000,32.110
2026-07-23T01:23:45.806Z,usb,1,3612849267,148952,38131712,256,8000,32.110
2026-07-23T01:23:45.838Z,usb,1,3612849267,148953,38131968,256,8000,32.110
2026-07-23T01:23:45.870Z,usb,1,3612849267,148954,38132224,256,8000,32.110
2026-07-23T01:23:45.903Z,usb,1,3612849267,148955,38132480,256,8000,32.110
2026-07-23T01:23:45.934Z,usb,1,3612849267,148956,38132736,256,8000,32.110
2026-07-23T01:23:45.966Z,usb,1,3612849267,148957,38132992,256,8000,32.110
2026-07-23T01:23:45.998Z,usb,1,3612849267,148958,38133248,256,8000,32.110
2026-07-23T01:23:46.030Z,usb,1,3612849267,148959,38133504,256,8000,32.110
2026-07-23T01:23:46.062Z,usb,1,3612849267,148960,38133760,256,8000,32.110
2026-07-23T01:23:46.094Z,usb,1,3612849267,148961,38134016,256,8000,32.110
2026-07-23T01:23:46.126Z,usb,1,3612849267,148962,38134272,256,8000,32.110
2026-07-23T01:23:46.158Z,usb,1,3612849267,148963,38134528,256,8000,32.110
2026-07-23T01:23:46.191Z,usb,1,3612849267,148964,38134784,256,8000,32.110
2026-07-23T01:23:46.222Z,usb,1,3612849267,148965,38135040,256,8000,32.110
2026-07-23T01:23:46.254Z,usb,1,3612849267,148966,38135296,256,8000,32.110
2026-07-23T01:23:46.286Z,usb,1,3612849267,148967,38135552,256,8000,32.110
2026-07-23T01:23:46.318Z,usb,1,3612849267,148968,38135808,256,8000,32.110
2026-07-23T01:23:46.350Z,usb,1,3612849267,148969,38136064,256,8000,32.110
2026-07-23T01:23:46.382Z,usb,1,3612849267,148970,38136320,256,8000,32.110
2026-07-23T01:23:46.414Z,usb,1,3612849267,148971,38136576,256,8000,32.110
2026-07-23T01:23:46.446Z,usb,1,3612849267,148972,38136832,256,8000,32.110
2026-07-23T01:23:46.478Z,usb,1,3612849267,148973,38137088,256,8000,32.110
2026-07-23T01:23:46.510Z,usb,1,3612849267,148974,38137344,256,8000,32.110
2026-07-23T01:23:46.542Z,usb,1,3612849267,148975,38137600,256,8000,32.110
2026-07-23T01:23:46.574Z,usb,1,3612849267,148976,38137856,256,8000,32.110
2026-07-23T01:23:46.606Z,usb,1,3612849267,148977,38138112,256,8000,32.110
2026-07-23T01:23:46.638Z,usb,1,3612849267,148978,38138368,256,8000,32.110
2026-07-23T01:23:46.671Z,usb,1,3612849267,148979,38138624,256,8000,32.110
2026-07-23T01:23:46.702Z,usb,1,3612849267,148980,38138880,256,8000,32.110
2026-07-23T01:23:46.734Z,usb,1,3612849267,148981,38139136,256,8000,32.110
2026-07-23T01:23:46.766Z,usb,1,3612849267,148982,38139392,256,8000,32.110
2026-07-23T01:23:46.798Z,usb,1,3612849267,148983,38139648,256,8000,32.110
2026-07-23T01:23:46.830Z,usb,1,3612849267,148984,38139904,256,8000,32.110
2026-07-23T01:23:46.862Z,usb,1,3612849267,148985,38140160,256,8000,32.110
2026-07-23T01:23:46.894Z,usb,1,3612849267,148986,38140416,256,8000,32.110
2026-07-23T01:23:46.926Z,usb,1,3612849267,148987,38140672,256,8000,32.110
2026-07-23T01:23:46.958Z,usb,1,3612849267,148988,38140928,256,8000,32.110
2026-07-23T01:23:46.990Z,usb,1,3612849267,148989,38141184,256,8000,32.110
2026-07-23T01:23:47.022Z,usb,1,3612849267,148990,38141440,256,8000,32.110
2026-07-23T01:23:47.054Z,usb,1,3612849267,148991,38141696,256,8000,32.110
2026-07-23T01:23:47.086Z,usb,1,3612849267,148992,38141952,256,8000,32.110
2026-07-23T01:23:47.118Z,usb,1,3612849267,148993,38142208,256,8000,32.110
2026-07-23T01:23:47.150Z,usb,1,3612849267,148994,38142464,256,8000,32.110
2026-07-23T01:23:47.182Z,usb,1,3612849267,148995,38142720,256,8000,32.110
2026-07-23T01:23:47.215Z,usb,1,3612849267,148996,38142976,256,8000,32.110
2026-07-23T01:23:47.246Z,usb,1,3612849267,148997,38143232,256,8000,32.110
2026-07-23T01:23:47.278Z,usb,1,3612849267,148998,38143488,256,8000,32.110
2026-07-23T01:23:47.310Z,usb,1,3612849267,148999,38143744,256,8000,32.110
2026-07-23T01:23:47.342Z,usb,1,3612849267,149000,38144000,256,8000,32.110
2026-07-23T01:23:47.374Z,usb,1,3612849267,149001,38144256,256,8000,32.110
2026-07-23T01:23:47.406Z,usb,1,3612849267,149002,38144512,256,8000,32.110
2026-07-23T01:23:47.438Z,usb,1,3612849267,149003,38144768,256,8000,32.110
2026-07-23T01:23:47.470Z,usb,1,3612849267,149004,38145024,256,8000,32.110
2026-07-23T01:23:47.502Z,usb,1,3612849267,149005,38145280,256,8000,32.110
2026-07-23T01:23:47.534Z,usb,1,3612849267,149006,38145536,256,8000,32.110
2026-07-23T01:23:47.566Z,usb,1,3612849267,149007,38145792,256,8000,32.110
2026-07-23T01:23:47.598Z,usb,1,3612849267,149008,38146048,256,8000,32.110
2026-07-23T01:23:47.630Z,usb,1,3612849267,149009,38146304,256,8000,32.110
2026-07-23T01:23:47.662Z,usb,1,3612849267,149010,38146560,256,8000,32.110
2026-07-23T01:23:47.694Z,usb,1,3612849267,149011,38146816,256,8000,32.110
2026-07-23T01:23:47.727Z,usb,1,3612849267,149012,38147072,256,8000,32.110
2026-07-23T01:23:47.759Z,usb,1,3612849267,149013,38147328,256,8000,32.110
2026-07-23T01:23:47.790Z,usb,1,3612849267,149014,38147584,256,8000,32.110
2026-07-23T01:23:47.822Z,usb,1,3612849267,149015,38147840,256,8000,32.110
2026-07-23T01:23:47.854Z,usb,1,3612849267,149016,38148096,256,8000,32.110
2026-07-23T01:23:47.886Z,usb,1,3612849267,149017,38148352,256,8000,32.110
2026-07-23T01:23:47.918Z,usb,1,3612849267,149018,38148608,256,8000,32.110
2026-07-23T01:23:47.950Z,usb,1,3612849267,149019,38148864,256,8000,32.110
2026-07-23T01:23:47.982Z,usb,1,3612849267,149020,38149120,256,8000,32.110
2026-07-23T01:23:48.014Z,usb,1,3612849267,149021,38149376,256,8000,32.110
2026-07-23T01:23:48.046Z,usb,1,3612849267,149022,38149632,256,8000,32.110
2026-07-23T01:23:48.078Z,usb,1,3612849267,149023,38149888,256,8000,32.110
2026-07-23T01:23:48.110Z,usb,1,3612849267,149024,38150144,256,8000,32.110
2026-07-23T01:23:48.142Z,usb,1,3612849267,149025,38150400,256,8000,32.110
2026-07-23T01:23:48.174Z,usb,1,3612849267,149026,38150656,256,8000,32.110
2026-07-23T01:23:48.206Z,usb,1,3612849267,149027,38150912,256,8000,32.110
2026-07-23T01:23:48.239Z,usb,1,3612849267,149028,38151168,256,8000,32.110
2026-07-23T01:23:48.270Z,usb,1,3612849267,149029,38151424,256,8000,32.110
2026-07-23T01:23:48.302Z,usb,1,3612849267,149030,38151680,256,8000,32.110
2026-07-23T01:23:48.334Z,usb,1,3612849267,149031,38151936,256,8000,32.110
2026-07-23T01:23:48.366Z,usb,1,3612849267,149032,38152192,256,8000,32.110
2026-07-23T01:23:48.398Z,usb,1,3612849267,149033,38152448,256,8000,32.110
2026-07-23T01:23:48.430Z,usb,1,3612849267,149034,38152704,256,8000,32.110
2026-07-23T01:23:48.462Z,usb,1,3612849267,149035,38152960,256,8000,32.110
2026-07-23T01:23:48.494Z,usb,1,3612849267,149036,38153216,256,8000,32.110
2026-07-23T01:23:48.526Z,usb,1,3612849267,149037,38153472,256,8000,32.110
2026-07-23T01:23:48.558Z,usb,1,3612849267,149038,38153728,256,8000,32.110
2026-07-23T01:23:48.590Z,usb,1,3612849267,149039,38153984,256,8000,32.110
2026-07-23T01:23:48.622Z,usb,1,3612849267,149040,38154240,256,8000,32.110
2026-07-23T01:23:48.654Z,usb,1,3612849267,149041,38154496,256,8000,32.110
2026-07-23T01:23:48.686Z,usb,1,3612849267,149042,38154752,256,8000,32.110
2026-07-23T01:23:48.718Z,usb,1,3612849267,149043,38155008,256,8000,32.110
2026-07-23T01:23:48.750Z,usb,1,3612849267,149044,38155264,256,8000,32.110
2026-07-23T01:23:48.782Z,usb,1,3612849267,149045,38155520,256,8000,32.110
2026-07-23T01:23:48.814Z,usb,1,3612849267,149046,38155776,256,8000,32.110
2026-07-23T01:23:48.846Z,usb,1,3612849267,149047,38156032,256,8000,32.110
2026-07-23T01:23:48.878Z,usb,1,3612849267,149048,38156288,256,8000,32.110
2026-07-23T01:23:48.910Z,usb,1,3612849267,149049,38156544,256,8000,32.110
2026-07-23T01:23:48.942Z,usb,1,3612849267,149050,38156800,256,8000,32.110
2026-07-23T01:23:48.974Z,usb,1,3612849267,149051,38157056,256,8000,32.110
2026-07-23T01:23:49.006Z,usb,1,3612849267,149052,38157312,256,8000,32.110
2026-07-23T01:23:49.038Z,usb,1,3612849267,149053,38157568,256,8000,32.110
2026-07-23T01:23:49.070Z,usb,1,3612849267,149054,38157824,256,8000,32.110
2026-07-23T01:23:49.103Z,usb,1,3612849267,149055,38158080,256,8000,32.110
2026-07-23T01:23:49.134Z,usb,1,3612849267,149056,38158336,256,8000,32.110
2026-07-23T01:23:49.167Z,usb,1,3612849267,149057,38158592,256,8000,32.110
2026-07-23T01:23:49.199Z,usb,1,3612849267,149058,38158848,256,8000,32.110
2026-07-23T01:23:49.230Z,usb,1,3612849267,149059,38159104,256,8000,32.110
2026-07-23T01:23:49.263Z,usb,1,3612849267,149060,38159360,256,8000,32.120
2026-07-23T01:23:49.294Z,usb,1,3612849267,149061,38159616,256,8000,32.120
2026-07-23T01:23:49.326Z,usb,1,3612849267,149062,38159872,256,8000,32.120
2026-07-23T01:23:49.358Z,usb,1,3612849267,149063,38160128,256,8000,32.120
2026-07-23T01:23:49.390Z,usb,1,3612849267,149064,38160384,256,8000,32.120
2026-07-23T01:23:49.422Z,usb,1,3612849267,149065,38160640,256,8000,32.120
2026-07-23T01:23:49.454Z,usb,1,3612849267,149066,38160896,256,8000,32.120
2026-07-23T01:23:49.486Z,usb,1,3612849267,149067,38161152,256,8000,32.120
2026-07-23T01:23:49.518Z,usb,1,3612849267,149068,38161408,256,8000,32.120
2026-07-23T01:23:49.550Z,usb,1,3612849267,149069,38161664,256,8000,32.120
2026-07-23T01:23:49.582Z,usb,1,3612849267,149070,38161920,256,8000,32.120
2026-07-23T01:23:49.615Z,usb,1,3612849267,149071,38162176,256,8000,32.120
2026-07-23T01:23:49.646Z,usb,1,3612849267,149072,38162432,256,8000,32.120
2026-07-23T01:23:49.678Z,usb,1,3612849267,149073,38162688,256,8000,32.120
2026-07-23T01:23:49.711Z,usb,1,3612849267,149074,38162944,256,8000,32.120
2026-07-23T01:23:49.742Z,usb,1,3612849267,149075,38163200,256,8000,32.120
2026-07-23T01:23:49.774Z,usb,1,3612849267,149076,38163456,256,8000,32.120
2026-07-23T01:23:49.807Z,usb,1,3612849267,149077,38163712,256,8000,32.120
2026-07-23T01:23:49.838Z,usb,1,3612849267,149078,38163968,256,8000,32.120
2026-07-23T01:23:49.870Z,usb,1,3612849267,149079,38164224,256,8000,32.120
2026-07-23T01:23:49.902Z,usb,1,3612849267,149080,38164480,256,8000,32.120
2026-07-23T01:23:49.934Z,usb,1,3612849267,149081,38164736,256,8000,32.120
2026-07-23T01:23:49.966Z,usb,1,3612849267,149082,38164992,256,8000,32.120
2026-07-23T01:23:49.998Z,usb,1,3612849267,149083,38165248,256,8000,32.120
2026-07-23T01:23:50.030Z,usb,1,3612849267,149084,38165504,256,8000,32.120
2026-07-23T01:23:50.062Z,usb,1,3612849267,149085,38165760,256,8000,32.120
2026-07-23T01:23:50.094Z,usb,1,3612849267,149086,38166016,256,8000,32.120
2026-07-23T01:23:50.126Z,usb,1,3612849267,149087,38166272,256,8000,32.120
2026-07-23T01:23:50.158Z,usb,1,3612849267,149088,38166528,256,8000,32.120
2026-07-23T01:23:50.190Z,usb,1,3612849267,149089,38166784,256,8000,32.120
2026-07-23T01:23:50.222Z,usb,1,3612849267,149090,38167040,256,8000,32.120
2026-07-23T01:23:50.254Z,usb,1,3612849267,149091,38167296,256,8000,32.120
2026-07-23T01:23:50.287Z,usb,1,3612849267,149092,38167552,256,8000,32.120
2026-07-23T01:23:50.318Z,usb,1,3612849267,149093,38167808,256,8000,32.120
2026-07-23T01:23:50.350Z,usb,1,3612849267,149094,38168064,256,8000,32.120
2026-07-23T01:23:50.382Z,usb,1,3612849267,149095,38168320,256,8000,32.120
2026-07-23T01:23:50.414Z,usb,1,3612849267,149096,38168576,256,8000,32.120
2026-07-23T01:23:50.446Z,usb,1,3612849267,149097,38168832,256,8000,32.120
2026-07-23T01:23:50.478Z,usb,1,3612849267,149098,38169088,256,8000,32.120
2026-07-23T01:23:50.510Z,usb,1,3612849267,149099,38169344,256,8000,32.120
2026-07-23T01:23:50.542Z,usb,1,3612849267,149100,38169600,256,8000,32.120
2026-07-23T01:23:50.575Z,usb,1,3612849267,149101,38169856,256,8000,32.120
2026-07-23T01:23:50.606Z,usb,1,3612849267,149102,38170112,256,8000,32.120
2026-07-23T01:23:50.638Z,usb,1,3612849267,149103,38170368,256,8000,32.120
2026-07-23T01:23:50.671Z,usb,1,3612849267,149104,38170624,256,8000,32.120
2026-07-23T01:23:50.702Z,usb,1,3612849267,149105,38170880,256,8000,32.120
2026-07-23T01:23:50.734Z,usb,1,3612849267,149106,38171136,256,8000,32.120
2026-07-23T01:23:50.766Z,usb,1,3612849267,149107,38171392,256,8000,32.120
2026-07-23T01:23:50.798Z,usb,1,3612849267,149108,38171648,256,8000,32.120
2026-07-23T01:23:50.830Z,usb,1,3612849267,149109,38171904,256,8000,32.120
2026-07-23T01:23:50.862Z,usb,1,3612849267,149110,38172160,256,8000,32.120
2026-07-23T01:23:50.894Z,usb,1,3612849267,149111,38172416,256,8000,32.120
2026-07-23T01:23:50.926Z,usb,1,3612849267,149112,38172672,256,8000,32.120
2026-07-23T01:23:50.958Z,usb,1,3612849267,149113,38172928,256,8000,32.120
2026-07-23T01:23:50.990Z,usb,1,3612849267,149114,38173184,256,8000,32.120
2026-07-23T01:23:51.022Z,usb,1,3612849267,149115,38173440,256,8000,32.120
2026-07-23T01:23:51.054Z,usb,1,3612849267,149116,38173696,256,8000,32.120
2026-07-23T01:23:51.086Z,usb,1,3612849267,149117,38173952,256,8000,32.120
2026-07-23T01:23:51.118Z,usb,1,3612849267,149118,38174208,256,8000,32.120
2026-07-23T01:23:51.150Z,usb,1,3612849267,149119,38174464,256,8000,32.120
2026-07-23T01:23:51.182Z,usb,1,3612849267,149120,38174720,256,8000,32.120
2026-07-23T01:23:51.214Z,usb,1,3612849267,149121,38174976,256,8000,32.120
2026-07-23T01:23:51.246Z,usb,1,3612849267,149122,38175232,256,8000,32.120
2026-07-23T01:23:51.278Z,usb,1,3612849267,149123,38175488,256,8000,32.120
2026-07-23T01:23:51.311Z,usb,1,3612849267,149124,38175744,256,8000,32.120
2026-07-23T01:23:51.342Z,usb,1,3612849267,149125,38176000,256,8000,32.120
2026-07-23T01:23:51.374Z,usb,1,3612849267,149126,38176256,256,8000,32.120
2026-07-23T01:23:51.406Z,usb,1,3612849267,149127,38176512,256,8000,32.120
2026-07-23T01:23:51.438Z,usb,1,3612849267,149128,38176768,256,8000,32.120
2026-07-23T01:23:51.470Z,usb,1,3612849267,149129,38177024,256,8000,32.120
2026-07-23T01:23:51.502Z,usb,1,3612849267,149130,38177280,256,8000,32.120
2026-07-23T01:23:51.534Z,usb,1,3612849267,149131,38177536,256,8000,32.120
2026-07-23T01:23:51.566Z,usb,1,3612849267,149132,38177792,256,8000,32.120
2026-07-23T01:23:51.598Z,usb,1,3612849267,149133,38178048,256,8000,32.120
2026-07-23T01:23:51.630Z,usb,1,3612849267,149134,38178304,256,8000,32.120
2026-07-23T01:23:51.662Z,usb,1,3612849267,149135,38178560,256,8000,32.120
2026-07-23T01:23:51.694Z,usb,1,3612849267,149136,38178816,256,8000,32.120
2026-07-23T01:23:51.726Z,usb,1,3612849267,149137,38179072,256,8000,32.120
2026-07-23T01:23:51.758Z,usb,1,3612849267,149138,38179328,256,8000,32.120
2026-07-23T01:23:51.790Z,usb,1,3612849267,149139,38179584,256,8000,32.120
2026-07-23T01:23:51.822Z,usb,1,3612849267,149140,38179840,256,8000,32.120
2026-07-23T01:23:51.854Z,usb,1,3612849267,149141,38180096,256,8000,32.120
2026-07-23T01:23:51.886Z,usb,1,3612849267,149142,38180352,256,8000,32.120
2026-07-23T01:23:51.918Z,usb,1,3612849267,149143,38180608,256,8000,32.120
2026-07-23T01:23:51.950Z,usb,1,3612849267,149144,38180864,256,8000,32.120
2026-07-23T01:23:51.982Z,usb,1,3612849267,149145,38181120,256,8000,32.120
2026-07-23T01:23:52.014Z,usb,1,3612849267,149146,38181376,256,8000,32.120
2026-07-23T01:23:52.046Z,usb,1,3612849267,149147,38181632,256,8000,32.120
2026-07-23T01:23:52.078Z,usb,1,3612849267,149148,38181888,256,8000,32.120
2026-07-23T01:23:52.110Z,usb,1,3612849267,149149,38182144,256,8000,32.120
2026-07-23T01:23:52.142Z,usb,1,3612849267,149150,38182400,256,8000,32.120
2026-07-23T01:23:52.175Z,usb,1,3612849267,149151,38182656,256,8000,32.120
2026-07-23T01:23:52.206Z,usb,1,3612849267,149152,38182912,256,8000,32.120
2026-07-23T01:23:52.238Z,usb,1,3612849267,149153,38183168,256,8000,32.120
2026-07-23T01:23:52.270Z,usb,1,3612849267,149154,38183424,256,8000,32.120
2026-07-23T01:23:52.302Z,usb,1,3612849267,149155,38183680,256,8000,32.120
2026-07-23T01:23:52.335Z,usb,1,3612849267,149156,38183936,256,8000,32.120
2026-07-23T01:23:52.366Z,usb,1,3612849267,149157,38184192,256,8000,32.120
2026-07-23T01:23:52.398Z,usb,1,3612849267,149158,38184448,256,8000,32.120
2026-07-23T01:23:52.430Z,usb,1,3612849267,149159,38184704,256,8000,32.120
2026-07-23T01:23:52.462Z,usb,1,3612849267,149160,38184960,256,8000,32.120
2026-07-23T01:23:52.494Z,usb,1,3612849267,149161,38185216,256,8000,32.120
2026-07-23T01:23:52.526Z,usb,1,3612849267,149162,38185472,256,8000,32.120
2026-07-23T01:23:52.558Z,usb,1,3612849267,149163,38185728,256,8000,32.120
2026-07-23T01:23:52.590Z,usb,1,3612849267,149164,38185984,256,8000,32.120
2026-07-23T01:23:52.622Z,usb,1,3612849267,149165,38186240,256,8000,32.120
2026-07-23T01:23:52.655Z,usb,1,3612849267,149166,38186496,256,8000,32.120
2026-07-23T01:23:52.686Z,usb,1,3612849267,149167,38186752,256,8000,32.120
2026-07-23T01:23:52.718Z,usb,1,3612849267,149168,38187008,256,8000,32.120
2026-07-23T01:23:52.750Z,usb,1,3612849267,149169,38187264,256,8000,32.120
2026-07-23T01:23:52.782Z,usb,1,3612849267,149170,38187520,256,8000,32.120
2026-07-23T01:23:52.814Z,usb,1,3612849267,149171,38187776,256,8000,32.120
2026-07-23T01:23:52.846Z,usb,1,3612849267,149172,38188032,256,8000,32.120
2026-07-23T01:23:52.878Z,usb,1,3612849267,149173,38188288,256,8000,32.120
2026-07-23T01:23:52.910Z,usb,1,3612849267,149174,38188544,256,8000,32.120
2026-07-23T01:23:52.943Z,usb,1,3612849267,149175,38188800,256,8000,32.120
2026-07-23T01:23:52.974Z,usb,1,3612849267,149176,38189056,256,8000,32.120
2026-07-23T01:23:53.006Z,usb,1,3612849267,149177,38189312,256,8000,32.120
2026-07-23T01:23:53.038Z,usb,1,3612849267,149178,38189568,256,8000,32.120
2026-07-23T01:23:53.070Z,usb,1,3612849267,149179,38189824,256,8000,32.120
2026-07-23T01:23:53.102Z,usb,1,3612849267,149180,38190080,256,8000,32.120
2026-07-23T01:23:53.134Z,usb,1,3612849267,149181,38190336,256,8000,32.120
2026-07-23T01:23:53.166Z,usb,1,3612849267,149182,38190592,256,8000,32.120
2026-07-23T01:23:53.199Z,usb,1,3612849267,149183,38190848,256,8000,32.120
2026-07-23T01:23:53.230Z,usb,1,3612849267,149184,38191104,256,8000,32.120
2026-07-23T01:23:53.262Z,usb,1,3612849267,149185,38191360,256,8000,32.120
2026-07-23T01:23:53.294Z,usb,1,3612849267,149186,38191616,256,8000,32.120
2026-07-23T01:23:53.327Z,usb,1,3612849267,149187,38191872,256,8000,32.120
2026-07-23T01:23:53.359Z,usb,1,3612849267,149188,38192128,256,8000,32.120
2026-07-23T01:23:53.390Z,usb,1,3612849267,149189,38192384,256,8000,32.120
2026-07-23T01:23:53.423Z,usb,1,3612849267,149190,38192640,256,8000,32.120
2026-07-23T01:23:53.454Z,usb,1,3612849267,149191,38192896,256,8000,32.120
2026-07-23T01:23:53.487Z,usb,1,3612849267,149192,38193152,256,8000,32.120
2026-07-23T01:23:53.518Z,usb,1,3612849267,149193,38193408,256,8000,32.120
2026-07-23T01:23:53.550Z,usb,1,3612849267,149194,38193664,256,8000,32.120
2026-07-23T01:23:53.582Z,usb,1,3612849267,149195,38193920,256,8000,32.120
2026-07-23T01:23:53.614Z,usb,1,3612849267,149196,38194176,256,8000,32.120
2026-07-23T01:23:53.647Z,usb,1,3612849267,149197,38194432,256,8000,32.120
2026-07-23T01:23:53.678Z,usb,1,3612849267,149198,38194688,256,8000,32.120
2026-07-23T01:23:53.710Z,usb,1,3612849267,149199,38194944,256,8000,32.120
2026-07-23T01:23:53.742Z,usb,1,3612849267,149200,38195200,256,8000,32.120
2026-07-23T01:23:53.775Z,usb,1,3612849267,149201,38195456,256,8000,32.120
2026-07-23T01:23:53.806Z,usb,1,3612849267,149202,38195712,256,8000,32.120
2026-07-23T01:23:53.838Z,usb,1,3612849267,149203,38195968,256,8000,32.120
2026-07-23T01:23:53.870Z,usb,1,3612849267,149204,38196224,256,8000,32.120
2026-07-23T01:23:53.902Z,usb,1,3612849267,149205,38196480,256,8000,32.120
2026-07-23T01:23:53.934Z,usb,1,3612849267,149206,38196736,256,8000,32.120
2026-07-23T01:23:53.966Z,usb,1,3612849267,149207,38196992,256,8000,32.120
2026-07-23T01:23:53.998Z,usb,1,3612849267,149208,38197248,256,8000,32.120
2026-07-23T01:23:54.030Z,usb,1,3612849267,149209,38197504,256,8000,32.120
2026-07-23T01:23:54.063Z,usb,1,3612849267,149210,38197760,256,8000,32.120
2026-07-23T01:23:54.094Z,usb,1,3612849267,149211,38198016,256,8000,32.120
2026-07-23T01:23:54.126Z,usb,1,3612849267,149212,38198272,256,8000,32.120
2026-07-23T01:23:54.158Z,usb,1,3612849267,149213,38198528,256,8000,32.120
2026-07-23T01:23:54.190Z,usb,1,3612849267,149214,38198784,256,8000,32.120
2026-07-23T01:23:54.222Z,usb,1,3612849267,149215,38199040,256,8000,32.120
2026-07-23T01:23:54.254Z,usb,1,3612849267,149216,38199296,256,8000,32.120
2026-07-23T01:23:54.286Z,usb,1,3612849267,149217,38199552,256,8000,32.120
2026-07-23T01:23:54.318Z,usb,1,3612849267,149218,38199808,256,8000,32.120
2026-07-23T01:23:54.350Z,usb,1,3612849267,149219,38200064,256,8000,32.120
2026-07-23T01:23:54.383Z,usb,1,3612849267,149220,38200320,256,8000,32.120
2026-07-23T01:23:54.414Z,usb,1,3612849267,149221,38200576,256,8000,32.120
2026-07-23T01:23:54.446Z,usb,1,3612849267,149222,38200832,256,8000,32.120
2026-07-23T01:23:54.478Z,usb,1,3612849267,149223,38201088,256,8000,32.120
2026-07-23T01:23:54.510Z,usb,1,3612849267,149224,38201344,256,8000,32.120
2026-07-23T01:23:54.542Z,usb,1,3612849267,149225,38201600,256,8000,32.120
2026-07-23T01:23:54.574Z,usb,1,3612849267,149226,38201856,256,8000,32.120
2026-07-23T01:23:54.607Z,usb,1,3612849267,149227,38202112,256,8000,32.120
2026-07-23T01:23:54.638Z,usb,1,3612849267,149228,38202368,256,8000,32.120
2026-07-23T01:23:54.670Z,usb,1,3612849267,149229,38202624,256,8000,32.120
2026-07-23T01:23:54.702Z,usb,1,3612849267,149230,38202880,256,8000,32.120
2026-07-23T01:23:54.734Z,usb,1,3612849267,149231,38203136,256,8000,32.120
2026-07-23T01:23:54.766Z,usb,1,3612849267,149232,38203392,256,8000,32.120
2026-07-23T01:23:54.799Z,usb,1,3612849267,149233,38203648,256,8000,32.120
2026-07-23T01:23:54.831Z,usb,1,3612849267,149234,38203904,256,8000,32.120
2026-07-23T01:23:54.862Z,usb,1,3612849267,149235,38204160,256,8000,32.120
2026-07-23T01:23:54.894Z,usb,1,3612849267,149236,38204416,256,8000,32.120
2026-07-23T01:23:54.926Z,usb,1,3612849267,149237,38204672,256,8000,32.120
2026-07-23T01:23:54.958Z,usb,1,3612849267,149238,38204928,256,8000,32.120
2026-07-23T01:23:54.990Z,usb,1,3612849267,149239,38205184,256,8000,32.120
2026-07-23T01:23:55.022Z,usb,1,3612849267,149240,38205440,256,8000,32.120
2026-07-23T01:23:55.054Z,usb,1,3612849267,149241,38205696,256,8000,32.120
2026-07-23T01:23:55.086Z,usb,1,3612849267,149242,38205952,256,8000,32.120
2026-07-23T01:23:55.118Z,usb,1,3612849267,149243,38206208,256,8000,32.120
2026-07-23T01:23:55.150Z,usb,1,3612849267,149244,38206464,256,8000,32.120
2026-07-23T01:23:55.182Z,usb,1,3612849267,149245,38206720,256,8000,32.120
2026-07-23T01:23:55.214Z,usb,1,3612849267,149246,38206976,256,8000,32.120
2026-07-23T01:23:55.247Z,usb,1,3612849267,149247,38207232,256,8000,32.120
2026-07-23T01:23:55.278Z,usb,1,3612849267,149248,38207488,256,8000,32.120
2026-07-23T01:23:55.311Z,usb,1,3612849267,149249,38207744,256,8000,32.120
2026-07-23T01:23:55.343Z,usb,1,3612849267,149250,38208000,256,8000,32.120
2026-07-23T01:23:55.375Z,usb,1,3612849267,149251,38208256,256,8000,32.120
2026-07-23T01:23:55.407Z,usb,1,3612849267,149252,38208512,256,8000,32.120
2026-07-23T01:23:55.438Z,usb,1,3612849267,149253,38208768,256,8000,32.120
2026-07-23T01:23:55.470Z,usb,1,3612849267,149254,38209024,256,8000,32.120
2026-07-23T01:23:55.502Z,usb,1,3612849267,149255,38209280,256,8000,32.120
2026-07-23T01:23:55.534Z,usb,1,3612849267,149256,38209536,256,8000,32.120
2026-07-23T01:23:55.566Z,usb,1,3612849267,149257,38209792,256,8000,32.120
2026-07-23T01:23:55.598Z,usb,1,3612849267,149258,38210048,256,8000,32.120
2026-07-23T01:23:55.630Z,usb,1,3612849267,149259,38210304,256,8000,32.120
2026-07-23T01:23:55.662Z,usb,1,3612849267,149260,38210560,256,8000,32.120
2026-07-23T01:23:55.694Z,usb,1,3612849267,149261,38210816,256,8000,32.120
2026-07-23T01:23:55.726Z,usb,1,3612849267,149262,38211072,256,8000,32.120
2026-07-23T01:23:55.758Z,usb,1,3612849267,149263,38211328,256,8000,32.120
2026-07-23T01:23:55.790Z,usb,1,3612849267,149264,38211584,256,8000,32.120
2026-07-23T01:23:55.822Z,usb,1,3612849267,149265,38211840,256,8000,32.120
2026-07-23T01:23:55.854Z,usb,1,3612849267,149266,38212096,256,8000,32.120
2026-07-23T01:23:55.886Z,usb,1,3612849267,149267,38212352,256,8000,32.120
2026-07-23T01:23:55.918Z,usb,1,3612849267,149268,38212608,256,8000,32.120
2026-07-23T01:23:55.950Z,usb,1,3612849267,149269,38212864,256,8000,32.120
2026-07-23T01:23:55.982Z,usb,1,3612849267,149270,38213120,256,8000,32.120
2026-07-23T01:23:56.014Z,usb,1,3612849267,149271,38213376,256,8000,32.120
2026-07-23T01:23:56.046Z,usb,1,3612849267,149272,38213632,256,8000,32.120
2026-07-23T01:23:56.078Z,usb,1,3612849267,149273,38213888,256,8000,32.120
2026-07-23T01:23:56.110Z,usb,1,3612849267,149274,38214144,256,8000,32.120
2026-07-23T01:23:56.142Z,usb,1,3612849267,149275,38214400,256,8000,32.120
2026-07-23T01:23:56.174Z,usb,1,3612849267,149276,38214656,256,8000,32.120
2026-07-23T01:23:56.206Z,usb,1,3612849267,149277,38214912,256,8000,32.120
2026-07-23T01:23:56.238Z,usb,1,3612849267,149278,38215168,256,8000,32.120
2026-07-23T01:23:56.270Z,usb,1,3612849267,149279,38215424,256,8000,32.120
2026-07-23T01:23:56.302Z,usb,1,3612849267,149280,38215680,256,8000,32.120
2026-07-23T01:23:56.334Z,usb,1,3612849267,149281,38215936,256,8000,32.120
2026-07-23T01:23:56.366Z,usb,1,3612849267,149282,38216192,256,8000,32.120
2026-07-23T01:23:56.398Z,usb,1,3612849267,149283,38216448,256,8000,32.120
2026-07-23T01:23:56.431Z,usb,1,3612849267,149284,38216704,256,8000,32.120
2026-07-23T01:23:56.462Z,usb,1,3612849267,149285,38216960,256,8000,32.120
2026-07-23T01:23:56.494Z,usb,1,3612849267,149286,38217216,256,8000,32.120
2026-07-23T01:23:56.526Z,usb,1,3612849267,149287,38217472,256,8000,32.120
2026-07-23T01:23:56.558Z,usb,1,3612849267,149288,38217728,256,8000,32.120
2026-07-23T01:23:56.590Z,usb,1,3612849267,149289,38217984,256,8000,32.120
2026-07-23T01:23:56.622Z,usb,1,3612849267,149290,38218240,256,8000,32.120
2026-07-23T01:23:56.654Z,usb,1,3612849267,149291,38218496,256,8000,32.120
2026-07-23T01:23:56.686Z,usb,1,3612849267,149292,38218752,256,8000,32.120
2026-07-23T01:23:56.718Z,usb,1,3612849267,149293,38219008,256,8000,32.120
2026-07-23T01:23:56.750Z,usb,1,3612849267,149294,38219264,256,8000,32.120
2026-07-23T01:23:56.783Z,usb,1,3612849267,149295,38219520,256,8000,32.120
2026-07-23T01:23:56.815Z,usb,1,3612849267,149296,38219776,256,8000,32.120
2026-07-23T01:23:56.846Z,usb,1,3612849267,149297,38220032,256,8000,32.120
2026-07-23T01:23:56.878Z,usb,1,3612849267,149298,38220288,256,8000,32.120
2026-07-23T01:23:56.910Z,usb,1,3612849267,149299,38220544,256,8000,32.120
2026-07-23T01:23:56.942Z,usb,1,3612849267,149300,38220800,256,8000,32.120
2026-07-23T01:23:56.975Z,usb,1,3612849267,149301,38221056,256,8000,32.120
2026-07-23T01:23:57.006Z,usb,1,3612849267,149302,38221312,256,8000,32.120
2026-07-23T01:23:57.039Z,usb,1,3612849267,149303,38221568,256,8000,32.120
2026-07-23T01:23:57.070Z,usb,1,3612849267,149304,38221824,256,8000,32.120
2026-07-23T01:23:57.103Z,usb,1,3612849267,149305,38222080,256,8000,32.120
2026-07-23T01:23:57.134Z,usb,1,3612849267,149306,38222336,256,8000,32.120
2026-07-23T01:23:57.166Z,usb,1,3612849267,149307,38222592,256,8000,32.120
2026-07-23T01:23:57.198Z,usb,1,3612849267,149308,38222848,256,8000,32.120
2026-07-23T01:23:57.230Z,usb,1,3612849267,149309,38223104,256,8000,32.120
2026-07-23T01:23:57.262Z,usb,1,3612849267,149310,38223360,256,8000,32.120
2026-07-23T01:23:57.294Z,usb,1,3612849267,149311,38223616,256,8000,32.120
2026-07-23T01:23:57.326Z,usb,1,3612849267,149312,38223872,256,8000,32.120
2026-07-23T01:23:57.358Z,usb,1,3612849267,149313,38224128,256,8000,32.120
2026-07-23T01:23:57.390Z,usb,1,3612849267,149314,38224384,256,8000,32.120
2026-07-23T01:23:57.422Z,usb,1,3612849267,149315,38224640,256,8000,32.120
2026-07-23T01:23:57.455Z,usb,1,3612849267,149316,38224896,256,8000,32.110
2026-07-23T01:23:57.486Z,usb,1,3612849267,149317,38225152,256,8000,32.110
2026-07-23T01:23:57.518Z,usb,1,3612849267,149318,38225408,256,8000,32.110
2026-07-23T01:23:57.550Z,usb,1,3612849267,149319,38225664,256,8000,32.110
2026-07-23T01:23:57.582Z,usb,1,3612849267,149320,38225920,256,8000,32.110
2026-07-23T01:23:57.614Z,usb,1,3612849267,149321,38226176,256,8000,32.110
2026-07-23T01:23:57.646Z,usb,1,3612849267,149322,38226432,256,8000,32.110
2026-07-23T01:23:57.678Z,usb,1,3612849267,149323,38226688,256,8000,32.110
2026-07-23T01:23:57.710Z,usb,1,3612849267,149324,38226944,256,8000,32.110
2026-07-23T01:23:57.742Z,usb,1,3612849267,149325,38227200,256,8000,32.110
2026-07-23T01:23:57.774Z,usb,1,3612849267,149326,38227456,256,8000,32.110
2026-07-23T01:23:57.806Z,usb,1,3612849267,149327,38227712,256,8000,32.110
2026-07-23T01:23:57.838Z,usb,1,3612849267,149328,38227968,256,8000,32.110
2026-07-23T01:23:57.870Z,usb,1,3612849267,149329,38228224,256,8000,32.110
2026-07-23T01:23:57.902Z,usb,1,3612849267,149330,38228480,256,8000,32.110
2026-07-23T01:23:57.934Z,usb,1,3612849267,149331,38228736,256,8000,32.110
2026-07-23T01:23:57.966Z,usb,1,3612849267,149332,38228992,256,8000,32.110
2026-07-23T01:23:57.998Z,usb,1,3612849267,149333,38229248,256,8000,32.110
2026-07-23T01:23:58.030Z,usb,1,3612849267,149334,38229504,256,8000,32.110
2026-07-23T01:23:58.062Z,usb,1,3612849267,149335,38229760,256,8000,32.110
2026-07-23T01:23:58.094Z,usb,1,3612849267,149336,38230016,256,8000,32.110
2026-07-23T01:23:58.126Z,usb,1,3612849267,149337,38230272,256,8000,32.110
2026-07-23T01:23:58.158Z,usb,1,3612849267,149338,38230528,256,8000,32.110
2026-07-23T01:23:58.190Z,usb,1,3612849267,149339,38230784,256,8000,32.110
2026-07-23T01:23:58.222Z,usb,1,3612849267,149340,38231040,256,8000,32.110
2026-07-23T01:23:58.254Z,usb,1,3612849267,149341,38231296,256,8000,32.110
2026-07-23T01:23:58.286Z,usb,1,3612849267,149342,38231552,256,8000,32.110
2026-07-23T01:23:58.318Z,usb,1,3612849267,149343,38231808,256,8000,32.110
2026-07-23T01:23:58.350Z,usb,1,3612849267,149344,38232064,256,8000,32.110
2026-07-23T01:23:58.383Z,usb,1,3612849267,149345,38232320,256,8000,32.110
2026-07-23T01:23:58.414Z,usb,1,3612849267,149346,38232576,256,8000,32.110
2026-07-23T01:23:58.446Z,usb,1,3612849267,149347,38232832,256,8000,32.110
2026-07-23T01:23:58.479Z,usb,1,3612849267,149348,38233088,256,8000,32.120
2026-07-23T01:23:58.510Z,usb,1,3612849267,149349,38233344,256,8000,32.120
2026-07-23T01:23:58.542Z,usb,1,3612849267,149350,38233600,256,8000,32.120
2026-07-23T01:23:58.574Z,usb,1,3612849267,149351,38233856,256,8000,32.120
2026-07-23T01:23:58.606Z,usb,1,3612849267,149352,38234112,256,8000,32.120
2026-07-23T01:23:58.638Z,usb,1,3612849267,149353,38234368,256,8000,32.120
2026-07-23T01:23:58.670Z,usb,1,3612849267,149354,38234624,256,8000,32.120
2026-07-23T01:23:58.702Z,usb,1,3612849267,149355,38234880,256,8000,32.120
2026-07-23T01:23:58.734Z,usb,1,3612849267,149356,38235136,256,8000,32.120
2026-07-23T01:23:58.766Z,usb,1,3612849267,149357,38235392,256,8000,32.120
2026-07-23T01:23:58.798Z,usb,1,3612849267,149358,38235648,256,8000,32.120
2026-07-23T01:23:58.830Z,usb,1,3612849267,149359,38235904,256,8000,32.120
2026-07-23T01:23:58.862Z,usb,1,3612849267,149360,38236160,256,8000,32.120
2026-07-23T01:23:58.895Z,usb,1,3612849267,149361,38236416,256,8000,32.120
2026-07-23T01:23:58.926Z,usb,1,3612849267,149362,38236672,256,8000,32.120
2026-07-23T01:23:58.958Z,usb,1,3612849267,149363,38236928,256,8000,32.120
2026-07-23T01:23:58.991Z,usb,1,3612849267,149364,38237184,256,8000,32.120
2026-07-23T01:23:59.022Z,usb,1,3612849267,149365,38237440,256,8000,32.120
2026-07-23T01:23:59.054Z,usb,1,3612849267,149366,38237696,256,8000,32.120
2026-07-23T01:23:59.086Z,usb,1,3612849267,149367,38237952,256,8000,32.120
2026-07-23T01:23:59.118Z,usb,1,3612849267,149368,38238208,256,8000,32.120
2026-07-23T01:23:59.150Z,usb,1,3612849267,149369,38238464,256,8000,32.120
2026-07-23T01:23:59.183Z,usb,1,3612849267,149370,38238720,256,8000,32.120
2026-07-23T01:23:59.214Z,usb,1,3612849267,149371,38238976,256,8000,32.120
2026-07-23T01:23:59.246Z,usb,1,3612849267,149372,38239232,256,8000,32.120
2026-07-23T01:23:59.278Z,usb,1,3612849267,149373,38239488,256,8000,32.120
2026-07-23T01:23:59.310Z,usb,1,3612849267,149374,38239744,256,8000,32.120
2026-07-23T01:23:59.342Z,usb,1,3612849267,149375,38240000,256,8000,32.120
2026-07-23T01:23:59.374Z,usb,1,3612849267,149376,38240256,256,8000,32.120
2026-07-23T01:23:59.406Z,usb,1,3612849267,149377,38240512,256,8000,32.120
2026-07-23T01:23:59.438Z,usb,1,3612849267,149378,38240768,256,8000,32.120
2026-07-23T01:23:59.470Z,usb,1,3612849267,149379,38241024,256,8000,32.120
2026-07-23T01:23:59.503Z,usb,1,3612849267,149380,38241280,256,8000,32.120
2026-07-23T01:23:59.534Z,usb,1,3612849267,149381,38241536,256,8000,32.120
2026-07-23T01:23:59.566Z,usb,1,3612849267,149382,38241792,256,8000,32.120
2026-07-23T01:23:59.598Z,usb,1,3612849267,149383,38242048,256,8000,32.120
2026-07-23T01:23:59.630Z,usb,1,3612849267,149384,38242304,256,8000,32.120
2026-07-23T01:23:59.662Z,usb,1,3612849267,149385,38242560,256,8000,32.120
2026-07-23T01:23:59.694Z,usb,1,3612849267,149386,38242816,256,8000,32.120
2026-07-23T01:23:59.726Z,usb,1,3612849267,149387,38243072,256,8000,32.120
2026-07-23T01:23:59.758Z,usb,1,3612849267,149388,38243328,256,8000,32.120
2026-07-23T01:23:59.790Z,usb,1,3612849267,149389,38243584,256,8000,32.120
2026-07-23T01:23:59.822Z,usb,1,3612849267,149390,38243840,256,8000,32.120
2026-07-23T01:23:59.854Z,usb,1,3612849267,149391,38244096,256,8000,32.120
2026-07-23T01:23:59.886Z,usb,1,3612849267,149392,38244352,256,8000,32.120
2026-07-23T01:23:59.918Z,usb,1,3612849267,149393,38244608,256,8000,32.120
2026-07-23T01:23:59.950Z,usb,1,3612849267,149394,38244864,256,8000,32.120
2026-07-23T01:23:59.982Z,usb,1,3612849267,149395,38245120,256,8000,32.120
2026-07-23T01:24:00.014Z,usb,1,3612849267,149396,38245376,256,8000,32.120
2026-07-23T01:24:00.046Z,usb,1,3612849267,149397,38245632,256,8000,32.120
2026-07-23T01:24:00.078Z,usb,1,3612849267,149398,38245888,256,8000,32.120
2026-07-23T01:24:00.110Z,usb,1,3612849267,149399,38246144,256,8000,32.120
2026-07-23T01:24:00.142Z,usb,1,3612849267,149400,38246400,256,8000,32.120
2026-07-23T01:24:00.175Z,usb,1,3612849267,149401,38246656,256,8000,32.120
2026-07-23T01:24:00.206Z,usb,1,3612849267,149402,38246912,256,8000,32.120
2026-07-23T01:24:00.238Z,usb,1,3612849267,149403,38247168,256,8000,32.120
2026-07-23T01:24:00.270Z,usb,1,3612849267,149404,38247424,256,8000,32.120
2026-07-23T01:24:00.302Z,usb,1,3612849267,149405,38247680,256,8000,32.120
2026-07-23T01:24:00.334Z,usb,1,3612849267,149406,38247936,256,8000,32.120
2026-07-23T01:24:00.366Z,usb,1,3612849267,149407,38248192,256,8000,32.120
2026-07-23T01:24:00.398Z,usb,1,3612849267,149408,38248448,256,8000,32.120
2026-07-23T01:24:00.430Z,usb,1,3612849267,149409,38248704,256,8000,32.120
2026-07-23T01:24:00.462Z,usb,1,3612849267,149410,38248960,256,8000,32.120
2026-07-23T01:24:00.494Z,usb,1,3612849267,149411,38249216,256,8000,32.120
2026-07-23T01:24:00.527Z,usb,1,3612849267,149412,38249472,256,8000,32.120
2026-07-23T01:24:00.558Z,usb,1,3612849267,149413,38249728,256,8000,32.120
2026-07-23T01:24:00.590Z,usb,1,3612849267,149414,38249984,256,8000,32.120
2026-07-23T01:24:00.622Z,usb,1,3612849267,149415,38250240,256,8000,32.120
2026-07-23T01:24:00.654Z,usb,1,3612849267,149416,38250496,256,8000,32.120
2026-07-23T01:24:00.686Z,usb,1,3612849267,149417,38250752,256,8000,32.120
2026-07-23T01:24:00.718Z,usb,1,3612849267,149418,38251008,256,8000,32.120
2026-07-23T01:24:00.750Z,usb,1,3612849267,149419,38251264,256,8000,32.120
2026-07-23T01:24:00.782Z,usb,1,3612849267,149420,38251520,256,8000,32.120
2026-07-23T01:24:00.814Z,usb,1,3612849267,149421,38251776,256,8000,32.120
2026-07-23T01:24:00.846Z,usb,1,3612849267,149422,38252032,256,8000,32.120
2026-07-23T01:24:00.878Z,usb,1,3612849267,149423,38252288,256,8000,32.120
2026-07-23T01:24:00.910Z,usb,1,3612849267,149424,38252544,256,8000,32.120
2026-07-23T01:24:00.942Z,usb,1,3612849267,149425,38252800,256,8000,32.120
2026-07-23T01:24:00.974Z,usb,1,3612849267,149426,38253056,256,8000,32.120
2026-07-23T01:24:01.006Z,usb,1,3612849267,149427,38253312,256,8000,32.120
2026-07-23T01:24:01.038Z,usb,1,3612849267,149428,38253568,256,8000,32.120
2026-07-23T01:24:01.070Z,usb,1,3612849267,149429,38253824,256,8000,32.120
2026-07-23T01:24:01.102Z,usb,1,3612849267,149430,38254080,256,8000,32.120
2026-07-23T01:24:01.134Z,usb,1,3612849267,149431,38254336,256,8000,32.120
2026-07-23T01:24:01.166Z,usb,1,3612849267,149432,38254592,256,8000,32.120
2026-07-23T01:24:01.198Z,usb,1,3612849267,149433,38254848,256,8000,32.120
2026-07-23T01:24:01.231Z,usb,1,3612849267,149434,38255104,256,8000,32.120
2026-07-23T01:24:01.262Z,usb,1,3612849267,149435,38255360,256,8000,32.120
2026-07-23T01:24:01.294Z,usb,1,3612849267,149436,38255616,256,8000,32.120
2026-07-23T01:24:01.326Z,usb,1,3612849267,149437,38255872,256,8000,32.120
2026-07-23T01:24:01.359Z,usb,1,3612849267,149438,38256128,256,8000,32.120
2026-07-23T01:24:01.390Z,usb,1,3612849267,149439,38256384,256,8000,32.120
2026-07-23T01:24:01.423Z,usb,1,3612849267,149440,38256640,256,8000,32.120
2026-07-23T01:24:01.454Z,usb,1,3612849267,149441,38256896,256,8000,32.120
2026-07-23T01:24:01.486Z,usb,1,3612849267,149442,38257152,256,8000,32.120
2026-07-23T01:24:01.518Z,usb,1,3612849267,149443,38257408,256,8000,32.120
2026-07-23T01:24:01.551Z,usb,1,3612849267,149444,38257664,256,8000,32.110
2026-07-23T01:24:01.582Z,usb,1,3612849267,149445,38257920,256,8000,32.110
2026-07-23T01:24:01.614Z,usb,1,3612849267,149446,38258176,256,8000,32.110
2026-07-23T01:24:01.648Z,usb,1,3612849267,149447,38258432,256,8000,32.110
2026-07-23T01:24:01.678Z,usb,1,3612849267,149448,38258688,256,8000,32.110
2026-07-23T01:24:01.711Z,usb,1,3612849267,149449,38258944,256,8000,32.110
2026-07-23T01:24:01.742Z,usb,1,3612849267,149450,38259200,256,8000,32.110
2026-07-23T01:24:01.774Z,usb,1,3612849267,149451,38259456,256,8000,32.110
2026-07-23T01:24:01.806Z,usb,1,3612849267,149452,38259712,256,8000,32.110
2026-07-23T01:24:01.838Z,usb,1,3612849267,149453,38259968,256,8000,32.110
2026-07-23T01:24:01.870Z,usb,1,3612849267,149454,38260224,256,8000,32.110
2026-07-23T01:24:01.902Z,usb,1,3612849267,149455,38260480,256,8000,32.110
2026-07-23T01:24:01.934Z,usb,1,3612849267,149456,38260736,256,8000,32.110
2026-07-23T01:24:01.966Z,usb,1,3612849267,149457,38260992,256,8000,32.110
2026-07-23T01:24:01.998Z,usb,1,3612849267,149458,38261248,256,8000,32.110
2026-07-23T01:24:02.030Z,usb,1,3612849267,149459,38261504,256,8000,32.110
2026-07-23T01:24:02.062Z,usb,1,3612849267,149460,38261760,256,8000,32.110
2026-07-23T01:24:02.094Z,usb,1,3612849267,149461,38262016,256,8000,32.110
2026-07-23T01:24:02.126Z,usb,1,3612849267,149462,38262272,256,8000,32.110
2026-07-23T01:24:02.158Z,usb,1,3612849267,149463,38262528,256,8000,32.110
2026-07-23T01:24:02.190Z,usb,1,3612849267,149464,38262784,256,8000,32.110
2026-07-23T01:24:02.222Z,usb,1,3612849267,149465,38263040,256,8000,32.110
2026-07-23T01:24:02.254Z,usb,1,3612849267,149466,38263296,256,8000,32.110
2026-07-23T01:24:02.286Z,usb,1,3612849267,149467,38263552,256,8000,32.110
2026-07-23T01:24:02.318Z,usb,1,3612849267,149468,38263808,256,8000,32.110
2026-07-23T01:24:02.350Z,usb,1,3612849267,149469,38264064,256,8000,32.110
2026-07-23T01:24:02.382Z,usb,1,3612849267,149470,38264320,256,8000,32.110
2026-07-23T01:24:02.414Z,usb,1,3612849267,149471,38264576,256,8000,32.110
2026-07-23T01:24:02.446Z,usb,1,3612849267,149472,38264832,256,8000,32.110
2026-07-23T01:24:02.478Z,usb,1,3612849267,149473,38265088,256,8000,32.110
2026-07-23T01:24:02.510Z,usb,1,3612849267,149474,38265344,256,8000,32.110
2026-07-23T01:24:02.542Z,usb,1,3612849267,149475,38265600,256,8000,32.110
2026-07-23T01:24:02.575Z,usb,1,3612849267,149476,38265856,256,8000,32.120
2026-07-23T01:24:02.606Z,usb,1,3612849267,149477,38266112,256,8000,32.120
2026-07-23T01:24:02.638Z,usb,1,3612849267,149478,38266368,256,8000,32.120
2026-07-23T01:24:02.670Z,usb,1,3612849267,149479,38266624,256,8000,32.120
2026-07-23T01:24:02.702Z,usb,1,3612849267,149480,38266880,256,8000,32.120
2026-07-23T01:24:02.734Z,usb,1,3612849267,149481,38267136,256,8000,32.120
2026-07-23T01:24:02.766Z,usb,1,3612849267,149482,38267392,256,8000,32.120
2026-07-23T01:24:02.798Z,usb,1,3612849267,149483,38267648,256,8000,32.120
2026-07-23T01:24:02.830Z,usb,1,3612849267,149484,38267904,256,8000,32.120
2026-07-23T01:24:02.862Z,usb,1,3612849267,149485,38268160,256,8000,32.120
2026-07-23T01:24:02.894Z,usb,1,3612849267,149486,38268416,256,8000,32.120
2026-07-23T01:24:02.926Z,usb,1,3612849267,149487,38268672,256,8000,32.120
2026-07-23T01:24:02.958Z,usb,1,3612849267,149488,38268928,256,8000,32.120
2026-07-23T01:24:02.990Z,usb,1,3612849267,149489,38269184,256,8000,32.120
2026-07-23T01:24:03.022Z,usb,1,3612849267,149490,38269440,256,8000,32.120
2026-07-23T01:24:03.054Z,usb,1,3612849267,149491,38269696,256,8000,32.120
2026-07-23T01:24:03.086Z,usb,1,3612849267,149492,38269952,256,8000,32.120
2026-07-23T01:24:03.118Z,usb,1,3612849267,149493,38270208,256,8000,32.120
2026-07-23T01:24:03.150Z,usb,1,3612849267,149494,38270464,256,8000,32.120
2026-07-23T01:24:03.182Z,usb,1,3612849267,149495,38270720,256,8000,32.120
2026-07-23T01:24:03.214Z,usb,1,3612849267,149496,38270976,256,8000,32.120
2026-07-23T01:24:03.246Z,usb,1,3612849267,149497,38271232,256,8000,32.120
2026-07-23T01:24:03.278Z,usb,1,3612849267,149498,38271488,256,8000,32.120
2026-07-23T01:24:03.310Z,usb,1,3612849267,149499,38271744,256,8000,32.120
2026-07-23T01:24:03.342Z,usb,1,3612849267,149500,38272000,256,8000,32.120
2026-07-23T01:24:03.374Z,usb,1,3612849267,149501,38272256,256,8000,32.120
2026-07-23T01:24:03.406Z,usb,1,3612849267,149502,38272512,256,8000,32.120
2026-07-23T01:24:03.438Z,usb,1,3612849267,149503,38272768,256,8000,32.120
2026-07-23T01:24:03.470Z,usb,1,3612849267,149504,38273024,256,8000,32.120
2026-07-23T01:24:03.502Z,usb,1,3612849267,149505,38273280,256,8000,32.120
2026-07-23T01:24:03.534Z,usb,1,3612849267,149506,38273536,256,8000,32.120
2026-07-23T01:24:03.566Z,usb,1,3612849267,149507,38273792,256,8000,32.120
2026-07-23T01:24:03.599Z,usb,1,3612849267,149508,38274048,256,8000,32.110
2026-07-23T01:24:03.630Z,usb,1,3612849267,149509,38274304,256,8000,32.110
2026-07-23T01:24:03.662Z,usb,1,3612849267,149510,38274560,256,8000,32.110
2026-07-23T01:24:03.694Z,usb,1,3612849267,149511,38274816,256,8000,32.110
2026-07-23T01:24:03.726Z,usb,1,3612849267,149512,38275072,256,8000,32.110
2026-07-23T01:24:03.758Z,usb,1,3612849267,149513,38275328,256,8000,32.110
2026-07-23T01:24:03.790Z,usb,1,3612849267,149514,38275584,256,8000,32.110
2026-07-23T01:24:03.822Z,usb,1,3612849267,149515,38275840,256,8000,32.110
2026-07-23T01:24:03.854Z,usb,1,3612849267,149516,38276096,256,8000,32.110
2026-07-23T01:24:03.886Z,usb,1,3612849267,149517,38276352,256,8000,32.110
2026-07-23T01:24:03.918Z,usb,1,3612849267,149518,38276608,256,8000,32.110
2026-07-23T01:24:03.950Z,usb,1,3612849267,149519,38276864,256,8000,32.110
2026-07-23T01:24:03.982Z,usb,1,3612849267,149520,38277120,256,8000,32.110
2026-07-23T01:24:04.014Z,usb,1,3612849267,149521,38277376,256,8000,32.110
2026-07-23T01:24:04.046Z,usb,1,3612849267,149522,38277632,256,8000,32.110
2026-07-23T01:24:04.078Z,usb,1,3612849267,149523,38277888,256,8000,32.110
2026-07-23T01:24:04.110Z,usb,1,3612849267,149524,38278144,256,8000,32.110
2026-07-23T01:24:04.142Z,usb,1,3612849267,149525,38278400,256,8000,32.110
2026-07-23T01:24:04.174Z,usb,1,3612849267,149526,38278656,256,8000,32.110
2026-07-23T01:24:04.206Z,usb,1,3612849267,149527,38278912,256,8000,32.110
2026-07-23T01:24:04.238Z,usb,1,3612849267,149528,38279168,256,8000,32.110
2026-07-23T01:24:04.270Z,usb,1,3612849267,149529,38279424,256,8000,32.110
2026-07-23T01:24:04.302Z,usb,1,3612849267,149530,38279680,256,8000,32.110
2026-07-23T01:24:04.334Z,usb,1,3612849267,149531,38279936,256,8000,32.110
2026-07-23T01:24:04.366Z,usb,1,3612849267,149532,38280192,256,8000,32.110
2026-07-23T01:24:04.398Z,usb,1,3612849267,149533,38280448,256,8000,32.110
2026-07-23T01:24:04.430Z,usb,1,3612849267,149534,38280704,256,8000,32.110
2026-07-23T01:24:04.462Z,usb,1,3612849267,149535,38280960,256,8000,32.110
2026-07-23T01:24:04.494Z,usb,1,3612849267,149536,38281216,256,8000,32.110
2026-07-23T01:24:04.526Z,usb,1,3612849267,149537,38281472,256,8000,32.110
2026-07-23T01:24:04.558Z,usb,1,3612849267,149538,38281728,256,8000,32.110
2026-07-23T01:24:04.590Z,usb,1,3612849267,149539,38281984,256,8000,32.110
2026-07-23T01:24:04.623Z,usb,1,3612849267,149540,38282240,256,8000,32.120
2026-07-23T01:24:04.654Z,usb,1,3612849267,149541,38282496,256,8000,32.120
2026-07-23T01:24:04.686Z,usb,1,3612849267,149542,38282752,256,8000,32.120
2026-07-23T01:24:04.718Z,usb,1,3612849267,149543,38283008,256,8000,32.120
2026-07-23T01:24:04.750Z,usb,1,3612849267,149544,38283264,256,8000,32.120
2026-07-23T01:24:04.782Z,usb,1,3612849267,149545,38283520,256,8000,32.120
2026-07-23T01:24:04.815Z,usb,1,3612849267,149546,38283776,256,8000,32.120
2026-07-23T01:24:04.846Z,usb,1,3612849267,149547,38284032,256,8000,32.120
2026-07-23T01:24:04.879Z,usb,1,3612849267,149548,38284288,256,8000,32.120
2026-07-23T01:24:04.910Z,usb,1,3612849267,149549,38284544,256,8000,32.120
2026-07-23T01:24:04.942Z,usb,1,3612849267,149550,38284800,256,8000,32.120
2026-07-23T01:24:04.974Z,usb,1,3612849267,149551,38285056,256,8000,32.120
2026-07-23T01:24:05.007Z,usb,1,3612849267,149552,38285312,256,8000,32.120
2026-07-23T01:24:05.038Z,usb,1,3612849267,149553,38285568,256,8000,32.120
2026-07-23T01:24:05.070Z,usb,1,3612849267,149554,38285824,256,8000,32.120
2026-07-23T01:24:05.102Z,usb,1,3612849267,149555,38286080,256,8000,32.120
2026-07-23T01:24:05.135Z,usb,1,3612849267,149556,38286336,256,8000,32.120
2026-07-23T01:24:05.166Z,usb,1,3612849267,149557,38286592,256,8000,32.120
2026-07-23T01:24:05.198Z,usb,1,3612849267,149558,38286848,256,8000,32.120
2026-07-23T01:24:05.230Z,usb,1,3612849267,149559,38287104,256,8000,32.120
2026-07-23T01:24:05.262Z,usb,1,3612849267,149560,38287360,256,8000,32.120
2026-07-23T01:24:05.294Z,usb,1,3612849267,149561,38287616,256,8000,32.120
2026-07-23T01:24:05.326Z,usb,1,3612849267,149562,38287872,256,8000,32.120
2026-07-23T01:24:05.358Z,usb,1,3612849267,149563,38288128,256,8000,32.120
2026-07-23T01:24:05.390Z,usb,1,3612849267,149564,38288384,256,8000,32.120
2026-07-23T01:24:05.422Z,usb,1,3612849267,149565,38288640,256,8000,32.120
2026-07-23T01:24:05.454Z,usb,1,3612849267,149566,38288896,256,8000,32.120
2026-07-23T01:24:05.486Z,usb,1,3612849267,149567,38289152,256,8000,32.120
2026-07-23T01:24:05.518Z,usb,1,3612849267,149568,38289408,256,8000,32.120
2026-07-23T01:24:05.550Z,usb,1,3612849267,149569,38289664,256,8000,32.120
2026-07-23T01:24:05.582Z,usb,1,3612849267,149570,38289920,256,8000,32.120
2026-07-23T01:24:05.614Z,usb,1,3612849267,149571,38290176,256,8000,32.120
2026-07-23T01:24:05.647Z,usb,1,3612849267,149572,38290432,256,8000,32.120
2026-07-23T01:24:05.678Z,usb,1,3612849267,149573,38290688,256,8000,32.120
2026-07-23T01:24:05.710Z,usb,1,3612849267,149574,38290944,256,8000,32.120
2026-07-23T01:24:05.742Z,usb,1,3612849267,149575,38291200,256,8000,32.120
2026-07-23T01:24:05.774Z,usb,1,3612849267,149576,38291456,256,8000,32.120
2026-07-23T01:24:05.806Z,usb,1,3612849267,149577,38291712,256,8000,32.120
2026-07-23T01:24:05.839Z,usb,1,3612849267,149578,38291968,256,8000,32.120
2026-07-23T01:24:05.870Z,usb,1,3612849267,149579,38292224,256,8000,32.120
2026-07-23T01:24:05.902Z,usb,1,3612849267,149580,38292480,256,8000,32.120
2026-07-23T01:24:05.934Z,usb,1,3612849267,149581,38292736,256,8000,32.120
2026-07-23T01:24:05.966Z,usb,1,3612849267,149582,38292992,256,8000,32.120
2026-07-23T01:24:05.998Z,usb,1,3612849267,149583,38293248,256,8000,32.120
2026-07-23T01:24:06.030Z,usb,1,3612849267,149584,38293504,256,8000,32.120
2026-07-23T01:24:06.063Z,usb,1,3612849267,149585,38293760,256,8000,32.120
2026-07-23T01:24:06.094Z,usb,1,3612849267,149586,38294016,256,8000,32.120
2026-07-23T01:24:06.126Z,usb,1,3612849267,149587,38294272,256,8000,32.120
2026-07-23T01:24:06.158Z,usb,1,3612849267,149588,38294528,256,8000,32.120
2026-07-23T01:24:06.190Z,usb,1,3612849267,149589,38294784,256,8000,32.120
2026-07-23T01:24:06.222Z,usb,1,3612849267,149590,38295040,256,8000,32.120
2026-07-23T01:24:06.254Z,usb,1,3612849267,149591,38295296,256,8000,32.120
2026-07-23T01:24:06.286Z,usb,1,3612849267,149592,38295552,256,8000,32.120
2026-07-23T01:24:06.318Z,usb,1,3612849267,149593,38295808,256,8000,32.120
2026-07-23T01:24:06.350Z,usb,1,3612849267,149594,38296064,256,8000,32.120
2026-07-23T01:24:06.382Z,usb,1,3612849267,149595,38296320,256,8000,32.120
2026-07-23T01:24:06.414Z,usb,1,3612849267,149596,38296576,256,8000,32.120
2026-07-23T01:24:06.446Z,usb,1,3612849267,149597,38296832,256,8000,32.120
2026-07-23T01:24:06.478Z,usb,1,3612849267,149598,38297088,256,8000,32.120
2026-07-23T01:24:06.510Z,usb,1,3612849267,149599,38297344,256,8000,32.120
2026-07-23T01:24:06.542Z,usb,1,3612849267,149600,38297600,256,8000,32.120
2026-07-23T01:24:06.574Z,usb,1,3612849267,149601,38297856,256,8000,32.120
2026-07-23T01:24:06.606Z,usb,1,3612849267,149602,38298112,256,8000,32.120
2026-07-23T01:24:06.638Z,usb,1,3612849267,149603,38298368,256,8000,32.120
2026-07-23T01:24:06.671Z,usb,1,3612849267,149604,38298624,256,8000,32.120
2026-07-23T01:24:06.702Z,usb,1,3612849267,149605,38298880,256,8000,32.120
2026-07-23T01:24:06.734Z,usb,1,3612849267,149606,38299136,256,8000,32.120
2026-07-23T01:24:06.766Z,usb,1,3612849267,149607,38299392,256,8000,32.120
2026-07-23T01:24:06.798Z,usb,1,3612849267,149608,38299648,256,8000,32.120
2026-07-23T01:24:06.830Z,usb,1,3612849267,149609,38299904,256,8000,32.120
2026-07-23T01:24:06.862Z,usb,1,3612849267,149610,38300160,256,8000,32.120
2026-07-23T01:24:06.894Z,usb,1,3612849267,149611,38300416,256,8000,32.120
2026-07-23T01:24:06.926Z,usb,1,3612849267,149612,38300672,256,8000,32.120
2026-07-23T01:24:06.958Z,usb,1,3612849267,149613,38300928,256,8000,32.120
2026-07-23T01:24:06.990Z,usb,1,3612849267,149614,38301184,256,8000,32.120
2026-07-23T01:24:07.022Z,usb,1,3612849267,149615,38301440,256,8000,32.120
2026-07-23T01:24:07.054Z,usb,1,3612849267,149616,38301696,256,8000,32.120
2026-07-23T01:24:07.086Z,usb,1,3612849267,149617,38301952,256,8000,32.120
2026-07-23T01:24:07.118Z,usb,1,3612849267,149618,38302208,256,8000,32.120
2026-07-23T01:24:07.150Z,usb,1,3612849267,149619,38302464,256,8000,32.120
2026-07-23T01:24:07.182Z,usb,1,3612849267,149620,38302720,256,8000,32.120
2026-07-23T01:24:07.214Z,usb,1,3612849267,149621,38302976,256,8000,32.120
2026-07-23T01:24:07.246Z,usb,1,3612849267,149622,38303232,256,8000,32.120
2026-07-23T01:24:07.279Z,usb,1,3612849267,149623,38303488,256,8000,32.120
2026-07-23T01:24:07.310Z,usb,1,3612849267,149624,38303744,256,8000,32.120
2026-07-23T01:24:07.342Z,usb,1,3612849267,149625,38304000,256,8000,32.120
2026-07-23T01:24:07.374Z,usb,1,3612849267,149626,38304256,256,8000,32.120
2026-07-23T01:24:07.406Z,usb,1,3612849267,149627,38304512,256,8000,32.120
2026-07-23T01:24:07.438Z,usb,1,3612849267,149628,38304768,256,8000,32.120
2026-07-23T01:24:07.470Z,usb,1,3612849267,149629,38305024,256,8000,32.120
2026-07-23T01:24:07.502Z,usb,1,3612849267,149630,38305280,256,8000,32.120
2026-07-23T01:24:07.534Z,usb,1,3612849267,149631,38305536,256,8000,32.120
2026-07-23T01:24:07.566Z,usb,1,3612849267,149632,38305792,256,8000,32.120
2026-07-23T01:24:07.598Z,usb,1,3612849267,149633,38306048,256,8000,32.120
2026-07-23T01:24:07.630Z,usb,1,3612849267,149634,38306304,256,8000,32.120
2026-07-23T01:24:07.663Z,usb,1,3612849267,149635,38306560,256,8000,32.120
2026-07-23T01:24:07.695Z,usb,1,3612849267,149636,38306816,256,8000,32.130
2026-07-23T01:24:07.726Z,usb,1,3612849267,149637,38307072,256,8000,32.130
2026-07-23T01:24:07.758Z,usb,1,3612849267,149638,38307328,256,8000,32.130
2026-07-23T01:24:07.790Z,usb,1,3612849267,149639,38307584,256,8000,32.130
2026-07-23T01:24:07.822Z,usb,1,3612849267,149640,38307840,256,8000,32.130
2026-07-23T01:24:07.854Z,usb,1,3612849267,149641,38308096,256,8000,32.130
2026-07-23T01:24:07.888Z,usb,1,3612849267,149642,38308352,256,8000,32.130
2026-07-23T01:24:07.918Z,usb,1,3612849267,149643,38308608,256,8000,32.130
2026-07-23T01:24:07.950Z,usb,1,3612849267,149644,38308864,256,8000,32.130
2026-07-23T01:24:07.982Z,usb,1,3612849267,149645,38309120,256,8000,32.130
2026-07-23T01:24:08.014Z,usb,1,3612849267,149646,38309376,256,8000,32.130
2026-07-23T01:24:08.046Z,usb,1,3612849267,149647,38309632,256,8000,32.130
2026-07-23T01:24:08.078Z,usb,1,3612849267,149648,38309888,256,8000,32.130
2026-07-23T01:24:08.110Z,usb,1,3612849267,149649,38310144,256,8000,32.130
2026-07-23T01:24:08.142Z,usb,1,3612849267,149650,38310400,256,8000,32.130
2026-07-23T01:24:08.174Z,usb,1,3612849267,149651,38310656,256,8000,32.130
2026-07-23T01:24:08.206Z,usb,1,3612849267,149652,38310912,256,8000,32.130
2026-07-23T01:24:08.238Z,usb,1,3612849267,149653,38311168,256,8000,32.130
2026-07-23T01:24:08.270Z,usb,1,3612849267,149654,38311424,256,8000,32.130
2026-07-23T01:24:08.302Z,usb,1,3612849267,149655,38311680,256,8000,32.130
2026-07-23T01:24:08.334Z,usb,1,3612849267,149656,38311936,256,8000,32.130
2026-07-23T01:24:08.366Z,usb,1,3612849267,149657,38312192,256,8000,32.130
2026-07-23T01:24:08.398Z,usb,1,3612849267,149658,38312448,256,8000,32.130
2026-07-23T01:24:08.430Z,usb,1,3612849267,149659,38312704,256,8000,32.130
2026-07-23T01:24:08.462Z,usb,1,3612849267,149660,38312960,256,8000,32.130
2026-07-23T01:24:08.494Z,usb,1,3612849267,149661,38313216,256,8000,32.130
2026-07-23T01:24:08.526Z,usb,1,3612849267,149662,38313472,256,8000,32.130
2026-07-23T01:24:08.558Z,usb,1,3612849267,149663,38313728,256,8000,32.130
2026-07-23T01:24:08.590Z,usb,1,3612849267,149664,38313984,256,8000,32.130
2026-07-23T01:24:08.622Z,usb,1,3612849267,149665,38314240,256,8000,32.130
2026-07-23T01:24:08.654Z,usb,1,3612849267,149666,38314496,256,8000,32.130
2026-07-23T01:24:08.686Z,usb,1,3612849267,149667,38314752,256,8000,32.130
2026-07-23T01:24:08.719Z,usb,1,3612849267,149668,38315008,256,8000,32.120
2026-07-23T01:24:08.750Z,usb,1,3612849267,149669,38315264,256,8000,32.120
2026-07-23T01:24:08.782Z,usb,1,3612849267,149670,38315520,256,8000,32.120
2026-07-23T01:24:08.814Z,usb,1,3612849267,149671,38315776,256,8000,32.120
2026-07-23T01:24:08.846Z,usb,1,3612849267,149672,38316032,256,8000,32.120
2026-07-23T01:24:08.878Z,usb,1,3612849267,149673,38316288,256,8000,32.120
2026-07-23T01:24:08.910Z,usb,1,3612849267,149674,38316544,256,8000,32.120
2026-07-23T01:24:08.943Z,usb,1,3612849267,149675,38316800,256,8000,32.120
2026-07-23T01:24:08.974Z,usb,1,3612849267,149676,38317056,256,8000,32.120
2026-07-23T01:24:09.006Z,usb,1,3612849267,149677,38317312,256,8000,32.120
2026-07-23T01:24:09.039Z,usb,1,3612849267,149678,38317568,256,8000,32.120
2026-07-23T01:24:09.070Z,usb,1,3612849267,149679,38317824,256,8000,32.120
2026-07-23T01:24:09.103Z,usb,1,3612849267,149680,38318080,256,8000,32.120
2026-07-23T01:24:09.134Z,usb,1,3612849267,149681,38318336,256,8000,32.120
2026-07-23T01:24:09.166Z,usb,1,3612849267,149682,38318592,256,8000,32.120
2026-07-23T01:24:09.198Z,usb,1,3612849267,149683,38318848,256,8000,32.120
2026-07-23T01:24:09.230Z,usb,1,3612849267,149684,38319104,256,8000,32.120
2026-07-23T01:24:09.262Z,usb,1,3612849267,149685,38319360,256,8000,32.120
2026-07-23T01:24:09.295Z,usb,1,3612849267,149686,38319616,256,8000,32.120
2026-07-23T01:24:09.326Z,usb,1,3612849267,149687,38319872,256,8000,32.120
2026-07-23T01:24:09.358Z,usb,1,3612849267,149688,38320128,256,8000,32.120
2026-07-23T01:24:09.391Z,usb,1,3612849267,149689,38320384,256,8000,32.120
2026-07-23T01:24:09.422Z,usb,1,3612849267,149690,38320640,256,8000,32.120
2026-07-23T01:24:09.454Z,usb,1,3612849267,149691,38320896,256,8000,32.120
2026-07-23T01:24:09.486Z,usb,1,3612849267,149692,38321152,256,8000,32.120
2026-07-23T01:24:09.518Z,usb,1,3612849267,149693,38321408,256,8000,32.120
2026-07-23T01:24:09.550Z,usb,1,3612849267,149694,38321664,256,8000,32.120
2026-07-23T01:24:09.582Z,usb,1,3612849267,149695,38321920,256,8000,32.120
2026-07-23T01:24:09.614Z,usb,1,3612849267,149696,38322176,256,8000,32.120
2026-07-23T01:24:09.646Z,usb,1,3612849267,149697,38322432,256,8000,32.120
2026-07-23T01:24:09.678Z,usb,1,3612849267,149698,38322688,256,8000,32.120
2026-07-23T01:24:09.710Z,usb,1,3612849267,149699,38322944,256,8000,32.120
2026-07-23T01:24:09.743Z,usb,1,3612849267,149700,38323200,256,8000,32.120
2026-07-23T01:24:09.774Z,usb,1,3612849267,149701,38323456,256,8000,32.120
2026-07-23T01:24:09.806Z,usb,1,3612849267,149702,38323712,256,8000,32.120
2026-07-23T01:24:09.838Z,usb,1,3612849267,149703,38323968,256,8000,32.120
2026-07-23T01:24:09.870Z,usb,1,3612849267,149704,38324224,256,8000,32.120
2026-07-23T01:24:09.902Z,usb,1,3612849267,149705,38324480,256,8000,32.120
2026-07-23T01:24:09.934Z,usb,1,3612849267,149706,38324736,256,8000,32.120
2026-07-23T01:24:09.966Z,usb,1,3612849267,149707,38324992,256,8000,32.120
2026-07-23T01:24:09.998Z,usb,1,3612849267,149708,38325248,256,8000,32.120
2026-07-23T01:24:10.030Z,usb,1,3612849267,149709,38325504,256,8000,32.120
2026-07-23T01:24:10.062Z,usb,1,3612849267,149710,38325760,256,8000,32.120
2026-07-23T01:24:10.094Z,usb,1,3612849267,149711,38326016,256,8000,32.120
2026-07-23T01:24:10.126Z,usb,1,3612849267,149712,38326272,256,8000,32.120
2026-07-23T01:24:10.158Z,usb,1,3612849267,149713,38326528,256,8000,32.120
2026-07-23T01:24:10.190Z,usb,1,3612849267,149714,38326784,256,8000,32.120
2026-07-23T01:24:10.222Z,usb,1,3612849267,149715,38327040,256,8000,32.120
2026-07-23T01:24:10.254Z,usb,1,3612849267,149716,38327296,256,8000,32.120
2026-07-23T01:24:10.286Z,usb,1,3612849267,149717,38327552,256,8000,32.120
2026-07-23T01:24:10.318Z,usb,1,3612849267,149718,38327808,256,8000,32.120
2026-07-23T01:24:10.350Z,usb,1,3612849267,149719,38328064,256,8000,32.120
2026-07-23T01:24:10.382Z,usb,1,3612849267,149720,38328320,256,8000,32.120
2026-07-23T01:24:10.414Z,usb,1,3612849267,149721,38328576,256,8000,32.120
2026-07-23T01:24:10.446Z,usb,1,3612849267,149722,38328832,256,8000,32.120
2026-07-23T01:24:10.478Z,usb,1,3612849267,149723,38329088,256,8000,32.120
2026-07-23T01:24:10.510Z,usb,1,3612849267,149724,38329344,256,8000,32.120
2026-07-23T01:24:10.542Z,usb,1,3612849267,149725,38329600,256,8000,32.120
2026-07-23T01:24:10.574Z,usb,1,3612849267,149726,38329856,256,8000,32.120
2026-07-23T01:24:10.606Z,usb,1,3612849267,149727,38330112,256,8000,32.120
2026-07-23T01:24:10.638Z,usb,1,3612849267,149728,38330368,256,8000,32.120
2026-07-23T01:24:10.670Z,usb,1,3612849267,149729,38330624,256,8000,32.120
2026-07-23T01:24:10.702Z,usb,1,3612849267,149730,38330880,256,8000,32.120
2026-07-23T01:24:10.734Z,usb,1,3612849267,149731,38331136,256,8000,32.120
2026-07-23T01:24:10.767Z,usb,1,3612849267,149732,38331392,256,8000,32.120
2026-07-23T01:24:10.798Z,usb,1,3612849267,149733,38331648,256,8000,32.120
2026-07-23T01:24:10.830Z,usb,1,3612849267,149734,38331904,256,8000,32.120
2026-07-23T01:24:10.862Z,usb,1,3612849267,149735,38332160,256,8000,32.120
2026-07-23T01:24:10.894Z,usb,1,3612849267,149736,38332416,256,8000,32.120
2026-07-23T01:24:10.926Z,usb,1,3612849267,149737,38332672,256,8000,32.120
2026-07-23T01:24:10.958Z,usb,1,3612849267,149738,38332928,256,8000,32.120
2026-07-23T01:24:10.990Z,usb,1,3612849267,149739,38333184,256,8000,32.120
2026-07-23T01:24:11.022Z,usb,1,3612849267,149740,38333440,256,8000,32.120
2026-07-23T01:24:11.054Z,usb,1,3612849267,149741,38333696,256,8000,32.120
2026-07-23T01:24:11.086Z,usb,1,3612849267,149742,38333952,256,8000,32.120
2026-07-23T01:24:11.118Z,usb,1,3612849267,149743,38334208,256,8000,32.120
2026-07-23T01:24:11.150Z,usb,1,3612849267,149744,38334464,256,8000,32.120
2026-07-23T01:24:11.182Z,usb,1,3612849267,149745,38334720,256,8000,32.120
2026-07-23T01:24:11.214Z,usb,1,3612849267,149746,38334976,256,8000,32.120
2026-07-23T01:24:11.246Z,usb,1,3612849267,149747,38335232,256,8000,32.120
2026-07-23T01:24:11.278Z,usb,1,3612849267,149748,38335488,256,8000,32.120
2026-07-23T01:24:11.310Z,usb,1,3612849267,149749,38335744,256,8000,32.120
2026-07-23T01:24:11.342Z,usb,1,3612849267,149750,38336000,256,8000,32.120
2026-07-23T01:24:11.374Z,usb,1,3612849267,149751,38336256,256,8000,32.120
2026-07-23T01:24:11.406Z,usb,1,3612849267,149752,38336512,256,8000,32.120
2026-07-23T01:24:11.438Z,usb,1,3612849267,149753,38336768,256,8000,32.120
2026-07-23T01:24:11.470Z,usb,1,3612849267,149754,38337024,256,8000,32.120
2026-07-23T01:24:11.502Z,usb,1,3612849267,149755,38337280,256,8000,32.120
2026-07-23T01:24:11.534Z,usb,1,3612849267,149756,38337536,256,8000,32.120
2026-07-23T01:24:11.566Z,usb,1,3612849267,149757,38337792,256,8000,32.120
2026-07-23T01:24:11.598Z,usb,1,3612849267,149758,38338048,256,8000,32.120
2026-07-23T01:24:11.630Z,usb,1,3612849267,149759,38338304,256,8000,32.120
2026-07-23T01:24:11.662Z,usb,1,3612849267,149760,38338560,256,8000,32.120
2026-07-23T01:24:11.694Z,usb,1,3612849267,149761,38338816,256,8000,32.120
2026-07-23T01:24:11.726Z,usb,1,3612849267,149762,38339072,256,8000,32.120
2026-07-23T01:24:11.758Z,usb,1,3612849267,149763,38339328,256,8000,32.120
2026-07-23T01:24:11.791Z,usb,1,3612849267,149764,38339584,256,8000,32.120
2026-07-23T01:24:11.822Z,usb,1,3612849267,149765,38339840,256,8000,32.120
2026-07-23T01:24:11.854Z,usb,1,3612849267,149766,38340096,256,8000,32.120
2026-07-23T01:24:11.887Z,usb,1,3612849267,149767,38340352,256,8000,32.120
2026-07-23T01:24:11.918Z,usb,1,3612849267,149768,38340608,256,8000,32.120
2026-07-23T01:24:11.950Z,usb,1,3612849267,149769,38340864,256,8000,32.120
2026-07-23T01:24:11.982Z,usb,1,3612849267,149770,38341120,256,8000,32.120
2026-07-23T01:24:12.014Z,usb,1,3612849267,149771,38341376,256,8000,32.120
2026-07-23T01:24:12.046Z,usb,1,3612849267,149772,38341632,256,8000,32.120
2026-07-23T01:24:12.078Z,usb,1,3612849267,149773,38341888,256,8000,32.120
2026-07-23T01:24:12.110Z,usb,1,3612849267,149774,38342144,256,8000,32.120
2026-07-23T01:24:12.142Z,usb,1,3612849267,149775,38342400,256,8000,32.120
2026-07-23T01:24:12.174Z,usb,1,3612849267,149776,38342656,256,8000,32.120
2026-07-23T01:24:12.206Z,usb,1,3612849267,149777,38342912,256,8000,32.120
2026-07-23T01:24:12.238Z,usb,1,3612849267,149778,38343168,256,8000,32.120
2026-07-23T01:24:12.270Z,usb,1,3612849267,149779,38343424,256,8000,32.120
2026-07-23T01:24:12.302Z,usb,1,3612849267,149780,38343680,256,8000,32.120
2026-07-23T01:24:12.334Z,usb,1,3612849267,149781,38343936,256,8000,32.120
2026-07-23T01:24:12.366Z,usb,1,3612849267,149782,38344192,256,8000,32.120
2026-07-23T01:24:12.398Z,usb,1,3612849267,149783,38344448,256,8000,32.120
2026-07-23T01:24:12.430Z,usb,1,3612849267,149784,38344704,256,8000,32.120
2026-07-23T01:24:12.462Z,usb,1,3612849267,149785,38344960,256,8000,32.120
2026-07-23T01:24:12.494Z,usb,1,3612849267,149786,38345216,256,8000,32.120
2026-07-23T01:24:12.526Z,usb,1,3612849267,149787,38345472,256,8000,32.120
2026-07-23T01:24:12.558Z,usb,1,3612849267,149788,38345728,256,8000,32.120
2026-07-23T01:24:12.590Z,usb,1,3612849267,149789,38345984,256,8000,32.120
2026-07-23T01:24:12.622Z,usb,1,3612849267,149790,38346240,256,8000,32.120
2026-07-23T01:24:12.654Z,usb,1,3612849267,149791,38346496,256,8000,32.120
2026-07-23T01:24:12.686Z,usb,1,3612849267,149792,38346752,256,8000,32.120
2026-07-23T01:24:12.718Z,usb,1,3612849267,149793,38347008,256,8000,32.120
2026-07-23T01:24:12.750Z,usb,1,3612849267,149794,38347264,256,8000,32.120
2026-07-23T01:24:12.782Z,usb,1,3612849267,149795,38347520,256,8000,32.120
2026-07-23T01:24:12.815Z,usb,1,3612849267,149796,38347776,256,8000,32.120
2026-07-23T01:24:12.846Z,usb,1,3612849267,149797,38348032,256,8000,32.120
2026-07-23T01:24:12.878Z,usb,1,3612849267,149798,38348288,256,8000,32.120
2026-07-23T01:24:12.910Z,usb,1,3612849267,149799,38348544,256,8000,32.120
2026-07-23T01:24:12.942Z,usb,1,3612849267,149800,38348800,256,8000,32.120
2026-07-23T01:24:12.974Z,usb,1,3612849267,149801,38349056,256,8000,32.120
2026-07-23T01:24:13.006Z,usb,1,3612849267,149802,38349312,256,8000,32.120
2026-07-23T01:24:13.038Z,usb,1,3612849267,149803,38349568,256,8000,32.120
2026-07-23T01:24:13.070Z,usb,1,3612849267,149804,38349824,256,8000,32.120
2026-07-23T01:24:13.102Z,usb,1,3612849267,149805,38350080,256,8000,32.120
2026-07-23T01:24:13.134Z,usb,1,3612849267,149806,38350336,256,8000,32.120
2026-07-23T01:24:13.166Z,usb,1,3612849267,149807,38350592,256,8000,32.120
2026-07-23T01:24:13.198Z,usb,1,3612849267,149808,38350848,256,8000,32.120
2026-07-23T01:24:13.230Z,usb,1,3612849267,149809,38351104,256,8000,32.120
2026-07-23T01:24:13.262Z,usb,1,3612849267,149810,38351360,256,8000,32.120
2026-07-23T01:24:13.294Z,usb,1,3612849267,149811,38351616,256,8000,32.120
2026-07-23T01:24:13.326Z,usb,1,3612849267,149812,38351872,256,8000,32.120
2026-07-23T01:24:13.358Z,usb,1,3612849267,149813,38352128,256,8000,32.120
2026-07-23T01:24:13.390Z,usb,1,3612849267,149814,38352384,256,8000,32.120
2026-07-23T01:24:13.422Z,usb,1,3612849267,149815,38352640,256,8000,32.120
2026-07-23T01:24:13.454Z,usb,1,3612849267,149816,38352896,256,8000,32.120
2026-07-23T01:24:13.486Z,usb,1,3612849267,149817,38353152,256,8000,32.120
2026-07-23T01:24:13.518Z,usb,1,3612849267,149818,38353408,256,8000,32.120
2026-07-23T01:24:13.550Z,usb,1,3612849267,149819,38353664,256,8000,32.120
2026-07-23T01:24:13.582Z,usb,1,3612849267,149820,38353920,256,8000,32.120
2026-07-23T01:24:13.614Z,usb,1,3612849267,149821,38354176,256,8000,32.120
2026-07-23T01:24:13.646Z,usb,1,3612849267,149822,38354432,256,8000,32.120
2026-07-23T01:24:13.678Z,usb,1,3612849267,149823,38354688,256,8000,32.120
2026-07-23T01:24:13.710Z,usb,1,3612849267,149824,38354944,256,8000,32.120
2026-07-23T01:24:13.742Z,usb,1,3612849267,149825,38355200,256,8000,32.120
2026-07-23T01:24:13.775Z,usb,1,3612849267,149826,38355456,256,8000,32.120
2026-07-23T01:24:13.806Z,usb,1,3612849267,149827,38355712,256,8000,32.120
2026-07-23T01:24:13.839Z,usb,1,3612849267,149828,38355968,256,8000,32.110
2026-07-23T01:24:13.870Z,usb,1,3612849267,149829,38356224,256,8000,32.110
2026-07-23T01:24:13.902Z,usb,1,3612849267,149830,38356480,256,8000,32.110
2026-07-23T01:24:13.934Z,usb,1,3612849267,149831,38356736,256,8000,32.110
2026-07-23T01:24:13.966Z,usb,1,3612849267,149832,38356992,256,8000,32.110
2026-07-23T01:24:13.998Z,usb,1,3612849267,149833,38357248,256,8000,32.110
2026-07-23T01:24:14.030Z,usb,1,3612849267,149834,38357504,256,8000,32.110
2026-07-23T01:24:14.062Z,usb,1,3612849267,149835,38357760,256,8000,32.110
2026-07-23T01:24:14.094Z,usb,1,3612849267,149836,38358016,256,8000,32.110
2026-07-23T01:24:14.126Z,usb,1,3612849267,149837,38358272,256,8000,32.110
2026-07-23T01:24:14.158Z,usb,1,3612849267,149838,38358528,256,8000,32.110
2026-07-23T01:24:14.190Z,usb,1,3612849267,149839,38358784,256,8000,32.110
2026-07-23T01:24:14.222Z,usb,1,3612849267,149840,38359040,256,8000,32.110
2026-07-23T01:24:14.254Z,usb,1,3612849267,149841,38359296,256,8000,32.110
2026-07-23T01:24:14.286Z,usb,1,3612849267,149842,38359552,256,8000,32.110
2026-07-23T01:24:14.318Z,usb,1,3612849267,149843,38359808,256,8000,32.110
2026-07-23T01:24:14.350Z,usb,1,3612849267,149844,38360064,256,8000,32.110
2026-07-23T01:24:14.382Z,usb,1,3612849267,149845,38360320,256,8000,32.110
2026-07-23T01:24:14.414Z,usb,1,3612849267,149846,38360576,256,8000,32.110
2026-07-23T01:24:14.446Z,usb,1,3612849267,149847,38360832,256,8000,32.110
2026-07-23T01:24:14.478Z,usb,1,3612849267,149848,38361088,256,8000,32.110
2026-07-23T01:24:14.510Z,usb,1,3612849267,149849,38361344,256,8000,32.110
2026-07-23T01:24:14.542Z,usb,1,3612849267,149850,38361600,256,8000,32.110
2026-07-23T01:24:14.574Z,usb,1,3612849267,149851,38361856,256,8000,32.110
2026-07-23T01:24:14.606Z,usb,1,3612849267,149852,38362112,256,8000,32.110
2026-07-23T01:24:14.638Z,usb,1,3612849267,149853,38362368,256,8000,32.110
2026-07-23T01:24:14.670Z,usb,1,3612849267,149854,38362624,256,8000,32.110
2026-07-23T01:24:14.702Z,usb,1,3612849267,149855,38362880,256,8000,32.110
2026-07-23T01:24:14.734Z,usb,1,3612849267,149856,38363136,256,8000,32.110
2026-07-23T01:24:14.767Z,usb,1,3612849267,149857,38363392,256,8000,32.110
2026-07-23T01:24:14.798Z,usb,1,3612849267,149858,38363648,256,8000,32.110
2026-07-23T01:24:14.830Z,usb,1,3612849267,149859,38363904,256,8000,32.110
2026-07-23T01:24:14.863Z,usb,1,3612849267,149860,38364160,256,8000,32.120
2026-07-23T01:24:14.894Z,usb,1,3612849267,149861,38364416,256,8000,32.120
2026-07-23T01:24:14.926Z,usb,1,3612849267,149862,38364672,256,8000,32.120
2026-07-23T01:24:14.958Z,usb,1,3612849267,149863,38364928,256,8000,32.120
2026-07-23T01:24:14.991Z,usb,1,3612849267,149864,38365184,256,8000,32.120
2026-07-23T01:24:15.022Z,usb,1,3612849267,149865,38365440,256,8000,32.120
2026-07-23T01:24:15.055Z,usb,1,3612849267,149866,38365696,256,8000,32.120
2026-07-23T01:24:15.086Z,usb,1,3612849267,149867,38365952,256,8000,32.120
2026-07-23T01:24:15.118Z,usb,1,3612849267,149868,38366208,256,8000,32.120
2026-07-23T01:24:15.150Z,usb,1,3612849267,149869,38366464,256,8000,32.120
2026-07-23T01:24:15.182Z,usb,1,3612849267,149870,38366720,256,8000,32.120
2026-07-23T01:24:15.215Z,usb,1,3612849267,149871,38366976,256,8000,32.120
2026-07-23T01:24:15.246Z,usb,1,3612849267,149872,38367232,256,8000,32.120
2026-07-23T01:24:15.278Z,usb,1,3612849267,149873,38367488,256,8000,32.120
2026-07-23T01:24:15.310Z,usb,1,3612849267,149874,38367744,256,8000,32.120
2026-07-23T01:24:15.344Z,usb,1,3612849267,149875,38368000,256,8000,32.120
2026-07-23T01:24:15.374Z,usb,1,3612849267,149876,38368256,256,8000,32.120
2026-07-23T01:24:15.406Z,usb,1,3612849267,149877,38368512,256,8000,32.120
2026-07-23T01:24:15.438Z,usb,1,3612849267,149878,38368768,256,8000,32.120
2026-07-23T01:24:15.470Z,usb,1,3612849267,149879,38369024,256,8000,32.120
2026-07-23T01:24:15.502Z,usb,1,3612849267,149880,38369280,256,8000,32.120
2026-07-23T01:24:15.534Z,usb,1,3612849267,149881,38369536,256,8000,32.120
2026-07-23T01:24:15.566Z,usb,1,3612849267,149882,38369792,256,8000,32.120
2026-07-23T01:24:15.598Z,usb,1,3612849267,149883,38370048,256,8000,32.120
2026-07-23T01:24:15.630Z,usb,1,3612849267,149884,38370304,256,8000,32.120
2026-07-23T01:24:15.663Z,usb,1,3612849267,149885,38370560,256,8000,32.120
2026-07-23T01:24:15.694Z,usb,1,3612849267,149886,38370816,256,8000,32.120
2026-07-23T01:24:15.726Z,usb,1,3612849267,149887,38371072,256,8000,32.120
2026-07-23T01:24:15.758Z,usb,1,3612849267,149888,38371328,256,8000,32.120
2026-07-23T01:24:15.790Z,usb,1,3612849267,149889,38371584,256,8000,32.120
2026-07-23T01:24:15.822Z,usb,1,3612849267,149890,38371840,256,8000,32.120
2026-07-23T01:24:15.854Z,usb,1,3612849267,149891,38372096,256,8000,32.120
2026-07-23T01:24:15.887Z,usb,1,3612849267,149892,38372352,256,8000,32.130
2026-07-23T01:24:15.918Z,usb,1,3612849267,149893,38372608,256,8000,32.130
2026-07-23T01:24:15.950Z,usb,1,3612849267,149894,38372864,256,8000,32.130
2026-07-23T01:24:15.982Z,usb,1,3612849267,149895,38373120,256,8000,32.130
2026-07-23T01:24:16.014Z,usb,1,3612849267,149896,38373376,256,8000,32.130
2026-07-23T01:24:16.046Z,usb,1,3612849267,149897,38373632,256,8000,32.130
2026-07-23T01:24:16.078Z,usb,1,3612849267,149898,38373888,256,8000,32.130
2026-07-23T01:24:16.110Z,usb,1,3612849267,149899,38374144,256,8000,32.130
2026-07-23T01:24:16.142Z,usb,1,3612849267,149900,38374400,256,8000,32.130
2026-07-23T01:24:16.174Z,usb,1,3612849267,149901,38374656,256,8000,32.130
2026-07-23T01:24:16.206Z,usb,1,3612849267,149902,38374912,256,8000,32.130
2026-07-23T01:24:16.238Z,usb,1,3612849267,149903,38375168,256,8000,32.130
2026-07-23T01:24:16.270Z,usb,1,3612849267,149904,38375424,256,8000,32.130
2026-07-23T01:24:16.302Z,usb,1,3612849267,149905,38375680,256,8000,32.130
2026-07-23T01:24:16.334Z,usb,1,3612849267,149906,38375936,256,8000,32.130
2026-07-23T01:24:16.366Z,usb,1,3612849267,149907,38376192,256,8000,32.130
2026-07-23T01:24:16.398Z,usb,1,3612849267,149908,38376448,256,8000,32.130
2026-07-23T01:24:16.430Z,usb,1,3612849267,149909,38376704,256,8000,32.130
2026-07-23T01:24:16.462Z,usb,1,3612849267,149910,38376960,256,8000,32.130
2026-07-23T01:24:16.494Z,usb,1,3612849267,149911,38377216,256,8000,32.130
2026-07-23T01:24:16.526Z,usb,1,3612849267,149912,38377472,256,8000,32.130
2026-07-23T01:24:16.558Z,usb,1,3612849267,149913,38377728,256,8000,32.130
2026-07-23T01:24:16.590Z,usb,1,3612849267,149914,38377984,256,8000,32.130
2026-07-23T01:24:16.622Z,usb,1,3612849267,149915,38378240,256,8000,32.130
2026-07-23T01:24:16.654Z,usb,1,3612849267,149916,38378496,256,8000,32.130
2026-07-23T01:24:16.686Z,usb,1,3612849267,149917,38378752,256,8000,32.130
2026-07-23T01:24:16.718Z,usb,1,3612849267,149918,38379008,256,8000,32.130
2026-07-23T01:24:16.750Z,usb,1,3612849267,149919,38379264,256,8000,32.130
2026-07-23T01:24:16.782Z,usb,1,3612849267,149920,38379520,256,8000,32.130
2026-07-23T01:24:16.814Z,usb,1,3612849267,149921,38379776,256,8000,32.130
2026-07-23T01:24:16.846Z,usb,1,3612849267,149922,38380032,256,8000,32.130
2026-07-23T01:24:16.878Z,usb,1,3612849267,149923,38380288,256,8000,32.130
2026-07-23T01:24:16.911Z,usb,1,3612849267,149924,38380544,256,8000,32.120
2026-07-23T01:24:16.942Z,usb,1,3612849267,149925,38380800,256,8000,32.120
2026-07-23T01:24:16.974Z,usb,1,3612849267,149926,38381056,256,8000,32.120
2026-07-23T01:24:17.006Z,usb,1,3612849267,149927,38381312,256,8000,32.120
2026-07-23T01:24:17.038Z,usb,1,3612849267,149928,38381568,256,8000,32.120
2026-07-23T01:24:17.070Z,usb,1,3612849267,149929,38381824,256,8000,32.120
2026-07-23T01:24:17.102Z,usb,1,3612849267,149930,38382080,256,8000,32.120
2026-07-23T01:24:17.134Z,usb,1,3612849267,149931,38382336,256,8000,32.120
2026-07-23T01:24:17.167Z,usb,1,3612849267,149932,38382592,256,8000,32.120
2026-07-23T01:24:17.198Z,usb,1,3612849267,149933,38382848,256,8000,32.120
2026-07-23T01:24:17.230Z,usb,1,3612849267,149934,38383104,256,8000,32.120
2026-07-23T01:24:17.262Z,usb,1,3612849267,149935,38383360,256,8000,32.120
2026-07-23T01:24:17.294Z,usb,1,3612849267,149936,38383616,256,8000,32.120
2026-07-23T01:24:17.326Z,usb,1,3612849267,149937,38383872,256,8000,32.120
2026-07-23T01:24:17.358Z,usb,1,3612849267,149938,38384128,256,8000,32.120
2026-07-23T01:24:17.390Z,usb,1,3612849267,149939,38384384,256,8000,32.120
2026-07-23T01:24:17.422Z,usb,1,3612849267,149940,38384640,256,8000,32.120
2026-07-23T01:24:17.454Z,usb,1,3612849267,149941,38384896,256,8000,32.120
2026-07-23T01:24:17.486Z,usb,1,3612849267,149942,38385152,256,8000,32.120
2026-07-23T01:24:17.518Z,usb,1,3612849267,149943,38385408,256,8000,32.120
2026-07-23T01:24:17.550Z,usb,1,3612849267,149944,38385664,256,8000,32.120
2026-07-23T01:24:17.582Z,usb,1,3612849267,149945,38385920,256,8000,32.120
2026-07-23T01:24:17.614Z,usb,1,3612849267,149946,38386176,256,8000,32.120
2026-07-23T01:24:17.646Z,usb,1,3612849267,149947,38386432,256,8000,32.120
2026-07-23T01:24:17.678Z,usb,1,3612849267,149948,38386688,256,8000,32.120
2026-07-23T01:24:17.710Z,usb,1,3612849267,149949,38386944,256,8000,32.120
2026-07-23T01:24:17.742Z,usb,1,3612849267,149950,38387200,256,8000,32.120
2026-07-23T01:24:17.774Z,usb,1,3612849267,149951,38387456,256,8000,32.120
2026-07-23T01:24:17.806Z,usb,1,3612849267,149952,38387712,256,8000,32.120
2026-07-23T01:24:17.838Z,usb,1,3612849267,149953,38387968,256,8000,32.120
2026-07-23T01:24:17.870Z,usb,1,3612849267,149954,38388224,256,8000,32.120
2026-07-23T01:24:17.902Z,usb,1,3612849267,149955,38388480,256,8000,32.120
2026-07-23T01:24:17.935Z,usb,1,3612849267,149956,38388736,256,8000,32.120
2026-07-23T01:24:17.966Z,usb,1,3612849267,149957,38388992,256,8000,32.120
2026-07-23T01:24:17.998Z,usb,1,3612849267,149958,38389248,256,8000,32.120
2026-07-23T01:24:18.030Z,usb,1,3612849267,149959,38389504,256,8000,32.120
2026-07-23T01:24:18.062Z,usb,1,3612849267,149960,38389760,256,8000,32.120
2026-07-23T01:24:18.094Z,usb,1,3612849267,149961,38390016,256,8000,32.120
2026-07-23T01:24:18.126Z,usb,1,3612849267,149962,38390272,256,8000,32.120
2026-07-23T01:24:18.158Z,usb,1,3612849267,149963,38390528,256,8000,32.120
2026-07-23T01:24:18.190Z,usb,1,3612849267,149964,38390784,256,8000,32.120
2026-07-23T01:24:18.222Z,usb,1,3612849267,149965,38391040,256,8000,32.120
2026-07-23T01:24:18.254Z,usb,1,3612849267,149966,38391296,256,8000,32.120
2026-07-23T01:24:18.286Z,usb,1,3612849267,149967,38391552,256,8000,32.120
2026-07-23T01:24:18.318Z,usb,1,3612849267,149968,38391808,256,8000,32.120
2026-07-23T01:24:18.350Z,usb,1,3612849267,149969,38392064,256,8000,32.120
2026-07-23T01:24:18.382Z,usb,1,3612849267,149970,38392320,256,8000,32.120
2026-07-23T01:24:18.414Z,usb,1,3612849267,149971,38392576,256,8000,32.120
2026-07-23T01:24:18.446Z,usb,1,3612849267,149972,38392832,256,8000,32.120
2026-07-23T01:24:18.478Z,usb,1,3612849267,149973,38393088,256,8000,32.120
2026-07-23T01:24:18.510Z,usb,1,3612849267,149974,38393344,256,8000,32.120
2026-07-23T01:24:18.542Z,usb,1,3612849267,149975,38393600,256,8000,32.120
2026-07-23T01:24:18.574Z,usb,1,3612849267,149976,38393856,256,8000,32.120
2026-07-23T01:24:18.606Z,usb,1,3612849267,149977,38394112,256,8000,32.120
2026-07-23T01:24:18.638Z,usb,1,3612849267,149978,38394368,256,8000,32.120
2026-07-23T01:24:18.670Z,usb,1,3612849267,149979,38394624,256,8000,32.120
2026-07-23T01:24:18.702Z,usb,1,3612849267,149980,38394880,256,8000,32.120
2026-07-23T01:24:18.734Z,usb,1,3612849267,149981,38395136,256,8000,32.120
2026-07-23T01:24:18.766Z,usb,1,3612849267,149982,38395392,256,8000,32.120
2026-07-23T01:24:18.798Z,usb,1,3612849267,149983,38395648,256,8000,32.120
2026-07-23T01:24:18.830Z,usb,1,3612849267,149984,38395904,256,8000,32.120
2026-07-23T01:24:18.862Z,usb,1,3612849267,149985,38396160,256,8000,32.120
2026-07-23T01:24:18.894Z,usb,1,3612849267,149986,38396416,256,8000,32.120
2026-07-23T01:24:18.926Z,usb,1,3612849267,149987,38396672,256,8000,32.120
2026-07-23T01:24:18.959Z,usb,1,3612849267,149988,38396928,256,8000,32.120
2026-07-23T01:24:18.990Z,usb,1,3612849267,149989,38397184,256,8000,32.120
2026-07-23T01:24:19.022Z,usb,1,3612849267,149990,38397440,256,8000,32.120
2026-07-23T01:24:19.054Z,usb,1,3612849267,149991,38397696,256,8000,32.120
2026-07-23T01:24:19.086Z,usb,1,3612849267,149992,38397952,256,8000,32.120
2026-07-23T01:24:19.118Z,usb,1,3612849267,149993,38398208,256,8000,32.120
2026-07-23T01:24:19.150Z,usb,1,3612849267,149994,38398464,256,8000,32.120
2026-07-23T01:24:19.182Z,usb,1,3612849267,149995,38398720,256,8000,32.120
2026-07-23T01:24:19.214Z,usb,1,3612849267,149996,38398976,256,8000,32.120
2026-07-23T01:24:19.246Z,usb,1,3612849267,149997,38399232,256,8000,32.120
2026-07-23T01:24:19.278Z,usb,1,3612849267,149998,38399488,256,8000,32.120
2026-07-23T01:24:19.310Z,usb,1,3612849267,149999,38399744,256,8000,32.120
2026-07-23T01:24:19.342Z,usb,1,3612849267,150000,38400000,256,8000,32.120
2026-07-23T01:24:19.374Z,usb,1,3612849267,150001,38400256,256,8000,32.120
2026-07-23T01:24:19.406Z,usb,1,3612849267,150002,38400512,256,8000,32.120
2026-07-23T01:24:19.438Z,usb,1,3612849267,150003,38400768,256,8000,32.120
2026-07-23T01:24:19.470Z,usb,1,3612849267,150004,38401024,256,8000,32.120
2026-07-23T01:24:19.502Z,usb,1,3612849267,150005,38401280,256,8000,32.120
2026-07-23T01:24:19.534Z,usb,1,3612849267,150006,38401536,256,8000,32.120
2026-07-23T01:24:19.566Z,usb,1,3612849267,150007,38401792,256,8000,32.120
2026-07-23T01:24:19.598Z,usb,1,3612849267,150008,38402048,256,8000,32.120
2026-07-23T01:24:19.630Z,usb,1,3612849267,150009,38402304,256,8000,32.120
2026-07-23T01:24:19.662Z,usb,1,3612849267,150010,38402560,256,8000,32.120
2026-07-23T01:24:19.694Z,usb,1,3612849267,150011,38402816,256,8000,32.120
2026-07-23T01:24:19.726Z,usb,1,3612849267,150012,38403072,256,8000,32.120
2026-07-23T01:24:19.758Z,usb,1,3612849267,150013,38403328,256,8000,32.120
2026-07-23T01:24:19.790Z,usb,1,3612849267,150014,38403584,256,8000,32.120
2026-07-23T01:24:19.822Z,usb,1,3612849267,150015,38403840,256,8000,32.120
2026-07-23T01:24:19.854Z,usb,1,3612849267,150016,38404096,256,8000,32.120
2026-07-23T01:24:19.886Z,usb,1,3612849267,150017,38404352,256,8000,32.120
2026-07-23T01:24:19.918Z,usb,1,3612849267,150018,38404608,256,8000,32.120
2026-07-23T01:24:19.950Z,usb,1,3612849267,150019,38404864,256,8000,32.120
2026-07-23T01:24:19.983Z,usb,1,3612849267,150020,38405120,256,8000,32.110
2026-07-23T01:24:20.014Z,usb,1,3612849267,150021,38405376,256,8000,32.110
2026-07-23T01:24:20.046Z,usb,1,3612849267,150022,38405632,256,8000,32.110
2026-07-23T01:24:20.078Z,usb,1,3612849267,150023,38405888,256,8000,32.110
2026-07-23T01:24:20.110Z,usb,1,3612849267,150024,38406144,256,8000,32.110
2026-07-23T01:24:20.142Z,usb,1,3612849267,150025,38406400,256,8000,32.110
2026-07-23T01:24:20.174Z,usb,1,3612849267,150026,38406656,256,8000,32.110
2026-07-23T01:24:20.206Z,usb,1,3612849267,150027,38406912,256,8000,32.110
2026-07-23T01:24:20.238Z,usb,1,3612849267,150028,38407168,256,8000,32.110
2026-07-23T01:24:20.270Z,usb,1,3612849267,150029,38407424,256,8000,32.110
2026-07-23T01:24:20.302Z,usb,1,3612849267,150030,38407680,256,8000,32.110
2026-07-23T01:24:20.334Z,usb,1,3612849267,150031,38407936,256,8000,32.110
2026-07-23T01:24:20.366Z,usb,1,3612849267,150032,38408192,256,8000,32.110
2026-07-23T01:24:20.398Z,usb,1,3612849267,150033,38408448,256,8000,32.110
2026-07-23T01:24:20.430Z,usb,1,3612849267,150034,38408704,256,8000,32.110
2026-07-23T01:24:20.462Z,usb,1,3612849267,150035,38408960,256,8000,32.110
2026-07-23T01:24:20.494Z,usb,1,3612849267,150036,38409216,256,8000,32.110
2026-07-23T01:24:20.526Z,usb,1,3612849267,150037,38409472,256,8000,32.110
2026-07-23T01:24:20.558Z,usb,1,3612849267,150038,38409728,256,8000,32.110
2026-07-23T01:24:20.590Z,usb,1,3612849267,150039,38409984,256,8000,32.110
2026-07-23T01:24:20.622Z,usb,1,3612849267,150040,38410240,256,8000,32.110
2026-07-23T01:24:20.654Z,usb,1,3612849267,150041,38410496,256,8000,32.110
2026-07-23T01:24:20.686Z,usb,1,3612849267,150042,38410752,256,8000,32.110
2026-07-23T01:24:20.718Z,usb,1,3612849267,150043,38411008,256,8000,32.110
2026-07-23T01:24:20.750Z,usb,1,3612849267,150044,38411264,256,8000,32.110
2026-07-23T01:24:20.782Z,usb,1,3612849267,150045,38411520,256,8000,32.110
2026-07-23T01:24:20.814Z,usb,1,3612849267,150046,38411776,256,8000,32.110
2026-07-23T01:24:20.846Z,usb,1,3612849267,150047,38412032,256,8000,32.110
2026-07-23T01:24:20.878Z,usb,1,3612849267,150048,38412288,256,8000,32.110
2026-07-23T01:24:20.910Z,usb,1,3612849267,150049,38412544,256,8000,32.110
2026-07-23T01:24:20.942Z,usb,1,3612849267,150050,38412800,256,8000,32.110
2026-07-23T01:24:20.974Z,usb,1,3612849267,150051,38413056,256,8000,32.110
2026-07-23T01:24:21.007Z,usb,1,3612849267,150052,38413312,256,8000,32.110
2026-07-23T01:24:21.038Z,usb,1,3612849267,150053,38413568,256,8000,32.110
2026-07-23T01:24:21.070Z,usb,1,3612849267,150054,38413824,256,8000,32.110
2026-07-23T01:24:21.102Z,usb,1,3612849267,150055,38414080,256,8000,32.110
2026-07-23T01:24:21.134Z,usb,1,3612849267,150056,38414336,256,8000,32.110
2026-07-23T01:24:21.166Z,usb,1,3612849267,150057,38414592,256,8000,32.110
2026-07-23T01:24:21.198Z,usb,1,3612849267,150058,38414848,256,8000,32.110
2026-07-23T01:24:21.230Z,usb,1,3612849267,150059,38415104,256,8000,32.110
2026-07-23T01:24:21.262Z,usb,1,3612849267,150060,38415360,256,8000,32.110
2026-07-23T01:24:21.294Z,usb,1,3612849267,150061,38415616,256,8000,32.110
2026-07-23T01:24:21.326Z,usb,1,3612849267,150062,38415872,256,8000,32.110
2026-07-23T01:24:21.358Z,usb,1,3612849267,150063,38416128,256,8000,32.110
2026-07-23T01:24:21.390Z,usb,1,3612849267,150064,38416384,256,8000,32.110
2026-07-23T01:24:21.422Z,usb,1,3612849267,150065,38416640,256,8000,32.110
2026-07-23T01:24:21.454Z,usb,1,3612849267,150066,38416896,256,8000,32.110
2026-07-23T01:24:21.486Z,usb,1,3612849267,150067,38417152,256,8000,32.110
2026-07-23T01:24:21.518Z,usb,1,3612849267,150068,38417408,256,8000,32.110
2026-07-23T01:24:21.550Z,usb,1,3612849267,150069,38417664,256,8000,32.110
2026-07-23T01:24:21.582Z,usb,1,3612849267,150070,38417920,256,8000,32.110
2026-07-23T01:24:21.614Z,usb,1,3612849267,150071,38418176,256,8000,32.110
2026-07-23T01:24:21.646Z,usb,1,3612849267,150072,38418432,256,8000,32.110
2026-07-23T01:24:21.678Z,usb,1,3612849267,150073,38418688,256,8000,32.110
2026-07-23T01:24:21.710Z,usb,1,3612849267,150074,38418944,256,8000,32.110
2026-07-23T01:24:21.742Z,usb,1,3612849267,150075,38419200,256,8000,32.110
2026-07-23T01:24:21.774Z,usb,1,3612849267,150076,38419456,256,8000,32.110
2026-07-23T01:24:21.806Z,usb,1,3612849267,150077,38419712,256,8000,32.110
2026-07-23T01:24:21.838Z,usb,1,3612849267,150078,38419968,256,8000,32.110
2026-07-23T01:24:21.870Z,usb,1,3612849267,150079,38420224,256,8000,32.110
2026-07-23T01:24:21.902Z,usb,1,3612849267,150080,38420480,256,8000,32.110
2026-07-23T01:24:21.934Z,usb,1,3612849267,150081,38420736,256,8000,32.110
2026-07-23T01:24:21.966Z,usb,1,3612849267,150082,38420992,256,8000,32.110
2026-07-23T01:24:21.998Z,usb,1,3612849267,150083,38421248,256,8000,32.110
2026-07-23T01:24:22.031Z,usb,1,3612849267,150084,38421504,256,8000,32.120
2026-07-23T01:24:22.062Z,usb,1,3612849267,150085,38421760,256,8000,32.120
2026-07-23T01:24:22.094Z,usb,1,3612849267,150086,38422016,256,8000,32.120
2026-07-23T01:24:22.126Z,usb,1,3612849267,150087,38422272,256,8000,32.120
2026-07-23T01:24:22.158Z,usb,1,3612849267,150088,38422528,256,8000,32.120
2026-07-23T01:24:22.190Z,usb,1,3612849267,150089,38422784,256,8000,32.120
2026-07-23T01:24:22.222Z,usb,1,3612849267,150090,38423040,256,8000,32.120
2026-07-23T01:24:22.254Z,usb,1,3612849267,150091,38423296,256,8000,32.120
2026-07-23T01:24:22.286Z,usb,1,3612849267,150092,38423552,256,8000,32.120
2026-07-23T01:24:22.318Z,usb,1,3612849267,150093,38423808,256,8000,32.120
2026-07-23T01:24:22.350Z,usb,1,3612849267,150094,38424064,256,8000,32.120
2026-07-23T01:24:22.382Z,usb,1,3612849267,150095,38424320,256,8000,32.120
2026-07-23T01:24:22.414Z,usb,1,3612849267,150096,38424576,256,8000,32.120
2026-07-23T01:24:22.446Z,usb,1,3612849267,150097,38424832,256,8000,32.120
2026-07-23T01:24:22.478Z,usb,1,3612849267,150098,38425088,256,8000,32.120
2026-07-23T01:24:22.510Z,usb,1,3612849267,150099,38425344,256,8000,32.120
2026-07-23T01:24:22.542Z,usb,1,3612849267,150100,38425600,256,8000,32.120
2026-07-23T01:24:22.574Z,usb,1,3612849267,150101,38425856,256,8000,32.120
2026-07-23T01:24:22.606Z,usb,1,3612849267,150102,38426112,256,8000,32.120
2026-07-23T01:24:22.638Z,usb,1,3612849267,150103,38426368,256,8000,32.120
2026-07-23T01:24:22.670Z,usb,1,3612849267,150104,38426624,256,8000,32.120
2026-07-23T01:24:22.702Z,usb,1,3612849267,150105,38426880,256,8000,32.120
2026-07-23T01:24:22.734Z,usb,1,3612849267,150106,38427136,256,8000,32.120
2026-07-23T01:24:22.766Z,usb,1,3612849267,150107,38427392,256,8000,32.120
2026-07-23T01:24:22.798Z,usb,1,3612849267,150108,38427648,256,8000,32.120
2026-07-23T01:24:22.830Z,usb,1,3612849267,150109,38427904,256,8000,32.120
2026-07-23T01:24:22.862Z,usb,1,3612849267,150110,38428160,256,8000,32.120
2026-07-23T01:24:22.894Z,usb,1,3612849267,150111,38428416,256,8000,32.120
2026-07-23T01:24:22.926Z,usb,1,3612849267,150112,38428672,256,8000,32.120
2026-07-23T01:24:22.958Z,usb,1,3612849267,150113,38428928,256,8000,32.120
2026-07-23T01:24:22.990Z,usb,1,3612849267,150114,38429184,256,8000,32.120
2026-07-23T01:24:23.022Z,usb,1,3612849267,150115,38429440,256,8000,32.120
2026-07-23T01:24:23.055Z,usb,1,3612849267,150116,38429696,256,8000,32.120
2026-07-23T01:24:23.086Z,usb,1,3612849267,150117,38429952,256,8000,32.120
2026-07-23T01:24:23.118Z,usb,1,3612849267,150118,38430208,256,8000,32.120
2026-07-23T01:24:23.150Z,usb,1,3612849267,150119,38430464,256,8000,32.120
2026-07-23T01:24:23.182Z,usb,1,3612849267,150120,38430720,256,8000,32.120
2026-07-23T01:24:23.214Z,usb,1,3612849267,150121,38430976,256,8000,32.120
2026-07-23T01:24:23.246Z,usb,1,3612849267,150122,38431232,256,8000,32.120
2026-07-23T01:24:23.278Z,usb,1,3612849267,150123,38431488,256,8000,32.120
2026-07-23T01:24:23.310Z,usb,1,3612849267,150124,38431744,256,8000,32.120
2026-07-23T01:24:23.342Z,usb,1,3612849267,150125,38432000,256,8000,32.120
2026-07-23T01:24:23.374Z,usb,1,3612849267,150126,38432256,256,8000,32.120
2026-07-23T01:24:23.406Z,usb,1,3612849267,150127,38432512,256,8000,32.120
2026-07-23T01:24:23.438Z,usb,1,3612849267,150128,38432768,256,8000,32.120
2026-07-23T01:24:23.470Z,usb,1,3612849267,150129,38433024,256,8000,32.120
2026-07-23T01:24:23.502Z,usb,1,3612849267,150130,38433280,256,8000,32.120
2026-07-23T01:24:23.534Z,usb,1,3612849267,150131,38433536,256,8000,32.120
2026-07-23T01:24:23.566Z,usb,1,3612849267,150132,38433792,256,8000,32.120
2026-07-23T01:24:23.598Z,usb,1,3612849267,150133,38434048,256,8000,32.120
2026-07-23T01:24:23.630Z,usb,1,3612849267,150134,38434304,256,8000,32.120
2026-07-23T01:24:23.662Z,usb,1,3612849267,150135,38434560,256,8000,32.120
2026-07-23T01:24:23.694Z,usb,1,3612849267,150136,38434816,256,8000,32.120
2026-07-23T01:24:23.726Z,usb,1,3612849267,150137,38435072,256,8000,32.120
2026-07-23T01:24:23.758Z,usb,1,3612849267,150138,38435328,256,8000,32.120
2026-07-23T01:24:23.790Z,usb,1,3612849267,150139,38435584,256,8000,32.120
2026-07-23T01:24:23.822Z,usb,1,3612849267,150140,38435840,256,8000,32.120
2026-07-23T01:24:23.854Z,usb,1,3612849267,150141,38436096,256,8000,32.120
2026-07-23T01:24:23.886Z,usb,1,3612849267,150142,38436352,256,8000,32.120
2026-07-23T01:24:23.918Z,usb,1,3612849267,150143,38436608,256,8000,32.120
2026-07-23T01:24:23.950Z,usb,1,3612849267,150144,38436864,256,8000,32.120
2026-07-23T01:24:23.982Z,usb,1,3612849267,150145,38437120,256,8000,32.120
2026-07-23T01:24:24.014Z,usb,1,3612849267,150146,38437376,256,8000,32.120
2026-07-23T01:24:24.046Z,usb,1,3612849267,150147,38437632,256,8000,32.120
2026-07-23T01:24:24.079Z,usb,1,3612849267,150148,38437888,256,8000,32.120
2026-07-23T01:24:24.110Z,usb,1,3612849267,150149,38438144,256,8000,32.120
2026-07-23T01:24:24.142Z,usb,1,3612849267,150150,38438400,256,8000,32.120
2026-07-23T01:24:24.174Z,usb,1,3612849267,150151,38438656,256,8000,32.120
2026-07-23T01:24:24.206Z,usb,1,3612849267,150152,38438912,256,8000,32.120
2026-07-23T01:24:24.238Z,usb,1,3612849267,150153,38439168,256,8000,32.120
2026-07-23T01:24:24.270Z,usb,1,3612849267,150154,38439424,256,8000,32.120
2026-07-23T01:24:24.302Z,usb,1,3612849267,150155,38439680,256,8000,32.120
2026-07-23T01:24:24.334Z,usb,1,3612849267,150156,38439936,256,8000,32.120
2026-07-23T01:24:24.366Z,usb,1,3612849267,150157,38440192,256,8000,32.120
2026-07-23T01:24:24.398Z,usb,1,3612849267,150158,38440448,256,8000,32.120
2026-07-23T01:24:24.430Z,usb,1,3612849267,150159,38440704,256,8000,32.120
2026-07-23T01:24:24.462Z,usb,1,3612849267,150160,38440960,256,8000,32.120
2026-07-23T01:24:24.494Z,usb,1,3612849267,150161,38441216,256,8000,32.120
2026-07-23T01:24:24.526Z,usb,1,3612849267,150162,38441472,256,8000,32.120
2026-07-23T01:24:24.558Z,usb,1,3612849267,150163,38441728,256,8000,32.120
2026-07-23T01:24:24.590Z,usb,1,3612849267,150164,38441984,256,8000,32.120
2026-07-23T01:24:24.622Z,usb,1,3612849267,150165,38442240,256,8000,32.120
2026-07-23T01:24:24.654Z,usb,1,3612849267,150166,38442496,256,8000,32.120
2026-07-23T01:24:24.686Z,usb,1,3612849267,150167,38442752,256,8000,32.120
2026-07-23T01:24:24.718Z,usb,1,3612849267,150168,38443008,256,8000,32.120
2026-07-23T01:24:24.750Z,usb,1,3612849267,150169,38443264,256,8000,32.120
2026-07-23T01:24:24.782Z,usb,1,3612849267,150170,38443520,256,8000,32.120
2026-07-23T01:24:24.814Z,usb,1,3612849267,150171,38443776,256,8000,32.120
2026-07-23T01:24:24.846Z,usb,1,3612849267,150172,38444032,256,8000,32.120
2026-07-23T01:24:24.878Z,usb,1,3612849267,150173,38444288,256,8000,32.120
2026-07-23T01:24:24.910Z,usb,1,3612849267,150174,38444544,256,8000,32.120
2026-07-23T01:24:24.942Z,usb,1,3612849267,150175,38444800,256,8000,32.120
2026-07-23T01:24:24.974Z,usb,1,3612849267,150176,38445056,256,8000,32.120
2026-07-23T01:24:25.006Z,usb,1,3612849267,150177,38445312,256,8000,32.120
2026-07-23T01:24:25.038Z,usb,1,3612849267,150178,38445568,256,8000,32.120
2026-07-23T01:24:25.070Z,usb,1,3612849267,150179,38445824,256,8000,32.120
2026-07-23T01:24:25.103Z,usb,1,3612849267,150180,38446080,256,8000,32.120
2026-07-23T01:24:25.134Z,usb,1,3612849267,150181,38446336,256,8000,32.120
2026-07-23T01:24:25.166Z,usb,1,3612849267,150182,38446592,256,8000,32.120
2026-07-23T01:24:25.198Z,usb,1,3612849267,150183,38446848,256,8000,32.120
2026-07-23T01:24:25.230Z,usb,1,3612849267,150184,38447104,256,8000,32.120
2026-07-23T01:24:25.262Z,usb,1,3612849267,150185,38447360,256,8000,32.120
2026-07-23T01:24:25.294Z,usb,1,3612849267,150186,38447616,256,8000,32.120
2026-07-23T01:24:25.326Z,usb,1,3612849267,150187,38447872,256,8000,32.120
2026-07-23T01:24:25.358Z,usb,1,3612849267,150188,38448128,256,8000,32.120
2026-07-23T01:24:25.390Z,usb,1,3612849267,150189,38448384,256,8000,32.120
2026-07-23T01:24:25.422Z,usb,1,3612849267,150190,38448640,256,8000,32.120
2026-07-23T01:24:25.454Z,usb,1,3612849267,150191,38448896,256,8000,32.120
2026-07-23T01:24:25.486Z,usb,1,3612849267,150192,38449152,256,8000,32.120
2026-07-23T01:24:25.518Z,usb,1,3612849267,150193,38449408,256,8000,32.120
2026-07-23T01:24:25.550Z,usb,1,3612849267,150194,38449664,256,8000,32.120
2026-07-23T01:24:25.583Z,usb,1,3612849267,150195,38449920,256,8000,32.120
2026-07-23T01:24:25.614Z,usb,1,3612849267,150196,38450176,256,8000,32.120
2026-07-23T01:24:25.646Z,usb,1,3612849267,150197,38450432,256,8000,32.120
2026-07-23T01:24:25.678Z,usb,1,3612849267,150198,38450688,256,8000,32.120
2026-07-23T01:24:25.710Z,usb,1,3612849267,150199,38450944,256,8000,32.120
2026-07-23T01:24:25.742Z,usb,1,3612849267,150200,38451200,256,8000,32.120
2026-07-23T01:24:25.774Z,usb,1,3612849267,150201,38451456,256,8000,32.120
2026-07-23T01:24:25.806Z,usb,1,3612849267,150202,38451712,256,8000,32.120
2026-07-23T01:24:25.838Z,usb,1,3612849267,150203,38451968,256,8000,32.120
2026-07-23T01:24:25.870Z,usb,1,3612849267,150204,38452224,256,8000,32.120
2026-07-23T01:24:25.902Z,usb,1,3612849267,150205,38452480,256,8000,32.120
2026-07-23T01:24:25.934Z,usb,1,3612849267,150206,38452736,256,8000,32.120
2026-07-23T01:24:25.966Z,usb,1,3612849267,150207,38452992,256,8000,32.120
2026-07-23T01:24:25.998Z,usb,1,3612849267,150208,38453248,256,8000,32.120
2026-07-23T01:24:26.030Z,usb,1,3612849267,150209,38453504,256,8000,32.120
2026-07-23T01:24:26.062Z,usb,1,3612849267,150210,38453760,256,8000,32.120
2026-07-23T01:24:26.094Z,usb,1,3612849267,150211,38454016,256,8000,32.120
2026-07-23T01:24:26.127Z,usb,1,3612849267,150212,38454272,256,8000,32.120
2026-07-23T01:24:26.158Z,usb,1,3612849267,150213,38454528,256,8000,32.120
2026-07-23T01:24:26.190Z,usb,1,3612849267,150214,38454784,256,8000,32.120
2026-07-23T01:24:26.222Z,usb,1,3612849267,150215,38455040,256,8000,32.120
2026-07-23T01:24:26.254Z,usb,1,3612849267,150216,38455296,256,8000,32.120
2026-07-23T01:24:26.286Z,usb,1,3612849267,150217,38455552,256,8000,32.120
2026-07-23T01:24:26.318Z,usb,1,3612849267,150218,38455808,256,8000,32.120
2026-07-23T01:24:26.350Z,usb,1,3612849267,150219,38456064,256,8000,32.120
2026-07-23T01:24:26.382Z,usb,1,3612849267,150220,38456320,256,8000,32.120
2026-07-23T01:24:26.414Z,usb,1,3612849267,150221,38456576,256,8000,32.120
2026-07-23T01:24:26.446Z,usb,1,3612849267,150222,38456832,256,8000,32.120
2026-07-23T01:24:26.478Z,usb,1,3612849267,150223,38457088,256,8000,32.120
2026-07-23T01:24:26.510Z,usb,1,3612849267,150224,38457344,256,8000,32.120
2026-07-23T01:24:26.542Z,usb,1,3612849267,150225,38457600,256,8000,32.120
2026-07-23T01:24:26.574Z,usb,1,3612849267,150226,38457856,256,8000,32.120
2026-07-23T01:24:26.606Z,usb,1,3612849267,150227,38458112,256,8000,32.120
2026-07-23T01:24:26.638Z,usb,1,3612849267,150228,38458368,256,8000,32.120
2026-07-23T01:24:26.670Z,usb,1,3612849267,150229,38458624,256,8000,32.120
2026-07-23T01:24:26.702Z,usb,1,3612849267,150230,38458880,256,8000,32.120
2026-07-23T01:24:26.734Z,usb,1,3612849267,150231,38459136,256,8000,32.120
2026-07-23T01:24:26.766Z,usb,1,3612849267,150232,38459392,256,8000,32.120
2026-07-23T01:24:26.798Z,usb,1,3612849267,150233,38459648,256,8000,32.120
2026-07-23T01:24:26.830Z,usb,1,3612849267,150234,38459904,256,8000,32.120
2026-07-23T01:24:26.862Z,usb,1,3612849267,150235,38460160,256,8000,32.120
2026-07-23T01:24:26.894Z,usb,1,3612849267,150236,38460416,256,8000,32.120
2026-07-23T01:24:26.926Z,usb,1,3612849267,150237,38460672,256,8000,32.120
2026-07-23T01:24:26.958Z,usb,1,3612849267,150238,38460928,256,8000,32.120
2026-07-23T01:24:26.990Z,usb,1,3612849267,150239,38461184,256,8000,32.120
2026-07-23T01:24:27.022Z,usb,1,3612849267,150240,38461440,256,8000,32.120
2026-07-23T01:24:27.054Z,usb,1,3612849267,150241,38461696,256,8000,32.120
2026-07-23T01:24:27.086Z,usb,1,3612849267,150242,38461952,256,8000,32.120
2026-07-23T01:24:27.118Z,usb,1,3612849267,150243,38462208,256,8000,32.120
2026-07-23T01:24:27.151Z,usb,1,3612849267,150244,38462464,256,8000,32.120
2026-07-23T01:24:27.182Z,usb,1,3612849267,150245,38462720,256,8000,32.120
2026-07-23T01:24:27.214Z,usb,1,3612849267,150246,38462976,256,8000,32.120
2026-07-23T01:24:27.246Z,usb,1,3612849267,150247,38463232,256,8000,32.120
2026-07-23T01:24:27.278Z,usb,1,3612849267,150248,38463488,256,8000,32.120
2026-07-23T01:24:27.310Z,usb,1,3612849267,150249,38463744,256,8000,32.120
2026-07-23T01:24:27.342Z,usb,1,3612849267,150250,38464000,256,8000,32.120
2026-07-23T01:24:27.374Z,usb,1,3612849267,150251,38464256,256,8000,32.120
2026-07-23T01:24:27.406Z,usb,1,3612849267,150252,38464512,256,8000,32.120
2026-07-23T01:24:27.438Z,usb,1,3612849267,150253,38464768,256,8000,32.120
2026-07-23T01:24:27.470Z,usb,1,3612849267,150254,38465024,256,8000,32.120
2026-07-23T01:24:27.502Z,usb,1,3612849267,150255,38465280,256,8000,32.120
2026-07-23T01:24:27.534Z,usb,1,3612849267,150256,38465536,256,8000,32.120
2026-07-23T01:24:27.566Z,usb,1,3612849267,150257,38465792,256,8000,32.120
2026-07-23T01:24:27.598Z,usb,1,3612849267,150258,38466048,256,8000,32.120
2026-07-23T01:24:27.630Z,usb,1,3612849267,150259,38466304,256,8000,32.120
2026-07-23T01:24:27.662Z,usb,1,3612849267,150260,38466560,256,8000,32.120
2026-07-23T01:24:27.694Z,usb,1,3612849267,150261,38466816,256,8000,32.120
2026-07-23T01:24:27.726Z,usb,1,3612849267,150262,38467072,256,8000,32.120
2026-07-23T01:24:27.758Z,usb,1,3612849267,150263,38467328,256,8000,32.120
2026-07-23T01:24:27.790Z,usb,1,3612849267,150264,38467584,256,8000,32.120
2026-07-23T01:24:27.822Z,usb,1,3612849267,150265,38467840,256,8000,32.120
2026-07-23T01:24:27.854Z,usb,1,3612849267,150266,38468096,256,8000,32.120
2026-07-23T01:24:27.886Z,usb,1,3612849267,150267,38468352,256,8000,32.120
2026-07-23T01:24:27.918Z,usb,1,3612849267,150268,38468608,256,8000,32.120
2026-07-23T01:24:27.950Z,usb,1,3612849267,150269,38468864,256,8000,32.120
2026-07-23T01:24:27.982Z,usb,1,3612849267,150270,38469120,256,8000,32.120
2026-07-23T01:24:28.014Z,usb,1,3612849267,150271,38469376,256,8000,32.120
2026-07-23T01:24:28.046Z,usb,1,3612849267,150272,38469632,256,8000,32.120
2026-07-23T01:24:28.078Z,usb,1,3612849267,150273,38469888,256,8000,32.120
2026-07-23T01:24:28.110Z,usb,1,3612849267,150274,38470144,256,8000,32.120
2026-07-23T01:24:28.142Z,usb,1,3612849267,150275,38470400,256,8000,32.120
2026-07-23T01:24:28.175Z,usb,1,3612849267,150276,38470656,256,8000,32.120
2026-07-23T01:24:28.210Z,usb,1,3612849267,150277,38470912,256,8000,32.120
2026-07-23T01:24:28.238Z,usb,1,3612849267,150278,38471168,256,8000,32.120
2026-07-23T01:24:28.270Z,usb,1,3612849267,150279,38471424,256,8000,32.120
2026-07-23T01:24:28.302Z,usb,1,3612849267,150280,38471680,256,8000,32.120
2026-07-23T01:24:28.334Z,usb,1,3612849267,150281,38471936,256,8000,32.120
2026-07-23T01:24:28.366Z,usb,1,3612849267,150282,38472192,256,8000,32.120
2026-07-23T01:24:28.398Z,usb,1,3612849267,150283,38472448,256,8000,32.120
2026-07-23T01:24:28.430Z,usb,1,3612849267,150284,38472704,256,8000,32.120
2026-07-23T01:24:28.462Z,usb,1,3612849267,150285,38472960,256,8000,32.120
