received_at_utc,source_ip,node_id,boot_id,sequence,first_sample_index,sample_count,sample_rate_hz,temperature_c
2026-07-23T01:09:39.089Z,usb,1,3612849267,122492,31357952,256,8000,32.110
2026-07-23T01:09:39.120Z,usb,1,3612849267,122493,31358208,256,8000,32.110
2026-07-23T01:09:39.152Z,usb,1,3612849267,122494,31358464,256,8000,32.110
2026-07-23T01:09:39.184Z,usb,1,3612849267,122495,31358720,256,8000,32.110
2026-07-23T01:09:39.216Z,usb,1,3612849267,122496,31358976,256,8000,32.110
2026-07-23T01:09:39.248Z,usb,1,3612849267,122497,31359232,256,8000,32.110
2026-07-23T01:09:39.280Z,usb,1,3612849267,122498,31359488,256,8000,32.110
2026-07-23T01:09:39.313Z,usb,1,3612849267,122499,31359744,256,8000,32.110
2026-07-23T01:09:39.345Z,usb,1,3612849267,122500,31360000,256,8000,32.110
2026-07-23T01:09:39.376Z,usb,1,3612849267,122501,31360256,256,8000,32.110
2026-07-23T01:09:39.408Z,usb,1,3612849267,122502,31360512,256,8000,32.110
2026-07-23T01:09:39.440Z,usb,1,3612849267,122503,31360768,256,8000,32.110
2026-07-23T01:09:39.473Z,usb,1,3612849267,122504,31361024,256,8000,32.110
2026-07-23T01:09:39.505Z,usb,1,3612849267,122505,31361280,256,8000,32.110
2026-07-23T01:09:39.536Z,usb,1,3612849267,122506,31361536,256,8000,32.110
2026-07-23T01:09:39.568Z,usb,1,3612849267,122507,31361792,256,8000,32.110
2026-07-23T01:09:39.600Z,usb,1,3612849267,122508,31362048,256,8000,32.110
2026-07-23T01:09:39.632Z,usb,1,3612849267,122509,31362304,256,8000,32.110
2026-07-23T01:09:39.664Z,usb,1,3612849267,122510,31362560,256,8000,32.110
2026-07-23T01:09:39.696Z,usb,1,3612849267,122511,31362816,256,8000,32.110
2026-07-23T01:09:39.728Z,usb,1,3612849267,122512,31363072,256,8000,32.110
2026-07-23T01:09:39.761Z,usb,1,3612849267,122513,31363328,256,8000,32.110
2026-07-23T01:09:39.792Z,usb,1,3612849267,122514,31363584,256,8000,32.110
2026-07-23T01:09:39.824Z,usb,1,3612849267,122515,31363840,256,8000,32.110
2026-07-23T01:09:39.856Z,usb,1,3612849267,122516,31364096,256,8000,32.110
2026-07-23T01:09:39.888Z,usb,1,3612849267,122517,31364352,256,8000,32.110
2026-07-23T01:09:39.920Z,usb,1,3612849267,122518,31364608,256,8000,32.110
2026-07-23T01:09:39.952Z,usb,1,3612849267,122519,31364864,256,8000,32.110
2026-07-23T01:09:39.985Z,usb,1,3612849267,122520,31365120,256,8000,32.110
2026-07-23T01:09:40.016Z,usb,1,3612849267,122521,31365376,256,8000,32.110
2026-07-23T01:09:40.048Z,usb,1,3612849267,122522,31365632,256,8000,32.110
2026-07-23T01:09:40.080Z,usb,1,3612849267,122523,31365888,256,8000,32.110
2026-07-23T01:09:40.112Z,usb,1,3612849267,122524,31366144,256,8000,32.110
2026-07-23T01:09:40.144Z,usb,1,3612849267,122525,31366400,256,8000,32.110
2026-07-23T01:09:40.176Z,usb,1,3612849267,122526,31366656,256,8000,32.110
2026-07-23T01:09:40.208Z,usb,1,3612849267,122527,31366912,256,8000,32.110
2026-07-23T01:09:40.240Z,usb,1,3612849267,122528,31367168,256,8000,32.110
2026-07-23T01:09:40.272Z,usb,1,3612849267,122529,31367424,256,8000,32.110
2026-07-23T01:09:40.304Z,usb,1,3612849267,122530,31367680,256,8000,32.110
2026-07-23T01:09:40.336Z,usb,1,3612849267,122531,31367936,256,8000,32.110
2026-07-23T01:09:40.369Z,usb,1,3612849267,122532,31368192,256,8000,32.100
2026-07-23T01:09:40.400Z,usb,1,3612849267,122533,31368448,256,8000,32.100
2026-07-23T01:09:40.432Z,usb,1,3612849267,122534,31368704,256,8000,32.100
2026-07-23T01:09:40.464Z,usb,1,3612849267,122535,31368960,256,8000,32.100
2026-07-23T01:09:40.496Z,usb,1,3612849267,122536,31369216,256,8000,32.100
2026-07-23T01:09:40.528Z,usb,1,3612849267,122537,31369472,256,8000,32.100
2026-07-23T01:09:40.560Z,usb,1,3612849267,122538,31369728,256,8000,32.100
2026-07-23T01:09:40.592Z,usb,1,3612849267,122539,31369984,256,8000,32.100
2026-07-23T01:09:40.625Z,usb,1,3612849267,122540,31370240,256,8000,32.100
2026-07-23T01:09:40.657Z,usb,1,3612849267,122541,31370496,256,8000,32.100
2026-07-23T01:09:40.689Z,usb,1,3612849267,122542,31370752,256,8000,32.100
2026-07-23T01:09:40.721Z,usb,1,3612849267,122543,31371008,256,8000,32.100
2026-07-23T01:09:40.753Z,usb,1,3612849267,122544,31371264,256,8000,32.100
2026-07-23T01:09:40.785Z,usb,1,3612849267,122545,31371520,256,8000,32.100
2026-07-23T01:09:40.817Z,usb,1,3612849267,122546,31371776,256,8000,32.100
2026-07-23T01:09:40.848Z,usb,1,3612849267,122547,31372032,256,8000,32.100
2026-07-23T01:09:40.881Z,usb,1,3612849267,122548,31372288,256,8000,32.100
2026-07-23T01:09:40.912Z,usb,1,3612849267,122549,31372544,256,8000,32.100
2026-07-23T01:09:40.944Z,usb,1,3612849267,122550,31372800,256,8000,32.100
2026-07-23T01:09:40.977Z,usb,1,3612849267,122551,31373056,256,8000,32.100
2026-07-23T01:09:41.008Z,usb,1,3612849267,122552,31373312,256,8000,32.100
2026-07-23T01:09:41.040Z,usb,1,3612849267,122553,31373568,256,8000,32.100
2026-07-23T01:09:41.072Z,usb,1,3612849267,122554,31373824,256,8000,32.100
2026-07-23T01:09:41.104Z,usb,1,3612849267,122555,31374080,256,8000,32.100
2026-07-23T01:09:41.136Z,usb,1,3612849267,122556,31374336,256,8000,32.100
2026-07-23T01:09:41.168Z,usb,1,3612849267,122557,31374592,256,8000,32.100
2026-07-23T01:09:41.200Z,usb,1,3612849267,122558,31374848,256,8000,32.100
2026-07-23T01:09:41.232Z,usb,1,3612849267,122559,31375104,256,8000,32.100
2026-07-23T01:09:41.264Z,usb,1,3612849267,122560,31375360,256,8000,32.100
2026-07-23T01:09:41.296Z,usb,1,3612849267,122561,31375616,256,8000,32.100
2026-07-23T01:09:41.328Z,usb,1,3612849267,122562,31375872,256,8000,32.100
2026-07-23T01:09:41.360Z,usb,1,3612849267,122563,31376128,256,8000,32.100
2026-07-23T01:09:41.393Z,usb,1,3612849267,122564,31376384,256,8000,32.110
2026-07-23T01:09:41.424Z,usb,1,3612849267,122565,31376640,256,8000,32.110
2026-07-23T01:09:41.457Z,usb,1,3612849267,122566,31376896,256,8000,32.110
2026-07-23T01:09:41.489Z,usb,1,3612849267,122567,31377152,256,8000,32.110
2026-07-23T01:09:41.520Z,usb,1,3612849267,122568,31377408,256,8000,32.110
2026-07-23T01:09:41.552Z,usb,1,3612849267,122569,31377664,256,8000,32.110
2026-07-23T01:09:41.584Z,usb,1,3612849267,122570,31377920,256,8000,32.110
2026-07-23T01:09:41.616Z,usb,1,3612849267,122571,31378176,256,8000,32.110
2026-07-23T01:09:41.648Z,usb,1,3612849267,122572,31378432,256,8000,32.110
2026-07-23T01:09:41.680Z,usb,1,3612849267,122573,31378688,256,8000,32.110
2026-07-23T01:09:41.712Z,usb,1,3612849267,122574,31378944,256,8000,32.110
2026-07-23T01:09:41.744Z,usb,1,3612849267,122575,31379200,256,8000,32.110
2026-07-23T01:09:41.776Z,usb,1,3612849267,122576,31379456,256,8000,32.110
2026-07-23T01:09:41.808Z,usb,1,3612849267,122577,31379712,256,8000,32.110
2026-07-23T01:09:41.840Z,usb,1,3612849267,122578,31379968,256,8000,32.110
2026-07-23T01:09:41.872Z,usb,1,3612849267,122579,31380224,256,8000,32.110
2026-07-23T01:09:41.904Z,usb,1,3612849267,122580,31380480,256,8000,32.110
2026-07-23T01:09:41.936Z,usb,1,3612849267,122581,31380736,256,8000,32.110
2026-07-23T01:09:41.968Z,usb,1,3612849267,122582,31380992,256,8000,32.110
2026-07-23T01:09:42.000Z,usb,1,3612849267,122583,31381248,256,8000,32.110
2026-07-23T01:09:42.032Z,usb,1,3612849267,122584,31381504,256,8000,32.110
2026-07-23T01:09:42.064Z,usb,1,3612849267,122585,31381760,256,8000,32.110
2026-07-23T01:09:42.096Z,usb,1,3612849267,122586,31382016,256,8000,32.110
2026-07-23T01:09:42.128Z,usb,1,3612849267,122587,31382272,256,8000,32.110
2026-07-23T01:09:42.160Z,usb,1,3612849267,122588,31382528,256,8000,32.110
2026-07-23T01:09:42.193Z,usb,1,3612849267,122589,31382784,256,8000,32.110
2026-07-23T01:09:42.224Z,usb,1,3612849267,122590,31383040,256,8000,32.110
2026-07-23T01:09:42.256Z,usb,1,3612849267,122591,31383296,256,8000,32.110
2026-07-23T01:09:42.289Z,usb,1,3612849267,122592,31383552,256,8000,32.110
2026-07-23T01:09:42.320Z,usb,1,3612849267,122593,31383808,256,8000,32.110
2026-07-23T01:09:42.352Z,usb,1,3612849267,122594,31384064,256,8000,32.110
2026-07-23T01:09:42.384Z,usb,1,3612849267,122595,31384320,256,8000,32.110
2026-07-23T01:09:42.417Z,usb,1,3612849267,122596,31384576,256,8000,32.110
2026-07-23T01:09:42.448Z,usb,1,3612849267,122597,31384832,256,8000,32.110
2026-07-23T01:09:42.481Z,usb,1,3612849267,122598,31385088,256,8000,32.110
2026-07-23T01:09:42.512Z,usb,1,3612849267,122599,31385344,256,8000,32.110
2026-07-23T01:09:42.545Z,usb,1,3612849267,122600,31385600,256,8000,32.110
2026-07-23T01:09:42.577Z,usb,1,3612849267,122601,31385856,256,8000,32.110
2026-07-23T01:09:42.608Z,usb,1,3612849267,122602,31386112,256,8000,32.110
2026-07-23T01:09:42.640Z,usb,1,3612849267,122603,31386368,256,8000,32.110
2026-07-23T01:09:42.672Z,usb,1,3612849267,122604,31386624,256,8000,32.110
2026-07-23T01:09:42.704Z,usb,1,3612849267,122605,31386880,256,8000,32.110
2026-07-23T01:09:42.736Z,usb,1,3612849267,122606,31387136,256,8000,32.110
2026-07-23T01:09:42.768Z,usb,1,3612849267,122607,31387392,256,8000,32.110
2026-07-23T01:09:42.800Z,usb,1,3612849267,122608,31387648,256,8000,32.110
2026-07-23T01:09:42.832Z,usb,1,3612849267,122609,31387904,256,8000,32.110
2026-07-23T01:09:42.864Z,usb,1,3612849267,122610,31388160,256,8000,32.110
2026-07-23T01:09:42.897Z,usb,1,3612849267,122611,31388416,256,8000,32.110
2026-07-23T01:09:42.928Z,usb,1,3612849267,122612,31388672,256,8000,32.110
2026-07-23T01:09:42.960Z,usb,1,3612849267,122613,31388928,256,8000,32.110
2026-07-23T01:09:42.993Z,usb,1,3612849267,122614,31389184,256,8000,32.110
2026-07-23T01:09:43.024Z,usb,1,3612849267,122615,31389440,256,8000,32.110
2026-07-23T01:09:43.056Z,usb,1,3612849267,122616,31389696,256,8000,32.110
2026-07-23T01:09:43.088Z,usb,1,3612849267,122617,31389952,256,8000,32.110
2026-07-23T01:09:43.121Z,usb,1,3612849267,122618,31390208,256,8000,32.110
2026-07-23T01:09:43.152Z,usb,1,3612849267,122619,31390464,256,8000,32.110
2026-07-23T01:09:43.185Z,usb,1,3612849267,122620,31390720,256,8000,32.110
2026-07-23T01:09:43.216Z,usb,1,3612849267,122621,31390976,256,8000,32.110
2026-07-23T01:09:43.248Z,usb,1,3612849267,122622,31391232,256,8000,32.110
2026-07-23T01:09:43.281Z,usb,1,3612849267,122623,31391488,256,8000,32.110
2026-07-23T01:09:43.312Z,usb,1,3612849267,122624,31391744,256,8000,32.110
2026-07-23T01:09:43.344Z,usb,1,3612849267,122625,31392000,256,8000,32.110
2026-07-23T01:09:43.376Z,usb,1,3612849267,122626,31392256,256,8000,32.110
2026-07-23T01:09:43.408Z,usb,1,3612849267,122627,31392512,256,8000,32.110
2026-07-23T01:09:43.441Z,usb,1,3612849267,122628,31392768,256,8000,32.100
2026-07-23T01:09:43.473Z,usb,1,3612849267,122629,31393024,256,8000,32.100
2026-07-23T01:09:43.505Z,usb,1,3612849267,122630,31393280,256,8000,32.100
2026-07-23T01:09:43.536Z,usb,1,3612849267,122631,31393536,256,8000,32.100
2026-07-23T01:09:43.568Z,usb,1,3612849267,122632,31393792,256,8000,32.100
2026-07-23T01:09:43.600Z,usb,1,3612849267,122633,31394048,256,8000,32.100
2026-07-23T01:09:43.632Z,usb,1,3612849267,122634,31394304,256,8000,32.100
2026-07-23T01:09:43.664Z,usb,1,3612849267,122635,31394560,256,8000,32.100
2026-07-23T01:09:43.697Z,usb,1,3612849267,122636,31394816,256,8000,32.100
2026-07-23T01:09:43.728Z,usb,1,3612849267,122637,31395072,256,8000,32.100
2026-07-23T01:09:43.760Z,usb,1,3612849267,122638,31395328,256,8000,32.100
2026-07-23T01:09:43.793Z,usb,1,3612849267,122639,31395584,256,8000,32.100
2026-07-23T01:09:43.824Z,usb,1,3612849267,122640,31395840,256,8000,32.100
2026-07-23T01:09:43.856Z,usb,1,3612849267,122641,31396096,256,8000,32.100
2026-07-23T01:09:43.889Z,usb,1,3612849267,122642,31396352,256,8000,32.100
2026-07-23T01:09:43.921Z,usb,1,3612849267,122643,31396608,256,8000,32.100
2026-07-23T01:09:43.953Z,usb,1,3612849267,122644,31396864,256,8000,32.100
2026-07-23T01:09:43.985Z,usb,1,3612849267,122645,31397120,256,8000,32.100
2026-07-23T01:09:44.017Z,usb,1,3612849267,122646,31397376,256,8000,32.100
2026-07-23T01:09:44.053Z,usb,1,3612849267,122647,31397632,256,8000,32.100
2026-07-23T01:09:44.081Z,usb,1,3612849267,122648,31397888,256,8000,32.100
2026-07-23T01:09:44.113Z,usb,1,3612849267,122649,31398144,256,8000,32.100
2026-07-23T01:09:44.144Z,usb,1,3612849267,122650,31398400,256,8000,32.100
2026-07-23T01:09:44.176Z,usb,1,3612849267,122651,31398656,256,8000,32.100
2026-07-23T01:09:44.208Z,usb,1,3612849267,122652,31398912,256,8000,32.100
2026-07-23T01:09:44.240Z,usb,1,3612849267,122653,31399168,256,8000,32.100
2026-07-23T01:09:44.272Z,usb,1,3612849267,122654,31399424,256,8000,32.100
2026-07-23T01:09:44.305Z,usb,1,3612849267,122655,31399680,256,8000,32.100
2026-07-23T01:09:44.337Z,usb,1,3612849267,122656,31399936,256,8000,32.100
2026-07-23T01:09:44.368Z,usb,1,3612849267,122657,31400192,256,8000,32.100
2026-07-23T01:09:44.401Z,usb,1,3612849267,122658,31400448,256,8000,32.100
2026-07-23T01:09:44.432Z,usb,1,3612849267,122659,31400704,256,8000,32.100
2026-07-23T01:09:44.465Z,usb,1,3612849267,122660,31400960,256,8000,32.100
2026-07-23T01:09:44.497Z,usb,1,3612849267,122661,31401216,256,8000,32.100
2026-07-23T01:09:44.529Z,usb,1,3612849267,122662,31401472,256,8000,32.100
2026-07-23T01:09:44.561Z,usb,1,3612849267,122663,31401728,256,8000,32.100
2026-07-23T01:09:44.593Z,usb,1,3612849267,122664,31401984,256,8000,32.100
2026-07-23T01:09:44.624Z,usb,1,3612849267,122665,31402240,256,8000,32.100
2026-07-23T01:09:44.657Z,usb,1,3612849267,122666,31402496,256,8000,32.100
2026-07-23T01:09:44.688Z,usb,1,3612849267,122667,31402752,256,8000,32.100
2026-07-23T01:09:44.721Z,usb,1,3612849267,122668,31403008,256,8000,32.100
2026-07-23T01:09:44.753Z,usb,1,3612849267,122669,31403264,256,8000,32.100
2026-07-23T01:09:44.784Z,usb,1,3612849267,122670,31403520,256,8000,32.100
2026-07-23T01:09:44.816Z,usb,1,3612849267,122671,31403776,256,8000,32.100
2026-07-23T01:09:44.848Z,usb,1,3612849267,122672,31404032,256,8000,32.100
2026-07-23T01:09:44.880Z,usb,1,3612849267,122673,31404288,256,8000,32.100
2026-07-23T01:09:44.913Z,usb,1,3612849267,122674,31404544,256,8000,32.100
2026-07-23T01:09:44.944Z,usb,1,3612849267,122675,31404800,256,8000,32.100
2026-07-23T01:09:44.977Z,usb,1,3612849267,122676,31405056,256,8000,32.100
2026-07-23T01:09:45.008Z,usb,1,3612849267,122677,31405312,256,8000,32.100
2026-07-23T01:09:45.040Z,usb,1,3612849267,122678,31405568,256,8000,32.100
2026-07-23T01:09:45.072Z,usb,1,3612849267,122679,31405824,256,8000,32.100
2026-07-23T01:09:45.104Z,usb,1,3612849267,122680,31406080,256,8000,32.100
2026-07-23T01:09:45.136Z,usb,1,3612849267,122681,31406336,256,8000,32.100
2026-07-23T01:09:45.168Z,usb,1,3612849267,122682,31406592,256,8000,32.100
2026-07-23T01:09:45.200Z,usb,1,3612849267,122683,31406848,256,8000,32.100
2026-07-23T01:09:45.232Z,usb,1,3612849267,122684,31407104,256,8000,32.100
2026-07-23T01:09:45.264Z,usb,1,3612849267,122685,31407360,256,8000,32.100
2026-07-23T01:09:45.296Z,usb,1,3612849267,122686,31407616,256,8000,32.100
2026-07-23T01:09:45.328Z,usb,1,3612849267,122687,31407872,256,8000,32.100
2026-07-23T01:09:45.360Z,usb,1,3612849267,122688,31408128,256,8000,32.100
2026-07-23T01:09:45.392Z,usb,1,3612849267,122689,31408384,256,8000,32.100
2026-07-23T01:09:45.424Z,usb,1,3612849267,122690,31408640,256,8000,32.100
2026-07-23T01:09:45.456Z,usb,1,3612849267,122691,31408896,256,8000,32.100
2026-07-23T01:09:45.489Z,usb,1,3612849267,122692,31409152,256,8000,32.100
2026-07-23T01:09:45.520Z,usb,1,3612849267,122693,31409408,256,8000,32.100
2026-07-23T01:09:45.552Z,usb,1,3612849267,122694,31409664,256,8000,32.100
2026-07-23T01:09:45.584Z,usb,1,3612849267,122695,31409920,256,8000,32.100
2026-07-23T01:09:45.616Z,usb,1,3612849267,122696,31410176,256,8000,32.100
2026-07-23T01:09:45.649Z,usb,1,3612849267,122697,31410432,256,8000,32.100
2026-07-23T01:09:45.680Z,usb,1,3612849267,122698,31410688,256,8000,32.100
2026-07-23T01:09:45.713Z,usb,1,3612849267,122699,31410944,256,8000,32.100
2026-07-23T01:09:45.744Z,usb,1,3612849267,122700,31411200,256,8000,32.100
2026-07-23T01:09:45.776Z,usb,1,3612849267,122701,31411456,256,8000,32.100
2026-07-23T01:09:45.808Z,usb,1,3612849267,122702,31411712,256,8000,32.100
2026-07-23T01:09:45.840Z,usb,1,3612849267,122703,31411968,256,8000,32.100
2026-07-23T01:09:45.872Z,usb,1,3612849267,122704,31412224,256,8000,32.100
2026-07-23T01:09:45.904Z,usb,1,3612849267,122705,31412480,256,8000,32.100
2026-07-23T01:09:45.936Z,usb,1,3612849267,122706,31412736,256,8000,32.100
2026-07-23T01:09:45.968Z,usb,1,3612849267,122707,31412992,256,8000,32.100
2026-07-23T01:09:46.001Z,usb,1,3612849267,122708,31413248,256,8000,32.100
2026-07-23T01:09:46.032Z,usb,1,3612849267,122709,31413504,256,8000,32.100
2026-07-23T01:09:46.064Z,usb,1,3612849267,122710,31413760,256,8000,32.100
2026-07-23T01:09:46.096Z,usb,1,3612849267,122711,31414016,256,8000,32.100
2026-07-23T01:09:46.128Z,usb,1,3612849267,122712,31414272,256,8000,32.100
2026-07-23T01:09:46.160Z,usb,1,3612849267,122713,31414528,256,8000,32.100
2026-07-23T01:09:46.192Z,usb,1,3612849267,122714,31414784,256,8000,32.100
2026-07-23T01:09:46.224Z,usb,1,3612849267,122715,31415040,256,8000,32.100
2026-07-23T01:09:46.256Z,usb,1,3612849267,122716,31415296,256,8000,32.100
2026-07-23T01:09:46.288Z,usb,1,3612849267,122717,31415552,256,8000,32.100
2026-07-23T01:09:46.320Z,usb,1,3612849267,122718,31415808,256,8000,32.100
2026-07-23T01:09:46.352Z,usb,1,3612849267,122719,31416064,256,8000,32.100
2026-07-23T01:09:46.384Z,usb,1,3612849267,122720,31416320,256,8000,32.100
2026-07-23T01:09:46.416Z,usb,1,3612849267,122721,31416576,256,8000,32.100
2026-07-23T01:09:46.448Z,usb,1,3612849267,122722,31416832,256,8000,32.100
2026-07-23T01:09:46.481Z,usb,1,3612849267,122723,31417088,256,8000,32.100
2026-07-23T01:09:46.513Z,usb,1,3612849267,122724,31417344,256,8000,32.100
2026-07-23T01:09:46.544Z,usb,1,3612849267,122725,31417600,256,8000,32.100
2026-07-23T01:09:46.576Z,usb,1,3612849267,122726,31417856,256,8000,32.100
2026-07-23T01:09:46.608Z,usb,1,3612849267,122727,31418112,256,8000,32.100
2026-07-23T01:09:46.640Z,usb,1,3612849267,122728,31418368,256,8000,32.100
2026-07-23T01:09:46.672Z,usb,1,3612849267,122729,31418624,256,8000,32.100
2026-07-23T01:09:46.704Z,usb,1,3612849267,122730,31418880,256,8000,32.100
2026-07-23T01:09:46.736Z,usb,1,3612849267,122731,31419136,256,8000,32.100
2026-07-23T01:09:46.768Z,usb,1,3612849267,122732,31419392,256,8000,32.100
2026-07-23T01:09:46.800Z,usb,1,3612849267,122733,31419648,256,8000,32.100
2026-07-23T01:09:46.832Z,usb,1,3612849267,122734,31419904,256,8000,32.100
2026-07-23T01:09:46.864Z,usb,1,3612849267,122735,31420160,256,8000,32.100
2026-07-23T01:09:46.896Z,usb,1,3612849267,122736,31420416,256,8000,32.100
2026-07-23T01:09:46.928Z,usb,1,3612849267,122737,31420672,256,8000,32.100
2026-07-23T01:09:46.961Z,usb,1,3612849267,122738,31420928,256,8000,32.100
2026-07-23T01:09:46.992Z,usb,1,3612849267,122739,31421184,256,8000,32.100
2026-07-23T01:09:47.024Z,usb,1,3612849267,122740,31421440,256,8000,32.100
2026-07-23T01:09:47.056Z,usb,1,3612849267,122741,31421696,256,8000,32.100
2026-07-23T01:09:47.088Z,usb,1,3612849267,122742,31421952,256,8000,32.100
2026-07-23T01:09:47.120Z,usb,1,3612849267,122743,31422208,256,8000,32.100
2026-07-23T01:09:47.152Z,usb,1,3612849267,122744,31422464,256,8000,32.100
2026-07-23T01:09:47.184Z,usb,1,3612849267,122745,31422720,256,8000,32.100
2026-07-23T01:09:47.216Z,usb,1,3612849267,122746,31422976,256,8000,32.100
2026-07-23T01:09:47.248Z,usb,1,3612849267,122747,31423232,256,8000,32.100
2026-07-23T01:09:47.280Z,usb,1,3612849267,122748,31423488,256,8000,32.100
2026-07-23T01:09:47.312Z,usb,1,3612849267,122749,31423744,256,8000,32.100
2026-07-23T01:09:47.344Z,usb,1,3612849267,122750,31424000,256,8000,32.100
2026-07-23T01:09:47.376Z,usb,1,3612849267,122751,31424256,256,8000,32.100
2026-07-23T01:09:47.408Z,usb,1,3612849267,122752,31424512,256,8000,32.100
2026-07-23T01:09:47.440Z,usb,1,3612849267,122753,31424768,256,8000,32.100
2026-07-23T01:09:47.473Z,usb,1,3612849267,122754,31425024,256,8000,32.100
2026-07-23T01:09:47.505Z,usb,1,3612849267,122755,31425280,256,8000,32.100
2026-07-23T01:09:47.537Z,usb,1,3612849267,122756,31425536,256,8000,32.100
2026-07-23T01:09:47.568Z,usb,1,3612849267,122757,31425792,256,8000,32.100
2026-07-23T01:09:47.600Z,usb,1,3612849267,122758,31426048,256,8000,32.100
2026-07-23T01:09:47.632Z,usb,1,3612849267,122759,31426304,256,8000,32.100
2026-07-23T01:09:47.666Z,usb,1,3612849267,122760,31426560,256,8000,32.100
2026-07-23T01:09:47.696Z,usb,1,3612849267,122761,31426816,256,8000,32.100
2026-07-23T01:09:47.728Z,usb,1,3612849267,122762,31427072,256,8000,32.100
2026-07-23T01:09:47.760Z,usb,1,3612849267,122763,31427328,256,8000,32.100
2026-07-23T01:09:47.792Z,usb,1,3612849267,122764,31427584,256,8000,32.100
2026-07-23T01:09:47.824Z,usb,1,3612849267,122765,31427840,256,8000,32.100
2026-07-23T01:09:47.856Z,usb,1,3612849267,122766,31428096,256,8000,32.100
2026-07-23T01:09:47.888Z,usb,1,3612849267,122767,31428352,256,8000,32.100
2026-07-23T01:09:47.920Z,usb,1,3612849267,122768,31428608,256,8000,32.100
2026-07-23T01:09:47.953Z,usb,1,3612849267,122769,31428864,256,8000,32.100
2026-07-23T01:09:47.985Z,usb,1,3612849267,122770,31429120,256,8000,32.100
2026-07-23T01:09:48.016Z,usb,1,3612849267,122771,31429376,256,8000,32.100
2026-07-23T01:09:48.048Z,usb,1,3612849267,122772,31429632,256,8000,32.100
2026-07-23T01:09:48.080Z,usb,1,3612849267,122773,31429888,256,8000,32.100
2026-07-23T01:09:48.112Z,usb,1,3612849267,122774,31430144,256,8000,32.100
2026-07-23T01:09:48.144Z,usb,1,3612849267,122775,31430400,256,8000,32.100
2026-07-23T01:09:48.176Z,usb,1,3612849267,122776,31430656,256,8000,32.100
2026-07-23T01:09:48.208Z,usb,1,3612849267,122777,31430912,256,8000,32.100
2026-07-23T01:09:48.240Z,usb,1,3612849267,122778,31431168,256,8000,32.100
2026-07-23T01:09:48.272Z,usb,1,3612849267,122779,31431424,256,8000,32.100
2026-07-23T01:09:48.304Z,usb,1,3612849267,122780,31431680,256,8000,32.100
2026-07-23T01:09:48.336Z,usb,1,3612849267,122781,31431936,256,8000,32.100
2026-07-23T01:09:48.368Z,usb,1,3612849267,122782,31432192,256,8000,32.100
2026-07-23T01:09:48.400Z,usb,1,3612849267,122783,31432448,256,8000,32.100
2026-07-23T01:09:48.433Z,usb,1,3612849267,122784,31432704,256,8000,32.100
2026-07-23T01:09:48.464Z,usb,1,3612849267,122785,31432960,256,8000,32.100
2026-07-23T01:09:48.496Z,usb,1,3612849267,122786,31433216,256,8000,32.100
2026-07-23T01:09:48.528Z,usb,1,3612849267,122787,31433472,256,8000,32.100
2026-07-23T01:09:48.561Z,usb,1,3612849267,122788,31433728,256,8000,32.100
2026-07-23T01:09:48.592Z,usb,1,3612849267,122789,31433984,256,8000,32.100
2026-07-23T01:09:48.625Z,usb,1,3612849267,122790,31434240,256,8000,32.100
2026-07-23T01:09:48.656Z,usb,1,3612849267,122791,31434496,256,8000,32.100
2026-07-23T01:09:48.689Z,usb,1,3612849267,122792,31434752,256,8000,32.100
2026-07-23T01:09:48.720Z,usb,1,3612849267,122793,31435008,256,8000,32.100
2026-07-23T01:09:48.752Z,usb,1,3612849267,122794,31435264,256,8000,32.100
2026-07-23T01:09:48.784Z,usb,1,3612849267,122795,31435520,256,8000,32.100
2026-07-23T01:09:48.817Z,usb,1,3612849267,122796,31435776,256,8000,32.100
2026-07-23T01:09:48.848Z,usb,1,3612849267,122797,31436032,256,8000,32.100
2026-07-23T01:09:48.881Z,usb,1,3612849267,122798,31436288,256,8000,32.100
2026-07-23T01:09:48.913Z,usb,1,3612849267,122799,31436544,256,8000,32.100
2026-07-23T01:09:48.944Z,usb,1,3612849267,122800,31436800,256,8000,32.100
2026-07-23T01:09:48.976Z,usb,1,3612849267,122801,31437056,256,8000,32.100
2026-07-23T01:09:49.009Z,usb,1,3612849267,122802,31437312,256,8000,32.100
2026-07-23T01:09:49.040Z,usb,1,3612849267,122803,31437568,256,8000,32.100
2026-07-23T01:09:49.072Z,usb,1,3612849267,122804,31437824,256,8000,32.100
2026-07-23T01:09:49.104Z,usb,1,3612849267,122805,31438080,256,8000,32.100
2026-07-23T01:09:49.136Z,usb,1,3612849267,122806,31438336,256,8000,32.100
2026-07-23T01:09:49.168Z,usb,1,3612849267,122807,31438592,256,8000,32.100
2026-07-23T01:09:49.201Z,usb,1,3612849267,122808,31438848,256,8000,32.100
2026-07-23T01:09:49.233Z,usb,1,3612849267,122809,31439104,256,8000,32.100
2026-07-23T01:09:49.264Z,usb,1,3612849267,122810,31439360,256,8000,32.100
2026-07-23T01:09:49.297Z,usb,1,3612849267,122811,31439616,256,8000,32.100
2026-07-23T01:09:49.328Z,usb,1,3612849267,122812,31439872,256,8000,32.100
2026-07-23T01:09:49.360Z,usb,1,3612849267,122813,31440128,256,8000,32.100
2026-07-23T01:09:49.392Z,usb,1,3612849267,122814,31440384,256,8000,32.100
2026-07-23T01:09:49.425Z,usb,1,3612849267,122815,31440640,256,8000,32.100
2026-07-23T01:09:49.456Z,usb,1,3612849267,122816,31440896,256,8000,32.100
2026-07-23T01:09:49.489Z,usb,1,3612849267,122817,31441152,256,8000,32.100
2026-07-23T01:09:49.521Z,usb,1,3612849267,122818,31441408,256,8000,32.100
2026-07-23T01:09:49.552Z,usb,1,3612849267,122819,31441664,256,8000,32.100
2026-07-23T01:09:49.585Z,usb,1,3612849267,122820,31441920,256,8000,32.100
2026-07-23T01:09:49.616Z,usb,1,3612849267,122821,31442176,256,8000,32.100
2026-07-23T01:09:49.648Z,usb,1,3612849267,122822,31442432,256,8000,32.100
2026-07-23T01:09:49.680Z,usb,1,3612849267,122823,31442688,256,8000,32.100
2026-07-23T01:09:49.713Z,usb,1,3612849267,122824,31442944,256,8000,32.100
2026-07-23T01:09:49.744Z,usb,1,3612849267,122825,31443200,256,8000,32.100
2026-07-23T01:09:49.776Z,usb,1,3612849267,122826,31443456,256,8000,32.100
2026-07-23T01:09:49.809Z,usb,1,3612849267,122827,31443712,256,8000,32.100
2026-07-23T01:09:49.840Z,usb,1,3612849267,122828,31443968,256,8000,32.100
2026-07-23T01:09:49.872Z,usb,1,3612849267,122829,31444224,256,8000,32.100
2026-07-23T01:09:49.904Z,usb,1,3612849267,122830,31444480,256,8000,32.100
2026-07-23T01:09:49.937Z,usb,1,3612849267,122831,31444736,256,8000,32.100
2026-07-23T01:09:49.969Z,usb,1,3612849267,122832,31444992,256,8000,32.100
2026-07-23T01:09:50.000Z,usb,1,3612849267,122833,31445248,256,8000,32.100
2026-07-23T01:09:50.032Z,usb,1,3612849267,122834,31445504,256,8000,32.100
2026-07-23T01:09:50.064Z,usb,1,3612849267,122835,31445760,256,8000,32.100
2026-07-23T01:09:50.096Z,usb,1,3612849267,122836,31446016,256,8000,32.100
2026-07-23T01:09:50.128Z,usb,1,3612849267,122837,31446272,256,8000,32.100
2026-07-23T01:09:50.160Z,usb,1,3612849267,122838,31446528,256,8000,32.100
2026-07-23T01:09:50.192Z,usb,1,3612849267,122839,31446784,256,8000,32.100
2026-07-23T01:09:50.225Z,usb,1,3612849267,122840,31447040,256,8000,32.100
2026-07-23T01:09:50.256Z,usb,1,3612849267,122841,31447296,256,8000,32.100
2026-07-23T01:09:50.288Z,usb,1,3612849267,122842,31447552,256,8000,32.100
2026-07-23T01:09:50.321Z,usb,1,3612849267,122843,31447808,256,8000,32.100
2026-07-23T01:09:50.352Z,usb,1,3612849267,122844,31448064,256,8000,32.100
2026-07-23T01:09:50.384Z,usb,1,3612849267,122845,31448320,256,8000,32.100
2026-07-23T01:09:50.417Z,usb,1,3612849267,122846,31448576,256,8000,32.100
2026-07-23T01:09:50.448Z,usb,1,3612849267,122847,31448832,256,8000,32.100
2026-07-23T01:09:50.481Z,usb,1,3612849267,122848,31449088,256,8000,32.100
2026-07-23T01:09:50.512Z,usb,1,3612849267,122849,31449344,256,8000,32.100
2026-07-23T01:09:50.544Z,usb,1,3612849267,122850,31449600,256,8000,32.100
2026-07-23T01:09:50.576Z,usb,1,3612849267,122851,31449856,256,8000,32.100
2026-07-23T01:09:50.609Z,usb,1,3612849267,122852,31450112,256,8000,32.100
2026-07-23T01:09:50.640Z,usb,1,3612849267,122853,31450368,256,8000,32.100
2026-07-23T01:09:50.672Z,usb,1,3612849267,122854,31450624,256,8000,32.100
2026-07-23T01:09:50.704Z,usb,1,3612849267,122855,31450880,256,8000,32.100
2026-07-23T01:09:50.737Z,usb,1,3612849267,122856,31451136,256,8000,32.100
2026-07-23T01:09:50.768Z,usb,1,3612849267,122857,31451392,256,8000,32.100
2026-07-23T01:09:50.800Z,usb,1,3612849267,122858,31451648,256,8000,32.100
2026-07-23T01:09:50.832Z,usb,1,3612849267,122859,31451904,256,8000,32.100
2026-07-23T01:09:50.864Z,usb,1,3612849267,122860,31452160,256,8000,32.100
2026-07-23T01:09:50.896Z,usb,1,3612849267,122861,31452416,256,8000,32.100
2026-07-23T01:09:50.928Z,usb,1,3612849267,122862,31452672,256,8000,32.100
2026-07-23T01:09:50.960Z,usb,1,3612849267,122863,31452928,256,8000,32.100
2026-07-23T01:09:50.993Z,usb,1,3612849267,122864,31453184,256,8000,32.100
2026-07-23T01:09:51.025Z,usb,1,3612849267,122865,31453440,256,8000,32.100
2026-07-23T01:09:51.056Z,usb,1,3612849267,122866,31453696,256,8000,32.100
2026-07-23T01:09:51.088Z,usb,1,3612849267,122867,31453952,256,8000,32.100
2026-07-23T01:09:51.121Z,usb,1,3612849267,122868,31454208,256,8000,32.100
2026-07-23T01:09:51.152Z,usb,1,3612849267,122869,31454464,256,8000,32.100
2026-07-23T01:09:51.184Z,usb,1,3612849267,122870,31454720,256,8000,32.100
2026-07-23T01:09:51.216Z,usb,1,3612849267,122871,31454976,256,8000,32.100
2026-07-23T01:09:51.249Z,usb,1,3612849267,122872,31455232,256,8000,32.100
2026-07-23T01:09:51.280Z,usb,1,3612849267,122873,31455488,256,8000,32.100
2026-07-23T01:09:51.312Z,usb,1,3612849267,122874,31455744,256,8000,32.100
2026-07-23T01:09:51.344Z,usb,1,3612849267,122875,31456000,256,8000,32.100
2026-07-23T01:09:51.376Z,usb,1,3612849267,122876,31456256,256,8000,32.100
2026-07-23T01:09:51.408Z,usb,1,3612849267,122877,31456512,256,8000,32.100
2026-07-23T01:09:51.441Z,usb,1,3612849267,122878,31456768,256,8000,32.100
2026-07-23T01:09:51.472Z,usb,1,3612849267,122879,31457024,256,8000,32.100
2026-07-23T01:09:51.505Z,usb,1,3612849267,122880,31457280,256,8000,32.100
2026-07-23T01:09:51.537Z,usb,1,3612849267,122881,31457536,256,8000,32.100
2026-07-23T01:09:51.568Z,usb,1,3612849267,122882,31457792,256,8000,32.100
2026-07-23T01:09:51.600Z,usb,1,3612849267,122883,31458048,256,8000,32.100
2026-07-23T01:09:51.633Z,usb,1,3612849267,122884,31458304,256,8000,32.100
2026-07-23T01:09:51.664Z,usb,1,3612849267,122885,31458560,256,8000,32.100
2026-07-23T01:09:51.696Z,usb,1,3612849267,122886,31458816,256,8000,32.100
2026-07-23T01:09:51.728Z,usb,1,3612849267,122887,31459072,256,8000,32.100
2026-07-23T01:09:51.760Z,usb,1,3612849267,122888,31459328,256,8000,32.100
2026-07-23T01:09:51.792Z,usb,1,3612849267,122889,31459584,256,8000,32.100
2026-07-23T01:09:51.825Z,usb,1,3612849267,122890,31459840,256,8000,32.100
2026-07-23T01:09:51.856Z,usb,1,3612849267,122891,31460096,256,8000,32.100
2026-07-23T01:09:51.888Z,usb,1,3612849267,122892,31460352,256,8000,32.100
2026-07-23T01:09:51.920Z,usb,1,3612849267,122893,31460608,256,8000,32.100
2026-07-23T01:09:51.952Z,usb,1,3612849267,122894,31460864,256,8000,32.100
2026-07-23T01:09:51.984Z,usb,1,3612849267,122895,31461120,256,8000,32.100
2026-07-23T01:09:52.016Z,usb,1,3612849267,122896,31461376,256,8000,32.100
2026-07-23T01:09:52.049Z,usb,1,3612849267,122897,31461632,256,8000,32.100
2026-07-23T01:09:52.080Z,usb,1,3612849267,122898,31461888,256,8000,32.100
2026-07-23T01:09:52.112Z,usb,1,3612849267,122899,31462144,256,8000,32.100
2026-07-23T01:09:52.145Z,usb,1,3612849267,122900,31462400,256,8000,32.100
2026-07-23T01:09:52.176Z,usb,1,3612849267,122901,31462656,256,8000,32.100
2026-07-23T01:09:52.208Z,usb,1,3612849267,122902,31462912,256,8000,32.100
2026-07-23T01:09:52.240Z,usb,1,3612849267,122903,31463168,256,8000,32.100
2026-07-23T01:09:52.272Z,usb,1,3612849267,122904,31463424,256,8000,32.100
2026-07-23T01:09:52.304Z,usb,1,3612849267,122905,31463680,256,8000,32.100
2026-07-23T01:09:52.336Z,usb,1,3612849267,122906,31463936,256,8000,32.100
2026-07-23T01:09:52.368Z,usb,1,3612849267,122907,31464192,256,8000,32.100
2026-07-23T01:09:52.400Z,usb,1,3612849267,122908,31464448,256,8000,32.100
2026-07-23T01:09:52.432Z,usb,1,3612849267,122909,31464704,256,8000,32.100
2026-07-23T01:09:52.465Z,usb,1,3612849267,122910,31464960,256,8000,32.100
2026-07-23T01:09:52.496Z,usb,1,3612849267,122911,31465216,256,8000,32.100
2026-07-23T01:09:52.528Z,usb,1,3612849267,122912,31465472,256,8000,32.100
2026-07-23T01:09:52.561Z,usb,1,3612849267,122913,31465728,256,8000,32.100
2026-07-23T01:09:52.593Z,usb,1,3612849267,122914,31465984,256,8000,32.100
2026-07-23T01:09:52.624Z,usb,1,3612849267,122915,31466240,256,8000,32.100
2026-07-23T01:09:52.657Z,usb,1,3612849267,122916,31466496,256,8000,32.100
2026-07-23T01:09:52.689Z,usb,1,3612849267,122917,31466752,256,8000,32.100
2026-07-23T01:09:52.720Z,usb,1,3612849267,122918,31467008,256,8000,32.100
2026-07-23T01:09:52.752Z,usb,1,3612849267,122919,31467264,256,8000,32.100
2026-07-23T01:09:52.785Z,usb,1,3612849267,122920,31467520,256,8000,32.100
2026-07-23T01:09:52.817Z,usb,1,3612849267,122921,31467776,256,8000,32.100
2026-07-23T01:09:52.849Z,usb,1,3612849267,122922,31468032,256,8000,32.100
2026-07-23T01:09:52.880Z,usb,1,3612849267,122923,31468288,256,8000,32.100
2026-07-23T01:09:52.913Z,usb,1,3612849267,122924,31468544,256,8000,32.100
2026-07-23T01:09:52.945Z,usb,1,3612849267,122925,31468800,256,8000,32.100
2026-07-23T01:09:52.977Z,usb,1,3612849267,122926,31469056,256,8000,32.100
2026-07-23T01:09:53.008Z,usb,1,3612849267,122927,31469312,256,8000,32.100
2026-07-23T01:09:53.040Z,usb,1,3612849267,122928,31469568,256,8000,32.100
2026-07-23T01:09:53.072Z,usb,1,3612849267,122929,31469824,256,8000,32.100
2026-07-23T01:09:53.104Z,usb,1,3612849267,122930,31470080,256,8000,32.100
2026-07-23T01:09:53.136Z,usb,1,3612849267,122931,31470336,256,8000,32.100
2026-07-23T01:09:53.168Z,usb,1,3612849267,122932,31470592,256,8000,32.100
2026-07-23T01:09:53.200Z,usb,1,3612849267,122933,31470848,256,8000,32.100
2026-07-23T01:09:53.232Z,usb,1,3612849267,122934,31471104,256,8000,32.100
2026-07-23T01:09:53.265Z,usb,1,3612849267,122935,31471360,256,8000,32.100
2026-07-23T01:09:53.296Z,usb,1,3612849267,122936,31471616,256,8000,32.100
2026-07-23T01:09:53.328Z,usb,1,3612849267,122937,31471872,256,8000,32.100
2026-07-23T01:09:53.361Z,usb,1,3612849267,122938,31472128,256,8000,32.100
2026-07-23T01:09:53.392Z,usb,1,3612849267,122939,31472384,256,8000,32.100
2026-07-23T01:09:53.424Z,usb,1,3612849267,122940,31472640,256,8000,32.100
2026-07-23T01:09:53.456Z,usb,1,3612849267,122941,31472896,256,8000,32.100
2026-07-23T01:09:53.489Z,usb,1,3612849267,122942,31473152,256,8000,32.100
2026-07-23T01:09:53.521Z,usb,1,3612849267,122943,31473408,256,8000,32.100
2026-07-23T01:09:53.553Z,usb,1,3612849267,122944,31473664,256,8000,32.100
2026-07-23T01:09:53.584Z,usb,1,3612849267,122945,31473920,256,8000,32.100
2026-07-23T01:09:53.616Z,usb,1,3612849267,122946,31474176,256,8000,32.100
2026-07-23T01:09:53.648Z,usb,1,3612849267,122947,31474432,256,8000,32.100
2026-07-23T01:09:53.681Z,usb,1,3612849267,122948,31474688,256,8000,32.100
2026-07-23T01:09:53.712Z,usb,1,3612849267,122949,31474944,256,8000,32.100
2026-07-23T01:09:53.744Z,usb,1,3612849267,122950,31475200,256,8000,32.100
2026-07-23T01:09:53.777Z,usb,1,3612849267,122951,31475456,256,8000,32.100
2026-07-23T01:09:53.808Z,usb,1,3612849267,122952,31475712,256,8000,32.100
2026-07-23T01:09:53.840Z,usb,1,3612849267,122953,31475968,256,8000,32.100
2026-07-23T01:09:53.872Z,usb,1,3612849267,122954,31476224,256,8000,32.100
2026-07-23T01:09:53.904Z,usb,1,3612849267,122955,31476480,256,8000,32.100
2026-07-23T01:09:53.936Z,usb,1,3612849267,122956,31476736,256,8000,32.100
2026-07-23T01:09:53.968Z,usb,1,3612849267,122957,31476992,256,8000,32.100
2026-07-23T01:09:54.001Z,usb,1,3612849267,122958,31477248,256,8000,32.100
2026-07-23T01:09:54.033Z,usb,1,3612849267,122959,31477504,256,8000,32.100
2026-07-23T01:09:54.064Z,usb,1,3612849267,122960,31477760,256,8000,32.100
2026-07-23T01:09:54.096Z,usb,1,3612849267,122961,31478016,256,8000,32.100
2026-07-23T01:09:54.128Z,usb,1,3612849267,122962,31478272,256,8000,32.100
2026-07-23T01:09:54.160Z,usb,1,3612849267,122963,31478528,256,8000,32.100
2026-07-23T01:09:54.192Z,usb,1,3612849267,122964,31478784,256,8000,32.100
2026-07-23T01:09:54.224Z,usb,1,3612849267,122965,31479040,256,8000,32.100
2026-07-23T01:09:54.256Z,usb,1,3612849267,122966,31479296,256,8000,32.100
2026-07-23T01:09:54.288Z,usb,1,3612849267,122967,31479552,256,8000,32.100
2026-07-23T01:09:54.320Z,usb,1,3612849267,122968,31479808,256,8000,32.100
2026-07-23T01:09:54.352Z,usb,1,3612849267,122969,31480064,256,8000,32.100
2026-07-23T01:09:54.384Z,usb,1,3612849267,122970,31480320,256,8000,32.100
2026-07-23T01:09:54.416Z,usb,1,3612849267,122971,31480576,256,8000,32.100
2026-07-23T01:09:54.448Z,usb,1,3612849267,122972,31480832,256,8000,32.100
2026-07-23T01:09:54.481Z,usb,1,3612849267,122973,31481088,256,8000,32.100
2026-07-23T01:09:54.513Z,usb,1,3612849267,122974,31481344,256,8000,32.100
2026-07-23T01:09:54.544Z,usb,1,3612849267,122975,31481600,256,8000,32.100
2026-07-23T01:09:54.576Z,usb,1,3612849267,122976,31481856,256,8000,32.100
2026-07-23T01:09:54.608Z,usb,1,3612849267,122977,31482112,256,8000,32.100
2026-07-23T01:09:54.640Z,usb,1,3612849267,122978,31482368,256,8000,32.100
2026-07-23T01:09:54.672Z,usb,1,3612849267,122979,31482624,256,8000,32.100
2026-07-23T01:09:54.705Z,usb,1,3612849267,122980,31482880,256,8000,32.100
2026-07-23T01:09:54.736Z,usb,1,3612849267,122981,31483136,256,8000,32.100
2026-07-23T01:09:54.768Z,usb,1,3612849267,122982,31483392,256,8000,32.100
2026-07-23T01:09:54.800Z,usb,1,3612849267,122983,31483648,256,8000,32.100
2026-07-23T01:09:54.832Z,usb,1,3612849267,122984,31483904,256,8000,32.100
2026-07-23T01:09:54.864Z,usb,1,3612849267,122985,31484160,256,8000,32.100
2026-07-23T01:09:54.896Z,usb,1,3612849267,122986,31484416,256,8000,32.100
2026-07-23T01:09:54.928Z,usb,1,3612849267,122987,31484672,256,8000,32.100
2026-07-23T01:09:54.961Z,usb,1,3612849267,122988,31484928,256,8000,32.100
2026-07-23T01:09:54.993Z,usb,1,3612849267,122989,31485184,256,8000,32.100
2026-07-23T01:09:55.024Z,usb,1,3612849267,122990,31485440,256,8000,32.100
2026-07-23T01:09:55.056Z,usb,1,3612849267,122991,31485696,256,8000,32.100
2026-07-23T01:09:55.088Z,usb,1,3612849267,122992,31485952,256,8000,32.100
2026-07-23T01:09:55.120Z,usb,1,3612849267,122993,31486208,256,8000,32.100
2026-07-23T01:09:55.152Z,usb,1,3612849267,122994,31486464,256,8000,32.100
2026-07-23T01:09:55.184Z,usb,1,3612849267,122995,31486720,256,8000,32.100
2026-07-23T01:09:55.216Z,usb,1,3612849267,122996,31486976,256,8000,32.100
2026-07-23T01:09:55.248Z,usb,1,3612849267,122997,31487232,256,8000,32.100
2026-07-23T01:09:55.280Z,usb,1,3612849267,122998,31487488,256,8000,32.100
2026-07-23T01:09:55.312Z,usb,1,3612849267,122999,31487744,256,8000,32.100
2026-07-23T01:09:55.344Z,usb,1,3612849267,123000,31488000,256,8000,32.100
2026-07-23T01:09:55.376Z,usb,1,3612849267,123001,31488256,256,8000,32.100
2026-07-23T01:09:55.408Z,usb,1,3612849267,123002,31488512,256,8000,32.100
2026-07-23T01:09:55.440Z,usb,1,3612849267,123003,31488768,256,8000,32.100
2026-07-23T01:09:55.472Z,usb,1,3612849267,123004,31489024,256,8000,32.100
2026-07-23T01:09:55.504Z,usb,1,3612849267,123005,31489280,256,8000,32.100
2026-07-23T01:09:55.536Z,usb,1,3612849267,123006,31489536,256,8000,32.100
2026-07-23T01:09:55.568Z,usb,1,3612849267,123007,31489792,256,8000,32.100
2026-07-23T01:09:55.600Z,usb,1,3612849267,123008,31490048,256,8000,32.100
2026-07-23T01:09:55.632Z,usb,1,3612849267,123009,31490304,256,8000,32.100
2026-07-23T01:09:55.665Z,usb,1,3612849267,123010,31490560,256,8000,32.100
2026-07-23T01:09:55.697Z,usb,1,3612849267,123011,31490816,256,8000,32.100
2026-07-23T01:09:55.729Z,usb,1,3612849267,123012,31491072,256,8000,32.100
2026-07-23T01:09:55.761Z,usb,1,3612849267,123013,31491328,256,8000,32.100
2026-07-23T01:09:55.792Z,usb,1,3612849267,123014,31491584,256,8000,32.100
2026-07-23T01:09:55.824Z,usb,1,3612849267,123015,31491840,256,8000,32.100
2026-07-23T01:09:55.856Z,usb,1,3612849267,123016,31492096,256,8000,32.100
2026-07-23T01:09:55.888Z,usb,1,3612849267,123017,31492352,256,8000,32.100
2026-07-23T01:09:55.921Z,usb,1,3612849267,123018,31492608,256,8000,32.100
2026-07-23T01:09:55.952Z,usb,1,3612849267,123019,31492864,256,8000,32.100
2026-07-23T01:09:55.985Z,usb,1,3612849267,123020,31493120,256,8000,32.100
2026-07-23T01:09:56.017Z,usb,1,3612849267,123021,31493376,256,8000,32.100
2026-07-23T01:09:56.049Z,usb,1,3612849267,123022,31493632,256,8000,32.100
2026-07-23T01:09:56.081Z,usb,1,3612849267,123023,31493888,256,8000,32.100
2026-07-23T01:09:56.113Z,usb,1,3612849267,123024,31494144,256,8000,32.100
2026-07-23T01:09:56.144Z,usb,1,3612849267,123025,31494400,256,8000,32.100
2026-07-23T01:09:56.176Z,usb,1,3612849267,123026,31494656,256,8000,32.100
2026-07-23T01:09:56.209Z,usb,1,3612849267,123027,31494912,256,8000,32.100
2026-07-23T01:09:56.241Z,usb,1,3612849267,123028,31495168,256,8000,32.100
2026-07-23T01:09:56.272Z,usb,1,3612849267,123029,31495424,256,8000,32.100
2026-07-23T01:09:56.304Z,usb,1,3612849267,123030,31495680,256,8000,32.100
2026-07-23T01:09:56.336Z,usb,1,3612849267,123031,31495936,256,8000,32.100
2026-07-23T01:09:56.368Z,usb,1,3612849267,123032,31496192,256,8000,32.100
2026-07-23T01:09:56.400Z,usb,1,3612849267,123033,31496448,256,8000,32.100
2026-07-23T01:09:56.433Z,usb,1,3612849267,123034,31496704,256,8000,32.100
2026-07-23T01:09:56.464Z,usb,1,3612849267,123035,31496960,256,8000,32.100
2026-07-23T01:09:56.496Z,usb,1,3612849267,123036,31497216,256,8000,32.100
2026-07-23T01:09:56.529Z,usb,1,3612849267,123037,31497472,256,8000,32.100
2026-07-23T01:09:56.561Z,usb,1,3612849267,123038,31497728,256,8000,32.100
2026-07-23T01:09:56.592Z,usb,1,3612849267,123039,31497984,256,8000,32.100
2026-07-23T01:09:56.624Z,usb,1,3612849267,123040,31498240,256,8000,32.100
2026-07-23T01:09:56.656Z,usb,1,3612849267,123041,31498496,256,8000,32.100
2026-07-23T01:09:56.688Z,usb,1,3612849267,123042,31498752,256,8000,32.100
2026-07-23T01:09:56.720Z,usb,1,3612849267,123043,31499008,256,8000,32.100
2026-07-23T01:09:56.753Z,usb,1,3612849267,123044,31499264,256,8000,32.100
2026-07-23T01:09:56.784Z,usb,1,3612849267,123045,31499520,256,8000,32.100
2026-07-23T01:09:56.817Z,usb,1,3612849267,123046,31499776,256,8000,32.100
2026-07-23T01:09:56.848Z,usb,1,3612849267,123047,31500032,256,8000,32.100
2026-07-23T01:09:56.881Z,usb,1,3612849267,123048,31500288,256,8000,32.100
2026-07-23T01:09:56.912Z,usb,1,3612849267,123049,31500544,256,8000,32.100
2026-07-23T01:09:56.944Z,usb,1,3612849267,123050,31500800,256,8000,32.100
2026-07-23T01:09:56.977Z,usb,1,3612849267,123051,31501056,256,8000,32.100
2026-07-23T01:09:57.008Z,usb,1,3612849267,123052,31501312,256,8000,32.100
2026-07-23T01:09:57.040Z,usb,1,3612849267,123053,31501568,256,8000,32.100
2026-07-23T01:09:57.073Z,usb,1,3612849267,123054,31501824,256,8000,32.100
2026-07-23T01:09:57.104Z,usb,1,3612849267,123055,31502080,256,8000,32.100
2026-07-23T01:09:57.136Z,usb,1,3612849267,123056,31502336,256,8000,32.100
2026-07-23T01:09:57.169Z,usb,1,3612849267,123057,31502592,256,8000,32.100
2026-07-23T01:09:57.200Z,usb,1,3612849267,123058,31502848,256,8000,32.100
2026-07-23T01:09:57.232Z,usb,1,3612849267,123059,31503104,256,8000,32.100
2026-07-23T01:09:57.264Z,usb,1,3612849267,123060,31503360,256,8000,32.100
2026-07-23T01:09:57.296Z,usb,1,3612849267,123061,31503616,256,8000,32.100
2026-07-23T01:09:57.328Z,usb,1,3612849267,123062,31503872,256,8000,32.100
2026-07-23T01:09:57.361Z,usb,1,3612849267,123063,31504128,256,8000,32.100
2026-07-23T01:09:57.392Z,usb,1,3612849267,123064,31504384,256,8000,32.100
2026-07-23T01:09:57.425Z,usb,1,3612849267,123065,31504640,256,8000,32.100
2026-07-23T01:09:57.457Z,usb,1,3612849267,123066,31504896,256,8000,32.100
2026-07-23T01:09:57.489Z,usb,1,3612849267,123067,31505152,256,8000,32.100
2026-07-23T01:09:57.520Z,usb,1,3612849267,123068,31505408,256,8000,32.100
2026-07-23T01:09:57.553Z,usb,1,3612849267,123069,31505664,256,8000,32.100
2026-07-23T01:09:57.585Z,usb,1,3612849267,123070,31505920,256,8000,32.100
2026-07-23T01:09:57.616Z,usb,1,3612849267,123071,31506176,256,8000,32.100
2026-07-23T01:09:57.649Z,usb,1,3612849267,123072,31506432,256,8000,32.100
2026-07-23T01:09:57.681Z,usb,1,3612849267,123073,31506688,256,8000,32.100
2026-07-23T01:09:57.712Z,usb,1,3612849267,123074,31506944,256,8000,32.100
2026-07-23T01:09:57.744Z,usb,1,3612849267,123075,31507200,256,8000,32.100
2026-07-23T01:09:57.777Z,usb,1,3612849267,123076,31507456,256,8000,32.100
2026-07-23T01:09:57.808Z,usb,1,3612849267,123077,31507712,256,8000,32.100
2026-07-23T01:09:57.840Z,usb,1,3612849267,123078,31507968,256,8000,32.100
2026-07-23T01:09:57.872Z,usb,1,3612849267,123079,31508224,256,8000,32.100
2026-07-23T01:09:57.904Z,usb,1,3612849267,123080,31508480,256,8000,32.100
2026-07-23T01:09:57.937Z,usb,1,3612849267,123081,31508736,256,8000,32.100
2026-07-23T01:09:57.969Z,usb,1,3612849267,123082,31508992,256,8000,32.100
2026-07-23T01:09:58.000Z,usb,1,3612849267,123083,31509248,256,8000,32.100
2026-07-23T01:09:58.032Z,usb,1,3612849267,123084,31509504,256,8000,32.100
2026-07-23T01:09:58.064Z,usb,1,3612849267,123085,31509760,256,8000,32.100
2026-07-23T01:09:58.096Z,usb,1,3612849267,123086,31510016,256,8000,32.100
2026-07-23T01:09:58.128Z,usb,1,3612849267,123087,31510272,256,8000,32.100
2026-07-23T01:09:58.161Z,usb,1,3612849267,123088,31510528,256,8000,32.100
2026-07-23T01:09:58.193Z,usb,1,3612849267,123089,31510784,256,8000,32.100
2026-07-23T01:09:58.224Z,usb,1,3612849267,123090,31511040,256,8000,32.100
2026-07-23T01:09:58.256Z,usb,1,3612849267,123091,31511296,256,8000,32.100
2026-07-23T01:09:58.289Z,usb,1,3612849267,123092,31511552,256,8000,32.100
2026-07-23T01:09:58.320Z,usb,1,3612849267,123093,31511808,256,8000,32.100
2026-07-23T01:09:58.352Z,usb,1,3612849267,123094,31512064,256,8000,32.100
2026-07-23T01:09:58.384Z,usb,1,3612849267,123095,31512320,256,8000,32.100
2026-07-23T01:09:58.416Z,usb,1,3612849267,123096,31512576,256,8000,32.100
2026-07-23T01:09:58.448Z,usb,1,3612849267,123097,31512832,256,8000,32.100
2026-07-23T01:09:58.481Z,usb,1,3612849267,123098,31513088,256,8000,32.100
2026-07-23T01:09:58.512Z,usb,1,3612849267,123099,31513344,256,8000,32.100
2026-07-23T01:09:58.544Z,usb,1,3612849267,123100,31513600,256,8000,32.100
2026-07-23T01:09:58.576Z,usb,1,3612849267,123101,31513856,256,8000,32.100
2026-07-23T01:09:58.608Z,usb,1,3612849267,123102,31514112,256,8000,32.100
2026-07-23T01:09:58.640Z,usb,1,3612849267,123103,31514368,256,8000,32.100
2026-07-23T01:09:58.672Z,usb,1,3612849267,123104,31514624,256,8000,32.100
2026-07-23T01:09:58.704Z,usb,1,3612849267,123105,31514880,256,8000,32.100
2026-07-23T01:09:58.736Z,usb,1,3612849267,123106,31515136,256,8000,32.100
2026-07-23T01:09:58.769Z,usb,1,3612849267,123107,31515392,256,8000,32.100
2026-07-23T01:09:58.801Z,usb,1,3612849267,123108,31515648,256,8000,32.100
2026-07-23T01:09:58.832Z,usb,1,3612849267,123109,31515904,256,8000,32.100
2026-07-23T01:09:58.865Z,usb,1,3612849267,123110,31516160,256,8000,32.100
2026-07-23T01:09:58.896Z,usb,1,3612849267,123111,31516416,256,8000,32.100
2026-07-23T01:09:58.928Z,usb,1,3612849267,123112,31516672,256,8000,32.100
2026-07-23T01:09:58.960Z,usb,1,3612849267,123113,31516928,256,8000,32.100
2026-07-23T01:09:58.993Z,usb,1,3612849267,123114,31517184,256,8000,32.100
2026-07-23T01:09:59.024Z,usb,1,3612849267,123115,31517440,256,8000,32.100
2026-07-23T01:09:59.056Z,usb,1,3612849267,123116,31517696,256,8000,32.100
2026-07-23T01:09:59.088Z,usb,1,3612849267,123117,31517952,256,8000,32.100
2026-07-23T01:09:59.120Z,usb,1,3612849267,123118,31518208,256,8000,32.100
2026-07-23T01:09:59.152Z,usb,1,3612849267,123119,31518464,256,8000,32.100
2026-07-23T01:09:59.184Z,usb,1,3612849267,123120,31518720,256,8000,32.100
2026-07-23T01:09:59.216Z,usb,1,3612849267,123121,31518976,256,8000,32.100
2026-07-23T01:09:59.248Z,usb,1,3612849267,123122,31519232,256,8000,32.100
2026-07-23T01:09:59.281Z,usb,1,3612849267,123123,31519488,256,8000,32.100
2026-07-23T01:09:59.312Z,usb,1,3612849267,123124,31519744,256,8000,32.100
2026-07-23T01:09:59.344Z,usb,1,3612849267,123125,31520000,256,8000,32.100
2026-07-23T01:09:59.376Z,usb,1,3612849267,123126,31520256,256,8000,32.100
2026-07-23T01:09:59.408Z,usb,1,3612849267,123127,31520512,256,8000,32.100
2026-07-23T01:09:59.440Z,usb,1,3612849267,123128,31520768,256,8000,32.100
2026-07-23T01:09:59.473Z,usb,1,3612849267,123129,31521024,256,8000,32.100
2026-07-23T01:09:59.504Z,usb,1,3612849267,123130,31521280,256,8000,32.100
2026-07-23T01:09:59.536Z,usb,1,3612849267,123131,31521536,256,8000,32.100
2026-07-23T01:09:59.568Z,usb,1,3612849267,123132,31521792,256,8000,32.100
2026-07-23T01:09:59.600Z,usb,1,3612849267,123133,31522048,256,8000,32.100
2026-07-23T01:09:59.632Z,usb,1,3612849267,123134,31522304,256,8000,32.100
2026-07-23T01:09:59.664Z,usb,1,3612849267,123135,31522560,256,8000,32.100
2026-07-23T01:09:59.696Z,usb,1,3612849267,123136,31522816,256,8000,32.100
2026-07-23T01:09:59.728Z,usb,1,3612849267,123137,31523072,256,8000,32.100
2026-07-23T01:09:59.760Z,usb,1,3612849267,123138,31523328,256,8000,32.100
2026-07-23T01:09:59.792Z,usb,1,3612849267,123139,31523584,256,8000,32.100
2026-07-23T01:09:59.825Z,usb,1,3612849267,123140,31523840,256,8000,32.100
2026-07-23T01:09:59.856Z,usb,1,3612849267,123141,31524096,256,8000,32.100
2026-07-23T01:09:59.888Z,usb,1,3612849267,123142,31524352,256,8000,32.100
2026-07-23T01:09:59.920Z,usb,1,3612849267,123143,31524608,256,8000,32.100
2026-07-23T01:09:59.953Z,usb,1,3612849267,123144,31524864,256,8000,32.100
2026-07-23T01:09:59.985Z,usb,1,3612849267,123145,31525120,256,8000,32.100
2026-07-23T01:10:00.016Z,usb,1,3612849267,123146,31525376,256,8000,32.100
2026-07-23T01:10:00.048Z,usb,1,3612849267,123147,31525632,256,8000,32.100
2026-07-23T01:10:00.081Z,usb,1,3612849267,123148,31525888,256,8000,32.100
2026-07-23T01:10:00.112Z,usb,1,3612849267,123149,31526144,256,8000,32.100
2026-07-23T01:10:00.144Z,usb,1,3612849267,123150,31526400,256,8000,32.100
2026-07-23T01:10:00.176Z,usb,1,3612849267,123151,31526656,256,8000,32.100
2026-07-23T01:10:00.208Z,usb,1,3612849267,123152,31526912,256,8000,32.100
2026-07-23T01:10:00.240Z,usb,1,3612849267,123153,31527168,256,8000,32.100
2026-07-23T01:10:00.272Z,usb,1,3612849267,123154,31527424,256,8000,32.100
2026-07-23T01:10:00.304Z,usb,1,3612849267,123155,31527680,256,8000,32.100
2026-07-23T01:10:00.336Z,usb,1,3612849267,123156,31527936,256,8000,32.100
2026-07-23T01:10:00.368Z,usb,1,3612849267,123157,31528192,256,8000,32.100
2026-07-23T01:10:00.400Z,usb,1,3612849267,123158,31528448,256,8000,32.100
2026-07-23T01:10:00.432Z,usb,1,3612849267,123159,31528704,256,8000,32.100
2026-07-23T01:10:00.464Z,usb,1,3612849267,123160,31528960,256,8000,32.100
2026-07-23T01:10:00.496Z,usb,1,3612849267,123161,31529216,256,8000,32.100
2026-07-23T01:10:00.528Z,usb,1,3612849267,123162,31529472,256,8000,32.100
2026-07-23T01:10:00.561Z,usb,1,3612849267,123163,31529728,256,8000,32.100
2026-07-23T01:10:00.593Z,usb,1,3612849267,123164,31529984,256,8000,32.100
2026-07-23T01:10:00.625Z,usb,1,3612849267,123165,31530240,256,8000,32.100
2026-07-23T01:10:00.656Z,usb,1,3612849267,123166,31530496,256,8000,32.100
2026-07-23T01:10:00.689Z,usb,1,3612849267,123167,31530752,256,8000,32.100
2026-07-23T01:10:00.721Z,usb,1,3612849267,123168,31531008,256,8000,32.100
2026-07-23T01:10:00.753Z,usb,1,3612849267,123169,31531264,256,8000,32.100
2026-07-23T01:10:00.785Z,usb,1,3612849267,123170,31531520,256,8000,32.100
2026-07-23T01:10:00.817Z,usb,1,3612849267,123171,31531776,256,8000,32.100
2026-07-23T01:10:00.849Z,usb,1,3612849267,123172,31532032,256,8000,32.100
2026-07-23T01:10:00.881Z,usb,1,3612849267,123173,31532288,256,8000,32.100
2026-07-23T01:10:00.913Z,usb,1,3612849267,123174,31532544,256,8000,32.100
2026-07-23T01:10:00.945Z,usb,1,3612849267,123175,31532800,256,8000,32.100
2026-07-23T01:10:00.977Z,usb,1,3612849267,123176,31533056,256,8000,32.100
2026-07-23T01:10:01.008Z,usb,1,3612849267,123177,31533312,256,8000,32.100
2026-07-23T01:10:01.040Z,usb,1,3612849267,123178,31533568,256,8000,32.100
2026-07-23T01:10:01.072Z,usb,1,3612849267,123179,31533824,256,8000,32.100
2026-07-23T01:10:01.104Z,usb,1,3612849267,123180,31534080,256,8000,32.100
2026-07-23T01:10:01.136Z,usb,1,3612849267,123181,31534336,256,8000,32.100
2026-07-23T01:10:01.168Z,usb,1,3612849267,123182,31534592,256,8000,32.100
2026-07-23T01:10:01.200Z,usb,1,3612849267,123183,31534848,256,8000,32.100
2026-07-23T01:10:01.232Z,usb,1,3612849267,123184,31535104,256,8000,32.100
2026-07-23T01:10:01.264Z,usb,1,3612849267,123185,31535360,256,8000,32.100
2026-07-23T01:10:01.296Z,usb,1,3612849267,123186,31535616,256,8000,32.100
2026-07-23T01:10:01.328Z,usb,1,3612849267,123187,31535872,256,8000,32.100
2026-07-23T01:10:01.360Z,usb,1,3612849267,123188,31536128,256,8000,32.100
2026-07-23T01:10:01.392Z,usb,1,3612849267,123189,31536384,256,8000,32.100
2026-07-23T01:10:01.424Z,usb,1,3612849267,123190,31536640,256,8000,32.100
2026-07-23T01:10:01.457Z,usb,1,3612849267,123191,31536896,256,8000,32.100
2026-07-23T01:10:01.488Z,usb,1,3612849267,123192,31537152,256,8000,32.100
2026-07-23T01:10:01.520Z,usb,1,3612849267,123193,31537408,256,8000,32.100
2026-07-23T01:10:01.552Z,usb,1,3612849267,123194,31537664,256,8000,32.100
2026-07-23T01:10:01.584Z,usb,1,3612849267,123195,31537920,256,8000,32.100
2026-07-23T01:10:01.616Z,usb,1,3612849267,123196,31538176,256,8000,32.100
2026-07-23T01:10:01.648Z,usb,1,3612849267,123197,31538432,256,8000,32.100
2026-07-23T01:10:01.680Z,usb,1,3612849267,123198,31538688,256,8000,32.100
2026-07-23T01:10:01.712Z,usb,1,3612849267,123199,31538944,256,8000,32.100
2026-07-23T01:10:01.744Z,usb,1,3612849267,123200,31539200,256,8000,32.100
2026-07-23T01:10:01.776Z,usb,1,3612849267,123201,31539456,256,8000,32.100
2026-07-23T01:10:01.808Z,usb,1,3612849267,123202,31539712,256,8000,32.100
2026-07-23T01:10:01.840Z,usb,1,3612849267,123203,31539968,256,8000,32.100
2026-07-23T01:10:01.873Z,usb,1,3612849267,123204,31540224,256,8000,32.100
2026-07-23T01:10:01.904Z,usb,1,3612849267,123205,31540480,256,8000,32.100
2026-07-23T01:10:01.936Z,usb,1,3612849267,123206,31540736,256,8000,32.100
2026-07-23T01:10:01.969Z,usb,1,3612849267,123207,31540992,256,8000,32.100
2026-07-23T01:10:02.000Z,usb,1,3612849267,123208,31541248,256,8000,32.100
2026-07-23T01:10:02.032Z,usb,1,3612849267,123209,31541504,256,8000,32.100
2026-07-23T01:10:02.064Z,usb,1,3612849267,123210,31541760,256,8000,32.100
2026-07-23T01:10:02.096Z,usb,1,3612849267,123211,31542016,256,8000,32.100
2026-07-23T01:10:02.128Z,usb,1,3612849267,123212,31542272,256,8000,32.100
2026-07-23T01:10:02.160Z,usb,1,3612849267,123213,31542528,256,8000,32.100
2026-07-23T01:10:02.192Z,usb,1,3612849267,123214,31542784,256,8000,32.100
2026-07-23T01:10:02.224Z,usb,1,3612849267,123215,31543040,256,8000,32.100
2026-07-23T01:10:02.256Z,usb,1,3612849267,123216,31543296,256,8000,32.100
2026-07-23T01:10:02.288Z,usb,1,3612849267,123217,31543552,256,8000,32.100
2026-07-23T01:10:02.320Z,usb,1,3612849267,123218,31543808,256,8000,32.100
2026-07-23T01:10:02.352Z,usb,1,3612849267,123219,31544064,256,8000,32.100
2026-07-23T01:10:02.384Z,usb,1,3612849267,123220,31544320,256,8000,32.100
2026-07-23T01:10:02.417Z,usb,1,3612849267,123221,31544576,256,8000,32.100
2026-07-23T01:10:02.448Z,usb,1,3612849267,123222,31544832,256,8000,32.100
2026-07-23T01:10:02.481Z,usb,1,3612849267,123223,31545088,256,8000,32.100
2026-07-23T01:10:02.512Z,usb,1,3612849267,123224,31545344,256,8000,32.100
2026-07-23T01:10:02.544Z,usb,1,3612849267,123225,31545600,256,8000,32.100
2026-07-23T01:10:02.576Z,usb,1,3612849267,123226,31545856,256,8000,32.100
2026-07-23T01:10:02.608Z,usb,1,3612849267,123227,31546112,256,8000,32.100
2026-07-23T01:10:02.640Z,usb,1,3612849267,123228,31546368,256,8000,32.100
2026-07-23T01:10:02.672Z,usb,1,3612849267,123229,31546624,256,8000,32.100
2026-07-23T01:10:02.704Z,usb,1,3612849267,123230,31546880,256,8000,32.100
2026-07-23T01:10:02.736Z,usb,1,3612849267,123231,31547136,256,8000,32.100
2026-07-23T01:10:02.768Z,usb,1,3612849267,123232,31547392,256,8000,32.100
2026-07-23T01:10:02.800Z,usb,1,3612849267,123233,31547648,256,8000,32.100
2026-07-23T01:10:02.832Z,usb,1,3612849267,123234,31547904,256,8000,32.100
2026-07-23T01:10:02.864Z,usb,1,3612849267,123235,31548160,256,8000,32.100
2026-07-23T01:10:02.897Z,usb,1,3612849267,123236,31548416,256,8000,32.100
2026-07-23T01:10:02.928Z,usb,1,3612849267,123237,31548672,256,8000,32.100
2026-07-23T01:10:02.960Z,usb,1,3612849267,123238,31548928,256,8000,32.100
2026-07-23T01:10:02.993Z,usb,1,3612849267,123239,31549184,256,8000,32.100
2026-07-23T01:10:03.024Z,usb,1,3612849267,123240,31549440,256,8000,32.100
2026-07-23T01:10:03.056Z,usb,1,3612849267,123241,31549696,256,8000,32.100
2026-07-23T01:10:03.088Z,usb,1,3612849267,123242,31549952,256,8000,32.100
2026-07-23T01:10:03.120Z,usb,1,3612849267,123243,31550208,256,8000,32.100
2026-07-23T01:10:03.152Z,usb,1,3612849267,123244,31550464,256,8000,32.100
2026-07-23T01:10:03.184Z,usb,1,3612849267,123245,31550720,256,8000,32.100
2026-07-23T01:10:03.216Z,usb,1,3612849267,123246,31550976,256,8000,32.100
2026-07-23T01:10:03.248Z,usb,1,3612849267,123247,31551232,256,8000,32.100
2026-07-23T01:10:03.280Z,usb,1,3612849267,123248,31551488,256,8000,32.100
2026-07-23T01:10:03.312Z,usb,1,3612849267,123249,31551744,256,8000,32.100
2026-07-23T01:10:03.344Z,usb,1,3612849267,123250,31552000,256,8000,32.100
2026-07-23T01:10:03.376Z,usb,1,3612849267,123251,31552256,256,8000,32.100
2026-07-23T01:10:03.408Z,usb,1,3612849267,123252,31552512,256,8000,32.100
2026-07-23T01:10:03.440Z,usb,1,3612849267,123253,31552768,256,8000,32.100
2026-07-23T01:10:03.473Z,usb,1,3612849267,123254,31553024,256,8000,32.100
2026-07-23T01:10:03.504Z,usb,1,3612849267,123255,31553280,256,8000,32.100
2026-07-23T01:10:03.536Z,usb,1,3612849267,123256,31553536,256,8000,32.100
2026-07-23T01:10:03.568Z,usb,1,3612849267,123257,31553792,256,8000,32.100
2026-07-23T01:10:03.600Z,usb,1,3612849267,123258,31554048,256,8000,32.100
2026-07-23T01:10:03.632Z,usb,1,3612849267,123259,31554304,256,8000,32.100
2026-07-23T01:10:03.664Z,usb,1,3612849267,123260,31554560,256,8000,32.100
2026-07-23T01:10:03.697Z,usb,1,3612849267,123261,31554816,256,8000,32.100
2026-07-23T01:10:03.728Z,usb,1,3612849267,123262,31555072,256,8000,32.100
2026-07-23T01:10:03.760Z,usb,1,3612849267,123263,31555328,256,8000,32.100
2026-07-23T01:10:03.793Z,usb,1,3612849267,123264,31555584,256,8000,32.100
2026-07-23T01:10:03.824Z,usb,1,3612849267,123265,31555840,256,8000,32.100
2026-07-23T01:10:03.856Z,usb,1,3612849267,123266,31556096,256,8000,32.100
2026-07-23T01:10:03.889Z,usb,1,3612849267,123267,31556352,256,8000,32.100
2026-07-23T01:10:03.921Z,usb,1,3612849267,123268,31556608,256,8000,32.100
2026-07-23T01:10:03.952Z,usb,1,3612849267,123269,31556864,256,8000,32.100
2026-07-23T01:10:03.984Z,usb,1,3612849267,123270,31557120,256,8000,32.100
2026-07-23T01:10:04.016Z,usb,1,3612849267,123271,31557376,256,8000,32.100
2026-07-23T01:10:04.048Z,usb,1,3612849267,123272,31557632,256,8000,32.100
2026-07-23T01:10:04.080Z,usb,1,3612849267,123273,31557888,256,8000,32.100
2026-07-23T01:10:04.113Z,usb,1,3612849267,123274,31558144,256,8000,32.100
2026-07-23T01:10:04.144Z,usb,1,3612849267,123275,31558400,256,8000,32.100
2026-07-23T01:10:04.177Z,usb,1,3612849267,123276,31558656,256,8000,32.100
2026-07-23T01:10:04.208Z,usb,1,3612849267,123277,31558912,256,8000,32.100
2026-07-23T01:10:04.240Z,usb,1,3612849267,123278,31559168,256,8000,32.100
2026-07-23T01:10:04.272Z,usb,1,3612849267,123279,31559424,256,8000,32.100
2026-07-23T01:10:04.304Z,usb,1,3612849267,123280,31559680,256,8000,32.100
2026-07-23T01:10:04.336Z,usb,1,3612849267,123281,31559936,256,8000,32.100
2026-07-23T01:10:04.368Z,usb,1,3612849267,123282,31560192,256,8000,32.100
2026-07-23T01:10:04.401Z,usb,1,3612849267,123283,31560448,256,8000,32.100
2026-07-23T01:10:04.433Z,usb,1,3612849267,123284,31560704,256,8000,32.100
2026-07-23T01:10:04.464Z,usb,1,3612849267,123285,31560960,256,8000,32.100
2026-07-23T01:10:04.497Z,usb,1,3612849267,123286,31561216,256,8000,32.100
2026-07-23T01:10:04.529Z,usb,1,3612849267,123287,31561472,256,8000,32.100
2026-07-23T01:10:04.560Z,usb,1,3612849267,123288,31561728,256,8000,32.100
2026-07-23T01:10:04.593Z,usb,1,3612849267,123289,31561984,256,8000,32.100
2026-07-23T01:10:04.624Z,usb,1,3612849267,123290,31562240,256,8000,32.100
2026-07-23T01:10:04.656Z,usb,1,3612849267,123291,31562496,256,8000,32.100
2026-07-23T01:10:04.689Z,usb,1,3612849267,123292,31562752,256,8000,32.100
2026-07-23T01:10:04.720Z,usb,1,3612849267,123293,31563008,256,8000,32.100
2026-07-23T01:10:04.752Z,usb,1,3612849267,123294,31563264,256,8000,32.100
2026-07-23T01:10:04.784Z,usb,1,3612849267,123295,31563520,256,8000,32.100
2026-07-23T01:10:04.816Z,usb,1,3612849267,123296,31563776,256,8000,32.100
2026-07-23T01:10:04.848Z,usb,1,3612849267,123297,31564032,256,8000,32.100
2026-07-23T01:10:04.880Z,usb,1,3612849267,123298,31564288,256,8000,32.100
2026-07-23T01:10:04.913Z,usb,1,3612849267,123299,31564544,256,8000,32.100
2026-07-23T01:10:04.945Z,usb,1,3612849267,123300,31564800,256,8000,32.090
2026-07-23T01:10:04.976Z,usb,1,3612849267,123301,31565056,256,8000,32.090
2026-07-23T01:10:05.009Z,usb,1,3612849267,123302,31565312,256,8000,32.090
2026-07-23T01:10:05.040Z,usb,1,3612849267,123303,31565568,256,8000,32.090
2026-07-23T01:10:05.072Z,usb,1,3612849267,123304,31565824,256,8000,32.090
2026-07-23T01:10:05.104Z,usb,1,3612849267,123305,31566080,256,8000,32.090
2026-07-23T01:10:05.136Z,usb,1,3612849267,123306,31566336,256,8000,32.090
2026-07-23T01:10:05.168Z,usb,1,3612849267,123307,31566592,256,8000,32.090
2026-07-23T01:10:05.201Z,usb,1,3612849267,123308,31566848,256,8000,32.090
2026-07-23T01:10:05.232Z,usb,1,3612849267,123309,31567104,256,8000,32.090
2026-07-23T01:10:05.264Z,usb,1,3612849267,123310,31567360,256,8000,32.090
2026-07-23T01:10:05.296Z,usb,1,3612849267,123311,31567616,256,8000,32.090
2026-07-23T01:10:05.328Z,usb,1,3612849267,123312,31567872,256,8000,32.090
2026-07-23T01:10:05.360Z,usb,1,3612849267,123313,31568128,256,8000,32.090
2026-07-23T01:10:05.392Z,usb,1,3612849267,123314,31568384,256,8000,32.090
2026-07-23T01:10:05.424Z,usb,1,3612849267,123315,31568640,256,8000,32.090
2026-07-23T01:10:05.457Z,usb,1,3612849267,123316,31568896,256,8000,32.090
2026-07-23T01:10:05.489Z,usb,1,3612849267,123317,31569152,256,8000,32.090
2026-07-23T01:10:05.520Z,usb,1,3612849267,123318,31569408,256,8000,32.090
2026-07-23T01:10:05.552Z,usb,1,3612849267,123319,31569664,256,8000,32.090
2026-07-23T01:10:05.584Z,usb,1,3612849267,123320,31569920,256,8000,32.090
2026-07-23T01:10:05.617Z,usb,1,3612849267,123321,31570176,256,8000,32.090
2026-07-23T01:10:05.648Z,usb,1,3612849267,123322,31570432,256,8000,32.090
2026-07-23T01:10:05.680Z,usb,1,3612849267,123323,31570688,256,8000,32.090
2026-07-23T01:10:05.713Z,usb,1,3612849267,123324,31570944,256,8000,32.090
2026-07-23T01:10:05.744Z,usb,1,3612849267,123325,31571200,256,8000,32.090
2026-07-23T01:10:05.776Z,usb,1,3612849267,123326,31571456,256,8000,32.090
2026-07-23T01:10:05.808Z,usb,1,3612849267,123327,31571712,256,8000,32.090
2026-07-23T01:10:05.840Z,usb,1,3612849267,123328,31571968,256,8000,32.090
2026-07-23T01:10:05.872Z,usb,1,3612849267,123329,31572224,256,8000,32.090
2026-07-23T01:10:05.905Z,usb,1,3612849267,123330,31572480,256,8000,32.090
2026-07-23T01:10:05.936Z,usb,1,3612849267,123331,31572736,256,8000,32.090
2026-07-23T01:10:05.969Z,usb,1,3612849267,123332,31572992,256,8000,32.090
2026-07-23T01:10:06.001Z,usb,1,3612849267,123333,31573248,256,8000,32.090
2026-07-23T01:10:06.032Z,usb,1,3612849267,123334,31573504,256,8000,32.090
2026-07-23T01:10:06.064Z,usb,1,3612849267,123335,31573760,256,8000,32.090
2026-07-23T01:10:06.096Z,usb,1,3612849267,123336,31574016,256,8000,32.090
2026-07-23T01:10:06.128Z,usb,1,3612849267,123337,31574272,256,8000,32.090
2026-07-23T01:10:06.160Z,usb,1,3612849267,123338,31574528,256,8000,32.090
2026-07-23T01:10:06.192Z,usb,1,3612849267,123339,31574784,256,8000,32.090
2026-07-23T01:10:06.225Z,usb,1,3612849267,123340,31575040,256,8000,32.090
2026-07-23T01:10:06.256Z,usb,1,3612849267,123341,31575296,256,8000,32.090
2026-07-23T01:10:06.288Z,usb,1,3612849267,123342,31575552,256,8000,32.090
2026-07-23T01:10:06.321Z,usb,1,3612849267,123343,31575808,256,8000,32.090
2026-07-23T01:10:06.352Z,usb,1,3612849267,123344,31576064,256,8000,32.090
2026-07-23T01:10:06.384Z,usb,1,3612849267,123345,31576320,256,8000,32.090
2026-07-23T01:10:06.416Z,usb,1,3612849267,123346,31576576,256,8000,32.090
2026-07-23T01:10:06.448Z,usb,1,3612849267,123347,31576832,256,8000,32.090
2026-07-23T01:10:06.481Z,usb,1,3612849267,123348,31577088,256,8000,32.090
2026-07-23T01:10:06.513Z,usb,1,3612849267,123349,31577344,256,8000,32.090
2026-07-23T01:10:06.544Z,usb,1,3612849267,123350,31577600,256,8000,32.090
2026-07-23T01:10:06.576Z,usb,1,3612849267,123351,31577856,256,8000,32.090
2026-07-23T01:10:06.608Z,usb,1,3612849267,123352,31578112,256,8000,32.090
2026-07-23T01:10:06.640Z,usb,1,3612849267,123353,31578368,256,8000,32.090
2026-07-23T01:10:06.672Z,usb,1,3612849267,123354,31578624,256,8000,32.090
2026-07-23T01:10:06.704Z,usb,1,3612849267,123355,31578880,256,8000,32.090
2026-07-23T01:10:06.736Z,usb,1,3612849267,123356,31579136,256,8000,32.090
2026-07-23T01:10:06.768Z,usb,1,3612849267,123357,31579392,256,8000,32.090
2026-07-23T01:10:06.800Z,usb,1,3612849267,123358,31579648,256,8000,32.090
2026-07-23T01:10:06.832Z,usb,1,3612849267,123359,31579904,256,8000,32.090
2026-07-23T01:10:06.864Z,usb,1,3612849267,123360,31580160,256,8000,32.090
2026-07-23T01:10:06.896Z,usb,1,3612849267,123361,31580416,256,8000,32.090
2026-07-23T01:10:06.928Z,usb,1,3612849267,123362,31580672,256,8000,32.090
2026-07-23T01:10:06.960Z,usb,1,3612849267,123363,31580928,256,8000,32.090
2026-07-23T01:10:06.993Z,usb,1,3612849267,123364,31581184,256,8000,32.100
2026-07-23T01:10:07.024Z,usb,1,3612849267,123365,31581440,256,8000,32.100
2026-07-23T01:10:07.056Z,usb,1,3612849267,123366,31581696,256,8000,32.100
2026-07-23T01:10:07.088Z,usb,1,3612849267,123367,31581952,256,8000,32.100
2026-07-23T01:10:07.120Z,usb,1,3612849267,123368,31582208,256,8000,32.100
2026-07-23T01:10:07.152Z,usb,1,3612849267,123369,31582464,256,8000,32.100
2026-07-23T01:10:07.184Z,usb,1,3612849267,123370,31582720,256,8000,32.100
2026-07-23T01:10:07.217Z,usb,1,3612849267,123371,31582976,256,8000,32.100
2026-07-23T01:10:07.248Z,usb,1,3612849267,123372,31583232,256,8000,32.100
2026-07-23T01:10:07.280Z,usb,1,3612849267,123373,31583488,256,8000,32.100
2026-07-23T01:10:07.312Z,usb,1,3612849267,123374,31583744,256,8000,32.100
2026-07-23T01:10:07.344Z,usb,1,3612849267,123375,31584000,256,8000,32.100
2026-07-23T01:10:07.376Z,usb,1,3612849267,123376,31584256,256,8000,32.100
2026-07-23T01:10:07.408Z,usb,1,3612849267,123377,31584512,256,8000,32.100
2026-07-23T01:10:07.440Z,usb,1,3612849267,123378,31584768,256,8000,32.100
2026-07-23T01:10:07.472Z,usb,1,3612849267,123379,31585024,256,8000,32.100
2026-07-23T01:10:07.504Z,usb,1,3612849267,123380,31585280,256,8000,32.100
2026-07-23T01:10:07.536Z,usb,1,3612849267,123381,31585536,256,8000,32.100
2026-07-23T01:10:07.568Z,usb,1,3612849267,123382,31585792,256,8000,32.100
2026-07-23T01:10:07.600Z,usb,1,3612849267,123383,31586048,256,8000,32.100
2026-07-23T01:10:07.632Z,usb,1,3612849267,123384,31586304,256,8000,32.100
2026-07-23T01:10:07.664Z,usb,1,3612849267,123385,31586560,256,8000,32.100
2026-07-23T01:10:07.696Z,usb,1,3612849267,123386,31586816,256,8000,32.100
2026-07-23T01:10:07.729Z,usb,1,3612849267,123387,31587072,256,8000,32.100
2026-07-23T01:10:07.760Z,usb,1,3612849267,123388,31587328,256,8000,32.100
2026-07-23T01:10:07.792Z,usb,1,3612849267,123389,31587584,256,8000,32.100
2026-07-23T01:10:07.825Z,usb,1,3612849267,123390,31587840,256,8000,32.100
2026-07-23T01:10:07.856Z,usb,1,3612849267,123391,31588096,256,8000,32.100
2026-07-23T01:10:07.888Z,usb,1,3612849267,123392,31588352,256,8000,32.100
2026-07-23T01:10:07.920Z,usb,1,3612849267,123393,31588608,256,8000,32.100
2026-07-23T01:10:07.952Z,usb,1,3612849267,123394,31588864,256,8000,32.100
2026-07-23T01:10:07.984Z,usb,1,3612849267,123395,31589120,256,8000,32.100
2026-07-23T01:10:08.017Z,usb,1,3612849267,123396,31589376,256,8000,32.100
2026-07-23T01:10:08.048Z,usb,1,3612849267,123397,31589632,256,8000,32.100
2026-07-23T01:10:08.080Z,usb,1,3612849267,123398,31589888,256,8000,32.100
2026-07-23T01:10:08.113Z,usb,1,3612849267,123399,31590144,256,8000,32.100
2026-07-23T01:10:08.144Z,usb,1,3612849267,123400,31590400,256,8000,32.100
2026-07-23T01:10:08.176Z,usb,1,3612849267,123401,31590656,256,8000,32.100
2026-07-23T01:10:08.208Z,usb,1,3612849267,123402,31590912,256,8000,32.100
2026-07-23T01:10:08.241Z,usb,1,3612849267,123403,31591168,256,8000,32.100
2026-07-23T01:10:08.272Z,usb,1,3612849267,123404,31591424,256,8000,32.100
2026-07-23T01:10:08.304Z,usb,1,3612849267,123405,31591680,256,8000,32.100
2026-07-23T01:10:08.336Z,usb,1,3612849267,123406,31591936,256,8000,32.100
2026-07-23T01:10:08.368Z,usb,1,3612849267,123407,31592192,256,8000,32.100
2026-07-23T01:10:08.400Z,usb,1,3612849267,123408,31592448,256,8000,32.100
2026-07-23T01:10:08.432Z,usb,1,3612849267,123409,31592704,256,8000,32.100
2026-07-23T01:10:08.464Z,usb,1,3612849267,123410,31592960,256,8000,32.100
2026-07-23T01:10:08.497Z,usb,1,3612849267,123411,31593216,256,8000,32.100
2026-07-23T01:10:08.529Z,usb,1,3612849267,123412,31593472,256,8000,32.100
2026-07-23T01:10:08.560Z,usb,1,3612849267,123413,31593728,256,8000,32.100
2026-07-23T01:10:08.593Z,usb,1,3612849267,123414,31593984,256,8000,32.100
2026-07-23T01:10:08.624Z,usb,1,3612849267,123415,31594240,256,8000,32.100
2026-07-23T01:10:08.656Z,usb,1,3612849267,123416,31594496,256,8000,32.100
2026-07-23T01:10:08.688Z,usb,1,3612849267,123417,31594752,256,8000,32.100
2026-07-23T01:10:08.721Z,usb,1,3612849267,123418,31595008,256,8000,32.100
2026-07-23T01:10:08.752Z,usb,1,3612849267,123419,31595264,256,8000,32.100
2026-07-23T01:10:08.784Z,usb,1,3612849267,123420,31595520,256,8000,32.100
2026-07-23T01:10:08.816Z,usb,1,3612849267,123421,31595776,256,8000,32.100
2026-07-23T01:10:08.848Z,usb,1,3612849267,123422,31596032,256,8000,32.100
2026-07-23T01:10:08.880Z,usb,1,3612849267,123423,31596288,256,8000,32.100
2026-07-23T01:10:08.913Z,usb,1,3612849267,123424,31596544,256,8000,32.100
2026-07-23T01:10:08.945Z,usb,1,3612849267,123425,31596800,256,8000,32.100
2026-07-23T01:10:08.977Z,usb,1,3612849267,123426,31597056,256,8000,32.100
2026-07-23T01:10:09.009Z,usb,1,3612849267,123427,31597312,256,8000,32.100
2026-07-23T01:10:09.041Z,usb,1,3612849267,123428,31597568,256,8000,32.100
2026-07-23T01:10:09.073Z,usb,1,3612849267,123429,31597824,256,8000,32.100
2026-07-23T01:10:09.104Z,usb,1,3612849267,123430,31598080,256,8000,32.100
2026-07-23T01:10:09.136Z,usb,1,3612849267,123431,31598336,256,8000,32.100
2026-07-23T01:10:09.168Z,usb,1,3612849267,123432,31598592,256,8000,32.100
2026-07-23T01:10:09.200Z,usb,1,3612849267,123433,31598848,256,8000,32.100
2026-07-23T01:10:09.232Z,usb,1,3612849267,123434,31599104,256,8000,32.100
2026-07-23T01:10:09.264Z,usb,1,3612849267,123435,31599360,256,8000,32.100
2026-07-23T01:10:09.296Z,usb,1,3612849267,123436,31599616,256,8000,32.100
2026-07-23T01:10:09.328Z,usb,1,3612849267,123437,31599872,256,8000,32.100
2026-07-23T01:10:09.360Z,usb,1,3612849267,123438,31600128,256,8000,32.100
2026-07-23T01:10:09.392Z,usb,1,3612849267,123439,31600384,256,8000,32.100
2026-07-23T01:10:09.424Z,usb,1,3612849267,123440,31600640,256,8000,32.100
2026-07-23T01:10:09.457Z,usb,1,3612849267,123441,31600896,256,8000,32.100
2026-07-23T01:10:09.489Z,usb,1,3612849267,123442,31601152,256,8000,32.100
2026-07-23T01:10:09.520Z,usb,1,3612849267,123443,31601408,256,8000,32.100
2026-07-23T01:10:09.552Z,usb,1,3612849267,123444,31601664,256,8000,32.100
2026-07-23T01:10:09.584Z,usb,1,3612849267,123445,31601920,256,8000,32.100
2026-07-23T01:10:09.616Z,usb,1,3612849267,123446,31602176,256,8000,32.100
2026-07-23T01:10:09.648Z,usb,1,3612849267,123447,31602432,256,8000,32.100
2026-07-23T01:10:09.680Z,usb,1,3612849267,123448,31602688,256,8000,32.100
2026-07-23T01:10:09.712Z,usb,1,3612849267,123449,31602944,256,8000,32.100
2026-07-23T01:10:09.744Z,usb,1,3612849267,123450,31603200,256,8000,32.100
2026-07-23T01:10:09.776Z,usb,1,3612849267,123451,31603456,256,8000,32.100
2026-07-23T01:10:09.808Z,usb,1,3612849267,123452,31603712,256,8000,32.100
2026-07-23T01:10:09.840Z,usb,1,3612849267,123453,31603968,256,8000,32.100
2026-07-23T01:10:09.872Z,usb,1,3612849267,123454,31604224,256,8000,32.100
2026-07-23T01:10:09.904Z,usb,1,3612849267,123455,31604480,256,8000,32.100
2026-07-23T01:10:09.936Z,usb,1,3612849267,123456,31604736,256,8000,32.100
2026-07-23T01:10:09.968Z,usb,1,3612849267,123457,31604992,256,8000,32.100
2026-07-23T01:10:10.000Z,usb,1,3612849267,123458,31605248,256,8000,32.100
2026-07-23T01:10:10.032Z,usb,1,3612849267,123459,31605504,256,8000,32.100
2026-07-23T01:10:10.065Z,usb,1,3612849267,123460,31605760,256,8000,32.100
2026-07-23T01:10:10.096Z,usb,1,3612849267,123461,31606016,256,8000,32.100
2026-07-23T01:10:10.128Z,usb,1,3612849267,123462,31606272,256,8000,32.100
2026-07-23T01:10:10.160Z,usb,1,3612849267,123463,31606528,256,8000,32.100
2026-07-23T01:10:10.192Z,usb,1,3612849267,123464,31606784,256,8000,32.100
2026-07-23T01:10:10.224Z,usb,1,3612849267,123465,31607040,256,8000,32.100
2026-07-23T01:10:10.256Z,usb,1,3612849267,123466,31607296,256,8000,32.100
2026-07-23T01:10:10.288Z,usb,1,3612849267,123467,31607552,256,8000,32.100
2026-07-23T01:10:10.321Z,usb,1,3612849267,123468,31607808,256,8000,32.100
2026-07-23T01:10:10.352Z,usb,1,3612849267,123469,31608064,256,8000,32.100
2026-07-23T01:10:10.384Z,usb,1,3612849267,123470,31608320,256,8000,32.100
2026-07-23T01:10:10.416Z,usb,1,3612849267,123471,31608576,256,8000,32.100
2026-07-23T01:10:10.448Z,usb,1,3612849267,123472,31608832,256,8000,32.100
2026-07-23T01:10:10.481Z,usb,1,3612849267,123473,31609088,256,8000,32.100
2026-07-23T01:10:10.512Z,usb,1,3612849267,123474,31609344,256,8000,32.100
2026-07-23T01:10:10.544Z,usb,1,3612849267,123475,31609600,256,8000,32.100
2026-07-23T01:10:10.576Z,usb,1,3612849267,123476,31609856,256,8000,32.100
2026-07-23T01:10:10.608Z,usb,1,3612849267,123477,31610112,256,8000,32.100
2026-07-23T01:10:10.640Z,usb,1,3612849267,123478,31610368,256,8000,32.100
2026-07-23T01:10:10.672Z,usb,1,3612849267,123479,31610624,256,8000,32.100
2026-07-23T01:10:10.704Z,usb,1,3612849267,123480,31610880,256,8000,32.100
2026-07-23T01:10:10.736Z,usb,1,3612849267,123481,31611136,256,8000,32.100
2026-07-23T01:10:10.768Z,usb,1,3612849267,123482,31611392,256,8000,32.100
2026-07-23T01:10:10.800Z,usb,1,3612849267,123483,31611648,256,8000,32.100
2026-07-23T01:10:10.832Z,usb,1,3612849267,123484,31611904,256,8000,32.100
2026-07-23T01:10:10.864Z,usb,1,3612849267,123485,31612160,256,8000,32.100
2026-07-23T01:10:10.896Z,usb,1,3612849267,123486,31612416,256,8000,32.100
2026-07-23T01:10:10.928Z,usb,1,3612849267,123487,31612672,256,8000,32.100
2026-07-23T01:10:10.960Z,usb,1,3612849267,123488,31612928,256,8000,32.100
2026-07-23T01:10:10.992Z,usb,1,3612849267,123489,31613184,256,8000,32.100
2026-07-23T01:10:11.024Z,usb,1,3612849267,123490,31613440,256,8000,32.100
2026-07-23T01:10:11.056Z,usb,1,3612849267,123491,31613696,256,8000,32.100
2026-07-23T01:10:11.089Z,usb,1,3612849267,123492,31613952,256,8000,32.100
2026-07-23T01:10:11.120Z,usb,1,3612849267,123493,31614208,256,8000,32.100
2026-07-23T01:10:11.152Z,usb,1,3612849267,123494,31614464,256,8000,32.100
2026-07-23T01:10:11.184Z,usb,1,3612849267,123495,31614720,256,8000,32.100
2026-07-23T01:10:11.216Z,usb,1,3612849267,123496,31614976,256,8000,32.100
2026-07-23T01:10:11.248Z,usb,1,3612849267,123497,31615232,256,8000,32.100
2026-07-23T01:10:11.280Z,usb,1,3612849267,123498,31615488,256,8000,32.100
2026-07-23T01:10:11.312Z,usb,1,3612849267,123499,31615744,256,8000,32.100
2026-07-23T01:10:11.345Z,usb,1,3612849267,123500,31616000,256,8000,32.100
2026-07-23T01:10:11.376Z,usb,1,3612849267,123501,31616256,256,8000,32.100
2026-07-23T01:10:11.408Z,usb,1,3612849267,123502,31616512,256,8000,32.100
2026-07-23T01:10:11.440Z,usb,1,3612849267,123503,31616768,256,8000,32.100
2026-07-23T01:10:11.473Z,usb,1,3612849267,123504,31617024,256,8000,32.100
2026-07-23T01:10:11.504Z,usb,1,3612849267,123505,31617280,256,8000,32.100
2026-07-23T01:10:11.537Z,usb,1,3612849267,123506,31617536,256,8000,32.100
2026-07-23T01:10:11.568Z,usb,1,3612849267,123507,31617792,256,8000,32.100
2026-07-23T01:10:11.600Z,usb,1,3612849267,123508,31618048,256,8000,32.100
2026-07-23T01:10:11.632Z,usb,1,3612849267,123509,31618304,256,8000,32.100
2026-07-23T01:10:11.664Z,usb,1,3612849267,123510,31618560,256,8000,32.100
2026-07-23T01:10:11.696Z,usb,1,3612849267,123511,31618816,256,8000,32.100
2026-07-23T01:10:11.728Z,usb,1,3612849267,123512,31619072,256,8000,32.100
2026-07-23T01:10:11.760Z,usb,1,3612849267,123513,31619328,256,8000,32.100
2026-07-23T01:10:11.792Z,usb,1,3612849267,123514,31619584,256,8000,32.100
2026-07-23T01:10:11.824Z,usb,1,3612849267,123515,31619840,256,8000,32.100
2026-07-23T01:10:11.856Z,usb,1,3612849267,123516,31620096,256,8000,32.100
2026-07-23T01:10:11.888Z,usb,1,3612849267,123517,31620352,256,8000,32.100
2026-07-23T01:10:11.920Z,usb,1,3612849267,123518,31620608,256,8000,32.100
2026-07-23T01:10:11.953Z,usb,1,3612849267,123519,31620864,256,8000,32.100
2026-07-23T01:10:11.985Z,usb,1,3612849267,123520,31621120,256,8000,32.100
2026-07-23T01:10:12.017Z,usb,1,3612849267,123521,31621376,256,8000,32.100
2026-07-23T01:10:12.048Z,usb,1,3612849267,123522,31621632,256,8000,32.100
2026-07-23T01:10:12.080Z,usb,1,3612849267,123523,31621888,256,8000,32.100
2026-07-23T01:10:12.113Z,usb,1,3612849267,123524,31622144,256,8000,32.100
2026-07-23T01:10:12.144Z,usb,1,3612849267,123525,31622400,256,8000,32.100
2026-07-23T01:10:12.176Z,usb,1,3612849267,123526,31622656,256,8000,32.100
2026-07-23T01:10:12.208Z,usb,1,3612849267,123527,31622912,256,8000,32.100
2026-07-23T01:10:12.240Z,usb,1,3612849267,123528,31623168,256,8000,32.100
2026-07-23T01:10:12.272Z,usb,1,3612849267,123529,31623424,256,8000,32.100
2026-07-23T01:10:12.304Z,usb,1,3612849267,123530,31623680,256,8000,32.100
2026-07-23T01:10:12.336Z,usb,1,3612849267,123531,31623936,256,8000,32.100
2026-07-23T01:10:12.368Z,usb,1,3612849267,123532,31624192,256,8000,32.100
2026-07-23T01:10:12.400Z,usb,1,3612849267,123533,31624448,256,8000,32.100
2026-07-23T01:10:12.432Z,usb,1,3612849267,123534,31624704,256,8000,32.100
2026-07-23T01:10:12.464Z,usb,1,3612849267,123535,31624960,256,8000,32.100
2026-07-23T01:10:12.496Z,usb,1,3612849267,123536,31625216,256,8000,32.100
2026-07-23T01:10:12.529Z,usb,1,3612849267,123537,31625472,256,8000,32.100
2026-07-23T01:10:12.561Z,usb,1,3612849267,123538,31625728,256,8000,32.100
2026-07-23T01:10:12.592Z,usb,1,3612849267,123539,31625984,256,8000,32.100
2026-07-23T01:10:12.624Z,usb,1,3612849267,123540,31626240,256,8000,32.100
2026-07-23T01:10:12.656Z,usb,1,3612849267,123541,31626496,256,8000,32.100
2026-07-23T01:10:12.689Z,usb,1,3612849267,123542,31626752,256,8000,32.100
2026-07-23T01:10:12.720Z,usb,1,3612849267,123543,31627008,256,8000,32.100
2026-07-23T01:10:12.752Z,usb,1,3612849267,123544,31627264,256,8000,32.100
2026-07-23T01:10:12.784Z,usb,1,3612849267,123545,31627520,256,8000,32.100
2026-07-23T01:10:12.816Z,usb,1,3612849267,123546,31627776,256,8000,32.100
2026-07-23T01:10:12.848Z,usb,1,3612849267,123547,31628032,256,8000,32.100
2026-07-23T01:10:12.881Z,usb,1,3612849267,123548,31628288,256,8000,32.100
2026-07-23T01:10:12.913Z,usb,1,3612849267,123549,31628544,256,8000,32.100
2026-07-23T01:10:12.944Z,usb,1,3612849267,123550,31628800,256,8000,32.100
2026-07-23T01:10:12.977Z,usb,1,3612849267,123551,31629056,256,8000,32.100
2026-07-23T01:10:13.008Z,usb,1,3612849267,123552,31629312,256,8000,32.100
2026-07-23T01:10:13.040Z,usb,1,3612849267,123553,31629568,256,8000,32.100
2026-07-23T01:10:13.072Z,usb,1,3612849267,123554,31629824,256,8000,32.100
2026-07-23T01:10:13.104Z,usb,1,3612849267,123555,31630080,256,8000,32.100
2026-07-23T01:10:13.137Z,usb,1,3612849267,123556,31630336,256,8000,32.100
2026-07-23T01:10:13.168Z,usb,1,3612849267,123557,31630592,256,8000,32.100
2026-07-23T01:10:13.200Z,usb,1,3612849267,123558,31630848,256,8000,32.100
2026-07-23T01:10:13.232Z,usb,1,3612849267,123559,31631104,256,8000,32.100
2026-07-23T01:10:13.264Z,usb,1,3612849267,123560,31631360,256,8000,32.100
2026-07-23T01:10:13.296Z,usb,1,3612849267,123561,31631616,256,8000,32.100
2026-07-23T01:10:13.328Z,usb,1,3612849267,123562,31631872,256,8000,32.100
2026-07-23T01:10:13.360Z,usb,1,3612849267,123563,31632128,256,8000,32.100
2026-07-23T01:10:13.392Z,usb,1,3612849267,123564,31632384,256,8000,32.100
2026-07-23T01:10:13.424Z,usb,1,3612849267,123565,31632640,256,8000,32.100
2026-07-23T01:10:13.456Z,usb,1,3612849267,123566,31632896,256,8000,32.100
2026-07-23T01:10:13.488Z,usb,1,3612849267,123567,31633152,256,8000,32.100
2026-07-23T01:10:13.520Z,usb,1,3612849267,123568,31633408,256,8000,32.100
2026-07-23T01:10:13.552Z,usb,1,3612849267,123569,31633664,256,8000,32.100
2026-07-23T01:10:13.584Z,usb,1,3612849267,123570,31633920,256,8000,32.100
2026-07-23T01:10:13.616Z,usb,1,3612849267,123571,31634176,256,8000,32.100
2026-07-23T01:10:13.648Z,usb,1,3612849267,123572,31634432,256,8000,32.100
2026-07-23T01:10:13.680Z,usb,1,3612849267,123573,31634688,256,8000,32.100
2026-07-23T01:10:13.712Z,usb,1,3612849267,123574,31634944,256,8000,32.100
2026-07-23T01:10:13.744Z,usb,1,3612849267,123575,31635200,256,8000,32.100
2026-07-23T01:10:13.776Z,usb,1,3612849267,123576,31635456,256,8000,32.100
2026-07-23T01:10:13.808Z,usb,1,3612849267,123577,31635712,256,8000,32.100
2026-07-23T01:10:13.840Z,usb,1,3612849267,123578,31635968,256,8000,32.100
2026-07-23T01:10:13.872Z,usb,1,3612849267,123579,31636224,256,8000,32.100
2026-07-23T01:10:13.904Z,usb,1,3612849267,123580,31636480,256,8000,32.100
2026-07-23T01:10:13.936Z,usb,1,3612849267,123581,31636736,256,8000,32.100
2026-07-23T01:10:13.968Z,usb,1,3612849267,123582,31636992,256,8000,32.100
2026-07-23T01:10:14.001Z,usb,1,3612849267,123583,31637248,256,8000,32.100
2026-07-23T01:10:14.032Z,usb,1,3612849267,123584,31637504,256,8000,32.100
2026-07-23T01:10:14.064Z,usb,1,3612849267,123585,31637760,256,8000,32.100
2026-07-23T01:10:14.096Z,usb,1,3612849267,123586,31638016,256,8000,32.100
2026-07-23T01:10:14.128Z,usb,1,3612849267,123587,31638272,256,8000,32.100
2026-07-23T01:10:14.161Z,usb,1,3612849267,123588,31638528,256,8000,32.100
2026-07-23T01:10:14.192Z,usb,1,3612849267,123589,31638784,256,8000,32.100
2026-07-23T01:10:14.225Z,usb,1,3612849267,123590,31639040,256,8000,32.100
2026-07-23T01:10:14.257Z,usb,1,3612849267,123591,31639296,256,8000,32.100
2026-07-23T01:10:14.288Z,usb,1,3612849267,123592,31639552,256,8000,32.100
2026-07-23T01:10:14.320Z,usb,1,3612849267,123593,31639808,256,8000,32.100
2026-07-23T01:10:14.352Z,usb,1,3612849267,123594,31640064,256,8000,32.100
2026-07-23T01:10:14.384Z,usb,1,3612849267,123595,31640320,256,8000,32.100
2026-07-23T01:10:14.416Z,usb,1,3612849267,123596,31640576,256,8000,32.100
2026-07-23T01:10:14.448Z,usb,1,3612849267,123597,31640832,256,8000,32.100
2026-07-23T01:10:14.481Z,usb,1,3612849267,123598,31641088,256,8000,32.100
2026-07-23T01:10:14.513Z,usb,1,3612849267,123599,31641344,256,8000,32.100
2026-07-23T01:10:14.544Z,usb,1,3612849267,123600,31641600,256,8000,32.100
2026-07-23T01:10:14.577Z,usb,1,3612849267,123601,31641856,256,8000,32.100
2026-07-23T01:10:14.608Z,usb,1,3612849267,123602,31642112,256,8000,32.100
2026-07-23T01:10:14.640Z,usb,1,3612849267,123603,31642368,256,8000,32.100
2026-07-23T01:10:14.672Z,usb,1,3612849267,123604,31642624,256,8000,32.100
2026-07-23T01:10:14.705Z,usb,1,3612849267,123605,31642880,256,8000,32.100
2026-07-23T01:10:14.736Z,usb,1,3612849267,123606,31643136,256,8000,32.100
2026-07-23T01:10:14.768Z,usb,1,3612849267,123607,31643392,256,8000,32.100
2026-07-23T01:10:14.800Z,usb,1,3612849267,123608,31643648,256,8000,32.100
2026-07-23T01:10:14.832Z,usb,1,3612849267,123609,31643904,256,8000,32.100
2026-07-23T01:10:14.864Z,usb,1,3612849267,123610,31644160,256,8000,32.100
2026-07-23T01:10:14.897Z,usb,1,3612849267,123611,31644416,256,8000,32.100
2026-07-23T01:10:14.928Z,usb,1,3612849267,123612,31644672,256,8000,32.100
2026-07-23T01:10:14.960Z,usb,1,3612849267,123613,31644928,256,8000,32.100
2026-07-23T01:10:14.993Z,usb,1,3612849267,123614,31645184,256,8000,32.100
2026-07-23T01:10:15.024Z,usb,1,3612849267,123615,31645440,256,8000,32.100
2026-07-23T01:10:15.056Z,usb,1,3612849267,123616,31645696,256,8000,32.100
2026-07-23T01:10:15.088Z,usb,1,3612849267,123617,31645952,256,8000,32.100
2026-07-23T01:10:15.120Z,usb,1,3612849267,123618,31646208,256,8000,32.100
2026-07-23T01:10:15.152Z,usb,1,3612849267,123619,31646464,256,8000,32.100
2026-07-23T01:10:15.185Z,usb,1,3612849267,123620,31646720,256,8000,32.100
2026-07-23T01:10:15.216Z,usb,1,3612849267,123621,31646976,256,8000,32.100
2026-07-23T01:10:15.248Z,usb,1,3612849267,123622,31647232,256,8000,32.100
2026-07-23T01:10:15.280Z,usb,1,3612849267,123623,31647488,256,8000,32.100
2026-07-23T01:10:15.312Z,usb,1,3612849267,123624,31647744,256,8000,32.100
2026-07-23T01:10:15.344Z,usb,1,3612849267,123625,31648000,256,8000,32.100
2026-07-23T01:10:15.376Z,usb,1,3612849267,123626,31648256,256,8000,32.100
2026-07-23T01:10:15.408Z,usb,1,3612849267,123627,31648512,256,8000,32.100
2026-07-23T01:10:15.440Z,usb,1,3612849267,123628,31648768,256,8000,32.100
2026-07-23T01:10:15.473Z,usb,1,3612849267,123629,31649024,256,8000,32.100
2026-07-23T01:10:15.504Z,usb,1,3612849267,123630,31649280,256,8000,32.100
2026-07-23T01:10:15.536Z,usb,1,3612849267,123631,31649536,256,8000,32.100
2026-07-23T01:10:15.568Z,usb,1,3612849267,123632,31649792,256,8000,32.100
2026-07-23T01:10:15.600Z,usb,1,3612849267,123633,31650048,256,8000,32.100
2026-07-23T01:10:15.632Z,usb,1,3612849267,123634,31650304,256,8000,32.100
2026-07-23T01:10:15.664Z,usb,1,3612849267,123635,31650560,256,8000,32.100
2026-07-23T01:10:15.697Z,usb,1,3612849267,123636,31650816,256,8000,32.100
2026-07-23T01:10:15.728Z,usb,1,3612849267,123637,31651072,256,8000,32.100
2026-07-23T01:10:15.760Z,usb,1,3612849267,123638,31651328,256,8000,32.100
2026-07-23T01:10:15.792Z,usb,1,3612849267,123639,31651584,256,8000,32.100
2026-07-23T01:10:15.824Z,usb,1,3612849267,123640,31651840,256,8000,32.100
2026-07-23T01:10:15.856Z,usb,1,3612849267,123641,31652096,256,8000,32.100
2026-07-23T01:10:15.888Z,usb,1,3612849267,123642,31652352,256,8000,32.100
2026-07-23T01:10:15.920Z,usb,1,3612849267,123643,31652608,256,8000,32.100
2026-07-23T01:10:15.953Z,usb,1,3612849267,123644,31652864,256,8000,32.100
2026-07-23T01:10:15.984Z,usb,1,3612849267,123645,31653120,256,8000,32.100
2026-07-23T01:10:16.016Z,usb,1,3612849267,123646,31653376,256,8000,32.100
2026-07-23T01:10:16.049Z,usb,1,3612849267,123647,31653632,256,8000,32.100
2026-07-23T01:10:16.081Z,usb,1,3612849267,123648,31653888,256,8000,32.100
2026-07-23T01:10:16.113Z,usb,1,3612849267,123649,31654144,256,8000,32.100
2026-07-23T01:10:16.144Z,usb,1,3612849267,123650,31654400,256,8000,32.100
2026-07-23T01:10:16.177Z,usb,1,3612849267,123651,31654656,256,8000,32.100
2026-07-23T01:10:16.209Z,usb,1,3612849267,123652,31654912,256,8000,32.100
2026-07-23T01:10:16.241Z,usb,1,3612849267,123653,31655168,256,8000,32.100
2026-07-23T01:10:16.272Z,usb,1,3612849267,123654,31655424,256,8000,32.100
2026-07-23T01:10:16.304Z,usb,1,3612849267,123655,31655680,256,8000,32.100
2026-07-23T01:10:16.336Z,usb,1,3612849267,123656,31655936,256,8000,32.100
2026-07-23T01:10:16.368Z,usb,1,3612849267,123657,31656192,256,8000,32.100
2026-07-23T01:10:16.400Z,usb,1,3612849267,123658,31656448,256,8000,32.100
2026-07-23T01:10:16.432Z,usb,1,3612849267,123659,31656704,256,8000,32.100
2026-07-23T01:10:16.464Z,usb,1,3612849267,123660,31656960,256,8000,32.100
2026-07-23T01:10:16.496Z,usb,1,3612849267,123661,31657216,256,8000,32.100
2026-07-23T01:10:16.528Z,usb,1,3612849267,123662,31657472,256,8000,32.100
2026-07-23T01:10:16.560Z,usb,1,3612849267,123663,31657728,256,8000,32.100
2026-07-23T01:10:16.593Z,usb,1,3612849267,123664,31657984,256,8000,32.100
2026-07-23T01:10:16.625Z,usb,1,3612849267,123665,31658240,256,8000,32.100
2026-07-23T01:10:16.656Z,usb,1,3612849267,123666,31658496,256,8000,32.100
2026-07-23T01:10:16.689Z,usb,1,3612849267,123667,31658752,256,8000,32.100
2026-07-23T01:10:16.721Z,usb,1,3612849267,123668,31659008,256,8000,32.100
2026-07-23T01:10:16.752Z,usb,1,3612849267,123669,31659264,256,8000,32.100
2026-07-23T01:10:16.784Z,usb,1,3612849267,123670,31659520,256,8000,32.100
2026-07-23T01:10:16.816Z,usb,1,3612849267,123671,31659776,256,8000,32.100
2026-07-23T01:10:16.848Z,usb,1,3612849267,123672,31660032,256,8000,32.100
2026-07-23T01:10:16.880Z,usb,1,3612849267,123673,31660288,256,8000,32.100
2026-07-23T01:10:16.912Z,usb,1,3612849267,123674,31660544,256,8000,32.100
2026-07-23T01:10:16.944Z,usb,1,3612849267,123675,31660800,256,8000,32.100
2026-07-23T01:10:16.977Z,usb,1,3612849267,123676,31661056,256,8000,32.100
2026-07-23T01:10:17.008Z,usb,1,3612849267,123677,31661312,256,8000,32.100
2026-07-23T01:10:17.040Z,usb,1,3612849267,123678,31661568,256,8000,32.100
2026-07-23T01:10:17.072Z,usb,1,3612849267,123679,31661824,256,8000,32.100
2026-07-23T01:10:17.104Z,usb,1,3612849267,123680,31662080,256,8000,32.100
2026-07-23T01:10:17.136Z,usb,1,3612849267,123681,31662336,256,8000,32.100
2026-07-23T01:10:17.168Z,usb,1,3612849267,123682,31662592,256,8000,32.100
2026-07-23T01:10:17.200Z,usb,1,3612849267,123683,31662848,256,8000,32.100
2026-07-23T01:10:17.233Z,usb,1,3612849267,123684,31663104,256,8000,32.090
2026-07-23T01:10:17.264Z,usb,1,3612849267,123685,31663360,256,8000,32.090
2026-07-23T01:10:17.296Z,usb,1,3612849267,123686,31663616,256,8000,32.090
2026-07-23T01:10:17.328Z,usb,1,3612849267,123687,31663872,256,8000,32.090
2026-07-23T01:10:17.360Z,usb,1,3612849267,123688,31664128,256,8000,32.090
2026-07-23T01:10:17.392Z,usb,1,3612849267,123689,31664384,256,8000,32.090
2026-07-23T01:10:17.424Z,usb,1,3612849267,123690,31664640,256,8000,32.090
2026-07-23T01:10:17.456Z,usb,1,3612849267,123691,31664896,256,8000,32.090
2026-07-23T01:10:17.489Z,usb,1,3612849267,123692,31665152,256,8000,32.090
2026-07-23T01:10:17.520Z,usb,1,3612849267,123693,31665408,256,8000,32.090
2026-07-23T01:10:17.552Z,usb,1,3612849267,123694,31665664,256,8000,32.090
2026-07-23T01:10:17.584Z,usb,1,3612849267,123695,31665920,256,8000,32.090
2026-07-23T01:10:17.616Z,usb,1,3612849267,123696,31666176,256,8000,32.090
2026-07-23T01:10:17.648Z,usb,1,3612849267,123697,31666432,256,8000,32.090
2026-07-23T01:10:17.680Z,usb,1,3612849267,123698,31666688,256,8000,32.090
2026-07-23T01:10:17.712Z,usb,1,3612849267,123699,31666944,256,8000,32.090
2026-07-23T01:10:17.744Z,usb,1,3612849267,123700,31667200,256,8000,32.090
2026-07-23T01:10:17.776Z,usb,1,3612849267,123701,31667456,256,8000,32.090
2026-07-23T01:10:17.808Z,usb,1,3612849267,123702,31667712,256,8000,32.090
2026-07-23T01:10:17.840Z,usb,1,3612849267,123703,31667968,256,8000,32.090
2026-07-23T01:10:17.872Z,usb,1,3612849267,123704,31668224,256,8000,32.090
2026-07-23T01:10:17.904Z,usb,1,3612849267,123705,31668480,256,8000,32.090
2026-07-23T01:10:17.936Z,usb,1,3612849267,123706,31668736,256,8000,32.090
2026-07-23T01:10:17.969Z,usb,1,3612849267,123707,31668992,256,8000,32.090
2026-07-23T01:10:18.000Z,usb,1,3612849267,123708,31669248,256,8000,32.090
2026-07-23T01:10:18.032Z,usb,1,3612849267,123709,31669504,256,8000,32.090
2026-07-23T01:10:18.065Z,usb,1,3612849267,123710,31669760,256,8000,32.090
2026-07-23T01:10:18.097Z,usb,1,3612849267,123711,31670016,256,8000,32.090
2026-07-23T01:10:18.128Z,usb,1,3612849267,123712,31670272,256,8000,32.090
2026-07-23T01:10:18.161Z,usb,1,3612849267,123713,31670528,256,8000,32.090
2026-07-23T01:10:18.193Z,usb,1,3612849267,123714,31670784,256,8000,32.090
2026-07-23T01:10:18.225Z,usb,1,3612849267,123715,31671040,256,8000,32.090
2026-07-23T01:10:18.257Z,usb,1,3612849267,123716,31671296,256,8000,32.100
2026-07-23T01:10:18.290Z,usb,1,3612849267,123717,31671552,256,8000,32.100
2026-07-23T01:10:18.320Z,usb,1,3612849267,123718,31671808,256,8000,32.100
2026-07-23T01:10:18.352Z,usb,1,3612849267,123719,31672064,256,8000,32.100
2026-07-23T01:10:18.384Z,usb,1,3612849267,123720,31672320,256,8000,32.100
2026-07-23T01:10:18.417Z,usb,1,3612849267,123721,31672576,256,8000,32.100
2026-07-23T01:10:18.448Z,usb,1,3612849267,123722,31672832,256,8000,32.100
2026-07-23T01:10:18.480Z,usb,1,3612849267,123723,31673088,256,8000,32.100
2026-07-23T01:10:18.512Z,usb,1,3612849267,123724,31673344,256,8000,32.100
2026-07-23T01:10:18.544Z,usb,1,3612849267,123725,31673600,256,8000,32.100
2026-07-23T01:10:18.577Z,usb,1,3612849267,123726,31673856,256,8000,32.100
2026-07-23T01:10:18.609Z,usb,1,3612849267,123727,31674112,256,8000,32.100
2026-07-23T01:10:18.640Z,usb,1,3612849267,123728,31674368,256,8000,32.100
2026-07-23T01:10:18.672Z,usb,1,3612849267,123729,31674624,256,8000,32.100
2026-07-23T01:10:18.705Z,usb,1,3612849267,123730,31674880,256,8000,32.100
2026-07-23T01:10:18.736Z,usb,1,3612849267,123731,31675136,256,8000,32.100
2026-07-23T01:10:18.769Z,usb,1,3612849267,123732,31675392,256,8000,32.100
2026-07-23T01:10:18.800Z,usb,1,3612849267,123733,31675648,256,8000,32.100
2026-07-23T01:10:18.832Z,usb,1,3612849267,123734,31675904,256,8000,32.100
2026-07-23T01:10:18.864Z,usb,1,3612849267,123735,31676160,256,8000,32.100
2026-07-23T01:10:18.896Z,usb,1,3612849267,123736,31676416,256,8000,32.100
2026-07-23T01:10:18.928Z,usb,1,3612849267,123737,31676672,256,8000,32.100
2026-07-23T01:10:18.960Z,usb,1,3612849267,123738,31676928,256,8000,32.100
2026-07-23T01:10:18.992Z,usb,1,3612849267,123739,31677184,256,8000,32.100
2026-07-23T01:10:19.024Z,usb,1,3612849267,123740,31677440,256,8000,32.100
2026-07-23T01:10:19.056Z,usb,1,3612849267,123741,31677696,256,8000,32.100
2026-07-23T01:10:19.088Z,usb,1,3612849267,123742,31677952,256,8000,32.100
2026-07-23T01:10:19.120Z,usb,1,3612849267,123743,31678208,256,8000,32.100
2026-07-23T01:10:19.152Z,usb,1,3612849267,123744,31678464,256,8000,32.100
2026-07-23T01:10:19.184Z,usb,1,3612849267,123745,31678720,256,8000,32.100
2026-07-23T01:10:19.216Z,usb,1,3612849267,123746,31678976,256,8000,32.100
2026-07-23T01:10:19.251Z,usb,1,3612849267,123747,31679232,256,8000,32.100
2026-07-23T01:10:19.281Z,usb,1,3612849267,123748,31679488,256,8000,32.100
2026-07-23T01:10:19.312Z,usb,1,3612849267,123749,31679744,256,8000,32.100
2026-07-23T01:10:19.344Z,usb,1,3612849267,123750,31680000,256,8000,32.100
2026-07-23T01:10:19.376Z,usb,1,3612849267,123751,31680256,256,8000,32.100
2026-07-23T01:10:19.408Z,usb,1,3612849267,123752,31680512,256,8000,32.100
2026-07-23T01:10:19.440Z,usb,1,3612849267,123753,31680768,256,8000,32.100
2026-07-23T01:10:19.472Z,usb,1,3612849267,123754,31681024,256,8000,32.100
2026-07-23T01:10:19.504Z,usb,1,3612849267,123755,31681280,256,8000,32.100
2026-07-23T01:10:19.536Z,usb,1,3612849267,123756,31681536,256,8000,32.100
2026-07-23T01:10:19.568Z,usb,1,3612849267,123757,31681792,256,8000,32.100
2026-07-23T01:10:19.600Z,usb,1,3612849267,123758,31682048,256,8000,32.100
2026-07-23T01:10:19.632Z,usb,1,3612849267,123759,31682304,256,8000,32.100
2026-07-23T01:10:19.665Z,usb,1,3612849267,123760,31682560,256,8000,32.100
2026-07-23T01:10:19.696Z,usb,1,3612849267,123761,31682816,256,8000,32.100
2026-07-23T01:10:19.728Z,usb,1,3612849267,123762,31683072,256,8000,32.100
2026-07-23T01:10:19.760Z,usb,1,3612849267,123763,31683328,256,8000,32.100
2026-07-23T01:10:19.792Z,usb,1,3612849267,123764,31683584,256,8000,32.100
2026-07-23T01:10:19.824Z,usb,1,3612849267,123765,31683840,256,8000,32.100
2026-07-23T01:10:19.856Z,usb,1,3612849267,123766,31684096,256,8000,32.100
2026-07-23T01:10:19.888Z,usb,1,3612849267,123767,31684352,256,8000,32.100
2026-07-23T01:10:19.921Z,usb,1,3612849267,123768,31684608,256,8000,32.100
2026-07-23T01:10:19.952Z,usb,1,3612849267,123769,31684864,256,8000,32.100
2026-07-23T01:10:19.984Z,usb,1,3612849267,123770,31685120,256,8000,32.100
2026-07-23T01:10:20.016Z,usb,1,3612849267,123771,31685376,256,8000,32.100
2026-07-23T01:10:20.048Z,usb,1,3612849267,123772,31685632,256,8000,32.100
2026-07-23T01:10:20.081Z,usb,1,3612849267,123773,31685888,256,8000,32.100
2026-07-23T01:10:20.112Z,usb,1,3612849267,123774,31686144,256,8000,32.100
2026-07-23T01:10:20.144Z,usb,1,3612849267,123775,31686400,256,8000,32.100
2026-07-23T01:10:20.176Z,usb,1,3612849267,123776,31686656,256,8000,32.100
2026-07-23T01:10:20.208Z,usb,1,3612849267,123777,31686912,256,8000,32.100
2026-07-23T01:10:20.240Z,usb,1,3612849267,123778,31687168,256,8000,32.100
2026-07-23T01:10:20.272Z,usb,1,3612849267,123779,31687424,256,8000,32.100
2026-07-23T01:10:20.305Z,usb,1,3612849267,123780,31687680,256,8000,32.100
2026-07-23T01:10:20.336Z,usb,1,3612849267,123781,31687936,256,8000,32.100
2026-07-23T01:10:20.368Z,usb,1,3612849267,123782,31688192,256,8000,32.100
2026-07-23T01:10:20.400Z,usb,1,3612849267,123783,31688448,256,8000,32.100
2026-07-23T01:10:20.432Z,usb,1,3612849267,123784,31688704,256,8000,32.100
2026-07-23T01:10:20.464Z,usb,1,3612849267,123785,31688960,256,8000,32.100
2026-07-23T01:10:20.496Z,usb,1,3612849267,123786,31689216,256,8000,32.100
2026-07-23T01:10:20.528Z,usb,1,3612849267,123787,31689472,256,8000,32.100
2026-07-23T01:10:20.560Z,usb,1,3612849267,123788,31689728,256,8000,32.100
2026-07-23T01:10:20.593Z,usb,1,3612849267,123789,31689984,256,8000,32.100
2026-07-23T01:10:20.624Z,usb,1,3612849267,123790,31690240,256,8000,32.100
2026-07-23T01:10:20.656Z,usb,1,3612849267,123791,31690496,256,8000,32.100
2026-07-23T01:10:20.688Z,usb,1,3612849267,123792,31690752,256,8000,32.100
2026-07-23T01:10:20.720Z,usb,1,3612849267,123793,31691008,256,8000,32.100
2026-07-23T01:10:20.752Z,usb,1,3612849267,123794,31691264,256,8000,32.100
2026-07-23T01:10:20.784Z,usb,1,3612849267,123795,31691520,256,8000,32.100
2026-07-23T01:10:20.816Z,usb,1,3612849267,123796,31691776,256,8000,32.100
2026-07-23T01:10:20.848Z,usb,1,3612849267,123797,31692032,256,8000,32.100
2026-07-23T01:10:20.880Z,usb,1,3612849267,123798,31692288,256,8000,32.100
2026-07-23T01:10:20.912Z,usb,1,3612849267,123799,31692544,256,8000,32.100
2026-07-23T01:10:20.945Z,usb,1,3612849267,123800,31692800,256,8000,32.100
2026-07-23T01:10:20.977Z,usb,1,3612849267,123801,31693056,256,8000,32.100
2026-07-23T01:10:21.008Z,usb,1,3612849267,123802,31693312,256,8000,32.100
2026-07-23T01:10:21.040Z,usb,1,3612849267,123803,31693568,256,8000,32.100
2026-07-23T01:10:21.072Z,usb,1,3612849267,123804,31693824,256,8000,32.100
2026-07-23T01:10:21.104Z,usb,1,3612849267,123805,31694080,256,8000,32.100
2026-07-23T01:10:21.136Z,usb,1,3612849267,123806,31694336,256,8000,32.100
2026-07-23T01:10:21.168Z,usb,1,3612849267,123807,31694592,256,8000,32.100
2026-07-23T01:10:21.200Z,usb,1,3612849267,123808,31694848,256,8000,32.100
2026-07-23T01:10:21.232Z,usb,1,3612849267,123809,31695104,256,8000,32.100
2026-07-23T01:10:21.264Z,usb,1,3612849267,123810,31695360,256,8000,32.100
2026-07-23T01:10:21.296Z,usb,1,3612849267,123811,31695616,256,8000,32.100
2026-07-23T01:10:21.329Z,usb,1,3612849267,123812,31695872,256,8000,32.100
2026-07-23T01:10:21.360Z,usb,1,3612849267,123813,31696128,256,8000,32.100
2026-07-23T01:10:21.392Z,usb,1,3612849267,123814,31696384,256,8000,32.100
2026-07-23T01:10:21.424Z,usb,1,3612849267,123815,31696640,256,8000,32.100
2026-07-23T01:10:21.456Z,usb,1,3612849267,123816,31696896,256,8000,32.100
2026-07-23T01:10:21.489Z,usb,1,3612849267,123817,31697152,256,8000,32.100
2026-07-23T01:10:21.520Z,usb,1,3612849267,123818,31697408,256,8000,32.100
2026-07-23T01:10:21.552Z,usb,1,3612849267,123819,31697664,256,8000,32.100
2026-07-23T01:10:21.584Z,usb,1,3612849267,123820,31697920,256,8000,32.100
2026-07-23T01:10:21.616Z,usb,1,3612849267,123821,31698176,256,8000,32.100
2026-07-23T01:10:21.648Z,usb,1,3612849267,123822,31698432,256,8000,32.100
2026-07-23T01:10:21.680Z,usb,1,3612849267,123823,31698688,256,8000,32.100
2026-07-23T01:10:21.712Z,usb,1,3612849267,123824,31698944,256,8000,32.100
2026-07-23T01:10:21.744Z,usb,1,3612849267,123825,31699200,256,8000,32.100
2026-07-23T01:10:21.776Z,usb,1,3612849267,123826,31699456,256,8000,32.100
2026-07-23T01:10:21.808Z,usb,1,3612849267,123827,31699712,256,8000,32.100
2026-07-23T01:10:21.840Z,usb,1,3612849267,123828,31699968,256,8000,32.100
2026-07-23T01:10:21.873Z,usb,1,3612849267,123829,31700224,256,8000,32.100
2026-07-23T01:10:21.904Z,usb,1,3612849267,123830,31700480,256,8000,32.100
2026-07-23T01:10:21.936Z,usb,1,3612849267,123831,31700736,256,8000,32.100
2026-07-23T01:10:21.968Z,usb,1,3612849267,123832,31700992,256,8000,32.100
2026-07-23T01:10:22.001Z,usb,1,3612849267,123833,31701248,256,8000,32.100
2026-07-23T01:10:22.033Z,usb,1,3612849267,123834,31701504,256,8000,32.100
2026-07-23T01:10:22.065Z,usb,1,3612849267,123835,31701760,256,8000,32.100
2026-07-23T01:10:22.096Z,usb,1,3612849267,123836,31702016,256,8000,32.100
2026-07-23T01:10:22.129Z,usb,1,3612849267,123837,31702272,256,8000,32.100
2026-07-23T01:10:22.160Z,usb,1,3612849267,123838,31702528,256,8000,32.100
2026-07-23T01:10:22.193Z,usb,1,3612849267,123839,31702784,256,8000,32.100
2026-07-23T01:10:22.225Z,usb,1,3612849267,123840,31703040,256,8000,32.100
2026-07-23T01:10:22.257Z,usb,1,3612849267,123841,31703296,256,8000,32.100
2026-07-23T01:10:22.288Z,usb,1,3612849267,123842,31703552,256,8000,32.100
2026-07-23T01:10:22.320Z,usb,1,3612849267,123843,31703808,256,8000,32.100
2026-07-23T01:10:22.353Z,usb,1,3612849267,123844,31704064,256,8000,32.100
2026-07-23T01:10:22.385Z,usb,1,3612849267,123845,31704320,256,8000,32.100
2026-07-23T01:10:22.416Z,usb,1,3612849267,123846,31704576,256,8000,32.100
2026-07-23T01:10:22.449Z,usb,1,3612849267,123847,31704832,256,8000,32.100
2026-07-23T01:10:22.480Z,usb,1,3612849267,123848,31705088,256,8000,32.100
2026-07-23T01:10:22.512Z,usb,1,3612849267,123849,31705344,256,8000,32.100
2026-07-23T01:10:22.544Z,usb,1,3612849267,123850,31705600,256,8000,32.100
2026-07-23T01:10:22.577Z,usb,1,3612849267,123851,31705856,256,8000,32.100
2026-07-23T01:10:22.609Z,usb,1,3612849267,123852,31706112,256,8000,32.100
2026-07-23T01:10:22.641Z,usb,1,3612849267,123853,31706368,256,8000,32.100
2026-07-23T01:10:22.673Z,usb,1,3612849267,123854,31706624,256,8000,32.100
2026-07-23T01:10:22.704Z,usb,1,3612849267,123855,31706880,256,8000,32.100
2026-07-23T01:10:22.737Z,usb,1,3612849267,123856,31707136,256,8000,32.100
2026-07-23T01:10:22.769Z,usb,1,3612849267,123857,31707392,256,8000,32.100
2026-07-23T01:10:22.800Z,usb,1,3612849267,123858,31707648,256,8000,32.100
2026-07-23T01:10:22.832Z,usb,1,3612849267,123859,31707904,256,8000,32.100
2026-07-23T01:10:22.864Z,usb,1,3612849267,123860,31708160,256,8000,32.100
2026-07-23T01:10:22.897Z,usb,1,3612849267,123861,31708416,256,8000,32.100
2026-07-23T01:10:22.928Z,usb,1,3612849267,123862,31708672,256,8000,32.100
2026-07-23T01:10:22.960Z,usb,1,3612849267,123863,31708928,256,8000,32.100
2026-07-23T01:10:22.993Z,usb,1,3612849267,123864,31709184,256,8000,32.100
2026-07-23T01:10:23.024Z,usb,1,3612849267,123865,31709440,256,8000,32.100
2026-07-23T01:10:23.056Z,usb,1,3612849267,123866,31709696,256,8000,32.100
2026-07-23T01:10:23.088Z,usb,1,3612849267,123867,31709952,256,8000,32.100
2026-07-23T01:10:23.121Z,usb,1,3612849267,123868,31710208,256,8000,32.100
2026-07-23T01:10:23.152Z,usb,1,3612849267,123869,31710464,256,8000,32.100
2026-07-23T01:10:23.184Z,usb,1,3612849267,123870,31710720,256,8000,32.100
2026-07-23T01:10:23.216Z,usb,1,3612849267,123871,31710976,256,8000,32.100
2026-07-23T01:10:23.248Z,usb,1,3612849267,123872,31711232,256,8000,32.100
2026-07-23T01:10:23.280Z,usb,1,3612849267,123873,31711488,256,8000,32.100
2026-07-23T01:10:23.312Z,usb,1,3612849267,123874,31711744,256,8000,32.100
2026-07-23T01:10:23.344Z,usb,1,3612849267,123875,31712000,256,8000,32.100
2026-07-23T01:10:23.377Z,usb,1,3612849267,123876,31712256,256,8000,32.100
2026-07-23T01:10:23.408Z,usb,1,3612849267,123877,31712512,256,8000,32.100
2026-07-23T01:10:23.440Z,usb,1,3612849267,123878,31712768,256,8000,32.100
2026-07-23T01:10:23.472Z,usb,1,3612849267,123879,31713024,256,8000,32.100
2026-07-23T01:10:23.505Z,usb,1,3612849267,123880,31713280,256,8000,32.100
2026-07-23T01:10:23.536Z,usb,1,3612849267,123881,31713536,256,8000,32.100
2026-07-23T01:10:23.568Z,usb,1,3612849267,123882,31713792,256,8000,32.100
2026-07-23T01:10:23.600Z,usb,1,3612849267,123883,31714048,256,8000,32.100
2026-07-23T01:10:23.632Z,usb,1,3612849267,123884,31714304,256,8000,32.100
2026-07-23T01:10:23.664Z,usb,1,3612849267,123885,31714560,256,8000,32.100
2026-07-23T01:10:23.696Z,usb,1,3612849267,123886,31714816,256,8000,32.100
2026-07-23T01:10:23.728Z,usb,1,3612849267,123887,31715072,256,8000,32.100
2026-07-23T01:10:23.760Z,usb,1,3612849267,123888,31715328,256,8000,32.100
2026-07-23T01:10:23.792Z,usb,1,3612849267,123889,31715584,256,8000,32.100
2026-07-23T01:10:23.824Z,usb,1,3612849267,123890,31715840,256,8000,32.100
2026-07-23T01:10:23.856Z,usb,1,3612849267,123891,31716096,256,8000,32.100
2026-07-23T01:10:23.888Z,usb,1,3612849267,123892,31716352,256,8000,32.100
2026-07-23T01:10:23.920Z,usb,1,3612849267,123893,31716608,256,8000,32.100
2026-07-23T01:10:23.952Z,usb,1,3612849267,123894,31716864,256,8000,32.100
2026-07-23T01:10:23.984Z,usb,1,3612849267,123895,31717120,256,8000,32.100
2026-07-23T01:10:24.016Z,usb,1,3612849267,123896,31717376,256,8000,32.100
2026-07-23T01:10:24.048Z,usb,1,3612849267,123897,31717632,256,8000,32.100
2026-07-23T01:10:24.080Z,usb,1,3612849267,123898,31717888,256,8000,32.100
2026-07-23T01:10:24.112Z,usb,1,3612849267,123899,31718144,256,8000,32.100
2026-07-23T01:10:24.144Z,usb,1,3612849267,123900,31718400,256,8000,32.100
2026-07-23T01:10:24.176Z,usb,1,3612849267,123901,31718656,256,8000,32.100
2026-07-23T01:10:24.208Z,usb,1,3612849267,123902,31718912,256,8000,32.100
2026-07-23T01:10:24.240Z,usb,1,3612849267,123903,31719168,256,8000,32.100
2026-07-23T01:10:24.272Z,usb,1,3612849267,123904,31719424,256,8000,32.100
2026-07-23T01:10:24.304Z,usb,1,3612849267,123905,31719680,256,8000,32.100
2026-07-23T01:10:24.336Z,usb,1,3612849267,123906,31719936,256,8000,32.100
2026-07-23T01:10:24.368Z,usb,1,3612849267,123907,31720192,256,8000,32.100
2026-07-23T01:10:24.401Z,usb,1,3612849267,123908,31720448,256,8000,32.100
2026-07-23T01:10:24.432Z,usb,1,3612849267,123909,31720704,256,8000,32.100
2026-07-23T01:10:24.464Z,usb,1,3612849267,123910,31720960,256,8000,32.100
2026-07-23T01:10:24.497Z,usb,1,3612849267,123911,31721216,256,8000,32.100
2026-07-23T01:10:24.528Z,usb,1,3612849267,123912,31721472,256,8000,32.100
2026-07-23T01:10:24.560Z,usb,1,3612849267,123913,31721728,256,8000,32.100
2026-07-23T01:10:24.592Z,usb,1,3612849267,123914,31721984,256,8000,32.100
2026-07-23T01:10:24.624Z,usb,1,3612849267,123915,31722240,256,8000,32.100
2026-07-23T01:10:24.656Z,usb,1,3612849267,123916,31722496,256,8000,32.100
2026-07-23T01:10:24.688Z,usb,1,3612849267,123917,31722752,256,8000,32.100
2026-07-23T01:10:24.720Z,usb,1,3612849267,123918,31723008,256,8000,32.100
2026-07-23T01:10:24.752Z,usb,1,3612849267,123919,31723264,256,8000,32.100
2026-07-23T01:10:24.785Z,usb,1,3612849267,123920,31723520,256,8000,32.100
2026-07-23T01:10:24.816Z,usb,1,3612849267,123921,31723776,256,8000,32.100
2026-07-23T01:10:24.848Z,usb,1,3612849267,123922,31724032,256,8000,32.100
2026-07-23T01:10:24.880Z,usb,1,3612849267,123923,31724288,256,8000,32.100
2026-07-23T01:10:24.912Z,usb,1,3612849267,123924,31724544,256,8000,32.100
2026-07-23T01:10:24.944Z,usb,1,3612849267,123925,31724800,256,8000,32.100
2026-07-23T01:10:24.977Z,usb,1,3612849267,123926,31725056,256,8000,32.100
2026-07-23T01:10:25.008Z,usb,1,3612849267,123927,31725312,256,8000,32.100
2026-07-23T01:10:25.040Z,usb,1,3612849267,123928,31725568,256,8000,32.100
2026-07-23T01:10:25.072Z,usb,1,3612849267,123929,31725824,256,8000,32.100
2026-07-23T01:10:25.104Z,usb,1,3612849267,123930,31726080,256,8000,32.100
2026-07-23T01:10:25.136Z,usb,1,3612849267,123931,31726336,256,8000,32.100
2026-07-23T01:10:25.168Z,usb,1,3612849267,123932,31726592,256,8000,32.100
2026-07-23T01:10:25.200Z,usb,1,3612849267,123933,31726848,256,8000,32.100
2026-07-23T01:10:25.232Z,usb,1,3612849267,123934,31727104,256,8000,32.100
2026-07-23T01:10:25.264Z,usb,1,3612849267,123935,31727360,256,8000,32.100
2026-07-23T01:10:25.296Z,usb,1,3612849267,123936,31727616,256,8000,32.100
2026-07-23T01:10:25.328Z,usb,1,3612849267,123937,31727872,256,8000,32.100
2026-07-23T01:10:25.360Z,usb,1,3612849267,123938,31728128,256,8000,32.100
2026-07-23T01:10:25.392Z,usb,1,3612849267,123939,31728384,256,8000,32.100
2026-07-23T01:10:25.425Z,usb,1,3612849267,123940,31728640,256,8000,32.100
2026-07-23T01:10:25.456Z,usb,1,3612849267,123941,31728896,256,8000,32.100
2026-07-23T01:10:25.488Z,usb,1,3612849267,123942,31729152,256,8000,32.100
2026-07-23T01:10:25.520Z,usb,1,3612849267,123943,31729408,256,8000,32.100
2026-07-23T01:10:25.552Z,usb,1,3612849267,123944,31729664,256,8000,32.100
2026-07-23T01:10:25.584Z,usb,1,3612849267,123945,31729920,256,8000,32.100
2026-07-23T01:10:25.616Z,usb,1,3612849267,123946,31730176,256,8000,32.100
2026-07-23T01:10:25.648Z,usb,1,3612849267,123947,31730432,256,8000,32.100
2026-07-23T01:10:25.680Z,usb,1,3612849267,123948,31730688,256,8000,32.100
2026-07-23T01:10:25.712Z,usb,1,3612849267,123949,31730944,256,8000,32.100
2026-07-23T01:10:25.744Z,usb,1,3612849267,123950,31731200,256,8000,32.100
2026-07-23T01:10:25.776Z,usb,1,3612849267,123951,31731456,256,8000,32.100
2026-07-23T01:10:25.808Z,usb,1,3612849267,123952,31731712,256,8000,32.100
2026-07-23T01:10:25.840Z,usb,1,3612849267,123953,31731968,256,8000,32.100
2026-07-23T01:10:25.872Z,usb,1,3612849267,123954,31732224,256,8000,32.100
2026-07-23T01:10:25.904Z,usb,1,3612849267,123955,31732480,256,8000,32.100
2026-07-23T01:10:25.936Z,usb,1,3612849267,123956,31732736,256,8000,32.100
2026-07-23T01:10:25.968Z,usb,1,3612849267,123957,31732992,256,8000,32.100
2026-07-23T01:10:26.001Z,usb,1,3612849267,123958,31733248,256,8000,32.100
2026-07-23T01:10:26.033Z,usb,1,3612849267,123959,31733504,256,8000,32.100
2026-07-23T01:10:26.064Z,usb,1,3612849267,123960,31733760,256,8000,32.100
2026-07-23T01:10:26.096Z,usb,1,3612849267,123961,31734016,256,8000,32.100
2026-07-23T01:10:26.128Z,usb,1,3612849267,123962,31734272,256,8000,32.100
2026-07-23T01:10:26.160Z,usb,1,3612849267,123963,31734528,256,8000,32.100
2026-07-23T01:10:26.193Z,usb,1,3612849267,123964,31734784,256,8000,32.100
2026-07-23T01:10:26.224Z,usb,1,3612849267,123965,31735040,256,8000,32.100
2026-07-23T01:10:26.256Z,usb,1,3612849267,123966,31735296,256,8000,32.100
2026-07-23T01:10:26.288Z,usb,1,3612849267,123967,31735552,256,8000,32.100
2026-07-23T01:10:26.320Z,usb,1,3612849267,123968,31735808,256,8000,32.100
2026-07-23T01:10:26.352Z,usb,1,3612849267,123969,31736064,256,8000,32.100
2026-07-23T01:10:26.384Z,usb,1,3612849267,123970,31736320,256,8000,32.100
2026-07-23T01:10:26.416Z,usb,1,3612849267,123971,31736576,256,8000,32.100
2026-07-23T01:10:26.449Z,usb,1,3612849267,123972,31736832,256,8000,32.100
2026-07-23T01:10:26.481Z,usb,1,3612849267,123973,31737088,256,8000,32.100
2026-07-23T01:10:26.512Z,usb,1,3612849267,123974,31737344,256,8000,32.100
2026-07-23T01:10:26.544Z,usb,1,3612849267,123975,31737600,256,8000,32.100
2026-07-23T01:10:26.576Z,usb,1,3612849267,123976,31737856,256,8000,32.100
2026-07-23T01:10:26.608Z,usb,1,3612849267,123977,31738112,256,8000,32.100
2026-07-23T01:10:26.640Z,usb,1,3612849267,123978,31738368,256,8000,32.100
2026-07-23T01:10:26.672Z,usb,1,3612849267,123979,31738624,256,8000,32.100
2026-07-23T01:10:26.705Z,usb,1,3612849267,123980,31738880,256,8000,32.100
2026-07-23T01:10:26.737Z,usb,1,3612849267,123981,31739136,256,8000,32.100
2026-07-23T01:10:26.769Z,usb,1,3612849267,123982,31739392,256,8000,32.100
2026-07-23T01:10:26.800Z,usb,1,3612849267,123983,31739648,256,8000,32.100
2026-07-23T01:10:26.832Z,usb,1,3612849267,123984,31739904,256,8000,32.100
2026-07-23T01:10:26.864Z,usb,1,3612849267,123985,31740160,256,8000,32.100
2026-07-23T01:10:26.897Z,usb,1,3612849267,123986,31740416,256,8000,32.100
2026-07-23T01:10:26.928Z,usb,1,3612849267,123987,31740672,256,8000,32.100
2026-07-23T01:10:26.960Z,usb,1,3612849267,123988,31740928,256,8000,32.100
2026-07-23T01:10:26.992Z,usb,1,3612849267,123989,31741184,256,8000,32.100
2026-07-23T01:10:27.024Z,usb,1,3612849267,123990,31741440,256,8000,32.100
2026-07-23T01:10:27.056Z,usb,1,3612849267,123991,31741696,256,8000,32.100
2026-07-23T01:10:27.088Z,usb,1,3612849267,123992,31741952,256,8000,32.100
2026-07-23T01:10:27.120Z,usb,1,3612849267,123993,31742208,256,8000,32.100
2026-07-23T01:10:27.152Z,usb,1,3612849267,123994,31742464,256,8000,32.100
2026-07-23T01:10:27.184Z,usb,1,3612849267,123995,31742720,256,8000,32.100
2026-07-23T01:10:27.216Z,usb,1,3612849267,123996,31742976,256,8000,32.100
2026-07-23T01:10:27.248Z,usb,1,3612849267,123997,31743232,256,8000,32.100
2026-07-23T01:10:27.280Z,usb,1,3612849267,123998,31743488,256,8000,32.100
2026-07-23T01:10:27.313Z,usb,1,3612849267,123999,31743744,256,8000,32.100
2026-07-23T01:10:27.344Z,usb,1,3612849267,124000,31744000,256,8000,32.100
2026-07-23T01:10:27.376Z,usb,1,3612849267,124001,31744256,256,8000,32.100
2026-07-23T01:10:27.409Z,usb,1,3612849267,124002,31744512,256,8000,32.100
2026-07-23T01:10:27.440Z,usb,1,3612849267,124003,31744768,256,8000,32.100
2026-07-23T01:10:27.473Z,usb,1,3612849267,124004,31745024,256,8000,32.100
2026-07-23T01:10:27.504Z,usb,1,3612849267,124005,31745280,256,8000,32.100
2026-07-23T01:10:27.536Z,usb,1,3612849267,124006,31745536,256,8000,32.100
2026-07-23T01:10:27.568Z,usb,1,3612849267,124007,31745792,256,8000,32.100
2026-07-23T01:10:27.600Z,usb,1,3612849267,124008,31746048,256,8000,32.100
2026-07-23T01:10:27.632Z,usb,1,3612849267,124009,31746304,256,8000,32.100
2026-07-23T01:10:27.664Z,usb,1,3612849267,124010,31746560,256,8000,32.100
2026-07-23T01:10:27.696Z,usb,1,3612849267,124011,31746816,256,8000,32.100
2026-07-23T01:10:27.728Z,usb,1,3612849267,124012,31747072,256,8000,32.100
2026-07-23T01:10:27.760Z,usb,1,3612849267,124013,31747328,256,8000,32.100
2026-07-23T01:10:27.792Z,usb,1,3612849267,124014,31747584,256,8000,32.100
2026-07-23T01:10:27.824Z,usb,1,3612849267,124015,31747840,256,8000,32.100
2026-07-23T01:10:27.856Z,usb,1,3612849267,124016,31748096,256,8000,32.100
2026-07-23T01:10:27.888Z,usb,1,3612849267,124017,31748352,256,8000,32.100
2026-07-23T01:10:27.920Z,usb,1,3612849267,124018,31748608,256,8000,32.100
2026-07-23T01:10:27.953Z,usb,1,3612849267,124019,31748864,256,8000,32.100
2026-07-23T01:10:27.985Z,usb,1,3612849267,124020,31749120,256,8000,32.100
2026-07-23T01:10:28.016Z,usb,1,3612849267,124021,31749376,256,8000,32.100
2026-07-23T01:10:28.048Z,usb,1,3612849267,124022,31749632,256,8000,32.100
2026-07-23T01:10:28.080Z,usb,1,3612849267,124023,31749888,256,8000,32.100
2026-07-23T01:10:28.112Z,usb,1,3612849267,124024,31750144,256,8000,32.100
2026-07-23T01:10:28.144Z,usb,1,3612849267,124025,31750400,256,8000,32.100
2026-07-23T01:10:28.176Z,usb,1,3612849267,124026,31750656,256,8000,32.100
2026-07-23T01:10:28.208Z,usb,1,3612849267,124027,31750912,256,8000,32.100
2026-07-23T01:10:28.241Z,usb,1,3612849267,124028,31751168,256,8000,32.100
2026-07-23T01:10:28.273Z,usb,1,3612849267,124029,31751424,256,8000,32.100
2026-07-23T01:10:28.304Z,usb,1,3612849267,124030,31751680,256,8000,32.100
2026-07-23T01:10:28.337Z,usb,1,3612849267,124031,31751936,256,8000,32.100
2026-07-23T01:10:28.368Z,usb,1,3612849267,124032,31752192,256,8000,32.100
2026-07-23T01:10:28.400Z,usb,1,3612849267,124033,31752448,256,8000,32.100
2026-07-23T01:10:28.432Z,usb,1,3612849267,124034,31752704,256,8000,32.100
2026-07-23T01:10:28.464Z,usb,1,3612849267,124035,31752960,256,8000,32.100
2026-07-23T01:10:28.497Z,usb,1,3612849267,124036,31753216,256,8000,32.100
2026-07-23T01:10:28.528Z,usb,1,3612849267,124037,31753472,256,8000,32.100
2026-07-23T01:10:28.560Z,usb,1,3612849267,124038,31753728,256,8000,32.100
2026-07-23T01:10:28.592Z,usb,1,3612849267,124039,31753984,256,8000,32.100
2026-07-23T01:10:28.624Z,usb,1,3612849267,124040,31754240,256,8000,32.100
2026-07-23T01:10:28.656Z,usb,1,3612849267,124041,31754496,256,8000,32.100
2026-07-23T01:10:28.688Z,usb,1,3612849267,124042,31754752,256,8000,32.100
2026-07-23T01:10:28.720Z,usb,1,3612849267,124043,31755008,256,8000,32.100
2026-07-23T01:10:28.752Z,usb,1,3612849267,124044,31755264,256,8000,32.100
2026-07-23T01:10:28.784Z,usb,1,3612849267,124045,31755520,256,8000,32.100
2026-07-23T01:10:28.817Z,usb,1,3612849267,124046,31755776,256,8000,32.100
2026-07-23T01:10:28.848Z,usb,1,3612849267,124047,31756032,256,8000,32.100
2026-07-23T01:10:28.880Z,usb,1,3612849267,124048,31756288,256,8000,32.100
2026-07-23T01:10:28.912Z,usb,1,3612849267,124049,31756544,256,8000,32.100
2026-07-23T01:10:28.944Z,usb,1,3612849267,124050,31756800,256,8000,32.100
2026-07-23T01:10:28.976Z,usb,1,3612849267,124051,31757056,256,8000,32.100
2026-07-23T01:10:29.008Z,usb,1,3612849267,124052,31757312,256,8000,32.100
2026-07-23T01:10:29.040Z,usb,1,3612849267,124053,31757568,256,8000,32.100
2026-07-23T01:10:29.072Z,usb,1,3612849267,124054,31757824,256,8000,32.100
2026-07-23T01:10:29.104Z,usb,1,3612849267,124055,31758080,256,8000,32.100
2026-07-23T01:10:29.136Z,usb,1,3612849267,124056,31758336,256,8000,32.100
2026-07-23T01:10:29.168Z,usb,1,3612849267,124057,31758592,256,8000,32.100
2026-07-23T01:10:29.200Z,usb,1,3612849267,124058,31758848,256,8000,32.100
2026-07-23T01:10:29.232Z,usb,1,3612849267,124059,31759104,256,8000,32.100
2026-07-23T01:10:29.264Z,usb,1,3612849267,124060,31759360,256,8000,32.100
2026-07-23T01:10:29.296Z,usb,1,3612849267,124061,31759616,256,8000,32.100
2026-07-23T01:10:29.328Z,usb,1,3612849267,124062,31759872,256,8000,32.100
2026-07-23T01:10:29.360Z,usb,1,3612849267,124063,31760128,256,8000,32.100
2026-07-23T01:10:29.392Z,usb,1,3612849267,124064,31760384,256,8000,32.100
2026-07-23T01:10:29.425Z,usb,1,3612849267,124065,31760640,256,8000,32.100
2026-07-23T01:10:29.456Z,usb,1,3612849267,124066,31760896,256,8000,32.100
2026-07-23T01:10:29.489Z,usb,1,3612849267,124067,31761152,256,8000,32.100
2026-07-23T01:10:29.521Z,usb,1,3612849267,124068,31761408,256,8000,32.100
2026-07-23T01:10:29.552Z,usb,1,3612849267,124069,31761664,256,8000,32.100
2026-07-23T01:10:29.584Z,usb,1,3612849267,124070,31761920,256,8000,32.100
2026-07-23T01:10:29.616Z,usb,1,3612849267,124071,31762176,256,8000,32.100
2026-07-23T01:10:29.648Z,usb,1,3612849267,124072,31762432,256,8000,32.100
2026-07-23T01:10:29.680Z,usb,1,3612849267,124073,31762688,256,8000,32.100
2026-07-23T01:10:29.712Z,usb,1,3612849267,124074,31762944,256,8000,32.100
2026-07-23T01:10:29.744Z,usb,1,3612849267,124075,31763200,256,8000,32.100
2026-07-23T01:10:29.776Z,usb,1,3612849267,124076,31763456,256,8000,32.100
2026-07-23T01:10:29.808Z,usb,1,3612849267,124077,31763712,256,8000,32.100
2026-07-23T01:10:29.840Z,usb,1,3612849267,124078,31763968,256,8000,32.100
2026-07-23T01:10:29.872Z,usb,1,3612849267,124079,31764224,256,8000,32.100
2026-07-23T01:10:29.904Z,usb,1,3612849267,124080,31764480,256,8000,32.100
2026-07-23T01:10:29.936Z,usb,1,3612849267,124081,31764736,256,8000,32.100
2026-07-23T01:10:29.968Z,usb,1,3612849267,124082,31764992,256,8000,32.100
2026-07-23T01:10:30.000Z,usb,1,3612849267,124083,31765248,256,8000,32.100
2026-07-23T01:10:30.032Z,usb,1,3612849267,124084,31765504,256,8000,32.100
2026-07-23T01:10:30.064Z,usb,1,3612849267,124085,31765760,256,8000,32.100
2026-07-23T01:10:30.096Z,usb,1,3612849267,124086,31766016,256,8000,32.100
2026-07-23T01:10:30.129Z,usb,1,3612849267,124087,31766272,256,8000,32.100
2026-07-23T01:10:30.161Z,usb,1,3612849267,124088,31766528,256,8000,32.100
2026-07-23T01:10:30.193Z,usb,1,3612849267,124089,31766784,256,8000,32.100
2026-07-23T01:10:30.225Z,usb,1,3612849267,124090,31767040,256,8000,32.100
2026-07-23T01:10:30.256Z,usb,1,3612849267,124091,31767296,256,8000,32.100
2026-07-23T01:10:30.288Z,usb,1,3612849267,124092,31767552,256,8000,32.100
2026-07-23T01:10:30.320Z,usb,1,3612849267,124093,31767808,256,8000,32.100
2026-07-23T01:10:30.352Z,usb,1,3612849267,124094,31768064,256,8000,32.100
2026-07-23T01:10:30.384Z,usb,1,3612849267,124095,31768320,256,8000,32.100
2026-07-23T01:10:30.416Z,usb,1,3612849267,124096,31768576,256,8000,32.100
2026-07-23T01:10:30.449Z,usb,1,3612849267,124097,31768832,256,8000,32.100
2026-07-23T01:10:30.480Z,usb,1,3612849267,124098,31769088,256,8000,32.100
2026-07-23T01:10:30.512Z,usb,1,3612849267,124099,31769344,256,8000,32.100
2026-07-23T01:10:30.545Z,usb,1,3612849267,124100,31769600,256,8000,32.090
2026-07-23T01:10:30.576Z,usb,1,3612849267,124101,31769856,256,8000,32.090
2026-07-23T01:10:30.609Z,usb,1,3612849267,124102,31770112,256,8000,32.090
2026-07-23T01:10:30.640Z,usb,1,3612849267,124103,31770368,256,8000,32.090
2026-07-23T01:10:30.673Z,usb,1,3612849267,124104,31770624,256,8000,32.090
2026-07-23T01:10:30.705Z,usb,1,3612849267,124105,31770880,256,8000,32.090
2026-07-23T01:10:30.736Z,usb,1,3612849267,124106,31771136,256,8000,32.090
2026-07-23T01:10:30.769Z,usb,1,3612849267,124107,31771392,256,8000,32.090
2026-07-23T01:10:30.800Z,usb,1,3612849267,124108,31771648,256,8000,32.090
2026-07-23T01:10:30.832Z,usb,1,3612849267,124109,31771904,256,8000,32.090
2026-07-23T01:10:30.864Z,usb,1,3612849267,124110,31772160,256,8000,32.090
2026-07-23T01:10:30.896Z,usb,1,3612849267,124111,31772416,256,8000,32.090
2026-07-23T01:10:30.928Z,usb,1,3612849267,124112,31772672,256,8000,32.090
2026-07-23T01:10:30.960Z,usb,1,3612849267,124113,31772928,256,8000,32.090
2026-07-23T01:10:30.993Z,usb,1,3612849267,124114,31773184,256,8000,32.090
2026-07-23T01:10:31.024Z,usb,1,3612849267,124115,31773440,256,8000,32.090
2026-07-23T01:10:31.056Z,usb,1,3612849267,124116,31773696,256,8000,32.090
2026-07-23T01:10:31.088Z,usb,1,3612849267,124117,31773952,256,8000,32.090
2026-07-23T01:10:31.120Z,usb,1,3612849267,124118,31774208,256,8000,32.090
2026-07-23T01:10:31.152Z,usb,1,3612849267,124119,31774464,256,8000,32.090
2026-07-23T01:10:31.184Z,usb,1,3612849267,124120,31774720,256,8000,32.090
2026-07-23T01:10:31.216Z,usb,1,3612849267,124121,31774976,256,8000,32.090
2026-07-23T01:10:31.248Z,usb,1,3612849267,124122,31775232,256,8000,32.090
2026-07-23T01:10:31.280Z,usb,1,3612849267,124123,31775488,256,8000,32.090
2026-07-23T01:10:31.312Z,usb,1,3612849267,124124,31775744,256,8000,32.090
2026-07-23T01:10:31.344Z,usb,1,3612849267,124125,31776000,256,8000,32.090
2026-07-23T01:10:31.376Z,usb,1,3612849267,124126,31776256,256,8000,32.090
2026-07-23T01:10:31.408Z,usb,1,3612849267,124127,31776512,256,8000,32.090
2026-07-23T01:10:31.440Z,usb,1,3612849267,124128,31776768,256,8000,32.090
2026-07-23T01:10:31.472Z,usb,1,3612849267,124129,31777024,256,8000,32.090
2026-07-23T01:10:31.504Z,usb,1,3612849267,124130,31777280,256,8000,32.090
2026-07-23T01:10:31.536Z,usb,1,3612849267,124131,31777536,256,8000,32.090
2026-07-23T01:10:31.569Z,usb,1,3612849267,124132,31777792,256,8000,32.100
2026-07-23T01:10:31.600Z,usb,1,3612849267,124133,31778048,256,8000,32.100
2026-07-23T01:10:31.632Z,usb,1,3612849267,124134,31778304,256,8000,32.100
2026-07-23T01:10:31.664Z,usb,1,3612849267,124135,31778560,256,8000,32.100
2026-07-23T01:10:31.696Z,usb,1,3612849267,124136,31778816,256,8000,32.100
2026-07-23T01:10:31.728Z,usb,1,3612849267,124137,31779072,256,8000,32.100
2026-07-23T01:10:31.760Z,usb,1,3612849267,124138,31779328,256,8000,32.100
2026-07-23T01:10:31.792Z,usb,1,3612849267,124139,31779584,256,8000,32.100
2026-07-23T01:10:31.824Z,usb,1,3612849267,124140,31779840,256,8000,32.100
2026-07-23T01:10:31.856Z,usb,1,3612849267,124141,31780096,256,8000,32.100
2026-07-23T01:10:31.888Z,usb,1,3612849267,124142,31780352,256,8000,32.100
2026-07-23T01:10:31.920Z,usb,1,3612849267,124143,31780608,256,8000,32.100
2026-07-23T01:10:31.953Z,usb,1,3612849267,124144,31780864,256,8000,32.100
2026-07-23T01:10:31.985Z,usb,1,3612849267,124145,31781120,256,8000,32.100
2026-07-23T01:10:32.017Z,usb,1,3612849267,124146,31781376,256,8000,32.100
2026-07-23T01:10:32.048Z,usb,1,3612849267,124147,31781632,256,8000,32.100
2026-07-23T01:10:32.080Z,usb,1,3612849267,124148,31781888,256,8000,32.100
2026-07-23T01:10:32.112Z,usb,1,3612849267,124149,31782144,256,8000,32.100
2026-07-23T01:10:32.144Z,usb,1,3612849267,124150,31782400,256,8000,32.100
2026-07-23T01:10:32.176Z,usb,1,3612849267,124151,31782656,256,8000,32.100
2026-07-23T01:10:32.208Z,usb,1,3612849267,124152,31782912,256,8000,32.100
2026-07-23T01:10:32.240Z,usb,1,3612849267,124153,31783168,256,8000,32.100
2026-07-23T01:10:32.272Z,usb,1,3612849267,124154,31783424,256,8000,32.100
2026-07-23T01:10:32.304Z,usb,1,3612849267,124155,31783680,256,8000,32.100
2026-07-23T01:10:32.336Z,usb,1,3612849267,124156,31783936,256,8000,32.100
2026-07-23T01:10:32.368Z,usb,1,3612849267,124157,31784192,256,8000,32.100
2026-07-23T01:10:32.400Z,usb,1,3612849267,124158,31784448,256,8000,32.100
2026-07-23T01:10:32.432Z,usb,1,3612849267,124159,31784704,256,8000,32.100
2026-07-23T01:10:32.464Z,usb,1,3612849267,124160,31784960,256,8000,32.100
2026-07-23T01:10:32.496Z,usb,1,3612849267,124161,31785216,256,8000,32.100
2026-07-23T01:10:32.528Z,usb,1,3612849267,124162,31785472,256,8000,32.100
2026-07-23T01:10:32.560Z,usb,1,3612849267,124163,31785728,256,8000,32.100
2026-07-23T01:10:32.593Z,usb,1,3612849267,124164,31785984,256,8000,32.100
2026-07-23T01:10:32.625Z,usb,1,3612849267,124165,31786240,256,8000,32.100
2026-07-23T01:10:32.656Z,usb,1,3612849267,124166,31786496,256,8000,32.100
2026-07-23T01:10:32.688Z,usb,1,3612849267,124167,31786752,256,8000,32.100
2026-07-23T01:10:32.720Z,usb,1,3612849267,124168,31787008,256,8000,32.100
2026-07-23T01:10:32.752Z,usb,1,3612849267,124169,31787264,256,8000,32.100
2026-07-23T01:10:32.784Z,usb,1,3612849267,124170,31787520,256,8000,32.100
2026-07-23T01:10:32.816Z,usb,1,3612849267,124171,31787776,256,8000,32.100
2026-07-23T01:10:32.848Z,usb,1,3612849267,124172,31788032,256,8000,32.100
2026-07-23T01:10:32.880Z,usb,1,3612849267,124173,31788288,256,8000,32.100
2026-07-23T01:10:32.912Z,usb,1,3612849267,124174,31788544,256,8000,32.100
2026-07-23T01:10:32.944Z,usb,1,3612849267,124175,31788800,256,8000,32.100
2026-07-23T01:10:32.977Z,usb,1,3612849267,124176,31789056,256,8000,32.100
2026-07-23T01:10:33.008Z,usb,1,3612849267,124177,31789312,256,8000,32.100
2026-07-23T01:10:33.040Z,usb,1,3612849267,124178,31789568,256,8000,32.100
2026-07-23T01:10:33.072Z,usb,1,3612849267,124179,31789824,256,8000,32.100
2026-07-23T01:10:33.104Z,usb,1,3612849267,124180,31790080,256,8000,32.100
2026-07-23T01:10:33.137Z,usb,1,3612849267,124181,31790336,256,8000,32.100
2026-07-23T01:10:33.168Z,usb,1,3612849267,124182,31790592,256,8000,32.100
2026-07-23T01:10:33.200Z,usb,1,3612849267,124183,31790848,256,8000,32.100
2026-07-23T01:10:33.232Z,usb,1,3612849267,124184,31791104,256,8000,32.100
2026-07-23T01:10:33.264Z,usb,1,3612849267,124185,31791360,256,8000,32.100
2026-07-23T01:10:33.296Z,usb,1,3612849267,124186,31791616,256,8000,32.100
2026-07-23T01:10:33.329Z,usb,1,3612849267,124187,31791872,256,8000,32.100
2026-07-23T01:10:33.360Z,usb,1,3612849267,124188,31792128,256,8000,32.100
2026-07-23T01:10:33.392Z,usb,1,3612849267,124189,31792384,256,8000,32.100
2026-07-23T01:10:33.424Z,usb,1,3612849267,124190,31792640,256,8000,32.100
2026-07-23T01:10:33.456Z,usb,1,3612849267,124191,31792896,256,8000,32.100
2026-07-23T01:10:33.488Z,usb,1,3612849267,124192,31793152,256,8000,32.100
2026-07-23T01:10:33.520Z,usb,1,3612849267,124193,31793408,256,8000,32.100
2026-07-23T01:10:33.552Z,usb,1,3612849267,124194,31793664,256,8000,32.100
2026-07-23T01:10:33.584Z,usb,1,3612849267,124195,31793920,256,8000,32.100
2026-07-23T01:10:33.617Z,usb,1,3612849267,124196,31794176,256,8000,32.100
2026-07-23T01:10:33.648Z,usb,1,3612849267,124197,31794432,256,8000,32.100
2026-07-23T01:10:33.680Z,usb,1,3612849267,124198,31794688,256,8000,32.100
2026-07-23T01:10:33.712Z,usb,1,3612849267,124199,31794944,256,8000,32.100
2026-07-23T01:10:33.744Z,usb,1,3612849267,124200,31795200,256,8000,32.100
2026-07-23T01:10:33.776Z,usb,1,3612849267,124201,31795456,256,8000,32.100
2026-07-23T01:10:33.808Z,usb,1,3612849267,124202,31795712,256,8000,32.100
2026-07-23T01:10:33.841Z,usb,1,3612849267,124203,31795968,256,8000,32.100
2026-07-23T01:10:33.872Z,usb,1,3612849267,124204,31796224,256,8000,32.100
2026-07-23T01:10:33.904Z,usb,1,3612849267,124205,31796480,256,8000,32.100
2026-07-23T01:10:33.936Z,usb,1,3612849267,124206,31796736,256,8000,32.100
2026-07-23T01:10:33.968Z,usb,1,3612849267,124207,31796992,256,8000,32.100
2026-07-23T01:10:34.000Z,usb,1,3612849267,124208,31797248,256,8000,32.100
2026-07-23T01:10:34.032Z,usb,1,3612849267,124209,31797504,256,8000,32.100
2026-07-23T01:10:34.064Z,usb,1,3612849267,124210,31797760,256,8000,32.100
2026-07-23T01:10:34.097Z,usb,1,3612849267,124211,31798016,256,8000,32.100
2026-07-23T01:10:34.128Z,usb,1,3612849267,124212,31798272,256,8000,32.100
2026-07-23T01:10:34.160Z,usb,1,3612849267,124213,31798528,256,8000,32.100
2026-07-23T01:10:34.192Z,usb,1,3612849267,124214,31798784,256,8000,32.100
2026-07-23T01:10:34.224Z,usb,1,3612849267,124215,31799040,256,8000,32.100
2026-07-23T01:10:34.256Z,usb,1,3612849267,124216,31799296,256,8000,32.100
2026-07-23T01:10:34.288Z,usb,1,3612849267,124217,31799552,256,8000,32.100
2026-07-23T01:10:34.321Z,usb,1,3612849267,124218,31799808,256,8000,32.100
2026-07-23T01:10:34.352Z,usb,1,3612849267,124219,31800064,256,8000,32.100
2026-07-23T01:10:34.384Z,usb,1,3612849267,124220,31800320,256,8000,32.100
2026-07-23T01:10:34.416Z,usb,1,3612849267,124221,31800576,256,8000,32.100
2026-07-23T01:10:34.449Z,usb,1,3612849267,124222,31800832,256,8000,32.100
2026-07-23T01:10:34.480Z,usb,1,3612849267,124223,31801088,256,8000,32.100
2026-07-23T01:10:34.512Z,usb,1,3612849267,124224,31801344,256,8000,32.100
2026-07-23T01:10:34.544Z,usb,1,3612849267,124225,31801600,256,8000,32.100
2026-07-23T01:10:34.577Z,usb,1,3612849267,124226,31801856,256,8000,32.100
2026-07-23T01:10:34.608Z,usb,1,3612849267,124227,31802112,256,8000,32.100
2026-07-23T01:10:34.641Z,usb,1,3612849267,124228,31802368,256,8000,32.100
2026-07-23T01:10:34.672Z,usb,1,3612849267,124229,31802624,256,8000,32.100
2026-07-23T01:10:34.704Z,usb,1,3612849267,124230,31802880,256,8000,32.100
2026-07-23T01:10:34.736Z,usb,1,3612849267,124231,31803136,256,8000,32.100
2026-07-23T01:10:34.768Z,usb,1,3612849267,124232,31803392,256,8000,32.100
2026-07-23T01:10:34.800Z,usb,1,3612849267,124233,31803648,256,8000,32.100
2026-07-23T01:10:34.832Z,usb,1,3612849267,124234,31803904,256,8000,32.100
2026-07-23T01:10:34.864Z,usb,1,3612849267,124235,31804160,256,8000,32.100
2026-07-23T01:10:34.896Z,usb,1,3612849267,124236,31804416,256,8000,32.100
2026-07-23T01:10:34.928Z,usb,1,3612849267,124237,31804672,256,8000,32.100
2026-07-23T01:10:34.960Z,usb,1,3612849267,124238,31804928,256,8000,32.100
2026-07-23T01:10:34.992Z,usb,1,3612849267,124239,31805184,256,8000,32.100
2026-07-23T01:10:35.024Z,usb,1,3612849267,124240,31805440,256,8000,32.100
2026-07-23T01:10:35.056Z,usb,1,3612849267,124241,31805696,256,8000,32.100
2026-07-23T01:10:35.088Z,usb,1,3612849267,124242,31805952,256,8000,32.100
2026-07-23T01:10:35.120Z,usb,1,3612849267,124243,31806208,256,8000,32.100
2026-07-23T01:10:35.152Z,usb,1,3612849267,124244,31806464,256,8000,32.100
2026-07-23T01:10:35.184Z,usb,1,3612849267,124245,31806720,256,8000,32.100
2026-07-23T01:10:35.216Z,usb,1,3612849267,124246,31806976,256,8000,32.100
2026-07-23T01:10:35.248Z,usb,1,3612849267,124247,31807232,256,8000,32.100
2026-07-23T01:10:35.280Z,usb,1,3612849267,124248,31807488,256,8000,32.100
2026-07-23T01:10:35.312Z,usb,1,3612849267,124249,31807744,256,8000,32.100
2026-07-23T01:10:35.344Z,usb,1,3612849267,124250,31808000,256,8000,32.100
2026-07-23T01:10:35.376Z,usb,1,3612849267,124251,31808256,256,8000,32.100
2026-07-23T01:10:35.408Z,usb,1,3612849267,124252,31808512,256,8000,32.100
2026-07-23T01:10:35.440Z,usb,1,3612849267,124253,31808768,256,8000,32.100
2026-07-23T01:10:35.473Z,usb,1,3612849267,124254,31809024,256,8000,32.100
2026-07-23T01:10:35.504Z,usb,1,3612849267,124255,31809280,256,8000,32.100
2026-07-23T01:10:35.536Z,usb,1,3612849267,124256,31809536,256,8000,32.100
2026-07-23T01:10:35.568Z,usb,1,3612849267,124257,31809792,256,8000,32.100
2026-07-23T01:10:35.600Z,usb,1,3612849267,124258,31810048,256,8000,32.100
2026-07-23T01:10:35.632Z,usb,1,3612849267,124259,31810304,256,8000,32.100
2026-07-23T01:10:35.665Z,usb,1,3612849267,124260,31810560,256,8000,32.100
2026-07-23T01:10:35.696Z,usb,1,3612849267,124261,31810816,256,8000,32.100
2026-07-23T01:10:35.728Z,usb,1,3612849267,124262,31811072,256,8000,32.100
2026-07-23T01:10:35.760Z,usb,1,3612849267,124263,31811328,256,8000,32.100
2026-07-23T01:10:35.792Z,usb,1,3612849267,124264,31811584,256,8000,32.100
2026-07-23T01:10:35.824Z,usb,1,3612849267,124265,31811840,256,8000,32.100
2026-07-23T01:10:35.856Z,usb,1,3612849267,124266,31812096,256,8000,32.100
2026-07-23T01:10:35.888Z,usb,1,3612849267,124267,31812352,256,8000,32.100
2026-07-23T01:10:35.920Z,usb,1,3612849267,124268,31812608,256,8000,32.100
2026-07-23T01:10:35.952Z,usb,1,3612849267,124269,31812864,256,8000,32.100
2026-07-23T01:10:35.985Z,usb,1,3612849267,124270,31813120,256,8000,32.100
2026-07-23T01:10:36.016Z,usb,1,3612849267,124271,31813376,256,8000,32.100
2026-07-23T01:10:36.048Z,usb,1,3612849267,124272,31813632,256,8000,32.100
2026-07-23T01:10:36.080Z,usb,1,3612849267,124273,31813888,256,8000,32.100
2026-07-23T01:10:36.112Z,usb,1,3612849267,124274,31814144,256,8000,32.100
2026-07-23T01:10:36.144Z,usb,1,3612849267,124275,31814400,256,8000,32.100
2026-07-23T01:10:36.176Z,usb,1,3612849267,124276,31814656,256,8000,32.100
2026-07-23T01:10:36.208Z,usb,1,3612849267,124277,31814912,256,8000,32.100
2026-07-23T01:10:36.240Z,usb,1,3612849267,124278,31815168,256,8000,32.100
2026-07-23T01:10:36.272Z,usb,1,3612849267,124279,31815424,256,8000,32.100
2026-07-23T01:10:36.304Z,usb,1,3612849267,124280,31815680,256,8000,32.100
2026-07-23T01:10:36.336Z,usb,1,3612849267,124281,31815936,256,8000,32.100
2026-07-23T01:10:36.369Z,usb,1,3612849267,124282,31816192,256,8000,32.100
2026-07-23T01:10:36.400Z,usb,1,3612849267,124283,31816448,256,8000,32.100
2026-07-23T01:10:36.432Z,usb,1,3612849267,124284,31816704,256,8000,32.100
2026-07-23T01:10:36.464Z,usb,1,3612849267,124285,31816960,256,8000,32.100
2026-07-23T01:10:36.496Z,usb,1,3612849267,124286,31817216,256,8000,32.100
2026-07-23T01:10:36.528Z,usb,1,3612849267,124287,31817472,256,8000,32.100
2026-07-23T01:10:36.560Z,usb,1,3612849267,124288,31817728,256,8000,32.100
2026-07-23T01:10:36.593Z,usb,1,3612849267,124289,31817984,256,8000,32.100
2026-07-23T01:10:36.625Z,usb,1,3612849267,124290,31818240,256,8000,32.100
2026-07-23T01:10:36.656Z,usb,1,3612849267,124291,31818496,256,8000,32.100
2026-07-23T01:10:36.689Z,usb,1,3612849267,124292,31818752,256,8000,32.100
2026-07-23T01:10:36.720Z,usb,1,3612849267,124293,31819008,256,8000,32.100
2026-07-23T01:10:36.752Z,usb,1,3612849267,124294,31819264,256,8000,32.100
2026-07-23T01:10:36.784Z,usb,1,3612849267,124295,31819520,256,8000,32.100
2026-07-23T01:10:36.816Z,usb,1,3612849267,124296,31819776,256,8000,32.100
2026-07-23T01:10:36.848Z,usb,1,3612849267,124297,31820032,256,8000,32.100
2026-07-23T01:10:36.880Z,usb,1,3612849267,124298,31820288,256,8000,32.100
2026-07-23T01:10:36.913Z,usb,1,3612849267,124299,31820544,256,8000,32.100
2026-07-23T01:10:36.944Z,usb,1,3612849267,124300,31820800,256,8000,32.100
2026-07-23T01:10:36.976Z,usb,1,3612849267,124301,31821056,256,8000,32.100
2026-07-23T01:10:37.009Z,usb,1,3612849267,124302,31821312,256,8000,32.100
2026-07-23T01:10:37.041Z,usb,1,3612849267,124303,31821568,256,8000,32.100
2026-07-23T01:10:37.072Z,usb,1,3612849267,124304,31821824,256,8000,32.100
2026-07-23T01:10:37.104Z,usb,1,3612849267,124305,31822080,256,8000,32.100
2026-07-23T01:10:37.136Z,usb,1,3612849267,124306,31822336,256,8000,32.100
2026-07-23T01:10:37.169Z,usb,1,3612849267,124307,31822592,256,8000,32.100
2026-07-23T01:10:37.200Z,usb,1,3612849267,124308,31822848,256,8000,32.100
2026-07-23T01:10:37.232Z,usb,1,3612849267,124309,31823104,256,8000,32.100
2026-07-23T01:10:37.264Z,usb,1,3612849267,124310,31823360,256,8000,32.100
2026-07-23T01:10:37.296Z,usb,1,3612849267,124311,31823616,256,8000,32.100
2026-07-23T01:10:37.328Z,usb,1,3612849267,124312,31823872,256,8000,32.100
2026-07-23T01:10:37.360Z,usb,1,3612849267,124313,31824128,256,8000,32.100
2026-07-23T01:10:37.392Z,usb,1,3612849267,124314,31824384,256,8000,32.100
2026-07-23T01:10:37.424Z,usb,1,3612849267,124315,31824640,256,8000,32.100
2026-07-23T01:10:37.456Z,usb,1,3612849267,124316,31824896,256,8000,32.100
2026-07-23T01:10:37.488Z,usb,1,3612849267,124317,31825152,256,8000,32.100
2026-07-23T01:10:37.520Z,usb,1,3612849267,124318,31825408,256,8000,32.100
2026-07-23T01:10:37.552Z,usb,1,3612849267,124319,31825664,256,8000,32.100
2026-07-23T01:10:37.584Z,usb,1,3612849267,124320,31825920,256,8000,32.100
2026-07-23T01:10:37.616Z,usb,1,3612849267,124321,31826176,256,8000,32.100
2026-07-23T01:10:37.648Z,usb,1,3612849267,124322,31826432,256,8000,32.100
2026-07-23T01:10:37.680Z,usb,1,3612849267,124323,31826688,256,8000,32.100
2026-07-23T01:10:37.713Z,usb,1,3612849267,124324,31826944,256,8000,32.100
2026-07-23T01:10:37.744Z,usb,1,3612849267,124325,31827200,256,8000,32.100
2026-07-23T01:10:37.776Z,usb,1,3612849267,124326,31827456,256,8000,32.100
2026-07-23T01:10:37.808Z,usb,1,3612849267,124327,31827712,256,8000,32.100
2026-07-23T01:10:37.840Z,usb,1,3612849267,124328,31827968,256,8000,32.100
2026-07-23T01:10:37.873Z,usb,1,3612849267,124329,31828224,256,8000,32.100
2026-07-23T01:10:37.904Z,usb,1,3612849267,124330,31828480,256,8000,32.100
2026-07-23T01:10:37.936Z,usb,1,3612849267,124331,31828736,256,8000,32.100
2026-07-23T01:10:37.968Z,usb,1,3612849267,124332,31828992,256,8000,32.100
2026-07-23T01:10:38.000Z,usb,1,3612849267,124333,31829248,256,8000,32.100
2026-07-23T01:10:38.032Z,usb,1,3612849267,124334,31829504,256,8000,32.100
2026-07-23T01:10:38.064Z,usb,1,3612849267,124335,31829760,256,8000,32.100
2026-07-23T01:10:38.097Z,usb,1,3612849267,124336,31830016,256,8000,32.100
2026-07-23T01:10:38.128Z,usb,1,3612849267,124337,31830272,256,8000,32.100
2026-07-23T01:10:38.160Z,usb,1,3612849267,124338,31830528,256,8000,32.100
2026-07-23T01:10:38.193Z,usb,1,3612849267,124339,31830784,256,8000,32.100
2026-07-23T01:10:38.225Z,usb,1,3612849267,124340,31831040,256,8000,32.100
2026-07-23T01:10:38.256Z,usb,1,3612849267,124341,31831296,256,8000,32.100
2026-07-23T01:10:38.289Z,usb,1,3612849267,124342,31831552,256,8000,32.100
2026-07-23T01:10:38.320Z,usb,1,3612849267,124343,31831808,256,8000,32.100
2026-07-23T01:10:38.352Z,usb,1,3612849267,124344,31832064,256,8000,32.100
2026-07-23T01:10:38.384Z,usb,1,3612849267,124345,31832320,256,8000,32.100
2026-07-23T01:10:38.416Z,usb,1,3612849267,124346,31832576,256,8000,32.100
2026-07-23T01:10:38.448Z,usb,1,3612849267,124347,31832832,256,8000,32.100
2026-07-23T01:10:38.480Z,usb,1,3612849267,124348,31833088,256,8000,32.100
2026-07-23T01:10:38.512Z,usb,1,3612849267,124349,31833344,256,8000,32.100
2026-07-23T01:10:38.544Z,usb,1,3612849267,124350,31833600,256,8000,32.100
2026-07-23T01:10:38.576Z,usb,1,3612849267,124351,31833856,256,8000,32.100
2026-07-23T01:10:38.608Z,usb,1,3612849267,124352,31834112,256,8000,32.100
2026-07-23T01:10:38.640Z,usb,1,3612849267,124353,31834368,256,8000,32.100
2026-07-23T01:10:38.672Z,usb,1,3612849267,124354,31834624,256,8000,32.100
2026-07-23T01:10:38.704Z,usb,1,3612849267,124355,31834880,256,8000,32.100
2026-07-23T01:10:38.737Z,usb,1,3612849267,124356,31835136,256,8000,32.110
2026-07-23T01:10:38.768Z,usb,1,3612849267,124357,31835392,256,8000,32.110
2026-07-23T01:10:38.800Z,usb,1,3612849267,124358,31835648,256,8000,32.110
2026-07-23T01:10:38.832Z,usb,1,3612849267,124359,31835904,256,8000,32.110
2026-07-23T01:10:38.864Z,usb,1,3612849267,124360,31836160,256,8000,32.110
2026-07-23T01:10:38.896Z,usb,1,3612849267,124361,31836416,256,8000,32.110
2026-07-23T01:10:38.928Z,usb,1,3612849267,124362,31836672,256,8000,32.110
2026-07-23T01:10:38.961Z,usb,1,3612849267,124363,31836928,256,8000,32.110
2026-07-23T01:10:38.993Z,usb,1,3612849267,124364,31837184,256,8000,32.110
2026-07-23T01:10:39.025Z,usb,1,3612849267,124365,31837440,256,8000,32.110
2026-07-23T01:10:39.057Z,usb,1,3612849267,124366,31837696,256,8000,32.110
2026-07-23T01:10:39.088Z,usb,1,3612849267,124367,31837952,256,8000,32.110
2026-07-23T01:10:39.120Z,usb,1,3612849267,124368,31838208,256,8000,32.110
2026-07-23T01:10:39.152Z,usb,1,3612849267,124369,31838464,256,8000,32.110
2026-07-23T01:10:39.184Z,usb,1,3612849267,124370,31838720,256,8000,32.110
2026-07-23T01:10:39.216Z,usb,1,3612849267,124371,31838976,256,8000,32.110
2026-07-23T01:10:39.248Z,usb,1,3612849267,124372,31839232,256,8000,32.110
2026-07-23T01:10:39.280Z,usb,1,3612849267,124373,31839488,256,8000,32.110
2026-07-23T01:10:39.312Z,usb,1,3612849267,124374,31839744,256,8000,32.110
2026-07-23T01:10:39.344Z,usb,1,3612849267,124375,31840000,256,8000,32.110
2026-07-23T01:10:39.376Z,usb,1,3612849267,124376,31840256,256,8000,32.110
2026-07-23T01:10:39.408Z,usb,1,3612849267,124377,31840512,256,8000,32.110
2026-07-23T01:10:39.440Z,usb,1,3612849267,124378,31840768,256,8000,32.110
2026-07-23T01:10:39.472Z,usb,1,3612849267,124379,31841024,256,8000,32.110
2026-07-23T01:10:39.504Z,usb,1,3612849267,124380,31841280,256,8000,32.110
2026-07-23T01:10:39.536Z,usb,1,3612849267,124381,31841536,256,8000,32.110
2026-07-23T01:10:39.568Z,usb,1,3612849267,124382,31841792,256,8000,32.110
2026-07-23T01:10:39.600Z,usb,1,3612849267,124383,31842048,256,8000,32.110
2026-07-23T01:10:39.632Z,usb,1,3612849267,124384,31842304,256,8000,32.110
2026-07-23T01:10:39.664Z,usb,1,3612849267,124385,31842560,256,8000,32.110
2026-07-23T01:10:39.696Z,usb,1,3612849267,124386,31842816,256,8000,32.110
2026-07-23T01:10:39.728Z,usb,1,3612849267,124387,31843072,256,8000,32.110
2026-07-23T01:10:39.761Z,usb,1,3612849267,124388,31843328,256,8000,32.100
2026-07-23T01:10:39.792Z,usb,1,3612849267,124389,31843584,256,8000,32.100
2026-07-23T01:10:39.824Z,usb,1,3612849267,124390,31843840,256,8000,32.100
2026-07-23T01:10:39.857Z,usb,1,3612849267,124391,31844096,256,8000,32.100
2026-07-23T01:10:39.888Z,usb,1,3612849267,124392,31844352,256,8000,32.100
2026-07-23T01:10:39.920Z,usb,1,3612849267,124393,31844608,256,8000,32.100
2026-07-23T01:10:39.952Z,usb,1,3612849267,124394,31844864,256,8000,32.100
2026-07-23T01:10:39.984Z,usb,1,3612849267,124395,31845120,256,8000,32.100
2026-07-23T01:10:40.016Z,usb,1,3612849267,124396,31845376,256,8000,32.100
2026-07-23T01:10:40.048Z,usb,1,3612849267,124397,31845632,256,8000,32.100
2026-07-23T01:10:40.080Z,usb,1,3612849267,124398,31845888,256,8000,32.100
2026-07-23T01:10:40.112Z,usb,1,3612849267,124399,31846144,256,8000,32.100
2026-07-23T01:10:40.144Z,usb,1,3612849267,124400,31846400,256,8000,32.100
2026-07-23T01:10:40.176Z,usb,1,3612849267,124401,31846656,256,8000,32.100
2026-07-23T01:10:40.208Z,usb,1,3612849267,124402,31846912,256,8000,32.100
2026-07-23T01:10:40.240Z,usb,1,3612849267,124403,31847168,256,8000,32.100
2026-07-23T01:10:40.272Z,usb,1,3612849267,124404,31847424,256,8000,32.100
2026-07-23T01:10:40.304Z,usb,1,3612849267,124405,31847680,256,8000,32.100
2026-07-23T01:10:40.336Z,usb,1,3612849267,124406,31847936,256,8000,32.100
2026-07-23T01:10:40.368Z,usb,1,3612849267,124407,31848192,256,8000,32.100
2026-07-23T01:10:40.400Z,usb,1,3612849267,124408,31848448,256,8000,32.100
2026-07-23T01:10:40.432Z,usb,1,3612849267,124409,31848704,256,8000,32.100
2026-07-23T01:10:40.464Z,usb,1,3612849267,124410,31848960,256,8000,32.100
2026-07-23T01:10:40.496Z,usb,1,3612849267,124411,31849216,256,8000,32.100
2026-07-23T01:10:40.528Z,usb,1,3612849267,124412,31849472,256,8000,32.100
2026-07-23T01:10:40.560Z,usb,1,3612849267,124413,31849728,256,8000,32.100
2026-07-23T01:10:40.592Z,usb,1,3612849267,124414,31849984,256,8000,32.100
2026-07-23T01:10:40.624Z,usb,1,3612849267,124415,31850240,256,8000,32.100
2026-07-23T01:10:40.656Z,usb,1,3612849267,124416,31850496,256,8000,32.100
2026-07-23T01:10:40.688Z,usb,1,3612849267,124417,31850752,256,8000,32.100
2026-07-23T01:10:40.720Z,usb,1,3612849267,124418,31851008,256,8000,32.100
2026-07-23T01:10:40.752Z,usb,1,3612849267,124419,31851264,256,8000,32.100
2026-07-23T01:10:40.785Z,usb,1,3612849267,124420,31851520,256,8000,32.100
2026-07-23T01:10:40.816Z,usb,1,3612849267,124421,31851776,256,8000,32.100
2026-07-23T01:10:40.848Z,usb,1,3612849267,124422,31852032,256,8000,32.100
2026-07-23T01:10:40.880Z,usb,1,3612849267,124423,31852288,256,8000,32.100
2026-07-23T01:10:40.912Z,usb,1,3612849267,124424,31852544,256,8000,32.100
2026-07-23T01:10:40.944Z,usb,1,3612849267,124425,31852800,256,8000,32.100
2026-07-23T01:10:40.977Z,usb,1,3612849267,124426,31853056,256,8000,32.100
2026-07-23T01:10:41.008Z,usb,1,3612849267,124427,31853312,256,8000,32.100
2026-07-23T01:10:41.040Z,usb,1,3612849267,124428,31853568,256,8000,32.100
2026-07-23T01:10:41.072Z,usb,1,3612849267,124429,31853824,256,8000,32.100
2026-07-23T01:10:41.104Z,usb,1,3612849267,124430,31854080,256,8000,32.100
2026-07-23T01:10:41.136Z,usb,1,3612849267,124431,31854336,256,8000,32.100
2026-07-23T01:10:41.168Z,usb,1,3612849267,124432,31854592,256,8000,32.100
2026-07-23T01:10:41.200Z,usb,1,3612849267,124433,31854848,256,8000,32.100
2026-07-23T01:10:41.232Z,usb,1,3612849267,124434,31855104,256,8000,32.100
2026-07-23T01:10:41.265Z,usb,1,3612849267,124435,31855360,256,8000,32.100
2026-07-23T01:10:41.296Z,usb,1,3612849267,124436,31855616,256,8000,32.100
2026-07-23T01:10:41.328Z,usb,1,3612849267,124437,31855872,256,8000,32.100
2026-07-23T01:10:41.360Z,usb,1,3612849267,124438,31856128,256,8000,32.100
2026-07-23T01:10:41.392Z,usb,1,3612849267,124439,31856384,256,8000,32.100
2026-07-23T01:10:41.424Z,usb,1,3612849267,124440,31856640,256,8000,32.100
2026-07-23T01:10:41.456Z,usb,1,3612849267,124441,31856896,256,8000,32.100
2026-07-23T01:10:41.488Z,usb,1,3612849267,124442,31857152,256,8000,32.100
2026-07-23T01:10:41.520Z,usb,1,3612849267,124443,31857408,256,8000,32.100
2026-07-23T01:10:41.552Z,usb,1,3612849267,124444,31857664,256,8000,32.100
2026-07-23T01:10:41.584Z,usb,1,3612849267,124445,31857920,256,8000,32.100
2026-07-23T01:10:41.616Z,usb,1,3612849267,124446,31858176,256,8000,32.100
2026-07-23T01:10:41.648Z,usb,1,3612849267,124447,31858432,256,8000,32.100
2026-07-23T01:10:41.680Z,usb,1,3612849267,124448,31858688,256,8000,32.100
2026-07-23T01:10:41.712Z,usb,1,3612849267,124449,31858944,256,8000,32.100
2026-07-23T01:10:41.744Z,usb,1,3612849267,124450,31859200,256,8000,32.100
2026-07-23T01:10:41.776Z,usb,1,3612849267,124451,31859456,256,8000,32.100
2026-07-23T01:10:41.809Z,usb,1,3612849267,124452,31859712,256,8000,32.100
2026-07-23T01:10:41.840Z,usb,1,3612849267,124453,31859968,256,8000,32.100
2026-07-23T01:10:41.872Z,usb,1,3612849267,124454,31860224,256,8000,32.100
2026-07-23T01:10:41.904Z,usb,1,3612849267,124455,31860480,256,8000,32.100
2026-07-23T01:10:41.936Z,usb,1,3612849267,124456,31860736,256,8000,32.100
2026-07-23T01:10:41.968Z,usb,1,3612849267,124457,31860992,256,8000,32.100
2026-07-23T01:10:42.000Z,usb,1,3612849267,124458,31861248,256,8000,32.100
2026-07-23T01:10:42.033Z,usb,1,3612849267,124459,31861504,256,8000,32.100
2026-07-23T01:10:42.064Z,usb,1,3612849267,124460,31861760,256,8000,32.100
2026-07-23T01:10:42.097Z,usb,1,3612849267,124461,31862016,256,8000,32.100
2026-07-23T01:10:42.128Z,usb,1,3612849267,124462,31862272,256,8000,32.100
2026-07-23T01:10:42.160Z,usb,1,3612849267,124463,31862528,256,8000,32.100
2026-07-23T01:10:42.192Z,usb,1,3612849267,124464,31862784,256,8000,32.100
2026-07-23T01:10:42.224Z,usb,1,3612849267,124465,31863040,256,8000,32.100
2026-07-23T01:10:42.256Z,usb,1,3612849267,124466,31863296,256,8000,32.100
2026-07-23T01:10:42.288Z,usb,1,3612849267,124467,31863552,256,8000,32.100
2026-07-23T01:10:42.320Z,usb,1,3612849267,124468,31863808,256,8000,32.100
2026-07-23T01:10:42.352Z,usb,1,3612849267,124469,31864064,256,8000,32.100
2026-07-23T01:10:42.384Z,usb,1,3612849267,124470,31864320,256,8000,32.100
2026-07-23T01:10:42.416Z,usb,1,3612849267,124471,31864576,256,8000,32.100
2026-07-23T01:10:42.448Z,usb,1,3612849267,124472,31864832,256,8000,32.100
2026-07-23T01:10:42.480Z,usb,1,3612849267,124473,31865088,256,8000,32.100
2026-07-23T01:10:42.512Z,usb,1,3612849267,124474,31865344,256,8000,32.100
2026-07-23T01:10:42.544Z,usb,1,3612849267,124475,31865600,256,8000,32.100
2026-07-23T01:10:42.576Z,usb,1,3612849267,124476,31865856,256,8000,32.100
2026-07-23T01:10:42.608Z,usb,1,3612849267,124477,31866112,256,8000,32.100
2026-07-23T01:10:42.640Z,usb,1,3612849267,124478,31866368,256,8000,32.100
2026-07-23T01:10:42.672Z,usb,1,3612849267,124479,31866624,256,8000,32.100
2026-07-23T01:10:42.705Z,usb,1,3612849267,124480,31866880,256,8000,32.100
2026-07-23T01:10:42.737Z,usb,1,3612849267,124481,31867136,256,8000,32.100
2026-07-23T01:10:42.768Z,usb,1,3612849267,124482,31867392,256,8000,32.100
2026-07-23T01:10:42.800Z,usb,1,3612849267,124483,31867648,256,8000,32.100
2026-07-23T01:10:42.833Z,usb,1,3612849267,124484,31867904,256,8000,32.100
2026-07-23T01:10:42.864Z,usb,1,3612849267,124485,31868160,256,8000,32.100
2026-07-23T01:10:42.896Z,usb,1,3612849267,124486,31868416,256,8000,32.100
2026-07-23T01:10:42.928Z,usb,1,3612849267,124487,31868672,256,8000,32.100
2026-07-23T01:10:42.960Z,usb,1,3612849267,124488,31868928,256,8000,32.100
2026-07-23T01:10:42.992Z,usb,1,3612849267,124489,31869184,256,8000,32.100
2026-07-23T01:10:43.024Z,usb,1,3612849267,124490,31869440,256,8000,32.100
2026-07-23T01:10:43.056Z,usb,1,3612849267,124491,31869696,256,8000,32.100
2026-07-23T01:10:43.088Z,usb,1,3612849267,124492,31869952,256,8000,32.100
2026-07-23T01:10:43.120Z,usb,1,3612849267,124493,31870208,256,8000,32.100
2026-07-23T01:10:43.152Z,usb,1,3612849267,124494,31870464,256,8000,32.100
2026-07-23T01:10:43.184Z,usb,1,3612849267,124495,31870720,256,8000,32.100
2026-07-23T01:10:43.216Z,usb,1,3612849267,124496,31870976,256,8000,32.100
2026-07-23T01:10:43.248Z,usb,1,3612849267,124497,31871232,256,8000,32.100
2026-07-23T01:10:43.280Z,usb,1,3612849267,124498,31871488,256,8000,32.100
2026-07-23T01:10:43.312Z,usb,1,3612849267,124499,31871744,256,8000,32.100
2026-07-23T01:10:43.344Z,usb,1,3612849267,124500,31872000,256,8000,32.100
2026-07-23T01:10:43.376Z,usb,1,3612849267,124501,31872256,256,8000,32.100
2026-07-23T01:10:43.408Z,usb,1,3612849267,124502,31872512,256,8000,32.100
2026-07-23T01:10:43.440Z,usb,1,3612849267,124503,31872768,256,8000,32.100
2026-07-23T01:10:43.472Z,usb,1,3612849267,124504,31873024,256,8000,32.100
2026-07-23T01:10:43.504Z,usb,1,3612849267,124505,31873280,256,8000,32.100
2026-07-23T01:10:43.536Z,usb,1,3612849267,124506,31873536,256,8000,32.100
2026-07-23T01:10:43.568Z,usb,1,3612849267,124507,31873792,256,8000,32.100
2026-07-23T01:10:43.600Z,usb,1,3612849267,124508,31874048,256,8000,32.100
2026-07-23T01:10:43.632Z,usb,1,3612849267,124509,31874304,256,8000,32.100
2026-07-23T01:10:43.664Z,usb,1,3612849267,124510,31874560,256,8000,32.100
2026-07-23T01:10:43.696Z,usb,1,3612849267,124511,31874816,256,8000,32.100
2026-07-23T01:10:43.728Z,usb,1,3612849267,124512,31875072,256,8000,32.100
2026-07-23T01:10:43.760Z,usb,1,3612849267,124513,31875328,256,8000,32.100
2026-07-23T01:10:43.792Z,usb,1,3612849267,124514,31875584,256,8000,32.100
2026-07-23T01:10:43.824Z,usb,1,3612849267,124515,31875840,256,8000,32.100
2026-07-23T01:10:43.857Z,usb,1,3612849267,124516,31876096,256,8000,32.110
2026-07-23T01:10:43.888Z,usb,1,3612849267,124517,31876352,256,8000,32.110
2026-07-23T01:10:43.920Z,usb,1,3612849267,124518,31876608,256,8000,32.110
2026-07-23T01:10:43.953Z,usb,1,3612849267,124519,31876864,256,8000,32.110
2026-07-23T01:10:43.985Z,usb,1,3612849267,124520,31877120,256,8000,32.110
2026-07-23T01:10:44.016Z,usb,1,3612849267,124521,31877376,256,8000,32.110
2026-07-23T01:10:44.052Z,usb,1,3612849267,124522,31877632,256,8000,32.110
2026-07-23T01:10:44.080Z,usb,1,3612849267,124523,31877888,256,8000,32.110
2026-07-23T01:10:44.112Z,usb,1,3612849267,124524,31878144,256,8000,32.110
2026-07-23T01:10:44.144Z,usb,1,3612849267,124525,31878400,256,8000,32.110
2026-07-23T01:10:44.176Z,usb,1,3612849267,124526,31878656,256,8000,32.110
2026-07-23T01:10:44.208Z,usb,1,3612849267,124527,31878912,256,8000,32.110
2026-07-23T01:10:44.240Z,usb,1,3612849267,124528,31879168,256,8000,32.110
2026-07-23T01:10:44.272Z,usb,1,3612849267,124529,31879424,256,8000,32.110
2026-07-23T01:10:44.304Z,usb,1,3612849267,124530,31879680,256,8000,32.110
2026-07-23T01:10:44.336Z,usb,1,3612849267,124531,31879936,256,8000,32.110
2026-07-23T01:10:44.368Z,usb,1,3612849267,124532,31880192,256,8000,32.110
2026-07-23T01:10:44.400Z,usb,1,3612849267,124533,31880448,256,8000,32.110
2026-07-23T01:10:44.432Z,usb,1,3612849267,124534,31880704,256,8000,32.110
2026-07-23T01:10:44.464Z,usb,1,3612849267,124535,31880960,256,8000,32.110
2026-07-23T01:10:44.496Z,usb,1,3612849267,124536,31881216,256,8000,32.110
2026-07-23T01:10:44.528Z,usb,1,3612849267,124537,31881472,256,8000,32.110
2026-07-23T01:10:44.560Z,usb,1,3612849267,124538,31881728,256,8000,32.110
2026-07-23T01:10:44.592Z,usb,1,3612849267,124539,31881984,256,8000,32.110
2026-07-23T01:10:44.624Z,usb,1,3612849267,124540,31882240,256,8000,32.110
2026-07-23T01:10:44.656Z,usb,1,3612849267,124541,31882496,256,8000,32.110
2026-07-23T01:10:44.688Z,usb,1,3612849267,124542,31882752,256,8000,32.110
2026-07-23T01:10:44.720Z,usb,1,3612849267,124543,31883008,256,8000,32.110
2026-07-23T01:10:44.752Z,usb,1,3612849267,124544,31883264,256,8000,32.110
2026-07-23T01:10:44.784Z,usb,1,3612849267,124545,31883520,256,8000,32.110
2026-07-23T01:10:44.816Z,usb,1,3612849267,124546,31883776,256,8000,32.110
2026-07-23T01:10:44.848Z,usb,1,3612849267,124547,31884032,256,8000,32.110
2026-07-23T01:10:44.881Z,usb,1,3612849267,124548,31884288,256,8000,32.100
2026-07-23T01:10:44.912Z,usb,1,3612849267,124549,31884544,256,8000,32.100
2026-07-23T01:10:44.944Z,usb,1,3612849267,124550,31884800,256,8000,32.100
2026-07-23T01:10:44.977Z,usb,1,3612849267,124551,31885056,256,8000,32.100
2026-07-23T01:10:45.008Z,usb,1,3612849267,124552,31885312,256,8000,32.100
2026-07-23T01:10:45.040Z,usb,1,3612849267,124553,31885568,256,8000,32.100
2026-07-23T01:10:45.072Z,usb,1,3612849267,124554,31885824,256,8000,32.100
2026-07-23T01:10:45.104Z,usb,1,3612849267,124555,31886080,256,8000,32.100
2026-07-23T01:10:45.136Z,usb,1,3612849267,124556,31886336,256,8000,32.100
2026-07-23T01:10:45.168Z,usb,1,3612849267,124557,31886592,256,8000,32.100
2026-07-23T01:10:45.200Z,usb,1,3612849267,124558,31886848,256,8000,32.100
2026-07-23T01:10:45.232Z,usb,1,3612849267,124559,31887104,256,8000,32.100
2026-07-23T01:10:45.264Z,usb,1,3612849267,124560,31887360,256,8000,32.100
2026-07-23T01:10:45.296Z,usb,1,3612849267,124561,31887616,256,8000,32.100
2026-07-23T01:10:45.328Z,usb,1,3612849267,124562,31887872,256,8000,32.100
2026-07-23T01:10:45.360Z,usb,1,3612849267,124563,31888128,256,8000,32.100
2026-07-23T01:10:45.392Z,usb,1,3612849267,124564,31888384,256,8000,32.100
2026-07-23T01:10:45.424Z,usb,1,3612849267,124565,31888640,256,8000,32.100
2026-07-23T01:10:45.456Z,usb,1,3612849267,124566,31888896,256,8000,32.100
2026-07-23T01:10:45.488Z,usb,1,3612849267,124567,31889152,256,8000,32.100
2026-07-23T01:10:45.520Z,usb,1,3612849267,124568,31889408,256,8000,32.100
2026-07-23T01:10:45.552Z,usb,1,3612849267,124569,31889664,256,8000,32.100
2026-07-23T01:10:45.584Z,usb,1,3612849267,124570,31889920,256,8000,32.100
2026-07-23T01:10:45.616Z,usb,1,3612849267,124571,31890176,256,8000,32.100
2026-07-23T01:10:45.648Z,usb,1,3612849267,124572,31890432,256,8000,32.100
2026-07-23T01:10:45.680Z,usb,1,3612849267,124573,31890688,256,8000,32.100
2026-07-23T01:10:45.712Z,usb,1,3612849267,124574,31890944,256,8000,32.100
2026-07-23T01:10:45.744Z,usb,1,3612849267,124575,31891200,256,8000,32.100
2026-07-23T01:10:45.776Z,usb,1,3612849267,124576,31891456,256,8000,32.100
2026-07-23T01:10:45.808Z,usb,1,3612849267,124577,31891712,256,8000,32.100
2026-07-23T01:10:45.840Z,usb,1,3612849267,124578,31891968,256,8000,32.100
2026-07-23T01:10:45.872Z,usb,1,3612849267,124579,31892224,256,8000,32.100
2026-07-23T01:10:45.905Z,usb,1,3612849267,124580,31892480,256,8000,32.100
2026-07-23T01:10:45.936Z,usb,1,3612849267,124581,31892736,256,8000,32.100
2026-07-23T01:10:45.968Z,usb,1,3612849267,124582,31892992,256,8000,32.100
2026-07-23T01:10:46.000Z,usb,1,3612849267,124583,31893248,256,8000,32.100
2026-07-23T01:10:46.033Z,usb,1,3612849267,124584,31893504,256,8000,32.100
2026-07-23T01:10:46.065Z,usb,1,3612849267,124585,31893760,256,8000,32.100
2026-07-23T01:10:46.096Z,usb,1,3612849267,124586,31894016,256,8000,32.100
2026-07-23T01:10:46.128Z,usb,1,3612849267,124587,31894272,256,8000,32.100
2026-07-23T01:10:46.160Z,usb,1,3612849267,124588,31894528,256,8000,32.100
2026-07-23T01:10:46.192Z,usb,1,3612849267,124589,31894784,256,8000,32.100
2026-07-23T01:10:46.225Z,usb,1,3612849267,124590,31895040,256,8000,32.100
2026-07-23T01:10:46.256Z,usb,1,3612849267,124591,31895296,256,8000,32.100
2026-07-23T01:10:46.288Z,usb,1,3612849267,124592,31895552,256,8000,32.100
2026-07-23T01:10:46.320Z,usb,1,3612849267,124593,31895808,256,8000,32.100
2026-07-23T01:10:46.352Z,usb,1,3612849267,124594,31896064,256,8000,32.100
2026-07-23T01:10:46.384Z,usb,1,3612849267,124595,31896320,256,8000,32.100
2026-07-23T01:10:46.416Z,usb,1,3612849267,124596,31896576,256,8000,32.100
2026-07-23T01:10:46.448Z,usb,1,3612849267,124597,31896832,256,8000,32.100
2026-07-23T01:10:46.480Z,usb,1,3612849267,124598,31897088,256,8000,32.100
2026-07-23T01:10:46.512Z,usb,1,3612849267,124599,31897344,256,8000,32.100
2026-07-23T01:10:46.544Z,usb,1,3612849267,124600,31897600,256,8000,32.100
2026-07-23T01:10:46.576Z,usb,1,3612849267,124601,31897856,256,8000,32.100
2026-07-23T01:10:46.608Z,usb,1,3612849267,124602,31898112,256,8000,32.100
2026-07-23T01:10:46.640Z,usb,1,3612849267,124603,31898368,256,8000,32.100
2026-07-23T01:10:46.672Z,usb,1,3612849267,124604,31898624,256,8000,32.100
2026-07-23T01:10:46.704Z,usb,1,3612849267,124605,31898880,256,8000,32.100
2026-07-23T01:10:46.736Z,usb,1,3612849267,124606,31899136,256,8000,32.100
2026-07-23T01:10:46.769Z,usb,1,3612849267,124607,31899392,256,8000,32.100
2026-07-23T01:10:46.800Z,usb,1,3612849267,124608,31899648,256,8000,32.100
2026-07-23T01:10:46.832Z,usb,1,3612849267,124609,31899904,256,8000,32.100
2026-07-23T01:10:46.864Z,usb,1,3612849267,124610,31900160,256,8000,32.100
2026-07-23T01:10:46.896Z,usb,1,3612849267,124611,31900416,256,8000,32.100
2026-07-23T01:10:46.929Z,usb,1,3612849267,124612,31900672,256,8000,32.100
2026-07-23T01:10:46.960Z,usb,1,3612849267,124613,31900928,256,8000,32.100
2026-07-23T01:10:46.992Z,usb,1,3612849267,124614,31901184,256,8000,32.100
2026-07-23T01:10:47.024Z,usb,1,3612849267,124615,31901440,256,8000,32.100
2026-07-23T01:10:47.056Z,usb,1,3612849267,124616,31901696,256,8000,32.100
2026-07-23T01:10:47.088Z,usb,1,3612849267,124617,31901952,256,8000,32.100
2026-07-23T01:10:47.120Z,usb,1,3612849267,124618,31902208,256,8000,32.100
2026-07-23T01:10:47.152Z,usb,1,3612849267,124619,31902464,256,8000,32.100
2026-07-23T01:10:47.184Z,usb,1,3612849267,124620,31902720,256,8000,32.100
2026-07-23T01:10:47.216Z,usb,1,3612849267,124621,31902976,256,8000,32.100
2026-07-23T01:10:47.248Z,usb,1,3612849267,124622,31903232,256,8000,32.100
2026-07-23T01:10:47.280Z,usb,1,3612849267,124623,31903488,256,8000,32.100
2026-07-23T01:10:47.312Z,usb,1,3612849267,124624,31903744,256,8000,32.100
2026-07-23T01:10:47.344Z,usb,1,3612849267,124625,31904000,256,8000,32.100
2026-07-23T01:10:47.376Z,usb,1,3612849267,124626,31904256,256,8000,32.100
2026-07-23T01:10:47.408Z,usb,1,3612849267,124627,31904512,256,8000,32.100
2026-07-23T01:10:47.440Z,usb,1,3612849267,124628,31904768,256,8000,32.100
2026-07-23T01:10:47.472Z,usb,1,3612849267,124629,31905024,256,8000,32.100
2026-07-23T01:10:47.504Z,usb,1,3612849267,124630,31905280,256,8000,32.100
2026-07-23T01:10:47.536Z,usb,1,3612849267,124631,31905536,256,8000,32.100
2026-07-23T01:10:47.568Z,usb,1,3612849267,124632,31905792,256,8000,32.100
2026-07-23T01:10:47.600Z,usb,1,3612849267,124633,31906048,256,8000,32.100
2026-07-23T01:10:47.632Z,usb,1,3612849267,124634,31906304,256,8000,32.100
2026-07-23T01:10:47.664Z,usb,1,3612849267,124635,31906560,256,8000,32.100
2026-07-23T01:10:47.696Z,usb,1,3612849267,124636,31906816,256,8000,32.100
2026-07-23T01:10:47.728Z,usb,1,3612849267,124637,31907072,256,8000,32.100
2026-07-23T01:10:47.760Z,usb,1,3612849267,124638,31907328,256,8000,32.100
2026-07-23T01:10:47.792Z,usb,1,3612849267,124639,31907584,256,8000,32.100
2026-07-23T01:10:47.824Z,usb,1,3612849267,124640,31907840,256,8000,32.100
2026-07-23T01:10:47.856Z,usb,1,3612849267,124641,31908096,256,8000,32.100
2026-07-23T01:10:47.888Z,usb,1,3612849267,124642,31908352,256,8000,32.100
2026-07-23T01:10:47.920Z,usb,1,3612849267,124643,31908608,256,8000,32.100
2026-07-23T01:10:47.953Z,usb,1,3612849267,124644,31908864,256,8000,32.100
2026-07-23T01:10:47.984Z,usb,1,3612849267,124645,31909120,256,8000,32.100
2026-07-23T01:10:48.016Z,usb,1,3612849267,124646,31909376,256,8000,32.100
2026-07-23T01:10:48.048Z,usb,1,3612849267,124647,31909632,256,8000,32.100
2026-07-23T01:10:48.080Z,usb,1,3612849267,124648,31909888,256,8000,32.100
2026-07-23T01:10:48.112Z,usb,1,3612849267,124649,31910144,256,8000,32.100
2026-07-23T01:10:48.144Z,usb,1,3612849267,124650,31910400,256,8000,32.100
2026-07-23T01:10:48.176Z,usb,1,3612849267,124651,31910656,256,8000,32.100
2026-07-23T01:10:48.208Z,usb,1,3612849267,124652,31910912,256,8000,32.100
2026-07-23T01:10:48.240Z,usb,1,3612849267,124653,31911168,256,8000,32.100
2026-07-23T01:10:48.272Z,usb,1,3612849267,124654,31911424,256,8000,32.100
2026-07-23T01:10:48.304Z,usb,1,3612849267,124655,31911680,256,8000,32.100
2026-07-23T01:10:48.336Z,usb,1,3612849267,124656,31911936,256,8000,32.100
2026-07-23T01:10:48.368Z,usb,1,3612849267,124657,31912192,256,8000,32.100
2026-07-23T01:10:48.400Z,usb,1,3612849267,124658,31912448,256,8000,32.100
2026-07-23T01:10:48.432Z,usb,1,3612849267,124659,31912704,256,8000,32.100
2026-07-23T01:10:48.464Z,usb,1,3612849267,124660,31912960,256,8000,32.100
2026-07-23T01:10:48.496Z,usb,1,3612849267,124661,31913216,256,8000,32.100
2026-07-23T01:10:48.528Z,usb,1,3612849267,124662,31913472,256,8000,32.100
2026-07-23T01:10:48.560Z,usb,1,3612849267,124663,31913728,256,8000,32.100
2026-07-23T01:10:48.592Z,usb,1,3612849267,124664,31913984,256,8000,32.100
2026-07-23T01:10:48.624Z,usb,1,3612849267,124665,31914240,256,8000,32.100
2026-07-23T01:10:48.656Z,usb,1,3612849267,124666,31914496,256,8000,32.100
2026-07-23T01:10:48.688Z,usb,1,3612849267,124667,31914752,256,8000,32.100
2026-07-23T01:10:48.720Z,usb,1,3612849267,124668,31915008,256,8000,32.100
2026-07-23T01:10:48.752Z,usb,1,3612849267,124669,31915264,256,8000,32.100
2026-07-23T01:10:48.784Z,usb,1,3612849267,124670,31915520,256,8000,32.100
2026-07-23T01:10:48.816Z,usb,1,3612849267,124671,31915776,256,8000,32.100
2026-07-23T01:10:48.848Z,usb,1,3612849267,124672,31916032,256,8000,32.100
2026-07-23T01:10:48.880Z,usb,1,3612849267,124673,31916288,256,8000,32.100
2026-07-23T01:10:48.912Z,usb,1,3612849267,124674,31916544,256,8000,32.100
2026-07-23T01:10:48.944Z,usb,1,3612849267,124675,31916800,256,8000,32.100
2026-07-23T01:10:48.977Z,usb,1,3612849267,124676,31917056,256,8000,32.110
2026-07-23T01:10:49.009Z,usb,1,3612849267,124677,31917312,256,8000,32.110
2026-07-23T01:10:49.040Z,usb,1,3612849267,124678,31917568,256,8000,32.110
2026-07-23T01:10:49.072Z,usb,1,3612849267,124679,31917824,256,8000,32.110
2026-07-23T01:10:49.104Z,usb,1,3612849267,124680,31918080,256,8000,32.110
2026-07-23T01:10:49.136Z,usb,1,3612849267,124681,31918336,256,8000,32.110
2026-07-23T01:10:49.168Z,usb,1,3612849267,124682,31918592,256,8000,32.110
2026-07-23T01:10:49.200Z,usb,1,3612849267,124683,31918848,256,8000,32.110
2026-07-23T01:10:49.232Z,usb,1,3612849267,124684,31919104,256,8000,32.110
2026-07-23T01:10:49.264Z,usb,1,3612849267,124685,31919360,256,8000,32.110
2026-07-23T01:10:49.296Z,usb,1,3612849267,124686,31919616,256,8000,32.110
2026-07-23T01:10:49.328Z,usb,1,3612849267,124687,31919872,256,8000,32.110
2026-07-23T01:10:49.360Z,usb,1,3612849267,124688,31920128,256,8000,32.110
2026-07-23T01:10:49.392Z,usb,1,3612849267,124689,31920384,256,8000,32.110
2026-07-23T01:10:49.424Z,usb,1,3612849267,124690,31920640,256,8000,32.110
2026-07-23T01:10:49.456Z,usb,1,3612849267,124691,31920896,256,8000,32.110
2026-07-23T01:10:49.488Z,usb,1,3612849267,124692,31921152,256,8000,32.110
2026-07-23T01:10:49.520Z,usb,1,3612849267,124693,31921408,256,8000,32.110
2026-07-23T01:10:49.552Z,usb,1,3612849267,124694,31921664,256,8000,32.110
2026-07-23T01:10:49.584Z,usb,1,3612849267,124695,31921920,256,8000,32.110
2026-07-23T01:10:49.616Z,usb,1,3612849267,124696,31922176,256,8000,32.110
2026-07-23T01:10:49.648Z,usb,1,3612849267,124697,31922432,256,8000,32.110
2026-07-23T01:10:49.680Z,usb,1,3612849267,124698,31922688,256,8000,32.110
2026-07-23T01:10:49.712Z,usb,1,3612849267,124699,31922944,256,8000,32.110
2026-07-23T01:10:49.744Z,usb,1,3612849267,124700,31923200,256,8000,32.110
2026-07-23T01:10:49.776Z,usb,1,3612849267,124701,31923456,256,8000,32.110
2026-07-23T01:10:49.808Z,usb,1,3612849267,124702,31923712,256,8000,32.110
2026-07-23T01:10:49.840Z,usb,1,3612849267,124703,31923968,256,8000,32.110
2026-07-23T01:10:49.872Z,usb,1,3612849267,124704,31924224,256,8000,32.110
2026-07-23T01:10:49.904Z,usb,1,3612849267,124705,31924480,256,8000,32.110
2026-07-23T01:10:49.936Z,usb,1,3612849267,124706,31924736,256,8000,32.110
2026-07-23T01:10:49.968Z,usb,1,3612849267,124707,31924992,256,8000,32.110
2026-07-23T01:10:50.001Z,usb,1,3612849267,124708,31925248,256,8000,32.100
2026-07-23T01:10:50.033Z,usb,1,3612849267,124709,31925504,256,8000,32.100
2026-07-23T01:10:50.064Z,usb,1,3612849267,124710,31925760,256,8000,32.100
2026-07-23T01:10:50.096Z,usb,1,3612849267,124711,31926016,256,8000,32.100
2026-07-23T01:10:50.128Z,usb,1,3612849267,124712,31926272,256,8000,32.100
2026-07-23T01:10:50.160Z,usb,1,3612849267,124713,31926528,256,8000,32.100
2026-07-23T01:10:50.192Z,usb,1,3612849267,124714,31926784,256,8000,32.100
2026-07-23T01:10:50.225Z,usb,1,3612849267,124715,31927040,256,8000,32.100
2026-07-23T01:10:50.256Z,usb,1,3612849267,124716,31927296,256,8000,32.100
2026-07-23T01:10:50.288Z,usb,1,3612849267,124717,31927552,256,8000,32.100
2026-07-23T01:10:50.320Z,usb,1,3612849267,124718,31927808,256,8000,32.100
2026-07-23T01:10:50.352Z,usb,1,3612849267,124719,31928064,256,8000,32.100
2026-07-23T01:10:50.384Z,usb,1,3612849267,124720,31928320,256,8000,32.100
2026-07-23T01:10:50.416Z,usb,1,3612849267,124721,31928576,256,8000,32.100
2026-07-23T01:10:50.448Z,usb,1,3612849267,124722,31928832,256,8000,32.100
2026-07-23T01:10:50.480Z,usb,1,3612849267,124723,31929088,256,8000,32.100
2026-07-23T01:10:50.512Z,usb,1,3612849267,124724,31929344,256,8000,32.100
2026-07-23T01:10:50.544Z,usb,1,3612849267,124725,31929600,256,8000,32.100
2026-07-23T01:10:50.576Z,usb,1,3612849267,124726,31929856,256,8000,32.100
2026-07-23T01:10:50.608Z,usb,1,3612849267,124727,31930112,256,8000,32.100
2026-07-23T01:10:50.640Z,usb,1,3612849267,124728,31930368,256,8000,32.100
2026-07-23T01:10:50.672Z,usb,1,3612849267,124729,31930624,256,8000,32.100
2026-07-23T01:10:50.704Z,usb,1,3612849267,124730,31930880,256,8000,32.100
2026-07-23T01:10:50.736Z,usb,1,3612849267,124731,31931136,256,8000,32.100
2026-07-23T01:10:50.768Z,usb,1,3612849267,124732,31931392,256,8000,32.100
2026-07-23T01:10:50.800Z,usb,1,3612849267,124733,31931648,256,8000,32.100
2026-07-23T01:10:50.832Z,usb,1,3612849267,124734,31931904,256,8000,32.100
2026-07-23T01:10:50.864Z,usb,1,3612849267,124735,31932160,256,8000,32.100
2026-07-23T01:10:50.896Z,usb,1,3612849267,124736,31932416,256,8000,32.100
2026-07-23T01:10:50.928Z,usb,1,3612849267,124737,31932672,256,8000,32.100
2026-07-23T01:10:50.960Z,usb,1,3612849267,124738,31932928,256,8000,32.100
2026-07-23T01:10:50.992Z,usb,1,3612849267,124739,31933184,256,8000,32.100
2026-07-23T01:10:51.025Z,usb,1,3612849267,124740,31933440,256,8000,32.100
2026-07-23T01:10:51.056Z,usb,1,3612849267,124741,31933696,256,8000,32.100
2026-07-23T01:10:51.088Z,usb,1,3612849267,124742,31933952,256,8000,32.100
2026-07-23T01:10:51.120Z,usb,1,3612849267,124743,31934208,256,8000,32.100
2026-07-23T01:10:51.152Z,usb,1,3612849267,124744,31934464,256,8000,32.100
2026-07-23T01:10:51.184Z,usb,1,3612849267,124745,31934720,256,8000,32.100
2026-07-23T01:10:51.216Z,usb,1,3612849267,124746,31934976,256,8000,32.100
2026-07-23T01:10:51.248Z,usb,1,3612849267,124747,31935232,256,8000,32.100
2026-07-23T01:10:51.280Z,usb,1,3612849267,124748,31935488,256,8000,32.100
2026-07-23T01:10:51.312Z,usb,1,3612849267,124749,31935744,256,8000,32.100
2026-07-23T01:10:51.344Z,usb,1,3612849267,124750,31936000,256,8000,32.100
2026-07-23T01:10:51.376Z,usb,1,3612849267,124751,31936256,256,8000,32.100
2026-07-23T01:10:51.408Z,usb,1,3612849267,124752,31936512,256,8000,32.100
2026-07-23T01:10:51.440Z,usb,1,3612849267,124753,31936768,256,8000,32.100
2026-07-23T01:10:51.472Z,usb,1,3612849267,124754,31937024,256,8000,32.100
2026-07-23T01:10:51.504Z,usb,1,3612849267,124755,31937280,256,8000,32.100
2026-07-23T01:10:51.536Z,usb,1,3612849267,124756,31937536,256,8000,32.100
2026-07-23T01:10:51.568Z,usb,1,3612849267,124757,31937792,256,8000,32.100
2026-07-23T01:10:51.600Z,usb,1,3612849267,124758,31938048,256,8000,32.100
2026-07-23T01:10:51.632Z,usb,1,3612849267,124759,31938304,256,8000,32.100
2026-07-23T01:10:51.664Z,usb,1,3612849267,124760,31938560,256,8000,32.100
2026-07-23T01:10:51.696Z,usb,1,3612849267,124761,31938816,256,8000,32.100
2026-07-23T01:10:51.728Z,usb,1,3612849267,124762,31939072,256,8000,32.100
2026-07-23T01:10:51.760Z,usb,1,3612849267,124763,31939328,256,8000,32.100
2026-07-23T01:10:51.792Z,usb,1,3612849267,124764,31939584,256,8000,32.100
2026-07-23T01:10:51.824Z,usb,1,3612849267,124765,31939840,256,8000,32.100
2026-07-23T01:10:51.856Z,usb,1,3612849267,124766,31940096,256,8000,32.100
2026-07-23T01:10:51.888Z,usb,1,3612849267,124767,31940352,256,8000,32.100
2026-07-23T01:10:51.921Z,usb,1,3612849267,124768,31940608,256,8000,32.100
2026-07-23T01:10:51.954Z,usb,1,3612849267,124769,31940864,256,8000,32.100
2026-07-23T01:10:51.985Z,usb,1,3612849267,124770,31941120,256,8000,32.100
2026-07-23T01:10:52.016Z,usb,1,3612849267,124771,31941376,256,8000,32.100
2026-07-23T01:10:52.049Z,usb,1,3612849267,124772,31941632,256,8000,32.100
2026-07-23T01:10:52.080Z,usb,1,3612849267,124773,31941888,256,8000,32.100
2026-07-23T01:10:52.112Z,usb,1,3612849267,124774,31942144,256,8000,32.100
2026-07-23T01:10:52.144Z,usb,1,3612849267,124775,31942400,256,8000,32.100
2026-07-23T01:10:52.176Z,usb,1,3612849267,124776,31942656,256,8000,32.100
2026-07-23T01:10:52.208Z,usb,1,3612849267,124777,31942912,256,8000,32.100
2026-07-23T01:10:52.240Z,usb,1,3612849267,124778,31943168,256,8000,32.100
2026-07-23T01:10:52.272Z,usb,1,3612849267,124779,31943424,256,8000,32.100
2026-07-23T01:10:52.304Z,usb,1,3612849267,124780,31943680,256,8000,32.100
2026-07-23T01:10:52.336Z,usb,1,3612849267,124781,31943936,256,8000,32.100
2026-07-23T01:10:52.368Z,usb,1,3612849267,124782,31944192,256,8000,32.100
2026-07-23T01:10:52.400Z,usb,1,3612849267,124783,31944448,256,8000,32.100
2026-07-23T01:10:52.432Z,usb,1,3612849267,124784,31944704,256,8000,32.100
2026-07-23T01:10:52.464Z,usb,1,3612849267,124785,31944960,256,8000,32.100
2026-07-23T01:10:52.496Z,usb,1,3612849267,124786,31945216,256,8000,32.100
2026-07-23T01:10:52.528Z,usb,1,3612849267,124787,31945472,256,8000,32.100
2026-07-23T01:10:52.560Z,usb,1,3612849267,124788,31945728,256,8000,32.100
2026-07-23T01:10:52.592Z,usb,1,3612849267,124789,31945984,256,8000,32.100
2026-07-23T01:10:52.624Z,usb,1,3612849267,124790,31946240,256,8000,32.100
2026-07-23T01:10:52.656Z,usb,1,3612849267,124791,31946496,256,8000,32.100
2026-07-23T01:10:52.688Z,usb,1,3612849267,124792,31946752,256,8000,32.100
2026-07-23T01:10:52.720Z,usb,1,3612849267,124793,31947008,256,8000,32.100
2026-07-23T01:10:52.752Z,usb,1,3612849267,124794,31947264,256,8000,32.100
2026-07-23T01:10:52.784Z,usb,1,3612849267,124795,31947520,256,8000,32.100
2026-07-23T01:10:52.816Z,usb,1,3612849267,124796,31947776,256,8000,32.100
2026-07-23T01:10:52.848Z,usb,1,3612849267,124797,31948032,256,8000,32.100
2026-07-23T01:10:52.880Z,usb,1,3612849267,124798,31948288,256,8000,32.100
2026-07-23T01:10:52.912Z,usb,1,3612849267,124799,31948544,256,8000,32.100
2026-07-23T01:10:52.944Z,usb,1,3612849267,124800,31948800,256,8000,32.100
2026-07-23T01:10:52.976Z,usb,1,3612849267,124801,31949056,256,8000,32.100
2026-07-23T01:10:53.008Z,usb,1,3612849267,124802,31949312,256,8000,32.100
2026-07-23T01:10:53.040Z,usb,1,3612849267,124803,31949568,256,8000,32.100
2026-07-23T01:10:53.073Z,usb,1,3612849267,124804,31949824,256,8000,32.110
2026-07-23T01:10:53.104Z,usb,1,3612849267,124805,31950080,256,8000,32.110
2026-07-23T01:10:53.136Z,usb,1,3612849267,124806,31950336,256,8000,32.110
2026-07-23T01:10:53.168Z,usb,1,3612849267,124807,31950592,256,8000,32.110
2026-07-23T01:10:53.200Z,usb,1,3612849267,124808,31950848,256,8000,32.110
2026-07-23T01:10:53.232Z,usb,1,3612849267,124809,31951104,256,8000,32.110
2026-07-23T01:10:53.264Z,usb,1,3612849267,124810,31951360,256,8000,32.110
2026-07-23T01:10:53.296Z,usb,1,3612849267,124811,31951616,256,8000,32.110
2026-07-23T01:10:53.328Z,usb,1,3612849267,124812,31951872,256,8000,32.110
2026-07-23T01:10:53.360Z,usb,1,3612849267,124813,31952128,256,8000,32.110
2026-07-23T01:10:53.392Z,usb,1,3612849267,124814,31952384,256,8000,32.110
2026-07-23T01:10:53.424Z,usb,1,3612849267,124815,31952640,256,8000,32.110
2026-07-23T01:10:53.456Z,usb,1,3612849267,124816,31952896,256,8000,32.110
2026-07-23T01:10:53.488Z,usb,1,3612849267,124817,31953152,256,8000,32.110
2026-07-23T01:10:53.520Z,usb,1,3612849267,124818,31953408,256,8000,32.110
2026-07-23T01:10:53.552Z,usb,1,3612849267,124819,31953664,256,8000,32.110
2026-07-23T01:10:53.584Z,usb,1,3612849267,124820,31953920,256,8000,32.110
2026-07-23T01:10:53.616Z,usb,1,3612849267,124821,31954176,256,8000,32.110
2026-07-23T01:10:53.648Z,usb,1,3612849267,124822,31954432,256,8000,32.110
2026-07-23T01:10:53.680Z,usb,1,3612849267,124823,31954688,256,8000,32.110
2026-07-23T01:10:53.712Z,usb,1,3612849267,124824,31954944,256,8000,32.110
2026-07-23T01:10:53.744Z,usb,1,3612849267,124825,31955200,256,8000,32.110
2026-07-23T01:10:53.776Z,usb,1,3612849267,124826,31955456,256,8000,32.110
2026-07-23T01:10:53.808Z,usb,1,3612849267,124827,31955712,256,8000,32.110
2026-07-23T01:10:53.840Z,usb,1,3612849267,124828,31955968,256,8000,32.110
2026-07-23T01:10:53.872Z,usb,1,3612849267,124829,31956224,256,8000,32.110
2026-07-23T01:10:53.904Z,usb,1,3612849267,124830,31956480,256,8000,32.110
2026-07-23T01:10:53.936Z,usb,1,3612849267,124831,31956736,256,8000,32.110
2026-07-23T01:10:53.968Z,usb,1,3612849267,124832,31956992,256,8000,32.110
2026-07-23T01:10:54.001Z,usb,1,3612849267,124833,31957248,256,8000,32.110
2026-07-23T01:10:54.033Z,usb,1,3612849267,124834,31957504,256,8000,32.110
2026-07-23T01:10:54.064Z,usb,1,3612849267,124835,31957760,256,8000,32.110
2026-07-23T01:10:54.097Z,usb,1,3612849267,124836,31958016,256,8000,32.110
2026-07-23T01:10:54.128Z,usb,1,3612849267,124837,31958272,256,8000,32.110
2026-07-23T01:10:54.160Z,usb,1,3612849267,124838,31958528,256,8000,32.110
2026-07-23T01:10:54.192Z,usb,1,3612849267,124839,31958784,256,8000,32.110
2026-07-23T01:10:54.225Z,usb,1,3612849267,124840,31959040,256,8000,32.110
2026-07-23T01:10:54.256Z,usb,1,3612849267,124841,31959296,256,8000,32.110
2026-07-23T01:10:54.289Z,usb,1,3612849267,124842,31959552,256,8000,32.110
2026-07-23T01:10:54.321Z,usb,1,3612849267,124843,31959808,256,8000,32.110
2026-07-23T01:10:54.352Z,usb,1,3612849267,124844,31960064,256,8000,32.110
2026-07-23T01:10:54.384Z,usb,1,3612849267,124845,31960320,256,8000,32.110
2026-07-23T01:10:54.416Z,usb,1,3612849267,124846,31960576,256,8000,32.110
2026-07-23T01:10:54.448Z,usb,1,3612849267,124847,31960832,256,8000,32.110
2026-07-23T01:10:54.480Z,usb,1,3612849267,124848,31961088,256,8000,32.110
2026-07-23T01:10:54.512Z,usb,1,3612849267,124849,31961344,256,8000,32.110
2026-07-23T01:10:54.544Z,usb,1,3612849267,124850,31961600,256,8000,32.110
2026-07-23T01:10:54.576Z,usb,1,3612849267,124851,31961856,256,8000,32.110
2026-07-23T01:10:54.608Z,usb,1,3612849267,124852,31962112,256,8000,32.110
2026-07-23T01:10:54.641Z,usb,1,3612849267,124853,31962368,256,8000,32.110
2026-07-23T01:10:54.672Z,usb,1,3612849267,124854,31962624,256,8000,32.110
2026-07-23T01:10:54.704Z,usb,1,3612849267,124855,31962880,256,8000,32.110
2026-07-23T01:10:54.736Z,usb,1,3612849267,124856,31963136,256,8000,32.110
2026-07-23T01:10:54.768Z,usb,1,3612849267,124857,31963392,256,8000,32.110
2026-07-23T01:10:54.800Z,usb,1,3612849267,124858,31963648,256,8000,32.110
2026-07-23T01:10:54.832Z,usb,1,3612849267,124859,31963904,256,8000,32.110
2026-07-23T01:10:54.864Z,usb,1,3612849267,124860,31964160,256,8000,32.110
2026-07-23T01:10:54.896Z,usb,1,3612849267,124861,31964416,256,8000,32.110
2026-07-23T01:10:54.928Z,usb,1,3612849267,124862,31964672,256,8000,32.110
2026-07-23T01:10:54.960Z,usb,1,3612849267,124863,31964928,256,8000,32.110
2026-07-23T01:10:54.992Z,usb,1,3612849267,124864,31965184,256,8000,32.110
2026-07-23T01:10:55.024Z,usb,1,3612849267,124865,31965440,256,8000,32.110
2026-07-23T01:10:55.056Z,usb,1,3612849267,124866,31965696,256,8000,32.110
2026-07-23T01:10:55.088Z,usb,1,3612849267,124867,31965952,256,8000,32.110
2026-07-23T01:10:55.121Z,usb,1,3612849267,124868,31966208,256,8000,32.110
2026-07-23T01:10:55.152Z,usb,1,3612849267,124869,31966464,256,8000,32.110
2026-07-23T01:10:55.184Z,usb,1,3612849267,124870,31966720,256,8000,32.110
2026-07-23T01:10:55.216Z,usb,1,3612849267,124871,31966976,256,8000,32.110
2026-07-23T01:10:55.248Z,usb,1,3612849267,124872,31967232,256,8000,32.110
2026-07-23T01:10:55.280Z,usb,1,3612849267,124873,31967488,256,8000,32.110
2026-07-23T01:10:55.312Z,usb,1,3612849267,124874,31967744,256,8000,32.110
2026-07-23T01:10:55.344Z,usb,1,3612849267,124875,31968000,256,8000,32.110
2026-07-23T01:10:55.376Z,usb,1,3612849267,124876,31968256,256,8000,32.110
2026-07-23T01:10:55.408Z,usb,1,3612849267,124877,31968512,256,8000,32.110
2026-07-23T01:10:55.440Z,usb,1,3612849267,124878,31968768,256,8000,32.110
2026-07-23T01:10:55.472Z,usb,1,3612849267,124879,31969024,256,8000,32.110
2026-07-23T01:10:55.504Z,usb,1,3612849267,124880,31969280,256,8000,32.110
2026-07-23T01:10:55.536Z,usb,1,3612849267,124881,31969536,256,8000,32.110
2026-07-23T01:10:55.568Z,usb,1,3612849267,124882,31969792,256,8000,32.110
2026-07-23T01:10:55.600Z,usb,1,3612849267,124883,31970048,256,8000,32.110
2026-07-23T01:10:55.632Z,usb,1,3612849267,124884,31970304,256,8000,32.110
2026-07-23T01:10:55.664Z,usb,1,3612849267,124885,31970560,256,8000,32.110
2026-07-23T01:10:55.696Z,usb,1,3612849267,124886,31970816,256,8000,32.110
2026-07-23T01:10:55.728Z,usb,1,3612849267,124887,31971072,256,8000,32.110
2026-07-23T01:10:55.760Z,usb,1,3612849267,124888,31971328,256,8000,32.110
2026-07-23T01:10:55.792Z,usb,1,3612849267,124889,31971584,256,8000,32.110
2026-07-23T01:10:55.824Z,usb,1,3612849267,124890,31971840,256,8000,32.110
2026-07-23T01:10:55.856Z,usb,1,3612849267,124891,31972096,256,8000,32.110
2026-07-23T01:10:55.888Z,usb,1,3612849267,124892,31972352,256,8000,32.110
2026-07-23T01:10:55.920Z,usb,1,3612849267,124893,31972608,256,8000,32.110
2026-07-23T01:10:55.952Z,usb,1,3612849267,124894,31972864,256,8000,32.110
2026-07-23T01:10:55.984Z,usb,1,3612849267,124895,31973120,256,8000,32.110
2026-07-23T01:10:56.016Z,usb,1,3612849267,124896,31973376,256,8000,32.110
2026-07-23T01:10:56.048Z,usb,1,3612849267,124897,31973632,256,8000,32.110
2026-07-23T01:10:56.080Z,usb,1,3612849267,124898,31973888,256,8000,32.110
2026-07-23T01:10:56.112Z,usb,1,3612849267,124899,31974144,256,8000,32.110
2026-07-23T01:10:56.145Z,usb,1,3612849267,124900,31974400,256,8000,32.110
2026-07-23T01:10:56.176Z,usb,1,3612849267,124901,31974656,256,8000,32.110
2026-07-23T01:10:56.208Z,usb,1,3612849267,124902,31974912,256,8000,32.110
2026-07-23T01:10:56.240Z,usb,1,3612849267,124903,31975168,256,8000,32.110
2026-07-23T01:10:56.272Z,usb,1,3612849267,124904,31975424,256,8000,32.110
2026-07-23T01:10:56.304Z,usb,1,3612849267,124905,31975680,256,8000,32.110
2026-07-23T01:10:56.336Z,usb,1,3612849267,124906,31975936,256,8000,32.110
2026-07-23T01:10:56.368Z,usb,1,3612849267,124907,31976192,256,8000,32.110
2026-07-23T01:10:56.400Z,usb,1,3612849267,124908,31976448,256,8000,32.110
2026-07-23T01:10:56.432Z,usb,1,3612849267,124909,31976704,256,8000,32.110
2026-07-23T01:10:56.464Z,usb,1,3612849267,124910,31976960,256,8000,32.110
2026-07-23T01:10:56.496Z,usb,1,3612849267,124911,31977216,256,8000,32.110
2026-07-23T01:10:56.528Z,usb,1,3612849267,124912,31977472,256,8000,32.110
2026-07-23T01:10:56.560Z,usb,1,3612849267,124913,31977728,256,8000,32.110
2026-07-23T01:10:56.592Z,usb,1,3612849267,124914,31977984,256,8000,32.110
2026-07-23T01:10:56.624Z,usb,1,3612849267,124915,31978240,256,8000,32.110
2026-07-23T01:10:56.656Z,usb,1,3612849267,124916,31978496,256,8000,32.110
2026-07-23T01:10:56.688Z,usb,1,3612849267,124917,31978752,256,8000,32.110
2026-07-23T01:10:56.720Z,usb,1,3612849267,124918,31979008,256,8000,32.110
2026-07-23T01:10:56.752Z,usb,1,3612849267,124919,31979264,256,8000,32.110
2026-07-23T01:10:56.784Z,usb,1,3612849267,124920,31979520,256,8000,32.110
2026-07-23T01:10:56.816Z,usb,1,3612849267,124921,31979776,256,8000,32.110
2026-07-23T01:10:56.848Z,usb,1,3612849267,124922,31980032,256,8000,32.110
2026-07-23T01:10:56.880Z,usb,1,3612849267,124923,31980288,256,8000,32.110
2026-07-23T01:10:56.912Z,usb,1,3612849267,124924,31980544,256,8000,32.110
2026-07-23T01:10:56.944Z,usb,1,3612849267,124925,31980800,256,8000,32.110
2026-07-23T01:10:56.976Z,usb,1,3612849267,124926,31981056,256,8000,32.110
2026-07-23T01:10:57.008Z,usb,1,3612849267,124927,31981312,256,8000,32.110
2026-07-23T01:10:57.040Z,usb,1,3612849267,124928,31981568,256,8000,32.110
2026-07-23T01:10:57.072Z,usb,1,3612849267,124929,31981824,256,8000,32.110
2026-07-23T01:10:57.104Z,usb,1,3612849267,124930,31982080,256,8000,32.110
2026-07-23T01:10:57.136Z,usb,1,3612849267,124931,31982336,256,8000,32.110
2026-07-23T01:10:57.169Z,usb,1,3612849267,124932,31982592,256,8000,32.100
2026-07-23T01:10:57.200Z,usb,1,3612849267,124933,31982848,256,8000,32.100
2026-07-23T01:10:57.232Z,usb,1,3612849267,124934,31983104,256,8000,32.100
2026-07-23T01:10:57.264Z,usb,1,3612849267,124935,31983360,256,8000,32.100
2026-07-23T01:10:57.296Z,usb,1,3612849267,124936,31983616,256,8000,32.100
2026-07-23T01:10:57.328Z,usb,1,3612849267,124937,31983872,256,8000,32.100
2026-07-23T01:10:57.360Z,usb,1,3612849267,124938,31984128,256,8000,32.100
2026-07-23T01:10:57.392Z,usb,1,3612849267,124939,31984384,256,8000,32.100
2026-07-23T01:10:57.424Z,usb,1,3612849267,124940,31984640,256,8000,32.100
2026-07-23T01:10:57.457Z,usb,1,3612849267,124941,31984896,256,8000,32.100
2026-07-23T01:10:57.488Z,usb,1,3612849267,124942,31985152,256,8000,32.100
2026-07-23T01:10:57.520Z,usb,1,3612849267,124943,31985408,256,8000,32.100
2026-07-23T01:10:57.552Z,usb,1,3612849267,124944,31985664,256,8000,32.100
2026-07-23T01:10:57.584Z,usb,1,3612849267,124945,31985920,256,8000,32.100
2026-07-23T01:10:57.616Z,usb,1,3612849267,124946,31986176,256,8000,32.100
2026-07-23T01:10:57.648Z,usb,1,3612849267,124947,31986432,256,8000,32.100
2026-07-23T01:10:57.680Z,usb,1,3612849267,124948,31986688,256,8000,32.100
2026-07-23T01:10:57.712Z,usb,1,3612849267,124949,31986944,256,8000,32.100
2026-07-23T01:10:57.744Z,usb,1,3612849267,124950,31987200,256,8000,32.100
2026-07-23T01:10:57.776Z,usb,1,3612849267,124951,31987456,256,8000,32.100
2026-07-23T01:10:57.808Z,usb,1,3612849267,124952,31987712,256,8000,32.100
2026-07-23T01:10:57.840Z,usb,1,3612849267,124953,31987968,256,8000,32.100
2026-07-23T01:10:57.872Z,usb,1,3612849267,124954,31988224,256,8000,32.100
2026-07-23T01:10:57.905Z,usb,1,3612849267,124955,31988480,256,8000,32.100
2026-07-23T01:10:57.936Z,usb,1,3612849267,124956,31988736,256,8000,32.100
2026-07-23T01:10:57.968Z,usb,1,3612849267,124957,31988992,256,8000,32.100
2026-07-23T01:10:58.000Z,usb,1,3612849267,124958,31989248,256,8000,32.100
2026-07-23T01:10:58.032Z,usb,1,3612849267,124959,31989504,256,8000,32.100
2026-07-23T01:10:58.065Z,usb,1,3612849267,124960,31989760,256,8000,32.100
2026-07-23T01:10:58.096Z,usb,1,3612849267,124961,31990016,256,8000,32.100
2026-07-23T01:10:58.128Z,usb,1,3612849267,124962,31990272,256,8000,32.100
2026-07-23T01:10:58.160Z,usb,1,3612849267,124963,31990528,256,8000,32.100
2026-07-23T01:10:58.193Z,usb,1,3612849267,124964,31990784,256,8000,32.110
2026-07-23T01:10:58.225Z,usb,1,3612849267,124965,31991040,256,8000,32.110
2026-07-23T01:10:58.256Z,usb,1,3612849267,124966,31991296,256,8000,32.110
2026-07-23T01:10:58.288Z,usb,1,3612849267,124967,31991552,256,8000,32.110
2026-07-23T01:10:58.320Z,usb,1,3612849267,124968,31991808,256,8000,32.110
2026-07-23T01:10:58.352Z,usb,1,3612849267,124969,31992064,256,8000,32.110
2026-07-23T01:10:58.384Z,usb,1,3612849267,124970,31992320,256,8000,32.110
2026-07-23T01:10:58.416Z,usb,1,3612849267,124971,31992576,256,8000,32.110
2026-07-23T01:10:58.448Z,usb,1,3612849267,124972,31992832,256,8000,32.110
2026-07-23T01:10:58.480Z,usb,1,3612849267,124973,31993088,256,8000,32.110
2026-07-23T01:10:58.512Z,usb,1,3612849267,124974,31993344,256,8000,32.110
2026-07-23T01:10:58.544Z,usb,1,3612849267,124975,31993600,256,8000,32.110
2026-07-23T01:10:58.576Z,usb,1,3612849267,124976,31993856,256,8000,32.110
2026-07-23T01:10:58.609Z,usb,1,3612849267,124977,31994112,256,8000,32.110
2026-07-23T01:10:58.640Z,usb,1,3612849267,124978,31994368,256,8000,32.110
2026-07-23T01:10:58.672Z,usb,1,3612849267,124979,31994624,256,8000,32.110
2026-07-23T01:10:58.704Z,usb,1,3612849267,124980,31994880,256,8000,32.110
2026-07-23T01:10:58.736Z,usb,1,3612849267,124981,31995136,256,8000,32.110
2026-07-23T01:10:58.769Z,usb,1,3612849267,124982,31995392,256,8000,32.110
2026-07-23T01:10:58.800Z,usb,1,3612849267,124983,31995648,256,8000,32.110
2026-07-23T01:10:58.832Z,usb,1,3612849267,124984,31995904,256,8000,32.110
2026-07-23T01:10:58.864Z,usb,1,3612849267,124985,31996160,256,8000,32.110
2026-07-23T01:10:58.896Z,usb,1,3612849267,124986,31996416,256,8000,32.110
2026-07-23T01:10:58.928Z,usb,1,3612849267,124987,31996672,256,8000,32.110
2026-07-23T01:10:58.960Z,usb,1,3612849267,124988,31996928,256,8000,32.110
2026-07-23T01:10:58.992Z,usb,1,3612849267,124989,31997184,256,8000,32.110
2026-07-23T01:10:59.024Z,usb,1,3612849267,124990,31997440,256,8000,32.110
2026-07-23T01:10:59.056Z,usb,1,3612849267,124991,31997696,256,8000,32.110
2026-07-23T01:10:59.088Z,usb,1,3612849267,124992,31997952,256,8000,32.110
2026-07-23T01:10:59.120Z,usb,1,3612849267,124993,31998208,256,8000,32.110
2026-07-23T01:10:59.152Z,usb,1,3612849267,124994,31998464,256,8000,32.110
2026-07-23T01:10:59.184Z,usb,1,3612849267,124995,31998720,256,8000,32.110
2026-07-23T01:10:59.217Z,usb,1,3612849267,124996,31998976,256,8000,32.110
2026-07-23T01:10:59.248Z,usb,1,3612849267,124997,31999232,256,8000,32.110
2026-07-23T01:10:59.280Z,usb,1,3612849267,124998,31999488,256,8000,32.110
2026-07-23T01:10:59.312Z,usb,1,3612849267,124999,31999744,256,8000,32.110
2026-07-23T01:10:59.344Z,usb,1,3612849267,125000,32000000,256,8000,32.110
2026-07-23T01:10:59.376Z,usb,1,3612849267,125001,32000256,256,8000,32.110
2026-07-23T01:10:59.408Z,usb,1,3612849267,125002,32000512,256,8000,32.110
2026-07-23T01:10:59.440Z,usb,1,3612849267,125003,32000768,256,8000,32.110
2026-07-23T01:10:59.472Z,usb,1,3612849267,125004,32001024,256,8000,32.110
2026-07-23T01:10:59.504Z,usb,1,3612849267,125005,32001280,256,8000,32.110
2026-07-23T01:10:59.536Z,usb,1,3612849267,125006,32001536,256,8000,32.110
2026-07-23T01:10:59.568Z,usb,1,3612849267,125007,32001792,256,8000,32.110
2026-07-23T01:10:59.600Z,usb,1,3612849267,125008,32002048,256,8000,32.110
2026-07-23T01:10:59.632Z,usb,1,3612849267,125009,32002304,256,8000,32.110
2026-07-23T01:10:59.664Z,usb,1,3612849267,125010,32002560,256,8000,32.110
2026-07-23T01:10:59.696Z,usb,1,3612849267,125011,32002816,256,8000,32.110
2026-07-23T01:10:59.728Z,usb,1,3612849267,125012,32003072,256,8000,32.110
2026-07-23T01:10:59.760Z,usb,1,3612849267,125013,32003328,256,8000,32.110
2026-07-23T01:10:59.792Z,usb,1,3612849267,125014,32003584,256,8000,32.110
2026-07-23T01:10:59.824Z,usb,1,3612849267,125015,32003840,256,8000,32.110
2026-07-23T01:10:59.856Z,usb,1,3612849267,125016,32004096,256,8000,32.110
2026-07-23T01:10:59.888Z,usb,1,3612849267,125017,32004352,256,8000,32.110
2026-07-23T01:10:59.920Z,usb,1,3612849267,125018,32004608,256,8000,32.110
2026-07-23T01:10:59.953Z,usb,1,3612849267,125019,32004864,256,8000,32.110
2026-07-23T01:10:59.984Z,usb,1,3612849267,125020,32005120,256,8000,32.110
2026-07-23T01:11:00.016Z,usb,1,3612849267,125021,32005376,256,8000,32.110
2026-07-23T01:11:00.048Z,usb,1,3612849267,125022,32005632,256,8000,32.110
2026-07-23T01:11:00.080Z,usb,1,3612849267,125023,32005888,256,8000,32.110
2026-07-23T01:11:00.112Z,usb,1,3612849267,125024,32006144,256,8000,32.110
2026-07-23T01:11:00.144Z,usb,1,3612849267,125025,32006400,256,8000,32.110
2026-07-23T01:11:00.176Z,usb,1,3612849267,125026,32006656,256,8000,32.110
2026-07-23T01:11:00.208Z,usb,1,3612849267,125027,32006912,256,8000,32.110
2026-07-23T01:11:00.241Z,usb,1,3612849267,125028,32007168,256,8000,32.110
2026-07-23T01:11:00.272Z,usb,1,3612849267,125029,32007424,256,8000,32.110
2026-07-23T01:11:00.304Z,usb,1,3612849267,125030,32007680,256,8000,32.110
2026-07-23T01:11:00.336Z,usb,1,3612849267,125031,32007936,256,8000,32.110
2026-07-23T01:11:00.368Z,usb,1,3612849267,125032,32008192,256,8000,32.110
2026-07-23T01:11:00.400Z,usb,1,3612849267,125033,32008448,256,8000,32.110
2026-07-23T01:11:00.432Z,usb,1,3612849267,125034,32008704,256,8000,32.110
2026-07-23T01:11:00.464Z,usb,1,3612849267,125035,32008960,256,8000,32.110
2026-07-23T01:11:00.496Z,usb,1,3612849267,125036,32009216,256,8000,32.110
2026-07-23T01:11:00.528Z,usb,1,3612849267,125037,32009472,256,8000,32.110
2026-07-23T01:11:00.560Z,usb,1,3612849267,125038,32009728,256,8000,32.110
2026-07-23T01:11:00.592Z,usb,1,3612849267,125039,32009984,256,8000,32.110
2026-07-23T01:11:00.624Z,usb,1,3612849267,125040,32010240,256,8000,32.110
2026-07-23T01:11:00.656Z,usb,1,3612849267,125041,32010496,256,8000,32.110
2026-07-23T01:11:00.688Z,usb,1,3612849267,125042,32010752,256,8000,32.110
2026-07-23T01:11:00.720Z,usb,1,3612849267,125043,32011008,256,8000,32.110
2026-07-23T01:11:00.752Z,usb,1,3612849267,125044,32011264,256,8000,32.110
2026-07-23T01:11:00.784Z,usb,1,3612849267,125045,32011520,256,8000,32.110
2026-07-23T01:11:00.816Z,usb,1,3612849267,125046,32011776,256,8000,32.110
2026-07-23T01:11:00.848Z,usb,1,3612849267,125047,32012032,256,8000,32.110
2026-07-23T01:11:00.880Z,usb,1,3612849267,125048,32012288,256,8000,32.110
2026-07-23T01:11:00.912Z,usb,1,3612849267,125049,32012544,256,8000,32.110
2026-07-23T01:11:00.944Z,usb,1,3612849267,125050,32012800,256,8000,32.110
2026-07-23T01:11:00.976Z,usb,1,3612849267,125051,32013056,256,8000,32.110
2026-07-23T01:11:01.008Z,usb,1,3612849267,125052,32013312,256,8000,32.110
2026-07-23T01:11:01.040Z,usb,1,3612849267,125053,32013568,256,8000,32.110
2026-07-23T01:11:01.072Z,usb,1,3612849267,125054,32013824,256,8000,32.110
2026-07-23T01:11:01.104Z,usb,1,3612849267,125055,32014080,256,8000,32.110
2026-07-23T01:11:01.136Z,usb,1,3612849267,125056,32014336,256,8000,32.110
2026-07-23T01:11:01.168Z,usb,1,3612849267,125057,32014592,256,8000,32.110
2026-07-23T01:11:01.200Z,usb,1,3612849267,125058,32014848,256,8000,32.110
2026-07-23T01:11:01.232Z,usb,1,3612849267,125059,32015104,256,8000,32.110
2026-07-23T01:11:01.265Z,usb,1,3612849267,125060,32015360,256,8000,32.110
2026-07-23T01:11:01.296Z,usb,1,3612849267,125061,32015616,256,8000,32.110
2026-07-23T01:11:01.328Z,usb,1,3612849267,125062,32015872,256,8000,32.110
2026-07-23T01:11:01.360Z,usb,1,3612849267,125063,32016128,256,8000,32.110
2026-07-23T01:11:01.392Z,usb,1,3612849267,125064,32016384,256,8000,32.110
2026-07-23T01:11:01.424Z,usb,1,3612849267,125065,32016640,256,8000,32.110
2026-07-23T01:11:01.456Z,usb,1,3612849267,125066,32016896,256,8000,32.110
2026-07-23T01:11:01.488Z,usb,1,3612849267,125067,32017152,256,8000,32.110
2026-07-23T01:11:01.520Z,usb,1,3612849267,125068,32017408,256,8000,32.110
2026-07-23T01:11:01.552Z,usb,1,3612849267,125069,32017664,256,8000,32.110
2026-07-23T01:11:01.584Z,usb,1,3612849267,125070,32017920,256,8000,32.110
2026-07-23T01:11:01.616Z,usb,1,3612849267,125071,32018176,256,8000,32.110
2026-07-23T01:11:01.648Z,usb,1,3612849267,125072,32018432,256,8000,32.110
2026-07-23T01:11:01.680Z,usb,1,3612849267,125073,32018688,256,8000,32.110
2026-07-23T01:11:01.712Z,usb,1,3612849267,125074,32018944,256,8000,32.110
2026-07-23T01:11:01.744Z,usb,1,3612849267,125075,32019200,256,8000,32.110
2026-07-23T01:11:01.776Z,usb,1,3612849267,125076,32019456,256,8000,32.110
2026-07-23T01:11:01.808Z,usb,1,3612849267,125077,32019712,256,8000,32.110
2026-07-23T01:11:01.840Z,usb,1,3612849267,125078,32019968,256,8000,32.110
2026-07-23T01:11:01.872Z,usb,1,3612849267,125079,32020224,256,8000,32.110
2026-07-23T01:11:01.905Z,usb,1,3612849267,125080,32020480,256,8000,32.110
2026-07-23T01:11:01.936Z,usb,1,3612849267,125081,32020736,256,8000,32.110
2026-07-23T01:11:01.968Z,usb,1,3612849267,125082,32020992,256,8000,32.110
2026-07-23T01:11:02.000Z,usb,1,3612849267,125083,32021248,256,8000,32.110
2026-07-23T01:11:02.033Z,usb,1,3612849267,125084,32021504,256,8000,32.110
2026-07-23T01:11:02.064Z,usb,1,3612849267,125085,32021760,256,8000,32.110
2026-07-23T01:11:02.096Z,usb,1,3612849267,125086,32022016,256,8000,32.110
2026-07-23T01:11:02.128Z,usb,1,3612849267,125087,32022272,256,8000,32.110
2026-07-23T01:11:02.160Z,usb,1,3612849267,125088,32022528,256,8000,32.110
2026-07-23T01:11:02.192Z,usb,1,3612849267,125089,32022784,256,8000,32.110
2026-07-23T01:11:02.224Z,usb,1,3612849267,125090,32023040,256,8000,32.110
2026-07-23T01:11:02.256Z,usb,1,3612849267,125091,32023296,256,8000,32.110
2026-07-23T01:11:02.289Z,usb,1,3612849267,125092,32023552,256,8000,32.110
2026-07-23T01:11:02.320Z,usb,1,3612849267,125093,32023808,256,8000,32.110
2026-07-23T01:11:02.352Z,usb,1,3612849267,125094,32024064,256,8000,32.110
2026-07-23T01:11:02.384Z,usb,1,3612849267,125095,32024320,256,8000,32.110
2026-07-23T01:11:02.416Z,usb,1,3612849267,125096,32024576,256,8000,32.110
2026-07-23T01:11:02.448Z,usb,1,3612849267,125097,32024832,256,8000,32.110
2026-07-23T01:11:02.480Z,usb,1,3612849267,125098,32025088,256,8000,32.110
2026-07-23T01:11:02.512Z,usb,1,3612849267,125099,32025344,256,8000,32.110
2026-07-23T01:11:02.544Z,usb,1,3612849267,125100,32025600,256,8000,32.110
2026-07-23T01:11:02.576Z,usb,1,3612849267,125101,32025856,256,8000,32.110
2026-07-23T01:11:02.608Z,usb,1,3612849267,125102,32026112,256,8000,32.110
2026-07-23T01:11:02.640Z,usb,1,3612849267,125103,32026368,256,8000,32.110
2026-07-23T01:11:02.672Z,usb,1,3612849267,125104,32026624,256,8000,32.110
2026-07-23T01:11:02.704Z,usb,1,3612849267,125105,32026880,256,8000,32.110
2026-07-23T01:11:02.736Z,usb,1,3612849267,125106,32027136,256,8000,32.110
2026-07-23T01:11:02.768Z,usb,1,3612849267,125107,32027392,256,8000,32.110
2026-07-23T01:11:02.800Z,usb,1,3612849267,125108,32027648,256,8000,32.110
2026-07-23T01:11:02.832Z,usb,1,3612849267,125109,32027904,256,8000,32.110
2026-07-23T01:11:02.864Z,usb,1,3612849267,125110,32028160,256,8000,32.110
2026-07-23T01:11:02.896Z,usb,1,3612849267,125111,32028416,256,8000,32.110
2026-07-23T01:11:02.928Z,usb,1,3612849267,125112,32028672,256,8000,32.110
2026-07-23T01:11:02.960Z,usb,1,3612849267,125113,32028928,256,8000,32.110
2026-07-23T01:11:02.992Z,usb,1,3612849267,125114,32029184,256,8000,32.110
2026-07-23T01:11:03.024Z,usb,1,3612849267,125115,32029440,256,8000,32.110
2026-07-23T01:11:03.056Z,usb,1,3612849267,125116,32029696,256,8000,32.110
2026-07-23T01:11:03.088Z,usb,1,3612849267,125117,32029952,256,8000,32.110
2026-07-23T01:11:03.120Z,usb,1,3612849267,125118,32030208,256,8000,32.110
2026-07-23T01:11:03.152Z,usb,1,3612849267,125119,32030464,256,8000,32.110
2026-07-23T01:11:03.184Z,usb,1,3612849267,125120,32030720,256,8000,32.110
2026-07-23T01:11:03.216Z,usb,1,3612849267,125121,32030976,256,8000,32.110
2026-07-23T01:11:03.248Z,usb,1,3612849267,125122,32031232,256,8000,32.110
2026-07-23T01:11:03.280Z,usb,1,3612849267,125123,32031488,256,8000,32.110
2026-07-23T01:11:03.313Z,usb,1,3612849267,125124,32031744,256,8000,32.110
2026-07-23T01:11:03.344Z,usb,1,3612849267,125125,32032000,256,8000,32.110
2026-07-23T01:11:03.376Z,usb,1,3612849267,125126,32032256,256,8000,32.110
2026-07-23T01:11:03.408Z,usb,1,3612849267,125127,32032512,256,8000,32.110
2026-07-23T01:11:03.440Z,usb,1,3612849267,125128,32032768,256,8000,32.110
2026-07-23T01:11:03.472Z,usb,1,3612849267,125129,32033024,256,8000,32.110
2026-07-23T01:11:03.504Z,usb,1,3612849267,125130,32033280,256,8000,32.110
2026-07-23T01:11:03.536Z,usb,1,3612849267,125131,32033536,256,8000,32.110
2026-07-23T01:11:03.568Z,usb,1,3612849267,125132,32033792,256,8000,32.110
2026-07-23T01:11:03.600Z,usb,1,3612849267,125133,32034048,256,8000,32.110
2026-07-23T01:11:03.632Z,usb,1,3612849267,125134,32034304,256,8000,32.110
2026-07-23T01:11:03.664Z,usb,1,3612849267,125135,32034560,256,8000,32.110
2026-07-23T01:11:03.696Z,usb,1,3612849267,125136,32034816,256,8000,32.110
2026-07-23T01:11:03.728Z,usb,1,3612849267,125137,32035072,256,8000,32.110
2026-07-23T01:11:03.760Z,usb,1,3612849267,125138,32035328,256,8000,32.110
2026-07-23T01:11:03.792Z,usb,1,3612849267,125139,32035584,256,8000,32.110
2026-07-23T01:11:03.824Z,usb,1,3612849267,125140,32035840,256,8000,32.110
2026-07-23T01:11:03.856Z,usb,1,3612849267,125141,32036096,256,8000,32.110
2026-07-23T01:11:03.888Z,usb,1,3612849267,125142,32036352,256,8000,32.110
2026-07-23T01:11:03.920Z,usb,1,3612849267,125143,32036608,256,8000,32.110
2026-07-23T01:11:03.953Z,usb,1,3612849267,125144,32036864,256,8000,32.110
2026-07-23T01:11:03.984Z,usb,1,3612849267,125145,32037120,256,8000,32.110
2026-07-23T01:11:04.016Z,usb,1,3612849267,125146,32037376,256,8000,32.110
2026-07-23T01:11:04.048Z,usb,1,3612849267,125147,32037632,256,8000,32.110
2026-07-23T01:11:04.080Z,usb,1,3612849267,125148,32037888,256,8000,32.110
2026-07-23T01:11:04.112Z,usb,1,3612849267,125149,32038144,256,8000,32.110
2026-07-23T01:11:04.144Z,usb,1,3612849267,125150,32038400,256,8000,32.110
2026-07-23T01:11:04.176Z,usb,1,3612849267,125151,32038656,256,8000,32.110
2026-07-23T01:11:04.208Z,usb,1,3612849267,125152,32038912,256,8000,32.110
2026-07-23T01:11:04.240Z,usb,1,3612849267,125153,32039168,256,8000,32.110
2026-07-23T01:11:04.272Z,usb,1,3612849267,125154,32039424,256,8000,32.110
2026-07-23T01:11:04.304Z,usb,1,3612849267,125155,32039680,256,8000,32.110
2026-07-23T01:11:04.337Z,usb,1,3612849267,125156,32039936,256,8000,32.110
2026-07-23T01:11:04.368Z,usb,1,3612849267,125157,32040192,256,8000,32.110
2026-07-23T01:11:04.400Z,usb,1,3612849267,125158,32040448,256,8000,32.110
2026-07-23T01:11:04.432Z,usb,1,3612849267,125159,32040704,256,8000,32.110
2026-07-23T01:11:04.464Z,usb,1,3612849267,125160,32040960,256,8000,32.110
2026-07-23T01:11:04.496Z,usb,1,3612849267,125161,32041216,256,8000,32.110
2026-07-23T01:11:04.528Z,usb,1,3612849267,125162,32041472,256,8000,32.110
2026-07-23T01:11:04.560Z,usb,1,3612849267,125163,32041728,256,8000,32.110
2026-07-23T01:11:04.592Z,usb,1,3612849267,125164,32041984,256,8000,32.110
2026-07-23T01:11:04.624Z,usb,1,3612849267,125165,32042240,256,8000,32.110
2026-07-23T01:11:04.656Z,usb,1,3612849267,125166,32042496,256,8000,32.110
2026-07-23T01:11:04.688Z,usb,1,3612849267,125167,32042752,256,8000,32.110
2026-07-23T01:11:04.720Z,usb,1,3612849267,125168,32043008,256,8000,32.110
2026-07-23T01:11:04.752Z,usb,1,3612849267,125169,32043264,256,8000,32.110
2026-07-23T01:11:04.784Z,usb,1,3612849267,125170,32043520,256,8000,32.110
2026-07-23T01:11:04.816Z,usb,1,3612849267,125171,32043776,256,8000,32.110
2026-07-23T01:11:04.848Z,usb,1,3612849267,125172,32044032,256,8000,32.110
2026-07-23T01:11:04.880Z,usb,1,3612849267,125173,32044288,256,8000,32.110
2026-07-23T01:11:04.912Z,usb,1,3612849267,125174,32044544,256,8000,32.110
2026-07-23T01:11:04.944Z,usb,1,3612849267,125175,32044800,256,8000,32.110
2026-07-23T01:11:04.976Z,usb,1,3612849267,125176,32045056,256,8000,32.110
2026-07-23T01:11:05.008Z,usb,1,3612849267,125177,32045312,256,8000,32.110
2026-07-23T01:11:05.040Z,usb,1,3612849267,125178,32045568,256,8000,32.110
2026-07-23T01:11:05.072Z,usb,1,3612849267,125179,32045824,256,8000,32.110
2026-07-23T01:11:05.104Z,usb,1,3612849267,125180,32046080,256,8000,32.110
2026-07-23T01:11:05.136Z,usb,1,3612849267,125181,32046336,256,8000,32.110
2026-07-23T01:11:05.168Z,usb,1,3612849267,125182,32046592,256,8000,32.110
2026-07-23T01:11:05.200Z,usb,1,3612849267,125183,32046848,256,8000,32.110
2026-07-23T01:11:05.232Z,usb,1,3612849267,125184,32047104,256,8000,32.110
2026-07-23T01:11:05.264Z,usb,1,3612849267,125185,32047360,256,8000,32.110
2026-07-23T01:11:05.296Z,usb,1,3612849267,125186,32047616,256,8000,32.110
2026-07-23T01:11:05.328Z,usb,1,3612849267,125187,32047872,256,8000,32.110
2026-07-23T01:11:05.361Z,usb,1,3612849267,125188,32048128,256,8000,32.110
2026-07-23T01:11:05.392Z,usb,1,3612849267,125189,32048384,256,8000,32.110
2026-07-23T01:11:05.424Z,usb,1,3612849267,125190,32048640,256,8000,32.110
2026-07-23T01:11:05.456Z,usb,1,3612849267,125191,32048896,256,8000,32.110
2026-07-23T01:11:05.488Z,usb,1,3612849267,125192,32049152,256,8000,32.110
2026-07-23T01:11:05.520Z,usb,1,3612849267,125193,32049408,256,8000,32.110
2026-07-23T01:11:05.552Z,usb,1,3612849267,125194,32049664,256,8000,32.110
2026-07-23T01:11:05.584Z,usb,1,3612849267,125195,32049920,256,8000,32.110
2026-07-23T01:11:05.616Z,usb,1,3612849267,125196,32050176,256,8000,32.110
2026-07-23T01:11:05.648Z,usb,1,3612849267,125197,32050432,256,8000,32.110
2026-07-23T01:11:05.680Z,usb,1,3612849267,125198,32050688,256,8000,32.110
2026-07-23T01:11:05.712Z,usb,1,3612849267,125199,32050944,256,8000,32.110
2026-07-23T01:11:05.744Z,usb,1,3612849267,125200,32051200,256,8000,32.110
2026-07-23T01:11:05.776Z,usb,1,3612849267,125201,32051456,256,8000,32.110
2026-07-23T01:11:05.808Z,usb,1,3612849267,125202,32051712,256,8000,32.110
2026-07-23T01:11:05.840Z,usb,1,3612849267,125203,32051968,256,8000,32.110
2026-07-23T01:11:05.872Z,usb,1,3612849267,125204,32052224,256,8000,32.110
2026-07-23T01:11:05.904Z,usb,1,3612849267,125205,32052480,256,8000,32.110
2026-07-23T01:11:05.936Z,usb,1,3612849267,125206,32052736,256,8000,32.110
2026-07-23T01:11:05.968Z,usb,1,3612849267,125207,32052992,256,8000,32.110
2026-07-23T01:11:06.000Z,usb,1,3612849267,125208,32053248,256,8000,32.110
2026-07-23T01:11:06.032Z,usb,1,3612849267,125209,32053504,256,8000,32.110
2026-07-23T01:11:06.064Z,usb,1,3612849267,125210,32053760,256,8000,32.110
2026-07-23T01:11:06.096Z,usb,1,3612849267,125211,32054016,256,8000,32.110
2026-07-23T01:11:06.129Z,usb,1,3612849267,125212,32054272,256,8000,32.110
2026-07-23T01:11:06.160Z,usb,1,3612849267,125213,32054528,256,8000,32.110
2026-07-23T01:11:06.192Z,usb,1,3612849267,125214,32054784,256,8000,32.110
2026-07-23T01:11:06.224Z,usb,1,3612849267,125215,32055040,256,8000,32.110
2026-07-23T01:11:06.256Z,usb,1,3612849267,125216,32055296,256,8000,32.110
2026-07-23T01:11:06.288Z,usb,1,3612849267,125217,32055552,256,8000,32.110
2026-07-23T01:11:06.320Z,usb,1,3612849267,125218,32055808,256,8000,32.110
2026-07-23T01:11:06.352Z,usb,1,3612849267,125219,32056064,256,8000,32.110
2026-07-23T01:11:06.385Z,usb,1,3612849267,125220,32056320,256,8000,32.110
2026-07-23T01:11:06.416Z,usb,1,3612849267,125221,32056576,256,8000,32.110
2026-07-23T01:11:06.448Z,usb,1,3612849267,125222,32056832,256,8000,32.110
2026-07-23T01:11:06.480Z,usb,1,3612849267,125223,32057088,256,8000,32.110
2026-07-23T01:11:06.512Z,usb,1,3612849267,125224,32057344,256,8000,32.110
2026-07-23T01:11:06.544Z,usb,1,3612849267,125225,32057600,256,8000,32.110
2026-07-23T01:11:06.576Z,usb,1,3612849267,125226,32057856,256,8000,32.110
2026-07-23T01:11:06.608Z,usb,1,3612849267,125227,32058112,256,8000,32.110
2026-07-23T01:11:06.640Z,usb,1,3612849267,125228,32058368,256,8000,32.110
2026-07-23T01:11:06.672Z,usb,1,3612849267,125229,32058624,256,8000,32.110
2026-07-23T01:11:06.704Z,usb,1,3612849267,125230,32058880,256,8000,32.110
2026-07-23T01:11:06.736Z,usb,1,3612849267,125231,32059136,256,8000,32.110
2026-07-23T01:11:06.768Z,usb,1,3612849267,125232,32059392,256,8000,32.110
2026-07-23T01:11:06.800Z,usb,1,3612849267,125233,32059648,256,8000,32.110
2026-07-23T01:11:06.832Z,usb,1,3612849267,125234,32059904,256,8000,32.110
2026-07-23T01:11:06.864Z,usb,1,3612849267,125235,32060160,256,8000,32.110
2026-07-23T01:11:06.896Z,usb,1,3612849267,125236,32060416,256,8000,32.110
2026-07-23T01:11:06.928Z,usb,1,3612849267,125237,32060672,256,8000,32.110
2026-07-23T01:11:06.960Z,usb,1,3612849267,125238,32060928,256,8000,32.110
2026-07-23T01:11:06.992Z,usb,1,3612849267,125239,32061184,256,8000,32.110
2026-07-23T01:11:07.024Z,usb,1,3612849267,125240,32061440,256,8000,32.110
2026-07-23T01:11:07.056Z,usb,1,3612849267,125241,32061696,256,8000,32.110
2026-07-23T01:11:07.088Z,usb,1,3612849267,125242,32061952,256,8000,32.110
2026-07-23T01:11:07.120Z,usb,1,3612849267,125243,32062208,256,8000,32.110
2026-07-23T01:11:07.152Z,usb,1,3612849267,125244,32062464,256,8000,32.110
2026-07-23T01:11:07.184Z,usb,1,3612849267,125245,32062720,256,8000,32.110
2026-07-23T01:11:07.216Z,usb,1,3612849267,125246,32062976,256,8000,32.110
2026-07-23T01:11:07.248Z,usb,1,3612849267,125247,32063232,256,8000,32.110
2026-07-23T01:11:07.280Z,usb,1,3612849267,125248,32063488,256,8000,32.110
2026-07-23T01:11:07.312Z,usb,1,3612849267,125249,32063744,256,8000,32.110
2026-07-23T01:11:07.344Z,usb,1,3612849267,125250,32064000,256,8000,32.110
2026-07-23T01:11:07.376Z,usb,1,3612849267,125251,32064256,256,8000,32.110
2026-07-23T01:11:07.409Z,usb,1,3612849267,125252,32064512,256,8000,32.110
2026-07-23T01:11:07.440Z,usb,1,3612849267,125253,32064768,256,8000,32.110
2026-07-23T01:11:07.472Z,usb,1,3612849267,125254,32065024,256,8000,32.110
2026-07-23T01:11:07.504Z,usb,1,3612849267,125255,32065280,256,8000,32.110
2026-07-23T01:11:07.536Z,usb,1,3612849267,125256,32065536,256,8000,32.110
2026-07-23T01:11:07.568Z,usb,1,3612849267,125257,32065792,256,8000,32.110
2026-07-23T01:11:07.600Z,usb,1,3612849267,125258,32066048,256,8000,32.110
2026-07-23T01:11:07.632Z,usb,1,3612849267,125259,32066304,256,8000,32.110
2026-07-23T01:11:07.664Z,usb,1,3612849267,125260,32066560,256,8000,32.110
2026-07-23T01:11:07.696Z,usb,1,3612849267,125261,32066816,256,8000,32.110
2026-07-23T01:11:07.728Z,usb,1,3612849267,125262,32067072,256,8000,32.110
2026-07-23T01:11:07.760Z,usb,1,3612849267,125263,32067328,256,8000,32.110
2026-07-23T01:11:07.792Z,usb,1,3612849267,125264,32067584,256,8000,32.110
2026-07-23T01:11:07.824Z,usb,1,3612849267,125265,32067840,256,8000,32.110
2026-07-23T01:11:07.856Z,usb,1,3612849267,125266,32068096,256,8000,32.110
2026-07-23T01:11:07.888Z,usb,1,3612849267,125267,32068352,256,8000,32.110
2026-07-23T01:11:07.921Z,usb,1,3612849267,125268,32068608,256,8000,32.110
2026-07-23T01:11:07.952Z,usb,1,3612849267,125269,32068864,256,8000,32.110
2026-07-23T01:11:07.984Z,usb,1,3612849267,125270,32069120,256,8000,32.110
2026-07-23T01:11:08.016Z,usb,1,3612849267,125271,32069376,256,8000,32.110
2026-07-23T01:11:08.048Z,usb,1,3612849267,125272,32069632,256,8000,32.110
2026-07-23T01:11:08.080Z,usb,1,3612849267,125273,32069888,256,8000,32.110
2026-07-23T01:11:08.112Z,usb,1,3612849267,125274,32070144,256,8000,32.110
2026-07-23T01:11:08.144Z,usb,1,3612849267,125275,32070400,256,8000,32.110
2026-07-23T01:11:08.176Z,usb,1,3612849267,125276,32070656,256,8000,32.110
2026-07-23T01:11:08.208Z,usb,1,3612849267,125277,32070912,256,8000,32.110
2026-07-23T01:11:08.240Z,usb,1,3612849267,125278,32071168,256,8000,32.110
2026-07-23T01:11:08.272Z,usb,1,3612849267,125279,32071424,256,8000,32.110
2026-07-23T01:11:08.304Z,usb,1,3612849267,125280,32071680,256,8000,32.110
2026-07-23T01:11:08.336Z,usb,1,3612849267,125281,32071936,256,8000,32.110
2026-07-23T01:11:08.368Z,usb,1,3612849267,125282,32072192,256,8000,32.110
2026-07-23T01:11:08.400Z,usb,1,3612849267,125283,32072448,256,8000,32.110
2026-07-23T01:11:08.433Z,usb,1,3612849267,125284,32072704,256,8000,32.110
2026-07-23T01:11:08.464Z,usb,1,3612849267,125285,32072960,256,8000,32.110
2026-07-23T01:11:08.496Z,usb,1,3612849267,125286,32073216,256,8000,32.110
2026-07-23T01:11:08.528Z,usb,1,3612849267,125287,32073472,256,8000,32.110
2026-07-23T01:11:08.560Z,usb,1,3612849267,125288,32073728,256,8000,32.110
2026-07-23T01:11:08.592Z,usb,1,3612849267,125289,32073984,256,8000,32.110
2026-07-23T01:11:08.624Z,usb,1,3612849267,125290,32074240,256,8000,32.110
2026-07-23T01:11:08.656Z,usb,1,3612849267,125291,32074496,256,8000,32.110
2026-07-23T01:11:08.688Z,usb,1,3612849267,125292,32074752,256,8000,32.110
2026-07-23T01:11:08.720Z,usb,1,3612849267,125293,32075008,256,8000,32.110
2026-07-23T01:11:08.752Z,usb,1,3612849267,125294,32075264,256,8000,32.110
2026-07-23T01:11:08.784Z,usb,1,3612849267,125295,32075520,256,8000,32.110
2026-07-23T01:11:08.816Z,usb,1,3612849267,125296,32075776,256,8000,32.110
2026-07-23T01:11:08.848Z,usb,1,3612849267,125297,32076032,256,8000,32.110
2026-07-23T01:11:08.880Z,usb,1,3612849267,125298,32076288,256,8000,32.110
2026-07-23T01:11:08.912Z,usb,1,3612849267,125299,32076544,256,8000,32.110
2026-07-23T01:11:08.944Z,usb,1,3612849267,125300,32076800,256,8000,32.110
2026-07-23T01:11:08.977Z,usb,1,3612849267,125301,32077056,256,8000,32.110
2026-07-23T01:11:09.008Z,usb,1,3612849267,125302,32077312,256,8000,32.110
2026-07-23T01:11:09.041Z,usb,1,3612849267,125303,32077568,256,8000,32.110
2026-07-23T01:11:09.072Z,usb,1,3612849267,125304,32077824,256,8000,32.110
2026-07-23T01:11:09.104Z,usb,1,3612849267,125305,32078080,256,8000,32.110
2026-07-23T01:11:09.136Z,usb,1,3612849267,125306,32078336,256,8000,32.110
2026-07-23T01:11:09.168Z,usb,1,3612849267,125307,32078592,256,8000,32.110
2026-07-23T01:11:09.200Z,usb,1,3612849267,125308,32078848,256,8000,32.110
2026-07-23T01:11:09.232Z,usb,1,3612849267,125309,32079104,256,8000,32.110
2026-07-23T01:11:09.264Z,usb,1,3612849267,125310,32079360,256,8000,32.110
2026-07-23T01:11:09.296Z,usb,1,3612849267,125311,32079616,256,8000,32.110
2026-07-23T01:11:09.328Z,usb,1,3612849267,125312,32079872,256,8000,32.110
2026-07-23T01:11:09.360Z,usb,1,3612849267,125313,32080128,256,8000,32.110
2026-07-23T01:11:09.392Z,usb,1,3612849267,125314,32080384,256,8000,32.110
2026-07-23T01:11:09.424Z,usb,1,3612849267,125315,32080640,256,8000,32.110
2026-07-23T01:11:09.457Z,usb,1,3612849267,125316,32080896,256,8000,32.110
2026-07-23T01:11:09.488Z,usb,1,3612849267,125317,32081152,256,8000,32.110
2026-07-23T01:11:09.520Z,usb,1,3612849267,125318,32081408,256,8000,32.110
2026-07-23T01:11:09.552Z,usb,1,3612849267,125319,32081664,256,8000,32.110
2026-07-23T01:11:09.584Z,usb,1,3612849267,125320,32081920,256,8000,32.110
2026-07-23T01:11:09.616Z,usb,1,3612849267,125321,32082176,256,8000,32.110
2026-07-23T01:11:09.648Z,usb,1,3612849267,125322,32082432,256,8000,32.110
2026-07-23T01:11:09.680Z,usb,1,3612849267,125323,32082688,256,8000,32.110
2026-07-23T01:11:09.712Z,usb,1,3612849267,125324,32082944,256,8000,32.110
2026-07-23T01:11:09.744Z,usb,1,3612849267,125325,32083200,256,8000,32.110
2026-07-23T01:11:09.776Z,usb,1,3612849267,125326,32083456,256,8000,32.110
2026-07-23T01:11:09.808Z,usb,1,3612849267,125327,32083712,256,8000,32.110
2026-07-23T01:11:09.840Z,usb,1,3612849267,125328,32083968,256,8000,32.110
2026-07-23T01:11:09.872Z,usb,1,3612849267,125329,32084224,256,8000,32.110
2026-07-23T01:11:09.904Z,usb,1,3612849267,125330,32084480,256,8000,32.110
2026-07-23T01:11:09.936Z,usb,1,3612849267,125331,32084736,256,8000,32.110
2026-07-23T01:11:09.968Z,usb,1,3612849267,125332,32084992,256,8000,32.110
2026-07-23T01:11:10.000Z,usb,1,3612849267,125333,32085248,256,8000,32.110
2026-07-23T01:11:10.032Z,usb,1,3612849267,125334,32085504,256,8000,32.110
2026-07-23T01:11:10.064Z,usb,1,3612849267,125335,32085760,256,8000,32.110
2026-07-23T01:11:10.096Z,usb,1,3612849267,125336,32086016,256,8000,32.110
2026-07-23T01:11:10.128Z,usb,1,3612849267,125337,32086272,256,8000,32.110
2026-07-23T01:11:10.160Z,usb,1,3612849267,125338,32086528,256,8000,32.110
2026-07-23T01:11:10.192Z,usb,1,3612849267,125339,32086784,256,8000,32.110
2026-07-23T01:11:10.224Z,usb,1,3612849267,125340,32087040,256,8000,32.110
2026-07-23T01:11:10.256Z,usb,1,3612849267,125341,32087296,256,8000,32.110
2026-07-23T01:11:10.288Z,usb,1,3612849267,125342,32087552,256,8000,32.110
2026-07-23T01:11:10.320Z,usb,1,3612849267,125343,32087808,256,8000,32.110
2026-07-23T01:11:10.352Z,usb,1,3612849267,125344,32088064,256,8000,32.110
2026-07-23T01:11:10.384Z,usb,1,3612849267,125345,32088320,256,8000,32.110
2026-07-23T01:11:10.417Z,usb,1,3612849267,125346,32088576,256,8000,32.110
2026-07-23T01:11:10.449Z,usb,1,3612849267,125347,32088832,256,8000,32.110
2026-07-23T01:11:10.481Z,usb,1,3612849267,125348,32089088,256,8000,32.110
2026-07-23T01:11:10.512Z,usb,1,3612849267,125349,32089344,256,8000,32.110
2026-07-23T01:11:10.544Z,usb,1,3612849267,125350,32089600,256,8000,32.110
2026-07-23T01:11:10.576Z,usb,1,3612849267,125351,32089856,256,8000,32.110
2026-07-23T01:11:10.608Z,usb,1,3612849267,125352,32090112,256,8000,32.110
2026-07-23T01:11:10.640Z,usb,1,3612849267,125353,32090368,256,8000,32.110
2026-07-23T01:11:10.672Z,usb,1,3612849267,125354,32090624,256,8000,32.110
2026-07-23T01:11:10.704Z,usb,1,3612849267,125355,32090880,256,8000,32.110
2026-07-23T01:11:10.736Z,usb,1,3612849267,125356,32091136,256,8000,32.110
2026-07-23T01:11:10.768Z,usb,1,3612849267,125357,32091392,256,8000,32.110
2026-07-23T01:11:10.800Z,usb,1,3612849267,125358,32091648,256,8000,32.110
2026-07-23T01:11:10.832Z,usb,1,3612849267,125359,32091904,256,8000,32.110
2026-07-23T01:11:10.864Z,usb,1,3612849267,125360,32092160,256,8000,32.110
2026-07-23T01:11:10.896Z,usb,1,3612849267,125361,32092416,256,8000,32.110
2026-07-23T01:11:10.928Z,usb,1,3612849267,125362,32092672,256,8000,32.110
2026-07-23T01:11:10.960Z,usb,1,3612849267,125363,32092928,256,8000,32.110
2026-07-23T01:11:10.992Z,usb,1,3612849267,125364,32093184,256,8000,32.110
2026-07-23T01:11:11.024Z,usb,1,3612849267,125365,32093440,256,8000,32.110
2026-07-23T01:11:11.056Z,usb,1,3612849267,125366,32093696,256,8000,32.110
2026-07-23T01:11:11.088Z,usb,1,3612849267,125367,32093952,256,8000,32.110
2026-07-23T01:11:11.120Z,usb,1,3612849267,125368,32094208,256,8000,32.110
2026-07-23T01:11:11.152Z,usb,1,3612849267,125369,32094464,256,8000,32.110
2026-07-23T01:11:11.184Z,usb,1,3612849267,125370,32094720,256,8000,32.110
2026-07-23T01:11:11.216Z,usb,1,3612849267,125371,32094976,256,8000,32.110
2026-07-23T01:11:11.248Z,usb,1,3612849267,125372,32095232,256,8000,32.110
2026-07-23T01:11:11.280Z,usb,1,3612849267,125373,32095488,256,8000,32.110
2026-07-23T01:11:11.312Z,usb,1,3612849267,125374,32095744,256,8000,32.110
2026-07-23T01:11:11.344Z,usb,1,3612849267,125375,32096000,256,8000,32.110
2026-07-23T01:11:11.376Z,usb,1,3612849267,125376,32096256,256,8000,32.110
2026-07-23T01:11:11.408Z,usb,1,3612849267,125377,32096512,256,8000,32.110
2026-07-23T01:11:11.440Z,usb,1,3612849267,125378,32096768,256,8000,32.110
2026-07-23T01:11:11.472Z,usb,1,3612849267,125379,32097024,256,8000,32.110
2026-07-23T01:11:11.505Z,usb,1,3612849267,125380,32097280,256,8000,32.120
2026-07-23T01:11:11.536Z,usb,1,3612849267,125381,32097536,256,8000,32.120
2026-07-23T01:11:11.568Z,usb,1,3612849267,125382,32097792,256,8000,32.120
2026-07-23T01:11:11.600Z,usb,1,3612849267,125383,32098048,256,8000,32.120
2026-07-23T01:11:11.632Z,usb,1,3612849267,125384,32098304,256,8000,32.120
2026-07-23T01:11:11.664Z,usb,1,3612849267,125385,32098560,256,8000,32.120
2026-07-23T01:11:11.696Z,usb,1,3612849267,125386,32098816,256,8000,32.120
2026-07-23T01:11:11.728Z,usb,1,3612849267,125387,32099072,256,8000,32.120
2026-07-23T01:11:11.760Z,usb,1,3612849267,125388,32099328,256,8000,32.120
2026-07-23T01:11:11.792Z,usb,1,3612849267,125389,32099584,256,8000,32.120
2026-07-23T01:11:11.824Z,usb,1,3612849267,125390,32099840,256,8000,32.120
2026-07-23T01:11:11.856Z,usb,1,3612849267,125391,32100096,256,8000,32.120
2026-07-23T01:11:11.888Z,usb,1,3612849267,125392,32100352,256,8000,32.120
2026-07-23T01:11:11.920Z,usb,1,3612849267,125393,32100608,256,8000,32.120
2026-07-23T01:11:11.952Z,usb,1,3612849267,125394,32100864,256,8000,32.120
2026-07-23T01:11:11.984Z,usb,1,3612849267,125395,32101120,256,8000,32.120
2026-07-23T01:11:12.016Z,usb,1,3612849267,125396,32101376,256,8000,32.120
2026-07-23T01:11:12.048Z,usb,1,3612849267,125397,32101632,256,8000,32.120
2026-07-23T01:11:12.080Z,usb,1,3612849267,125398,32101888,256,8000,32.120
2026-07-23T01:11:12.112Z,usb,1,3612849267,125399,32102144,256,8000,32.120
2026-07-23T01:11:12.144Z,usb,1,3612849267,125400,32102400,256,8000,32.120
2026-07-23T01:11:12.176Z,usb,1,3612849267,125401,32102656,256,8000,32.120
2026-07-23T01:11:12.208Z,usb,1,3612849267,125402,32102912,256,8000,32.120
2026-07-23T01:11:12.240Z,usb,1,3612849267,125403,32103168,256,8000,32.120
2026-07-23T01:11:12.272Z,usb,1,3612849267,125404,32103424,256,8000,32.120
2026-07-23T01:11:12.304Z,usb,1,3612849267,125405,32103680,256,8000,32.120
2026-07-23T01:11:12.336Z,usb,1,3612849267,125406,32103936,256,8000,32.120
2026-07-23T01:11:12.368Z,usb,1,3612849267,125407,32104192,256,8000,32.120
2026-07-23T01:11:12.400Z,usb,1,3612849267,125408,32104448,256,8000,32.120
2026-07-23T01:11:12.432Z,usb,1,3612849267,125409,32104704,256,8000,32.120
2026-07-23T01:11:12.464Z,usb,1,3612849267,125410,32104960,256,8000,32.120
2026-07-23T01:11:12.496Z,usb,1,3612849267,125411,32105216,256,8000,32.120
2026-07-23T01:11:12.529Z,usb,1,3612849267,125412,32105472,256,8000,32.110
2026-07-23T01:11:12.560Z,usb,1,3612849267,125413,32105728,256,8000,32.110
2026-07-23T01:11:12.592Z,usb,1,3612849267,125414,32105984,256,8000,32.110
2026-07-23T01:11:12.624Z,usb,1,3612849267,125415,32106240,256,8000,32.110
2026-07-23T01:11:12.656Z,usb,1,3612849267,125416,32106496,256,8000,32.110
2026-07-23T01:11:12.688Z,usb,1,3612849267,125417,32106752,256,8000,32.110
2026-07-23T01:11:12.720Z,usb,1,3612849267,125418,32107008,256,8000,32.110
2026-07-23T01:11:12.752Z,usb,1,3612849267,125419,32107264,256,8000,32.110
2026-07-23T01:11:12.784Z,usb,1,3612849267,125420,32107520,256,8000,32.110
2026-07-23T01:11:12.816Z,usb,1,3612849267,125421,32107776,256,8000,32.110
2026-07-23T01:11:12.848Z,usb,1,3612849267,125422,32108032,256,8000,32.110
2026-07-23T01:11:12.880Z,usb,1,3612849267,125423,32108288,256,8000,32.110
2026-07-23T01:11:12.912Z,usb,1,3612849267,125424,32108544,256,8000,32.110
2026-07-23T01:11:12.944Z,usb,1,3612849267,125425,32108800,256,8000,32.110
2026-07-23T01:11:12.976Z,usb,1,3612849267,125426,32109056,256,8000,32.110
2026-07-23T01:11:13.008Z,usb,1,3612849267,125427,32109312,256,8000,32.110
2026-07-23T01:11:13.040Z,usb,1,3612849267,125428,32109568,256,8000,32.110
2026-07-23T01:11:13.072Z,usb,1,3612849267,125429,32109824,256,8000,32.110
2026-07-23T01:11:13.104Z,usb,1,3612849267,125430,32110080,256,8000,32.110
2026-07-23T01:11:13.136Z,usb,1,3612849267,125431,32110336,256,8000,32.110
2026-07-23T01:11:13.168Z,usb,1,3612849267,125432,32110592,256,8000,32.110
2026-07-23T01:11:13.200Z,usb,1,3612849267,125433,32110848,256,8000,32.110
2026-07-23T01:11:13.232Z,usb,1,3612849267,125434,32111104,256,8000,32.110
2026-07-23T01:11:13.264Z,usb,1,3612849267,125435,32111360,256,8000,32.110
2026-07-23T01:11:13.296Z,usb,1,3612849267,125436,32111616,256,8000,32.110
2026-07-23T01:11:13.328Z,usb,1,3612849267,125437,32111872,256,8000,32.110
2026-07-23T01:11:13.360Z,usb,1,3612849267,125438,32112128,256,8000,32.110
2026-07-23T01:11:13.392Z,usb,1,3612849267,125439,32112384,256,8000,32.110
2026-07-23T01:11:13.424Z,usb,1,3612849267,125440,32112640,256,8000,32.110
2026-07-23T01:11:13.456Z,usb,1,3612849267,125441,32112896,256,8000,32.110
2026-07-23T01:11:13.488Z,usb,1,3612849267,125442,32113152,256,8000,32.110
2026-07-23T01:11:13.520Z,usb,1,3612849267,125443,32113408,256,8000,32.110
2026-07-23T01:11:13.553Z,usb,1,3612849267,125444,32113664,256,8000,32.120
2026-07-23T01:11:13.584Z,usb,1,3612849267,125445,32113920,256,8000,32.120
2026-07-23T01:11:13.616Z,usb,1,3612849267,125446,32114176,256,8000,32.120
2026-07-23T01:11:13.648Z,usb,1,3612849267,125447,32114432,256,8000,32.120
2026-07-23T01:11:13.680Z,usb,1,3612849267,125448,32114688,256,8000,32.120
2026-07-23T01:11:13.712Z,usb,1,3612849267,125449,32114944,256,8000,32.120
2026-07-23T01:11:13.744Z,usb,1,3612849267,125450,32115200,256,8000,32.120
2026-07-23T01:11:13.776Z,usb,1,3612849267,125451,32115456,256,8000,32.120
2026-07-23T01:11:13.808Z,usb,1,3612849267,125452,32115712,256,8000,32.120
2026-07-23T01:11:13.840Z,usb,1,3612849267,125453,32115968,256,8000,32.120
2026-07-23T01:11:13.872Z,usb,1,3612849267,125454,32116224,256,8000,32.120
2026-07-23T01:11:13.904Z,usb,1,3612849267,125455,32116480,256,8000,32.120
2026-07-23T01:11:13.936Z,usb,1,3612849267,125456,32116736,256,8000,32.120
2026-07-23T01:11:13.968Z,usb,1,3612849267,125457,32116992,256,8000,32.120
2026-07-23T01:11:14.000Z,usb,1,3612849267,125458,32117248,256,8000,32.120
2026-07-23T01:11:14.032Z,usb,1,3612849267,125459,32117504,256,8000,32.120
2026-07-23T01:11:14.064Z,usb,1,3612849267,125460,32117760,256,8000,32.120
2026-07-23T01:11:14.096Z,usb,1,3612849267,125461,32118016,256,8000,32.120
2026-07-23T01:11:14.128Z,usb,1,3612849267,125462,32118272,256,8000,32.120
2026-07-23T01:11:14.160Z,usb,1,3612849267,125463,32118528,256,8000,32.120
2026-07-23T01:11:14.192Z,usb,1,3612849267,125464,32118784,256,8000,32.120
2026-07-23T01:11:14.224Z,usb,1,3612849267,125465,32119040,256,8000,32.120
2026-07-23T01:11:14.256Z,usb,1,3612849267,125466,32119296,256,8000,32.120
2026-07-23T01:11:14.288Z,usb,1,3612849267,125467,32119552,256,8000,32.120
2026-07-23T01:11:14.320Z,usb,1,3612849267,125468,32119808,256,8000,32.120
2026-07-23T01:11:14.352Z,usb,1,3612849267,125469,32120064,256,8000,32.120
2026-07-23T01:11:14.384Z,usb,1,3612849267,125470,32120320,256,8000,32.120
2026-07-23T01:11:14.416Z,usb,1,3612849267,125471,32120576,256,8000,32.120
2026-07-23T01:11:14.448Z,usb,1,3612849267,125472,32120832,256,8000,32.120
2026-07-23T01:11:14.480Z,usb,1,3612849267,125473,32121088,256,8000,32.120
2026-07-23T01:11:14.512Z,usb,1,3612849267,125474,32121344,256,8000,32.120
2026-07-23T01:11:14.544Z,usb,1,3612849267,125475,32121600,256,8000,32.120
2026-07-23T01:11:14.577Z,usb,1,3612849267,125476,32121856,256,8000,32.120
2026-07-23T01:11:14.608Z,usb,1,3612849267,125477,32122112,256,8000,32.120
2026-07-23T01:11:14.640Z,usb,1,3612849267,125478,32122368,256,8000,32.120
2026-07-23T01:11:14.672Z,usb,1,3612849267,125479,32122624,256,8000,32.120
2026-07-23T01:11:14.704Z,usb,1,3612849267,125480,32122880,256,8000,32.120
2026-07-23T01:11:14.736Z,usb,1,3612849267,125481,32123136,256,8000,32.120
2026-07-23T01:11:14.768Z,usb,1,3612849267,125482,32123392,256,8000,32.120
2026-07-23T01:11:14.800Z,usb,1,3612849267,125483,32123648,256,8000,32.120
2026-07-23T01:11:14.832Z,usb,1,3612849267,125484,32123904,256,8000,32.120
2026-07-23T01:11:14.864Z,usb,1,3612849267,125485,32124160,256,8000,32.120
2026-07-23T01:11:14.896Z,usb,1,3612849267,125486,32124416,256,8000,32.120
2026-07-23T01:11:14.928Z,usb,1,3612849267,125487,32124672,256,8000,32.120
2026-07-23T01:11:14.960Z,usb,1,3612849267,125488,32124928,256,8000,32.120
2026-07-23T01:11:14.992Z,usb,1,3612849267,125489,32125184,256,8000,32.120
2026-07-23T01:11:15.024Z,usb,1,3612849267,125490,32125440,256,8000,32.120
2026-07-23T01:11:15.056Z,usb,1,3612849267,125491,32125696,256,8000,32.120
2026-07-23T01:11:15.088Z,usb,1,3612849267,125492,32125952,256,8000,32.120
2026-07-23T01:11:15.120Z,usb,1,3612849267,125493,32126208,256,8000,32.120
2026-07-23T01:11:15.152Z,usb,1,3612849267,125494,32126464,256,8000,32.120
2026-07-23T01:11:15.184Z,usb,1,3612849267,125495,32126720,256,8000,32.120
2026-07-23T01:11:15.216Z,usb,1,3612849267,125496,32126976,256,8000,32.120
2026-07-23T01:11:15.248Z,usb,1,3612849267,125497,32127232,256,8000,32.120
2026-07-23T01:11:15.280Z,usb,1,3612849267,125498,32127488,256,8000,32.120
2026-07-23T01:11:15.312Z,usb,1,3612849267,125499,32127744,256,8000,32.120
2026-07-23T01:11:15.344Z,usb,1,3612849267,125500,32128000,256,8000,32.120
2026-07-23T01:11:15.376Z,usb,1,3612849267,125501,32128256,256,8000,32.120
2026-07-23T01:11:15.408Z,usb,1,3612849267,125502,32128512,256,8000,32.120
2026-07-23T01:11:15.440Z,usb,1,3612849267,125503,32128768,256,8000,32.120
2026-07-23T01:11:15.472Z,usb,1,3612849267,125504,32129024,256,8000,32.120
2026-07-23T01:11:15.504Z,usb,1,3612849267,125505,32129280,256,8000,32.120
2026-07-23T01:11:15.536Z,usb,1,3612849267,125506,32129536,256,8000,32.120
2026-07-23T01:11:15.568Z,usb,1,3612849267,125507,32129792,256,8000,32.120
2026-07-23T01:11:15.601Z,usb,1,3612849267,125508,32130048,256,8000,32.120
2026-07-23T01:11:15.632Z,usb,1,3612849267,125509,32130304,256,8000,32.120
2026-07-23T01:11:15.664Z,usb,1,3612849267,125510,32130560,256,8000,32.120
2026-07-23T01:11:15.696Z,usb,1,3612849267,125511,32130816,256,8000,32.120
2026-07-23T01:11:15.728Z,usb,1,3612849267,125512,32131072,256,8000,32.120
2026-07-23T01:11:15.760Z,usb,1,3612849267,125513,32131328,256,8000,32.120
2026-07-23T01:11:15.792Z,usb,1,3612849267,125514,32131584,256,8000,32.120
2026-07-23T01:11:15.824Z,usb,1,3612849267,125515,32131840,256,8000,32.120
2026-07-23T01:11:15.856Z,usb,1,3612849267,125516,32132096,256,8000,32.120
2026-07-23T01:11:15.888Z,usb,1,3612849267,125517,32132352,256,8000,32.120
2026-07-23T01:11:15.920Z,usb,1,3612849267,125518,32132608,256,8000,32.120
2026-07-23T01:11:15.952Z,usb,1,3612849267,125519,32132864,256,8000,32.120
2026-07-23T01:11:15.984Z,usb,1,3612849267,125520,32133120,256,8000,32.120
2026-07-23T01:11:16.016Z,usb,1,3612849267,125521,32133376,256,8000,32.120
2026-07-23T01:11:16.048Z,usb,1,3612849267,125522,32133632,256,8000,32.120
2026-07-23T01:11:16.080Z,usb,1,3612849267,125523,32133888,256,8000,32.120
2026-07-23T01:11:16.112Z,usb,1,3612849267,125524,32134144,256,8000,32.120
2026-07-23T01:11:16.144Z,usb,1,3612849267,125525,32134400,256,8000,32.120
2026-07-23T01:11:16.176Z,usb,1,3612849267,125526,32134656,256,8000,32.120
2026-07-23T01:11:16.208Z,usb,1,3612849267,125527,32134912,256,8000,32.120
2026-07-23T01:11:16.240Z,usb,1,3612849267,125528,32135168,256,8000,32.120
2026-07-23T01:11:16.272Z,usb,1,3612849267,125529,32135424,256,8000,32.120
2026-07-23T01:11:16.304Z,usb,1,3612849267,125530,32135680,256,8000,32.120
2026-07-23T01:11:16.336Z,usb,1,3612849267,125531,32135936,256,8000,32.120
2026-07-23T01:11:16.368Z,usb,1,3612849267,125532,32136192,256,8000,32.120
2026-07-23T01:11:16.400Z,usb,1,3612849267,125533,32136448,256,8000,32.120
2026-07-23T01:11:16.432Z,usb,1,3612849267,125534,32136704,256,8000,32.120
2026-07-23T01:11:16.464Z,usb,1,3612849267,125535,32136960,256,8000,32.120
2026-07-23T01:11:16.496Z,usb,1,3612849267,125536,32137216,256,8000,32.120
2026-07-23T01:11:16.528Z,usb,1,3612849267,125537,32137472,256,8000,32.120
2026-07-23T01:11:16.560Z,usb,1,3612849267,125538,32137728,256,8000,32.120
2026-07-23T01:11:16.592Z,usb,1,3612849267,125539,32137984,256,8000,32.120
2026-07-23T01:11:16.625Z,usb,1,3612849267,125540,32138240,256,8000,32.120
2026-07-23T01:11:16.656Z,usb,1,3612849267,125541,32138496,256,8000,32.120
2026-07-23T01:11:16.688Z,usb,1,3612849267,125542,32138752,256,8000,32.120
2026-07-23T01:11:16.720Z,usb,1,3612849267,125543,32139008,256,8000,32.120
2026-07-23T01:11:16.752Z,usb,1,3612849267,125544,32139264,256,8000,32.120
2026-07-23T01:11:16.784Z,usb,1,3612849267,125545,32139520,256,8000,32.120
2026-07-23T01:11:16.816Z,usb,1,3612849267,125546,32139776,256,8000,32.120
2026-07-23T01:11:16.848Z,usb,1,3612849267,125547,32140032,256,8000,32.120
2026-07-23T01:11:16.880Z,usb,1,3612849267,125548,32140288,256,8000,32.120
2026-07-23T01:11:16.912Z,usb,1,3612849267,125549,32140544,256,8000,32.120
2026-07-23T01:11:16.944Z,usb,1,3612849267,125550,32140800,256,8000,32.120
2026-07-23T01:11:16.976Z,usb,1,3612849267,125551,32141056,256,8000,32.120
2026-07-23T01:11:17.008Z,usb,1,3612849267,125552,32141312,256,8000,32.120
2026-07-23T01:11:17.040Z,usb,1,3612849267,125553,32141568,256,8000,32.120
2026-07-23T01:11:17.072Z,usb,1,3612849267,125554,32141824,256,8000,32.120
2026-07-23T01:11:17.104Z,usb,1,3612849267,125555,32142080,256,8000,32.120
2026-07-23T01:11:17.136Z,usb,1,3612849267,125556,32142336,256,8000,32.120
2026-07-23T01:11:17.168Z,usb,1,3612849267,125557,32142592,256,8000,32.120
2026-07-23T01:11:17.201Z,usb,1,3612849267,125558,32142848,256,8000,32.120
2026-07-23T01:11:17.232Z,usb,1,3612849267,125559,32143104,256,8000,32.120
2026-07-23T01:11:17.264Z,usb,1,3612849267,125560,32143360,256,8000,32.120
2026-07-23T01:11:17.296Z,usb,1,3612849267,125561,32143616,256,8000,32.120
2026-07-23T01:11:17.328Z,usb,1,3612849267,125562,32143872,256,8000,32.120
2026-07-23T01:11:17.360Z,usb,1,3612849267,125563,32144128,256,8000,32.120
2026-07-23T01:11:17.392Z,usb,1,3612849267,125564,32144384,256,8000,32.120
2026-07-23T01:11:17.424Z,usb,1,3612849267,125565,32144640,256,8000,32.120
2026-07-23T01:11:17.456Z,usb,1,3612849267,125566,32144896,256,8000,32.120
2026-07-23T01:11:17.488Z,usb,1,3612849267,125567,32145152,256,8000,32.120
2026-07-23T01:11:17.520Z,usb,1,3612849267,125568,32145408,256,8000,32.120
2026-07-23T01:11:17.552Z,usb,1,3612849267,125569,32145664,256,8000,32.120
2026-07-23T01:11:17.585Z,usb,1,3612849267,125570,32145920,256,8000,32.120
2026-07-23T01:11:17.617Z,usb,1,3612849267,125571,32146176,256,8000,32.120
2026-07-23T01:11:17.649Z,usb,1,3612849267,125572,32146432,256,8000,32.110
2026-07-23T01:11:17.680Z,usb,1,3612849267,125573,32146688,256,8000,32.110
2026-07-23T01:11:17.712Z,usb,1,3612849267,125574,32146944,256,8000,32.110
2026-07-23T01:11:17.744Z,usb,1,3612849267,125575,32147200,256,8000,32.110
2026-07-23T01:11:17.776Z,usb,1,3612849267,125576,32147456,256,8000,32.110
2026-07-23T01:11:17.808Z,usb,1,3612849267,125577,32147712,256,8000,32.110
2026-07-23T01:11:17.840Z,usb,1,3612849267,125578,32147968,256,8000,32.110
2026-07-23T01:11:17.872Z,usb,1,3612849267,125579,32148224,256,8000,32.110
2026-07-23T01:11:17.904Z,usb,1,3612849267,125580,32148480,256,8000,32.110
2026-07-23T01:11:17.936Z,usb,1,3612849267,125581,32148736,256,8000,32.110
2026-07-23T01:11:17.968Z,usb,1,3612849267,125582,32148992,256,8000,32.110
2026-07-23T01:11:18.000Z,usb,1,3612849267,125583,32149248,256,8000,32.110
2026-07-23T01:11:18.032Z,usb,1,3612849267,125584,32149504,256,8000,32.110
2026-07-23T01:11:18.064Z,usb,1,3612849267,125585,32149760,256,8000,32.110
2026-07-23T01:11:18.096Z,usb,1,3612849267,125586,32150016,256,8000,32.110
2026-07-23T01:11:18.128Z,usb,1,3612849267,125587,32150272,256,8000,32.110
2026-07-23T01:11:18.160Z,usb,1,3612849267,125588,32150528,256,8000,32.110
2026-07-23T01:11:18.192Z,usb,1,3612849267,125589,32150784,256,8000,32.110
2026-07-23T01:11:18.224Z,usb,1,3612849267,125590,32151040,256,8000,32.110
2026-07-23T01:11:18.257Z,usb,1,3612849267,125591,32151296,256,8000,32.110
2026-07-23T01:11:18.289Z,usb,1,3612849267,125592,32151552,256,8000,32.110
2026-07-23T01:11:18.320Z,usb,1,3612849267,125593,32151808,256,8000,32.110
2026-07-23T01:11:18.352Z,usb,1,3612849267,125594,32152064,256,8000,32.110
2026-07-23T01:11:18.384Z,usb,1,3612849267,125595,32152320,256,8000,32.110
2026-07-23T01:11:18.416Z,usb,1,3612849267,125596,32152576,256,8000,32.110
2026-07-23T01:11:18.448Z,usb,1,3612849267,125597,32152832,256,8000,32.110
2026-07-23T01:11:18.480Z,usb,1,3612849267,125598,32153088,256,8000,32.110
2026-07-23T01:11:18.512Z,usb,1,3612849267,125599,32153344,256,8000,32.110
2026-07-23T01:11:18.544Z,usb,1,3612849267,125600,32153600,256,8000,32.110
2026-07-23T01:11:18.576Z,usb,1,3612849267,125601,32153856,256,8000,32.110
2026-07-23T01:11:18.608Z,usb,1,3612849267,125602,32154112,256,8000,32.110
2026-07-23T01:11:18.640Z,usb,1,3612849267,125603,32154368,256,8000,32.110
2026-07-23T01:11:18.673Z,usb,1,3612849267,125604,32154624,256,8000,32.110
2026-07-23T01:11:18.704Z,usb,1,3612849267,125605,32154880,256,8000,32.110
2026-07-23T01:11:18.736Z,usb,1,3612849267,125606,32155136,256,8000,32.110
2026-07-23T01:11:18.768Z,usb,1,3612849267,125607,32155392,256,8000,32.110
2026-07-23T01:11:18.800Z,usb,1,3612849267,125608,32155648,256,8000,32.110
2026-07-23T01:11:18.832Z,usb,1,3612849267,125609,32155904,256,8000,32.110
2026-07-23T01:11:18.864Z,usb,1,3612849267,125610,32156160,256,8000,32.110
2026-07-23T01:11:18.896Z,usb,1,3612849267,125611,32156416,256,8000,32.110
2026-07-23T01:11:18.928Z,usb,1,3612849267,125612,32156672,256,8000,32.110
2026-07-23T01:11:18.960Z,usb,1,3612849267,125613,32156928,256,8000,32.110
2026-07-23T01:11:18.992Z,usb,1,3612849267,125614,32157184,256,8000,32.110
2026-07-23T01:11:19.024Z,usb,1,3612849267,125615,32157440,256,8000,32.110
2026-07-23T01:11:19.056Z,usb,1,3612849267,125616,32157696,256,8000,32.110
2026-07-23T01:11:19.088Z,usb,1,3612849267,125617,32157952,256,8000,32.110
2026-07-23T01:11:19.120Z,usb,1,3612849267,125618,32158208,256,8000,32.110
2026-07-23T01:11:19.152Z,usb,1,3612849267,125619,32158464,256,8000,32.110
2026-07-23T01:11:19.184Z,usb,1,3612849267,125620,32158720,256,8000,32.110
2026-07-23T01:11:19.216Z,usb,1,3612849267,125621,32158976,256,8000,32.110
2026-07-23T01:11:19.248Z,usb,1,3612849267,125622,32159232,256,8000,32.110
2026-07-23T01:11:19.280Z,usb,1,3612849267,125623,32159488,256,8000,32.110
2026-07-23T01:11:19.312Z,usb,1,3612849267,125624,32159744,256,8000,32.110
2026-07-23T01:11:19.344Z,usb,1,3612849267,125625,32160000,256,8000,32.110
2026-07-23T01:11:19.376Z,usb,1,3612849267,125626,32160256,256,8000,32.110
2026-07-23T01:11:19.408Z,usb,1,3612849267,125627,32160512,256,8000,32.110
2026-07-23T01:11:19.440Z,usb,1,3612849267,125628,32160768,256,8000,32.110
2026-07-23T01:11:19.472Z,usb,1,3612849267,125629,32161024,256,8000,32.110
2026-07-23T01:11:19.504Z,usb,1,3612849267,125630,32161280,256,8000,32.110
2026-07-23T01:11:19.536Z,usb,1,3612849267,125631,32161536,256,8000,32.110
2026-07-23T01:11:19.568Z,usb,1,3612849267,125632,32161792,256,8000,32.110
2026-07-23T01:11:19.600Z,usb,1,3612849267,125633,32162048,256,8000,32.110
2026-07-23T01:11:19.632Z,usb,1,3612849267,125634,32162304,256,8000,32.110
2026-07-23T01:11:19.664Z,usb,1,3612849267,125635,32162560,256,8000,32.110
2026-07-23T01:11:19.697Z,usb,1,3612849267,125636,32162816,256,8000,32.110
2026-07-23T01:11:19.728Z,usb,1,3612849267,125637,32163072,256,8000,32.110
2026-07-23T01:11:19.760Z,usb,1,3612849267,125638,32163328,256,8000,32.110
2026-07-23T01:11:19.792Z,usb,1,3612849267,125639,32163584,256,8000,32.110
2026-07-23T01:11:19.824Z,usb,1,3612849267,125640,32163840,256,8000,32.110
2026-07-23T01:11:19.856Z,usb,1,3612849267,125641,32164096,256,8000,32.110
2026-07-23T01:11:19.888Z,usb,1,3612849267,125642,32164352,256,8000,32.110
2026-07-23T01:11:19.920Z,usb,1,3612849267,125643,32164608,256,8000,32.110
2026-07-23T01:11:19.952Z,usb,1,3612849267,125644,32164864,256,8000,32.110
2026-07-23T01:11:19.984Z,usb,1,3612849267,125645,32165120,256,8000,32.110
2026-07-23T01:11:20.016Z,usb,1,3612849267,125646,32165376,256,8000,32.110
2026-07-23T01:11:20.048Z,usb,1,3612849267,125647,32165632,256,8000,32.110
2026-07-23T01:11:20.080Z,usb,1,3612849267,125648,32165888,256,8000,32.110
2026-07-23T01:11:20.112Z,usb,1,3612849267,125649,32166144,256,8000,32.110
2026-07-23T01:11:20.144Z,usb,1,3612849267,125650,32166400,256,8000,32.110
2026-07-23T01:11:20.176Z,usb,1,3612849267,125651,32166656,256,8000,32.110
2026-07-23T01:11:20.208Z,usb,1,3612849267,125652,32166912,256,8000,32.110
2026-07-23T01:11:20.240Z,usb,1,3612849267,125653,32167168,256,8000,32.110
2026-07-23T01:11:20.272Z,usb,1,3612849267,125654,32167424,256,8000,32.110
2026-07-23T01:11:20.304Z,usb,1,3612849267,125655,32167680,256,8000,32.110
2026-07-23T01:11:20.336Z,usb,1,3612849267,125656,32167936,256,8000,32.110
2026-07-23T01:11:20.368Z,usb,1,3612849267,125657,32168192,256,8000,32.110
2026-07-23T01:11:20.400Z,usb,1,3612849267,125658,32168448,256,8000,32.110
2026-07-23T01:11:20.432Z,usb,1,3612849267,125659,32168704,256,8000,32.110
2026-07-23T01:11:20.464Z,usb,1,3612849267,125660,32168960,256,8000,32.110
2026-07-23T01:11:20.496Z,usb,1,3612849267,125661,32169216,256,8000,32.110
2026-07-23T01:11:20.528Z,usb,1,3612849267,125662,32169472,256,8000,32.110
2026-07-23T01:11:20.560Z,usb,1,3612849267,125663,32169728,256,8000,32.110
2026-07-23T01:11:20.592Z,usb,1,3612849267,125664,32169984,256,8000,32.110
2026-07-23T01:11:20.624Z,usb,1,3612849267,125665,32170240,256,8000,32.110
2026-07-23T01:11:20.656Z,usb,1,3612849267,125666,32170496,256,8000,32.110
2026-07-23T01:11:20.688Z,usb,1,3612849267,125667,32170752,256,8000,32.110
2026-07-23T01:11:20.721Z,usb,1,3612849267,125668,32171008,256,8000,32.110
2026-07-23T01:11:20.752Z,usb,1,3612849267,125669,32171264,256,8000,32.110
2026-07-23T01:11:20.784Z,usb,1,3612849267,125670,32171520,256,8000,32.110
2026-07-23T01:11:20.816Z,usb,1,3612849267,125671,32171776,256,8000,32.110
2026-07-23T01:11:20.848Z,usb,1,3612849267,125672,32172032,256,8000,32.110
2026-07-23T01:11:20.880Z,usb,1,3612849267,125673,32172288,256,8000,32.110
2026-07-23T01:11:20.912Z,usb,1,3612849267,125674,32172544,256,8000,32.110
2026-07-23T01:11:20.944Z,usb,1,3612849267,125675,32172800,256,8000,32.110
2026-07-23T01:11:20.976Z,usb,1,3612849267,125676,32173056,256,8000,32.110
2026-07-23T01:11:21.008Z,usb,1,3612849267,125677,32173312,256,8000,32.110
2026-07-23T01:11:21.040Z,usb,1,3612849267,125678,32173568,256,8000,32.110
2026-07-23T01:11:21.072Z,usb,1,3612849267,125679,32173824,256,8000,32.110
2026-07-23T01:11:21.104Z,usb,1,3612849267,125680,32174080,256,8000,32.110
2026-07-23T01:11:21.136Z,usb,1,3612849267,125681,32174336,256,8000,32.110
2026-07-23T01:11:21.168Z,usb,1,3612849267,125682,32174592,256,8000,32.110
2026-07-23T01:11:21.200Z,usb,1,3612849267,125683,32174848,256,8000,32.110
2026-07-23T01:11:21.232Z,usb,1,3612849267,125684,32175104,256,8000,32.110
2026-07-23T01:11:21.264Z,usb,1,3612849267,125685,32175360,256,8000,32.110
2026-07-23T01:11:21.296Z,usb,1,3612849267,125686,32175616,256,8000,32.110
2026-07-23T01:11:21.328Z,usb,1,3612849267,125687,32175872,256,8000,32.110
2026-07-23T01:11:21.360Z,usb,1,3612849267,125688,32176128,256,8000,32.110
2026-07-23T01:11:21.392Z,usb,1,3612849267,125689,32176384,256,8000,32.110
2026-07-23T01:11:21.424Z,usb,1,3612849267,125690,32176640,256,8000,32.110
2026-07-23T01:11:21.456Z,usb,1,3612849267,125691,32176896,256,8000,32.110
2026-07-23T01:11:21.488Z,usb,1,3612849267,125692,32177152,256,8000,32.110
2026-07-23T01:11:21.520Z,usb,1,3612849267,125693,32177408,256,8000,32.110
2026-07-23T01:11:21.552Z,usb,1,3612849267,125694,32177664,256,8000,32.110
2026-07-23T01:11:21.584Z,usb,1,3612849267,125695,32177920,256,8000,32.110
2026-07-23T01:11:21.616Z,usb,1,3612849267,125696,32178176,256,8000,32.110
2026-07-23T01:11:21.648Z,usb,1,3612849267,125697,32178432,256,8000,32.110
2026-07-23T01:11:21.680Z,usb,1,3612849267,125698,32178688,256,8000,32.110
2026-07-23T01:11:21.712Z,usb,1,3612849267,125699,32178944,256,8000,32.110
2026-07-23T01:11:21.745Z,usb,1,3612849267,125700,32179200,256,8000,32.120
2026-07-23T01:11:21.776Z,usb,1,3612849267,125701,32179456,256,8000,32.120
2026-07-23T01:11:21.808Z,usb,1,3612849267,125702,32179712,256,8000,32.120
2026-07-23T01:11:21.840Z,usb,1,3612849267,125703,32179968,256,8000,32.120
2026-07-23T01:11:21.872Z,usb,1,3612849267,125704,32180224,256,8000,32.120
2026-07-23T01:11:21.904Z,usb,1,3612849267,125705,32180480,256,8000,32.120
2026-07-23T01:11:21.936Z,usb,1,3612849267,125706,32180736,256,8000,32.120
2026-07-23T01:11:21.968Z,usb,1,3612849267,125707,32180992,256,8000,32.120
2026-07-23T01:11:22.000Z,usb,1,3612849267,125708,32181248,256,8000,32.120
2026-07-23T01:11:22.032Z,usb,1,3612849267,125709,32181504,256,8000,32.120
2026-07-23T01:11:22.064Z,usb,1,3612849267,125710,32181760,256,8000,32.120
2026-07-23T01:11:22.096Z,usb,1,3612849267,125711,32182016,256,8000,32.120
2026-07-23T01:11:22.128Z,usb,1,3612849267,125712,32182272,256,8000,32.120
2026-07-23T01:11:22.160Z,usb,1,3612849267,125713,32182528,256,8000,32.120
2026-07-23T01:11:22.192Z,usb,1,3612849267,125714,32182784,256,8000,32.120
2026-07-23T01:11:22.225Z,usb,1,3612849267,125715,32183040,256,8000,32.120
2026-07-23T01:11:22.256Z,usb,1,3612849267,125716,32183296,256,8000,32.120
2026-07-23T01:11:22.288Z,usb,1,3612849267,125717,32183552,256,8000,32.120
2026-07-23T01:11:22.320Z,usb,1,3612849267,125718,32183808,256,8000,32.120
2026-07-23T01:11:22.352Z,usb,1,3612849267,125719,32184064,256,8000,32.120
2026-07-23T01:11:22.384Z,usb,1,3612849267,125720,32184320,256,8000,32.120
2026-07-23T01:11:22.416Z,usb,1,3612849267,125721,32184576,256,8000,32.120
2026-07-23T01:11:22.448Z,usb,1,3612849267,125722,32184832,256,8000,32.120
2026-07-23T01:11:22.480Z,usb,1,3612849267,125723,32185088,256,8000,32.120
2026-07-23T01:11:22.512Z,usb,1,3612849267,125724,32185344,256,8000,32.120
2026-07-23T01:11:22.544Z,usb,1,3612849267,125725,32185600,256,8000,32.120
2026-07-23T01:11:22.576Z,usb,1,3612849267,125726,32185856,256,8000,32.120
2026-07-23T01:11:22.608Z,usb,1,3612849267,125727,32186112,256,8000,32.120
2026-07-23T01:11:22.640Z,usb,1,3612849267,125728,32186368,256,8000,32.120
2026-07-23T01:11:22.672Z,usb,1,3612849267,125729,32186624,256,8000,32.120
2026-07-23T01:11:22.704Z,usb,1,3612849267,125730,32186880,256,8000,32.120
2026-07-23T01:11:22.736Z,usb,1,3612849267,125731,32187136,256,8000,32.120
2026-07-23T01:11:22.769Z,usb,1,3612849267,125732,32187392,256,8000,32.120
2026-07-23T01:11:22.800Z,usb,1,3612849267,125733,32187648,256,8000,32.120
2026-07-23T01:11:22.832Z,usb,1,3612849267,125734,32187904,256,8000,32.120
2026-07-23T01:11:22.864Z,usb,1,3612849267,125735,32188160,256,8000,32.120
2026-07-23T01:11:22.896Z,usb,1,3612849267,125736,32188416,256,8000,32.120
2026-07-23T01:11:22.928Z,usb,1,3612849267,125737,32188672,256,8000,32.120
2026-07-23T01:11:22.960Z,usb,1,3612849267,125738,32188928,256,8000,32.120
2026-07-23T01:11:22.992Z,usb,1,3612849267,125739,32189184,256,8000,32.120
2026-07-23T01:11:23.024Z,usb,1,3612849267,125740,32189440,256,8000,32.120
2026-07-23T01:11:23.056Z,usb,1,3612849267,125741,32189696,256,8000,32.120
2026-07-23T01:11:23.088Z,usb,1,3612849267,125742,32189952,256,8000,32.120
2026-07-23T01:11:23.120Z,usb,1,3612849267,125743,32190208,256,8000,32.120
2026-07-23T01:11:23.152Z,usb,1,3612849267,125744,32190464,256,8000,32.120
2026-07-23T01:11:23.184Z,usb,1,3612849267,125745,32190720,256,8000,32.120
2026-07-23T01:11:23.216Z,usb,1,3612849267,125746,32190976,256,8000,32.120
2026-07-23T01:11:23.248Z,usb,1,3612849267,125747,32191232,256,8000,32.120
2026-07-23T01:11:23.280Z,usb,1,3612849267,125748,32191488,256,8000,32.120
2026-07-23T01:11:23.312Z,usb,1,3612849267,125749,32191744,256,8000,32.120
2026-07-23T01:11:23.344Z,usb,1,3612849267,125750,32192000,256,8000,32.120
2026-07-23T01:11:23.376Z,usb,1,3612849267,125751,32192256,256,8000,32.120
2026-07-23T01:11:23.408Z,usb,1,3612849267,125752,32192512,256,8000,32.120
2026-07-23T01:11:23.440Z,usb,1,3612849267,125753,32192768,256,8000,32.120
2026-07-23T01:11:23.472Z,usb,1,3612849267,125754,32193024,256,8000,32.120
2026-07-23T01:11:23.504Z,usb,1,3612849267,125755,32193280,256,8000,32.120
2026-07-23T01:11:23.536Z,usb,1,3612849267,125756,32193536,256,8000,32.120
2026-07-23T01:11:23.568Z,usb,1,3612849267,125757,32193792,256,8000,32.120
2026-07-23T01:11:23.600Z,usb,1,3612849267,125758,32194048,256,8000,32.120
2026-07-23T01:11:23.632Z,usb,1,3612849267,125759,32194304,256,8000,32.120
2026-07-23T01:11:23.664Z,usb,1,3612849267,125760,32194560,256,8000,32.120
2026-07-23T01:11:23.696Z,usb,1,3612849267,125761,32194816,256,8000,32.120
2026-07-23T01:11:23.728Z,usb,1,3612849267,125762,32195072,256,8000,32.120
2026-07-23T01:11:23.760Z,usb,1,3612849267,125763,32195328,256,8000,32.120
2026-07-23T01:11:23.793Z,usb,1,3612849267,125764,32195584,256,8000,32.120
2026-07-23T01:11:23.824Z,usb,1,3612849267,125765,32195840,256,8000,32.120
2026-07-23T01:11:23.856Z,usb,1,3612849267,125766,32196096,256,8000,32.120
2026-07-23T01:11:23.888Z,usb,1,3612849267,125767,32196352,256,8000,32.120
2026-07-23T01:11:23.920Z,usb,1,3612849267,125768,32196608,256,8000,32.120
2026-07-23T01:11:23.952Z,usb,1,3612849267,125769,32196864,256,8000,32.120
2026-07-23T01:11:23.984Z,usb,1,3612849267,125770,32197120,256,8000,32.120
2026-07-23T01:11:24.016Z,usb,1,3612849267,125771,32197376,256,8000,32.120
2026-07-23T01:11:24.048Z,usb,1,3612849267,125772,32197632,256,8000,32.120
2026-07-23T01:11:24.080Z,usb,1,3612849267,125773,32197888,256,8000,32.120
2026-07-23T01:11:24.112Z,usb,1,3612849267,125774,32198144,256,8000,32.120
2026-07-23T01:11:24.144Z,usb,1,3612849267,125775,32198400,256,8000,32.120
2026-07-23T01:11:24.176Z,usb,1,3612849267,125776,32198656,256,8000,32.120
2026-07-23T01:11:24.208Z,usb,1,3612849267,125777,32198912,256,8000,32.120
2026-07-23T01:11:24.240Z,usb,1,3612849267,125778,32199168,256,8000,32.120
2026-07-23T01:11:24.272Z,usb,1,3612849267,125779,32199424,256,8000,32.120
2026-07-23T01:11:24.304Z,usb,1,3612849267,125780,32199680,256,8000,32.120
2026-07-23T01:11:24.336Z,usb,1,3612849267,125781,32199936,256,8000,32.120
2026-07-23T01:11:24.368Z,usb,1,3612849267,125782,32200192,256,8000,32.120
2026-07-23T01:11:24.400Z,usb,1,3612849267,125783,32200448,256,8000,32.120
2026-07-23T01:11:24.432Z,usb,1,3612849267,125784,32200704,256,8000,32.120
2026-07-23T01:11:24.464Z,usb,1,3612849267,125785,32200960,256,8000,32.120
2026-07-23T01:11:24.496Z,usb,1,3612849267,125786,32201216,256,8000,32.120
2026-07-23T01:11:24.528Z,usb,1,3612849267,125787,32201472,256,8000,32.120
2026-07-23T01:11:24.560Z,usb,1,3612849267,125788,32201728,256,8000,32.120
2026-07-23T01:11:24.592Z,usb,1,3612849267,125789,32201984,256,8000,32.120
2026-07-23T01:11:24.624Z,usb,1,3612849267,125790,32202240,256,8000,32.120
2026-07-23T01:11:24.656Z,usb,1,3612849267,125791,32202496,256,8000,32.120
2026-07-23T01:11:24.688Z,usb,1,3612849267,125792,32202752,256,8000,32.120
2026-07-23T01:11:24.720Z,usb,1,3612849267,125793,32203008,256,8000,32.120
2026-07-23T01:11:24.752Z,usb,1,3612849267,125794,32203264,256,8000,32.120
2026-07-23T01:11:24.784Z,usb,1,3612849267,125795,32203520,256,8000,32.120
2026-07-23T01:11:24.817Z,usb,1,3612849267,125796,32203776,256,8000,32.120
2026-07-23T01:11:24.848Z,usb,1,3612849267,125797,32204032,256,8000,32.120
2026-07-23T01:11:24.880Z,usb,1,3612849267,125798,32204288,256,8000,32.120
2026-07-23T01:11:24.912Z,usb,1,3612849267,125799,32204544,256,8000,32.120
2026-07-23T01:11:24.944Z,usb,1,3612849267,125800,32204800,256,8000,32.120
2026-07-23T01:11:24.977Z,usb,1,3612849267,125801,32205056,256,8000,32.120
2026-07-23T01:11:25.008Z,usb,1,3612849267,125802,32205312,256,8000,32.120
2026-07-23T01:11:25.040Z,usb,1,3612849267,125803,32205568,256,8000,32.120
2026-07-23T01:11:25.072Z,usb,1,3612849267,125804,32205824,256,8000,32.120
2026-07-23T01:11:25.104Z,usb,1,3612849267,125805,32206080,256,8000,32.120
2026-07-23T01:11:25.136Z,usb,1,3612849267,125806,32206336,256,8000,32.120
2026-07-23T01:11:25.168Z,usb,1,3612849267,125807,32206592,256,8000,32.120
2026-07-23T01:11:25.200Z,usb,1,3612849267,125808,32206848,256,8000,32.120
2026-07-23T01:11:25.232Z,usb,1,3612849267,125809,32207104,256,8000,32.120
2026-07-23T01:11:25.264Z,usb,1,3612849267,125810,32207360,256,8000,32.120
2026-07-23T01:11:25.296Z,usb,1,3612849267,125811,32207616,256,8000,32.120
2026-07-23T01:11:25.328Z,usb,1,3612849267,125812,32207872,256,8000,32.120
2026-07-23T01:11:25.360Z,usb,1,3612849267,125813,32208128,256,8000,32.120
2026-07-23T01:11:25.392Z,usb,1,3612849267,125814,32208384,256,8000,32.120
2026-07-23T01:11:25.424Z,usb,1,3612849267,125815,32208640,256,8000,32.120
2026-07-23T01:11:25.456Z,usb,1,3612849267,125816,32208896,256,8000,32.120
2026-07-23T01:11:25.488Z,usb,1,3612849267,125817,32209152,256,8000,32.120
2026-07-23T01:11:25.520Z,usb,1,3612849267,125818,32209408,256,8000,32.120
2026-07-23T01:11:25.552Z,usb,1,3612849267,125819,32209664,256,8000,32.120
2026-07-23T01:11:25.584Z,usb,1,3612849267,125820,32209920,256,8000,32.120
2026-07-23T01:11:25.616Z,usb,1,3612849267,125821,32210176,256,8000,32.120
2026-07-23T01:11:25.648Z,usb,1,3612849267,125822,32210432,256,8000,32.120
2026-07-23T01:11:25.680Z,usb,1,3612849267,125823,32210688,256,8000,32.120
2026-07-23T01:11:25.712Z,usb,1,3612849267,125824,32210944,256,8000,32.120
2026-07-23T01:11:25.744Z,usb,1,3612849267,125825,32211200,256,8000,32.120
2026-07-23T01:11:25.776Z,usb,1,3612849267,125826,32211456,256,8000,32.120
2026-07-23T01:11:25.808Z,usb,1,3612849267,125827,32211712,256,8000,32.120
2026-07-23T01:11:25.841Z,usb,1,3612849267,125828,32211968,256,8000,32.110
2026-07-23T01:11:25.873Z,usb,1,3612849267,125829,32212224,256,8000,32.110
2026-07-23T01:11:25.904Z,usb,1,3612849267,125830,32212480,256,8000,32.110
2026-07-23T01:11:25.936Z,usb,1,3612849267,125831,32212736,256,8000,32.110
2026-07-23T01:11:25.968Z,usb,1,3612849267,125832,32212992,256,8000,32.110
2026-07-23T01:11:26.000Z,usb,1,3612849267,125833,32213248,256,8000,32.110
2026-07-23T01:11:26.032Z,usb,1,3612849267,125834,32213504,256,8000,32.110
2026-07-23T01:11:26.064Z,usb,1,3612849267,125835,32213760,256,8000,32.110
2026-07-23T01:11:26.096Z,usb,1,3612849267,125836,32214016,256,8000,32.110
2026-07-23T01:11:26.128Z,usb,1,3612849267,125837,32214272,256,8000,32.110
2026-07-23T01:11:26.160Z,usb,1,3612849267,125838,32214528,256,8000,32.110
2026-07-23T01:11:26.192Z,usb,1,3612849267,125839,32214784,256,8000,32.110
2026-07-23T01:11:26.224Z,usb,1,3612849267,125840,32215040,256,8000,32.110
2026-07-23T01:11:26.256Z,usb,1,3612849267,125841,32215296,256,8000,32.110
2026-07-23T01:11:26.289Z,usb,1,3612849267,125842,32215552,256,8000,32.110
2026-07-23T01:11:26.320Z,usb,1,3612849267,125843,32215808,256,8000,32.110
2026-07-23T01:11:26.352Z,usb,1,3612849267,125844,32216064,256,8000,32.110
2026-07-23T01:11:26.384Z,usb,1,3612849267,125845,32216320,256,8000,32.110
2026-07-23T01:11:26.416Z,usb,1,3612849267,125846,32216576,256,8000,32.110
2026-07-23T01:11:26.448Z,usb,1,3612849267,125847,32216832,256,8000,32.110
2026-07-23T01:11:26.480Z,usb,1,3612849267,125848,32217088,256,8000,32.110
2026-07-23T01:11:26.512Z,usb,1,3612849267,125849,32217344,256,8000,32.110
2026-07-23T01:11:26.544Z,usb,1,3612849267,125850,32217600,256,8000,32.110
2026-07-23T01:11:26.576Z,usb,1,3612849267,125851,32217856,256,8000,32.110
2026-07-23T01:11:26.608Z,usb,1,3612849267,125852,32218112,256,8000,32.110
2026-07-23T01:11:26.640Z,usb,1,3612849267,125853,32218368,256,8000,32.110
2026-07-23T01:11:26.672Z,usb,1,3612849267,125854,32218624,256,8000,32.110
2026-07-23T01:11:26.704Z,usb,1,3612849267,125855,32218880,256,8000,32.110
2026-07-23T01:11:26.736Z,usb,1,3612849267,125856,32219136,256,8000,32.110
2026-07-23T01:11:26.768Z,usb,1,3612849267,125857,32219392,256,8000,32.110
2026-07-23T01:11:26.800Z,usb,1,3612849267,125858,32219648,256,8000,32.110
2026-07-23T01:11:26.832Z,usb,1,3612849267,125859,32219904,256,8000,32.110
2026-07-23T01:11:26.865Z,usb,1,3612849267,125860,32220160,256,8000,32.130
2026-07-23T01:11:26.896Z,usb,1,3612849267,125861,32220416,256,8000,32.130
2026-07-23T01:11:26.928Z,usb,1,3612849267,125862,32220672,256,8000,32.130
2026-07-23T01:11:26.960Z,usb,1,3612849267,125863,32220928,256,8000,32.130
2026-07-23T01:11:26.992Z,usb,1,3612849267,125864,32221184,256,8000,32.130
2026-07-23T01:11:27.024Z,usb,1,3612849267,125865,32221440,256,8000,32.130
2026-07-23T01:11:27.056Z,usb,1,3612849267,125866,32221696,256,8000,32.130
2026-07-23T01:11:27.088Z,usb,1,3612849267,125867,32221952,256,8000,32.130
2026-07-23T01:11:27.120Z,usb,1,3612849267,125868,32222208,256,8000,32.130
2026-07-23T01:11:27.152Z,usb,1,3612849267,125869,32222464,256,8000,32.130
2026-07-23T01:11:27.184Z,usb,1,3612849267,125870,32222720,256,8000,32.130
2026-07-23T01:11:27.216Z,usb,1,3612849267,125871,32222976,256,8000,32.130
2026-07-23T01:11:27.248Z,usb,1,3612849267,125872,32223232,256,8000,32.130
2026-07-23T01:11:27.280Z,usb,1,3612849267,125873,32223488,256,8000,32.130
2026-07-23T01:11:27.312Z,usb,1,3612849267,125874,32223744,256,8000,32.130
2026-07-23T01:11:27.344Z,usb,1,3612849267,125875,32224000,256,8000,32.130
2026-07-23T01:11:27.376Z,usb,1,3612849267,125876,32224256,256,8000,32.130
2026-07-23T01:11:27.408Z,usb,1,3612849267,125877,32224512,256,8000,32.130
2026-07-23T01:11:27.440Z,usb,1,3612849267,125878,32224768,256,8000,32.130
2026-07-23T01:11:27.472Z,usb,1,3612849267,125879,32225024,256,8000,32.130
2026-07-23T01:11:27.504Z,usb,1,3612849267,125880,32225280,256,8000,32.130
2026-07-23T01:11:27.536Z,usb,1,3612849267,125881,32225536,256,8000,32.130
2026-07-23T01:11:27.568Z,usb,1,3612849267,125882,32225792,256,8000,32.130
2026-07-23T01:11:27.600Z,usb,1,3612849267,125883,32226048,256,8000,32.130
2026-07-23T01:11:27.632Z,usb,1,3612849267,125884,32226304,256,8000,32.130
2026-07-23T01:11:27.664Z,usb,1,3612849267,125885,32226560,256,8000,32.130
2026-07-23T01:11:27.696Z,usb,1,3612849267,125886,32226816,256,8000,32.130
2026-07-23T01:11:27.728Z,usb,1,3612849267,125887,32227072,256,8000,32.130
2026-07-23T01:11:27.760Z,usb,1,3612849267,125888,32227328,256,8000,32.130
2026-07-23T01:11:27.792Z,usb,1,3612849267,125889,32227584,256,8000,32.130
2026-07-23T01:11:27.824Z,usb,1,3612849267,125890,32227840,256,8000,32.130
2026-07-23T01:11:27.856Z,usb,1,3612849267,125891,32228096,256,8000,32.130
2026-07-23T01:11:27.889Z,usb,1,3612849267,125892,32228352,256,8000,32.120
2026-07-23T01:11:27.920Z,usb,1,3612849267,125893,32228608,256,8000,32.120
2026-07-23T01:11:27.952Z,usb,1,3612849267,125894,32228864,256,8000,32.120
2026-07-23T01:11:27.984Z,usb,1,3612849267,125895,32229120,256,8000,32.120
2026-07-23T01:11:28.016Z,usb,1,3612849267,125896,32229376,256,8000,32.120
2026-07-23T01:11:28.048Z,usb,1,3612849267,125897,32229632,256,8000,32.120
2026-07-23T01:11:28.080Z,usb,1,3612849267,125898,32229888,256,8000,32.120
2026-07-23T01:11:28.112Z,usb,1,3612849267,125899,32230144,256,8000,32.120
2026-07-23T01:11:28.144Z,usb,1,3612849267,125900,32230400,256,8000,32.120
2026-07-23T01:11:28.176Z,usb,1,3612849267,125901,32230656,256,8000,32.120
2026-07-23T01:11:28.210Z,usb,1,3612849267,125902,32230912,256,8000,32.120
2026-07-23T01:11:28.240Z,usb,1,3612849267,125903,32231168,256,8000,32.120
2026-07-23T01:11:28.272Z,usb,1,3612849267,125904,32231424,256,8000,32.120
2026-07-23T01:11:28.304Z,usb,1,3612849267,125905,32231680,256,8000,32.120
2026-07-23T01:11:28.336Z,usb,1,3612849267,125906,32231936,256,8000,32.120
2026-07-23T01:11:28.368Z,usb,1,3612849267,125907,32232192,256,8000,32.120
2026-07-23T01:11:28.400Z,usb,1,3612849267,125908,32232448,256,8000,32.120
2026-07-23T01:11:28.432Z,usb,1,3612849267,125909,32232704,256,8000,32.120
2026-07-23T01:11:28.464Z,usb,1,3612849267,125910,32232960,256,8000,32.120
2026-07-23T01:11:28.496Z,usb,1,3612849267,125911,32233216,256,8000,32.120
2026-07-23T01:11:28.528Z,usb,1,3612849267,125912,32233472,256,8000,32.120
2026-07-23T01:11:28.560Z,usb,1,3612849267,125913,32233728,256,8000,32.120
2026-07-23T01:11:28.592Z,usb,1,3612849267,125914,32233984,256,8000,32.120
2026-07-23T01:11:28.624Z,usb,1,3612849267,125915,32234240,256,8000,32.120
2026-07-23T01:11:28.656Z,usb,1,3612849267,125916,32234496,256,8000,32.120
2026-07-23T01:11:28.688Z,usb,1,3612849267,125917,32234752,256,8000,32.120
2026-07-23T01:11:28.720Z,usb,1,3612849267,125918,32235008,256,8000,32.120
2026-07-23T01:11:28.752Z,usb,1,3612849267,125919,32235264,256,8000,32.120
2026-07-23T01:11:28.784Z,usb,1,3612849267,125920,32235520,256,8000,32.120
2026-07-23T01:11:28.816Z,usb,1,3612849267,125921,32235776,256,8000,32.120
2026-07-23T01:11:28.848Z,usb,1,3612849267,125922,32236032,256,8000,32.120
2026-07-23T01:11:28.880Z,usb,1,3612849267,125923,32236288,256,8000,32.120
2026-07-23T01:11:28.913Z,usb,1,3612849267,125924,32236544,256,8000,32.120
2026-07-23T01:11:28.944Z,usb,1,3612849267,125925,32236800,256,8000,32.120
2026-07-23T01:11:28.976Z,usb,1,3612849267,125926,32237056,256,8000,32.120
2026-07-23T01:11:29.008Z,usb,1,3612849267,125927,32237312,256,8000,32.120
2026-07-23T01:11:29.040Z,usb,1,3612849267,125928,32237568,256,8000,32.120
2026-07-23T01:11:29.072Z,usb,1,3612849267,125929,32237824,256,8000,32.120
2026-07-23T01:11:29.104Z,usb,1,3612849267,125930,32238080,256,8000,32.120
2026-07-23T01:11:29.136Z,usb,1,3612849267,125931,32238336,256,8000,32.120
2026-07-23T01:11:29.168Z,usb,1,3612849267,125932,32238592,256,8000,32.120
2026-07-23T01:11:29.200Z,usb,1,3612849267,125933,32238848,256,8000,32.120
2026-07-23T01:11:29.232Z,usb,1,3612849267,125934,32239104,256,8000,32.120
2026-07-23T01:11:29.264Z,usb,1,3612849267,125935,32239360,256,8000,32.120
2026-07-23T01:11:29.296Z,usb,1,3612849267,125936,32239616,256,8000,32.120
2026-07-23T01:11:29.328Z,usb,1,3612849267,125937,32239872,256,8000,32.120
2026-07-23T01:11:29.360Z,usb,1,3612849267,125938,32240128,256,8000,32.120
2026-07-23T01:11:29.392Z,usb,1,3612849267,125939,32240384,256,8000,32.120
2026-07-23T01:11:29.424Z,usb,1,3612849267,125940,32240640,256,8000,32.120
2026-07-23T01:11:29.456Z,usb,1,3612849267,125941,32240896,256,8000,32.120
2026-07-23T01:11:29.488Z,usb,1,3612849267,125942,32241152,256,8000,32.120
2026-07-23T01:11:29.520Z,usb,1,3612849267,125943,32241408,256,8000,32.120
2026-07-23T01:11:29.552Z,usb,1,3612849267,125944,32241664,256,8000,32.120
2026-07-23T01:11:29.584Z,usb,1,3612849267,125945,32241920,256,8000,32.120
2026-07-23T01:11:29.616Z,usb,1,3612849267,125946,32242176,256,8000,32.120
2026-07-23T01:11:29.648Z,usb,1,3612849267,125947,32242432,256,8000,32.120
2026-07-23T01:11:29.680Z,usb,1,3612849267,125948,32242688,256,8000,32.120
2026-07-23T01:11:29.712Z,usb,1,3612849267,125949,32242944,256,8000,32.120
2026-07-23T01:11:29.744Z,usb,1,3612849267,125950,32243200,256,8000,32.120
2026-07-23T01:11:29.776Z,usb,1,3612849267,125951,32243456,256,8000,32.120
2026-07-23T01:11:29.808Z,usb,1,3612849267,125952,32243712,256,8000,32.120
2026-07-23T01:11:29.840Z,usb,1,3612849267,125953,32243968,256,8000,32.120
2026-07-23T01:11:29.873Z,usb,1,3612849267,125954,32244224,256,8000,32.120
2026-07-23T01:11:29.904Z,usb,1,3612849267,125955,32244480,256,8000,32.120
2026-07-23T01:11:29.937Z,usb,1,3612849267,125956,32244736,256,8000,32.120
2026-07-23T01:11:29.968Z,usb,1,3612849267,125957,32244992,256,8000,32.120
2026-07-23T01:11:30.000Z,usb,1,3612849267,125958,32245248,256,8000,32.120
2026-07-23T01:11:30.032Z,usb,1,3612849267,125959,32245504,256,8000,32.120
2026-07-23T01:11:30.064Z,usb,1,3612849267,125960,32245760,256,8000,32.120
2026-07-23T01:11:30.096Z,usb,1,3612849267,125961,32246016,256,8000,32.120
2026-07-23T01:11:30.128Z,usb,1,3612849267,125962,32246272,256,8000,32.120
2026-07-23T01:11:30.160Z,usb,1,3612849267,125963,32246528,256,8000,32.120
2026-07-23T01:11:30.192Z,usb,1,3612849267,125964,32246784,256,8000,32.120
2026-07-23T01:11:30.224Z,usb,1,3612849267,125965,32247040,256,8000,32.120
2026-07-23T01:11:30.256Z,usb,1,3612849267,125966,32247296,256,8000,32.120
2026-07-23T01:11:30.288Z,usb,1,3612849267,125967,32247552,256,8000,32.120
2026-07-23T01:11:30.320Z,usb,1,3612849267,125968,32247808,256,8000,32.120
2026-07-23T01:11:30.352Z,usb,1,3612849267,125969,32248064,256,8000,32.120
2026-07-23T01:11:30.384Z,usb,1,3612849267,125970,32248320,256,8000,32.120
2026-07-23T01:11:30.416Z,usb,1,3612849267,125971,32248576,256,8000,32.120
2026-07-23T01:11:30.448Z,usb,1,3612849267,125972,32248832,256,8000,32.120
2026-07-23T01:11:30.480Z,usb,1,3612849267,125973,32249088,256,8000,32.120
2026-07-23T01:11:30.512Z,usb,1,3612849267,125974,32249344,256,8000,32.120
2026-07-23T01:11:30.544Z,usb,1,3612849267,125975,32249600,256,8000,32.120
2026-07-23T01:11:30.576Z,usb,1,3612849267,125976,32249856,256,8000,32.120
2026-07-23T01:11:30.608Z,usb,1,3612849267,125977,32250112,256,8000,32.120
2026-07-23T01:11:30.640Z,usb,1,3612849267,125978,32250368,256,8000,32.120
2026-07-23T01:11:30.672Z,usb,1,3612849267,125979,32250624,256,8000,32.120
2026-07-23T01:11:30.704Z,usb,1,3612849267,125980,32250880,256,8000,32.120
2026-07-23T01:11:30.736Z,usb,1,3612849267,125981,32251136,256,8000,32.120
2026-07-23T01:11:30.768Z,usb,1,3612849267,125982,32251392,256,8000,32.120
2026-07-23T01:11:30.800Z,usb,1,3612849267,125983,32251648,256,8000,32.120
2026-07-23T01:11:30.832Z,usb,1,3612849267,125984,32251904,256,8000,32.120
2026-07-23T01:11:30.864Z,usb,1,3612849267,125985,32252160,256,8000,32.120
2026-07-23T01:11:30.896Z,usb,1,3612849267,125986,32252416,256,8000,32.120
2026-07-23T01:11:30.928Z,usb,1,3612849267,125987,32252672,256,8000,32.120
2026-07-23T01:11:30.961Z,usb,1,3612849267,125988,32252928,256,8000,32.120
2026-07-23T01:11:30.992Z,usb,1,3612849267,125989,32253184,256,8000,32.120
2026-07-23T01:11:31.024Z,usb,1,3612849267,125990,32253440,256,8000,32.120
2026-07-23T01:11:31.056Z,usb,1,3612849267,125991,32253696,256,8000,32.120
2026-07-23T01:11:31.088Z,usb,1,3612849267,125992,32253952,256,8000,32.120
2026-07-23T01:11:31.120Z,usb,1,3612849267,125993,32254208,256,8000,32.120
2026-07-23T01:11:31.152Z,usb,1,3612849267,125994,32254464,256,8000,32.120
2026-07-23T01:11:31.184Z,usb,1,3612849267,125995,32254720,256,8000,32.120
2026-07-23T01:11:31.216Z,usb,1,3612849267,125996,32254976,256,8000,32.120
2026-07-23T01:11:31.248Z,usb,1,3612849267,125997,32255232,256,8000,32.120
2026-07-23T01:11:31.280Z,usb,1,3612849267,125998,32255488,256,8000,32.120
2026-07-23T01:11:31.312Z,usb,1,3612849267,125999,32255744,256,8000,32.120
2026-07-23T01:11:31.344Z,usb,1,3612849267,126000,32256000,256,8000,32.120
2026-07-23T01:11:31.376Z,usb,1,3612849267,126001,32256256,256,8000,32.120
2026-07-23T01:11:31.408Z,usb,1,3612849267,126002,32256512,256,8000,32.120
2026-07-23T01:11:31.440Z,usb,1,3612849267,126003,32256768,256,8000,32.120
2026-07-23T01:11:31.472Z,usb,1,3612849267,126004,32257024,256,8000,32.120
2026-07-23T01:11:31.504Z,usb,1,3612849267,126005,32257280,256,8000,32.120
2026-07-23T01:11:31.536Z,usb,1,3612849267,126006,32257536,256,8000,32.120
2026-07-23T01:11:31.568Z,usb,1,3612849267,126007,32257792,256,8000,32.120
2026-07-23T01:11:31.600Z,usb,1,3612849267,126008,32258048,256,8000,32.120
2026-07-23T01:11:31.632Z,usb,1,3612849267,126009,32258304,256,8000,32.120
2026-07-23T01:11:31.664Z,usb,1,3612849267,126010,32258560,256,8000,32.120
2026-07-23T01:11:31.696Z,usb,1,3612849267,126011,32258816,256,8000,32.120
2026-07-23T01:11:31.728Z,usb,1,3612849267,126012,32259072,256,8000,32.120
2026-07-23T01:11:31.760Z,usb,1,3612849267,126013,32259328,256,8000,32.120
2026-07-23T01:11:31.792Z,usb,1,3612849267,126014,32259584,256,8000,32.120
2026-07-23T01:11:31.824Z,usb,1,3612849267,126015,32259840,256,8000,32.120
2026-07-23T01:11:31.856Z,usb,1,3612849267,126016,32260096,256,8000,32.120
2026-07-23T01:11:31.888Z,usb,1,3612849267,126017,32260352,256,8000,32.120
2026-07-23T01:11:31.920Z,usb,1,3612849267,126018,32260608,256,8000,32.120
2026-07-23T01:11:31.952Z,usb,1,3612849267,126019,32260864,256,8000,32.120
2026-07-23T01:11:31.985Z,usb,1,3612849267,126020,32261120,256,8000,32.120
2026-07-23T01:11:32.016Z,usb,1,3612849267,126021,32261376,256,8000,32.120
2026-07-23T01:11:32.048Z,usb,1,3612849267,126022,32261632,256,8000,32.120
2026-07-23T01:11:32.080Z,usb,1,3612849267,126023,32261888,256,8000,32.120
2026-07-23T01:11:32.112Z,usb,1,3612849267,126024,32262144,256,8000,32.120
2026-07-23T01:11:32.144Z,usb,1,3612849267,126025,32262400,256,8000,32.120
2026-07-23T01:11:32.176Z,usb,1,3612849267,126026,32262656,256,8000,32.120
2026-07-23T01:11:32.208Z,usb,1,3612849267,126027,32262912,256,8000,32.120
2026-07-23T01:11:32.240Z,usb,1,3612849267,126028,32263168,256,8000,32.120
2026-07-23T01:11:32.272Z,usb,1,3612849267,126029,32263424,256,8000,32.120
2026-07-23T01:11:32.304Z,usb,1,3612849267,126030,32263680,256,8000,32.120
2026-07-23T01:11:32.336Z,usb,1,3612849267,126031,32263936,256,8000,32.120
2026-07-23T01:11:32.368Z,usb,1,3612849267,126032,32264192,256,8000,32.120
2026-07-23T01:11:32.400Z,usb,1,3612849267,126033,32264448,256,8000,32.120
2026-07-23T01:11:32.432Z,usb,1,3612849267,126034,32264704,256,8000,32.120
2026-07-23T01:11:32.464Z,usb,1,3612849267,126035,32264960,256,8000,32.120
2026-07-23T01:11:32.496Z,usb,1,3612849267,126036,32265216,256,8000,32.120
2026-07-23T01:11:32.528Z,usb,1,3612849267,126037,32265472,256,8000,32.120
2026-07-23T01:11:32.560Z,usb,1,3612849267,126038,32265728,256,8000,32.120
2026-07-23T01:11:32.592Z,usb,1,3612849267,126039,32265984,256,8000,32.120
2026-07-23T01:11:32.624Z,usb,1,3612849267,126040,32266240,256,8000,32.120
2026-07-23T01:11:32.656Z,usb,1,3612849267,126041,32266496,256,8000,32.120
2026-07-23T01:11:32.688Z,usb,1,3612849267,126042,32266752,256,8000,32.120
2026-07-23T01:11:32.720Z,usb,1,3612849267,126043,32267008,256,8000,32.120
2026-07-23T01:11:32.752Z,usb,1,3612849267,126044,32267264,256,8000,32.120
2026-07-23T01:11:32.784Z,usb,1,3612849267,126045,32267520,256,8000,32.120
2026-07-23T01:11:32.816Z,usb,1,3612849267,126046,32267776,256,8000,32.120
2026-07-23T01:11:32.848Z,usb,1,3612849267,126047,32268032,256,8000,32.120
2026-07-23T01:11:32.880Z,usb,1,3612849267,126048,32268288,256,8000,32.120
2026-07-23T01:11:32.912Z,usb,1,3612849267,126049,32268544,256,8000,32.120
2026-07-23T01:11:32.944Z,usb,1,3612849267,126050,32268800,256,8000,32.120
2026-07-23T01:11:32.976Z,usb,1,3612849267,126051,32269056,256,8000,32.120
2026-07-23T01:11:33.009Z,usb,1,3612849267,126052,32269312,256,8000,32.120
2026-07-23T01:11:33.040Z,usb,1,3612849267,126053,32269568,256,8000,32.120
2026-07-23T01:11:33.072Z,usb,1,3612849267,126054,32269824,256,8000,32.120
2026-07-23T01:11:33.104Z,usb,1,3612849267,126055,32270080,256,8000,32.120
2026-07-23T01:11:33.136Z,usb,1,3612849267,126056,32270336,256,8000,32.120
2026-07-23T01:11:33.168Z,usb,1,3612849267,126057,32270592,256,8000,32.120
2026-07-23T01:11:33.200Z,usb,1,3612849267,126058,32270848,256,8000,32.120
2026-07-23T01:11:33.232Z,usb,1,3612849267,126059,32271104,256,8000,32.120
2026-07-23T01:11:33.264Z,usb,1,3612849267,126060,32271360,256,8000,32.120
2026-07-23T01:11:33.296Z,usb,1,3612849267,126061,32271616,256,8000,32.120
2026-07-23T01:11:33.328Z,usb,1,3612849267,126062,32271872,256,8000,32.120
2026-07-23T01:11:33.360Z,usb,1,3612849267,126063,32272128,256,8000,32.120
2026-07-23T01:11:33.392Z,usb,1,3612849267,126064,32272384,256,8000,32.120
2026-07-23T01:11:33.424Z,usb,1,3612849267,126065,32272640,256,8000,32.120
2026-07-23T01:11:33.456Z,usb,1,3612849267,126066,32272896,256,8000,32.120
2026-07-23T01:11:33.488Z,usb,1,3612849267,126067,32273152,256,8000,32.120
2026-07-23T01:11:33.520Z,usb,1,3612849267,126068,32273408,256,8000,32.120
2026-07-23T01:11:33.552Z,usb,1,3612849267,126069,32273664,256,8000,32.120
2026-07-23T01:11:33.584Z,usb,1,3612849267,126070,32273920,256,8000,32.120
2026-07-23T01:11:33.616Z,usb,1,3612849267,126071,32274176,256,8000,32.120
2026-07-23T01:11:33.648Z,usb,1,3612849267,126072,32274432,256,8000,32.120
2026-07-23T01:11:33.680Z,usb,1,3612849267,126073,32274688,256,8000,32.120
2026-07-23T01:11:33.712Z,usb,1,3612849267,126074,32274944,256,8000,32.120
2026-07-23T01:11:33.744Z,usb,1,3612849267,126075,32275200,256,8000,32.120
2026-07-23T01:11:33.776Z,usb,1,3612849267,126076,32275456,256,8000,32.120
2026-07-23T01:11:33.808Z,usb,1,3612849267,126077,32275712,256,8000,32.120
2026-07-23T01:11:33.840Z,usb,1,3612849267,126078,32275968,256,8000,32.120
2026-07-23T01:11:33.872Z,usb,1,3612849267,126079,32276224,256,8000,32.120
2026-07-23T01:11:33.904Z,usb,1,3612849267,126080,32276480,256,8000,32.120
2026-07-23T01:11:33.936Z,usb,1,3612849267,126081,32276736,256,8000,32.120
2026-07-23T01:11:33.968Z,usb,1,3612849267,126082,32276992,256,8000,32.120
2026-07-23T01:11:34.000Z,usb,1,3612849267,126083,32277248,256,8000,32.120
2026-07-23T01:11:34.033Z,usb,1,3612849267,126084,32277504,256,8000,32.120
2026-07-23T01:11:34.064Z,usb,1,3612849267,126085,32277760,256,8000,32.120
2026-07-23T01:11:34.096Z,usb,1,3612849267,126086,32278016,256,8000,32.120
2026-07-23T01:11:34.128Z,usb,1,3612849267,126087,32278272,256,8000,32.120
2026-07-23T01:11:34.160Z,usb,1,3612849267,126088,32278528,256,8000,32.120
2026-07-23T01:11:34.192Z,usb,1,3612849267,126089,32278784,256,8000,32.120
2026-07-23T01:11:34.224Z,usb,1,3612849267,126090,32279040,256,8000,32.120
2026-07-23T01:11:34.256Z,usb,1,3612849267,126091,32279296,256,8000,32.120
2026-07-23T01:11:34.288Z,usb,1,3612849267,126092,32279552,256,8000,32.120
2026-07-23T01:11:34.320Z,usb,1,3612849267,126093,32279808,256,8000,32.120
2026-07-23T01:11:34.352Z,usb,1,3612849267,126094,32280064,256,8000,32.120
2026-07-23T01:11:34.384Z,usb,1,3612849267,126095,32280320,256,8000,32.120
2026-07-23T01:11:34.416Z,usb,1,3612849267,126096,32280576,256,8000,32.120
2026-07-23T01:11:34.448Z,usb,1,3612849267,126097,32280832,256,8000,32.120
2026-07-23T01:11:34.480Z,usb,1,3612849267,126098,32281088,256,8000,32.120
2026-07-23T01:11:34.512Z,usb,1,3612849267,126099,32281344,256,8000,32.120
2026-07-23T01:11:34.544Z,usb,1,3612849267,126100,32281600,256,8000,32.120
2026-07-23T01:11:34.576Z,usb,1,3612849267,126101,32281856,256,8000,32.120
2026-07-23T01:11:34.609Z,usb,1,3612849267,126102,32282112,256,8000,32.120
2026-07-23T01:11:34.640Z,usb,1,3612849267,126103,32282368,256,8000,32.120
2026-07-23T01:11:34.672Z,usb,1,3612849267,126104,32282624,256,8000,32.120
2026-07-23T01:11:34.704Z,usb,1,3612849267,126105,32282880,256,8000,32.120
2026-07-23T01:11:34.736Z,usb,1,3612849267,126106,32283136,256,8000,32.120
2026-07-23T01:11:34.768Z,usb,1,3612849267,126107,32283392,256,8000,32.120
2026-07-23T01:11:34.800Z,usb,1,3612849267,126108,32283648,256,8000,32.120
2026-07-23T01:11:34.832Z,usb,1,3612849267,126109,32283904,256,8000,32.120
2026-07-23T01:11:34.864Z,usb,1,3612849267,126110,32284160,256,8000,32.120
2026-07-23T01:11:34.896Z,usb,1,3612849267,126111,32284416,256,8000,32.120
2026-07-23T01:11:34.928Z,usb,1,3612849267,126112,32284672,256,8000,32.120
2026-07-23T01:11:34.960Z,usb,1,3612849267,126113,32284928,256,8000,32.120
2026-07-23T01:11:34.992Z,usb,1,3612849267,126114,32285184,256,8000,32.120
2026-07-23T01:11:35.024Z,usb,1,3612849267,126115,32285440,256,8000,32.120
2026-07-23T01:11:35.057Z,usb,1,3612849267,126116,32285696,256,8000,32.120
2026-07-23T01:11:35.088Z,usb,1,3612849267,126117,32285952,256,8000,32.120
2026-07-23T01:11:35.120Z,usb,1,3612849267,126118,32286208,256,8000,32.120
2026-07-23T01:11:35.152Z,usb,1,3612849267,126119,32286464,256,8000,32.120
2026-07-23T01:11:35.184Z,usb,1,3612849267,126120,32286720,256,8000,32.120
2026-07-23T01:11:35.216Z,usb,1,3612849267,126121,32286976,256,8000,32.120
2026-07-23T01:11:35.248Z,usb,1,3612849267,126122,32287232,256,8000,32.120
2026-07-23T01:11:35.280Z,usb,1,3612849267,126123,32287488,256,8000,32.120
2026-07-23T01:11:35.312Z,usb,1,3612849267,126124,32287744,256,8000,32.120
2026-07-23T01:11:35.344Z,usb,1,3612849267,126125,32288000,256,8000,32.120
2026-07-23T01:11:35.376Z,usb,1,3612849267,126126,32288256,256,8000,32.120
2026-07-23T01:11:35.408Z,usb,1,3612849267,126127,32288512,256,8000,32.120
2026-07-23T01:11:35.440Z,usb,1,3612849267,126128,32288768,256,8000,32.120
2026-07-23T01:11:35.472Z,usb,1,3612849267,126129,32289024,256,8000,32.120
2026-07-23T01:11:35.504Z,usb,1,3612849267,126130,32289280,256,8000,32.120
2026-07-23T01:11:35.536Z,usb,1,3612849267,126131,32289536,256,8000,32.120
2026-07-23T01:11:35.568Z,usb,1,3612849267,126132,32289792,256,8000,32.120
2026-07-23T01:11:35.600Z,usb,1,3612849267,126133,32290048,256,8000,32.120
2026-07-23T01:11:35.632Z,usb,1,3612849267,126134,32290304,256,8000,32.120
2026-07-23T01:11:35.664Z,usb,1,3612849267,126135,32290560,256,8000,32.120
2026-07-23T01:11:35.696Z,usb,1,3612849267,126136,32290816,256,8000,32.120
2026-07-23T01:11:35.728Z,usb,1,3612849267,126137,32291072,256,8000,32.120
2026-07-23T01:11:35.760Z,usb,1,3612849267,126138,32291328,256,8000,32.120
2026-07-23T01:11:35.792Z,usb,1,3612849267,126139,32291584,256,8000,32.120
2026-07-23T01:11:35.824Z,usb,1,3612849267,126140,32291840,256,8000,32.120
2026-07-23T01:11:35.856Z,usb,1,3612849267,126141,32292096,256,8000,32.120
2026-07-23T01:11:35.888Z,usb,1,3612849267,126142,32292352,256,8000,32.120
2026-07-23T01:11:35.920Z,usb,1,3612849267,126143,32292608,256,8000,32.120
2026-07-23T01:11:35.953Z,usb,1,3612849267,126144,32292864,256,8000,32.120
2026-07-23T01:11:35.984Z,usb,1,3612849267,126145,32293120,256,8000,32.120
2026-07-23T01:11:36.016Z,usb,1,3612849267,126146,32293376,256,8000,32.120
2026-07-23T01:11:36.048Z,usb,1,3612849267,126147,32293632,256,8000,32.120
2026-07-23T01:11:36.081Z,usb,1,3612849267,126148,32293888,256,8000,32.120
2026-07-23T01:11:36.112Z,usb,1,3612849267,126149,32294144,256,8000,32.120
2026-07-23T01:11:36.144Z,usb,1,3612849267,126150,32294400,256,8000,32.120
2026-07-23T01:11:36.176Z,usb,1,3612849267,126151,32294656,256,8000,32.120
2026-07-23T01:11:36.208Z,usb,1,3612849267,126152,32294912,256,8000,32.120
2026-07-23T01:11:36.240Z,usb,1,3612849267,126153,32295168,256,8000,32.120
2026-07-23T01:11:36.272Z,usb,1,3612849267,126154,32295424,256,8000,32.120
2026-07-23T01:11:36.304Z,usb,1,3612849267,126155,32295680,256,8000,32.120
2026-07-23T01:11:36.336Z,usb,1,3612849267,126156,32295936,256,8000,32.120
2026-07-23T01:11:36.368Z,usb,1,3612849267,126157,32296192,256,8000,32.120
2026-07-23T01:11:36.400Z,usb,1,3612849267,126158,32296448,256,8000,32.120
2026-07-23T01:11:36.432Z,usb,1,3612849267,126159,32296704,256,8000,32.120
2026-07-23T01:11:36.464Z,usb,1,3612849267,126160,32296960,256,8000,32.120
2026-07-23T01:11:36.496Z,usb,1,3612849267,126161,32297216,256,8000,32.120
2026-07-23T01:11:36.528Z,usb,1,3612849267,126162,32297472,256,8000,32.120
2026-07-23T01:11:36.560Z,usb,1,3612849267,126163,32297728,256,8000,32.120
2026-07-23T01:11:36.592Z,usb,1,3612849267,126164,32297984,256,8000,32.120
2026-07-23T01:11:36.624Z,usb,1,3612849267,126165,32298240,256,8000,32.120
2026-07-23T01:11:36.656Z,usb,1,3612849267,126166,32298496,256,8000,32.120
2026-07-23T01:11:36.688Z,usb,1,3612849267,126167,32298752,256,8000,32.120
2026-07-23T01:11:36.720Z,usb,1,3612849267,126168,32299008,256,8000,32.120
2026-07-23T01:11:36.752Z,usb,1,3612849267,126169,32299264,256,8000,32.120
2026-07-23T01:11:36.784Z,usb,1,3612849267,126170,32299520,256,8000,32.120
2026-07-23T01:11:36.816Z,usb,1,3612849267,126171,32299776,256,8000,32.120
2026-07-23T01:11:36.848Z,usb,1,3612849267,126172,32300032,256,8000,32.120
2026-07-23T01:11:36.880Z,usb,1,3612849267,126173,32300288,256,8000,32.120
2026-07-23T01:11:36.912Z,usb,1,3612849267,126174,32300544,256,8000,32.120
2026-07-23T01:11:36.944Z,usb,1,3612849267,126175,32300800,256,8000,32.120
2026-07-23T01:11:36.976Z,usb,1,3612849267,126176,32301056,256,8000,32.120
2026-07-23T01:11:37.008Z,usb,1,3612849267,126177,32301312,256,8000,32.120
2026-07-23T01:11:37.040Z,usb,1,3612849267,126178,32301568,256,8000,32.120
2026-07-23T01:11:37.072Z,usb,1,3612849267,126179,32301824,256,8000,32.120
2026-07-23T01:11:37.105Z,usb,1,3612849267,126180,32302080,256,8000,32.130
2026-07-23T01:11:37.136Z,usb,1,3612849267,126181,32302336,256,8000,32.130
2026-07-23T01:11:37.168Z,usb,1,3612849267,126182,32302592,256,8000,32.130
2026-07-23T01:11:37.200Z,usb,1,3612849267,126183,32302848,256,8000,32.130
2026-07-23T01:11:37.232Z,usb,1,3612849267,126184,32303104,256,8000,32.130
2026-07-23T01:11:37.264Z,usb,1,3612849267,126185,32303360,256,8000,32.130
2026-07-23T01:11:37.296Z,usb,1,3612849267,126186,32303616,256,8000,32.130
2026-07-23T01:11:37.328Z,usb,1,3612849267,126187,32303872,256,8000,32.130
2026-07-23T01:11:37.360Z,usb,1,3612849267,126188,32304128,256,8000,32.130
2026-07-23T01:11:37.392Z,usb,1,3612849267,126189,32304384,256,8000,32.130
2026-07-23T01:11:37.424Z,usb,1,3612849267,126190,32304640,256,8000,32.130
2026-07-23T01:11:37.456Z,usb,1,3612849267,126191,32304896,256,8000,32.130
2026-07-23T01:11:37.488Z,usb,1,3612849267,126192,32305152,256,8000,32.130
2026-07-23T01:11:37.520Z,usb,1,3612849267,126193,32305408,256,8000,32.130
2026-07-23T01:11:37.552Z,usb,1,3612849267,126194,32305664,256,8000,32.130
2026-07-23T01:11:37.584Z,usb,1,3612849267,126195,32305920,256,8000,32.130
2026-07-23T01:11:37.616Z,usb,1,3612849267,126196,32306176,256,8000,32.130
2026-07-23T01:11:37.648Z,usb,1,3612849267,126197,32306432,256,8000,32.130
2026-07-23T01:11:37.680Z,usb,1,3612849267,126198,32306688,256,8000,32.130
2026-07-23T01:11:37.712Z,usb,1,3612849267,126199,32306944,256,8000,32.130
2026-07-23T01:11:37.744Z,usb,1,3612849267,126200,32307200,256,8000,32.130
2026-07-23T01:11:37.776Z,usb,1,3612849267,126201,32307456,256,8000,32.130
2026-07-23T01:11:37.808Z,usb,1,3612849267,126202,32307712,256,8000,32.130
2026-07-23T01:11:37.840Z,usb,1,3612849267,126203,32307968,256,8000,32.130
2026-07-23T01:11:37.872Z,usb,1,3612849267,126204,32308224,256,8000,32.130
2026-07-23T01:11:37.904Z,usb,1,3612849267,126205,32308480,256,8000,32.130
2026-07-23T01:11:37.936Z,usb,1,3612849267,126206,32308736,256,8000,32.130
2026-07-23T01:11:37.968Z,usb,1,3612849267,126207,32308992,256,8000,32.130
2026-07-23T01:11:38.000Z,usb,1,3612849267,126208,32309248,256,8000,32.130
2026-07-23T01:11:38.032Z,usb,1,3612849267,126209,32309504,256,8000,32.130
2026-07-23T01:11:38.064Z,usb,1,3612849267,126210,32309760,256,8000,32.130
2026-07-23T01:11:38.096Z,usb,1,3612849267,126211,32310016,256,8000,32.130
2026-07-23T01:11:38.129Z,usb,1,3612849267,126212,32310272,256,8000,32.130
2026-07-23T01:11:38.160Z,usb,1,3612849267,126213,32310528,256,8000,32.130
2026-07-23T01:11:38.192Z,usb,1,3612849267,126214,32310784,256,8000,32.130
2026-07-23T01:11:38.224Z,usb,1,3612849267,126215,32311040,256,8000,32.130
2026-07-23T01:11:38.256Z,usb,1,3612849267,126216,32311296,256,8000,32.130
2026-07-23T01:11:38.288Z,usb,1,3612849267,126217,32311552,256,8000,32.130
2026-07-23T01:11:38.320Z,usb,1,3612849267,126218,32311808,256,8000,32.130
2026-07-23T01:11:38.352Z,usb,1,3612849267,126219,32312064,256,8000,32.130
2026-07-23T01:11:38.385Z,usb,1,3612849267,126220,32312320,256,8000,32.130
2026-07-23T01:11:38.416Z,usb,1,3612849267,126221,32312576,256,8000,32.130
2026-07-23T01:11:38.448Z,usb,1,3612849267,126222,32312832,256,8000,32.130
2026-07-23T01:11:38.480Z,usb,1,3612849267,126223,32313088,256,8000,32.130
2026-07-23T01:11:38.512Z,usb,1,3612849267,126224,32313344,256,8000,32.130
2026-07-23T01:11:38.545Z,usb,1,3612849267,126225,32313600,256,8000,32.130
2026-07-23T01:11:38.576Z,usb,1,3612849267,126226,32313856,256,8000,32.130
2026-07-23T01:11:38.608Z,usb,1,3612849267,126227,32314112,256,8000,32.130
2026-07-23T01:11:38.640Z,usb,1,3612849267,126228,32314368,256,8000,32.130
2026-07-23T01:11:38.672Z,usb,1,3612849267,126229,32314624,256,8000,32.130
2026-07-23T01:11:38.704Z,usb,1,3612849267,126230,32314880,256,8000,32.130
2026-07-23T01:11:38.736Z,usb,1,3612849267,126231,32315136,256,8000,32.130
2026-07-23T01:11:38.768Z,usb,1,3612849267,126232,32315392,256,8000,32.130
2026-07-23T01:11:38.800Z,usb,1,3612849267,126233,32315648,256,8000,32.130
2026-07-23T01:11:38.832Z,usb,1,3612849267,126234,32315904,256,8000,32.130
2026-07-23T01:11:38.864Z,usb,1,3612849267,126235,32316160,256,8000,32.130
2026-07-23T01:11:38.896Z,usb,1,3612849267,126236,32316416,256,8000,32.130
2026-07-23T01:11:38.928Z,usb,1,3612849267,126237,32316672,256,8000,32.130
2026-07-23T01:11:38.960Z,usb,1,3612849267,126238,32316928,256,8000,32.130
2026-07-23T01:11:38.992Z,usb,1,3612849267,126239,32317184,256,8000,32.130
2026-07-23T01:11:39.024Z,usb,1,3612849267,126240,32317440,256,8000,32.130
2026-07-23T01:11:39.056Z,usb,1,3612849267,126241,32317696,256,8000,32.130
2026-07-23T01:11:39.088Z,usb,1,3612849267,126242,32317952,256,8000,32.130
2026-07-23T01:11:39.120Z,usb,1,3612849267,126243,32318208,256,8000,32.130
2026-07-23T01:11:39.153Z,usb,1,3612849267,126244,32318464,256,8000,32.130
2026-07-23T01:11:39.184Z,usb,1,3612849267,126245,32318720,256,8000,32.130
2026-07-23T01:11:39.216Z,usb,1,3612849267,126246,32318976,256,8000,32.130
2026-07-23T01:11:39.248Z,usb,1,3612849267,126247,32319232,256,8000,32.130
2026-07-23T01:11:39.280Z,usb,1,3612849267,126248,32319488,256,8000,32.130
2026-07-23T01:11:39.312Z,usb,1,3612849267,126249,32319744,256,8000,32.130
2026-07-23T01:11:39.344Z,usb,1,3612849267,126250,32320000,256,8000,32.130
2026-07-23T01:11:39.376Z,usb,1,3612849267,126251,32320256,256,8000,32.130
2026-07-23T01:11:39.408Z,usb,1,3612849267,126252,32320512,256,8000,32.130
2026-07-23T01:11:39.440Z,usb,1,3612849267,126253,32320768,256,8000,32.130
2026-07-23T01:11:39.472Z,usb,1,3612849267,126254,32321024,256,8000,32.130
2026-07-23T01:11:39.504Z,usb,1,3612849267,126255,32321280,256,8000,32.130
2026-07-23T01:11:39.536Z,usb,1,3612849267,126256,32321536,256,8000,32.130
2026-07-23T01:11:39.568Z,usb,1,3612849267,126257,32321792,256,8000,32.130
2026-07-23T01:11:39.600Z,usb,1,3612849267,126258,32322048,256,8000,32.130
2026-07-23T01:11:39.632Z,usb,1,3612849267,126259,32322304,256,8000,32.130
2026-07-23T01:11:39.664Z,usb,1,3612849267,126260,32322560,256,8000,32.130
2026-07-23T01:11:39.696Z,usb,1,3612849267,126261,32322816,256,8000,32.130
2026-07-23T01:11:39.728Z,usb,1,3612849267,126262,32323072,256,8000,32.130
2026-07-23T01:11:39.760Z,usb,1,3612849267,126263,32323328,256,8000,32.130
2026-07-23T01:11:39.792Z,usb,1,3612849267,126264,32323584,256,8000,32.130
2026-07-23T01:11:39.824Z,usb,1,3612849267,126265,32323840,256,8000,32.130
2026-07-23T01:11:39.856Z,usb,1,3612849267,126266,32324096,256,8000,32.130
2026-07-23T01:11:39.888Z,usb,1,3612849267,126267,32324352,256,8000,32.130
2026-07-23T01:11:39.920Z,usb,1,3612849267,126268,32324608,256,8000,32.130
2026-07-23T01:11:39.952Z,usb,1,3612849267,126269,32324864,256,8000,32.130
2026-07-23T01:11:39.984Z,usb,1,3612849267,126270,32325120,256,8000,32.130
2026-07-23T01:11:40.016Z,usb,1,3612849267,126271,32325376,256,8000,32.130
2026-07-23T01:11:40.048Z,usb,1,3612849267,126272,32325632,256,8000,32.130
2026-07-23T01:11:40.080Z,usb,1,3612849267,126273,32325888,256,8000,32.130
2026-07-23T01:11:40.112Z,usb,1,3612849267,126274,32326144,256,8000,32.130
2026-07-23T01:11:40.144Z,usb,1,3612849267,126275,32326400,256,8000,32.130
2026-07-23T01:11:40.177Z,usb,1,3612849267,126276,32326656,256,8000,32.130
2026-07-23T01:11:40.208Z,usb,1,3612849267,126277,32326912,256,8000,32.130
2026-07-23T01:11:40.241Z,usb,1,3612849267,126278,32327168,256,8000,32.130
2026-07-23T01:11:40.272Z,usb,1,3612849267,126279,32327424,256,8000,32.130
2026-07-23T01:11:40.304Z,usb,1,3612849267,126280,32327680,256,8000,32.130
2026-07-23T01:11:40.336Z,usb,1,3612849267,126281,32327936,256,8000,32.130
2026-07-23T01:11:40.368Z,usb,1,3612849267,126282,32328192,256,8000,32.130
2026-07-23T01:11:40.400Z,usb,1,3612849267,126283,32328448,256,8000,32.130
2026-07-23T01:11:40.432Z,usb,1,3612849267,126284,32328704,256,8000,32.130
2026-07-23T01:11:40.464Z,usb,1,3612849267,126285,32328960,256,8000,32.130
2026-07-23T01:11:40.496Z,usb,1,3612849267,126286,32329216,256,8000,32.130
2026-07-23T01:11:40.528Z,usb,1,3612849267,126287,32329472,256,8000,32.130
2026-07-23T01:11:40.560Z,usb,1,3612849267,126288,32329728,256,8000,32.130
2026-07-23T01:11:40.592Z,usb,1,3612849267,126289,32329984,256,8000,32.130
2026-07-23T01:11:40.624Z,usb,1,3612849267,126290,32330240,256,8000,32.130
2026-07-23T01:11:40.656Z,usb,1,3612849267,126291,32330496,256,8000,32.130
2026-07-23T01:11:40.688Z,usb,1,3612849267,126292,32330752,256,8000,32.130
2026-07-23T01:11:40.720Z,usb,1,3612849267,126293,32331008,256,8000,32.130
2026-07-23T01:11:40.752Z,usb,1,3612849267,126294,32331264,256,8000,32.130
2026-07-23T01:11:40.784Z,usb,1,3612849267,126295,32331520,256,8000,32.130
2026-07-23T01:11:40.816Z,usb,1,3612849267,126296,32331776,256,8000,32.130
2026-07-23T01:11:40.848Z,usb,1,3612849267,126297,32332032,256,8000,32.130
2026-07-23T01:11:40.880Z,usb,1,3612849267,126298,32332288,256,8000,32.130
2026-07-23T01:11:40.912Z,usb,1,3612849267,126299,32332544,256,8000,32.130
2026-07-23T01:11:40.944Z,usb,1,3612849267,126300,32332800,256,8000,32.130
2026-07-23T01:11:40.976Z,usb,1,3612849267,126301,32333056,256,8000,32.130
2026-07-23T01:11:41.008Z,usb,1,3612849267,126302,32333312,256,8000,32.130
2026-07-23T01:11:41.040Z,usb,1,3612849267,126303,32333568,256,8000,32.130
2026-07-23T01:11:41.072Z,usb,1,3612849267,126304,32333824,256,8000,32.130
2026-07-23T01:11:41.104Z,usb,1,3612849267,126305,32334080,256,8000,32.130
2026-07-23T01:11:41.136Z,usb,1,3612849267,126306,32334336,256,8000,32.130
2026-07-23T01:11:41.168Z,usb,1,3612849267,126307,32334592,256,8000,32.130
2026-07-23T01:11:41.201Z,usb,1,3612849267,126308,32334848,256,8000,32.130
2026-07-23T01:11:41.232Z,usb,1,3612849267,126309,32335104,256,8000,32.130
2026-07-23T01:11:41.264Z,usb,1,3612849267,126310,32335360,256,8000,32.130
2026-07-23T01:11:41.296Z,usb,1,3612849267,126311,32335616,256,8000,32.130
2026-07-23T01:11:41.328Z,usb,1,3612849267,126312,32335872,256,8000,32.130
2026-07-23T01:11:41.360Z,usb,1,3612849267,126313,32336128,256,8000,32.130
2026-07-23T01:11:41.392Z,usb,1,3612849267,126314,32336384,256,8000,32.130
2026-07-23T01:11:41.424Z,usb,1,3612849267,126315,32336640,256,8000,32.130
2026-07-23T01:11:41.456Z,usb,1,3612849267,126316,32336896,256,8000,32.130
2026-07-23T01:11:41.488Z,usb,1,3612849267,126317,32337152,256,8000,32.130
2026-07-23T01:11:41.520Z,usb,1,3612849267,126318,32337408,256,8000,32.130
2026-07-23T01:11:41.552Z,usb,1,3612849267,126319,32337664,256,8000,32.130
2026-07-23T01:11:41.584Z,usb,1,3612849267,126320,32337920,256,8000,32.130
2026-07-23T01:11:41.616Z,usb,1,3612849267,126321,32338176,256,8000,32.130
2026-07-23T01:11:41.648Z,usb,1,3612849267,126322,32338432,256,8000,32.130
2026-07-23T01:11:41.680Z,usb,1,3612849267,126323,32338688,256,8000,32.130
2026-07-23T01:11:41.712Z,usb,1,3612849267,126324,32338944,256,8000,32.130
2026-07-23T01:11:41.744Z,usb,1,3612849267,126325,32339200,256,8000,32.130
2026-07-23T01:11:41.776Z,usb,1,3612849267,126326,32339456,256,8000,32.130
2026-07-23T01:11:41.808Z,usb,1,3612849267,126327,32339712,256,8000,32.130
2026-07-23T01:11:41.840Z,usb,1,3612849267,126328,32339968,256,8000,32.130
2026-07-23T01:11:41.872Z,usb,1,3612849267,126329,32340224,256,8000,32.130
2026-07-23T01:11:41.904Z,usb,1,3612849267,126330,32340480,256,8000,32.130
2026-07-23T01:11:41.936Z,usb,1,3612849267,126331,32340736,256,8000,32.130
2026-07-23T01:11:41.968Z,usb,1,3612849267,126332,32340992,256,8000,32.130
2026-07-23T01:11:42.000Z,usb,1,3612849267,126333,32341248,256,8000,32.130
2026-07-23T01:11:42.032Z,usb,1,3612849267,126334,32341504,256,8000,32.130
2026-07-23T01:11:42.064Z,usb,1,3612849267,126335,32341760,256,8000,32.130
2026-07-23T01:11:42.096Z,usb,1,3612849267,126336,32342016,256,8000,32.130
2026-07-23T01:11:42.128Z,usb,1,3612849267,126337,32342272,256,8000,32.130
2026-07-23T01:11:42.160Z,usb,1,3612849267,126338,32342528,256,8000,32.130
2026-07-23T01:11:42.192Z,usb,1,3612849267,126339,32342784,256,8000,32.130
2026-07-23T01:11:42.225Z,usb,1,3612849267,126340,32343040,256,8000,32.130
2026-07-23T01:11:42.256Z,usb,1,3612849267,126341,32343296,256,8000,32.130
2026-07-23T01:11:42.288Z,usb,1,3612849267,126342,32343552,256,8000,32.130
2026-07-23T01:11:42.320Z,usb,1,3612849267,126343,32343808,256,8000,32.130
2026-07-23T01:11:42.352Z,usb,1,3612849267,126344,32344064,256,8000,32.130
2026-07-23T01:11:42.384Z,usb,1,3612849267,126345,32344320,256,8000,32.130
2026-07-23T01:11:42.416Z,usb,1,3612849267,126346,32344576,256,8000,32.130
2026-07-23T01:11:42.448Z,usb,1,3612849267,126347,32344832,256,8000,32.130
2026-07-23T01:11:42.480Z,usb,1,3612849267,126348,32345088,256,8000,32.130
2026-07-23T01:11:42.512Z,usb,1,3612849267,126349,32345344,256,8000,32.130
2026-07-23T01:11:42.544Z,usb,1,3612849267,126350,32345600,256,8000,32.130
2026-07-23T01:11:42.576Z,usb,1,3612849267,126351,32345856,256,8000,32.130
2026-07-23T01:11:42.608Z,usb,1,3612849267,126352,32346112,256,8000,32.130
2026-07-23T01:11:42.640Z,usb,1,3612849267,126353,32346368,256,8000,32.130
2026-07-23T01:11:42.672Z,usb,1,3612849267,126354,32346624,256,8000,32.130
2026-07-23T01:11:42.704Z,usb,1,3612849267,126355,32346880,256,8000,32.130
2026-07-23T01:11:42.736Z,usb,1,3612849267,126356,32347136,256,8000,32.130
2026-07-23T01:11:42.768Z,usb,1,3612849267,126357,32347392,256,8000,32.130
2026-07-23T01:11:42.800Z,usb,1,3612849267,126358,32347648,256,8000,32.130
2026-07-23T01:11:42.832Z,usb,1,3612849267,126359,32347904,256,8000,32.130
2026-07-23T01:11:42.864Z,usb,1,3612849267,126360,32348160,256,8000,32.130
2026-07-23T01:11:42.896Z,usb,1,3612849267,126361,32348416,256,8000,32.130
2026-07-23T01:11:42.928Z,usb,1,3612849267,126362,32348672,256,8000,32.130
2026-07-23T01:11:42.960Z,usb,1,3612849267,126363,32348928,256,8000,32.130
2026-07-23T01:11:42.992Z,usb,1,3612849267,126364,32349184,256,8000,32.130
2026-07-23T01:11:43.024Z,usb,1,3612849267,126365,32349440,256,8000,32.130
2026-07-23T01:11:43.056Z,usb,1,3612849267,126366,32349696,256,8000,32.130
2026-07-23T01:11:43.088Z,usb,1,3612849267,126367,32349952,256,8000,32.130
2026-07-23T01:11:43.120Z,usb,1,3612849267,126368,32350208,256,8000,32.130
2026-07-23T01:11:43.152Z,usb,1,3612849267,126369,32350464,256,8000,32.130
2026-07-23T01:11:43.184Z,usb,1,3612849267,126370,32350720,256,8000,32.130
2026-07-23T01:11:43.216Z,usb,1,3612849267,126371,32350976,256,8000,32.130
2026-07-23T01:11:43.249Z,usb,1,3612849267,126372,32351232,256,8000,32.130
2026-07-23T01:11:43.280Z,usb,1,3612849267,126373,32351488,256,8000,32.130
2026-07-23T01:11:43.312Z,usb,1,3612849267,126374,32351744,256,8000,32.130
2026-07-23T01:11:43.344Z,usb,1,3612849267,126375,32352000,256,8000,32.130
2026-07-23T01:11:43.376Z,usb,1,3612849267,126376,32352256,256,8000,32.130
2026-07-23T01:11:43.408Z,usb,1,3612849267,126377,32352512,256,8000,32.130
2026-07-23T01:11:43.440Z,usb,1,3612849267,126378,32352768,256,8000,32.130
2026-07-23T01:11:43.472Z,usb,1,3612849267,126379,32353024,256,8000,32.130
2026-07-23T01:11:43.504Z,usb,1,3612849267,126380,32353280,256,8000,32.130
2026-07-23T01:11:43.536Z,usb,1,3612849267,126381,32353536,256,8000,32.130
2026-07-23T01:11:43.568Z,usb,1,3612849267,126382,32353792,256,8000,32.130
2026-07-23T01:11:43.600Z,usb,1,3612849267,126383,32354048,256,8000,32.130
2026-07-23T01:11:43.632Z,usb,1,3612849267,126384,32354304,256,8000,32.130
2026-07-23T01:11:43.664Z,usb,1,3612849267,126385,32354560,256,8000,32.130
2026-07-23T01:11:43.696Z,usb,1,3612849267,126386,32354816,256,8000,32.130
2026-07-23T01:11:43.728Z,usb,1,3612849267,126387,32355072,256,8000,32.130
2026-07-23T01:11:43.760Z,usb,1,3612849267,126388,32355328,256,8000,32.130
2026-07-23T01:11:43.792Z,usb,1,3612849267,126389,32355584,256,8000,32.130
2026-07-23T01:11:43.824Z,usb,1,3612849267,126390,32355840,256,8000,32.130
2026-07-23T01:11:43.856Z,usb,1,3612849267,126391,32356096,256,8000,32.130
2026-07-23T01:11:43.888Z,usb,1,3612849267,126392,32356352,256,8000,32.130
2026-07-23T01:11:43.920Z,usb,1,3612849267,126393,32356608,256,8000,32.130
2026-07-23T01:11:43.952Z,usb,1,3612849267,126394,32356864,256,8000,32.130
2026-07-23T01:11:43.984Z,usb,1,3612849267,126395,32357120,256,8000,32.130
2026-07-23T01:11:44.016Z,usb,1,3612849267,126396,32357376,256,8000,32.130
2026-07-23T01:11:44.048Z,usb,1,3612849267,126397,32357632,256,8000,32.130
2026-07-23T01:11:44.080Z,usb,1,3612849267,126398,32357888,256,8000,32.130
2026-07-23T01:11:44.112Z,usb,1,3612849267,126399,32358144,256,8000,32.130
2026-07-23T01:11:44.144Z,usb,1,3612849267,126400,32358400,256,8000,32.130
2026-07-23T01:11:44.176Z,usb,1,3612849267,126401,32358656,256,8000,32.130
2026-07-23T01:11:44.208Z,usb,1,3612849267,126402,32358912,256,8000,32.130
2026-07-23T01:11:44.240Z,usb,1,3612849267,126403,32359168,256,8000,32.130
2026-07-23T01:11:44.273Z,usb,1,3612849267,126404,32359424,256,8000,32.120
2026-07-23T01:11:44.304Z,usb,1,3612849267,126405,32359680,256,8000,32.120
2026-07-23T01:11:44.336Z,usb,1,3612849267,126406,32359936,256,8000,32.120
2026-07-23T01:11:44.368Z,usb,1,3612849267,126407,32360192,256,8000,32.120
2026-07-23T01:11:44.400Z,usb,1,3612849267,126408,32360448,256,8000,32.120
2026-07-23T01:11:44.432Z,usb,1,3612849267,126409,32360704,256,8000,32.120
2026-07-23T01:11:44.464Z,usb,1,3612849267,126410,32360960,256,8000,32.120
2026-07-23T01:11:44.496Z,usb,1,3612849267,126411,32361216,256,8000,32.120
2026-07-23T01:11:44.528Z,usb,1,3612849267,126412,32361472,256,8000,32.120
2026-07-23T01:11:44.560Z,usb,1,3612849267,126413,32361728,256,8000,32.120
2026-07-23T01:11:44.592Z,usb,1,3612849267,126414,32361984,256,8000,32.120
2026-07-23T01:11:44.624Z,usb,1,3612849267,126415,32362240,256,8000,32.120
2026-07-23T01:11:44.656Z,usb,1,3612849267,126416,32362496,256,8000,32.120
2026-07-23T01:11:44.688Z,usb,1,3612849267,126417,32362752,256,8000,32.120
2026-07-23T01:11:44.720Z,usb,1,3612849267,126418,32363008,256,8000,32.120
2026-07-23T01:11:44.752Z,usb,1,3612849267,126419,32363264,256,8000,32.120
2026-07-23T01:11:44.784Z,usb,1,3612849267,126420,32363520,256,8000,32.120
2026-07-23T01:11:44.816Z,usb,1,3612849267,126421,32363776,256,8000,32.120
2026-07-23T01:11:44.848Z,usb,1,3612849267,126422,32364032,256,8000,32.120
2026-07-23T01:11:44.880Z,usb,1,3612849267,126423,32364288,256,8000,32.120
2026-07-23T01:11:44.912Z,usb,1,3612849267,126424,32364544,256,8000,32.120
2026-07-23T01:11:44.944Z,usb,1,3612849267,126425,32364800,256,8000,32.120
2026-07-23T01:11:44.976Z,usb,1,3612849267,126426,32365056,256,8000,32.120
2026-07-23T01:11:45.008Z,usb,1,3612849267,126427,32365312,256,8000,32.120
2026-07-23T01:11:45.040Z,usb,1,3612849267,126428,32365568,256,8000,32.120
2026-07-23T01:11:45.072Z,usb,1,3612849267,126429,32365824,256,8000,32.120
2026-07-23T01:11:45.104Z,usb,1,3612849267,126430,32366080,256,8000,32.120
2026-07-23T01:11:45.136Z,usb,1,3612849267,126431,32366336,256,8000,32.120
2026-07-23T01:11:45.168Z,usb,1,3612849267,126432,32366592,256,8000,32.120
2026-07-23T01:11:45.200Z,usb,1,3612849267,126433,32366848,256,8000,32.120
2026-07-23T01:11:45.232Z,usb,1,3612849267,126434,32367104,256,8000,32.120
2026-07-23T01:11:45.264Z,usb,1,3612849267,126435,32367360,256,8000,32.120
2026-07-23T01:11:45.297Z,usb,1,3612849267,126436,32367616,256,8000,32.130
2026-07-23T01:11:45.328Z,usb,1,3612849267,126437,32367872,256,8000,32.130
2026-07-23T01:11:45.360Z,usb,1,3612849267,126438,32368128,256,8000,32.130
2026-07-23T01:11:45.392Z,usb,1,3612849267,126439,32368384,256,8000,32.130
2026-07-23T01:11:45.424Z,usb,1,3612849267,126440,32368640,256,8000,32.130
2026-07-23T01:11:45.456Z,usb,1,3612849267,126441,32368896,256,8000,32.130
2026-07-23T01:11:45.488Z,usb,1,3612849267,126442,32369152,256,8000,32.130
2026-07-23T01:11:45.520Z,usb,1,3612849267,126443,32369408,256,8000,32.130
2026-07-23T01:11:45.552Z,usb,1,3612849267,126444,32369664,256,8000,32.130
2026-07-23T01:11:45.584Z,usb,1,3612849267,126445,32369920,256,8000,32.130
2026-07-23T01:11:45.616Z,usb,1,3612849267,126446,32370176,256,8000,32.130
2026-07-23T01:11:45.648Z,usb,1,3612849267,126447,32370432,256,8000,32.130
2026-07-23T01:11:45.680Z,usb,1,3612849267,126448,32370688,256,8000,32.130
2026-07-23T01:11:45.712Z,usb,1,3612849267,126449,32370944,256,8000,32.130
2026-07-23T01:11:45.744Z,usb,1,3612849267,126450,32371200,256,8000,32.130
2026-07-23T01:11:45.776Z,usb,1,3612849267,126451,32371456,256,8000,32.130
2026-07-23T01:11:45.808Z,usb,1,3612849267,126452,32371712,256,8000,32.130
2026-07-23T01:11:45.840Z,usb,1,3612849267,126453,32371968,256,8000,32.130
2026-07-23T01:11:45.872Z,usb,1,3612849267,126454,32372224,256,8000,32.130
2026-07-23T01:11:45.904Z,usb,1,3612849267,126455,32372480,256,8000,32.130
2026-07-23T01:11:45.936Z,usb,1,3612849267,126456,32372736,256,8000,32.130
2026-07-23T01:11:45.968Z,usb,1,3612849267,126457,32372992,256,8000,32.130
2026-07-23T01:11:46.000Z,usb,1,3612849267,126458,32373248,256,8000,32.130
2026-07-23T01:11:46.032Z,usb,1,3612849267,126459,32373504,256,8000,32.130
2026-07-23T01:11:46.064Z,usb,1,3612849267,126460,32373760,256,8000,32.130
2026-07-23T01:11:46.096Z,usb,1,3612849267,126461,32374016,256,8000,32.130
2026-07-23T01:11:46.128Z,usb,1,3612849267,126462,32374272,256,8000,32.130
2026-07-23T01:11:46.160Z,usb,1,3612849267,126463,32374528,256,8000,32.130
2026-07-23T01:11:46.192Z,usb,1,3612849267,126464,32374784,256,8000,32.130
2026-07-23T01:11:46.224Z,usb,1,3612849267,126465,32375040,256,8000,32.130
2026-07-23T01:11:46.256Z,usb,1,3612849267,126466,32375296,256,8000,32.130
2026-07-23T01:11:46.288Z,usb,1,3612849267,126467,32375552,256,8000,32.130
2026-07-23T01:11:46.321Z,usb,1,3612849267,126468,32375808,256,8000,32.130
2026-07-23T01:11:46.352Z,usb,1,3612849267,126469,32376064,256,8000,32.130
2026-07-23T01:11:46.384Z,usb,1,3612849267,126470,32376320,256,8000,32.130
2026-07-23T01:11:46.416Z,usb,1,3612849267,126471,32376576,256,8000,32.130
2026-07-23T01:11:46.448Z,usb,1,3612849267,126472,32376832,256,8000,32.130
2026-07-23T01:11:46.480Z,usb,1,3612849267,126473,32377088,256,8000,32.130
2026-07-23T01:11:46.512Z,usb,1,3612849267,126474,32377344,256,8000,32.130
2026-07-23T01:11:46.544Z,usb,1,3612849267,126475,32377600,256,8000,32.130
2026-07-23T01:11:46.576Z,usb,1,3612849267,126476,32377856,256,8000,32.130
2026-07-23T01:11:46.608Z,usb,1,3612849267,126477,32378112,256,8000,32.130
2026-07-23T01:11:46.640Z,usb,1,3612849267,126478,32378368,256,8000,32.130
2026-07-23T01:11:46.672Z,usb,1,3612849267,126479,32378624,256,8000,32.130
2026-07-23T01:11:46.704Z,usb,1,3612849267,126480,32378880,256,8000,32.130
2026-07-23T01:11:46.736Z,usb,1,3612849267,126481,32379136,256,8000,32.130
2026-07-23T01:11:46.768Z,usb,1,3612849267,126482,32379392,256,8000,32.130
2026-07-23T01:11:46.800Z,usb,1,3612849267,126483,32379648,256,8000,32.130
2026-07-23T01:11:46.832Z,usb,1,3612849267,126484,32379904,256,8000,32.130
2026-07-23T01:11:46.864Z,usb,1,3612849267,126485,32380160,256,8000,32.130
2026-07-23T01:11:46.896Z,usb,1,3612849267,126486,32380416,256,8000,32.130
2026-07-23T01:11:46.928Z,usb,1,3612849267,126487,32380672,256,8000,32.130
2026-07-23T01:11:46.960Z,usb,1,3612849267,126488,32380928,256,8000,32.130
2026-07-23T01:11:46.992Z,usb,1,3612849267,126489,32381184,256,8000,32.130
2026-07-23T01:11:47.024Z,usb,1,3612849267,126490,32381440,256,8000,32.130
2026-07-23T01:11:47.056Z,usb,1,3612849267,126491,32381696,256,8000,32.130
2026-07-23T01:11:47.088Z,usb,1,3612849267,126492,32381952,256,8000,32.130
2026-07-23T01:11:47.120Z,usb,1,3612849267,126493,32382208,256,8000,32.130
2026-07-23T01:11:47.152Z,usb,1,3612849267,126494,32382464,256,8000,32.130
2026-07-23T01:11:47.184Z,usb,1,3612849267,126495,32382720,256,8000,32.130
2026-07-23T01:11:47.216Z,usb,1,3612849267,126496,32382976,256,8000,32.130
2026-07-23T01:11:47.248Z,usb,1,3612849267,126497,32383232,256,8000,32.130
2026-07-23T01:11:47.280Z,usb,1,3612849267,126498,32383488,256,8000,32.130
2026-07-23T01:11:47.312Z,usb,1,3612849267,126499,32383744,256,8000,32.130
2026-07-23T01:11:47.345Z,usb,1,3612849267,126500,32384000,256,8000,32.130
2026-07-23T01:11:47.376Z,usb,1,3612849267,126501,32384256,256,8000,32.130
2026-07-23T01:11:47.408Z,usb,1,3612849267,126502,32384512,256,8000,32.130
2026-07-23T01:11:47.440Z,usb,1,3612849267,126503,32384768,256,8000,32.130
2026-07-23T01:11:47.472Z,usb,1,3612849267,126504,32385024,256,8000,32.130
2026-07-23T01:11:47.504Z,usb,1,3612849267,126505,32385280,256,8000,32.130
2026-07-23T01:11:47.536Z,usb,1,3612849267,126506,32385536,256,8000,32.130
2026-07-23T01:11:47.568Z,usb,1,3612849267,126507,32385792,256,8000,32.130
2026-07-23T01:11:47.600Z,usb,1,3612849267,126508,32386048,256,8000,32.130
2026-07-23T01:11:47.632Z,usb,1,3612849267,126509,32386304,256,8000,32.130
2026-07-23T01:11:47.664Z,usb,1,3612849267,126510,32386560,256,8000,32.130
2026-07-23T01:11:47.696Z,usb,1,3612849267,126511,32386816,256,8000,32.130
2026-07-23T01:11:47.728Z,usb,1,3612849267,126512,32387072,256,8000,32.130
2026-07-23T01:11:47.760Z,usb,1,3612849267,126513,32387328,256,8000,32.130
2026-07-23T01:11:47.792Z,usb,1,3612849267,126514,32387584,256,8000,32.130
2026-07-23T01:11:47.824Z,usb,1,3612849267,126515,32387840,256,8000,32.130
2026-07-23T01:11:47.856Z,usb,1,3612849267,126516,32388096,256,8000,32.130
2026-07-23T01:11:47.888Z,usb,1,3612849267,126517,32388352,256,8000,32.130
2026-07-23T01:11:47.920Z,usb,1,3612849267,126518,32388608,256,8000,32.130
2026-07-23T01:11:47.953Z,usb,1,3612849267,126519,32388864,256,8000,32.130
2026-07-23T01:11:47.984Z,usb,1,3612849267,126520,32389120,256,8000,32.130
2026-07-23T01:11:48.016Z,usb,1,3612849267,126521,32389376,256,8000,32.130
2026-07-23T01:11:48.048Z,usb,1,3612849267,126522,32389632,256,8000,32.130
2026-07-23T01:11:48.080Z,usb,1,3612849267,126523,32389888,256,8000,32.130
2026-07-23T01:11:48.112Z,usb,1,3612849267,126524,32390144,256,8000,32.130
2026-07-23T01:11:48.144Z,usb,1,3612849267,126525,32390400,256,8000,32.130
2026-07-23T01:11:48.176Z,usb,1,3612849267,126526,32390656,256,8000,32.130
2026-07-23T01:11:48.208Z,usb,1,3612849267,126527,32390912,256,8000,32.130
2026-07-23T01:11:48.240Z,usb,1,3612849267,126528,32391168,256,8000,32.130
2026-07-23T01:11:48.272Z,usb,1,3612849267,126529,32391424,256,8000,32.130
2026-07-23T01:11:48.304Z,usb,1,3612849267,126530,32391680,256,8000,32.130
2026-07-23T01:11:48.336Z,usb,1,3612849267,126531,32391936,256,8000,32.130
2026-07-23T01:11:48.369Z,usb,1,3612849267,126532,32392192,256,8000,32.130
2026-07-23T01:11:48.400Z,usb,1,3612849267,126533,32392448,256,8000,32.130
2026-07-23T01:11:48.432Z,usb,1,3612849267,126534,32392704,256,8000,32.130
2026-07-23T01:11:48.464Z,usb,1,3612849267,126535,32392960,256,8000,32.130
2026-07-23T01:11:48.496Z,usb,1,3612849267,126536,32393216,256,8000,32.130
2026-07-23T01:11:48.528Z,usb,1,3612849267,126537,32393472,256,8000,32.130
2026-07-23T01:11:48.560Z,usb,1,3612849267,126538,32393728,256,8000,32.130
2026-07-23T01:11:48.592Z,usb,1,3612849267,126539,32393984,256,8000,32.130
2026-07-23T01:11:48.624Z,usb,1,3612849267,126540,32394240,256,8000,32.130
2026-07-23T01:11:48.656Z,usb,1,3612849267,126541,32394496,256,8000,32.130
2026-07-23T01:11:48.688Z,usb,1,3612849267,126542,32394752,256,8000,32.130
2026-07-23T01:11:48.720Z,usb,1,3612849267,126543,32395008,256,8000,32.130
2026-07-23T01:11:48.752Z,usb,1,3612849267,126544,32395264,256,8000,32.130
2026-07-23T01:11:48.784Z,usb,1,3612849267,126545,32395520,256,8000,32.130
2026-07-23T01:11:48.816Z,usb,1,3612849267,126546,32395776,256,8000,32.130
2026-07-23T01:11:48.848Z,usb,1,3612849267,126547,32396032,256,8000,32.130
2026-07-23T01:11:48.880Z,usb,1,3612849267,126548,32396288,256,8000,32.130
2026-07-23T01:11:48.912Z,usb,1,3612849267,126549,32396544,256,8000,32.130
2026-07-23T01:11:48.944Z,usb,1,3612849267,126550,32396800,256,8000,32.130
2026-07-23T01:11:48.976Z,usb,1,3612849267,126551,32397056,256,8000,32.130
2026-07-23T01:11:49.008Z,usb,1,3612849267,126552,32397312,256,8000,32.130
2026-07-23T01:11:49.040Z,usb,1,3612849267,126553,32397568,256,8000,32.130
2026-07-23T01:11:49.072Z,usb,1,3612849267,126554,32397824,256,8000,32.130
2026-07-23T01:11:49.104Z,usb,1,3612849267,126555,32398080,256,8000,32.130
2026-07-23T01:11:49.136Z,usb,1,3612849267,126556,32398336,256,8000,32.130
2026-07-23T01:11:49.168Z,usb,1,3612849267,126557,32398592,256,8000,32.130
2026-07-23T01:11:49.200Z,usb,1,3612849267,126558,32398848,256,8000,32.130
2026-07-23T01:11:49.232Z,usb,1,3612849267,126559,32399104,256,8000,32.130
2026-07-23T01:11:49.264Z,usb,1,3612849267,126560,32399360,256,8000,32.130
2026-07-23T01:11:49.296Z,usb,1,3612849267,126561,32399616,256,8000,32.130
2026-07-23T01:11:49.328Z,usb,1,3612849267,126562,32399872,256,8000,32.130
2026-07-23T01:11:49.360Z,usb,1,3612849267,126563,32400128,256,8000,32.130
2026-07-23T01:11:49.393Z,usb,1,3612849267,126564,32400384,256,8000,32.130
2026-07-23T01:11:49.424Z,usb,1,3612849267,126565,32400640,256,8000,32.130
2026-07-23T01:11:49.456Z,usb,1,3612849267,126566,32400896,256,8000,32.130
2026-07-23T01:11:49.488Z,usb,1,3612849267,126567,32401152,256,8000,32.130
2026-07-23T01:11:49.520Z,usb,1,3612849267,126568,32401408,256,8000,32.130
2026-07-23T01:11:49.552Z,usb,1,3612849267,126569,32401664,256,8000,32.130
2026-07-23T01:11:49.584Z,usb,1,3612849267,126570,32401920,256,8000,32.130
2026-07-23T01:11:49.616Z,usb,1,3612849267,126571,32402176,256,8000,32.130
2026-07-23T01:11:49.648Z,usb,1,3612849267,126572,32402432,256,8000,32.130
2026-07-23T01:11:49.680Z,usb,1,3612849267,126573,32402688,256,8000,32.130
2026-07-23T01:11:49.712Z,usb,1,3612849267,126574,32402944,256,8000,32.130
2026-07-23T01:11:49.744Z,usb,1,3612849267,126575,32403200,256,8000,32.130
2026-07-23T01:11:49.776Z,usb,1,3612849267,126576,32403456,256,8000,32.130
2026-07-23T01:11:49.808Z,usb,1,3612849267,126577,32403712,256,8000,32.130
2026-07-23T01:11:49.840Z,usb,1,3612849267,126578,32403968,256,8000,32.130
2026-07-23T01:11:49.872Z,usb,1,3612849267,126579,32404224,256,8000,32.130
2026-07-23T01:11:49.904Z,usb,1,3612849267,126580,32404480,256,8000,32.130
2026-07-23T01:11:49.936Z,usb,1,3612849267,126581,32404736,256,8000,32.130
2026-07-23T01:11:49.968Z,usb,1,3612849267,126582,32404992,256,8000,32.130
2026-07-23T01:11:50.000Z,usb,1,3612849267,126583,32405248,256,8000,32.130
2026-07-23T01:11:50.032Z,usb,1,3612849267,126584,32405504,256,8000,32.130
2026-07-23T01:11:50.064Z,usb,1,3612849267,126585,32405760,256,8000,32.130
2026-07-23T01:11:50.096Z,usb,1,3612849267,126586,32406016,256,8000,32.130
2026-07-23T01:11:50.128Z,usb,1,3612849267,126587,32406272,256,8000,32.130
2026-07-23T01:11:50.160Z,usb,1,3612849267,126588,32406528,256,8000,32.130
2026-07-23T01:11:50.192Z,usb,1,3612849267,126589,32406784,256,8000,32.130
2026-07-23T01:11:50.224Z,usb,1,3612849267,126590,32407040,256,8000,32.130
2026-07-23T01:11:50.256Z,usb,1,3612849267,126591,32407296,256,8000,32.130
2026-07-23T01:11:50.288Z,usb,1,3612849267,126592,32407552,256,8000,32.130
2026-07-23T01:11:50.320Z,usb,1,3612849267,126593,32407808,256,8000,32.130
2026-07-23T01:11:50.352Z,usb,1,3612849267,126594,32408064,256,8000,32.130
2026-07-23T01:11:50.384Z,usb,1,3612849267,126595,32408320,256,8000,32.130
2026-07-23T01:11:50.417Z,usb,1,3612849267,126596,32408576,256,8000,32.130
2026-07-23T01:11:50.448Z,usb,1,3612849267,126597,32408832,256,8000,32.130
2026-07-23T01:11:50.480Z,usb,1,3612849267,126598,32409088,256,8000,32.130
2026-07-23T01:11:50.512Z,usb,1,3612849267,126599,32409344,256,8000,32.130
2026-07-23T01:11:50.544Z,usb,1,3612849267,126600,32409600,256,8000,32.130
2026-07-23T01:11:50.576Z,usb,1,3612849267,126601,32409856,256,8000,32.130
2026-07-23T01:11:50.608Z,usb,1,3612849267,126602,32410112,256,8000,32.130
2026-07-23T01:11:50.640Z,usb,1,3612849267,126603,32410368,256,8000,32.130
2026-07-23T01:11:50.672Z,usb,1,3612849267,126604,32410624,256,8000,32.130
2026-07-23T01:11:50.704Z,usb,1,3612849267,126605,32410880,256,8000,32.130
2026-07-23T01:11:50.736Z,usb,1,3612849267,126606,32411136,256,8000,32.130
2026-07-23T01:11:50.768Z,usb,1,3612849267,126607,32411392,256,8000,32.130
2026-07-23T01:11:50.800Z,usb,1,3612849267,126608,32411648,256,8000,32.130
2026-07-23T01:11:50.832Z,usb,1,3612849267,126609,32411904,256,8000,32.130
2026-07-23T01:11:50.864Z,usb,1,3612849267,126610,32412160,256,8000,32.130
2026-07-23T01:11:50.896Z,usb,1,3612849267,126611,32412416,256,8000,32.130
2026-07-23T01:11:50.928Z,usb,1,3612849267,126612,32412672,256,8000,32.130
2026-07-23T01:11:50.960Z,usb,1,3612849267,126613,32412928,256,8000,32.130
2026-07-23T01:11:50.992Z,usb,1,3612849267,126614,32413184,256,8000,32.130
2026-07-23T01:11:51.024Z,usb,1,3612849267,126615,32413440,256,8000,32.130
2026-07-23T01:11:51.056Z,usb,1,3612849267,126616,32413696,256,8000,32.130
2026-07-23T01:11:51.088Z,usb,1,3612849267,126617,32413952,256,8000,32.130
2026-07-23T01:11:51.120Z,usb,1,3612849267,126618,32414208,256,8000,32.130
2026-07-23T01:11:51.152Z,usb,1,3612849267,126619,32414464,256,8000,32.130
2026-07-23T01:11:51.184Z,usb,1,3612849267,126620,32414720,256,8000,32.130
2026-07-23T01:11:51.216Z,usb,1,3612849267,126621,32414976,256,8000,32.130
2026-07-23T01:11:51.248Z,usb,1,3612849267,126622,32415232,256,8000,32.130
2026-07-23T01:11:51.280Z,usb,1,3612849267,126623,32415488,256,8000,32.130
2026-07-23T01:11:51.312Z,usb,1,3612849267,126624,32415744,256,8000,32.130
2026-07-23T01:11:51.344Z,usb,1,3612849267,126625,32416000,256,8000,32.130
2026-07-23T01:11:51.376Z,usb,1,3612849267,126626,32416256,256,8000,32.130
2026-07-23T01:11:51.408Z,usb,1,3612849267,126627,32416512,256,8000,32.130
2026-07-23T01:11:51.441Z,usb,1,3612849267,126628,32416768,256,8000,32.130
2026-07-23T01:11:51.472Z,usb,1,3612849267,126629,32417024,256,8000,32.130
2026-07-23T01:11:51.504Z,usb,1,3612849267,126630,32417280,256,8000,32.130
2026-07-23T01:11:51.536Z,usb,1,3612849267,126631,32417536,256,8000,32.130
2026-07-23T01:11:51.568Z,usb,1,3612849267,126632,32417792,256,8000,32.130
2026-07-23T01:11:51.600Z,usb,1,3612849267,126633,32418048,256,8000,32.130
2026-07-23T01:11:51.632Z,usb,1,3612849267,126634,32418304,256,8000,32.130
2026-07-23T01:11:51.664Z,usb,1,3612849267,126635,32418560,256,8000,32.130
2026-07-23T01:11:51.696Z,usb,1,3612849267,126636,32418816,256,8000,32.130
2026-07-23T01:11:51.728Z,usb,1,3612849267,126637,32419072,256,8000,32.130
2026-07-23T01:11:51.760Z,usb,1,3612849267,126638,32419328,256,8000,32.130
2026-07-23T01:11:51.792Z,usb,1,3612849267,126639,32419584,256,8000,32.130
2026-07-23T01:11:51.824Z,usb,1,3612849267,126640,32419840,256,8000,32.130
2026-07-23T01:11:51.856Z,usb,1,3612849267,126641,32420096,256,8000,32.130
2026-07-23T01:11:51.888Z,usb,1,3612849267,126642,32420352,256,8000,32.130
2026-07-23T01:11:51.920Z,usb,1,3612849267,126643,32420608,256,8000,32.130
2026-07-23T01:11:51.952Z,usb,1,3612849267,126644,32420864,256,8000,32.130
2026-07-23T01:11:51.984Z,usb,1,3612849267,126645,32421120,256,8000,32.130
2026-07-23T01:11:52.016Z,usb,1,3612849267,126646,32421376,256,8000,32.130
2026-07-23T01:11:52.048Z,usb,1,3612849267,126647,32421632,256,8000,32.130
2026-07-23T01:11:52.080Z,usb,1,3612849267,126648,32421888,256,8000,32.130
2026-07-23T01:11:52.112Z,usb,1,3612849267,126649,32422144,256,8000,32.130
2026-07-23T01:11:52.144Z,usb,1,3612849267,126650,32422400,256,8000,32.130
2026-07-23T01:11:52.176Z,usb,1,3612849267,126651,32422656,256,8000,32.130
2026-07-23T01:11:52.208Z,usb,1,3612849267,126652,32422912,256,8000,32.130
2026-07-23T01:11:52.240Z,usb,1,3612849267,126653,32423168,256,8000,32.130
2026-07-23T01:11:52.272Z,usb,1,3612849267,126654,32423424,256,8000,32.130
2026-07-23T01:11:52.304Z,usb,1,3612849267,126655,32423680,256,8000,32.130
2026-07-23T01:11:52.336Z,usb,1,3612849267,126656,32423936,256,8000,32.130
2026-07-23T01:11:52.368Z,usb,1,3612849267,126657,32424192,256,8000,32.130
2026-07-23T01:11:52.400Z,usb,1,3612849267,126658,32424448,256,8000,32.130
2026-07-23T01:11:52.432Z,usb,1,3612849267,126659,32424704,256,8000,32.130
2026-07-23T01:11:52.465Z,usb,1,3612849267,126660,32424960,256,8000,32.130
2026-07-23T01:11:52.496Z,usb,1,3612849267,126661,32425216,256,8000,32.130
2026-07-23T01:11:52.528Z,usb,1,3612849267,126662,32425472,256,8000,32.130
2026-07-23T01:11:52.560Z,usb,1,3612849267,126663,32425728,256,8000,32.130
2026-07-23T01:11:52.592Z,usb,1,3612849267,126664,32425984,256,8000,32.130
2026-07-23T01:11:52.624Z,usb,1,3612849267,126665,32426240,256,8000,32.130
2026-07-23T01:11:52.656Z,usb,1,3612849267,126666,32426496,256,8000,32.130
2026-07-23T01:11:52.688Z,usb,1,3612849267,126667,32426752,256,8000,32.130
2026-07-23T01:11:52.720Z,usb,1,3612849267,126668,32427008,256,8000,32.130
2026-07-23T01:11:52.752Z,usb,1,3612849267,126669,32427264,256,8000,32.130
2026-07-23T01:11:52.784Z,usb,1,3612849267,126670,32427520,256,8000,32.130
2026-07-23T01:11:52.816Z,usb,1,3612849267,126671,32427776,256,8000,32.130
2026-07-23T01:11:52.848Z,usb,1,3612849267,126672,32428032,256,8000,32.130
2026-07-23T01:11:52.880Z,usb,1,3612849267,126673,32428288,256,8000,32.130
2026-07-23T01:11:52.912Z,usb,1,3612849267,126674,32428544,256,8000,32.130
2026-07-23T01:11:52.944Z,usb,1,3612849267,126675,32428800,256,8000,32.130
2026-07-23T01:11:52.976Z,usb,1,3612849267,126676,32429056,256,8000,32.130
2026-07-23T01:11:53.008Z,usb,1,3612849267,126677,32429312,256,8000,32.130
2026-07-23T01:11:53.040Z,usb,1,3612849267,126678,32429568,256,8000,32.130
2026-07-23T01:11:53.072Z,usb,1,3612849267,126679,32429824,256,8000,32.130
2026-07-23T01:11:53.104Z,usb,1,3612849267,126680,32430080,256,8000,32.130
2026-07-23T01:11:53.136Z,usb,1,3612849267,126681,32430336,256,8000,32.130
2026-07-23T01:11:53.168Z,usb,1,3612849267,126682,32430592,256,8000,32.130
2026-07-23T01:11:53.200Z,usb,1,3612849267,126683,32430848,256,8000,32.130
2026-07-23T01:11:53.232Z,usb,1,3612849267,126684,32431104,256,8000,32.130
2026-07-23T01:11:53.264Z,usb,1,3612849267,126685,32431360,256,8000,32.130
2026-07-23T01:11:53.296Z,usb,1,3612849267,126686,32431616,256,8000,32.130
2026-07-23T01:11:53.328Z,usb,1,3612849267,126687,32431872,256,8000,32.130
2026-07-23T01:11:53.360Z,usb,1,3612849267,126688,32432128,256,8000,32.130
2026-07-23T01:11:53.392Z,usb,1,3612849267,126689,32432384,256,8000,32.130
2026-07-23T01:11:53.424Z,usb,1,3612849267,126690,32432640,256,8000,32.130
2026-07-23T01:11:53.456Z,usb,1,3612849267,126691,32432896,256,8000,32.130
2026-07-23T01:11:53.489Z,usb,1,3612849267,126692,32433152,256,8000,32.130
2026-07-23T01:11:53.520Z,usb,1,3612849267,126693,32433408,256,8000,32.130
2026-07-23T01:11:53.552Z,usb,1,3612849267,126694,32433664,256,8000,32.130
2026-07-23T01:11:53.584Z,usb,1,3612849267,126695,32433920,256,8000,32.130
2026-07-23T01:11:53.616Z,usb,1,3612849267,126696,32434176,256,8000,32.130
2026-07-23T01:11:53.648Z,usb,1,3612849267,126697,32434432,256,8000,32.130
2026-07-23T01:11:53.680Z,usb,1,3612849267,126698,32434688,256,8000,32.130
2026-07-23T01:11:53.712Z,usb,1,3612849267,126699,32434944,256,8000,32.130
2026-07-23T01:11:53.744Z,usb,1,3612849267,126700,32435200,256,8000,32.130
2026-07-23T01:11:53.776Z,usb,1,3612849267,126701,32435456,256,8000,32.130
2026-07-23T01:11:53.808Z,usb,1,3612849267,126702,32435712,256,8000,32.130
2026-07-23T01:11:53.840Z,usb,1,3612849267,126703,32435968,256,8000,32.130
2026-07-23T01:11:53.872Z,usb,1,3612849267,126704,32436224,256,8000,32.130
2026-07-23T01:11:53.904Z,usb,1,3612849267,126705,32436480,256,8000,32.130
2026-07-23T01:11:53.936Z,usb,1,3612849267,126706,32436736,256,8000,32.130
2026-07-23T01:11:53.968Z,usb,1,3612849267,126707,32436992,256,8000,32.130
2026-07-23T01:11:54.000Z,usb,1,3612849267,126708,32437248,256,8000,32.130
2026-07-23T01:11:54.032Z,usb,1,3612849267,126709,32437504,256,8000,32.130
2026-07-23T01:11:54.064Z,usb,1,3612849267,126710,32437760,256,8000,32.130
2026-07-23T01:11:54.096Z,usb,1,3612849267,126711,32438016,256,8000,32.130
2026-07-23T01:11:54.128Z,usb,1,3612849267,126712,32438272,256,8000,32.130
2026-07-23T01:11:54.160Z,usb,1,3612849267,126713,32438528,256,8000,32.130
2026-07-23T01:11:54.192Z,usb,1,3612849267,126714,32438784,256,8000,32.130
2026-07-23T01:11:54.224Z,usb,1,3612849267,126715,32439040,256,8000,32.130
2026-07-23T01:11:54.256Z,usb,1,3612849267,126716,32439296,256,8000,32.130
2026-07-23T01:11:54.288Z,usb,1,3612849267,126717,32439552,256,8000,32.130
2026-07-23T01:11:54.320Z,usb,1,3612849267,126718,32439808,256,8000,32.130
2026-07-23T01:11:54.352Z,usb,1,3612849267,126719,32440064,256,8000,32.130
2026-07-23T01:11:54.384Z,usb,1,3612849267,126720,32440320,256,8000,32.130
2026-07-23T01:11:54.416Z,usb,1,3612849267,126721,32440576,256,8000,32.130
2026-07-23T01:11:54.448Z,usb,1,3612849267,126722,32440832,256,8000,32.130
2026-07-23T01:11:54.480Z,usb,1,3612849267,126723,32441088,256,8000,32.130
2026-07-23T01:11:54.513Z,usb,1,3612849267,126724,32441344,256,8000,32.130
2026-07-23T01:11:54.544Z,usb,1,3612849267,126725,32441600,256,8000,32.130
2026-07-23T01:11:54.576Z,usb,1,3612849267,126726,32441856,256,8000,32.130
2026-07-23T01:11:54.608Z,usb,1,3612849267,126727,32442112,256,8000,32.130
2026-07-23T01:11:54.640Z,usb,1,3612849267,126728,32442368,256,8000,32.130
2026-07-23T01:11:54.672Z,usb,1,3612849267,126729,32442624,256,8000,32.130
2026-07-23T01:11:54.704Z,usb,1,3612849267,126730,32442880,256,8000,32.130
2026-07-23T01:11:54.736Z,usb,1,3612849267,126731,32443136,256,8000,32.130
2026-07-23T01:11:54.768Z,usb,1,3612849267,126732,32443392,256,8000,32.130
2026-07-23T01:11:54.800Z,usb,1,3612849267,126733,32443648,256,8000,32.130
2026-07-23T01:11:54.832Z,usb,1,3612849267,126734,32443904,256,8000,32.130
2026-07-23T01:11:54.864Z,usb,1,3612849267,126735,32444160,256,8000,32.130
2026-07-23T01:11:54.896Z,usb,1,3612849267,126736,32444416,256,8000,32.130
2026-07-23T01:11:54.928Z,usb,1,3612849267,126737,32444672,256,8000,32.130
2026-07-23T01:11:54.960Z,usb,1,3612849267,126738,32444928,256,8000,32.130
2026-07-23T01:11:54.992Z,usb,1,3612849267,126739,32445184,256,8000,32.130
2026-07-23T01:11:55.024Z,usb,1,3612849267,126740,32445440,256,8000,32.130
2026-07-23T01:11:55.056Z,usb,1,3612849267,126741,32445696,256,8000,32.130
2026-07-23T01:11:55.088Z,usb,1,3612849267,126742,32445952,256,8000,32.130
2026-07-23T01:11:55.120Z,usb,1,3612849267,126743,32446208,256,8000,32.130
2026-07-23T01:11:55.152Z,usb,1,3612849267,126744,32446464,256,8000,32.130
2026-07-23T01:11:55.184Z,usb,1,3612849267,126745,32446720,256,8000,32.130
2026-07-23T01:11:55.216Z,usb,1,3612849267,126746,32446976,256,8000,32.130
2026-07-23T01:11:55.248Z,usb,1,3612849267,126747,32447232,256,8000,32.130
2026-07-23T01:11:55.280Z,usb,1,3612849267,126748,32447488,256,8000,32.130
2026-07-23T01:11:55.312Z,usb,1,3612849267,126749,32447744,256,8000,32.130
2026-07-23T01:11:55.344Z,usb,1,3612849267,126750,32448000,256,8000,32.130
2026-07-23T01:11:55.376Z,usb,1,3612849267,126751,32448256,256,8000,32.130
2026-07-23T01:11:55.408Z,usb,1,3612849267,126752,32448512,256,8000,32.130
2026-07-23T01:11:55.440Z,usb,1,3612849267,126753,32448768,256,8000,32.130
2026-07-23T01:11:55.472Z,usb,1,3612849267,126754,32449024,256,8000,32.130
2026-07-23T01:11:55.504Z,usb,1,3612849267,126755,32449280,256,8000,32.130
2026-07-23T01:11:55.537Z,usb,1,3612849267,126756,32449536,256,8000,32.130
2026-07-23T01:11:55.568Z,usb,1,3612849267,126757,32449792,256,8000,32.130
2026-07-23T01:11:55.600Z,usb,1,3612849267,126758,32450048,256,8000,32.130
2026-07-23T01:11:55.632Z,usb,1,3612849267,126759,32450304,256,8000,32.130
2026-07-23T01:11:55.664Z,usb,1,3612849267,126760,32450560,256,8000,32.130
2026-07-23T01:11:55.696Z,usb,1,3612849267,126761,32450816,256,8000,32.130
2026-07-23T01:11:55.728Z,usb,1,3612849267,126762,32451072,256,8000,32.130
2026-07-23T01:11:55.760Z,usb,1,3612849267,126763,32451328,256,8000,32.130
2026-07-23T01:11:55.792Z,usb,1,3612849267,126764,32451584,256,8000,32.130
2026-07-23T01:11:55.824Z,usb,1,3612849267,126765,32451840,256,8000,32.130
2026-07-23T01:11:55.856Z,usb,1,3612849267,126766,32452096,256,8000,32.130
2026-07-23T01:11:55.888Z,usb,1,3612849267,126767,32452352,256,8000,32.130
2026-07-23T01:11:55.920Z,usb,1,3612849267,126768,32452608,256,8000,32.130
2026-07-23T01:11:55.952Z,usb,1,3612849267,126769,32452864,256,8000,32.130
2026-07-23T01:11:55.984Z,usb,1,3612849267,126770,32453120,256,8000,32.130
2026-07-23T01:11:56.016Z,usb,1,3612849267,126771,32453376,256,8000,32.130
2026-07-23T01:11:56.048Z,usb,1,3612849267,126772,32453632,256,8000,32.130
2026-07-23T01:11:56.080Z,usb,1,3612849267,126773,32453888,256,8000,32.130
2026-07-23T01:11:56.112Z,usb,1,3612849267,126774,32454144,256,8000,32.130
2026-07-23T01:11:56.144Z,usb,1,3612849267,126775,32454400,256,8000,32.130
2026-07-23T01:11:56.176Z,usb,1,3612849267,126776,32454656,256,8000,32.130
2026-07-23T01:11:56.208Z,usb,1,3612849267,126777,32454912,256,8000,32.130
2026-07-23T01:11:56.240Z,usb,1,3612849267,126778,32455168,256,8000,32.130
2026-07-23T01:11:56.272Z,usb,1,3612849267,126779,32455424,256,8000,32.130
2026-07-23T01:11:56.304Z,usb,1,3612849267,126780,32455680,256,8000,32.130
2026-07-23T01:11:56.336Z,usb,1,3612849267,126781,32455936,256,8000,32.130
2026-07-23T01:11:56.368Z,usb,1,3612849267,126782,32456192,256,8000,32.130
2026-07-23T01:11:56.400Z,usb,1,3612849267,126783,32456448,256,8000,32.130
2026-07-23T01:11:56.432Z,usb,1,3612849267,126784,32456704,256,8000,32.130
2026-07-23T01:11:56.464Z,usb,1,3612849267,126785,32456960,256,8000,32.130
2026-07-23T01:11:56.497Z,usb,1,3612849267,126786,32457216,256,8000,32.130
2026-07-23T01:11:56.528Z,usb,1,3612849267,126787,32457472,256,8000,32.130
2026-07-23T01:11:56.561Z,usb,1,3612849267,126788,32457728,256,8000,32.130
2026-07-23T01:11:56.592Z,usb,1,3612849267,126789,32457984,256,8000,32.130
2026-07-23T01:11:56.624Z,usb,1,3612849267,126790,32458240,256,8000,32.130
2026-07-23T01:11:56.656Z,usb,1,3612849267,126791,32458496,256,8000,32.130
2026-07-23T01:11:56.688Z,usb,1,3612849267,126792,32458752,256,8000,32.130
2026-07-23T01:11:56.720Z,usb,1,3612849267,126793,32459008,256,8000,32.130
2026-07-23T01:11:56.752Z,usb,1,3612849267,126794,32459264,256,8000,32.130
2026-07-23T01:11:56.784Z,usb,1,3612849267,126795,32459520,256,8000,32.130
2026-07-23T01:11:56.816Z,usb,1,3612849267,126796,32459776,256,8000,32.130
2026-07-23T01:11:56.848Z,usb,1,3612849267,126797,32460032,256,8000,32.130
2026-07-23T01:11:56.880Z,usb,1,3612849267,126798,32460288,256,8000,32.130
2026-07-23T01:11:56.912Z,usb,1,3612849267,126799,32460544,256,8000,32.130
2026-07-23T01:11:56.944Z,usb,1,3612849267,126800,32460800,256,8000,32.130
2026-07-23T01:11:56.976Z,usb,1,3612849267,126801,32461056,256,8000,32.130
2026-07-23T01:11:57.008Z,usb,1,3612849267,126802,32461312,256,8000,32.130
2026-07-23T01:11:57.040Z,usb,1,3612849267,126803,32461568,256,8000,32.130
2026-07-23T01:11:57.072Z,usb,1,3612849267,126804,32461824,256,8000,32.130
2026-07-23T01:11:57.104Z,usb,1,3612849267,126805,32462080,256,8000,32.130
2026-07-23T01:11:57.136Z,usb,1,3612849267,126806,32462336,256,8000,32.130
2026-07-23T01:11:57.168Z,usb,1,3612849267,126807,32462592,256,8000,32.130
2026-07-23T01:11:57.200Z,usb,1,3612849267,126808,32462848,256,8000,32.130
2026-07-23T01:11:57.232Z,usb,1,3612849267,126809,32463104,256,8000,32.130
2026-07-23T01:11:57.264Z,usb,1,3612849267,126810,32463360,256,8000,32.130
2026-07-23T01:11:57.296Z,usb,1,3612849267,126811,32463616,256,8000,32.130
2026-07-23T01:11:57.328Z,usb,1,3612849267,126812,32463872,256,8000,32.130
2026-07-23T01:11:57.360Z,usb,1,3612849267,126813,32464128,256,8000,32.130
2026-07-23T01:11:57.392Z,usb,1,3612849267,126814,32464384,256,8000,32.130
2026-07-23T01:11:57.424Z,usb,1,3612849267,126815,32464640,256,8000,32.130
2026-07-23T01:11:57.456Z,usb,1,3612849267,126816,32464896,256,8000,32.130
2026-07-23T01:11:57.488Z,usb,1,3612849267,126817,32465152,256,8000,32.130
2026-07-23T01:11:57.520Z,usb,1,3612849267,126818,32465408,256,8000,32.130
2026-07-23T01:11:57.552Z,usb,1,3612849267,126819,32465664,256,8000,32.130
2026-07-23T01:11:57.585Z,usb,1,3612849267,126820,32465920,256,8000,32.130
2026-07-23T01:11:57.616Z,usb,1,3612849267,126821,32466176,256,8000,32.130
2026-07-23T01:11:57.648Z,usb,1,3612849267,126822,32466432,256,8000,32.130
2026-07-23T01:11:57.680Z,usb,1,3612849267,126823,32466688,256,8000,32.130
2026-07-23T01:11:57.712Z,usb,1,3612849267,126824,32466944,256,8000,32.130
2026-07-23T01:11:57.744Z,usb,1,3612849267,126825,32467200,256,8000,32.130
2026-07-23T01:11:57.776Z,usb,1,3612849267,126826,32467456,256,8000,32.130
2026-07-23T01:11:57.808Z,usb,1,3612849267,126827,32467712,256,8000,32.130
2026-07-23T01:11:57.840Z,usb,1,3612849267,126828,32467968,256,8000,32.130
2026-07-23T01:11:57.872Z,usb,1,3612849267,126829,32468224,256,8000,32.130
2026-07-23T01:11:57.904Z,usb,1,3612849267,126830,32468480,256,8000,32.130
2026-07-23T01:11:57.936Z,usb,1,3612849267,126831,32468736,256,8000,32.130
2026-07-23T01:11:57.968Z,usb,1,3612849267,126832,32468992,256,8000,32.130
2026-07-23T01:11:58.000Z,usb,1,3612849267,126833,32469248,256,8000,32.130
2026-07-23T01:11:58.032Z,usb,1,3612849267,126834,32469504,256,8000,32.130
2026-07-23T01:11:58.064Z,usb,1,3612849267,126835,32469760,256,8000,32.130
2026-07-23T01:11:58.096Z,usb,1,3612849267,126836,32470016,256,8000,32.130
2026-07-23T01:11:58.128Z,usb,1,3612849267,126837,32470272,256,8000,32.130
2026-07-23T01:11:58.160Z,usb,1,3612849267,126838,32470528,256,8000,32.130
2026-07-23T01:11:58.192Z,usb,1,3612849267,126839,32470784,256,8000,32.130
2026-07-23T01:11:58.224Z,usb,1,3612849267,126840,32471040,256,8000,32.130
2026-07-23T01:11:58.256Z,usb,1,3612849267,126841,32471296,256,8000,32.130
2026-07-23T01:11:58.288Z,usb,1,3612849267,126842,32471552,256,8000,32.130
2026-07-23T01:11:58.320Z,usb,1,3612849267,126843,32471808,256,8000,32.130
2026-07-23T01:11:58.352Z,usb,1,3612849267,126844,32472064,256,8000,32.130
2026-07-23T01:11:58.384Z,usb,1,3612849267,126845,32472320,256,8000,32.130
2026-07-23T01:11:58.417Z,usb,1,3612849267,126846,32472576,256,8000,32.130
2026-07-23T01:11:58.448Z,usb,1,3612849267,126847,32472832,256,8000,32.130
2026-07-23T01:11:58.480Z,usb,1,3612849267,126848,32473088,256,8000,32.130
2026-07-23T01:11:58.512Z,usb,1,3612849267,126849,32473344,256,8000,32.130
2026-07-23T01:11:58.544Z,usb,1,3612849267,126850,32473600,256,8000,32.130
2026-07-23T01:11:58.576Z,usb,1,3612849267,126851,32473856,256,8000,32.130
2026-07-23T01:11:58.609Z,usb,1,3612849267,126852,32474112,256,8000,32.130
2026-07-23T01:11:58.640Z,usb,1,3612849267,126853,32474368,256,8000,32.130
2026-07-23T01:11:58.672Z,usb,1,3612849267,126854,32474624,256,8000,32.130
2026-07-23T01:11:58.704Z,usb,1,3612849267,126855,32474880,256,8000,32.130
2026-07-23T01:11:58.736Z,usb,1,3612849267,126856,32475136,256,8000,32.130
2026-07-23T01:11:58.768Z,usb,1,3612849267,126857,32475392,256,8000,32.130
2026-07-23T01:11:58.800Z,usb,1,3612849267,126858,32475648,256,8000,32.130
2026-07-23T01:11:58.832Z,usb,1,3612849267,126859,32475904,256,8000,32.130
2026-07-23T01:11:58.865Z,usb,1,3612849267,126860,32476160,256,8000,32.130
2026-07-23T01:11:58.896Z,usb,1,3612849267,126861,32476416,256,8000,32.130
2026-07-23T01:11:58.928Z,usb,1,3612849267,126862,32476672,256,8000,32.130
2026-07-23T01:11:58.960Z,usb,1,3612849267,126863,32476928,256,8000,32.130
2026-07-23T01:11:58.992Z,usb,1,3612849267,126864,32477184,256,8000,32.130
2026-07-23T01:11:59.024Z,usb,1,3612849267,126865,32477440,256,8000,32.130
2026-07-23T01:11:59.056Z,usb,1,3612849267,126866,32477696,256,8000,32.130
2026-07-23T01:11:59.088Z,usb,1,3612849267,126867,32477952,256,8000,32.130
2026-07-23T01:11:59.120Z,usb,1,3612849267,126868,32478208,256,8000,32.130
2026-07-23T01:11:59.152Z,usb,1,3612849267,126869,32478464,256,8000,32.130
2026-07-23T01:11:59.184Z,usb,1,3612849267,126870,32478720,256,8000,32.130
2026-07-23T01:11:59.216Z,usb,1,3612849267,126871,32478976,256,8000,32.130
2026-07-23T01:11:59.248Z,usb,1,3612849267,126872,32479232,256,8000,32.130
2026-07-23T01:11:59.280Z,usb,1,3612849267,126873,32479488,256,8000,32.130
2026-07-23T01:11:59.312Z,usb,1,3612849267,126874,32479744,256,8000,32.130
2026-07-23T01:11:59.344Z,usb,1,3612849267,126875,32480000,256,8000,32.130
2026-07-23T01:11:59.376Z,usb,1,3612849267,126876,32480256,256,8000,32.130
2026-07-23T01:11:59.408Z,usb,1,3612849267,126877,32480512,256,8000,32.130
2026-07-23T01:11:59.440Z,usb,1,3612849267,126878,32480768,256,8000,32.130
2026-07-23T01:11:59.472Z,usb,1,3612849267,126879,32481024,256,8000,32.130
2026-07-23T01:11:59.504Z,usb,1,3612849267,126880,32481280,256,8000,32.130
2026-07-23T01:11:59.536Z,usb,1,3612849267,126881,32481536,256,8000,32.130
2026-07-23T01:11:59.568Z,usb,1,3612849267,126882,32481792,256,8000,32.130
2026-07-23T01:11:59.600Z,usb,1,3612849267,126883,32482048,256,8000,32.130
2026-07-23T01:11:59.633Z,usb,1,3612849267,126884,32482304,256,8000,32.130
2026-07-23T01:11:59.664Z,usb,1,3612849267,126885,32482560,256,8000,32.130
2026-07-23T01:11:59.696Z,usb,1,3612849267,126886,32482816,256,8000,32.130
2026-07-23T01:11:59.728Z,usb,1,3612849267,126887,32483072,256,8000,32.130
2026-07-23T01:11:59.760Z,usb,1,3612849267,126888,32483328,256,8000,32.130
2026-07-23T01:11:59.792Z,usb,1,3612849267,126889,32483584,256,8000,32.130
2026-07-23T01:11:59.824Z,usb,1,3612849267,126890,32483840,256,8000,32.130
2026-07-23T01:11:59.856Z,usb,1,3612849267,126891,32484096,256,8000,32.130
2026-07-23T01:11:59.888Z,usb,1,3612849267,126892,32484352,256,8000,32.130
2026-07-23T01:11:59.920Z,usb,1,3612849267,126893,32484608,256,8000,32.130
2026-07-23T01:11:59.952Z,usb,1,3612849267,126894,32484864,256,8000,32.130
2026-07-23T01:11:59.984Z,usb,1,3612849267,126895,32485120,256,8000,32.130
2026-07-23T01:12:00.016Z,usb,1,3612849267,126896,32485376,256,8000,32.130
2026-07-23T01:12:00.048Z,usb,1,3612849267,126897,32485632,256,8000,32.130
2026-07-23T01:12:00.080Z,usb,1,3612849267,126898,32485888,256,8000,32.130
2026-07-23T01:12:00.112Z,usb,1,3612849267,126899,32486144,256,8000,32.130
2026-07-23T01:12:00.144Z,usb,1,3612849267,126900,32486400,256,8000,32.130
2026-07-23T01:12:00.176Z,usb,1,3612849267,126901,32486656,256,8000,32.130
2026-07-23T01:12:00.208Z,usb,1,3612849267,126902,32486912,256,8000,32.130
2026-07-23T01:12:00.240Z,usb,1,3612849267,126903,32487168,256,8000,32.130
2026-07-23T01:12:00.272Z,usb,1,3612849267,126904,32487424,256,8000,32.130
2026-07-23T01:12:00.304Z,usb,1,3612849267,126905,32487680,256,8000,32.130
2026-07-23T01:12:00.336Z,usb,1,3612849267,126906,32487936,256,8000,32.130
2026-07-23T01:12:00.368Z,usb,1,3612849267,126907,32488192,256,8000,32.130
2026-07-23T01:12:00.400Z,usb,1,3612849267,126908,32488448,256,8000,32.130
2026-07-23T01:12:00.432Z,usb,1,3612849267,126909,32488704,256,8000,32.130
2026-07-23T01:12:00.464Z,usb,1,3612849267,126910,32488960,256,8000,32.130
2026-07-23T01:12:00.496Z,usb,1,3612849267,126911,32489216,256,8000,32.130
2026-07-23T01:12:00.528Z,usb,1,3612849267,126912,32489472,256,8000,32.130
2026-07-23T01:12:00.560Z,usb,1,3612849267,126913,32489728,256,8000,32.130
2026-07-23T01:12:00.592Z,usb,1,3612849267,126914,32489984,256,8000,32.130
2026-07-23T01:12:00.624Z,usb,1,3612849267,126915,32490240,256,8000,32.130
2026-07-23T01:12:00.657Z,usb,1,3612849267,126916,32490496,256,8000,32.140
2026-07-23T01:12:00.688Z,usb,1,3612849267,126917,32490752,256,8000,32.140
2026-07-23T01:12:00.720Z,usb,1,3612849267,126918,32491008,256,8000,32.140
2026-07-23T01:12:00.752Z,usb,1,3612849267,126919,32491264,256,8000,32.140
2026-07-23T01:12:00.784Z,usb,1,3612849267,126920,32491520,256,8000,32.140
2026-07-23T01:12:00.816Z,usb,1,3612849267,126921,32491776,256,8000,32.140
2026-07-23T01:12:00.848Z,usb,1,3612849267,126922,32492032,256,8000,32.140
2026-07-23T01:12:00.880Z,usb,1,3612849267,126923,32492288,256,8000,32.140
2026-07-23T01:12:00.912Z,usb,1,3612849267,126924,32492544,256,8000,32.140
2026-07-23T01:12:00.944Z,usb,1,3612849267,126925,32492800,256,8000,32.140
2026-07-23T01:12:00.976Z,usb,1,3612849267,126926,32493056,256,8000,32.140
2026-07-23T01:12:01.008Z,usb,1,3612849267,126927,32493312,256,8000,32.140
2026-07-23T01:12:01.040Z,usb,1,3612849267,126928,32493568,256,8000,32.140
2026-07-23T01:12:01.072Z,usb,1,3612849267,126929,32493824,256,8000,32.140
2026-07-23T01:12:01.104Z,usb,1,3612849267,126930,32494080,256,8000,32.140
2026-07-23T01:12:01.136Z,usb,1,3612849267,126931,32494336,256,8000,32.140
2026-07-23T01:12:01.168Z,usb,1,3612849267,126932,32494592,256,8000,32.140
2026-07-23T01:12:01.200Z,usb,1,3612849267,126933,32494848,256,8000,32.140
2026-07-23T01:12:01.232Z,usb,1,3612849267,126934,32495104,256,8000,32.140
2026-07-23T01:12:01.264Z,usb,1,3612849267,126935,32495360,256,8000,32.140
2026-07-23T01:12:01.296Z,usb,1,3612849267,126936,32495616,256,8000,32.140
2026-07-23T01:12:01.328Z,usb,1,3612849267,126937,32495872,256,8000,32.140
2026-07-23T01:12:01.360Z,usb,1,3612849267,126938,32496128,256,8000,32.140
2026-07-23T01:12:01.392Z,usb,1,3612849267,126939,32496384,256,8000,32.140
2026-07-23T01:12:01.424Z,usb,1,3612849267,126940,32496640,256,8000,32.140
2026-07-23T01:12:01.456Z,usb,1,3612849267,126941,32496896,256,8000,32.140
2026-07-23T01:12:01.488Z,usb,1,3612849267,126942,32497152,256,8000,32.140
2026-07-23T01:12:01.520Z,usb,1,3612849267,126943,32497408,256,8000,32.140
2026-07-23T01:12:01.552Z,usb,1,3612849267,126944,32497664,256,8000,32.140
2026-07-23T01:12:01.584Z,usb,1,3612849267,126945,32497920,256,8000,32.140
2026-07-23T01:12:01.616Z,usb,1,3612849267,126946,32498176,256,8000,32.140
2026-07-23T01:12:01.648Z,usb,1,3612849267,126947,32498432,256,8000,32.140
2026-07-23T01:12:01.681Z,usb,1,3612849267,126948,32498688,256,8000,32.130
2026-07-23T01:12:01.712Z,usb,1,3612849267,126949,32498944,256,8000,32.130
2026-07-23T01:12:01.744Z,usb,1,3612849267,126950,32499200,256,8000,32.130
2026-07-23T01:12:01.776Z,usb,1,3612849267,126951,32499456,256,8000,32.130
2026-07-23T01:12:01.808Z,usb,1,3612849267,126952,32499712,256,8000,32.130
2026-07-23T01:12:01.840Z,usb,1,3612849267,126953,32499968,256,8000,32.130
2026-07-23T01:12:01.872Z,usb,1,3612849267,126954,32500224,256,8000,32.130
2026-07-23T01:12:01.904Z,usb,1,3612849267,126955,32500480,256,8000,32.130
2026-07-23T01:12:01.936Z,usb,1,3612849267,126956,32500736,256,8000,32.130
2026-07-23T01:12:01.968Z,usb,1,3612849267,126957,32500992,256,8000,32.130
2026-07-23T01:12:02.000Z,usb,1,3612849267,126958,32501248,256,8000,32.130
2026-07-23T01:12:02.032Z,usb,1,3612849267,126959,32501504,256,8000,32.130
2026-07-23T01:12:02.064Z,usb,1,3612849267,126960,32501760,256,8000,32.130
2026-07-23T01:12:02.096Z,usb,1,3612849267,126961,32502016,256,8000,32.130
2026-07-23T01:12:02.128Z,usb,1,3612849267,126962,32502272,256,8000,32.130
2026-07-23T01:12:02.160Z,usb,1,3612849267,126963,32502528,256,8000,32.130
2026-07-23T01:12:02.192Z,usb,1,3612849267,126964,32502784,256,8000,32.130
2026-07-23T01:12:02.224Z,usb,1,3612849267,126965,32503040,256,8000,32.130
2026-07-23T01:12:02.256Z,usb,1,3612849267,126966,32503296,256,8000,32.130
2026-07-23T01:12:02.288Z,usb,1,3612849267,126967,32503552,256,8000,32.130
2026-07-23T01:12:02.320Z,usb,1,3612849267,126968,32503808,256,8000,32.130
2026-07-23T01:12:02.352Z,usb,1,3612849267,126969,32504064,256,8000,32.130
2026-07-23T01:12:02.384Z,usb,1,3612849267,126970,32504320,256,8000,32.130
2026-07-23T01:12:02.416Z,usb,1,3612849267,126971,32504576,256,8000,32.130
2026-07-23T01:12:02.448Z,usb,1,3612849267,126972,32504832,256,8000,32.130
2026-07-23T01:12:02.480Z,usb,1,3612849267,126973,32505088,256,8000,32.130
2026-07-23T01:12:02.512Z,usb,1,3612849267,126974,32505344,256,8000,32.130
2026-07-23T01:12:02.544Z,usb,1,3612849267,126975,32505600,256,8000,32.130
2026-07-23T01:12:02.576Z,usb,1,3612849267,126976,32505856,256,8000,32.130
2026-07-23T01:12:02.608Z,usb,1,3612849267,126977,32506112,256,8000,32.130
2026-07-23T01:12:02.640Z,usb,1,3612849267,126978,32506368,256,8000,32.130
2026-07-23T01:12:02.672Z,usb,1,3612849267,126979,32506624,256,8000,32.130
2026-07-23T01:12:02.705Z,usb,1,3612849267,126980,32506880,256,8000,32.130
2026-07-23T01:12:02.736Z,usb,1,3612849267,126981,32507136,256,8000,32.130
2026-07-23T01:12:02.768Z,usb,1,3612849267,126982,32507392,256,8000,32.130
2026-07-23T01:12:02.800Z,usb,1,3612849267,126983,32507648,256,8000,32.130
2026-07-23T01:12:02.832Z,usb,1,3612849267,126984,32507904,256,8000,32.130
2026-07-23T01:12:02.864Z,usb,1,3612849267,126985,32508160,256,8000,32.130
2026-07-23T01:12:02.896Z,usb,1,3612849267,126986,32508416,256,8000,32.130
2026-07-23T01:12:02.928Z,usb,1,3612849267,126987,32508672,256,8000,32.130
2026-07-23T01:12:02.960Z,usb,1,3612849267,126988,32508928,256,8000,32.130
2026-07-23T01:12:02.992Z,usb,1,3612849267,126989,32509184,256,8000,32.130
2026-07-23T01:12:03.024Z,usb,1,3612849267,126990,32509440,256,8000,32.130
2026-07-23T01:12:03.056Z,usb,1,3612849267,126991,32509696,256,8000,32.130
2026-07-23T01:12:03.088Z,usb,1,3612849267,126992,32509952,256,8000,32.130
2026-07-23T01:12:03.120Z,usb,1,3612849267,126993,32510208,256,8000,32.130
2026-07-23T01:12:03.152Z,usb,1,3612849267,126994,32510464,256,8000,32.130
2026-07-23T01:12:03.184Z,usb,1,3612849267,126995,32510720,256,8000,32.130
2026-07-23T01:12:03.216Z,usb,1,3612849267,126996,32510976,256,8000,32.130
2026-07-23T01:12:03.248Z,usb,1,3612849267,126997,32511232,256,8000,32.130
2026-07-23T01:12:03.280Z,usb,1,3612849267,126998,32511488,256,8000,32.130
2026-07-23T01:12:03.312Z,usb,1,3612849267,126999,32511744,256,8000,32.130
2026-07-23T01:12:03.344Z,usb,1,3612849267,127000,32512000,256,8000,32.130
2026-07-23T01:12:03.376Z,usb,1,3612849267,127001,32512256,256,8000,32.130
2026-07-23T01:12:03.408Z,usb,1,3612849267,127002,32512512,256,8000,32.130
2026-07-23T01:12:03.440Z,usb,1,3612849267,127003,32512768,256,8000,32.130
2026-07-23T01:12:03.472Z,usb,1,3612849267,127004,32513024,256,8000,32.130
2026-07-23T01:12:03.504Z,usb,1,3612849267,127005,32513280,256,8000,32.130
2026-07-23T01:12:03.536Z,usb,1,3612849267,127006,32513536,256,8000,32.130
2026-07-23T01:12:03.568Z,usb,1,3612849267,127007,32513792,256,8000,32.130
2026-07-23T01:12:03.600Z,usb,1,3612849267,127008,32514048,256,8000,32.130
2026-07-23T01:12:03.632Z,usb,1,3612849267,127009,32514304,256,8000,32.130
2026-07-23T01:12:03.664Z,usb,1,3612849267,127010,32514560,256,8000,32.130
2026-07-23T01:12:03.696Z,usb,1,3612849267,127011,32514816,256,8000,32.130
2026-07-23T01:12:03.729Z,usb,1,3612849267,127012,32515072,256,8000,32.130
2026-07-23T01:12:03.760Z,usb,1,3612849267,127013,32515328,256,8000,32.130
2026-07-23T01:12:03.792Z,usb,1,3612849267,127014,32515584,256,8000,32.130
2026-07-23T01:12:03.824Z,usb,1,3612849267,127015,32515840,256,8000,32.130
2026-07-23T01:12:03.856Z,usb,1,3612849267,127016,32516096,256,8000,32.130
2026-07-23T01:12:03.888Z,usb,1,3612849267,127017,32516352,256,8000,32.130
2026-07-23T01:12:03.920Z,usb,1,3612849267,127018,32516608,256,8000,32.130
2026-07-23T01:12:03.952Z,usb,1,3612849267,127019,32516864,256,8000,32.130
2026-07-23T01:12:03.984Z,usb,1,3612849267,127020,32517120,256,8000,32.130
2026-07-23T01:12:04.016Z,usb,1,3612849267,127021,32517376,256,8000,32.130
2026-07-23T01:12:04.048Z,usb,1,3612849267,127022,32517632,256,8000,32.130
2026-07-23T01:12:04.080Z,usb,1,3612849267,127023,32517888,256,8000,32.130
2026-07-23T01:12:04.112Z,usb,1,3612849267,127024,32518144,256,8000,32.130
2026-07-23T01:12:04.144Z,usb,1,3612849267,127025,32518400,256,8000,32.130
2026-07-23T01:12:04.176Z,usb,1,3612849267,127026,32518656,256,8000,32.130
2026-07-23T01:12:04.208Z,usb,1,3612849267,127027,32518912,256,8000,32.130
2026-07-23T01:12:04.240Z,usb,1,3612849267,127028,32519168,256,8000,32.130
2026-07-23T01:12:04.272Z,usb,1,3612849267,127029,32519424,256,8000,32.130
2026-07-23T01:12:04.304Z,usb,1,3612849267,127030,32519680,256,8000,32.130
2026-07-23T01:12:04.336Z,usb,1,3612849267,127031,32519936,256,8000,32.130
2026-07-23T01:12:04.368Z,usb,1,3612849267,127032,32520192,256,8000,32.130
2026-07-23T01:12:04.400Z,usb,1,3612849267,127033,32520448,256,8000,32.130
2026-07-23T01:12:04.432Z,usb,1,3612849267,127034,32520704,256,8000,32.130
2026-07-23T01:12:04.464Z,usb,1,3612849267,127035,32520960,256,8000,32.130
2026-07-23T01:12:04.496Z,usb,1,3612849267,127036,32521216,256,8000,32.130
2026-07-23T01:12:04.528Z,usb,1,3612849267,127037,32521472,256,8000,32.130
2026-07-23T01:12:04.560Z,usb,1,3612849267,127038,32521728,256,8000,32.130
2026-07-23T01:12:04.592Z,usb,1,3612849267,127039,32521984,256,8000,32.130
2026-07-23T01:12:04.624Z,usb,1,3612849267,127040,32522240,256,8000,32.130
2026-07-23T01:12:04.656Z,usb,1,3612849267,127041,32522496,256,8000,32.130
2026-07-23T01:12:04.688Z,usb,1,3612849267,127042,32522752,256,8000,32.130
2026-07-23T01:12:04.720Z,usb,1,3612849267,127043,32523008,256,8000,32.130
2026-07-23T01:12:04.753Z,usb,1,3612849267,127044,32523264,256,8000,32.130
2026-07-23T01:12:04.784Z,usb,1,3612849267,127045,32523520,256,8000,32.130
2026-07-23T01:12:04.816Z,usb,1,3612849267,127046,32523776,256,8000,32.130
2026-07-23T01:12:04.848Z,usb,1,3612849267,127047,32524032,256,8000,32.130
2026-07-23T01:12:04.880Z,usb,1,3612849267,127048,32524288,256,8000,32.130
2026-07-23T01:12:04.912Z,usb,1,3612849267,127049,32524544,256,8000,32.130
2026-07-23T01:12:04.944Z,usb,1,3612849267,127050,32524800,256,8000,32.130
2026-07-23T01:12:04.976Z,usb,1,3612849267,127051,32525056,256,8000,32.130
2026-07-23T01:12:05.008Z,usb,1,3612849267,127052,32525312,256,8000,32.130
2026-07-23T01:12:05.040Z,usb,1,3612849267,127053,32525568,256,8000,32.130
2026-07-23T01:12:05.072Z,usb,1,3612849267,127054,32525824,256,8000,32.130
2026-07-23T01:12:05.104Z,usb,1,3612849267,127055,32526080,256,8000,32.130
2026-07-23T01:12:05.136Z,usb,1,3612849267,127056,32526336,256,8000,32.130
2026-07-23T01:12:05.168Z,usb,1,3612849267,127057,32526592,256,8000,32.130
2026-07-23T01:12:05.200Z,usb,1,3612849267,127058,32526848,256,8000,32.130
2026-07-23T01:12:05.232Z,usb,1,3612849267,127059,32527104,256,8000,32.130
2026-07-23T01:12:05.264Z,usb,1,3612849267,127060,32527360,256,8000,32.130
2026-07-23T01:12:05.296Z,usb,1,3612849267,127061,32527616,256,8000,32.130
2026-07-23T01:12:05.328Z,usb,1,3612849267,127062,32527872,256,8000,32.130
2026-07-23T01:12:05.360Z,usb,1,3612849267,127063,32528128,256,8000,32.130
2026-07-23T01:12:05.392Z,usb,1,3612849267,127064,32528384,256,8000,32.130
2026-07-23T01:12:05.424Z,usb,1,3612849267,127065,32528640,256,8000,32.130
2026-07-23T01:12:05.456Z,usb,1,3612849267,127066,32528896,256,8000,32.130
2026-07-23T01:12:05.488Z,usb,1,3612849267,127067,32529152,256,8000,32.130
2026-07-23T01:12:05.520Z,usb,1,3612849267,127068,32529408,256,8000,32.130
2026-07-23T01:12:05.552Z,usb,1,3612849267,127069,32529664,256,8000,32.130
2026-07-23T01:12:05.584Z,usb,1,3612849267,127070,32529920,256,8000,32.130
2026-07-23T01:12:05.616Z,usb,1,3612849267,127071,32530176,256,8000,32.130
2026-07-23T01:12:05.648Z,usb,1,3612849267,127072,32530432,256,8000,32.130
2026-07-23T01:12:05.680Z,usb,1,3612849267,127073,32530688,256,8000,32.130
2026-07-23T01:12:05.712Z,usb,1,3612849267,127074,32530944,256,8000,32.130
2026-07-23T01:12:05.744Z,usb,1,3612849267,127075,32531200,256,8000,32.130
2026-07-23T01:12:05.777Z,usb,1,3612849267,127076,32531456,256,8000,32.140
2026-07-23T01:12:05.808Z,usb,1,3612849267,127077,32531712,256,8000,32.140
2026-07-23T01:12:05.840Z,usb,1,3612849267,127078,32531968,256,8000,32.140
2026-07-23T01:12:05.872Z,usb,1,3612849267,127079,32532224,256,8000,32.140
2026-07-23T01:12:05.904Z,usb,1,3612849267,127080,32532480,256,8000,32.140
2026-07-23T01:12:05.936Z,usb,1,3612849267,127081,32532736,256,8000,32.140
2026-07-23T01:12:05.968Z,usb,1,3612849267,127082,32532992,256,8000,32.140
2026-07-23T01:12:06.000Z,usb,1,3612849267,127083,32533248,256,8000,32.140
2026-07-23T01:12:06.032Z,usb,1,3612849267,127084,32533504,256,8000,32.140
2026-07-23T01:12:06.064Z,usb,1,3612849267,127085,32533760,256,8000,32.140
2026-07-23T01:12:06.096Z,usb,1,3612849267,127086,32534016,256,8000,32.140
2026-07-23T01:12:06.128Z,usb,1,3612849267,127087,32534272,256,8000,32.140
2026-07-23T01:12:06.160Z,usb,1,3612849267,127088,32534528,256,8000,32.140
2026-07-23T01:12:06.192Z,usb,1,3612849267,127089,32534784,256,8000,32.140
2026-07-23T01:12:06.224Z,usb,1,3612849267,127090,32535040,256,8000,32.140
2026-07-23T01:12:06.256Z,usb,1,3612849267,127091,32535296,256,8000,32.140
2026-07-23T01:12:06.288Z,usb,1,3612849267,127092,32535552,256,8000,32.140
2026-07-23T01:12:06.320Z,usb,1,3612849267,127093,32535808,256,8000,32.140
2026-07-23T01:12:06.352Z,usb,1,3612849267,127094,32536064,256,8000,32.140
2026-07-23T01:12:06.384Z,usb,1,3612849267,127095,32536320,256,8000,32.140
2026-07-23T01:12:06.416Z,usb,1,3612849267,127096,32536576,256,8000,32.140
2026-07-23T01:12:06.448Z,usb,1,3612849267,127097,32536832,256,8000,32.140
2026-07-23T01:12:06.480Z,usb,1,3612849267,127098,32537088,256,8000,32.140
2026-07-23T01:12:06.512Z,usb,1,3612849267,127099,32537344,256,8000,32.140
2026-07-23T01:12:06.544Z,usb,1,3612849267,127100,32537600,256,8000,32.140
2026-07-23T01:12:06.576Z,usb,1,3612849267,127101,32537856,256,8000,32.140
2026-07-23T01:12:06.608Z,usb,1,3612849267,127102,32538112,256,8000,32.140
2026-07-23T01:12:06.640Z,usb,1,3612849267,127103,32538368,256,8000,32.140
2026-07-23T01:12:06.672Z,usb,1,3612849267,127104,32538624,256,8000,32.140
2026-07-23T01:12:06.704Z,usb,1,3612849267,127105,32538880,256,8000,32.140
2026-07-23T01:12:06.736Z,usb,1,3612849267,127106,32539136,256,8000,32.140
2026-07-23T01:12:06.768Z,usb,1,3612849267,127107,32539392,256,8000,32.140
2026-07-23T01:12:06.801Z,usb,1,3612849267,127108,32539648,256,8000,32.140
2026-07-23T01:12:06.832Z,usb,1,3612849267,127109,32539904,256,8000,32.140
2026-07-23T01:12:06.864Z,usb,1,3612849267,127110,32540160,256,8000,32.140
2026-07-23T01:12:06.896Z,usb,1,3612849267,127111,32540416,256,8000,32.140
2026-07-23T01:12:06.928Z,usb,1,3612849267,127112,32540672,256,8000,32.140
2026-07-23T01:12:06.960Z,usb,1,3612849267,127113,32540928,256,8000,32.140
2026-07-23T01:12:06.992Z,usb,1,3612849267,127114,32541184,256,8000,32.140
2026-07-23T01:12:07.024Z,usb,1,3612849267,127115,32541440,256,8000,32.140
2026-07-23T01:12:07.056Z,usb,1,3612849267,127116,32541696,256,8000,32.140
2026-07-23T01:12:07.088Z,usb,1,3612849267,127117,32541952,256,8000,32.140
2026-07-23T01:12:07.120Z,usb,1,3612849267,127118,32542208,256,8000,32.140
2026-07-23T01:12:07.152Z,usb,1,3612849267,127119,32542464,256,8000,32.140
2026-07-23T01:12:07.184Z,usb,1,3612849267,127120,32542720,256,8000,32.140
2026-07-23T01:12:07.216Z,usb,1,3612849267,127121,32542976,256,8000,32.140
2026-07-23T01:12:07.248Z,usb,1,3612849267,127122,32543232,256,8000,32.140
2026-07-23T01:12:07.280Z,usb,1,3612849267,127123,32543488,256,8000,32.140
2026-07-23T01:12:07.312Z,usb,1,3612849267,127124,32543744,256,8000,32.140
2026-07-23T01:12:07.344Z,usb,1,3612849267,127125,32544000,256,8000,32.140
2026-07-23T01:12:07.376Z,usb,1,3612849267,127126,32544256,256,8000,32.140
2026-07-23T01:12:07.408Z,usb,1,3612849267,127127,32544512,256,8000,32.140
2026-07-23T01:12:07.440Z,usb,1,3612849267,127128,32544768,256,8000,32.140
2026-07-23T01:12:07.472Z,usb,1,3612849267,127129,32545024,256,8000,32.140
2026-07-23T01:12:07.504Z,usb,1,3612849267,127130,32545280,256,8000,32.140
2026-07-23T01:12:07.536Z,usb,1,3612849267,127131,32545536,256,8000,32.140
2026-07-23T01:12:07.568Z,usb,1,3612849267,127132,32545792,256,8000,32.140
2026-07-23T01:12:07.600Z,usb,1,3612849267,127133,32546048,256,8000,32.140
2026-07-23T01:12:07.632Z,usb,1,3612849267,127134,32546304,256,8000,32.140
2026-07-23T01:12:07.664Z,usb,1,3612849267,127135,32546560,256,8000,32.140
2026-07-23T01:12:07.696Z,usb,1,3612849267,127136,32546816,256,8000,32.140
2026-07-23T01:12:07.728Z,usb,1,3612849267,127137,32547072,256,8000,32.140
2026-07-23T01:12:07.760Z,usb,1,3612849267,127138,32547328,256,8000,32.140
2026-07-23T01:12:07.792Z,usb,1,3612849267,127139,32547584,256,8000,32.140
2026-07-23T01:12:07.825Z,usb,1,3612849267,127140,32547840,256,8000,32.140
2026-07-23T01:12:07.856Z,usb,1,3612849267,127141,32548096,256,8000,32.140
2026-07-23T01:12:07.888Z,usb,1,3612849267,127142,32548352,256,8000,32.140
2026-07-23T01:12:07.920Z,usb,1,3612849267,127143,32548608,256,8000,32.140
2026-07-23T01:12:07.952Z,usb,1,3612849267,127144,32548864,256,8000,32.140
2026-07-23T01:12:07.984Z,usb,1,3612849267,127145,32549120,256,8000,32.140
2026-07-23T01:12:08.016Z,usb,1,3612849267,127146,32549376,256,8000,32.140
2026-07-23T01:12:08.048Z,usb,1,3612849267,127147,32549632,256,8000,32.140
2026-07-23T01:12:08.080Z,usb,1,3612849267,127148,32549888,256,8000,32.140
2026-07-23T01:12:08.112Z,usb,1,3612849267,127149,32550144,256,8000,32.140
2026-07-23T01:12:08.144Z,usb,1,3612849267,127150,32550400,256,8000,32.140
2026-07-23T01:12:08.176Z,usb,1,3612849267,127151,32550656,256,8000,32.140
2026-07-23T01:12:08.208Z,usb,1,3612849267,127152,32550912,256,8000,32.140
2026-07-23T01:12:08.240Z,usb,1,3612849267,127153,32551168,256,8000,32.140
2026-07-23T01:12:08.272Z,usb,1,3612849267,127154,32551424,256,8000,32.140
2026-07-23T01:12:08.304Z,usb,1,3612849267,127155,32551680,256,8000,32.140
2026-07-23T01:12:08.336Z,usb,1,3612849267,127156,32551936,256,8000,32.140
2026-07-23T01:12:08.368Z,usb,1,3612849267,127157,32552192,256,8000,32.140
2026-07-23T01:12:08.400Z,usb,1,3612849267,127158,32552448,256,8000,32.140
2026-07-23T01:12:08.432Z,usb,1,3612849267,127159,32552704,256,8000,32.140
2026-07-23T01:12:08.464Z,usb,1,3612849267,127160,32552960,256,8000,32.140
2026-07-23T01:12:08.496Z,usb,1,3612849267,127161,32553216,256,8000,32.140
2026-07-23T01:12:08.528Z,usb,1,3612849267,127162,32553472,256,8000,32.140
2026-07-23T01:12:08.560Z,usb,1,3612849267,127163,32553728,256,8000,32.140
2026-07-23T01:12:08.592Z,usb,1,3612849267,127164,32553984,256,8000,32.140
2026-07-23T01:12:08.624Z,usb,1,3612849267,127165,32554240,256,8000,32.140
2026-07-23T01:12:08.656Z,usb,1,3612849267,127166,32554496,256,8000,32.140
2026-07-23T01:12:08.688Z,usb,1,3612849267,127167,32554752,256,8000,32.140
2026-07-23T01:12:08.720Z,usb,1,3612849267,127168,32555008,256,8000,32.140
2026-07-23T01:12:08.752Z,usb,1,3612849267,127169,32555264,256,8000,32.140
2026-07-23T01:12:08.784Z,usb,1,3612849267,127170,32555520,256,8000,32.140
2026-07-23T01:12:08.816Z,usb,1,3612849267,127171,32555776,256,8000,32.140
2026-07-23T01:12:08.849Z,usb,1,3612849267,127172,32556032,256,8000,32.130
2026-07-23T01:12:08.880Z,usb,1,3612849267,127173,32556288,256,8000,32.130
2026-07-23T01:12:08.912Z,usb,1,3612849267,127174,32556544,256,8000,32.130
2026-07-23T01:12:08.944Z,usb,1,3612849267,127175,32556800,256,8000,32.130
2026-07-23T01:12:08.976Z,usb,1,3612849267,127176,32557056,256,8000,32.130
2026-07-23T01:12:09.008Z,usb,1,3612849267,127177,32557312,256,8000,32.130
2026-07-23T01:12:09.040Z,usb,1,3612849267,127178,32557568,256,8000,32.130
2026-07-23T01:12:09.072Z,usb,1,3612849267,127179,32557824,256,8000,32.130
2026-07-23T01:12:09.104Z,usb,1,3612849267,127180,32558080,256,8000,32.130
2026-07-23T01:12:09.136Z,usb,1,3612849267,127181,32558336,256,8000,32.130
2026-07-23T01:12:09.168Z,usb,1,3612849267,127182,32558592,256,8000,32.130
2026-07-23T01:12:09.200Z,usb,1,3612849267,127183,32558848,256,8000,32.130
2026-07-23T01:12:09.232Z,usb,1,3612849267,127184,32559104,256,8000,32.130
2026-07-23T01:12:09.264Z,usb,1,3612849267,127185,32559360,256,8000,32.130
2026-07-23T01:12:09.296Z,usb,1,3612849267,127186,32559616,256,8000,32.130
2026-07-23T01:12:09.328Z,usb,1,3612849267,127187,32559872,256,8000,32.130
2026-07-23T01:12:09.360Z,usb,1,3612849267,127188,32560128,256,8000,32.130
2026-07-23T01:12:09.392Z,usb,1,3612849267,127189,32560384,256,8000,32.130
2026-07-23T01:12:09.424Z,usb,1,3612849267,127190,32560640,256,8000,32.130
2026-07-23T01:12:09.456Z,usb,1,3612849267,127191,32560896,256,8000,32.130
2026-07-23T01:12:09.488Z,usb,1,3612849267,127192,32561152,256,8000,32.130
2026-07-23T01:12:09.520Z,usb,1,3612849267,127193,32561408,256,8000,32.130
2026-07-23T01:12:09.552Z,usb,1,3612849267,127194,32561664,256,8000,32.130
2026-07-23T01:12:09.584Z,usb,1,3612849267,127195,32561920,256,8000,32.130
2026-07-23T01:12:09.616Z,usb,1,3612849267,127196,32562176,256,8000,32.130
2026-07-23T01:12:09.648Z,usb,1,3612849267,127197,32562432,256,8000,32.130
2026-07-23T01:12:09.680Z,usb,1,3612849267,127198,32562688,256,8000,32.130
2026-07-23T01:12:09.712Z,usb,1,3612849267,127199,32562944,256,8000,32.130
2026-07-23T01:12:09.744Z,usb,1,3612849267,127200,32563200,256,8000,32.130
2026-07-23T01:12:09.776Z,usb,1,3612849267,127201,32563456,256,8000,32.130
2026-07-23T01:12:09.808Z,usb,1,3612849267,127202,32563712,256,8000,32.130
2026-07-23T01:12:09.840Z,usb,1,3612849267,127203,32563968,256,8000,32.130
2026-07-23T01:12:09.873Z,usb,1,3612849267,127204,32564224,256,8000,32.140
2026-07-23T01:12:09.904Z,usb,1,3612849267,127205,32564480,256,8000,32.140
2026-07-23T01:12:09.936Z,usb,1,3612849267,127206,32564736,256,8000,32.140
2026-07-23T01:12:09.968Z,usb,1,3612849267,127207,32564992,256,8000,32.140
2026-07-23T01:12:10.000Z,usb,1,3612849267,127208,32565248,256,8000,32.140
2026-07-23T01:12:10.032Z,usb,1,3612849267,127209,32565504,256,8000,32.140
2026-07-23T01:12:10.064Z,usb,1,3612849267,127210,32565760,256,8000,32.140
2026-07-23T01:12:10.096Z,usb,1,3612849267,127211,32566016,256,8000,32.140
2026-07-23T01:12:10.128Z,usb,1,3612849267,127212,32566272,256,8000,32.140
2026-07-23T01:12:10.160Z,usb,1,3612849267,127213,32566528,256,8000,32.140
2026-07-23T01:12:10.192Z,usb,1,3612849267,127214,32566784,256,8000,32.140
2026-07-23T01:12:10.224Z,usb,1,3612849267,127215,32567040,256,8000,32.140
2026-07-23T01:12:10.256Z,usb,1,3612849267,127216,32567296,256,8000,32.140
2026-07-23T01:12:10.289Z,usb,1,3612849267,127217,32567552,256,8000,32.140
2026-07-23T01:12:10.320Z,usb,1,3612849267,127218,32567808,256,8000,32.140
2026-07-23T01:12:10.352Z,usb,1,3612849267,127219,32568064,256,8000,32.140
2026-07-23T01:12:10.384Z,usb,1,3612849267,127220,32568320,256,8000,32.140
2026-07-23T01:12:10.416Z,usb,1,3612849267,127221,32568576,256,8000,32.140
2026-07-23T01:12:10.448Z,usb,1,3612849267,127222,32568832,256,8000,32.140
2026-07-23T01:12:10.480Z,usb,1,3612849267,127223,32569088,256,8000,32.140
2026-07-23T01:12:10.512Z,usb,1,3612849267,127224,32569344,256,8000,32.140
2026-07-23T01:12:10.544Z,usb,1,3612849267,127225,32569600,256,8000,32.140
2026-07-23T01:12:10.576Z,usb,1,3612849267,127226,32569856,256,8000,32.140
2026-07-23T01:12:10.608Z,usb,1,3612849267,127227,32570112,256,8000,32.140
2026-07-23T01:12:10.640Z,usb,1,3612849267,127228,32570368,256,8000,32.140
2026-07-23T01:12:10.672Z,usb,1,3612849267,127229,32570624,256,8000,32.140
2026-07-23T01:12:10.704Z,usb,1,3612849267,127230,32570880,256,8000,32.140
2026-07-23T01:12:10.736Z,usb,1,3612849267,127231,32571136,256,8000,32.140
2026-07-23T01:12:10.768Z,usb,1,3612849267,127232,32571392,256,8000,32.140
2026-07-23T01:12:10.800Z,usb,1,3612849267,127233,32571648,256,8000,32.140
2026-07-23T01:12:10.832Z,usb,1,3612849267,127234,32571904,256,8000,32.140
2026-07-23T01:12:10.864Z,usb,1,3612849267,127235,32572160,256,8000,32.140
2026-07-23T01:12:10.897Z,usb,1,3612849267,127236,32572416,256,8000,32.130
2026-07-23T01:12:10.928Z,usb,1,3612849267,127237,32572672,256,8000,32.130
2026-07-23T01:12:10.960Z,usb,1,3612849267,127238,32572928,256,8000,32.130
2026-07-23T01:12:10.992Z,usb,1,3612849267,127239,32573184,256,8000,32.130
2026-07-23T01:12:11.024Z,usb,1,3612849267,127240,32573440,256,8000,32.130
2026-07-23T01:12:11.056Z,usb,1,3612849267,127241,32573696,256,8000,32.130
2026-07-23T01:12:11.088Z,usb,1,3612849267,127242,32573952,256,8000,32.130
2026-07-23T01:12:11.120Z,usb,1,3612849267,127243,32574208,256,8000,32.130
2026-07-23T01:12:11.152Z,usb,1,3612849267,127244,32574464,256,8000,32.130
2026-07-23T01:12:11.184Z,usb,1,3612849267,127245,32574720,256,8000,32.130
2026-07-23T01:12:11.216Z,usb,1,3612849267,127246,32574976,256,8000,32.130
2026-07-23T01:12:11.248Z,usb,1,3612849267,127247,32575232,256,8000,32.130
2026-07-23T01:12:11.280Z,usb,1,3612849267,127248,32575488,256,8000,32.130
2026-07-23T01:12:11.312Z,usb,1,3612849267,127249,32575744,256,8000,32.130
2026-07-23T01:12:11.344Z,usb,1,3612849267,127250,32576000,256,8000,32.130
2026-07-23T01:12:11.376Z,usb,1,3612849267,127251,32576256,256,8000,32.130
2026-07-23T01:12:11.408Z,usb,1,3612849267,127252,32576512,256,8000,32.130
2026-07-23T01:12:11.440Z,usb,1,3612849267,127253,32576768,256,8000,32.130
2026-07-23T01:12:11.472Z,usb,1,3612849267,127254,32577024,256,8000,32.130
2026-07-23T01:12:11.504Z,usb,1,3612849267,127255,32577280,256,8000,32.130
2026-07-23T01:12:11.536Z,usb,1,3612849267,127256,32577536,256,8000,32.130
2026-07-23T01:12:11.568Z,usb,1,3612849267,127257,32577792,256,8000,32.130
2026-07-23T01:12:11.600Z,usb,1,3612849267,127258,32578048,256,8000,32.130
2026-07-23T01:12:11.632Z,usb,1,3612849267,127259,32578304,256,8000,32.130
2026-07-23T01:12:11.664Z,usb,1,3612849267,127260,32578560,256,8000,32.130
2026-07-23T01:12:11.696Z,usb,1,3612849267,127261,32578816,256,8000,32.130
2026-07-23T01:12:11.728Z,usb,1,3612849267,127262,32579072,256,8000,32.130
2026-07-23T01:12:11.760Z,usb,1,3612849267,127263,32579328,256,8000,32.130
2026-07-23T01:12:11.792Z,usb,1,3612849267,127264,32579584,256,8000,32.130
2026-07-23T01:12:11.824Z,usb,1,3612849267,127265,32579840,256,8000,32.130
2026-07-23T01:12:11.856Z,usb,1,3612849267,127266,32580096,256,8000,32.130
2026-07-23T01:12:11.888Z,usb,1,3612849267,127267,32580352,256,8000,32.130
2026-07-23T01:12:11.921Z,usb,1,3612849267,127268,32580608,256,8000,32.130
2026-07-23T01:12:11.952Z,usb,1,3612849267,127269,32580864,256,8000,32.130
2026-07-23T01:12:11.984Z,usb,1,3612849267,127270,32581120,256,8000,32.130
2026-07-23T01:12:12.016Z,usb,1,3612849267,127271,32581376,256,8000,32.130
2026-07-23T01:12:12.048Z,usb,1,3612849267,127272,32581632,256,8000,32.130
2026-07-23T01:12:12.080Z,usb,1,3612849267,127273,32581888,256,8000,32.130
2026-07-23T01:12:12.112Z,usb,1,3612849267,127274,32582144,256,8000,32.130
2026-07-23T01:12:12.144Z,usb,1,3612849267,127275,32582400,256,8000,32.130
2026-07-23T01:12:12.176Z,usb,1,3612849267,127276,32582656,256,8000,32.130
2026-07-23T01:12:12.208Z,usb,1,3612849267,127277,32582912,256,8000,32.130
2026-07-23T01:12:12.240Z,usb,1,3612849267,127278,32583168,256,8000,32.130
2026-07-23T01:12:12.272Z,usb,1,3612849267,127279,32583424,256,8000,32.130
2026-07-23T01:12:12.304Z,usb,1,3612849267,127280,32583680,256,8000,32.130
2026-07-23T01:12:12.336Z,usb,1,3612849267,127281,32583936,256,8000,32.130
2026-07-23T01:12:12.368Z,usb,1,3612849267,127282,32584192,256,8000,32.130
2026-07-23T01:12:12.400Z,usb,1,3612849267,127283,32584448,256,8000,32.130
2026-07-23T01:12:12.432Z,usb,1,3612849267,127284,32584704,256,8000,32.130
2026-07-23T01:12:12.464Z,usb,1,3612849267,127285,32584960,256,8000,32.130
2026-07-23T01:12:12.496Z,usb,1,3612849267,127286,32585216,256,8000,32.130
2026-07-23T01:12:12.528Z,usb,1,3612849267,127287,32585472,256,8000,32.130
2026-07-23T01:12:12.560Z,usb,1,3612849267,127288,32585728,256,8000,32.130
2026-07-23T01:12:12.592Z,usb,1,3612849267,127289,32585984,256,8000,32.130
2026-07-23T01:12:12.624Z,usb,1,3612849267,127290,32586240,256,8000,32.130
2026-07-23T01:12:12.656Z,usb,1,3612849267,127291,32586496,256,8000,32.130
2026-07-23T01:12:12.688Z,usb,1,3612849267,127292,32586752,256,8000,32.130
2026-07-23T01:12:12.720Z,usb,1,3612849267,127293,32587008,256,8000,32.130
2026-07-23T01:12:12.752Z,usb,1,3612849267,127294,32587264,256,8000,32.130
2026-07-23T01:12:12.784Z,usb,1,3612849267,127295,32587520,256,8000,32.130
2026-07-23T01:12:12.816Z,usb,1,3612849267,127296,32587776,256,8000,32.130
2026-07-23T01:12:12.848Z,usb,1,3612849267,127297,32588032,256,8000,32.130
2026-07-23T01:12:12.880Z,usb,1,3612849267,127298,32588288,256,8000,32.130
2026-07-23T01:12:12.912Z,usb,1,3612849267,127299,32588544,256,8000,32.130
2026-07-23T01:12:12.945Z,usb,1,3612849267,127300,32588800,256,8000,32.130
2026-07-23T01:12:12.976Z,usb,1,3612849267,127301,32589056,256,8000,32.130
2026-07-23T01:12:13.008Z,usb,1,3612849267,127302,32589312,256,8000,32.130
2026-07-23T01:12:13.040Z,usb,1,3612849267,127303,32589568,256,8000,32.130
2026-07-23T01:12:13.072Z,usb,1,3612849267,127304,32589824,256,8000,32.130
2026-07-23T01:12:13.104Z,usb,1,3612849267,127305,32590080,256,8000,32.130
2026-07-23T01:12:13.136Z,usb,1,3612849267,127306,32590336,256,8000,32.130
2026-07-23T01:12:13.168Z,usb,1,3612849267,127307,32590592,256,8000,32.130
2026-07-23T01:12:13.200Z,usb,1,3612849267,127308,32590848,256,8000,32.130
2026-07-23T01:12:13.232Z,usb,1,3612849267,127309,32591104,256,8000,32.130
2026-07-23T01:12:13.264Z,usb,1,3612849267,127310,32591360,256,8000,32.130
2026-07-23T01:12:13.296Z,usb,1,3612849267,127311,32591616,256,8000,32.130
2026-07-23T01:12:13.328Z,usb,1,3612849267,127312,32591872,256,8000,32.130
2026-07-23T01:12:13.360Z,usb,1,3612849267,127313,32592128,256,8000,32.130
2026-07-23T01:12:13.392Z,usb,1,3612849267,127314,32592384,256,8000,32.130
2026-07-23T01:12:13.424Z,usb,1,3612849267,127315,32592640,256,8000,32.130
2026-07-23T01:12:13.456Z,usb,1,3612849267,127316,32592896,256,8000,32.130
2026-07-23T01:12:13.488Z,usb,1,3612849267,127317,32593152,256,8000,32.130
2026-07-23T01:12:13.520Z,usb,1,3612849267,127318,32593408,256,8000,32.130
2026-07-23T01:12:13.552Z,usb,1,3612849267,127319,32593664,256,8000,32.130
2026-07-23T01:12:13.584Z,usb,1,3612849267,127320,32593920,256,8000,32.130
2026-07-23T01:12:13.616Z,usb,1,3612849267,127321,32594176,256,8000,32.130
2026-07-23T01:12:13.648Z,usb,1,3612849267,127322,32594432,256,8000,32.130
2026-07-23T01:12:13.680Z,usb,1,3612849267,127323,32594688,256,8000,32.130
2026-07-23T01:12:13.712Z,usb,1,3612849267,127324,32594944,256,8000,32.130
2026-07-23T01:12:13.744Z,usb,1,3612849267,127325,32595200,256,8000,32.130
2026-07-23T01:12:13.776Z,usb,1,3612849267,127326,32595456,256,8000,32.130
2026-07-23T01:12:13.808Z,usb,1,3612849267,127327,32595712,256,8000,32.130
2026-07-23T01:12:13.840Z,usb,1,3612849267,127328,32595968,256,8000,32.130
2026-07-23T01:12:13.872Z,usb,1,3612849267,127329,32596224,256,8000,32.130
2026-07-23T01:12:13.904Z,usb,1,3612849267,127330,32596480,256,8000,32.130
2026-07-23T01:12:13.936Z,usb,1,3612849267,127331,32596736,256,8000,32.130
2026-07-23T01:12:13.969Z,usb,1,3612849267,127332,32596992,256,8000,32.130
2026-07-23T01:12:14.000Z,usb,1,3612849267,127333,32597248,256,8000,32.130
2026-07-23T01:12:14.032Z,usb,1,3612849267,127334,32597504,256,8000,32.130
2026-07-23T01:12:14.064Z,usb,1,3612849267,127335,32597760,256,8000,32.130
2026-07-23T01:12:14.096Z,usb,1,3612849267,127336,32598016,256,8000,32.130
2026-07-23T01:12:14.128Z,usb,1,3612849267,127337,32598272,256,8000,32.130
2026-07-23T01:12:14.160Z,usb,1,3612849267,127338,32598528,256,8000,32.130
2026-07-23T01:12:14.192Z,usb,1,3612849267,127339,32598784,256,8000,32.130
2026-07-23T01:12:14.224Z,usb,1,3612849267,127340,32599040,256,8000,32.130
2026-07-23T01:12:14.256Z,usb,1,3612849267,127341,32599296,256,8000,32.130
2026-07-23T01:12:14.288Z,usb,1,3612849267,127342,32599552,256,8000,32.130
2026-07-23T01:12:14.320Z,usb,1,3612849267,127343,32599808,256,8000,32.130
2026-07-23T01:12:14.352Z,usb,1,3612849267,127344,32600064,256,8000,32.130
2026-07-23T01:12:14.384Z,usb,1,3612849267,127345,32600320,256,8000,32.130
2026-07-23T01:12:14.417Z,usb,1,3612849267,127346,32600576,256,8000,32.130
2026-07-23T01:12:14.448Z,usb,1,3612849267,127347,32600832,256,8000,32.130
2026-07-23T01:12:14.480Z,usb,1,3612849267,127348,32601088,256,8000,32.130
2026-07-23T01:12:14.512Z,usb,1,3612849267,127349,32601344,256,8000,32.130
2026-07-23T01:12:14.544Z,usb,1,3612849267,127350,32601600,256,8000,32.130
2026-07-23T01:12:14.576Z,usb,1,3612849267,127351,32601856,256,8000,32.130
2026-07-23T01:12:14.608Z,usb,1,3612849267,127352,32602112,256,8000,32.130
2026-07-23T01:12:14.640Z,usb,1,3612849267,127353,32602368,256,8000,32.130
2026-07-23T01:12:14.672Z,usb,1,3612849267,127354,32602624,256,8000,32.130
2026-07-23T01:12:14.704Z,usb,1,3612849267,127355,32602880,256,8000,32.130
2026-07-23T01:12:14.736Z,usb,1,3612849267,127356,32603136,256,8000,32.130
2026-07-23T01:12:14.768Z,usb,1,3612849267,127357,32603392,256,8000,32.130
2026-07-23T01:12:14.800Z,usb,1,3612849267,127358,32603648,256,8000,32.130
2026-07-23T01:12:14.832Z,usb,1,3612849267,127359,32603904,256,8000,32.130
2026-07-23T01:12:14.864Z,usb,1,3612849267,127360,32604160,256,8000,32.130
2026-07-23T01:12:14.896Z,usb,1,3612849267,127361,32604416,256,8000,32.130
2026-07-23T01:12:14.928Z,usb,1,3612849267,127362,32604672,256,8000,32.130
2026-07-23T01:12:14.960Z,usb,1,3612849267,127363,32604928,256,8000,32.130
2026-07-23T01:12:14.993Z,usb,1,3612849267,127364,32605184,256,8000,32.130
2026-07-23T01:12:15.024Z,usb,1,3612849267,127365,32605440,256,8000,32.130
2026-07-23T01:12:15.056Z,usb,1,3612849267,127366,32605696,256,8000,32.130
2026-07-23T01:12:15.088Z,usb,1,3612849267,127367,32605952,256,8000,32.130
2026-07-23T01:12:15.120Z,usb,1,3612849267,127368,32606208,256,8000,32.130
2026-07-23T01:12:15.152Z,usb,1,3612849267,127369,32606464,256,8000,32.130
2026-07-23T01:12:15.184Z,usb,1,3612849267,127370,32606720,256,8000,32.130
2026-07-23T01:12:15.216Z,usb,1,3612849267,127371,32606976,256,8000,32.130
2026-07-23T01:12:15.248Z,usb,1,3612849267,127372,32607232,256,8000,32.130
2026-07-23T01:12:15.280Z,usb,1,3612849267,127373,32607488,256,8000,32.130
2026-07-23T01:12:15.312Z,usb,1,3612849267,127374,32607744,256,8000,32.130
2026-07-23T01:12:15.344Z,usb,1,3612849267,127375,32608000,256,8000,32.130
2026-07-23T01:12:15.376Z,usb,1,3612849267,127376,32608256,256,8000,32.130
2026-07-23T01:12:15.408Z,usb,1,3612849267,127377,32608512,256,8000,32.130
2026-07-23T01:12:15.440Z,usb,1,3612849267,127378,32608768,256,8000,32.130
2026-07-23T01:12:15.472Z,usb,1,3612849267,127379,32609024,256,8000,32.130
2026-07-23T01:12:15.504Z,usb,1,3612849267,127380,32609280,256,8000,32.130
2026-07-23T01:12:15.536Z,usb,1,3612849267,127381,32609536,256,8000,32.130
2026-07-23T01:12:15.568Z,usb,1,3612849267,127382,32609792,256,8000,32.130
2026-07-23T01:12:15.600Z,usb,1,3612849267,127383,32610048,256,8000,32.130
2026-07-23T01:12:15.632Z,usb,1,3612849267,127384,32610304,256,8000,32.130
2026-07-23T01:12:15.664Z,usb,1,3612849267,127385,32610560,256,8000,32.130
2026-07-23T01:12:15.696Z,usb,1,3612849267,127386,32610816,256,8000,32.130
2026-07-23T01:12:15.728Z,usb,1,3612849267,127387,32611072,256,8000,32.130
2026-07-23T01:12:15.760Z,usb,1,3612849267,127388,32611328,256,8000,32.130
2026-07-23T01:12:15.792Z,usb,1,3612849267,127389,32611584,256,8000,32.130
2026-07-23T01:12:15.824Z,usb,1,3612849267,127390,32611840,256,8000,32.130
2026-07-23T01:12:15.856Z,usb,1,3612849267,127391,32612096,256,8000,32.130
2026-07-23T01:12:15.888Z,usb,1,3612849267,127392,32612352,256,8000,32.130
2026-07-23T01:12:15.920Z,usb,1,3612849267,127393,32612608,256,8000,32.130
2026-07-23T01:12:15.952Z,usb,1,3612849267,127394,32612864,256,8000,32.130
2026-07-23T01:12:15.984Z,usb,1,3612849267,127395,32613120,256,8000,32.130
2026-07-23T01:12:16.017Z,usb,1,3612849267,127396,32613376,256,8000,32.140
2026-07-23T01:12:16.048Z,usb,1,3612849267,127397,32613632,256,8000,32.140
2026-07-23T01:12:16.080Z,usb,1,3612849267,127398,32613888,256,8000,32.140
2026-07-23T01:12:16.112Z,usb,1,3612849267,127399,32614144,256,8000,32.140
2026-07-23T01:12:16.144Z,usb,1,3612849267,127400,32614400,256,8000,32.140
2026-07-23T01:12:16.176Z,usb,1,3612849267,127401,32614656,256,8000,32.140
2026-07-23T01:12:16.208Z,usb,1,3612849267,127402,32614912,256,8000,32.140
2026-07-23T01:12:16.240Z,usb,1,3612849267,127403,32615168,256,8000,32.140
2026-07-23T01:12:16.272Z,usb,1,3612849267,127404,32615424,256,8000,32.140
2026-07-23T01:12:16.304Z,usb,1,3612849267,127405,32615680,256,8000,32.140
2026-07-23T01:12:16.336Z,usb,1,3612849267,127406,32615936,256,8000,32.140
2026-07-23T01:12:16.368Z,usb,1,3612849267,127407,32616192,256,8000,32.140
2026-07-23T01:12:16.400Z,usb,1,3612849267,127408,32616448,256,8000,32.140
2026-07-23T01:12:16.432Z,usb,1,3612849267,127409,32616704,256,8000,32.140
2026-07-23T01:12:16.464Z,usb,1,3612849267,127410,32616960,256,8000,32.140
2026-07-23T01:12:16.496Z,usb,1,3612849267,127411,32617216,256,8000,32.140
2026-07-23T01:12:16.528Z,usb,1,3612849267,127412,32617472,256,8000,32.140
2026-07-23T01:12:16.560Z,usb,1,3612849267,127413,32617728,256,8000,32.140
2026-07-23T01:12:16.592Z,usb,1,3612849267,127414,32617984,256,8000,32.140
2026-07-23T01:12:16.624Z,usb,1,3612849267,127415,32618240,256,8000,32.140
2026-07-23T01:12:16.656Z,usb,1,3612849267,127416,32618496,256,8000,32.140
2026-07-23T01:12:16.688Z,usb,1,3612849267,127417,32618752,256,8000,32.140
2026-07-23T01:12:16.720Z,usb,1,3612849267,127418,32619008,256,8000,32.140
2026-07-23T01:12:16.752Z,usb,1,3612849267,127419,32619264,256,8000,32.140
2026-07-23T01:12:16.784Z,usb,1,3612849267,127420,32619520,256,8000,32.140
2026-07-23T01:12:16.816Z,usb,1,3612849267,127421,32619776,256,8000,32.140
2026-07-23T01:12:16.848Z,usb,1,3612849267,127422,32620032,256,8000,32.140
2026-07-23T01:12:16.880Z,usb,1,3612849267,127423,32620288,256,8000,32.140
2026-07-23T01:12:16.912Z,usb,1,3612849267,127424,32620544,256,8000,32.140
2026-07-23T01:12:16.944Z,usb,1,3612849267,127425,32620800,256,8000,32.140
2026-07-23T01:12:16.976Z,usb,1,3612849267,127426,32621056,256,8000,32.140
2026-07-23T01:12:17.008Z,usb,1,3612849267,127427,32621312,256,8000,32.140
2026-07-23T01:12:17.041Z,usb,1,3612849267,127428,32621568,256,8000,32.130
2026-07-23T01:12:17.072Z,usb,1,3612849267,127429,32621824,256,8000,32.130
2026-07-23T01:12:17.104Z,usb,1,3612849267,127430,32622080,256,8000,32.130
2026-07-23T01:12:17.136Z,usb,1,3612849267,127431,32622336,256,8000,32.130
2026-07-23T01:12:17.168Z,usb,1,3612849267,127432,32622592,256,8000,32.130
2026-07-23T01:12:17.200Z,usb,1,3612849267,127433,32622848,256,8000,32.130
2026-07-23T01:12:17.232Z,usb,1,3612849267,127434,32623104,256,8000,32.130
2026-07-23T01:12:17.264Z,usb,1,3612849267,127435,32623360,256,8000,32.130
2026-07-23T01:12:17.296Z,usb,1,3612849267,127436,32623616,256,8000,32.130
2026-07-23T01:12:17.328Z,usb,1,3612849267,127437,32623872,256,8000,32.130
2026-07-23T01:12:17.360Z,usb,1,3612849267,127438,32624128,256,8000,32.130
2026-07-23T01:12:17.392Z,usb,1,3612849267,127439,32624384,256,8000,32.130
2026-07-23T01:12:17.424Z,usb,1,3612849267,127440,32624640,256,8000,32.130
2026-07-23T01:12:17.456Z,usb,1,3612849267,127441,32624896,256,8000,32.130
2026-07-23T01:12:17.488Z,usb,1,3612849267,127442,32625152,256,8000,32.130
2026-07-23T01:12:17.520Z,usb,1,3612849267,127443,32625408,256,8000,32.130
2026-07-23T01:12:17.552Z,usb,1,3612849267,127444,32625664,256,8000,32.130
2026-07-23T01:12:17.584Z,usb,1,3612849267,127445,32625920,256,8000,32.130
2026-07-23T01:12:17.616Z,usb,1,3612849267,127446,32626176,256,8000,32.130
2026-07-23T01:12:17.648Z,usb,1,3612849267,127447,32626432,256,8000,32.130
2026-07-23T01:12:17.680Z,usb,1,3612849267,127448,32626688,256,8000,32.130
2026-07-23T01:12:17.712Z,usb,1,3612849267,127449,32626944,256,8000,32.130
2026-07-23T01:12:17.744Z,usb,1,3612849267,127450,32627200,256,8000,32.130
2026-07-23T01:12:17.776Z,usb,1,3612849267,127451,32627456,256,8000,32.130
2026-07-23T01:12:17.808Z,usb,1,3612849267,127452,32627712,256,8000,32.130
2026-07-23T01:12:17.840Z,usb,1,3612849267,127453,32627968,256,8000,32.130
2026-07-23T01:12:17.872Z,usb,1,3612849267,127454,32628224,256,8000,32.130
2026-07-23T01:12:17.904Z,usb,1,3612849267,127455,32628480,256,8000,32.130
2026-07-23T01:12:17.936Z,usb,1,3612849267,127456,32628736,256,8000,32.130
2026-07-23T01:12:17.968Z,usb,1,3612849267,127457,32628992,256,8000,32.130
2026-07-23T01:12:18.000Z,usb,1,3612849267,127458,32629248,256,8000,32.130
2026-07-23T01:12:18.032Z,usb,1,3612849267,127459,32629504,256,8000,32.130
2026-07-23T01:12:18.065Z,usb,1,3612849267,127460,32629760,256,8000,32.130
2026-07-23T01:12:18.096Z,usb,1,3612849267,127461,32630016,256,8000,32.130
2026-07-23T01:12:18.128Z,usb,1,3612849267,127462,32630272,256,8000,32.130
2026-07-23T01:12:18.160Z,usb,1,3612849267,127463,32630528,256,8000,32.130
2026-07-23T01:12:18.192Z,usb,1,3612849267,127464,32630784,256,8000,32.130
2026-07-23T01:12:18.224Z,usb,1,3612849267,127465,32631040,256,8000,32.130
2026-07-23T01:12:18.256Z,usb,1,3612849267,127466,32631296,256,8000,32.130
2026-07-23T01:12:18.288Z,usb,1,3612849267,127467,32631552,256,8000,32.130
2026-07-23T01:12:18.320Z,usb,1,3612849267,127468,32631808,256,8000,32.130
2026-07-23T01:12:18.352Z,usb,1,3612849267,127469,32632064,256,8000,32.130
2026-07-23T01:12:18.384Z,usb,1,3612849267,127470,32632320,256,8000,32.130
2026-07-23T01:12:18.416Z,usb,1,3612849267,127471,32632576,256,8000,32.130
2026-07-23T01:12:18.448Z,usb,1,3612849267,127472,32632832,256,8000,32.130
2026-07-23T01:12:18.480Z,usb,1,3612849267,127473,32633088,256,8000,32.130
2026-07-23T01:12:18.512Z,usb,1,3612849267,127474,32633344,256,8000,32.130
2026-07-23T01:12:18.544Z,usb,1,3612849267,127475,32633600,256,8000,32.130
2026-07-23T01:12:18.576Z,usb,1,3612849267,127476,32633856,256,8000,32.130
2026-07-23T01:12:18.608Z,usb,1,3612849267,127477,32634112,256,8000,32.130
2026-07-23T01:12:18.640Z,usb,1,3612849267,127478,32634368,256,8000,32.130
2026-07-23T01:12:18.672Z,usb,1,3612849267,127479,32634624,256,8000,32.130
2026-07-23T01:12:18.704Z,usb,1,3612849267,127480,32634880,256,8000,32.130
2026-07-23T01:12:18.736Z,usb,1,3612849267,127481,32635136,256,8000,32.130
2026-07-23T01:12:18.768Z,usb,1,3612849267,127482,32635392,256,8000,32.130
2026-07-23T01:12:18.800Z,usb,1,3612849267,127483,32635648,256,8000,32.130
2026-07-23T01:12:18.832Z,usb,1,3612849267,127484,32635904,256,8000,32.130
2026-07-23T01:12:18.864Z,usb,1,3612849267,127485,32636160,256,8000,32.130
2026-07-23T01:12:18.896Z,usb,1,3612849267,127486,32636416,256,8000,32.130
2026-07-23T01:12:18.928Z,usb,1,3612849267,127487,32636672,256,8000,32.130
2026-07-23T01:12:18.960Z,usb,1,3612849267,127488,32636928,256,8000,32.130
2026-07-23T01:12:18.992Z,usb,1,3612849267,127489,32637184,256,8000,32.130
2026-07-23T01:12:19.024Z,usb,1,3612849267,127490,32637440,256,8000,32.130
2026-07-23T01:12:19.056Z,usb,1,3612849267,127491,32637696,256,8000,32.130
2026-07-23T01:12:19.089Z,usb,1,3612849267,127492,32637952,256,8000,32.140
2026-07-23T01:12:19.120Z,usb,1,3612849267,127493,32638208,256,8000,32.140
2026-07-23T01:12:19.152Z,usb,1,3612849267,127494,32638464,256,8000,32.140
2026-07-23T01:12:19.184Z,usb,1,3612849267,127495,32638720,256,8000,32.140
2026-07-23T01:12:19.216Z,usb,1,3612849267,127496,32638976,256,8000,32.140
2026-07-23T01:12:19.252Z,usb,1,3612849267,127497,32639232,256,8000,32.140
2026-07-23T01:12:19.280Z,usb,1,3612849267,127498,32639488,256,8000,32.140
2026-07-23T01:12:19.312Z,usb,1,3612849267,127499,32639744,256,8000,32.140
2026-07-23T01:12:19.344Z,usb,1,3612849267,127500,32640000,256,8000,32.140
2026-07-23T01:12:19.376Z,usb,1,3612849267,127501,32640256,256,8000,32.140
2026-07-23T01:12:19.408Z,usb,1,3612849267,127502,32640512,256,8000,32.140
2026-07-23T01:12:19.440Z,usb,1,3612849267,127503,32640768,256,8000,32.140
2026-07-23T01:12:19.472Z,usb,1,3612849267,127504,32641024,256,8000,32.140
2026-07-23T01:12:19.504Z,usb,1,3612849267,127505,32641280,256,8000,32.140
2026-07-23T01:12:19.536Z,usb,1,3612849267,127506,32641536,256,8000,32.140
2026-07-23T01:12:19.568Z,usb,1,3612849267,127507,32641792,256,8000,32.140
2026-07-23T01:12:19.600Z,usb,1,3612849267,127508,32642048,256,8000,32.140
2026-07-23T01:12:19.632Z,usb,1,3612849267,127509,32642304,256,8000,32.140
2026-07-23T01:12:19.664Z,usb,1,3612849267,127510,32642560,256,8000,32.140
2026-07-23T01:12:19.696Z,usb,1,3612849267,127511,32642816,256,8000,32.140
2026-07-23T01:12:19.728Z,usb,1,3612849267,127512,32643072,256,8000,32.140
2026-07-23T01:12:19.760Z,usb,1,3612849267,127513,32643328,256,8000,32.140
2026-07-23T01:12:19.792Z,usb,1,3612849267,127514,32643584,256,8000,32.140
2026-07-23T01:12:19.824Z,usb,1,3612849267,127515,32643840,256,8000,32.140
2026-07-23T01:12:19.856Z,usb,1,3612849267,127516,32644096,256,8000,32.140
2026-07-23T01:12:19.888Z,usb,1,3612849267,127517,32644352,256,8000,32.140
2026-07-23T01:12:19.920Z,usb,1,3612849267,127518,32644608,256,8000,32.140
2026-07-23T01:12:19.952Z,usb,1,3612849267,127519,32644864,256,8000,32.140
2026-07-23T01:12:19.984Z,usb,1,3612849267,127520,32645120,256,8000,32.140
2026-07-23T01:12:20.016Z,usb,1,3612849267,127521,32645376,256,8000,32.140
2026-07-23T01:12:20.048Z,usb,1,3612849267,127522,32645632,256,8000,32.140
2026-07-23T01:12:20.080Z,usb,1,3612849267,127523,32645888,256,8000,32.140
2026-07-23T01:12:20.113Z,usb,1,3612849267,127524,32646144,256,8000,32.140
2026-07-23T01:12:20.144Z,usb,1,3612849267,127525,32646400,256,8000,32.140
2026-07-23T01:12:20.176Z,usb,1,3612849267,127526,32646656,256,8000,32.140
2026-07-23T01:12:20.208Z,usb,1,3612849267,127527,32646912,256,8000,32.140
2026-07-23T01:12:20.240Z,usb,1,3612849267,127528,32647168,256,8000,32.140
2026-07-23T01:12:20.272Z,usb,1,3612849267,127529,32647424,256,8000,32.140
2026-07-23T01:12:20.304Z,usb,1,3612849267,127530,32647680,256,8000,32.140
2026-07-23T01:12:20.336Z,usb,1,3612849267,127531,32647936,256,8000,32.140
2026-07-23T01:12:20.368Z,usb,1,3612849267,127532,32648192,256,8000,32.140
2026-07-23T01:12:20.400Z,usb,1,3612849267,127533,32648448,256,8000,32.140
2026-07-23T01:12:20.432Z,usb,1,3612849267,127534,32648704,256,8000,32.140
2026-07-23T01:12:20.464Z,usb,1,3612849267,127535,32648960,256,8000,32.140
2026-07-23T01:12:20.496Z,usb,1,3612849267,127536,32649216,256,8000,32.140
2026-07-23T01:12:20.528Z,usb,1,3612849267,127537,32649472,256,8000,32.140
2026-07-23T01:12:20.560Z,usb,1,3612849267,127538,32649728,256,8000,32.140
2026-07-23T01:12:20.592Z,usb,1,3612849267,127539,32649984,256,8000,32.140
2026-07-23T01:12:20.624Z,usb,1,3612849267,127540,32650240,256,8000,32.140
2026-07-23T01:12:20.656Z,usb,1,3612849267,127541,32650496,256,8000,32.140
2026-07-23T01:12:20.688Z,usb,1,3612849267,127542,32650752,256,8000,32.140
2026-07-23T01:12:20.720Z,usb,1,3612849267,127543,32651008,256,8000,32.140
2026-07-23T01:12:20.752Z,usb,1,3612849267,127544,32651264,256,8000,32.140
2026-07-23T01:12:20.784Z,usb,1,3612849267,127545,32651520,256,8000,32.140
2026-07-23T01:12:20.816Z,usb,1,3612849267,127546,32651776,256,8000,32.140
2026-07-23T01:12:20.848Z,usb,1,3612849267,127547,32652032,256,8000,32.140
2026-07-23T01:12:20.880Z,usb,1,3612849267,127548,32652288,256,8000,32.140
2026-07-23T01:12:20.912Z,usb,1,3612849267,127549,32652544,256,8000,32.140
2026-07-23T01:12:20.944Z,usb,1,3612849267,127550,32652800,256,8000,32.140
2026-07-23T01:12:20.976Z,usb,1,3612849267,127551,32653056,256,8000,32.140
2026-07-23T01:12:21.008Z,usb,1,3612849267,127552,32653312,256,8000,32.140
2026-07-23T01:12:21.040Z,usb,1,3612849267,127553,32653568,256,8000,32.140
2026-07-23T01:12:21.072Z,usb,1,3612849267,127554,32653824,256,8000,32.140
2026-07-23T01:12:21.104Z,usb,1,3612849267,127555,32654080,256,8000,32.140
2026-07-23T01:12:21.137Z,usb,1,3612849267,127556,32654336,256,8000,32.130
2026-07-23T01:12:21.168Z,usb,1,3612849267,127557,32654592,256,8000,32.130
2026-07-23T01:12:21.200Z,usb,1,3612849267,127558,32654848,256,8000,32.130
2026-07-23T01:12:21.232Z,usb,1,3612849267,127559,32655104,256,8000,32.130
2026-07-23T01:12:21.264Z,usb,1,3612849267,127560,32655360,256,8000,32.130
2026-07-23T01:12:21.296Z,usb,1,3612849267,127561,32655616,256,8000,32.130
2026-07-23T01:12:21.328Z,usb,1,3612849267,127562,32655872,256,8000,32.130
2026-07-23T01:12:21.360Z,usb,1,3612849267,127563,32656128,256,8000,32.130
2026-07-23T01:12:21.392Z,usb,1,3612849267,127564,32656384,256,8000,32.130
2026-07-23T01:12:21.424Z,usb,1,3612849267,127565,32656640,256,8000,32.130
2026-07-23T01:12:21.456Z,usb,1,3612849267,127566,32656896,256,8000,32.130
2026-07-23T01:12:21.488Z,usb,1,3612849267,127567,32657152,256,8000,32.130
2026-07-23T01:12:21.520Z,usb,1,3612849267,127568,32657408,256,8000,32.130
2026-07-23T01:12:21.552Z,usb,1,3612849267,127569,32657664,256,8000,32.130
2026-07-23T01:12:21.584Z,usb,1,3612849267,127570,32657920,256,8000,32.130
2026-07-23T01:12:21.616Z,usb,1,3612849267,127571,32658176,256,8000,32.130
2026-07-23T01:12:21.648Z,usb,1,3612849267,127572,32658432,256,8000,32.130
2026-07-23T01:12:21.680Z,usb,1,3612849267,127573,32658688,256,8000,32.130
2026-07-23T01:12:21.712Z,usb,1,3612849267,127574,32658944,256,8000,32.130
2026-07-23T01:12:21.744Z,usb,1,3612849267,127575,32659200,256,8000,32.130
2026-07-23T01:12:21.776Z,usb,1,3612849267,127576,32659456,256,8000,32.130
2026-07-23T01:12:21.808Z,usb,1,3612849267,127577,32659712,256,8000,32.130
2026-07-23T01:12:21.840Z,usb,1,3612849267,127578,32659968,256,8000,32.130
2026-07-23T01:12:21.872Z,usb,1,3612849267,127579,32660224,256,8000,32.130
2026-07-23T01:12:21.904Z,usb,1,3612849267,127580,32660480,256,8000,32.130
2026-07-23T01:12:21.936Z,usb,1,3612849267,127581,32660736,256,8000,32.130
2026-07-23T01:12:21.968Z,usb,1,3612849267,127582,32660992,256,8000,32.130
2026-07-23T01:12:22.000Z,usb,1,3612849267,127583,32661248,256,8000,32.130
2026-07-23T01:12:22.032Z,usb,1,3612849267,127584,32661504,256,8000,32.130
2026-07-23T01:12:22.064Z,usb,1,3612849267,127585,32661760,256,8000,32.130
2026-07-23T01:12:22.096Z,usb,1,3612849267,127586,32662016,256,8000,32.130
2026-07-23T01:12:22.128Z,usb,1,3612849267,127587,32662272,256,8000,32.130
2026-07-23T01:12:22.161Z,usb,1,3612849267,127588,32662528,256,8000,32.130
2026-07-23T01:12:22.192Z,usb,1,3612849267,127589,32662784,256,8000,32.130
2026-07-23T01:12:22.224Z,usb,1,3612849267,127590,32663040,256,8000,32.130
2026-07-23T01:12:22.256Z,usb,1,3612849267,127591,32663296,256,8000,32.130
2026-07-23T01:12:22.288Z,usb,1,3612849267,127592,32663552,256,8000,32.130
2026-07-23T01:12:22.320Z,usb,1,3612849267,127593,32663808,256,8000,32.130
2026-07-23T01:12:22.352Z,usb,1,3612849267,127594,32664064,256,8000,32.130
2026-07-23T01:12:22.384Z,usb,1,3612849267,127595,32664320,256,8000,32.130
2026-07-23T01:12:22.416Z,usb,1,3612849267,127596,32664576,256,8000,32.130
2026-07-23T01:12:22.448Z,usb,1,3612849267,127597,32664832,256,8000,32.130
2026-07-23T01:12:22.480Z,usb,1,3612849267,127598,32665088,256,8000,32.130
2026-07-23T01:12:22.512Z,usb,1,3612849267,127599,32665344,256,8000,32.130
2026-07-23T01:12:22.544Z,usb,1,3612849267,127600,32665600,256,8000,32.130
2026-07-23T01:12:22.576Z,usb,1,3612849267,127601,32665856,256,8000,32.130
2026-07-23T01:12:22.608Z,usb,1,3612849267,127602,32666112,256,8000,32.130
2026-07-23T01:12:22.641Z,usb,1,3612849267,127603,32666368,256,8000,32.130
2026-07-23T01:12:22.672Z,usb,1,3612849267,127604,32666624,256,8000,32.130
2026-07-23T01:12:22.704Z,usb,1,3612849267,127605,32666880,256,8000,32.130
2026-07-23T01:12:22.736Z,usb,1,3612849267,127606,32667136,256,8000,32.130
2026-07-23T01:12:22.768Z,usb,1,3612849267,127607,32667392,256,8000,32.130
2026-07-23T01:12:22.800Z,usb,1,3612849267,127608,32667648,256,8000,32.130
2026-07-23T01:12:22.832Z,usb,1,3612849267,127609,32667904,256,8000,32.130
2026-07-23T01:12:22.864Z,usb,1,3612849267,127610,32668160,256,8000,32.130
2026-07-23T01:12:22.896Z,usb,1,3612849267,127611,32668416,256,8000,32.130
2026-07-23T01:12:22.928Z,usb,1,3612849267,127612,32668672,256,8000,32.130
2026-07-23T01:12:22.960Z,usb,1,3612849267,127613,32668928,256,8000,32.130
2026-07-23T01:12:22.992Z,usb,1,3612849267,127614,32669184,256,8000,32.130
2026-07-23T01:12:23.024Z,usb,1,3612849267,127615,32669440,256,8000,32.130
2026-07-23T01:12:23.056Z,usb,1,3612849267,127616,32669696,256,8000,32.130
2026-07-23T01:12:23.088Z,usb,1,3612849267,127617,32669952,256,8000,32.130
2026-07-23T01:12:23.120Z,usb,1,3612849267,127618,32670208,256,8000,32.130
2026-07-23T01:12:23.152Z,usb,1,3612849267,127619,32670464,256,8000,32.130
2026-07-23T01:12:23.185Z,usb,1,3612849267,127620,32670720,256,8000,32.130
2026-07-23T01:12:23.216Z,usb,1,3612849267,127621,32670976,256,8000,32.130
2026-07-23T01:12:23.248Z,usb,1,3612849267,127622,32671232,256,8000,32.130
2026-07-23T01:12:23.280Z,usb,1,3612849267,127623,32671488,256,8000,32.130
2026-07-23T01:12:23.312Z,usb,1,3612849267,127624,32671744,256,8000,32.130
2026-07-23T01:12:23.344Z,usb,1,3612849267,127625,32672000,256,8000,32.130
2026-07-23T01:12:23.376Z,usb,1,3612849267,127626,32672256,256,8000,32.130
2026-07-23T01:12:23.408Z,usb,1,3612849267,127627,32672512,256,8000,32.130
2026-07-23T01:12:23.440Z,usb,1,3612849267,127628,32672768,256,8000,32.130
2026-07-23T01:12:23.472Z,usb,1,3612849267,127629,32673024,256,8000,32.130
2026-07-23T01:12:23.504Z,usb,1,3612849267,127630,32673280,256,8000,32.130
2026-07-23T01:12:23.536Z,usb,1,3612849267,127631,32673536,256,8000,32.130
2026-07-23T01:12:23.568Z,usb,1,3612849267,127632,32673792,256,8000,32.130
2026-07-23T01:12:23.600Z,usb,1,3612849267,127633,32674048,256,8000,32.130
2026-07-23T01:12:23.632Z,usb,1,3612849267,127634,32674304,256,8000,32.130
2026-07-23T01:12:23.664Z,usb,1,3612849267,127635,32674560,256,8000,32.130
2026-07-23T01:12:23.696Z,usb,1,3612849267,127636,32674816,256,8000,32.130
2026-07-23T01:12:23.728Z,usb,1,3612849267,127637,32675072,256,8000,32.130
2026-07-23T01:12:23.760Z,usb,1,3612849267,127638,32675328,256,8000,32.130
2026-07-23T01:12:23.792Z,usb,1,3612849267,127639,32675584,256,8000,32.130
2026-07-23T01:12:23.824Z,usb,1,3612849267,127640,32675840,256,8000,32.130
2026-07-23T01:12:23.856Z,usb,1,3612849267,127641,32676096,256,8000,32.130
2026-07-23T01:12:23.888Z,usb,1,3612849267,127642,32676352,256,8000,32.130
2026-07-23T01:12:23.920Z,usb,1,3612849267,127643,32676608,256,8000,32.130
2026-07-23T01:12:23.952Z,usb,1,3612849267,127644,32676864,256,8000,32.130
2026-07-23T01:12:23.984Z,usb,1,3612849267,127645,32677120,256,8000,32.130
2026-07-23T01:12:24.016Z,usb,1,3612849267,127646,32677376,256,8000,32.130
2026-07-23T01:12:24.048Z,usb,1,3612849267,127647,32677632,256,8000,32.130
2026-07-23T01:12:24.080Z,usb,1,3612849267,127648,32677888,256,8000,32.130
2026-07-23T01:12:24.112Z,usb,1,3612849267,127649,32678144,256,8000,32.130
2026-07-23T01:12:24.144Z,usb,1,3612849267,127650,32678400,256,8000,32.130
2026-07-23T01:12:24.176Z,usb,1,3612849267,127651,32678656,256,8000,32.130
2026-07-23T01:12:24.209Z,usb,1,3612849267,127652,32678912,256,8000,32.140
2026-07-23T01:12:24.240Z,usb,1,3612849267,127653,32679168,256,8000,32.140
2026-07-23T01:12:24.272Z,usb,1,3612849267,127654,32679424,256,8000,32.140
2026-07-23T01:12:24.304Z,usb,1,3612849267,127655,32679680,256,8000,32.140
2026-07-23T01:12:24.336Z,usb,1,3612849267,127656,32679936,256,8000,32.140
2026-07-23T01:12:24.368Z,usb,1,3612849267,127657,32680192,256,8000,32.140
2026-07-23T01:12:24.400Z,usb,1,3612849267,127658,32680448,256,8000,32.140
2026-07-23T01:12:24.432Z,usb,1,3612849267,127659,32680704,256,8000,32.140
2026-07-23T01:12:24.464Z,usb,1,3612849267,127660,32680960,256,8000,32.140
2026-07-23T01:12:24.496Z,usb,1,3612849267,127661,32681216,256,8000,32.140
2026-07-23T01:12:24.528Z,usb,1,3612849267,127662,32681472,256,8000,32.140
2026-07-23T01:12:24.560Z,usb,1,3612849267,127663,32681728,256,8000,32.140
2026-07-23T01:12:24.592Z,usb,1,3612849267,127664,32681984,256,8000,32.140
2026-07-23T01:12:24.624Z,usb,1,3612849267,127665,32682240,256,8000,32.140
2026-07-23T01:12:24.656Z,usb,1,3612849267,127666,32682496,256,8000,32.140
2026-07-23T01:12:24.688Z,usb,1,3612849267,127667,32682752,256,8000,32.140
2026-07-23T01:12:24.720Z,usb,1,3612849267,127668,32683008,256,8000,32.140
2026-07-23T01:12:24.752Z,usb,1,3612849267,127669,32683264,256,8000,32.140
2026-07-23T01:12:24.784Z,usb,1,3612849267,127670,32683520,256,8000,32.140
2026-07-23T01:12:24.816Z,usb,1,3612849267,127671,32683776,256,8000,32.140
2026-07-23T01:12:24.848Z,usb,1,3612849267,127672,32684032,256,8000,32.140
2026-07-23T01:12:24.880Z,usb,1,3612849267,127673,32684288,256,8000,32.140
2026-07-23T01:12:24.912Z,usb,1,3612849267,127674,32684544,256,8000,32.140
2026-07-23T01:12:24.944Z,usb,1,3612849267,127675,32684800,256,8000,32.140
2026-07-23T01:12:24.976Z,usb,1,3612849267,127676,32685056,256,8000,32.140
2026-07-23T01:12:25.008Z,usb,1,3612849267,127677,32685312,256,8000,32.140
2026-07-23T01:12:25.040Z,usb,1,3612849267,127678,32685568,256,8000,32.140
2026-07-23T01:12:25.072Z,usb,1,3612849267,127679,32685824,256,8000,32.140
2026-07-23T01:12:25.104Z,usb,1,3612849267,127680,32686080,256,8000,32.140
2026-07-23T01:12:25.136Z,usb,1,3612849267,127681,32686336,256,8000,32.140
2026-07-23T01:12:25.168Z,usb,1,3612849267,127682,32686592,256,8000,32.140
2026-07-23T01:12:25.200Z,usb,1,3612849267,127683,32686848,256,8000,32.140
2026-07-23T01:12:25.233Z,usb,1,3612849267,127684,32687104,256,8000,32.130
2026-07-23T01:12:25.264Z,usb,1,3612849267,127685,32687360,256,8000,32.130
2026-07-23T01:12:25.296Z,usb,1,3612849267,127686,32687616,256,8000,32.130
2026-07-23T01:12:25.328Z,usb,1,3612849267,127687,32687872,256,8000,32.130
2026-07-23T01:12:25.360Z,usb,1,3612849267,127688,32688128,256,8000,32.130
2026-07-23T01:12:25.392Z,usb,1,3612849267,127689,32688384,256,8000,32.130
2026-07-23T01:12:25.424Z,usb,1,3612849267,127690,32688640,256,8000,32.130
2026-07-23T01:12:25.456Z,usb,1,3612849267,127691,32688896,256,8000,32.130
2026-07-23T01:12:25.488Z,usb,1,3612849267,127692,32689152,256,8000,32.130
2026-07-23T01:12:25.520Z,usb,1,3612849267,127693,32689408,256,8000,32.130
2026-07-23T01:12:25.552Z,usb,1,3612849267,127694,32689664,256,8000,32.130
2026-07-23T01:12:25.584Z,usb,1,3612849267,127695,32689920,256,8000,32.130
2026-07-23T01:12:25.616Z,usb,1,3612849267,127696,32690176,256,8000,32.130
2026-07-23T01:12:25.648Z,usb,1,3612849267,127697,32690432,256,8000,32.130
2026-07-23T01:12:25.680Z,usb,1,3612849267,127698,32690688,256,8000,32.130
2026-07-23T01:12:25.712Z,usb,1,3612849267,127699,32690944,256,8000,32.130
2026-07-23T01:12:25.744Z,usb,1,3612849267,127700,32691200,256,8000,32.130
2026-07-23T01:12:25.776Z,usb,1,3612849267,127701,32691456,256,8000,32.130
2026-07-23T01:12:25.808Z,usb,1,3612849267,127702,32691712,256,8000,32.130
2026-07-23T01:12:25.840Z,usb,1,3612849267,127703,32691968,256,8000,32.130
2026-07-23T01:12:25.872Z,usb,1,3612849267,127704,32692224,256,8000,32.130
2026-07-23T01:12:25.904Z,usb,1,3612849267,127705,32692480,256,8000,32.130
2026-07-23T01:12:25.936Z,usb,1,3612849267,127706,32692736,256,8000,32.130
2026-07-23T01:12:25.968Z,usb,1,3612849267,127707,32692992,256,8000,32.130
2026-07-23T01:12:26.000Z,usb,1,3612849267,127708,32693248,256,8000,32.130
2026-07-23T01:12:26.032Z,usb,1,3612849267,127709,32693504,256,8000,32.130
2026-07-23T01:12:26.064Z,usb,1,3612849267,127710,32693760,256,8000,32.130
2026-07-23T01:12:26.096Z,usb,1,3612849267,127711,32694016,256,8000,32.130
2026-07-23T01:12:26.128Z,usb,1,3612849267,127712,32694272,256,8000,32.130
2026-07-23T01:12:26.162Z,usb,1,3612849267,127713,32694528,256,8000,32.130
2026-07-23T01:12:26.192Z,usb,1,3612849267,127714,32694784,256,8000,32.130
2026-07-23T01:12:26.224Z,usb,1,3612849267,127715,32695040,256,8000,32.130
2026-07-23T01:12:26.257Z,usb,1,3612849267,127716,32695296,256,8000,32.140
2026-07-23T01:12:26.288Z,usb,1,3612849267,127717,32695552,256,8000,32.140
2026-07-23T01:12:26.320Z,usb,1,3612849267,127718,32695808,256,8000,32.140
2026-07-23T01:12:26.352Z,usb,1,3612849267,127719,32696064,256,8000,32.140
2026-07-23T01:12:26.384Z,usb,1,3612849267,127720,32696320,256,8000,32.140
2026-07-23T01:12:26.416Z,usb,1,3612849267,127721,32696576,256,8000,32.140
2026-07-23T01:12:26.448Z,usb,1,3612849267,127722,32696832,256,8000,32.140
2026-07-23T01:12:26.480Z,usb,1,3612849267,127723,32697088,256,8000,32.140
2026-07-23T01:12:26.512Z,usb,1,3612849267,127724,32697344,256,8000,32.140
2026-07-23T01:12:26.544Z,usb,1,3612849267,127725,32697600,256,8000,32.140
2026-07-23T01:12:26.576Z,usb,1,3612849267,127726,32697856,256,8000,32.140
2026-07-23T01:12:26.608Z,usb,1,3612849267,127727,32698112,256,8000,32.140
2026-07-23T01:12:26.640Z,usb,1,3612849267,127728,32698368,256,8000,32.140
2026-07-23T01:12:26.672Z,usb,1,3612849267,127729,32698624,256,8000,32.140
2026-07-23T01:12:26.704Z,usb,1,3612849267,127730,32698880,256,8000,32.140
2026-07-23T01:12:26.736Z,usb,1,3612849267,127731,32699136,256,8000,32.140
2026-07-23T01:12:26.768Z,usb,1,3612849267,127732,32699392,256,8000,32.140
2026-07-23T01:12:26.800Z,usb,1,3612849267,127733,32699648,256,8000,32.140
2026-07-23T01:12:26.832Z,usb,1,3612849267,127734,32699904,256,8000,32.140
2026-07-23T01:12:26.864Z,usb,1,3612849267,127735,32700160,256,8000,32.140
2026-07-23T01:12:26.896Z,usb,1,3612849267,127736,32700416,256,8000,32.140
2026-07-23T01:12:26.928Z,usb,1,3612849267,127737,32700672,256,8000,32.140
2026-07-23T01:12:26.960Z,usb,1,3612849267,127738,32700928,256,8000,32.140
2026-07-23T01:12:26.992Z,usb,1,3612849267,127739,32701184,256,8000,32.140
2026-07-23T01:12:27.024Z,usb,1,3612849267,127740,32701440,256,8000,32.140
2026-07-23T01:12:27.056Z,usb,1,3612849267,127741,32701696,256,8000,32.140
2026-07-23T01:12:27.088Z,usb,1,3612849267,127742,32701952,256,8000,32.140
2026-07-23T01:12:27.120Z,usb,1,3612849267,127743,32702208,256,8000,32.140
2026-07-23T01:12:27.152Z,usb,1,3612849267,127744,32702464,256,8000,32.140
2026-07-23T01:12:27.184Z,usb,1,3612849267,127745,32702720,256,8000,32.140
2026-07-23T01:12:27.216Z,usb,1,3612849267,127746,32702976,256,8000,32.140
2026-07-23T01:12:27.248Z,usb,1,3612849267,127747,32703232,256,8000,32.140
2026-07-23T01:12:27.281Z,usb,1,3612849267,127748,32703488,256,8000,32.140
2026-07-23T01:12:27.312Z,usb,1,3612849267,127749,32703744,256,8000,32.140
2026-07-23T01:12:27.344Z,usb,1,3612849267,127750,32704000,256,8000,32.140
2026-07-23T01:12:27.376Z,usb,1,3612849267,127751,32704256,256,8000,32.140
2026-07-23T01:12:27.408Z,usb,1,3612849267,127752,32704512,256,8000,32.140
2026-07-23T01:12:27.440Z,usb,1,3612849267,127753,32704768,256,8000,32.140
2026-07-23T01:12:27.472Z,usb,1,3612849267,127754,32705024,256,8000,32.140
2026-07-23T01:12:27.504Z,usb,1,3612849267,127755,32705280,256,8000,32.140
2026-07-23T01:12:27.536Z,usb,1,3612849267,127756,32705536,256,8000,32.140
2026-07-23T01:12:27.568Z,usb,1,3612849267,127757,32705792,256,8000,32.140
2026-07-23T01:12:27.600Z,usb,1,3612849267,127758,32706048,256,8000,32.140
2026-07-23T01:12:27.632Z,usb,1,3612849267,127759,32706304,256,8000,32.140
2026-07-23T01:12:27.664Z,usb,1,3612849267,127760,32706560,256,8000,32.140
2026-07-23T01:12:27.696Z,usb,1,3612849267,127761,32706816,256,8000,32.140
2026-07-23T01:12:27.728Z,usb,1,3612849267,127762,32707072,256,8000,32.140
2026-07-23T01:12:27.760Z,usb,1,3612849267,127763,32707328,256,8000,32.140
2026-07-23T01:12:27.792Z,usb,1,3612849267,127764,32707584,256,8000,32.140
2026-07-23T01:12:27.824Z,usb,1,3612849267,127765,32707840,256,8000,32.140
2026-07-23T01:12:27.856Z,usb,1,3612849267,127766,32708096,256,8000,32.140
2026-07-23T01:12:27.888Z,usb,1,3612849267,127767,32708352,256,8000,32.140
2026-07-23T01:12:27.920Z,usb,1,3612849267,127768,32708608,256,8000,32.140
2026-07-23T01:12:27.952Z,usb,1,3612849267,127769,32708864,256,8000,32.140
2026-07-23T01:12:27.984Z,usb,1,3612849267,127770,32709120,256,8000,32.140
2026-07-23T01:12:28.016Z,usb,1,3612849267,127771,32709376,256,8000,32.140
2026-07-23T01:12:28.048Z,usb,1,3612849267,127772,32709632,256,8000,32.140
2026-07-23T01:12:28.080Z,usb,1,3612849267,127773,32709888,256,8000,32.140
2026-07-23T01:12:28.112Z,usb,1,3612849267,127774,32710144,256,8000,32.140
2026-07-23T01:12:28.144Z,usb,1,3612849267,127775,32710400,256,8000,32.140
2026-07-23T01:12:28.176Z,usb,1,3612849267,127776,32710656,256,8000,32.140
2026-07-23T01:12:28.211Z,usb,1,3612849267,127777,32710912,256,8000,32.140
2026-07-23T01:12:28.240Z,usb,1,3612849267,127778,32711168,256,8000,32.140
2026-07-23T01:12:28.272Z,usb,1,3612849267,127779,32711424,256,8000,32.140
2026-07-23T01:12:28.305Z,usb,1,3612849267,127780,32711680,256,8000,32.140
2026-07-23T01:12:28.336Z,usb,1,3612849267,127781,32711936,256,8000,32.140
2026-07-23T01:12:28.368Z,usb,1,3612849267,127782,32712192,256,8000,32.140
2026-07-23T01:12:28.400Z,usb,1,3612849267,127783,32712448,256,8000,32.140
2026-07-23T01:12:28.432Z,usb,1,3612849267,127784,32712704,256,8000,32.140
2026-07-23T01:12:28.464Z,usb,1,3612849267,127785,32712960,256,8000,32.140
2026-07-23T01:12:28.496Z,usb,1,3612849267,127786,32713216,256,8000,32.140
2026-07-23T01:12:28.528Z,usb,1,3612849267,127787,32713472,256,8000,32.140
2026-07-23T01:12:28.560Z,usb,1,3612849267,127788,32713728,256,8000,32.140
2026-07-23T01:12:28.592Z,usb,1,3612849267,127789,32713984,256,8000,32.140
2026-07-23T01:12:28.624Z,usb,1,3612849267,127790,32714240,256,8000,32.140
2026-07-23T01:12:28.656Z,usb,1,3612849267,127791,32714496,256,8000,32.140
2026-07-23T01:12:28.688Z,usb,1,3612849267,127792,32714752,256,8000,32.140
2026-07-23T01:12:28.720Z,usb,1,3612849267,127793,32715008,256,8000,32.140
2026-07-23T01:12:28.752Z,usb,1,3612849267,127794,32715264,256,8000,32.140
2026-07-23T01:12:28.784Z,usb,1,3612849267,127795,32715520,256,8000,32.140
2026-07-23T01:12:28.816Z,usb,1,3612849267,127796,32715776,256,8000,32.140
2026-07-23T01:12:28.848Z,usb,1,3612849267,127797,32716032,256,8000,32.140
2026-07-23T01:12:28.880Z,usb,1,3612849267,127798,32716288,256,8000,32.140
2026-07-23T01:12:28.912Z,usb,1,3612849267,127799,32716544,256,8000,32.140
2026-07-23T01:12:28.944Z,usb,1,3612849267,127800,32716800,256,8000,32.140
2026-07-23T01:12:28.976Z,usb,1,3612849267,127801,32717056,256,8000,32.140
2026-07-23T01:12:29.008Z,usb,1,3612849267,127802,32717312,256,8000,32.140
2026-07-23T01:12:29.040Z,usb,1,3612849267,127803,32717568,256,8000,32.140
2026-07-23T01:12:29.072Z,usb,1,3612849267,127804,32717824,256,8000,32.140
2026-07-23T01:12:29.104Z,usb,1,3612849267,127805,32718080,256,8000,32.140
2026-07-23T01:12:29.136Z,usb,1,3612849267,127806,32718336,256,8000,32.140
2026-07-23T01:12:29.168Z,usb,1,3612849267,127807,32718592,256,8000,32.140
2026-07-23T01:12:29.200Z,usb,1,3612849267,127808,32718848,256,8000,32.140
2026-07-23T01:12:29.232Z,usb,1,3612849267,127809,32719104,256,8000,32.140
2026-07-23T01:12:29.264Z,usb,1,3612849267,127810,32719360,256,8000,32.140
2026-07-23T01:12:29.296Z,usb,1,3612849267,127811,32719616,256,8000,32.140
2026-07-23T01:12:29.329Z,usb,1,3612849267,127812,32719872,256,8000,32.130
2026-07-23T01:12:29.360Z,usb,1,3612849267,127813,32720128,256,8000,32.130
2026-07-23T01:12:29.392Z,usb,1,3612849267,127814,32720384,256,8000,32.130
2026-07-23T01:12:29.424Z,usb,1,3612849267,127815,32720640,256,8000,32.130
2026-07-23T01:12:29.456Z,usb,1,3612849267,127816,32720896,256,8000,32.130
2026-07-23T01:12:29.488Z,usb,1,3612849267,127817,32721152,256,8000,32.130
2026-07-23T01:12:29.520Z,usb,1,3612849267,127818,32721408,256,8000,32.130
2026-07-23T01:12:29.552Z,usb,1,3612849267,127819,32721664,256,8000,32.130
2026-07-23T01:12:29.584Z,usb,1,3612849267,127820,32721920,256,8000,32.130
2026-07-23T01:12:29.616Z,usb,1,3612849267,127821,32722176,256,8000,32.130
2026-07-23T01:12:29.648Z,usb,1,3612849267,127822,32722432,256,8000,32.130
2026-07-23T01:12:29.680Z,usb,1,3612849267,127823,32722688,256,8000,32.130
2026-07-23T01:12:29.712Z,usb,1,3612849267,127824,32722944,256,8000,32.130
2026-07-23T01:12:29.744Z,usb,1,3612849267,127825,32723200,256,8000,32.130
2026-07-23T01:12:29.776Z,usb,1,3612849267,127826,32723456,256,8000,32.130
2026-07-23T01:12:29.808Z,usb,1,3612849267,127827,32723712,256,8000,32.130
2026-07-23T01:12:29.840Z,usb,1,3612849267,127828,32723968,256,8000,32.130
2026-07-23T01:12:29.872Z,usb,1,3612849267,127829,32724224,256,8000,32.130
2026-07-23T01:12:29.904Z,usb,1,3612849267,127830,32724480,256,8000,32.130
2026-07-23T01:12:29.936Z,usb,1,3612849267,127831,32724736,256,8000,32.130
2026-07-23T01:12:29.968Z,usb,1,3612849267,127832,32724992,256,8000,32.130
2026-07-23T01:12:30.000Z,usb,1,3612849267,127833,32725248,256,8000,32.130
2026-07-23T01:12:30.032Z,usb,1,3612849267,127834,32725504,256,8000,32.130
2026-07-23T01:12:30.064Z,usb,1,3612849267,127835,32725760,256,8000,32.130
2026-07-23T01:12:30.096Z,usb,1,3612849267,127836,32726016,256,8000,32.130
2026-07-23T01:12:30.128Z,usb,1,3612849267,127837,32726272,256,8000,32.130
2026-07-23T01:12:30.160Z,usb,1,3612849267,127838,32726528,256,8000,32.130
2026-07-23T01:12:30.192Z,usb,1,3612849267,127839,32726784,256,8000,32.130
2026-07-23T01:12:30.224Z,usb,1,3612849267,127840,32727040,256,8000,32.130
2026-07-23T01:12:30.256Z,usb,1,3612849267,127841,32727296,256,8000,32.130
2026-07-23T01:12:30.288Z,usb,1,3612849267,127842,32727552,256,8000,32.130
2026-07-23T01:12:30.320Z,usb,1,3612849267,127843,32727808,256,8000,32.130
2026-07-23T01:12:30.353Z,usb,1,3612849267,127844,32728064,256,8000,32.140
2026-07-23T01:12:30.384Z,usb,1,3612849267,127845,32728320,256,8000,32.140
2026-07-23T01:12:30.416Z,usb,1,3612849267,127846,32728576,256,8000,32.140
2026-07-23T01:12:30.448Z,usb,1,3612849267,127847,32728832,256,8000,32.140
2026-07-23T01:12:30.480Z,usb,1,3612849267,127848,32729088,256,8000,32.140
2026-07-23T01:12:30.512Z,usb,1,3612849267,127849,32729344,256,8000,32.140
2026-07-23T01:12:30.544Z,usb,1,3612849267,127850,32729600,256,8000,32.140
2026-07-23T01:12:30.576Z,usb,1,3612849267,127851,32729856,256,8000,32.140
2026-07-23T01:12:30.608Z,usb,1,3612849267,127852,32730112,256,8000,32.140
2026-07-23T01:12:30.640Z,usb,1,3612849267,127853,32730368,256,8000,32.140
2026-07-23T01:12:30.672Z,usb,1,3612849267,127854,32730624,256,8000,32.140
2026-07-23T01:12:30.704Z,usb,1,3612849267,127855,32730880,256,8000,32.140
2026-07-23T01:12:30.736Z,usb,1,3612849267,127856,32731136,256,8000,32.140
2026-07-23T01:12:30.768Z,usb,1,3612849267,127857,32731392,256,8000,32.140
2026-07-23T01:12:30.800Z,usb,1,3612849267,127858,32731648,256,8000,32.140
2026-07-23T01:12:30.832Z,usb,1,3612849267,127859,32731904,256,8000,32.140
2026-07-23T01:12:30.864Z,usb,1,3612849267,127860,32732160,256,8000,32.140
2026-07-23T01:12:30.896Z,usb,1,3612849267,127861,32732416,256,8000,32.140
2026-07-23T01:12:30.928Z,usb,1,3612849267,127862,32732672,256,8000,32.140
2026-07-23T01:12:30.960Z,usb,1,3612849267,127863,32732928,256,8000,32.140
2026-07-23T01:12:30.992Z,usb,1,3612849267,127864,32733184,256,8000,32.140
2026-07-23T01:12:31.024Z,usb,1,3612849267,127865,32733440,256,8000,32.140
2026-07-23T01:12:31.056Z,usb,1,3612849267,127866,32733696,256,8000,32.140
2026-07-23T01:12:31.088Z,usb,1,3612849267,127867,32733952,256,8000,32.140
2026-07-23T01:12:31.120Z,usb,1,3612849267,127868,32734208,256,8000,32.140
2026-07-23T01:12:31.152Z,usb,1,3612849267,127869,32734464,256,8000,32.140
2026-07-23T01:12:31.184Z,usb,1,3612849267,127870,32734720,256,8000,32.140
2026-07-23T01:12:31.216Z,usb,1,3612849267,127871,32734976,256,8000,32.140
2026-07-23T01:12:31.248Z,usb,1,3612849267,127872,32735232,256,8000,32.140
2026-07-23T01:12:31.280Z,usb,1,3612849267,127873,32735488,256,8000,32.140
2026-07-23T01:12:31.312Z,usb,1,3612849267,127874,32735744,256,8000,32.140
2026-07-23T01:12:31.344Z,usb,1,3612849267,127875,32736000,256,8000,32.140
2026-07-23T01:12:31.377Z,usb,1,3612849267,127876,32736256,256,8000,32.140
2026-07-23T01:12:31.408Z,usb,1,3612849267,127877,32736512,256,8000,32.140
2026-07-23T01:12:31.440Z,usb,1,3612849267,127878,32736768,256,8000,32.140
2026-07-23T01:12:31.472Z,usb,1,3612849267,127879,32737024,256,8000,32.140
2026-07-23T01:12:31.504Z,usb,1,3612849267,127880,32737280,256,8000,32.140
2026-07-23T01:12:31.536Z,usb,1,3612849267,127881,32737536,256,8000,32.140
2026-07-23T01:12:31.568Z,usb,1,3612849267,127882,32737792,256,8000,32.140
2026-07-23T01:12:31.600Z,usb,1,3612849267,127883,32738048,256,8000,32.140
2026-07-23T01:12:31.632Z,usb,1,3612849267,127884,32738304,256,8000,32.140
2026-07-23T01:12:31.664Z,usb,1,3612849267,127885,32738560,256,8000,32.140
2026-07-23T01:12:31.696Z,usb,1,3612849267,127886,32738816,256,8000,32.140
2026-07-23T01:12:31.728Z,usb,1,3612849267,127887,32739072,256,8000,32.140
2026-07-23T01:12:31.760Z,usb,1,3612849267,127888,32739328,256,8000,32.140
2026-07-23T01:12:31.792Z,usb,1,3612849267,127889,32739584,256,8000,32.140
2026-07-23T01:12:31.824Z,usb,1,3612849267,127890,32739840,256,8000,32.140
2026-07-23T01:12:31.856Z,usb,1,3612849267,127891,32740096,256,8000,32.140
2026-07-23T01:12:31.888Z,usb,1,3612849267,127892,32740352,256,8000,32.140
2026-07-23T01:12:31.920Z,usb,1,3612849267,127893,32740608,256,8000,32.140
2026-07-23T01:12:31.952Z,usb,1,3612849267,127894,32740864,256,8000,32.140
2026-07-23T01:12:31.984Z,usb,1,3612849267,127895,32741120,256,8000,32.140
2026-07-23T01:12:32.016Z,usb,1,3612849267,127896,32741376,256,8000,32.140
2026-07-23T01:12:32.048Z,usb,1,3612849267,127897,32741632,256,8000,32.140
2026-07-23T01:12:32.080Z,usb,1,3612849267,127898,32741888,256,8000,32.140
2026-07-23T01:12:32.112Z,usb,1,3612849267,127899,32742144,256,8000,32.140
2026-07-23T01:12:32.144Z,usb,1,3612849267,127900,32742400,256,8000,32.140
2026-07-23T01:12:32.176Z,usb,1,3612849267,127901,32742656,256,8000,32.140
2026-07-23T01:12:32.208Z,usb,1,3612849267,127902,32742912,256,8000,32.140
2026-07-23T01:12:32.240Z,usb,1,3612849267,127903,32743168,256,8000,32.140
2026-07-23T01:12:32.272Z,usb,1,3612849267,127904,32743424,256,8000,32.140
2026-07-23T01:12:32.304Z,usb,1,3612849267,127905,32743680,256,8000,32.140
2026-07-23T01:12:32.336Z,usb,1,3612849267,127906,32743936,256,8000,32.140
2026-07-23T01:12:32.368Z,usb,1,3612849267,127907,32744192,256,8000,32.140
2026-07-23T01:12:32.401Z,usb,1,3612849267,127908,32744448,256,8000,32.130
2026-07-23T01:12:32.432Z,usb,1,3612849267,127909,32744704,256,8000,32.130
2026-07-23T01:12:32.464Z,usb,1,3612849267,127910,32744960,256,8000,32.130
2026-07-23T01:12:32.496Z,usb,1,3612849267,127911,32745216,256,8000,32.130
2026-07-23T01:12:32.528Z,usb,1,3612849267,127912,32745472,256,8000,32.130
2026-07-23T01:12:32.560Z,usb,1,3612849267,127913,32745728,256,8000,32.130
2026-07-23T01:12:32.592Z,usb,1,3612849267,127914,32745984,256,8000,32.130
2026-07-23T01:12:32.624Z,usb,1,3612849267,127915,32746240,256,8000,32.130
2026-07-23T01:12:32.656Z,usb,1,3612849267,127916,32746496,256,8000,32.130
2026-07-23T01:12:32.688Z,usb,1,3612849267,127917,32746752,256,8000,32.130
2026-07-23T01:12:32.720Z,usb,1,3612849267,127918,32747008,256,8000,32.130
2026-07-23T01:12:32.752Z,usb,1,3612849267,127919,32747264,256,8000,32.130
2026-07-23T01:12:32.784Z,usb,1,3612849267,127920,32747520,256,8000,32.130
2026-07-23T01:12:32.816Z,usb,1,3612849267,127921,32747776,256,8000,32.130
2026-07-23T01:12:32.848Z,usb,1,3612849267,127922,32748032,256,8000,32.130
2026-07-23T01:12:32.880Z,usb,1,3612849267,127923,32748288,256,8000,32.130
2026-07-23T01:12:32.912Z,usb,1,3612849267,127924,32748544,256,8000,32.130
2026-07-23T01:12:32.944Z,usb,1,3612849267,127925,32748800,256,8000,32.130
2026-07-23T01:12:32.976Z,usb,1,3612849267,127926,32749056,256,8000,32.130
2026-07-23T01:12:33.008Z,usb,1,3612849267,127927,32749312,256,8000,32.130
2026-07-23T01:12:33.040Z,usb,1,3612849267,127928,32749568,256,8000,32.130
2026-07-23T01:12:33.072Z,usb,1,3612849267,127929,32749824,256,8000,32.130
2026-07-23T01:12:33.104Z,usb,1,3612849267,127930,32750080,256,8000,32.130
2026-07-23T01:12:33.136Z,usb,1,3612849267,127931,32750336,256,8000,32.130
2026-07-23T01:12:33.168Z,usb,1,3612849267,127932,32750592,256,8000,32.130
2026-07-23T01:12:33.200Z,usb,1,3612849267,127933,32750848,256,8000,32.130
2026-07-23T01:12:33.232Z,usb,1,3612849267,127934,32751104,256,8000,32.130
2026-07-23T01:12:33.264Z,usb,1,3612849267,127935,32751360,256,8000,32.130
2026-07-23T01:12:33.296Z,usb,1,3612849267,127936,32751616,256,8000,32.130
2026-07-23T01:12:33.328Z,usb,1,3612849267,127937,32751872,256,8000,32.130
2026-07-23T01:12:33.360Z,usb,1,3612849267,127938,32752128,256,8000,32.130
2026-07-23T01:12:33.392Z,usb,1,3612849267,127939,32752384,256,8000,32.130
2026-07-23T01:12:33.425Z,usb,1,3612849267,127940,32752640,256,8000,32.140
2026-07-23T01:12:33.456Z,usb,1,3612849267,127941,32752896,256,8000,32.140
2026-07-23T01:12:33.488Z,usb,1,3612849267,127942,32753152,256,8000,32.140
2026-07-23T01:12:33.520Z,usb,1,3612849267,127943,32753408,256,8000,32.140
2026-07-23T01:12:33.552Z,usb,1,3612849267,127944,32753664,256,8000,32.140
2026-07-23T01:12:33.584Z,usb,1,3612849267,127945,32753920,256,8000,32.140
2026-07-23T01:12:33.616Z,usb,1,3612849267,127946,32754176,256,8000,32.140
2026-07-23T01:12:33.648Z,usb,1,3612849267,127947,32754432,256,8000,32.140
2026-07-23T01:12:33.680Z,usb,1,3612849267,127948,32754688,256,8000,32.140
2026-07-23T01:12:33.712Z,usb,1,3612849267,127949,32754944,256,8000,32.140
2026-07-23T01:12:33.744Z,usb,1,3612849267,127950,32755200,256,8000,32.140
2026-07-23T01:12:33.776Z,usb,1,3612849267,127951,32755456,256,8000,32.140
2026-07-23T01:12:33.808Z,usb,1,3612849267,127952,32755712,256,8000,32.140
2026-07-23T01:12:33.840Z,usb,1,3612849267,127953,32755968,256,8000,32.140
2026-07-23T01:12:33.872Z,usb,1,3612849267,127954,32756224,256,8000,32.140
2026-07-23T01:12:33.904Z,usb,1,3612849267,127955,32756480,256,8000,32.140
2026-07-23T01:12:33.936Z,usb,1,3612849267,127956,32756736,256,8000,32.140
2026-07-23T01:12:33.968Z,usb,1,3612849267,127957,32756992,256,8000,32.140
2026-07-23T01:12:34.000Z,usb,1,3612849267,127958,32757248,256,8000,32.140
2026-07-23T01:12:34.032Z,usb,1,3612849267,127959,32757504,256,8000,32.140
2026-07-23T01:12:34.064Z,usb,1,3612849267,127960,32757760,256,8000,32.140
2026-07-23T01:12:34.096Z,usb,1,3612849267,127961,32758016,256,8000,32.140
2026-07-23T01:12:34.128Z,usb,1,3612849267,127962,32758272,256,8000,32.140
2026-07-23T01:12:34.160Z,usb,1,3612849267,127963,32758528,256,8000,32.140
2026-07-23T01:12:34.192Z,usb,1,3612849267,127964,32758784,256,8000,32.140
2026-07-23T01:12:34.224Z,usb,1,3612849267,127965,32759040,256,8000,32.140
2026-07-23T01:12:34.256Z,usb,1,3612849267,127966,32759296,256,8000,32.140
2026-07-23T01:12:34.288Z,usb,1,3612849267,127967,32759552,256,8000,32.140
2026-07-23T01:12:34.320Z,usb,1,3612849267,127968,32759808,256,8000,32.140
2026-07-23T01:12:34.352Z,usb,1,3612849267,127969,32760064,256,8000,32.140
2026-07-23T01:12:34.384Z,usb,1,3612849267,127970,32760320,256,8000,32.140
2026-07-23T01:12:34.416Z,usb,1,3612849267,127971,32760576,256,8000,32.140
2026-07-23T01:12:34.449Z,usb,1,3612849267,127972,32760832,256,8000,32.140
2026-07-23T01:12:34.480Z,usb,1,3612849267,127973,32761088,256,8000,32.140
2026-07-23T01:12:34.512Z,usb,1,3612849267,127974,32761344,256,8000,32.140
2026-07-23T01:12:34.544Z,usb,1,3612849267,127975,32761600,256,8000,32.140
2026-07-23T01:12:34.576Z,usb,1,3612849267,127976,32761856,256,8000,32.140
2026-07-23T01:12:34.608Z,usb,1,3612849267,127977,32762112,256,8000,32.140
2026-07-23T01:12:34.640Z,usb,1,3612849267,127978,32762368,256,8000,32.140
2026-07-23T01:12:34.672Z,usb,1,3612849267,127979,32762624,256,8000,32.140
2026-07-23T01:12:34.704Z,usb,1,3612849267,127980,32762880,256,8000,32.140
2026-07-23T01:12:34.736Z,usb,1,3612849267,127981,32763136,256,8000,32.140
2026-07-23T01:12:34.768Z,usb,1,3612849267,127982,32763392,256,8000,32.140
2026-07-23T01:12:34.800Z,usb,1,3612849267,127983,32763648,256,8000,32.140
2026-07-23T01:12:34.832Z,usb,1,3612849267,127984,32763904,256,8000,32.140
2026-07-23T01:12:34.864Z,usb,1,3612849267,127985,32764160,256,8000,32.140
2026-07-23T01:12:34.896Z,usb,1,3612849267,127986,32764416,256,8000,32.140
2026-07-23T01:12:34.928Z,usb,1,3612849267,127987,32764672,256,8000,32.140
2026-07-23T01:12:34.960Z,usb,1,3612849267,127988,32764928,256,8000,32.140
2026-07-23T01:12:34.992Z,usb,1,3612849267,127989,32765184,256,8000,32.140
2026-07-23T01:12:35.024Z,usb,1,3612849267,127990,32765440,256,8000,32.140
2026-07-23T01:12:35.056Z,usb,1,3612849267,127991,32765696,256,8000,32.140
2026-07-23T01:12:35.088Z,usb,1,3612849267,127992,32765952,256,8000,32.140
2026-07-23T01:12:35.120Z,usb,1,3612849267,127993,32766208,256,8000,32.140
2026-07-23T01:12:35.152Z,usb,1,3612849267,127994,32766464,256,8000,32.140
2026-07-23T01:12:35.184Z,usb,1,3612849267,127995,32766720,256,8000,32.140
2026-07-23T01:12:35.216Z,usb,1,3612849267,127996,32766976,256,8000,32.140
2026-07-23T01:12:35.248Z,usb,1,3612849267,127997,32767232,256,8000,32.140
2026-07-23T01:12:35.280Z,usb,1,3612849267,127998,32767488,256,8000,32.140
2026-07-23T01:12:35.312Z,usb,1,3612849267,127999,32767744,256,8000,32.140
2026-07-23T01:12:35.344Z,usb,1,3612849267,128000,32768000,256,8000,32.140
2026-07-23T01:12:35.376Z,usb,1,3612849267,128001,32768256,256,8000,32.140
2026-07-23T01:12:35.408Z,usb,1,3612849267,128002,32768512,256,8000,32.140
2026-07-23T01:12:35.440Z,usb,1,3612849267,128003,32768768,256,8000,32.140
2026-07-23T01:12:35.473Z,usb,1,3612849267,128004,32769024,256,8000,32.140
2026-07-23T01:12:35.504Z,usb,1,3612849267,128005,32769280,256,8000,32.140
2026-07-23T01:12:35.536Z,usb,1,3612849267,128006,32769536,256,8000,32.140
2026-07-23T01:12:35.568Z,usb,1,3612849267,128007,32769792,256,8000,32.140
2026-07-23T01:12:35.600Z,usb,1,3612849267,128008,32770048,256,8000,32.140
2026-07-23T01:12:35.632Z,usb,1,3612849267,128009,32770304,256,8000,32.140
2026-07-23T01:12:35.664Z,usb,1,3612849267,128010,32770560,256,8000,32.140
2026-07-23T01:12:35.696Z,usb,1,3612849267,128011,32770816,256,8000,32.140
2026-07-23T01:12:35.728Z,usb,1,3612849267,128012,32771072,256,8000,32.140
2026-07-23T01:12:35.760Z,usb,1,3612849267,128013,32771328,256,8000,32.140
2026-07-23T01:12:35.792Z,usb,1,3612849267,128014,32771584,256,8000,32.140
2026-07-23T01:12:35.824Z,usb,1,3612849267,128015,32771840,256,8000,32.140
2026-07-23T01:12:35.856Z,usb,1,3612849267,128016,32772096,256,8000,32.140
2026-07-23T01:12:35.888Z,usb,1,3612849267,128017,32772352,256,8000,32.140
2026-07-23T01:12:35.920Z,usb,1,3612849267,128018,32772608,256,8000,32.140
2026-07-23T01:12:35.953Z,usb,1,3612849267,128019,32772864,256,8000,32.140
2026-07-23T01:12:35.984Z,usb,1,3612849267,128020,32773120,256,8000,32.140
2026-07-23T01:12:36.016Z,usb,1,3612849267,128021,32773376,256,8000,32.140
2026-07-23T01:12:36.048Z,usb,1,3612849267,128022,32773632,256,8000,32.140
2026-07-23T01:12:36.080Z,usb,1,3612849267,128023,32773888,256,8000,32.140
2026-07-23T01:12:36.112Z,usb,1,3612849267,128024,32774144,256,8000,32.140
2026-07-23T01:12:36.144Z,usb,1,3612849267,128025,32774400,256,8000,32.140
2026-07-23T01:12:36.176Z,usb,1,3612849267,128026,32774656,256,8000,32.140
2026-07-23T01:12:36.208Z,usb,1,3612849267,128027,32774912,256,8000,32.140
2026-07-23T01:12:36.240Z,usb,1,3612849267,128028,32775168,256,8000,32.140
2026-07-23T01:12:36.272Z,usb,1,3612849267,128029,32775424,256,8000,32.140
2026-07-23T01:12:36.304Z,usb,1,3612849267,128030,32775680,256,8000,32.140
2026-07-23T01:12:36.336Z,usb,1,3612849267,128031,32775936,256,8000,32.140
2026-07-23T01:12:36.368Z,usb,1,3612849267,128032,32776192,256,8000,32.140
2026-07-23T01:12:36.400Z,usb,1,3612849267,128033,32776448,256,8000,32.140
2026-07-23T01:12:36.432Z,usb,1,3612849267,128034,32776704,256,8000,32.140
2026-07-23T01:12:36.464Z,usb,1,3612849267,128035,32776960,256,8000,32.140
2026-07-23T01:12:36.497Z,usb,1,3612849267,128036,32777216,256,8000,32.140
2026-07-23T01:12:36.528Z,usb,1,3612849267,128037,32777472,256,8000,32.140
2026-07-23T01:12:36.560Z,usb,1,3612849267,128038,32777728,256,8000,32.140
2026-07-23T01:12:36.592Z,usb,1,3612849267,128039,32777984,256,8000,32.140
2026-07-23T01:12:36.624Z,usb,1,3612849267,128040,32778240,256,8000,32.140
2026-07-23T01:12:36.656Z,usb,1,3612849267,128041,32778496,256,8000,32.140
2026-07-23T01:12:36.688Z,usb,1,3612849267,128042,32778752,256,8000,32.140
2026-07-23T01:12:36.720Z,usb,1,3612849267,128043,32779008,256,8000,32.140
2026-07-23T01:12:36.752Z,usb,1,3612849267,128044,32779264,256,8000,32.140
2026-07-23T01:12:36.784Z,usb,1,3612849267,128045,32779520,256,8000,32.140
2026-07-23T01:12:36.816Z,usb,1,3612849267,128046,32779776,256,8000,32.140
2026-07-23T01:12:36.848Z,usb,1,3612849267,128047,32780032,256,8000,32.140
2026-07-23T01:12:36.880Z,usb,1,3612849267,128048,32780288,256,8000,32.140
2026-07-23T01:12:36.912Z,usb,1,3612849267,128049,32780544,256,8000,32.140
2026-07-23T01:12:36.944Z,usb,1,3612849267,128050,32780800,256,8000,32.140
2026-07-23T01:12:36.976Z,usb,1,3612849267,128051,32781056,256,8000,32.140
2026-07-23T01:12:37.008Z,usb,1,3612849267,128052,32781312,256,8000,32.140
2026-07-23T01:12:37.040Z,usb,1,3612849267,128053,32781568,256,8000,32.140
2026-07-23T01:12:37.072Z,usb,1,3612849267,128054,32781824,256,8000,32.140
2026-07-23T01:12:37.104Z,usb,1,3612849267,128055,32782080,256,8000,32.140
2026-07-23T01:12:37.136Z,usb,1,3612849267,128056,32782336,256,8000,32.140
2026-07-23T01:12:37.168Z,usb,1,3612849267,128057,32782592,256,8000,32.140
2026-07-23T01:12:37.200Z,usb,1,3612849267,128058,32782848,256,8000,32.140
2026-07-23T01:12:37.232Z,usb,1,3612849267,128059,32783104,256,8000,32.140
2026-07-23T01:12:37.264Z,usb,1,3612849267,128060,32783360,256,8000,32.140
2026-07-23T01:12:37.296Z,usb,1,3612849267,128061,32783616,256,8000,32.140
2026-07-23T01:12:37.328Z,usb,1,3612849267,128062,32783872,256,8000,32.140
2026-07-23T01:12:37.360Z,usb,1,3612849267,128063,32784128,256,8000,32.140
2026-07-23T01:12:37.392Z,usb,1,3612849267,128064,32784384,256,8000,32.140
2026-07-23T01:12:37.424Z,usb,1,3612849267,128065,32784640,256,8000,32.140
2026-07-23T01:12:37.456Z,usb,1,3612849267,128066,32784896,256,8000,32.140
2026-07-23T01:12:37.488Z,usb,1,3612849267,128067,32785152,256,8000,32.140
2026-07-23T01:12:37.521Z,usb,1,3612849267,128068,32785408,256,8000,32.140
2026-07-23T01:12:37.552Z,usb,1,3612849267,128069,32785664,256,8000,32.140
2026-07-23T01:12:37.584Z,usb,1,3612849267,128070,32785920,256,8000,32.140
2026-07-23T01:12:37.616Z,usb,1,3612849267,128071,32786176,256,8000,32.140
2026-07-23T01:12:37.648Z,usb,1,3612849267,128072,32786432,256,8000,32.140
2026-07-23T01:12:37.680Z,usb,1,3612849267,128073,32786688,256,8000,32.140
2026-07-23T01:12:37.712Z,usb,1,3612849267,128074,32786944,256,8000,32.140
2026-07-23T01:12:37.744Z,usb,1,3612849267,128075,32787200,256,8000,32.140
2026-07-23T01:12:37.776Z,usb,1,3612849267,128076,32787456,256,8000,32.140
2026-07-23T01:12:37.808Z,usb,1,3612849267,128077,32787712,256,8000,32.140
2026-07-23T01:12:37.840Z,usb,1,3612849267,128078,32787968,256,8000,32.140
2026-07-23T01:12:37.872Z,usb,1,3612849267,128079,32788224,256,8000,32.140
2026-07-23T01:12:37.904Z,usb,1,3612849267,128080,32788480,256,8000,32.140
2026-07-23T01:12:37.936Z,usb,1,3612849267,128081,32788736,256,8000,32.140
2026-07-23T01:12:37.968Z,usb,1,3612849267,128082,32788992,256,8000,32.140
2026-07-23T01:12:38.000Z,usb,1,3612849267,128083,32789248,256,8000,32.140
2026-07-23T01:12:38.032Z,usb,1,3612849267,128084,32789504,256,8000,32.140
2026-07-23T01:12:38.064Z,usb,1,3612849267,128085,32789760,256,8000,32.140
2026-07-23T01:12:38.096Z,usb,1,3612849267,128086,32790016,256,8000,32.140
2026-07-23T01:12:38.128Z,usb,1,3612849267,128087,32790272,256,8000,32.140
2026-07-23T01:12:38.160Z,usb,1,3612849267,128088,32790528,256,8000,32.140
2026-07-23T01:12:38.192Z,usb,1,3612849267,128089,32790784,256,8000,32.140
2026-07-23T01:12:38.229Z,usb,1,3612849267,128090,32791040,256,8000,32.140
2026-07-23T01:12:38.256Z,usb,1,3612849267,128091,32791296,256,8000,32.140
2026-07-23T01:12:38.288Z,usb,1,3612849267,128092,32791552,256,8000,32.140
2026-07-23T01:12:38.320Z,usb,1,3612849267,128093,32791808,256,8000,32.140
2026-07-23T01:12:38.352Z,usb,1,3612849267,128094,32792064,256,8000,32.140
2026-07-23T01:12:38.384Z,usb,1,3612849267,128095,32792320,256,8000,32.140
2026-07-23T01:12:38.416Z,usb,1,3612849267,128096,32792576,256,8000,32.140
2026-07-23T01:12:38.448Z,usb,1,3612849267,128097,32792832,256,8000,32.140
2026-07-23T01:12:38.480Z,usb,1,3612849267,128098,32793088,256,8000,32.140
2026-07-23T01:12:38.512Z,usb,1,3612849267,128099,32793344,256,8000,32.140
2026-07-23T01:12:38.545Z,usb,1,3612849267,128100,32793600,256,8000,32.140
2026-07-23T01:12:38.576Z,usb,1,3612849267,128101,32793856,256,8000,32.140
2026-07-23T01:12:38.608Z,usb,1,3612849267,128102,32794112,256,8000,32.140
2026-07-23T01:12:38.640Z,usb,1,3612849267,128103,32794368,256,8000,32.140
2026-07-23T01:12:38.672Z,usb,1,3612849267,128104,32794624,256,8000,32.140
2026-07-23T01:12:38.704Z,usb,1,3612849267,128105,32794880,256,8000,32.140
2026-07-23T01:12:38.736Z,usb,1,3612849267,128106,32795136,256,8000,32.140
2026-07-23T01:12:38.768Z,usb,1,3612849267,128107,32795392,256,8000,32.140
2026-07-23T01:12:38.800Z,usb,1,3612849267,128108,32795648,256,8000,32.140
2026-07-23T01:12:38.832Z,usb,1,3612849267,128109,32795904,256,8000,32.140
2026-07-23T01:12:38.864Z,usb,1,3612849267,128110,32796160,256,8000,32.140
2026-07-23T01:12:38.896Z,usb,1,3612849267,128111,32796416,256,8000,32.140
2026-07-23T01:12:38.928Z,usb,1,3612849267,128112,32796672,256,8000,32.140
2026-07-23T01:12:38.960Z,usb,1,3612849267,128113,32796928,256,8000,32.140
2026-07-23T01:12:38.992Z,usb,1,3612849267,128114,32797184,256,8000,32.140
2026-07-23T01:12:39.024Z,usb,1,3612849267,128115,32797440,256,8000,32.140
2026-07-23T01:12:39.056Z,usb,1,3612849267,128116,32797696,256,8000,32.140
2026-07-23T01:12:39.088Z,usb,1,3612849267,128117,32797952,256,8000,32.140
2026-07-23T01:12:39.120Z,usb,1,3612849267,128118,32798208,256,8000,32.140
2026-07-23T01:12:39.152Z,usb,1,3612849267,128119,32798464,256,8000,32.140
2026-07-23T01:12:39.184Z,usb,1,3612849267,128120,32798720,256,8000,32.140
2026-07-23T01:12:39.216Z,usb,1,3612849267,128121,32798976,256,8000,32.140
2026-07-23T01:12:39.248Z,usb,1,3612849267,128122,32799232,256,8000,32.140
2026-07-23T01:12:39.280Z,usb,1,3612849267,128123,32799488,256,8000,32.140
2026-07-23T01:12:39.312Z,usb,1,3612849267,128124,32799744,256,8000,32.140
2026-07-23T01:12:39.344Z,usb,1,3612849267,128125,32800000,256,8000,32.140
2026-07-23T01:12:39.376Z,usb,1,3612849267,128126,32800256,256,8000,32.140
2026-07-23T01:12:39.408Z,usb,1,3612849267,128127,32800512,256,8000,32.140
2026-07-23T01:12:39.440Z,usb,1,3612849267,128128,32800768,256,8000,32.140
2026-07-23T01:12:39.472Z,usb,1,3612849267,128129,32801024,256,8000,32.140
2026-07-23T01:12:39.504Z,usb,1,3612849267,128130,32801280,256,8000,32.140
2026-07-23T01:12:39.536Z,usb,1,3612849267,128131,32801536,256,8000,32.140
2026-07-23T01:12:39.569Z,usb,1,3612849267,128132,32801792,256,8000,32.140
2026-07-23T01:12:39.600Z,usb,1,3612849267,128133,32802048,256,8000,32.140
2026-07-23T01:12:39.632Z,usb,1,3612849267,128134,32802304,256,8000,32.140
2026-07-23T01:12:39.664Z,usb,1,3612849267,128135,32802560,256,8000,32.140
2026-07-23T01:12:39.696Z,usb,1,3612849267,128136,32802816,256,8000,32.140
2026-07-23T01:12:39.728Z,usb,1,3612849267,128137,32803072,256,8000,32.140
2026-07-23T01:12:39.760Z,usb,1,3612849267,128138,32803328,256,8000,32.140
2026-07-23T01:12:39.792Z,usb,1,3612849267,128139,32803584,256,8000,32.140
2026-07-23T01:12:39.824Z,usb,1,3612849267,128140,32803840,256,8000,32.140
2026-07-23T01:12:39.856Z,usb,1,3612849267,128141,32804096,256,8000,32.140
2026-07-23T01:12:39.888Z,usb,1,3612849267,128142,32804352,256,8000,32.140
2026-07-23T01:12:39.920Z,usb,1,3612849267,128143,32804608,256,8000,32.140
2026-07-23T01:12:39.954Z,usb,1,3612849267,128144,32804864,256,8000,32.140
2026-07-23T01:12:39.984Z,usb,1,3612849267,128145,32805120,256,8000,32.140
2026-07-23T01:12:40.016Z,usb,1,3612849267,128146,32805376,256,8000,32.140
2026-07-23T01:12:40.048Z,usb,1,3612849267,128147,32805632,256,8000,32.140
2026-07-23T01:12:40.080Z,usb,1,3612849267,128148,32805888,256,8000,32.140
2026-07-23T01:12:40.112Z,usb,1,3612849267,128149,32806144,256,8000,32.140
2026-07-23T01:12:40.144Z,usb,1,3612849267,128150,32806400,256,8000,32.140
2026-07-23T01:12:40.176Z,usb,1,3612849267,128151,32806656,256,8000,32.140
2026-07-23T01:12:40.208Z,usb,1,3612849267,128152,32806912,256,8000,32.140
2026-07-23T01:12:40.240Z,usb,1,3612849267,128153,32807168,256,8000,32.140
2026-07-23T01:12:40.272Z,usb,1,3612849267,128154,32807424,256,8000,32.140
2026-07-23T01:12:40.304Z,usb,1,3612849267,128155,32807680,256,8000,32.140
2026-07-23T01:12:40.336Z,usb,1,3612849267,128156,32807936,256,8000,32.140
2026-07-23T01:12:40.368Z,usb,1,3612849267,128157,32808192,256,8000,32.140
2026-07-23T01:12:40.400Z,usb,1,3612849267,128158,32808448,256,8000,32.140
2026-07-23T01:12:40.432Z,usb,1,3612849267,128159,32808704,256,8000,32.140
2026-07-23T01:12:40.464Z,usb,1,3612849267,128160,32808960,256,8000,32.140
2026-07-23T01:12:40.496Z,usb,1,3612849267,128161,32809216,256,8000,32.140
2026-07-23T01:12:40.528Z,usb,1,3612849267,128162,32809472,256,8000,32.140
2026-07-23T01:12:40.560Z,usb,1,3612849267,128163,32809728,256,8000,32.140
2026-07-23T01:12:40.593Z,usb,1,3612849267,128164,32809984,256,8000,32.130
2026-07-23T01:12:40.624Z,usb,1,3612849267,128165,32810240,256,8000,32.130
2026-07-23T01:12:40.656Z,usb,1,3612849267,128166,32810496,256,8000,32.130
2026-07-23T01:12:40.688Z,usb,1,3612849267,128167,32810752,256,8000,32.130
2026-07-23T01:12:40.720Z,usb,1,3612849267,128168,32811008,256,8000,32.130
2026-07-23T01:12:40.752Z,usb,1,3612849267,128169,32811264,256,8000,32.130
2026-07-23T01:12:40.784Z,usb,1,3612849267,128170,32811520,256,8000,32.130
2026-07-23T01:12:40.816Z,usb,1,3612849267,128171,32811776,256,8000,32.130
2026-07-23T01:12:40.848Z,usb,1,3612849267,128172,32812032,256,8000,32.130
2026-07-23T01:12:40.880Z,usb,1,3612849267,128173,32812288,256,8000,32.130
2026-07-23T01:12:40.912Z,usb,1,3612849267,128174,32812544,256,8000,32.130
2026-07-23T01:12:40.944Z,usb,1,3612849267,128175,32812800,256,8000,32.130
2026-07-23T01:12:40.976Z,usb,1,3612849267,128176,32813056,256,8000,32.130
2026-07-23T01:12:41.008Z,usb,1,3612849267,128177,32813312,256,8000,32.130
2026-07-23T01:12:41.040Z,usb,1,3612849267,128178,32813568,256,8000,32.130
2026-07-23T01:12:41.072Z,usb,1,3612849267,128179,32813824,256,8000,32.130
2026-07-23T01:12:41.104Z,usb,1,3612849267,128180,32814080,256,8000,32.130
2026-07-23T01:12:41.136Z,usb,1,3612849267,128181,32814336,256,8000,32.130
2026-07-23T01:12:41.168Z,usb,1,3612849267,128182,32814592,256,8000,32.130
2026-07-23T01:12:41.200Z,usb,1,3612849267,128183,32814848,256,8000,32.130
2026-07-23T01:12:41.232Z,usb,1,3612849267,128184,32815104,256,8000,32.130
2026-07-23T01:12:41.264Z,usb,1,3612849267,128185,32815360,256,8000,32.130
2026-07-23T01:12:41.296Z,usb,1,3612849267,128186,32815616,256,8000,32.130
2026-07-23T01:12:41.328Z,usb,1,3612849267,128187,32815872,256,8000,32.130
2026-07-23T01:12:41.360Z,usb,1,3612849267,128188,32816128,256,8000,32.130
2026-07-23T01:12:41.392Z,usb,1,3612849267,128189,32816384,256,8000,32.130
2026-07-23T01:12:41.424Z,usb,1,3612849267,128190,32816640,256,8000,32.130
2026-07-23T01:12:41.456Z,usb,1,3612849267,128191,32816896,256,8000,32.130
2026-07-23T01:12:41.488Z,usb,1,3612849267,128192,32817152,256,8000,32.130
2026-07-23T01:12:41.520Z,usb,1,3612849267,128193,32817408,256,8000,32.130
2026-07-23T01:12:41.552Z,usb,1,3612849267,128194,32817664,256,8000,32.130
2026-07-23T01:12:41.584Z,usb,1,3612849267,128195,32817920,256,8000,32.130
2026-07-23T01:12:41.617Z,usb,1,3612849267,128196,32818176,256,8000,32.130
2026-07-23T01:12:41.648Z,usb,1,3612849267,128197,32818432,256,8000,32.130
2026-07-23T01:12:41.680Z,usb,1,3612849267,128198,32818688,256,8000,32.130
2026-07-23T01:12:41.712Z,usb,1,3612849267,128199,32818944,256,8000,32.130
2026-07-23T01:12:41.744Z,usb,1,3612849267,128200,32819200,256,8000,32.130
2026-07-23T01:12:41.776Z,usb,1,3612849267,128201,32819456,256,8000,32.130
2026-07-23T01:12:41.808Z,usb,1,3612849267,128202,32819712,256,8000,32.130
2026-07-23T01:12:41.840Z,usb,1,3612849267,128203,32819968,256,8000,32.130
2026-07-23T01:12:41.872Z,usb,1,3612849267,128204,32820224,256,8000,32.130
2026-07-23T01:12:41.904Z,usb,1,3612849267,128205,32820480,256,8000,32.130
2026-07-23T01:12:41.936Z,usb,1,3612849267,128206,32820736,256,8000,32.130
2026-07-23T01:12:41.968Z,usb,1,3612849267,128207,32820992,256,8000,32.130
2026-07-23T01:12:42.000Z,usb,1,3612849267,128208,32821248,256,8000,32.130
2026-07-23T01:12:42.032Z,usb,1,3612849267,128209,32821504,256,8000,32.130
2026-07-23T01:12:42.064Z,usb,1,3612849267,128210,32821760,256,8000,32.130
2026-07-23T01:12:42.096Z,usb,1,3612849267,128211,32822016,256,8000,32.130
2026-07-23T01:12:42.128Z,usb,1,3612849267,128212,32822272,256,8000,32.130
2026-07-23T01:12:42.160Z,usb,1,3612849267,128213,32822528,256,8000,32.130
2026-07-23T01:12:42.192Z,usb,1,3612849267,128214,32822784,256,8000,32.130
2026-07-23T01:12:42.224Z,usb,1,3612849267,128215,32823040,256,8000,32.130
2026-07-23T01:12:42.256Z,usb,1,3612849267,128216,32823296,256,8000,32.130
2026-07-23T01:12:42.288Z,usb,1,3612849267,128217,32823552,256,8000,32.130
2026-07-23T01:12:42.320Z,usb,1,3612849267,128218,32823808,256,8000,32.130
2026-07-23T01:12:42.352Z,usb,1,3612849267,128219,32824064,256,8000,32.130
2026-07-23T01:12:42.384Z,usb,1,3612849267,128220,32824320,256,8000,32.130
2026-07-23T01:12:42.416Z,usb,1,3612849267,128221,32824576,256,8000,32.130
2026-07-23T01:12:42.448Z,usb,1,3612849267,128222,32824832,256,8000,32.130
2026-07-23T01:12:42.480Z,usb,1,3612849267,128223,32825088,256,8000,32.130
2026-07-23T01:12:42.512Z,usb,1,3612849267,128224,32825344,256,8000,32.130
2026-07-23T01:12:42.544Z,usb,1,3612849267,128225,32825600,256,8000,32.130
2026-07-23T01:12:42.576Z,usb,1,3612849267,128226,32825856,256,8000,32.130
2026-07-23T01:12:42.608Z,usb,1,3612849267,128227,32826112,256,8000,32.130
2026-07-23T01:12:42.641Z,usb,1,3612849267,128228,32826368,256,8000,32.130
2026-07-23T01:12:42.672Z,usb,1,3612849267,128229,32826624,256,8000,32.130
2026-07-23T01:12:42.704Z,usb,1,3612849267,128230,32826880,256,8000,32.130
2026-07-23T01:12:42.736Z,usb,1,3612849267,128231,32827136,256,8000,32.130
2026-07-23T01:12:42.768Z,usb,1,3612849267,128232,32827392,256,8000,32.130
2026-07-23T01:12:42.800Z,usb,1,3612849267,128233,32827648,256,8000,32.130
2026-07-23T01:12:42.832Z,usb,1,3612849267,128234,32827904,256,8000,32.130
2026-07-23T01:12:42.864Z,usb,1,3612849267,128235,32828160,256,8000,32.130
2026-07-23T01:12:42.896Z,usb,1,3612849267,128236,32828416,256,8000,32.130
2026-07-23T01:12:42.928Z,usb,1,3612849267,128237,32828672,256,8000,32.130
2026-07-23T01:12:42.960Z,usb,1,3612849267,128238,32828928,256,8000,32.130
2026-07-23T01:12:42.992Z,usb,1,3612849267,128239,32829184,256,8000,32.130
2026-07-23T01:12:43.024Z,usb,1,3612849267,128240,32829440,256,8000,32.130
2026-07-23T01:12:43.056Z,usb,1,3612849267,128241,32829696,256,8000,32.130
2026-07-23T01:12:43.088Z,usb,1,3612849267,128242,32829952,256,8000,32.130
2026-07-23T01:12:43.120Z,usb,1,3612849267,128243,32830208,256,8000,32.130
2026-07-23T01:12:43.152Z,usb,1,3612849267,128244,32830464,256,8000,32.130
2026-07-23T01:12:43.184Z,usb,1,3612849267,128245,32830720,256,8000,32.130
2026-07-23T01:12:43.216Z,usb,1,3612849267,128246,32830976,256,8000,32.130
2026-07-23T01:12:43.248Z,usb,1,3612849267,128247,32831232,256,8000,32.130
2026-07-23T01:12:43.280Z,usb,1,3612849267,128248,32831488,256,8000,32.130
2026-07-23T01:12:43.312Z,usb,1,3612849267,128249,32831744,256,8000,32.130
2026-07-23T01:12:43.344Z,usb,1,3612849267,128250,32832000,256,8000,32.130
2026-07-23T01:12:43.376Z,usb,1,3612849267,128251,32832256,256,8000,32.130
2026-07-23T01:12:43.408Z,usb,1,3612849267,128252,32832512,256,8000,32.130
2026-07-23T01:12:43.440Z,usb,1,3612849267,128253,32832768,256,8000,32.130
2026-07-23T01:12:43.472Z,usb,1,3612849267,128254,32833024,256,8000,32.130
2026-07-23T01:12:43.504Z,usb,1,3612849267,128255,32833280,256,8000,32.130
2026-07-23T01:12:43.536Z,usb,1,3612849267,128256,32833536,256,8000,32.130
2026-07-23T01:12:43.568Z,usb,1,3612849267,128257,32833792,256,8000,32.130
2026-07-23T01:12:43.600Z,usb,1,3612849267,128258,32834048,256,8000,32.130
2026-07-23T01:12:43.632Z,usb,1,3612849267,128259,32834304,256,8000,32.130
2026-07-23T01:12:43.665Z,usb,1,3612849267,128260,32834560,256,8000,32.140
2026-07-23T01:12:43.696Z,usb,1,3612849267,128261,32834816,256,8000,32.140
2026-07-23T01:12:43.728Z,usb,1,3612849267,128262,32835072,256,8000,32.140
2026-07-23T01:12:43.760Z,usb,1,3612849267,128263,32835328,256,8000,32.140
2026-07-23T01:12:43.792Z,usb,1,3612849267,128264,32835584,256,8000,32.140
2026-07-23T01:12:43.824Z,usb,1,3612849267,128265,32835840,256,8000,32.140
2026-07-23T01:12:43.856Z,usb,1,3612849267,128266,32836096,256,8000,32.140
2026-07-23T01:12:43.888Z,usb,1,3612849267,128267,32836352,256,8000,32.140
2026-07-23T01:12:43.920Z,usb,1,3612849267,128268,32836608,256,8000,32.140
2026-07-23T01:12:43.952Z,usb,1,3612849267,128269,32836864,256,8000,32.140
2026-07-23T01:12:43.984Z,usb,1,3612849267,128270,32837120,256,8000,32.140
2026-07-23T01:12:44.016Z,usb,1,3612849267,128271,32837376,256,8000,32.140
2026-07-23T01:12:44.048Z,usb,1,3612849267,128272,32837632,256,8000,32.140
2026-07-23T01:12:44.080Z,usb,1,3612849267,128273,32837888,256,8000,32.140
2026-07-23T01:12:44.112Z,usb,1,3612849267,128274,32838144,256,8000,32.140
2026-07-23T01:12:44.144Z,usb,1,3612849267,128275,32838400,256,8000,32.140
2026-07-23T01:12:44.176Z,usb,1,3612849267,128276,32838656,256,8000,32.140
2026-07-23T01:12:44.208Z,usb,1,3612849267,128277,32838912,256,8000,32.140
2026-07-23T01:12:44.240Z,usb,1,3612849267,128278,32839168,256,8000,32.140
2026-07-23T01:12:44.272Z,usb,1,3612849267,128279,32839424,256,8000,32.140
2026-07-23T01:12:44.304Z,usb,1,3612849267,128280,32839680,256,8000,32.140
2026-07-23T01:12:44.336Z,usb,1,3612849267,128281,32839936,256,8000,32.140
2026-07-23T01:12:44.368Z,usb,1,3612849267,128282,32840192,256,8000,32.140
2026-07-23T01:12:44.400Z,usb,1,3612849267,128283,32840448,256,8000,32.140
2026-07-23T01:12:44.432Z,usb,1,3612849267,128284,32840704,256,8000,32.140
2026-07-23T01:12:44.464Z,usb,1,3612849267,128285,32840960,256,8000,32.140
2026-07-23T01:12:44.496Z,usb,1,3612849267,128286,32841216,256,8000,32.140
2026-07-23T01:12:44.528Z,usb,1,3612849267,128287,32841472,256,8000,32.140
2026-07-23T01:12:44.560Z,usb,1,3612849267,128288,32841728,256,8000,32.140
2026-07-23T01:12:44.592Z,usb,1,3612849267,128289,32841984,256,8000,32.140
2026-07-23T01:12:44.624Z,usb,1,3612849267,128290,32842240,256,8000,32.140
2026-07-23T01:12:44.656Z,usb,1,3612849267,128291,32842496,256,8000,32.140
2026-07-23T01:12:44.689Z,usb,1,3612849267,128292,32842752,256,8000,32.140
2026-07-23T01:12:44.720Z,usb,1,3612849267,128293,32843008,256,8000,32.140
2026-07-23T01:12:44.752Z,usb,1,3612849267,128294,32843264,256,8000,32.140
2026-07-23T01:12:44.784Z,usb,1,3612849267,128295,32843520,256,8000,32.140
2026-07-23T01:12:44.816Z,usb,1,3612849267,128296,32843776,256,8000,32.140
2026-07-23T01:12:44.848Z,usb,1,3612849267,128297,32844032,256,8000,32.140
2026-07-23T01:12:44.880Z,usb,1,3612849267,128298,32844288,256,8000,32.140
2026-07-23T01:12:44.912Z,usb,1,3612849267,128299,32844544,256,8000,32.140
2026-07-23T01:12:44.944Z,usb,1,3612849267,128300,32844800,256,8000,32.140
2026-07-23T01:12:44.976Z,usb,1,3612849267,128301,32845056,256,8000,32.140
2026-07-23T01:12:45.008Z,usb,1,3612849267,128302,32845312,256,8000,32.140
2026-07-23T01:12:45.040Z,usb,1,3612849267,128303,32845568,256,8000,32.140
2026-07-23T01:12:45.072Z,usb,1,3612849267,128304,32845824,256,8000,32.140
2026-07-23T01:12:45.104Z,usb,1,3612849267,128305,32846080,256,8000,32.140
2026-07-23T01:12:45.136Z,usb,1,3612849267,128306,32846336,256,8000,32.140
2026-07-23T01:12:45.168Z,usb,1,3612849267,128307,32846592,256,8000,32.140
2026-07-23T01:12:45.200Z,usb,1,3612849267,128308,32846848,256,8000,32.140
2026-07-23T01:12:45.232Z,usb,1,3612849267,128309,32847104,256,8000,32.140
2026-07-23T01:12:45.264Z,usb,1,3612849267,128310,32847360,256,8000,32.140
2026-07-23T01:12:45.296Z,usb,1,3612849267,128311,32847616,256,8000,32.140
2026-07-23T01:12:45.328Z,usb,1,3612849267,128312,32847872,256,8000,32.140
2026-07-23T01:12:45.360Z,usb,1,3612849267,128313,32848128,256,8000,32.140
2026-07-23T01:12:45.392Z,usb,1,3612849267,128314,32848384,256,8000,32.140
2026-07-23T01:12:45.424Z,usb,1,3612849267,128315,32848640,256,8000,32.140
2026-07-23T01:12:45.456Z,usb,1,3612849267,128316,32848896,256,8000,32.140
2026-07-23T01:12:45.488Z,usb,1,3612849267,128317,32849152,256,8000,32.140
2026-07-23T01:12:45.520Z,usb,1,3612849267,128318,32849408,256,8000,32.140
2026-07-23T01:12:45.552Z,usb,1,3612849267,128319,32849664,256,8000,32.140
2026-07-23T01:12:45.584Z,usb,1,3612849267,128320,32849920,256,8000,32.140
2026-07-23T01:12:45.616Z,usb,1,3612849267,128321,32850176,256,8000,32.140
2026-07-23T01:12:45.648Z,usb,1,3612849267,128322,32850432,256,8000,32.140
2026-07-23T01:12:45.680Z,usb,1,3612849267,128323,32850688,256,8000,32.140
2026-07-23T01:12:45.713Z,usb,1,3612849267,128324,32850944,256,8000,32.130
2026-07-23T01:12:45.744Z,usb,1,3612849267,128325,32851200,256,8000,32.130
2026-07-23T01:12:45.776Z,usb,1,3612849267,128326,32851456,256,8000,32.130
2026-07-23T01:12:45.808Z,usb,1,3612849267,128327,32851712,256,8000,32.130
2026-07-23T01:12:45.840Z,usb,1,3612849267,128328,32851968,256,8000,32.130
2026-07-23T01:12:45.872Z,usb,1,3612849267,128329,32852224,256,8000,32.130
2026-07-23T01:12:45.904Z,usb,1,3612849267,128330,32852480,256,8000,32.130
2026-07-23T01:12:45.936Z,usb,1,3612849267,128331,32852736,256,8000,32.130
2026-07-23T01:12:45.968Z,usb,1,3612849267,128332,32852992,256,8000,32.130
2026-07-23T01:12:46.000Z,usb,1,3612849267,128333,32853248,256,8000,32.130
2026-07-23T01:12:46.032Z,usb,1,3612849267,128334,32853504,256,8000,32.130
2026-07-23T01:12:46.064Z,usb,1,3612849267,128335,32853760,256,8000,32.130
2026-07-23T01:12:46.096Z,usb,1,3612849267,128336,32854016,256,8000,32.130
2026-07-23T01:12:46.128Z,usb,1,3612849267,128337,32854272,256,8000,32.130
2026-07-23T01:12:46.160Z,usb,1,3612849267,128338,32854528,256,8000,32.130
2026-07-23T01:12:46.192Z,usb,1,3612849267,128339,32854784,256,8000,32.130
2026-07-23T01:12:46.224Z,usb,1,3612849267,128340,32855040,256,8000,32.130
2026-07-23T01:12:46.256Z,usb,1,3612849267,128341,32855296,256,8000,32.130
2026-07-23T01:12:46.288Z,usb,1,3612849267,128342,32855552,256,8000,32.130
2026-07-23T01:12:46.320Z,usb,1,3612849267,128343,32855808,256,8000,32.130
2026-07-23T01:12:46.352Z,usb,1,3612849267,128344,32856064,256,8000,32.130
2026-07-23T01:12:46.384Z,usb,1,3612849267,128345,32856320,256,8000,32.130
2026-07-23T01:12:46.416Z,usb,1,3612849267,128346,32856576,256,8000,32.130
2026-07-23T01:12:46.448Z,usb,1,3612849267,128347,32856832,256,8000,32.130
2026-07-23T01:12:46.480Z,usb,1,3612849267,128348,32857088,256,8000,32.130
2026-07-23T01:12:46.512Z,usb,1,3612849267,128349,32857344,256,8000,32.130
2026-07-23T01:12:46.544Z,usb,1,3612849267,128350,32857600,256,8000,32.130
2026-07-23T01:12:46.576Z,usb,1,3612849267,128351,32857856,256,8000,32.130
2026-07-23T01:12:46.608Z,usb,1,3612849267,128352,32858112,256,8000,32.130
2026-07-23T01:12:46.640Z,usb,1,3612849267,128353,32858368,256,8000,32.130
2026-07-23T01:12:46.672Z,usb,1,3612849267,128354,32858624,256,8000,32.130
2026-07-23T01:12:46.704Z,usb,1,3612849267,128355,32858880,256,8000,32.130
2026-07-23T01:12:46.737Z,usb,1,3612849267,128356,32859136,256,8000,32.140
2026-07-23T01:12:46.768Z,usb,1,3612849267,128357,32859392,256,8000,32.140
2026-07-23T01:12:46.800Z,usb,1,3612849267,128358,32859648,256,8000,32.140
2026-07-23T01:12:46.832Z,usb,1,3612849267,128359,32859904,256,8000,32.140
2026-07-23T01:12:46.864Z,usb,1,3612849267,128360,32860160,256,8000,32.140
2026-07-23T01:12:46.896Z,usb,1,3612849267,128361,32860416,256,8000,32.140
2026-07-23T01:12:46.928Z,usb,1,3612849267,128362,32860672,256,8000,32.140
2026-07-23T01:12:46.960Z,usb,1,3612849267,128363,32860928,256,8000,32.140
2026-07-23T01:12:46.992Z,usb,1,3612849267,128364,32861184,256,8000,32.140
2026-07-23T01:12:47.024Z,usb,1,3612849267,128365,32861440,256,8000,32.140
2026-07-23T01:12:47.056Z,usb,1,3612849267,128366,32861696,256,8000,32.140
2026-07-23T01:12:47.088Z,usb,1,3612849267,128367,32861952,256,8000,32.140
2026-07-23T01:12:47.120Z,usb,1,3612849267,128368,32862208,256,8000,32.140
2026-07-23T01:12:47.152Z,usb,1,3612849267,128369,32862464,256,8000,32.140
2026-07-23T01:12:47.184Z,usb,1,3612849267,128370,32862720,256,8000,32.140
2026-07-23T01:12:47.216Z,usb,1,3612849267,128371,32862976,256,8000,32.140
2026-07-23T01:12:47.248Z,usb,1,3612849267,128372,32863232,256,8000,32.140
2026-07-23T01:12:47.280Z,usb,1,3612849267,128373,32863488,256,8000,32.140
2026-07-23T01:12:47.312Z,usb,1,3612849267,128374,32863744,256,8000,32.140
2026-07-23T01:12:47.344Z,usb,1,3612849267,128375,32864000,256,8000,32.140
2026-07-23T01:12:47.376Z,usb,1,3612849267,128376,32864256,256,8000,32.140
2026-07-23T01:12:47.408Z,usb,1,3612849267,128377,32864512,256,8000,32.140
2026-07-23T01:12:47.440Z,usb,1,3612849267,128378,32864768,256,8000,32.140
2026-07-23T01:12:47.472Z,usb,1,3612849267,128379,32865024,256,8000,32.140
2026-07-23T01:12:47.504Z,usb,1,3612849267,128380,32865280,256,8000,32.140
2026-07-23T01:12:47.536Z,usb,1,3612849267,128381,32865536,256,8000,32.140
2026-07-23T01:12:47.568Z,usb,1,3612849267,128382,32865792,256,8000,32.140
2026-07-23T01:12:47.600Z,usb,1,3612849267,128383,32866048,256,8000,32.140
2026-07-23T01:12:47.632Z,usb,1,3612849267,128384,32866304,256,8000,32.140
2026-07-23T01:12:47.664Z,usb,1,3612849267,128385,32866560,256,8000,32.140
2026-07-23T01:12:47.696Z,usb,1,3612849267,128386,32866816,256,8000,32.140
2026-07-23T01:12:47.728Z,usb,1,3612849267,128387,32867072,256,8000,32.140
2026-07-23T01:12:47.761Z,usb,1,3612849267,128388,32867328,256,8000,32.140
2026-07-23T01:12:47.792Z,usb,1,3612849267,128389,32867584,256,8000,32.140
2026-07-23T01:12:47.824Z,usb,1,3612849267,128390,32867840,256,8000,32.140
2026-07-23T01:12:47.856Z,usb,1,3612849267,128391,32868096,256,8000,32.140
2026-07-23T01:12:47.888Z,usb,1,3612849267,128392,32868352,256,8000,32.140
2026-07-23T01:12:47.920Z,usb,1,3612849267,128393,32868608,256,8000,32.140
2026-07-23T01:12:47.952Z,usb,1,3612849267,128394,32868864,256,8000,32.140
2026-07-23T01:12:47.984Z,usb,1,3612849267,128395,32869120,256,8000,32.140
2026-07-23T01:12:48.016Z,usb,1,3612849267,128396,32869376,256,8000,32.140
2026-07-23T01:12:48.048Z,usb,1,3612849267,128397,32869632,256,8000,32.140
2026-07-23T01:12:48.080Z,usb,1,3612849267,128398,32869888,256,8000,32.140
2026-07-23T01:12:48.112Z,usb,1,3612849267,128399,32870144,256,8000,32.140
2026-07-23T01:12:48.144Z,usb,1,3612849267,128400,32870400,256,8000,32.140
2026-07-23T01:12:48.176Z,usb,1,3612849267,128401,32870656,256,8000,32.140
2026-07-23T01:12:48.208Z,usb,1,3612849267,128402,32870912,256,8000,32.140
2026-07-23T01:12:48.240Z,usb,1,3612849267,128403,32871168,256,8000,32.140
2026-07-23T01:12:48.272Z,usb,1,3612849267,128404,32871424,256,8000,32.140
2026-07-23T01:12:48.304Z,usb,1,3612849267,128405,32871680,256,8000,32.140
2026-07-23T01:12:48.336Z,usb,1,3612849267,128406,32871936,256,8000,32.140
2026-07-23T01:12:48.368Z,usb,1,3612849267,128407,32872192,256,8000,32.140
2026-07-23T01:12:48.400Z,usb,1,3612849267,128408,32872448,256,8000,32.140
2026-07-23T01:12:48.432Z,usb,1,3612849267,128409,32872704,256,8000,32.140
2026-07-23T01:12:48.464Z,usb,1,3612849267,128410,32872960,256,8000,32.140
2026-07-23T01:12:48.496Z,usb,1,3612849267,128411,32873216,256,8000,32.140
2026-07-23T01:12:48.528Z,usb,1,3612849267,128412,32873472,256,8000,32.140
2026-07-23T01:12:48.560Z,usb,1,3612849267,128413,32873728,256,8000,32.140
2026-07-23T01:12:48.592Z,usb,1,3612849267,128414,32873984,256,8000,32.140
2026-07-23T01:12:48.624Z,usb,1,3612849267,128415,32874240,256,8000,32.140
2026-07-23T01:12:48.656Z,usb,1,3612849267,128416,32874496,256,8000,32.140
2026-07-23T01:12:48.688Z,usb,1,3612849267,128417,32874752,256,8000,32.140
2026-07-23T01:12:48.720Z,usb,1,3612849267,128418,32875008,256,8000,32.140
2026-07-23T01:12:48.752Z,usb,1,3612849267,128419,32875264,256,8000,32.140
2026-07-23T01:12:48.785Z,usb,1,3612849267,128420,32875520,256,8000,32.140
2026-07-23T01:12:48.816Z,usb,1,3612849267,128421,32875776,256,8000,32.140
2026-07-23T01:12:48.848Z,usb,1,3612849267,128422,32876032,256,8000,32.140
2026-07-23T01:12:48.880Z,usb,1,3612849267,128423,32876288,256,8000,32.140
2026-07-23T01:12:48.912Z,usb,1,3612849267,128424,32876544,256,8000,32.140
2026-07-23T01:12:48.944Z,usb,1,3612849267,128425,32876800,256,8000,32.140
2026-07-23T01:12:48.976Z,usb,1,3612849267,128426,32877056,256,8000,32.140
2026-07-23T01:12:49.008Z,usb,1,3612849267,128427,32877312,256,8000,32.140
2026-07-23T01:12:49.040Z,usb,1,3612849267,128428,32877568,256,8000,32.140
2026-07-23T01:12:49.072Z,usb,1,3612849267,128429,32877824,256,8000,32.140
2026-07-23T01:12:49.104Z,usb,1,3612849267,128430,32878080,256,8000,32.140
2026-07-23T01:12:49.136Z,usb,1,3612849267,128431,32878336,256,8000,32.140
2026-07-23T01:12:49.168Z,usb,1,3612849267,128432,32878592,256,8000,32.140
2026-07-23T01:12:49.200Z,usb,1,3612849267,128433,32878848,256,8000,32.140
2026-07-23T01:12:49.232Z,usb,1,3612849267,128434,32879104,256,8000,32.140
2026-07-23T01:12:49.264Z,usb,1,3612849267,128435,32879360,256,8000,32.140
2026-07-23T01:12:49.296Z,usb,1,3612849267,128436,32879616,256,8000,32.140
2026-07-23T01:12:49.328Z,usb,1,3612849267,128437,32879872,256,8000,32.140
2026-07-23T01:12:49.360Z,usb,1,3612849267,128438,32880128,256,8000,32.140
2026-07-23T01:12:49.392Z,usb,1,3612849267,128439,32880384,256,8000,32.140
2026-07-23T01:12:49.424Z,usb,1,3612849267,128440,32880640,256,8000,32.140
2026-07-23T01:12:49.456Z,usb,1,3612849267,128441,32880896,256,8000,32.140
2026-07-23T01:12:49.488Z,usb,1,3612849267,128442,32881152,256,8000,32.140
2026-07-23T01:12:49.520Z,usb,1,3612849267,128443,32881408,256,8000,32.140
2026-07-23T01:12:49.552Z,usb,1,3612849267,128444,32881664,256,8000,32.140
2026-07-23T01:12:49.584Z,usb,1,3612849267,128445,32881920,256,8000,32.140
2026-07-23T01:12:49.616Z,usb,1,3612849267,128446,32882176,256,8000,32.140
2026-07-23T01:12:49.648Z,usb,1,3612849267,128447,32882432,256,8000,32.140
2026-07-23T01:12:49.680Z,usb,1,3612849267,128448,32882688,256,8000,32.140
2026-07-23T01:12:49.712Z,usb,1,3612849267,128449,32882944,256,8000,32.140
2026-07-23T01:12:49.744Z,usb,1,3612849267,128450,32883200,256,8000,32.140
2026-07-23T01:12:49.776Z,usb,1,3612849267,128451,32883456,256,8000,32.140
2026-07-23T01:12:49.809Z,usb,1,3612849267,128452,32883712,256,8000,32.140
2026-07-23T01:12:49.840Z,usb,1,3612849267,128453,32883968,256,8000,32.140
2026-07-23T01:12:49.872Z,usb,1,3612849267,128454,32884224,256,8000,32.140
2026-07-23T01:12:49.904Z,usb,1,3612849267,128455,32884480,256,8000,32.140
2026-07-23T01:12:49.936Z,usb,1,3612849267,128456,32884736,256,8000,32.140
2026-07-23T01:12:49.968Z,usb,1,3612849267,128457,32884992,256,8000,32.140
2026-07-23T01:12:50.000Z,usb,1,3612849267,128458,32885248,256,8000,32.140
2026-07-23T01:12:50.032Z,usb,1,3612849267,128459,32885504,256,8000,32.140
2026-07-23T01:12:50.064Z,usb,1,3612849267,128460,32885760,256,8000,32.140
2026-07-23T01:12:50.096Z,usb,1,3612849267,128461,32886016,256,8000,32.140
2026-07-23T01:12:50.128Z,usb,1,3612849267,128462,32886272,256,8000,32.140
2026-07-23T01:12:50.160Z,usb,1,3612849267,128463,32886528,256,8000,32.140
2026-07-23T01:12:50.192Z,usb,1,3612849267,128464,32886784,256,8000,32.140
2026-07-23T01:12:50.224Z,usb,1,3612849267,128465,32887040,256,8000,32.140
2026-07-23T01:12:50.256Z,usb,1,3612849267,128466,32887296,256,8000,32.140
2026-07-23T01:12:50.288Z,usb,1,3612849267,128467,32887552,256,8000,32.140
2026-07-23T01:12:50.320Z,usb,1,3612849267,128468,32887808,256,8000,32.140
2026-07-23T01:12:50.352Z,usb,1,3612849267,128469,32888064,256,8000,32.140
2026-07-23T01:12:50.384Z,usb,1,3612849267,128470,32888320,256,8000,32.140
2026-07-23T01:12:50.416Z,usb,1,3612849267,128471,32888576,256,8000,32.140
2026-07-23T01:12:50.448Z,usb,1,3612849267,128472,32888832,256,8000,32.140
2026-07-23T01:12:50.480Z,usb,1,3612849267,128473,32889088,256,8000,32.140
2026-07-23T01:12:50.512Z,usb,1,3612849267,128474,32889344,256,8000,32.140
2026-07-23T01:12:50.544Z,usb,1,3612849267,128475,32889600,256,8000,32.140
2026-07-23T01:12:50.576Z,usb,1,3612849267,128476,32889856,256,8000,32.140
2026-07-23T01:12:50.608Z,usb,1,3612849267,128477,32890112,256,8000,32.140
2026-07-23T01:12:50.640Z,usb,1,3612849267,128478,32890368,256,8000,32.140
2026-07-23T01:12:50.672Z,usb,1,3612849267,128479,32890624,256,8000,32.140
2026-07-23T01:12:50.704Z,usb,1,3612849267,128480,32890880,256,8000,32.140
2026-07-23T01:12:50.736Z,usb,1,3612849267,128481,32891136,256,8000,32.140
2026-07-23T01:12:50.768Z,usb,1,3612849267,128482,32891392,256,8000,32.140
2026-07-23T01:12:50.800Z,usb,1,3612849267,128483,32891648,256,8000,32.140
2026-07-23T01:12:50.833Z,usb,1,3612849267,128484,32891904,256,8000,32.130
2026-07-23T01:12:50.864Z,usb,1,3612849267,128485,32892160,256,8000,32.130
2026-07-23T01:12:50.896Z,usb,1,3612849267,128486,32892416,256,8000,32.130
2026-07-23T01:12:50.928Z,usb,1,3612849267,128487,32892672,256,8000,32.130
2026-07-23T01:12:50.960Z,usb,1,3612849267,128488,32892928,256,8000,32.130
2026-07-23T01:12:50.992Z,usb,1,3612849267,128489,32893184,256,8000,32.130
2026-07-23T01:12:51.024Z,usb,1,3612849267,128490,32893440,256,8000,32.130
2026-07-23T01:12:51.056Z,usb,1,3612849267,128491,32893696,256,8000,32.130
2026-07-23T01:12:51.088Z,usb,1,3612849267,128492,32893952,256,8000,32.130
2026-07-23T01:12:51.120Z,usb,1,3612849267,128493,32894208,256,8000,32.130
2026-07-23T01:12:51.152Z,usb,1,3612849267,128494,32894464,256,8000,32.130
2026-07-23T01:12:51.184Z,usb,1,3612849267,128495,32894720,256,8000,32.130
2026-07-23T01:12:51.216Z,usb,1,3612849267,128496,32894976,256,8000,32.130
2026-07-23T01:12:51.248Z,usb,1,3612849267,128497,32895232,256,8000,32.130
2026-07-23T01:12:51.280Z,usb,1,3612849267,128498,32895488,256,8000,32.130
2026-07-23T01:12:51.312Z,usb,1,3612849267,128499,32895744,256,8000,32.130
2026-07-23T01:12:51.344Z,usb,1,3612849267,128500,32896000,256,8000,32.130
2026-07-23T01:12:51.376Z,usb,1,3612849267,128501,32896256,256,8000,32.130
2026-07-23T01:12:51.408Z,usb,1,3612849267,128502,32896512,256,8000,32.130
2026-07-23T01:12:51.440Z,usb,1,3612849267,128503,32896768,256,8000,32.130
2026-07-23T01:12:51.472Z,usb,1,3612849267,128504,32897024,256,8000,32.130
2026-07-23T01:12:51.504Z,usb,1,3612849267,128505,32897280,256,8000,32.130
2026-07-23T01:12:51.536Z,usb,1,3612849267,128506,32897536,256,8000,32.130
2026-07-23T01:12:51.568Z,usb,1,3612849267,128507,32897792,256,8000,32.130
2026-07-23T01:12:51.600Z,usb,1,3612849267,128508,32898048,256,8000,32.130
2026-07-23T01:12:51.632Z,usb,1,3612849267,128509,32898304,256,8000,32.130
2026-07-23T01:12:51.664Z,usb,1,3612849267,128510,32898560,256,8000,32.130
2026-07-23T01:12:51.696Z,usb,1,3612849267,128511,32898816,256,8000,32.130
2026-07-23T01:12:51.728Z,usb,1,3612849267,128512,32899072,256,8000,32.130
2026-07-23T01:12:51.760Z,usb,1,3612849267,128513,32899328,256,8000,32.130
2026-07-23T01:12:51.792Z,usb,1,3612849267,128514,32899584,256,8000,32.130
2026-07-23T01:12:51.824Z,usb,1,3612849267,128515,32899840,256,8000,32.130
2026-07-23T01:12:51.857Z,usb,1,3612849267,128516,32900096,256,8000,32.140
2026-07-23T01:12:51.888Z,usb,1,3612849267,128517,32900352,256,8000,32.140
2026-07-23T01:12:51.920Z,usb,1,3612849267,128518,32900608,256,8000,32.140
2026-07-23T01:12:51.952Z,usb,1,3612849267,128519,32900864,256,8000,32.140
2026-07-23T01:12:51.984Z,usb,1,3612849267,128520,32901120,256,8000,32.140
2026-07-23T01:12:52.016Z,usb,1,3612849267,128521,32901376,256,8000,32.140
2026-07-23T01:12:52.048Z,usb,1,3612849267,128522,32901632,256,8000,32.140
2026-07-23T01:12:52.080Z,usb,1,3612849267,128523,32901888,256,8000,32.140
2026-07-23T01:12:52.112Z,usb,1,3612849267,128524,32902144,256,8000,32.140
2026-07-23T01:12:52.144Z,usb,1,3612849267,128525,32902400,256,8000,32.140
2026-07-23T01:12:52.176Z,usb,1,3612849267,128526,32902656,256,8000,32.140
2026-07-23T01:12:52.208Z,usb,1,3612849267,128527,32902912,256,8000,32.140
2026-07-23T01:12:52.240Z,usb,1,3612849267,128528,32903168,256,8000,32.140
2026-07-23T01:12:52.272Z,usb,1,3612849267,128529,32903424,256,8000,32.140
2026-07-23T01:12:52.304Z,usb,1,3612849267,128530,32903680,256,8000,32.140
2026-07-23T01:12:52.336Z,usb,1,3612849267,128531,32903936,256,8000,32.140
2026-07-23T01:12:52.368Z,usb,1,3612849267,128532,32904192,256,8000,32.140
2026-07-23T01:12:52.400Z,usb,1,3612849267,128533,32904448,256,8000,32.140
2026-07-23T01:12:52.432Z,usb,1,3612849267,128534,32904704,256,8000,32.140
2026-07-23T01:12:52.464Z,usb,1,3612849267,128535,32904960,256,8000,32.140
2026-07-23T01:12:52.496Z,usb,1,3612849267,128536,32905216,256,8000,32.140
2026-07-23T01:12:52.528Z,usb,1,3612849267,128537,32905472,256,8000,32.140
2026-07-23T01:12:52.560Z,usb,1,3612849267,128538,32905728,256,8000,32.140
2026-07-23T01:12:52.592Z,usb,1,3612849267,128539,32905984,256,8000,32.140
2026-07-23T01:12:52.624Z,usb,1,3612849267,128540,32906240,256,8000,32.140
2026-07-23T01:12:52.656Z,usb,1,3612849267,128541,32906496,256,8000,32.140
2026-07-23T01:12:52.688Z,usb,1,3612849267,128542,32906752,256,8000,32.140
2026-07-23T01:12:52.720Z,usb,1,3612849267,128543,32907008,256,8000,32.140
2026-07-23T01:12:52.752Z,usb,1,3612849267,128544,32907264,256,8000,32.140
2026-07-23T01:12:52.784Z,usb,1,3612849267,128545,32907520,256,8000,32.140
2026-07-23T01:12:52.816Z,usb,1,3612849267,128546,32907776,256,8000,32.140
2026-07-23T01:12:52.848Z,usb,1,3612849267,128547,32908032,256,8000,32.140
2026-07-23T01:12:52.881Z,usb,1,3612849267,128548,32908288,256,8000,32.130
2026-07-23T01:12:52.912Z,usb,1,3612849267,128549,32908544,256,8000,32.130
2026-07-23T01:12:52.944Z,usb,1,3612849267,128550,32908800,256,8000,32.130
2026-07-23T01:12:52.976Z,usb,1,3612849267,128551,32909056,256,8000,32.130
2026-07-23T01:12:53.008Z,usb,1,3612849267,128552,32909312,256,8000,32.130
2026-07-23T01:12:53.040Z,usb,1,3612849267,128553,32909568,256,8000,32.130
2026-07-23T01:12:53.072Z,usb,1,3612849267,128554,32909824,256,8000,32.130
2026-07-23T01:12:53.104Z,usb,1,3612849267,128555,32910080,256,8000,32.130
2026-07-23T01:12:53.136Z,usb,1,3612849267,128556,32910336,256,8000,32.130
2026-07-23T01:12:53.168Z,usb,1,3612849267,128557,32910592,256,8000,32.130
2026-07-23T01:12:53.200Z,usb,1,3612849267,128558,32910848,256,8000,32.130
2026-07-23T01:12:53.232Z,usb,1,3612849267,128559,32911104,256,8000,32.130
2026-07-23T01:12:53.264Z,usb,1,3612849267,128560,32911360,256,8000,32.130
2026-07-23T01:12:53.296Z,usb,1,3612849267,128561,32911616,256,8000,32.130
2026-07-23T01:12:53.328Z,usb,1,3612849267,128562,32911872,256,8000,32.130
2026-07-23T01:12:53.360Z,usb,1,3612849267,128563,32912128,256,8000,32.130
2026-07-23T01:12:53.392Z,usb,1,3612849267,128564,32912384,256,8000,32.130
2026-07-23T01:12:53.424Z,usb,1,3612849267,128565,32912640,256,8000,32.130
2026-07-23T01:12:53.456Z,usb,1,3612849267,128566,32912896,256,8000,32.130
2026-07-23T01:12:53.488Z,usb,1,3612849267,128567,32913152,256,8000,32.130
2026-07-23T01:12:53.520Z,usb,1,3612849267,128568,32913408,256,8000,32.130
2026-07-23T01:12:53.552Z,usb,1,3612849267,128569,32913664,256,8000,32.130
2026-07-23T01:12:53.584Z,usb,1,3612849267,128570,32913920,256,8000,32.130
2026-07-23T01:12:53.616Z,usb,1,3612849267,128571,32914176,256,8000,32.130
2026-07-23T01:12:53.648Z,usb,1,3612849267,128572,32914432,256,8000,32.130
2026-07-23T01:12:53.680Z,usb,1,3612849267,128573,32914688,256,8000,32.130
2026-07-23T01:12:53.712Z,usb,1,3612849267,128574,32914944,256,8000,32.130
2026-07-23T01:12:53.744Z,usb,1,3612849267,128575,32915200,256,8000,32.130
2026-07-23T01:12:53.776Z,usb,1,3612849267,128576,32915456,256,8000,32.130
2026-07-23T01:12:53.808Z,usb,1,3612849267,128577,32915712,256,8000,32.130
2026-07-23T01:12:53.840Z,usb,1,3612849267,128578,32915968,256,8000,32.130
2026-07-23T01:12:53.872Z,usb,1,3612849267,128579,32916224,256,8000,32.130
2026-07-23T01:12:53.905Z,usb,1,3612849267,128580,32916480,256,8000,32.140
2026-07-23T01:12:53.936Z,usb,1,3612849267,128581,32916736,256,8000,32.140
2026-07-23T01:12:53.968Z,usb,1,3612849267,128582,32916992,256,8000,32.140
2026-07-23T01:12:54.000Z,usb,1,3612849267,128583,32917248,256,8000,32.140
2026-07-23T01:12:54.032Z,usb,1,3612849267,128584,32917504,256,8000,32.140
2026-07-23T01:12:54.064Z,usb,1,3612849267,128585,32917760,256,8000,32.140
2026-07-23T01:12:54.096Z,usb,1,3612849267,128586,32918016,256,8000,32.140
2026-07-23T01:12:54.128Z,usb,1,3612849267,128587,32918272,256,8000,32.140
2026-07-23T01:12:54.160Z,usb,1,3612849267,128588,32918528,256,8000,32.140
2026-07-23T01:12:54.192Z,usb,1,3612849267,128589,32918784,256,8000,32.140
2026-07-23T01:12:54.224Z,usb,1,3612849267,128590,32919040,256,8000,32.140
2026-07-23T01:12:54.256Z,usb,1,3612849267,128591,32919296,256,8000,32.140
2026-07-23T01:12:54.288Z,usb,1,3612849267,128592,32919552,256,8000,32.140
2026-07-23T01:12:54.320Z,usb,1,3612849267,128593,32919808,256,8000,32.140
2026-07-23T01:12:54.352Z,usb,1,3612849267,128594,32920064,256,8000,32.140
2026-07-23T01:12:54.384Z,usb,1,3612849267,128595,32920320,256,8000,32.140
2026-07-23T01:12:54.416Z,usb,1,3612849267,128596,32920576,256,8000,32.140
2026-07-23T01:12:54.448Z,usb,1,3612849267,128597,32920832,256,8000,32.140
2026-07-23T01:12:54.480Z,usb,1,3612849267,128598,32921088,256,8000,32.140
2026-07-23T01:12:54.512Z,usb,1,3612849267,128599,32921344,256,8000,32.140
2026-07-23T01:12:54.544Z,usb,1,3612849267,128600,32921600,256,8000,32.140
2026-07-23T01:12:54.576Z,usb,1,3612849267,128601,32921856,256,8000,32.140
2026-07-23T01:12:54.608Z,usb,1,3612849267,128602,32922112,256,8000,32.140
2026-07-23T01:12:54.640Z,usb,1,3612849267,128603,32922368,256,8000,32.140
2026-07-23T01:12:54.672Z,usb,1,3612849267,128604,32922624,256,8000,32.140
2026-07-23T01:12:54.704Z,usb,1,3612849267,128605,32922880,256,8000,32.140
2026-07-23T01:12:54.736Z,usb,1,3612849267,128606,32923136,256,8000,32.140
2026-07-23T01:12:54.768Z,usb,1,3612849267,128607,32923392,256,8000,32.140
2026-07-23T01:12:54.800Z,usb,1,3612849267,128608,32923648,256,8000,32.140
2026-07-23T01:12:54.832Z,usb,1,3612849267,128609,32923904,256,8000,32.140
2026-07-23T01:12:54.864Z,usb,1,3612849267,128610,32924160,256,8000,32.140
2026-07-23T01:12:54.896Z,usb,1,3612849267,128611,32924416,256,8000,32.140
2026-07-23T01:12:54.929Z,usb,1,3612849267,128612,32924672,256,8000,32.130
2026-07-23T01:12:54.960Z,usb,1,3612849267,128613,32924928,256,8000,32.130
2026-07-23T01:12:54.992Z,usb,1,3612849267,128614,32925184,256,8000,32.130
2026-07-23T01:12:55.024Z,usb,1,3612849267,128615,32925440,256,8000,32.130
2026-07-23T01:12:55.056Z,usb,1,3612849267,128616,32925696,256,8000,32.130
2026-07-23T01:12:55.088Z,usb,1,3612849267,128617,32925952,256,8000,32.130
2026-07-23T01:12:55.120Z,usb,1,3612849267,128618,32926208,256,8000,32.130
2026-07-23T01:12:55.152Z,usb,1,3612849267,128619,32926464,256,8000,32.130
2026-07-23T01:12:55.184Z,usb,1,3612849267,128620,32926720,256,8000,32.130
2026-07-23T01:12:55.216Z,usb,1,3612849267,128621,32926976,256,8000,32.130
2026-07-23T01:12:55.248Z,usb,1,3612849267,128622,32927232,256,8000,32.130
2026-07-23T01:12:55.280Z,usb,1,3612849267,128623,32927488,256,8000,32.130
2026-07-23T01:12:55.312Z,usb,1,3612849267,128624,32927744,256,8000,32.130
2026-07-23T01:12:55.344Z,usb,1,3612849267,128625,32928000,256,8000,32.130
2026-07-23T01:12:55.376Z,usb,1,3612849267,128626,32928256,256,8000,32.130
2026-07-23T01:12:55.408Z,usb,1,3612849267,128627,32928512,256,8000,32.130
2026-07-23T01:12:55.440Z,usb,1,3612849267,128628,32928768,256,8000,32.130
2026-07-23T01:12:55.472Z,usb,1,3612849267,128629,32929024,256,8000,32.130
2026-07-23T01:12:55.504Z,usb,1,3612849267,128630,32929280,256,8000,32.130
2026-07-23T01:12:55.536Z,usb,1,3612849267,128631,32929536,256,8000,32.130
2026-07-23T01:12:55.568Z,usb,1,3612849267,128632,32929792,256,8000,32.130
2026-07-23T01:12:55.600Z,usb,1,3612849267,128633,32930048,256,8000,32.130
2026-07-23T01:12:55.632Z,usb,1,3612849267,128634,32930304,256,8000,32.130
2026-07-23T01:12:55.664Z,usb,1,3612849267,128635,32930560,256,8000,32.130
2026-07-23T01:12:55.696Z,usb,1,3612849267,128636,32930816,256,8000,32.130
2026-07-23T01:12:55.728Z,usb,1,3612849267,128637,32931072,256,8000,32.130
2026-07-23T01:12:55.760Z,usb,1,3612849267,128638,32931328,256,8000,32.130
2026-07-23T01:12:55.792Z,usb,1,3612849267,128639,32931584,256,8000,32.130
2026-07-23T01:12:55.824Z,usb,1,3612849267,128640,32931840,256,8000,32.130
2026-07-23T01:12:55.856Z,usb,1,3612849267,128641,32932096,256,8000,32.130
2026-07-23T01:12:55.888Z,usb,1,3612849267,128642,32932352,256,8000,32.130
2026-07-23T01:12:55.920Z,usb,1,3612849267,128643,32932608,256,8000,32.130
2026-07-23T01:12:55.953Z,usb,1,3612849267,128644,32932864,256,8000,32.130
2026-07-23T01:12:55.984Z,usb,1,3612849267,128645,32933120,256,8000,32.130
2026-07-23T01:12:56.016Z,usb,1,3612849267,128646,32933376,256,8000,32.130
2026-07-23T01:12:56.048Z,usb,1,3612849267,128647,32933632,256,8000,32.130
2026-07-23T01:12:56.080Z,usb,1,3612849267,128648,32933888,256,8000,32.130
2026-07-23T01:12:56.112Z,usb,1,3612849267,128649,32934144,256,8000,32.130
2026-07-23T01:12:56.144Z,usb,1,3612849267,128650,32934400,256,8000,32.130
2026-07-23T01:12:56.176Z,usb,1,3612849267,128651,32934656,256,8000,32.130
2026-07-23T01:12:56.208Z,usb,1,3612849267,128652,32934912,256,8000,32.130
2026-07-23T01:12:56.240Z,usb,1,3612849267,128653,32935168,256,8000,32.130
2026-07-23T01:12:56.272Z,usb,1,3612849267,128654,32935424,256,8000,32.130
2026-07-23T01:12:56.304Z,usb,1,3612849267,128655,32935680,256,8000,32.130
2026-07-23T01:12:56.336Z,usb,1,3612849267,128656,32935936,256,8000,32.130
2026-07-23T01:12:56.368Z,usb,1,3612849267,128657,32936192,256,8000,32.130
2026-07-23T01:12:56.400Z,usb,1,3612849267,128658,32936448,256,8000,32.130
2026-07-23T01:12:56.432Z,usb,1,3612849267,128659,32936704,256,8000,32.130
2026-07-23T01:12:56.464Z,usb,1,3612849267,128660,32936960,256,8000,32.130
2026-07-23T01:12:56.496Z,usb,1,3612849267,128661,32937216,256,8000,32.130
2026-07-23T01:12:56.528Z,usb,1,3612849267,128662,32937472,256,8000,32.130
2026-07-23T01:12:56.560Z,usb,1,3612849267,128663,32937728,256,8000,32.130
2026-07-23T01:12:56.592Z,usb,1,3612849267,128664,32937984,256,8000,32.130
2026-07-23T01:12:56.624Z,usb,1,3612849267,128665,32938240,256,8000,32.130
2026-07-23T01:12:56.656Z,usb,1,3612849267,128666,32938496,256,8000,32.130
2026-07-23T01:12:56.688Z,usb,1,3612849267,128667,32938752,256,8000,32.130
2026-07-23T01:12:56.720Z,usb,1,3612849267,128668,32939008,256,8000,32.130
2026-07-23T01:12:56.752Z,usb,1,3612849267,128669,32939264,256,8000,32.130
2026-07-23T01:12:56.784Z,usb,1,3612849267,128670,32939520,256,8000,32.130
2026-07-23T01:12:56.816Z,usb,1,3612849267,128671,32939776,256,8000,32.130
2026-07-23T01:12:56.848Z,usb,1,3612849267,128672,32940032,256,8000,32.130
2026-07-23T01:12:56.880Z,usb,1,3612849267,128673,32940288,256,8000,32.130
2026-07-23T01:12:56.912Z,usb,1,3612849267,128674,32940544,256,8000,32.130
2026-07-23T01:12:56.944Z,usb,1,3612849267,128675,32940800,256,8000,32.130
2026-07-23T01:12:56.977Z,usb,1,3612849267,128676,32941056,256,8000,32.140
2026-07-23T01:12:57.008Z,usb,1,3612849267,128677,32941312,256,8000,32.140
2026-07-23T01:12:57.040Z,usb,1,3612849267,128678,32941568,256,8000,32.140
2026-07-23T01:12:57.072Z,usb,1,3612849267,128679,32941824,256,8000,32.140
2026-07-23T01:12:57.104Z,usb,1,3612849267,128680,32942080,256,8000,32.140
2026-07-23T01:12:57.136Z,usb,1,3612849267,128681,32942336,256,8000,32.140
2026-07-23T01:12:57.168Z,usb,1,3612849267,128682,32942592,256,8000,32.140
2026-07-23T01:12:57.200Z,usb,1,3612849267,128683,32942848,256,8000,32.140
2026-07-23T01:12:57.232Z,usb,1,3612849267,128684,32943104,256,8000,32.140
2026-07-23T01:12:57.264Z,usb,1,3612849267,128685,32943360,256,8000,32.140
2026-07-23T01:12:57.296Z,usb,1,3612849267,128686,32943616,256,8000,32.140
2026-07-23T01:12:57.328Z,usb,1,3612849267,128687,32943872,256,8000,32.140
2026-07-23T01:12:57.360Z,usb,1,3612849267,128688,32944128,256,8000,32.140
2026-07-23T01:12:57.392Z,usb,1,3612849267,128689,32944384,256,8000,32.140
2026-07-23T01:12:57.424Z,usb,1,3612849267,128690,32944640,256,8000,32.140
2026-07-23T01:12:57.456Z,usb,1,3612849267,128691,32944896,256,8000,32.140
2026-07-23T01:12:57.488Z,usb,1,3612849267,128692,32945152,256,8000,32.140
2026-07-23T01:12:57.520Z,usb,1,3612849267,128693,32945408,256,8000,32.140
2026-07-23T01:12:57.552Z,usb,1,3612849267,128694,32945664,256,8000,32.140
2026-07-23T01:12:57.584Z,usb,1,3612849267,128695,32945920,256,8000,32.140
2026-07-23T01:12:57.616Z,usb,1,3612849267,128696,32946176,256,8000,32.140
2026-07-23T01:12:57.648Z,usb,1,3612849267,128697,32946432,256,8000,32.140
2026-07-23T01:12:57.680Z,usb,1,3612849267,128698,32946688,256,8000,32.140
2026-07-23T01:12:57.712Z,usb,1,3612849267,128699,32946944,256,8000,32.140
2026-07-23T01:12:57.744Z,usb,1,3612849267,128700,32947200,256,8000,32.140
2026-07-23T01:12:57.776Z,usb,1,3612849267,128701,32947456,256,8000,32.140
2026-07-23T01:12:57.808Z,usb,1,3612849267,128702,32947712,256,8000,32.140
2026-07-23T01:12:57.840Z,usb,1,3612849267,128703,32947968,256,8000,32.140
2026-07-23T01:12:57.872Z,usb,1,3612849267,128704,32948224,256,8000,32.140
2026-07-23T01:12:57.904Z,usb,1,3612849267,128705,32948480,256,8000,32.140
2026-07-23T01:12:57.936Z,usb,1,3612849267,128706,32948736,256,8000,32.140
2026-07-23T01:12:57.968Z,usb,1,3612849267,128707,32948992,256,8000,32.140
2026-07-23T01:12:58.001Z,usb,1,3612849267,128708,32949248,256,8000,32.140
2026-07-23T01:12:58.032Z,usb,1,3612849267,128709,32949504,256,8000,32.140
2026-07-23T01:12:58.064Z,usb,1,3612849267,128710,32949760,256,8000,32.140
2026-07-23T01:12:58.096Z,usb,1,3612849267,128711,32950016,256,8000,32.140
2026-07-23T01:12:58.128Z,usb,1,3612849267,128712,32950272,256,8000,32.140
2026-07-23T01:12:58.160Z,usb,1,3612849267,128713,32950528,256,8000,32.140
2026-07-23T01:12:58.192Z,usb,1,3612849267,128714,32950784,256,8000,32.140
2026-07-23T01:12:58.224Z,usb,1,3612849267,128715,32951040,256,8000,32.140
2026-07-23T01:12:58.256Z,usb,1,3612849267,128716,32951296,256,8000,32.140
2026-07-23T01:12:58.288Z,usb,1,3612849267,128717,32951552,256,8000,32.140
2026-07-23T01:12:58.320Z,usb,1,3612849267,128718,32951808,256,8000,32.140
2026-07-23T01:12:58.352Z,usb,1,3612849267,128719,32952064,256,8000,32.140
2026-07-23T01:12:58.384Z,usb,1,3612849267,128720,32952320,256,8000,32.140
2026-07-23T01:12:58.416Z,usb,1,3612849267,128721,32952576,256,8000,32.140
2026-07-23T01:12:58.448Z,usb,1,3612849267,128722,32952832,256,8000,32.140
2026-07-23T01:12:58.480Z,usb,1,3612849267,128723,32953088,256,8000,32.140
2026-07-23T01:12:58.512Z,usb,1,3612849267,128724,32953344,256,8000,32.140
2026-07-23T01:12:58.544Z,usb,1,3612849267,128725,32953600,256,8000,32.140
2026-07-23T01:12:58.576Z,usb,1,3612849267,128726,32953856,256,8000,32.140
2026-07-23T01:12:58.608Z,usb,1,3612849267,128727,32954112,256,8000,32.140
2026-07-23T01:12:58.640Z,usb,1,3612849267,128728,32954368,256,8000,32.140
2026-07-23T01:12:58.672Z,usb,1,3612849267,128729,32954624,256,8000,32.140
2026-07-23T01:12:58.704Z,usb,1,3612849267,128730,32954880,256,8000,32.140
2026-07-23T01:12:58.736Z,usb,1,3612849267,128731,32955136,256,8000,32.140
2026-07-23T01:12:58.768Z,usb,1,3612849267,128732,32955392,256,8000,32.140
2026-07-23T01:12:58.800Z,usb,1,3612849267,128733,32955648,256,8000,32.140
2026-07-23T01:12:58.832Z,usb,1,3612849267,128734,32955904,256,8000,32.140
2026-07-23T01:12:58.864Z,usb,1,3612849267,128735,32956160,256,8000,32.140
2026-07-23T01:12:58.896Z,usb,1,3612849267,128736,32956416,256,8000,32.140
2026-07-23T01:12:58.928Z,usb,1,3612849267,128737,32956672,256,8000,32.140
2026-07-23T01:12:58.960Z,usb,1,3612849267,128738,32956928,256,8000,32.140
2026-07-23T01:12:58.992Z,usb,1,3612849267,128739,32957184,256,8000,32.140
2026-07-23T01:12:59.025Z,usb,1,3612849267,128740,32957440,256,8000,32.130
2026-07-23T01:12:59.056Z,usb,1,3612849267,128741,32957696,256,8000,32.130
2026-07-23T01:12:59.088Z,usb,1,3612849267,128742,32957952,256,8000,32.130
2026-07-23T01:12:59.120Z,usb,1,3612849267,128743,32958208,256,8000,32.130
2026-07-23T01:12:59.152Z,usb,1,3612849267,128744,32958464,256,8000,32.130
2026-07-23T01:12:59.184Z,usb,1,3612849267,128745,32958720,256,8000,32.130
2026-07-23T01:12:59.216Z,usb,1,3612849267,128746,32958976,256,8000,32.130
2026-07-23T01:12:59.248Z,usb,1,3612849267,128747,32959232,256,8000,32.130
2026-07-23T01:12:59.280Z,usb,1,3612849267,128748,32959488,256,8000,32.130
2026-07-23T01:12:59.312Z,usb,1,3612849267,128749,32959744,256,8000,32.130
2026-07-23T01:12:59.344Z,usb,1,3612849267,128750,32960000,256,8000,32.130
2026-07-23T01:12:59.376Z,usb,1,3612849267,128751,32960256,256,8000,32.130
2026-07-23T01:12:59.408Z,usb,1,3612849267,128752,32960512,256,8000,32.130
2026-07-23T01:12:59.440Z,usb,1,3612849267,128753,32960768,256,8000,32.130
2026-07-23T01:12:59.472Z,usb,1,3612849267,128754,32961024,256,8000,32.130
2026-07-23T01:12:59.504Z,usb,1,3612849267,128755,32961280,256,8000,32.130
2026-07-23T01:12:59.536Z,usb,1,3612849267,128756,32961536,256,8000,32.130
2026-07-23T01:12:59.568Z,usb,1,3612849267,128757,32961792,256,8000,32.130
2026-07-23T01:12:59.600Z,usb,1,3612849267,128758,32962048,256,8000,32.130
2026-07-23T01:12:59.632Z,usb,1,3612849267,128759,32962304,256,8000,32.130
2026-07-23T01:12:59.664Z,usb,1,3612849267,128760,32962560,256,8000,32.130
2026-07-23T01:12:59.696Z,usb,1,3612849267,128761,32962816,256,8000,32.130
2026-07-23T01:12:59.729Z,usb,1,3612849267,128762,32963072,256,8000,32.130
2026-07-23T01:12:59.760Z,usb,1,3612849267,128763,32963328,256,8000,32.130
2026-07-23T01:12:59.792Z,usb,1,3612849267,128764,32963584,256,8000,32.130
2026-07-23T01:12:59.824Z,usb,1,3612849267,128765,32963840,256,8000,32.130
2026-07-23T01:12:59.856Z,usb,1,3612849267,128766,32964096,256,8000,32.130
2026-07-23T01:12:59.888Z,usb,1,3612849267,128767,32964352,256,8000,32.130
2026-07-23T01:12:59.920Z,usb,1,3612849267,128768,32964608,256,8000,32.130
2026-07-23T01:12:59.952Z,usb,1,3612849267,128769,32964864,256,8000,32.130
2026-07-23T01:12:59.984Z,usb,1,3612849267,128770,32965120,256,8000,32.130
2026-07-23T01:13:00.016Z,usb,1,3612849267,128771,32965376,256,8000,32.130
2026-07-23T01:13:00.049Z,usb,1,3612849267,128772,32965632,256,8000,32.140
2026-07-23T01:13:00.080Z,usb,1,3612849267,128773,32965888,256,8000,32.140
2026-07-23T01:13:00.112Z,usb,1,3612849267,128774,32966144,256,8000,32.140
2026-07-23T01:13:00.144Z,usb,1,3612849267,128775,32966400,256,8000,32.140
2026-07-23T01:13:00.176Z,usb,1,3612849267,128776,32966656,256,8000,32.140
2026-07-23T01:13:00.208Z,usb,1,3612849267,128777,32966912,256,8000,32.140
2026-07-23T01:13:00.240Z,usb,1,3612849267,128778,32967168,256,8000,32.140
2026-07-23T01:13:00.272Z,usb,1,3612849267,128779,32967424,256,8000,32.140
2026-07-23T01:13:00.304Z,usb,1,3612849267,128780,32967680,256,8000,32.140
2026-07-23T01:13:00.336Z,usb,1,3612849267,128781,32967936,256,8000,32.140
2026-07-23T01:13:00.368Z,usb,1,3612849267,128782,32968192,256,8000,32.140
2026-07-23T01:13:00.400Z,usb,1,3612849267,128783,32968448,256,8000,32.140
2026-07-23T01:13:00.432Z,usb,1,3612849267,128784,32968704,256,8000,32.140
2026-07-23T01:13:00.464Z,usb,1,3612849267,128785,32968960,256,8000,32.140
2026-07-23T01:13:00.496Z,usb,1,3612849267,128786,32969216,256,8000,32.140
2026-07-23T01:13:00.528Z,usb,1,3612849267,128787,32969472,256,8000,32.140
2026-07-23T01:13:00.560Z,usb,1,3612849267,128788,32969728,256,8000,32.140
2026-07-23T01:13:00.592Z,usb,1,3612849267,128789,32969984,256,8000,32.140
2026-07-23T01:13:00.624Z,usb,1,3612849267,128790,32970240,256,8000,32.140
2026-07-23T01:13:00.656Z,usb,1,3612849267,128791,32970496,256,8000,32.140
2026-07-23T01:13:00.688Z,usb,1,3612849267,128792,32970752,256,8000,32.140
2026-07-23T01:13:00.720Z,usb,1,3612849267,128793,32971008,256,8000,32.140
2026-07-23T01:13:00.752Z,usb,1,3612849267,128794,32971264,256,8000,32.140
2026-07-23T01:13:00.784Z,usb,1,3612849267,128795,32971520,256,8000,32.140
2026-07-23T01:13:00.816Z,usb,1,3612849267,128796,32971776,256,8000,32.140
2026-07-23T01:13:00.848Z,usb,1,3612849267,128797,32972032,256,8000,32.140
2026-07-23T01:13:00.880Z,usb,1,3612849267,128798,32972288,256,8000,32.140
2026-07-23T01:13:00.912Z,usb,1,3612849267,128799,32972544,256,8000,32.140
2026-07-23T01:13:00.944Z,usb,1,3612849267,128800,32972800,256,8000,32.140
2026-07-23T01:13:00.976Z,usb,1,3612849267,128801,32973056,256,8000,32.140
2026-07-23T01:13:01.008Z,usb,1,3612849267,128802,32973312,256,8000,32.140
2026-07-23T01:13:01.040Z,usb,1,3612849267,128803,32973568,256,8000,32.140
2026-07-23T01:13:01.073Z,usb,1,3612849267,128804,32973824,256,8000,32.140
2026-07-23T01:13:01.104Z,usb,1,3612849267,128805,32974080,256,8000,32.140
2026-07-23T01:13:01.136Z,usb,1,3612849267,128806,32974336,256,8000,32.140
2026-07-23T01:13:01.168Z,usb,1,3612849267,128807,32974592,256,8000,32.140
2026-07-23T01:13:01.200Z,usb,1,3612849267,128808,32974848,256,8000,32.140
2026-07-23T01:13:01.232Z,usb,1,3612849267,128809,32975104,256,8000,32.140
2026-07-23T01:13:01.264Z,usb,1,3612849267,128810,32975360,256,8000,32.140
2026-07-23T01:13:01.296Z,usb,1,3612849267,128811,32975616,256,8000,32.140
2026-07-23T01:13:01.328Z,usb,1,3612849267,128812,32975872,256,8000,32.140
2026-07-23T01:13:01.360Z,usb,1,3612849267,128813,32976128,256,8000,32.140
2026-07-23T01:13:01.392Z,usb,1,3612849267,128814,32976384,256,8000,32.140
2026-07-23T01:13:01.424Z,usb,1,3612849267,128815,32976640,256,8000,32.140
2026-07-23T01:13:01.456Z,usb,1,3612849267,128816,32976896,256,8000,32.140
2026-07-23T01:13:01.488Z,usb,1,3612849267,128817,32977152,256,8000,32.140
2026-07-23T01:13:01.520Z,usb,1,3612849267,128818,32977408,256,8000,32.140
2026-07-23T01:13:01.552Z,usb,1,3612849267,128819,32977664,256,8000,32.140
2026-07-23T01:13:01.584Z,usb,1,3612849267,128820,32977920,256,8000,32.140
2026-07-23T01:13:01.616Z,usb,1,3612849267,128821,32978176,256,8000,32.140
2026-07-23T01:13:01.648Z,usb,1,3612849267,128822,32978432,256,8000,32.140
2026-07-23T01:13:01.680Z,usb,1,3612849267,128823,32978688,256,8000,32.140
2026-07-23T01:13:01.712Z,usb,1,3612849267,128824,32978944,256,8000,32.140
2026-07-23T01:13:01.744Z,usb,1,3612849267,128825,32979200,256,8000,32.140
2026-07-23T01:13:01.776Z,usb,1,3612849267,128826,32979456,256,8000,32.140
2026-07-23T01:13:01.808Z,usb,1,3612849267,128827,32979712,256,8000,32.140
2026-07-23T01:13:01.840Z,usb,1,3612849267,128828,32979968,256,8000,32.140
2026-07-23T01:13:01.872Z,usb,1,3612849267,128829,32980224,256,8000,32.140
2026-07-23T01:13:01.904Z,usb,1,3612849267,128830,32980480,256,8000,32.140
2026-07-23T01:13:01.936Z,usb,1,3612849267,128831,32980736,256,8000,32.140
2026-07-23T01:13:01.968Z,usb,1,3612849267,128832,32980992,256,8000,32.140
2026-07-23T01:13:02.000Z,usb,1,3612849267,128833,32981248,256,8000,32.140
2026-07-23T01:13:02.032Z,usb,1,3612849267,128834,32981504,256,8000,32.140
2026-07-23T01:13:02.064Z,usb,1,3612849267,128835,32981760,256,8000,32.140
2026-07-23T01:13:02.097Z,usb,1,3612849267,128836,32982016,256,8000,32.130
2026-07-23T01:13:02.128Z,usb,1,3612849267,128837,32982272,256,8000,32.130
2026-07-23T01:13:02.160Z,usb,1,3612849267,128838,32982528,256,8000,32.130
2026-07-23T01:13:02.192Z,usb,1,3612849267,128839,32982784,256,8000,32.130
2026-07-23T01:13:02.224Z,usb,1,3612849267,128840,32983040,256,8000,32.130
2026-07-23T01:13:02.256Z,usb,1,3612849267,128841,32983296,256,8000,32.130
2026-07-23T01:13:02.288Z,usb,1,3612849267,128842,32983552,256,8000,32.130
2026-07-23T01:13:02.320Z,usb,1,3612849267,128843,32983808,256,8000,32.130
2026-07-23T01:13:02.352Z,usb,1,3612849267,128844,32984064,256,8000,32.130
2026-07-23T01:13:02.384Z,usb,1,3612849267,128845,32984320,256,8000,32.130
2026-07-23T01:13:02.416Z,usb,1,3612849267,128846,32984576,256,8000,32.130
2026-07-23T01:13:02.448Z,usb,1,3612849267,128847,32984832,256,8000,32.130
2026-07-23T01:13:02.480Z,usb,1,3612849267,128848,32985088,256,8000,32.130
2026-07-23T01:13:02.512Z,usb,1,3612849267,128849,32985344,256,8000,32.130
2026-07-23T01:13:02.544Z,usb,1,3612849267,128850,32985600,256,8000,32.130
2026-07-23T01:13:02.576Z,usb,1,3612849267,128851,32985856,256,8000,32.130
2026-07-23T01:13:02.608Z,usb,1,3612849267,128852,32986112,256,8000,32.130
2026-07-23T01:13:02.640Z,usb,1,3612849267,128853,32986368,256,8000,32.130
2026-07-23T01:13:02.672Z,usb,1,3612849267,128854,32986624,256,8000,32.130
2026-07-23T01:13:02.704Z,usb,1,3612849267,128855,32986880,256,8000,32.130
2026-07-23T01:13:02.736Z,usb,1,3612849267,128856,32987136,256,8000,32.130
2026-07-23T01:13:02.768Z,usb,1,3612849267,128857,32987392,256,8000,32.130
2026-07-23T01:13:02.800Z,usb,1,3612849267,128858,32987648,256,8000,32.130
2026-07-23T01:13:02.832Z,usb,1,3612849267,128859,32987904,256,8000,32.130
2026-07-23T01:13:02.864Z,usb,1,3612849267,128860,32988160,256,8000,32.130
2026-07-23T01:13:02.896Z,usb,1,3612849267,128861,32988416,256,8000,32.130
2026-07-23T01:13:02.928Z,usb,1,3612849267,128862,32988672,256,8000,32.130
2026-07-23T01:13:02.960Z,usb,1,3612849267,128863,32988928,256,8000,32.130
2026-07-23T01:13:02.992Z,usb,1,3612849267,128864,32989184,256,8000,32.130
2026-07-23T01:13:03.024Z,usb,1,3612849267,128865,32989440,256,8000,32.130
2026-07-23T01:13:03.056Z,usb,1,3612849267,128866,32989696,256,8000,32.130
2026-07-23T01:13:03.088Z,usb,1,3612849267,128867,32989952,256,8000,32.130
2026-07-23T01:13:03.121Z,usb,1,3612849267,128868,32990208,256,8000,32.140
2026-07-23T01:13:03.152Z,usb,1,3612849267,128869,32990464,256,8000,32.140
2026-07-23T01:13:03.184Z,usb,1,3612849267,128870,32990720,256,8000,32.140
2026-07-23T01:13:03.216Z,usb,1,3612849267,128871,32990976,256,8000,32.140
2026-07-23T01:13:03.248Z,usb,1,3612849267,128872,32991232,256,8000,32.140
2026-07-23T01:13:03.280Z,usb,1,3612849267,128873,32991488,256,8000,32.140
2026-07-23T01:13:03.312Z,usb,1,3612849267,128874,32991744,256,8000,32.140
2026-07-23T01:13:03.344Z,usb,1,3612849267,128875,32992000,256,8000,32.140
2026-07-23T01:13:03.376Z,usb,1,3612849267,128876,32992256,256,8000,32.140
2026-07-23T01:13:03.408Z,usb,1,3612849267,128877,32992512,256,8000,32.140
2026-07-23T01:13:03.440Z,usb,1,3612849267,128878,32992768,256,8000,32.140
2026-07-23T01:13:03.472Z,usb,1,3612849267,128879,32993024,256,8000,32.140
2026-07-23T01:13:03.504Z,usb,1,3612849267,128880,32993280,256,8000,32.140
2026-07-23T01:13:03.536Z,usb,1,3612849267,128881,32993536,256,8000,32.140
2026-07-23T01:13:03.568Z,usb,1,3612849267,128882,32993792,256,8000,32.140
2026-07-23T01:13:03.600Z,usb,1,3612849267,128883,32994048,256,8000,32.140
2026-07-23T01:13:03.632Z,usb,1,3612849267,128884,32994304,256,8000,32.140
2026-07-23T01:13:03.664Z,usb,1,3612849267,128885,32994560,256,8000,32.140
2026-07-23T01:13:03.696Z,usb,1,3612849267,128886,32994816,256,8000,32.140
2026-07-23T01:13:03.728Z,usb,1,3612849267,128887,32995072,256,8000,32.140
2026-07-23T01:13:03.760Z,usb,1,3612849267,128888,32995328,256,8000,32.140
2026-07-23T01:13:03.792Z,usb,1,3612849267,128889,32995584,256,8000,32.140
2026-07-23T01:13:03.824Z,usb,1,3612849267,128890,32995840,256,8000,32.140
2026-07-23T01:13:03.856Z,usb,1,3612849267,128891,32996096,256,8000,32.140
2026-07-23T01:13:03.888Z,usb,1,3612849267,128892,32996352,256,8000,32.140
2026-07-23T01:13:03.920Z,usb,1,3612849267,128893,32996608,256,8000,32.140
2026-07-23T01:13:03.952Z,usb,1,3612849267,128894,32996864,256,8000,32.140
2026-07-23T01:13:03.984Z,usb,1,3612849267,128895,32997120,256,8000,32.140
2026-07-23T01:13:04.016Z,usb,1,3612849267,128896,32997376,256,8000,32.140
2026-07-23T01:13:04.048Z,usb,1,3612849267,128897,32997632,256,8000,32.140
2026-07-23T01:13:04.080Z,usb,1,3612849267,128898,32997888,256,8000,32.140
2026-07-23T01:13:04.112Z,usb,1,3612849267,128899,32998144,256,8000,32.140
2026-07-23T01:13:04.145Z,usb,1,3612849267,128900,32998400,256,8000,32.140
2026-07-23T01:13:04.176Z,usb,1,3612849267,128901,32998656,256,8000,32.140
2026-07-23T01:13:04.208Z,usb,1,3612849267,128902,32998912,256,8000,32.140
2026-07-23T01:13:04.240Z,usb,1,3612849267,128903,32999168,256,8000,32.140
2026-07-23T01:13:04.272Z,usb,1,3612849267,128904,32999424,256,8000,32.140
2026-07-23T01:13:04.304Z,usb,1,3612849267,128905,32999680,256,8000,32.140
2026-07-23T01:13:04.336Z,usb,1,3612849267,128906,32999936,256,8000,32.140
2026-07-23T01:13:04.368Z,usb,1,3612849267,128907,33000192,256,8000,32.140
2026-07-23T01:13:04.400Z,usb,1,3612849267,128908,33000448,256,8000,32.140
2026-07-23T01:13:04.432Z,usb,1,3612849267,128909,33000704,256,8000,32.140
2026-07-23T01:13:04.464Z,usb,1,3612849267,128910,33000960,256,8000,32.140
2026-07-23T01:13:04.496Z,usb,1,3612849267,128911,33001216,256,8000,32.140
2026-07-23T01:13:04.528Z,usb,1,3612849267,128912,33001472,256,8000,32.140
2026-07-23T01:13:04.560Z,usb,1,3612849267,128913,33001728,256,8000,32.140
2026-07-23T01:13:04.592Z,usb,1,3612849267,128914,33001984,256,8000,32.140
2026-07-23T01:13:04.624Z,usb,1,3612849267,128915,33002240,256,8000,32.140
2026-07-23T01:13:04.656Z,usb,1,3612849267,128916,33002496,256,8000,32.140
2026-07-23T01:13:04.688Z,usb,1,3612849267,128917,33002752,256,8000,32.140
2026-07-23T01:13:04.720Z,usb,1,3612849267,128918,33003008,256,8000,32.140
2026-07-23T01:13:04.752Z,usb,1,3612849267,128919,33003264,256,8000,32.140
2026-07-23T01:13:04.784Z,usb,1,3612849267,128920,33003520,256,8000,32.140
2026-07-23T01:13:04.816Z,usb,1,3612849267,128921,33003776,256,8000,32.140
2026-07-23T01:13:04.848Z,usb,1,3612849267,128922,33004032,256,8000,32.140
2026-07-23T01:13:04.880Z,usb,1,3612849267,128923,33004288,256,8000,32.140
2026-07-23T01:13:04.912Z,usb,1,3612849267,128924,33004544,256,8000,32.140
2026-07-23T01:13:04.944Z,usb,1,3612849267,128925,33004800,256,8000,32.140
2026-07-23T01:13:04.976Z,usb,1,3612849267,128926,33005056,256,8000,32.140
2026-07-23T01:13:05.008Z,usb,1,3612849267,128927,33005312,256,8000,32.140
2026-07-23T01:13:05.040Z,usb,1,3612849267,128928,33005568,256,8000,32.140
2026-07-23T01:13:05.072Z,usb,1,3612849267,128929,33005824,256,8000,32.140
2026-07-23T01:13:05.104Z,usb,1,3612849267,128930,33006080,256,8000,32.140
2026-07-23T01:13:05.136Z,usb,1,3612849267,128931,33006336,256,8000,32.140
2026-07-23T01:13:05.169Z,usb,1,3612849267,128932,33006592,256,8000,32.140
2026-07-23T01:13:05.200Z,usb,1,3612849267,128933,33006848,256,8000,32.140
2026-07-23T01:13:05.232Z,usb,1,3612849267,128934,33007104,256,8000,32.140
2026-07-23T01:13:05.264Z,usb,1,3612849267,128935,33007360,256,8000,32.140
2026-07-23T01:13:05.296Z,usb,1,3612849267,128936,33007616,256,8000,32.140
2026-07-23T01:13:05.328Z,usb,1,3612849267,128937,33007872,256,8000,32.140
2026-07-23T01:13:05.360Z,usb,1,3612849267,128938,33008128,256,8000,32.140
2026-07-23T01:13:05.392Z,usb,1,3612849267,128939,33008384,256,8000,32.140
2026-07-23T01:13:05.424Z,usb,1,3612849267,128940,33008640,256,8000,32.140
2026-07-23T01:13:05.456Z,usb,1,3612849267,128941,33008896,256,8000,32.140
2026-07-23T01:13:05.488Z,usb,1,3612849267,128942,33009152,256,8000,32.140
2026-07-23T01:13:05.520Z,usb,1,3612849267,128943,33009408,256,8000,32.140
2026-07-23T01:13:05.552Z,usb,1,3612849267,128944,33009664,256,8000,32.140
2026-07-23T01:13:05.584Z,usb,1,3612849267,128945,33009920,256,8000,32.140
2026-07-23T01:13:05.616Z,usb,1,3612849267,128946,33010176,256,8000,32.140
2026-07-23T01:13:05.648Z,usb,1,3612849267,128947,33010432,256,8000,32.140
2026-07-23T01:13:05.680Z,usb,1,3612849267,128948,33010688,256,8000,32.140
2026-07-23T01:13:05.712Z,usb,1,3612849267,128949,33010944,256,8000,32.140
2026-07-23T01:13:05.744Z,usb,1,3612849267,128950,33011200,256,8000,32.140
2026-07-23T01:13:05.776Z,usb,1,3612849267,128951,33011456,256,8000,32.140
2026-07-23T01:13:05.808Z,usb,1,3612849267,128952,33011712,256,8000,32.140
2026-07-23T01:13:05.840Z,usb,1,3612849267,128953,33011968,256,8000,32.140
2026-07-23T01:13:05.872Z,usb,1,3612849267,128954,33012224,256,8000,32.140
2026-07-23T01:13:05.904Z,usb,1,3612849267,128955,33012480,256,8000,32.140
2026-07-23T01:13:05.936Z,usb,1,3612849267,128956,33012736,256,8000,32.140
2026-07-23T01:13:05.968Z,usb,1,3612849267,128957,33012992,256,8000,32.140
2026-07-23T01:13:06.000Z,usb,1,3612849267,128958,33013248,256,8000,32.140
2026-07-23T01:13:06.032Z,usb,1,3612849267,128959,33013504,256,8000,32.140
2026-07-23T01:13:06.064Z,usb,1,3612849267,128960,33013760,256,8000,32.140
2026-07-23T01:13:06.096Z,usb,1,3612849267,128961,33014016,256,8000,32.140
2026-07-23T01:13:06.128Z,usb,1,3612849267,128962,33014272,256,8000,32.140
2026-07-23T01:13:06.160Z,usb,1,3612849267,128963,33014528,256,8000,32.140
2026-07-23T01:13:06.193Z,usb,1,3612849267,128964,33014784,256,8000,32.140
2026-07-23T01:13:06.224Z,usb,1,3612849267,128965,33015040,256,8000,32.140
2026-07-23T01:13:06.256Z,usb,1,3612849267,128966,33015296,256,8000,32.140
2026-07-23T01:13:06.288Z,usb,1,3612849267,128967,33015552,256,8000,32.140
2026-07-23T01:13:06.320Z,usb,1,3612849267,128968,33015808,256,8000,32.140
2026-07-23T01:13:06.352Z,usb,1,3612849267,128969,33016064,256,8000,32.140
2026-07-23T01:13:06.384Z,usb,1,3612849267,128970,33016320,256,8000,32.140
2026-07-23T01:13:06.416Z,usb,1,3612849267,128971,33016576,256,8000,32.140
2026-07-23T01:13:06.448Z,usb,1,3612849267,128972,33016832,256,8000,32.140
2026-07-23T01:13:06.480Z,usb,1,3612849267,128973,33017088,256,8000,32.140
2026-07-23T01:13:06.512Z,usb,1,3612849267,128974,33017344,256,8000,32.140
2026-07-23T01:13:06.544Z,usb,1,3612849267,128975,33017600,256,8000,32.140
2026-07-23T01:13:06.576Z,usb,1,3612849267,128976,33017856,256,8000,32.140
2026-07-23T01:13:06.608Z,usb,1,3612849267,128977,33018112,256,8000,32.140
2026-07-23T01:13:06.640Z,usb,1,3612849267,128978,33018368,256,8000,32.140
2026-07-23T01:13:06.672Z,usb,1,3612849267,128979,33018624,256,8000,32.140
2026-07-23T01:13:06.704Z,usb,1,3612849267,128980,33018880,256,8000,32.140
2026-07-23T01:13:06.736Z,usb,1,3612849267,128981,33019136,256,8000,32.140
2026-07-23T01:13:06.768Z,usb,1,3612849267,128982,33019392,256,8000,32.140
2026-07-23T01:13:06.800Z,usb,1,3612849267,128983,33019648,256,8000,32.140
2026-07-23T01:13:06.832Z,usb,1,3612849267,128984,33019904,256,8000,32.140
2026-07-23T01:13:06.864Z,usb,1,3612849267,128985,33020160,256,8000,32.140
2026-07-23T01:13:06.896Z,usb,1,3612849267,128986,33020416,256,8000,32.140
2026-07-23T01:13:06.928Z,usb,1,3612849267,128987,33020672,256,8000,32.140
2026-07-23T01:13:06.960Z,usb,1,3612849267,128988,33020928,256,8000,32.140
2026-07-23T01:13:06.992Z,usb,1,3612849267,128989,33021184,256,8000,32.140
2026-07-23T01:13:07.024Z,usb,1,3612849267,128990,33021440,256,8000,32.140
2026-07-23T01:13:07.056Z,usb,1,3612849267,128991,33021696,256,8000,32.140
2026-07-23T01:13:07.088Z,usb,1,3612849267,128992,33021952,256,8000,32.140
2026-07-23T01:13:07.120Z,usb,1,3612849267,128993,33022208,256,8000,32.140
2026-07-23T01:13:07.152Z,usb,1,3612849267,128994,33022464,256,8000,32.140
2026-07-23T01:13:07.184Z,usb,1,3612849267,128995,33022720,256,8000,32.140
2026-07-23T01:13:07.216Z,usb,1,3612849267,128996,33022976,256,8000,32.140
2026-07-23T01:13:07.248Z,usb,1,3612849267,128997,33023232,256,8000,32.140
2026-07-23T01:13:07.280Z,usb,1,3612849267,128998,33023488,256,8000,32.140
2026-07-23T01:13:07.312Z,usb,1,3612849267,128999,33023744,256,8000,32.140
2026-07-23T01:13:07.344Z,usb,1,3612849267,129000,33024000,256,8000,32.140
2026-07-23T01:13:07.376Z,usb,1,3612849267,129001,33024256,256,8000,32.140
2026-07-23T01:13:07.408Z,usb,1,3612849267,129002,33024512,256,8000,32.140
2026-07-23T01:13:07.440Z,usb,1,3612849267,129003,33024768,256,8000,32.140
2026-07-23T01:13:07.472Z,usb,1,3612849267,129004,33025024,256,8000,32.140
2026-07-23T01:13:07.504Z,usb,1,3612849267,129005,33025280,256,8000,32.140
2026-07-23T01:13:07.536Z,usb,1,3612849267,129006,33025536,256,8000,32.140
2026-07-23T01:13:07.568Z,usb,1,3612849267,129007,33025792,256,8000,32.140
2026-07-23T01:13:07.600Z,usb,1,3612849267,129008,33026048,256,8000,32.140
2026-07-23T01:13:07.632Z,usb,1,3612849267,129009,33026304,256,8000,32.140
2026-07-23T01:13:07.664Z,usb,1,3612849267,129010,33026560,256,8000,32.140
2026-07-23T01:13:07.696Z,usb,1,3612849267,129011,33026816,256,8000,32.140
2026-07-23T01:13:07.728Z,usb,1,3612849267,129012,33027072,256,8000,32.140
2026-07-23T01:13:07.760Z,usb,1,3612849267,129013,33027328,256,8000,32.140
2026-07-23T01:13:07.792Z,usb,1,3612849267,129014,33027584,256,8000,32.140
2026-07-23T01:13:07.824Z,usb,1,3612849267,129015,33027840,256,8000,32.140
2026-07-23T01:13:07.856Z,usb,1,3612849267,129016,33028096,256,8000,32.140
2026-07-23T01:13:07.888Z,usb,1,3612849267,129017,33028352,256,8000,32.140
2026-07-23T01:13:07.920Z,usb,1,3612849267,129018,33028608,256,8000,32.140
2026-07-23T01:13:07.952Z,usb,1,3612849267,129019,33028864,256,8000,32.140
2026-07-23T01:13:07.984Z,usb,1,3612849267,129020,33029120,256,8000,32.140
2026-07-23T01:13:08.016Z,usb,1,3612849267,129021,33029376,256,8000,32.140
2026-07-23T01:13:08.048Z,usb,1,3612849267,129022,33029632,256,8000,32.140
2026-07-23T01:13:08.080Z,usb,1,3612849267,129023,33029888,256,8000,32.140
2026-07-23T01:13:08.112Z,usb,1,3612849267,129024,33030144,256,8000,32.140
2026-07-23T01:13:08.144Z,usb,1,3612849267,129025,33030400,256,8000,32.140
2026-07-23T01:13:08.176Z,usb,1,3612849267,129026,33030656,256,8000,32.140
2026-07-23T01:13:08.208Z,usb,1,3612849267,129027,33030912,256,8000,32.140
2026-07-23T01:13:08.241Z,usb,1,3612849267,129028,33031168,256,8000,32.130
2026-07-23T01:13:08.272Z,usb,1,3612849267,129029,33031424,256,8000,32.130
2026-07-23T01:13:08.304Z,usb,1,3612849267,129030,33031680,256,8000,32.130
2026-07-23T01:13:08.336Z,usb,1,3612849267,129031,33031936,256,8000,32.130
2026-07-23T01:13:08.368Z,usb,1,3612849267,129032,33032192,256,8000,32.130
2026-07-23T01:13:08.400Z,usb,1,3612849267,129033,33032448,256,8000,32.130
2026-07-23T01:13:08.432Z,usb,1,3612849267,129034,33032704,256,8000,32.130
2026-07-23T01:13:08.464Z,usb,1,3612849267,129035,33032960,256,8000,32.130
2026-07-23T01:13:08.496Z,usb,1,3612849267,129036,33033216,256,8000,32.130
2026-07-23T01:13:08.528Z,usb,1,3612849267,129037,33033472,256,8000,32.130
2026-07-23T01:13:08.560Z,usb,1,3612849267,129038,33033728,256,8000,32.130
2026-07-23T01:13:08.592Z,usb,1,3612849267,129039,33033984,256,8000,32.130
2026-07-23T01:13:08.624Z,usb,1,3612849267,129040,33034240,256,8000,32.130
2026-07-23T01:13:08.656Z,usb,1,3612849267,129041,33034496,256,8000,32.130
2026-07-23T01:13:08.688Z,usb,1,3612849267,129042,33034752,256,8000,32.130
2026-07-23T01:13:08.720Z,usb,1,3612849267,129043,33035008,256,8000,32.130
2026-07-23T01:13:08.752Z,usb,1,3612849267,129044,33035264,256,8000,32.130
2026-07-23T01:13:08.784Z,usb,1,3612849267,129045,33035520,256,8000,32.130
2026-07-23T01:13:08.816Z,usb,1,3612849267,129046,33035776,256,8000,32.130
2026-07-23T01:13:08.848Z,usb,1,3612849267,129047,33036032,256,8000,32.130
2026-07-23T01:13:08.880Z,usb,1,3612849267,129048,33036288,256,8000,32.130
2026-07-23T01:13:08.912Z,usb,1,3612849267,129049,33036544,256,8000,32.130
2026-07-23T01:13:08.944Z,usb,1,3612849267,129050,33036800,256,8000,32.130
2026-07-23T01:13:08.976Z,usb,1,3612849267,129051,33037056,256,8000,32.130
2026-07-23T01:13:09.008Z,usb,1,3612849267,129052,33037312,256,8000,32.130
2026-07-23T01:13:09.040Z,usb,1,3612849267,129053,33037568,256,8000,32.130
2026-07-23T01:13:09.072Z,usb,1,3612849267,129054,33037824,256,8000,32.130
2026-07-23T01:13:09.104Z,usb,1,3612849267,129055,33038080,256,8000,32.130
2026-07-23T01:13:09.136Z,usb,1,3612849267,129056,33038336,256,8000,32.130
2026-07-23T01:13:09.168Z,usb,1,3612849267,129057,33038592,256,8000,32.130
2026-07-23T01:13:09.200Z,usb,1,3612849267,129058,33038848,256,8000,32.130
2026-07-23T01:13:09.232Z,usb,1,3612849267,129059,33039104,256,8000,32.130
2026-07-23T01:13:09.265Z,usb,1,3612849267,129060,33039360,256,8000,32.130
2026-07-23T01:13:09.296Z,usb,1,3612849267,129061,33039616,256,8000,32.130
2026-07-23T01:13:09.328Z,usb,1,3612849267,129062,33039872,256,8000,32.130
2026-07-23T01:13:09.360Z,usb,1,3612849267,129063,33040128,256,8000,32.130
2026-07-23T01:13:09.392Z,usb,1,3612849267,129064,33040384,256,8000,32.130
2026-07-23T01:13:09.424Z,usb,1,3612849267,129065,33040640,256,8000,32.130
2026-07-23T01:13:09.456Z,usb,1,3612849267,129066,33040896,256,8000,32.130
2026-07-23T01:13:09.488Z,usb,1,3612849267,129067,33041152,256,8000,32.130
2026-07-23T01:13:09.520Z,usb,1,3612849267,129068,33041408,256,8000,32.130
2026-07-23T01:13:09.552Z,usb,1,3612849267,129069,33041664,256,8000,32.130
2026-07-23T01:13:09.584Z,usb,1,3612849267,129070,33041920,256,8000,32.130
2026-07-23T01:13:09.616Z,usb,1,3612849267,129071,33042176,256,8000,32.130
2026-07-23T01:13:09.648Z,usb,1,3612849267,129072,33042432,256,8000,32.130
2026-07-23T01:13:09.680Z,usb,1,3612849267,129073,33042688,256,8000,32.130
2026-07-23T01:13:09.712Z,usb,1,3612849267,129074,33042944,256,8000,32.130
2026-07-23T01:13:09.744Z,usb,1,3612849267,129075,33043200,256,8000,32.130
2026-07-23T01:13:09.776Z,usb,1,3612849267,129076,33043456,256,8000,32.130
2026-07-23T01:13:09.808Z,usb,1,3612849267,129077,33043712,256,8000,32.130
2026-07-23T01:13:09.840Z,usb,1,3612849267,129078,33043968,256,8000,32.130
2026-07-23T01:13:09.872Z,usb,1,3612849267,129079,33044224,256,8000,32.130
2026-07-23T01:13:09.904Z,usb,1,3612849267,129080,33044480,256,8000,32.130
2026-07-23T01:13:09.936Z,usb,1,3612849267,129081,33044736,256,8000,32.130
2026-07-23T01:13:09.968Z,usb,1,3612849267,129082,33044992,256,8000,32.130
2026-07-23T01:13:10.000Z,usb,1,3612849267,129083,33045248,256,8000,32.130
2026-07-23T01:13:10.032Z,usb,1,3612849267,129084,33045504,256,8000,32.130
2026-07-23T01:13:10.064Z,usb,1,3612849267,129085,33045760,256,8000,32.130
2026-07-23T01:13:10.096Z,usb,1,3612849267,129086,33046016,256,8000,32.130
2026-07-23T01:13:10.128Z,usb,1,3612849267,129087,33046272,256,8000,32.130
2026-07-23T01:13:10.160Z,usb,1,3612849267,129088,33046528,256,8000,32.130
2026-07-23T01:13:10.192Z,usb,1,3612849267,129089,33046784,256,8000,32.130
2026-07-23T01:13:10.224Z,usb,1,3612849267,129090,33047040,256,8000,32.130
2026-07-23T01:13:10.256Z,usb,1,3612849267,129091,33047296,256,8000,32.130
2026-07-23T01:13:10.289Z,usb,1,3612849267,129092,33047552,256,8000,32.140
2026-07-23T01:13:10.320Z,usb,1,3612849267,129093,33047808,256,8000,32.140
2026-07-23T01:13:10.352Z,usb,1,3612849267,129094,33048064,256,8000,32.140
2026-07-23T01:13:10.384Z,usb,1,3612849267,129095,33048320,256,8000,32.140
2026-07-23T01:13:10.416Z,usb,1,3612849267,129096,33048576,256,8000,32.140
2026-07-23T01:13:10.448Z,usb,1,3612849267,129097,33048832,256,8000,32.140
2026-07-23T01:13:10.480Z,usb,1,3612849267,129098,33049088,256,8000,32.140
2026-07-23T01:13:10.512Z,usb,1,3612849267,129099,33049344,256,8000,32.140
2026-07-23T01:13:10.544Z,usb,1,3612849267,129100,33049600,256,8000,32.140
2026-07-23T01:13:10.576Z,usb,1,3612849267,129101,33049856,256,8000,32.140
2026-07-23T01:13:10.608Z,usb,1,3612849267,129102,33050112,256,8000,32.140
2026-07-23T01:13:10.640Z,usb,1,3612849267,129103,33050368,256,8000,32.140
2026-07-23T01:13:10.672Z,usb,1,3612849267,129104,33050624,256,8000,32.140
2026-07-23T01:13:10.704Z,usb,1,3612849267,129105,33050880,256,8000,32.140
2026-07-23T01:13:10.736Z,usb,1,3612849267,129106,33051136,256,8000,32.140
2026-07-23T01:13:10.768Z,usb,1,3612849267,129107,33051392,256,8000,32.140
2026-07-23T01:13:10.800Z,usb,1,3612849267,129108,33051648,256,8000,32.140
2026-07-23T01:13:10.832Z,usb,1,3612849267,129109,33051904,256,8000,32.140
2026-07-23T01:13:10.864Z,usb,1,3612849267,129110,33052160,256,8000,32.140
2026-07-23T01:13:10.896Z,usb,1,3612849267,129111,33052416,256,8000,32.140
2026-07-23T01:13:10.928Z,usb,1,3612849267,129112,33052672,256,8000,32.140
2026-07-23T01:13:10.960Z,usb,1,3612849267,129113,33052928,256,8000,32.140
2026-07-23T01:13:10.992Z,usb,1,3612849267,129114,33053184,256,8000,32.140
2026-07-23T01:13:11.024Z,usb,1,3612849267,129115,33053440,256,8000,32.140
2026-07-23T01:13:11.056Z,usb,1,3612849267,129116,33053696,256,8000,32.140
2026-07-23T01:13:11.088Z,usb,1,3612849267,129117,33053952,256,8000,32.140
2026-07-23T01:13:11.120Z,usb,1,3612849267,129118,33054208,256,8000,32.140
2026-07-23T01:13:11.152Z,usb,1,3612849267,129119,33054464,256,8000,32.140
2026-07-23T01:13:11.184Z,usb,1,3612849267,129120,33054720,256,8000,32.140
2026-07-23T01:13:11.216Z,usb,1,3612849267,129121,33054976,256,8000,32.140
2026-07-23T01:13:11.248Z,usb,1,3612849267,129122,33055232,256,8000,32.140
2026-07-23T01:13:11.280Z,usb,1,3612849267,129123,33055488,256,8000,32.140
2026-07-23T01:13:11.313Z,usb,1,3612849267,129124,33055744,256,8000,32.140
2026-07-23T01:13:11.344Z,usb,1,3612849267,129125,33056000,256,8000,32.140
2026-07-23T01:13:11.376Z,usb,1,3612849267,129126,33056256,256,8000,32.140
2026-07-23T01:13:11.408Z,usb,1,3612849267,129127,33056512,256,8000,32.140
2026-07-23T01:13:11.440Z,usb,1,3612849267,129128,33056768,256,8000,32.140
2026-07-23T01:13:11.472Z,usb,1,3612849267,129129,33057024,256,8000,32.140
2026-07-23T01:13:11.504Z,usb,1,3612849267,129130,33057280,256,8000,32.140
2026-07-23T01:13:11.536Z,usb,1,3612849267,129131,33057536,256,8000,32.140
2026-07-23T01:13:11.568Z,usb,1,3612849267,129132,33057792,256,8000,32.140
2026-07-23T01:13:11.600Z,usb,1,3612849267,129133,33058048,256,8000,32.140
2026-07-23T01:13:11.632Z,usb,1,3612849267,129134,33058304,256,8000,32.140
2026-07-23T01:13:11.664Z,usb,1,3612849267,129135,33058560,256,8000,32.140
2026-07-23T01:13:11.696Z,usb,1,3612849267,129136,33058816,256,8000,32.140
2026-07-23T01:13:11.728Z,usb,1,3612849267,129137,33059072,256,8000,32.140
2026-07-23T01:13:11.760Z,usb,1,3612849267,129138,33059328,256,8000,32.140
2026-07-23T01:13:11.792Z,usb,1,3612849267,129139,33059584,256,8000,32.140
2026-07-23T01:13:11.824Z,usb,1,3612849267,129140,33059840,256,8000,32.140
2026-07-23T01:13:11.856Z,usb,1,3612849267,129141,33060096,256,8000,32.140
2026-07-23T01:13:11.888Z,usb,1,3612849267,129142,33060352,256,8000,32.140
2026-07-23T01:13:11.920Z,usb,1,3612849267,129143,33060608,256,8000,32.140
2026-07-23T01:13:11.952Z,usb,1,3612849267,129144,33060864,256,8000,32.140
2026-07-23T01:13:11.984Z,usb,1,3612849267,129145,33061120,256,8000,32.140
2026-07-23T01:13:12.016Z,usb,1,3612849267,129146,33061376,256,8000,32.140
2026-07-23T01:13:12.048Z,usb,1,3612849267,129147,33061632,256,8000,32.140
2026-07-23T01:13:12.080Z,usb,1,3612849267,129148,33061888,256,8000,32.140
2026-07-23T01:13:12.112Z,usb,1,3612849267,129149,33062144,256,8000,32.140
2026-07-23T01:13:12.144Z,usb,1,3612849267,129150,33062400,256,8000,32.140
2026-07-23T01:13:12.176Z,usb,1,3612849267,129151,33062656,256,8000,32.140
2026-07-23T01:13:12.208Z,usb,1,3612849267,129152,33062912,256,8000,32.140
2026-07-23T01:13:12.240Z,usb,1,3612849267,129153,33063168,256,8000,32.140
2026-07-23T01:13:12.272Z,usb,1,3612849267,129154,33063424,256,8000,32.140
2026-07-23T01:13:12.304Z,usb,1,3612849267,129155,33063680,256,8000,32.140
2026-07-23T01:13:12.337Z,usb,1,3612849267,129156,33063936,256,8000,32.140
2026-07-23T01:13:12.368Z,usb,1,3612849267,129157,33064192,256,8000,32.140
2026-07-23T01:13:12.400Z,usb,1,3612849267,129158,33064448,256,8000,32.140
2026-07-23T01:13:12.432Z,usb,1,3612849267,129159,33064704,256,8000,32.140
2026-07-23T01:13:12.464Z,usb,1,3612849267,129160,33064960,256,8000,32.140
2026-07-23T01:13:12.496Z,usb,1,3612849267,129161,33065216,256,8000,32.140
2026-07-23T01:13:12.528Z,usb,1,3612849267,129162,33065472,256,8000,32.140
2026-07-23T01:13:12.560Z,usb,1,3612849267,129163,33065728,256,8000,32.140
2026-07-23T01:13:12.592Z,usb,1,3612849267,129164,33065984,256,8000,32.140
2026-07-23T01:13:12.624Z,usb,1,3612849267,129165,33066240,256,8000,32.140
2026-07-23T01:13:12.656Z,usb,1,3612849267,129166,33066496,256,8000,32.140
2026-07-23T01:13:12.688Z,usb,1,3612849267,129167,33066752,256,8000,32.140
2026-07-23T01:13:12.720Z,usb,1,3612849267,129168,33067008,256,8000,32.140
2026-07-23T01:13:12.752Z,usb,1,3612849267,129169,33067264,256,8000,32.140
2026-07-23T01:13:12.784Z,usb,1,3612849267,129170,33067520,256,8000,32.140
2026-07-23T01:13:12.816Z,usb,1,3612849267,129171,33067776,256,8000,32.140
2026-07-23T01:13:12.848Z,usb,1,3612849267,129172,33068032,256,8000,32.140
2026-07-23T01:13:12.880Z,usb,1,3612849267,129173,33068288,256,8000,32.140
2026-07-23T01:13:12.912Z,usb,1,3612849267,129174,33068544,256,8000,32.140
2026-07-23T01:13:12.944Z,usb,1,3612849267,129175,33068800,256,8000,32.140
2026-07-23T01:13:12.976Z,usb,1,3612849267,129176,33069056,256,8000,32.140
2026-07-23T01:13:13.008Z,usb,1,3612849267,129177,33069312,256,8000,32.140
2026-07-23T01:13:13.040Z,usb,1,3612849267,129178,33069568,256,8000,32.140
2026-07-23T01:13:13.072Z,usb,1,3612849267,129179,33069824,256,8000,32.140
2026-07-23T01:13:13.104Z,usb,1,3612849267,129180,33070080,256,8000,32.140
2026-07-23T01:13:13.136Z,usb,1,3612849267,129181,33070336,256,8000,32.140
2026-07-23T01:13:13.168Z,usb,1,3612849267,129182,33070592,256,8000,32.140
2026-07-23T01:13:13.200Z,usb,1,3612849267,129183,33070848,256,8000,32.140
2026-07-23T01:13:13.232Z,usb,1,3612849267,129184,33071104,256,8000,32.140
2026-07-23T01:13:13.264Z,usb,1,3612849267,129185,33071360,256,8000,32.140
2026-07-23T01:13:13.296Z,usb,1,3612849267,129186,33071616,256,8000,32.140
2026-07-23T01:13:13.328Z,usb,1,3612849267,129187,33071872,256,8000,32.140
2026-07-23T01:13:13.361Z,usb,1,3612849267,129188,33072128,256,8000,32.140
2026-07-23T01:13:13.392Z,usb,1,3612849267,129189,33072384,256,8000,32.140
2026-07-23T01:13:13.424Z,usb,1,3612849267,129190,33072640,256,8000,32.140
2026-07-23T01:13:13.456Z,usb,1,3612849267,129191,33072896,256,8000,32.140
2026-07-23T01:13:13.488Z,usb,1,3612849267,129192,33073152,256,8000,32.140
2026-07-23T01:13:13.520Z,usb,1,3612849267,129193,33073408,256,8000,32.140
2026-07-23T01:13:13.552Z,usb,1,3612849267,129194,33073664,256,8000,32.140
2026-07-23T01:13:13.584Z,usb,1,3612849267,129195,33073920,256,8000,32.140
2026-07-23T01:13:13.616Z,usb,1,3612849267,129196,33074176,256,8000,32.140
2026-07-23T01:13:13.648Z,usb,1,3612849267,129197,33074432,256,8000,32.140
2026-07-23T01:13:13.680Z,usb,1,3612849267,129198,33074688,256,8000,32.140
2026-07-23T01:13:13.712Z,usb,1,3612849267,129199,33074944,256,8000,32.140
2026-07-23T01:13:13.744Z,usb,1,3612849267,129200,33075200,256,8000,32.140
2026-07-23T01:13:13.776Z,usb,1,3612849267,129201,33075456,256,8000,32.140
2026-07-23T01:13:13.808Z,usb,1,3612849267,129202,33075712,256,8000,32.140
2026-07-23T01:13:13.840Z,usb,1,3612849267,129203,33075968,256,8000,32.140
2026-07-23T01:13:13.872Z,usb,1,3612849267,129204,33076224,256,8000,32.140
2026-07-23T01:13:13.904Z,usb,1,3612849267,129205,33076480,256,8000,32.140
2026-07-23T01:13:13.936Z,usb,1,3612849267,129206,33076736,256,8000,32.140
2026-07-23T01:13:13.968Z,usb,1,3612849267,129207,33076992,256,8000,32.140
2026-07-23T01:13:14.000Z,usb,1,3612849267,129208,33077248,256,8000,32.140
2026-07-23T01:13:14.032Z,usb,1,3612849267,129209,33077504,256,8000,32.140
2026-07-23T01:13:14.064Z,usb,1,3612849267,129210,33077760,256,8000,32.140
2026-07-23T01:13:14.096Z,usb,1,3612849267,129211,33078016,256,8000,32.140
2026-07-23T01:13:14.128Z,usb,1,3612849267,129212,33078272,256,8000,32.140
2026-07-23T01:13:14.160Z,usb,1,3612849267,129213,33078528,256,8000,32.140
2026-07-23T01:13:14.192Z,usb,1,3612849267,129214,33078784,256,8000,32.140
2026-07-23T01:13:14.224Z,usb,1,3612849267,129215,33079040,256,8000,32.140
2026-07-23T01:13:14.256Z,usb,1,3612849267,129216,33079296,256,8000,32.140
2026-07-23T01:13:14.288Z,usb,1,3612849267,129217,33079552,256,8000,32.140
2026-07-23T01:13:14.320Z,usb,1,3612849267,129218,33079808,256,8000,32.140
2026-07-23T01:13:14.352Z,usb,1,3612849267,129219,33080064,256,8000,32.140
2026-07-23T01:13:14.385Z,usb,1,3612849267,129220,33080320,256,8000,32.130
2026-07-23T01:13:14.416Z,usb,1,3612849267,129221,33080576,256,8000,32.130
2026-07-23T01:13:14.448Z,usb,1,3612849267,129222,33080832,256,8000,32.130
2026-07-23T01:13:14.480Z,usb,1,3612849267,129223,33081088,256,8000,32.130
2026-07-23T01:13:14.512Z,usb,1,3612849267,129224,33081344,256,8000,32.130
2026-07-23T01:13:14.544Z,usb,1,3612849267,129225,33081600,256,8000,32.130
2026-07-23T01:13:14.576Z,usb,1,3612849267,129226,33081856,256,8000,32.130
2026-07-23T01:13:14.608Z,usb,1,3612849267,129227,33082112,256,8000,32.130
2026-07-23T01:13:14.640Z,usb,1,3612849267,129228,33082368,256,8000,32.130
2026-07-23T01:13:14.672Z,usb,1,3612849267,129229,33082624,256,8000,32.130
2026-07-23T01:13:14.704Z,usb,1,3612849267,129230,33082880,256,8000,32.130
2026-07-23T01:13:14.736Z,usb,1,3612849267,129231,33083136,256,8000,32.130
2026-07-23T01:13:14.768Z,usb,1,3612849267,129232,33083392,256,8000,32.130
2026-07-23T01:13:14.800Z,usb,1,3612849267,129233,33083648,256,8000,32.130
2026-07-23T01:13:14.832Z,usb,1,3612849267,129234,33083904,256,8000,32.130
2026-07-23T01:13:14.864Z,usb,1,3612849267,129235,33084160,256,8000,32.130
2026-07-23T01:13:14.896Z,usb,1,3612849267,129236,33084416,256,8000,32.130
2026-07-23T01:13:14.928Z,usb,1,3612849267,129237,33084672,256,8000,32.130
2026-07-23T01:13:14.960Z,usb,1,3612849267,129238,33084928,256,8000,32.130
2026-07-23T01:13:14.992Z,usb,1,3612849267,129239,33085184,256,8000,32.130
2026-07-23T01:13:15.024Z,usb,1,3612849267,129240,33085440,256,8000,32.130
2026-07-23T01:13:15.056Z,usb,1,3612849267,129241,33085696,256,8000,32.130
2026-07-23T01:13:15.088Z,usb,1,3612849267,129242,33085952,256,8000,32.130
2026-07-23T01:13:15.120Z,usb,1,3612849267,129243,33086208,256,8000,32.130
2026-07-23T01:13:15.152Z,usb,1,3612849267,129244,33086464,256,8000,32.130
2026-07-23T01:13:15.184Z,usb,1,3612849267,129245,33086720,256,8000,32.130
2026-07-23T01:13:15.216Z,usb,1,3612849267,129246,33086976,256,8000,32.130
2026-07-23T01:13:15.248Z,usb,1,3612849267,129247,33087232,256,8000,32.130
2026-07-23T01:13:15.280Z,usb,1,3612849267,129248,33087488,256,8000,32.130
2026-07-23T01:13:15.314Z,usb,1,3612849267,129249,33087744,256,8000,32.130
2026-07-23T01:13:15.344Z,usb,1,3612849267,129250,33088000,256,8000,32.130
2026-07-23T01:13:15.376Z,usb,1,3612849267,129251,33088256,256,8000,32.130
2026-07-23T01:13:15.408Z,usb,1,3612849267,129252,33088512,256,8000,32.130
2026-07-23T01:13:15.440Z,usb,1,3612849267,129253,33088768,256,8000,32.130
2026-07-23T01:13:15.472Z,usb,1,3612849267,129254,33089024,256,8000,32.130
2026-07-23T01:13:15.504Z,usb,1,3612849267,129255,33089280,256,8000,32.130
2026-07-23T01:13:15.536Z,usb,1,3612849267,129256,33089536,256,8000,32.130
2026-07-23T01:13:15.568Z,usb,1,3612849267,129257,33089792,256,8000,32.130
2026-07-23T01:13:15.600Z,usb,1,3612849267,129258,33090048,256,8000,32.130
2026-07-23T01:13:15.632Z,usb,1,3612849267,129259,33090304,256,8000,32.130
2026-07-23T01:13:15.664Z,usb,1,3612849267,129260,33090560,256,8000,32.130
2026-07-23T01:13:15.696Z,usb,1,3612849267,129261,33090816,256,8000,32.130
2026-07-23T01:13:15.728Z,usb,1,3612849267,129262,33091072,256,8000,32.130
2026-07-23T01:13:15.760Z,usb,1,3612849267,129263,33091328,256,8000,32.130
2026-07-23T01:13:15.792Z,usb,1,3612849267,129264,33091584,256,8000,32.130
2026-07-23T01:13:15.824Z,usb,1,3612849267,129265,33091840,256,8000,32.130
2026-07-23T01:13:15.856Z,usb,1,3612849267,129266,33092096,256,8000,32.130
2026-07-23T01:13:15.888Z,usb,1,3612849267,129267,33092352,256,8000,32.130
2026-07-23T01:13:15.920Z,usb,1,3612849267,129268,33092608,256,8000,32.130
2026-07-23T01:13:15.952Z,usb,1,3612849267,129269,33092864,256,8000,32.130
2026-07-23T01:13:15.984Z,usb,1,3612849267,129270,33093120,256,8000,32.130
2026-07-23T01:13:16.016Z,usb,1,3612849267,129271,33093376,256,8000,32.130
2026-07-23T01:13:16.048Z,usb,1,3612849267,129272,33093632,256,8000,32.130
2026-07-23T01:13:16.080Z,usb,1,3612849267,129273,33093888,256,8000,32.130
2026-07-23T01:13:16.112Z,usb,1,3612849267,129274,33094144,256,8000,32.130
2026-07-23T01:13:16.144Z,usb,1,3612849267,129275,33094400,256,8000,32.130
2026-07-23T01:13:16.176Z,usb,1,3612849267,129276,33094656,256,8000,32.130
2026-07-23T01:13:16.208Z,usb,1,3612849267,129277,33094912,256,8000,32.130
2026-07-23T01:13:16.240Z,usb,1,3612849267,129278,33095168,256,8000,32.130
2026-07-23T01:13:16.272Z,usb,1,3612849267,129279,33095424,256,8000,32.130
2026-07-23T01:13:16.304Z,usb,1,3612849267,129280,33095680,256,8000,32.130
2026-07-23T01:13:16.336Z,usb,1,3612849267,129281,33095936,256,8000,32.130
2026-07-23T01:13:16.368Z,usb,1,3612849267,129282,33096192,256,8000,32.130
2026-07-23T01:13:16.400Z,usb,1,3612849267,129283,33096448,256,8000,32.130
2026-07-23T01:13:16.433Z,usb,1,3612849267,129284,33096704,256,8000,32.140
2026-07-23T01:13:16.464Z,usb,1,3612849267,129285,33096960,256,8000,32.140
2026-07-23T01:13:16.496Z,usb,1,3612849267,129286,33097216,256,8000,32.140
2026-07-23T01:13:16.528Z,usb,1,3612849267,129287,33097472,256,8000,32.140
2026-07-23T01:13:16.560Z,usb,1,3612849267,129288,33097728,256,8000,32.140
2026-07-23T01:13:16.592Z,usb,1,3612849267,129289,33097984,256,8000,32.140
2026-07-23T01:13:16.624Z,usb,1,3612849267,129290,33098240,256,8000,32.140
2026-07-23T01:13:16.656Z,usb,1,3612849267,129291,33098496,256,8000,32.140
2026-07-23T01:13:16.688Z,usb,1,3612849267,129292,33098752,256,8000,32.140
2026-07-23T01:13:16.720Z,usb,1,3612849267,129293,33099008,256,8000,32.140
2026-07-23T01:13:16.752Z,usb,1,3612849267,129294,33099264,256,8000,32.140
2026-07-23T01:13:16.784Z,usb,1,3612849267,129295,33099520,256,8000,32.140
2026-07-23T01:13:16.816Z,usb,1,3612849267,129296,33099776,256,8000,32.140
2026-07-23T01:13:16.848Z,usb,1,3612849267,129297,33100032,256,8000,32.140
2026-07-23T01:13:16.880Z,usb,1,3612849267,129298,33100288,256,8000,32.140
2026-07-23T01:13:16.912Z,usb,1,3612849267,129299,33100544,256,8000,32.140
2026-07-23T01:13:16.944Z,usb,1,3612849267,129300,33100800,256,8000,32.140
2026-07-23T01:13:16.976Z,usb,1,3612849267,129301,33101056,256,8000,32.140
2026-07-23T01:13:17.008Z,usb,1,3612849267,129302,33101312,256,8000,32.140
2026-07-23T01:13:17.040Z,usb,1,3612849267,129303,33101568,256,8000,32.140
2026-07-23T01:13:17.072Z,usb,1,3612849267,129304,33101824,256,8000,32.140
2026-07-23T01:13:17.104Z,usb,1,3612849267,129305,33102080,256,8000,32.140
2026-07-23T01:13:17.136Z,usb,1,3612849267,129306,33102336,256,8000,32.140
2026-07-23T01:13:17.168Z,usb,1,3612849267,129307,33102592,256,8000,32.140
2026-07-23T01:13:17.200Z,usb,1,3612849267,129308,33102848,256,8000,32.140
2026-07-23T01:13:17.232Z,usb,1,3612849267,129309,33103104,256,8000,32.140
2026-07-23T01:13:17.264Z,usb,1,3612849267,129310,33103360,256,8000,32.140
2026-07-23T01:13:17.296Z,usb,1,3612849267,129311,33103616,256,8000,32.140
2026-07-23T01:13:17.328Z,usb,1,3612849267,129312,33103872,256,8000,32.140
2026-07-23T01:13:17.360Z,usb,1,3612849267,129313,33104128,256,8000,32.140
2026-07-23T01:13:17.392Z,usb,1,3612849267,129314,33104384,256,8000,32.140
2026-07-23T01:13:17.424Z,usb,1,3612849267,129315,33104640,256,8000,32.140
2026-07-23T01:13:17.457Z,usb,1,3612849267,129316,33104896,256,8000,32.140
2026-07-23T01:13:17.488Z,usb,1,3612849267,129317,33105152,256,8000,32.140
2026-07-23T01:13:17.520Z,usb,1,3612849267,129318,33105408,256,8000,32.140
2026-07-23T01:13:17.552Z,usb,1,3612849267,129319,33105664,256,8000,32.140
2026-07-23T01:13:17.584Z,usb,1,3612849267,129320,33105920,256,8000,32.140
2026-07-23T01:13:17.616Z,usb,1,3612849267,129321,33106176,256,8000,32.140
2026-07-23T01:13:17.648Z,usb,1,3612849267,129322,33106432,256,8000,32.140
2026-07-23T01:13:17.680Z,usb,1,3612849267,129323,33106688,256,8000,32.140
2026-07-23T01:13:17.712Z,usb,1,3612849267,129324,33106944,256,8000,32.140
2026-07-23T01:13:17.744Z,usb,1,3612849267,129325,33107200,256,8000,32.140
2026-07-23T01:13:17.776Z,usb,1,3612849267,129326,33107456,256,8000,32.140
2026-07-23T01:13:17.808Z,usb,1,3612849267,129327,33107712,256,8000,32.140
2026-07-23T01:13:17.840Z,usb,1,3612849267,129328,33107968,256,8000,32.140
2026-07-23T01:13:17.872Z,usb,1,3612849267,129329,33108224,256,8000,32.140
2026-07-23T01:13:17.904Z,usb,1,3612849267,129330,33108480,256,8000,32.140
2026-07-23T01:13:17.936Z,usb,1,3612849267,129331,33108736,256,8000,32.140
2026-07-23T01:13:17.968Z,usb,1,3612849267,129332,33108992,256,8000,32.140
2026-07-23T01:13:18.000Z,usb,1,3612849267,129333,33109248,256,8000,32.140
2026-07-23T01:13:18.032Z,usb,1,3612849267,129334,33109504,256,8000,32.140
2026-07-23T01:13:18.064Z,usb,1,3612849267,129335,33109760,256,8000,32.140
2026-07-23T01:13:18.096Z,usb,1,3612849267,129336,33110016,256,8000,32.140
2026-07-23T01:13:18.128Z,usb,1,3612849267,129337,33110272,256,8000,32.140
2026-07-23T01:13:18.160Z,usb,1,3612849267,129338,33110528,256,8000,32.140
2026-07-23T01:13:18.192Z,usb,1,3612849267,129339,33110784,256,8000,32.140
2026-07-23T01:13:18.224Z,usb,1,3612849267,129340,33111040,256,8000,32.140
2026-07-23T01:13:18.256Z,usb,1,3612849267,129341,33111296,256,8000,32.140
2026-07-23T01:13:18.288Z,usb,1,3612849267,129342,33111552,256,8000,32.140
2026-07-23T01:13:18.320Z,usb,1,3612849267,129343,33111808,256,8000,32.140
2026-07-23T01:13:18.352Z,usb,1,3612849267,129344,33112064,256,8000,32.140
2026-07-23T01:13:18.384Z,usb,1,3612849267,129345,33112320,256,8000,32.140
2026-07-23T01:13:18.416Z,usb,1,3612849267,129346,33112576,256,8000,32.140
2026-07-23T01:13:18.448Z,usb,1,3612849267,129347,33112832,256,8000,32.140
2026-07-23T01:13:18.481Z,usb,1,3612849267,129348,33113088,256,8000,32.130
2026-07-23T01:13:18.512Z,usb,1,3612849267,129349,33113344,256,8000,32.130
2026-07-23T01:13:18.544Z,usb,1,3612849267,129350,33113600,256,8000,32.130
2026-07-23T01:13:18.576Z,usb,1,3612849267,129351,33113856,256,8000,32.130
2026-07-23T01:13:18.608Z,usb,1,3612849267,129352,33114112,256,8000,32.130
2026-07-23T01:13:18.640Z,usb,1,3612849267,129353,33114368,256,8000,32.130
2026-07-23T01:13:18.672Z,usb,1,3612849267,129354,33114624,256,8000,32.130
2026-07-23T01:13:18.704Z,usb,1,3612849267,129355,33114880,256,8000,32.130
2026-07-23T01:13:18.736Z,usb,1,3612849267,129356,33115136,256,8000,32.130
2026-07-23T01:13:18.768Z,usb,1,3612849267,129357,33115392,256,8000,32.130
2026-07-23T01:13:18.800Z,usb,1,3612849267,129358,33115648,256,8000,32.130
2026-07-23T01:13:18.832Z,usb,1,3612849267,129359,33115904,256,8000,32.130
2026-07-23T01:13:18.864Z,usb,1,3612849267,129360,33116160,256,8000,32.130
2026-07-23T01:13:18.896Z,usb,1,3612849267,129361,33116416,256,8000,32.130
2026-07-23T01:13:18.928Z,usb,1,3612849267,129362,33116672,256,8000,32.130
2026-07-23T01:13:18.960Z,usb,1,3612849267,129363,33116928,256,8000,32.130
2026-07-23T01:13:18.992Z,usb,1,3612849267,129364,33117184,256,8000,32.130
2026-07-23T01:13:19.024Z,usb,1,3612849267,129365,33117440,256,8000,32.130
2026-07-23T01:13:19.056Z,usb,1,3612849267,129366,33117696,256,8000,32.130
2026-07-23T01:13:19.088Z,usb,1,3612849267,129367,33117952,256,8000,32.130
2026-07-23T01:13:19.120Z,usb,1,3612849267,129368,33118208,256,8000,32.130
2026-07-23T01:13:19.152Z,usb,1,3612849267,129369,33118464,256,8000,32.130
2026-07-23T01:13:19.184Z,usb,1,3612849267,129370,33118720,256,8000,32.130
2026-07-23T01:13:19.216Z,usb,1,3612849267,129371,33118976,256,8000,32.130
2026-07-23T01:13:19.248Z,usb,1,3612849267,129372,33119232,256,8000,32.130
2026-07-23T01:13:19.280Z,usb,1,3612849267,129373,33119488,256,8000,32.130
2026-07-23T01:13:19.312Z,usb,1,3612849267,129374,33119744,256,8000,32.130
2026-07-23T01:13:19.344Z,usb,1,3612849267,129375,33120000,256,8000,32.130
2026-07-23T01:13:19.376Z,usb,1,3612849267,129376,33120256,256,8000,32.130
2026-07-23T01:13:19.408Z,usb,1,3612849267,129377,33120512,256,8000,32.130
2026-07-23T01:13:19.440Z,usb,1,3612849267,129378,33120768,256,8000,32.130
2026-07-23T01:13:19.472Z,usb,1,3612849267,129379,33121024,256,8000,32.130
2026-07-23T01:13:19.505Z,usb,1,3612849267,129380,33121280,256,8000,32.130
2026-07-23T01:13:19.536Z,usb,1,3612849267,129381,33121536,256,8000,32.130
2026-07-23T01:13:19.568Z,usb,1,3612849267,129382,33121792,256,8000,32.130
2026-07-23T01:13:19.600Z,usb,1,3612849267,129383,33122048,256,8000,32.130
2026-07-23T01:13:19.632Z,usb,1,3612849267,129384,33122304,256,8000,32.130
2026-07-23T01:13:19.664Z,usb,1,3612849267,129385,33122560,256,8000,32.130
2026-07-23T01:13:19.696Z,usb,1,3612849267,129386,33122816,256,8000,32.130
2026-07-23T01:13:19.728Z,usb,1,3612849267,129387,33123072,256,8000,32.130
2026-07-23T01:13:19.760Z,usb,1,3612849267,129388,33123328,256,8000,32.130
2026-07-23T01:13:19.792Z,usb,1,3612849267,129389,33123584,256,8000,32.130
2026-07-23T01:13:19.824Z,usb,1,3612849267,129390,33123840,256,8000,32.130
2026-07-23T01:13:19.856Z,usb,1,3612849267,129391,33124096,256,8000,32.130
2026-07-23T01:13:19.888Z,usb,1,3612849267,129392,33124352,256,8000,32.130
2026-07-23T01:13:19.920Z,usb,1,3612849267,129393,33124608,256,8000,32.130
2026-07-23T01:13:19.952Z,usb,1,3612849267,129394,33124864,256,8000,32.130
2026-07-23T01:13:19.984Z,usb,1,3612849267,129395,33125120,256,8000,32.130
2026-07-23T01:13:20.016Z,usb,1,3612849267,129396,33125376,256,8000,32.130
2026-07-23T01:13:20.048Z,usb,1,3612849267,129397,33125632,256,8000,32.130
2026-07-23T01:13:20.080Z,usb,1,3612849267,129398,33125888,256,8000,32.130
2026-07-23T01:13:20.112Z,usb,1,3612849267,129399,33126144,256,8000,32.130
2026-07-23T01:13:20.144Z,usb,1,3612849267,129400,33126400,256,8000,32.130
2026-07-23T01:13:20.176Z,usb,1,3612849267,129401,33126656,256,8000,32.130
2026-07-23T01:13:20.208Z,usb,1,3612849267,129402,33126912,256,8000,32.130
2026-07-23T01:13:20.240Z,usb,1,3612849267,129403,33127168,256,8000,32.130
2026-07-23T01:13:20.272Z,usb,1,3612849267,129404,33127424,256,8000,32.130
2026-07-23T01:13:20.304Z,usb,1,3612849267,129405,33127680,256,8000,32.130
2026-07-23T01:13:20.336Z,usb,1,3612849267,129406,33127936,256,8000,32.130
2026-07-23T01:13:20.368Z,usb,1,3612849267,129407,33128192,256,8000,32.130
2026-07-23T01:13:20.400Z,usb,1,3612849267,129408,33128448,256,8000,32.130
2026-07-23T01:13:20.432Z,usb,1,3612849267,129409,33128704,256,8000,32.130
2026-07-23T01:13:20.464Z,usb,1,3612849267,129410,33128960,256,8000,32.130
2026-07-23T01:13:20.496Z,usb,1,3612849267,129411,33129216,256,8000,32.130
2026-07-23T01:13:20.529Z,usb,1,3612849267,129412,33129472,256,8000,32.140
2026-07-23T01:13:20.560Z,usb,1,3612849267,129413,33129728,256,8000,32.140
2026-07-23T01:13:20.592Z,usb,1,3612849267,129414,33129984,256,8000,32.140
2026-07-23T01:13:20.624Z,usb,1,3612849267,129415,33130240,256,8000,32.140
2026-07-23T01:13:20.656Z,usb,1,3612849267,129416,33130496,256,8000,32.140
2026-07-23T01:13:20.688Z,usb,1,3612849267,129417,33130752,256,8000,32.140
2026-07-23T01:13:20.720Z,usb,1,3612849267,129418,33131008,256,8000,32.140
2026-07-23T01:13:20.752Z,usb,1,3612849267,129419,33131264,256,8000,32.140
2026-07-23T01:13:20.784Z,usb,1,3612849267,129420,33131520,256,8000,32.140
2026-07-23T01:13:20.816Z,usb,1,3612849267,129421,33131776,256,8000,32.140
2026-07-23T01:13:20.848Z,usb,1,3612849267,129422,33132032,256,8000,32.140
2026-07-23T01:13:20.880Z,usb,1,3612849267,129423,33132288,256,8000,32.140
2026-07-23T01:13:20.912Z,usb,1,3612849267,129424,33132544,256,8000,32.140
2026-07-23T01:13:20.944Z,usb,1,3612849267,129425,33132800,256,8000,32.140
2026-07-23T01:13:20.976Z,usb,1,3612849267,129426,33133056,256,8000,32.140
2026-07-23T01:13:21.008Z,usb,1,3612849267,129427,33133312,256,8000,32.140
2026-07-23T01:13:21.040Z,usb,1,3612849267,129428,33133568,256,8000,32.140
2026-07-23T01:13:21.072Z,usb,1,3612849267,129429,33133824,256,8000,32.140
2026-07-23T01:13:21.104Z,usb,1,3612849267,129430,33134080,256,8000,32.140
2026-07-23T01:13:21.136Z,usb,1,3612849267,129431,33134336,256,8000,32.140
2026-07-23T01:13:21.168Z,usb,1,3612849267,129432,33134592,256,8000,32.140
2026-07-23T01:13:21.200Z,usb,1,3612849267,129433,33134848,256,8000,32.140
2026-07-23T01:13:21.232Z,usb,1,3612849267,129434,33135104,256,8000,32.140
2026-07-23T01:13:21.264Z,usb,1,3612849267,129435,33135360,256,8000,32.140
2026-07-23T01:13:21.296Z,usb,1,3612849267,129436,33135616,256,8000,32.140
2026-07-23T01:13:21.328Z,usb,1,3612849267,129437,33135872,256,8000,32.140
2026-07-23T01:13:21.360Z,usb,1,3612849267,129438,33136128,256,8000,32.140
2026-07-23T01:13:21.392Z,usb,1,3612849267,129439,33136384,256,8000,32.140
2026-07-23T01:13:21.424Z,usb,1,3612849267,129440,33136640,256,8000,32.140
2026-07-23T01:13:21.456Z,usb,1,3612849267,129441,33136896,256,8000,32.140
2026-07-23T01:13:21.488Z,usb,1,3612849267,129442,33137152,256,8000,32.140
2026-07-23T01:13:21.520Z,usb,1,3612849267,129443,33137408,256,8000,32.140
2026-07-23T01:13:21.553Z,usb,1,3612849267,129444,33137664,256,8000,32.140
2026-07-23T01:13:21.584Z,usb,1,3612849267,129445,33137920,256,8000,32.140
2026-07-23T01:13:21.616Z,usb,1,3612849267,129446,33138176,256,8000,32.140
2026-07-23T01:13:21.648Z,usb,1,3612849267,129447,33138432,256,8000,32.140
2026-07-23T01:13:21.680Z,usb,1,3612849267,129448,33138688,256,8000,32.140
2026-07-23T01:13:21.712Z,usb,1,3612849267,129449,33138944,256,8000,32.140
2026-07-23T01:13:21.744Z,usb,1,3612849267,129450,33139200,256,8000,32.140
2026-07-23T01:13:21.776Z,usb,1,3612849267,129451,33139456,256,8000,32.140
2026-07-23T01:13:21.808Z,usb,1,3612849267,129452,33139712,256,8000,32.140
2026-07-23T01:13:21.840Z,usb,1,3612849267,129453,33139968,256,8000,32.140
2026-07-23T01:13:21.872Z,usb,1,3612849267,129454,33140224,256,8000,32.140
2026-07-23T01:13:21.904Z,usb,1,3612849267,129455,33140480,256,8000,32.140
2026-07-23T01:13:21.936Z,usb,1,3612849267,129456,33140736,256,8000,32.140
2026-07-23T01:13:21.968Z,usb,1,3612849267,129457,33140992,256,8000,32.140
2026-07-23T01:13:22.000Z,usb,1,3612849267,129458,33141248,256,8000,32.140
2026-07-23T01:13:22.032Z,usb,1,3612849267,129459,33141504,256,8000,32.140
2026-07-23T01:13:22.064Z,usb,1,3612849267,129460,33141760,256,8000,32.140
2026-07-23T01:13:22.096Z,usb,1,3612849267,129461,33142016,256,8000,32.140
2026-07-23T01:13:22.128Z,usb,1,3612849267,129462,33142272,256,8000,32.140
2026-07-23T01:13:22.160Z,usb,1,3612849267,129463,33142528,256,8000,32.140
2026-07-23T01:13:22.192Z,usb,1,3612849267,129464,33142784,256,8000,32.140
2026-07-23T01:13:22.224Z,usb,1,3612849267,129465,33143040,256,8000,32.140
2026-07-23T01:13:22.256Z,usb,1,3612849267,129466,33143296,256,8000,32.140
2026-07-23T01:13:22.288Z,usb,1,3612849267,129467,33143552,256,8000,32.140
2026-07-23T01:13:22.320Z,usb,1,3612849267,129468,33143808,256,8000,32.140
2026-07-23T01:13:22.352Z,usb,1,3612849267,129469,33144064,256,8000,32.140
2026-07-23T01:13:22.384Z,usb,1,3612849267,129470,33144320,256,8000,32.140
2026-07-23T01:13:22.416Z,usb,1,3612849267,129471,33144576,256,8000,32.140
2026-07-23T01:13:22.448Z,usb,1,3612849267,129472,33144832,256,8000,32.140
2026-07-23T01:13:22.480Z,usb,1,3612849267,129473,33145088,256,8000,32.140
2026-07-23T01:13:22.512Z,usb,1,3612849267,129474,33145344,256,8000,32.140
2026-07-23T01:13:22.544Z,usb,1,3612849267,129475,33145600,256,8000,32.140
2026-07-23T01:13:22.577Z,usb,1,3612849267,129476,33145856,256,8000,32.140
2026-07-23T01:13:22.608Z,usb,1,3612849267,129477,33146112,256,8000,32.140
2026-07-23T01:13:22.640Z,usb,1,3612849267,129478,33146368,256,8000,32.140
2026-07-23T01:13:22.672Z,usb,1,3612849267,129479,33146624,256,8000,32.140
2026-07-23T01:13:22.704Z,usb,1,3612849267,129480,33146880,256,8000,32.140
2026-07-23T01:13:22.736Z,usb,1,3612849267,129481,33147136,256,8000,32.140
2026-07-23T01:13:22.768Z,usb,1,3612849267,129482,33147392,256,8000,32.140
2026-07-23T01:13:22.800Z,usb,1,3612849267,129483,33147648,256,8000,32.140
2026-07-23T01:13:22.832Z,usb,1,3612849267,129484,33147904,256,8000,32.140
2026-07-23T01:13:22.864Z,usb,1,3612849267,129485,33148160,256,8000,32.140
2026-07-23T01:13:22.896Z,usb,1,3612849267,129486,33148416,256,8000,32.140
2026-07-23T01:13:22.928Z,usb,1,3612849267,129487,33148672,256,8000,32.140
2026-07-23T01:13:22.960Z,usb,1,3612849267,129488,33148928,256,8000,32.140
2026-07-23T01:13:22.992Z,usb,1,3612849267,129489,33149184,256,8000,32.140
2026-07-23T01:13:23.024Z,usb,1,3612849267,129490,33149440,256,8000,32.140
2026-07-23T01:13:23.056Z,usb,1,3612849267,129491,33149696,256,8000,32.140
2026-07-23T01:13:23.088Z,usb,1,3612849267,129492,33149952,256,8000,32.140
2026-07-23T01:13:23.120Z,usb,1,3612849267,129493,33150208,256,8000,32.140
2026-07-23T01:13:23.152Z,usb,1,3612849267,129494,33150464,256,8000,32.140
2026-07-23T01:13:23.184Z,usb,1,3612849267,129495,33150720,256,8000,32.140
2026-07-23T01:13:23.216Z,usb,1,3612849267,129496,33150976,256,8000,32.140
2026-07-23T01:13:23.248Z,usb,1,3612849267,129497,33151232,256,8000,32.140
2026-07-23T01:13:23.280Z,usb,1,3612849267,129498,33151488,256,8000,32.140
2026-07-23T01:13:23.312Z,usb,1,3612849267,129499,33151744,256,8000,32.140
2026-07-23T01:13:23.344Z,usb,1,3612849267,129500,33152000,256,8000,32.140
2026-07-23T01:13:23.376Z,usb,1,3612849267,129501,33152256,256,8000,32.140
2026-07-23T01:13:23.408Z,usb,1,3612849267,129502,33152512,256,8000,32.140
2026-07-23T01:13:23.440Z,usb,1,3612849267,129503,33152768,256,8000,32.140
2026-07-23T01:13:23.472Z,usb,1,3612849267,129504,33153024,256,8000,32.140
2026-07-23T01:13:23.504Z,usb,1,3612849267,129505,33153280,256,8000,32.140
2026-07-23T01:13:23.536Z,usb,1,3612849267,129506,33153536,256,8000,32.140
2026-07-23T01:13:23.568Z,usb,1,3612849267,129507,33153792,256,8000,32.140
2026-07-23T01:13:23.601Z,usb,1,3612849267,129508,33154048,256,8000,32.140
2026-07-23T01:13:23.632Z,usb,1,3612849267,129509,33154304,256,8000,32.140
2026-07-23T01:13:23.664Z,usb,1,3612849267,129510,33154560,256,8000,32.140
2026-07-23T01:13:23.696Z,usb,1,3612849267,129511,33154816,256,8000,32.140
2026-07-23T01:13:23.728Z,usb,1,3612849267,129512,33155072,256,8000,32.140
2026-07-23T01:13:23.760Z,usb,1,3612849267,129513,33155328,256,8000,32.140
2026-07-23T01:13:23.792Z,usb,1,3612849267,129514,33155584,256,8000,32.140
2026-07-23T01:13:23.824Z,usb,1,3612849267,129515,33155840,256,8000,32.140
2026-07-23T01:13:23.856Z,usb,1,3612849267,129516,33156096,256,8000,32.140
2026-07-23T01:13:23.888Z,usb,1,3612849267,129517,33156352,256,8000,32.140
2026-07-23T01:13:23.920Z,usb,1,3612849267,129518,33156608,256,8000,32.140
2026-07-23T01:13:23.953Z,usb,1,3612849267,129519,33156864,256,8000,32.140
2026-07-23T01:13:23.984Z,usb,1,3612849267,129520,33157120,256,8000,32.140
2026-07-23T01:13:24.016Z,usb,1,3612849267,129521,33157376,256,8000,32.140
2026-07-23T01:13:24.048Z,usb,1,3612849267,129522,33157632,256,8000,32.140
2026-07-23T01:13:24.080Z,usb,1,3612849267,129523,33157888,256,8000,32.140
2026-07-23T01:13:24.112Z,usb,1,3612849267,129524,33158144,256,8000,32.140
2026-07-23T01:13:24.144Z,usb,1,3612849267,129525,33158400,256,8000,32.140
2026-07-23T01:13:24.176Z,usb,1,3612849267,129526,33158656,256,8000,32.140
2026-07-23T01:13:24.208Z,usb,1,3612849267,129527,33158912,256,8000,32.140
2026-07-23T01:13:24.240Z,usb,1,3612849267,129528,33159168,256,8000,32.140
2026-07-23T01:13:24.272Z,usb,1,3612849267,129529,33159424,256,8000,32.140
2026-07-23T01:13:24.304Z,usb,1,3612849267,129530,33159680,256,8000,32.140
2026-07-23T01:13:24.336Z,usb,1,3612849267,129531,33159936,256,8000,32.140
2026-07-23T01:13:24.368Z,usb,1,3612849267,129532,33160192,256,8000,32.140
2026-07-23T01:13:24.400Z,usb,1,3612849267,129533,33160448,256,8000,32.140
2026-07-23T01:13:24.432Z,usb,1,3612849267,129534,33160704,256,8000,32.140
2026-07-23T01:13:24.464Z,usb,1,3612849267,129535,33160960,256,8000,32.140
2026-07-23T01:13:24.496Z,usb,1,3612849267,129536,33161216,256,8000,32.140
2026-07-23T01:13:24.528Z,usb,1,3612849267,129537,33161472,256,8000,32.140
2026-07-23T01:13:24.560Z,usb,1,3612849267,129538,33161728,256,8000,32.140
2026-07-23T01:13:24.592Z,usb,1,3612849267,129539,33161984,256,8000,32.140
2026-07-23T01:13:24.625Z,usb,1,3612849267,129540,33162240,256,8000,32.140
2026-07-23T01:13:24.656Z,usb,1,3612849267,129541,33162496,256,8000,32.140
2026-07-23T01:13:24.688Z,usb,1,3612849267,129542,33162752,256,8000,32.140
2026-07-23T01:13:24.720Z,usb,1,3612849267,129543,33163008,256,8000,32.140
2026-07-23T01:13:24.752Z,usb,1,3612849267,129544,33163264,256,8000,32.140
2026-07-23T01:13:24.784Z,usb,1,3612849267,129545,33163520,256,8000,32.140
2026-07-23T01:13:24.816Z,usb,1,3612849267,129546,33163776,256,8000,32.140
2026-07-23T01:13:24.848Z,usb,1,3612849267,129547,33164032,256,8000,32.140
2026-07-23T01:13:24.880Z,usb,1,3612849267,129548,33164288,256,8000,32.140
2026-07-23T01:13:24.912Z,usb,1,3612849267,129549,33164544,256,8000,32.140
2026-07-23T01:13:24.944Z,usb,1,3612849267,129550,33164800,256,8000,32.140
2026-07-23T01:13:24.976Z,usb,1,3612849267,129551,33165056,256,8000,32.140
2026-07-23T01:13:25.008Z,usb,1,3612849267,129552,33165312,256,8000,32.140
2026-07-23T01:13:25.040Z,usb,1,3612849267,129553,33165568,256,8000,32.140
2026-07-23T01:13:25.072Z,usb,1,3612849267,129554,33165824,256,8000,32.140
2026-07-23T01:13:25.104Z,usb,1,3612849267,129555,33166080,256,8000,32.140
2026-07-23T01:13:25.136Z,usb,1,3612849267,129556,33166336,256,8000,32.140
2026-07-23T01:13:25.168Z,usb,1,3612849267,129557,33166592,256,8000,32.140
2026-07-23T01:13:25.200Z,usb,1,3612849267,129558,33166848,256,8000,32.140
2026-07-23T01:13:25.232Z,usb,1,3612849267,129559,33167104,256,8000,32.140
2026-07-23T01:13:25.264Z,usb,1,3612849267,129560,33167360,256,8000,32.140
2026-07-23T01:13:25.296Z,usb,1,3612849267,129561,33167616,256,8000,32.140
2026-07-23T01:13:25.328Z,usb,1,3612849267,129562,33167872,256,8000,32.140
2026-07-23T01:13:25.360Z,usb,1,3612849267,129563,33168128,256,8000,32.140
2026-07-23T01:13:25.392Z,usb,1,3612849267,129564,33168384,256,8000,32.140
2026-07-23T01:13:25.424Z,usb,1,3612849267,129565,33168640,256,8000,32.140
2026-07-23T01:13:25.456Z,usb,1,3612849267,129566,33168896,256,8000,32.140
2026-07-23T01:13:25.488Z,usb,1,3612849267,129567,33169152,256,8000,32.140
2026-07-23T01:13:25.520Z,usb,1,3612849267,129568,33169408,256,8000,32.140
2026-07-23T01:13:25.552Z,usb,1,3612849267,129569,33169664,256,8000,32.140
2026-07-23T01:13:25.584Z,usb,1,3612849267,129570,33169920,256,8000,32.140
2026-07-23T01:13:25.616Z,usb,1,3612849267,129571,33170176,256,8000,32.140
2026-07-23T01:13:25.648Z,usb,1,3612849267,129572,33170432,256,8000,32.140
2026-07-23T01:13:25.680Z,usb,1,3612849267,129573,33170688,256,8000,32.140
2026-07-23T01:13:25.712Z,usb,1,3612849267,129574,33170944,256,8000,32.140
2026-07-23T01:13:25.744Z,usb,1,3612849267,129575,33171200,256,8000,32.140
2026-07-23T01:13:25.776Z,usb,1,3612849267,129576,33171456,256,8000,32.140
2026-07-23T01:13:25.808Z,usb,1,3612849267,129577,33171712,256,8000,32.140
2026-07-23T01:13:25.840Z,usb,1,3612849267,129578,33171968,256,8000,32.140
2026-07-23T01:13:25.872Z,usb,1,3612849267,129579,33172224,256,8000,32.140
2026-07-23T01:13:25.904Z,usb,1,3612849267,129580,33172480,256,8000,32.140
2026-07-23T01:13:25.936Z,usb,1,3612849267,129581,33172736,256,8000,32.140
2026-07-23T01:13:25.968Z,usb,1,3612849267,129582,33172992,256,8000,32.140
2026-07-23T01:13:26.000Z,usb,1,3612849267,129583,33173248,256,8000,32.140
2026-07-23T01:13:26.032Z,usb,1,3612849267,129584,33173504,256,8000,32.140
2026-07-23T01:13:26.064Z,usb,1,3612849267,129585,33173760,256,8000,32.140
2026-07-23T01:13:26.096Z,usb,1,3612849267,129586,33174016,256,8000,32.140
2026-07-23T01:13:26.128Z,usb,1,3612849267,129587,33174272,256,8000,32.140
2026-07-23T01:13:26.160Z,usb,1,3612849267,129588,33174528,256,8000,32.140
2026-07-23T01:13:26.192Z,usb,1,3612849267,129589,33174784,256,8000,32.140
2026-07-23T01:13:26.224Z,usb,1,3612849267,129590,33175040,256,8000,32.140
2026-07-23T01:13:26.256Z,usb,1,3612849267,129591,33175296,256,8000,32.140
2026-07-23T01:13:26.288Z,usb,1,3612849267,129592,33175552,256,8000,32.140
2026-07-23T01:13:26.320Z,usb,1,3612849267,129593,33175808,256,8000,32.140
2026-07-23T01:13:26.352Z,usb,1,3612849267,129594,33176064,256,8000,32.140
2026-07-23T01:13:26.384Z,usb,1,3612849267,129595,33176320,256,8000,32.140
2026-07-23T01:13:26.416Z,usb,1,3612849267,129596,33176576,256,8000,32.140
2026-07-23T01:13:26.448Z,usb,1,3612849267,129597,33176832,256,8000,32.140
2026-07-23T01:13:26.480Z,usb,1,3612849267,129598,33177088,256,8000,32.140
2026-07-23T01:13:26.512Z,usb,1,3612849267,129599,33177344,256,8000,32.140
2026-07-23T01:13:26.544Z,usb,1,3612849267,129600,33177600,256,8000,32.140
2026-07-23T01:13:26.576Z,usb,1,3612849267,129601,33177856,256,8000,32.140
2026-07-23T01:13:26.608Z,usb,1,3612849267,129602,33178112,256,8000,32.140
2026-07-23T01:13:26.640Z,usb,1,3612849267,129603,33178368,256,8000,32.140
2026-07-23T01:13:26.673Z,usb,1,3612849267,129604,33178624,256,8000,32.140
2026-07-23T01:13:26.704Z,usb,1,3612849267,129605,33178880,256,8000,32.140
2026-07-23T01:13:26.736Z,usb,1,3612849267,129606,33179136,256,8000,32.140
2026-07-23T01:13:26.768Z,usb,1,3612849267,129607,33179392,256,8000,32.140
2026-07-23T01:13:26.800Z,usb,1,3612849267,129608,33179648,256,8000,32.140
2026-07-23T01:13:26.832Z,usb,1,3612849267,129609,33179904,256,8000,32.140
2026-07-23T01:13:26.864Z,usb,1,3612849267,129610,33180160,256,8000,32.140
2026-07-23T01:13:26.896Z,usb,1,3612849267,129611,33180416,256,8000,32.140
2026-07-23T01:13:26.928Z,usb,1,3612849267,129612,33180672,256,8000,32.140
2026-07-23T01:13:26.960Z,usb,1,3612849267,129613,33180928,256,8000,32.140
2026-07-23T01:13:26.992Z,usb,1,3612849267,129614,33181184,256,8000,32.140
2026-07-23T01:13:27.024Z,usb,1,3612849267,129615,33181440,256,8000,32.140
2026-07-23T01:13:27.056Z,usb,1,3612849267,129616,33181696,256,8000,32.140
2026-07-23T01:13:27.088Z,usb,1,3612849267,129617,33181952,256,8000,32.140
2026-07-23T01:13:27.120Z,usb,1,3612849267,129618,33182208,256,8000,32.140
2026-07-23T01:13:27.152Z,usb,1,3612849267,129619,33182464,256,8000,32.140
2026-07-23T01:13:27.184Z,usb,1,3612849267,129620,33182720,256,8000,32.140
2026-07-23T01:13:27.216Z,usb,1,3612849267,129621,33182976,256,8000,32.140
2026-07-23T01:13:27.248Z,usb,1,3612849267,129622,33183232,256,8000,32.140
2026-07-23T01:13:27.280Z,usb,1,3612849267,129623,33183488,256,8000,32.140
2026-07-23T01:13:27.312Z,usb,1,3612849267,129624,33183744,256,8000,32.140
2026-07-23T01:13:27.344Z,usb,1,3612849267,129625,33184000,256,8000,32.140
2026-07-23T01:13:27.376Z,usb,1,3612849267,129626,33184256,256,8000,32.140
2026-07-23T01:13:27.408Z,usb,1,3612849267,129627,33184512,256,8000,32.140
2026-07-23T01:13:27.440Z,usb,1,3612849267,129628,33184768,256,8000,32.140
2026-07-23T01:13:27.472Z,usb,1,3612849267,129629,33185024,256,8000,32.140
2026-07-23T01:13:27.504Z,usb,1,3612849267,129630,33185280,256,8000,32.140
2026-07-23T01:13:27.536Z,usb,1,3612849267,129631,33185536,256,8000,32.140
2026-07-23T01:13:27.568Z,usb,1,3612849267,129632,33185792,256,8000,32.140
2026-07-23T01:13:27.600Z,usb,1,3612849267,129633,33186048,256,8000,32.140
2026-07-23T01:13:27.632Z,usb,1,3612849267,129634,33186304,256,8000,32.140
2026-07-23T01:13:27.664Z,usb,1,3612849267,129635,33186560,256,8000,32.140
2026-07-23T01:13:27.697Z,usb,1,3612849267,129636,33186816,256,8000,32.140
2026-07-23T01:13:27.728Z,usb,1,3612849267,129637,33187072,256,8000,32.140
2026-07-23T01:13:27.760Z,usb,1,3612849267,129638,33187328,256,8000,32.140
2026-07-23T01:13:27.792Z,usb,1,3612849267,129639,33187584,256,8000,32.140
2026-07-23T01:13:27.824Z,usb,1,3612849267,129640,33187840,256,8000,32.140
2026-07-23T01:13:27.856Z,usb,1,3612849267,129641,33188096,256,8000,32.140
2026-07-23T01:13:27.888Z,usb,1,3612849267,129642,33188352,256,8000,32.140
2026-07-23T01:13:27.920Z,usb,1,3612849267,129643,33188608,256,8000,32.140
2026-07-23T01:13:27.952Z,usb,1,3612849267,129644,33188864,256,8000,32.140
2026-07-23T01:13:27.984Z,usb,1,3612849267,129645,33189120,256,8000,32.140
2026-07-23T01:13:28.016Z,usb,1,3612849267,129646,33189376,256,8000,32.140
2026-07-23T01:13:28.048Z,usb,1,3612849267,129647,33189632,256,8000,32.140
2026-07-23T01:13:28.080Z,usb,1,3612849267,129648,33189888,256,8000,32.140
2026-07-23T01:13:28.112Z,usb,1,3612849267,129649,33190144,256,8000,32.140
2026-07-23T01:13:28.144Z,usb,1,3612849267,129650,33190400,256,8000,32.140
2026-07-23T01:13:28.176Z,usb,1,3612849267,129651,33190656,256,8000,32.140
2026-07-23T01:13:28.208Z,usb,1,3612849267,129652,33190912,256,8000,32.140
2026-07-23T01:13:28.240Z,usb,1,3612849267,129653,33191168,256,8000,32.140
2026-07-23T01:13:28.272Z,usb,1,3612849267,129654,33191424,256,8000,32.140
2026-07-23T01:13:28.304Z,usb,1,3612849267,129655,33191680,256,8000,32.140
2026-07-23T01:13:28.336Z,usb,1,3612849267,129656,33191936,256,8000,32.140
2026-07-23T01:13:28.368Z,usb,1,3612849267,129657,33192192,256,8000,32.140
2026-07-23T01:13:28.400Z,usb,1,3612849267,129658,33192448,256,8000,32.140
2026-07-23T01:13:28.432Z,usb,1,3612849267,129659,33192704,256,8000,32.140
2026-07-23T01:13:28.464Z,usb,1,3612849267,129660,33192960,256,8000,32.140
2026-07-23T01:13:28.496Z,usb,1,3612849267,129661,33193216,256,8000,32.140
2026-07-23T01:13:28.528Z,usb,1,3612849267,129662,33193472,256,8000,32.140
2026-07-23T01:13:28.560Z,usb,1,3612849267,129663,33193728,256,8000,32.140
2026-07-23T01:13:28.592Z,usb,1,3612849267,129664,33193984,256,8000,32.140
2026-07-23T01:13:28.624Z,usb,1,3612849267,129665,33194240,256,8000,32.140
2026-07-23T01:13:28.656Z,usb,1,3612849267,129666,33194496,256,8000,32.140
2026-07-23T01:13:28.688Z,usb,1,3612849267,129667,33194752,256,8000,32.140
2026-07-23T01:13:28.721Z,usb,1,3612849267,129668,33195008,256,8000,32.140
2026-07-23T01:13:28.752Z,usb,1,3612849267,129669,33195264,256,8000,32.140
2026-07-23T01:13:28.784Z,usb,1,3612849267,129670,33195520,256,8000,32.140
2026-07-23T01:13:28.816Z,usb,1,3612849267,129671,33195776,256,8000,32.140
2026-07-23T01:13:28.848Z,usb,1,3612849267,129672,33196032,256,8000,32.140
2026-07-23T01:13:28.880Z,usb,1,3612849267,129673,33196288,256,8000,32.140
2026-07-23T01:13:28.912Z,usb,1,3612849267,129674,33196544,256,8000,32.140
2026-07-23T01:13:28.944Z,usb,1,3612849267,129675,33196800,256,8000,32.140
2026-07-23T01:13:28.976Z,usb,1,3612849267,129676,33197056,256,8000,32.140
2026-07-23T01:13:29.008Z,usb,1,3612849267,129677,33197312,256,8000,32.140
2026-07-23T01:13:29.040Z,usb,1,3612849267,129678,33197568,256,8000,32.140
2026-07-23T01:13:29.072Z,usb,1,3612849267,129679,33197824,256,8000,32.140
2026-07-23T01:13:29.104Z,usb,1,3612849267,129680,33198080,256,8000,32.140
2026-07-23T01:13:29.136Z,usb,1,3612849267,129681,33198336,256,8000,32.140
2026-07-23T01:13:29.168Z,usb,1,3612849267,129682,33198592,256,8000,32.140
2026-07-23T01:13:29.200Z,usb,1,3612849267,129683,33198848,256,8000,32.140
2026-07-23T01:13:29.232Z,usb,1,3612849267,129684,33199104,256,8000,32.140
2026-07-23T01:13:29.264Z,usb,1,3612849267,129685,33199360,256,8000,32.140
2026-07-23T01:13:29.296Z,usb,1,3612849267,129686,33199616,256,8000,32.140
2026-07-23T01:13:29.328Z,usb,1,3612849267,129687,33199872,256,8000,32.140
2026-07-23T01:13:29.360Z,usb,1,3612849267,129688,33200128,256,8000,32.140
2026-07-23T01:13:29.392Z,usb,1,3612849267,129689,33200384,256,8000,32.140
2026-07-23T01:13:29.424Z,usb,1,3612849267,129690,33200640,256,8000,32.140
2026-07-23T01:13:29.456Z,usb,1,3612849267,129691,33200896,256,8000,32.140
2026-07-23T01:13:29.488Z,usb,1,3612849267,129692,33201152,256,8000,32.140
2026-07-23T01:13:29.520Z,usb,1,3612849267,129693,33201408,256,8000,32.140
2026-07-23T01:13:29.552Z,usb,1,3612849267,129694,33201664,256,8000,32.140
2026-07-23T01:13:29.584Z,usb,1,3612849267,129695,33201920,256,8000,32.140
2026-07-23T01:13:29.616Z,usb,1,3612849267,129696,33202176,256,8000,32.140
2026-07-23T01:13:29.648Z,usb,1,3612849267,129697,33202432,256,8000,32.140
2026-07-23T01:13:29.680Z,usb,1,3612849267,129698,33202688,256,8000,32.140
2026-07-23T01:13:29.712Z,usb,1,3612849267,129699,33202944,256,8000,32.140
2026-07-23T01:13:29.745Z,usb,1,3612849267,129700,33203200,256,8000,32.140
2026-07-23T01:13:29.776Z,usb,1,3612849267,129701,33203456,256,8000,32.140
2026-07-23T01:13:29.808Z,usb,1,3612849267,129702,33203712,256,8000,32.140
2026-07-23T01:13:29.840Z,usb,1,3612849267,129703,33203968,256,8000,32.140
2026-07-23T01:13:29.872Z,usb,1,3612849267,129704,33204224,256,8000,32.140
2026-07-23T01:13:29.904Z,usb,1,3612849267,129705,33204480,256,8000,32.140
2026-07-23T01:13:29.936Z,usb,1,3612849267,129706,33204736,256,8000,32.140
2026-07-23T01:13:29.968Z,usb,1,3612849267,129707,33204992,256,8000,32.140
2026-07-23T01:13:30.000Z,usb,1,3612849267,129708,33205248,256,8000,32.140
2026-07-23T01:13:30.032Z,usb,1,3612849267,129709,33205504,256,8000,32.140
2026-07-23T01:13:30.064Z,usb,1,3612849267,129710,33205760,256,8000,32.140
2026-07-23T01:13:30.096Z,usb,1,3612849267,129711,33206016,256,8000,32.140
2026-07-23T01:13:30.128Z,usb,1,3612849267,129712,33206272,256,8000,32.140
2026-07-23T01:13:30.160Z,usb,1,3612849267,129713,33206528,256,8000,32.140
2026-07-23T01:13:30.192Z,usb,1,3612849267,129714,33206784,256,8000,32.140
2026-07-23T01:13:30.224Z,usb,1,3612849267,129715,33207040,256,8000,32.140
2026-07-23T01:13:30.256Z,usb,1,3612849267,129716,33207296,256,8000,32.140
2026-07-23T01:13:30.288Z,usb,1,3612849267,129717,33207552,256,8000,32.140
2026-07-23T01:13:30.320Z,usb,1,3612849267,129718,33207808,256,8000,32.140
2026-07-23T01:13:30.352Z,usb,1,3612849267,129719,33208064,256,8000,32.140
2026-07-23T01:13:30.384Z,usb,1,3612849267,129720,33208320,256,8000,32.140
2026-07-23T01:13:30.416Z,usb,1,3612849267,129721,33208576,256,8000,32.140
2026-07-23T01:13:30.448Z,usb,1,3612849267,129722,33208832,256,8000,32.140
2026-07-23T01:13:30.480Z,usb,1,3612849267,129723,33209088,256,8000,32.140
2026-07-23T01:13:30.512Z,usb,1,3612849267,129724,33209344,256,8000,32.140
2026-07-23T01:13:30.544Z,usb,1,3612849267,129725,33209600,256,8000,32.140
2026-07-23T01:13:30.576Z,usb,1,3612849267,129726,33209856,256,8000,32.140
2026-07-23T01:13:30.608Z,usb,1,3612849267,129727,33210112,256,8000,32.140
2026-07-23T01:13:30.640Z,usb,1,3612849267,129728,33210368,256,8000,32.140
2026-07-23T01:13:30.672Z,usb,1,3612849267,129729,33210624,256,8000,32.140
2026-07-23T01:13:30.704Z,usb,1,3612849267,129730,33210880,256,8000,32.140
2026-07-23T01:13:30.736Z,usb,1,3612849267,129731,33211136,256,8000,32.140
2026-07-23T01:13:30.769Z,usb,1,3612849267,129732,33211392,256,8000,32.140
2026-07-23T01:13:30.800Z,usb,1,3612849267,129733,33211648,256,8000,32.140
2026-07-23T01:13:30.832Z,usb,1,3612849267,129734,33211904,256,8000,32.140
2026-07-23T01:13:30.864Z,usb,1,3612849267,129735,33212160,256,8000,32.140
2026-07-23T01:13:30.896Z,usb,1,3612849267,129736,33212416,256,8000,32.140
2026-07-23T01:13:30.928Z,usb,1,3612849267,129737,33212672,256,8000,32.140
2026-07-23T01:13:30.960Z,usb,1,3612849267,129738,33212928,256,8000,32.140
2026-07-23T01:13:30.992Z,usb,1,3612849267,129739,33213184,256,8000,32.140
2026-07-23T01:13:31.024Z,usb,1,3612849267,129740,33213440,256,8000,32.140
2026-07-23T01:13:31.056Z,usb,1,3612849267,129741,33213696,256,8000,32.140
2026-07-23T01:13:31.088Z,usb,1,3612849267,129742,33213952,256,8000,32.140
2026-07-23T01:13:31.120Z,usb,1,3612849267,129743,33214208,256,8000,32.140
2026-07-23T01:13:31.152Z,usb,1,3612849267,129744,33214464,256,8000,32.140
2026-07-23T01:13:31.184Z,usb,1,3612849267,129745,33214720,256,8000,32.140
2026-07-23T01:13:31.216Z,usb,1,3612849267,129746,33214976,256,8000,32.140
2026-07-23T01:13:31.248Z,usb,1,3612849267,129747,33215232,256,8000,32.140
2026-07-23T01:13:31.280Z,usb,1,3612849267,129748,33215488,256,8000,32.140
2026-07-23T01:13:31.312Z,usb,1,3612849267,129749,33215744,256,8000,32.140
2026-07-23T01:13:31.344Z,usb,1,3612849267,129750,33216000,256,8000,32.140
2026-07-23T01:13:31.376Z,usb,1,3612849267,129751,33216256,256,8000,32.140
2026-07-23T01:13:31.408Z,usb,1,3612849267,129752,33216512,256,8000,32.140
2026-07-23T01:13:31.440Z,usb,1,3612849267,129753,33216768,256,8000,32.140
2026-07-23T01:13:31.472Z,usb,1,3612849267,129754,33217024,256,8000,32.140
2026-07-23T01:13:31.504Z,usb,1,3612849267,129755,33217280,256,8000,32.140
2026-07-23T01:13:31.536Z,usb,1,3612849267,129756,33217536,256,8000,32.140
2026-07-23T01:13:31.568Z,usb,1,3612849267,129757,33217792,256,8000,32.140
2026-07-23T01:13:31.600Z,usb,1,3612849267,129758,33218048,256,8000,32.140
2026-07-23T01:13:31.632Z,usb,1,3612849267,129759,33218304,256,8000,32.140
2026-07-23T01:13:31.664Z,usb,1,3612849267,129760,33218560,256,8000,32.140
2026-07-23T01:13:31.696Z,usb,1,3612849267,129761,33218816,256,8000,32.140
2026-07-23T01:13:31.728Z,usb,1,3612849267,129762,33219072,256,8000,32.140
2026-07-23T01:13:31.760Z,usb,1,3612849267,129763,33219328,256,8000,32.140
2026-07-23T01:13:31.793Z,usb,1,3612849267,129764,33219584,256,8000,32.140
2026-07-23T01:13:31.824Z,usb,1,3612849267,129765,33219840,256,8000,32.140
2026-07-23T01:13:31.856Z,usb,1,3612849267,129766,33220096,256,8000,32.140
2026-07-23T01:13:31.888Z,usb,1,3612849267,129767,33220352,256,8000,32.140
2026-07-23T01:13:31.920Z,usb,1,3612849267,129768,33220608,256,8000,32.140
2026-07-23T01:13:31.952Z,usb,1,3612849267,129769,33220864,256,8000,32.140
2026-07-23T01:13:31.984Z,usb,1,3612849267,129770,33221120,256,8000,32.140
2026-07-23T01:13:32.016Z,usb,1,3612849267,129771,33221376,256,8000,32.140
2026-07-23T01:13:32.048Z,usb,1,3612849267,129772,33221632,256,8000,32.140
2026-07-23T01:13:32.080Z,usb,1,3612849267,129773,33221888,256,8000,32.140
2026-07-23T01:13:32.112Z,usb,1,3612849267,129774,33222144,256,8000,32.140
2026-07-23T01:13:32.144Z,usb,1,3612849267,129775,33222400,256,8000,32.140
2026-07-23T01:13:32.176Z,usb,1,3612849267,129776,33222656,256,8000,32.140
2026-07-23T01:13:32.208Z,usb,1,3612849267,129777,33222912,256,8000,32.140
2026-07-23T01:13:32.240Z,usb,1,3612849267,129778,33223168,256,8000,32.140
2026-07-23T01:13:32.272Z,usb,1,3612849267,129779,33223424,256,8000,32.140
2026-07-23T01:13:32.304Z,usb,1,3612849267,129780,33223680,256,8000,32.140
2026-07-23T01:13:32.336Z,usb,1,3612849267,129781,33223936,256,8000,32.140
2026-07-23T01:13:32.368Z,usb,1,3612849267,129782,33224192,256,8000,32.140
2026-07-23T01:13:32.400Z,usb,1,3612849267,129783,33224448,256,8000,32.140
2026-07-23T01:13:32.432Z,usb,1,3612849267,129784,33224704,256,8000,32.140
2026-07-23T01:13:32.464Z,usb,1,3612849267,129785,33224960,256,8000,32.140
2026-07-23T01:13:32.496Z,usb,1,3612849267,129786,33225216,256,8000,32.140
2026-07-23T01:13:32.528Z,usb,1,3612849267,129787,33225472,256,8000,32.140
2026-07-23T01:13:32.560Z,usb,1,3612849267,129788,33225728,256,8000,32.140
2026-07-23T01:13:32.592Z,usb,1,3612849267,129789,33225984,256,8000,32.140
2026-07-23T01:13:32.624Z,usb,1,3612849267,129790,33226240,256,8000,32.140
2026-07-23T01:13:32.656Z,usb,1,3612849267,129791,33226496,256,8000,32.140
2026-07-23T01:13:32.688Z,usb,1,3612849267,129792,33226752,256,8000,32.140
2026-07-23T01:13:32.720Z,usb,1,3612849267,129793,33227008,256,8000,32.140
2026-07-23T01:13:32.752Z,usb,1,3612849267,129794,33227264,256,8000,32.140
2026-07-23T01:13:32.784Z,usb,1,3612849267,129795,33227520,256,8000,32.140
2026-07-23T01:13:32.816Z,usb,1,3612849267,129796,33227776,256,8000,32.140
2026-07-23T01:13:32.848Z,usb,1,3612849267,129797,33228032,256,8000,32.140
2026-07-23T01:13:32.880Z,usb,1,3612849267,129798,33228288,256,8000,32.140
2026-07-23T01:13:32.912Z,usb,1,3612849267,129799,33228544,256,8000,32.140
2026-07-23T01:13:32.944Z,usb,1,3612849267,129800,33228800,256,8000,32.140
2026-07-23T01:13:32.976Z,usb,1,3612849267,129801,33229056,256,8000,32.140
2026-07-23T01:13:33.008Z,usb,1,3612849267,129802,33229312,256,8000,32.140
2026-07-23T01:13:33.040Z,usb,1,3612849267,129803,33229568,256,8000,32.140
2026-07-23T01:13:33.072Z,usb,1,3612849267,129804,33229824,256,8000,32.140
2026-07-23T01:13:33.104Z,usb,1,3612849267,129805,33230080,256,8000,32.140
