received_at_utc,source_ip,node_id,boot_id,sequence,first_sample_index,sample_count,sample_rate_hz,temperature_c
2026-07-23T01:59:56.814Z,usb,1,3612849267,216796,55499776,256,8000,31.690
2026-07-23T01:59:56.845Z,usb,1,3612849267,216797,55500032,256,8000,31.690
2026-07-23T01:59:56.877Z,usb,1,3612849267,216798,55500288,256,8000,31.690
2026-07-23T01:59:56.909Z,usb,1,3612849267,216799,55500544,256,8000,31.690
2026-07-23T01:59:56.941Z,usb,1,3612849267,216800,55500800,256,8000,31.690
2026-07-23T01:59:56.973Z,usb,1,3612849267,216801,55501056,256,8000,31.690
2026-07-23T01:59:57.006Z,usb,1,3612849267,216802,55501312,256,8000,31.690
2026-07-23T01:59:57.038Z,usb,1,3612849267,216803,55501568,256,8000,31.690
2026-07-23T01:59:57.070Z,usb,1,3612849267,216804,55501824,256,8000,31.690
2026-07-23T01:59:57.101Z,usb,1,3612849267,216805,55502080,256,8000,31.690
2026-07-23T01:59:57.134Z,usb,1,3612849267,216806,55502336,256,8000,31.690
2026-07-23T01:59:57.166Z,usb,1,3612849267,216807,55502592,256,8000,31.690
2026-07-23T01:59:57.198Z,usb,1,3612849267,216808,55502848,256,8000,31.690
2026-07-23T01:59:57.230Z,usb,1,3612849267,216809,55503104,256,8000,31.690
2026-07-23T01:59:57.262Z,usb,1,3612849267,216810,55503360,256,8000,31.690
2026-07-23T01:59:57.294Z,usb,1,3612849267,216811,55503616,256,8000,31.690
2026-07-23T01:59:57.326Z,usb,1,3612849267,216812,55503872,256,8000,31.690
2026-07-23T01:59:57.358Z,usb,1,3612849267,216813,55504128,256,8000,31.690
2026-07-23T01:59:57.390Z,usb,1,3612849267,216814,55504384,256,8000,31.690
2026-07-23T01:59:57.422Z,usb,1,3612849267,216815,55504640,256,8000,31.690
2026-07-23T01:59:57.454Z,usb,1,3612849267,216816,55504896,256,8000,31.690
2026-07-23T01:59:57.486Z,usb,1,3612849267,216817,55505152,256,8000,31.690
2026-07-23T01:59:57.518Z,usb,1,3612849267,216818,55505408,256,8000,31.690
2026-07-23T01:59:57.550Z,usb,1,3612849267,216819,55505664,256,8000,31.690
2026-07-23T01:59:57.582Z,usb,1,3612849267,216820,55505920,256,8000,31.690
2026-07-23T01:59:57.614Z,usb,1,3612849267,216821,55506176,256,8000,31.690
2026-07-23T01:59:57.646Z,usb,1,3612849267,216822,55506432,256,8000,31.690
2026-07-23T01:59:57.678Z,usb,1,3612849267,216823,55506688,256,8000,31.690
2026-07-23T01:59:57.710Z,usb,1,3612849267,216824,55506944,256,8000,31.690
2026-07-23T01:59:57.742Z,usb,1,3612849267,216825,55507200,256,8000,31.690
2026-07-23T01:59:57.774Z,usb,1,3612849267,216826,55507456,256,8000,31.690
2026-07-23T01:59:57.806Z,usb,1,3612849267,216827,55507712,256,8000,31.690
2026-07-23T01:59:57.838Z,usb,1,3612849267,216828,55507968,256,8000,31.690
2026-07-23T01:59:57.869Z,usb,1,3612849267,216829,55508224,256,8000,31.690
2026-07-23T01:59:57.901Z,usb,1,3612849267,216830,55508480,256,8000,31.690
2026-07-23T01:59:57.933Z,usb,1,3612849267,216831,55508736,256,8000,31.690
2026-07-23T01:59:57.965Z,usb,1,3612849267,216832,55508992,256,8000,31.690
2026-07-23T01:59:57.997Z,usb,1,3612849267,216833,55509248,256,8000,31.690
2026-07-23T01:59:58.029Z,usb,1,3612849267,216834,55509504,256,8000,31.690
2026-07-23T01:59:58.061Z,usb,1,3612849267,216835,55509760,256,8000,31.690
2026-07-23T01:59:58.094Z,usb,1,3612849267,216836,55510016,256,8000,31.690
2026-07-23T01:59:58.125Z,usb,1,3612849267,216837,55510272,256,8000,31.690
2026-07-23T01:59:58.157Z,usb,1,3612849267,216838,55510528,256,8000,31.690
2026-07-23T01:59:58.189Z,usb,1,3612849267,216839,55510784,256,8000,31.690
2026-07-23T01:59:58.221Z,usb,1,3612849267,216840,55511040,256,8000,31.690
2026-07-23T01:59:58.253Z,usb,1,3612849267,216841,55511296,256,8000,31.690
2026-07-23T01:59:58.285Z,usb,1,3612849267,216842,55511552,256,8000,31.690
2026-07-23T01:59:58.317Z,usb,1,3612849267,216843,55511808,256,8000,31.690
2026-07-23T01:59:58.349Z,usb,1,3612849267,216844,55512064,256,8000,31.690
2026-07-23T01:59:58.381Z,usb,1,3612849267,216845,55512320,256,8000,31.690
2026-07-23T01:59:58.414Z,usb,1,3612849267,216846,55512576,256,8000,31.690
2026-07-23T01:59:58.446Z,usb,1,3612849267,216847,55512832,256,8000,31.690
2026-07-23T01:59:58.478Z,usb,1,3612849267,216848,55513088,256,8000,31.690
2026-07-23T01:59:58.510Z,usb,1,3612849267,216849,55513344,256,8000,31.690
2026-07-23T01:59:58.542Z,usb,1,3612849267,216850,55513600,256,8000,31.690
2026-07-23T01:59:58.574Z,usb,1,3612849267,216851,55513856,256,8000,31.690
2026-07-23T01:59:58.606Z,usb,1,3612849267,216852,55514112,256,8000,31.690
2026-07-23T01:59:58.638Z,usb,1,3612849267,216853,55514368,256,8000,31.690
2026-07-23T01:59:58.670Z,usb,1,3612849267,216854,55514624,256,8000,31.690
2026-07-23T01:59:58.702Z,usb,1,3612849267,216855,55514880,256,8000,31.690
2026-07-23T01:59:58.734Z,usb,1,3612849267,216856,55515136,256,8000,31.690
2026-07-23T01:59:58.766Z,usb,1,3612849267,216857,55515392,256,8000,31.690
2026-07-23T01:59:58.798Z,usb,1,3612849267,216858,55515648,256,8000,31.690
2026-07-23T01:59:58.830Z,usb,1,3612849267,216859,55515904,256,8000,31.690
2026-07-23T01:59:58.862Z,usb,1,3612849267,216860,55516160,256,8000,31.690
2026-07-23T01:59:58.894Z,usb,1,3612849267,216861,55516416,256,8000,31.690
2026-07-23T01:59:58.926Z,usb,1,3612849267,216862,55516672,256,8000,31.690
2026-07-23T01:59:58.957Z,usb,1,3612849267,216863,55516928,256,8000,31.690
2026-07-23T01:59:58.989Z,usb,1,3612849267,216864,55517184,256,8000,31.690
2026-07-23T01:59:59.021Z,usb,1,3612849267,216865,55517440,256,8000,31.690
2026-07-23T01:59:59.053Z,usb,1,3612849267,216866,55517696,256,8000,31.690
2026-07-23T01:59:59.085Z,usb,1,3612849267,216867,55517952,256,8000,31.690
2026-07-23T01:59:59.118Z,usb,1,3612849267,216868,55518208,256,8000,31.690
2026-07-23T01:59:59.150Z,usb,1,3612849267,216869,55518464,256,8000,31.690
2026-07-23T01:59:59.182Z,usb,1,3612849267,216870,55518720,256,8000,31.690
2026-07-23T01:59:59.214Z,usb,1,3612849267,216871,55518976,256,8000,31.690
2026-07-23T01:59:59.246Z,usb,1,3612849267,216872,55519232,256,8000,31.690
2026-07-23T01:59:59.278Z,usb,1,3612849267,216873,55519488,256,8000,31.690
2026-07-23T01:59:59.310Z,usb,1,3612849267,216874,55519744,256,8000,31.690
2026-07-23T01:59:59.342Z,usb,1,3612849267,216875,55520000,256,8000,31.690
2026-07-23T01:59:59.374Z,usb,1,3612849267,216876,55520256,256,8000,31.690
2026-07-23T01:59:59.406Z,usb,1,3612849267,216877,55520512,256,8000,31.690
2026-07-23T01:59:59.438Z,usb,1,3612849267,216878,55520768,256,8000,31.690
2026-07-23T01:59:59.470Z,usb,1,3612849267,216879,55521024,256,8000,31.690
2026-07-23T01:59:59.502Z,usb,1,3612849267,216880,55521280,256,8000,31.690
2026-07-23T01:59:59.534Z,usb,1,3612849267,216881,55521536,256,8000,31.690
2026-07-23T01:59:59.566Z,usb,1,3612849267,216882,55521792,256,8000,31.690
2026-07-23T01:59:59.598Z,usb,1,3612849267,216883,55522048,256,8000,31.690
2026-07-23T01:59:59.630Z,usb,1,3612849267,216884,55522304,256,8000,31.690
2026-07-23T01:59:59.662Z,usb,1,3612849267,216885,55522560,256,8000,31.690
2026-07-23T01:59:59.694Z,usb,1,3612849267,216886,55522816,256,8000,31.690
2026-07-23T01:59:59.726Z,usb,1,3612849267,216887,55523072,256,8000,31.690
2026-07-23T01:59:59.757Z,usb,1,3612849267,216888,55523328,256,8000,31.690
2026-07-23T01:59:59.789Z,usb,1,3612849267,216889,55523584,256,8000,31.690
2026-07-23T01:59:59.821Z,usb,1,3612849267,216890,55523840,256,8000,31.690
2026-07-23T01:59:59.853Z,usb,1,3612849267,216891,55524096,256,8000,31.690
2026-07-23T01:59:59.885Z,usb,1,3612849267,216892,55524352,256,8000,31.690
2026-07-23T01:59:59.917Z,usb,1,3612849267,216893,55524608,256,8000,31.690
2026-07-23T01:59:59.950Z,usb,1,3612849267,216894,55524864,256,8000,31.690
2026-07-23T01:59:59.982Z,usb,1,3612849267,216895,55525120,256,8000,31.690
2026-07-23T02:00:00.014Z,usb,1,3612849267,216896,55525376,256,8000,31.690
2026-07-23T02:00:00.045Z,usb,1,3612849267,216897,55525632,256,8000,31.690
2026-07-23T02:00:00.077Z,usb,1,3612849267,216898,55525888,256,8000,31.690
2026-07-23T02:00:00.109Z,usb,1,3612849267,216899,55526144,256,8000,31.690
2026-07-23T02:00:00.142Z,usb,1,3612849267,216900,55526400,256,8000,31.690
2026-07-23T02:00:00.174Z,usb,1,3612849267,216901,55526656,256,8000,31.690
2026-07-23T02:00:00.206Z,usb,1,3612849267,216902,55526912,256,8000,31.690
2026-07-23T02:00:00.238Z,usb,1,3612849267,216903,55527168,256,8000,31.690
2026-07-23T02:00:00.270Z,usb,1,3612849267,216904,55527424,256,8000,31.690
2026-07-23T02:00:00.302Z,usb,1,3612849267,216905,55527680,256,8000,31.690
2026-07-23T02:00:00.334Z,usb,1,3612849267,216906,55527936,256,8000,31.690
2026-07-23T02:00:00.366Z,usb,1,3612849267,216907,55528192,256,8000,31.690
2026-07-23T02:00:00.398Z,usb,1,3612849267,216908,55528448,256,8000,31.690
2026-07-23T02:00:00.429Z,usb,1,3612849267,216909,55528704,256,8000,31.690
2026-07-23T02:00:00.462Z,usb,1,3612849267,216910,55528960,256,8000,31.690
2026-07-23T02:00:00.494Z,usb,1,3612849267,216911,55529216,256,8000,31.690
2026-07-23T02:00:00.526Z,usb,1,3612849267,216912,55529472,256,8000,31.690
2026-07-23T02:00:00.558Z,usb,1,3612849267,216913,55529728,256,8000,31.690
2026-07-23T02:00:00.590Z,usb,1,3612849267,216914,55529984,256,8000,31.690
2026-07-23T02:00:00.622Z,usb,1,3612849267,216915,55530240,256,8000,31.690
2026-07-23T02:00:00.654Z,usb,1,3612849267,216916,55530496,256,8000,31.690
2026-07-23T02:00:00.686Z,usb,1,3612849267,216917,55530752,256,8000,31.690
2026-07-23T02:00:00.717Z,usb,1,3612849267,216918,55531008,256,8000,31.690
2026-07-23T02:00:00.750Z,usb,1,3612849267,216919,55531264,256,8000,31.690
2026-07-23T02:00:00.781Z,usb,1,3612849267,216920,55531520,256,8000,31.690
2026-07-23T02:00:00.813Z,usb,1,3612849267,216921,55531776,256,8000,31.690
2026-07-23T02:00:00.846Z,usb,1,3612849267,216922,55532032,256,8000,31.690
2026-07-23T02:00:00.878Z,usb,1,3612849267,216923,55532288,256,8000,31.690
2026-07-23T02:00:00.910Z,usb,1,3612849267,216924,55532544,256,8000,31.690
2026-07-23T02:00:00.942Z,usb,1,3612849267,216925,55532800,256,8000,31.690
2026-07-23T02:00:00.974Z,usb,1,3612849267,216926,55533056,256,8000,31.690
2026-07-23T02:00:01.006Z,usb,1,3612849267,216927,55533312,256,8000,31.690
2026-07-23T02:00:01.038Z,usb,1,3612849267,216928,55533568,256,8000,31.690
2026-07-23T02:00:01.070Z,usb,1,3612849267,216929,55533824,256,8000,31.690
2026-07-23T02:00:01.102Z,usb,1,3612849267,216930,55534080,256,8000,31.690
2026-07-23T02:00:01.134Z,usb,1,3612849267,216931,55534336,256,8000,31.690
2026-07-23T02:00:01.166Z,usb,1,3612849267,216932,55534592,256,8000,31.690
2026-07-23T02:00:01.198Z,usb,1,3612849267,216933,55534848,256,8000,31.690
2026-07-23T02:00:01.230Z,usb,1,3612849267,216934,55535104,256,8000,31.690
2026-07-23T02:00:01.262Z,usb,1,3612849267,216935,55535360,256,8000,31.690
2026-07-23T02:00:01.294Z,usb,1,3612849267,216936,55535616,256,8000,31.690
2026-07-23T02:00:01.326Z,usb,1,3612849267,216937,55535872,256,8000,31.690
2026-07-23T02:00:01.358Z,usb,1,3612849267,216938,55536128,256,8000,31.690
2026-07-23T02:00:01.390Z,usb,1,3612849267,216939,55536384,256,8000,31.690
2026-07-23T02:00:01.422Z,usb,1,3612849267,216940,55536640,256,8000,31.690
2026-07-23T02:00:01.454Z,usb,1,3612849267,216941,55536896,256,8000,31.690
2026-07-23T02:00:01.486Z,usb,1,3612849267,216942,55537152,256,8000,31.690
2026-07-23T02:00:01.518Z,usb,1,3612849267,216943,55537408,256,8000,31.690
2026-07-23T02:00:01.550Z,usb,1,3612849267,216944,55537664,256,8000,31.690
2026-07-23T02:00:01.582Z,usb,1,3612849267,216945,55537920,256,8000,31.690
2026-07-23T02:00:01.614Z,usb,1,3612849267,216946,55538176,256,8000,31.690
2026-07-23T02:00:01.646Z,usb,1,3612849267,216947,55538432,256,8000,31.690
2026-07-23T02:00:01.678Z,usb,1,3612849267,216948,55538688,256,8000,31.690
2026-07-23T02:00:01.710Z,usb,1,3612849267,216949,55538944,256,8000,31.690
2026-07-23T02:00:01.742Z,usb,1,3612849267,216950,55539200,256,8000,31.690
2026-07-23T02:00:01.774Z,usb,1,3612849267,216951,55539456,256,8000,31.690
2026-07-23T02:00:01.806Z,usb,1,3612849267,216952,55539712,256,8000,31.690
2026-07-23T02:00:01.838Z,usb,1,3612849267,216953,55539968,256,8000,31.690
2026-07-23T02:00:01.870Z,usb,1,3612849267,216954,55540224,256,8000,31.690
2026-07-23T02:00:01.902Z,usb,1,3612849267,216955,55540480,256,8000,31.690
2026-07-23T02:00:01.934Z,usb,1,3612849267,216956,55540736,256,8000,31.690
2026-07-23T02:00:01.966Z,usb,1,3612849267,216957,55540992,256,8000,31.690
2026-07-23T02:00:01.998Z,usb,1,3612849267,216958,55541248,256,8000,31.690
2026-07-23T02:00:02.030Z,usb,1,3612849267,216959,55541504,256,8000,31.690
2026-07-23T02:00:02.062Z,usb,1,3612849267,216960,55541760,256,8000,31.690
2026-07-23T02:00:02.094Z,usb,1,3612849267,216961,55542016,256,8000,31.690
2026-07-23T02:00:02.126Z,usb,1,3612849267,216962,55542272,256,8000,31.690
2026-07-23T02:00:02.158Z,usb,1,3612849267,216963,55542528,256,8000,31.690
2026-07-23T02:00:02.191Z,usb,1,3612849267,216964,55542784,256,8000,31.690
2026-07-23T02:00:02.222Z,usb,1,3612849267,216965,55543040,256,8000,31.690
2026-07-23T02:00:02.254Z,usb,1,3612849267,216966,55543296,256,8000,31.690
2026-07-23T02:00:02.286Z,usb,1,3612849267,216967,55543552,256,8000,31.690
2026-07-23T02:00:02.318Z,usb,1,3612849267,216968,55543808,256,8000,31.690
2026-07-23T02:00:02.350Z,usb,1,3612849267,216969,55544064,256,8000,31.690
2026-07-23T02:00:02.382Z,usb,1,3612849267,216970,55544320,256,8000,31.690
2026-07-23T02:00:02.414Z,usb,1,3612849267,216971,55544576,256,8000,31.690
2026-07-23T02:00:02.446Z,usb,1,3612849267,216972,55544832,256,8000,31.690
2026-07-23T02:00:02.478Z,usb,1,3612849267,216973,55545088,256,8000,31.690
2026-07-23T02:00:02.510Z,usb,1,3612849267,216974,55545344,256,8000,31.690
2026-07-23T02:00:02.542Z,usb,1,3612849267,216975,55545600,256,8000,31.690
2026-07-23T02:00:02.574Z,usb,1,3612849267,216976,55545856,256,8000,31.690
2026-07-23T02:00:02.606Z,usb,1,3612849267,216977,55546112,256,8000,31.690
2026-07-23T02:00:02.638Z,usb,1,3612849267,216978,55546368,256,8000,31.690
2026-07-23T02:00:02.670Z,usb,1,3612849267,216979,55546624,256,8000,31.690
2026-07-23T02:00:02.702Z,usb,1,3612849267,216980,55546880,256,8000,31.690
2026-07-23T02:00:02.734Z,usb,1,3612849267,216981,55547136,256,8000,31.690
2026-07-23T02:00:02.766Z,usb,1,3612849267,216982,55547392,256,8000,31.690
2026-07-23T02:00:02.798Z,usb,1,3612849267,216983,55547648,256,8000,31.690
2026-07-23T02:00:02.830Z,usb,1,3612849267,216984,55547904,256,8000,31.690
2026-07-23T02:00:02.862Z,usb,1,3612849267,216985,55548160,256,8000,31.690
2026-07-23T02:00:02.894Z,usb,1,3612849267,216986,55548416,256,8000,31.690
2026-07-23T02:00:02.926Z,usb,1,3612849267,216987,55548672,256,8000,31.690
2026-07-23T02:00:02.958Z,usb,1,3612849267,216988,55548928,256,8000,31.690
2026-07-23T02:00:02.990Z,usb,1,3612849267,216989,55549184,256,8000,31.690
2026-07-23T02:00:03.022Z,usb,1,3612849267,216990,55549440,256,8000,31.690
2026-07-23T02:00:03.054Z,usb,1,3612849267,216991,55549696,256,8000,31.690
2026-07-23T02:00:03.086Z,usb,1,3612849267,216992,55549952,256,8000,31.690
2026-07-23T02:00:03.118Z,usb,1,3612849267,216993,55550208,256,8000,31.690
2026-07-23T02:00:03.150Z,usb,1,3612849267,216994,55550464,256,8000,31.690
2026-07-23T02:00:03.182Z,usb,1,3612849267,216995,55550720,256,8000,31.690
2026-07-23T02:00:03.214Z,usb,1,3612849267,216996,55550976,256,8000,31.690
2026-07-23T02:00:03.246Z,usb,1,3612849267,216997,55551232,256,8000,31.690
2026-07-23T02:00:03.277Z,usb,1,3612849267,216998,55551488,256,8000,31.690
2026-07-23T02:00:03.309Z,usb,1,3612849267,216999,55551744,256,8000,31.690
2026-07-23T02:00:03.342Z,usb,1,3612849267,217000,55552000,256,8000,31.690
2026-07-23T02:00:03.374Z,usb,1,3612849267,217001,55552256,256,8000,31.690
2026-07-23T02:00:03.406Z,usb,1,3612849267,217002,55552512,256,8000,31.690
2026-07-23T02:00:03.438Z,usb,1,3612849267,217003,55552768,256,8000,31.690
2026-07-23T02:00:03.470Z,usb,1,3612849267,217004,55553024,256,8000,31.690
2026-07-23T02:00:03.502Z,usb,1,3612849267,217005,55553280,256,8000,31.690
2026-07-23T02:00:03.534Z,usb,1,3612849267,217006,55553536,256,8000,31.690
2026-07-23T02:00:03.566Z,usb,1,3612849267,217007,55553792,256,8000,31.690
2026-07-23T02:00:03.598Z,usb,1,3612849267,217008,55554048,256,8000,31.690
2026-07-23T02:00:03.630Z,usb,1,3612849267,217009,55554304,256,8000,31.690
2026-07-23T02:00:03.662Z,usb,1,3612849267,217010,55554560,256,8000,31.690
2026-07-23T02:00:03.694Z,usb,1,3612849267,217011,55554816,256,8000,31.690
2026-07-23T02:00:03.726Z,usb,1,3612849267,217012,55555072,256,8000,31.690
2026-07-23T02:00:03.758Z,usb,1,3612849267,217013,55555328,256,8000,31.690
2026-07-23T02:00:03.790Z,usb,1,3612849267,217014,55555584,256,8000,31.690
2026-07-23T02:00:03.822Z,usb,1,3612849267,217015,55555840,256,8000,31.690
2026-07-23T02:00:03.854Z,usb,1,3612849267,217016,55556096,256,8000,31.690
2026-07-23T02:00:03.886Z,usb,1,3612849267,217017,55556352,256,8000,31.690
2026-07-23T02:00:03.918Z,usb,1,3612849267,217018,55556608,256,8000,31.690
2026-07-23T02:00:03.950Z,usb,1,3612849267,217019,55556864,256,8000,31.690
2026-07-23T02:00:03.982Z,usb,1,3612849267,217020,55557120,256,8000,31.690
2026-07-23T02:00:04.014Z,usb,1,3612849267,217021,55557376,256,8000,31.690
2026-07-23T02:00:04.046Z,usb,1,3612849267,217022,55557632,256,8000,31.690
2026-07-23T02:00:04.078Z,usb,1,3612849267,217023,55557888,256,8000,31.690
2026-07-23T02:00:04.109Z,usb,1,3612849267,217024,55558144,256,8000,31.690
2026-07-23T02:00:04.142Z,usb,1,3612849267,217025,55558400,256,8000,31.690
2026-07-23T02:00:04.174Z,usb,1,3612849267,217026,55558656,256,8000,31.690
2026-07-23T02:00:04.206Z,usb,1,3612849267,217027,55558912,256,8000,31.690
2026-07-23T02:00:04.238Z,usb,1,3612849267,217028,55559168,256,8000,31.680
2026-07-23T02:00:04.270Z,usb,1,3612849267,217029,55559424,256,8000,31.680
2026-07-23T02:00:04.302Z,usb,1,3612849267,217030,55559680,256,8000,31.680
2026-07-23T02:00:04.334Z,usb,1,3612849267,217031,55559936,256,8000,31.680
2026-07-23T02:00:04.366Z,usb,1,3612849267,217032,55560192,256,8000,31.680
2026-07-23T02:00:04.398Z,usb,1,3612849267,217033,55560448,256,8000,31.680
2026-07-23T02:00:04.430Z,usb,1,3612849267,217034,55560704,256,8000,31.680
2026-07-23T02:00:04.462Z,usb,1,3612849267,217035,55560960,256,8000,31.680
2026-07-23T02:00:04.494Z,usb,1,3612849267,217036,55561216,256,8000,31.680
2026-07-23T02:00:04.526Z,usb,1,3612849267,217037,55561472,256,8000,31.680
2026-07-23T02:00:04.558Z,usb,1,3612849267,217038,55561728,256,8000,31.680
2026-07-23T02:00:04.590Z,usb,1,3612849267,217039,55561984,256,8000,31.680
2026-07-23T02:00:04.622Z,usb,1,3612849267,217040,55562240,256,8000,31.680
2026-07-23T02:00:04.654Z,usb,1,3612849267,217041,55562496,256,8000,31.680
2026-07-23T02:00:04.686Z,usb,1,3612849267,217042,55562752,256,8000,31.680
2026-07-23T02:00:04.718Z,usb,1,3612849267,217043,55563008,256,8000,31.680
2026-07-23T02:00:04.752Z,usb,1,3612849267,217044,55563264,256,8000,31.680
2026-07-23T02:00:04.781Z,usb,1,3612849267,217045,55563520,256,8000,31.680
2026-07-23T02:00:04.813Z,usb,1,3612849267,217046,55563776,256,8000,31.680
2026-07-23T02:00:04.845Z,usb,1,3612849267,217047,55564032,256,8000,31.680
2026-07-23T02:00:04.877Z,usb,1,3612849267,217048,55564288,256,8000,31.680
2026-07-23T02:00:04.909Z,usb,1,3612849267,217049,55564544,256,8000,31.680
2026-07-23T02:00:04.941Z,usb,1,3612849267,217050,55564800,256,8000,31.680
2026-07-23T02:00:04.973Z,usb,1,3612849267,217051,55565056,256,8000,31.680
2026-07-23T02:00:05.005Z,usb,1,3612849267,217052,55565312,256,8000,31.680
2026-07-23T02:00:05.038Z,usb,1,3612849267,217053,55565568,256,8000,31.680
2026-07-23T02:00:05.070Z,usb,1,3612849267,217054,55565824,256,8000,31.680
2026-07-23T02:00:05.102Z,usb,1,3612849267,217055,55566080,256,8000,31.680
2026-07-23T02:00:05.134Z,usb,1,3612849267,217056,55566336,256,8000,31.680
2026-07-23T02:00:05.166Z,usb,1,3612849267,217057,55566592,256,8000,31.680
2026-07-23T02:00:05.197Z,usb,1,3612849267,217058,55566848,256,8000,31.680
2026-07-23T02:00:05.230Z,usb,1,3612849267,217059,55567104,256,8000,31.680
2026-07-23T02:00:05.262Z,usb,1,3612849267,217060,55567360,256,8000,31.680
2026-07-23T02:00:05.294Z,usb,1,3612849267,217061,55567616,256,8000,31.680
2026-07-23T02:00:05.326Z,usb,1,3612849267,217062,55567872,256,8000,31.680
2026-07-23T02:00:05.358Z,usb,1,3612849267,217063,55568128,256,8000,31.680
2026-07-23T02:00:05.390Z,usb,1,3612849267,217064,55568384,256,8000,31.680
2026-07-23T02:00:05.422Z,usb,1,3612849267,217065,55568640,256,8000,31.680
2026-07-23T02:00:05.454Z,usb,1,3612849267,217066,55568896,256,8000,31.680
2026-07-23T02:00:05.486Z,usb,1,3612849267,217067,55569152,256,8000,31.680
2026-07-23T02:00:05.518Z,usb,1,3612849267,217068,55569408,256,8000,31.680
2026-07-23T02:00:05.550Z,usb,1,3612849267,217069,55569664,256,8000,31.680
2026-07-23T02:00:05.582Z,usb,1,3612849267,217070,55569920,256,8000,31.680
2026-07-23T02:00:05.614Z,usb,1,3612849267,217071,55570176,256,8000,31.680
2026-07-23T02:00:05.646Z,usb,1,3612849267,217072,55570432,256,8000,31.680
2026-07-23T02:00:05.678Z,usb,1,3612849267,217073,55570688,256,8000,31.680
2026-07-23T02:00:05.710Z,usb,1,3612849267,217074,55570944,256,8000,31.680
2026-07-23T02:00:05.742Z,usb,1,3612849267,217075,55571200,256,8000,31.680
2026-07-23T02:00:05.774Z,usb,1,3612849267,217076,55571456,256,8000,31.680
2026-07-23T02:00:05.806Z,usb,1,3612849267,217077,55571712,256,8000,31.680
2026-07-23T02:00:05.838Z,usb,1,3612849267,217078,55571968,256,8000,31.680
2026-07-23T02:00:05.870Z,usb,1,3612849267,217079,55572224,256,8000,31.680
2026-07-23T02:00:05.902Z,usb,1,3612849267,217080,55572480,256,8000,31.680
2026-07-23T02:00:05.935Z,usb,1,3612849267,217081,55572736,256,8000,31.680
2026-07-23T02:00:05.966Z,usb,1,3612849267,217082,55572992,256,8000,31.680
2026-07-23T02:00:05.998Z,usb,1,3612849267,217083,55573248,256,8000,31.680
2026-07-23T02:00:06.030Z,usb,1,3612849267,217084,55573504,256,8000,31.680
2026-07-23T02:00:06.062Z,usb,1,3612849267,217085,55573760,256,8000,31.680
2026-07-23T02:00:06.094Z,usb,1,3612849267,217086,55574016,256,8000,31.680
2026-07-23T02:00:06.126Z,usb,1,3612849267,217087,55574272,256,8000,31.680
2026-07-23T02:00:06.158Z,usb,1,3612849267,217088,55574528,256,8000,31.680
2026-07-23T02:00:06.189Z,usb,1,3612849267,217089,55574784,256,8000,31.680
2026-07-23T02:00:06.222Z,usb,1,3612849267,217090,55575040,256,8000,31.680
2026-07-23T02:00:06.254Z,usb,1,3612849267,217091,55575296,256,8000,31.680
2026-07-23T02:00:06.286Z,usb,1,3612849267,217092,55575552,256,8000,31.690
2026-07-23T02:00:06.318Z,usb,1,3612849267,217093,55575808,256,8000,31.690
2026-07-23T02:00:06.350Z,usb,1,3612849267,217094,55576064,256,8000,31.690
2026-07-23T02:00:06.382Z,usb,1,3612849267,217095,55576320,256,8000,31.690
2026-07-23T02:00:06.414Z,usb,1,3612849267,217096,55576576,256,8000,31.690
2026-07-23T02:00:06.446Z,usb,1,3612849267,217097,55576832,256,8000,31.690
2026-07-23T02:00:06.478Z,usb,1,3612849267,217098,55577088,256,8000,31.690
2026-07-23T02:00:06.509Z,usb,1,3612849267,217099,55577344,256,8000,31.690
2026-07-23T02:00:06.541Z,usb,1,3612849267,217100,55577600,256,8000,31.690
2026-07-23T02:00:06.574Z,usb,1,3612849267,217101,55577856,256,8000,31.690
2026-07-23T02:00:06.606Z,usb,1,3612849267,217102,55578112,256,8000,31.690
2026-07-23T02:00:06.638Z,usb,1,3612849267,217103,55578368,256,8000,31.690
2026-07-23T02:00:06.670Z,usb,1,3612849267,217104,55578624,256,8000,31.690
2026-07-23T02:00:06.702Z,usb,1,3612849267,217105,55578880,256,8000,31.690
2026-07-23T02:00:06.734Z,usb,1,3612849267,217106,55579136,256,8000,31.690
2026-07-23T02:00:06.766Z,usb,1,3612849267,217107,55579392,256,8000,31.690
2026-07-23T02:00:06.798Z,usb,1,3612849267,217108,55579648,256,8000,31.690
2026-07-23T02:00:06.830Z,usb,1,3612849267,217109,55579904,256,8000,31.690
2026-07-23T02:00:06.862Z,usb,1,3612849267,217110,55580160,256,8000,31.690
2026-07-23T02:00:06.894Z,usb,1,3612849267,217111,55580416,256,8000,31.690
2026-07-23T02:00:06.926Z,usb,1,3612849267,217112,55580672,256,8000,31.690
2026-07-23T02:00:06.958Z,usb,1,3612849267,217113,55580928,256,8000,31.690
2026-07-23T02:00:06.990Z,usb,1,3612849267,217114,55581184,256,8000,31.690
2026-07-23T02:00:07.022Z,usb,1,3612849267,217115,55581440,256,8000,31.690
2026-07-23T02:00:07.054Z,usb,1,3612849267,217116,55581696,256,8000,31.690
2026-07-23T02:00:07.086Z,usb,1,3612849267,217117,55581952,256,8000,31.690
2026-07-23T02:00:07.118Z,usb,1,3612849267,217118,55582208,256,8000,31.690
2026-07-23T02:00:07.150Z,usb,1,3612849267,217119,55582464,256,8000,31.690
2026-07-23T02:00:07.182Z,usb,1,3612849267,217120,55582720,256,8000,31.690
2026-07-23T02:00:07.214Z,usb,1,3612849267,217121,55582976,256,8000,31.690
2026-07-23T02:00:07.246Z,usb,1,3612849267,217122,55583232,256,8000,31.690
2026-07-23T02:00:07.278Z,usb,1,3612849267,217123,55583488,256,8000,31.690
2026-07-23T02:00:07.310Z,usb,1,3612849267,217124,55583744,256,8000,31.690
2026-07-23T02:00:07.342Z,usb,1,3612849267,217125,55584000,256,8000,31.690
2026-07-23T02:00:07.374Z,usb,1,3612849267,217126,55584256,256,8000,31.690
2026-07-23T02:00:07.406Z,usb,1,3612849267,217127,55584512,256,8000,31.690
2026-07-23T02:00:07.438Z,usb,1,3612849267,217128,55584768,256,8000,31.690
2026-07-23T02:00:07.470Z,usb,1,3612849267,217129,55585024,256,8000,31.690
2026-07-23T02:00:07.502Z,usb,1,3612849267,217130,55585280,256,8000,31.690
2026-07-23T02:00:07.534Z,usb,1,3612849267,217131,55585536,256,8000,31.690
2026-07-23T02:00:07.566Z,usb,1,3612849267,217132,55585792,256,8000,31.690
2026-07-23T02:00:07.598Z,usb,1,3612849267,217133,55586048,256,8000,31.690
2026-07-23T02:00:07.630Z,usb,1,3612849267,217134,55586304,256,8000,31.690
2026-07-23T02:00:07.662Z,usb,1,3612849267,217135,55586560,256,8000,31.690
2026-07-23T02:00:07.694Z,usb,1,3612849267,217136,55586816,256,8000,31.690
2026-07-23T02:00:07.726Z,usb,1,3612849267,217137,55587072,256,8000,31.690
2026-07-23T02:00:07.758Z,usb,1,3612849267,217138,55587328,256,8000,31.690
2026-07-23T02:00:07.790Z,usb,1,3612849267,217139,55587584,256,8000,31.690
2026-07-23T02:00:07.822Z,usb,1,3612849267,217140,55587840,256,8000,31.690
2026-07-23T02:00:07.854Z,usb,1,3612849267,217141,55588096,256,8000,31.690
2026-07-23T02:00:07.886Z,usb,1,3612849267,217142,55588352,256,8000,31.690
2026-07-23T02:00:07.918Z,usb,1,3612849267,217143,55588608,256,8000,31.690
2026-07-23T02:00:07.950Z,usb,1,3612849267,217144,55588864,256,8000,31.690
2026-07-23T02:00:07.982Z,usb,1,3612849267,217145,55589120,256,8000,31.690
2026-07-23T02:00:08.014Z,usb,1,3612849267,217146,55589376,256,8000,31.690
2026-07-23T02:00:08.046Z,usb,1,3612849267,217147,55589632,256,8000,31.690
2026-07-23T02:00:08.078Z,usb,1,3612849267,217148,55589888,256,8000,31.690
2026-07-23T02:00:08.110Z,usb,1,3612849267,217149,55590144,256,8000,31.690
2026-07-23T02:00:08.142Z,usb,1,3612849267,217150,55590400,256,8000,31.690
2026-07-23T02:00:08.174Z,usb,1,3612849267,217151,55590656,256,8000,31.690
2026-07-23T02:00:08.206Z,usb,1,3612849267,217152,55590912,256,8000,31.690
2026-07-23T02:00:08.238Z,usb,1,3612849267,217153,55591168,256,8000,31.690
2026-07-23T02:00:08.270Z,usb,1,3612849267,217154,55591424,256,8000,31.690
2026-07-23T02:00:08.302Z,usb,1,3612849267,217155,55591680,256,8000,31.690
2026-07-23T02:00:08.334Z,usb,1,3612849267,217156,55591936,256,8000,31.680
2026-07-23T02:00:08.366Z,usb,1,3612849267,217157,55592192,256,8000,31.680
2026-07-23T02:00:08.398Z,usb,1,3612849267,217158,55592448,256,8000,31.680
2026-07-23T02:00:08.430Z,usb,1,3612849267,217159,55592704,256,8000,31.680
2026-07-23T02:00:08.462Z,usb,1,3612849267,217160,55592960,256,8000,31.680
2026-07-23T02:00:08.494Z,usb,1,3612849267,217161,55593216,256,8000,31.680
2026-07-23T02:00:08.526Z,usb,1,3612849267,217162,55593472,256,8000,31.680
2026-07-23T02:00:08.558Z,usb,1,3612849267,217163,55593728,256,8000,31.680
2026-07-23T02:00:08.590Z,usb,1,3612849267,217164,55593984,256,8000,31.680
2026-07-23T02:00:08.622Z,usb,1,3612849267,217165,55594240,256,8000,31.680
2026-07-23T02:00:08.654Z,usb,1,3612849267,217166,55594496,256,8000,31.680
2026-07-23T02:00:08.686Z,usb,1,3612849267,217167,55594752,256,8000,31.680
2026-07-23T02:00:08.718Z,usb,1,3612849267,217168,55595008,256,8000,31.680
2026-07-23T02:00:08.750Z,usb,1,3612849267,217169,55595264,256,8000,31.680
2026-07-23T02:00:08.782Z,usb,1,3612849267,217170,55595520,256,8000,31.680
2026-07-23T02:00:08.814Z,usb,1,3612849267,217171,55595776,256,8000,31.680
2026-07-23T02:00:08.846Z,usb,1,3612849267,217172,55596032,256,8000,31.680
2026-07-23T02:00:08.878Z,usb,1,3612849267,217173,55596288,256,8000,31.680
2026-07-23T02:00:08.910Z,usb,1,3612849267,217174,55596544,256,8000,31.680
2026-07-23T02:00:08.942Z,usb,1,3612849267,217175,55596800,256,8000,31.680
2026-07-23T02:00:08.974Z,usb,1,3612849267,217176,55597056,256,8000,31.680
2026-07-23T02:00:09.006Z,usb,1,3612849267,217177,55597312,256,8000,31.680
2026-07-23T02:00:09.038Z,usb,1,3612849267,217178,55597568,256,8000,31.680
2026-07-23T02:00:09.070Z,usb,1,3612849267,217179,55597824,256,8000,31.680
2026-07-23T02:00:09.102Z,usb,1,3612849267,217180,55598080,256,8000,31.680
2026-07-23T02:00:09.134Z,usb,1,3612849267,217181,55598336,256,8000,31.680
2026-07-23T02:00:09.166Z,usb,1,3612849267,217182,55598592,256,8000,31.680
2026-07-23T02:00:09.198Z,usb,1,3612849267,217183,55598848,256,8000,31.680
2026-07-23T02:00:09.230Z,usb,1,3612849267,217184,55599104,256,8000,31.680
2026-07-23T02:00:09.262Z,usb,1,3612849267,217185,55599360,256,8000,31.680
2026-07-23T02:00:09.294Z,usb,1,3612849267,217186,55599616,256,8000,31.680
2026-07-23T02:00:09.326Z,usb,1,3612849267,217187,55599872,256,8000,31.680
2026-07-23T02:00:09.358Z,usb,1,3612849267,217188,55600128,256,8000,31.690
2026-07-23T02:00:09.390Z,usb,1,3612849267,217189,55600384,256,8000,31.690
2026-07-23T02:00:09.422Z,usb,1,3612849267,217190,55600640,256,8000,31.690
2026-07-23T02:00:09.454Z,usb,1,3612849267,217191,55600896,256,8000,31.690
2026-07-23T02:00:09.486Z,usb,1,3612849267,217192,55601152,256,8000,31.690
2026-07-23T02:00:09.518Z,usb,1,3612849267,217193,55601408,256,8000,31.690
2026-07-23T02:00:09.550Z,usb,1,3612849267,217194,55601664,256,8000,31.690
2026-07-23T02:00:09.582Z,usb,1,3612849267,217195,55601920,256,8000,31.690
2026-07-23T02:00:09.614Z,usb,1,3612849267,217196,55602176,256,8000,31.690
2026-07-23T02:00:09.646Z,usb,1,3612849267,217197,55602432,256,8000,31.690
2026-07-23T02:00:09.678Z,usb,1,3612849267,217198,55602688,256,8000,31.690
2026-07-23T02:00:09.709Z,usb,1,3612849267,217199,55602944,256,8000,31.690
2026-07-23T02:00:09.742Z,usb,1,3612849267,217200,55603200,256,8000,31.690
2026-07-23T02:00:09.773Z,usb,1,3612849267,217201,55603456,256,8000,31.690
2026-07-23T02:00:09.806Z,usb,1,3612849267,217202,55603712,256,8000,31.690
2026-07-23T02:00:09.838Z,usb,1,3612849267,217203,55603968,256,8000,31.690
2026-07-23T02:00:09.870Z,usb,1,3612849267,217204,55604224,256,8000,31.690
2026-07-23T02:00:09.902Z,usb,1,3612849267,217205,55604480,256,8000,31.690
2026-07-23T02:00:09.934Z,usb,1,3612849267,217206,55604736,256,8000,31.690
2026-07-23T02:00:09.966Z,usb,1,3612849267,217207,55604992,256,8000,31.690
2026-07-23T02:00:09.998Z,usb,1,3612849267,217208,55605248,256,8000,31.690
2026-07-23T02:00:10.030Z,usb,1,3612849267,217209,55605504,256,8000,31.690
2026-07-23T02:00:10.062Z,usb,1,3612849267,217210,55605760,256,8000,31.690
2026-07-23T02:00:10.094Z,usb,1,3612849267,217211,55606016,256,8000,31.690
2026-07-23T02:00:10.126Z,usb,1,3612849267,217212,55606272,256,8000,31.690
2026-07-23T02:00:10.158Z,usb,1,3612849267,217213,55606528,256,8000,31.690
2026-07-23T02:00:10.190Z,usb,1,3612849267,217214,55606784,256,8000,31.690
2026-07-23T02:00:10.222Z,usb,1,3612849267,217215,55607040,256,8000,31.690
2026-07-23T02:00:10.254Z,usb,1,3612849267,217216,55607296,256,8000,31.690
2026-07-23T02:00:10.286Z,usb,1,3612849267,217217,55607552,256,8000,31.690
2026-07-23T02:00:10.318Z,usb,1,3612849267,217218,55607808,256,8000,31.690
2026-07-23T02:00:10.350Z,usb,1,3612849267,217219,55608064,256,8000,31.690
2026-07-23T02:00:10.382Z,usb,1,3612849267,217220,55608320,256,8000,31.680
2026-07-23T02:00:10.414Z,usb,1,3612849267,217221,55608576,256,8000,31.680
2026-07-23T02:00:10.446Z,usb,1,3612849267,217222,55608832,256,8000,31.680
2026-07-23T02:00:10.478Z,usb,1,3612849267,217223,55609088,256,8000,31.680
2026-07-23T02:00:10.510Z,usb,1,3612849267,217224,55609344,256,8000,31.680
2026-07-23T02:00:10.542Z,usb,1,3612849267,217225,55609600,256,8000,31.680
2026-07-23T02:00:10.574Z,usb,1,3612849267,217226,55609856,256,8000,31.680
2026-07-23T02:00:10.606Z,usb,1,3612849267,217227,55610112,256,8000,31.680
2026-07-23T02:00:10.638Z,usb,1,3612849267,217228,55610368,256,8000,31.680
2026-07-23T02:00:10.670Z,usb,1,3612849267,217229,55610624,256,8000,31.680
2026-07-23T02:00:10.702Z,usb,1,3612849267,217230,55610880,256,8000,31.680
2026-07-23T02:00:10.734Z,usb,1,3612849267,217231,55611136,256,8000,31.680
2026-07-23T02:00:10.766Z,usb,1,3612849267,217232,55611392,256,8000,31.680
2026-07-23T02:00:10.798Z,usb,1,3612849267,217233,55611648,256,8000,31.680
2026-07-23T02:00:10.830Z,usb,1,3612849267,217234,55611904,256,8000,31.680
2026-07-23T02:00:10.862Z,usb,1,3612849267,217235,55612160,256,8000,31.680
2026-07-23T02:00:10.894Z,usb,1,3612849267,217236,55612416,256,8000,31.680
2026-07-23T02:00:10.926Z,usb,1,3612849267,217237,55612672,256,8000,31.680
2026-07-23T02:00:10.958Z,usb,1,3612849267,217238,55612928,256,8000,31.680
2026-07-23T02:00:10.990Z,usb,1,3612849267,217239,55613184,256,8000,31.680
2026-07-23T02:00:11.022Z,usb,1,3612849267,217240,55613440,256,8000,31.680
2026-07-23T02:00:11.054Z,usb,1,3612849267,217241,55613696,256,8000,31.680
2026-07-23T02:00:11.086Z,usb,1,3612849267,217242,55613952,256,8000,31.680
2026-07-23T02:00:11.118Z,usb,1,3612849267,217243,55614208,256,8000,31.680
2026-07-23T02:00:11.150Z,usb,1,3612849267,217244,55614464,256,8000,31.680
2026-07-23T02:00:11.182Z,usb,1,3612849267,217245,55614720,256,8000,31.680
2026-07-23T02:00:11.214Z,usb,1,3612849267,217246,55614976,256,8000,31.680
2026-07-23T02:00:11.246Z,usb,1,3612849267,217247,55615232,256,8000,31.680
2026-07-23T02:00:11.278Z,usb,1,3612849267,217248,55615488,256,8000,31.680
2026-07-23T02:00:11.310Z,usb,1,3612849267,217249,55615744,256,8000,31.680
2026-07-23T02:00:11.342Z,usb,1,3612849267,217250,55616000,256,8000,31.680
2026-07-23T02:00:11.374Z,usb,1,3612849267,217251,55616256,256,8000,31.680
2026-07-23T02:00:11.406Z,usb,1,3612849267,217252,55616512,256,8000,31.680
2026-07-23T02:00:11.438Z,usb,1,3612849267,217253,55616768,256,8000,31.680
2026-07-23T02:00:11.470Z,usb,1,3612849267,217254,55617024,256,8000,31.680
2026-07-23T02:00:11.502Z,usb,1,3612849267,217255,55617280,256,8000,31.680
2026-07-23T02:00:11.534Z,usb,1,3612849267,217256,55617536,256,8000,31.680
2026-07-23T02:00:11.566Z,usb,1,3612849267,217257,55617792,256,8000,31.680
2026-07-23T02:00:11.598Z,usb,1,3612849267,217258,55618048,256,8000,31.680
2026-07-23T02:00:11.630Z,usb,1,3612849267,217259,55618304,256,8000,31.680
2026-07-23T02:00:11.662Z,usb,1,3612849267,217260,55618560,256,8000,31.680
2026-07-23T02:00:11.694Z,usb,1,3612849267,217261,55618816,256,8000,31.680
2026-07-23T02:00:11.726Z,usb,1,3612849267,217262,55619072,256,8000,31.680
2026-07-23T02:00:11.758Z,usb,1,3612849267,217263,55619328,256,8000,31.680
2026-07-23T02:00:11.790Z,usb,1,3612849267,217264,55619584,256,8000,31.680
2026-07-23T02:00:11.822Z,usb,1,3612849267,217265,55619840,256,8000,31.680
2026-07-23T02:00:11.854Z,usb,1,3612849267,217266,55620096,256,8000,31.680
2026-07-23T02:00:11.886Z,usb,1,3612849267,217267,55620352,256,8000,31.680
2026-07-23T02:00:11.918Z,usb,1,3612849267,217268,55620608,256,8000,31.680
2026-07-23T02:00:11.950Z,usb,1,3612849267,217269,55620864,256,8000,31.680
2026-07-23T02:00:11.982Z,usb,1,3612849267,217270,55621120,256,8000,31.680
2026-07-23T02:00:12.014Z,usb,1,3612849267,217271,55621376,256,8000,31.680
2026-07-23T02:00:12.046Z,usb,1,3612849267,217272,55621632,256,8000,31.680
2026-07-23T02:00:12.078Z,usb,1,3612849267,217273,55621888,256,8000,31.680
2026-07-23T02:00:12.110Z,usb,1,3612849267,217274,55622144,256,8000,31.680
2026-07-23T02:00:12.142Z,usb,1,3612849267,217275,55622400,256,8000,31.680
2026-07-23T02:00:12.174Z,usb,1,3612849267,217276,55622656,256,8000,31.680
2026-07-23T02:00:12.206Z,usb,1,3612849267,217277,55622912,256,8000,31.680
2026-07-23T02:00:12.238Z,usb,1,3612849267,217278,55623168,256,8000,31.680
2026-07-23T02:00:12.270Z,usb,1,3612849267,217279,55623424,256,8000,31.680
2026-07-23T02:00:12.302Z,usb,1,3612849267,217280,55623680,256,8000,31.680
2026-07-23T02:00:12.334Z,usb,1,3612849267,217281,55623936,256,8000,31.680
2026-07-23T02:00:12.366Z,usb,1,3612849267,217282,55624192,256,8000,31.680
2026-07-23T02:00:12.398Z,usb,1,3612849267,217283,55624448,256,8000,31.680
2026-07-23T02:00:12.430Z,usb,1,3612849267,217284,55624704,256,8000,31.680
2026-07-23T02:00:12.462Z,usb,1,3612849267,217285,55624960,256,8000,31.680
2026-07-23T02:00:12.494Z,usb,1,3612849267,217286,55625216,256,8000,31.680
2026-07-23T02:00:12.526Z,usb,1,3612849267,217287,55625472,256,8000,31.680
2026-07-23T02:00:12.558Z,usb,1,3612849267,217288,55625728,256,8000,31.680
2026-07-23T02:00:12.590Z,usb,1,3612849267,217289,55625984,256,8000,31.680
2026-07-23T02:00:12.622Z,usb,1,3612849267,217290,55626240,256,8000,31.680
2026-07-23T02:00:12.654Z,usb,1,3612849267,217291,55626496,256,8000,31.680
2026-07-23T02:00:12.686Z,usb,1,3612849267,217292,55626752,256,8000,31.680
2026-07-23T02:00:12.718Z,usb,1,3612849267,217293,55627008,256,8000,31.680
2026-07-23T02:00:12.750Z,usb,1,3612849267,217294,55627264,256,8000,31.680
2026-07-23T02:00:12.782Z,usb,1,3612849267,217295,55627520,256,8000,31.680
2026-07-23T02:00:12.813Z,usb,1,3612849267,217296,55627776,256,8000,31.680
2026-07-23T02:00:12.845Z,usb,1,3612849267,217297,55628032,256,8000,31.680
2026-07-23T02:00:12.877Z,usb,1,3612849267,217298,55628288,256,8000,31.680
2026-07-23T02:00:12.909Z,usb,1,3612849267,217299,55628544,256,8000,31.680
2026-07-23T02:00:12.941Z,usb,1,3612849267,217300,55628800,256,8000,31.680
2026-07-23T02:00:12.973Z,usb,1,3612849267,217301,55629056,256,8000,31.680
2026-07-23T02:00:13.006Z,usb,1,3612849267,217302,55629312,256,8000,31.680
2026-07-23T02:00:13.038Z,usb,1,3612849267,217303,55629568,256,8000,31.680
2026-07-23T02:00:13.070Z,usb,1,3612849267,217304,55629824,256,8000,31.680
2026-07-23T02:00:13.102Z,usb,1,3612849267,217305,55630080,256,8000,31.680
2026-07-23T02:00:13.134Z,usb,1,3612849267,217306,55630336,256,8000,31.680
2026-07-23T02:00:13.166Z,usb,1,3612849267,217307,55630592,256,8000,31.680
2026-07-23T02:00:13.198Z,usb,1,3612849267,217308,55630848,256,8000,31.680
2026-07-23T02:00:13.230Z,usb,1,3612849267,217309,55631104,256,8000,31.680
2026-07-23T02:00:13.262Z,usb,1,3612849267,217310,55631360,256,8000,31.680
2026-07-23T02:00:13.294Z,usb,1,3612849267,217311,55631616,256,8000,31.680
2026-07-23T02:00:13.326Z,usb,1,3612849267,217312,55631872,256,8000,31.680
2026-07-23T02:00:13.358Z,usb,1,3612849267,217313,55632128,256,8000,31.680
2026-07-23T02:00:13.390Z,usb,1,3612849267,217314,55632384,256,8000,31.680
2026-07-23T02:00:13.422Z,usb,1,3612849267,217315,55632640,256,8000,31.680
2026-07-23T02:00:13.454Z,usb,1,3612849267,217316,55632896,256,8000,31.680
2026-07-23T02:00:13.486Z,usb,1,3612849267,217317,55633152,256,8000,31.680
2026-07-23T02:00:13.518Z,usb,1,3612849267,217318,55633408,256,8000,31.680
2026-07-23T02:00:13.550Z,usb,1,3612849267,217319,55633664,256,8000,31.680
2026-07-23T02:00:13.582Z,usb,1,3612849267,217320,55633920,256,8000,31.680
2026-07-23T02:00:13.614Z,usb,1,3612849267,217321,55634176,256,8000,31.680
2026-07-23T02:00:13.646Z,usb,1,3612849267,217322,55634432,256,8000,31.680
2026-07-23T02:00:13.678Z,usb,1,3612849267,217323,55634688,256,8000,31.680
2026-07-23T02:00:13.710Z,usb,1,3612849267,217324,55634944,256,8000,31.680
2026-07-23T02:00:13.742Z,usb,1,3612849267,217325,55635200,256,8000,31.680
2026-07-23T02:00:13.774Z,usb,1,3612849267,217326,55635456,256,8000,31.680
2026-07-23T02:00:13.806Z,usb,1,3612849267,217327,55635712,256,8000,31.680
2026-07-23T02:00:13.838Z,usb,1,3612849267,217328,55635968,256,8000,31.680
2026-07-23T02:00:13.870Z,usb,1,3612849267,217329,55636224,256,8000,31.680
2026-07-23T02:00:13.902Z,usb,1,3612849267,217330,55636480,256,8000,31.680
2026-07-23T02:00:13.934Z,usb,1,3612849267,217331,55636736,256,8000,31.680
2026-07-23T02:00:13.966Z,usb,1,3612849267,217332,55636992,256,8000,31.680
2026-07-23T02:00:13.998Z,usb,1,3612849267,217333,55637248,256,8000,31.680
2026-07-23T02:00:14.030Z,usb,1,3612849267,217334,55637504,256,8000,31.680
2026-07-23T02:00:14.062Z,usb,1,3612849267,217335,55637760,256,8000,31.680
2026-07-23T02:00:14.094Z,usb,1,3612849267,217336,55638016,256,8000,31.680
2026-07-23T02:00:14.126Z,usb,1,3612849267,217337,55638272,256,8000,31.680
2026-07-23T02:00:14.158Z,usb,1,3612849267,217338,55638528,256,8000,31.680
2026-07-23T02:00:14.190Z,usb,1,3612849267,217339,55638784,256,8000,31.680
2026-07-23T02:00:14.222Z,usb,1,3612849267,217340,55639040,256,8000,31.680
2026-07-23T02:00:14.254Z,usb,1,3612849267,217341,55639296,256,8000,31.680
2026-07-23T02:00:14.286Z,usb,1,3612849267,217342,55639552,256,8000,31.680
2026-07-23T02:00:14.318Z,usb,1,3612849267,217343,55639808,256,8000,31.680
2026-07-23T02:00:14.350Z,usb,1,3612849267,217344,55640064,256,8000,31.680
2026-07-23T02:00:14.382Z,usb,1,3612849267,217345,55640320,256,8000,31.680
2026-07-23T02:00:14.414Z,usb,1,3612849267,217346,55640576,256,8000,31.680
2026-07-23T02:00:14.446Z,usb,1,3612849267,217347,55640832,256,8000,31.680
2026-07-23T02:00:14.478Z,usb,1,3612849267,217348,55641088,256,8000,31.680
2026-07-23T02:00:14.510Z,usb,1,3612849267,217349,55641344,256,8000,31.680
2026-07-23T02:00:14.542Z,usb,1,3612849267,217350,55641600,256,8000,31.680
2026-07-23T02:00:14.574Z,usb,1,3612849267,217351,55641856,256,8000,31.680
2026-07-23T02:00:14.606Z,usb,1,3612849267,217352,55642112,256,8000,31.680
2026-07-23T02:00:14.638Z,usb,1,3612849267,217353,55642368,256,8000,31.680
2026-07-23T02:00:14.670Z,usb,1,3612849267,217354,55642624,256,8000,31.680
2026-07-23T02:00:14.702Z,usb,1,3612849267,217355,55642880,256,8000,31.680
2026-07-23T02:00:14.734Z,usb,1,3612849267,217356,55643136,256,8000,31.680
2026-07-23T02:00:14.766Z,usb,1,3612849267,217357,55643392,256,8000,31.680
2026-07-23T02:00:14.798Z,usb,1,3612849267,217358,55643648,256,8000,31.680
2026-07-23T02:00:14.830Z,usb,1,3612849267,217359,55643904,256,8000,31.680
2026-07-23T02:00:14.862Z,usb,1,3612849267,217360,55644160,256,8000,31.680
2026-07-23T02:00:14.893Z,usb,1,3612849267,217361,55644416,256,8000,31.680
2026-07-23T02:00:14.926Z,usb,1,3612849267,217362,55644672,256,8000,31.680
2026-07-23T02:00:14.958Z,usb,1,3612849267,217363,55644928,256,8000,31.680
2026-07-23T02:00:14.990Z,usb,1,3612849267,217364,55645184,256,8000,31.680
2026-07-23T02:00:15.022Z,usb,1,3612849267,217365,55645440,256,8000,31.680
2026-07-23T02:00:15.054Z,usb,1,3612849267,217366,55645696,256,8000,31.680
2026-07-23T02:00:15.086Z,usb,1,3612849267,217367,55645952,256,8000,31.680
2026-07-23T02:00:15.118Z,usb,1,3612849267,217368,55646208,256,8000,31.680
2026-07-23T02:00:15.150Z,usb,1,3612849267,217369,55646464,256,8000,31.680
2026-07-23T02:00:15.182Z,usb,1,3612849267,217370,55646720,256,8000,31.680
2026-07-23T02:00:15.214Z,usb,1,3612849267,217371,55646976,256,8000,31.680
2026-07-23T02:00:15.246Z,usb,1,3612849267,217372,55647232,256,8000,31.680
2026-07-23T02:00:15.278Z,usb,1,3612849267,217373,55647488,256,8000,31.680
2026-07-23T02:00:15.310Z,usb,1,3612849267,217374,55647744,256,8000,31.680
2026-07-23T02:00:15.342Z,usb,1,3612849267,217375,55648000,256,8000,31.680
2026-07-23T02:00:15.374Z,usb,1,3612849267,217376,55648256,256,8000,31.680
2026-07-23T02:00:15.406Z,usb,1,3612849267,217377,55648512,256,8000,31.680
2026-07-23T02:00:15.440Z,usb,1,3612849267,217378,55648768,256,8000,31.680
2026-07-23T02:00:15.469Z,usb,1,3612849267,217379,55649024,256,8000,31.680
2026-07-23T02:00:15.502Z,usb,1,3612849267,217380,55649280,256,8000,31.680
2026-07-23T02:00:15.534Z,usb,1,3612849267,217381,55649536,256,8000,31.680
2026-07-23T02:00:15.566Z,usb,1,3612849267,217382,55649792,256,8000,31.680
2026-07-23T02:00:15.598Z,usb,1,3612849267,217383,55650048,256,8000,31.680
2026-07-23T02:00:15.630Z,usb,1,3612849267,217384,55650304,256,8000,31.680
2026-07-23T02:00:15.662Z,usb,1,3612849267,217385,55650560,256,8000,31.680
2026-07-23T02:00:15.694Z,usb,1,3612849267,217386,55650816,256,8000,31.680
2026-07-23T02:00:15.726Z,usb,1,3612849267,217387,55651072,256,8000,31.680
2026-07-23T02:00:15.758Z,usb,1,3612849267,217388,55651328,256,8000,31.680
2026-07-23T02:00:15.790Z,usb,1,3612849267,217389,55651584,256,8000,31.680
2026-07-23T02:00:15.822Z,usb,1,3612849267,217390,55651840,256,8000,31.680
2026-07-23T02:00:15.854Z,usb,1,3612849267,217391,55652096,256,8000,31.680
2026-07-23T02:00:15.886Z,usb,1,3612849267,217392,55652352,256,8000,31.680
2026-07-23T02:00:15.918Z,usb,1,3612849267,217393,55652608,256,8000,31.680
2026-07-23T02:00:15.950Z,usb,1,3612849267,217394,55652864,256,8000,31.680
2026-07-23T02:00:15.982Z,usb,1,3612849267,217395,55653120,256,8000,31.680
2026-07-23T02:00:16.014Z,usb,1,3612849267,217396,55653376,256,8000,31.680
2026-07-23T02:00:16.046Z,usb,1,3612849267,217397,55653632,256,8000,31.680
2026-07-23T02:00:16.078Z,usb,1,3612849267,217398,55653888,256,8000,31.680
2026-07-23T02:00:16.109Z,usb,1,3612849267,217399,55654144,256,8000,31.680
2026-07-23T02:00:16.141Z,usb,1,3612849267,217400,55654400,256,8000,31.680
2026-07-23T02:00:16.174Z,usb,1,3612849267,217401,55654656,256,8000,31.680
2026-07-23T02:00:16.206Z,usb,1,3612849267,217402,55654912,256,8000,31.680
2026-07-23T02:00:16.238Z,usb,1,3612849267,217403,55655168,256,8000,31.680
2026-07-23T02:00:16.270Z,usb,1,3612849267,217404,55655424,256,8000,31.680
2026-07-23T02:00:16.302Z,usb,1,3612849267,217405,55655680,256,8000,31.680
2026-07-23T02:00:16.334Z,usb,1,3612849267,217406,55655936,256,8000,31.680
2026-07-23T02:00:16.366Z,usb,1,3612849267,217407,55656192,256,8000,31.680
2026-07-23T02:00:16.398Z,usb,1,3612849267,217408,55656448,256,8000,31.680
2026-07-23T02:00:16.430Z,usb,1,3612849267,217409,55656704,256,8000,31.680
2026-07-23T02:00:16.462Z,usb,1,3612849267,217410,55656960,256,8000,31.680
2026-07-23T02:00:16.494Z,usb,1,3612849267,217411,55657216,256,8000,31.680
2026-07-23T02:00:16.526Z,usb,1,3612849267,217412,55657472,256,8000,31.680
2026-07-23T02:00:16.558Z,usb,1,3612849267,217413,55657728,256,8000,31.680
2026-07-23T02:00:16.590Z,usb,1,3612849267,217414,55657984,256,8000,31.680
2026-07-23T02:00:16.622Z,usb,1,3612849267,217415,55658240,256,8000,31.680
2026-07-23T02:00:16.654Z,usb,1,3612849267,217416,55658496,256,8000,31.680
2026-07-23T02:00:16.686Z,usb,1,3612849267,217417,55658752,256,8000,31.680
2026-07-23T02:00:16.718Z,usb,1,3612849267,217418,55659008,256,8000,31.680
2026-07-23T02:00:16.750Z,usb,1,3612849267,217419,55659264,256,8000,31.680
2026-07-23T02:00:16.782Z,usb,1,3612849267,217420,55659520,256,8000,31.680
2026-07-23T02:00:16.814Z,usb,1,3612849267,217421,55659776,256,8000,31.680
2026-07-23T02:00:16.846Z,usb,1,3612849267,217422,55660032,256,8000,31.680
2026-07-23T02:00:16.878Z,usb,1,3612849267,217423,55660288,256,8000,31.680
2026-07-23T02:00:16.910Z,usb,1,3612849267,217424,55660544,256,8000,31.680
2026-07-23T02:00:16.942Z,usb,1,3612849267,217425,55660800,256,8000,31.680
2026-07-23T02:00:16.974Z,usb,1,3612849267,217426,55661056,256,8000,31.680
2026-07-23T02:00:17.006Z,usb,1,3612849267,217427,55661312,256,8000,31.680
2026-07-23T02:00:17.038Z,usb,1,3612849267,217428,55661568,256,8000,31.680
2026-07-23T02:00:17.070Z,usb,1,3612849267,217429,55661824,256,8000,31.680
2026-07-23T02:00:17.102Z,usb,1,3612849267,217430,55662080,256,8000,31.680
2026-07-23T02:00:17.134Z,usb,1,3612849267,217431,55662336,256,8000,31.680
2026-07-23T02:00:17.166Z,usb,1,3612849267,217432,55662592,256,8000,31.680
2026-07-23T02:00:17.198Z,usb,1,3612849267,217433,55662848,256,8000,31.680
2026-07-23T02:00:17.230Z,usb,1,3612849267,217434,55663104,256,8000,31.680
2026-07-23T02:00:17.262Z,usb,1,3612849267,217435,55663360,256,8000,31.680
2026-07-23T02:00:17.294Z,usb,1,3612849267,217436,55663616,256,8000,31.680
2026-07-23T02:00:17.326Z,usb,1,3612849267,217437,55663872,256,8000,31.680
2026-07-23T02:00:17.358Z,usb,1,3612849267,217438,55664128,256,8000,31.680
2026-07-23T02:00:17.390Z,usb,1,3612849267,217439,55664384,256,8000,31.680
2026-07-23T02:00:17.422Z,usb,1,3612849267,217440,55664640,256,8000,31.680
2026-07-23T02:00:17.454Z,usb,1,3612849267,217441,55664896,256,8000,31.680
2026-07-23T02:00:17.486Z,usb,1,3612849267,217442,55665152,256,8000,31.680
2026-07-23T02:00:17.518Z,usb,1,3612849267,217443,55665408,256,8000,31.680
2026-07-23T02:00:17.550Z,usb,1,3612849267,217444,55665664,256,8000,31.690
2026-07-23T02:00:17.582Z,usb,1,3612849267,217445,55665920,256,8000,31.690
2026-07-23T02:00:17.614Z,usb,1,3612849267,217446,55666176,256,8000,31.690
2026-07-23T02:00:17.646Z,usb,1,3612849267,217447,55666432,256,8000,31.690
2026-07-23T02:00:17.678Z,usb,1,3612849267,217448,55666688,256,8000,31.690
2026-07-23T02:00:17.710Z,usb,1,3612849267,217449,55666944,256,8000,31.690
2026-07-23T02:00:17.742Z,usb,1,3612849267,217450,55667200,256,8000,31.690
2026-07-23T02:00:17.774Z,usb,1,3612849267,217451,55667456,256,8000,31.690
2026-07-23T02:00:17.806Z,usb,1,3612849267,217452,55667712,256,8000,31.690
2026-07-23T02:00:17.838Z,usb,1,3612849267,217453,55667968,256,8000,31.690
2026-07-23T02:00:17.870Z,usb,1,3612849267,217454,55668224,256,8000,31.690
2026-07-23T02:00:17.902Z,usb,1,3612849267,217455,55668480,256,8000,31.690
2026-07-23T02:00:17.934Z,usb,1,3612849267,217456,55668736,256,8000,31.690
2026-07-23T02:00:17.966Z,usb,1,3612849267,217457,55668992,256,8000,31.690
2026-07-23T02:00:17.998Z,usb,1,3612849267,217458,55669248,256,8000,31.690
2026-07-23T02:00:18.030Z,usb,1,3612849267,217459,55669504,256,8000,31.690
2026-07-23T02:00:18.062Z,usb,1,3612849267,217460,55669760,256,8000,31.690
2026-07-23T02:00:18.094Z,usb,1,3612849267,217461,55670016,256,8000,31.690
2026-07-23T02:00:18.126Z,usb,1,3612849267,217462,55670272,256,8000,31.690
2026-07-23T02:00:18.158Z,usb,1,3612849267,217463,55670528,256,8000,31.690
2026-07-23T02:00:18.190Z,usb,1,3612849267,217464,55670784,256,8000,31.690
2026-07-23T02:00:18.222Z,usb,1,3612849267,217465,55671040,256,8000,31.690
2026-07-23T02:00:18.254Z,usb,1,3612849267,217466,55671296,256,8000,31.690
2026-07-23T02:00:18.286Z,usb,1,3612849267,217467,55671552,256,8000,31.690
2026-07-23T02:00:18.318Z,usb,1,3612849267,217468,55671808,256,8000,31.690
2026-07-23T02:00:18.350Z,usb,1,3612849267,217469,55672064,256,8000,31.690
2026-07-23T02:00:18.382Z,usb,1,3612849267,217470,55672320,256,8000,31.690
2026-07-23T02:00:18.414Z,usb,1,3612849267,217471,55672576,256,8000,31.690
2026-07-23T02:00:18.446Z,usb,1,3612849267,217472,55672832,256,8000,31.690
2026-07-23T02:00:18.478Z,usb,1,3612849267,217473,55673088,256,8000,31.690
2026-07-23T02:00:18.510Z,usb,1,3612849267,217474,55673344,256,8000,31.690
2026-07-23T02:00:18.542Z,usb,1,3612849267,217475,55673600,256,8000,31.690
2026-07-23T02:00:18.574Z,usb,1,3612849267,217476,55673856,256,8000,31.680
2026-07-23T02:00:18.606Z,usb,1,3612849267,217477,55674112,256,8000,31.680
2026-07-23T02:00:18.638Z,usb,1,3612849267,217478,55674368,256,8000,31.680
2026-07-23T02:00:18.670Z,usb,1,3612849267,217479,55674624,256,8000,31.680
2026-07-23T02:00:18.702Z,usb,1,3612849267,217480,55674880,256,8000,31.680
2026-07-23T02:00:18.734Z,usb,1,3612849267,217481,55675136,256,8000,31.680
2026-07-23T02:00:18.766Z,usb,1,3612849267,217482,55675392,256,8000,31.680
2026-07-23T02:00:18.798Z,usb,1,3612849267,217483,55675648,256,8000,31.680
2026-07-23T02:00:18.830Z,usb,1,3612849267,217484,55675904,256,8000,31.680
2026-07-23T02:00:18.862Z,usb,1,3612849267,217485,55676160,256,8000,31.680
2026-07-23T02:00:18.894Z,usb,1,3612849267,217486,55676416,256,8000,31.680
2026-07-23T02:00:18.926Z,usb,1,3612849267,217487,55676672,256,8000,31.680
2026-07-23T02:00:18.958Z,usb,1,3612849267,217488,55676928,256,8000,31.680
2026-07-23T02:00:18.990Z,usb,1,3612849267,217489,55677184,256,8000,31.680
2026-07-23T02:00:19.022Z,usb,1,3612849267,217490,55677440,256,8000,31.680
2026-07-23T02:00:19.054Z,usb,1,3612849267,217491,55677696,256,8000,31.680
2026-07-23T02:00:19.086Z,usb,1,3612849267,217492,55677952,256,8000,31.680
2026-07-23T02:00:19.118Z,usb,1,3612849267,217493,55678208,256,8000,31.680
2026-07-23T02:00:19.150Z,usb,1,3612849267,217494,55678464,256,8000,31.680
2026-07-23T02:00:19.182Z,usb,1,3612849267,217495,55678720,256,8000,31.680
2026-07-23T02:00:19.214Z,usb,1,3612849267,217496,55678976,256,8000,31.680
2026-07-23T02:00:19.246Z,usb,1,3612849267,217497,55679232,256,8000,31.680
2026-07-23T02:00:19.277Z,usb,1,3612849267,217498,55679488,256,8000,31.680
2026-07-23T02:00:19.309Z,usb,1,3612849267,217499,55679744,256,8000,31.680
2026-07-23T02:00:19.342Z,usb,1,3612849267,217500,55680000,256,8000,31.680
2026-07-23T02:00:19.374Z,usb,1,3612849267,217501,55680256,256,8000,31.680
2026-07-23T02:00:19.406Z,usb,1,3612849267,217502,55680512,256,8000,31.680
2026-07-23T02:00:19.438Z,usb,1,3612849267,217503,55680768,256,8000,31.680
2026-07-23T02:00:19.470Z,usb,1,3612849267,217504,55681024,256,8000,31.680
2026-07-23T02:00:19.502Z,usb,1,3612849267,217505,55681280,256,8000,31.680
2026-07-23T02:00:19.534Z,usb,1,3612849267,217506,55681536,256,8000,31.680
2026-07-23T02:00:19.566Z,usb,1,3612849267,217507,55681792,256,8000,31.680
2026-07-23T02:00:19.598Z,usb,1,3612849267,217508,55682048,256,8000,31.680
2026-07-23T02:00:19.630Z,usb,1,3612849267,217509,55682304,256,8000,31.680
2026-07-23T02:00:19.662Z,usb,1,3612849267,217510,55682560,256,8000,31.680
2026-07-23T02:00:19.694Z,usb,1,3612849267,217511,55682816,256,8000,31.680
2026-07-23T02:00:19.726Z,usb,1,3612849267,217512,55683072,256,8000,31.680
2026-07-23T02:00:19.758Z,usb,1,3612849267,217513,55683328,256,8000,31.680
2026-07-23T02:00:19.790Z,usb,1,3612849267,217514,55683584,256,8000,31.680
2026-07-23T02:00:19.822Z,usb,1,3612849267,217515,55683840,256,8000,31.680
2026-07-23T02:00:19.854Z,usb,1,3612849267,217516,55684096,256,8000,31.680
2026-07-23T02:00:19.886Z,usb,1,3612849267,217517,55684352,256,8000,31.680
2026-07-23T02:00:19.918Z,usb,1,3612849267,217518,55684608,256,8000,31.680
2026-07-23T02:00:19.950Z,usb,1,3612849267,217519,55684864,256,8000,31.680
2026-07-23T02:00:19.982Z,usb,1,3612849267,217520,55685120,256,8000,31.680
2026-07-23T02:00:20.014Z,usb,1,3612849267,217521,55685376,256,8000,31.680
2026-07-23T02:00:20.046Z,usb,1,3612849267,217522,55685632,256,8000,31.680
2026-07-23T02:00:20.078Z,usb,1,3612849267,217523,55685888,256,8000,31.680
2026-07-23T02:00:20.110Z,usb,1,3612849267,217524,55686144,256,8000,31.680
2026-07-23T02:00:20.142Z,usb,1,3612849267,217525,55686400,256,8000,31.680
2026-07-23T02:00:20.174Z,usb,1,3612849267,217526,55686656,256,8000,31.680
2026-07-23T02:00:20.206Z,usb,1,3612849267,217527,55686912,256,8000,31.680
2026-07-23T02:00:20.238Z,usb,1,3612849267,217528,55687168,256,8000,31.680
2026-07-23T02:00:20.270Z,usb,1,3612849267,217529,55687424,256,8000,31.680
2026-07-23T02:00:20.302Z,usb,1,3612849267,217530,55687680,256,8000,31.680
2026-07-23T02:00:20.334Z,usb,1,3612849267,217531,55687936,256,8000,31.680
2026-07-23T02:00:20.365Z,usb,1,3612849267,217532,55688192,256,8000,31.680
2026-07-23T02:00:20.398Z,usb,1,3612849267,217533,55688448,256,8000,31.680
2026-07-23T02:00:20.429Z,usb,1,3612849267,217534,55688704,256,8000,31.680
2026-07-23T02:00:20.462Z,usb,1,3612849267,217535,55688960,256,8000,31.680
2026-07-23T02:00:20.494Z,usb,1,3612849267,217536,55689216,256,8000,31.680
2026-07-23T02:00:20.526Z,usb,1,3612849267,217537,55689472,256,8000,31.680
2026-07-23T02:00:20.558Z,usb,1,3612849267,217538,55689728,256,8000,31.680
2026-07-23T02:00:20.590Z,usb,1,3612849267,217539,55689984,256,8000,31.680
2026-07-23T02:00:20.623Z,usb,1,3612849267,217540,55690240,256,8000,31.680
2026-07-23T02:00:20.654Z,usb,1,3612849267,217541,55690496,256,8000,31.680
2026-07-23T02:00:20.686Z,usb,1,3612849267,217542,55690752,256,8000,31.680
2026-07-23T02:00:20.717Z,usb,1,3612849267,217543,55691008,256,8000,31.680
2026-07-23T02:00:20.750Z,usb,1,3612849267,217544,55691264,256,8000,31.680
2026-07-23T02:00:20.782Z,usb,1,3612849267,217545,55691520,256,8000,31.680
2026-07-23T02:00:20.814Z,usb,1,3612849267,217546,55691776,256,8000,31.680
2026-07-23T02:00:20.846Z,usb,1,3612849267,217547,55692032,256,8000,31.680
2026-07-23T02:00:20.878Z,usb,1,3612849267,217548,55692288,256,8000,31.680
2026-07-23T02:00:20.910Z,usb,1,3612849267,217549,55692544,256,8000,31.680
2026-07-23T02:00:20.942Z,usb,1,3612849267,217550,55692800,256,8000,31.680
2026-07-23T02:00:20.974Z,usb,1,3612849267,217551,55693056,256,8000,31.680
2026-07-23T02:00:21.006Z,usb,1,3612849267,217552,55693312,256,8000,31.680
2026-07-23T02:00:21.038Z,usb,1,3612849267,217553,55693568,256,8000,31.680
2026-07-23T02:00:21.070Z,usb,1,3612849267,217554,55693824,256,8000,31.680
2026-07-23T02:00:21.102Z,usb,1,3612849267,217555,55694080,256,8000,31.680
2026-07-23T02:00:21.134Z,usb,1,3612849267,217556,55694336,256,8000,31.680
2026-07-23T02:00:21.166Z,usb,1,3612849267,217557,55694592,256,8000,31.680
2026-07-23T02:00:21.198Z,usb,1,3612849267,217558,55694848,256,8000,31.680
2026-07-23T02:00:21.230Z,usb,1,3612849267,217559,55695104,256,8000,31.680
2026-07-23T02:00:21.262Z,usb,1,3612849267,217560,55695360,256,8000,31.680
2026-07-23T02:00:21.294Z,usb,1,3612849267,217561,55695616,256,8000,31.680
2026-07-23T02:00:21.326Z,usb,1,3612849267,217562,55695872,256,8000,31.680
2026-07-23T02:00:21.358Z,usb,1,3612849267,217563,55696128,256,8000,31.680
2026-07-23T02:00:21.390Z,usb,1,3612849267,217564,55696384,256,8000,31.680
2026-07-23T02:00:21.422Z,usb,1,3612849267,217565,55696640,256,8000,31.680
2026-07-23T02:00:21.454Z,usb,1,3612849267,217566,55696896,256,8000,31.680
2026-07-23T02:00:21.486Z,usb,1,3612849267,217567,55697152,256,8000,31.680
2026-07-23T02:00:21.518Z,usb,1,3612849267,217568,55697408,256,8000,31.680
2026-07-23T02:00:21.550Z,usb,1,3612849267,217569,55697664,256,8000,31.680
2026-07-23T02:00:21.582Z,usb,1,3612849267,217570,55697920,256,8000,31.680
2026-07-23T02:00:21.614Z,usb,1,3612849267,217571,55698176,256,8000,31.680
2026-07-23T02:00:21.646Z,usb,1,3612849267,217572,55698432,256,8000,31.690
2026-07-23T02:00:21.678Z,usb,1,3612849267,217573,55698688,256,8000,31.690
2026-07-23T02:00:21.710Z,usb,1,3612849267,217574,55698944,256,8000,31.690
2026-07-23T02:00:21.742Z,usb,1,3612849267,217575,55699200,256,8000,31.690
2026-07-23T02:00:21.774Z,usb,1,3612849267,217576,55699456,256,8000,31.690
2026-07-23T02:00:21.806Z,usb,1,3612849267,217577,55699712,256,8000,31.690
2026-07-23T02:00:21.838Z,usb,1,3612849267,217578,55699968,256,8000,31.690
2026-07-23T02:00:21.870Z,usb,1,3612849267,217579,55700224,256,8000,31.690
2026-07-23T02:00:21.902Z,usb,1,3612849267,217580,55700480,256,8000,31.690
2026-07-23T02:00:21.934Z,usb,1,3612849267,217581,55700736,256,8000,31.690
2026-07-23T02:00:21.966Z,usb,1,3612849267,217582,55700992,256,8000,31.690
2026-07-23T02:00:21.998Z,usb,1,3612849267,217583,55701248,256,8000,31.690
2026-07-23T02:00:22.030Z,usb,1,3612849267,217584,55701504,256,8000,31.690
2026-07-23T02:00:22.062Z,usb,1,3612849267,217585,55701760,256,8000,31.690
2026-07-23T02:00:22.094Z,usb,1,3612849267,217586,55702016,256,8000,31.690
2026-07-23T02:00:22.126Z,usb,1,3612849267,217587,55702272,256,8000,31.690
2026-07-23T02:00:22.158Z,usb,1,3612849267,217588,55702528,256,8000,31.690
2026-07-23T02:00:22.190Z,usb,1,3612849267,217589,55702784,256,8000,31.690
2026-07-23T02:00:22.222Z,usb,1,3612849267,217590,55703040,256,8000,31.690
2026-07-23T02:00:22.254Z,usb,1,3612849267,217591,55703296,256,8000,31.690
2026-07-23T02:00:22.286Z,usb,1,3612849267,217592,55703552,256,8000,31.690
2026-07-23T02:00:22.318Z,usb,1,3612849267,217593,55703808,256,8000,31.690
2026-07-23T02:00:22.350Z,usb,1,3612849267,217594,55704064,256,8000,31.690
2026-07-23T02:00:22.382Z,usb,1,3612849267,217595,55704320,256,8000,31.690
2026-07-23T02:00:22.414Z,usb,1,3612849267,217596,55704576,256,8000,31.690
2026-07-23T02:00:22.446Z,usb,1,3612849267,217597,55704832,256,8000,31.690
2026-07-23T02:00:22.478Z,usb,1,3612849267,217598,55705088,256,8000,31.690
2026-07-23T02:00:22.509Z,usb,1,3612849267,217599,55705344,256,8000,31.690
2026-07-23T02:00:22.541Z,usb,1,3612849267,217600,55705600,256,8000,31.690
2026-07-23T02:00:22.574Z,usb,1,3612849267,217601,55705856,256,8000,31.690
2026-07-23T02:00:22.606Z,usb,1,3612849267,217602,55706112,256,8000,31.690
2026-07-23T02:00:22.638Z,usb,1,3612849267,217603,55706368,256,8000,31.690
2026-07-23T02:00:22.670Z,usb,1,3612849267,217604,55706624,256,8000,31.680
2026-07-23T02:00:22.702Z,usb,1,3612849267,217605,55706880,256,8000,31.680
2026-07-23T02:00:22.734Z,usb,1,3612849267,217606,55707136,256,8000,31.680
2026-07-23T02:00:22.766Z,usb,1,3612849267,217607,55707392,256,8000,31.680
2026-07-23T02:00:22.798Z,usb,1,3612849267,217608,55707648,256,8000,31.680
2026-07-23T02:00:22.830Z,usb,1,3612849267,217609,55707904,256,8000,31.680
2026-07-23T02:00:22.862Z,usb,1,3612849267,217610,55708160,256,8000,31.680
2026-07-23T02:00:22.894Z,usb,1,3612849267,217611,55708416,256,8000,31.680
2026-07-23T02:00:22.926Z,usb,1,3612849267,217612,55708672,256,8000,31.680
2026-07-23T02:00:22.958Z,usb,1,3612849267,217613,55708928,256,8000,31.680
2026-07-23T02:00:22.990Z,usb,1,3612849267,217614,55709184,256,8000,31.680
2026-07-23T02:00:23.022Z,usb,1,3612849267,217615,55709440,256,8000,31.680
2026-07-23T02:00:23.054Z,usb,1,3612849267,217616,55709696,256,8000,31.680
2026-07-23T02:00:23.086Z,usb,1,3612849267,217617,55709952,256,8000,31.680
2026-07-23T02:00:23.118Z,usb,1,3612849267,217618,55710208,256,8000,31.680
2026-07-23T02:00:23.150Z,usb,1,3612849267,217619,55710464,256,8000,31.680
2026-07-23T02:00:23.182Z,usb,1,3612849267,217620,55710720,256,8000,31.680
2026-07-23T02:00:23.214Z,usb,1,3612849267,217621,55710976,256,8000,31.680
2026-07-23T02:00:23.246Z,usb,1,3612849267,217622,55711232,256,8000,31.680
2026-07-23T02:00:23.278Z,usb,1,3612849267,217623,55711488,256,8000,31.680
2026-07-23T02:00:23.310Z,usb,1,3612849267,217624,55711744,256,8000,31.680
2026-07-23T02:00:23.342Z,usb,1,3612849267,217625,55712000,256,8000,31.680
2026-07-23T02:00:23.373Z,usb,1,3612849267,217626,55712256,256,8000,31.680
2026-07-23T02:00:23.406Z,usb,1,3612849267,217627,55712512,256,8000,31.680
2026-07-23T02:00:23.438Z,usb,1,3612849267,217628,55712768,256,8000,31.680
2026-07-23T02:00:23.470Z,usb,1,3612849267,217629,55713024,256,8000,31.680
2026-07-23T02:00:23.501Z,usb,1,3612849267,217630,55713280,256,8000,31.680
2026-07-23T02:00:23.533Z,usb,1,3612849267,217631,55713536,256,8000,31.680
2026-07-23T02:00:23.566Z,usb,1,3612849267,217632,55713792,256,8000,31.680
2026-07-23T02:00:23.597Z,usb,1,3612849267,217633,55714048,256,8000,31.680
2026-07-23T02:00:23.630Z,usb,1,3612849267,217634,55714304,256,8000,31.680
2026-07-23T02:00:23.661Z,usb,1,3612849267,217635,55714560,256,8000,31.680
2026-07-23T02:00:23.694Z,usb,1,3612849267,217636,55714816,256,8000,31.680
2026-07-23T02:00:23.726Z,usb,1,3612849267,217637,55715072,256,8000,31.680
2026-07-23T02:00:23.758Z,usb,1,3612849267,217638,55715328,256,8000,31.680
2026-07-23T02:00:23.790Z,usb,1,3612849267,217639,55715584,256,8000,31.680
2026-07-23T02:00:23.822Z,usb,1,3612849267,217640,55715840,256,8000,31.680
2026-07-23T02:00:23.853Z,usb,1,3612849267,217641,55716096,256,8000,31.680
2026-07-23T02:00:23.886Z,usb,1,3612849267,217642,55716352,256,8000,31.680
2026-07-23T02:00:23.918Z,usb,1,3612849267,217643,55716608,256,8000,31.680
2026-07-23T02:00:23.950Z,usb,1,3612849267,217644,55716864,256,8000,31.680
2026-07-23T02:00:23.982Z,usb,1,3612849267,217645,55717120,256,8000,31.680
2026-07-23T02:00:24.014Z,usb,1,3612849267,217646,55717376,256,8000,31.680
2026-07-23T02:00:24.046Z,usb,1,3612849267,217647,55717632,256,8000,31.680
2026-07-23T02:00:24.078Z,usb,1,3612849267,217648,55717888,256,8000,31.680
2026-07-23T02:00:24.110Z,usb,1,3612849267,217649,55718144,256,8000,31.680
2026-07-23T02:00:24.142Z,usb,1,3612849267,217650,55718400,256,8000,31.680
2026-07-23T02:00:24.174Z,usb,1,3612849267,217651,55718656,256,8000,31.680
2026-07-23T02:00:24.206Z,usb,1,3612849267,217652,55718912,256,8000,31.680
2026-07-23T02:00:24.238Z,usb,1,3612849267,217653,55719168,256,8000,31.680
2026-07-23T02:00:24.270Z,usb,1,3612849267,217654,55719424,256,8000,31.680
2026-07-23T02:00:24.302Z,usb,1,3612849267,217655,55719680,256,8000,31.680
2026-07-23T02:00:24.334Z,usb,1,3612849267,217656,55719936,256,8000,31.680
2026-07-23T02:00:24.366Z,usb,1,3612849267,217657,55720192,256,8000,31.680
2026-07-23T02:00:24.398Z,usb,1,3612849267,217658,55720448,256,8000,31.680
2026-07-23T02:00:24.430Z,usb,1,3612849267,217659,55720704,256,8000,31.680
2026-07-23T02:00:24.462Z,usb,1,3612849267,217660,55720960,256,8000,31.680
2026-07-23T02:00:24.494Z,usb,1,3612849267,217661,55721216,256,8000,31.680
2026-07-23T02:00:24.526Z,usb,1,3612849267,217662,55721472,256,8000,31.680
2026-07-23T02:00:24.558Z,usb,1,3612849267,217663,55721728,256,8000,31.680
2026-07-23T02:00:24.590Z,usb,1,3612849267,217664,55721984,256,8000,31.680
2026-07-23T02:00:24.622Z,usb,1,3612849267,217665,55722240,256,8000,31.680
2026-07-23T02:00:24.654Z,usb,1,3612849267,217666,55722496,256,8000,31.680
2026-07-23T02:00:24.685Z,usb,1,3612849267,217667,55722752,256,8000,31.680
2026-07-23T02:00:24.718Z,usb,1,3612849267,217668,55723008,256,8000,31.680
2026-07-23T02:00:24.750Z,usb,1,3612849267,217669,55723264,256,8000,31.680
2026-07-23T02:00:24.782Z,usb,1,3612849267,217670,55723520,256,8000,31.680
2026-07-23T02:00:24.814Z,usb,1,3612849267,217671,55723776,256,8000,31.680
2026-07-23T02:00:24.846Z,usb,1,3612849267,217672,55724032,256,8000,31.680
2026-07-23T02:00:24.877Z,usb,1,3612849267,217673,55724288,256,8000,31.680
2026-07-23T02:00:24.910Z,usb,1,3612849267,217674,55724544,256,8000,31.680
2026-07-23T02:00:24.942Z,usb,1,3612849267,217675,55724800,256,8000,31.680
2026-07-23T02:00:24.973Z,usb,1,3612849267,217676,55725056,256,8000,31.680
2026-07-23T02:00:25.006Z,usb,1,3612849267,217677,55725312,256,8000,31.680
2026-07-23T02:00:25.037Z,usb,1,3612849267,217678,55725568,256,8000,31.680
2026-07-23T02:00:25.070Z,usb,1,3612849267,217679,55725824,256,8000,31.680
2026-07-23T02:00:25.102Z,usb,1,3612849267,217680,55726080,256,8000,31.680
2026-07-23T02:00:25.135Z,usb,1,3612849267,217681,55726336,256,8000,31.680
2026-07-23T02:00:25.166Z,usb,1,3612849267,217682,55726592,256,8000,31.680
2026-07-23T02:00:25.198Z,usb,1,3612849267,217683,55726848,256,8000,31.680
2026-07-23T02:00:25.230Z,usb,1,3612849267,217684,55727104,256,8000,31.680
2026-07-23T02:00:25.262Z,usb,1,3612849267,217685,55727360,256,8000,31.680
2026-07-23T02:00:25.294Z,usb,1,3612849267,217686,55727616,256,8000,31.680
2026-07-23T02:00:25.326Z,usb,1,3612849267,217687,55727872,256,8000,31.680
2026-07-23T02:00:25.358Z,usb,1,3612849267,217688,55728128,256,8000,31.680
2026-07-23T02:00:25.390Z,usb,1,3612849267,217689,55728384,256,8000,31.680
2026-07-23T02:00:25.422Z,usb,1,3612849267,217690,55728640,256,8000,31.680
2026-07-23T02:00:25.454Z,usb,1,3612849267,217691,55728896,256,8000,31.680
2026-07-23T02:00:25.486Z,usb,1,3612849267,217692,55729152,256,8000,31.680
2026-07-23T02:00:25.518Z,usb,1,3612849267,217693,55729408,256,8000,31.680
2026-07-23T02:00:25.550Z,usb,1,3612849267,217694,55729664,256,8000,31.680
2026-07-23T02:00:25.582Z,usb,1,3612849267,217695,55729920,256,8000,31.680
2026-07-23T02:00:25.613Z,usb,1,3612849267,217696,55730176,256,8000,31.680
2026-07-23T02:00:25.645Z,usb,1,3612849267,217697,55730432,256,8000,31.680
2026-07-23T02:00:25.677Z,usb,1,3612849267,217698,55730688,256,8000,31.680
2026-07-23T02:00:25.709Z,usb,1,3612849267,217699,55730944,256,8000,31.680
2026-07-23T02:00:25.742Z,usb,1,3612849267,217700,55731200,256,8000,31.680
2026-07-23T02:00:25.773Z,usb,1,3612849267,217701,55731456,256,8000,31.680
2026-07-23T02:00:25.806Z,usb,1,3612849267,217702,55731712,256,8000,31.680
2026-07-23T02:00:25.838Z,usb,1,3612849267,217703,55731968,256,8000,31.680
2026-07-23T02:00:25.870Z,usb,1,3612849267,217704,55732224,256,8000,31.680
2026-07-23T02:00:25.902Z,usb,1,3612849267,217705,55732480,256,8000,31.680
2026-07-23T02:00:25.934Z,usb,1,3612849267,217706,55732736,256,8000,31.680
2026-07-23T02:00:25.966Z,usb,1,3612849267,217707,55732992,256,8000,31.680
2026-07-23T02:00:25.998Z,usb,1,3612849267,217708,55733248,256,8000,31.680
2026-07-23T02:00:26.030Z,usb,1,3612849267,217709,55733504,256,8000,31.680
2026-07-23T02:00:26.062Z,usb,1,3612849267,217710,55733760,256,8000,31.680
2026-07-23T02:00:26.094Z,usb,1,3612849267,217711,55734016,256,8000,31.680
2026-07-23T02:00:26.126Z,usb,1,3612849267,217712,55734272,256,8000,31.680
2026-07-23T02:00:26.158Z,usb,1,3612849267,217713,55734528,256,8000,31.680
2026-07-23T02:00:26.190Z,usb,1,3612849267,217714,55734784,256,8000,31.680
2026-07-23T02:00:26.222Z,usb,1,3612849267,217715,55735040,256,8000,31.680
2026-07-23T02:00:26.254Z,usb,1,3612849267,217716,55735296,256,8000,31.680
2026-07-23T02:00:26.286Z,usb,1,3612849267,217717,55735552,256,8000,31.680
2026-07-23T02:00:26.318Z,usb,1,3612849267,217718,55735808,256,8000,31.680
2026-07-23T02:00:26.350Z,usb,1,3612849267,217719,55736064,256,8000,31.680
2026-07-23T02:00:26.382Z,usb,1,3612849267,217720,55736320,256,8000,31.680
2026-07-23T02:00:26.414Z,usb,1,3612849267,217721,55736576,256,8000,31.680
2026-07-23T02:00:26.446Z,usb,1,3612849267,217722,55736832,256,8000,31.680
2026-07-23T02:00:26.478Z,usb,1,3612849267,217723,55737088,256,8000,31.680
2026-07-23T02:00:26.510Z,usb,1,3612849267,217724,55737344,256,8000,31.680
2026-07-23T02:00:26.542Z,usb,1,3612849267,217725,55737600,256,8000,31.680
2026-07-23T02:00:26.574Z,usb,1,3612849267,217726,55737856,256,8000,31.680
2026-07-23T02:00:26.606Z,usb,1,3612849267,217727,55738112,256,8000,31.680
2026-07-23T02:00:26.638Z,usb,1,3612849267,217728,55738368,256,8000,31.680
2026-07-23T02:00:26.670Z,usb,1,3612849267,217729,55738624,256,8000,31.680
2026-07-23T02:00:26.702Z,usb,1,3612849267,217730,55738880,256,8000,31.680
2026-07-23T02:00:26.733Z,usb,1,3612849267,217731,55739136,256,8000,31.680
2026-07-23T02:00:26.766Z,usb,1,3612849267,217732,55739392,256,8000,31.680
2026-07-23T02:00:26.798Z,usb,1,3612849267,217733,55739648,256,8000,31.680
2026-07-23T02:00:26.830Z,usb,1,3612849267,217734,55739904,256,8000,31.680
2026-07-23T02:00:26.861Z,usb,1,3612849267,217735,55740160,256,8000,31.680
2026-07-23T02:00:26.893Z,usb,1,3612849267,217736,55740416,256,8000,31.680
2026-07-23T02:00:26.926Z,usb,1,3612849267,217737,55740672,256,8000,31.680
2026-07-23T02:00:26.958Z,usb,1,3612849267,217738,55740928,256,8000,31.680
2026-07-23T02:00:26.990Z,usb,1,3612849267,217739,55741184,256,8000,31.680
2026-07-23T02:00:27.022Z,usb,1,3612849267,217740,55741440,256,8000,31.680
2026-07-23T02:00:27.054Z,usb,1,3612849267,217741,55741696,256,8000,31.680
2026-07-23T02:00:27.086Z,usb,1,3612849267,217742,55741952,256,8000,31.680
2026-07-23T02:00:27.118Z,usb,1,3612849267,217743,55742208,256,8000,31.680
2026-07-23T02:00:27.150Z,usb,1,3612849267,217744,55742464,256,8000,31.680
2026-07-23T02:00:27.182Z,usb,1,3612849267,217745,55742720,256,8000,31.680
2026-07-23T02:00:27.214Z,usb,1,3612849267,217746,55742976,256,8000,31.680
2026-07-23T02:00:27.245Z,usb,1,3612849267,217747,55743232,256,8000,31.680
2026-07-23T02:00:27.278Z,usb,1,3612849267,217748,55743488,256,8000,31.680
2026-07-23T02:00:27.309Z,usb,1,3612849267,217749,55743744,256,8000,31.680
2026-07-23T02:00:27.342Z,usb,1,3612849267,217750,55744000,256,8000,31.680
2026-07-23T02:00:27.374Z,usb,1,3612849267,217751,55744256,256,8000,31.680
2026-07-23T02:00:27.406Z,usb,1,3612849267,217752,55744512,256,8000,31.680
2026-07-23T02:00:27.438Z,usb,1,3612849267,217753,55744768,256,8000,31.680
2026-07-23T02:00:27.470Z,usb,1,3612849267,217754,55745024,256,8000,31.680
2026-07-23T02:00:27.502Z,usb,1,3612849267,217755,55745280,256,8000,31.680
2026-07-23T02:00:27.534Z,usb,1,3612849267,217756,55745536,256,8000,31.680
2026-07-23T02:00:27.566Z,usb,1,3612849267,217757,55745792,256,8000,31.680
2026-07-23T02:00:27.598Z,usb,1,3612849267,217758,55746048,256,8000,31.680
2026-07-23T02:00:27.630Z,usb,1,3612849267,217759,55746304,256,8000,31.680
2026-07-23T02:00:27.662Z,usb,1,3612849267,217760,55746560,256,8000,31.680
2026-07-23T02:00:27.693Z,usb,1,3612849267,217761,55746816,256,8000,31.680
2026-07-23T02:00:27.726Z,usb,1,3612849267,217762,55747072,256,8000,31.680
2026-07-23T02:00:27.758Z,usb,1,3612849267,217763,55747328,256,8000,31.680
2026-07-23T02:00:27.790Z,usb,1,3612849267,217764,55747584,256,8000,31.680
2026-07-23T02:00:27.822Z,usb,1,3612849267,217765,55747840,256,8000,31.680
2026-07-23T02:00:27.854Z,usb,1,3612849267,217766,55748096,256,8000,31.680
2026-07-23T02:00:27.886Z,usb,1,3612849267,217767,55748352,256,8000,31.680
2026-07-23T02:00:27.918Z,usb,1,3612849267,217768,55748608,256,8000,31.680
2026-07-23T02:00:27.950Z,usb,1,3612849267,217769,55748864,256,8000,31.680
2026-07-23T02:00:27.982Z,usb,1,3612849267,217770,55749120,256,8000,31.680
2026-07-23T02:00:28.014Z,usb,1,3612849267,217771,55749376,256,8000,31.680
2026-07-23T02:00:28.046Z,usb,1,3612849267,217772,55749632,256,8000,31.680
2026-07-23T02:00:28.078Z,usb,1,3612849267,217773,55749888,256,8000,31.680
2026-07-23T02:00:28.110Z,usb,1,3612849267,217774,55750144,256,8000,31.680
2026-07-23T02:00:28.142Z,usb,1,3612849267,217775,55750400,256,8000,31.680
2026-07-23T02:00:28.174Z,usb,1,3612849267,217776,55750656,256,8000,31.680
2026-07-23T02:00:28.206Z,usb,1,3612849267,217777,55750912,256,8000,31.680
2026-07-23T02:00:28.238Z,usb,1,3612849267,217778,55751168,256,8000,31.680
2026-07-23T02:00:28.270Z,usb,1,3612849267,217779,55751424,256,8000,31.680
2026-07-23T02:00:28.301Z,usb,1,3612849267,217780,55751680,256,8000,31.680
2026-07-23T02:00:28.334Z,usb,1,3612849267,217781,55751936,256,8000,31.680
2026-07-23T02:00:28.366Z,usb,1,3612849267,217782,55752192,256,8000,31.680
2026-07-23T02:00:28.398Z,usb,1,3612849267,217783,55752448,256,8000,31.680
2026-07-23T02:00:28.430Z,usb,1,3612849267,217784,55752704,256,8000,31.680
2026-07-23T02:00:28.462Z,usb,1,3612849267,217785,55752960,256,8000,31.680
2026-07-23T02:00:28.494Z,usb,1,3612849267,217786,55753216,256,8000,31.680
2026-07-23T02:00:28.526Z,usb,1,3612849267,217787,55753472,256,8000,31.680
2026-07-23T02:00:28.558Z,usb,1,3612849267,217788,55753728,256,8000,31.680
2026-07-23T02:00:28.590Z,usb,1,3612849267,217789,55753984,256,8000,31.680
2026-07-23T02:00:28.622Z,usb,1,3612849267,217790,55754240,256,8000,31.680
2026-07-23T02:00:28.654Z,usb,1,3612849267,217791,55754496,256,8000,31.680
2026-07-23T02:00:28.686Z,usb,1,3612849267,217792,55754752,256,8000,31.680
2026-07-23T02:00:28.718Z,usb,1,3612849267,217793,55755008,256,8000,31.680
2026-07-23T02:00:28.750Z,usb,1,3612849267,217794,55755264,256,8000,31.680
2026-07-23T02:00:28.782Z,usb,1,3612849267,217795,55755520,256,8000,31.680
2026-07-23T02:00:28.814Z,usb,1,3612849267,217796,55755776,256,8000,31.680
2026-07-23T02:00:28.845Z,usb,1,3612849267,217797,55756032,256,8000,31.680
2026-07-23T02:00:28.878Z,usb,1,3612849267,217798,55756288,256,8000,31.680
2026-07-23T02:00:28.909Z,usb,1,3612849267,217799,55756544,256,8000,31.680
2026-07-23T02:00:28.942Z,usb,1,3612849267,217800,55756800,256,8000,31.680
2026-07-23T02:00:28.974Z,usb,1,3612849267,217801,55757056,256,8000,31.680
2026-07-23T02:00:29.006Z,usb,1,3612849267,217802,55757312,256,8000,31.680
2026-07-23T02:00:29.038Z,usb,1,3612849267,217803,55757568,256,8000,31.680
2026-07-23T02:00:29.070Z,usb,1,3612849267,217804,55757824,256,8000,31.680
2026-07-23T02:00:29.102Z,usb,1,3612849267,217805,55758080,256,8000,31.680
2026-07-23T02:00:29.133Z,usb,1,3612849267,217806,55758336,256,8000,31.680
2026-07-23T02:00:29.166Z,usb,1,3612849267,217807,55758592,256,8000,31.680
2026-07-23T02:00:29.198Z,usb,1,3612849267,217808,55758848,256,8000,31.680
2026-07-23T02:00:29.230Z,usb,1,3612849267,217809,55759104,256,8000,31.680
2026-07-23T02:00:29.262Z,usb,1,3612849267,217810,55759360,256,8000,31.680
2026-07-23T02:00:29.294Z,usb,1,3612849267,217811,55759616,256,8000,31.680
2026-07-23T02:00:29.326Z,usb,1,3612849267,217812,55759872,256,8000,31.680
2026-07-23T02:00:29.358Z,usb,1,3612849267,217813,55760128,256,8000,31.680
2026-07-23T02:00:29.390Z,usb,1,3612849267,217814,55760384,256,8000,31.680
2026-07-23T02:00:29.422Z,usb,1,3612849267,217815,55760640,256,8000,31.680
2026-07-23T02:00:29.453Z,usb,1,3612849267,217816,55760896,256,8000,31.680
2026-07-23T02:00:29.486Z,usb,1,3612849267,217817,55761152,256,8000,31.680
2026-07-23T02:00:29.518Z,usb,1,3612849267,217818,55761408,256,8000,31.680
2026-07-23T02:00:29.550Z,usb,1,3612849267,217819,55761664,256,8000,31.680
2026-07-23T02:00:29.582Z,usb,1,3612849267,217820,55761920,256,8000,31.680
2026-07-23T02:00:29.614Z,usb,1,3612849267,217821,55762176,256,8000,31.680
2026-07-23T02:00:29.646Z,usb,1,3612849267,217822,55762432,256,8000,31.680
2026-07-23T02:00:29.678Z,usb,1,3612849267,217823,55762688,256,8000,31.680
2026-07-23T02:00:29.710Z,usb,1,3612849267,217824,55762944,256,8000,31.680
2026-07-23T02:00:29.742Z,usb,1,3612849267,217825,55763200,256,8000,31.680
2026-07-23T02:00:29.774Z,usb,1,3612849267,217826,55763456,256,8000,31.680
2026-07-23T02:00:29.806Z,usb,1,3612849267,217827,55763712,256,8000,31.680
2026-07-23T02:00:29.838Z,usb,1,3612849267,217828,55763968,256,8000,31.680
2026-07-23T02:00:29.870Z,usb,1,3612849267,217829,55764224,256,8000,31.680
2026-07-23T02:00:29.902Z,usb,1,3612849267,217830,55764480,256,8000,31.680
2026-07-23T02:00:29.934Z,usb,1,3612849267,217831,55764736,256,8000,31.680
2026-07-23T02:00:29.966Z,usb,1,3612849267,217832,55764992,256,8000,31.680
2026-07-23T02:00:29.998Z,usb,1,3612849267,217833,55765248,256,8000,31.680
2026-07-23T02:00:30.030Z,usb,1,3612849267,217834,55765504,256,8000,31.680
2026-07-23T02:00:30.062Z,usb,1,3612849267,217835,55765760,256,8000,31.680
2026-07-23T02:00:30.094Z,usb,1,3612849267,217836,55766016,256,8000,31.680
2026-07-23T02:00:30.126Z,usb,1,3612849267,217837,55766272,256,8000,31.680
2026-07-23T02:00:30.158Z,usb,1,3612849267,217838,55766528,256,8000,31.680
2026-07-23T02:00:30.190Z,usb,1,3612849267,217839,55766784,256,8000,31.680
2026-07-23T02:00:30.222Z,usb,1,3612849267,217840,55767040,256,8000,31.680
2026-07-23T02:00:30.254Z,usb,1,3612849267,217841,55767296,256,8000,31.680
2026-07-23T02:00:30.286Z,usb,1,3612849267,217842,55767552,256,8000,31.680
2026-07-23T02:00:30.318Z,usb,1,3612849267,217843,55767808,256,8000,31.680
2026-07-23T02:00:30.350Z,usb,1,3612849267,217844,55768064,256,8000,31.680
2026-07-23T02:00:30.382Z,usb,1,3612849267,217845,55768320,256,8000,31.680
2026-07-23T02:00:30.414Z,usb,1,3612849267,217846,55768576,256,8000,31.680
2026-07-23T02:00:30.446Z,usb,1,3612849267,217847,55768832,256,8000,31.680
2026-07-23T02:00:30.477Z,usb,1,3612849267,217848,55769088,256,8000,31.680
2026-07-23T02:00:30.510Z,usb,1,3612849267,217849,55769344,256,8000,31.680
2026-07-23T02:00:30.542Z,usb,1,3612849267,217850,55769600,256,8000,31.680
2026-07-23T02:00:30.574Z,usb,1,3612849267,217851,55769856,256,8000,31.680
2026-07-23T02:00:30.606Z,usb,1,3612849267,217852,55770112,256,8000,31.680
2026-07-23T02:00:30.638Z,usb,1,3612849267,217853,55770368,256,8000,31.680
2026-07-23T02:00:30.670Z,usb,1,3612849267,217854,55770624,256,8000,31.680
2026-07-23T02:00:30.702Z,usb,1,3612849267,217855,55770880,256,8000,31.680
2026-07-23T02:00:30.734Z,usb,1,3612849267,217856,55771136,256,8000,31.680
2026-07-23T02:00:30.766Z,usb,1,3612849267,217857,55771392,256,8000,31.680
2026-07-23T02:00:30.797Z,usb,1,3612849267,217858,55771648,256,8000,31.680
2026-07-23T02:00:30.829Z,usb,1,3612849267,217859,55771904,256,8000,31.680
2026-07-23T02:00:30.862Z,usb,1,3612849267,217860,55772160,256,8000,31.680
2026-07-23T02:00:30.893Z,usb,1,3612849267,217861,55772416,256,8000,31.680
2026-07-23T02:00:30.925Z,usb,1,3612849267,217862,55772672,256,8000,31.680
2026-07-23T02:00:30.957Z,usb,1,3612849267,217863,55772928,256,8000,31.680
2026-07-23T02:00:30.989Z,usb,1,3612849267,217864,55773184,256,8000,31.680
2026-07-23T02:00:31.021Z,usb,1,3612849267,217865,55773440,256,8000,31.680
2026-07-23T02:00:31.053Z,usb,1,3612849267,217866,55773696,256,8000,31.680
2026-07-23T02:00:31.085Z,usb,1,3612849267,217867,55773952,256,8000,31.680
2026-07-23T02:00:31.117Z,usb,1,3612849267,217868,55774208,256,8000,31.680
2026-07-23T02:00:31.149Z,usb,1,3612849267,217869,55774464,256,8000,31.680
2026-07-23T02:00:31.181Z,usb,1,3612849267,217870,55774720,256,8000,31.680
2026-07-23T02:00:31.213Z,usb,1,3612849267,217871,55774976,256,8000,31.680
2026-07-23T02:00:31.245Z,usb,1,3612849267,217872,55775232,256,8000,31.680
2026-07-23T02:00:31.277Z,usb,1,3612849267,217873,55775488,256,8000,31.680
2026-07-23T02:00:31.309Z,usb,1,3612849267,217874,55775744,256,8000,31.680
2026-07-23T02:00:31.341Z,usb,1,3612849267,217875,55776000,256,8000,31.680
2026-07-23T02:00:31.374Z,usb,1,3612849267,217876,55776256,256,8000,31.680
2026-07-23T02:00:31.405Z,usb,1,3612849267,217877,55776512,256,8000,31.680
2026-07-23T02:00:31.437Z,usb,1,3612849267,217878,55776768,256,8000,31.680
2026-07-23T02:00:31.469Z,usb,1,3612849267,217879,55777024,256,8000,31.680
2026-07-23T02:00:31.501Z,usb,1,3612849267,217880,55777280,256,8000,31.680
2026-07-23T02:00:31.533Z,usb,1,3612849267,217881,55777536,256,8000,31.680
2026-07-23T02:00:31.566Z,usb,1,3612849267,217882,55777792,256,8000,31.680
2026-07-23T02:00:31.597Z,usb,1,3612849267,217883,55778048,256,8000,31.680
2026-07-23T02:00:31.630Z,usb,1,3612849267,217884,55778304,256,8000,31.680
2026-07-23T02:00:31.662Z,usb,1,3612849267,217885,55778560,256,8000,31.680
2026-07-23T02:00:31.694Z,usb,1,3612849267,217886,55778816,256,8000,31.680
2026-07-23T02:00:31.725Z,usb,1,3612849267,217887,55779072,256,8000,31.680
2026-07-23T02:00:31.758Z,usb,1,3612849267,217888,55779328,256,8000,31.680
2026-07-23T02:00:31.790Z,usb,1,3612849267,217889,55779584,256,8000,31.680
2026-07-23T02:00:31.822Z,usb,1,3612849267,217890,55779840,256,8000,31.680
2026-07-23T02:00:31.854Z,usb,1,3612849267,217891,55780096,256,8000,31.680
2026-07-23T02:00:31.886Z,usb,1,3612849267,217892,55780352,256,8000,31.680
2026-07-23T02:00:31.918Z,usb,1,3612849267,217893,55780608,256,8000,31.680
2026-07-23T02:00:31.949Z,usb,1,3612849267,217894,55780864,256,8000,31.680
2026-07-23T02:00:31.982Z,usb,1,3612849267,217895,55781120,256,8000,31.680
2026-07-23T02:00:32.013Z,usb,1,3612849267,217896,55781376,256,8000,31.680
2026-07-23T02:00:32.045Z,usb,1,3612849267,217897,55781632,256,8000,31.680
2026-07-23T02:00:32.077Z,usb,1,3612849267,217898,55781888,256,8000,31.680
2026-07-23T02:00:32.109Z,usb,1,3612849267,217899,55782144,256,8000,31.680
2026-07-23T02:00:32.142Z,usb,1,3612849267,217900,55782400,256,8000,31.680
2026-07-23T02:00:32.173Z,usb,1,3612849267,217901,55782656,256,8000,31.680
2026-07-23T02:00:32.206Z,usb,1,3612849267,217902,55782912,256,8000,31.680
2026-07-23T02:00:32.238Z,usb,1,3612849267,217903,55783168,256,8000,31.680
2026-07-23T02:00:32.270Z,usb,1,3612849267,217904,55783424,256,8000,31.680
2026-07-23T02:00:32.301Z,usb,1,3612849267,217905,55783680,256,8000,31.680
2026-07-23T02:00:32.334Z,usb,1,3612849267,217906,55783936,256,8000,31.680
2026-07-23T02:00:32.366Z,usb,1,3612849267,217907,55784192,256,8000,31.680
2026-07-23T02:00:32.398Z,usb,1,3612849267,217908,55784448,256,8000,31.680
2026-07-23T02:00:32.429Z,usb,1,3612849267,217909,55784704,256,8000,31.680
2026-07-23T02:00:32.461Z,usb,1,3612849267,217910,55784960,256,8000,31.680
2026-07-23T02:00:32.493Z,usb,1,3612849267,217911,55785216,256,8000,31.680
2026-07-23T02:00:32.526Z,usb,1,3612849267,217912,55785472,256,8000,31.680
2026-07-23T02:00:32.558Z,usb,1,3612849267,217913,55785728,256,8000,31.680
2026-07-23T02:00:32.590Z,usb,1,3612849267,217914,55785984,256,8000,31.680
2026-07-23T02:00:32.622Z,usb,1,3612849267,217915,55786240,256,8000,31.680
2026-07-23T02:00:32.654Z,usb,1,3612849267,217916,55786496,256,8000,31.680
2026-07-23T02:00:32.686Z,usb,1,3612849267,217917,55786752,256,8000,31.680
2026-07-23T02:00:32.718Z,usb,1,3612849267,217918,55787008,256,8000,31.680
2026-07-23T02:00:32.750Z,usb,1,3612849267,217919,55787264,256,8000,31.680
2026-07-23T02:00:32.782Z,usb,1,3612849267,217920,55787520,256,8000,31.680
2026-07-23T02:00:32.814Z,usb,1,3612849267,217921,55787776,256,8000,31.680
2026-07-23T02:00:32.846Z,usb,1,3612849267,217922,55788032,256,8000,31.680
2026-07-23T02:00:32.878Z,usb,1,3612849267,217923,55788288,256,8000,31.680
2026-07-23T02:00:32.910Z,usb,1,3612849267,217924,55788544,256,8000,31.670
2026-07-23T02:00:32.942Z,usb,1,3612849267,217925,55788800,256,8000,31.670
2026-07-23T02:00:32.974Z,usb,1,3612849267,217926,55789056,256,8000,31.670
2026-07-23T02:00:33.006Z,usb,1,3612849267,217927,55789312,256,8000,31.670
2026-07-23T02:00:33.038Z,usb,1,3612849267,217928,55789568,256,8000,31.670
2026-07-23T02:00:33.070Z,usb,1,3612849267,217929,55789824,256,8000,31.670
2026-07-23T02:00:33.102Z,usb,1,3612849267,217930,55790080,256,8000,31.670
2026-07-23T02:00:33.134Z,usb,1,3612849267,217931,55790336,256,8000,31.670
2026-07-23T02:00:33.166Z,usb,1,3612849267,217932,55790592,256,8000,31.670
2026-07-23T02:00:33.198Z,usb,1,3612849267,217933,55790848,256,8000,31.670
2026-07-23T02:00:33.230Z,usb,1,3612849267,217934,55791104,256,8000,31.670
2026-07-23T02:00:33.262Z,usb,1,3612849267,217935,55791360,256,8000,31.670
2026-07-23T02:00:33.294Z,usb,1,3612849267,217936,55791616,256,8000,31.670
2026-07-23T02:00:33.326Z,usb,1,3612849267,217937,55791872,256,8000,31.670
2026-07-23T02:00:33.358Z,usb,1,3612849267,217938,55792128,256,8000,31.670
2026-07-23T02:00:33.390Z,usb,1,3612849267,217939,55792384,256,8000,31.670
2026-07-23T02:00:33.422Z,usb,1,3612849267,217940,55792640,256,8000,31.670
2026-07-23T02:00:33.454Z,usb,1,3612849267,217941,55792896,256,8000,31.670
2026-07-23T02:00:33.486Z,usb,1,3612849267,217942,55793152,256,8000,31.670
2026-07-23T02:00:33.517Z,usb,1,3612849267,217943,55793408,256,8000,31.670
2026-07-23T02:00:33.549Z,usb,1,3612849267,217944,55793664,256,8000,31.670
2026-07-23T02:00:33.582Z,usb,1,3612849267,217945,55793920,256,8000,31.670
2026-07-23T02:00:33.613Z,usb,1,3612849267,217946,55794176,256,8000,31.670
2026-07-23T02:00:33.646Z,usb,1,3612849267,217947,55794432,256,8000,31.670
2026-07-23T02:00:33.678Z,usb,1,3612849267,217948,55794688,256,8000,31.670
2026-07-23T02:00:33.710Z,usb,1,3612849267,217949,55794944,256,8000,31.670
2026-07-23T02:00:33.742Z,usb,1,3612849267,217950,55795200,256,8000,31.670
2026-07-23T02:00:33.774Z,usb,1,3612849267,217951,55795456,256,8000,31.670
2026-07-23T02:00:33.806Z,usb,1,3612849267,217952,55795712,256,8000,31.670
2026-07-23T02:00:33.838Z,usb,1,3612849267,217953,55795968,256,8000,31.670
2026-07-23T02:00:33.870Z,usb,1,3612849267,217954,55796224,256,8000,31.670
2026-07-23T02:00:33.902Z,usb,1,3612849267,217955,55796480,256,8000,31.670
2026-07-23T02:00:33.934Z,usb,1,3612849267,217956,55796736,256,8000,31.680
2026-07-23T02:00:33.966Z,usb,1,3612849267,217957,55796992,256,8000,31.680
2026-07-23T02:00:33.998Z,usb,1,3612849267,217958,55797248,256,8000,31.680
2026-07-23T02:00:34.030Z,usb,1,3612849267,217959,55797504,256,8000,31.680
2026-07-23T02:00:34.062Z,usb,1,3612849267,217960,55797760,256,8000,31.680
2026-07-23T02:00:34.094Z,usb,1,3612849267,217961,55798016,256,8000,31.680
2026-07-23T02:00:34.126Z,usb,1,3612849267,217962,55798272,256,8000,31.680
2026-07-23T02:00:34.158Z,usb,1,3612849267,217963,55798528,256,8000,31.680
2026-07-23T02:00:34.190Z,usb,1,3612849267,217964,55798784,256,8000,31.680
2026-07-23T02:00:34.222Z,usb,1,3612849267,217965,55799040,256,8000,31.680
2026-07-23T02:00:34.254Z,usb,1,3612849267,217966,55799296,256,8000,31.680
2026-07-23T02:00:34.286Z,usb,1,3612849267,217967,55799552,256,8000,31.680
2026-07-23T02:00:34.317Z,usb,1,3612849267,217968,55799808,256,8000,31.680
2026-07-23T02:00:34.350Z,usb,1,3612849267,217969,55800064,256,8000,31.680
2026-07-23T02:00:34.382Z,usb,1,3612849267,217970,55800320,256,8000,31.680
2026-07-23T02:00:34.414Z,usb,1,3612849267,217971,55800576,256,8000,31.680
2026-07-23T02:00:34.446Z,usb,1,3612849267,217972,55800832,256,8000,31.680
2026-07-23T02:00:34.478Z,usb,1,3612849267,217973,55801088,256,8000,31.680
2026-07-23T02:00:34.510Z,usb,1,3612849267,217974,55801344,256,8000,31.680
2026-07-23T02:00:34.542Z,usb,1,3612849267,217975,55801600,256,8000,31.680
2026-07-23T02:00:34.574Z,usb,1,3612849267,217976,55801856,256,8000,31.680
2026-07-23T02:00:34.606Z,usb,1,3612849267,217977,55802112,256,8000,31.680
2026-07-23T02:00:34.638Z,usb,1,3612849267,217978,55802368,256,8000,31.680
2026-07-23T02:00:34.670Z,usb,1,3612849267,217979,55802624,256,8000,31.680
2026-07-23T02:00:34.702Z,usb,1,3612849267,217980,55802880,256,8000,31.680
2026-07-23T02:00:34.734Z,usb,1,3612849267,217981,55803136,256,8000,31.680
2026-07-23T02:00:34.766Z,usb,1,3612849267,217982,55803392,256,8000,31.680
2026-07-23T02:00:34.798Z,usb,1,3612849267,217983,55803648,256,8000,31.680
2026-07-23T02:00:34.830Z,usb,1,3612849267,217984,55803904,256,8000,31.680
2026-07-23T02:00:34.862Z,usb,1,3612849267,217985,55804160,256,8000,31.680
2026-07-23T02:00:34.894Z,usb,1,3612849267,217986,55804416,256,8000,31.680
2026-07-23T02:00:34.926Z,usb,1,3612849267,217987,55804672,256,8000,31.680
2026-07-23T02:00:34.958Z,usb,1,3612849267,217988,55804928,256,8000,31.680
2026-07-23T02:00:34.990Z,usb,1,3612849267,217989,55805184,256,8000,31.680
2026-07-23T02:00:35.022Z,usb,1,3612849267,217990,55805440,256,8000,31.680
2026-07-23T02:00:35.054Z,usb,1,3612849267,217991,55805696,256,8000,31.680
2026-07-23T02:00:35.085Z,usb,1,3612849267,217992,55805952,256,8000,31.680
2026-07-23T02:00:35.118Z,usb,1,3612849267,217993,55806208,256,8000,31.680
2026-07-23T02:00:35.150Z,usb,1,3612849267,217994,55806464,256,8000,31.680
2026-07-23T02:00:35.182Z,usb,1,3612849267,217995,55806720,256,8000,31.680
2026-07-23T02:00:35.214Z,usb,1,3612849267,217996,55806976,256,8000,31.680
2026-07-23T02:00:35.245Z,usb,1,3612849267,217997,55807232,256,8000,31.680
2026-07-23T02:00:35.277Z,usb,1,3612849267,217998,55807488,256,8000,31.680
2026-07-23T02:00:35.309Z,usb,1,3612849267,217999,55807744,256,8000,31.680
2026-07-23T02:00:35.342Z,usb,1,3612849267,218000,55808000,256,8000,31.680
2026-07-23T02:00:35.374Z,usb,1,3612849267,218001,55808256,256,8000,31.680
2026-07-23T02:00:35.406Z,usb,1,3612849267,218002,55808512,256,8000,31.680
2026-07-23T02:00:35.437Z,usb,1,3612849267,218003,55808768,256,8000,31.680
2026-07-23T02:00:35.469Z,usb,1,3612849267,218004,55809024,256,8000,31.680
2026-07-23T02:00:35.502Z,usb,1,3612849267,218005,55809280,256,8000,31.680
2026-07-23T02:00:35.534Z,usb,1,3612849267,218006,55809536,256,8000,31.680
2026-07-23T02:00:35.566Z,usb,1,3612849267,218007,55809792,256,8000,31.680
2026-07-23T02:00:35.598Z,usb,1,3612849267,218008,55810048,256,8000,31.680
2026-07-23T02:00:35.630Z,usb,1,3612849267,218009,55810304,256,8000,31.680
2026-07-23T02:00:35.662Z,usb,1,3612849267,218010,55810560,256,8000,31.680
2026-07-23T02:00:35.693Z,usb,1,3612849267,218011,55810816,256,8000,31.680
2026-07-23T02:00:35.726Z,usb,1,3612849267,218012,55811072,256,8000,31.680
2026-07-23T02:00:35.758Z,usb,1,3612849267,218013,55811328,256,8000,31.680
2026-07-23T02:00:35.790Z,usb,1,3612849267,218014,55811584,256,8000,31.680
2026-07-23T02:00:35.822Z,usb,1,3612849267,218015,55811840,256,8000,31.680
2026-07-23T02:00:35.854Z,usb,1,3612849267,218016,55812096,256,8000,31.680
2026-07-23T02:00:35.886Z,usb,1,3612849267,218017,55812352,256,8000,31.680
2026-07-23T02:00:35.918Z,usb,1,3612849267,218018,55812608,256,8000,31.680
2026-07-23T02:00:35.950Z,usb,1,3612849267,218019,55812864,256,8000,31.680
2026-07-23T02:00:35.982Z,usb,1,3612849267,218020,55813120,256,8000,31.680
2026-07-23T02:00:36.014Z,usb,1,3612849267,218021,55813376,256,8000,31.680
2026-07-23T02:00:36.046Z,usb,1,3612849267,218022,55813632,256,8000,31.680
2026-07-23T02:00:36.078Z,usb,1,3612849267,218023,55813888,256,8000,31.680
2026-07-23T02:00:36.110Z,usb,1,3612849267,218024,55814144,256,8000,31.680
2026-07-23T02:00:36.142Z,usb,1,3612849267,218025,55814400,256,8000,31.680
2026-07-23T02:00:36.174Z,usb,1,3612849267,218026,55814656,256,8000,31.680
2026-07-23T02:00:36.206Z,usb,1,3612849267,218027,55814912,256,8000,31.680
2026-07-23T02:00:36.237Z,usb,1,3612849267,218028,55815168,256,8000,31.680
2026-07-23T02:00:36.270Z,usb,1,3612849267,218029,55815424,256,8000,31.680
2026-07-23T02:00:36.301Z,usb,1,3612849267,218030,55815680,256,8000,31.680
2026-07-23T02:00:36.334Z,usb,1,3612849267,218031,55815936,256,8000,31.680
2026-07-23T02:00:36.366Z,usb,1,3612849267,218032,55816192,256,8000,31.680
2026-07-23T02:00:36.398Z,usb,1,3612849267,218033,55816448,256,8000,31.680
2026-07-23T02:00:36.430Z,usb,1,3612849267,218034,55816704,256,8000,31.680
2026-07-23T02:00:36.462Z,usb,1,3612849267,218035,55816960,256,8000,31.680
2026-07-23T02:00:36.494Z,usb,1,3612849267,218036,55817216,256,8000,31.680
2026-07-23T02:00:36.526Z,usb,1,3612849267,218037,55817472,256,8000,31.680
2026-07-23T02:00:36.558Z,usb,1,3612849267,218038,55817728,256,8000,31.680
2026-07-23T02:00:36.590Z,usb,1,3612849267,218039,55817984,256,8000,31.680
2026-07-23T02:00:36.622Z,usb,1,3612849267,218040,55818240,256,8000,31.680
2026-07-23T02:00:36.654Z,usb,1,3612849267,218041,55818496,256,8000,31.680
2026-07-23T02:00:36.686Z,usb,1,3612849267,218042,55818752,256,8000,31.680
2026-07-23T02:00:36.718Z,usb,1,3612849267,218043,55819008,256,8000,31.680
2026-07-23T02:00:36.750Z,usb,1,3612849267,218044,55819264,256,8000,31.680
2026-07-23T02:00:36.782Z,usb,1,3612849267,218045,55819520,256,8000,31.680
2026-07-23T02:00:36.814Z,usb,1,3612849267,218046,55819776,256,8000,31.680
2026-07-23T02:00:36.846Z,usb,1,3612849267,218047,55820032,256,8000,31.680
2026-07-23T02:00:36.878Z,usb,1,3612849267,218048,55820288,256,8000,31.680
2026-07-23T02:00:36.910Z,usb,1,3612849267,218049,55820544,256,8000,31.680
2026-07-23T02:00:36.942Z,usb,1,3612849267,218050,55820800,256,8000,31.680
2026-07-23T02:00:36.974Z,usb,1,3612849267,218051,55821056,256,8000,31.680
2026-07-23T02:00:37.006Z,usb,1,3612849267,218052,55821312,256,8000,31.680
2026-07-23T02:00:37.038Z,usb,1,3612849267,218053,55821568,256,8000,31.680
2026-07-23T02:00:37.069Z,usb,1,3612849267,218054,55821824,256,8000,31.680
2026-07-23T02:00:37.102Z,usb,1,3612849267,218055,55822080,256,8000,31.680
2026-07-23T02:00:37.133Z,usb,1,3612849267,218056,55822336,256,8000,31.680
2026-07-23T02:00:37.166Z,usb,1,3612849267,218057,55822592,256,8000,31.680
2026-07-23T02:00:37.198Z,usb,1,3612849267,218058,55822848,256,8000,31.680
2026-07-23T02:00:37.230Z,usb,1,3612849267,218059,55823104,256,8000,31.680
2026-07-23T02:00:37.262Z,usb,1,3612849267,218060,55823360,256,8000,31.680
2026-07-23T02:00:37.294Z,usb,1,3612849267,218061,55823616,256,8000,31.680
2026-07-23T02:00:37.326Z,usb,1,3612849267,218062,55823872,256,8000,31.680
2026-07-23T02:00:37.358Z,usb,1,3612849267,218063,55824128,256,8000,31.680
2026-07-23T02:00:37.390Z,usb,1,3612849267,218064,55824384,256,8000,31.680
2026-07-23T02:00:37.422Z,usb,1,3612849267,218065,55824640,256,8000,31.680
2026-07-23T02:00:37.454Z,usb,1,3612849267,218066,55824896,256,8000,31.680
2026-07-23T02:00:37.486Z,usb,1,3612849267,218067,55825152,256,8000,31.680
2026-07-23T02:00:37.518Z,usb,1,3612849267,218068,55825408,256,8000,31.680
2026-07-23T02:00:37.550Z,usb,1,3612849267,218069,55825664,256,8000,31.680
2026-07-23T02:00:37.582Z,usb,1,3612849267,218070,55825920,256,8000,31.680
2026-07-23T02:00:37.614Z,usb,1,3612849267,218071,55826176,256,8000,31.680
2026-07-23T02:00:37.646Z,usb,1,3612849267,218072,55826432,256,8000,31.680
2026-07-23T02:00:37.678Z,usb,1,3612849267,218073,55826688,256,8000,31.680
2026-07-23T02:00:37.710Z,usb,1,3612849267,218074,55826944,256,8000,31.680
2026-07-23T02:00:37.742Z,usb,1,3612849267,218075,55827200,256,8000,31.680
2026-07-23T02:00:37.774Z,usb,1,3612849267,218076,55827456,256,8000,31.680
2026-07-23T02:00:37.806Z,usb,1,3612849267,218077,55827712,256,8000,31.680
2026-07-23T02:00:37.838Z,usb,1,3612849267,218078,55827968,256,8000,31.680
2026-07-23T02:00:37.870Z,usb,1,3612849267,218079,55828224,256,8000,31.680
2026-07-23T02:00:37.902Z,usb,1,3612849267,218080,55828480,256,8000,31.680
2026-07-23T02:00:37.934Z,usb,1,3612849267,218081,55828736,256,8000,31.680
2026-07-23T02:00:37.966Z,usb,1,3612849267,218082,55828992,256,8000,31.680
2026-07-23T02:00:37.998Z,usb,1,3612849267,218083,55829248,256,8000,31.680
2026-07-23T02:00:38.030Z,usb,1,3612849267,218084,55829504,256,8000,31.680
2026-07-23T02:00:38.062Z,usb,1,3612849267,218085,55829760,256,8000,31.680
2026-07-23T02:00:38.094Z,usb,1,3612849267,218086,55830016,256,8000,31.680
2026-07-23T02:00:38.126Z,usb,1,3612849267,218087,55830272,256,8000,31.680
2026-07-23T02:00:38.158Z,usb,1,3612849267,218088,55830528,256,8000,31.680
2026-07-23T02:00:38.190Z,usb,1,3612849267,218089,55830784,256,8000,31.680
2026-07-23T02:00:38.222Z,usb,1,3612849267,218090,55831040,256,8000,31.680
2026-07-23T02:00:38.254Z,usb,1,3612849267,218091,55831296,256,8000,31.680
2026-07-23T02:00:38.286Z,usb,1,3612849267,218092,55831552,256,8000,31.680
2026-07-23T02:00:38.317Z,usb,1,3612849267,218093,55831808,256,8000,31.680
2026-07-23T02:00:38.350Z,usb,1,3612849267,218094,55832064,256,8000,31.680
2026-07-23T02:00:38.382Z,usb,1,3612849267,218095,55832320,256,8000,31.680
2026-07-23T02:00:38.413Z,usb,1,3612849267,218096,55832576,256,8000,31.680
2026-07-23T02:00:38.445Z,usb,1,3612849267,218097,55832832,256,8000,31.680
2026-07-23T02:00:38.477Z,usb,1,3612849267,218098,55833088,256,8000,31.680
2026-07-23T02:00:38.509Z,usb,1,3612849267,218099,55833344,256,8000,31.680
2026-07-23T02:00:38.541Z,usb,1,3612849267,218100,55833600,256,8000,31.680
2026-07-23T02:00:38.573Z,usb,1,3612849267,218101,55833856,256,8000,31.680
2026-07-23T02:00:38.606Z,usb,1,3612849267,218102,55834112,256,8000,31.680
2026-07-23T02:00:38.638Z,usb,1,3612849267,218103,55834368,256,8000,31.680
2026-07-23T02:00:38.670Z,usb,1,3612849267,218104,55834624,256,8000,31.680
2026-07-23T02:00:38.702Z,usb,1,3612849267,218105,55834880,256,8000,31.680
2026-07-23T02:00:38.734Z,usb,1,3612849267,218106,55835136,256,8000,31.680
2026-07-23T02:00:38.766Z,usb,1,3612849267,218107,55835392,256,8000,31.680
2026-07-23T02:00:38.798Z,usb,1,3612849267,218108,55835648,256,8000,31.680
2026-07-23T02:00:38.830Z,usb,1,3612849267,218109,55835904,256,8000,31.680
2026-07-23T02:00:38.862Z,usb,1,3612849267,218110,55836160,256,8000,31.680
2026-07-23T02:00:38.893Z,usb,1,3612849267,218111,55836416,256,8000,31.680
2026-07-23T02:00:38.926Z,usb,1,3612849267,218112,55836672,256,8000,31.680
2026-07-23T02:00:38.958Z,usb,1,3612849267,218113,55836928,256,8000,31.680
2026-07-23T02:00:38.990Z,usb,1,3612849267,218114,55837184,256,8000,31.680
2026-07-23T02:00:39.022Z,usb,1,3612849267,218115,55837440,256,8000,31.680
2026-07-23T02:00:39.055Z,usb,1,3612849267,218116,55837696,256,8000,31.680
2026-07-23T02:00:39.086Z,usb,1,3612849267,218117,55837952,256,8000,31.680
2026-07-23T02:00:39.118Z,usb,1,3612849267,218118,55838208,256,8000,31.680
2026-07-23T02:00:39.150Z,usb,1,3612849267,218119,55838464,256,8000,31.680
2026-07-23T02:00:39.182Z,usb,1,3612849267,218120,55838720,256,8000,31.680
2026-07-23T02:00:39.214Z,usb,1,3612849267,218121,55838976,256,8000,31.680
2026-07-23T02:00:39.246Z,usb,1,3612849267,218122,55839232,256,8000,31.680
2026-07-23T02:00:39.278Z,usb,1,3612849267,218123,55839488,256,8000,31.680
2026-07-23T02:00:39.310Z,usb,1,3612849267,218124,55839744,256,8000,31.680
2026-07-23T02:00:39.342Z,usb,1,3612849267,218125,55840000,256,8000,31.680
2026-07-23T02:00:39.373Z,usb,1,3612849267,218126,55840256,256,8000,31.680
2026-07-23T02:00:39.405Z,usb,1,3612849267,218127,55840512,256,8000,31.680
2026-07-23T02:00:39.438Z,usb,1,3612849267,218128,55840768,256,8000,31.680
2026-07-23T02:00:39.470Z,usb,1,3612849267,218129,55841024,256,8000,31.680
2026-07-23T02:00:39.501Z,usb,1,3612849267,218130,55841280,256,8000,31.680
2026-07-23T02:00:39.533Z,usb,1,3612849267,218131,55841536,256,8000,31.680
2026-07-23T02:00:39.566Z,usb,1,3612849267,218132,55841792,256,8000,31.680
2026-07-23T02:00:39.597Z,usb,1,3612849267,218133,55842048,256,8000,31.680
2026-07-23T02:00:39.629Z,usb,1,3612849267,218134,55842304,256,8000,31.680
2026-07-23T02:00:39.661Z,usb,1,3612849267,218135,55842560,256,8000,31.680
2026-07-23T02:00:39.694Z,usb,1,3612849267,218136,55842816,256,8000,31.680
2026-07-23T02:00:39.726Z,usb,1,3612849267,218137,55843072,256,8000,31.680
2026-07-23T02:00:39.758Z,usb,1,3612849267,218138,55843328,256,8000,31.680
2026-07-23T02:00:39.790Z,usb,1,3612849267,218139,55843584,256,8000,31.680
2026-07-23T02:00:39.821Z,usb,1,3612849267,218140,55843840,256,8000,31.680
2026-07-23T02:00:39.854Z,usb,1,3612849267,218141,55844096,256,8000,31.680
2026-07-23T02:00:39.886Z,usb,1,3612849267,218142,55844352,256,8000,31.680
2026-07-23T02:00:39.918Z,usb,1,3612849267,218143,55844608,256,8000,31.680
2026-07-23T02:00:39.949Z,usb,1,3612849267,218144,55844864,256,8000,31.680
2026-07-23T02:00:39.982Z,usb,1,3612849267,218145,55845120,256,8000,31.680
2026-07-23T02:00:40.014Z,usb,1,3612849267,218146,55845376,256,8000,31.680
2026-07-23T02:00:40.046Z,usb,1,3612849267,218147,55845632,256,8000,31.680
2026-07-23T02:00:40.078Z,usb,1,3612849267,218148,55845888,256,8000,31.680
2026-07-23T02:00:40.110Z,usb,1,3612849267,218149,55846144,256,8000,31.680
2026-07-23T02:00:40.141Z,usb,1,3612849267,218150,55846400,256,8000,31.680
2026-07-23T02:00:40.174Z,usb,1,3612849267,218151,55846656,256,8000,31.680
2026-07-23T02:00:40.206Z,usb,1,3612849267,218152,55846912,256,8000,31.680
2026-07-23T02:00:40.238Z,usb,1,3612849267,218153,55847168,256,8000,31.680
2026-07-23T02:00:40.270Z,usb,1,3612849267,218154,55847424,256,8000,31.680
2026-07-23T02:00:40.302Z,usb,1,3612849267,218155,55847680,256,8000,31.680
2026-07-23T02:00:40.333Z,usb,1,3612849267,218156,55847936,256,8000,31.680
2026-07-23T02:00:40.366Z,usb,1,3612849267,218157,55848192,256,8000,31.680
2026-07-23T02:00:40.398Z,usb,1,3612849267,218158,55848448,256,8000,31.680
2026-07-23T02:00:40.430Z,usb,1,3612849267,218159,55848704,256,8000,31.680
2026-07-23T02:00:40.462Z,usb,1,3612849267,218160,55848960,256,8000,31.680
2026-07-23T02:00:40.494Z,usb,1,3612849267,218161,55849216,256,8000,31.680
2026-07-23T02:00:40.526Z,usb,1,3612849267,218162,55849472,256,8000,31.680
2026-07-23T02:00:40.558Z,usb,1,3612849267,218163,55849728,256,8000,31.680
2026-07-23T02:00:40.590Z,usb,1,3612849267,218164,55849984,256,8000,31.680
2026-07-23T02:00:40.621Z,usb,1,3612849267,218165,55850240,256,8000,31.680
2026-07-23T02:00:40.654Z,usb,1,3612849267,218166,55850496,256,8000,31.680
2026-07-23T02:00:40.686Z,usb,1,3612849267,218167,55850752,256,8000,31.680
2026-07-23T02:00:40.717Z,usb,1,3612849267,218168,55851008,256,8000,31.680
2026-07-23T02:00:40.750Z,usb,1,3612849267,218169,55851264,256,8000,31.680
2026-07-23T02:00:40.782Z,usb,1,3612849267,218170,55851520,256,8000,31.680
2026-07-23T02:00:40.813Z,usb,1,3612849267,218171,55851776,256,8000,31.680
2026-07-23T02:00:40.845Z,usb,1,3612849267,218172,55852032,256,8000,31.680
2026-07-23T02:00:40.877Z,usb,1,3612849267,218173,55852288,256,8000,31.680
2026-07-23T02:00:40.910Z,usb,1,3612849267,218174,55852544,256,8000,31.680
2026-07-23T02:00:40.941Z,usb,1,3612849267,218175,55852800,256,8000,31.680
2026-07-23T02:00:40.974Z,usb,1,3612849267,218176,55853056,256,8000,31.680
2026-07-23T02:00:41.005Z,usb,1,3612849267,218177,55853312,256,8000,31.680
2026-07-23T02:00:41.038Z,usb,1,3612849267,218178,55853568,256,8000,31.680
2026-07-23T02:00:41.070Z,usb,1,3612849267,218179,55853824,256,8000,31.680
2026-07-23T02:00:41.102Z,usb,1,3612849267,218180,55854080,256,8000,31.680
2026-07-23T02:00:41.134Z,usb,1,3612849267,218181,55854336,256,8000,31.680
2026-07-23T02:00:41.166Z,usb,1,3612849267,218182,55854592,256,8000,31.680
2026-07-23T02:00:41.198Z,usb,1,3612849267,218183,55854848,256,8000,31.680
2026-07-23T02:00:41.230Z,usb,1,3612849267,218184,55855104,256,8000,31.680
2026-07-23T02:00:41.262Z,usb,1,3612849267,218185,55855360,256,8000,31.680
2026-07-23T02:00:41.294Z,usb,1,3612849267,218186,55855616,256,8000,31.680
2026-07-23T02:00:41.326Z,usb,1,3612849267,218187,55855872,256,8000,31.680
2026-07-23T02:00:41.358Z,usb,1,3612849267,218188,55856128,256,8000,31.680
2026-07-23T02:00:41.390Z,usb,1,3612849267,218189,55856384,256,8000,31.680
2026-07-23T02:00:41.422Z,usb,1,3612849267,218190,55856640,256,8000,31.680
2026-07-23T02:00:41.454Z,usb,1,3612849267,218191,55856896,256,8000,31.680
2026-07-23T02:00:41.486Z,usb,1,3612849267,218192,55857152,256,8000,31.680
2026-07-23T02:00:41.518Z,usb,1,3612849267,218193,55857408,256,8000,31.680
2026-07-23T02:00:41.550Z,usb,1,3612849267,218194,55857664,256,8000,31.680
2026-07-23T02:00:41.582Z,usb,1,3612849267,218195,55857920,256,8000,31.680
2026-07-23T02:00:41.614Z,usb,1,3612849267,218196,55858176,256,8000,31.680
2026-07-23T02:00:41.646Z,usb,1,3612849267,218197,55858432,256,8000,31.680
2026-07-23T02:00:41.677Z,usb,1,3612849267,218198,55858688,256,8000,31.680
2026-07-23T02:00:41.709Z,usb,1,3612849267,218199,55858944,256,8000,31.680
2026-07-23T02:00:41.742Z,usb,1,3612849267,218200,55859200,256,8000,31.680
2026-07-23T02:00:41.774Z,usb,1,3612849267,218201,55859456,256,8000,31.680
2026-07-23T02:00:41.806Z,usb,1,3612849267,218202,55859712,256,8000,31.680
2026-07-23T02:00:41.838Z,usb,1,3612849267,218203,55859968,256,8000,31.680
2026-07-23T02:00:41.870Z,usb,1,3612849267,218204,55860224,256,8000,31.680
2026-07-23T02:00:41.902Z,usb,1,3612849267,218205,55860480,256,8000,31.680
2026-07-23T02:00:41.934Z,usb,1,3612849267,218206,55860736,256,8000,31.680
2026-07-23T02:00:41.966Z,usb,1,3612849267,218207,55860992,256,8000,31.680
2026-07-23T02:00:41.998Z,usb,1,3612849267,218208,55861248,256,8000,31.680
2026-07-23T02:00:42.030Z,usb,1,3612849267,218209,55861504,256,8000,31.680
2026-07-23T02:00:42.062Z,usb,1,3612849267,218210,55861760,256,8000,31.680
2026-07-23T02:00:42.094Z,usb,1,3612849267,218211,55862016,256,8000,31.680
2026-07-23T02:00:42.126Z,usb,1,3612849267,218212,55862272,256,8000,31.680
2026-07-23T02:00:42.158Z,usb,1,3612849267,218213,55862528,256,8000,31.680
2026-07-23T02:00:42.190Z,usb,1,3612849267,218214,55862784,256,8000,31.680
2026-07-23T02:00:42.221Z,usb,1,3612849267,218215,55863040,256,8000,31.680
2026-07-23T02:00:42.254Z,usb,1,3612849267,218216,55863296,256,8000,31.680
2026-07-23T02:00:42.286Z,usb,1,3612849267,218217,55863552,256,8000,31.680
2026-07-23T02:00:42.317Z,usb,1,3612849267,218218,55863808,256,8000,31.680
2026-07-23T02:00:42.350Z,usb,1,3612849267,218219,55864064,256,8000,31.680
2026-07-23T02:00:42.382Z,usb,1,3612849267,218220,55864320,256,8000,31.680
2026-07-23T02:00:42.414Z,usb,1,3612849267,218221,55864576,256,8000,31.680
2026-07-23T02:00:42.446Z,usb,1,3612849267,218222,55864832,256,8000,31.680
2026-07-23T02:00:42.477Z,usb,1,3612849267,218223,55865088,256,8000,31.680
2026-07-23T02:00:42.509Z,usb,1,3612849267,218224,55865344,256,8000,31.680
2026-07-23T02:00:42.542Z,usb,1,3612849267,218225,55865600,256,8000,31.680
2026-07-23T02:00:42.574Z,usb,1,3612849267,218226,55865856,256,8000,31.680
2026-07-23T02:00:42.606Z,usb,1,3612849267,218227,55866112,256,8000,31.680
2026-07-23T02:00:42.638Z,usb,1,3612849267,218228,55866368,256,8000,31.680
2026-07-23T02:00:42.669Z,usb,1,3612849267,218229,55866624,256,8000,31.680
2026-07-23T02:00:42.702Z,usb,1,3612849267,218230,55866880,256,8000,31.680
2026-07-23T02:00:42.734Z,usb,1,3612849267,218231,55867136,256,8000,31.680
2026-07-23T02:00:42.766Z,usb,1,3612849267,218232,55867392,256,8000,31.680
2026-07-23T02:00:42.798Z,usb,1,3612849267,218233,55867648,256,8000,31.680
2026-07-23T02:00:42.830Z,usb,1,3612849267,218234,55867904,256,8000,31.680
2026-07-23T02:00:42.862Z,usb,1,3612849267,218235,55868160,256,8000,31.680
2026-07-23T02:00:42.893Z,usb,1,3612849267,218236,55868416,256,8000,31.680
2026-07-23T02:00:42.925Z,usb,1,3612849267,218237,55868672,256,8000,31.680
2026-07-23T02:00:42.958Z,usb,1,3612849267,218238,55868928,256,8000,31.680
2026-07-23T02:00:42.990Z,usb,1,3612849267,218239,55869184,256,8000,31.680
2026-07-23T02:00:43.021Z,usb,1,3612849267,218240,55869440,256,8000,31.680
2026-07-23T02:00:43.054Z,usb,1,3612849267,218241,55869696,256,8000,31.680
2026-07-23T02:00:43.086Z,usb,1,3612849267,218242,55869952,256,8000,31.680
2026-07-23T02:00:43.118Z,usb,1,3612849267,218243,55870208,256,8000,31.680
2026-07-23T02:00:43.150Z,usb,1,3612849267,218244,55870464,256,8000,31.680
2026-07-23T02:00:43.182Z,usb,1,3612849267,218245,55870720,256,8000,31.680
2026-07-23T02:00:43.214Z,usb,1,3612849267,218246,55870976,256,8000,31.680
2026-07-23T02:00:43.246Z,usb,1,3612849267,218247,55871232,256,8000,31.680
2026-07-23T02:00:43.278Z,usb,1,3612849267,218248,55871488,256,8000,31.680
2026-07-23T02:00:43.310Z,usb,1,3612849267,218249,55871744,256,8000,31.680
2026-07-23T02:00:43.342Z,usb,1,3612849267,218250,55872000,256,8000,31.680
2026-07-23T02:00:43.374Z,usb,1,3612849267,218251,55872256,256,8000,31.680
2026-07-23T02:00:43.406Z,usb,1,3612849267,218252,55872512,256,8000,31.680
2026-07-23T02:00:43.437Z,usb,1,3612849267,218253,55872768,256,8000,31.680
2026-07-23T02:00:43.470Z,usb,1,3612849267,218254,55873024,256,8000,31.680
2026-07-23T02:00:43.502Z,usb,1,3612849267,218255,55873280,256,8000,31.680
2026-07-23T02:00:43.533Z,usb,1,3612849267,218256,55873536,256,8000,31.680
2026-07-23T02:00:43.566Z,usb,1,3612849267,218257,55873792,256,8000,31.680
2026-07-23T02:00:43.597Z,usb,1,3612849267,218258,55874048,256,8000,31.680
2026-07-23T02:00:43.629Z,usb,1,3612849267,218259,55874304,256,8000,31.680
2026-07-23T02:00:43.662Z,usb,1,3612849267,218260,55874560,256,8000,31.680
2026-07-23T02:00:43.694Z,usb,1,3612849267,218261,55874816,256,8000,31.680
2026-07-23T02:00:43.726Z,usb,1,3612849267,218262,55875072,256,8000,31.680
2026-07-23T02:00:43.758Z,usb,1,3612849267,218263,55875328,256,8000,31.680
2026-07-23T02:00:43.790Z,usb,1,3612849267,218264,55875584,256,8000,31.680
2026-07-23T02:00:43.822Z,usb,1,3612849267,218265,55875840,256,8000,31.680
2026-07-23T02:00:43.854Z,usb,1,3612849267,218266,55876096,256,8000,31.680
2026-07-23T02:00:43.886Z,usb,1,3612849267,218267,55876352,256,8000,31.680
2026-07-23T02:00:43.918Z,usb,1,3612849267,218268,55876608,256,8000,31.680
2026-07-23T02:00:43.949Z,usb,1,3612849267,218269,55876864,256,8000,31.680
2026-07-23T02:00:43.982Z,usb,1,3612849267,218270,55877120,256,8000,31.680
2026-07-23T02:00:44.013Z,usb,1,3612849267,218271,55877376,256,8000,31.680
2026-07-23T02:00:44.046Z,usb,1,3612849267,218272,55877632,256,8000,31.680
2026-07-23T02:00:44.078Z,usb,1,3612849267,218273,55877888,256,8000,31.680
2026-07-23T02:00:44.110Z,usb,1,3612849267,218274,55878144,256,8000,31.680
2026-07-23T02:00:44.142Z,usb,1,3612849267,218275,55878400,256,8000,31.680
2026-07-23T02:00:44.174Z,usb,1,3612849267,218276,55878656,256,8000,31.680
2026-07-23T02:00:44.206Z,usb,1,3612849267,218277,55878912,256,8000,31.680
2026-07-23T02:00:44.238Z,usb,1,3612849267,218278,55879168,256,8000,31.680
2026-07-23T02:00:44.270Z,usb,1,3612849267,218279,55879424,256,8000,31.680
2026-07-23T02:00:44.301Z,usb,1,3612849267,218280,55879680,256,8000,31.680
2026-07-23T02:00:44.334Z,usb,1,3612849267,218281,55879936,256,8000,31.680
2026-07-23T02:00:44.365Z,usb,1,3612849267,218282,55880192,256,8000,31.680
2026-07-23T02:00:44.398Z,usb,1,3612849267,218283,55880448,256,8000,31.680
2026-07-23T02:00:44.429Z,usb,1,3612849267,218284,55880704,256,8000,31.680
2026-07-23T02:00:44.462Z,usb,1,3612849267,218285,55880960,256,8000,31.680
2026-07-23T02:00:44.494Z,usb,1,3612849267,218286,55881216,256,8000,31.680
2026-07-23T02:00:44.526Z,usb,1,3612849267,218287,55881472,256,8000,31.680
2026-07-23T02:00:44.558Z,usb,1,3612849267,218288,55881728,256,8000,31.680
2026-07-23T02:00:44.590Z,usb,1,3612849267,218289,55881984,256,8000,31.680
2026-07-23T02:00:44.622Z,usb,1,3612849267,218290,55882240,256,8000,31.680
2026-07-23T02:00:44.654Z,usb,1,3612849267,218291,55882496,256,8000,31.680
2026-07-23T02:00:44.686Z,usb,1,3612849267,218292,55882752,256,8000,31.680
2026-07-23T02:00:44.718Z,usb,1,3612849267,218293,55883008,256,8000,31.680
2026-07-23T02:00:44.749Z,usb,1,3612849267,218294,55883264,256,8000,31.680
2026-07-23T02:00:44.782Z,usb,1,3612849267,218295,55883520,256,8000,31.680
2026-07-23T02:00:44.813Z,usb,1,3612849267,218296,55883776,256,8000,31.680
2026-07-23T02:00:44.845Z,usb,1,3612849267,218297,55884032,256,8000,31.680
2026-07-23T02:00:44.877Z,usb,1,3612849267,218298,55884288,256,8000,31.680
2026-07-23T02:00:44.909Z,usb,1,3612849267,218299,55884544,256,8000,31.680
2026-07-23T02:00:44.941Z,usb,1,3612849267,218300,55884800,256,8000,31.680
2026-07-23T02:00:44.973Z,usb,1,3612849267,218301,55885056,256,8000,31.680
2026-07-23T02:00:45.006Z,usb,1,3612849267,218302,55885312,256,8000,31.680
2026-07-23T02:00:45.038Z,usb,1,3612849267,218303,55885568,256,8000,31.680
2026-07-23T02:00:45.069Z,usb,1,3612849267,218304,55885824,256,8000,31.680
2026-07-23T02:00:45.102Z,usb,1,3612849267,218305,55886080,256,8000,31.680
2026-07-23T02:00:45.134Z,usb,1,3612849267,218306,55886336,256,8000,31.680
2026-07-23T02:00:45.165Z,usb,1,3612849267,218307,55886592,256,8000,31.680
2026-07-23T02:00:45.198Z,usb,1,3612849267,218308,55886848,256,8000,31.680
2026-07-23T02:00:45.229Z,usb,1,3612849267,218309,55887104,256,8000,31.680
2026-07-23T02:00:45.262Z,usb,1,3612849267,218310,55887360,256,8000,31.680
2026-07-23T02:00:45.294Z,usb,1,3612849267,218311,55887616,256,8000,31.680
2026-07-23T02:00:45.326Z,usb,1,3612849267,218312,55887872,256,8000,31.680
2026-07-23T02:00:45.358Z,usb,1,3612849267,218313,55888128,256,8000,31.680
2026-07-23T02:00:45.390Z,usb,1,3612849267,218314,55888384,256,8000,31.680
2026-07-23T02:00:45.422Z,usb,1,3612849267,218315,55888640,256,8000,31.680
2026-07-23T02:00:45.453Z,usb,1,3612849267,218316,55888896,256,8000,31.680
2026-07-23T02:00:45.485Z,usb,1,3612849267,218317,55889152,256,8000,31.680
2026-07-23T02:00:45.517Z,usb,1,3612849267,218318,55889408,256,8000,31.680
2026-07-23T02:00:45.549Z,usb,1,3612849267,218319,55889664,256,8000,31.680
2026-07-23T02:00:45.582Z,usb,1,3612849267,218320,55889920,256,8000,31.680
2026-07-23T02:00:45.614Z,usb,1,3612849267,218321,55890176,256,8000,31.680
2026-07-23T02:00:45.646Z,usb,1,3612849267,218322,55890432,256,8000,31.680
2026-07-23T02:00:45.678Z,usb,1,3612849267,218323,55890688,256,8000,31.680
2026-07-23T02:00:45.709Z,usb,1,3612849267,218324,55890944,256,8000,31.680
2026-07-23T02:00:45.742Z,usb,1,3612849267,218325,55891200,256,8000,31.680
2026-07-23T02:00:45.774Z,usb,1,3612849267,218326,55891456,256,8000,31.680
2026-07-23T02:00:45.806Z,usb,1,3612849267,218327,55891712,256,8000,31.680
2026-07-23T02:00:45.838Z,usb,1,3612849267,218328,55891968,256,8000,31.680
2026-07-23T02:00:45.870Z,usb,1,3612849267,218329,55892224,256,8000,31.680
2026-07-23T02:00:45.902Z,usb,1,3612849267,218330,55892480,256,8000,31.680
2026-07-23T02:00:45.933Z,usb,1,3612849267,218331,55892736,256,8000,31.680
2026-07-23T02:00:45.966Z,usb,1,3612849267,218332,55892992,256,8000,31.680
2026-07-23T02:00:45.998Z,usb,1,3612849267,218333,55893248,256,8000,31.680
2026-07-23T02:00:46.030Z,usb,1,3612849267,218334,55893504,256,8000,31.680
2026-07-23T02:00:46.062Z,usb,1,3612849267,218335,55893760,256,8000,31.680
2026-07-23T02:00:46.093Z,usb,1,3612849267,218336,55894016,256,8000,31.680
2026-07-23T02:00:46.126Z,usb,1,3612849267,218337,55894272,256,8000,31.680
2026-07-23T02:00:46.158Z,usb,1,3612849267,218338,55894528,256,8000,31.680
2026-07-23T02:00:46.190Z,usb,1,3612849267,218339,55894784,256,8000,31.680
2026-07-23T02:00:46.222Z,usb,1,3612849267,218340,55895040,256,8000,31.680
2026-07-23T02:00:46.254Z,usb,1,3612849267,218341,55895296,256,8000,31.680
2026-07-23T02:00:46.286Z,usb,1,3612849267,218342,55895552,256,8000,31.680
2026-07-23T02:00:46.318Z,usb,1,3612849267,218343,55895808,256,8000,31.680
2026-07-23T02:00:46.350Z,usb,1,3612849267,218344,55896064,256,8000,31.680
2026-07-23T02:00:46.382Z,usb,1,3612849267,218345,55896320,256,8000,31.680
2026-07-23T02:00:46.414Z,usb,1,3612849267,218346,55896576,256,8000,31.680
2026-07-23T02:00:46.445Z,usb,1,3612849267,218347,55896832,256,8000,31.680
2026-07-23T02:00:46.477Z,usb,1,3612849267,218348,55897088,256,8000,31.680
2026-07-23T02:00:46.509Z,usb,1,3612849267,218349,55897344,256,8000,31.680
2026-07-23T02:00:46.542Z,usb,1,3612849267,218350,55897600,256,8000,31.680
2026-07-23T02:00:46.574Z,usb,1,3612849267,218351,55897856,256,8000,31.680
2026-07-23T02:00:46.605Z,usb,1,3612849267,218352,55898112,256,8000,31.680
2026-07-23T02:00:46.637Z,usb,1,3612849267,218353,55898368,256,8000,31.680
2026-07-23T02:00:46.670Z,usb,1,3612849267,218354,55898624,256,8000,31.680
2026-07-23T02:00:46.701Z,usb,1,3612849267,218355,55898880,256,8000,31.680
2026-07-23T02:00:46.734Z,usb,1,3612849267,218356,55899136,256,8000,31.680
2026-07-23T02:00:46.766Z,usb,1,3612849267,218357,55899392,256,8000,31.680
2026-07-23T02:00:46.798Z,usb,1,3612849267,218358,55899648,256,8000,31.680
2026-07-23T02:00:46.830Z,usb,1,3612849267,218359,55899904,256,8000,31.680
2026-07-23T02:00:46.861Z,usb,1,3612849267,218360,55900160,256,8000,31.680
2026-07-23T02:00:46.893Z,usb,1,3612849267,218361,55900416,256,8000,31.680
2026-07-23T02:00:46.926Z,usb,1,3612849267,218362,55900672,256,8000,31.680
2026-07-23T02:00:46.958Z,usb,1,3612849267,218363,55900928,256,8000,31.680
2026-07-23T02:00:46.989Z,usb,1,3612849267,218364,55901184,256,8000,31.680
2026-07-23T02:00:47.021Z,usb,1,3612849267,218365,55901440,256,8000,31.680
2026-07-23T02:00:47.053Z,usb,1,3612849267,218366,55901696,256,8000,31.680
2026-07-23T02:00:47.085Z,usb,1,3612849267,218367,55901952,256,8000,31.680
2026-07-23T02:00:47.117Z,usb,1,3612849267,218368,55902208,256,8000,31.680
2026-07-23T02:00:47.150Z,usb,1,3612849267,218369,55902464,256,8000,31.680
2026-07-23T02:00:47.182Z,usb,1,3612849267,218370,55902720,256,8000,31.680
2026-07-23T02:00:47.214Z,usb,1,3612849267,218371,55902976,256,8000,31.680
2026-07-23T02:00:47.246Z,usb,1,3612849267,218372,55903232,256,8000,31.680
2026-07-23T02:00:47.278Z,usb,1,3612849267,218373,55903488,256,8000,31.680
2026-07-23T02:00:47.310Z,usb,1,3612849267,218374,55903744,256,8000,31.680
2026-07-23T02:00:47.342Z,usb,1,3612849267,218375,55904000,256,8000,31.680
2026-07-23T02:00:47.373Z,usb,1,3612849267,218376,55904256,256,8000,31.680
2026-07-23T02:00:47.405Z,usb,1,3612849267,218377,55904512,256,8000,31.680
2026-07-23T02:00:47.438Z,usb,1,3612849267,218378,55904768,256,8000,31.680
2026-07-23T02:00:47.470Z,usb,1,3612849267,218379,55905024,256,8000,31.680
2026-07-23T02:00:47.502Z,usb,1,3612849267,218380,55905280,256,8000,31.680
2026-07-23T02:00:47.534Z,usb,1,3612849267,218381,55905536,256,8000,31.680
2026-07-23T02:00:47.565Z,usb,1,3612849267,218382,55905792,256,8000,31.680
2026-07-23T02:00:47.598Z,usb,1,3612849267,218383,55906048,256,8000,31.680
2026-07-23T02:00:47.630Z,usb,1,3612849267,218384,55906304,256,8000,31.680
2026-07-23T02:00:47.662Z,usb,1,3612849267,218385,55906560,256,8000,31.680
2026-07-23T02:00:47.694Z,usb,1,3612849267,218386,55906816,256,8000,31.680
2026-07-23T02:00:47.726Z,usb,1,3612849267,218387,55907072,256,8000,31.680
2026-07-23T02:00:47.758Z,usb,1,3612849267,218388,55907328,256,8000,31.680
2026-07-23T02:00:47.790Z,usb,1,3612849267,218389,55907584,256,8000,31.680
2026-07-23T02:00:47.821Z,usb,1,3612849267,218390,55907840,256,8000,31.680
2026-07-23T02:00:47.853Z,usb,1,3612849267,218391,55908096,256,8000,31.680
2026-07-23T02:00:47.886Z,usb,1,3612849267,218392,55908352,256,8000,31.680
2026-07-23T02:00:47.918Z,usb,1,3612849267,218393,55908608,256,8000,31.680
2026-07-23T02:00:47.950Z,usb,1,3612849267,218394,55908864,256,8000,31.680
2026-07-23T02:00:47.982Z,usb,1,3612849267,218395,55909120,256,8000,31.680
2026-07-23T02:00:48.014Z,usb,1,3612849267,218396,55909376,256,8000,31.680
2026-07-23T02:00:48.046Z,usb,1,3612849267,218397,55909632,256,8000,31.680
2026-07-23T02:00:48.077Z,usb,1,3612849267,218398,55909888,256,8000,31.680
2026-07-23T02:00:48.109Z,usb,1,3612849267,218399,55910144,256,8000,31.680
2026-07-23T02:00:48.142Z,usb,1,3612849267,218400,55910400,256,8000,31.680
2026-07-23T02:00:48.174Z,usb,1,3612849267,218401,55910656,256,8000,31.680
2026-07-23T02:00:48.205Z,usb,1,3612849267,218402,55910912,256,8000,31.680
2026-07-23T02:00:48.238Z,usb,1,3612849267,218403,55911168,256,8000,31.680
2026-07-23T02:00:48.270Z,usb,1,3612849267,218404,55911424,256,8000,31.690
2026-07-23T02:00:48.301Z,usb,1,3612849267,218405,55911680,256,8000,31.690
2026-07-23T02:00:48.334Z,usb,1,3612849267,218406,55911936,256,8000,31.690
2026-07-23T02:00:48.366Z,usb,1,3612849267,218407,55912192,256,8000,31.690
2026-07-23T02:00:48.397Z,usb,1,3612849267,218408,55912448,256,8000,31.690
2026-07-23T02:00:48.430Z,usb,1,3612849267,218409,55912704,256,8000,31.690
2026-07-23T02:00:48.462Z,usb,1,3612849267,218410,55912960,256,8000,31.690
2026-07-23T02:00:48.494Z,usb,1,3612849267,218411,55913216,256,8000,31.690
2026-07-23T02:00:48.526Z,usb,1,3612849267,218412,55913472,256,8000,31.690
2026-07-23T02:00:48.558Z,usb,1,3612849267,218413,55913728,256,8000,31.690
2026-07-23T02:00:48.590Z,usb,1,3612849267,218414,55913984,256,8000,31.690
2026-07-23T02:00:48.622Z,usb,1,3612849267,218415,55914240,256,8000,31.690
2026-07-23T02:00:48.654Z,usb,1,3612849267,218416,55914496,256,8000,31.690
2026-07-23T02:00:48.686Z,usb,1,3612849267,218417,55914752,256,8000,31.690
2026-07-23T02:00:48.718Z,usb,1,3612849267,218418,55915008,256,8000,31.690
2026-07-23T02:00:48.750Z,usb,1,3612849267,218419,55915264,256,8000,31.690
2026-07-23T02:00:48.782Z,usb,1,3612849267,218420,55915520,256,8000,31.690
2026-07-23T02:00:48.814Z,usb,1,3612849267,218421,55915776,256,8000,31.690
2026-07-23T02:00:48.846Z,usb,1,3612849267,218422,55916032,256,8000,31.690
2026-07-23T02:00:48.878Z,usb,1,3612849267,218423,55916288,256,8000,31.690
2026-07-23T02:00:48.910Z,usb,1,3612849267,218424,55916544,256,8000,31.690
2026-07-23T02:00:48.941Z,usb,1,3612849267,218425,55916800,256,8000,31.690
2026-07-23T02:00:48.974Z,usb,1,3612849267,218426,55917056,256,8000,31.690
2026-07-23T02:00:49.006Z,usb,1,3612849267,218427,55917312,256,8000,31.690
2026-07-23T02:00:49.037Z,usb,1,3612849267,218428,55917568,256,8000,31.690
2026-07-23T02:00:49.070Z,usb,1,3612849267,218429,55917824,256,8000,31.690
2026-07-23T02:00:49.102Z,usb,1,3612849267,218430,55918080,256,8000,31.690
2026-07-23T02:00:49.133Z,usb,1,3612849267,218431,55918336,256,8000,31.690
2026-07-23T02:00:49.166Z,usb,1,3612849267,218432,55918592,256,8000,31.690
2026-07-23T02:00:49.198Z,usb,1,3612849267,218433,55918848,256,8000,31.690
2026-07-23T02:00:49.230Z,usb,1,3612849267,218434,55919104,256,8000,31.690
2026-07-23T02:00:49.262Z,usb,1,3612849267,218435,55919360,256,8000,31.690
2026-07-23T02:00:49.294Z,usb,1,3612849267,218436,55919616,256,8000,31.680
2026-07-23T02:00:49.326Z,usb,1,3612849267,218437,55919872,256,8000,31.680
2026-07-23T02:00:49.358Z,usb,1,3612849267,218438,55920128,256,8000,31.680
2026-07-23T02:00:49.390Z,usb,1,3612849267,218439,55920384,256,8000,31.680
2026-07-23T02:00:49.422Z,usb,1,3612849267,218440,55920640,256,8000,31.680
2026-07-23T02:00:49.454Z,usb,1,3612849267,218441,55920896,256,8000,31.680
2026-07-23T02:00:49.486Z,usb,1,3612849267,218442,55921152,256,8000,31.680
2026-07-23T02:00:49.517Z,usb,1,3612849267,218443,55921408,256,8000,31.680
2026-07-23T02:00:49.549Z,usb,1,3612849267,218444,55921664,256,8000,31.680
2026-07-23T02:00:49.582Z,usb,1,3612849267,218445,55921920,256,8000,31.680
2026-07-23T02:00:49.614Z,usb,1,3612849267,218446,55922176,256,8000,31.680
2026-07-23T02:00:49.645Z,usb,1,3612849267,218447,55922432,256,8000,31.680
2026-07-23T02:00:49.677Z,usb,1,3612849267,218448,55922688,256,8000,31.680
2026-07-23T02:00:49.710Z,usb,1,3612849267,218449,55922944,256,8000,31.680
2026-07-23T02:00:49.742Z,usb,1,3612849267,218450,55923200,256,8000,31.680
2026-07-23T02:00:49.773Z,usb,1,3612849267,218451,55923456,256,8000,31.680
2026-07-23T02:00:49.806Z,usb,1,3612849267,218452,55923712,256,8000,31.680
2026-07-23T02:00:49.838Z,usb,1,3612849267,218453,55923968,256,8000,31.680
2026-07-23T02:00:49.870Z,usb,1,3612849267,218454,55924224,256,8000,31.680
2026-07-23T02:00:49.901Z,usb,1,3612849267,218455,55924480,256,8000,31.680
2026-07-23T02:00:49.934Z,usb,1,3612849267,218456,55924736,256,8000,31.680
2026-07-23T02:00:49.965Z,usb,1,3612849267,218457,55924992,256,8000,31.680
2026-07-23T02:00:49.997Z,usb,1,3612849267,218458,55925248,256,8000,31.680
2026-07-23T02:00:50.029Z,usb,1,3612849267,218459,55925504,256,8000,31.680
2026-07-23T02:00:50.061Z,usb,1,3612849267,218460,55925760,256,8000,31.680
2026-07-23T02:00:50.093Z,usb,1,3612849267,218461,55926016,256,8000,31.680
2026-07-23T02:00:50.125Z,usb,1,3612849267,218462,55926272,256,8000,31.680
2026-07-23T02:00:50.157Z,usb,1,3612849267,218463,55926528,256,8000,31.680
2026-07-23T02:00:50.189Z,usb,1,3612849267,218464,55926784,256,8000,31.680
2026-07-23T02:00:50.222Z,usb,1,3612849267,218465,55927040,256,8000,31.680
2026-07-23T02:00:50.254Z,usb,1,3612849267,218466,55927296,256,8000,31.680
2026-07-23T02:00:50.286Z,usb,1,3612849267,218467,55927552,256,8000,31.680
2026-07-23T02:00:50.318Z,usb,1,3612849267,218468,55927808,256,8000,31.680
2026-07-23T02:00:50.350Z,usb,1,3612849267,218469,55928064,256,8000,31.680
2026-07-23T02:00:50.382Z,usb,1,3612849267,218470,55928320,256,8000,31.680
2026-07-23T02:00:50.414Z,usb,1,3612849267,218471,55928576,256,8000,31.680
2026-07-23T02:00:50.445Z,usb,1,3612849267,218472,55928832,256,8000,31.680
2026-07-23T02:00:50.478Z,usb,1,3612849267,218473,55929088,256,8000,31.680
2026-07-23T02:00:50.509Z,usb,1,3612849267,218474,55929344,256,8000,31.680
2026-07-23T02:00:50.542Z,usb,1,3612849267,218475,55929600,256,8000,31.680
2026-07-23T02:00:50.574Z,usb,1,3612849267,218476,55929856,256,8000,31.680
2026-07-23T02:00:50.606Z,usb,1,3612849267,218477,55930112,256,8000,31.680
2026-07-23T02:00:50.638Z,usb,1,3612849267,218478,55930368,256,8000,31.680
2026-07-23T02:00:50.670Z,usb,1,3612849267,218479,55930624,256,8000,31.680
2026-07-23T02:00:50.702Z,usb,1,3612849267,218480,55930880,256,8000,31.680
2026-07-23T02:00:50.734Z,usb,1,3612849267,218481,55931136,256,8000,31.680
2026-07-23T02:00:50.765Z,usb,1,3612849267,218482,55931392,256,8000,31.680
2026-07-23T02:00:50.798Z,usb,1,3612849267,218483,55931648,256,8000,31.680
2026-07-23T02:00:50.830Z,usb,1,3612849267,218484,55931904,256,8000,31.680
2026-07-23T02:00:50.862Z,usb,1,3612849267,218485,55932160,256,8000,31.680
2026-07-23T02:00:50.894Z,usb,1,3612849267,218486,55932416,256,8000,31.680
2026-07-23T02:00:50.926Z,usb,1,3612849267,218487,55932672,256,8000,31.680
2026-07-23T02:00:50.958Z,usb,1,3612849267,218488,55932928,256,8000,31.680
2026-07-23T02:00:50.990Z,usb,1,3612849267,218489,55933184,256,8000,31.680
2026-07-23T02:00:51.022Z,usb,1,3612849267,218490,55933440,256,8000,31.680
2026-07-23T02:00:51.053Z,usb,1,3612849267,218491,55933696,256,8000,31.680
2026-07-23T02:00:51.086Z,usb,1,3612849267,218492,55933952,256,8000,31.680
2026-07-23T02:00:51.118Z,usb,1,3612849267,218493,55934208,256,8000,31.680
2026-07-23T02:00:51.150Z,usb,1,3612849267,218494,55934464,256,8000,31.680
2026-07-23T02:00:51.182Z,usb,1,3612849267,218495,55934720,256,8000,31.680
2026-07-23T02:00:51.213Z,usb,1,3612849267,218496,55934976,256,8000,31.680
2026-07-23T02:00:51.245Z,usb,1,3612849267,218497,55935232,256,8000,31.680
2026-07-23T02:00:51.277Z,usb,1,3612849267,218498,55935488,256,8000,31.680
2026-07-23T02:00:51.309Z,usb,1,3612849267,218499,55935744,256,8000,31.680
2026-07-23T02:00:51.342Z,usb,1,3612849267,218500,55936000,256,8000,31.680
2026-07-23T02:00:51.374Z,usb,1,3612849267,218501,55936256,256,8000,31.680
2026-07-23T02:00:51.406Z,usb,1,3612849267,218502,55936512,256,8000,31.680
2026-07-23T02:00:51.438Z,usb,1,3612849267,218503,55936768,256,8000,31.680
2026-07-23T02:00:51.469Z,usb,1,3612849267,218504,55937024,256,8000,31.680
2026-07-23T02:00:51.502Z,usb,1,3612849267,218505,55937280,256,8000,31.680
2026-07-23T02:00:51.533Z,usb,1,3612849267,218506,55937536,256,8000,31.680
2026-07-23T02:00:51.566Z,usb,1,3612849267,218507,55937792,256,8000,31.680
2026-07-23T02:00:51.598Z,usb,1,3612849267,218508,55938048,256,8000,31.680
2026-07-23T02:00:51.630Z,usb,1,3612849267,218509,55938304,256,8000,31.680
2026-07-23T02:00:51.662Z,usb,1,3612849267,218510,55938560,256,8000,31.680
2026-07-23T02:00:51.694Z,usb,1,3612849267,218511,55938816,256,8000,31.680
2026-07-23T02:00:51.726Z,usb,1,3612849267,218512,55939072,256,8000,31.680
2026-07-23T02:00:51.758Z,usb,1,3612849267,218513,55939328,256,8000,31.680
2026-07-23T02:00:51.790Z,usb,1,3612849267,218514,55939584,256,8000,31.680
2026-07-23T02:00:51.822Z,usb,1,3612849267,218515,55939840,256,8000,31.680
2026-07-23T02:00:51.854Z,usb,1,3612849267,218516,55940096,256,8000,31.680
2026-07-23T02:00:51.886Z,usb,1,3612849267,218517,55940352,256,8000,31.680
2026-07-23T02:00:51.918Z,usb,1,3612849267,218518,55940608,256,8000,31.680
2026-07-23T02:00:51.950Z,usb,1,3612849267,218519,55940864,256,8000,31.680
2026-07-23T02:00:51.981Z,usb,1,3612849267,218520,55941120,256,8000,31.680
2026-07-23T02:00:52.014Z,usb,1,3612849267,218521,55941376,256,8000,31.680
2026-07-23T02:00:52.046Z,usb,1,3612849267,218522,55941632,256,8000,31.680
2026-07-23T02:00:52.078Z,usb,1,3612849267,218523,55941888,256,8000,31.680
2026-07-23T02:00:52.110Z,usb,1,3612849267,218524,55942144,256,8000,31.680
2026-07-23T02:00:52.142Z,usb,1,3612849267,218525,55942400,256,8000,31.680
2026-07-23T02:00:52.173Z,usb,1,3612849267,218526,55942656,256,8000,31.680
2026-07-23T02:00:52.206Z,usb,1,3612849267,218527,55942912,256,8000,31.680
2026-07-23T02:00:52.238Z,usb,1,3612849267,218528,55943168,256,8000,31.680
2026-07-23T02:00:52.270Z,usb,1,3612849267,218529,55943424,256,8000,31.680
2026-07-23T02:00:52.301Z,usb,1,3612849267,218530,55943680,256,8000,31.680
2026-07-23T02:00:52.334Z,usb,1,3612849267,218531,55943936,256,8000,31.680
2026-07-23T02:00:52.366Z,usb,1,3612849267,218532,55944192,256,8000,31.680
2026-07-23T02:00:52.398Z,usb,1,3612849267,218533,55944448,256,8000,31.680
2026-07-23T02:00:52.430Z,usb,1,3612849267,218534,55944704,256,8000,31.680
2026-07-23T02:00:52.462Z,usb,1,3612849267,218535,55944960,256,8000,31.680
2026-07-23T02:00:52.494Z,usb,1,3612849267,218536,55945216,256,8000,31.680
2026-07-23T02:00:52.526Z,usb,1,3612849267,218537,55945472,256,8000,31.680
2026-07-23T02:00:52.558Z,usb,1,3612849267,218538,55945728,256,8000,31.680
2026-07-23T02:00:52.589Z,usb,1,3612849267,218539,55945984,256,8000,31.680
2026-07-23T02:00:52.622Z,usb,1,3612849267,218540,55946240,256,8000,31.680
2026-07-23T02:00:52.654Z,usb,1,3612849267,218541,55946496,256,8000,31.680
2026-07-23T02:00:52.685Z,usb,1,3612849267,218542,55946752,256,8000,31.680
2026-07-23T02:00:52.718Z,usb,1,3612849267,218543,55947008,256,8000,31.680
2026-07-23T02:00:52.750Z,usb,1,3612849267,218544,55947264,256,8000,31.680
2026-07-23T02:00:52.781Z,usb,1,3612849267,218545,55947520,256,8000,31.680
2026-07-23T02:00:52.814Z,usb,1,3612849267,218546,55947776,256,8000,31.680
2026-07-23T02:00:52.846Z,usb,1,3612849267,218547,55948032,256,8000,31.680
2026-07-23T02:00:52.877Z,usb,1,3612849267,218548,55948288,256,8000,31.680
2026-07-23T02:00:52.910Z,usb,1,3612849267,218549,55948544,256,8000,31.680
2026-07-23T02:00:52.941Z,usb,1,3612849267,218550,55948800,256,8000,31.680
2026-07-23T02:00:52.973Z,usb,1,3612849267,218551,55949056,256,8000,31.680
2026-07-23T02:00:53.005Z,usb,1,3612849267,218552,55949312,256,8000,31.680
2026-07-23T02:00:53.037Z,usb,1,3612849267,218553,55949568,256,8000,31.680
2026-07-23T02:00:53.069Z,usb,1,3612849267,218554,55949824,256,8000,31.680
2026-07-23T02:00:53.101Z,usb,1,3612849267,218555,55950080,256,8000,31.680
2026-07-23T02:00:53.133Z,usb,1,3612849267,218556,55950336,256,8000,31.680
2026-07-23T02:00:53.166Z,usb,1,3612849267,218557,55950592,256,8000,31.680
2026-07-23T02:00:53.198Z,usb,1,3612849267,218558,55950848,256,8000,31.680
2026-07-23T02:00:53.230Z,usb,1,3612849267,218559,55951104,256,8000,31.680
2026-07-23T02:00:53.262Z,usb,1,3612849267,218560,55951360,256,8000,31.680
2026-07-23T02:00:53.294Z,usb,1,3612849267,218561,55951616,256,8000,31.680
2026-07-23T02:00:53.325Z,usb,1,3612849267,218562,55951872,256,8000,31.680
2026-07-23T02:00:53.357Z,usb,1,3612849267,218563,55952128,256,8000,31.680
2026-07-23T02:00:53.390Z,usb,1,3612849267,218564,55952384,256,8000,31.680
2026-07-23T02:00:53.421Z,usb,1,3612849267,218565,55952640,256,8000,31.680
2026-07-23T02:00:53.453Z,usb,1,3612849267,218566,55952896,256,8000,31.680
2026-07-23T02:00:53.485Z,usb,1,3612849267,218567,55953152,256,8000,31.680
2026-07-23T02:00:53.518Z,usb,1,3612849267,218568,55953408,256,8000,31.680
2026-07-23T02:00:53.549Z,usb,1,3612849267,218569,55953664,256,8000,31.680
2026-07-23T02:00:53.581Z,usb,1,3612849267,218570,55953920,256,8000,31.680
2026-07-23T02:00:53.613Z,usb,1,3612849267,218571,55954176,256,8000,31.680
2026-07-23T02:00:53.646Z,usb,1,3612849267,218572,55954432,256,8000,31.680
2026-07-23T02:00:53.677Z,usb,1,3612849267,218573,55954688,256,8000,31.680
2026-07-23T02:00:53.709Z,usb,1,3612849267,218574,55954944,256,8000,31.680
2026-07-23T02:00:53.742Z,usb,1,3612849267,218575,55955200,256,8000,31.680
2026-07-23T02:00:53.774Z,usb,1,3612849267,218576,55955456,256,8000,31.680
2026-07-23T02:00:53.806Z,usb,1,3612849267,218577,55955712,256,8000,31.680
2026-07-23T02:00:53.838Z,usb,1,3612849267,218578,55955968,256,8000,31.680
2026-07-23T02:00:53.869Z,usb,1,3612849267,218579,55956224,256,8000,31.680
2026-07-23T02:00:53.902Z,usb,1,3612849267,218580,55956480,256,8000,31.680
2026-07-23T02:00:53.933Z,usb,1,3612849267,218581,55956736,256,8000,31.680
2026-07-23T02:00:53.965Z,usb,1,3612849267,218582,55956992,256,8000,31.680
2026-07-23T02:00:53.998Z,usb,1,3612849267,218583,55957248,256,8000,31.680
2026-07-23T02:00:54.030Z,usb,1,3612849267,218584,55957504,256,8000,31.680
2026-07-23T02:00:54.061Z,usb,1,3612849267,218585,55957760,256,8000,31.680
2026-07-23T02:00:54.094Z,usb,1,3612849267,218586,55958016,256,8000,31.680
2026-07-23T02:00:54.125Z,usb,1,3612849267,218587,55958272,256,8000,31.680
2026-07-23T02:00:54.158Z,usb,1,3612849267,218588,55958528,256,8000,31.680
2026-07-23T02:00:54.190Z,usb,1,3612849267,218589,55958784,256,8000,31.680
2026-07-23T02:00:54.222Z,usb,1,3612849267,218590,55959040,256,8000,31.680
2026-07-23T02:00:54.254Z,usb,1,3612849267,218591,55959296,256,8000,31.680
2026-07-23T02:00:54.286Z,usb,1,3612849267,218592,55959552,256,8000,31.680
2026-07-23T02:00:54.317Z,usb,1,3612849267,218593,55959808,256,8000,31.680
2026-07-23T02:00:54.350Z,usb,1,3612849267,218594,55960064,256,8000,31.680
2026-07-23T02:00:54.381Z,usb,1,3612849267,218595,55960320,256,8000,31.680
2026-07-23T02:00:54.414Z,usb,1,3612849267,218596,55960576,256,8000,31.680
2026-07-23T02:00:54.445Z,usb,1,3612849267,218597,55960832,256,8000,31.680
2026-07-23T02:00:54.477Z,usb,1,3612849267,218598,55961088,256,8000,31.680
2026-07-23T02:00:54.509Z,usb,1,3612849267,218599,55961344,256,8000,31.680
2026-07-23T02:00:54.541Z,usb,1,3612849267,218600,55961600,256,8000,31.680
2026-07-23T02:00:54.574Z,usb,1,3612849267,218601,55961856,256,8000,31.680
2026-07-23T02:00:54.606Z,usb,1,3612849267,218602,55962112,256,8000,31.680
2026-07-23T02:00:54.638Z,usb,1,3612849267,218603,55962368,256,8000,31.680
2026-07-23T02:00:54.669Z,usb,1,3612849267,218604,55962624,256,8000,31.680
2026-07-23T02:00:54.701Z,usb,1,3612849267,218605,55962880,256,8000,31.680
2026-07-23T02:00:54.734Z,usb,1,3612849267,218606,55963136,256,8000,31.680
2026-07-23T02:00:54.766Z,usb,1,3612849267,218607,55963392,256,8000,31.680
2026-07-23T02:00:54.798Z,usb,1,3612849267,218608,55963648,256,8000,31.680
2026-07-23T02:00:54.829Z,usb,1,3612849267,218609,55963904,256,8000,31.680
2026-07-23T02:00:54.861Z,usb,1,3612849267,218610,55964160,256,8000,31.680
2026-07-23T02:00:54.894Z,usb,1,3612849267,218611,55964416,256,8000,31.680
2026-07-23T02:00:54.926Z,usb,1,3612849267,218612,55964672,256,8000,31.680
2026-07-23T02:00:54.957Z,usb,1,3612849267,218613,55964928,256,8000,31.680
2026-07-23T02:00:54.990Z,usb,1,3612849267,218614,55965184,256,8000,31.680
2026-07-23T02:00:55.021Z,usb,1,3612849267,218615,55965440,256,8000,31.680
2026-07-23T02:00:55.053Z,usb,1,3612849267,218616,55965696,256,8000,31.680
2026-07-23T02:00:55.086Z,usb,1,3612849267,218617,55965952,256,8000,31.680
2026-07-23T02:00:55.117Z,usb,1,3612849267,218618,55966208,256,8000,31.680
2026-07-23T02:00:55.149Z,usb,1,3612849267,218619,55966464,256,8000,31.680
2026-07-23T02:00:55.182Z,usb,1,3612849267,218620,55966720,256,8000,31.680
2026-07-23T02:00:55.214Z,usb,1,3612849267,218621,55966976,256,8000,31.680
2026-07-23T02:00:55.246Z,usb,1,3612849267,218622,55967232,256,8000,31.680
2026-07-23T02:00:55.278Z,usb,1,3612849267,218623,55967488,256,8000,31.680
2026-07-23T02:00:55.310Z,usb,1,3612849267,218624,55967744,256,8000,31.680
2026-07-23T02:00:55.342Z,usb,1,3612849267,218625,55968000,256,8000,31.680
2026-07-23T02:00:55.373Z,usb,1,3612849267,218626,55968256,256,8000,31.680
2026-07-23T02:00:55.406Z,usb,1,3612849267,218627,55968512,256,8000,31.680
2026-07-23T02:00:55.438Z,usb,1,3612849267,218628,55968768,256,8000,31.680
2026-07-23T02:00:55.469Z,usb,1,3612849267,218629,55969024,256,8000,31.680
2026-07-23T02:00:55.502Z,usb,1,3612849267,218630,55969280,256,8000,31.680
2026-07-23T02:00:55.534Z,usb,1,3612849267,218631,55969536,256,8000,31.680
2026-07-23T02:00:55.565Z,usb,1,3612849267,218632,55969792,256,8000,31.680
2026-07-23T02:00:55.598Z,usb,1,3612849267,218633,55970048,256,8000,31.680
2026-07-23T02:00:55.630Z,usb,1,3612849267,218634,55970304,256,8000,31.680
2026-07-23T02:00:55.661Z,usb,1,3612849267,218635,55970560,256,8000,31.680
2026-07-23T02:00:55.694Z,usb,1,3612849267,218636,55970816,256,8000,31.680
2026-07-23T02:00:55.726Z,usb,1,3612849267,218637,55971072,256,8000,31.680
2026-07-23T02:00:55.758Z,usb,1,3612849267,218638,55971328,256,8000,31.680
2026-07-23T02:00:55.790Z,usb,1,3612849267,218639,55971584,256,8000,31.680
2026-07-23T02:00:55.821Z,usb,1,3612849267,218640,55971840,256,8000,31.680
2026-07-23T02:00:55.854Z,usb,1,3612849267,218641,55972096,256,8000,31.680
2026-07-23T02:00:55.886Z,usb,1,3612849267,218642,55972352,256,8000,31.680
2026-07-23T02:00:55.918Z,usb,1,3612849267,218643,55972608,256,8000,31.680
2026-07-23T02:00:55.950Z,usb,1,3612849267,218644,55972864,256,8000,31.680
2026-07-23T02:00:55.981Z,usb,1,3612849267,218645,55973120,256,8000,31.680
2026-07-23T02:00:56.014Z,usb,1,3612849267,218646,55973376,256,8000,31.680
2026-07-23T02:00:56.046Z,usb,1,3612849267,218647,55973632,256,8000,31.680
2026-07-23T02:00:56.078Z,usb,1,3612849267,218648,55973888,256,8000,31.680
2026-07-23T02:00:56.110Z,usb,1,3612849267,218649,55974144,256,8000,31.680
2026-07-23T02:00:56.142Z,usb,1,3612849267,218650,55974400,256,8000,31.680
2026-07-23T02:00:56.174Z,usb,1,3612849267,218651,55974656,256,8000,31.680
2026-07-23T02:00:56.206Z,usb,1,3612849267,218652,55974912,256,8000,31.680
2026-07-23T02:00:56.237Z,usb,1,3612849267,218653,55975168,256,8000,31.680
2026-07-23T02:00:56.270Z,usb,1,3612849267,218654,55975424,256,8000,31.680
2026-07-23T02:00:56.301Z,usb,1,3612849267,218655,55975680,256,8000,31.680
2026-07-23T02:00:56.333Z,usb,1,3612849267,218656,55975936,256,8000,31.680
2026-07-23T02:00:56.365Z,usb,1,3612849267,218657,55976192,256,8000,31.680
2026-07-23T02:00:56.397Z,usb,1,3612849267,218658,55976448,256,8000,31.680
2026-07-23T02:00:56.430Z,usb,1,3612849267,218659,55976704,256,8000,31.680
2026-07-23T02:00:56.462Z,usb,1,3612849267,218660,55976960,256,8000,31.680
2026-07-23T02:00:56.493Z,usb,1,3612849267,218661,55977216,256,8000,31.680
2026-07-23T02:00:56.526Z,usb,1,3612849267,218662,55977472,256,8000,31.680
2026-07-23T02:00:56.557Z,usb,1,3612849267,218663,55977728,256,8000,31.680
2026-07-23T02:00:56.590Z,usb,1,3612849267,218664,55977984,256,8000,31.680
2026-07-23T02:00:56.622Z,usb,1,3612849267,218665,55978240,256,8000,31.680
2026-07-23T02:00:56.654Z,usb,1,3612849267,218666,55978496,256,8000,31.680
2026-07-23T02:00:56.686Z,usb,1,3612849267,218667,55978752,256,8000,31.680
2026-07-23T02:00:56.718Z,usb,1,3612849267,218668,55979008,256,8000,31.680
2026-07-23T02:00:56.750Z,usb,1,3612849267,218669,55979264,256,8000,31.680
2026-07-23T02:00:56.782Z,usb,1,3612849267,218670,55979520,256,8000,31.680
2026-07-23T02:00:56.814Z,usb,1,3612849267,218671,55979776,256,8000,31.680
2026-07-23T02:00:56.845Z,usb,1,3612849267,218672,55980032,256,8000,31.680
2026-07-23T02:00:56.878Z,usb,1,3612849267,218673,55980288,256,8000,31.680
2026-07-23T02:00:56.909Z,usb,1,3612849267,218674,55980544,256,8000,31.680
2026-07-23T02:00:56.941Z,usb,1,3612849267,218675,55980800,256,8000,31.680
2026-07-23T02:00:56.973Z,usb,1,3612849267,218676,55981056,256,8000,31.680
2026-07-23T02:00:57.006Z,usb,1,3612849267,218677,55981312,256,8000,31.680
2026-07-23T02:00:57.038Z,usb,1,3612849267,218678,55981568,256,8000,31.680
2026-07-23T02:00:57.069Z,usb,1,3612849267,218679,55981824,256,8000,31.680
2026-07-23T02:00:57.102Z,usb,1,3612849267,218680,55982080,256,8000,31.680
2026-07-23T02:00:57.133Z,usb,1,3612849267,218681,55982336,256,8000,31.680
2026-07-23T02:00:57.166Z,usb,1,3612849267,218682,55982592,256,8000,31.680
2026-07-23T02:00:57.198Z,usb,1,3612849267,218683,55982848,256,8000,31.680
2026-07-23T02:00:57.230Z,usb,1,3612849267,218684,55983104,256,8000,31.680
2026-07-23T02:00:57.262Z,usb,1,3612849267,218685,55983360,256,8000,31.680
2026-07-23T02:00:57.294Z,usb,1,3612849267,218686,55983616,256,8000,31.680
2026-07-23T02:00:57.326Z,usb,1,3612849267,218687,55983872,256,8000,31.680
2026-07-23T02:00:57.358Z,usb,1,3612849267,218688,55984128,256,8000,31.680
2026-07-23T02:00:57.389Z,usb,1,3612849267,218689,55984384,256,8000,31.680
2026-07-23T02:00:57.422Z,usb,1,3612849267,218690,55984640,256,8000,31.680
2026-07-23T02:00:57.454Z,usb,1,3612849267,218691,55984896,256,8000,31.680
2026-07-23T02:00:57.486Z,usb,1,3612849267,218692,55985152,256,8000,31.680
2026-07-23T02:00:57.518Z,usb,1,3612849267,218693,55985408,256,8000,31.680
2026-07-23T02:00:57.550Z,usb,1,3612849267,218694,55985664,256,8000,31.680
2026-07-23T02:00:57.582Z,usb,1,3612849267,218695,55985920,256,8000,31.680
2026-07-23T02:00:57.613Z,usb,1,3612849267,218696,55986176,256,8000,31.680
2026-07-23T02:00:57.645Z,usb,1,3612849267,218697,55986432,256,8000,31.680
2026-07-23T02:00:57.677Z,usb,1,3612849267,218698,55986688,256,8000,31.680
2026-07-23T02:00:57.709Z,usb,1,3612849267,218699,55986944,256,8000,31.680
2026-07-23T02:00:57.742Z,usb,1,3612849267,218700,55987200,256,8000,31.680
2026-07-23T02:00:57.773Z,usb,1,3612849267,218701,55987456,256,8000,31.680
2026-07-23T02:00:57.806Z,usb,1,3612849267,218702,55987712,256,8000,31.680
2026-07-23T02:00:57.838Z,usb,1,3612849267,218703,55987968,256,8000,31.680
2026-07-23T02:00:57.870Z,usb,1,3612849267,218704,55988224,256,8000,31.680
2026-07-23T02:00:57.902Z,usb,1,3612849267,218705,55988480,256,8000,31.680
2026-07-23T02:00:57.934Z,usb,1,3612849267,218706,55988736,256,8000,31.680
2026-07-23T02:00:57.966Z,usb,1,3612849267,218707,55988992,256,8000,31.680
2026-07-23T02:00:57.998Z,usb,1,3612849267,218708,55989248,256,8000,31.680
2026-07-23T02:00:58.030Z,usb,1,3612849267,218709,55989504,256,8000,31.680
2026-07-23T02:00:58.062Z,usb,1,3612849267,218710,55989760,256,8000,31.680
2026-07-23T02:00:58.094Z,usb,1,3612849267,218711,55990016,256,8000,31.680
2026-07-23T02:00:58.126Z,usb,1,3612849267,218712,55990272,256,8000,31.680
2026-07-23T02:00:58.158Z,usb,1,3612849267,218713,55990528,256,8000,31.680
2026-07-23T02:00:58.190Z,usb,1,3612849267,218714,55990784,256,8000,31.680
2026-07-23T02:00:58.222Z,usb,1,3612849267,218715,55991040,256,8000,31.680
2026-07-23T02:00:58.254Z,usb,1,3612849267,218716,55991296,256,8000,31.680
2026-07-23T02:00:58.286Z,usb,1,3612849267,218717,55991552,256,8000,31.680
2026-07-23T02:00:58.317Z,usb,1,3612849267,218718,55991808,256,8000,31.680
2026-07-23T02:00:58.350Z,usb,1,3612849267,218719,55992064,256,8000,31.680
2026-07-23T02:00:58.382Z,usb,1,3612849267,218720,55992320,256,8000,31.680
2026-07-23T02:00:58.414Z,usb,1,3612849267,218721,55992576,256,8000,31.680
2026-07-23T02:00:58.446Z,usb,1,3612849267,218722,55992832,256,8000,31.680
2026-07-23T02:00:58.478Z,usb,1,3612849267,218723,55993088,256,8000,31.680
2026-07-23T02:00:58.510Z,usb,1,3612849267,218724,55993344,256,8000,31.680
2026-07-23T02:00:58.542Z,usb,1,3612849267,218725,55993600,256,8000,31.680
2026-07-23T02:00:58.573Z,usb,1,3612849267,218726,55993856,256,8000,31.680
2026-07-23T02:00:58.605Z,usb,1,3612849267,218727,55994112,256,8000,31.680
2026-07-23T02:00:58.637Z,usb,1,3612849267,218728,55994368,256,8000,31.680
2026-07-23T02:00:58.669Z,usb,1,3612849267,218729,55994624,256,8000,31.680
2026-07-23T02:00:58.702Z,usb,1,3612849267,218730,55994880,256,8000,31.680
2026-07-23T02:00:58.733Z,usb,1,3612849267,218731,55995136,256,8000,31.680
2026-07-23T02:00:58.766Z,usb,1,3612849267,218732,55995392,256,8000,31.680
2026-07-23T02:00:58.798Z,usb,1,3612849267,218733,55995648,256,8000,31.680
2026-07-23T02:00:58.829Z,usb,1,3612849267,218734,55995904,256,8000,31.680
2026-07-23T02:00:58.861Z,usb,1,3612849267,218735,55996160,256,8000,31.680
2026-07-23T02:00:58.894Z,usb,1,3612849267,218736,55996416,256,8000,31.680
2026-07-23T02:00:58.925Z,usb,1,3612849267,218737,55996672,256,8000,31.680
2026-07-23T02:00:58.957Z,usb,1,3612849267,218738,55996928,256,8000,31.680
2026-07-23T02:00:58.989Z,usb,1,3612849267,218739,55997184,256,8000,31.680
2026-07-23T02:00:59.022Z,usb,1,3612849267,218740,55997440,256,8000,31.680
2026-07-23T02:00:59.054Z,usb,1,3612849267,218741,55997696,256,8000,31.680
2026-07-23T02:00:59.086Z,usb,1,3612849267,218742,55997952,256,8000,31.680
2026-07-23T02:00:59.117Z,usb,1,3612849267,218743,55998208,256,8000,31.680
2026-07-23T02:00:59.150Z,usb,1,3612849267,218744,55998464,256,8000,31.680
2026-07-23T02:00:59.182Z,usb,1,3612849267,218745,55998720,256,8000,31.680
2026-07-23T02:00:59.213Z,usb,1,3612849267,218746,55998976,256,8000,31.680
2026-07-23T02:00:59.246Z,usb,1,3612849267,218747,55999232,256,8000,31.680
2026-07-23T02:00:59.278Z,usb,1,3612849267,218748,55999488,256,8000,31.680
2026-07-23T02:00:59.310Z,usb,1,3612849267,218749,55999744,256,8000,31.680
2026-07-23T02:00:59.342Z,usb,1,3612849267,218750,56000000,256,8000,31.680
2026-07-23T02:00:59.373Z,usb,1,3612849267,218751,56000256,256,8000,31.680
2026-07-23T02:00:59.406Z,usb,1,3612849267,218752,56000512,256,8000,31.680
2026-07-23T02:00:59.437Z,usb,1,3612849267,218753,56000768,256,8000,31.680
2026-07-23T02:00:59.470Z,usb,1,3612849267,218754,56001024,256,8000,31.680
2026-07-23T02:00:59.502Z,usb,1,3612849267,218755,56001280,256,8000,31.680
2026-07-23T02:00:59.535Z,usb,1,3612849267,218756,56001536,256,8000,31.680
2026-07-23T02:00:59.566Z,usb,1,3612849267,218757,56001792,256,8000,31.680
2026-07-23T02:00:59.597Z,usb,1,3612849267,218758,56002048,256,8000,31.680
2026-07-23T02:00:59.630Z,usb,1,3612849267,218759,56002304,256,8000,31.680
2026-07-23T02:00:59.662Z,usb,1,3612849267,218760,56002560,256,8000,31.680
2026-07-23T02:00:59.694Z,usb,1,3612849267,218761,56002816,256,8000,31.680
2026-07-23T02:00:59.726Z,usb,1,3612849267,218762,56003072,256,8000,31.680
2026-07-23T02:00:59.758Z,usb,1,3612849267,218763,56003328,256,8000,31.680
2026-07-23T02:00:59.789Z,usb,1,3612849267,218764,56003584,256,8000,31.680
2026-07-23T02:00:59.822Z,usb,1,3612849267,218765,56003840,256,8000,31.680
2026-07-23T02:00:59.854Z,usb,1,3612849267,218766,56004096,256,8000,31.680
2026-07-23T02:00:59.886Z,usb,1,3612849267,218767,56004352,256,8000,31.680
2026-07-23T02:00:59.917Z,usb,1,3612849267,218768,56004608,256,8000,31.680
2026-07-23T02:00:59.950Z,usb,1,3612849267,218769,56004864,256,8000,31.680
2026-07-23T02:00:59.981Z,usb,1,3612849267,218770,56005120,256,8000,31.680
2026-07-23T02:01:00.014Z,usb,1,3612849267,218771,56005376,256,8000,31.680
2026-07-23T02:01:00.046Z,usb,1,3612849267,218772,56005632,256,8000,31.680
2026-07-23T02:01:00.078Z,usb,1,3612849267,218773,56005888,256,8000,31.680
2026-07-23T02:01:00.109Z,usb,1,3612849267,218774,56006144,256,8000,31.680
2026-07-23T02:01:00.142Z,usb,1,3612849267,218775,56006400,256,8000,31.680
2026-07-23T02:01:00.174Z,usb,1,3612849267,218776,56006656,256,8000,31.680
2026-07-23T02:01:00.206Z,usb,1,3612849267,218777,56006912,256,8000,31.680
2026-07-23T02:01:00.238Z,usb,1,3612849267,218778,56007168,256,8000,31.680
2026-07-23T02:01:00.270Z,usb,1,3612849267,218779,56007424,256,8000,31.680
2026-07-23T02:01:00.302Z,usb,1,3612849267,218780,56007680,256,8000,31.680
2026-07-23T02:01:00.334Z,usb,1,3612849267,218781,56007936,256,8000,31.680
2026-07-23T02:01:00.366Z,usb,1,3612849267,218782,56008192,256,8000,31.680
2026-07-23T02:01:00.398Z,usb,1,3612849267,218783,56008448,256,8000,31.680
2026-07-23T02:01:00.430Z,usb,1,3612849267,218784,56008704,256,8000,31.680
2026-07-23T02:01:00.462Z,usb,1,3612849267,218785,56008960,256,8000,31.680
2026-07-23T02:01:00.494Z,usb,1,3612849267,218786,56009216,256,8000,31.680
2026-07-23T02:01:00.525Z,usb,1,3612849267,218787,56009472,256,8000,31.680
2026-07-23T02:01:00.558Z,usb,1,3612849267,218788,56009728,256,8000,31.690
2026-07-23T02:01:00.590Z,usb,1,3612849267,218789,56009984,256,8000,31.690
2026-07-23T02:01:00.622Z,usb,1,3612849267,218790,56010240,256,8000,31.690
2026-07-23T02:01:00.654Z,usb,1,3612849267,218791,56010496,256,8000,31.690
2026-07-23T02:01:00.685Z,usb,1,3612849267,218792,56010752,256,8000,31.690
2026-07-23T02:01:00.717Z,usb,1,3612849267,218793,56011008,256,8000,31.690
2026-07-23T02:01:00.750Z,usb,1,3612849267,218794,56011264,256,8000,31.690
2026-07-23T02:01:00.782Z,usb,1,3612849267,218795,56011520,256,8000,31.690
2026-07-23T02:01:00.814Z,usb,1,3612849267,218796,56011776,256,8000,31.690
2026-07-23T02:01:00.846Z,usb,1,3612849267,218797,56012032,256,8000,31.690
2026-07-23T02:01:00.877Z,usb,1,3612849267,218798,56012288,256,8000,31.690
2026-07-23T02:01:00.909Z,usb,1,3612849267,218799,56012544,256,8000,31.690
2026-07-23T02:01:00.941Z,usb,1,3612849267,218800,56012800,256,8000,31.690
2026-07-23T02:01:00.974Z,usb,1,3612849267,218801,56013056,256,8000,31.690
2026-07-23T02:01:01.006Z,usb,1,3612849267,218802,56013312,256,8000,31.690
2026-07-23T02:01:01.038Z,usb,1,3612849267,218803,56013568,256,8000,31.690
2026-07-23T02:01:01.070Z,usb,1,3612849267,218804,56013824,256,8000,31.690
2026-07-23T02:01:01.102Z,usb,1,3612849267,218805,56014080,256,8000,31.690
2026-07-23T02:01:01.134Z,usb,1,3612849267,218806,56014336,256,8000,31.690
2026-07-23T02:01:01.166Z,usb,1,3612849267,218807,56014592,256,8000,31.690
2026-07-23T02:01:01.198Z,usb,1,3612849267,218808,56014848,256,8000,31.690
2026-07-23T02:01:01.230Z,usb,1,3612849267,218809,56015104,256,8000,31.690
2026-07-23T02:01:01.262Z,usb,1,3612849267,218810,56015360,256,8000,31.690
2026-07-23T02:01:01.294Z,usb,1,3612849267,218811,56015616,256,8000,31.690
2026-07-23T02:01:01.325Z,usb,1,3612849267,218812,56015872,256,8000,31.690
2026-07-23T02:01:01.358Z,usb,1,3612849267,218813,56016128,256,8000,31.690
2026-07-23T02:01:01.389Z,usb,1,3612849267,218814,56016384,256,8000,31.690
2026-07-23T02:01:01.421Z,usb,1,3612849267,218815,56016640,256,8000,31.690
2026-07-23T02:01:01.453Z,usb,1,3612849267,218816,56016896,256,8000,31.690
2026-07-23T02:01:01.485Z,usb,1,3612849267,218817,56017152,256,8000,31.690
2026-07-23T02:01:01.517Z,usb,1,3612849267,218818,56017408,256,8000,31.690
2026-07-23T02:01:01.549Z,usb,1,3612849267,218819,56017664,256,8000,31.690
2026-07-23T02:01:01.582Z,usb,1,3612849267,218820,56017920,256,8000,31.680
2026-07-23T02:01:01.613Z,usb,1,3612849267,218821,56018176,256,8000,31.680
2026-07-23T02:01:01.646Z,usb,1,3612849267,218822,56018432,256,8000,31.680
2026-07-23T02:01:01.677Z,usb,1,3612849267,218823,56018688,256,8000,31.680
2026-07-23T02:01:01.710Z,usb,1,3612849267,218824,56018944,256,8000,31.680
2026-07-23T02:01:01.742Z,usb,1,3612849267,218825,56019200,256,8000,31.680
2026-07-23T02:01:01.774Z,usb,1,3612849267,218826,56019456,256,8000,31.680
2026-07-23T02:01:01.806Z,usb,1,3612849267,218827,56019712,256,8000,31.680
2026-07-23T02:01:01.837Z,usb,1,3612849267,218828,56019968,256,8000,31.680
2026-07-23T02:01:01.870Z,usb,1,3612849267,218829,56020224,256,8000,31.680
2026-07-23T02:01:01.901Z,usb,1,3612849267,218830,56020480,256,8000,31.680
2026-07-23T02:01:01.933Z,usb,1,3612849267,218831,56020736,256,8000,31.680
2026-07-23T02:01:01.966Z,usb,1,3612849267,218832,56020992,256,8000,31.680
2026-07-23T02:01:01.997Z,usb,1,3612849267,218833,56021248,256,8000,31.680
2026-07-23T02:01:02.029Z,usb,1,3612849267,218834,56021504,256,8000,31.680
2026-07-23T02:01:02.061Z,usb,1,3612849267,218835,56021760,256,8000,31.680
2026-07-23T02:01:02.094Z,usb,1,3612849267,218836,56022016,256,8000,31.680
2026-07-23T02:01:02.126Z,usb,1,3612849267,218837,56022272,256,8000,31.680
2026-07-23T02:01:02.158Z,usb,1,3612849267,218838,56022528,256,8000,31.680
2026-07-23T02:01:02.190Z,usb,1,3612849267,218839,56022784,256,8000,31.680
2026-07-23T02:01:02.222Z,usb,1,3612849267,218840,56023040,256,8000,31.680
2026-07-23T02:01:02.254Z,usb,1,3612849267,218841,56023296,256,8000,31.680
2026-07-23T02:01:02.286Z,usb,1,3612849267,218842,56023552,256,8000,31.680
2026-07-23T02:01:02.317Z,usb,1,3612849267,218843,56023808,256,8000,31.680
2026-07-23T02:01:02.350Z,usb,1,3612849267,218844,56024064,256,8000,31.680
2026-07-23T02:01:02.381Z,usb,1,3612849267,218845,56024320,256,8000,31.680
2026-07-23T02:01:02.413Z,usb,1,3612849267,218846,56024576,256,8000,31.680
2026-07-23T02:01:02.445Z,usb,1,3612849267,218847,56024832,256,8000,31.680
2026-07-23T02:01:02.477Z,usb,1,3612849267,218848,56025088,256,8000,31.680
2026-07-23T02:01:02.509Z,usb,1,3612849267,218849,56025344,256,8000,31.680
2026-07-23T02:01:02.541Z,usb,1,3612849267,218850,56025600,256,8000,31.680
2026-07-23T02:01:02.574Z,usb,1,3612849267,218851,56025856,256,8000,31.680
2026-07-23T02:01:02.606Z,usb,1,3612849267,218852,56026112,256,8000,31.680
2026-07-23T02:01:02.638Z,usb,1,3612849267,218853,56026368,256,8000,31.680
2026-07-23T02:01:02.669Z,usb,1,3612849267,218854,56026624,256,8000,31.680
2026-07-23T02:01:02.702Z,usb,1,3612849267,218855,56026880,256,8000,31.680
2026-07-23T02:01:02.734Z,usb,1,3612849267,218856,56027136,256,8000,31.680
2026-07-23T02:01:02.766Z,usb,1,3612849267,218857,56027392,256,8000,31.680
2026-07-23T02:01:02.798Z,usb,1,3612849267,218858,56027648,256,8000,31.680
2026-07-23T02:01:02.830Z,usb,1,3612849267,218859,56027904,256,8000,31.680
2026-07-23T02:01:02.862Z,usb,1,3612849267,218860,56028160,256,8000,31.680
2026-07-23T02:01:02.894Z,usb,1,3612849267,218861,56028416,256,8000,31.680
2026-07-23T02:01:02.926Z,usb,1,3612849267,218862,56028672,256,8000,31.680
2026-07-23T02:01:02.958Z,usb,1,3612849267,218863,56028928,256,8000,31.680
2026-07-23T02:01:02.990Z,usb,1,3612849267,218864,56029184,256,8000,31.680
2026-07-23T02:01:03.022Z,usb,1,3612849267,218865,56029440,256,8000,31.680
2026-07-23T02:01:03.054Z,usb,1,3612849267,218866,56029696,256,8000,31.680
2026-07-23T02:01:03.085Z,usb,1,3612849267,218867,56029952,256,8000,31.680
2026-07-23T02:01:03.117Z,usb,1,3612849267,218868,56030208,256,8000,31.680
2026-07-23T02:01:03.149Z,usb,1,3612849267,218869,56030464,256,8000,31.680
2026-07-23T02:01:03.182Z,usb,1,3612849267,218870,56030720,256,8000,31.680
2026-07-23T02:01:03.214Z,usb,1,3612849267,218871,56030976,256,8000,31.680
2026-07-23T02:01:03.246Z,usb,1,3612849267,218872,56031232,256,8000,31.680
2026-07-23T02:01:03.278Z,usb,1,3612849267,218873,56031488,256,8000,31.680
2026-07-23T02:01:03.310Z,usb,1,3612849267,218874,56031744,256,8000,31.680
2026-07-23T02:01:03.342Z,usb,1,3612849267,218875,56032000,256,8000,31.680
2026-07-23T02:01:03.373Z,usb,1,3612849267,218876,56032256,256,8000,31.680
2026-07-23T02:01:03.405Z,usb,1,3612849267,218877,56032512,256,8000,31.680
2026-07-23T02:01:03.438Z,usb,1,3612849267,218878,56032768,256,8000,31.680
2026-07-23T02:01:03.470Z,usb,1,3612849267,218879,56033024,256,8000,31.680
2026-07-23T02:01:03.501Z,usb,1,3612849267,218880,56033280,256,8000,31.680
2026-07-23T02:01:03.534Z,usb,1,3612849267,218881,56033536,256,8000,31.680
2026-07-23T02:01:03.566Z,usb,1,3612849267,218882,56033792,256,8000,31.680
2026-07-23T02:01:03.598Z,usb,1,3612849267,218883,56034048,256,8000,31.680
2026-07-23T02:01:03.631Z,usb,1,3612849267,218884,56034304,256,8000,31.680
2026-07-23T02:01:03.662Z,usb,1,3612849267,218885,56034560,256,8000,31.680
2026-07-23T02:01:03.694Z,usb,1,3612849267,218886,56034816,256,8000,31.680
2026-07-23T02:01:03.726Z,usb,1,3612849267,218887,56035072,256,8000,31.680
2026-07-23T02:01:03.758Z,usb,1,3612849267,218888,56035328,256,8000,31.680
2026-07-23T02:01:03.790Z,usb,1,3612849267,218889,56035584,256,8000,31.680
2026-07-23T02:01:03.821Z,usb,1,3612849267,218890,56035840,256,8000,31.680
2026-07-23T02:01:03.854Z,usb,1,3612849267,218891,56036096,256,8000,31.680
2026-07-23T02:01:03.886Z,usb,1,3612849267,218892,56036352,256,8000,31.680
2026-07-23T02:01:03.918Z,usb,1,3612849267,218893,56036608,256,8000,31.680
2026-07-23T02:01:03.949Z,usb,1,3612849267,218894,56036864,256,8000,31.680
2026-07-23T02:01:03.982Z,usb,1,3612849267,218895,56037120,256,8000,31.680
2026-07-23T02:01:04.013Z,usb,1,3612849267,218896,56037376,256,8000,31.680
2026-07-23T02:01:04.045Z,usb,1,3612849267,218897,56037632,256,8000,31.680
2026-07-23T02:01:04.077Z,usb,1,3612849267,218898,56037888,256,8000,31.680
2026-07-23T02:01:04.109Z,usb,1,3612849267,218899,56038144,256,8000,31.680
2026-07-23T02:01:04.141Z,usb,1,3612849267,218900,56038400,256,8000,31.680
2026-07-23T02:01:04.173Z,usb,1,3612849267,218901,56038656,256,8000,31.680
2026-07-23T02:01:04.205Z,usb,1,3612849267,218902,56038912,256,8000,31.680
2026-07-23T02:01:04.237Z,usb,1,3612849267,218903,56039168,256,8000,31.680
2026-07-23T02:01:04.270Z,usb,1,3612849267,218904,56039424,256,8000,31.680
2026-07-23T02:01:04.301Z,usb,1,3612849267,218905,56039680,256,8000,31.680
2026-07-23T02:01:04.334Z,usb,1,3612849267,218906,56039936,256,8000,31.680
2026-07-23T02:01:04.365Z,usb,1,3612849267,218907,56040192,256,8000,31.680
2026-07-23T02:01:04.398Z,usb,1,3612849267,218908,56040448,256,8000,31.680
2026-07-23T02:01:04.430Z,usb,1,3612849267,218909,56040704,256,8000,31.680
2026-07-23T02:01:04.462Z,usb,1,3612849267,218910,56040960,256,8000,31.680
2026-07-23T02:01:04.494Z,usb,1,3612849267,218911,56041216,256,8000,31.680
2026-07-23T02:01:04.525Z,usb,1,3612849267,218912,56041472,256,8000,31.680
2026-07-23T02:01:04.557Z,usb,1,3612849267,218913,56041728,256,8000,31.680
2026-07-23T02:01:04.590Z,usb,1,3612849267,218914,56041984,256,8000,31.680
2026-07-23T02:01:04.621Z,usb,1,3612849267,218915,56042240,256,8000,31.680
2026-07-23T02:01:04.654Z,usb,1,3612849267,218916,56042496,256,8000,31.680
2026-07-23T02:01:04.686Z,usb,1,3612849267,218917,56042752,256,8000,31.680
2026-07-23T02:01:04.717Z,usb,1,3612849267,218918,56043008,256,8000,31.680
2026-07-23T02:01:04.750Z,usb,1,3612849267,218919,56043264,256,8000,31.680
2026-07-23T02:01:04.782Z,usb,1,3612849267,218920,56043520,256,8000,31.680
2026-07-23T02:01:04.814Z,usb,1,3612849267,218921,56043776,256,8000,31.680
2026-07-23T02:01:04.846Z,usb,1,3612849267,218922,56044032,256,8000,31.680
2026-07-23T02:01:04.877Z,usb,1,3612849267,218923,56044288,256,8000,31.680
2026-07-23T02:01:04.910Z,usb,1,3612849267,218924,56044544,256,8000,31.680
2026-07-23T02:01:04.942Z,usb,1,3612849267,218925,56044800,256,8000,31.680
2026-07-23T02:01:04.973Z,usb,1,3612849267,218926,56045056,256,8000,31.680
2026-07-23T02:01:05.006Z,usb,1,3612849267,218927,56045312,256,8000,31.680
2026-07-23T02:01:05.038Z,usb,1,3612849267,218928,56045568,256,8000,31.680
2026-07-23T02:01:05.070Z,usb,1,3612849267,218929,56045824,256,8000,31.680
2026-07-23T02:01:05.101Z,usb,1,3612849267,218930,56046080,256,8000,31.680
2026-07-23T02:01:05.133Z,usb,1,3612849267,218931,56046336,256,8000,31.680
2026-07-23T02:01:05.166Z,usb,1,3612849267,218932,56046592,256,8000,31.680
2026-07-23T02:01:05.198Z,usb,1,3612849267,218933,56046848,256,8000,31.680
2026-07-23T02:01:05.229Z,usb,1,3612849267,218934,56047104,256,8000,31.680
2026-07-23T02:01:05.262Z,usb,1,3612849267,218935,56047360,256,8000,31.680
2026-07-23T02:01:05.294Z,usb,1,3612849267,218936,56047616,256,8000,31.680
2026-07-23T02:01:05.325Z,usb,1,3612849267,218937,56047872,256,8000,31.680
2026-07-23T02:01:05.358Z,usb,1,3612849267,218938,56048128,256,8000,31.680
2026-07-23T02:01:05.390Z,usb,1,3612849267,218939,56048384,256,8000,31.680
2026-07-23T02:01:05.422Z,usb,1,3612849267,218940,56048640,256,8000,31.680
2026-07-23T02:01:05.454Z,usb,1,3612849267,218941,56048896,256,8000,31.680
2026-07-23T02:01:05.486Z,usb,1,3612849267,218942,56049152,256,8000,31.680
2026-07-23T02:01:05.518Z,usb,1,3612849267,218943,56049408,256,8000,31.680
2026-07-23T02:01:05.550Z,usb,1,3612849267,218944,56049664,256,8000,31.680
2026-07-23T02:01:05.582Z,usb,1,3612849267,218945,56049920,256,8000,31.680
2026-07-23T02:01:05.614Z,usb,1,3612849267,218946,56050176,256,8000,31.680
2026-07-23T02:01:05.646Z,usb,1,3612849267,218947,56050432,256,8000,31.680
2026-07-23T02:01:05.678Z,usb,1,3612849267,218948,56050688,256,8000,31.690
2026-07-23T02:01:05.711Z,usb,1,3612849267,218949,56050944,256,8000,31.690
2026-07-23T02:01:05.742Z,usb,1,3612849267,218950,56051200,256,8000,31.690
2026-07-23T02:01:05.774Z,usb,1,3612849267,218951,56051456,256,8000,31.690
2026-07-23T02:01:05.806Z,usb,1,3612849267,218952,56051712,256,8000,31.690
2026-07-23T02:01:05.837Z,usb,1,3612849267,218953,56051968,256,8000,31.690
2026-07-23T02:01:05.869Z,usb,1,3612849267,218954,56052224,256,8000,31.690
2026-07-23T02:01:05.901Z,usb,1,3612849267,218955,56052480,256,8000,31.690
2026-07-23T02:01:05.933Z,usb,1,3612849267,218956,56052736,256,8000,31.690
2026-07-23T02:01:05.966Z,usb,1,3612849267,218957,56052992,256,8000,31.690
2026-07-23T02:01:05.998Z,usb,1,3612849267,218958,56053248,256,8000,31.690
2026-07-23T02:01:06.030Z,usb,1,3612849267,218959,56053504,256,8000,31.690
2026-07-23T02:01:06.062Z,usb,1,3612849267,218960,56053760,256,8000,31.690
2026-07-23T02:01:06.094Z,usb,1,3612849267,218961,56054016,256,8000,31.690
2026-07-23T02:01:06.126Z,usb,1,3612849267,218962,56054272,256,8000,31.690
2026-07-23T02:01:06.158Z,usb,1,3612849267,218963,56054528,256,8000,31.690
2026-07-23T02:01:06.190Z,usb,1,3612849267,218964,56054784,256,8000,31.690
2026-07-23T02:01:06.222Z,usb,1,3612849267,218965,56055040,256,8000,31.690
2026-07-23T02:01:06.254Z,usb,1,3612849267,218966,56055296,256,8000,31.690
2026-07-23T02:01:06.286Z,usb,1,3612849267,218967,56055552,256,8000,31.690
2026-07-23T02:01:06.318Z,usb,1,3612849267,218968,56055808,256,8000,31.690
2026-07-23T02:01:06.350Z,usb,1,3612849267,218969,56056064,256,8000,31.690
2026-07-23T02:01:06.382Z,usb,1,3612849267,218970,56056320,256,8000,31.690
2026-07-23T02:01:06.414Z,usb,1,3612849267,218971,56056576,256,8000,31.690
2026-07-23T02:01:06.445Z,usb,1,3612849267,218972,56056832,256,8000,31.690
2026-07-23T02:01:06.478Z,usb,1,3612849267,218973,56057088,256,8000,31.690
2026-07-23T02:01:06.510Z,usb,1,3612849267,218974,56057344,256,8000,31.690
2026-07-23T02:01:06.541Z,usb,1,3612849267,218975,56057600,256,8000,31.690
2026-07-23T02:01:06.573Z,usb,1,3612849267,218976,56057856,256,8000,31.690
2026-07-23T02:01:06.606Z,usb,1,3612849267,218977,56058112,256,8000,31.690
2026-07-23T02:01:06.637Z,usb,1,3612849267,218978,56058368,256,8000,31.690
2026-07-23T02:01:06.669Z,usb,1,3612849267,218979,56058624,256,8000,31.690
2026-07-23T02:01:06.702Z,usb,1,3612849267,218980,56058880,256,8000,31.680
2026-07-23T02:01:06.733Z,usb,1,3612849267,218981,56059136,256,8000,31.680
2026-07-23T02:01:06.765Z,usb,1,3612849267,218982,56059392,256,8000,31.680
2026-07-23T02:01:06.798Z,usb,1,3612849267,218983,56059648,256,8000,31.680
2026-07-23T02:01:06.829Z,usb,1,3612849267,218984,56059904,256,8000,31.680
2026-07-23T02:01:06.862Z,usb,1,3612849267,218985,56060160,256,8000,31.680
2026-07-23T02:01:06.894Z,usb,1,3612849267,218986,56060416,256,8000,31.680
2026-07-23T02:01:06.926Z,usb,1,3612849267,218987,56060672,256,8000,31.680
2026-07-23T02:01:06.958Z,usb,1,3612849267,218988,56060928,256,8000,31.680
2026-07-23T02:01:06.990Z,usb,1,3612849267,218989,56061184,256,8000,31.680
2026-07-23T02:01:07.022Z,usb,1,3612849267,218990,56061440,256,8000,31.680
2026-07-23T02:01:07.053Z,usb,1,3612849267,218991,56061696,256,8000,31.680
2026-07-23T02:01:07.086Z,usb,1,3612849267,218992,56061952,256,8000,31.680
2026-07-23T02:01:07.118Z,usb,1,3612849267,218993,56062208,256,8000,31.680
2026-07-23T02:01:07.150Z,usb,1,3612849267,218994,56062464,256,8000,31.680
2026-07-23T02:01:07.182Z,usb,1,3612849267,218995,56062720,256,8000,31.680
2026-07-23T02:01:07.214Z,usb,1,3612849267,218996,56062976,256,8000,31.680
2026-07-23T02:01:07.245Z,usb,1,3612849267,218997,56063232,256,8000,31.680
2026-07-23T02:01:07.277Z,usb,1,3612849267,218998,56063488,256,8000,31.680
2026-07-23T02:01:07.309Z,usb,1,3612849267,218999,56063744,256,8000,31.680
2026-07-23T02:01:07.342Z,usb,1,3612849267,219000,56064000,256,8000,31.680
2026-07-23T02:01:07.374Z,usb,1,3612849267,219001,56064256,256,8000,31.680
2026-07-23T02:01:07.406Z,usb,1,3612849267,219002,56064512,256,8000,31.680
2026-07-23T02:01:07.438Z,usb,1,3612849267,219003,56064768,256,8000,31.680
2026-07-23T02:01:07.470Z,usb,1,3612849267,219004,56065024,256,8000,31.680
2026-07-23T02:01:07.501Z,usb,1,3612849267,219005,56065280,256,8000,31.680
2026-07-23T02:01:07.534Z,usb,1,3612849267,219006,56065536,256,8000,31.680
2026-07-23T02:01:07.566Z,usb,1,3612849267,219007,56065792,256,8000,31.680
2026-07-23T02:01:07.598Z,usb,1,3612849267,219008,56066048,256,8000,31.680
2026-07-23T02:01:07.630Z,usb,1,3612849267,219009,56066304,256,8000,31.680
2026-07-23T02:01:07.662Z,usb,1,3612849267,219010,56066560,256,8000,31.680
2026-07-23T02:01:07.694Z,usb,1,3612849267,219011,56066816,256,8000,31.680
2026-07-23T02:01:07.726Z,usb,1,3612849267,219012,56067072,256,8000,31.680
2026-07-23T02:01:07.758Z,usb,1,3612849267,219013,56067328,256,8000,31.680
2026-07-23T02:01:07.790Z,usb,1,3612849267,219014,56067584,256,8000,31.680
2026-07-23T02:01:07.822Z,usb,1,3612849267,219015,56067840,256,8000,31.680
2026-07-23T02:01:07.853Z,usb,1,3612849267,219016,56068096,256,8000,31.680
2026-07-23T02:01:07.886Z,usb,1,3612849267,219017,56068352,256,8000,31.680
2026-07-23T02:01:07.918Z,usb,1,3612849267,219018,56068608,256,8000,31.680
2026-07-23T02:01:07.950Z,usb,1,3612849267,219019,56068864,256,8000,31.680
2026-07-23T02:01:07.981Z,usb,1,3612849267,219020,56069120,256,8000,31.680
2026-07-23T02:01:08.014Z,usb,1,3612849267,219021,56069376,256,8000,31.680
2026-07-23T02:01:08.046Z,usb,1,3612849267,219022,56069632,256,8000,31.680
2026-07-23T02:01:08.078Z,usb,1,3612849267,219023,56069888,256,8000,31.680
2026-07-23T02:01:08.109Z,usb,1,3612849267,219024,56070144,256,8000,31.680
2026-07-23T02:01:08.141Z,usb,1,3612849267,219025,56070400,256,8000,31.680
2026-07-23T02:01:08.174Z,usb,1,3612849267,219026,56070656,256,8000,31.680
2026-07-23T02:01:08.206Z,usb,1,3612849267,219027,56070912,256,8000,31.680
2026-07-23T02:01:08.238Z,usb,1,3612849267,219028,56071168,256,8000,31.680
2026-07-23T02:01:08.270Z,usb,1,3612849267,219029,56071424,256,8000,31.680
2026-07-23T02:01:08.301Z,usb,1,3612849267,219030,56071680,256,8000,31.680
2026-07-23T02:01:08.333Z,usb,1,3612849267,219031,56071936,256,8000,31.680
2026-07-23T02:01:08.366Z,usb,1,3612849267,219032,56072192,256,8000,31.680
2026-07-23T02:01:08.398Z,usb,1,3612849267,219033,56072448,256,8000,31.680
2026-07-23T02:01:08.430Z,usb,1,3612849267,219034,56072704,256,8000,31.680
2026-07-23T02:01:08.462Z,usb,1,3612849267,219035,56072960,256,8000,31.680
2026-07-23T02:01:08.494Z,usb,1,3612849267,219036,56073216,256,8000,31.680
2026-07-23T02:01:08.526Z,usb,1,3612849267,219037,56073472,256,8000,31.680
2026-07-23T02:01:08.558Z,usb,1,3612849267,219038,56073728,256,8000,31.680
2026-07-23T02:01:08.590Z,usb,1,3612849267,219039,56073984,256,8000,31.680
2026-07-23T02:01:08.622Z,usb,1,3612849267,219040,56074240,256,8000,31.680
2026-07-23T02:01:08.654Z,usb,1,3612849267,219041,56074496,256,8000,31.680
2026-07-23T02:01:08.686Z,usb,1,3612849267,219042,56074752,256,8000,31.680
2026-07-23T02:01:08.718Z,usb,1,3612849267,219043,56075008,256,8000,31.680
2026-07-23T02:01:08.751Z,usb,1,3612849267,219044,56075264,256,8000,31.690
2026-07-23T02:01:08.782Z,usb,1,3612849267,219045,56075520,256,8000,31.690
2026-07-23T02:01:08.813Z,usb,1,3612849267,219046,56075776,256,8000,31.690
2026-07-23T02:01:08.846Z,usb,1,3612849267,219047,56076032,256,8000,31.690
2026-07-23T02:01:08.877Z,usb,1,3612849267,219048,56076288,256,8000,31.690
2026-07-23T02:01:08.910Z,usb,1,3612849267,219049,56076544,256,8000,31.690
2026-07-23T02:01:08.942Z,usb,1,3612849267,219050,56076800,256,8000,31.690
2026-07-23T02:01:08.974Z,usb,1,3612849267,219051,56077056,256,8000,31.690
2026-07-23T02:01:09.006Z,usb,1,3612849267,219052,56077312,256,8000,31.690
2026-07-23T02:01:09.038Z,usb,1,3612849267,219053,56077568,256,8000,31.690
2026-07-23T02:01:09.070Z,usb,1,3612849267,219054,56077824,256,8000,31.690
2026-07-23T02:01:09.102Z,usb,1,3612849267,219055,56078080,256,8000,31.690
2026-07-23T02:01:09.134Z,usb,1,3612849267,219056,56078336,256,8000,31.690
2026-07-23T02:01:09.166Z,usb,1,3612849267,219057,56078592,256,8000,31.690
2026-07-23T02:01:09.198Z,usb,1,3612849267,219058,56078848,256,8000,31.690
2026-07-23T02:01:09.230Z,usb,1,3612849267,219059,56079104,256,8000,31.690
2026-07-23T02:01:09.262Z,usb,1,3612849267,219060,56079360,256,8000,31.690
2026-07-23T02:01:09.294Z,usb,1,3612849267,219061,56079616,256,8000,31.690
2026-07-23T02:01:09.325Z,usb,1,3612849267,219062,56079872,256,8000,31.690
2026-07-23T02:01:09.357Z,usb,1,3612849267,219063,56080128,256,8000,31.690
2026-07-23T02:01:09.390Z,usb,1,3612849267,219064,56080384,256,8000,31.690
2026-07-23T02:01:09.421Z,usb,1,3612849267,219065,56080640,256,8000,31.690
2026-07-23T02:01:09.453Z,usb,1,3612849267,219066,56080896,256,8000,31.690
2026-07-23T02:01:09.485Z,usb,1,3612849267,219067,56081152,256,8000,31.690
2026-07-23T02:01:09.518Z,usb,1,3612849267,219068,56081408,256,8000,31.690
2026-07-23T02:01:09.549Z,usb,1,3612849267,219069,56081664,256,8000,31.690
2026-07-23T02:01:09.581Z,usb,1,3612849267,219070,56081920,256,8000,31.690
2026-07-23T02:01:09.613Z,usb,1,3612849267,219071,56082176,256,8000,31.690
2026-07-23T02:01:09.645Z,usb,1,3612849267,219072,56082432,256,8000,31.690
2026-07-23T02:01:09.677Z,usb,1,3612849267,219073,56082688,256,8000,31.690
2026-07-23T02:01:09.709Z,usb,1,3612849267,219074,56082944,256,8000,31.690
2026-07-23T02:01:09.742Z,usb,1,3612849267,219075,56083200,256,8000,31.690
2026-07-23T02:01:09.774Z,usb,1,3612849267,219076,56083456,256,8000,31.690
2026-07-23T02:01:09.806Z,usb,1,3612849267,219077,56083712,256,8000,31.690
2026-07-23T02:01:09.837Z,usb,1,3612849267,219078,56083968,256,8000,31.690
2026-07-23T02:01:09.870Z,usb,1,3612849267,219079,56084224,256,8000,31.690
2026-07-23T02:01:09.902Z,usb,1,3612849267,219080,56084480,256,8000,31.690
2026-07-23T02:01:09.933Z,usb,1,3612849267,219081,56084736,256,8000,31.690
2026-07-23T02:01:09.966Z,usb,1,3612849267,219082,56084992,256,8000,31.690
2026-07-23T02:01:09.998Z,usb,1,3612849267,219083,56085248,256,8000,31.690
2026-07-23T02:01:10.029Z,usb,1,3612849267,219084,56085504,256,8000,31.690
2026-07-23T02:01:10.062Z,usb,1,3612849267,219085,56085760,256,8000,31.690
2026-07-23T02:01:10.094Z,usb,1,3612849267,219086,56086016,256,8000,31.690
2026-07-23T02:01:10.126Z,usb,1,3612849267,219087,56086272,256,8000,31.690
2026-07-23T02:01:10.157Z,usb,1,3612849267,219088,56086528,256,8000,31.690
2026-07-23T02:01:10.190Z,usb,1,3612849267,219089,56086784,256,8000,31.690
2026-07-23T02:01:10.222Z,usb,1,3612849267,219090,56087040,256,8000,31.690
2026-07-23T02:01:10.253Z,usb,1,3612849267,219091,56087296,256,8000,31.690
2026-07-23T02:01:10.286Z,usb,1,3612849267,219092,56087552,256,8000,31.690
2026-07-23T02:01:10.318Z,usb,1,3612849267,219093,56087808,256,8000,31.690
2026-07-23T02:01:10.349Z,usb,1,3612849267,219094,56088064,256,8000,31.690
2026-07-23T02:01:10.382Z,usb,1,3612849267,219095,56088320,256,8000,31.690
2026-07-23T02:01:10.413Z,usb,1,3612849267,219096,56088576,256,8000,31.690
2026-07-23T02:01:10.445Z,usb,1,3612849267,219097,56088832,256,8000,31.690
2026-07-23T02:01:10.477Z,usb,1,3612849267,219098,56089088,256,8000,31.690
2026-07-23T02:01:10.509Z,usb,1,3612849267,219099,56089344,256,8000,31.690
2026-07-23T02:01:10.541Z,usb,1,3612849267,219100,56089600,256,8000,31.690
2026-07-23T02:01:10.573Z,usb,1,3612849267,219101,56089856,256,8000,31.690
2026-07-23T02:01:10.606Z,usb,1,3612849267,219102,56090112,256,8000,31.690
2026-07-23T02:01:10.638Z,usb,1,3612849267,219103,56090368,256,8000,31.690
2026-07-23T02:01:10.670Z,usb,1,3612849267,219104,56090624,256,8000,31.690
2026-07-23T02:01:10.702Z,usb,1,3612849267,219105,56090880,256,8000,31.690
2026-07-23T02:01:10.734Z,usb,1,3612849267,219106,56091136,256,8000,31.690
2026-07-23T02:01:10.766Z,usb,1,3612849267,219107,56091392,256,8000,31.690
2026-07-23T02:01:10.798Z,usb,1,3612849267,219108,56091648,256,8000,31.680
2026-07-23T02:01:10.830Z,usb,1,3612849267,219109,56091904,256,8000,31.680
2026-07-23T02:01:10.861Z,usb,1,3612849267,219110,56092160,256,8000,31.680
2026-07-23T02:01:10.894Z,usb,1,3612849267,219111,56092416,256,8000,31.680
2026-07-23T02:01:10.926Z,usb,1,3612849267,219112,56092672,256,8000,31.680
2026-07-23T02:01:10.958Z,usb,1,3612849267,219113,56092928,256,8000,31.680
2026-07-23T02:01:10.990Z,usb,1,3612849267,219114,56093184,256,8000,31.680
2026-07-23T02:01:11.022Z,usb,1,3612849267,219115,56093440,256,8000,31.680
2026-07-23T02:01:11.054Z,usb,1,3612849267,219116,56093696,256,8000,31.680
2026-07-23T02:01:11.086Z,usb,1,3612849267,219117,56093952,256,8000,31.680
2026-07-23T02:01:11.118Z,usb,1,3612849267,219118,56094208,256,8000,31.680
2026-07-23T02:01:11.149Z,usb,1,3612849267,219119,56094464,256,8000,31.680
2026-07-23T02:01:11.182Z,usb,1,3612849267,219120,56094720,256,8000,31.680
2026-07-23T02:01:11.214Z,usb,1,3612849267,219121,56094976,256,8000,31.680
2026-07-23T02:01:11.246Z,usb,1,3612849267,219122,56095232,256,8000,31.680
2026-07-23T02:01:11.278Z,usb,1,3612849267,219123,56095488,256,8000,31.680
2026-07-23T02:01:11.310Z,usb,1,3612849267,219124,56095744,256,8000,31.680
2026-07-23T02:01:11.342Z,usb,1,3612849267,219125,56096000,256,8000,31.680
2026-07-23T02:01:11.373Z,usb,1,3612849267,219126,56096256,256,8000,31.680
2026-07-23T02:01:11.406Z,usb,1,3612849267,219127,56096512,256,8000,31.680
2026-07-23T02:01:11.437Z,usb,1,3612849267,219128,56096768,256,8000,31.680
2026-07-23T02:01:11.469Z,usb,1,3612849267,219129,56097024,256,8000,31.680
2026-07-23T02:01:11.502Z,usb,1,3612849267,219130,56097280,256,8000,31.680
2026-07-23T02:01:11.533Z,usb,1,3612849267,219131,56097536,256,8000,31.680
2026-07-23T02:01:11.566Z,usb,1,3612849267,219132,56097792,256,8000,31.680
2026-07-23T02:01:11.598Z,usb,1,3612849267,219133,56098048,256,8000,31.680
2026-07-23T02:01:11.630Z,usb,1,3612849267,219134,56098304,256,8000,31.680
2026-07-23T02:01:11.662Z,usb,1,3612849267,219135,56098560,256,8000,31.680
2026-07-23T02:01:11.694Z,usb,1,3612849267,219136,56098816,256,8000,31.680
2026-07-23T02:01:11.726Z,usb,1,3612849267,219137,56099072,256,8000,31.680
2026-07-23T02:01:11.758Z,usb,1,3612849267,219138,56099328,256,8000,31.680
2026-07-23T02:01:11.789Z,usb,1,3612849267,219139,56099584,256,8000,31.680
2026-07-23T02:01:11.822Z,usb,1,3612849267,219140,56099840,256,8000,31.680
2026-07-23T02:01:11.854Z,usb,1,3612849267,219141,56100096,256,8000,31.680
2026-07-23T02:01:11.886Z,usb,1,3612849267,219142,56100352,256,8000,31.680
2026-07-23T02:01:11.918Z,usb,1,3612849267,219143,56100608,256,8000,31.680
2026-07-23T02:01:11.950Z,usb,1,3612849267,219144,56100864,256,8000,31.680
2026-07-23T02:01:11.981Z,usb,1,3612849267,219145,56101120,256,8000,31.680
2026-07-23T02:01:12.014Z,usb,1,3612849267,219146,56101376,256,8000,31.680
2026-07-23T02:01:12.046Z,usb,1,3612849267,219147,56101632,256,8000,31.680
2026-07-23T02:01:12.077Z,usb,1,3612849267,219148,56101888,256,8000,31.680
2026-07-23T02:01:12.110Z,usb,1,3612849267,219149,56102144,256,8000,31.680
2026-07-23T02:01:12.142Z,usb,1,3612849267,219150,56102400,256,8000,31.680
2026-07-23T02:01:12.174Z,usb,1,3612849267,219151,56102656,256,8000,31.680
2026-07-23T02:01:12.206Z,usb,1,3612849267,219152,56102912,256,8000,31.680
2026-07-23T02:01:12.238Z,usb,1,3612849267,219153,56103168,256,8000,31.680
2026-07-23T02:01:12.269Z,usb,1,3612849267,219154,56103424,256,8000,31.680
2026-07-23T02:01:12.301Z,usb,1,3612849267,219155,56103680,256,8000,31.680
2026-07-23T02:01:12.333Z,usb,1,3612849267,219156,56103936,256,8000,31.680
2026-07-23T02:01:12.366Z,usb,1,3612849267,219157,56104192,256,8000,31.680
2026-07-23T02:01:12.398Z,usb,1,3612849267,219158,56104448,256,8000,31.680
2026-07-23T02:01:12.430Z,usb,1,3612849267,219159,56104704,256,8000,31.680
2026-07-23T02:01:12.462Z,usb,1,3612849267,219160,56104960,256,8000,31.680
2026-07-23T02:01:12.494Z,usb,1,3612849267,219161,56105216,256,8000,31.680
2026-07-23T02:01:12.526Z,usb,1,3612849267,219162,56105472,256,8000,31.680
2026-07-23T02:01:12.557Z,usb,1,3612849267,219163,56105728,256,8000,31.680
2026-07-23T02:01:12.590Z,usb,1,3612849267,219164,56105984,256,8000,31.680
2026-07-23T02:01:12.622Z,usb,1,3612849267,219165,56106240,256,8000,31.680
2026-07-23T02:01:12.654Z,usb,1,3612849267,219166,56106496,256,8000,31.680
2026-07-23T02:01:12.686Z,usb,1,3612849267,219167,56106752,256,8000,31.680
2026-07-23T02:01:12.718Z,usb,1,3612849267,219168,56107008,256,8000,31.680
2026-07-23T02:01:12.750Z,usb,1,3612849267,219169,56107264,256,8000,31.680
2026-07-23T02:01:12.781Z,usb,1,3612849267,219170,56107520,256,8000,31.680
2026-07-23T02:01:12.814Z,usb,1,3612849267,219171,56107776,256,8000,31.680
2026-07-23T02:01:12.846Z,usb,1,3612849267,219172,56108032,256,8000,31.680
2026-07-23T02:01:12.877Z,usb,1,3612849267,219173,56108288,256,8000,31.680
2026-07-23T02:01:12.910Z,usb,1,3612849267,219174,56108544,256,8000,31.680
2026-07-23T02:01:12.941Z,usb,1,3612849267,219175,56108800,256,8000,31.680
2026-07-23T02:01:12.973Z,usb,1,3612849267,219176,56109056,256,8000,31.680
2026-07-23T02:01:13.005Z,usb,1,3612849267,219177,56109312,256,8000,31.680
2026-07-23T02:01:13.037Z,usb,1,3612849267,219178,56109568,256,8000,31.680
2026-07-23T02:01:13.069Z,usb,1,3612849267,219179,56109824,256,8000,31.680
2026-07-23T02:01:13.102Z,usb,1,3612849267,219180,56110080,256,8000,31.680
2026-07-23T02:01:13.133Z,usb,1,3612849267,219181,56110336,256,8000,31.680
2026-07-23T02:01:13.166Z,usb,1,3612849267,219182,56110592,256,8000,31.680
2026-07-23T02:01:13.198Z,usb,1,3612849267,219183,56110848,256,8000,31.680
2026-07-23T02:01:13.230Z,usb,1,3612849267,219184,56111104,256,8000,31.680
2026-07-23T02:01:13.262Z,usb,1,3612849267,219185,56111360,256,8000,31.680
2026-07-23T02:01:13.293Z,usb,1,3612849267,219186,56111616,256,8000,31.680
2026-07-23T02:01:13.325Z,usb,1,3612849267,219187,56111872,256,8000,31.680
2026-07-23T02:01:13.358Z,usb,1,3612849267,219188,56112128,256,8000,31.680
2026-07-23T02:01:13.389Z,usb,1,3612849267,219189,56112384,256,8000,31.680
2026-07-23T02:01:13.421Z,usb,1,3612849267,219190,56112640,256,8000,31.680
2026-07-23T02:01:13.453Z,usb,1,3612849267,219191,56112896,256,8000,31.680
2026-07-23T02:01:13.485Z,usb,1,3612849267,219192,56113152,256,8000,31.680
2026-07-23T02:01:13.518Z,usb,1,3612849267,219193,56113408,256,8000,31.680
2026-07-23T02:01:13.549Z,usb,1,3612849267,219194,56113664,256,8000,31.680
2026-07-23T02:01:13.581Z,usb,1,3612849267,219195,56113920,256,8000,31.680
2026-07-23T02:01:13.614Z,usb,1,3612849267,219196,56114176,256,8000,31.680
2026-07-23T02:01:13.646Z,usb,1,3612849267,219197,56114432,256,8000,31.680
2026-07-23T02:01:13.677Z,usb,1,3612849267,219198,56114688,256,8000,31.680
2026-07-23T02:01:13.709Z,usb,1,3612849267,219199,56114944,256,8000,31.680
2026-07-23T02:01:13.741Z,usb,1,3612849267,219200,56115200,256,8000,31.680
2026-07-23T02:01:13.774Z,usb,1,3612849267,219201,56115456,256,8000,31.680
2026-07-23T02:01:13.806Z,usb,1,3612849267,219202,56115712,256,8000,31.680
2026-07-23T02:01:13.838Z,usb,1,3612849267,219203,56115968,256,8000,31.680
2026-07-23T02:01:13.870Z,usb,1,3612849267,219204,56116224,256,8000,31.690
2026-07-23T02:01:13.901Z,usb,1,3612849267,219205,56116480,256,8000,31.690
2026-07-23T02:01:13.933Z,usb,1,3612849267,219206,56116736,256,8000,31.690
2026-07-23T02:01:13.966Z,usb,1,3612849267,219207,56116992,256,8000,31.690
2026-07-23T02:01:13.998Z,usb,1,3612849267,219208,56117248,256,8000,31.690
2026-07-23T02:01:14.030Z,usb,1,3612849267,219209,56117504,256,8000,31.690
2026-07-23T02:01:14.061Z,usb,1,3612849267,219210,56117760,256,8000,31.690
2026-07-23T02:01:14.093Z,usb,1,3612849267,219211,56118016,256,8000,31.690
2026-07-23T02:01:14.126Z,usb,1,3612849267,219212,56118272,256,8000,31.690
2026-07-23T02:01:14.158Z,usb,1,3612849267,219213,56118528,256,8000,31.690
2026-07-23T02:01:14.190Z,usb,1,3612849267,219214,56118784,256,8000,31.690
2026-07-23T02:01:14.222Z,usb,1,3612849267,219215,56119040,256,8000,31.690
2026-07-23T02:01:14.254Z,usb,1,3612849267,219216,56119296,256,8000,31.690
2026-07-23T02:01:14.286Z,usb,1,3612849267,219217,56119552,256,8000,31.690
2026-07-23T02:01:14.318Z,usb,1,3612849267,219218,56119808,256,8000,31.690
2026-07-23T02:01:14.350Z,usb,1,3612849267,219219,56120064,256,8000,31.690
2026-07-23T02:01:14.382Z,usb,1,3612849267,219220,56120320,256,8000,31.690
2026-07-23T02:01:14.414Z,usb,1,3612849267,219221,56120576,256,8000,31.690
2026-07-23T02:01:14.445Z,usb,1,3612849267,219222,56120832,256,8000,31.690
2026-07-23T02:01:14.477Z,usb,1,3612849267,219223,56121088,256,8000,31.690
2026-07-23T02:01:14.510Z,usb,1,3612849267,219224,56121344,256,8000,31.690
2026-07-23T02:01:14.541Z,usb,1,3612849267,219225,56121600,256,8000,31.690
2026-07-23T02:01:14.574Z,usb,1,3612849267,219226,56121856,256,8000,31.690
2026-07-23T02:01:14.605Z,usb,1,3612849267,219227,56122112,256,8000,31.690
2026-07-23T02:01:14.637Z,usb,1,3612849267,219228,56122368,256,8000,31.690
2026-07-23T02:01:14.669Z,usb,1,3612849267,219229,56122624,256,8000,31.690
2026-07-23T02:01:14.701Z,usb,1,3612849267,219230,56122880,256,8000,31.690
2026-07-23T02:01:14.734Z,usb,1,3612849267,219231,56123136,256,8000,31.690
2026-07-23T02:01:14.766Z,usb,1,3612849267,219232,56123392,256,8000,31.690
2026-07-23T02:01:14.798Z,usb,1,3612849267,219233,56123648,256,8000,31.690
2026-07-23T02:01:14.829Z,usb,1,3612849267,219234,56123904,256,8000,31.690
2026-07-23T02:01:14.861Z,usb,1,3612849267,219235,56124160,256,8000,31.690
2026-07-23T02:01:14.894Z,usb,1,3612849267,219236,56124416,256,8000,31.690
2026-07-23T02:01:14.925Z,usb,1,3612849267,219237,56124672,256,8000,31.690
2026-07-23T02:01:14.957Z,usb,1,3612849267,219238,56124928,256,8000,31.690
2026-07-23T02:01:14.989Z,usb,1,3612849267,219239,56125184,256,8000,31.690
2026-07-23T02:01:15.021Z,usb,1,3612849267,219240,56125440,256,8000,31.690
2026-07-23T02:01:15.053Z,usb,1,3612849267,219241,56125696,256,8000,31.690
2026-07-23T02:01:15.085Z,usb,1,3612849267,219242,56125952,256,8000,31.690
2026-07-23T02:01:15.117Z,usb,1,3612849267,219243,56126208,256,8000,31.690
2026-07-23T02:01:15.150Z,usb,1,3612849267,219244,56126464,256,8000,31.690
2026-07-23T02:01:15.182Z,usb,1,3612849267,219245,56126720,256,8000,31.690
2026-07-23T02:01:15.214Z,usb,1,3612849267,219246,56126976,256,8000,31.690
2026-07-23T02:01:15.246Z,usb,1,3612849267,219247,56127232,256,8000,31.690
2026-07-23T02:01:15.278Z,usb,1,3612849267,219248,56127488,256,8000,31.690
2026-07-23T02:01:15.310Z,usb,1,3612849267,219249,56127744,256,8000,31.690
2026-07-23T02:01:15.342Z,usb,1,3612849267,219250,56128000,256,8000,31.690
2026-07-23T02:01:15.373Z,usb,1,3612849267,219251,56128256,256,8000,31.690
2026-07-23T02:01:15.405Z,usb,1,3612849267,219252,56128512,256,8000,31.690
2026-07-23T02:01:15.441Z,usb,1,3612849267,219253,56128768,256,8000,31.690
2026-07-23T02:01:15.469Z,usb,1,3612849267,219254,56129024,256,8000,31.690
2026-07-23T02:01:15.501Z,usb,1,3612849267,219255,56129280,256,8000,31.690
2026-07-23T02:01:15.533Z,usb,1,3612849267,219256,56129536,256,8000,31.690
2026-07-23T02:01:15.565Z,usb,1,3612849267,219257,56129792,256,8000,31.690
2026-07-23T02:01:15.597Z,usb,1,3612849267,219258,56130048,256,8000,31.690
2026-07-23T02:01:15.630Z,usb,1,3612849267,219259,56130304,256,8000,31.690
2026-07-23T02:01:15.661Z,usb,1,3612849267,219260,56130560,256,8000,31.690
2026-07-23T02:01:15.693Z,usb,1,3612849267,219261,56130816,256,8000,31.690
2026-07-23T02:01:15.726Z,usb,1,3612849267,219262,56131072,256,8000,31.690
2026-07-23T02:01:15.757Z,usb,1,3612849267,219263,56131328,256,8000,31.690
2026-07-23T02:01:15.790Z,usb,1,3612849267,219264,56131584,256,8000,31.690
2026-07-23T02:01:15.821Z,usb,1,3612849267,219265,56131840,256,8000,31.690
2026-07-23T02:01:15.854Z,usb,1,3612849267,219266,56132096,256,8000,31.690
2026-07-23T02:01:15.885Z,usb,1,3612849267,219267,56132352,256,8000,31.690
2026-07-23T02:01:15.918Z,usb,1,3612849267,219268,56132608,256,8000,31.690
2026-07-23T02:01:15.950Z,usb,1,3612849267,219269,56132864,256,8000,31.690
2026-07-23T02:01:15.982Z,usb,1,3612849267,219270,56133120,256,8000,31.690
2026-07-23T02:01:16.013Z,usb,1,3612849267,219271,56133376,256,8000,31.690
2026-07-23T02:01:16.046Z,usb,1,3612849267,219272,56133632,256,8000,31.690
2026-07-23T02:01:16.078Z,usb,1,3612849267,219273,56133888,256,8000,31.690
2026-07-23T02:01:16.110Z,usb,1,3612849267,219274,56134144,256,8000,31.690
2026-07-23T02:01:16.142Z,usb,1,3612849267,219275,56134400,256,8000,31.690
2026-07-23T02:01:16.174Z,usb,1,3612849267,219276,56134656,256,8000,31.690
2026-07-23T02:01:16.206Z,usb,1,3612849267,219277,56134912,256,8000,31.690
2026-07-23T02:01:16.238Z,usb,1,3612849267,219278,56135168,256,8000,31.690
2026-07-23T02:01:16.270Z,usb,1,3612849267,219279,56135424,256,8000,31.690
2026-07-23T02:01:16.302Z,usb,1,3612849267,219280,56135680,256,8000,31.690
2026-07-23T02:01:16.334Z,usb,1,3612849267,219281,56135936,256,8000,31.690
2026-07-23T02:01:16.366Z,usb,1,3612849267,219282,56136192,256,8000,31.690
2026-07-23T02:01:16.398Z,usb,1,3612849267,219283,56136448,256,8000,31.690
2026-07-23T02:01:16.430Z,usb,1,3612849267,219284,56136704,256,8000,31.690
2026-07-23T02:01:16.462Z,usb,1,3612849267,219285,56136960,256,8000,31.690
2026-07-23T02:01:16.493Z,usb,1,3612849267,219286,56137216,256,8000,31.690
2026-07-23T02:01:16.526Z,usb,1,3612849267,219287,56137472,256,8000,31.690
2026-07-23T02:01:16.558Z,usb,1,3612849267,219288,56137728,256,8000,31.690
2026-07-23T02:01:16.590Z,usb,1,3612849267,219289,56137984,256,8000,31.690
2026-07-23T02:01:16.622Z,usb,1,3612849267,219290,56138240,256,8000,31.690
2026-07-23T02:01:16.654Z,usb,1,3612849267,219291,56138496,256,8000,31.690
2026-07-23T02:01:16.686Z,usb,1,3612849267,219292,56138752,256,8000,31.690
2026-07-23T02:01:16.717Z,usb,1,3612849267,219293,56139008,256,8000,31.690
2026-07-23T02:01:16.750Z,usb,1,3612849267,219294,56139264,256,8000,31.690
2026-07-23T02:01:16.782Z,usb,1,3612849267,219295,56139520,256,8000,31.690
2026-07-23T02:01:16.813Z,usb,1,3612849267,219296,56139776,256,8000,31.690
2026-07-23T02:01:16.845Z,usb,1,3612849267,219297,56140032,256,8000,31.690
2026-07-23T02:01:16.877Z,usb,1,3612849267,219298,56140288,256,8000,31.690
2026-07-23T02:01:16.909Z,usb,1,3612849267,219299,56140544,256,8000,31.690
2026-07-23T02:01:16.942Z,usb,1,3612849267,219300,56140800,256,8000,31.680
2026-07-23T02:01:16.974Z,usb,1,3612849267,219301,56141056,256,8000,31.680
2026-07-23T02:01:17.006Z,usb,1,3612849267,219302,56141312,256,8000,31.680
2026-07-23T02:01:17.038Z,usb,1,3612849267,219303,56141568,256,8000,31.680
2026-07-23T02:01:17.070Z,usb,1,3612849267,219304,56141824,256,8000,31.680
2026-07-23T02:01:17.101Z,usb,1,3612849267,219305,56142080,256,8000,31.680
2026-07-23T02:01:17.134Z,usb,1,3612849267,219306,56142336,256,8000,31.680
2026-07-23T02:01:17.166Z,usb,1,3612849267,219307,56142592,256,8000,31.680
2026-07-23T02:01:17.198Z,usb,1,3612849267,219308,56142848,256,8000,31.680
2026-07-23T02:01:17.230Z,usb,1,3612849267,219309,56143104,256,8000,31.680
2026-07-23T02:01:17.262Z,usb,1,3612849267,219310,56143360,256,8000,31.680
2026-07-23T02:01:17.294Z,usb,1,3612849267,219311,56143616,256,8000,31.680
2026-07-23T02:01:17.326Z,usb,1,3612849267,219312,56143872,256,8000,31.680
2026-07-23T02:01:17.357Z,usb,1,3612849267,219313,56144128,256,8000,31.680
2026-07-23T02:01:17.389Z,usb,1,3612849267,219314,56144384,256,8000,31.680
2026-07-23T02:01:17.422Z,usb,1,3612849267,219315,56144640,256,8000,31.680
2026-07-23T02:01:17.453Z,usb,1,3612849267,219316,56144896,256,8000,31.680
2026-07-23T02:01:17.485Z,usb,1,3612849267,219317,56145152,256,8000,31.680
2026-07-23T02:01:17.518Z,usb,1,3612849267,219318,56145408,256,8000,31.680
2026-07-23T02:01:17.550Z,usb,1,3612849267,219319,56145664,256,8000,31.680
2026-07-23T02:01:17.582Z,usb,1,3612849267,219320,56145920,256,8000,31.680
2026-07-23T02:01:17.614Z,usb,1,3612849267,219321,56146176,256,8000,31.680
2026-07-23T02:01:17.646Z,usb,1,3612849267,219322,56146432,256,8000,31.680
2026-07-23T02:01:17.677Z,usb,1,3612849267,219323,56146688,256,8000,31.680
2026-07-23T02:01:17.710Z,usb,1,3612849267,219324,56146944,256,8000,31.680
2026-07-23T02:01:17.742Z,usb,1,3612849267,219325,56147200,256,8000,31.680
2026-07-23T02:01:17.773Z,usb,1,3612849267,219326,56147456,256,8000,31.680
2026-07-23T02:01:17.806Z,usb,1,3612849267,219327,56147712,256,8000,31.680
2026-07-23T02:01:17.838Z,usb,1,3612849267,219328,56147968,256,8000,31.680
2026-07-23T02:01:17.869Z,usb,1,3612849267,219329,56148224,256,8000,31.680
2026-07-23T02:01:17.902Z,usb,1,3612849267,219330,56148480,256,8000,31.680
2026-07-23T02:01:17.934Z,usb,1,3612849267,219331,56148736,256,8000,31.680
2026-07-23T02:01:17.966Z,usb,1,3612849267,219332,56148992,256,8000,31.690
2026-07-23T02:01:17.998Z,usb,1,3612849267,219333,56149248,256,8000,31.690
2026-07-23T02:01:18.030Z,usb,1,3612849267,219334,56149504,256,8000,31.690
2026-07-23T02:01:18.061Z,usb,1,3612849267,219335,56149760,256,8000,31.690
2026-07-23T02:01:18.093Z,usb,1,3612849267,219336,56150016,256,8000,31.690
2026-07-23T02:01:18.126Z,usb,1,3612849267,219337,56150272,256,8000,31.690
2026-07-23T02:01:18.157Z,usb,1,3612849267,219338,56150528,256,8000,31.690
2026-07-23T02:01:18.190Z,usb,1,3612849267,219339,56150784,256,8000,31.690
2026-07-23T02:01:18.222Z,usb,1,3612849267,219340,56151040,256,8000,31.690
2026-07-23T02:01:18.254Z,usb,1,3612849267,219341,56151296,256,8000,31.690
2026-07-23T02:01:18.286Z,usb,1,3612849267,219342,56151552,256,8000,31.690
2026-07-23T02:01:18.318Z,usb,1,3612849267,219343,56151808,256,8000,31.690
2026-07-23T02:01:18.349Z,usb,1,3612849267,219344,56152064,256,8000,31.690
2026-07-23T02:01:18.381Z,usb,1,3612849267,219345,56152320,256,8000,31.690
2026-07-23T02:01:18.414Z,usb,1,3612849267,219346,56152576,256,8000,31.690
2026-07-23T02:01:18.446Z,usb,1,3612849267,219347,56152832,256,8000,31.690
2026-07-23T02:01:18.478Z,usb,1,3612849267,219348,56153088,256,8000,31.690
2026-07-23T02:01:18.510Z,usb,1,3612849267,219349,56153344,256,8000,31.690
2026-07-23T02:01:18.542Z,usb,1,3612849267,219350,56153600,256,8000,31.690
2026-07-23T02:01:18.573Z,usb,1,3612849267,219351,56153856,256,8000,31.690
2026-07-23T02:01:18.605Z,usb,1,3612849267,219352,56154112,256,8000,31.690
2026-07-23T02:01:18.637Z,usb,1,3612849267,219353,56154368,256,8000,31.690
2026-07-23T02:01:18.669Z,usb,1,3612849267,219354,56154624,256,8000,31.690
2026-07-23T02:01:18.701Z,usb,1,3612849267,219355,56154880,256,8000,31.690
2026-07-23T02:01:18.734Z,usb,1,3612849267,219356,56155136,256,8000,31.690
2026-07-23T02:01:18.766Z,usb,1,3612849267,219357,56155392,256,8000,31.690
2026-07-23T02:01:18.797Z,usb,1,3612849267,219358,56155648,256,8000,31.690
2026-07-23T02:01:18.830Z,usb,1,3612849267,219359,56155904,256,8000,31.690
2026-07-23T02:01:18.861Z,usb,1,3612849267,219360,56156160,256,8000,31.690
2026-07-23T02:01:18.893Z,usb,1,3612849267,219361,56156416,256,8000,31.690
2026-07-23T02:01:18.926Z,usb,1,3612849267,219362,56156672,256,8000,31.690
2026-07-23T02:01:18.958Z,usb,1,3612849267,219363,56156928,256,8000,31.690
2026-07-23T02:01:18.990Z,usb,1,3612849267,219364,56157184,256,8000,31.690
2026-07-23T02:01:19.022Z,usb,1,3612849267,219365,56157440,256,8000,31.690
2026-07-23T02:01:19.054Z,usb,1,3612849267,219366,56157696,256,8000,31.690
2026-07-23T02:01:19.086Z,usb,1,3612849267,219367,56157952,256,8000,31.690
2026-07-23T02:01:19.118Z,usb,1,3612849267,219368,56158208,256,8000,31.690
2026-07-23T02:01:19.149Z,usb,1,3612849267,219369,56158464,256,8000,31.690
2026-07-23T02:01:19.182Z,usb,1,3612849267,219370,56158720,256,8000,31.690
2026-07-23T02:01:19.213Z,usb,1,3612849267,219371,56158976,256,8000,31.690
2026-07-23T02:01:19.246Z,usb,1,3612849267,219372,56159232,256,8000,31.690
2026-07-23T02:01:19.278Z,usb,1,3612849267,219373,56159488,256,8000,31.690
2026-07-23T02:01:19.310Z,usb,1,3612849267,219374,56159744,256,8000,31.690
2026-07-23T02:01:19.342Z,usb,1,3612849267,219375,56160000,256,8000,31.690
2026-07-23T02:01:19.374Z,usb,1,3612849267,219376,56160256,256,8000,31.690
2026-07-23T02:01:19.405Z,usb,1,3612849267,219377,56160512,256,8000,31.690
2026-07-23T02:01:19.437Z,usb,1,3612849267,219378,56160768,256,8000,31.690
2026-07-23T02:01:19.469Z,usb,1,3612849267,219379,56161024,256,8000,31.690
2026-07-23T02:01:19.501Z,usb,1,3612849267,219380,56161280,256,8000,31.690
2026-07-23T02:01:19.534Z,usb,1,3612849267,219381,56161536,256,8000,31.690
2026-07-23T02:01:19.566Z,usb,1,3612849267,219382,56161792,256,8000,31.690
2026-07-23T02:01:19.598Z,usb,1,3612849267,219383,56162048,256,8000,31.690
2026-07-23T02:01:19.630Z,usb,1,3612849267,219384,56162304,256,8000,31.690
2026-07-23T02:01:19.662Z,usb,1,3612849267,219385,56162560,256,8000,31.690
2026-07-23T02:01:19.693Z,usb,1,3612849267,219386,56162816,256,8000,31.690
2026-07-23T02:01:19.726Z,usb,1,3612849267,219387,56163072,256,8000,31.690
2026-07-23T02:01:19.758Z,usb,1,3612849267,219388,56163328,256,8000,31.690
2026-07-23T02:01:19.789Z,usb,1,3612849267,219389,56163584,256,8000,31.690
2026-07-23T02:01:19.822Z,usb,1,3612849267,219390,56163840,256,8000,31.690
2026-07-23T02:01:19.854Z,usb,1,3612849267,219391,56164096,256,8000,31.690
2026-07-23T02:01:19.886Z,usb,1,3612849267,219392,56164352,256,8000,31.690
2026-07-23T02:01:19.917Z,usb,1,3612849267,219393,56164608,256,8000,31.690
2026-07-23T02:01:19.950Z,usb,1,3612849267,219394,56164864,256,8000,31.690
2026-07-23T02:01:19.981Z,usb,1,3612849267,219395,56165120,256,8000,31.690
2026-07-23T02:01:20.014Z,usb,1,3612849267,219396,56165376,256,8000,31.690
2026-07-23T02:01:20.045Z,usb,1,3612849267,219397,56165632,256,8000,31.690
2026-07-23T02:01:20.077Z,usb,1,3612849267,219398,56165888,256,8000,31.690
2026-07-23T02:01:20.109Z,usb,1,3612849267,219399,56166144,256,8000,31.690
2026-07-23T02:01:20.141Z,usb,1,3612849267,219400,56166400,256,8000,31.690
2026-07-23T02:01:20.174Z,usb,1,3612849267,219401,56166656,256,8000,31.690
2026-07-23T02:01:20.206Z,usb,1,3612849267,219402,56166912,256,8000,31.690
2026-07-23T02:01:20.237Z,usb,1,3612849267,219403,56167168,256,8000,31.690
2026-07-23T02:01:20.269Z,usb,1,3612849267,219404,56167424,256,8000,31.690
2026-07-23T02:01:20.301Z,usb,1,3612849267,219405,56167680,256,8000,31.690
2026-07-23T02:01:20.333Z,usb,1,3612849267,219406,56167936,256,8000,31.690
2026-07-23T02:01:20.365Z,usb,1,3612849267,219407,56168192,256,8000,31.690
2026-07-23T02:01:20.397Z,usb,1,3612849267,219408,56168448,256,8000,31.690
2026-07-23T02:01:20.430Z,usb,1,3612849267,219409,56168704,256,8000,31.690
2026-07-23T02:01:20.462Z,usb,1,3612849267,219410,56168960,256,8000,31.690
2026-07-23T02:01:20.494Z,usb,1,3612849267,219411,56169216,256,8000,31.690
2026-07-23T02:01:20.526Z,usb,1,3612849267,219412,56169472,256,8000,31.690
2026-07-23T02:01:20.558Z,usb,1,3612849267,219413,56169728,256,8000,31.690
2026-07-23T02:01:20.590Z,usb,1,3612849267,219414,56169984,256,8000,31.690
2026-07-23T02:01:20.622Z,usb,1,3612849267,219415,56170240,256,8000,31.690
2026-07-23T02:01:20.653Z,usb,1,3612849267,219416,56170496,256,8000,31.690
2026-07-23T02:01:20.685Z,usb,1,3612849267,219417,56170752,256,8000,31.690
2026-07-23T02:01:20.717Z,usb,1,3612849267,219418,56171008,256,8000,31.690
2026-07-23T02:01:20.749Z,usb,1,3612849267,219419,56171264,256,8000,31.690
2026-07-23T02:01:20.782Z,usb,1,3612849267,219420,56171520,256,8000,31.690
2026-07-23T02:01:20.814Z,usb,1,3612849267,219421,56171776,256,8000,31.690
2026-07-23T02:01:20.846Z,usb,1,3612849267,219422,56172032,256,8000,31.690
2026-07-23T02:01:20.877Z,usb,1,3612849267,219423,56172288,256,8000,31.690
2026-07-23T02:01:20.910Z,usb,1,3612849267,219424,56172544,256,8000,31.690
2026-07-23T02:01:20.942Z,usb,1,3612849267,219425,56172800,256,8000,31.690
2026-07-23T02:01:20.974Z,usb,1,3612849267,219426,56173056,256,8000,31.690
2026-07-23T02:01:21.005Z,usb,1,3612849267,219427,56173312,256,8000,31.690
2026-07-23T02:01:21.038Z,usb,1,3612849267,219428,56173568,256,8000,31.690
2026-07-23T02:01:21.069Z,usb,1,3612849267,219429,56173824,256,8000,31.690
2026-07-23T02:01:21.101Z,usb,1,3612849267,219430,56174080,256,8000,31.690
2026-07-23T02:01:21.133Z,usb,1,3612849267,219431,56174336,256,8000,31.690
2026-07-23T02:01:21.166Z,usb,1,3612849267,219432,56174592,256,8000,31.690
2026-07-23T02:01:21.198Z,usb,1,3612849267,219433,56174848,256,8000,31.690
2026-07-23T02:01:21.229Z,usb,1,3612849267,219434,56175104,256,8000,31.690
2026-07-23T02:01:21.262Z,usb,1,3612849267,219435,56175360,256,8000,31.690
2026-07-23T02:01:21.294Z,usb,1,3612849267,219436,56175616,256,8000,31.690
2026-07-23T02:01:21.326Z,usb,1,3612849267,219437,56175872,256,8000,31.690
2026-07-23T02:01:21.358Z,usb,1,3612849267,219438,56176128,256,8000,31.690
2026-07-23T02:01:21.389Z,usb,1,3612849267,219439,56176384,256,8000,31.690
2026-07-23T02:01:21.421Z,usb,1,3612849267,219440,56176640,256,8000,31.690
2026-07-23T02:01:21.453Z,usb,1,3612849267,219441,56176896,256,8000,31.690
2026-07-23T02:01:21.486Z,usb,1,3612849267,219442,56177152,256,8000,31.690
2026-07-23T02:01:21.517Z,usb,1,3612849267,219443,56177408,256,8000,31.690
2026-07-23T02:01:21.550Z,usb,1,3612849267,219444,56177664,256,8000,31.690
2026-07-23T02:01:21.582Z,usb,1,3612849267,219445,56177920,256,8000,31.690
2026-07-23T02:01:21.613Z,usb,1,3612849267,219446,56178176,256,8000,31.690
2026-07-23T02:01:21.646Z,usb,1,3612849267,219447,56178432,256,8000,31.690
2026-07-23T02:01:21.678Z,usb,1,3612849267,219448,56178688,256,8000,31.690
2026-07-23T02:01:21.709Z,usb,1,3612849267,219449,56178944,256,8000,31.690
2026-07-23T02:01:21.742Z,usb,1,3612849267,219450,56179200,256,8000,31.690
2026-07-23T02:01:21.774Z,usb,1,3612849267,219451,56179456,256,8000,31.690
2026-07-23T02:01:21.805Z,usb,1,3612849267,219452,56179712,256,8000,31.690
2026-07-23T02:01:21.837Z,usb,1,3612849267,219453,56179968,256,8000,31.690
2026-07-23T02:01:21.869Z,usb,1,3612849267,219454,56180224,256,8000,31.690
2026-07-23T02:01:21.901Z,usb,1,3612849267,219455,56180480,256,8000,31.690
2026-07-23T02:01:21.933Z,usb,1,3612849267,219456,56180736,256,8000,31.690
2026-07-23T02:01:21.965Z,usb,1,3612849267,219457,56180992,256,8000,31.690
2026-07-23T02:01:21.997Z,usb,1,3612849267,219458,56181248,256,8000,31.690
2026-07-23T02:01:22.029Z,usb,1,3612849267,219459,56181504,256,8000,31.690
2026-07-23T02:01:22.062Z,usb,1,3612849267,219460,56181760,256,8000,31.690
2026-07-23T02:01:22.093Z,usb,1,3612849267,219461,56182016,256,8000,31.690
2026-07-23T02:01:22.125Z,usb,1,3612849267,219462,56182272,256,8000,31.690
2026-07-23T02:01:22.158Z,usb,1,3612849267,219463,56182528,256,8000,31.690
2026-07-23T02:01:22.190Z,usb,1,3612849267,219464,56182784,256,8000,31.690
2026-07-23T02:01:22.222Z,usb,1,3612849267,219465,56183040,256,8000,31.690
2026-07-23T02:01:22.254Z,usb,1,3612849267,219466,56183296,256,8000,31.690
2026-07-23T02:01:22.286Z,usb,1,3612849267,219467,56183552,256,8000,31.690
2026-07-23T02:01:22.317Z,usb,1,3612849267,219468,56183808,256,8000,31.690
2026-07-23T02:01:22.349Z,usb,1,3612849267,219469,56184064,256,8000,31.690
2026-07-23T02:01:22.381Z,usb,1,3612849267,219470,56184320,256,8000,31.690
2026-07-23T02:01:22.413Z,usb,1,3612849267,219471,56184576,256,8000,31.690
2026-07-23T02:01:22.446Z,usb,1,3612849267,219472,56184832,256,8000,31.690
2026-07-23T02:01:22.478Z,usb,1,3612849267,219473,56185088,256,8000,31.690
2026-07-23T02:01:22.509Z,usb,1,3612849267,219474,56185344,256,8000,31.690
2026-07-23T02:01:22.541Z,usb,1,3612849267,219475,56185600,256,8000,31.690
2026-07-23T02:01:22.573Z,usb,1,3612849267,219476,56185856,256,8000,31.690
2026-07-23T02:01:22.605Z,usb,1,3612849267,219477,56186112,256,8000,31.690
2026-07-23T02:01:22.637Z,usb,1,3612849267,219478,56186368,256,8000,31.690
2026-07-23T02:01:22.669Z,usb,1,3612849267,219479,56186624,256,8000,31.690
2026-07-23T02:01:22.701Z,usb,1,3612849267,219480,56186880,256,8000,31.690
2026-07-23T02:01:22.734Z,usb,1,3612849267,219481,56187136,256,8000,31.690
2026-07-23T02:01:22.766Z,usb,1,3612849267,219482,56187392,256,8000,31.690
2026-07-23T02:01:22.797Z,usb,1,3612849267,219483,56187648,256,8000,31.690
2026-07-23T02:01:22.829Z,usb,1,3612849267,219484,56187904,256,8000,31.690
2026-07-23T02:01:22.861Z,usb,1,3612849267,219485,56188160,256,8000,31.690
2026-07-23T02:01:22.893Z,usb,1,3612849267,219486,56188416,256,8000,31.690
2026-07-23T02:01:22.925Z,usb,1,3612849267,219487,56188672,256,8000,31.690
2026-07-23T02:01:22.957Z,usb,1,3612849267,219488,56188928,256,8000,31.690
2026-07-23T02:01:22.990Z,usb,1,3612849267,219489,56189184,256,8000,31.690
2026-07-23T02:01:23.021Z,usb,1,3612849267,219490,56189440,256,8000,31.690
2026-07-23T02:01:23.053Z,usb,1,3612849267,219491,56189696,256,8000,31.690
2026-07-23T02:01:23.086Z,usb,1,3612849267,219492,56189952,256,8000,31.690
2026-07-23T02:01:23.117Z,usb,1,3612849267,219493,56190208,256,8000,31.690
2026-07-23T02:01:23.150Z,usb,1,3612849267,219494,56190464,256,8000,31.690
2026-07-23T02:01:23.182Z,usb,1,3612849267,219495,56190720,256,8000,31.690
2026-07-23T02:01:23.213Z,usb,1,3612849267,219496,56190976,256,8000,31.690
2026-07-23T02:01:23.245Z,usb,1,3612849267,219497,56191232,256,8000,31.690
2026-07-23T02:01:23.277Z,usb,1,3612849267,219498,56191488,256,8000,31.690
2026-07-23T02:01:23.309Z,usb,1,3612849267,219499,56191744,256,8000,31.690
2026-07-23T02:01:23.341Z,usb,1,3612849267,219500,56192000,256,8000,31.690
2026-07-23T02:01:23.373Z,usb,1,3612849267,219501,56192256,256,8000,31.690
2026-07-23T02:01:23.406Z,usb,1,3612849267,219502,56192512,256,8000,31.690
2026-07-23T02:01:23.438Z,usb,1,3612849267,219503,56192768,256,8000,31.690
2026-07-23T02:01:23.469Z,usb,1,3612849267,219504,56193024,256,8000,31.690
2026-07-23T02:01:23.501Z,usb,1,3612849267,219505,56193280,256,8000,31.690
2026-07-23T02:01:23.533Z,usb,1,3612849267,219506,56193536,256,8000,31.690
2026-07-23T02:01:23.565Z,usb,1,3612849267,219507,56193792,256,8000,31.690
2026-07-23T02:01:23.598Z,usb,1,3612849267,219508,56194048,256,8000,31.690
2026-07-23T02:01:23.630Z,usb,1,3612849267,219509,56194304,256,8000,31.690
2026-07-23T02:01:23.662Z,usb,1,3612849267,219510,56194560,256,8000,31.690
2026-07-23T02:01:23.694Z,usb,1,3612849267,219511,56194816,256,8000,31.690
2026-07-23T02:01:23.726Z,usb,1,3612849267,219512,56195072,256,8000,31.690
2026-07-23T02:01:23.758Z,usb,1,3612849267,219513,56195328,256,8000,31.690
2026-07-23T02:01:23.789Z,usb,1,3612849267,219514,56195584,256,8000,31.690
2026-07-23T02:01:23.821Z,usb,1,3612849267,219515,56195840,256,8000,31.690
2026-07-23T02:01:23.854Z,usb,1,3612849267,219516,56196096,256,8000,31.690
2026-07-23T02:01:23.886Z,usb,1,3612849267,219517,56196352,256,8000,31.690
2026-07-23T02:01:23.918Z,usb,1,3612849267,219518,56196608,256,8000,31.690
2026-07-23T02:01:23.949Z,usb,1,3612849267,219519,56196864,256,8000,31.690
2026-07-23T02:01:23.982Z,usb,1,3612849267,219520,56197120,256,8000,31.690
2026-07-23T02:01:24.014Z,usb,1,3612849267,219521,56197376,256,8000,31.690
2026-07-23T02:01:24.046Z,usb,1,3612849267,219522,56197632,256,8000,31.690
2026-07-23T02:01:24.077Z,usb,1,3612849267,219523,56197888,256,8000,31.690
2026-07-23T02:01:24.111Z,usb,1,3612849267,219524,56198144,256,8000,31.690
2026-07-23T02:01:24.141Z,usb,1,3612849267,219525,56198400,256,8000,31.690
2026-07-23T02:01:24.174Z,usb,1,3612849267,219526,56198656,256,8000,31.690
2026-07-23T02:01:24.206Z,usb,1,3612849267,219527,56198912,256,8000,31.690
2026-07-23T02:01:24.238Z,usb,1,3612849267,219528,56199168,256,8000,31.690
2026-07-23T02:01:24.270Z,usb,1,3612849267,219529,56199424,256,8000,31.690
2026-07-23T02:01:24.301Z,usb,1,3612849267,219530,56199680,256,8000,31.690
2026-07-23T02:01:24.334Z,usb,1,3612849267,219531,56199936,256,8000,31.690
2026-07-23T02:01:24.366Z,usb,1,3612849267,219532,56200192,256,8000,31.690
2026-07-23T02:01:24.398Z,usb,1,3612849267,219533,56200448,256,8000,31.690
2026-07-23T02:01:24.429Z,usb,1,3612849267,219534,56200704,256,8000,31.690
2026-07-23T02:01:24.462Z,usb,1,3612849267,219535,56200960,256,8000,31.690
2026-07-23T02:01:24.494Z,usb,1,3612849267,219536,56201216,256,8000,31.690
2026-07-23T02:01:24.526Z,usb,1,3612849267,219537,56201472,256,8000,31.690
2026-07-23T02:01:24.557Z,usb,1,3612849267,219538,56201728,256,8000,31.690
2026-07-23T02:01:24.590Z,usb,1,3612849267,219539,56201984,256,8000,31.690
2026-07-23T02:01:24.622Z,usb,1,3612849267,219540,56202240,256,8000,31.690
2026-07-23T02:01:24.654Z,usb,1,3612849267,219541,56202496,256,8000,31.690
2026-07-23T02:01:24.685Z,usb,1,3612849267,219542,56202752,256,8000,31.690
2026-07-23T02:01:24.717Z,usb,1,3612849267,219543,56203008,256,8000,31.690
2026-07-23T02:01:24.750Z,usb,1,3612849267,219544,56203264,256,8000,31.690
2026-07-23T02:01:24.782Z,usb,1,3612849267,219545,56203520,256,8000,31.690
2026-07-23T02:01:24.814Z,usb,1,3612849267,219546,56203776,256,8000,31.690
2026-07-23T02:01:24.846Z,usb,1,3612849267,219547,56204032,256,8000,31.690
2026-07-23T02:01:24.877Z,usb,1,3612849267,219548,56204288,256,8000,31.690
2026-07-23T02:01:24.909Z,usb,1,3612849267,219549,56204544,256,8000,31.690
2026-07-23T02:01:24.942Z,usb,1,3612849267,219550,56204800,256,8000,31.690
2026-07-23T02:01:24.974Z,usb,1,3612849267,219551,56205056,256,8000,31.690
2026-07-23T02:01:25.006Z,usb,1,3612849267,219552,56205312,256,8000,31.690
2026-07-23T02:01:25.038Z,usb,1,3612849267,219553,56205568,256,8000,31.690
2026-07-23T02:01:25.070Z,usb,1,3612849267,219554,56205824,256,8000,31.690
2026-07-23T02:01:25.101Z,usb,1,3612849267,219555,56206080,256,8000,31.690
2026-07-23T02:01:25.134Z,usb,1,3612849267,219556,56206336,256,8000,31.690
2026-07-23T02:01:25.165Z,usb,1,3612849267,219557,56206592,256,8000,31.690
2026-07-23T02:01:25.197Z,usb,1,3612849267,219558,56206848,256,8000,31.690
2026-07-23T02:01:25.230Z,usb,1,3612849267,219559,56207104,256,8000,31.690
2026-07-23T02:01:25.262Z,usb,1,3612849267,219560,56207360,256,8000,31.690
2026-07-23T02:01:25.293Z,usb,1,3612849267,219561,56207616,256,8000,31.690
2026-07-23T02:01:25.325Z,usb,1,3612849267,219562,56207872,256,8000,31.690
2026-07-23T02:01:25.358Z,usb,1,3612849267,219563,56208128,256,8000,31.690
2026-07-23T02:01:25.390Z,usb,1,3612849267,219564,56208384,256,8000,31.690
2026-07-23T02:01:25.421Z,usb,1,3612849267,219565,56208640,256,8000,31.690
2026-07-23T02:01:25.454Z,usb,1,3612849267,219566,56208896,256,8000,31.690
2026-07-23T02:01:25.485Z,usb,1,3612849267,219567,56209152,256,8000,31.690
2026-07-23T02:01:25.517Z,usb,1,3612849267,219568,56209408,256,8000,31.690
2026-07-23T02:01:25.550Z,usb,1,3612849267,219569,56209664,256,8000,31.690
2026-07-23T02:01:25.581Z,usb,1,3612849267,219570,56209920,256,8000,31.690
2026-07-23T02:01:25.613Z,usb,1,3612849267,219571,56210176,256,8000,31.690
2026-07-23T02:01:25.646Z,usb,1,3612849267,219572,56210432,256,8000,31.690
2026-07-23T02:01:25.678Z,usb,1,3612849267,219573,56210688,256,8000,31.690
2026-07-23T02:01:25.709Z,usb,1,3612849267,219574,56210944,256,8000,31.690
2026-07-23T02:01:25.742Z,usb,1,3612849267,219575,56211200,256,8000,31.690
2026-07-23T02:01:25.774Z,usb,1,3612849267,219576,56211456,256,8000,31.690
2026-07-23T02:01:25.805Z,usb,1,3612849267,219577,56211712,256,8000,31.690
2026-07-23T02:01:25.837Z,usb,1,3612849267,219578,56211968,256,8000,31.690
2026-07-23T02:01:25.869Z,usb,1,3612849267,219579,56212224,256,8000,31.690
2026-07-23T02:01:25.901Z,usb,1,3612849267,219580,56212480,256,8000,31.690
2026-07-23T02:01:25.933Z,usb,1,3612849267,219581,56212736,256,8000,31.690
2026-07-23T02:01:25.966Z,usb,1,3612849267,219582,56212992,256,8000,31.690
2026-07-23T02:01:25.998Z,usb,1,3612849267,219583,56213248,256,8000,31.690
2026-07-23T02:01:26.029Z,usb,1,3612849267,219584,56213504,256,8000,31.690
2026-07-23T02:01:26.062Z,usb,1,3612849267,219585,56213760,256,8000,31.690
2026-07-23T02:01:26.094Z,usb,1,3612849267,219586,56214016,256,8000,31.690
2026-07-23T02:01:26.125Z,usb,1,3612849267,219587,56214272,256,8000,31.690
2026-07-23T02:01:26.158Z,usb,1,3612849267,219588,56214528,256,8000,31.690
2026-07-23T02:01:26.190Z,usb,1,3612849267,219589,56214784,256,8000,31.690
2026-07-23T02:01:26.222Z,usb,1,3612849267,219590,56215040,256,8000,31.690
2026-07-23T02:01:26.254Z,usb,1,3612849267,219591,56215296,256,8000,31.690
2026-07-23T02:01:26.286Z,usb,1,3612849267,219592,56215552,256,8000,31.690
2026-07-23T02:01:26.318Z,usb,1,3612849267,219593,56215808,256,8000,31.690
2026-07-23T02:01:26.350Z,usb,1,3612849267,219594,56216064,256,8000,31.690
2026-07-23T02:01:26.382Z,usb,1,3612849267,219595,56216320,256,8000,31.690
2026-07-23T02:01:26.414Z,usb,1,3612849267,219596,56216576,256,8000,31.690
2026-07-23T02:01:26.445Z,usb,1,3612849267,219597,56216832,256,8000,31.690
2026-07-23T02:01:26.477Z,usb,1,3612849267,219598,56217088,256,8000,31.690
2026-07-23T02:01:26.509Z,usb,1,3612849267,219599,56217344,256,8000,31.690
2026-07-23T02:01:26.541Z,usb,1,3612849267,219600,56217600,256,8000,31.690
2026-07-23T02:01:26.574Z,usb,1,3612849267,219601,56217856,256,8000,31.690
2026-07-23T02:01:26.606Z,usb,1,3612849267,219602,56218112,256,8000,31.690
2026-07-23T02:01:26.638Z,usb,1,3612849267,219603,56218368,256,8000,31.690
2026-07-23T02:01:26.670Z,usb,1,3612849267,219604,56218624,256,8000,31.690
2026-07-23T02:01:26.702Z,usb,1,3612849267,219605,56218880,256,8000,31.690
2026-07-23T02:01:26.734Z,usb,1,3612849267,219606,56219136,256,8000,31.690
2026-07-23T02:01:26.766Z,usb,1,3612849267,219607,56219392,256,8000,31.690
2026-07-23T02:01:26.797Z,usb,1,3612849267,219608,56219648,256,8000,31.690
2026-07-23T02:01:26.829Z,usb,1,3612849267,219609,56219904,256,8000,31.690
2026-07-23T02:01:26.862Z,usb,1,3612849267,219610,56220160,256,8000,31.690
2026-07-23T02:01:26.894Z,usb,1,3612849267,219611,56220416,256,8000,31.690
2026-07-23T02:01:26.925Z,usb,1,3612849267,219612,56220672,256,8000,31.690
2026-07-23T02:01:26.958Z,usb,1,3612849267,219613,56220928,256,8000,31.690
2026-07-23T02:01:26.990Z,usb,1,3612849267,219614,56221184,256,8000,31.690
2026-07-23T02:01:27.021Z,usb,1,3612849267,219615,56221440,256,8000,31.690
2026-07-23T02:01:27.054Z,usb,1,3612849267,219616,56221696,256,8000,31.690
2026-07-23T02:01:27.086Z,usb,1,3612849267,219617,56221952,256,8000,31.690
2026-07-23T02:01:27.117Z,usb,1,3612849267,219618,56222208,256,8000,31.690
2026-07-23T02:01:27.150Z,usb,1,3612849267,219619,56222464,256,8000,31.690
2026-07-23T02:01:27.182Z,usb,1,3612849267,219620,56222720,256,8000,31.690
2026-07-23T02:01:27.214Z,usb,1,3612849267,219621,56222976,256,8000,31.690
2026-07-23T02:01:27.246Z,usb,1,3612849267,219622,56223232,256,8000,31.690
2026-07-23T02:01:27.278Z,usb,1,3612849267,219623,56223488,256,8000,31.690
2026-07-23T02:01:27.310Z,usb,1,3612849267,219624,56223744,256,8000,31.690
2026-07-23T02:01:27.341Z,usb,1,3612849267,219625,56224000,256,8000,31.690
2026-07-23T02:01:27.374Z,usb,1,3612849267,219626,56224256,256,8000,31.690
2026-07-23T02:01:27.405Z,usb,1,3612849267,219627,56224512,256,8000,31.690
2026-07-23T02:01:27.437Z,usb,1,3612849267,219628,56224768,256,8000,31.690
2026-07-23T02:01:27.469Z,usb,1,3612849267,219629,56225024,256,8000,31.690
2026-07-23T02:01:27.502Z,usb,1,3612849267,219630,56225280,256,8000,31.690
2026-07-23T02:01:27.533Z,usb,1,3612849267,219631,56225536,256,8000,31.690
2026-07-23T02:01:27.565Z,usb,1,3612849267,219632,56225792,256,8000,31.690
2026-07-23T02:01:27.598Z,usb,1,3612849267,219633,56226048,256,8000,31.690
2026-07-23T02:01:27.630Z,usb,1,3612849267,219634,56226304,256,8000,31.690
2026-07-23T02:01:27.661Z,usb,1,3612849267,219635,56226560,256,8000,31.690
2026-07-23T02:01:27.694Z,usb,1,3612849267,219636,56226816,256,8000,31.690
2026-07-23T02:01:27.726Z,usb,1,3612849267,219637,56227072,256,8000,31.690
2026-07-23T02:01:27.758Z,usb,1,3612849267,219638,56227328,256,8000,31.690
2026-07-23T02:01:27.789Z,usb,1,3612849267,219639,56227584,256,8000,31.690
2026-07-23T02:01:27.822Z,usb,1,3612849267,219640,56227840,256,8000,31.690
2026-07-23T02:01:27.854Z,usb,1,3612849267,219641,56228096,256,8000,31.690
2026-07-23T02:01:27.885Z,usb,1,3612849267,219642,56228352,256,8000,31.690
2026-07-23T02:01:27.918Z,usb,1,3612849267,219643,56228608,256,8000,31.690
2026-07-23T02:01:27.950Z,usb,1,3612849267,219644,56228864,256,8000,31.690
2026-07-23T02:01:27.982Z,usb,1,3612849267,219645,56229120,256,8000,31.690
2026-07-23T02:01:28.013Z,usb,1,3612849267,219646,56229376,256,8000,31.690
2026-07-23T02:01:28.046Z,usb,1,3612849267,219647,56229632,256,8000,31.690
2026-07-23T02:01:28.077Z,usb,1,3612849267,219648,56229888,256,8000,31.690
2026-07-23T02:01:28.110Z,usb,1,3612849267,219649,56230144,256,8000,31.690
2026-07-23T02:01:28.142Z,usb,1,3612849267,219650,56230400,256,8000,31.690
2026-07-23T02:01:28.174Z,usb,1,3612849267,219651,56230656,256,8000,31.690
2026-07-23T02:01:28.206Z,usb,1,3612849267,219652,56230912,256,8000,31.690
2026-07-23T02:01:28.238Z,usb,1,3612849267,219653,56231168,256,8000,31.690
2026-07-23T02:01:28.269Z,usb,1,3612849267,219654,56231424,256,8000,31.690
2026-07-23T02:01:28.302Z,usb,1,3612849267,219655,56231680,256,8000,31.690
2026-07-23T02:01:28.333Z,usb,1,3612849267,219656,56231936,256,8000,31.690
2026-07-23T02:01:28.366Z,usb,1,3612849267,219657,56232192,256,8000,31.690
2026-07-23T02:01:28.397Z,usb,1,3612849267,219658,56232448,256,8000,31.690
2026-07-23T02:01:28.430Z,usb,1,3612849267,219659,56232704,256,8000,31.690
2026-07-23T02:01:28.462Z,usb,1,3612849267,219660,56232960,256,8000,31.690
2026-07-23T02:01:28.494Z,usb,1,3612849267,219661,56233216,256,8000,31.690
2026-07-23T02:01:28.526Z,usb,1,3612849267,219662,56233472,256,8000,31.690
2026-07-23T02:01:28.557Z,usb,1,3612849267,219663,56233728,256,8000,31.690
2026-07-23T02:01:28.590Z,usb,1,3612849267,219664,56233984,256,8000,31.690
2026-07-23T02:01:28.622Z,usb,1,3612849267,219665,56234240,256,8000,31.690
2026-07-23T02:01:28.653Z,usb,1,3612849267,219666,56234496,256,8000,31.690
2026-07-23T02:01:28.686Z,usb,1,3612849267,219667,56234752,256,8000,31.690
2026-07-23T02:01:28.717Z,usb,1,3612849267,219668,56235008,256,8000,31.690
2026-07-23T02:01:28.750Z,usb,1,3612849267,219669,56235264,256,8000,31.690
2026-07-23T02:01:28.782Z,usb,1,3612849267,219670,56235520,256,8000,31.690
2026-07-23T02:01:28.813Z,usb,1,3612849267,219671,56235776,256,8000,31.690
2026-07-23T02:01:28.845Z,usb,1,3612849267,219672,56236032,256,8000,31.690
2026-07-23T02:01:28.878Z,usb,1,3612849267,219673,56236288,256,8000,31.690
2026-07-23T02:01:28.909Z,usb,1,3612849267,219674,56236544,256,8000,31.690
2026-07-23T02:01:28.941Z,usb,1,3612849267,219675,56236800,256,8000,31.690
2026-07-23T02:01:28.974Z,usb,1,3612849267,219676,56237056,256,8000,31.690
2026-07-23T02:01:29.006Z,usb,1,3612849267,219677,56237312,256,8000,31.690
2026-07-23T02:01:29.037Z,usb,1,3612849267,219678,56237568,256,8000,31.690
2026-07-23T02:01:29.069Z,usb,1,3612849267,219679,56237824,256,8000,31.690
2026-07-23T02:01:29.101Z,usb,1,3612849267,219680,56238080,256,8000,31.690
2026-07-23T02:01:29.133Z,usb,1,3612849267,219681,56238336,256,8000,31.690
2026-07-23T02:01:29.166Z,usb,1,3612849267,219682,56238592,256,8000,31.690
2026-07-23T02:01:29.198Z,usb,1,3612849267,219683,56238848,256,8000,31.690
2026-07-23T02:01:29.230Z,usb,1,3612849267,219684,56239104,256,8000,31.690
2026-07-23T02:01:29.262Z,usb,1,3612849267,219685,56239360,256,8000,31.690
2026-07-23T02:01:29.294Z,usb,1,3612849267,219686,56239616,256,8000,31.690
2026-07-23T02:01:29.326Z,usb,1,3612849267,219687,56239872,256,8000,31.690
2026-07-23T02:01:29.357Z,usb,1,3612849267,219688,56240128,256,8000,31.690
2026-07-23T02:01:29.389Z,usb,1,3612849267,219689,56240384,256,8000,31.690
2026-07-23T02:01:29.421Z,usb,1,3612849267,219690,56240640,256,8000,31.690
2026-07-23T02:01:29.453Z,usb,1,3612849267,219691,56240896,256,8000,31.690
2026-07-23T02:01:29.485Z,usb,1,3612849267,219692,56241152,256,8000,31.690
2026-07-23T02:01:29.517Z,usb,1,3612849267,219693,56241408,256,8000,31.690
2026-07-23T02:01:29.549Z,usb,1,3612849267,219694,56241664,256,8000,31.690
2026-07-23T02:01:29.581Z,usb,1,3612849267,219695,56241920,256,8000,31.690
2026-07-23T02:01:29.613Z,usb,1,3612849267,219696,56242176,256,8000,31.690
2026-07-23T02:01:29.645Z,usb,1,3612849267,219697,56242432,256,8000,31.690
2026-07-23T02:01:29.677Z,usb,1,3612849267,219698,56242688,256,8000,31.690
2026-07-23T02:01:29.709Z,usb,1,3612849267,219699,56242944,256,8000,31.690
2026-07-23T02:01:29.741Z,usb,1,3612849267,219700,56243200,256,8000,31.690
2026-07-23T02:01:29.773Z,usb,1,3612849267,219701,56243456,256,8000,31.690
2026-07-23T02:01:29.806Z,usb,1,3612849267,219702,56243712,256,8000,31.690
2026-07-23T02:01:29.837Z,usb,1,3612849267,219703,56243968,256,8000,31.690
2026-07-23T02:01:29.869Z,usb,1,3612849267,219704,56244224,256,8000,31.690
2026-07-23T02:01:29.901Z,usb,1,3612849267,219705,56244480,256,8000,31.690
2026-07-23T02:01:29.933Z,usb,1,3612849267,219706,56244736,256,8000,31.690
2026-07-23T02:01:29.966Z,usb,1,3612849267,219707,56244992,256,8000,31.690
2026-07-23T02:01:29.997Z,usb,1,3612849267,219708,56245248,256,8000,31.690
2026-07-23T02:01:30.029Z,usb,1,3612849267,219709,56245504,256,8000,31.690
2026-07-23T02:01:30.061Z,usb,1,3612849267,219710,56245760,256,8000,31.690
2026-07-23T02:01:30.093Z,usb,1,3612849267,219711,56246016,256,8000,31.690
2026-07-23T02:01:30.125Z,usb,1,3612849267,219712,56246272,256,8000,31.690
2026-07-23T02:01:30.158Z,usb,1,3612849267,219713,56246528,256,8000,31.690
2026-07-23T02:01:30.190Z,usb,1,3612849267,219714,56246784,256,8000,31.690
2026-07-23T02:01:30.222Z,usb,1,3612849267,219715,56247040,256,8000,31.690
2026-07-23T02:01:30.254Z,usb,1,3612849267,219716,56247296,256,8000,31.690
2026-07-23T02:01:30.285Z,usb,1,3612849267,219717,56247552,256,8000,31.690
2026-07-23T02:01:30.318Z,usb,1,3612849267,219718,56247808,256,8000,31.690
2026-07-23T02:01:30.349Z,usb,1,3612849267,219719,56248064,256,8000,31.690
2026-07-23T02:01:30.381Z,usb,1,3612849267,219720,56248320,256,8000,31.690
2026-07-23T02:01:30.413Z,usb,1,3612849267,219721,56248576,256,8000,31.690
2026-07-23T02:01:30.445Z,usb,1,3612849267,219722,56248832,256,8000,31.690
2026-07-23T02:01:30.477Z,usb,1,3612849267,219723,56249088,256,8000,31.690
2026-07-23T02:01:30.509Z,usb,1,3612849267,219724,56249344,256,8000,31.690
2026-07-23T02:01:30.541Z,usb,1,3612849267,219725,56249600,256,8000,31.690
2026-07-23T02:01:30.573Z,usb,1,3612849267,219726,56249856,256,8000,31.690
2026-07-23T02:01:30.605Z,usb,1,3612849267,219727,56250112,256,8000,31.690
2026-07-23T02:01:30.637Z,usb,1,3612849267,219728,56250368,256,8000,31.690
2026-07-23T02:01:30.669Z,usb,1,3612849267,219729,56250624,256,8000,31.690
2026-07-23T02:01:30.701Z,usb,1,3612849267,219730,56250880,256,8000,31.690
2026-07-23T02:01:30.734Z,usb,1,3612849267,219731,56251136,256,8000,31.690
2026-07-23T02:01:30.766Z,usb,1,3612849267,219732,56251392,256,8000,31.690
2026-07-23T02:01:30.798Z,usb,1,3612849267,219733,56251648,256,8000,31.690
2026-07-23T02:01:30.829Z,usb,1,3612849267,219734,56251904,256,8000,31.690
2026-07-23T02:01:30.861Z,usb,1,3612849267,219735,56252160,256,8000,31.690
2026-07-23T02:01:30.893Z,usb,1,3612849267,219736,56252416,256,8000,31.690
2026-07-23T02:01:30.925Z,usb,1,3612849267,219737,56252672,256,8000,31.690
2026-07-23T02:01:30.957Z,usb,1,3612849267,219738,56252928,256,8000,31.690
2026-07-23T02:01:30.990Z,usb,1,3612849267,219739,56253184,256,8000,31.690
2026-07-23T02:01:31.021Z,usb,1,3612849267,219740,56253440,256,8000,31.690
2026-07-23T02:01:31.053Z,usb,1,3612849267,219741,56253696,256,8000,31.690
2026-07-23T02:01:31.086Z,usb,1,3612849267,219742,56253952,256,8000,31.690
2026-07-23T02:01:31.117Z,usb,1,3612849267,219743,56254208,256,8000,31.690
2026-07-23T02:01:31.149Z,usb,1,3612849267,219744,56254464,256,8000,31.690
2026-07-23T02:01:31.182Z,usb,1,3612849267,219745,56254720,256,8000,31.690
2026-07-23T02:01:31.214Z,usb,1,3612849267,219746,56254976,256,8000,31.690
2026-07-23T02:01:31.246Z,usb,1,3612849267,219747,56255232,256,8000,31.690
2026-07-23T02:01:31.278Z,usb,1,3612849267,219748,56255488,256,8000,31.690
2026-07-23T02:01:31.309Z,usb,1,3612849267,219749,56255744,256,8000,31.690
2026-07-23T02:01:31.341Z,usb,1,3612849267,219750,56256000,256,8000,31.690
2026-07-23T02:01:31.373Z,usb,1,3612849267,219751,56256256,256,8000,31.690
2026-07-23T02:01:31.405Z,usb,1,3612849267,219752,56256512,256,8000,31.690
2026-07-23T02:01:31.437Z,usb,1,3612849267,219753,56256768,256,8000,31.690
2026-07-23T02:01:31.469Z,usb,1,3612849267,219754,56257024,256,8000,31.690
2026-07-23T02:01:31.501Z,usb,1,3612849267,219755,56257280,256,8000,31.690
2026-07-23T02:01:31.533Z,usb,1,3612849267,219756,56257536,256,8000,31.690
2026-07-23T02:01:31.565Z,usb,1,3612849267,219757,56257792,256,8000,31.690
2026-07-23T02:01:31.597Z,usb,1,3612849267,219758,56258048,256,8000,31.690
2026-07-23T02:01:31.630Z,usb,1,3612849267,219759,56258304,256,8000,31.690
2026-07-23T02:01:31.661Z,usb,1,3612849267,219760,56258560,256,8000,31.690
2026-07-23T02:01:31.694Z,usb,1,3612849267,219761,56258816,256,8000,31.690
2026-07-23T02:01:31.726Z,usb,1,3612849267,219762,56259072,256,8000,31.690
2026-07-23T02:01:31.758Z,usb,1,3612849267,219763,56259328,256,8000,31.690
2026-07-23T02:01:31.790Z,usb,1,3612849267,219764,56259584,256,8000,31.690
2026-07-23T02:01:31.822Z,usb,1,3612849267,219765,56259840,256,8000,31.690
2026-07-23T02:01:31.853Z,usb,1,3612849267,219766,56260096,256,8000,31.690
2026-07-23T02:01:31.886Z,usb,1,3612849267,219767,56260352,256,8000,31.690
2026-07-23T02:01:31.918Z,usb,1,3612849267,219768,56260608,256,8000,31.690
2026-07-23T02:01:31.950Z,usb,1,3612849267,219769,56260864,256,8000,31.690
2026-07-23T02:01:31.981Z,usb,1,3612849267,219770,56261120,256,8000,31.690
2026-07-23T02:01:32.014Z,usb,1,3612849267,219771,56261376,256,8000,31.690
2026-07-23T02:01:32.046Z,usb,1,3612849267,219772,56261632,256,8000,31.690
2026-07-23T02:01:32.078Z,usb,1,3612849267,219773,56261888,256,8000,31.690
2026-07-23T02:01:32.110Z,usb,1,3612849267,219774,56262144,256,8000,31.690
2026-07-23T02:01:32.142Z,usb,1,3612849267,219775,56262400,256,8000,31.690
2026-07-23T02:01:32.174Z,usb,1,3612849267,219776,56262656,256,8000,31.690
2026-07-23T02:01:32.205Z,usb,1,3612849267,219777,56262912,256,8000,31.690
2026-07-23T02:01:32.238Z,usb,1,3612849267,219778,56263168,256,8000,31.690
2026-07-23T02:01:32.269Z,usb,1,3612849267,219779,56263424,256,8000,31.690
2026-07-23T02:01:32.302Z,usb,1,3612849267,219780,56263680,256,8000,31.690
2026-07-23T02:01:32.333Z,usb,1,3612849267,219781,56263936,256,8000,31.690
2026-07-23T02:01:32.365Z,usb,1,3612849267,219782,56264192,256,8000,31.690
2026-07-23T02:01:32.398Z,usb,1,3612849267,219783,56264448,256,8000,31.690
2026-07-23T02:01:32.430Z,usb,1,3612849267,219784,56264704,256,8000,31.690
2026-07-23T02:01:32.462Z,usb,1,3612849267,219785,56264960,256,8000,31.690
2026-07-23T02:01:32.494Z,usb,1,3612849267,219786,56265216,256,8000,31.690
2026-07-23T02:01:32.525Z,usb,1,3612849267,219787,56265472,256,8000,31.690
2026-07-23T02:01:32.557Z,usb,1,3612849267,219788,56265728,256,8000,31.690
2026-07-23T02:01:32.591Z,usb,1,3612849267,219789,56265984,256,8000,31.690
2026-07-23T02:01:32.621Z,usb,1,3612849267,219790,56266240,256,8000,31.690
2026-07-23T02:01:32.653Z,usb,1,3612849267,219791,56266496,256,8000,31.690
2026-07-23T02:01:32.686Z,usb,1,3612849267,219792,56266752,256,8000,31.690
2026-07-23T02:01:32.717Z,usb,1,3612849267,219793,56267008,256,8000,31.690
2026-07-23T02:01:32.750Z,usb,1,3612849267,219794,56267264,256,8000,31.690
2026-07-23T02:01:32.782Z,usb,1,3612849267,219795,56267520,256,8000,31.690
2026-07-23T02:01:32.814Z,usb,1,3612849267,219796,56267776,256,8000,31.690
2026-07-23T02:01:32.845Z,usb,1,3612849267,219797,56268032,256,8000,31.690
2026-07-23T02:01:32.877Z,usb,1,3612849267,219798,56268288,256,8000,31.690
2026-07-23T02:01:32.909Z,usb,1,3612849267,219799,56268544,256,8000,31.690
2026-07-23T02:01:32.942Z,usb,1,3612849267,219800,56268800,256,8000,31.690
2026-07-23T02:01:32.973Z,usb,1,3612849267,219801,56269056,256,8000,31.690
2026-07-23T02:01:33.006Z,usb,1,3612849267,219802,56269312,256,8000,31.690
2026-07-23T02:01:33.038Z,usb,1,3612849267,219803,56269568,256,8000,31.690
2026-07-23T02:01:33.069Z,usb,1,3612849267,219804,56269824,256,8000,31.690
2026-07-23T02:01:33.101Z,usb,1,3612849267,219805,56270080,256,8000,31.690
2026-07-23T02:01:33.133Z,usb,1,3612849267,219806,56270336,256,8000,31.690
2026-07-23T02:01:33.166Z,usb,1,3612849267,219807,56270592,256,8000,31.690
2026-07-23T02:01:33.198Z,usb,1,3612849267,219808,56270848,256,8000,31.690
2026-07-23T02:01:33.229Z,usb,1,3612849267,219809,56271104,256,8000,31.690
2026-07-23T02:01:33.262Z,usb,1,3612849267,219810,56271360,256,8000,31.690
2026-07-23T02:01:33.294Z,usb,1,3612849267,219811,56271616,256,8000,31.690
2026-07-23T02:01:33.326Z,usb,1,3612849267,219812,56271872,256,8000,31.690
2026-07-23T02:01:33.358Z,usb,1,3612849267,219813,56272128,256,8000,31.690
2026-07-23T02:01:33.390Z,usb,1,3612849267,219814,56272384,256,8000,31.690
2026-07-23T02:01:33.422Z,usb,1,3612849267,219815,56272640,256,8000,31.690
2026-07-23T02:01:33.453Z,usb,1,3612849267,219816,56272896,256,8000,31.690
2026-07-23T02:01:33.486Z,usb,1,3612849267,219817,56273152,256,8000,31.690
2026-07-23T02:01:33.518Z,usb,1,3612849267,219818,56273408,256,8000,31.690
2026-07-23T02:01:33.549Z,usb,1,3612849267,219819,56273664,256,8000,31.690
2026-07-23T02:01:33.581Z,usb,1,3612849267,219820,56273920,256,8000,31.690
2026-07-23T02:01:33.614Z,usb,1,3612849267,219821,56274176,256,8000,31.690
2026-07-23T02:01:33.645Z,usb,1,3612849267,219822,56274432,256,8000,31.690
2026-07-23T02:01:33.677Z,usb,1,3612849267,219823,56274688,256,8000,31.690
2026-07-23T02:01:33.710Z,usb,1,3612849267,219824,56274944,256,8000,31.690
2026-07-23T02:01:33.741Z,usb,1,3612849267,219825,56275200,256,8000,31.690
2026-07-23T02:01:33.773Z,usb,1,3612849267,219826,56275456,256,8000,31.690
2026-07-23T02:01:33.805Z,usb,1,3612849267,219827,56275712,256,8000,31.690
2026-07-23T02:01:33.837Z,usb,1,3612849267,219828,56275968,256,8000,31.690
2026-07-23T02:01:33.869Z,usb,1,3612849267,219829,56276224,256,8000,31.690
2026-07-23T02:01:33.902Z,usb,1,3612849267,219830,56276480,256,8000,31.690
2026-07-23T02:01:33.933Z,usb,1,3612849267,219831,56276736,256,8000,31.690
2026-07-23T02:01:33.965Z,usb,1,3612849267,219832,56276992,256,8000,31.690
2026-07-23T02:01:33.998Z,usb,1,3612849267,219833,56277248,256,8000,31.690
2026-07-23T02:01:34.029Z,usb,1,3612849267,219834,56277504,256,8000,31.690
2026-07-23T02:01:34.061Z,usb,1,3612849267,219835,56277760,256,8000,31.690
2026-07-23T02:01:34.094Z,usb,1,3612849267,219836,56278016,256,8000,31.690
2026-07-23T02:01:34.125Z,usb,1,3612849267,219837,56278272,256,8000,31.690
2026-07-23T02:01:34.158Z,usb,1,3612849267,219838,56278528,256,8000,31.690
2026-07-23T02:01:34.190Z,usb,1,3612849267,219839,56278784,256,8000,31.690
2026-07-23T02:01:34.222Z,usb,1,3612849267,219840,56279040,256,8000,31.690
2026-07-23T02:01:34.254Z,usb,1,3612849267,219841,56279296,256,8000,31.690
2026-07-23T02:01:34.286Z,usb,1,3612849267,219842,56279552,256,8000,31.690
2026-07-23T02:01:34.317Z,usb,1,3612849267,219843,56279808,256,8000,31.690
2026-07-23T02:01:34.350Z,usb,1,3612849267,219844,56280064,256,8000,31.690
2026-07-23T02:01:34.381Z,usb,1,3612849267,219845,56280320,256,8000,31.690
2026-07-23T02:01:34.414Z,usb,1,3612849267,219846,56280576,256,8000,31.690
2026-07-23T02:01:34.446Z,usb,1,3612849267,219847,56280832,256,8000,31.690
2026-07-23T02:01:34.477Z,usb,1,3612849267,219848,56281088,256,8000,31.690
2026-07-23T02:01:34.510Z,usb,1,3612849267,219849,56281344,256,8000,31.690
2026-07-23T02:01:34.541Z,usb,1,3612849267,219850,56281600,256,8000,31.690
2026-07-23T02:01:34.573Z,usb,1,3612849267,219851,56281856,256,8000,31.690
2026-07-23T02:01:34.606Z,usb,1,3612849267,219852,56282112,256,8000,31.690
2026-07-23T02:01:34.637Z,usb,1,3612849267,219853,56282368,256,8000,31.690
2026-07-23T02:01:34.669Z,usb,1,3612849267,219854,56282624,256,8000,31.690
2026-07-23T02:01:34.701Z,usb,1,3612849267,219855,56282880,256,8000,31.690
2026-07-23T02:01:34.734Z,usb,1,3612849267,219856,56283136,256,8000,31.690
2026-07-23T02:01:34.765Z,usb,1,3612849267,219857,56283392,256,8000,31.690
2026-07-23T02:01:34.798Z,usb,1,3612849267,219858,56283648,256,8000,31.690
2026-07-23T02:01:34.830Z,usb,1,3612849267,219859,56283904,256,8000,31.690
2026-07-23T02:01:34.861Z,usb,1,3612849267,219860,56284160,256,8000,31.690
2026-07-23T02:01:34.893Z,usb,1,3612849267,219861,56284416,256,8000,31.690
2026-07-23T02:01:34.925Z,usb,1,3612849267,219862,56284672,256,8000,31.690
2026-07-23T02:01:34.957Z,usb,1,3612849267,219863,56284928,256,8000,31.690
2026-07-23T02:01:34.989Z,usb,1,3612849267,219864,56285184,256,8000,31.690
2026-07-23T02:01:35.021Z,usb,1,3612849267,219865,56285440,256,8000,31.690
2026-07-23T02:01:35.053Z,usb,1,3612849267,219866,56285696,256,8000,31.690
2026-07-23T02:01:35.085Z,usb,1,3612849267,219867,56285952,256,8000,31.690
2026-07-23T02:01:35.117Z,usb,1,3612849267,219868,56286208,256,8000,31.690
2026-07-23T02:01:35.149Z,usb,1,3612849267,219869,56286464,256,8000,31.690
2026-07-23T02:01:35.181Z,usb,1,3612849267,219870,56286720,256,8000,31.690
2026-07-23T02:01:35.214Z,usb,1,3612849267,219871,56286976,256,8000,31.690
2026-07-23T02:01:35.246Z,usb,1,3612849267,219872,56287232,256,8000,31.690
2026-07-23T02:01:35.278Z,usb,1,3612849267,219873,56287488,256,8000,31.690
2026-07-23T02:01:35.310Z,usb,1,3612849267,219874,56287744,256,8000,31.690
2026-07-23T02:01:35.341Z,usb,1,3612849267,219875,56288000,256,8000,31.690
2026-07-23T02:01:35.374Z,usb,1,3612849267,219876,56288256,256,8000,31.680
2026-07-23T02:01:35.406Z,usb,1,3612849267,219877,56288512,256,8000,31.680
2026-07-23T02:01:35.437Z,usb,1,3612849267,219878,56288768,256,8000,31.680
2026-07-23T02:01:35.469Z,usb,1,3612849267,219879,56289024,256,8000,31.680
2026-07-23T02:01:35.501Z,usb,1,3612849267,219880,56289280,256,8000,31.680
2026-07-23T02:01:35.533Z,usb,1,3612849267,219881,56289536,256,8000,31.680
2026-07-23T02:01:35.565Z,usb,1,3612849267,219882,56289792,256,8000,31.680
2026-07-23T02:01:35.598Z,usb,1,3612849267,219883,56290048,256,8000,31.680
2026-07-23T02:01:35.630Z,usb,1,3612849267,219884,56290304,256,8000,31.680
2026-07-23T02:01:35.661Z,usb,1,3612849267,219885,56290560,256,8000,31.680
2026-07-23T02:01:35.693Z,usb,1,3612849267,219886,56290816,256,8000,31.680
2026-07-23T02:01:35.726Z,usb,1,3612849267,219887,56291072,256,8000,31.680
2026-07-23T02:01:35.758Z,usb,1,3612849267,219888,56291328,256,8000,31.680
2026-07-23T02:01:35.789Z,usb,1,3612849267,219889,56291584,256,8000,31.680
2026-07-23T02:01:35.822Z,usb,1,3612849267,219890,56291840,256,8000,31.680
2026-07-23T02:01:35.853Z,usb,1,3612849267,219891,56292096,256,8000,31.680
2026-07-23T02:01:35.886Z,usb,1,3612849267,219892,56292352,256,8000,31.680
2026-07-23T02:01:35.918Z,usb,1,3612849267,219893,56292608,256,8000,31.680
2026-07-23T02:01:35.950Z,usb,1,3612849267,219894,56292864,256,8000,31.680
2026-07-23T02:01:35.982Z,usb,1,3612849267,219895,56293120,256,8000,31.680
2026-07-23T02:01:36.013Z,usb,1,3612849267,219896,56293376,256,8000,31.680
2026-07-23T02:01:36.045Z,usb,1,3612849267,219897,56293632,256,8000,31.680
2026-07-23T02:01:36.077Z,usb,1,3612849267,219898,56293888,256,8000,31.680
2026-07-23T02:01:36.109Z,usb,1,3612849267,219899,56294144,256,8000,31.680
2026-07-23T02:01:36.141Z,usb,1,3612849267,219900,56294400,256,8000,31.680
2026-07-23T02:01:36.173Z,usb,1,3612849267,219901,56294656,256,8000,31.680
2026-07-23T02:01:36.205Z,usb,1,3612849267,219902,56294912,256,8000,31.680
2026-07-23T02:01:36.238Z,usb,1,3612849267,219903,56295168,256,8000,31.680
2026-07-23T02:01:36.270Z,usb,1,3612849267,219904,56295424,256,8000,31.680
2026-07-23T02:01:36.302Z,usb,1,3612849267,219905,56295680,256,8000,31.680
2026-07-23T02:01:36.334Z,usb,1,3612849267,219906,56295936,256,8000,31.680
2026-07-23T02:01:36.365Z,usb,1,3612849267,219907,56296192,256,8000,31.680
2026-07-23T02:01:36.398Z,usb,1,3612849267,219908,56296448,256,8000,31.690
2026-07-23T02:01:36.429Z,usb,1,3612849267,219909,56296704,256,8000,31.690
2026-07-23T02:01:36.462Z,usb,1,3612849267,219910,56296960,256,8000,31.690
2026-07-23T02:01:36.494Z,usb,1,3612849267,219911,56297216,256,8000,31.690
2026-07-23T02:01:36.525Z,usb,1,3612849267,219912,56297472,256,8000,31.690
2026-07-23T02:01:36.558Z,usb,1,3612849267,219913,56297728,256,8000,31.690
2026-07-23T02:01:36.590Z,usb,1,3612849267,219914,56297984,256,8000,31.690
2026-07-23T02:01:36.622Z,usb,1,3612849267,219915,56298240,256,8000,31.690
2026-07-23T02:01:36.653Z,usb,1,3612849267,219916,56298496,256,8000,31.690
2026-07-23T02:01:36.685Z,usb,1,3612849267,219917,56298752,256,8000,31.690
2026-07-23T02:01:36.717Z,usb,1,3612849267,219918,56299008,256,8000,31.690
2026-07-23T02:01:36.749Z,usb,1,3612849267,219919,56299264,256,8000,31.690
2026-07-23T02:01:36.782Z,usb,1,3612849267,219920,56299520,256,8000,31.690
2026-07-23T02:01:36.814Z,usb,1,3612849267,219921,56299776,256,8000,31.690
2026-07-23T02:01:36.845Z,usb,1,3612849267,219922,56300032,256,8000,31.690
2026-07-23T02:01:36.877Z,usb,1,3612849267,219923,56300288,256,8000,31.690
2026-07-23T02:01:36.909Z,usb,1,3612849267,219924,56300544,256,8000,31.690
2026-07-23T02:01:36.941Z,usb,1,3612849267,219925,56300800,256,8000,31.690
2026-07-23T02:01:36.973Z,usb,1,3612849267,219926,56301056,256,8000,31.690
2026-07-23T02:01:37.005Z,usb,1,3612849267,219927,56301312,256,8000,31.690
2026-07-23T02:01:37.037Z,usb,1,3612849267,219928,56301568,256,8000,31.690
2026-07-23T02:01:37.069Z,usb,1,3612849267,219929,56301824,256,8000,31.690
2026-07-23T02:01:37.101Z,usb,1,3612849267,219930,56302080,256,8000,31.690
2026-07-23T02:01:37.133Z,usb,1,3612849267,219931,56302336,256,8000,31.690
2026-07-23T02:01:37.166Z,usb,1,3612849267,219932,56302592,256,8000,31.690
2026-07-23T02:01:37.197Z,usb,1,3612849267,219933,56302848,256,8000,31.690
2026-07-23T02:01:37.230Z,usb,1,3612849267,219934,56303104,256,8000,31.690
2026-07-23T02:01:37.262Z,usb,1,3612849267,219935,56303360,256,8000,31.690
2026-07-23T02:01:37.293Z,usb,1,3612849267,219936,56303616,256,8000,31.690
2026-07-23T02:01:37.325Z,usb,1,3612849267,219937,56303872,256,8000,31.690
2026-07-23T02:01:37.357Z,usb,1,3612849267,219938,56304128,256,8000,31.690
2026-07-23T02:01:37.389Z,usb,1,3612849267,219939,56304384,256,8000,31.690
2026-07-23T02:01:37.422Z,usb,1,3612849267,219940,56304640,256,8000,31.690
2026-07-23T02:01:37.453Z,usb,1,3612849267,219941,56304896,256,8000,31.690
2026-07-23T02:01:37.485Z,usb,1,3612849267,219942,56305152,256,8000,31.690
2026-07-23T02:01:37.517Z,usb,1,3612849267,219943,56305408,256,8000,31.690
2026-07-23T02:01:37.549Z,usb,1,3612849267,219944,56305664,256,8000,31.690
2026-07-23T02:01:37.581Z,usb,1,3612849267,219945,56305920,256,8000,31.690
2026-07-23T02:01:37.613Z,usb,1,3612849267,219946,56306176,256,8000,31.690
2026-07-23T02:01:37.645Z,usb,1,3612849267,219947,56306432,256,8000,31.690
2026-07-23T02:01:37.677Z,usb,1,3612849267,219948,56306688,256,8000,31.690
2026-07-23T02:01:37.709Z,usb,1,3612849267,219949,56306944,256,8000,31.690
2026-07-23T02:01:37.742Z,usb,1,3612849267,219950,56307200,256,8000,31.690
2026-07-23T02:01:37.774Z,usb,1,3612849267,219951,56307456,256,8000,31.690
2026-07-23T02:01:37.805Z,usb,1,3612849267,219952,56307712,256,8000,31.690
2026-07-23T02:01:37.837Z,usb,1,3612849267,219953,56307968,256,8000,31.690
2026-07-23T02:01:37.869Z,usb,1,3612849267,219954,56308224,256,8000,31.690
2026-07-23T02:01:37.901Z,usb,1,3612849267,219955,56308480,256,8000,31.690
2026-07-23T02:01:37.933Z,usb,1,3612849267,219956,56308736,256,8000,31.690
2026-07-23T02:01:37.965Z,usb,1,3612849267,219957,56308992,256,8000,31.690
2026-07-23T02:01:37.997Z,usb,1,3612849267,219958,56309248,256,8000,31.690
2026-07-23T02:01:38.029Z,usb,1,3612849267,219959,56309504,256,8000,31.690
2026-07-23T02:01:38.061Z,usb,1,3612849267,219960,56309760,256,8000,31.690
2026-07-23T02:01:38.093Z,usb,1,3612849267,219961,56310016,256,8000,31.690
2026-07-23T02:01:38.125Z,usb,1,3612849267,219962,56310272,256,8000,31.690
2026-07-23T02:01:38.157Z,usb,1,3612849267,219963,56310528,256,8000,31.690
2026-07-23T02:01:38.190Z,usb,1,3612849267,219964,56310784,256,8000,31.690
2026-07-23T02:01:38.222Z,usb,1,3612849267,219965,56311040,256,8000,31.690
2026-07-23T02:01:38.254Z,usb,1,3612849267,219966,56311296,256,8000,31.690
2026-07-23T02:01:38.286Z,usb,1,3612849267,219967,56311552,256,8000,31.690
2026-07-23T02:01:38.318Z,usb,1,3612849267,219968,56311808,256,8000,31.690
2026-07-23T02:01:38.349Z,usb,1,3612849267,219969,56312064,256,8000,31.690
2026-07-23T02:01:38.381Z,usb,1,3612849267,219970,56312320,256,8000,31.690
2026-07-23T02:01:38.414Z,usb,1,3612849267,219971,56312576,256,8000,31.690
2026-07-23T02:01:38.446Z,usb,1,3612849267,219972,56312832,256,8000,31.690
2026-07-23T02:01:38.477Z,usb,1,3612849267,219973,56313088,256,8000,31.690
2026-07-23T02:01:38.509Z,usb,1,3612849267,219974,56313344,256,8000,31.690
2026-07-23T02:01:38.541Z,usb,1,3612849267,219975,56313600,256,8000,31.690
2026-07-23T02:01:38.573Z,usb,1,3612849267,219976,56313856,256,8000,31.690
2026-07-23T02:01:38.605Z,usb,1,3612849267,219977,56314112,256,8000,31.690
2026-07-23T02:01:38.637Z,usb,1,3612849267,219978,56314368,256,8000,31.690
2026-07-23T02:01:38.669Z,usb,1,3612849267,219979,56314624,256,8000,31.690
2026-07-23T02:01:38.701Z,usb,1,3612849267,219980,56314880,256,8000,31.690
2026-07-23T02:01:38.734Z,usb,1,3612849267,219981,56315136,256,8000,31.690
2026-07-23T02:01:38.766Z,usb,1,3612849267,219982,56315392,256,8000,31.690
2026-07-23T02:01:38.798Z,usb,1,3612849267,219983,56315648,256,8000,31.690
2026-07-23T02:01:38.829Z,usb,1,3612849267,219984,56315904,256,8000,31.690
2026-07-23T02:01:38.861Z,usb,1,3612849267,219985,56316160,256,8000,31.690
2026-07-23T02:01:38.893Z,usb,1,3612849267,219986,56316416,256,8000,31.690
2026-07-23T02:01:38.925Z,usb,1,3612849267,219987,56316672,256,8000,31.690
2026-07-23T02:01:38.958Z,usb,1,3612849267,219988,56316928,256,8000,31.690
2026-07-23T02:01:38.990Z,usb,1,3612849267,219989,56317184,256,8000,31.690
2026-07-23T02:01:39.022Z,usb,1,3612849267,219990,56317440,256,8000,31.690
2026-07-23T02:01:39.054Z,usb,1,3612849267,219991,56317696,256,8000,31.690
2026-07-23T02:01:39.086Z,usb,1,3612849267,219992,56317952,256,8000,31.690
2026-07-23T02:01:39.118Z,usb,1,3612849267,219993,56318208,256,8000,31.690
2026-07-23T02:01:39.149Z,usb,1,3612849267,219994,56318464,256,8000,31.690
2026-07-23T02:01:39.182Z,usb,1,3612849267,219995,56318720,256,8000,31.690
2026-07-23T02:01:39.214Z,usb,1,3612849267,219996,56318976,256,8000,31.690
2026-07-23T02:01:39.245Z,usb,1,3612849267,219997,56319232,256,8000,31.690
2026-07-23T02:01:39.277Z,usb,1,3612849267,219998,56319488,256,8000,31.690
2026-07-23T02:01:39.309Z,usb,1,3612849267,219999,56319744,256,8000,31.690
2026-07-23T02:01:39.342Z,usb,1,3612849267,220000,56320000,256,8000,31.690
2026-07-23T02:01:39.373Z,usb,1,3612849267,220001,56320256,256,8000,31.690
2026-07-23T02:01:39.406Z,usb,1,3612849267,220002,56320512,256,8000,31.690
2026-07-23T02:01:39.438Z,usb,1,3612849267,220003,56320768,256,8000,31.690
2026-07-23T02:01:39.470Z,usb,1,3612849267,220004,56321024,256,8000,31.690
2026-07-23T02:01:39.501Z,usb,1,3612849267,220005,56321280,256,8000,31.690
2026-07-23T02:01:39.534Z,usb,1,3612849267,220006,56321536,256,8000,31.690
2026-07-23T02:01:39.565Z,usb,1,3612849267,220007,56321792,256,8000,31.690
2026-07-23T02:01:39.598Z,usb,1,3612849267,220008,56322048,256,8000,31.690
2026-07-23T02:01:39.630Z,usb,1,3612849267,220009,56322304,256,8000,31.690
2026-07-23T02:01:39.661Z,usb,1,3612849267,220010,56322560,256,8000,31.690
2026-07-23T02:01:39.693Z,usb,1,3612849267,220011,56322816,256,8000,31.690
2026-07-23T02:01:39.726Z,usb,1,3612849267,220012,56323072,256,8000,31.690
2026-07-23T02:01:39.758Z,usb,1,3612849267,220013,56323328,256,8000,31.690
2026-07-23T02:01:39.789Z,usb,1,3612849267,220014,56323584,256,8000,31.690
2026-07-23T02:01:39.822Z,usb,1,3612849267,220015,56323840,256,8000,31.690
2026-07-23T02:01:39.853Z,usb,1,3612849267,220016,56324096,256,8000,31.690
2026-07-23T02:01:39.886Z,usb,1,3612849267,220017,56324352,256,8000,31.690
2026-07-23T02:01:39.917Z,usb,1,3612849267,220018,56324608,256,8000,31.690
2026-07-23T02:01:39.949Z,usb,1,3612849267,220019,56324864,256,8000,31.690
2026-07-23T02:01:39.982Z,usb,1,3612849267,220020,56325120,256,8000,31.690
2026-07-23T02:01:40.014Z,usb,1,3612849267,220021,56325376,256,8000,31.690
2026-07-23T02:01:40.046Z,usb,1,3612849267,220022,56325632,256,8000,31.690
2026-07-23T02:01:40.077Z,usb,1,3612849267,220023,56325888,256,8000,31.690
2026-07-23T02:01:40.109Z,usb,1,3612849267,220024,56326144,256,8000,31.690
2026-07-23T02:01:40.142Z,usb,1,3612849267,220025,56326400,256,8000,31.690
2026-07-23T02:01:40.174Z,usb,1,3612849267,220026,56326656,256,8000,31.690
2026-07-23T02:01:40.206Z,usb,1,3612849267,220027,56326912,256,8000,31.690
2026-07-23T02:01:40.237Z,usb,1,3612849267,220028,56327168,256,8000,31.690
2026-07-23T02:01:40.269Z,usb,1,3612849267,220029,56327424,256,8000,31.690
2026-07-23T02:01:40.301Z,usb,1,3612849267,220030,56327680,256,8000,31.690
2026-07-23T02:01:40.333Z,usb,1,3612849267,220031,56327936,256,8000,31.690
2026-07-23T02:01:40.366Z,usb,1,3612849267,220032,56328192,256,8000,31.690
2026-07-23T02:01:40.398Z,usb,1,3612849267,220033,56328448,256,8000,31.690
2026-07-23T02:01:40.429Z,usb,1,3612849267,220034,56328704,256,8000,31.690
2026-07-23T02:01:40.462Z,usb,1,3612849267,220035,56328960,256,8000,31.690
2026-07-23T02:01:40.494Z,usb,1,3612849267,220036,56329216,256,8000,31.680
2026-07-23T02:01:40.526Z,usb,1,3612849267,220037,56329472,256,8000,31.680
2026-07-23T02:01:40.558Z,usb,1,3612849267,220038,56329728,256,8000,31.680
2026-07-23T02:01:40.590Z,usb,1,3612849267,220039,56329984,256,8000,31.680
2026-07-23T02:01:40.622Z,usb,1,3612849267,220040,56330240,256,8000,31.680
2026-07-23T02:01:40.654Z,usb,1,3612849267,220041,56330496,256,8000,31.680
2026-07-23T02:01:40.685Z,usb,1,3612849267,220042,56330752,256,8000,31.680
2026-07-23T02:01:40.718Z,usb,1,3612849267,220043,56331008,256,8000,31.680
2026-07-23T02:01:40.750Z,usb,1,3612849267,220044,56331264,256,8000,31.680
2026-07-23T02:01:40.782Z,usb,1,3612849267,220045,56331520,256,8000,31.680
2026-07-23T02:01:40.814Z,usb,1,3612849267,220046,56331776,256,8000,31.680
2026-07-23T02:01:40.846Z,usb,1,3612849267,220047,56332032,256,8000,31.680
2026-07-23T02:01:40.877Z,usb,1,3612849267,220048,56332288,256,8000,31.680
2026-07-23T02:01:40.909Z,usb,1,3612849267,220049,56332544,256,8000,31.680
2026-07-23T02:01:40.941Z,usb,1,3612849267,220050,56332800,256,8000,31.680
2026-07-23T02:01:40.973Z,usb,1,3612849267,220051,56333056,256,8000,31.680
2026-07-23T02:01:41.005Z,usb,1,3612849267,220052,56333312,256,8000,31.680
2026-07-23T02:01:41.038Z,usb,1,3612849267,220053,56333568,256,8000,31.680
2026-07-23T02:01:41.069Z,usb,1,3612849267,220054,56333824,256,8000,31.680
2026-07-23T02:01:41.101Z,usb,1,3612849267,220055,56334080,256,8000,31.680
2026-07-23T02:01:41.134Z,usb,1,3612849267,220056,56334336,256,8000,31.680
2026-07-23T02:01:41.166Z,usb,1,3612849267,220057,56334592,256,8000,31.680
2026-07-23T02:01:41.197Z,usb,1,3612849267,220058,56334848,256,8000,31.680
2026-07-23T02:01:41.230Z,usb,1,3612849267,220059,56335104,256,8000,31.680
2026-07-23T02:01:41.262Z,usb,1,3612849267,220060,56335360,256,8000,31.680
2026-07-23T02:01:41.293Z,usb,1,3612849267,220061,56335616,256,8000,31.680
2026-07-23T02:01:41.326Z,usb,1,3612849267,220062,56335872,256,8000,31.680
2026-07-23T02:01:41.358Z,usb,1,3612849267,220063,56336128,256,8000,31.680
2026-07-23T02:01:41.390Z,usb,1,3612849267,220064,56336384,256,8000,31.680
2026-07-23T02:01:41.421Z,usb,1,3612849267,220065,56336640,256,8000,31.680
2026-07-23T02:01:41.454Z,usb,1,3612849267,220066,56336896,256,8000,31.680
2026-07-23T02:01:41.485Z,usb,1,3612849267,220067,56337152,256,8000,31.680
2026-07-23T02:01:41.518Z,usb,1,3612849267,220068,56337408,256,8000,31.690
2026-07-23T02:01:41.550Z,usb,1,3612849267,220069,56337664,256,8000,31.690
2026-07-23T02:01:41.581Z,usb,1,3612849267,220070,56337920,256,8000,31.690
2026-07-23T02:01:41.614Z,usb,1,3612849267,220071,56338176,256,8000,31.690
2026-07-23T02:01:41.646Z,usb,1,3612849267,220072,56338432,256,8000,31.690
2026-07-23T02:01:41.677Z,usb,1,3612849267,220073,56338688,256,8000,31.690
2026-07-23T02:01:41.709Z,usb,1,3612849267,220074,56338944,256,8000,31.690
2026-07-23T02:01:41.742Z,usb,1,3612849267,220075,56339200,256,8000,31.690
2026-07-23T02:01:41.774Z,usb,1,3612849267,220076,56339456,256,8000,31.690
2026-07-23T02:01:41.805Z,usb,1,3612849267,220077,56339712,256,8000,31.690
2026-07-23T02:01:41.838Z,usb,1,3612849267,220078,56339968,256,8000,31.690
2026-07-23T02:01:41.869Z,usb,1,3612849267,220079,56340224,256,8000,31.690
2026-07-23T02:01:41.902Z,usb,1,3612849267,220080,56340480,256,8000,31.690
2026-07-23T02:01:41.933Z,usb,1,3612849267,220081,56340736,256,8000,31.690
2026-07-23T02:01:41.965Z,usb,1,3612849267,220082,56340992,256,8000,31.690
2026-07-23T02:01:41.997Z,usb,1,3612849267,220083,56341248,256,8000,31.690
2026-07-23T02:01:42.029Z,usb,1,3612849267,220084,56341504,256,8000,31.690
2026-07-23T02:01:42.061Z,usb,1,3612849267,220085,56341760,256,8000,31.690
2026-07-23T02:01:42.093Z,usb,1,3612849267,220086,56342016,256,8000,31.690
2026-07-23T02:01:42.125Z,usb,1,3612849267,220087,56342272,256,8000,31.690
2026-07-23T02:01:42.158Z,usb,1,3612849267,220088,56342528,256,8000,31.690
2026-07-23T02:01:42.189Z,usb,1,3612849267,220089,56342784,256,8000,31.690
2026-07-23T02:01:42.221Z,usb,1,3612849267,220090,56343040,256,8000,31.690
2026-07-23T02:01:42.253Z,usb,1,3612849267,220091,56343296,256,8000,31.690
2026-07-23T02:01:42.285Z,usb,1,3612849267,220092,56343552,256,8000,31.690
2026-07-23T02:01:42.317Z,usb,1,3612849267,220093,56343808,256,8000,31.690
2026-07-23T02:01:42.349Z,usb,1,3612849267,220094,56344064,256,8000,31.690
2026-07-23T02:01:42.381Z,usb,1,3612849267,220095,56344320,256,8000,31.690
2026-07-23T02:01:42.413Z,usb,1,3612849267,220096,56344576,256,8000,31.690
2026-07-23T02:01:42.445Z,usb,1,3612849267,220097,56344832,256,8000,31.690
2026-07-23T02:01:42.477Z,usb,1,3612849267,220098,56345088,256,8000,31.690
2026-07-23T02:01:42.509Z,usb,1,3612849267,220099,56345344,256,8000,31.690
2026-07-23T02:01:42.542Z,usb,1,3612849267,220100,56345600,256,8000,31.690
2026-07-23T02:01:42.573Z,usb,1,3612849267,220101,56345856,256,8000,31.690
2026-07-23T02:01:42.605Z,usb,1,3612849267,220102,56346112,256,8000,31.690
2026-07-23T02:01:42.637Z,usb,1,3612849267,220103,56346368,256,8000,31.690
2026-07-23T02:01:42.669Z,usb,1,3612849267,220104,56346624,256,8000,31.690
2026-07-23T02:01:42.701Z,usb,1,3612849267,220105,56346880,256,8000,31.690
2026-07-23T02:01:42.733Z,usb,1,3612849267,220106,56347136,256,8000,31.690
2026-07-23T02:01:42.765Z,usb,1,3612849267,220107,56347392,256,8000,31.690
2026-07-23T02:01:42.797Z,usb,1,3612849267,220108,56347648,256,8000,31.690
2026-07-23T02:01:42.829Z,usb,1,3612849267,220109,56347904,256,8000,31.690
2026-07-23T02:01:42.861Z,usb,1,3612849267,220110,56348160,256,8000,31.690
2026-07-23T02:01:42.893Z,usb,1,3612849267,220111,56348416,256,8000,31.690
2026-07-23T02:01:42.925Z,usb,1,3612849267,220112,56348672,256,8000,31.690
2026-07-23T02:01:42.957Z,usb,1,3612849267,220113,56348928,256,8000,31.690
2026-07-23T02:01:42.989Z,usb,1,3612849267,220114,56349184,256,8000,31.690
2026-07-23T02:01:43.021Z,usb,1,3612849267,220115,56349440,256,8000,31.690
2026-07-23T02:01:43.054Z,usb,1,3612849267,220116,56349696,256,8000,31.690
2026-07-23T02:01:43.086Z,usb,1,3612849267,220117,56349952,256,8000,31.690
2026-07-23T02:01:43.117Z,usb,1,3612849267,220118,56350208,256,8000,31.690
2026-07-23T02:01:43.149Z,usb,1,3612849267,220119,56350464,256,8000,31.690
2026-07-23T02:01:43.182Z,usb,1,3612849267,220120,56350720,256,8000,31.690
2026-07-23T02:01:43.214Z,usb,1,3612849267,220121,56350976,256,8000,31.690
2026-07-23T02:01:43.246Z,usb,1,3612849267,220122,56351232,256,8000,31.690
2026-07-23T02:01:43.278Z,usb,1,3612849267,220123,56351488,256,8000,31.690
2026-07-23T02:01:43.309Z,usb,1,3612849267,220124,56351744,256,8000,31.690
2026-07-23T02:01:43.342Z,usb,1,3612849267,220125,56352000,256,8000,31.690
2026-07-23T02:01:43.374Z,usb,1,3612849267,220126,56352256,256,8000,31.690
2026-07-23T02:01:43.405Z,usb,1,3612849267,220127,56352512,256,8000,31.690
2026-07-23T02:01:43.437Z,usb,1,3612849267,220128,56352768,256,8000,31.690
2026-07-23T02:01:43.470Z,usb,1,3612849267,220129,56353024,256,8000,31.690
2026-07-23T02:01:43.501Z,usb,1,3612849267,220130,56353280,256,8000,31.690
2026-07-23T02:01:43.533Z,usb,1,3612849267,220131,56353536,256,8000,31.690
2026-07-23T02:01:43.566Z,usb,1,3612849267,220132,56353792,256,8000,31.690
2026-07-23T02:01:43.598Z,usb,1,3612849267,220133,56354048,256,8000,31.690
2026-07-23T02:01:43.629Z,usb,1,3612849267,220134,56354304,256,8000,31.690
2026-07-23T02:01:43.662Z,usb,1,3612849267,220135,56354560,256,8000,31.690
2026-07-23T02:01:43.693Z,usb,1,3612849267,220136,56354816,256,8000,31.690
2026-07-23T02:01:43.726Z,usb,1,3612849267,220137,56355072,256,8000,31.690
2026-07-23T02:01:43.758Z,usb,1,3612849267,220138,56355328,256,8000,31.690
2026-07-23T02:01:43.789Z,usb,1,3612849267,220139,56355584,256,8000,31.690
2026-07-23T02:01:43.821Z,usb,1,3612849267,220140,56355840,256,8000,31.690
2026-07-23T02:01:43.854Z,usb,1,3612849267,220141,56356096,256,8000,31.690
2026-07-23T02:01:43.885Z,usb,1,3612849267,220142,56356352,256,8000,31.690
2026-07-23T02:01:43.918Z,usb,1,3612849267,220143,56356608,256,8000,31.690
2026-07-23T02:01:43.950Z,usb,1,3612849267,220144,56356864,256,8000,31.690
2026-07-23T02:01:43.981Z,usb,1,3612849267,220145,56357120,256,8000,31.690
2026-07-23T02:01:44.014Z,usb,1,3612849267,220146,56357376,256,8000,31.690
2026-07-23T02:01:44.046Z,usb,1,3612849267,220147,56357632,256,8000,31.690
2026-07-23T02:01:44.078Z,usb,1,3612849267,220148,56357888,256,8000,31.690
2026-07-23T02:01:44.110Z,usb,1,3612849267,220149,56358144,256,8000,31.690
2026-07-23T02:01:44.142Z,usb,1,3612849267,220150,56358400,256,8000,31.690
2026-07-23T02:01:44.173Z,usb,1,3612849267,220151,56358656,256,8000,31.690
2026-07-23T02:01:44.206Z,usb,1,3612849267,220152,56358912,256,8000,31.690
2026-07-23T02:01:44.237Z,usb,1,3612849267,220153,56359168,256,8000,31.690
2026-07-23T02:01:44.269Z,usb,1,3612849267,220154,56359424,256,8000,31.690
2026-07-23T02:01:44.301Z,usb,1,3612849267,220155,56359680,256,8000,31.690
2026-07-23T02:01:44.333Z,usb,1,3612849267,220156,56359936,256,8000,31.690
2026-07-23T02:01:44.366Z,usb,1,3612849267,220157,56360192,256,8000,31.690
2026-07-23T02:01:44.397Z,usb,1,3612849267,220158,56360448,256,8000,31.690
2026-07-23T02:01:44.430Z,usb,1,3612849267,220159,56360704,256,8000,31.690
2026-07-23T02:01:44.462Z,usb,1,3612849267,220160,56360960,256,8000,31.690
2026-07-23T02:01:44.493Z,usb,1,3612849267,220161,56361216,256,8000,31.690
2026-07-23T02:01:44.525Z,usb,1,3612849267,220162,56361472,256,8000,31.690
2026-07-23T02:01:44.558Z,usb,1,3612849267,220163,56361728,256,8000,31.690
2026-07-23T02:01:44.590Z,usb,1,3612849267,220164,56361984,256,8000,31.690
2026-07-23T02:01:44.621Z,usb,1,3612849267,220165,56362240,256,8000,31.690
2026-07-23T02:01:44.653Z,usb,1,3612849267,220166,56362496,256,8000,31.690
2026-07-23T02:01:44.685Z,usb,1,3612849267,220167,56362752,256,8000,31.690
2026-07-23T02:01:44.717Z,usb,1,3612849267,220168,56363008,256,8000,31.690
2026-07-23T02:01:44.750Z,usb,1,3612849267,220169,56363264,256,8000,31.690
2026-07-23T02:01:44.781Z,usb,1,3612849267,220170,56363520,256,8000,31.690
2026-07-23T02:01:44.814Z,usb,1,3612849267,220171,56363776,256,8000,31.690
2026-07-23T02:01:44.845Z,usb,1,3612849267,220172,56364032,256,8000,31.690
2026-07-23T02:01:44.877Z,usb,1,3612849267,220173,56364288,256,8000,31.690
2026-07-23T02:01:44.909Z,usb,1,3612849267,220174,56364544,256,8000,31.690
2026-07-23T02:01:44.941Z,usb,1,3612849267,220175,56364800,256,8000,31.690
2026-07-23T02:01:44.973Z,usb,1,3612849267,220176,56365056,256,8000,31.690
2026-07-23T02:01:45.005Z,usb,1,3612849267,220177,56365312,256,8000,31.690
2026-07-23T02:01:45.037Z,usb,1,3612849267,220178,56365568,256,8000,31.690
2026-07-23T02:01:45.069Z,usb,1,3612849267,220179,56365824,256,8000,31.690
2026-07-23T02:01:45.101Z,usb,1,3612849267,220180,56366080,256,8000,31.690
2026-07-23T02:01:45.133Z,usb,1,3612849267,220181,56366336,256,8000,31.690
2026-07-23T02:01:45.166Z,usb,1,3612849267,220182,56366592,256,8000,31.690
2026-07-23T02:01:45.197Z,usb,1,3612849267,220183,56366848,256,8000,31.690
2026-07-23T02:01:45.230Z,usb,1,3612849267,220184,56367104,256,8000,31.690
2026-07-23T02:01:45.262Z,usb,1,3612849267,220185,56367360,256,8000,31.690
2026-07-23T02:01:45.293Z,usb,1,3612849267,220186,56367616,256,8000,31.690
2026-07-23T02:01:45.325Z,usb,1,3612849267,220187,56367872,256,8000,31.690
2026-07-23T02:01:45.357Z,usb,1,3612849267,220188,56368128,256,8000,31.690
2026-07-23T02:01:45.389Z,usb,1,3612849267,220189,56368384,256,8000,31.690
2026-07-23T02:01:45.421Z,usb,1,3612849267,220190,56368640,256,8000,31.690
2026-07-23T02:01:45.453Z,usb,1,3612849267,220191,56368896,256,8000,31.690
2026-07-23T02:01:45.485Z,usb,1,3612849267,220192,56369152,256,8000,31.690
2026-07-23T02:01:45.517Z,usb,1,3612849267,220193,56369408,256,8000,31.690
2026-07-23T02:01:45.549Z,usb,1,3612849267,220194,56369664,256,8000,31.690
2026-07-23T02:01:45.581Z,usb,1,3612849267,220195,56369920,256,8000,31.690
2026-07-23T02:01:45.614Z,usb,1,3612849267,220196,56370176,256,8000,31.690
2026-07-23T02:01:45.646Z,usb,1,3612849267,220197,56370432,256,8000,31.690
2026-07-23T02:01:45.677Z,usb,1,3612849267,220198,56370688,256,8000,31.690
2026-07-23T02:01:45.709Z,usb,1,3612849267,220199,56370944,256,8000,31.690
2026-07-23T02:01:45.741Z,usb,1,3612849267,220200,56371200,256,8000,31.690
2026-07-23T02:01:45.773Z,usb,1,3612849267,220201,56371456,256,8000,31.690
2026-07-23T02:01:45.805Z,usb,1,3612849267,220202,56371712,256,8000,31.690
2026-07-23T02:01:45.837Z,usb,1,3612849267,220203,56371968,256,8000,31.690
2026-07-23T02:01:45.869Z,usb,1,3612849267,220204,56372224,256,8000,31.690
2026-07-23T02:01:45.901Z,usb,1,3612849267,220205,56372480,256,8000,31.690
2026-07-23T02:01:45.934Z,usb,1,3612849267,220206,56372736,256,8000,31.690
2026-07-23T02:01:45.966Z,usb,1,3612849267,220207,56372992,256,8000,31.690
2026-07-23T02:01:45.997Z,usb,1,3612849267,220208,56373248,256,8000,31.690
2026-07-23T02:01:46.029Z,usb,1,3612849267,220209,56373504,256,8000,31.690
2026-07-23T02:01:46.061Z,usb,1,3612849267,220210,56373760,256,8000,31.690
2026-07-23T02:01:46.093Z,usb,1,3612849267,220211,56374016,256,8000,31.690
2026-07-23T02:01:46.125Z,usb,1,3612849267,220212,56374272,256,8000,31.690
2026-07-23T02:01:46.158Z,usb,1,3612849267,220213,56374528,256,8000,31.690
2026-07-23T02:01:46.190Z,usb,1,3612849267,220214,56374784,256,8000,31.690
2026-07-23T02:01:46.222Z,usb,1,3612849267,220215,56375040,256,8000,31.690
2026-07-23T02:01:46.254Z,usb,1,3612849267,220216,56375296,256,8000,31.690
2026-07-23T02:01:46.285Z,usb,1,3612849267,220217,56375552,256,8000,31.690
2026-07-23T02:01:46.317Z,usb,1,3612849267,220218,56375808,256,8000,31.690
2026-07-23T02:01:46.350Z,usb,1,3612849267,220219,56376064,256,8000,31.690
2026-07-23T02:01:46.381Z,usb,1,3612849267,220220,56376320,256,8000,31.690
2026-07-23T02:01:46.413Z,usb,1,3612849267,220221,56376576,256,8000,31.690
2026-07-23T02:01:46.445Z,usb,1,3612849267,220222,56376832,256,8000,31.690
2026-07-23T02:01:46.478Z,usb,1,3612849267,220223,56377088,256,8000,31.690
2026-07-23T02:01:46.510Z,usb,1,3612849267,220224,56377344,256,8000,31.690
2026-07-23T02:01:46.542Z,usb,1,3612849267,220225,56377600,256,8000,31.690
2026-07-23T02:01:46.574Z,usb,1,3612849267,220226,56377856,256,8000,31.690
2026-07-23T02:01:46.605Z,usb,1,3612849267,220227,56378112,256,8000,31.690
2026-07-23T02:01:46.638Z,usb,1,3612849267,220228,56378368,256,8000,31.690
2026-07-23T02:01:46.670Z,usb,1,3612849267,220229,56378624,256,8000,31.690
2026-07-23T02:01:46.701Z,usb,1,3612849267,220230,56378880,256,8000,31.690
2026-07-23T02:01:46.734Z,usb,1,3612849267,220231,56379136,256,8000,31.690
2026-07-23T02:01:46.766Z,usb,1,3612849267,220232,56379392,256,8000,31.690
2026-07-23T02:01:46.797Z,usb,1,3612849267,220233,56379648,256,8000,31.690
2026-07-23T02:01:46.829Z,usb,1,3612849267,220234,56379904,256,8000,31.690
2026-07-23T02:01:46.862Z,usb,1,3612849267,220235,56380160,256,8000,31.690
2026-07-23T02:01:46.893Z,usb,1,3612849267,220236,56380416,256,8000,31.690
2026-07-23T02:01:46.926Z,usb,1,3612849267,220237,56380672,256,8000,31.690
2026-07-23T02:01:46.957Z,usb,1,3612849267,220238,56380928,256,8000,31.690
2026-07-23T02:01:46.989Z,usb,1,3612849267,220239,56381184,256,8000,31.690
2026-07-23T02:01:47.022Z,usb,1,3612849267,220240,56381440,256,8000,31.690
2026-07-23T02:01:47.054Z,usb,1,3612849267,220241,56381696,256,8000,31.690
2026-07-23T02:01:47.086Z,usb,1,3612849267,220242,56381952,256,8000,31.690
2026-07-23T02:01:47.118Z,usb,1,3612849267,220243,56382208,256,8000,31.690
2026-07-23T02:01:47.150Z,usb,1,3612849267,220244,56382464,256,8000,31.690
2026-07-23T02:01:47.182Z,usb,1,3612849267,220245,56382720,256,8000,31.690
2026-07-23T02:01:47.214Z,usb,1,3612849267,220246,56382976,256,8000,31.690
2026-07-23T02:01:47.246Z,usb,1,3612849267,220247,56383232,256,8000,31.690
2026-07-23T02:01:47.278Z,usb,1,3612849267,220248,56383488,256,8000,31.690
2026-07-23T02:01:47.309Z,usb,1,3612849267,220249,56383744,256,8000,31.690
2026-07-23T02:01:47.341Z,usb,1,3612849267,220250,56384000,256,8000,31.690
2026-07-23T02:01:47.373Z,usb,1,3612849267,220251,56384256,256,8000,31.690
2026-07-23T02:01:47.405Z,usb,1,3612849267,220252,56384512,256,8000,31.690
2026-07-23T02:01:47.437Z,usb,1,3612849267,220253,56384768,256,8000,31.690
2026-07-23T02:01:47.470Z,usb,1,3612849267,220254,56385024,256,8000,31.690
2026-07-23T02:01:47.501Z,usb,1,3612849267,220255,56385280,256,8000,31.690
2026-07-23T02:01:47.533Z,usb,1,3612849267,220256,56385536,256,8000,31.690
2026-07-23T02:01:47.565Z,usb,1,3612849267,220257,56385792,256,8000,31.690
2026-07-23T02:01:47.597Z,usb,1,3612849267,220258,56386048,256,8000,31.690
2026-07-23T02:01:47.630Z,usb,1,3612849267,220259,56386304,256,8000,31.690
2026-07-23T02:01:47.662Z,usb,1,3612849267,220260,56386560,256,8000,31.680
2026-07-23T02:01:47.694Z,usb,1,3612849267,220261,56386816,256,8000,31.680
2026-07-23T02:01:47.725Z,usb,1,3612849267,220262,56387072,256,8000,31.680
2026-07-23T02:01:47.758Z,usb,1,3612849267,220263,56387328,256,8000,31.680
2026-07-23T02:01:47.789Z,usb,1,3612849267,220264,56387584,256,8000,31.680
2026-07-23T02:01:47.822Z,usb,1,3612849267,220265,56387840,256,8000,31.680
2026-07-23T02:01:47.854Z,usb,1,3612849267,220266,56388096,256,8000,31.680
2026-07-23T02:01:47.885Z,usb,1,3612849267,220267,56388352,256,8000,31.680
2026-07-23T02:01:47.917Z,usb,1,3612849267,220268,56388608,256,8000,31.680
2026-07-23T02:01:47.949Z,usb,1,3612849267,220269,56388864,256,8000,31.680
2026-07-23T02:01:47.982Z,usb,1,3612849267,220270,56389120,256,8000,31.680
2026-07-23T02:01:48.013Z,usb,1,3612849267,220271,56389376,256,8000,31.680
2026-07-23T02:01:48.045Z,usb,1,3612849267,220272,56389632,256,8000,31.680
2026-07-23T02:01:48.077Z,usb,1,3612849267,220273,56389888,256,8000,31.680
2026-07-23T02:01:48.110Z,usb,1,3612849267,220274,56390144,256,8000,31.680
2026-07-23T02:01:48.141Z,usb,1,3612849267,220275,56390400,256,8000,31.680
2026-07-23T02:01:48.173Z,usb,1,3612849267,220276,56390656,256,8000,31.680
2026-07-23T02:01:48.206Z,usb,1,3612849267,220277,56390912,256,8000,31.680
2026-07-23T02:01:48.238Z,usb,1,3612849267,220278,56391168,256,8000,31.680
2026-07-23T02:01:48.270Z,usb,1,3612849267,220279,56391424,256,8000,31.680
2026-07-23T02:01:48.302Z,usb,1,3612849267,220280,56391680,256,8000,31.680
2026-07-23T02:01:48.334Z,usb,1,3612849267,220281,56391936,256,8000,31.680
2026-07-23T02:01:48.366Z,usb,1,3612849267,220282,56392192,256,8000,31.680
2026-07-23T02:01:48.398Z,usb,1,3612849267,220283,56392448,256,8000,31.680
2026-07-23T02:01:48.430Z,usb,1,3612849267,220284,56392704,256,8000,31.680
2026-07-23T02:01:48.462Z,usb,1,3612849267,220285,56392960,256,8000,31.680
2026-07-23T02:01:48.493Z,usb,1,3612849267,220286,56393216,256,8000,31.680
2026-07-23T02:01:48.525Z,usb,1,3612849267,220287,56393472,256,8000,31.680
2026-07-23T02:01:48.557Z,usb,1,3612849267,220288,56393728,256,8000,31.680
2026-07-23T02:01:48.590Z,usb,1,3612849267,220289,56393984,256,8000,31.680
2026-07-23T02:01:48.621Z,usb,1,3612849267,220290,56394240,256,8000,31.680
2026-07-23T02:01:48.654Z,usb,1,3612849267,220291,56394496,256,8000,31.680
2026-07-23T02:01:48.686Z,usb,1,3612849267,220292,56394752,256,8000,31.690
2026-07-23T02:01:48.717Z,usb,1,3612849267,220293,56395008,256,8000,31.690
2026-07-23T02:01:48.750Z,usb,1,3612849267,220294,56395264,256,8000,31.690
2026-07-23T02:01:48.782Z,usb,1,3612849267,220295,56395520,256,8000,31.690
2026-07-23T02:01:48.814Z,usb,1,3612849267,220296,56395776,256,8000,31.690
2026-07-23T02:01:48.845Z,usb,1,3612849267,220297,56396032,256,8000,31.690
2026-07-23T02:01:48.877Z,usb,1,3612849267,220298,56396288,256,8000,31.690
2026-07-23T02:01:48.909Z,usb,1,3612849267,220299,56396544,256,8000,31.690
2026-07-23T02:01:48.941Z,usb,1,3612849267,220300,56396800,256,8000,31.690
2026-07-23T02:01:48.974Z,usb,1,3612849267,220301,56397056,256,8000,31.690
2026-07-23T02:01:49.005Z,usb,1,3612849267,220302,56397312,256,8000,31.690
2026-07-23T02:01:49.037Z,usb,1,3612849267,220303,56397568,256,8000,31.690
2026-07-23T02:01:49.070Z,usb,1,3612849267,220304,56397824,256,8000,31.690
2026-07-23T02:01:49.101Z,usb,1,3612849267,220305,56398080,256,8000,31.690
2026-07-23T02:01:49.133Z,usb,1,3612849267,220306,56398336,256,8000,31.690
2026-07-23T02:01:49.165Z,usb,1,3612849267,220307,56398592,256,8000,31.690
2026-07-23T02:01:49.197Z,usb,1,3612849267,220308,56398848,256,8000,31.690
2026-07-23T02:01:49.230Z,usb,1,3612849267,220309,56399104,256,8000,31.690
2026-07-23T02:01:49.262Z,usb,1,3612849267,220310,56399360,256,8000,31.690
2026-07-23T02:01:49.293Z,usb,1,3612849267,220311,56399616,256,8000,31.690
2026-07-23T02:01:49.325Z,usb,1,3612849267,220312,56399872,256,8000,31.690
2026-07-23T02:01:49.357Z,usb,1,3612849267,220313,56400128,256,8000,31.690
2026-07-23T02:01:49.389Z,usb,1,3612849267,220314,56400384,256,8000,31.690
2026-07-23T02:01:49.421Z,usb,1,3612849267,220315,56400640,256,8000,31.690
2026-07-23T02:01:49.453Z,usb,1,3612849267,220316,56400896,256,8000,31.690
2026-07-23T02:01:49.485Z,usb,1,3612849267,220317,56401152,256,8000,31.690
2026-07-23T02:01:49.517Z,usb,1,3612849267,220318,56401408,256,8000,31.690
2026-07-23T02:01:49.549Z,usb,1,3612849267,220319,56401664,256,8000,31.690
2026-07-23T02:01:49.581Z,usb,1,3612849267,220320,56401920,256,8000,31.690
2026-07-23T02:01:49.613Z,usb,1,3612849267,220321,56402176,256,8000,31.690
2026-07-23T02:01:49.645Z,usb,1,3612849267,220322,56402432,256,8000,31.690
2026-07-23T02:01:49.678Z,usb,1,3612849267,220323,56402688,256,8000,31.690
2026-07-23T02:01:49.710Z,usb,1,3612849267,220324,56402944,256,8000,31.690
2026-07-23T02:01:49.741Z,usb,1,3612849267,220325,56403200,256,8000,31.690
2026-07-23T02:01:49.773Z,usb,1,3612849267,220326,56403456,256,8000,31.690
2026-07-23T02:01:49.805Z,usb,1,3612849267,220327,56403712,256,8000,31.690
2026-07-23T02:01:49.837Z,usb,1,3612849267,220328,56403968,256,8000,31.690
2026-07-23T02:01:49.869Z,usb,1,3612849267,220329,56404224,256,8000,31.690
2026-07-23T02:01:49.902Z,usb,1,3612849267,220330,56404480,256,8000,31.690
2026-07-23T02:01:49.933Z,usb,1,3612849267,220331,56404736,256,8000,31.690
2026-07-23T02:01:49.965Z,usb,1,3612849267,220332,56404992,256,8000,31.690
2026-07-23T02:01:49.997Z,usb,1,3612849267,220333,56405248,256,8000,31.690
2026-07-23T02:01:50.029Z,usb,1,3612849267,220334,56405504,256,8000,31.690
2026-07-23T02:01:50.061Z,usb,1,3612849267,220335,56405760,256,8000,31.690
2026-07-23T02:01:50.093Z,usb,1,3612849267,220336,56406016,256,8000,31.690
2026-07-23T02:01:50.125Z,usb,1,3612849267,220337,56406272,256,8000,31.690
2026-07-23T02:01:50.157Z,usb,1,3612849267,220338,56406528,256,8000,31.690
2026-07-23T02:01:50.189Z,usb,1,3612849267,220339,56406784,256,8000,31.690
2026-07-23T02:01:50.221Z,usb,1,3612849267,220340,56407040,256,8000,31.690
2026-07-23T02:01:50.253Z,usb,1,3612849267,220341,56407296,256,8000,31.690
2026-07-23T02:01:50.285Z,usb,1,3612849267,220342,56407552,256,8000,31.690
2026-07-23T02:01:50.317Z,usb,1,3612849267,220343,56407808,256,8000,31.690
2026-07-23T02:01:50.349Z,usb,1,3612849267,220344,56408064,256,8000,31.690
2026-07-23T02:01:50.382Z,usb,1,3612849267,220345,56408320,256,8000,31.690
2026-07-23T02:01:50.414Z,usb,1,3612849267,220346,56408576,256,8000,31.690
2026-07-23T02:01:50.445Z,usb,1,3612849267,220347,56408832,256,8000,31.690
2026-07-23T02:01:50.478Z,usb,1,3612849267,220348,56409088,256,8000,31.690
2026-07-23T02:01:50.510Z,usb,1,3612849267,220349,56409344,256,8000,31.690
2026-07-23T02:01:50.541Z,usb,1,3612849267,220350,56409600,256,8000,31.690
2026-07-23T02:01:50.573Z,usb,1,3612849267,220351,56409856,256,8000,31.690
2026-07-23T02:01:50.606Z,usb,1,3612849267,220352,56410112,256,8000,31.690
2026-07-23T02:01:50.637Z,usb,1,3612849267,220353,56410368,256,8000,31.690
2026-07-23T02:01:50.669Z,usb,1,3612849267,220354,56410624,256,8000,31.690
2026-07-23T02:01:50.702Z,usb,1,3612849267,220355,56410880,256,8000,31.690
2026-07-23T02:01:50.734Z,usb,1,3612849267,220356,56411136,256,8000,31.690
2026-07-23T02:01:50.766Z,usb,1,3612849267,220357,56411392,256,8000,31.690
2026-07-23T02:01:50.798Z,usb,1,3612849267,220358,56411648,256,8000,31.690
2026-07-23T02:01:50.829Z,usb,1,3612849267,220359,56411904,256,8000,31.690
2026-07-23T02:01:50.861Z,usb,1,3612849267,220360,56412160,256,8000,31.690
2026-07-23T02:01:50.893Z,usb,1,3612849267,220361,56412416,256,8000,31.690
2026-07-23T02:01:50.925Z,usb,1,3612849267,220362,56412672,256,8000,31.690
2026-07-23T02:01:50.957Z,usb,1,3612849267,220363,56412928,256,8000,31.690
2026-07-23T02:01:50.989Z,usb,1,3612849267,220364,56413184,256,8000,31.690
2026-07-23T02:01:51.021Z,usb,1,3612849267,220365,56413440,256,8000,31.690
2026-07-23T02:01:51.053Z,usb,1,3612849267,220366,56413696,256,8000,31.690
2026-07-23T02:01:51.085Z,usb,1,3612849267,220367,56413952,256,8000,31.690
2026-07-23T02:01:51.117Z,usb,1,3612849267,220368,56414208,256,8000,31.690
2026-07-23T02:01:51.150Z,usb,1,3612849267,220369,56414464,256,8000,31.690
2026-07-23T02:01:51.182Z,usb,1,3612849267,220370,56414720,256,8000,31.690
2026-07-23T02:01:51.214Z,usb,1,3612849267,220371,56414976,256,8000,31.690
2026-07-23T02:01:51.245Z,usb,1,3612849267,220372,56415232,256,8000,31.690
2026-07-23T02:01:51.278Z,usb,1,3612849267,220373,56415488,256,8000,31.690
2026-07-23T02:01:51.309Z,usb,1,3612849267,220374,56415744,256,8000,31.690
2026-07-23T02:01:51.341Z,usb,1,3612849267,220375,56416000,256,8000,31.690
2026-07-23T02:01:51.373Z,usb,1,3612849267,220376,56416256,256,8000,31.690
2026-07-23T02:01:51.405Z,usb,1,3612849267,220377,56416512,256,8000,31.690
2026-07-23T02:01:51.437Z,usb,1,3612849267,220378,56416768,256,8000,31.690
2026-07-23T02:01:51.469Z,usb,1,3612849267,220379,56417024,256,8000,31.690
2026-07-23T02:01:51.501Z,usb,1,3612849267,220380,56417280,256,8000,31.690
2026-07-23T02:01:51.533Z,usb,1,3612849267,220381,56417536,256,8000,31.690
2026-07-23T02:01:51.565Z,usb,1,3612849267,220382,56417792,256,8000,31.690
2026-07-23T02:01:51.597Z,usb,1,3612849267,220383,56418048,256,8000,31.690
2026-07-23T02:01:51.630Z,usb,1,3612849267,220384,56418304,256,8000,31.690
2026-07-23T02:01:51.662Z,usb,1,3612849267,220385,56418560,256,8000,31.690
2026-07-23T02:01:51.693Z,usb,1,3612849267,220386,56418816,256,8000,31.690
2026-07-23T02:01:51.725Z,usb,1,3612849267,220387,56419072,256,8000,31.690
2026-07-23T02:01:51.758Z,usb,1,3612849267,220388,56419328,256,8000,31.680
2026-07-23T02:01:51.790Z,usb,1,3612849267,220389,56419584,256,8000,31.680
2026-07-23T02:01:51.821Z,usb,1,3612849267,220390,56419840,256,8000,31.680
2026-07-23T02:01:51.854Z,usb,1,3612849267,220391,56420096,256,8000,31.680
2026-07-23T02:01:51.885Z,usb,1,3612849267,220392,56420352,256,8000,31.680
2026-07-23T02:01:51.918Z,usb,1,3612849267,220393,56420608,256,8000,31.680
2026-07-23T02:01:51.949Z,usb,1,3612849267,220394,56420864,256,8000,31.680
2026-07-23T02:01:51.982Z,usb,1,3612849267,220395,56421120,256,8000,31.680
2026-07-23T02:01:52.013Z,usb,1,3612849267,220396,56421376,256,8000,31.680
2026-07-23T02:01:52.045Z,usb,1,3612849267,220397,56421632,256,8000,31.680
2026-07-23T02:01:52.077Z,usb,1,3612849267,220398,56421888,256,8000,31.680
2026-07-23T02:01:52.109Z,usb,1,3612849267,220399,56422144,256,8000,31.680
2026-07-23T02:01:52.141Z,usb,1,3612849267,220400,56422400,256,8000,31.680
2026-07-23T02:01:52.173Z,usb,1,3612849267,220401,56422656,256,8000,31.680
2026-07-23T02:01:52.206Z,usb,1,3612849267,220402,56422912,256,8000,31.680
2026-07-23T02:01:52.238Z,usb,1,3612849267,220403,56423168,256,8000,31.680
2026-07-23T02:01:52.270Z,usb,1,3612849267,220404,56423424,256,8000,31.680
2026-07-23T02:01:52.301Z,usb,1,3612849267,220405,56423680,256,8000,31.680
2026-07-23T02:01:52.334Z,usb,1,3612849267,220406,56423936,256,8000,31.680
2026-07-23T02:01:52.365Z,usb,1,3612849267,220407,56424192,256,8000,31.680
2026-07-23T02:01:52.398Z,usb,1,3612849267,220408,56424448,256,8000,31.680
2026-07-23T02:01:52.430Z,usb,1,3612849267,220409,56424704,256,8000,31.680
2026-07-23T02:01:52.462Z,usb,1,3612849267,220410,56424960,256,8000,31.680
2026-07-23T02:01:52.493Z,usb,1,3612849267,220411,56425216,256,8000,31.680
2026-07-23T02:01:52.526Z,usb,1,3612849267,220412,56425472,256,8000,31.680
2026-07-23T02:01:52.558Z,usb,1,3612849267,220413,56425728,256,8000,31.680
2026-07-23T02:01:52.590Z,usb,1,3612849267,220414,56425984,256,8000,31.680
2026-07-23T02:01:52.621Z,usb,1,3612849267,220415,56426240,256,8000,31.680
2026-07-23T02:01:52.653Z,usb,1,3612849267,220416,56426496,256,8000,31.680
2026-07-23T02:01:52.685Z,usb,1,3612849267,220417,56426752,256,8000,31.680
2026-07-23T02:01:52.717Z,usb,1,3612849267,220418,56427008,256,8000,31.680
2026-07-23T02:01:52.750Z,usb,1,3612849267,220419,56427264,256,8000,31.680
2026-07-23T02:01:52.782Z,usb,1,3612849267,220420,56427520,256,8000,31.690
2026-07-23T02:01:52.814Z,usb,1,3612849267,220421,56427776,256,8000,31.690
2026-07-23T02:01:52.845Z,usb,1,3612849267,220422,56428032,256,8000,31.690
2026-07-23T02:01:52.877Z,usb,1,3612849267,220423,56428288,256,8000,31.690
2026-07-23T02:01:52.909Z,usb,1,3612849267,220424,56428544,256,8000,31.690
2026-07-23T02:01:52.941Z,usb,1,3612849267,220425,56428800,256,8000,31.690
2026-07-23T02:01:52.973Z,usb,1,3612849267,220426,56429056,256,8000,31.690
2026-07-23T02:01:53.005Z,usb,1,3612849267,220427,56429312,256,8000,31.690
2026-07-23T02:01:53.037Z,usb,1,3612849267,220428,56429568,256,8000,31.690
2026-07-23T02:01:53.069Z,usb,1,3612849267,220429,56429824,256,8000,31.690
2026-07-23T02:01:53.101Z,usb,1,3612849267,220430,56430080,256,8000,31.690
2026-07-23T02:01:53.133Z,usb,1,3612849267,220431,56430336,256,8000,31.690
2026-07-23T02:01:53.166Z,usb,1,3612849267,220432,56430592,256,8000,31.690
2026-07-23T02:01:53.198Z,usb,1,3612849267,220433,56430848,256,8000,31.690
2026-07-23T02:01:53.230Z,usb,1,3612849267,220434,56431104,256,8000,31.690
2026-07-23T02:01:53.262Z,usb,1,3612849267,220435,56431360,256,8000,31.690
2026-07-23T02:01:53.293Z,usb,1,3612849267,220436,56431616,256,8000,31.690
2026-07-23T02:01:53.325Z,usb,1,3612849267,220437,56431872,256,8000,31.690
2026-07-23T02:01:53.357Z,usb,1,3612849267,220438,56432128,256,8000,31.690
2026-07-23T02:01:53.390Z,usb,1,3612849267,220439,56432384,256,8000,31.690
2026-07-23T02:01:53.421Z,usb,1,3612849267,220440,56432640,256,8000,31.690
2026-07-23T02:01:53.453Z,usb,1,3612849267,220441,56432896,256,8000,31.690
2026-07-23T02:01:53.486Z,usb,1,3612849267,220442,56433152,256,8000,31.690
2026-07-23T02:01:53.517Z,usb,1,3612849267,220443,56433408,256,8000,31.690
2026-07-23T02:01:53.549Z,usb,1,3612849267,220444,56433664,256,8000,31.690
2026-07-23T02:01:53.582Z,usb,1,3612849267,220445,56433920,256,8000,31.690
2026-07-23T02:01:53.614Z,usb,1,3612849267,220446,56434176,256,8000,31.690
2026-07-23T02:01:53.645Z,usb,1,3612849267,220447,56434432,256,8000,31.690
2026-07-23T02:01:53.678Z,usb,1,3612849267,220448,56434688,256,8000,31.690
2026-07-23T02:01:53.710Z,usb,1,3612849267,220449,56434944,256,8000,31.690
2026-07-23T02:01:53.742Z,usb,1,3612849267,220450,56435200,256,8000,31.690
2026-07-23T02:01:53.773Z,usb,1,3612849267,220451,56435456,256,8000,31.690
2026-07-23T02:01:53.806Z,usb,1,3612849267,220452,56435712,256,8000,31.690
2026-07-23T02:01:53.837Z,usb,1,3612849267,220453,56435968,256,8000,31.690
2026-07-23T02:01:53.869Z,usb,1,3612849267,220454,56436224,256,8000,31.690
2026-07-23T02:01:53.902Z,usb,1,3612849267,220455,56436480,256,8000,31.690
2026-07-23T02:01:53.933Z,usb,1,3612849267,220456,56436736,256,8000,31.690
2026-07-23T02:01:53.965Z,usb,1,3612849267,220457,56436992,256,8000,31.690
2026-07-23T02:01:53.998Z,usb,1,3612849267,220458,56437248,256,8000,31.690
2026-07-23T02:01:54.029Z,usb,1,3612849267,220459,56437504,256,8000,31.690
2026-07-23T02:01:54.061Z,usb,1,3612849267,220460,56437760,256,8000,31.690
2026-07-23T02:01:54.093Z,usb,1,3612849267,220461,56438016,256,8000,31.690
2026-07-23T02:01:54.125Z,usb,1,3612849267,220462,56438272,256,8000,31.690
2026-07-23T02:01:54.158Z,usb,1,3612849267,220463,56438528,256,8000,31.690
2026-07-23T02:01:54.190Z,usb,1,3612849267,220464,56438784,256,8000,31.690
2026-07-23T02:01:54.221Z,usb,1,3612849267,220465,56439040,256,8000,31.690
2026-07-23T02:01:54.254Z,usb,1,3612849267,220466,56439296,256,8000,31.690
2026-07-23T02:01:54.286Z,usb,1,3612849267,220467,56439552,256,8000,31.690
2026-07-23T02:01:54.317Z,usb,1,3612849267,220468,56439808,256,8000,31.690
2026-07-23T02:01:54.349Z,usb,1,3612849267,220469,56440064,256,8000,31.690
2026-07-23T02:01:54.382Z,usb,1,3612849267,220470,56440320,256,8000,31.690
2026-07-23T02:01:54.414Z,usb,1,3612849267,220471,56440576,256,8000,31.690
2026-07-23T02:01:54.445Z,usb,1,3612849267,220472,56440832,256,8000,31.690
2026-07-23T02:01:54.477Z,usb,1,3612849267,220473,56441088,256,8000,31.690
2026-07-23T02:01:54.510Z,usb,1,3612849267,220474,56441344,256,8000,31.690
2026-07-23T02:01:54.541Z,usb,1,3612849267,220475,56441600,256,8000,31.690
2026-07-23T02:01:54.573Z,usb,1,3612849267,220476,56441856,256,8000,31.690
2026-07-23T02:01:54.606Z,usb,1,3612849267,220477,56442112,256,8000,31.690
2026-07-23T02:01:54.637Z,usb,1,3612849267,220478,56442368,256,8000,31.690
2026-07-23T02:01:54.669Z,usb,1,3612849267,220479,56442624,256,8000,31.690
2026-07-23T02:01:54.702Z,usb,1,3612849267,220480,56442880,256,8000,31.690
2026-07-23T02:01:54.733Z,usb,1,3612849267,220481,56443136,256,8000,31.690
2026-07-23T02:01:54.766Z,usb,1,3612849267,220482,56443392,256,8000,31.690
2026-07-23T02:01:54.797Z,usb,1,3612849267,220483,56443648,256,8000,31.690
2026-07-23T02:01:54.830Z,usb,1,3612849267,220484,56443904,256,8000,31.690
2026-07-23T02:01:54.861Z,usb,1,3612849267,220485,56444160,256,8000,31.690
2026-07-23T02:01:54.893Z,usb,1,3612849267,220486,56444416,256,8000,31.690
2026-07-23T02:01:54.926Z,usb,1,3612849267,220487,56444672,256,8000,31.690
2026-07-23T02:01:54.957Z,usb,1,3612849267,220488,56444928,256,8000,31.690
2026-07-23T02:01:54.989Z,usb,1,3612849267,220489,56445184,256,8000,31.690
2026-07-23T02:01:55.021Z,usb,1,3612849267,220490,56445440,256,8000,31.690
2026-07-23T02:01:55.053Z,usb,1,3612849267,220491,56445696,256,8000,31.690
2026-07-23T02:01:55.085Z,usb,1,3612849267,220492,56445952,256,8000,31.690
2026-07-23T02:01:55.118Z,usb,1,3612849267,220493,56446208,256,8000,31.690
2026-07-23T02:01:55.150Z,usb,1,3612849267,220494,56446464,256,8000,31.690
2026-07-23T02:01:55.181Z,usb,1,3612849267,220495,56446720,256,8000,31.690
2026-07-23T02:01:55.213Z,usb,1,3612849267,220496,56446976,256,8000,31.690
2026-07-23T02:01:55.245Z,usb,1,3612849267,220497,56447232,256,8000,31.690
2026-07-23T02:01:55.277Z,usb,1,3612849267,220498,56447488,256,8000,31.690
2026-07-23T02:01:55.309Z,usb,1,3612849267,220499,56447744,256,8000,31.690
2026-07-23T02:01:55.341Z,usb,1,3612849267,220500,56448000,256,8000,31.690
2026-07-23T02:01:55.373Z,usb,1,3612849267,220501,56448256,256,8000,31.690
2026-07-23T02:01:55.405Z,usb,1,3612849267,220502,56448512,256,8000,31.690
2026-07-23T02:01:55.438Z,usb,1,3612849267,220503,56448768,256,8000,31.690
2026-07-23T02:01:55.469Z,usb,1,3612849267,220504,56449024,256,8000,31.690
2026-07-23T02:01:55.502Z,usb,1,3612849267,220505,56449280,256,8000,31.690
2026-07-23T02:01:55.533Z,usb,1,3612849267,220506,56449536,256,8000,31.690
2026-07-23T02:01:55.566Z,usb,1,3612849267,220507,56449792,256,8000,31.690
2026-07-23T02:01:55.598Z,usb,1,3612849267,220508,56450048,256,8000,31.690
2026-07-23T02:01:55.629Z,usb,1,3612849267,220509,56450304,256,8000,31.690
2026-07-23T02:01:55.662Z,usb,1,3612849267,220510,56450560,256,8000,31.690
2026-07-23T02:01:55.694Z,usb,1,3612849267,220511,56450816,256,8000,31.690
2026-07-23T02:01:55.726Z,usb,1,3612849267,220512,56451072,256,8000,31.690
2026-07-23T02:01:55.758Z,usb,1,3612849267,220513,56451328,256,8000,31.690
2026-07-23T02:01:55.789Z,usb,1,3612849267,220514,56451584,256,8000,31.690
2026-07-23T02:01:55.822Z,usb,1,3612849267,220515,56451840,256,8000,31.690
2026-07-23T02:01:55.854Z,usb,1,3612849267,220516,56452096,256,8000,31.690
2026-07-23T02:01:55.886Z,usb,1,3612849267,220517,56452352,256,8000,31.690
2026-07-23T02:01:55.918Z,usb,1,3612849267,220518,56452608,256,8000,31.690
2026-07-23T02:01:55.950Z,usb,1,3612849267,220519,56452864,256,8000,31.690
2026-07-23T02:01:55.982Z,usb,1,3612849267,220520,56453120,256,8000,31.690
2026-07-23T02:01:56.014Z,usb,1,3612849267,220521,56453376,256,8000,31.690
2026-07-23T02:01:56.046Z,usb,1,3612849267,220522,56453632,256,8000,31.690
2026-07-23T02:01:56.078Z,usb,1,3612849267,220523,56453888,256,8000,31.690
2026-07-23T02:01:56.110Z,usb,1,3612849267,220524,56454144,256,8000,31.690
2026-07-23T02:01:56.142Z,usb,1,3612849267,220525,56454400,256,8000,31.690
2026-07-23T02:01:56.173Z,usb,1,3612849267,220526,56454656,256,8000,31.690
2026-07-23T02:01:56.206Z,usb,1,3612849267,220527,56454912,256,8000,31.690
2026-07-23T02:01:56.237Z,usb,1,3612849267,220528,56455168,256,8000,31.690
2026-07-23T02:01:56.270Z,usb,1,3612849267,220529,56455424,256,8000,31.690
2026-07-23T02:01:56.301Z,usb,1,3612849267,220530,56455680,256,8000,31.690
2026-07-23T02:01:56.333Z,usb,1,3612849267,220531,56455936,256,8000,31.690
2026-07-23T02:01:56.366Z,usb,1,3612849267,220532,56456192,256,8000,31.690
2026-07-23T02:01:56.398Z,usb,1,3612849267,220533,56456448,256,8000,31.690
2026-07-23T02:01:56.430Z,usb,1,3612849267,220534,56456704,256,8000,31.690
2026-07-23T02:01:56.462Z,usb,1,3612849267,220535,56456960,256,8000,31.690
2026-07-23T02:01:56.494Z,usb,1,3612849267,220536,56457216,256,8000,31.690
2026-07-23T02:01:56.525Z,usb,1,3612849267,220537,56457472,256,8000,31.690
2026-07-23T02:01:56.558Z,usb,1,3612849267,220538,56457728,256,8000,31.690
2026-07-23T02:01:56.590Z,usb,1,3612849267,220539,56457984,256,8000,31.690
2026-07-23T02:01:56.621Z,usb,1,3612849267,220540,56458240,256,8000,31.690
2026-07-23T02:01:56.653Z,usb,1,3612849267,220541,56458496,256,8000,31.690
2026-07-23T02:01:56.685Z,usb,1,3612849267,220542,56458752,256,8000,31.690
2026-07-23T02:01:56.717Z,usb,1,3612849267,220543,56459008,256,8000,31.690
2026-07-23T02:01:56.750Z,usb,1,3612849267,220544,56459264,256,8000,31.690
2026-07-23T02:01:56.781Z,usb,1,3612849267,220545,56459520,256,8000,31.690
2026-07-23T02:01:56.813Z,usb,1,3612849267,220546,56459776,256,8000,31.690
2026-07-23T02:01:56.845Z,usb,1,3612849267,220547,56460032,256,8000,31.690
2026-07-23T02:01:56.878Z,usb,1,3612849267,220548,56460288,256,8000,31.690
2026-07-23T02:01:56.910Z,usb,1,3612849267,220549,56460544,256,8000,31.690
2026-07-23T02:01:56.942Z,usb,1,3612849267,220550,56460800,256,8000,31.690
2026-07-23T02:01:56.973Z,usb,1,3612849267,220551,56461056,256,8000,31.690
2026-07-23T02:01:57.005Z,usb,1,3612849267,220552,56461312,256,8000,31.690
2026-07-23T02:01:57.038Z,usb,1,3612849267,220553,56461568,256,8000,31.690
2026-07-23T02:01:57.069Z,usb,1,3612849267,220554,56461824,256,8000,31.690
2026-07-23T02:01:57.101Z,usb,1,3612849267,220555,56462080,256,8000,31.690
2026-07-23T02:01:57.134Z,usb,1,3612849267,220556,56462336,256,8000,31.690
2026-07-23T02:01:57.166Z,usb,1,3612849267,220557,56462592,256,8000,31.690
2026-07-23T02:01:57.197Z,usb,1,3612849267,220558,56462848,256,8000,31.690
2026-07-23T02:01:57.229Z,usb,1,3612849267,220559,56463104,256,8000,31.690
2026-07-23T02:01:57.262Z,usb,1,3612849267,220560,56463360,256,8000,31.690
2026-07-23T02:01:57.294Z,usb,1,3612849267,220561,56463616,256,8000,31.690
2026-07-23T02:01:57.325Z,usb,1,3612849267,220562,56463872,256,8000,31.690
2026-07-23T02:01:57.357Z,usb,1,3612849267,220563,56464128,256,8000,31.690
2026-07-23T02:01:57.389Z,usb,1,3612849267,220564,56464384,256,8000,31.690
2026-07-23T02:01:57.422Z,usb,1,3612849267,220565,56464640,256,8000,31.690
2026-07-23T02:01:57.453Z,usb,1,3612849267,220566,56464896,256,8000,31.690
2026-07-23T02:01:57.485Z,usb,1,3612849267,220567,56465152,256,8000,31.690
2026-07-23T02:01:57.518Z,usb,1,3612849267,220568,56465408,256,8000,31.690
2026-07-23T02:01:57.549Z,usb,1,3612849267,220569,56465664,256,8000,31.690
2026-07-23T02:01:57.581Z,usb,1,3612849267,220570,56465920,256,8000,31.690
2026-07-23T02:01:57.614Z,usb,1,3612849267,220571,56466176,256,8000,31.690
2026-07-23T02:01:57.645Z,usb,1,3612849267,220572,56466432,256,8000,31.690
2026-07-23T02:01:57.678Z,usb,1,3612849267,220573,56466688,256,8000,31.690
2026-07-23T02:01:57.710Z,usb,1,3612849267,220574,56466944,256,8000,31.690
2026-07-23T02:01:57.741Z,usb,1,3612849267,220575,56467200,256,8000,31.690
2026-07-23T02:01:57.774Z,usb,1,3612849267,220576,56467456,256,8000,31.690
2026-07-23T02:01:57.805Z,usb,1,3612849267,220577,56467712,256,8000,31.690
2026-07-23T02:01:57.838Z,usb,1,3612849267,220578,56467968,256,8000,31.690
2026-07-23T02:01:57.869Z,usb,1,3612849267,220579,56468224,256,8000,31.690
2026-07-23T02:01:57.902Z,usb,1,3612849267,220580,56468480,256,8000,31.700
2026-07-23T02:01:57.934Z,usb,1,3612849267,220581,56468736,256,8000,31.700
2026-07-23T02:01:57.966Z,usb,1,3612849267,220582,56468992,256,8000,31.700
2026-07-23T02:01:57.998Z,usb,1,3612849267,220583,56469248,256,8000,31.700
2026-07-23T02:01:58.030Z,usb,1,3612849267,220584,56469504,256,8000,31.700
2026-07-23T02:01:58.061Z,usb,1,3612849267,220585,56469760,256,8000,31.700
2026-07-23T02:01:58.093Z,usb,1,3612849267,220586,56470016,256,8000,31.700
2026-07-23T02:01:58.125Z,usb,1,3612849267,220587,56470272,256,8000,31.700
2026-07-23T02:01:58.157Z,usb,1,3612849267,220588,56470528,256,8000,31.700
2026-07-23T02:01:58.190Z,usb,1,3612849267,220589,56470784,256,8000,31.700
2026-07-23T02:01:58.222Z,usb,1,3612849267,220590,56471040,256,8000,31.700
2026-07-23T02:01:58.254Z,usb,1,3612849267,220591,56471296,256,8000,31.700
2026-07-23T02:01:58.286Z,usb,1,3612849267,220592,56471552,256,8000,31.700
2026-07-23T02:01:58.317Z,usb,1,3612849267,220593,56471808,256,8000,31.700
2026-07-23T02:01:58.349Z,usb,1,3612849267,220594,56472064,256,8000,31.700
2026-07-23T02:01:58.381Z,usb,1,3612849267,220595,56472320,256,8000,31.700
2026-07-23T02:01:58.413Z,usb,1,3612849267,220596,56472576,256,8000,31.700
2026-07-23T02:01:58.445Z,usb,1,3612849267,220597,56472832,256,8000,31.700
2026-07-23T02:01:58.477Z,usb,1,3612849267,220598,56473088,256,8000,31.700
2026-07-23T02:01:58.509Z,usb,1,3612849267,220599,56473344,256,8000,31.700
2026-07-23T02:01:58.541Z,usb,1,3612849267,220600,56473600,256,8000,31.700
2026-07-23T02:01:58.573Z,usb,1,3612849267,220601,56473856,256,8000,31.700
2026-07-23T02:01:58.606Z,usb,1,3612849267,220602,56474112,256,8000,31.700
2026-07-23T02:01:58.637Z,usb,1,3612849267,220603,56474368,256,8000,31.700
2026-07-23T02:01:58.669Z,usb,1,3612849267,220604,56474624,256,8000,31.700
2026-07-23T02:01:58.701Z,usb,1,3612849267,220605,56474880,256,8000,31.700
2026-07-23T02:01:58.734Z,usb,1,3612849267,220606,56475136,256,8000,31.700
2026-07-23T02:01:58.766Z,usb,1,3612849267,220607,56475392,256,8000,31.700
2026-07-23T02:01:58.797Z,usb,1,3612849267,220608,56475648,256,8000,31.700
2026-07-23T02:01:58.829Z,usb,1,3612849267,220609,56475904,256,8000,31.700
2026-07-23T02:01:58.861Z,usb,1,3612849267,220610,56476160,256,8000,31.700
2026-07-23T02:01:58.893Z,usb,1,3612849267,220611,56476416,256,8000,31.700
2026-07-23T02:01:58.926Z,usb,1,3612849267,220612,56476672,256,8000,31.690
2026-07-23T02:01:58.957Z,usb,1,3612849267,220613,56476928,256,8000,31.690
2026-07-23T02:01:58.989Z,usb,1,3612849267,220614,56477184,256,8000,31.690
2026-07-23T02:01:59.021Z,usb,1,3612849267,220615,56477440,256,8000,31.690
2026-07-23T02:01:59.053Z,usb,1,3612849267,220616,56477696,256,8000,31.690
2026-07-23T02:01:59.085Z,usb,1,3612849267,220617,56477952,256,8000,31.690
2026-07-23T02:01:59.117Z,usb,1,3612849267,220618,56478208,256,8000,31.690
2026-07-23T02:01:59.150Z,usb,1,3612849267,220619,56478464,256,8000,31.690
2026-07-23T02:01:59.182Z,usb,1,3612849267,220620,56478720,256,8000,31.690
2026-07-23T02:01:59.213Z,usb,1,3612849267,220621,56478976,256,8000,31.690
2026-07-23T02:01:59.246Z,usb,1,3612849267,220622,56479232,256,8000,31.690
2026-07-23T02:01:59.278Z,usb,1,3612849267,220623,56479488,256,8000,31.690
2026-07-23T02:01:59.309Z,usb,1,3612849267,220624,56479744,256,8000,31.690
2026-07-23T02:01:59.341Z,usb,1,3612849267,220625,56480000,256,8000,31.690
2026-07-23T02:01:59.373Z,usb,1,3612849267,220626,56480256,256,8000,31.690
2026-07-23T02:01:59.406Z,usb,1,3612849267,220627,56480512,256,8000,31.690
2026-07-23T02:01:59.437Z,usb,1,3612849267,220628,56480768,256,8000,31.690
2026-07-23T02:01:59.469Z,usb,1,3612849267,220629,56481024,256,8000,31.690
2026-07-23T02:01:59.501Z,usb,1,3612849267,220630,56481280,256,8000,31.690
2026-07-23T02:01:59.533Z,usb,1,3612849267,220631,56481536,256,8000,31.690
2026-07-23T02:01:59.566Z,usb,1,3612849267,220632,56481792,256,8000,31.690
2026-07-23T02:01:59.598Z,usb,1,3612849267,220633,56482048,256,8000,31.690
2026-07-23T02:01:59.629Z,usb,1,3612849267,220634,56482304,256,8000,31.690
2026-07-23T02:01:59.662Z,usb,1,3612849267,220635,56482560,256,8000,31.690
2026-07-23T02:01:59.694Z,usb,1,3612849267,220636,56482816,256,8000,31.690
2026-07-23T02:01:59.725Z,usb,1,3612849267,220637,56483072,256,8000,31.690
2026-07-23T02:01:59.757Z,usb,1,3612849267,220638,56483328,256,8000,31.690
2026-07-23T02:01:59.789Z,usb,1,3612849267,220639,56483584,256,8000,31.690
2026-07-23T02:01:59.822Z,usb,1,3612849267,220640,56483840,256,8000,31.690
2026-07-23T02:01:59.854Z,usb,1,3612849267,220641,56484096,256,8000,31.690
2026-07-23T02:01:59.886Z,usb,1,3612849267,220642,56484352,256,8000,31.690
2026-07-23T02:01:59.917Z,usb,1,3612849267,220643,56484608,256,8000,31.690
2026-07-23T02:01:59.950Z,usb,1,3612849267,220644,56484864,256,8000,31.690
2026-07-23T02:01:59.982Z,usb,1,3612849267,220645,56485120,256,8000,31.690
2026-07-23T02:02:00.014Z,usb,1,3612849267,220646,56485376,256,8000,31.690
2026-07-23T02:02:00.046Z,usb,1,3612849267,220647,56485632,256,8000,31.690
2026-07-23T02:02:00.078Z,usb,1,3612849267,220648,56485888,256,8000,31.690
2026-07-23T02:02:00.110Z,usb,1,3612849267,220649,56486144,256,8000,31.690
2026-07-23T02:02:00.141Z,usb,1,3612849267,220650,56486400,256,8000,31.690
2026-07-23T02:02:00.174Z,usb,1,3612849267,220651,56486656,256,8000,31.690
2026-07-23T02:02:00.206Z,usb,1,3612849267,220652,56486912,256,8000,31.690
2026-07-23T02:02:00.237Z,usb,1,3612849267,220653,56487168,256,8000,31.690
2026-07-23T02:02:00.270Z,usb,1,3612849267,220654,56487424,256,8000,31.690
2026-07-23T02:02:00.301Z,usb,1,3612849267,220655,56487680,256,8000,31.690
2026-07-23T02:02:00.334Z,usb,1,3612849267,220656,56487936,256,8000,31.690
2026-07-23T02:02:00.366Z,usb,1,3612849267,220657,56488192,256,8000,31.690
2026-07-23T02:02:00.398Z,usb,1,3612849267,220658,56488448,256,8000,31.690
2026-07-23T02:02:00.430Z,usb,1,3612849267,220659,56488704,256,8000,31.690
2026-07-23T02:02:00.462Z,usb,1,3612849267,220660,56488960,256,8000,31.690
2026-07-23T02:02:00.494Z,usb,1,3612849267,220661,56489216,256,8000,31.690
2026-07-23T02:02:00.525Z,usb,1,3612849267,220662,56489472,256,8000,31.690
2026-07-23T02:02:00.557Z,usb,1,3612849267,220663,56489728,256,8000,31.690
2026-07-23T02:02:00.590Z,usb,1,3612849267,220664,56489984,256,8000,31.690
2026-07-23T02:02:00.622Z,usb,1,3612849267,220665,56490240,256,8000,31.690
2026-07-23T02:02:00.653Z,usb,1,3612849267,220666,56490496,256,8000,31.690
2026-07-23T02:02:00.685Z,usb,1,3612849267,220667,56490752,256,8000,31.690
2026-07-23T02:02:00.718Z,usb,1,3612849267,220668,56491008,256,8000,31.690
2026-07-23T02:02:00.750Z,usb,1,3612849267,220669,56491264,256,8000,31.690
2026-07-23T02:02:00.781Z,usb,1,3612849267,220670,56491520,256,8000,31.690
2026-07-23T02:02:00.814Z,usb,1,3612849267,220671,56491776,256,8000,31.690
2026-07-23T02:02:00.845Z,usb,1,3612849267,220672,56492032,256,8000,31.690
2026-07-23T02:02:00.877Z,usb,1,3612849267,220673,56492288,256,8000,31.690
2026-07-23T02:02:00.910Z,usb,1,3612849267,220674,56492544,256,8000,31.690
2026-07-23T02:02:00.942Z,usb,1,3612849267,220675,56492800,256,8000,31.690
2026-07-23T02:02:00.974Z,usb,1,3612849267,220676,56493056,256,8000,31.690
2026-07-23T02:02:01.005Z,usb,1,3612849267,220677,56493312,256,8000,31.690
2026-07-23T02:02:01.038Z,usb,1,3612849267,220678,56493568,256,8000,31.690
2026-07-23T02:02:01.069Z,usb,1,3612849267,220679,56493824,256,8000,31.690
2026-07-23T02:02:01.101Z,usb,1,3612849267,220680,56494080,256,8000,31.690
2026-07-23T02:02:01.133Z,usb,1,3612849267,220681,56494336,256,8000,31.690
2026-07-23T02:02:01.166Z,usb,1,3612849267,220682,56494592,256,8000,31.690
2026-07-23T02:02:01.198Z,usb,1,3612849267,220683,56494848,256,8000,31.690
2026-07-23T02:02:01.229Z,usb,1,3612849267,220684,56495104,256,8000,31.690
2026-07-23T02:02:01.262Z,usb,1,3612849267,220685,56495360,256,8000,31.690
2026-07-23T02:02:01.293Z,usb,1,3612849267,220686,56495616,256,8000,31.690
2026-07-23T02:02:01.326Z,usb,1,3612849267,220687,56495872,256,8000,31.690
2026-07-23T02:02:01.357Z,usb,1,3612849267,220688,56496128,256,8000,31.690
2026-07-23T02:02:01.389Z,usb,1,3612849267,220689,56496384,256,8000,31.690
2026-07-23T02:02:01.422Z,usb,1,3612849267,220690,56496640,256,8000,31.690
2026-07-23T02:02:01.453Z,usb,1,3612849267,220691,56496896,256,8000,31.690
2026-07-23T02:02:01.485Z,usb,1,3612849267,220692,56497152,256,8000,31.690
2026-07-23T02:02:01.518Z,usb,1,3612849267,220693,56497408,256,8000,31.690
2026-07-23T02:02:01.550Z,usb,1,3612849267,220694,56497664,256,8000,31.690
2026-07-23T02:02:01.581Z,usb,1,3612849267,220695,56497920,256,8000,31.690
2026-07-23T02:02:01.613Z,usb,1,3612849267,220696,56498176,256,8000,31.690
2026-07-23T02:02:01.645Z,usb,1,3612849267,220697,56498432,256,8000,31.690
2026-07-23T02:02:01.677Z,usb,1,3612849267,220698,56498688,256,8000,31.690
2026-07-23T02:02:01.709Z,usb,1,3612849267,220699,56498944,256,8000,31.690
2026-07-23T02:02:01.741Z,usb,1,3612849267,220700,56499200,256,8000,31.690
2026-07-23T02:02:01.773Z,usb,1,3612849267,220701,56499456,256,8000,31.690
2026-07-23T02:02:01.805Z,usb,1,3612849267,220702,56499712,256,8000,31.690
2026-07-23T02:02:01.837Z,usb,1,3612849267,220703,56499968,256,8000,31.690
2026-07-23T02:02:01.869Z,usb,1,3612849267,220704,56500224,256,8000,31.690
2026-07-23T02:02:01.901Z,usb,1,3612849267,220705,56500480,256,8000,31.690
2026-07-23T02:02:01.934Z,usb,1,3612849267,220706,56500736,256,8000,31.690
2026-07-23T02:02:01.965Z,usb,1,3612849267,220707,56500992,256,8000,31.690
2026-07-23T02:02:01.998Z,usb,1,3612849267,220708,56501248,256,8000,31.690
2026-07-23T02:02:02.029Z,usb,1,3612849267,220709,56501504,256,8000,31.690
2026-07-23T02:02:02.061Z,usb,1,3612849267,220710,56501760,256,8000,31.690
2026-07-23T02:02:02.093Z,usb,1,3612849267,220711,56502016,256,8000,31.690
2026-07-23T02:02:02.125Z,usb,1,3612849267,220712,56502272,256,8000,31.690
2026-07-23T02:02:02.158Z,usb,1,3612849267,220713,56502528,256,8000,31.690
2026-07-23T02:02:02.189Z,usb,1,3612849267,220714,56502784,256,8000,31.690
2026-07-23T02:02:02.221Z,usb,1,3612849267,220715,56503040,256,8000,31.690
2026-07-23T02:02:02.254Z,usb,1,3612849267,220716,56503296,256,8000,31.690
2026-07-23T02:02:02.285Z,usb,1,3612849267,220717,56503552,256,8000,31.690
2026-07-23T02:02:02.317Z,usb,1,3612849267,220718,56503808,256,8000,31.690
2026-07-23T02:02:02.350Z,usb,1,3612849267,220719,56504064,256,8000,31.690
2026-07-23T02:02:02.381Z,usb,1,3612849267,220720,56504320,256,8000,31.690
2026-07-23T02:02:02.413Z,usb,1,3612849267,220721,56504576,256,8000,31.690
2026-07-23T02:02:02.445Z,usb,1,3612849267,220722,56504832,256,8000,31.690
2026-07-23T02:02:02.477Z,usb,1,3612849267,220723,56505088,256,8000,31.690
2026-07-23T02:02:02.509Z,usb,1,3612849267,220724,56505344,256,8000,31.690
2026-07-23T02:02:02.541Z,usb,1,3612849267,220725,56505600,256,8000,31.690
2026-07-23T02:02:02.573Z,usb,1,3612849267,220726,56505856,256,8000,31.690
2026-07-23T02:02:02.605Z,usb,1,3612849267,220727,56506112,256,8000,31.690
2026-07-23T02:02:02.637Z,usb,1,3612849267,220728,56506368,256,8000,31.690
2026-07-23T02:02:02.669Z,usb,1,3612849267,220729,56506624,256,8000,31.690
2026-07-23T02:02:02.701Z,usb,1,3612849267,220730,56506880,256,8000,31.690
2026-07-23T02:02:02.734Z,usb,1,3612849267,220731,56507136,256,8000,31.690
2026-07-23T02:02:02.766Z,usb,1,3612849267,220732,56507392,256,8000,31.690
2026-07-23T02:02:02.797Z,usb,1,3612849267,220733,56507648,256,8000,31.690
2026-07-23T02:02:02.829Z,usb,1,3612849267,220734,56507904,256,8000,31.690
2026-07-23T02:02:02.862Z,usb,1,3612849267,220735,56508160,256,8000,31.690
2026-07-23T02:02:02.893Z,usb,1,3612849267,220736,56508416,256,8000,31.690
2026-07-23T02:02:02.925Z,usb,1,3612849267,220737,56508672,256,8000,31.690
2026-07-23T02:02:02.958Z,usb,1,3612849267,220738,56508928,256,8000,31.690
2026-07-23T02:02:02.989Z,usb,1,3612849267,220739,56509184,256,8000,31.690
2026-07-23T02:02:03.022Z,usb,1,3612849267,220740,56509440,256,8000,31.690
2026-07-23T02:02:03.053Z,usb,1,3612849267,220741,56509696,256,8000,31.690
2026-07-23T02:02:03.085Z,usb,1,3612849267,220742,56509952,256,8000,31.690
2026-07-23T02:02:03.117Z,usb,1,3612849267,220743,56510208,256,8000,31.690
2026-07-23T02:02:03.150Z,usb,1,3612849267,220744,56510464,256,8000,31.690
2026-07-23T02:02:03.181Z,usb,1,3612849267,220745,56510720,256,8000,31.690
2026-07-23T02:02:03.213Z,usb,1,3612849267,220746,56510976,256,8000,31.690
2026-07-23T02:02:03.246Z,usb,1,3612849267,220747,56511232,256,8000,31.690
2026-07-23T02:02:03.277Z,usb,1,3612849267,220748,56511488,256,8000,31.690
2026-07-23T02:02:03.309Z,usb,1,3612849267,220749,56511744,256,8000,31.690
2026-07-23T02:02:03.341Z,usb,1,3612849267,220750,56512000,256,8000,31.690
2026-07-23T02:02:03.373Z,usb,1,3612849267,220751,56512256,256,8000,31.690
2026-07-23T02:02:03.405Z,usb,1,3612849267,220752,56512512,256,8000,31.690
2026-07-23T02:02:03.438Z,usb,1,3612849267,220753,56512768,256,8000,31.690
2026-07-23T02:02:03.470Z,usb,1,3612849267,220754,56513024,256,8000,31.690
2026-07-23T02:02:03.501Z,usb,1,3612849267,220755,56513280,256,8000,31.690
2026-07-23T02:02:03.533Z,usb,1,3612849267,220756,56513536,256,8000,31.690
2026-07-23T02:02:03.566Z,usb,1,3612849267,220757,56513792,256,8000,31.690
2026-07-23T02:02:03.598Z,usb,1,3612849267,220758,56514048,256,8000,31.690
2026-07-23T02:02:03.630Z,usb,1,3612849267,220759,56514304,256,8000,31.690
2026-07-23T02:02:03.662Z,usb,1,3612849267,220760,56514560,256,8000,31.690
2026-07-23T02:02:03.693Z,usb,1,3612849267,220761,56514816,256,8000,31.690
2026-07-23T02:02:03.726Z,usb,1,3612849267,220762,56515072,256,8000,31.690
2026-07-23T02:02:03.758Z,usb,1,3612849267,220763,56515328,256,8000,31.690
2026-07-23T02:02:03.789Z,usb,1,3612849267,220764,56515584,256,8000,31.690
2026-07-23T02:02:03.822Z,usb,1,3612849267,220765,56515840,256,8000,31.690
2026-07-23T02:02:03.854Z,usb,1,3612849267,220766,56516096,256,8000,31.690
2026-07-23T02:02:03.886Z,usb,1,3612849267,220767,56516352,256,8000,31.690
2026-07-23T02:02:03.917Z,usb,1,3612849267,220768,56516608,256,8000,31.690
2026-07-23T02:02:03.949Z,usb,1,3612849267,220769,56516864,256,8000,31.690
2026-07-23T02:02:03.981Z,usb,1,3612849267,220770,56517120,256,8000,31.690
2026-07-23T02:02:04.014Z,usb,1,3612849267,220771,56517376,256,8000,31.690
2026-07-23T02:02:04.046Z,usb,1,3612849267,220772,56517632,256,8000,31.690
2026-07-23T02:02:04.078Z,usb,1,3612849267,220773,56517888,256,8000,31.690
2026-07-23T02:02:04.110Z,usb,1,3612849267,220774,56518144,256,8000,31.690
2026-07-23T02:02:04.141Z,usb,1,3612849267,220775,56518400,256,8000,31.690
2026-07-23T02:02:04.173Z,usb,1,3612849267,220776,56518656,256,8000,31.690
2026-07-23T02:02:04.206Z,usb,1,3612849267,220777,56518912,256,8000,31.690
2026-07-23T02:02:04.237Z,usb,1,3612849267,220778,56519168,256,8000,31.690
2026-07-23T02:02:04.270Z,usb,1,3612849267,220779,56519424,256,8000,31.690
2026-07-23T02:02:04.302Z,usb,1,3612849267,220780,56519680,256,8000,31.690
2026-07-23T02:02:04.333Z,usb,1,3612849267,220781,56519936,256,8000,31.690
2026-07-23T02:02:04.366Z,usb,1,3612849267,220782,56520192,256,8000,31.690
2026-07-23T02:02:04.398Z,usb,1,3612849267,220783,56520448,256,8000,31.690
2026-07-23T02:02:04.430Z,usb,1,3612849267,220784,56520704,256,8000,31.690
2026-07-23T02:02:04.462Z,usb,1,3612849267,220785,56520960,256,8000,31.690
2026-07-23T02:02:04.493Z,usb,1,3612849267,220786,56521216,256,8000,31.690
2026-07-23T02:02:04.525Z,usb,1,3612849267,220787,56521472,256,8000,31.690
2026-07-23T02:02:04.558Z,usb,1,3612849267,220788,56521728,256,8000,31.690
2026-07-23T02:02:04.590Z,usb,1,3612849267,220789,56521984,256,8000,31.690
2026-07-23T02:02:04.621Z,usb,1,3612849267,220790,56522240,256,8000,31.690
2026-07-23T02:02:04.654Z,usb,1,3612849267,220791,56522496,256,8000,31.690
2026-07-23T02:02:04.686Z,usb,1,3612849267,220792,56522752,256,8000,31.690
2026-07-23T02:02:04.717Z,usb,1,3612849267,220793,56523008,256,8000,31.690
2026-07-23T02:02:04.750Z,usb,1,3612849267,220794,56523264,256,8000,31.690
2026-07-23T02:02:04.781Z,usb,1,3612849267,220795,56523520,256,8000,31.690
2026-07-23T02:02:04.813Z,usb,1,3612849267,220796,56523776,256,8000,31.690
2026-07-23T02:02:04.846Z,usb,1,3612849267,220797,56524032,256,8000,31.690
2026-07-23T02:02:04.877Z,usb,1,3612849267,220798,56524288,256,8000,31.690
2026-07-23T02:02:04.909Z,usb,1,3612849267,220799,56524544,256,8000,31.690
2026-07-23T02:02:04.942Z,usb,1,3612849267,220800,56524800,256,8000,31.690
2026-07-23T02:02:04.974Z,usb,1,3612849267,220801,56525056,256,8000,31.690
2026-07-23T02:02:05.005Z,usb,1,3612849267,220802,56525312,256,8000,31.690
2026-07-23T02:02:05.037Z,usb,1,3612849267,220803,56525568,256,8000,31.690
2026-07-23T02:02:05.070Z,usb,1,3612849267,220804,56525824,256,8000,31.690
2026-07-23T02:02:05.101Z,usb,1,3612849267,220805,56526080,256,8000,31.690
2026-07-23T02:02:05.133Z,usb,1,3612849267,220806,56526336,256,8000,31.690
2026-07-23T02:02:05.166Z,usb,1,3612849267,220807,56526592,256,8000,31.690
2026-07-23T02:02:05.197Z,usb,1,3612849267,220808,56526848,256,8000,31.690
2026-07-23T02:02:05.230Z,usb,1,3612849267,220809,56527104,256,8000,31.690
2026-07-23T02:02:05.262Z,usb,1,3612849267,220810,56527360,256,8000,31.690
2026-07-23T02:02:05.294Z,usb,1,3612849267,220811,56527616,256,8000,31.690
2026-07-23T02:02:05.325Z,usb,1,3612849267,220812,56527872,256,8000,31.690
2026-07-23T02:02:05.357Z,usb,1,3612849267,220813,56528128,256,8000,31.690
2026-07-23T02:02:05.389Z,usb,1,3612849267,220814,56528384,256,8000,31.690
2026-07-23T02:02:05.421Z,usb,1,3612849267,220815,56528640,256,8000,31.690
2026-07-23T02:02:05.453Z,usb,1,3612849267,220816,56528896,256,8000,31.690
2026-07-23T02:02:05.485Z,usb,1,3612849267,220817,56529152,256,8000,31.690
2026-07-23T02:02:05.517Z,usb,1,3612849267,220818,56529408,256,8000,31.690
2026-07-23T02:02:05.549Z,usb,1,3612849267,220819,56529664,256,8000,31.690
2026-07-23T02:02:05.581Z,usb,1,3612849267,220820,56529920,256,8000,31.690
2026-07-23T02:02:05.613Z,usb,1,3612849267,220821,56530176,256,8000,31.690
2026-07-23T02:02:05.645Z,usb,1,3612849267,220822,56530432,256,8000,31.690
2026-07-23T02:02:05.677Z,usb,1,3612849267,220823,56530688,256,8000,31.690
2026-07-23T02:02:05.709Z,usb,1,3612849267,220824,56530944,256,8000,31.690
2026-07-23T02:02:05.742Z,usb,1,3612849267,220825,56531200,256,8000,31.690
2026-07-23T02:02:05.774Z,usb,1,3612849267,220826,56531456,256,8000,31.690
2026-07-23T02:02:05.805Z,usb,1,3612849267,220827,56531712,256,8000,31.690
2026-07-23T02:02:05.837Z,usb,1,3612849267,220828,56531968,256,8000,31.690
2026-07-23T02:02:05.869Z,usb,1,3612849267,220829,56532224,256,8000,31.690
2026-07-23T02:02:05.901Z,usb,1,3612849267,220830,56532480,256,8000,31.690
2026-07-23T02:02:05.933Z,usb,1,3612849267,220831,56532736,256,8000,31.690
2026-07-23T02:02:05.965Z,usb,1,3612849267,220832,56532992,256,8000,31.690
2026-07-23T02:02:05.997Z,usb,1,3612849267,220833,56533248,256,8000,31.690
2026-07-23T02:02:06.029Z,usb,1,3612849267,220834,56533504,256,8000,31.690
2026-07-23T02:02:06.061Z,usb,1,3612849267,220835,56533760,256,8000,31.690
2026-07-23T02:02:06.094Z,usb,1,3612849267,220836,56534016,256,8000,31.690
2026-07-23T02:02:06.125Z,usb,1,3612849267,220837,56534272,256,8000,31.690
2026-07-23T02:02:06.157Z,usb,1,3612849267,220838,56534528,256,8000,31.690
2026-07-23T02:02:06.190Z,usb,1,3612849267,220839,56534784,256,8000,31.690
2026-07-23T02:02:06.221Z,usb,1,3612849267,220840,56535040,256,8000,31.690
2026-07-23T02:02:06.254Z,usb,1,3612849267,220841,56535296,256,8000,31.690
2026-07-23T02:02:06.285Z,usb,1,3612849267,220842,56535552,256,8000,31.690
2026-07-23T02:02:06.317Z,usb,1,3612849267,220843,56535808,256,8000,31.690
2026-07-23T02:02:06.349Z,usb,1,3612849267,220844,56536064,256,8000,31.690
2026-07-23T02:02:06.381Z,usb,1,3612849267,220845,56536320,256,8000,31.690
2026-07-23T02:02:06.413Z,usb,1,3612849267,220846,56536576,256,8000,31.690
2026-07-23T02:02:06.445Z,usb,1,3612849267,220847,56536832,256,8000,31.690
2026-07-23T02:02:06.477Z,usb,1,3612849267,220848,56537088,256,8000,31.690
2026-07-23T02:02:06.509Z,usb,1,3612849267,220849,56537344,256,8000,31.690
2026-07-23T02:02:06.541Z,usb,1,3612849267,220850,56537600,256,8000,31.690
2026-07-23T02:02:06.573Z,usb,1,3612849267,220851,56537856,256,8000,31.690
2026-07-23T02:02:06.605Z,usb,1,3612849267,220852,56538112,256,8000,31.690
2026-07-23T02:02:06.637Z,usb,1,3612849267,220853,56538368,256,8000,31.690
2026-07-23T02:02:06.669Z,usb,1,3612849267,220854,56538624,256,8000,31.690
2026-07-23T02:02:06.701Z,usb,1,3612849267,220855,56538880,256,8000,31.690
2026-07-23T02:02:06.734Z,usb,1,3612849267,220856,56539136,256,8000,31.690
2026-07-23T02:02:06.765Z,usb,1,3612849267,220857,56539392,256,8000,31.690
2026-07-23T02:02:06.797Z,usb,1,3612849267,220858,56539648,256,8000,31.690
2026-07-23T02:02:06.829Z,usb,1,3612849267,220859,56539904,256,8000,31.690
2026-07-23T02:02:06.861Z,usb,1,3612849267,220860,56540160,256,8000,31.690
2026-07-23T02:02:06.893Z,usb,1,3612849267,220861,56540416,256,8000,31.690
2026-07-23T02:02:06.925Z,usb,1,3612849267,220862,56540672,256,8000,31.690
2026-07-23T02:02:06.957Z,usb,1,3612849267,220863,56540928,256,8000,31.690
2026-07-23T02:02:06.989Z,usb,1,3612849267,220864,56541184,256,8000,31.690
2026-07-23T02:02:07.022Z,usb,1,3612849267,220865,56541440,256,8000,31.690
2026-07-23T02:02:07.053Z,usb,1,3612849267,220866,56541696,256,8000,31.690
2026-07-23T02:02:07.086Z,usb,1,3612849267,220867,56541952,256,8000,31.690
2026-07-23T02:02:07.118Z,usb,1,3612849267,220868,56542208,256,8000,31.690
2026-07-23T02:02:07.150Z,usb,1,3612849267,220869,56542464,256,8000,31.690
2026-07-23T02:02:07.182Z,usb,1,3612849267,220870,56542720,256,8000,31.690
2026-07-23T02:02:07.213Z,usb,1,3612849267,220871,56542976,256,8000,31.690
2026-07-23T02:02:07.246Z,usb,1,3612849267,220872,56543232,256,8000,31.690
2026-07-23T02:02:07.277Z,usb,1,3612849267,220873,56543488,256,8000,31.690
2026-07-23T02:02:07.309Z,usb,1,3612849267,220874,56543744,256,8000,31.690
2026-07-23T02:02:07.341Z,usb,1,3612849267,220875,56544000,256,8000,31.690
2026-07-23T02:02:07.373Z,usb,1,3612849267,220876,56544256,256,8000,31.690
2026-07-23T02:02:07.406Z,usb,1,3612849267,220877,56544512,256,8000,31.690
2026-07-23T02:02:07.438Z,usb,1,3612849267,220878,56544768,256,8000,31.690
2026-07-23T02:02:07.469Z,usb,1,3612849267,220879,56545024,256,8000,31.690
2026-07-23T02:02:07.502Z,usb,1,3612849267,220880,56545280,256,8000,31.690
2026-07-23T02:02:07.534Z,usb,1,3612849267,220881,56545536,256,8000,31.690
2026-07-23T02:02:07.566Z,usb,1,3612849267,220882,56545792,256,8000,31.690
2026-07-23T02:02:07.598Z,usb,1,3612849267,220883,56546048,256,8000,31.690
2026-07-23T02:02:07.629Z,usb,1,3612849267,220884,56546304,256,8000,31.690
2026-07-23T02:02:07.661Z,usb,1,3612849267,220885,56546560,256,8000,31.690
2026-07-23T02:02:07.694Z,usb,1,3612849267,220886,56546816,256,8000,31.690
2026-07-23T02:02:07.726Z,usb,1,3612849267,220887,56547072,256,8000,31.690
2026-07-23T02:02:07.757Z,usb,1,3612849267,220888,56547328,256,8000,31.690
2026-07-23T02:02:07.790Z,usb,1,3612849267,220889,56547584,256,8000,31.690
2026-07-23T02:02:07.822Z,usb,1,3612849267,220890,56547840,256,8000,31.690
2026-07-23T02:02:07.854Z,usb,1,3612849267,220891,56548096,256,8000,31.690
2026-07-23T02:02:07.886Z,usb,1,3612849267,220892,56548352,256,8000,31.690
2026-07-23T02:02:07.917Z,usb,1,3612849267,220893,56548608,256,8000,31.690
2026-07-23T02:02:07.950Z,usb,1,3612849267,220894,56548864,256,8000,31.690
2026-07-23T02:02:07.981Z,usb,1,3612849267,220895,56549120,256,8000,31.690
2026-07-23T02:02:08.013Z,usb,1,3612849267,220896,56549376,256,8000,31.690
2026-07-23T02:02:08.045Z,usb,1,3612849267,220897,56549632,256,8000,31.690
2026-07-23T02:02:08.077Z,usb,1,3612849267,220898,56549888,256,8000,31.690
2026-07-23T02:02:08.109Z,usb,1,3612849267,220899,56550144,256,8000,31.690
2026-07-23T02:02:08.142Z,usb,1,3612849267,220900,56550400,256,8000,31.690
2026-07-23T02:02:08.173Z,usb,1,3612849267,220901,56550656,256,8000,31.690
2026-07-23T02:02:08.205Z,usb,1,3612849267,220902,56550912,256,8000,31.690
2026-07-23T02:02:08.237Z,usb,1,3612849267,220903,56551168,256,8000,31.690
2026-07-23T02:02:08.270Z,usb,1,3612849267,220904,56551424,256,8000,31.690
2026-07-23T02:02:08.301Z,usb,1,3612849267,220905,56551680,256,8000,31.690
2026-07-23T02:02:08.334Z,usb,1,3612849267,220906,56551936,256,8000,31.690
2026-07-23T02:02:08.366Z,usb,1,3612849267,220907,56552192,256,8000,31.690
2026-07-23T02:02:08.397Z,usb,1,3612849267,220908,56552448,256,8000,31.690
2026-07-23T02:02:08.429Z,usb,1,3612849267,220909,56552704,256,8000,31.690
2026-07-23T02:02:08.462Z,usb,1,3612849267,220910,56552960,256,8000,31.690
2026-07-23T02:02:08.493Z,usb,1,3612849267,220911,56553216,256,8000,31.690
2026-07-23T02:02:08.525Z,usb,1,3612849267,220912,56553472,256,8000,31.690
2026-07-23T02:02:08.558Z,usb,1,3612849267,220913,56553728,256,8000,31.690
2026-07-23T02:02:08.590Z,usb,1,3612849267,220914,56553984,256,8000,31.690
2026-07-23T02:02:08.621Z,usb,1,3612849267,220915,56554240,256,8000,31.690
2026-07-23T02:02:08.653Z,usb,1,3612849267,220916,56554496,256,8000,31.690
2026-07-23T02:02:08.686Z,usb,1,3612849267,220917,56554752,256,8000,31.690
2026-07-23T02:02:08.717Z,usb,1,3612849267,220918,56555008,256,8000,31.690
2026-07-23T02:02:08.749Z,usb,1,3612849267,220919,56555264,256,8000,31.690
2026-07-23T02:02:08.782Z,usb,1,3612849267,220920,56555520,256,8000,31.690
2026-07-23T02:02:08.813Z,usb,1,3612849267,220921,56555776,256,8000,31.690
2026-07-23T02:02:08.845Z,usb,1,3612849267,220922,56556032,256,8000,31.690
2026-07-23T02:02:08.877Z,usb,1,3612849267,220923,56556288,256,8000,31.690
2026-07-23T02:02:08.909Z,usb,1,3612849267,220924,56556544,256,8000,31.690
2026-07-23T02:02:08.942Z,usb,1,3612849267,220925,56556800,256,8000,31.690
2026-07-23T02:02:08.974Z,usb,1,3612849267,220926,56557056,256,8000,31.690
2026-07-23T02:02:09.006Z,usb,1,3612849267,220927,56557312,256,8000,31.690
2026-07-23T02:02:09.038Z,usb,1,3612849267,220928,56557568,256,8000,31.690
2026-07-23T02:02:09.070Z,usb,1,3612849267,220929,56557824,256,8000,31.690
2026-07-23T02:02:09.102Z,usb,1,3612849267,220930,56558080,256,8000,31.690
2026-07-23T02:02:09.134Z,usb,1,3612849267,220931,56558336,256,8000,31.690
2026-07-23T02:02:09.166Z,usb,1,3612849267,220932,56558592,256,8000,31.690
2026-07-23T02:02:09.197Z,usb,1,3612849267,220933,56558848,256,8000,31.690
2026-07-23T02:02:09.229Z,usb,1,3612849267,220934,56559104,256,8000,31.690
2026-07-23T02:02:09.262Z,usb,1,3612849267,220935,56559360,256,8000,31.690
2026-07-23T02:02:09.293Z,usb,1,3612849267,220936,56559616,256,8000,31.690
2026-07-23T02:02:09.325Z,usb,1,3612849267,220937,56559872,256,8000,31.690
2026-07-23T02:02:09.358Z,usb,1,3612849267,220938,56560128,256,8000,31.690
2026-07-23T02:02:09.390Z,usb,1,3612849267,220939,56560384,256,8000,31.690
2026-07-23T02:02:09.421Z,usb,1,3612849267,220940,56560640,256,8000,31.690
2026-07-23T02:02:09.453Z,usb,1,3612849267,220941,56560896,256,8000,31.690
2026-07-23T02:02:09.485Z,usb,1,3612849267,220942,56561152,256,8000,31.690
2026-07-23T02:02:09.517Z,usb,1,3612849267,220943,56561408,256,8000,31.690
2026-07-23T02:02:09.549Z,usb,1,3612849267,220944,56561664,256,8000,31.690
2026-07-23T02:02:09.582Z,usb,1,3612849267,220945,56561920,256,8000,31.690
2026-07-23T02:02:09.613Z,usb,1,3612849267,220946,56562176,256,8000,31.690
2026-07-23T02:02:09.645Z,usb,1,3612849267,220947,56562432,256,8000,31.690
2026-07-23T02:02:09.678Z,usb,1,3612849267,220948,56562688,256,8000,31.690
2026-07-23T02:02:09.709Z,usb,1,3612849267,220949,56562944,256,8000,31.690
2026-07-23T02:02:09.741Z,usb,1,3612849267,220950,56563200,256,8000,31.690
2026-07-23T02:02:09.774Z,usb,1,3612849267,220951,56563456,256,8000,31.690
2026-07-23T02:02:09.805Z,usb,1,3612849267,220952,56563712,256,8000,31.690
2026-07-23T02:02:09.837Z,usb,1,3612849267,220953,56563968,256,8000,31.690
2026-07-23T02:02:09.870Z,usb,1,3612849267,220954,56564224,256,8000,31.690
2026-07-23T02:02:09.901Z,usb,1,3612849267,220955,56564480,256,8000,31.690
2026-07-23T02:02:09.933Z,usb,1,3612849267,220956,56564736,256,8000,31.690
2026-07-23T02:02:09.966Z,usb,1,3612849267,220957,56564992,256,8000,31.690
2026-07-23T02:02:09.997Z,usb,1,3612849267,220958,56565248,256,8000,31.690
2026-07-23T02:02:10.029Z,usb,1,3612849267,220959,56565504,256,8000,31.690
2026-07-23T02:02:10.061Z,usb,1,3612849267,220960,56565760,256,8000,31.690
2026-07-23T02:02:10.094Z,usb,1,3612849267,220961,56566016,256,8000,31.690
2026-07-23T02:02:10.125Z,usb,1,3612849267,220962,56566272,256,8000,31.690
2026-07-23T02:02:10.157Z,usb,1,3612849267,220963,56566528,256,8000,31.690
2026-07-23T02:02:10.190Z,usb,1,3612849267,220964,56566784,256,8000,31.690
2026-07-23T02:02:10.221Z,usb,1,3612849267,220965,56567040,256,8000,31.690
2026-07-23T02:02:10.254Z,usb,1,3612849267,220966,56567296,256,8000,31.690
2026-07-23T02:02:10.286Z,usb,1,3612849267,220967,56567552,256,8000,31.690
2026-07-23T02:02:10.317Z,usb,1,3612849267,220968,56567808,256,8000,31.690
2026-07-23T02:02:10.349Z,usb,1,3612849267,220969,56568064,256,8000,31.690
2026-07-23T02:02:10.382Z,usb,1,3612849267,220970,56568320,256,8000,31.690
2026-07-23T02:02:10.413Z,usb,1,3612849267,220971,56568576,256,8000,31.690
2026-07-23T02:02:10.445Z,usb,1,3612849267,220972,56568832,256,8000,31.690
2026-07-23T02:02:10.478Z,usb,1,3612849267,220973,56569088,256,8000,31.690
2026-07-23T02:02:10.510Z,usb,1,3612849267,220974,56569344,256,8000,31.690
2026-07-23T02:02:10.541Z,usb,1,3612849267,220975,56569600,256,8000,31.690
2026-07-23T02:02:10.574Z,usb,1,3612849267,220976,56569856,256,8000,31.690
2026-07-23T02:02:10.606Z,usb,1,3612849267,220977,56570112,256,8000,31.690
2026-07-23T02:02:10.637Z,usb,1,3612849267,220978,56570368,256,8000,31.690
2026-07-23T02:02:10.669Z,usb,1,3612849267,220979,56570624,256,8000,31.690
2026-07-23T02:02:10.702Z,usb,1,3612849267,220980,56570880,256,8000,31.690
2026-07-23T02:02:10.733Z,usb,1,3612849267,220981,56571136,256,8000,31.690
2026-07-23T02:02:10.765Z,usb,1,3612849267,220982,56571392,256,8000,31.690
2026-07-23T02:02:10.798Z,usb,1,3612849267,220983,56571648,256,8000,31.690
2026-07-23T02:02:10.829Z,usb,1,3612849267,220984,56571904,256,8000,31.690
2026-07-23T02:02:10.861Z,usb,1,3612849267,220985,56572160,256,8000,31.690
2026-07-23T02:02:10.893Z,usb,1,3612849267,220986,56572416,256,8000,31.690
2026-07-23T02:02:10.925Z,usb,1,3612849267,220987,56572672,256,8000,31.690
2026-07-23T02:02:10.957Z,usb,1,3612849267,220988,56572928,256,8000,31.690
2026-07-23T02:02:10.989Z,usb,1,3612849267,220989,56573184,256,8000,31.690
2026-07-23T02:02:11.021Z,usb,1,3612849267,220990,56573440,256,8000,31.690
2026-07-23T02:02:11.053Z,usb,1,3612849267,220991,56573696,256,8000,31.690
2026-07-23T02:02:11.085Z,usb,1,3612849267,220992,56573952,256,8000,31.690
2026-07-23T02:02:11.117Z,usb,1,3612849267,220993,56574208,256,8000,31.690
2026-07-23T02:02:11.149Z,usb,1,3612849267,220994,56574464,256,8000,31.690
2026-07-23T02:02:11.182Z,usb,1,3612849267,220995,56574720,256,8000,31.690
2026-07-23T02:02:11.214Z,usb,1,3612849267,220996,56574976,256,8000,31.690
2026-07-23T02:02:11.246Z,usb,1,3612849267,220997,56575232,256,8000,31.690
2026-07-23T02:02:11.277Z,usb,1,3612849267,220998,56575488,256,8000,31.690
2026-07-23T02:02:11.309Z,usb,1,3612849267,220999,56575744,256,8000,31.690
2026-07-23T02:02:11.341Z,usb,1,3612849267,221000,56576000,256,8000,31.690
2026-07-23T02:02:11.373Z,usb,1,3612849267,221001,56576256,256,8000,31.690
2026-07-23T02:02:11.406Z,usb,1,3612849267,221002,56576512,256,8000,31.690
2026-07-23T02:02:11.437Z,usb,1,3612849267,221003,56576768,256,8000,31.690
2026-07-23T02:02:11.469Z,usb,1,3612849267,221004,56577024,256,8000,31.690
2026-07-23T02:02:11.501Z,usb,1,3612849267,221005,56577280,256,8000,31.690
2026-07-23T02:02:11.533Z,usb,1,3612849267,221006,56577536,256,8000,31.690
2026-07-23T02:02:11.565Z,usb,1,3612849267,221007,56577792,256,8000,31.690
2026-07-23T02:02:11.597Z,usb,1,3612849267,221008,56578048,256,8000,31.690
2026-07-23T02:02:11.629Z,usb,1,3612849267,221009,56578304,256,8000,31.690
2026-07-23T02:02:11.663Z,usb,1,3612849267,221010,56578560,256,8000,31.690
2026-07-23T02:02:11.694Z,usb,1,3612849267,221011,56578816,256,8000,31.690
2026-07-23T02:02:11.725Z,usb,1,3612849267,221012,56579072,256,8000,31.690
2026-07-23T02:02:11.757Z,usb,1,3612849267,221013,56579328,256,8000,31.690
2026-07-23T02:02:11.789Z,usb,1,3612849267,221014,56579584,256,8000,31.690
2026-07-23T02:02:11.822Z,usb,1,3612849267,221015,56579840,256,8000,31.690
2026-07-23T02:02:11.853Z,usb,1,3612849267,221016,56580096,256,8000,31.690
2026-07-23T02:02:11.886Z,usb,1,3612849267,221017,56580352,256,8000,31.690
2026-07-23T02:02:11.917Z,usb,1,3612849267,221018,56580608,256,8000,31.690
2026-07-23T02:02:11.950Z,usb,1,3612849267,221019,56580864,256,8000,31.690
2026-07-23T02:02:11.981Z,usb,1,3612849267,221020,56581120,256,8000,31.690
2026-07-23T02:02:12.014Z,usb,1,3612849267,221021,56581376,256,8000,31.690
2026-07-23T02:02:12.045Z,usb,1,3612849267,221022,56581632,256,8000,31.690
2026-07-23T02:02:12.077Z,usb,1,3612849267,221023,56581888,256,8000,31.690
2026-07-23T02:02:12.109Z,usb,1,3612849267,221024,56582144,256,8000,31.690
2026-07-23T02:02:12.141Z,usb,1,3612849267,221025,56582400,256,8000,31.690
2026-07-23T02:02:12.174Z,usb,1,3612849267,221026,56582656,256,8000,31.690
2026-07-23T02:02:12.206Z,usb,1,3612849267,221027,56582912,256,8000,31.690
2026-07-23T02:02:12.238Z,usb,1,3612849267,221028,56583168,256,8000,31.690
2026-07-23T02:02:12.269Z,usb,1,3612849267,221029,56583424,256,8000,31.690
2026-07-23T02:02:12.301Z,usb,1,3612849267,221030,56583680,256,8000,31.690
2026-07-23T02:02:12.333Z,usb,1,3612849267,221031,56583936,256,8000,31.690
2026-07-23T02:02:12.366Z,usb,1,3612849267,221032,56584192,256,8000,31.690
2026-07-23T02:02:12.397Z,usb,1,3612849267,221033,56584448,256,8000,31.690
2026-07-23T02:02:12.430Z,usb,1,3612849267,221034,56584704,256,8000,31.690
2026-07-23T02:02:12.462Z,usb,1,3612849267,221035,56584960,256,8000,31.690
2026-07-23T02:02:12.493Z,usb,1,3612849267,221036,56585216,256,8000,31.690
2026-07-23T02:02:12.525Z,usb,1,3612849267,221037,56585472,256,8000,31.690
2026-07-23T02:02:12.558Z,usb,1,3612849267,221038,56585728,256,8000,31.690
2026-07-23T02:02:12.590Z,usb,1,3612849267,221039,56585984,256,8000,31.690
2026-07-23T02:02:12.621Z,usb,1,3612849267,221040,56586240,256,8000,31.690
2026-07-23T02:02:12.653Z,usb,1,3612849267,221041,56586496,256,8000,31.690
2026-07-23T02:02:12.685Z,usb,1,3612849267,221042,56586752,256,8000,31.690
2026-07-23T02:02:12.717Z,usb,1,3612849267,221043,56587008,256,8000,31.690
2026-07-23T02:02:12.750Z,usb,1,3612849267,221044,56587264,256,8000,31.690
2026-07-23T02:02:12.782Z,usb,1,3612849267,221045,56587520,256,8000,31.690
2026-07-23T02:02:12.813Z,usb,1,3612849267,221046,56587776,256,8000,31.690
2026-07-23T02:02:12.845Z,usb,1,3612849267,221047,56588032,256,8000,31.690
2026-07-23T02:02:12.877Z,usb,1,3612849267,221048,56588288,256,8000,31.690
2026-07-23T02:02:12.909Z,usb,1,3612849267,221049,56588544,256,8000,31.690
2026-07-23T02:02:12.941Z,usb,1,3612849267,221050,56588800,256,8000,31.690
2026-07-23T02:02:12.973Z,usb,1,3612849267,221051,56589056,256,8000,31.690
2026-07-23T02:02:13.005Z,usb,1,3612849267,221052,56589312,256,8000,31.690
2026-07-23T02:02:13.037Z,usb,1,3612849267,221053,56589568,256,8000,31.690
2026-07-23T02:02:13.069Z,usb,1,3612849267,221054,56589824,256,8000,31.690
2026-07-23T02:02:13.101Z,usb,1,3612849267,221055,56590080,256,8000,31.690
2026-07-23T02:02:13.133Z,usb,1,3612849267,221056,56590336,256,8000,31.690
2026-07-23T02:02:13.166Z,usb,1,3612849267,221057,56590592,256,8000,31.690
2026-07-23T02:02:13.197Z,usb,1,3612849267,221058,56590848,256,8000,31.690
2026-07-23T02:02:13.230Z,usb,1,3612849267,221059,56591104,256,8000,31.690
2026-07-23T02:02:13.262Z,usb,1,3612849267,221060,56591360,256,8000,31.680
2026-07-23T02:02:13.294Z,usb,1,3612849267,221061,56591616,256,8000,31.680
2026-07-23T02:02:13.325Z,usb,1,3612849267,221062,56591872,256,8000,31.680
2026-07-23T02:02:13.357Z,usb,1,3612849267,221063,56592128,256,8000,31.680
2026-07-23T02:02:13.389Z,usb,1,3612849267,221064,56592384,256,8000,31.680
2026-07-23T02:02:13.421Z,usb,1,3612849267,221065,56592640,256,8000,31.680
2026-07-23T02:02:13.453Z,usb,1,3612849267,221066,56592896,256,8000,31.680
2026-07-23T02:02:13.485Z,usb,1,3612849267,221067,56593152,256,8000,31.680
2026-07-23T02:02:13.517Z,usb,1,3612849267,221068,56593408,256,8000,31.680
2026-07-23T02:02:13.549Z,usb,1,3612849267,221069,56593664,256,8000,31.680
2026-07-23T02:02:13.581Z,usb,1,3612849267,221070,56593920,256,8000,31.680
2026-07-23T02:02:13.613Z,usb,1,3612849267,221071,56594176,256,8000,31.680
2026-07-23T02:02:13.645Z,usb,1,3612849267,221072,56594432,256,8000,31.680
2026-07-23T02:02:13.677Z,usb,1,3612849267,221073,56594688,256,8000,31.680
2026-07-23T02:02:13.709Z,usb,1,3612849267,221074,56594944,256,8000,31.680
2026-07-23T02:02:13.742Z,usb,1,3612849267,221075,56595200,256,8000,31.680
2026-07-23T02:02:13.773Z,usb,1,3612849267,221076,56595456,256,8000,31.680
2026-07-23T02:02:13.805Z,usb,1,3612849267,221077,56595712,256,8000,31.680
2026-07-23T02:02:13.837Z,usb,1,3612849267,221078,56595968,256,8000,31.680
2026-07-23T02:02:13.869Z,usb,1,3612849267,221079,56596224,256,8000,31.680
2026-07-23T02:02:13.901Z,usb,1,3612849267,221080,56596480,256,8000,31.680
2026-07-23T02:02:13.933Z,usb,1,3612849267,221081,56596736,256,8000,31.680
2026-07-23T02:02:13.965Z,usb,1,3612849267,221082,56596992,256,8000,31.680
2026-07-23T02:02:13.997Z,usb,1,3612849267,221083,56597248,256,8000,31.680
2026-07-23T02:02:14.029Z,usb,1,3612849267,221084,56597504,256,8000,31.680
2026-07-23T02:02:14.061Z,usb,1,3612849267,221085,56597760,256,8000,31.680
2026-07-23T02:02:14.093Z,usb,1,3612849267,221086,56598016,256,8000,31.680
2026-07-23T02:02:14.125Z,usb,1,3612849267,221087,56598272,256,8000,31.680
2026-07-23T02:02:14.157Z,usb,1,3612849267,221088,56598528,256,8000,31.680
2026-07-23T02:02:14.189Z,usb,1,3612849267,221089,56598784,256,8000,31.680
2026-07-23T02:02:14.221Z,usb,1,3612849267,221090,56599040,256,8000,31.680
2026-07-23T02:02:14.253Z,usb,1,3612849267,221091,56599296,256,8000,31.680
2026-07-23T02:02:14.286Z,usb,1,3612849267,221092,56599552,256,8000,31.680
2026-07-23T02:02:14.317Z,usb,1,3612849267,221093,56599808,256,8000,31.680
2026-07-23T02:02:14.349Z,usb,1,3612849267,221094,56600064,256,8000,31.680
2026-07-23T02:02:14.381Z,usb,1,3612849267,221095,56600320,256,8000,31.680
2026-07-23T02:02:14.413Z,usb,1,3612849267,221096,56600576,256,8000,31.680
2026-07-23T02:02:14.445Z,usb,1,3612849267,221097,56600832,256,8000,31.680
2026-07-23T02:02:14.477Z,usb,1,3612849267,221098,56601088,256,8000,31.680
2026-07-23T02:02:14.509Z,usb,1,3612849267,221099,56601344,256,8000,31.680
2026-07-23T02:02:14.541Z,usb,1,3612849267,221100,56601600,256,8000,31.680
2026-07-23T02:02:14.573Z,usb,1,3612849267,221101,56601856,256,8000,31.680
2026-07-23T02:02:14.605Z,usb,1,3612849267,221102,56602112,256,8000,31.680
2026-07-23T02:02:14.637Z,usb,1,3612849267,221103,56602368,256,8000,31.680
2026-07-23T02:02:14.669Z,usb,1,3612849267,221104,56602624,256,8000,31.680
2026-07-23T02:02:14.701Z,usb,1,3612849267,221105,56602880,256,8000,31.680
2026-07-23T02:02:14.734Z,usb,1,3612849267,221106,56603136,256,8000,31.680
2026-07-23T02:02:14.765Z,usb,1,3612849267,221107,56603392,256,8000,31.680
2026-07-23T02:02:14.797Z,usb,1,3612849267,221108,56603648,256,8000,31.680
2026-07-23T02:02:14.829Z,usb,1,3612849267,221109,56603904,256,8000,31.680
2026-07-23T02:02:14.861Z,usb,1,3612849267,221110,56604160,256,8000,31.680
2026-07-23T02:02:14.893Z,usb,1,3612849267,221111,56604416,256,8000,31.680
2026-07-23T02:02:14.925Z,usb,1,3612849267,221112,56604672,256,8000,31.680
2026-07-23T02:02:14.957Z,usb,1,3612849267,221113,56604928,256,8000,31.680
2026-07-23T02:02:14.989Z,usb,1,3612849267,221114,56605184,256,8000,31.680
2026-07-23T02:02:15.021Z,usb,1,3612849267,221115,56605440,256,8000,31.680
2026-07-23T02:02:15.053Z,usb,1,3612849267,221116,56605696,256,8000,31.680
2026-07-23T02:02:15.086Z,usb,1,3612849267,221117,56605952,256,8000,31.680
2026-07-23T02:02:15.117Z,usb,1,3612849267,221118,56606208,256,8000,31.680
2026-07-23T02:02:15.149Z,usb,1,3612849267,221119,56606464,256,8000,31.680
2026-07-23T02:02:15.181Z,usb,1,3612849267,221120,56606720,256,8000,31.680
2026-07-23T02:02:15.214Z,usb,1,3612849267,221121,56606976,256,8000,31.680
2026-07-23T02:02:15.246Z,usb,1,3612849267,221122,56607232,256,8000,31.680
2026-07-23T02:02:15.277Z,usb,1,3612849267,221123,56607488,256,8000,31.680
2026-07-23T02:02:15.310Z,usb,1,3612849267,221124,56607744,256,8000,31.690
2026-07-23T02:02:15.341Z,usb,1,3612849267,221125,56608000,256,8000,31.690
2026-07-23T02:02:15.373Z,usb,1,3612849267,221126,56608256,256,8000,31.690
2026-07-23T02:02:15.405Z,usb,1,3612849267,221127,56608512,256,8000,31.690
2026-07-23T02:02:15.442Z,usb,1,3612849267,221128,56608768,256,8000,31.690
2026-07-23T02:02:15.469Z,usb,1,3612849267,221129,56609024,256,8000,31.690
2026-07-23T02:02:15.501Z,usb,1,3612849267,221130,56609280,256,8000,31.690
2026-07-23T02:02:15.533Z,usb,1,3612849267,221131,56609536,256,8000,31.690
2026-07-23T02:02:15.565Z,usb,1,3612849267,221132,56609792,256,8000,31.690
2026-07-23T02:02:15.597Z,usb,1,3612849267,221133,56610048,256,8000,31.690
2026-07-23T02:02:15.630Z,usb,1,3612849267,221134,56610304,256,8000,31.690
2026-07-23T02:02:15.662Z,usb,1,3612849267,221135,56610560,256,8000,31.690
2026-07-23T02:02:15.693Z,usb,1,3612849267,221136,56610816,256,8000,31.690
2026-07-23T02:02:15.726Z,usb,1,3612849267,221137,56611072,256,8000,31.690
2026-07-23T02:02:15.758Z,usb,1,3612849267,221138,56611328,256,8000,31.690
2026-07-23T02:02:15.790Z,usb,1,3612849267,221139,56611584,256,8000,31.690
2026-07-23T02:02:15.821Z,usb,1,3612849267,221140,56611840,256,8000,31.690
2026-07-23T02:02:15.854Z,usb,1,3612849267,221141,56612096,256,8000,31.690
2026-07-23T02:02:15.885Z,usb,1,3612849267,221142,56612352,256,8000,31.690
2026-07-23T02:02:15.918Z,usb,1,3612849267,221143,56612608,256,8000,31.690
2026-07-23T02:02:15.949Z,usb,1,3612849267,221144,56612864,256,8000,31.690
2026-07-23T02:02:15.981Z,usb,1,3612849267,221145,56613120,256,8000,31.690
2026-07-23T02:02:16.013Z,usb,1,3612849267,221146,56613376,256,8000,31.690
2026-07-23T02:02:16.046Z,usb,1,3612849267,221147,56613632,256,8000,31.690
2026-07-23T02:02:16.077Z,usb,1,3612849267,221148,56613888,256,8000,31.690
2026-07-23T02:02:16.110Z,usb,1,3612849267,221149,56614144,256,8000,31.690
2026-07-23T02:02:16.141Z,usb,1,3612849267,221150,56614400,256,8000,31.690
2026-07-23T02:02:16.174Z,usb,1,3612849267,221151,56614656,256,8000,31.690
2026-07-23T02:02:16.206Z,usb,1,3612849267,221152,56614912,256,8000,31.690
2026-07-23T02:02:16.237Z,usb,1,3612849267,221153,56615168,256,8000,31.690
2026-07-23T02:02:16.270Z,usb,1,3612849267,221154,56615424,256,8000,31.690
2026-07-23T02:02:16.301Z,usb,1,3612849267,221155,56615680,256,8000,31.690
2026-07-23T02:02:16.334Z,usb,1,3612849267,221156,56615936,256,8000,31.690
2026-07-23T02:02:16.365Z,usb,1,3612849267,221157,56616192,256,8000,31.690
2026-07-23T02:02:16.398Z,usb,1,3612849267,221158,56616448,256,8000,31.690
2026-07-23T02:02:16.429Z,usb,1,3612849267,221159,56616704,256,8000,31.690
2026-07-23T02:02:16.462Z,usb,1,3612849267,221160,56616960,256,8000,31.690
2026-07-23T02:02:16.494Z,usb,1,3612849267,221161,56617216,256,8000,31.690
2026-07-23T02:02:16.525Z,usb,1,3612849267,221162,56617472,256,8000,31.690
2026-07-23T02:02:16.557Z,usb,1,3612849267,221163,56617728,256,8000,31.690
2026-07-23T02:02:16.589Z,usb,1,3612849267,221164,56617984,256,8000,31.690
2026-07-23T02:02:16.622Z,usb,1,3612849267,221165,56618240,256,8000,31.690
2026-07-23T02:02:16.653Z,usb,1,3612849267,221166,56618496,256,8000,31.690
2026-07-23T02:02:16.685Z,usb,1,3612849267,221167,56618752,256,8000,31.690
2026-07-23T02:02:16.717Z,usb,1,3612849267,221168,56619008,256,8000,31.690
2026-07-23T02:02:16.750Z,usb,1,3612849267,221169,56619264,256,8000,31.690
2026-07-23T02:02:16.781Z,usb,1,3612849267,221170,56619520,256,8000,31.690
2026-07-23T02:02:16.813Z,usb,1,3612849267,221171,56619776,256,8000,31.690
2026-07-23T02:02:16.845Z,usb,1,3612849267,221172,56620032,256,8000,31.690
2026-07-23T02:02:16.877Z,usb,1,3612849267,221173,56620288,256,8000,31.690
2026-07-23T02:02:16.910Z,usb,1,3612849267,221174,56620544,256,8000,31.690
2026-07-23T02:02:16.941Z,usb,1,3612849267,221175,56620800,256,8000,31.690
2026-07-23T02:02:16.973Z,usb,1,3612849267,221176,56621056,256,8000,31.690
2026-07-23T02:02:17.006Z,usb,1,3612849267,221177,56621312,256,8000,31.690
2026-07-23T02:02:17.037Z,usb,1,3612849267,221178,56621568,256,8000,31.690
2026-07-23T02:02:17.069Z,usb,1,3612849267,221179,56621824,256,8000,31.690
2026-07-23T02:02:17.102Z,usb,1,3612849267,221180,56622080,256,8000,31.690
2026-07-23T02:02:17.133Z,usb,1,3612849267,221181,56622336,256,8000,31.690
2026-07-23T02:02:17.165Z,usb,1,3612849267,221182,56622592,256,8000,31.690
2026-07-23T02:02:17.197Z,usb,1,3612849267,221183,56622848,256,8000,31.690
2026-07-23T02:02:17.230Z,usb,1,3612849267,221184,56623104,256,8000,31.690
2026-07-23T02:02:17.262Z,usb,1,3612849267,221185,56623360,256,8000,31.690
2026-07-23T02:02:17.293Z,usb,1,3612849267,221186,56623616,256,8000,31.690
2026-07-23T02:02:17.326Z,usb,1,3612849267,221187,56623872,256,8000,31.690
2026-07-23T02:02:17.358Z,usb,1,3612849267,221188,56624128,256,8000,31.690
2026-07-23T02:02:17.389Z,usb,1,3612849267,221189,56624384,256,8000,31.690
2026-07-23T02:02:17.422Z,usb,1,3612849267,221190,56624640,256,8000,31.690
2026-07-23T02:02:17.453Z,usb,1,3612849267,221191,56624896,256,8000,31.690
2026-07-23T02:02:17.485Z,usb,1,3612849267,221192,56625152,256,8000,31.690
2026-07-23T02:02:17.518Z,usb,1,3612849267,221193,56625408,256,8000,31.690
2026-07-23T02:02:17.549Z,usb,1,3612849267,221194,56625664,256,8000,31.690
2026-07-23T02:02:17.581Z,usb,1,3612849267,221195,56625920,256,8000,31.690
2026-07-23T02:02:17.614Z,usb,1,3612849267,221196,56626176,256,8000,31.690
2026-07-23T02:02:17.645Z,usb,1,3612849267,221197,56626432,256,8000,31.690
2026-07-23T02:02:17.677Z,usb,1,3612849267,221198,56626688,256,8000,31.690
2026-07-23T02:02:17.709Z,usb,1,3612849267,221199,56626944,256,8000,31.690
2026-07-23T02:02:17.741Z,usb,1,3612849267,221200,56627200,256,8000,31.690
2026-07-23T02:02:17.774Z,usb,1,3612849267,221201,56627456,256,8000,31.690
2026-07-23T02:02:17.806Z,usb,1,3612849267,221202,56627712,256,8000,31.690
2026-07-23T02:02:17.838Z,usb,1,3612849267,221203,56627968,256,8000,31.690
2026-07-23T02:02:17.869Z,usb,1,3612849267,221204,56628224,256,8000,31.690
2026-07-23T02:02:17.901Z,usb,1,3612849267,221205,56628480,256,8000,31.690
2026-07-23T02:02:17.934Z,usb,1,3612849267,221206,56628736,256,8000,31.690
2026-07-23T02:02:17.965Z,usb,1,3612849267,221207,56628992,256,8000,31.690
2026-07-23T02:02:17.997Z,usb,1,3612849267,221208,56629248,256,8000,31.690
2026-07-23T02:02:18.029Z,usb,1,3612849267,221209,56629504,256,8000,31.690
2026-07-23T02:02:18.061Z,usb,1,3612849267,221210,56629760,256,8000,31.690
2026-07-23T02:02:18.093Z,usb,1,3612849267,221211,56630016,256,8000,31.690
2026-07-23T02:02:18.125Z,usb,1,3612849267,221212,56630272,256,8000,31.690
2026-07-23T02:02:18.158Z,usb,1,3612849267,221213,56630528,256,8000,31.690
2026-07-23T02:02:18.190Z,usb,1,3612849267,221214,56630784,256,8000,31.690
2026-07-23T02:02:18.221Z,usb,1,3612849267,221215,56631040,256,8000,31.690
2026-07-23T02:02:18.254Z,usb,1,3612849267,221216,56631296,256,8000,31.690
2026-07-23T02:02:18.285Z,usb,1,3612849267,221217,56631552,256,8000,31.690
2026-07-23T02:02:18.317Z,usb,1,3612849267,221218,56631808,256,8000,31.690
2026-07-23T02:02:18.349Z,usb,1,3612849267,221219,56632064,256,8000,31.690
2026-07-23T02:02:18.382Z,usb,1,3612849267,221220,56632320,256,8000,31.690
2026-07-23T02:02:18.413Z,usb,1,3612849267,221221,56632576,256,8000,31.690
2026-07-23T02:02:18.445Z,usb,1,3612849267,221222,56632832,256,8000,31.690
2026-07-23T02:02:18.477Z,usb,1,3612849267,221223,56633088,256,8000,31.690
2026-07-23T02:02:18.509Z,usb,1,3612849267,221224,56633344,256,8000,31.690
2026-07-23T02:02:18.541Z,usb,1,3612849267,221225,56633600,256,8000,31.690
2026-07-23T02:02:18.573Z,usb,1,3612849267,221226,56633856,256,8000,31.690
2026-07-23T02:02:18.605Z,usb,1,3612849267,221227,56634112,256,8000,31.690
2026-07-23T02:02:18.638Z,usb,1,3612849267,221228,56634368,256,8000,31.690
2026-07-23T02:02:18.669Z,usb,1,3612849267,221229,56634624,256,8000,31.690
2026-07-23T02:02:18.701Z,usb,1,3612849267,221230,56634880,256,8000,31.690
2026-07-23T02:02:18.733Z,usb,1,3612849267,221231,56635136,256,8000,31.690
2026-07-23T02:02:18.766Z,usb,1,3612849267,221232,56635392,256,8000,31.690
2026-07-23T02:02:18.797Z,usb,1,3612849267,221233,56635648,256,8000,31.690
2026-07-23T02:02:18.830Z,usb,1,3612849267,221234,56635904,256,8000,31.690
2026-07-23T02:02:18.861Z,usb,1,3612849267,221235,56636160,256,8000,31.690
2026-07-23T02:02:18.893Z,usb,1,3612849267,221236,56636416,256,8000,31.690
2026-07-23T02:02:18.926Z,usb,1,3612849267,221237,56636672,256,8000,31.690
2026-07-23T02:02:18.957Z,usb,1,3612849267,221238,56636928,256,8000,31.690
2026-07-23T02:02:18.989Z,usb,1,3612849267,221239,56637184,256,8000,31.690
2026-07-23T02:02:19.021Z,usb,1,3612849267,221240,56637440,256,8000,31.690
2026-07-23T02:02:19.053Z,usb,1,3612849267,221241,56637696,256,8000,31.690
2026-07-23T02:02:19.085Z,usb,1,3612849267,221242,56637952,256,8000,31.690
2026-07-23T02:02:19.117Z,usb,1,3612849267,221243,56638208,256,8000,31.690
2026-07-23T02:02:19.150Z,usb,1,3612849267,221244,56638464,256,8000,31.690
2026-07-23T02:02:19.182Z,usb,1,3612849267,221245,56638720,256,8000,31.690
2026-07-23T02:02:19.214Z,usb,1,3612849267,221246,56638976,256,8000,31.690
2026-07-23T02:02:19.246Z,usb,1,3612849267,221247,56639232,256,8000,31.690
2026-07-23T02:02:19.279Z,usb,1,3612849267,221248,56639488,256,8000,31.690
2026-07-23T02:02:19.309Z,usb,1,3612849267,221249,56639744,256,8000,31.690
2026-07-23T02:02:19.341Z,usb,1,3612849267,221250,56640000,256,8000,31.690
2026-07-23T02:02:19.373Z,usb,1,3612849267,221251,56640256,256,8000,31.690
2026-07-23T02:02:19.406Z,usb,1,3612849267,221252,56640512,256,8000,31.690
2026-07-23T02:02:19.437Z,usb,1,3612849267,221253,56640768,256,8000,31.690
2026-07-23T02:02:19.469Z,usb,1,3612849267,221254,56641024,256,8000,31.690
2026-07-23T02:02:19.501Z,usb,1,3612849267,221255,56641280,256,8000,31.690
2026-07-23T02:02:19.533Z,usb,1,3612849267,221256,56641536,256,8000,31.690
2026-07-23T02:02:19.565Z,usb,1,3612849267,221257,56641792,256,8000,31.690
2026-07-23T02:02:19.597Z,usb,1,3612849267,221258,56642048,256,8000,31.690
2026-07-23T02:02:19.630Z,usb,1,3612849267,221259,56642304,256,8000,31.690
2026-07-23T02:02:19.662Z,usb,1,3612849267,221260,56642560,256,8000,31.690
2026-07-23T02:02:19.693Z,usb,1,3612849267,221261,56642816,256,8000,31.690
2026-07-23T02:02:19.725Z,usb,1,3612849267,221262,56643072,256,8000,31.690
2026-07-23T02:02:19.758Z,usb,1,3612849267,221263,56643328,256,8000,31.690
2026-07-23T02:02:19.790Z,usb,1,3612849267,221264,56643584,256,8000,31.690
2026-07-23T02:02:19.821Z,usb,1,3612849267,221265,56643840,256,8000,31.690
2026-07-23T02:02:19.854Z,usb,1,3612849267,221266,56644096,256,8000,31.690
2026-07-23T02:02:19.886Z,usb,1,3612849267,221267,56644352,256,8000,31.690
2026-07-23T02:02:19.918Z,usb,1,3612849267,221268,56644608,256,8000,31.690
2026-07-23T02:02:19.949Z,usb,1,3612849267,221269,56644864,256,8000,31.690
2026-07-23T02:02:19.982Z,usb,1,3612849267,221270,56645120,256,8000,31.690
2026-07-23T02:02:20.014Z,usb,1,3612849267,221271,56645376,256,8000,31.690
2026-07-23T02:02:20.046Z,usb,1,3612849267,221272,56645632,256,8000,31.690
2026-07-23T02:02:20.077Z,usb,1,3612849267,221273,56645888,256,8000,31.690
2026-07-23T02:02:20.110Z,usb,1,3612849267,221274,56646144,256,8000,31.690
2026-07-23T02:02:20.141Z,usb,1,3612849267,221275,56646400,256,8000,31.690
2026-07-23T02:02:20.173Z,usb,1,3612849267,221276,56646656,256,8000,31.690
2026-07-23T02:02:20.205Z,usb,1,3612849267,221277,56646912,256,8000,31.690
2026-07-23T02:02:20.238Z,usb,1,3612849267,221278,56647168,256,8000,31.690
2026-07-23T02:02:20.270Z,usb,1,3612849267,221279,56647424,256,8000,31.690
2026-07-23T02:02:20.301Z,usb,1,3612849267,221280,56647680,256,8000,31.690
2026-07-23T02:02:20.334Z,usb,1,3612849267,221281,56647936,256,8000,31.690
2026-07-23T02:02:20.366Z,usb,1,3612849267,221282,56648192,256,8000,31.690
2026-07-23T02:02:20.398Z,usb,1,3612849267,221283,56648448,256,8000,31.690
2026-07-23T02:02:20.430Z,usb,1,3612849267,221284,56648704,256,8000,31.690
2026-07-23T02:02:20.461Z,usb,1,3612849267,221285,56648960,256,8000,31.690
2026-07-23T02:02:20.493Z,usb,1,3612849267,221286,56649216,256,8000,31.690
2026-07-23T02:02:20.525Z,usb,1,3612849267,221287,56649472,256,8000,31.690
2026-07-23T02:02:20.558Z,usb,1,3612849267,221288,56649728,256,8000,31.690
2026-07-23T02:02:20.590Z,usb,1,3612849267,221289,56649984,256,8000,31.690
2026-07-23T02:02:20.621Z,usb,1,3612849267,221290,56650240,256,8000,31.690
2026-07-23T02:02:20.653Z,usb,1,3612849267,221291,56650496,256,8000,31.690
2026-07-23T02:02:20.685Z,usb,1,3612849267,221292,56650752,256,8000,31.690
2026-07-23T02:02:20.717Z,usb,1,3612849267,221293,56651008,256,8000,31.690
2026-07-23T02:02:20.749Z,usb,1,3612849267,221294,56651264,256,8000,31.690
2026-07-23T02:02:20.782Z,usb,1,3612849267,221295,56651520,256,8000,31.690
2026-07-23T02:02:20.813Z,usb,1,3612849267,221296,56651776,256,8000,31.690
2026-07-23T02:02:20.845Z,usb,1,3612849267,221297,56652032,256,8000,31.690
2026-07-23T02:02:20.877Z,usb,1,3612849267,221298,56652288,256,8000,31.690
2026-07-23T02:02:20.909Z,usb,1,3612849267,221299,56652544,256,8000,31.690
2026-07-23T02:02:20.941Z,usb,1,3612849267,221300,56652800,256,8000,31.690
2026-07-23T02:02:20.973Z,usb,1,3612849267,221301,56653056,256,8000,31.690
2026-07-23T02:02:21.006Z,usb,1,3612849267,221302,56653312,256,8000,31.690
2026-07-23T02:02:21.037Z,usb,1,3612849267,221303,56653568,256,8000,31.690
2026-07-23T02:02:21.069Z,usb,1,3612849267,221304,56653824,256,8000,31.690
2026-07-23T02:02:21.101Z,usb,1,3612849267,221305,56654080,256,8000,31.690
2026-07-23T02:02:21.134Z,usb,1,3612849267,221306,56654336,256,8000,31.690
2026-07-23T02:02:21.166Z,usb,1,3612849267,221307,56654592,256,8000,31.690
2026-07-23T02:02:21.197Z,usb,1,3612849267,221308,56654848,256,8000,31.690
2026-07-23T02:02:21.229Z,usb,1,3612849267,221309,56655104,256,8000,31.690
2026-07-23T02:02:21.262Z,usb,1,3612849267,221310,56655360,256,8000,31.690
2026-07-23T02:02:21.293Z,usb,1,3612849267,221311,56655616,256,8000,31.690
2026-07-23T02:02:21.325Z,usb,1,3612849267,221312,56655872,256,8000,31.690
2026-07-23T02:02:21.357Z,usb,1,3612849267,221313,56656128,256,8000,31.690
2026-07-23T02:02:21.389Z,usb,1,3612849267,221314,56656384,256,8000,31.690
2026-07-23T02:02:21.421Z,usb,1,3612849267,221315,56656640,256,8000,31.690
2026-07-23T02:02:21.454Z,usb,1,3612849267,221316,56656896,256,8000,31.680
2026-07-23T02:02:21.485Z,usb,1,3612849267,221317,56657152,256,8000,31.680
2026-07-23T02:02:21.517Z,usb,1,3612849267,221318,56657408,256,8000,31.680
2026-07-23T02:02:21.549Z,usb,1,3612849267,221319,56657664,256,8000,31.680
2026-07-23T02:02:21.581Z,usb,1,3612849267,221320,56657920,256,8000,31.680
2026-07-23T02:02:21.613Z,usb,1,3612849267,221321,56658176,256,8000,31.680
2026-07-23T02:02:21.645Z,usb,1,3612849267,221322,56658432,256,8000,31.680
2026-07-23T02:02:21.677Z,usb,1,3612849267,221323,56658688,256,8000,31.680
2026-07-23T02:02:21.709Z,usb,1,3612849267,221324,56658944,256,8000,31.680
2026-07-23T02:02:21.741Z,usb,1,3612849267,221325,56659200,256,8000,31.680
2026-07-23T02:02:21.773Z,usb,1,3612849267,221326,56659456,256,8000,31.680
2026-07-23T02:02:21.805Z,usb,1,3612849267,221327,56659712,256,8000,31.680
2026-07-23T02:02:21.837Z,usb,1,3612849267,221328,56659968,256,8000,31.680
2026-07-23T02:02:21.869Z,usb,1,3612849267,221329,56660224,256,8000,31.680
2026-07-23T02:02:21.901Z,usb,1,3612849267,221330,56660480,256,8000,31.680
2026-07-23T02:02:21.933Z,usb,1,3612849267,221331,56660736,256,8000,31.680
2026-07-23T02:02:21.965Z,usb,1,3612849267,221332,56660992,256,8000,31.680
2026-07-23T02:02:21.997Z,usb,1,3612849267,221333,56661248,256,8000,31.680
2026-07-23T02:02:22.029Z,usb,1,3612849267,221334,56661504,256,8000,31.680
2026-07-23T02:02:22.061Z,usb,1,3612849267,221335,56661760,256,8000,31.680
2026-07-23T02:02:22.093Z,usb,1,3612849267,221336,56662016,256,8000,31.680
2026-07-23T02:02:22.125Z,usb,1,3612849267,221337,56662272,256,8000,31.680
2026-07-23T02:02:22.157Z,usb,1,3612849267,221338,56662528,256,8000,31.680
2026-07-23T02:02:22.189Z,usb,1,3612849267,221339,56662784,256,8000,31.680
2026-07-23T02:02:22.222Z,usb,1,3612849267,221340,56663040,256,8000,31.680
2026-07-23T02:02:22.254Z,usb,1,3612849267,221341,56663296,256,8000,31.680
2026-07-23T02:02:22.285Z,usb,1,3612849267,221342,56663552,256,8000,31.680
2026-07-23T02:02:22.317Z,usb,1,3612849267,221343,56663808,256,8000,31.680
2026-07-23T02:02:22.349Z,usb,1,3612849267,221344,56664064,256,8000,31.680
2026-07-23T02:02:22.381Z,usb,1,3612849267,221345,56664320,256,8000,31.680
2026-07-23T02:02:22.413Z,usb,1,3612849267,221346,56664576,256,8000,31.680
2026-07-23T02:02:22.445Z,usb,1,3612849267,221347,56664832,256,8000,31.680
2026-07-23T02:02:22.478Z,usb,1,3612849267,221348,56665088,256,8000,31.680
2026-07-23T02:02:22.509Z,usb,1,3612849267,221349,56665344,256,8000,31.680
2026-07-23T02:02:22.542Z,usb,1,3612849267,221350,56665600,256,8000,31.680
2026-07-23T02:02:22.573Z,usb,1,3612849267,221351,56665856,256,8000,31.680
2026-07-23T02:02:22.605Z,usb,1,3612849267,221352,56666112,256,8000,31.680
2026-07-23T02:02:22.637Z,usb,1,3612849267,221353,56666368,256,8000,31.680
2026-07-23T02:02:22.669Z,usb,1,3612849267,221354,56666624,256,8000,31.680
2026-07-23T02:02:22.701Z,usb,1,3612849267,221355,56666880,256,8000,31.680
2026-07-23T02:02:22.734Z,usb,1,3612849267,221356,56667136,256,8000,31.680
2026-07-23T02:02:22.766Z,usb,1,3612849267,221357,56667392,256,8000,31.680
2026-07-23T02:02:22.797Z,usb,1,3612849267,221358,56667648,256,8000,31.680
2026-07-23T02:02:22.830Z,usb,1,3612849267,221359,56667904,256,8000,31.680
2026-07-23T02:02:22.861Z,usb,1,3612849267,221360,56668160,256,8000,31.680
2026-07-23T02:02:22.893Z,usb,1,3612849267,221361,56668416,256,8000,31.680
2026-07-23T02:02:22.925Z,usb,1,3612849267,221362,56668672,256,8000,31.680
2026-07-23T02:02:22.958Z,usb,1,3612849267,221363,56668928,256,8000,31.680
2026-07-23T02:02:22.989Z,usb,1,3612849267,221364,56669184,256,8000,31.680
2026-07-23T02:02:23.021Z,usb,1,3612849267,221365,56669440,256,8000,31.680
2026-07-23T02:02:23.054Z,usb,1,3612849267,221366,56669696,256,8000,31.680
2026-07-23T02:02:23.085Z,usb,1,3612849267,221367,56669952,256,8000,31.680
2026-07-23T02:02:23.117Z,usb,1,3612849267,221368,56670208,256,8000,31.680
2026-07-23T02:02:23.149Z,usb,1,3612849267,221369,56670464,256,8000,31.680
2026-07-23T02:02:23.182Z,usb,1,3612849267,221370,56670720,256,8000,31.680
2026-07-23T02:02:23.213Z,usb,1,3612849267,221371,56670976,256,8000,31.680
2026-07-23T02:02:23.246Z,usb,1,3612849267,221372,56671232,256,8000,31.680
2026-07-23T02:02:23.277Z,usb,1,3612849267,221373,56671488,256,8000,31.680
2026-07-23T02:02:23.309Z,usb,1,3612849267,221374,56671744,256,8000,31.680
2026-07-23T02:02:23.342Z,usb,1,3612849267,221375,56672000,256,8000,31.680
2026-07-23T02:02:23.373Z,usb,1,3612849267,221376,56672256,256,8000,31.680
2026-07-23T02:02:23.405Z,usb,1,3612849267,221377,56672512,256,8000,31.680
2026-07-23T02:02:23.438Z,usb,1,3612849267,221378,56672768,256,8000,31.680
2026-07-23T02:02:23.469Z,usb,1,3612849267,221379,56673024,256,8000,31.680
2026-07-23T02:02:23.502Z,usb,1,3612849267,221380,56673280,256,8000,31.690
2026-07-23T02:02:23.533Z,usb,1,3612849267,221381,56673536,256,8000,31.690
2026-07-23T02:02:23.566Z,usb,1,3612849267,221382,56673792,256,8000,31.690
2026-07-23T02:02:23.597Z,usb,1,3612849267,221383,56674048,256,8000,31.690
2026-07-23T02:02:23.629Z,usb,1,3612849267,221384,56674304,256,8000,31.690
2026-07-23T02:02:23.661Z,usb,1,3612849267,221385,56674560,256,8000,31.690
2026-07-23T02:02:23.694Z,usb,1,3612849267,221386,56674816,256,8000,31.690
2026-07-23T02:02:23.726Z,usb,1,3612849267,221387,56675072,256,8000,31.690
2026-07-23T02:02:23.758Z,usb,1,3612849267,221388,56675328,256,8000,31.690
2026-07-23T02:02:23.789Z,usb,1,3612849267,221389,56675584,256,8000,31.690
2026-07-23T02:02:23.822Z,usb,1,3612849267,221390,56675840,256,8000,31.690
2026-07-23T02:02:23.854Z,usb,1,3612849267,221391,56676096,256,8000,31.690
2026-07-23T02:02:23.886Z,usb,1,3612849267,221392,56676352,256,8000,31.690
2026-07-23T02:02:23.918Z,usb,1,3612849267,221393,56676608,256,8000,31.690
2026-07-23T02:02:23.950Z,usb,1,3612849267,221394,56676864,256,8000,31.690
2026-07-23T02:02:23.982Z,usb,1,3612849267,221395,56677120,256,8000,31.690
2026-07-23T02:02:24.013Z,usb,1,3612849267,221396,56677376,256,8000,31.690
2026-07-23T02:02:24.045Z,usb,1,3612849267,221397,56677632,256,8000,31.690
2026-07-23T02:02:24.077Z,usb,1,3612849267,221398,56677888,256,8000,31.690
2026-07-23T02:02:24.109Z,usb,1,3612849267,221399,56678144,256,8000,31.690
2026-07-23T02:02:24.141Z,usb,1,3612849267,221400,56678400,256,8000,31.690
2026-07-23T02:02:24.174Z,usb,1,3612849267,221401,56678656,256,8000,31.690
2026-07-23T02:02:24.205Z,usb,1,3612849267,221402,56678912,256,8000,31.690
2026-07-23T02:02:24.237Z,usb,1,3612849267,221403,56679168,256,8000,31.690
2026-07-23T02:02:24.269Z,usb,1,3612849267,221404,56679424,256,8000,31.690
2026-07-23T02:02:24.301Z,usb,1,3612849267,221405,56679680,256,8000,31.690
2026-07-23T02:02:24.333Z,usb,1,3612849267,221406,56679936,256,8000,31.690
2026-07-23T02:02:24.366Z,usb,1,3612849267,221407,56680192,256,8000,31.690
2026-07-23T02:02:24.398Z,usb,1,3612849267,221408,56680448,256,8000,31.690
2026-07-23T02:02:24.430Z,usb,1,3612849267,221409,56680704,256,8000,31.690
2026-07-23T02:02:24.462Z,usb,1,3612849267,221410,56680960,256,8000,31.690
2026-07-23T02:02:24.493Z,usb,1,3612849267,221411,56681216,256,8000,31.690
2026-07-23T02:02:24.526Z,usb,1,3612849267,221412,56681472,256,8000,31.690
2026-07-23T02:02:24.558Z,usb,1,3612849267,221413,56681728,256,8000,31.690
2026-07-23T02:02:24.590Z,usb,1,3612849267,221414,56681984,256,8000,31.690
2026-07-23T02:02:24.621Z,usb,1,3612849267,221415,56682240,256,8000,31.690
2026-07-23T02:02:24.654Z,usb,1,3612849267,221416,56682496,256,8000,31.690
2026-07-23T02:02:24.685Z,usb,1,3612849267,221417,56682752,256,8000,31.690
2026-07-23T02:02:24.717Z,usb,1,3612849267,221418,56683008,256,8000,31.690
2026-07-23T02:02:24.750Z,usb,1,3612849267,221419,56683264,256,8000,31.690
2026-07-23T02:02:24.781Z,usb,1,3612849267,221420,56683520,256,8000,31.690
2026-07-23T02:02:24.813Z,usb,1,3612849267,221421,56683776,256,8000,31.690
2026-07-23T02:02:24.845Z,usb,1,3612849267,221422,56684032,256,8000,31.690
2026-07-23T02:02:24.877Z,usb,1,3612849267,221423,56684288,256,8000,31.690
2026-07-23T02:02:24.909Z,usb,1,3612849267,221424,56684544,256,8000,31.690
2026-07-23T02:02:24.941Z,usb,1,3612849267,221425,56684800,256,8000,31.690
2026-07-23T02:02:24.974Z,usb,1,3612849267,221426,56685056,256,8000,31.690
2026-07-23T02:02:25.005Z,usb,1,3612849267,221427,56685312,256,8000,31.690
2026-07-23T02:02:25.037Z,usb,1,3612849267,221428,56685568,256,8000,31.690
2026-07-23T02:02:25.069Z,usb,1,3612849267,221429,56685824,256,8000,31.690
2026-07-23T02:02:25.101Z,usb,1,3612849267,221430,56686080,256,8000,31.690
2026-07-23T02:02:25.133Z,usb,1,3612849267,221431,56686336,256,8000,31.690
2026-07-23T02:02:25.166Z,usb,1,3612849267,221432,56686592,256,8000,31.690
2026-07-23T02:02:25.198Z,usb,1,3612849267,221433,56686848,256,8000,31.690
2026-07-23T02:02:25.230Z,usb,1,3612849267,221434,56687104,256,8000,31.690
2026-07-23T02:02:25.262Z,usb,1,3612849267,221435,56687360,256,8000,31.690
2026-07-23T02:02:25.293Z,usb,1,3612849267,221436,56687616,256,8000,31.690
2026-07-23T02:02:25.325Z,usb,1,3612849267,221437,56687872,256,8000,31.690
2026-07-23T02:02:25.357Z,usb,1,3612849267,221438,56688128,256,8000,31.690
2026-07-23T02:02:25.389Z,usb,1,3612849267,221439,56688384,256,8000,31.690
2026-07-23T02:02:25.421Z,usb,1,3612849267,221440,56688640,256,8000,31.690
2026-07-23T02:02:25.453Z,usb,1,3612849267,221441,56688896,256,8000,31.690
2026-07-23T02:02:25.485Z,usb,1,3612849267,221442,56689152,256,8000,31.690
2026-07-23T02:02:25.517Z,usb,1,3612849267,221443,56689408,256,8000,31.690
2026-07-23T02:02:25.550Z,usb,1,3612849267,221444,56689664,256,8000,31.690
2026-07-23T02:02:25.581Z,usb,1,3612849267,221445,56689920,256,8000,31.690
2026-07-23T02:02:25.613Z,usb,1,3612849267,221446,56690176,256,8000,31.690
2026-07-23T02:02:25.645Z,usb,1,3612849267,221447,56690432,256,8000,31.690
2026-07-23T02:02:25.677Z,usb,1,3612849267,221448,56690688,256,8000,31.690
2026-07-23T02:02:25.709Z,usb,1,3612849267,221449,56690944,256,8000,31.690
2026-07-23T02:02:25.741Z,usb,1,3612849267,221450,56691200,256,8000,31.690
2026-07-23T02:02:25.774Z,usb,1,3612849267,221451,56691456,256,8000,31.690
2026-07-23T02:02:25.806Z,usb,1,3612849267,221452,56691712,256,8000,31.690
2026-07-23T02:02:25.837Z,usb,1,3612849267,221453,56691968,256,8000,31.690
2026-07-23T02:02:25.870Z,usb,1,3612849267,221454,56692224,256,8000,31.690
2026-07-23T02:02:25.901Z,usb,1,3612849267,221455,56692480,256,8000,31.690
2026-07-23T02:02:25.933Z,usb,1,3612849267,221456,56692736,256,8000,31.690
2026-07-23T02:02:25.966Z,usb,1,3612849267,221457,56692992,256,8000,31.690
2026-07-23T02:02:25.997Z,usb,1,3612849267,221458,56693248,256,8000,31.690
2026-07-23T02:02:26.029Z,usb,1,3612849267,221459,56693504,256,8000,31.690
2026-07-23T02:02:26.062Z,usb,1,3612849267,221460,56693760,256,8000,31.690
2026-07-23T02:02:26.093Z,usb,1,3612849267,221461,56694016,256,8000,31.690
2026-07-23T02:02:26.125Z,usb,1,3612849267,221462,56694272,256,8000,31.690
2026-07-23T02:02:26.158Z,usb,1,3612849267,221463,56694528,256,8000,31.690
2026-07-23T02:02:26.189Z,usb,1,3612849267,221464,56694784,256,8000,31.690
2026-07-23T02:02:26.221Z,usb,1,3612849267,221465,56695040,256,8000,31.690
2026-07-23T02:02:26.254Z,usb,1,3612849267,221466,56695296,256,8000,31.690
2026-07-23T02:02:26.285Z,usb,1,3612849267,221467,56695552,256,8000,31.690
2026-07-23T02:02:26.317Z,usb,1,3612849267,221468,56695808,256,8000,31.690
2026-07-23T02:02:26.349Z,usb,1,3612849267,221469,56696064,256,8000,31.690
2026-07-23T02:02:26.382Z,usb,1,3612849267,221470,56696320,256,8000,31.690
2026-07-23T02:02:26.413Z,usb,1,3612849267,221471,56696576,256,8000,31.690
2026-07-23T02:02:26.445Z,usb,1,3612849267,221472,56696832,256,8000,31.690
2026-07-23T02:02:26.478Z,usb,1,3612849267,221473,56697088,256,8000,31.690
2026-07-23T02:02:26.509Z,usb,1,3612849267,221474,56697344,256,8000,31.690
2026-07-23T02:02:26.541Z,usb,1,3612849267,221475,56697600,256,8000,31.690
2026-07-23T02:02:26.574Z,usb,1,3612849267,221476,56697856,256,8000,31.690
2026-07-23T02:02:26.605Z,usb,1,3612849267,221477,56698112,256,8000,31.690
2026-07-23T02:02:26.637Z,usb,1,3612849267,221478,56698368,256,8000,31.690
2026-07-23T02:02:26.669Z,usb,1,3612849267,221479,56698624,256,8000,31.690
2026-07-23T02:02:26.701Z,usb,1,3612849267,221480,56698880,256,8000,31.690
2026-07-23T02:02:26.733Z,usb,1,3612849267,221481,56699136,256,8000,31.690
2026-07-23T02:02:26.765Z,usb,1,3612849267,221482,56699392,256,8000,31.690
2026-07-23T02:02:26.797Z,usb,1,3612849267,221483,56699648,256,8000,31.690
2026-07-23T02:02:26.829Z,usb,1,3612849267,221484,56699904,256,8000,31.690
2026-07-23T02:02:26.862Z,usb,1,3612849267,221485,56700160,256,8000,31.690
2026-07-23T02:02:26.893Z,usb,1,3612849267,221486,56700416,256,8000,31.690
2026-07-23T02:02:26.925Z,usb,1,3612849267,221487,56700672,256,8000,31.690
2026-07-23T02:02:26.957Z,usb,1,3612849267,221488,56700928,256,8000,31.690
2026-07-23T02:02:26.989Z,usb,1,3612849267,221489,56701184,256,8000,31.690
2026-07-23T02:02:27.021Z,usb,1,3612849267,221490,56701440,256,8000,31.690
2026-07-23T02:02:27.053Z,usb,1,3612849267,221491,56701696,256,8000,31.690
2026-07-23T02:02:27.085Z,usb,1,3612849267,221492,56701952,256,8000,31.690
2026-07-23T02:02:27.117Z,usb,1,3612849267,221493,56702208,256,8000,31.690
2026-07-23T02:02:27.150Z,usb,1,3612849267,221494,56702464,256,8000,31.690
2026-07-23T02:02:27.182Z,usb,1,3612849267,221495,56702720,256,8000,31.690
2026-07-23T02:02:27.213Z,usb,1,3612849267,221496,56702976,256,8000,31.690
2026-07-23T02:02:27.245Z,usb,1,3612849267,221497,56703232,256,8000,31.690
2026-07-23T02:02:27.277Z,usb,1,3612849267,221498,56703488,256,8000,31.690
2026-07-23T02:02:27.309Z,usb,1,3612849267,221499,56703744,256,8000,31.690
2026-07-23T02:02:27.341Z,usb,1,3612849267,221500,56704000,256,8000,31.690
2026-07-23T02:02:27.373Z,usb,1,3612849267,221501,56704256,256,8000,31.690
2026-07-23T02:02:27.406Z,usb,1,3612849267,221502,56704512,256,8000,31.690
2026-07-23T02:02:27.437Z,usb,1,3612849267,221503,56704768,256,8000,31.690
2026-07-23T02:02:27.469Z,usb,1,3612849267,221504,56705024,256,8000,31.690
2026-07-23T02:02:27.502Z,usb,1,3612849267,221505,56705280,256,8000,31.690
2026-07-23T02:02:27.534Z,usb,1,3612849267,221506,56705536,256,8000,31.690
2026-07-23T02:02:27.565Z,usb,1,3612849267,221507,56705792,256,8000,31.690
2026-07-23T02:02:27.598Z,usb,1,3612849267,221508,56706048,256,8000,31.690
2026-07-23T02:02:27.630Z,usb,1,3612849267,221509,56706304,256,8000,31.690
2026-07-23T02:02:27.661Z,usb,1,3612849267,221510,56706560,256,8000,31.690
2026-07-23T02:02:27.693Z,usb,1,3612849267,221511,56706816,256,8000,31.690
2026-07-23T02:02:27.725Z,usb,1,3612849267,221512,56707072,256,8000,31.690
2026-07-23T02:02:27.757Z,usb,1,3612849267,221513,56707328,256,8000,31.690
2026-07-23T02:02:27.789Z,usb,1,3612849267,221514,56707584,256,8000,31.690
2026-07-23T02:02:27.821Z,usb,1,3612849267,221515,56707840,256,8000,31.690
2026-07-23T02:02:27.854Z,usb,1,3612849267,221516,56708096,256,8000,31.690
2026-07-23T02:02:27.887Z,usb,1,3612849267,221517,56708352,256,8000,31.690
2026-07-23T02:02:27.917Z,usb,1,3612849267,221518,56708608,256,8000,31.690
2026-07-23T02:02:27.949Z,usb,1,3612849267,221519,56708864,256,8000,31.690
2026-07-23T02:02:27.981Z,usb,1,3612849267,221520,56709120,256,8000,31.690
2026-07-23T02:02:28.013Z,usb,1,3612849267,221521,56709376,256,8000,31.690
2026-07-23T02:02:28.045Z,usb,1,3612849267,221522,56709632,256,8000,31.690
2026-07-23T02:02:28.078Z,usb,1,3612849267,221523,56709888,256,8000,31.690
2026-07-23T02:02:28.110Z,usb,1,3612849267,221524,56710144,256,8000,31.690
2026-07-23T02:02:28.141Z,usb,1,3612849267,221525,56710400,256,8000,31.690
2026-07-23T02:02:28.174Z,usb,1,3612849267,221526,56710656,256,8000,31.690
2026-07-23T02:02:28.205Z,usb,1,3612849267,221527,56710912,256,8000,31.690
2026-07-23T02:02:28.238Z,usb,1,3612849267,221528,56711168,256,8000,31.690
2026-07-23T02:02:28.270Z,usb,1,3612849267,221529,56711424,256,8000,31.690
2026-07-23T02:02:28.301Z,usb,1,3612849267,221530,56711680,256,8000,31.690
2026-07-23T02:02:28.333Z,usb,1,3612849267,221531,56711936,256,8000,31.690
2026-07-23T02:02:28.366Z,usb,1,3612849267,221532,56712192,256,8000,31.690
2026-07-23T02:02:28.397Z,usb,1,3612849267,221533,56712448,256,8000,31.690
2026-07-23T02:02:28.430Z,usb,1,3612849267,221534,56712704,256,8000,31.690
2026-07-23T02:02:28.462Z,usb,1,3612849267,221535,56712960,256,8000,31.690
2026-07-23T02:02:28.493Z,usb,1,3612849267,221536,56713216,256,8000,31.690
2026-07-23T02:02:28.525Z,usb,1,3612849267,221537,56713472,256,8000,31.690
2026-07-23T02:02:28.558Z,usb,1,3612849267,221538,56713728,256,8000,31.690
2026-07-23T02:02:28.590Z,usb,1,3612849267,221539,56713984,256,8000,31.690
2026-07-23T02:02:28.622Z,usb,1,3612849267,221540,56714240,256,8000,31.680
2026-07-23T02:02:28.653Z,usb,1,3612849267,221541,56714496,256,8000,31.680
2026-07-23T02:02:28.685Z,usb,1,3612849267,221542,56714752,256,8000,31.680
2026-07-23T02:02:28.717Z,usb,1,3612849267,221543,56715008,256,8000,31.680
2026-07-23T02:02:28.750Z,usb,1,3612849267,221544,56715264,256,8000,31.680
2026-07-23T02:02:28.781Z,usb,1,3612849267,221545,56715520,256,8000,31.680
2026-07-23T02:02:28.813Z,usb,1,3612849267,221546,56715776,256,8000,31.680
2026-07-23T02:02:28.845Z,usb,1,3612849267,221547,56716032,256,8000,31.680
2026-07-23T02:02:28.877Z,usb,1,3612849267,221548,56716288,256,8000,31.680
2026-07-23T02:02:28.909Z,usb,1,3612849267,221549,56716544,256,8000,31.680
2026-07-23T02:02:28.941Z,usb,1,3612849267,221550,56716800,256,8000,31.680
2026-07-23T02:02:28.974Z,usb,1,3612849267,221551,56717056,256,8000,31.680
2026-07-23T02:02:29.005Z,usb,1,3612849267,221552,56717312,256,8000,31.680
2026-07-23T02:02:29.037Z,usb,1,3612849267,221553,56717568,256,8000,31.680
2026-07-23T02:02:29.069Z,usb,1,3612849267,221554,56717824,256,8000,31.680
2026-07-23T02:02:29.101Z,usb,1,3612849267,221555,56718080,256,8000,31.680
2026-07-23T02:02:29.133Z,usb,1,3612849267,221556,56718336,256,8000,31.680
2026-07-23T02:02:29.165Z,usb,1,3612849267,221557,56718592,256,8000,31.680
2026-07-23T02:02:29.197Z,usb,1,3612849267,221558,56718848,256,8000,31.680
2026-07-23T02:02:29.229Z,usb,1,3612849267,221559,56719104,256,8000,31.680
2026-07-23T02:02:29.262Z,usb,1,3612849267,221560,56719360,256,8000,31.680
2026-07-23T02:02:29.293Z,usb,1,3612849267,221561,56719616,256,8000,31.680
2026-07-23T02:02:29.325Z,usb,1,3612849267,221562,56719872,256,8000,31.680
2026-07-23T02:02:29.357Z,usb,1,3612849267,221563,56720128,256,8000,31.680
2026-07-23T02:02:29.389Z,usb,1,3612849267,221564,56720384,256,8000,31.680
2026-07-23T02:02:29.421Z,usb,1,3612849267,221565,56720640,256,8000,31.680
2026-07-23T02:02:29.453Z,usb,1,3612849267,221566,56720896,256,8000,31.680
2026-07-23T02:02:29.485Z,usb,1,3612849267,221567,56721152,256,8000,31.680
2026-07-23T02:02:29.517Z,usb,1,3612849267,221568,56721408,256,8000,31.680
2026-07-23T02:02:29.549Z,usb,1,3612849267,221569,56721664,256,8000,31.680
2026-07-23T02:02:29.582Z,usb,1,3612849267,221570,56721920,256,8000,31.680
2026-07-23T02:02:29.613Z,usb,1,3612849267,221571,56722176,256,8000,31.680
2026-07-23T02:02:29.646Z,usb,1,3612849267,221572,56722432,256,8000,31.690
2026-07-23T02:02:29.678Z,usb,1,3612849267,221573,56722688,256,8000,31.690
2026-07-23T02:02:29.709Z,usb,1,3612849267,221574,56722944,256,8000,31.690
2026-07-23T02:02:29.741Z,usb,1,3612849267,221575,56723200,256,8000,31.690
2026-07-23T02:02:29.774Z,usb,1,3612849267,221576,56723456,256,8000,31.690
2026-07-23T02:02:29.805Z,usb,1,3612849267,221577,56723712,256,8000,31.690
2026-07-23T02:02:29.837Z,usb,1,3612849267,221578,56723968,256,8000,31.690
2026-07-23T02:02:29.870Z,usb,1,3612849267,221579,56724224,256,8000,31.690
2026-07-23T02:02:29.901Z,usb,1,3612849267,221580,56724480,256,8000,31.690
2026-07-23T02:02:29.933Z,usb,1,3612849267,221581,56724736,256,8000,31.690
2026-07-23T02:02:29.965Z,usb,1,3612849267,221582,56724992,256,8000,31.690
2026-07-23T02:02:29.997Z,usb,1,3612849267,221583,56725248,256,8000,31.690
2026-07-23T02:02:30.029Z,usb,1,3612849267,221584,56725504,256,8000,31.690
2026-07-23T02:02:30.061Z,usb,1,3612849267,221585,56725760,256,8000,31.690
2026-07-23T02:02:30.093Z,usb,1,3612849267,221586,56726016,256,8000,31.690
2026-07-23T02:02:30.125Z,usb,1,3612849267,221587,56726272,256,8000,31.690
2026-07-23T02:02:30.157Z,usb,1,3612849267,221588,56726528,256,8000,31.690
2026-07-23T02:02:30.189Z,usb,1,3612849267,221589,56726784,256,8000,31.690
2026-07-23T02:02:30.221Z,usb,1,3612849267,221590,56727040,256,8000,31.690
2026-07-23T02:02:30.253Z,usb,1,3612849267,221591,56727296,256,8000,31.690
2026-07-23T02:02:30.286Z,usb,1,3612849267,221592,56727552,256,8000,31.690
2026-07-23T02:02:30.317Z,usb,1,3612849267,221593,56727808,256,8000,31.690
2026-07-23T02:02:30.349Z,usb,1,3612849267,221594,56728064,256,8000,31.690
2026-07-23T02:02:30.382Z,usb,1,3612849267,221595,56728320,256,8000,31.690
2026-07-23T02:02:30.413Z,usb,1,3612849267,221596,56728576,256,8000,31.690
2026-07-23T02:02:30.445Z,usb,1,3612849267,221597,56728832,256,8000,31.690
2026-07-23T02:02:30.477Z,usb,1,3612849267,221598,56729088,256,8000,31.690
2026-07-23T02:02:30.509Z,usb,1,3612849267,221599,56729344,256,8000,31.690
2026-07-23T02:02:30.541Z,usb,1,3612849267,221600,56729600,256,8000,31.690
2026-07-23T02:02:30.574Z,usb,1,3612849267,221601,56729856,256,8000,31.690
2026-07-23T02:02:30.605Z,usb,1,3612849267,221602,56730112,256,8000,31.690
2026-07-23T02:02:30.637Z,usb,1,3612849267,221603,56730368,256,8000,31.690
2026-07-23T02:02:30.670Z,usb,1,3612849267,221604,56730624,256,8000,31.690
2026-07-23T02:02:30.702Z,usb,1,3612849267,221605,56730880,256,8000,31.690
2026-07-23T02:02:30.733Z,usb,1,3612849267,221606,56731136,256,8000,31.690
2026-07-23T02:02:30.765Z,usb,1,3612849267,221607,56731392,256,8000,31.690
2026-07-23T02:02:30.798Z,usb,1,3612849267,221608,56731648,256,8000,31.690
2026-07-23T02:02:30.829Z,usb,1,3612849267,221609,56731904,256,8000,31.690
2026-07-23T02:02:30.861Z,usb,1,3612849267,221610,56732160,256,8000,31.690
2026-07-23T02:02:30.893Z,usb,1,3612849267,221611,56732416,256,8000,31.690
2026-07-23T02:02:30.925Z,usb,1,3612849267,221612,56732672,256,8000,31.690
2026-07-23T02:02:30.957Z,usb,1,3612849267,221613,56732928,256,8000,31.690
2026-07-23T02:02:30.989Z,usb,1,3612849267,221614,56733184,256,8000,31.690
2026-07-23T02:02:31.021Z,usb,1,3612849267,221615,56733440,256,8000,31.690
2026-07-23T02:02:31.053Z,usb,1,3612849267,221616,56733696,256,8000,31.690
2026-07-23T02:02:31.086Z,usb,1,3612849267,221617,56733952,256,8000,31.690
2026-07-23T02:02:31.117Z,usb,1,3612849267,221618,56734208,256,8000,31.690
2026-07-23T02:02:31.149Z,usb,1,3612849267,221619,56734464,256,8000,31.690
2026-07-23T02:02:31.182Z,usb,1,3612849267,221620,56734720,256,8000,31.690
2026-07-23T02:02:31.214Z,usb,1,3612849267,221621,56734976,256,8000,31.690
2026-07-23T02:02:31.246Z,usb,1,3612849267,221622,56735232,256,8000,31.690
2026-07-23T02:02:31.278Z,usb,1,3612849267,221623,56735488,256,8000,31.690
2026-07-23T02:02:31.309Z,usb,1,3612849267,221624,56735744,256,8000,31.690
2026-07-23T02:02:31.341Z,usb,1,3612849267,221625,56736000,256,8000,31.690
2026-07-23T02:02:31.373Z,usb,1,3612849267,221626,56736256,256,8000,31.690
2026-07-23T02:02:31.406Z,usb,1,3612849267,221627,56736512,256,8000,31.690
2026-07-23T02:02:31.437Z,usb,1,3612849267,221628,56736768,256,8000,31.690
2026-07-23T02:02:31.469Z,usb,1,3612849267,221629,56737024,256,8000,31.690
2026-07-23T02:02:31.501Z,usb,1,3612849267,221630,56737280,256,8000,31.690
2026-07-23T02:02:31.533Z,usb,1,3612849267,221631,56737536,256,8000,31.690
2026-07-23T02:02:31.565Z,usb,1,3612849267,221632,56737792,256,8000,31.690
2026-07-23T02:02:31.597Z,usb,1,3612849267,221633,56738048,256,8000,31.690
2026-07-23T02:02:31.629Z,usb,1,3612849267,221634,56738304,256,8000,31.690
2026-07-23T02:02:31.662Z,usb,1,3612849267,221635,56738560,256,8000,31.690
2026-07-23T02:02:31.694Z,usb,1,3612849267,221636,56738816,256,8000,31.690
2026-07-23T02:02:31.726Z,usb,1,3612849267,221637,56739072,256,8000,31.690
2026-07-23T02:02:31.757Z,usb,1,3612849267,221638,56739328,256,8000,31.690
2026-07-23T02:02:31.790Z,usb,1,3612849267,221639,56739584,256,8000,31.690
2026-07-23T02:02:31.821Z,usb,1,3612849267,221640,56739840,256,8000,31.690
2026-07-23T02:02:31.854Z,usb,1,3612849267,221641,56740096,256,8000,31.690
2026-07-23T02:02:31.886Z,usb,1,3612849267,221642,56740352,256,8000,31.690
2026-07-23T02:02:31.918Z,usb,1,3612849267,221643,56740608,256,8000,31.690
2026-07-23T02:02:31.949Z,usb,1,3612849267,221644,56740864,256,8000,31.690
2026-07-23T02:02:31.981Z,usb,1,3612849267,221645,56741120,256,8000,31.690
2026-07-23T02:02:32.014Z,usb,1,3612849267,221646,56741376,256,8000,31.690
2026-07-23T02:02:32.045Z,usb,1,3612849267,221647,56741632,256,8000,31.690
2026-07-23T02:02:32.077Z,usb,1,3612849267,221648,56741888,256,8000,31.690
2026-07-23T02:02:32.109Z,usb,1,3612849267,221649,56742144,256,8000,31.690
2026-07-23T02:02:32.142Z,usb,1,3612849267,221650,56742400,256,8000,31.690
2026-07-23T02:02:32.174Z,usb,1,3612849267,221651,56742656,256,8000,31.690
2026-07-23T02:02:32.206Z,usb,1,3612849267,221652,56742912,256,8000,31.690
2026-07-23T02:02:32.237Z,usb,1,3612849267,221653,56743168,256,8000,31.690
2026-07-23T02:02:32.270Z,usb,1,3612849267,221654,56743424,256,8000,31.690
2026-07-23T02:02:32.301Z,usb,1,3612849267,221655,56743680,256,8000,31.690
2026-07-23T02:02:32.333Z,usb,1,3612849267,221656,56743936,256,8000,31.690
2026-07-23T02:02:32.365Z,usb,1,3612849267,221657,56744192,256,8000,31.690
2026-07-23T02:02:32.398Z,usb,1,3612849267,221658,56744448,256,8000,31.690
2026-07-23T02:02:32.430Z,usb,1,3612849267,221659,56744704,256,8000,31.690
2026-07-23T02:02:32.461Z,usb,1,3612849267,221660,56744960,256,8000,31.690
2026-07-23T02:02:32.494Z,usb,1,3612849267,221661,56745216,256,8000,31.690
2026-07-23T02:02:32.526Z,usb,1,3612849267,221662,56745472,256,8000,31.690
2026-07-23T02:02:32.557Z,usb,1,3612849267,221663,56745728,256,8000,31.690
2026-07-23T02:02:32.590Z,usb,1,3612849267,221664,56745984,256,8000,31.690
2026-07-23T02:02:32.621Z,usb,1,3612849267,221665,56746240,256,8000,31.690
2026-07-23T02:02:32.653Z,usb,1,3612849267,221666,56746496,256,8000,31.690
2026-07-23T02:02:32.685Z,usb,1,3612849267,221667,56746752,256,8000,31.690
2026-07-23T02:02:32.718Z,usb,1,3612849267,221668,56747008,256,8000,31.700
2026-07-23T02:02:32.750Z,usb,1,3612849267,221669,56747264,256,8000,31.700
2026-07-23T02:02:32.782Z,usb,1,3612849267,221670,56747520,256,8000,31.700
2026-07-23T02:02:32.813Z,usb,1,3612849267,221671,56747776,256,8000,31.700
2026-07-23T02:02:32.845Z,usb,1,3612849267,221672,56748032,256,8000,31.700
2026-07-23T02:02:32.877Z,usb,1,3612849267,221673,56748288,256,8000,31.700
2026-07-23T02:02:32.909Z,usb,1,3612849267,221674,56748544,256,8000,31.700
2026-07-23T02:02:32.941Z,usb,1,3612849267,221675,56748800,256,8000,31.700
2026-07-23T02:02:32.973Z,usb,1,3612849267,221676,56749056,256,8000,31.700
2026-07-23T02:02:33.005Z,usb,1,3612849267,221677,56749312,256,8000,31.700
2026-07-23T02:02:33.037Z,usb,1,3612849267,221678,56749568,256,8000,31.700
2026-07-23T02:02:33.069Z,usb,1,3612849267,221679,56749824,256,8000,31.700
2026-07-23T02:02:33.102Z,usb,1,3612849267,221680,56750080,256,8000,31.700
2026-07-23T02:02:33.133Z,usb,1,3612849267,221681,56750336,256,8000,31.700
2026-07-23T02:02:33.166Z,usb,1,3612849267,221682,56750592,256,8000,31.700
2026-07-23T02:02:33.197Z,usb,1,3612849267,221683,56750848,256,8000,31.700
2026-07-23T02:02:33.230Z,usb,1,3612849267,221684,56751104,256,8000,31.700
2026-07-23T02:02:33.262Z,usb,1,3612849267,221685,56751360,256,8000,31.700
2026-07-23T02:02:33.294Z,usb,1,3612849267,221686,56751616,256,8000,31.700
2026-07-23T02:02:33.326Z,usb,1,3612849267,221687,56751872,256,8000,31.700
2026-07-23T02:02:33.357Z,usb,1,3612849267,221688,56752128,256,8000,31.700
2026-07-23T02:02:33.389Z,usb,1,3612849267,221689,56752384,256,8000,31.700
2026-07-23T02:02:33.421Z,usb,1,3612849267,221690,56752640,256,8000,31.700
2026-07-23T02:02:33.453Z,usb,1,3612849267,221691,56752896,256,8000,31.700
2026-07-23T02:02:33.485Z,usb,1,3612849267,221692,56753152,256,8000,31.700
2026-07-23T02:02:33.517Z,usb,1,3612849267,221693,56753408,256,8000,31.700
2026-07-23T02:02:33.549Z,usb,1,3612849267,221694,56753664,256,8000,31.700
2026-07-23T02:02:33.581Z,usb,1,3612849267,221695,56753920,256,8000,31.700
2026-07-23T02:02:33.613Z,usb,1,3612849267,221696,56754176,256,8000,31.700
2026-07-23T02:02:33.645Z,usb,1,3612849267,221697,56754432,256,8000,31.700
2026-07-23T02:02:33.677Z,usb,1,3612849267,221698,56754688,256,8000,31.700
2026-07-23T02:02:33.709Z,usb,1,3612849267,221699,56754944,256,8000,31.700
2026-07-23T02:02:33.742Z,usb,1,3612849267,221700,56755200,256,8000,31.690
2026-07-23T02:02:33.773Z,usb,1,3612849267,221701,56755456,256,8000,31.690
2026-07-23T02:02:33.805Z,usb,1,3612849267,221702,56755712,256,8000,31.690
2026-07-23T02:02:33.837Z,usb,1,3612849267,221703,56755968,256,8000,31.690
2026-07-23T02:02:33.869Z,usb,1,3612849267,221704,56756224,256,8000,31.690
2026-07-23T02:02:33.901Z,usb,1,3612849267,221705,56756480,256,8000,31.690
2026-07-23T02:02:33.933Z,usb,1,3612849267,221706,56756736,256,8000,31.690
2026-07-23T02:02:33.965Z,usb,1,3612849267,221707,56756992,256,8000,31.690
2026-07-23T02:02:33.998Z,usb,1,3612849267,221708,56757248,256,8000,31.690
2026-07-23T02:02:34.029Z,usb,1,3612849267,221709,56757504,256,8000,31.690
2026-07-23T02:02:34.061Z,usb,1,3612849267,221710,56757760,256,8000,31.690
2026-07-23T02:02:34.093Z,usb,1,3612849267,221711,56758016,256,8000,31.690
2026-07-23T02:02:34.125Z,usb,1,3612849267,221712,56758272,256,8000,31.690
2026-07-23T02:02:34.158Z,usb,1,3612849267,221713,56758528,256,8000,31.690
2026-07-23T02:02:34.189Z,usb,1,3612849267,221714,56758784,256,8000,31.690
2026-07-23T02:02:34.221Z,usb,1,3612849267,221715,56759040,256,8000,31.690
2026-07-23T02:02:34.254Z,usb,1,3612849267,221716,56759296,256,8000,31.690
2026-07-23T02:02:34.285Z,usb,1,3612849267,221717,56759552,256,8000,31.690
2026-07-23T02:02:34.317Z,usb,1,3612849267,221718,56759808,256,8000,31.690
2026-07-23T02:02:34.349Z,usb,1,3612849267,221719,56760064,256,8000,31.690
2026-07-23T02:02:34.381Z,usb,1,3612849267,221720,56760320,256,8000,31.690
2026-07-23T02:02:34.413Z,usb,1,3612849267,221721,56760576,256,8000,31.690
2026-07-23T02:02:34.445Z,usb,1,3612849267,221722,56760832,256,8000,31.690
2026-07-23T02:02:34.477Z,usb,1,3612849267,221723,56761088,256,8000,31.690
2026-07-23T02:02:34.509Z,usb,1,3612849267,221724,56761344,256,8000,31.690
2026-07-23T02:02:34.541Z,usb,1,3612849267,221725,56761600,256,8000,31.690
2026-07-23T02:02:34.573Z,usb,1,3612849267,221726,56761856,256,8000,31.690
2026-07-23T02:02:34.605Z,usb,1,3612849267,221727,56762112,256,8000,31.690
2026-07-23T02:02:34.637Z,usb,1,3612849267,221728,56762368,256,8000,31.690
2026-07-23T02:02:34.672Z,usb,1,3612849267,221729,56762624,256,8000,31.690
2026-07-23T02:02:34.701Z,usb,1,3612849267,221730,56762880,256,8000,31.690
2026-07-23T02:02:34.733Z,usb,1,3612849267,221731,56763136,256,8000,31.690
2026-07-23T02:02:34.766Z,usb,1,3612849267,221732,56763392,256,8000,31.690
2026-07-23T02:02:34.797Z,usb,1,3612849267,221733,56763648,256,8000,31.690
2026-07-23T02:02:34.829Z,usb,1,3612849267,221734,56763904,256,8000,31.690
2026-07-23T02:02:34.861Z,usb,1,3612849267,221735,56764160,256,8000,31.690
2026-07-23T02:02:34.893Z,usb,1,3612849267,221736,56764416,256,8000,31.690
2026-07-23T02:02:34.925Z,usb,1,3612849267,221737,56764672,256,8000,31.690
2026-07-23T02:02:34.957Z,usb,1,3612849267,221738,56764928,256,8000,31.690
2026-07-23T02:02:34.989Z,usb,1,3612849267,221739,56765184,256,8000,31.690
2026-07-23T02:02:35.021Z,usb,1,3612849267,221740,56765440,256,8000,31.690
2026-07-23T02:02:35.053Z,usb,1,3612849267,221741,56765696,256,8000,31.690
2026-07-23T02:02:35.085Z,usb,1,3612849267,221742,56765952,256,8000,31.690
2026-07-23T02:02:35.117Z,usb,1,3612849267,221743,56766208,256,8000,31.690
2026-07-23T02:02:35.150Z,usb,1,3612849267,221744,56766464,256,8000,31.690
2026-07-23T02:02:35.182Z,usb,1,3612849267,221745,56766720,256,8000,31.690
2026-07-23T02:02:35.213Z,usb,1,3612849267,221746,56766976,256,8000,31.690
2026-07-23T02:02:35.246Z,usb,1,3612849267,221747,56767232,256,8000,31.690
2026-07-23T02:02:35.277Z,usb,1,3612849267,221748,56767488,256,8000,31.690
2026-07-23T02:02:35.309Z,usb,1,3612849267,221749,56767744,256,8000,31.690
2026-07-23T02:02:35.341Z,usb,1,3612849267,221750,56768000,256,8000,31.690
2026-07-23T02:02:35.373Z,usb,1,3612849267,221751,56768256,256,8000,31.690
2026-07-23T02:02:35.405Z,usb,1,3612849267,221752,56768512,256,8000,31.690
2026-07-23T02:02:35.437Z,usb,1,3612849267,221753,56768768,256,8000,31.690
2026-07-23T02:02:35.469Z,usb,1,3612849267,221754,56769024,256,8000,31.690
2026-07-23T02:02:35.501Z,usb,1,3612849267,221755,56769280,256,8000,31.690
2026-07-23T02:02:35.533Z,usb,1,3612849267,221756,56769536,256,8000,31.690
2026-07-23T02:02:35.566Z,usb,1,3612849267,221757,56769792,256,8000,31.690
2026-07-23T02:02:35.598Z,usb,1,3612849267,221758,56770048,256,8000,31.690
2026-07-23T02:02:35.629Z,usb,1,3612849267,221759,56770304,256,8000,31.690
2026-07-23T02:02:35.662Z,usb,1,3612849267,221760,56770560,256,8000,31.690
2026-07-23T02:02:35.693Z,usb,1,3612849267,221761,56770816,256,8000,31.690
2026-07-23T02:02:35.726Z,usb,1,3612849267,221762,56771072,256,8000,31.690
2026-07-23T02:02:35.758Z,usb,1,3612849267,221763,56771328,256,8000,31.690
2026-07-23T02:02:35.790Z,usb,1,3612849267,221764,56771584,256,8000,31.690
2026-07-23T02:02:35.821Z,usb,1,3612849267,221765,56771840,256,8000,31.690
2026-07-23T02:02:35.854Z,usb,1,3612849267,221766,56772096,256,8000,31.690
2026-07-23T02:02:35.886Z,usb,1,3612849267,221767,56772352,256,8000,31.690
2026-07-23T02:02:35.917Z,usb,1,3612849267,221768,56772608,256,8000,31.690
2026-07-23T02:02:35.950Z,usb,1,3612849267,221769,56772864,256,8000,31.690
2026-07-23T02:02:35.981Z,usb,1,3612849267,221770,56773120,256,8000,31.690
2026-07-23T02:02:36.014Z,usb,1,3612849267,221771,56773376,256,8000,31.690
2026-07-23T02:02:36.045Z,usb,1,3612849267,221772,56773632,256,8000,31.690
2026-07-23T02:02:36.078Z,usb,1,3612849267,221773,56773888,256,8000,31.690
2026-07-23T02:02:36.109Z,usb,1,3612849267,221774,56774144,256,8000,31.690
2026-07-23T02:02:36.141Z,usb,1,3612849267,221775,56774400,256,8000,31.690
2026-07-23T02:02:36.173Z,usb,1,3612849267,221776,56774656,256,8000,31.690
2026-07-23T02:02:36.205Z,usb,1,3612849267,221777,56774912,256,8000,31.690
2026-07-23T02:02:36.238Z,usb,1,3612849267,221778,56775168,256,8000,31.690
2026-07-23T02:02:36.270Z,usb,1,3612849267,221779,56775424,256,8000,31.690
2026-07-23T02:02:36.302Z,usb,1,3612849267,221780,56775680,256,8000,31.690
2026-07-23T02:02:36.333Z,usb,1,3612849267,221781,56775936,256,8000,31.690
2026-07-23T02:02:36.366Z,usb,1,3612849267,221782,56776192,256,8000,31.690
2026-07-23T02:02:36.397Z,usb,1,3612849267,221783,56776448,256,8000,31.690
2026-07-23T02:02:36.430Z,usb,1,3612849267,221784,56776704,256,8000,31.690
2026-07-23T02:02:36.462Z,usb,1,3612849267,221785,56776960,256,8000,31.690
2026-07-23T02:02:36.493Z,usb,1,3612849267,221786,56777216,256,8000,31.690
2026-07-23T02:02:36.525Z,usb,1,3612849267,221787,56777472,256,8000,31.690
2026-07-23T02:02:36.557Z,usb,1,3612849267,221788,56777728,256,8000,31.690
2026-07-23T02:02:36.590Z,usb,1,3612849267,221789,56777984,256,8000,31.690
2026-07-23T02:02:36.621Z,usb,1,3612849267,221790,56778240,256,8000,31.690
2026-07-23T02:02:36.653Z,usb,1,3612849267,221791,56778496,256,8000,31.690
2026-07-23T02:02:36.685Z,usb,1,3612849267,221792,56778752,256,8000,31.690
2026-07-23T02:02:36.717Z,usb,1,3612849267,221793,56779008,256,8000,31.690
2026-07-23T02:02:36.749Z,usb,1,3612849267,221794,56779264,256,8000,31.690
2026-07-23T02:02:36.781Z,usb,1,3612849267,221795,56779520,256,8000,31.690
2026-07-23T02:02:36.814Z,usb,1,3612849267,221796,56779776,256,8000,31.690
2026-07-23T02:02:36.845Z,usb,1,3612849267,221797,56780032,256,8000,31.690
2026-07-23T02:02:36.877Z,usb,1,3612849267,221798,56780288,256,8000,31.690
2026-07-23T02:02:36.909Z,usb,1,3612849267,221799,56780544,256,8000,31.690
2026-07-23T02:02:36.941Z,usb,1,3612849267,221800,56780800,256,8000,31.690
2026-07-23T02:02:36.973Z,usb,1,3612849267,221801,56781056,256,8000,31.690
2026-07-23T02:02:37.006Z,usb,1,3612849267,221802,56781312,256,8000,31.690
2026-07-23T02:02:37.037Z,usb,1,3612849267,221803,56781568,256,8000,31.690
2026-07-23T02:02:37.069Z,usb,1,3612849267,221804,56781824,256,8000,31.690
2026-07-23T02:02:37.102Z,usb,1,3612849267,221805,56782080,256,8000,31.690
2026-07-23T02:02:37.133Z,usb,1,3612849267,221806,56782336,256,8000,31.690
2026-07-23T02:02:37.165Z,usb,1,3612849267,221807,56782592,256,8000,31.690
2026-07-23T02:02:37.198Z,usb,1,3612849267,221808,56782848,256,8000,31.690
2026-07-23T02:02:37.229Z,usb,1,3612849267,221809,56783104,256,8000,31.690
2026-07-23T02:02:37.262Z,usb,1,3612849267,221810,56783360,256,8000,31.690
2026-07-23T02:02:37.293Z,usb,1,3612849267,221811,56783616,256,8000,31.690
2026-07-23T02:02:37.325Z,usb,1,3612849267,221812,56783872,256,8000,31.690
2026-07-23T02:02:37.357Z,usb,1,3612849267,221813,56784128,256,8000,31.690
2026-07-23T02:02:37.389Z,usb,1,3612849267,221814,56784384,256,8000,31.690
2026-07-23T02:02:37.421Z,usb,1,3612849267,221815,56784640,256,8000,31.690
2026-07-23T02:02:37.453Z,usb,1,3612849267,221816,56784896,256,8000,31.690
2026-07-23T02:02:37.485Z,usb,1,3612849267,221817,56785152,256,8000,31.690
2026-07-23T02:02:37.517Z,usb,1,3612849267,221818,56785408,256,8000,31.690
2026-07-23T02:02:37.549Z,usb,1,3612849267,221819,56785664,256,8000,31.690
2026-07-23T02:02:37.581Z,usb,1,3612849267,221820,56785920,256,8000,31.690
2026-07-23T02:02:37.613Z,usb,1,3612849267,221821,56786176,256,8000,31.690
2026-07-23T02:02:37.645Z,usb,1,3612849267,221822,56786432,256,8000,31.690
2026-07-23T02:02:37.677Z,usb,1,3612849267,221823,56786688,256,8000,31.690
2026-07-23T02:02:37.710Z,usb,1,3612849267,221824,56786944,256,8000,31.690
2026-07-23T02:02:37.742Z,usb,1,3612849267,221825,56787200,256,8000,31.690
2026-07-23T02:02:37.774Z,usb,1,3612849267,221826,56787456,256,8000,31.690
2026-07-23T02:02:37.805Z,usb,1,3612849267,221827,56787712,256,8000,31.690
2026-07-23T02:02:37.838Z,usb,1,3612849267,221828,56787968,256,8000,31.680
2026-07-23T02:02:37.869Z,usb,1,3612849267,221829,56788224,256,8000,31.680
2026-07-23T02:02:37.901Z,usb,1,3612849267,221830,56788480,256,8000,31.680
2026-07-23T02:02:37.934Z,usb,1,3612849267,221831,56788736,256,8000,31.680
2026-07-23T02:02:37.965Z,usb,1,3612849267,221832,56788992,256,8000,31.680
2026-07-23T02:02:37.997Z,usb,1,3612849267,221833,56789248,256,8000,31.680
2026-07-23T02:02:38.029Z,usb,1,3612849267,221834,56789504,256,8000,31.680
2026-07-23T02:02:38.061Z,usb,1,3612849267,221835,56789760,256,8000,31.680
2026-07-23T02:02:38.093Z,usb,1,3612849267,221836,56790016,256,8000,31.680
2026-07-23T02:02:38.125Z,usb,1,3612849267,221837,56790272,256,8000,31.680
2026-07-23T02:02:38.157Z,usb,1,3612849267,221838,56790528,256,8000,31.680
2026-07-23T02:02:38.189Z,usb,1,3612849267,221839,56790784,256,8000,31.680
2026-07-23T02:02:38.221Z,usb,1,3612849267,221840,56791040,256,8000,31.680
2026-07-23T02:02:38.254Z,usb,1,3612849267,221841,56791296,256,8000,31.680
2026-07-23T02:02:38.285Z,usb,1,3612849267,221842,56791552,256,8000,31.680
2026-07-23T02:02:38.318Z,usb,1,3612849267,221843,56791808,256,8000,31.680
2026-07-23T02:02:38.349Z,usb,1,3612849267,221844,56792064,256,8000,31.680
2026-07-23T02:02:38.381Z,usb,1,3612849267,221845,56792320,256,8000,31.680
2026-07-23T02:02:38.413Z,usb,1,3612849267,221846,56792576,256,8000,31.680
2026-07-23T02:02:38.445Z,usb,1,3612849267,221847,56792832,256,8000,31.680
2026-07-23T02:02:38.477Z,usb,1,3612849267,221848,56793088,256,8000,31.680
2026-07-23T02:02:38.509Z,usb,1,3612849267,221849,56793344,256,8000,31.680
2026-07-23T02:02:38.542Z,usb,1,3612849267,221850,56793600,256,8000,31.680
2026-07-23T02:02:38.573Z,usb,1,3612849267,221851,56793856,256,8000,31.680
2026-07-23T02:02:38.605Z,usb,1,3612849267,221852,56794112,256,8000,31.680
2026-07-23T02:02:38.638Z,usb,1,3612849267,221853,56794368,256,8000,31.680
2026-07-23T02:02:38.669Z,usb,1,3612849267,221854,56794624,256,8000,31.680
2026-07-23T02:02:38.701Z,usb,1,3612849267,221855,56794880,256,8000,31.680
2026-07-23T02:02:38.734Z,usb,1,3612849267,221856,56795136,256,8000,31.680
2026-07-23T02:02:38.765Z,usb,1,3612849267,221857,56795392,256,8000,31.680
2026-07-23T02:02:38.797Z,usb,1,3612849267,221858,56795648,256,8000,31.680
2026-07-23T02:02:38.830Z,usb,1,3612849267,221859,56795904,256,8000,31.680
2026-07-23T02:02:38.862Z,usb,1,3612849267,221860,56796160,256,8000,31.680
2026-07-23T02:02:38.893Z,usb,1,3612849267,221861,56796416,256,8000,31.680
2026-07-23T02:02:38.926Z,usb,1,3612849267,221862,56796672,256,8000,31.680
2026-07-23T02:02:38.958Z,usb,1,3612849267,221863,56796928,256,8000,31.680
2026-07-23T02:02:38.990Z,usb,1,3612849267,221864,56797184,256,8000,31.680
2026-07-23T02:02:39.022Z,usb,1,3612849267,221865,56797440,256,8000,31.680
2026-07-23T02:02:39.054Z,usb,1,3612849267,221866,56797696,256,8000,31.680
2026-07-23T02:02:39.086Z,usb,1,3612849267,221867,56797952,256,8000,31.680
2026-07-23T02:02:39.117Z,usb,1,3612849267,221868,56798208,256,8000,31.680
2026-07-23T02:02:39.149Z,usb,1,3612849267,221869,56798464,256,8000,31.680
2026-07-23T02:02:39.181Z,usb,1,3612849267,221870,56798720,256,8000,31.680
2026-07-23T02:02:39.213Z,usb,1,3612849267,221871,56798976,256,8000,31.680
2026-07-23T02:02:39.246Z,usb,1,3612849267,221872,56799232,256,8000,31.680
2026-07-23T02:02:39.277Z,usb,1,3612849267,221873,56799488,256,8000,31.680
2026-07-23T02:02:39.309Z,usb,1,3612849267,221874,56799744,256,8000,31.680
2026-07-23T02:02:39.341Z,usb,1,3612849267,221875,56800000,256,8000,31.680
2026-07-23T02:02:39.373Z,usb,1,3612849267,221876,56800256,256,8000,31.680
2026-07-23T02:02:39.405Z,usb,1,3612849267,221877,56800512,256,8000,31.680
2026-07-23T02:02:39.437Z,usb,1,3612849267,221878,56800768,256,8000,31.680
2026-07-23T02:02:39.469Z,usb,1,3612849267,221879,56801024,256,8000,31.680
2026-07-23T02:02:39.501Z,usb,1,3612849267,221880,56801280,256,8000,31.680
2026-07-23T02:02:39.534Z,usb,1,3612849267,221881,56801536,256,8000,31.680
2026-07-23T02:02:39.565Z,usb,1,3612849267,221882,56801792,256,8000,31.680
2026-07-23T02:02:39.597Z,usb,1,3612849267,221883,56802048,256,8000,31.680
2026-07-23T02:02:39.630Z,usb,1,3612849267,221884,56802304,256,8000,31.680
2026-07-23T02:02:39.662Z,usb,1,3612849267,221885,56802560,256,8000,31.680
2026-07-23T02:02:39.694Z,usb,1,3612849267,221886,56802816,256,8000,31.680
2026-07-23T02:02:39.726Z,usb,1,3612849267,221887,56803072,256,8000,31.680
2026-07-23T02:02:39.758Z,usb,1,3612849267,221888,56803328,256,8000,31.680
2026-07-23T02:02:39.789Z,usb,1,3612849267,221889,56803584,256,8000,31.680
2026-07-23T02:02:39.822Z,usb,1,3612849267,221890,56803840,256,8000,31.680
2026-07-23T02:02:39.853Z,usb,1,3612849267,221891,56804096,256,8000,31.680
2026-07-23T02:02:39.886Z,usb,1,3612849267,221892,56804352,256,8000,31.690
2026-07-23T02:02:39.917Z,usb,1,3612849267,221893,56804608,256,8000,31.690
2026-07-23T02:02:39.950Z,usb,1,3612849267,221894,56804864,256,8000,31.690
2026-07-23T02:02:39.982Z,usb,1,3612849267,221895,56805120,256,8000,31.690
2026-07-23T02:02:40.013Z,usb,1,3612849267,221896,56805376,256,8000,31.690
2026-07-23T02:02:40.045Z,usb,1,3612849267,221897,56805632,256,8000,31.690
2026-07-23T02:02:40.077Z,usb,1,3612849267,221898,56805888,256,8000,31.690
2026-07-23T02:02:40.109Z,usb,1,3612849267,221899,56806144,256,8000,31.690
2026-07-23T02:02:40.141Z,usb,1,3612849267,221900,56806400,256,8000,31.690
2026-07-23T02:02:40.174Z,usb,1,3612849267,221901,56806656,256,8000,31.690
2026-07-23T02:02:40.205Z,usb,1,3612849267,221902,56806912,256,8000,31.690
2026-07-23T02:02:40.238Z,usb,1,3612849267,221903,56807168,256,8000,31.690
2026-07-23T02:02:40.269Z,usb,1,3612849267,221904,56807424,256,8000,31.690
2026-07-23T02:02:40.301Z,usb,1,3612849267,221905,56807680,256,8000,31.690
2026-07-23T02:02:40.333Z,usb,1,3612849267,221906,56807936,256,8000,31.690
2026-07-23T02:02:40.366Z,usb,1,3612849267,221907,56808192,256,8000,31.690
2026-07-23T02:02:40.398Z,usb,1,3612849267,221908,56808448,256,8000,31.690
2026-07-23T02:02:40.429Z,usb,1,3612849267,221909,56808704,256,8000,31.690
2026-07-23T02:02:40.462Z,usb,1,3612849267,221910,56808960,256,8000,31.690
2026-07-23T02:02:40.493Z,usb,1,3612849267,221911,56809216,256,8000,31.690
2026-07-23T02:02:40.525Z,usb,1,3612849267,221912,56809472,256,8000,31.690
2026-07-23T02:02:40.557Z,usb,1,3612849267,221913,56809728,256,8000,31.690
2026-07-23T02:02:40.590Z,usb,1,3612849267,221914,56809984,256,8000,31.690
2026-07-23T02:02:40.621Z,usb,1,3612849267,221915,56810240,256,8000,31.690
2026-07-23T02:02:40.653Z,usb,1,3612849267,221916,56810496,256,8000,31.690
2026-07-23T02:02:40.685Z,usb,1,3612849267,221917,56810752,256,8000,31.690
2026-07-23T02:02:40.717Z,usb,1,3612849267,221918,56811008,256,8000,31.690
2026-07-23T02:02:40.750Z,usb,1,3612849267,221919,56811264,256,8000,31.690
2026-07-23T02:02:40.781Z,usb,1,3612849267,221920,56811520,256,8000,31.690
2026-07-23T02:02:40.813Z,usb,1,3612849267,221921,56811776,256,8000,31.690
2026-07-23T02:02:40.846Z,usb,1,3612849267,221922,56812032,256,8000,31.690
2026-07-23T02:02:40.877Z,usb,1,3612849267,221923,56812288,256,8000,31.690
2026-07-23T02:02:40.910Z,usb,1,3612849267,221924,56812544,256,8000,31.690
2026-07-23T02:02:40.942Z,usb,1,3612849267,221925,56812800,256,8000,31.690
2026-07-23T02:02:40.973Z,usb,1,3612849267,221926,56813056,256,8000,31.690
2026-07-23T02:02:41.005Z,usb,1,3612849267,221927,56813312,256,8000,31.690
2026-07-23T02:02:41.037Z,usb,1,3612849267,221928,56813568,256,8000,31.690
2026-07-23T02:02:41.070Z,usb,1,3612849267,221929,56813824,256,8000,31.690
2026-07-23T02:02:41.101Z,usb,1,3612849267,221930,56814080,256,8000,31.690
2026-07-23T02:02:41.133Z,usb,1,3612849267,221931,56814336,256,8000,31.690
2026-07-23T02:02:41.166Z,usb,1,3612849267,221932,56814592,256,8000,31.690
2026-07-23T02:02:41.197Z,usb,1,3612849267,221933,56814848,256,8000,31.690
2026-07-23T02:02:41.229Z,usb,1,3612849267,221934,56815104,256,8000,31.690
2026-07-23T02:02:41.262Z,usb,1,3612849267,221935,56815360,256,8000,31.690
2026-07-23T02:02:41.294Z,usb,1,3612849267,221936,56815616,256,8000,31.690
2026-07-23T02:02:41.325Z,usb,1,3612849267,221937,56815872,256,8000,31.690
2026-07-23T02:02:41.357Z,usb,1,3612849267,221938,56816128,256,8000,31.690
2026-07-23T02:02:41.389Z,usb,1,3612849267,221939,56816384,256,8000,31.690
2026-07-23T02:02:41.421Z,usb,1,3612849267,221940,56816640,256,8000,31.690
2026-07-23T02:02:41.453Z,usb,1,3612849267,221941,56816896,256,8000,31.690
2026-07-23T02:02:41.485Z,usb,1,3612849267,221942,56817152,256,8000,31.690
2026-07-23T02:02:41.517Z,usb,1,3612849267,221943,56817408,256,8000,31.690
2026-07-23T02:02:41.549Z,usb,1,3612849267,221944,56817664,256,8000,31.690
2026-07-23T02:02:41.581Z,usb,1,3612849267,221945,56817920,256,8000,31.690
2026-07-23T02:02:41.613Z,usb,1,3612849267,221946,56818176,256,8000,31.690
2026-07-23T02:02:41.645Z,usb,1,3612849267,221947,56818432,256,8000,31.690
2026-07-23T02:02:41.677Z,usb,1,3612849267,221948,56818688,256,8000,31.690
2026-07-23T02:02:41.709Z,usb,1,3612849267,221949,56818944,256,8000,31.690
2026-07-23T02:02:41.742Z,usb,1,3612849267,221950,56819200,256,8000,31.690
2026-07-23T02:02:41.774Z,usb,1,3612849267,221951,56819456,256,8000,31.690
2026-07-23T02:02:41.805Z,usb,1,3612849267,221952,56819712,256,8000,31.690
2026-07-23T02:02:41.837Z,usb,1,3612849267,221953,56819968,256,8000,31.690
2026-07-23T02:02:41.869Z,usb,1,3612849267,221954,56820224,256,8000,31.690
2026-07-23T02:02:41.901Z,usb,1,3612849267,221955,56820480,256,8000,31.690
2026-07-23T02:02:41.934Z,usb,1,3612849267,221956,56820736,256,8000,31.690
2026-07-23T02:02:41.965Z,usb,1,3612849267,221957,56820992,256,8000,31.690
2026-07-23T02:02:41.997Z,usb,1,3612849267,221958,56821248,256,8000,31.690
2026-07-23T02:02:42.029Z,usb,1,3612849267,221959,56821504,256,8000,31.690
2026-07-23T02:02:42.061Z,usb,1,3612849267,221960,56821760,256,8000,31.690
2026-07-23T02:02:42.094Z,usb,1,3612849267,221961,56822016,256,8000,31.690
2026-07-23T02:02:42.125Z,usb,1,3612849267,221962,56822272,256,8000,31.690
2026-07-23T02:02:42.158Z,usb,1,3612849267,221963,56822528,256,8000,31.690
2026-07-23T02:02:42.189Z,usb,1,3612849267,221964,56822784,256,8000,31.690
2026-07-23T02:02:42.221Z,usb,1,3612849267,221965,56823040,256,8000,31.690
2026-07-23T02:02:42.253Z,usb,1,3612849267,221966,56823296,256,8000,31.690
2026-07-23T02:02:42.286Z,usb,1,3612849267,221967,56823552,256,8000,31.690
2026-07-23T02:02:42.318Z,usb,1,3612849267,221968,56823808,256,8000,31.690
2026-07-23T02:02:42.350Z,usb,1,3612849267,221969,56824064,256,8000,31.690
2026-07-23T02:02:42.381Z,usb,1,3612849267,221970,56824320,256,8000,31.690
2026-07-23T02:02:42.414Z,usb,1,3612849267,221971,56824576,256,8000,31.690
2026-07-23T02:02:42.446Z,usb,1,3612849267,221972,56824832,256,8000,31.690
2026-07-23T02:02:42.477Z,usb,1,3612849267,221973,56825088,256,8000,31.690
2026-07-23T02:02:42.510Z,usb,1,3612849267,221974,56825344,256,8000,31.690
2026-07-23T02:02:42.542Z,usb,1,3612849267,221975,56825600,256,8000,31.690
2026-07-23T02:02:42.574Z,usb,1,3612849267,221976,56825856,256,8000,31.690
2026-07-23T02:02:42.606Z,usb,1,3612849267,221977,56826112,256,8000,31.690
2026-07-23T02:02:42.638Z,usb,1,3612849267,221978,56826368,256,8000,31.690
2026-07-23T02:02:42.670Z,usb,1,3612849267,221979,56826624,256,8000,31.690
2026-07-23T02:02:42.702Z,usb,1,3612849267,221980,56826880,256,8000,31.690
2026-07-23T02:02:42.734Z,usb,1,3612849267,221981,56827136,256,8000,31.690
2026-07-23T02:02:42.766Z,usb,1,3612849267,221982,56827392,256,8000,31.690
2026-07-23T02:02:42.798Z,usb,1,3612849267,221983,56827648,256,8000,31.690
2026-07-23T02:02:42.829Z,usb,1,3612849267,221984,56827904,256,8000,31.690
2026-07-23T02:02:42.862Z,usb,1,3612849267,221985,56828160,256,8000,31.690
2026-07-23T02:02:42.894Z,usb,1,3612849267,221986,56828416,256,8000,31.690
2026-07-23T02:02:42.926Z,usb,1,3612849267,221987,56828672,256,8000,31.690
2026-07-23T02:02:42.958Z,usb,1,3612849267,221988,56828928,256,8000,31.690
2026-07-23T02:02:42.990Z,usb,1,3612849267,221989,56829184,256,8000,31.690
2026-07-23T02:02:43.022Z,usb,1,3612849267,221990,56829440,256,8000,31.690
2026-07-23T02:02:43.054Z,usb,1,3612849267,221991,56829696,256,8000,31.690
2026-07-23T02:02:43.086Z,usb,1,3612849267,221992,56829952,256,8000,31.690
2026-07-23T02:02:43.118Z,usb,1,3612849267,221993,56830208,256,8000,31.690
2026-07-23T02:02:43.149Z,usb,1,3612849267,221994,56830464,256,8000,31.690
2026-07-23T02:02:43.182Z,usb,1,3612849267,221995,56830720,256,8000,31.690
2026-07-23T02:02:43.214Z,usb,1,3612849267,221996,56830976,256,8000,31.690
2026-07-23T02:02:43.245Z,usb,1,3612849267,221997,56831232,256,8000,31.690
2026-07-23T02:02:43.277Z,usb,1,3612849267,221998,56831488,256,8000,31.690
2026-07-23T02:02:43.309Z,usb,1,3612849267,221999,56831744,256,8000,31.690
2026-07-23T02:02:43.341Z,usb,1,3612849267,222000,56832000,256,8000,31.690
2026-07-23T02:02:43.373Z,usb,1,3612849267,222001,56832256,256,8000,31.690
2026-07-23T02:02:43.405Z,usb,1,3612849267,222002,56832512,256,8000,31.690
2026-07-23T02:02:43.438Z,usb,1,3612849267,222003,56832768,256,8000,31.690
2026-07-23T02:02:43.469Z,usb,1,3612849267,222004,56833024,256,8000,31.690
2026-07-23T02:02:43.501Z,usb,1,3612849267,222005,56833280,256,8000,31.690
2026-07-23T02:02:43.533Z,usb,1,3612849267,222006,56833536,256,8000,31.690
2026-07-23T02:02:43.566Z,usb,1,3612849267,222007,56833792,256,8000,31.690
2026-07-23T02:02:43.598Z,usb,1,3612849267,222008,56834048,256,8000,31.690
2026-07-23T02:02:43.630Z,usb,1,3612849267,222009,56834304,256,8000,31.690
2026-07-23T02:02:43.662Z,usb,1,3612849267,222010,56834560,256,8000,31.690
2026-07-23T02:02:43.694Z,usb,1,3612849267,222011,56834816,256,8000,31.690
2026-07-23T02:02:43.726Z,usb,1,3612849267,222012,56835072,256,8000,31.690
2026-07-23T02:02:43.757Z,usb,1,3612849267,222013,56835328,256,8000,31.690
2026-07-23T02:02:43.790Z,usb,1,3612849267,222014,56835584,256,8000,31.690
2026-07-23T02:02:43.822Z,usb,1,3612849267,222015,56835840,256,8000,31.690
2026-07-23T02:02:43.854Z,usb,1,3612849267,222016,56836096,256,8000,31.690
2026-07-23T02:02:43.886Z,usb,1,3612849267,222017,56836352,256,8000,31.690
2026-07-23T02:02:43.917Z,usb,1,3612849267,222018,56836608,256,8000,31.690
2026-07-23T02:02:43.950Z,usb,1,3612849267,222019,56836864,256,8000,31.690
2026-07-23T02:02:43.982Z,usb,1,3612849267,222020,56837120,256,8000,31.690
2026-07-23T02:02:44.014Z,usb,1,3612849267,222021,56837376,256,8000,31.690
2026-07-23T02:02:44.046Z,usb,1,3612849267,222022,56837632,256,8000,31.690
2026-07-23T02:02:44.077Z,usb,1,3612849267,222023,56837888,256,8000,31.690
2026-07-23T02:02:44.110Z,usb,1,3612849267,222024,56838144,256,8000,31.690
2026-07-23T02:02:44.141Z,usb,1,3612849267,222025,56838400,256,8000,31.690
2026-07-23T02:02:44.174Z,usb,1,3612849267,222026,56838656,256,8000,31.690
2026-07-23T02:02:44.206Z,usb,1,3612849267,222027,56838912,256,8000,31.690
2026-07-23T02:02:44.237Z,usb,1,3612849267,222028,56839168,256,8000,31.690
2026-07-23T02:02:44.269Z,usb,1,3612849267,222029,56839424,256,8000,31.690
2026-07-23T02:02:44.301Z,usb,1,3612849267,222030,56839680,256,8000,31.690
2026-07-23T02:02:44.334Z,usb,1,3612849267,222031,56839936,256,8000,31.690
2026-07-23T02:02:44.366Z,usb,1,3612849267,222032,56840192,256,8000,31.690
2026-07-23T02:02:44.397Z,usb,1,3612849267,222033,56840448,256,8000,31.690
2026-07-23T02:02:44.430Z,usb,1,3612849267,222034,56840704,256,8000,31.690
2026-07-23T02:02:44.462Z,usb,1,3612849267,222035,56840960,256,8000,31.690
2026-07-23T02:02:44.494Z,usb,1,3612849267,222036,56841216,256,8000,31.690
2026-07-23T02:02:44.526Z,usb,1,3612849267,222037,56841472,256,8000,31.690
2026-07-23T02:02:44.557Z,usb,1,3612849267,222038,56841728,256,8000,31.690
2026-07-23T02:02:44.590Z,usb,1,3612849267,222039,56841984,256,8000,31.690
2026-07-23T02:02:44.622Z,usb,1,3612849267,222040,56842240,256,8000,31.690
2026-07-23T02:02:44.654Z,usb,1,3612849267,222041,56842496,256,8000,31.690
2026-07-23T02:02:44.686Z,usb,1,3612849267,222042,56842752,256,8000,31.690
2026-07-23T02:02:44.717Z,usb,1,3612849267,222043,56843008,256,8000,31.690
2026-07-23T02:02:44.750Z,usb,1,3612849267,222044,56843264,256,8000,31.690
2026-07-23T02:02:44.782Z,usb,1,3612849267,222045,56843520,256,8000,31.690
2026-07-23T02:02:44.813Z,usb,1,3612849267,222046,56843776,256,8000,31.690
2026-07-23T02:02:44.846Z,usb,1,3612849267,222047,56844032,256,8000,31.690
2026-07-23T02:02:44.878Z,usb,1,3612849267,222048,56844288,256,8000,31.690
2026-07-23T02:02:44.910Z,usb,1,3612849267,222049,56844544,256,8000,31.690
2026-07-23T02:02:44.942Z,usb,1,3612849267,222050,56844800,256,8000,31.690
2026-07-23T02:02:44.974Z,usb,1,3612849267,222051,56845056,256,8000,31.690
2026-07-23T02:02:45.006Z,usb,1,3612849267,222052,56845312,256,8000,31.690
2026-07-23T02:02:45.037Z,usb,1,3612849267,222053,56845568,256,8000,31.690
2026-07-23T02:02:45.070Z,usb,1,3612849267,222054,56845824,256,8000,31.690
2026-07-23T02:02:45.102Z,usb,1,3612849267,222055,56846080,256,8000,31.690
2026-07-23T02:02:45.134Z,usb,1,3612849267,222056,56846336,256,8000,31.690
2026-07-23T02:02:45.166Z,usb,1,3612849267,222057,56846592,256,8000,31.690
2026-07-23T02:02:45.198Z,usb,1,3612849267,222058,56846848,256,8000,31.690
2026-07-23T02:02:45.230Z,usb,1,3612849267,222059,56847104,256,8000,31.690
2026-07-23T02:02:45.262Z,usb,1,3612849267,222060,56847360,256,8000,31.690
2026-07-23T02:02:45.294Z,usb,1,3612849267,222061,56847616,256,8000,31.690
2026-07-23T02:02:45.325Z,usb,1,3612849267,222062,56847872,256,8000,31.690
2026-07-23T02:02:45.357Z,usb,1,3612849267,222063,56848128,256,8000,31.690
2026-07-23T02:02:45.390Z,usb,1,3612849267,222064,56848384,256,8000,31.690
2026-07-23T02:02:45.421Z,usb,1,3612849267,222065,56848640,256,8000,31.690
2026-07-23T02:02:45.453Z,usb,1,3612849267,222066,56848896,256,8000,31.690
2026-07-23T02:02:45.485Z,usb,1,3612849267,222067,56849152,256,8000,31.690
2026-07-23T02:02:45.517Z,usb,1,3612849267,222068,56849408,256,8000,31.690
2026-07-23T02:02:45.549Z,usb,1,3612849267,222069,56849664,256,8000,31.690
2026-07-23T02:02:45.581Z,usb,1,3612849267,222070,56849920,256,8000,31.690
2026-07-23T02:02:45.613Z,usb,1,3612849267,222071,56850176,256,8000,31.690
2026-07-23T02:02:45.646Z,usb,1,3612849267,222072,56850432,256,8000,31.690
2026-07-23T02:02:45.678Z,usb,1,3612849267,222073,56850688,256,8000,31.690
2026-07-23T02:02:45.710Z,usb,1,3612849267,222074,56850944,256,8000,31.690
2026-07-23T02:02:45.742Z,usb,1,3612849267,222075,56851200,256,8000,31.690
2026-07-23T02:02:45.774Z,usb,1,3612849267,222076,56851456,256,8000,31.690
2026-07-23T02:02:45.806Z,usb,1,3612849267,222077,56851712,256,8000,31.690
2026-07-23T02:02:45.838Z,usb,1,3612849267,222078,56851968,256,8000,31.690
2026-07-23T02:02:45.870Z,usb,1,3612849267,222079,56852224,256,8000,31.690
2026-07-23T02:02:45.902Z,usb,1,3612849267,222080,56852480,256,8000,31.690
2026-07-23T02:02:45.934Z,usb,1,3612849267,222081,56852736,256,8000,31.690
2026-07-23T02:02:45.966Z,usb,1,3612849267,222082,56852992,256,8000,31.690
2026-07-23T02:02:45.998Z,usb,1,3612849267,222083,56853248,256,8000,31.690
2026-07-23T02:02:46.031Z,usb,1,3612849267,222084,56853504,256,8000,31.680
2026-07-23T02:02:46.062Z,usb,1,3612849267,222085,56853760,256,8000,31.680
2026-07-23T02:02:46.094Z,usb,1,3612849267,222086,56854016,256,8000,31.680
2026-07-23T02:02:46.126Z,usb,1,3612849267,222087,56854272,256,8000,31.680
2026-07-23T02:02:46.158Z,usb,1,3612849267,222088,56854528,256,8000,31.680
2026-07-23T02:02:46.190Z,usb,1,3612849267,222089,56854784,256,8000,31.680
2026-07-23T02:02:46.222Z,usb,1,3612849267,222090,56855040,256,8000,31.680
2026-07-23T02:02:46.254Z,usb,1,3612849267,222091,56855296,256,8000,31.680
2026-07-23T02:02:46.286Z,usb,1,3612849267,222092,56855552,256,8000,31.680
2026-07-23T02:02:46.318Z,usb,1,3612849267,222093,56855808,256,8000,31.680
2026-07-23T02:02:46.350Z,usb,1,3612849267,222094,56856064,256,8000,31.680
2026-07-23T02:02:46.382Z,usb,1,3612849267,222095,56856320,256,8000,31.680
2026-07-23T02:02:46.414Z,usb,1,3612849267,222096,56856576,256,8000,31.680
2026-07-23T02:02:46.445Z,usb,1,3612849267,222097,56856832,256,8000,31.680
2026-07-23T02:02:46.477Z,usb,1,3612849267,222098,56857088,256,8000,31.680
2026-07-23T02:02:46.509Z,usb,1,3612849267,222099,56857344,256,8000,31.680
2026-07-23T02:02:46.541Z,usb,1,3612849267,222100,56857600,256,8000,31.680
2026-07-23T02:02:46.573Z,usb,1,3612849267,222101,56857856,256,8000,31.680
2026-07-23T02:02:46.605Z,usb,1,3612849267,222102,56858112,256,8000,31.680
2026-07-23T02:02:46.638Z,usb,1,3612849267,222103,56858368,256,8000,31.680
2026-07-23T02:02:46.670Z,usb,1,3612849267,222104,56858624,256,8000,31.680
2026-07-23T02:02:46.702Z,usb,1,3612849267,222105,56858880,256,8000,31.680
2026-07-23T02:02:46.733Z,usb,1,3612849267,222106,56859136,256,8000,31.680
2026-07-23T02:02:46.766Z,usb,1,3612849267,222107,56859392,256,8000,31.680
2026-07-23T02:02:46.798Z,usb,1,3612849267,222108,56859648,256,8000,31.680
2026-07-23T02:02:46.830Z,usb,1,3612849267,222109,56859904,256,8000,31.680
2026-07-23T02:02:46.862Z,usb,1,3612849267,222110,56860160,256,8000,31.680
2026-07-23T02:02:46.894Z,usb,1,3612849267,222111,56860416,256,8000,31.680
2026-07-23T02:02:46.926Z,usb,1,3612849267,222112,56860672,256,8000,31.680
2026-07-23T02:02:46.958Z,usb,1,3612849267,222113,56860928,256,8000,31.680
2026-07-23T02:02:46.990Z,usb,1,3612849267,222114,56861184,256,8000,31.680
2026-07-23T02:02:47.022Z,usb,1,3612849267,222115,56861440,256,8000,31.680
2026-07-23T02:02:47.054Z,usb,1,3612849267,222116,56861696,256,8000,31.690
2026-07-23T02:02:47.086Z,usb,1,3612849267,222117,56861952,256,8000,31.690
2026-07-23T02:02:47.118Z,usb,1,3612849267,222118,56862208,256,8000,31.690
2026-07-23T02:02:47.149Z,usb,1,3612849267,222119,56862464,256,8000,31.690
2026-07-23T02:02:47.182Z,usb,1,3612849267,222120,56862720,256,8000,31.690
2026-07-23T02:02:47.214Z,usb,1,3612849267,222121,56862976,256,8000,31.690
2026-07-23T02:02:47.246Z,usb,1,3612849267,222122,56863232,256,8000,31.690
2026-07-23T02:02:47.278Z,usb,1,3612849267,222123,56863488,256,8000,31.690
2026-07-23T02:02:47.310Z,usb,1,3612849267,222124,56863744,256,8000,31.690
2026-07-23T02:02:47.342Z,usb,1,3612849267,222125,56864000,256,8000,31.690
2026-07-23T02:02:47.374Z,usb,1,3612849267,222126,56864256,256,8000,31.690
2026-07-23T02:02:47.406Z,usb,1,3612849267,222127,56864512,256,8000,31.690
2026-07-23T02:02:47.438Z,usb,1,3612849267,222128,56864768,256,8000,31.690
2026-07-23T02:02:47.470Z,usb,1,3612849267,222129,56865024,256,8000,31.690
2026-07-23T02:02:47.502Z,usb,1,3612849267,222130,56865280,256,8000,31.690
2026-07-23T02:02:47.534Z,usb,1,3612849267,222131,56865536,256,8000,31.690
2026-07-23T02:02:47.565Z,usb,1,3612849267,222132,56865792,256,8000,31.690
2026-07-23T02:02:47.598Z,usb,1,3612849267,222133,56866048,256,8000,31.690
2026-07-23T02:02:47.630Z,usb,1,3612849267,222134,56866304,256,8000,31.690
2026-07-23T02:02:47.661Z,usb,1,3612849267,222135,56866560,256,8000,31.690
2026-07-23T02:02:47.693Z,usb,1,3612849267,222136,56866816,256,8000,31.690
2026-07-23T02:02:47.725Z,usb,1,3612849267,222137,56867072,256,8000,31.690
2026-07-23T02:02:47.757Z,usb,1,3612849267,222138,56867328,256,8000,31.690
2026-07-23T02:02:47.789Z,usb,1,3612849267,222139,56867584,256,8000,31.690
2026-07-23T02:02:47.822Z,usb,1,3612849267,222140,56867840,256,8000,31.690
2026-07-23T02:02:47.854Z,usb,1,3612849267,222141,56868096,256,8000,31.690
2026-07-23T02:02:47.885Z,usb,1,3612849267,222142,56868352,256,8000,31.690
2026-07-23T02:02:47.918Z,usb,1,3612849267,222143,56868608,256,8000,31.690
2026-07-23T02:02:47.949Z,usb,1,3612849267,222144,56868864,256,8000,31.690
2026-07-23T02:02:47.982Z,usb,1,3612849267,222145,56869120,256,8000,31.690
2026-07-23T02:02:48.014Z,usb,1,3612849267,222146,56869376,256,8000,31.690
2026-07-23T02:02:48.046Z,usb,1,3612849267,222147,56869632,256,8000,31.690
2026-07-23T02:02:48.079Z,usb,1,3612849267,222148,56869888,256,8000,31.690
2026-07-23T02:02:48.110Z,usb,1,3612849267,222149,56870144,256,8000,31.690
2026-07-23T02:02:48.142Z,usb,1,3612849267,222150,56870400,256,8000,31.690
2026-07-23T02:02:48.174Z,usb,1,3612849267,222151,56870656,256,8000,31.690
2026-07-23T02:02:48.206Z,usb,1,3612849267,222152,56870912,256,8000,31.690
2026-07-23T02:02:48.237Z,usb,1,3612849267,222153,56871168,256,8000,31.690
2026-07-23T02:02:48.270Z,usb,1,3612849267,222154,56871424,256,8000,31.690
2026-07-23T02:02:48.301Z,usb,1,3612849267,222155,56871680,256,8000,31.690
2026-07-23T02:02:48.333Z,usb,1,3612849267,222156,56871936,256,8000,31.690
2026-07-23T02:02:48.367Z,usb,1,3612849267,222157,56872192,256,8000,31.690
2026-07-23T02:02:48.397Z,usb,1,3612849267,222158,56872448,256,8000,31.690
2026-07-23T02:02:48.429Z,usb,1,3612849267,222159,56872704,256,8000,31.690
2026-07-23T02:02:48.461Z,usb,1,3612849267,222160,56872960,256,8000,31.690
2026-07-23T02:02:48.494Z,usb,1,3612849267,222161,56873216,256,8000,31.690
2026-07-23T02:02:48.525Z,usb,1,3612849267,222162,56873472,256,8000,31.690
2026-07-23T02:02:48.558Z,usb,1,3612849267,222163,56873728,256,8000,31.690
2026-07-23T02:02:48.590Z,usb,1,3612849267,222164,56873984,256,8000,31.690
2026-07-23T02:02:48.622Z,usb,1,3612849267,222165,56874240,256,8000,31.690
2026-07-23T02:02:48.654Z,usb,1,3612849267,222166,56874496,256,8000,31.690
2026-07-23T02:02:48.685Z,usb,1,3612849267,222167,56874752,256,8000,31.690
2026-07-23T02:02:48.717Z,usb,1,3612849267,222168,56875008,256,8000,31.690
2026-07-23T02:02:48.750Z,usb,1,3612849267,222169,56875264,256,8000,31.690
2026-07-23T02:02:48.782Z,usb,1,3612849267,222170,56875520,256,8000,31.690
2026-07-23T02:02:48.813Z,usb,1,3612849267,222171,56875776,256,8000,31.690
2026-07-23T02:02:48.845Z,usb,1,3612849267,222172,56876032,256,8000,31.690
2026-07-23T02:02:48.877Z,usb,1,3612849267,222173,56876288,256,8000,31.690
2026-07-23T02:02:48.910Z,usb,1,3612849267,222174,56876544,256,8000,31.690
2026-07-23T02:02:48.941Z,usb,1,3612849267,222175,56876800,256,8000,31.690
2026-07-23T02:02:48.974Z,usb,1,3612849267,222176,56877056,256,8000,31.690
2026-07-23T02:02:49.006Z,usb,1,3612849267,222177,56877312,256,8000,31.690
2026-07-23T02:02:49.038Z,usb,1,3612849267,222178,56877568,256,8000,31.690
2026-07-23T02:02:49.070Z,usb,1,3612849267,222179,56877824,256,8000,31.690
2026-07-23T02:02:49.102Z,usb,1,3612849267,222180,56878080,256,8000,31.680
2026-07-23T02:02:49.134Z,usb,1,3612849267,222181,56878336,256,8000,31.680
2026-07-23T02:02:49.166Z,usb,1,3612849267,222182,56878592,256,8000,31.680
2026-07-23T02:02:49.198Z,usb,1,3612849267,222183,56878848,256,8000,31.680
2026-07-23T02:02:49.230Z,usb,1,3612849267,222184,56879104,256,8000,31.680
2026-07-23T02:02:49.262Z,usb,1,3612849267,222185,56879360,256,8000,31.680
2026-07-23T02:02:49.294Z,usb,1,3612849267,222186,56879616,256,8000,31.680
2026-07-23T02:02:49.326Z,usb,1,3612849267,222187,56879872,256,8000,31.680
2026-07-23T02:02:49.358Z,usb,1,3612849267,222188,56880128,256,8000,31.680
2026-07-23T02:02:49.389Z,usb,1,3612849267,222189,56880384,256,8000,31.680
2026-07-23T02:02:49.422Z,usb,1,3612849267,222190,56880640,256,8000,31.680
2026-07-23T02:02:49.454Z,usb,1,3612849267,222191,56880896,256,8000,31.680
2026-07-23T02:02:49.486Z,usb,1,3612849267,222192,56881152,256,8000,31.680
2026-07-23T02:02:49.518Z,usb,1,3612849267,222193,56881408,256,8000,31.680
2026-07-23T02:02:49.550Z,usb,1,3612849267,222194,56881664,256,8000,31.680
2026-07-23T02:02:49.582Z,usb,1,3612849267,222195,56881920,256,8000,31.680
2026-07-23T02:02:49.614Z,usb,1,3612849267,222196,56882176,256,8000,31.680
2026-07-23T02:02:49.646Z,usb,1,3612849267,222197,56882432,256,8000,31.680
2026-07-23T02:02:49.677Z,usb,1,3612849267,222198,56882688,256,8000,31.680
2026-07-23T02:02:49.709Z,usb,1,3612849267,222199,56882944,256,8000,31.680
2026-07-23T02:02:49.741Z,usb,1,3612849267,222200,56883200,256,8000,31.680
2026-07-23T02:02:49.773Z,usb,1,3612849267,222201,56883456,256,8000,31.680
2026-07-23T02:02:49.806Z,usb,1,3612849267,222202,56883712,256,8000,31.680
2026-07-23T02:02:49.838Z,usb,1,3612849267,222203,56883968,256,8000,31.680
2026-07-23T02:02:49.869Z,usb,1,3612849267,222204,56884224,256,8000,31.680
2026-07-23T02:02:49.901Z,usb,1,3612849267,222205,56884480,256,8000,31.680
2026-07-23T02:02:49.933Z,usb,1,3612849267,222206,56884736,256,8000,31.680
2026-07-23T02:02:49.965Z,usb,1,3612849267,222207,56884992,256,8000,31.680
2026-07-23T02:02:49.997Z,usb,1,3612849267,222208,56885248,256,8000,31.680
2026-07-23T02:02:50.029Z,usb,1,3612849267,222209,56885504,256,8000,31.680
2026-07-23T02:02:50.061Z,usb,1,3612849267,222210,56885760,256,8000,31.680
2026-07-23T02:02:50.093Z,usb,1,3612849267,222211,56886016,256,8000,31.680
2026-07-23T02:02:50.126Z,usb,1,3612849267,222212,56886272,256,8000,31.680
2026-07-23T02:02:50.157Z,usb,1,3612849267,222213,56886528,256,8000,31.680
2026-07-23T02:02:50.189Z,usb,1,3612849267,222214,56886784,256,8000,31.680
2026-07-23T02:02:50.221Z,usb,1,3612849267,222215,56887040,256,8000,31.680
2026-07-23T02:02:50.253Z,usb,1,3612849267,222216,56887296,256,8000,31.680
2026-07-23T02:02:50.285Z,usb,1,3612849267,222217,56887552,256,8000,31.680
2026-07-23T02:02:50.317Z,usb,1,3612849267,222218,56887808,256,8000,31.680
2026-07-23T02:02:50.349Z,usb,1,3612849267,222219,56888064,256,8000,31.680
2026-07-23T02:02:50.381Z,usb,1,3612849267,222220,56888320,256,8000,31.680
2026-07-23T02:02:50.413Z,usb,1,3612849267,222221,56888576,256,8000,31.680
2026-07-23T02:02:50.445Z,usb,1,3612849267,222222,56888832,256,8000,31.680
2026-07-23T02:02:50.477Z,usb,1,3612849267,222223,56889088,256,8000,31.680
2026-07-23T02:02:50.509Z,usb,1,3612849267,222224,56889344,256,8000,31.680
2026-07-23T02:02:50.542Z,usb,1,3612849267,222225,56889600,256,8000,31.680
2026-07-23T02:02:50.574Z,usb,1,3612849267,222226,56889856,256,8000,31.680
2026-07-23T02:02:50.606Z,usb,1,3612849267,222227,56890112,256,8000,31.680
2026-07-23T02:02:50.638Z,usb,1,3612849267,222228,56890368,256,8000,31.680
2026-07-23T02:02:50.670Z,usb,1,3612849267,222229,56890624,256,8000,31.680
2026-07-23T02:02:50.702Z,usb,1,3612849267,222230,56890880,256,8000,31.680
2026-07-23T02:02:50.734Z,usb,1,3612849267,222231,56891136,256,8000,31.680
2026-07-23T02:02:50.766Z,usb,1,3612849267,222232,56891392,256,8000,31.680
2026-07-23T02:02:50.798Z,usb,1,3612849267,222233,56891648,256,8000,31.680
2026-07-23T02:02:50.830Z,usb,1,3612849267,222234,56891904,256,8000,31.680
2026-07-23T02:02:50.862Z,usb,1,3612849267,222235,56892160,256,8000,31.680
2026-07-23T02:02:50.894Z,usb,1,3612849267,222236,56892416,256,8000,31.680
2026-07-23T02:02:50.926Z,usb,1,3612849267,222237,56892672,256,8000,31.680
2026-07-23T02:02:50.958Z,usb,1,3612849267,222238,56892928,256,8000,31.680
2026-07-23T02:02:50.990Z,usb,1,3612849267,222239,56893184,256,8000,31.680
2026-07-23T02:02:51.022Z,usb,1,3612849267,222240,56893440,256,8000,31.680
2026-07-23T02:02:51.054Z,usb,1,3612849267,222241,56893696,256,8000,31.680
2026-07-23T02:02:51.085Z,usb,1,3612849267,222242,56893952,256,8000,31.680
2026-07-23T02:02:51.117Z,usb,1,3612849267,222243,56894208,256,8000,31.680
2026-07-23T02:02:51.150Z,usb,1,3612849267,222244,56894464,256,8000,31.680
2026-07-23T02:02:51.182Z,usb,1,3612849267,222245,56894720,256,8000,31.680
2026-07-23T02:02:51.214Z,usb,1,3612849267,222246,56894976,256,8000,31.680
2026-07-23T02:02:51.245Z,usb,1,3612849267,222247,56895232,256,8000,31.680
2026-07-23T02:02:51.278Z,usb,1,3612849267,222248,56895488,256,8000,31.680
2026-07-23T02:02:51.309Z,usb,1,3612849267,222249,56895744,256,8000,31.680
2026-07-23T02:02:51.342Z,usb,1,3612849267,222250,56896000,256,8000,31.680
2026-07-23T02:02:51.374Z,usb,1,3612849267,222251,56896256,256,8000,31.680
2026-07-23T02:02:51.405Z,usb,1,3612849267,222252,56896512,256,8000,31.680
2026-07-23T02:02:51.438Z,usb,1,3612849267,222253,56896768,256,8000,31.680
2026-07-23T02:02:51.470Z,usb,1,3612849267,222254,56897024,256,8000,31.680
2026-07-23T02:02:51.502Z,usb,1,3612849267,222255,56897280,256,8000,31.680
2026-07-23T02:02:51.534Z,usb,1,3612849267,222256,56897536,256,8000,31.680
2026-07-23T02:02:51.565Z,usb,1,3612849267,222257,56897792,256,8000,31.680
2026-07-23T02:02:51.597Z,usb,1,3612849267,222258,56898048,256,8000,31.680
2026-07-23T02:02:51.629Z,usb,1,3612849267,222259,56898304,256,8000,31.680
2026-07-23T02:02:51.661Z,usb,1,3612849267,222260,56898560,256,8000,31.680
2026-07-23T02:02:51.693Z,usb,1,3612849267,222261,56898816,256,8000,31.680
2026-07-23T02:02:51.726Z,usb,1,3612849267,222262,56899072,256,8000,31.680
2026-07-23T02:02:51.758Z,usb,1,3612849267,222263,56899328,256,8000,31.680
2026-07-23T02:02:51.789Z,usb,1,3612849267,222264,56899584,256,8000,31.680
2026-07-23T02:02:51.822Z,usb,1,3612849267,222265,56899840,256,8000,31.680
2026-07-23T02:02:51.853Z,usb,1,3612849267,222266,56900096,256,8000,31.680
2026-07-23T02:02:51.886Z,usb,1,3612849267,222267,56900352,256,8000,31.680
2026-07-23T02:02:51.918Z,usb,1,3612849267,222268,56900608,256,8000,31.680
2026-07-23T02:02:51.950Z,usb,1,3612849267,222269,56900864,256,8000,31.680
2026-07-23T02:02:51.982Z,usb,1,3612849267,222270,56901120,256,8000,31.680
2026-07-23T02:02:52.014Z,usb,1,3612849267,222271,56901376,256,8000,31.680
2026-07-23T02:02:52.046Z,usb,1,3612849267,222272,56901632,256,8000,31.680
2026-07-23T02:02:52.078Z,usb,1,3612849267,222273,56901888,256,8000,31.680
2026-07-23T02:02:52.109Z,usb,1,3612849267,222274,56902144,256,8000,31.680
2026-07-23T02:02:52.142Z,usb,1,3612849267,222275,56902400,256,8000,31.680
2026-07-23T02:02:52.174Z,usb,1,3612849267,222276,56902656,256,8000,31.690
2026-07-23T02:02:52.205Z,usb,1,3612849267,222277,56902912,256,8000,31.690
2026-07-23T02:02:52.237Z,usb,1,3612849267,222278,56903168,256,8000,31.690
2026-07-23T02:02:52.269Z,usb,1,3612849267,222279,56903424,256,8000,31.690
2026-07-23T02:02:52.301Z,usb,1,3612849267,222280,56903680,256,8000,31.690
2026-07-23T02:02:52.333Z,usb,1,3612849267,222281,56903936,256,8000,31.690
2026-07-23T02:02:52.365Z,usb,1,3612849267,222282,56904192,256,8000,31.690
2026-07-23T02:02:52.397Z,usb,1,3612849267,222283,56904448,256,8000,31.690
2026-07-23T02:02:52.429Z,usb,1,3612849267,222284,56904704,256,8000,31.690
2026-07-23T02:02:52.461Z,usb,1,3612849267,222285,56904960,256,8000,31.690
2026-07-23T02:02:52.493Z,usb,1,3612849267,222286,56905216,256,8000,31.690
2026-07-23T02:02:52.525Z,usb,1,3612849267,222287,56905472,256,8000,31.690
2026-07-23T02:02:52.557Z,usb,1,3612849267,222288,56905728,256,8000,31.690
2026-07-23T02:02:52.589Z,usb,1,3612849267,222289,56905984,256,8000,31.690
2026-07-23T02:02:52.621Z,usb,1,3612849267,222290,56906240,256,8000,31.690
2026-07-23T02:02:52.653Z,usb,1,3612849267,222291,56906496,256,8000,31.690
2026-07-23T02:02:52.685Z,usb,1,3612849267,222292,56906752,256,8000,31.690
2026-07-23T02:02:52.718Z,usb,1,3612849267,222293,56907008,256,8000,31.690
2026-07-23T02:02:52.750Z,usb,1,3612849267,222294,56907264,256,8000,31.690
2026-07-23T02:02:52.781Z,usb,1,3612849267,222295,56907520,256,8000,31.690
2026-07-23T02:02:52.814Z,usb,1,3612849267,222296,56907776,256,8000,31.690
2026-07-23T02:02:52.845Z,usb,1,3612849267,222297,56908032,256,8000,31.690
2026-07-23T02:02:52.877Z,usb,1,3612849267,222298,56908288,256,8000,31.690
2026-07-23T02:02:52.909Z,usb,1,3612849267,222299,56908544,256,8000,31.690
2026-07-23T02:02:52.941Z,usb,1,3612849267,222300,56908800,256,8000,31.690
2026-07-23T02:02:52.973Z,usb,1,3612849267,222301,56909056,256,8000,31.690
2026-07-23T02:02:53.006Z,usb,1,3612849267,222302,56909312,256,8000,31.690
2026-07-23T02:02:53.038Z,usb,1,3612849267,222303,56909568,256,8000,31.690
2026-07-23T02:02:53.070Z,usb,1,3612849267,222304,56909824,256,8000,31.690
2026-07-23T02:02:53.101Z,usb,1,3612849267,222305,56910080,256,8000,31.690
2026-07-23T02:02:53.133Z,usb,1,3612849267,222306,56910336,256,8000,31.690
2026-07-23T02:02:53.166Z,usb,1,3612849267,222307,56910592,256,8000,31.690
2026-07-23T02:02:53.199Z,usb,1,3612849267,222308,56910848,256,8000,31.680
2026-07-23T02:02:53.229Z,usb,1,3612849267,222309,56911104,256,8000,31.680
2026-07-23T02:02:53.262Z,usb,1,3612849267,222310,56911360,256,8000,31.680
2026-07-23T02:02:53.294Z,usb,1,3612849267,222311,56911616,256,8000,31.680
2026-07-23T02:02:53.326Z,usb,1,3612849267,222312,56911872,256,8000,31.680
2026-07-23T02:02:53.357Z,usb,1,3612849267,222313,56912128,256,8000,31.680
2026-07-23T02:02:53.390Z,usb,1,3612849267,222314,56912384,256,8000,31.680
2026-07-23T02:02:53.422Z,usb,1,3612849267,222315,56912640,256,8000,31.680
2026-07-23T02:02:53.454Z,usb,1,3612849267,222316,56912896,256,8000,31.680
2026-07-23T02:02:53.486Z,usb,1,3612849267,222317,56913152,256,8000,31.680
2026-07-23T02:02:53.518Z,usb,1,3612849267,222318,56913408,256,8000,31.680
2026-07-23T02:02:53.549Z,usb,1,3612849267,222319,56913664,256,8000,31.680
2026-07-23T02:02:53.582Z,usb,1,3612849267,222320,56913920,256,8000,31.680
2026-07-23T02:02:53.614Z,usb,1,3612849267,222321,56914176,256,8000,31.680
2026-07-23T02:02:53.646Z,usb,1,3612849267,222322,56914432,256,8000,31.680
2026-07-23T02:02:53.678Z,usb,1,3612849267,222323,56914688,256,8000,31.680
2026-07-23T02:02:53.710Z,usb,1,3612849267,222324,56914944,256,8000,31.680
2026-07-23T02:02:53.741Z,usb,1,3612849267,222325,56915200,256,8000,31.680
2026-07-23T02:02:53.773Z,usb,1,3612849267,222326,56915456,256,8000,31.680
2026-07-23T02:02:53.806Z,usb,1,3612849267,222327,56915712,256,8000,31.680
2026-07-23T02:02:53.838Z,usb,1,3612849267,222328,56915968,256,8000,31.680
2026-07-23T02:02:53.870Z,usb,1,3612849267,222329,56916224,256,8000,31.680
2026-07-23T02:02:53.902Z,usb,1,3612849267,222330,56916480,256,8000,31.680
2026-07-23T02:02:53.934Z,usb,1,3612849267,222331,56916736,256,8000,31.680
2026-07-23T02:02:53.966Z,usb,1,3612849267,222332,56916992,256,8000,31.680
2026-07-23T02:02:53.998Z,usb,1,3612849267,222333,56917248,256,8000,31.680
2026-07-23T02:02:54.029Z,usb,1,3612849267,222334,56917504,256,8000,31.680
2026-07-23T02:02:54.062Z,usb,1,3612849267,222335,56917760,256,8000,31.680
2026-07-23T02:02:54.094Z,usb,1,3612849267,222336,56918016,256,8000,31.680
2026-07-23T02:02:54.125Z,usb,1,3612849267,222337,56918272,256,8000,31.680
2026-07-23T02:02:54.157Z,usb,1,3612849267,222338,56918528,256,8000,31.680
2026-07-23T02:02:54.189Z,usb,1,3612849267,222339,56918784,256,8000,31.680
2026-07-23T02:02:54.222Z,usb,1,3612849267,222340,56919040,256,8000,31.690
2026-07-23T02:02:54.254Z,usb,1,3612849267,222341,56919296,256,8000,31.690
2026-07-23T02:02:54.286Z,usb,1,3612849267,222342,56919552,256,8000,31.690
2026-07-23T02:02:54.318Z,usb,1,3612849267,222343,56919808,256,8000,31.690
2026-07-23T02:02:54.350Z,usb,1,3612849267,222344,56920064,256,8000,31.690
2026-07-23T02:02:54.382Z,usb,1,3612849267,222345,56920320,256,8000,31.690
2026-07-23T02:02:54.413Z,usb,1,3612849267,222346,56920576,256,8000,31.690
2026-07-23T02:02:54.445Z,usb,1,3612849267,222347,56920832,256,8000,31.690
2026-07-23T02:02:54.477Z,usb,1,3612849267,222348,56921088,256,8000,31.690
2026-07-23T02:02:54.510Z,usb,1,3612849267,222349,56921344,256,8000,31.690
2026-07-23T02:02:54.542Z,usb,1,3612849267,222350,56921600,256,8000,31.690
2026-07-23T02:02:54.574Z,usb,1,3612849267,222351,56921856,256,8000,31.690
2026-07-23T02:02:54.606Z,usb,1,3612849267,222352,56922112,256,8000,31.690
2026-07-23T02:02:54.638Z,usb,1,3612849267,222353,56922368,256,8000,31.690
2026-07-23T02:02:54.670Z,usb,1,3612849267,222354,56922624,256,8000,31.690
2026-07-23T02:02:54.702Z,usb,1,3612849267,222355,56922880,256,8000,31.690
2026-07-23T02:02:54.734Z,usb,1,3612849267,222356,56923136,256,8000,31.690
2026-07-23T02:02:54.766Z,usb,1,3612849267,222357,56923392,256,8000,31.690
2026-07-23T02:02:54.797Z,usb,1,3612849267,222358,56923648,256,8000,31.690
2026-07-23T02:02:54.830Z,usb,1,3612849267,222359,56923904,256,8000,31.690
2026-07-23T02:02:54.862Z,usb,1,3612849267,222360,56924160,256,8000,31.690
2026-07-23T02:02:54.894Z,usb,1,3612849267,222361,56924416,256,8000,31.690
2026-07-23T02:02:54.926Z,usb,1,3612849267,222362,56924672,256,8000,31.690
2026-07-23T02:02:54.958Z,usb,1,3612849267,222363,56924928,256,8000,31.690
2026-07-23T02:02:54.990Z,usb,1,3612849267,222364,56925184,256,8000,31.690
2026-07-23T02:02:55.022Z,usb,1,3612849267,222365,56925440,256,8000,31.690
2026-07-23T02:02:55.054Z,usb,1,3612849267,222366,56925696,256,8000,31.690
2026-07-23T02:02:55.086Z,usb,1,3612849267,222367,56925952,256,8000,31.690
2026-07-23T02:02:55.117Z,usb,1,3612849267,222368,56926208,256,8000,31.690
2026-07-23T02:02:55.149Z,usb,1,3612849267,222369,56926464,256,8000,31.690
2026-07-23T02:02:55.181Z,usb,1,3612849267,222370,56926720,256,8000,31.690
2026-07-23T02:02:55.218Z,usb,1,3612849267,222371,56926976,256,8000,31.690
2026-07-23T02:02:55.247Z,usb,1,3612849267,222372,56927232,256,8000,31.690
2026-07-23T02:02:55.278Z,usb,1,3612849267,222373,56927488,256,8000,31.690
2026-07-23T02:02:55.310Z,usb,1,3612849267,222374,56927744,256,8000,31.690
2026-07-23T02:02:55.342Z,usb,1,3612849267,222375,56928000,256,8000,31.690
2026-07-23T02:02:55.374Z,usb,1,3612849267,222376,56928256,256,8000,31.690
2026-07-23T02:02:55.406Z,usb,1,3612849267,222377,56928512,256,8000,31.690
2026-07-23T02:02:55.438Z,usb,1,3612849267,222378,56928768,256,8000,31.690
2026-07-23T02:02:55.470Z,usb,1,3612849267,222379,56929024,256,8000,31.690
2026-07-23T02:02:55.502Z,usb,1,3612849267,222380,56929280,256,8000,31.690
2026-07-23T02:02:55.534Z,usb,1,3612849267,222381,56929536,256,8000,31.690
2026-07-23T02:02:55.566Z,usb,1,3612849267,222382,56929792,256,8000,31.690
2026-07-23T02:02:55.598Z,usb,1,3612849267,222383,56930048,256,8000,31.690
2026-07-23T02:02:55.630Z,usb,1,3612849267,222384,56930304,256,8000,31.690
2026-07-23T02:02:55.662Z,usb,1,3612849267,222385,56930560,256,8000,31.690
2026-07-23T02:02:55.694Z,usb,1,3612849267,222386,56930816,256,8000,31.690
2026-07-23T02:02:55.726Z,usb,1,3612849267,222387,56931072,256,8000,31.690
2026-07-23T02:02:55.757Z,usb,1,3612849267,222388,56931328,256,8000,31.690
2026-07-23T02:02:55.790Z,usb,1,3612849267,222389,56931584,256,8000,31.690
2026-07-23T02:02:55.822Z,usb,1,3612849267,222390,56931840,256,8000,31.690
2026-07-23T02:02:55.854Z,usb,1,3612849267,222391,56932096,256,8000,31.690
2026-07-23T02:02:55.886Z,usb,1,3612849267,222392,56932352,256,8000,31.690
2026-07-23T02:02:55.918Z,usb,1,3612849267,222393,56932608,256,8000,31.690
2026-07-23T02:02:55.949Z,usb,1,3612849267,222394,56932864,256,8000,31.690
2026-07-23T02:02:55.982Z,usb,1,3612849267,222395,56933120,256,8000,31.690
2026-07-23T02:02:56.014Z,usb,1,3612849267,222396,56933376,256,8000,31.690
2026-07-23T02:02:56.045Z,usb,1,3612849267,222397,56933632,256,8000,31.690
2026-07-23T02:02:56.077Z,usb,1,3612849267,222398,56933888,256,8000,31.690
2026-07-23T02:02:56.109Z,usb,1,3612849267,222399,56934144,256,8000,31.690
2026-07-23T02:02:56.141Z,usb,1,3612849267,222400,56934400,256,8000,31.690
2026-07-23T02:02:56.174Z,usb,1,3612849267,222401,56934656,256,8000,31.690
2026-07-23T02:02:56.205Z,usb,1,3612849267,222402,56934912,256,8000,31.690
2026-07-23T02:02:56.237Z,usb,1,3612849267,222403,56935168,256,8000,31.690
2026-07-23T02:02:56.270Z,usb,1,3612849267,222404,56935424,256,8000,31.690
2026-07-23T02:02:56.301Z,usb,1,3612849267,222405,56935680,256,8000,31.690
2026-07-23T02:02:56.333Z,usb,1,3612849267,222406,56935936,256,8000,31.690
2026-07-23T02:02:56.365Z,usb,1,3612849267,222407,56936192,256,8000,31.690
2026-07-23T02:02:56.398Z,usb,1,3612849267,222408,56936448,256,8000,31.690
2026-07-23T02:02:56.430Z,usb,1,3612849267,222409,56936704,256,8000,31.690
2026-07-23T02:02:56.462Z,usb,1,3612849267,222410,56936960,256,8000,31.690
2026-07-23T02:02:56.494Z,usb,1,3612849267,222411,56937216,256,8000,31.690
2026-07-23T02:02:56.526Z,usb,1,3612849267,222412,56937472,256,8000,31.690
2026-07-23T02:02:56.557Z,usb,1,3612849267,222413,56937728,256,8000,31.690
2026-07-23T02:02:56.590Z,usb,1,3612849267,222414,56937984,256,8000,31.690
2026-07-23T02:02:56.622Z,usb,1,3612849267,222415,56938240,256,8000,31.690
2026-07-23T02:02:56.654Z,usb,1,3612849267,222416,56938496,256,8000,31.690
2026-07-23T02:02:56.686Z,usb,1,3612849267,222417,56938752,256,8000,31.690
2026-07-23T02:02:56.718Z,usb,1,3612849267,222418,56939008,256,8000,31.690
2026-07-23T02:02:56.750Z,usb,1,3612849267,222419,56939264,256,8000,31.690
2026-07-23T02:02:56.781Z,usb,1,3612849267,222420,56939520,256,8000,31.690
2026-07-23T02:02:56.814Z,usb,1,3612849267,222421,56939776,256,8000,31.690
2026-07-23T02:02:56.846Z,usb,1,3612849267,222422,56940032,256,8000,31.690
2026-07-23T02:02:56.878Z,usb,1,3612849267,222423,56940288,256,8000,31.690
2026-07-23T02:02:56.910Z,usb,1,3612849267,222424,56940544,256,8000,31.690
2026-07-23T02:02:56.941Z,usb,1,3612849267,222425,56940800,256,8000,31.690
2026-07-23T02:02:56.974Z,usb,1,3612849267,222426,56941056,256,8000,31.690
2026-07-23T02:02:57.006Z,usb,1,3612849267,222427,56941312,256,8000,31.690
2026-07-23T02:02:57.038Z,usb,1,3612849267,222428,56941568,256,8000,31.690
2026-07-23T02:02:57.069Z,usb,1,3612849267,222429,56941824,256,8000,31.690
2026-07-23T02:02:57.101Z,usb,1,3612849267,222430,56942080,256,8000,31.690
2026-07-23T02:02:57.133Z,usb,1,3612849267,222431,56942336,256,8000,31.690
2026-07-23T02:02:57.166Z,usb,1,3612849267,222432,56942592,256,8000,31.690
2026-07-23T02:02:57.198Z,usb,1,3612849267,222433,56942848,256,8000,31.690
2026-07-23T02:02:57.230Z,usb,1,3612849267,222434,56943104,256,8000,31.690
2026-07-23T02:02:57.262Z,usb,1,3612849267,222435,56943360,256,8000,31.690
2026-07-23T02:02:57.294Z,usb,1,3612849267,222436,56943616,256,8000,31.690
2026-07-23T02:02:57.325Z,usb,1,3612849267,222437,56943872,256,8000,31.690
2026-07-23T02:02:57.358Z,usb,1,3612849267,222438,56944128,256,8000,31.690
2026-07-23T02:02:57.390Z,usb,1,3612849267,222439,56944384,256,8000,31.690
2026-07-23T02:02:57.421Z,usb,1,3612849267,222440,56944640,256,8000,31.690
2026-07-23T02:02:57.454Z,usb,1,3612849267,222441,56944896,256,8000,31.690
2026-07-23T02:02:57.486Z,usb,1,3612849267,222442,56945152,256,8000,31.690
2026-07-23T02:02:57.518Z,usb,1,3612849267,222443,56945408,256,8000,31.690
2026-07-23T02:02:57.550Z,usb,1,3612849267,222444,56945664,256,8000,31.690
2026-07-23T02:02:57.581Z,usb,1,3612849267,222445,56945920,256,8000,31.690
2026-07-23T02:02:57.614Z,usb,1,3612849267,222446,56946176,256,8000,31.690
2026-07-23T02:02:57.646Z,usb,1,3612849267,222447,56946432,256,8000,31.690
2026-07-23T02:02:57.678Z,usb,1,3612849267,222448,56946688,256,8000,31.690
2026-07-23T02:02:57.710Z,usb,1,3612849267,222449,56946944,256,8000,31.690
2026-07-23T02:02:57.741Z,usb,1,3612849267,222450,56947200,256,8000,31.690
2026-07-23T02:02:57.774Z,usb,1,3612849267,222451,56947456,256,8000,31.690
2026-07-23T02:02:57.806Z,usb,1,3612849267,222452,56947712,256,8000,31.690
2026-07-23T02:02:57.838Z,usb,1,3612849267,222453,56947968,256,8000,31.690
2026-07-23T02:02:57.870Z,usb,1,3612849267,222454,56948224,256,8000,31.690
2026-07-23T02:02:57.901Z,usb,1,3612849267,222455,56948480,256,8000,31.690
2026-07-23T02:02:57.934Z,usb,1,3612849267,222456,56948736,256,8000,31.690
2026-07-23T02:02:57.966Z,usb,1,3612849267,222457,56948992,256,8000,31.690
2026-07-23T02:02:57.998Z,usb,1,3612849267,222458,56949248,256,8000,31.690
2026-07-23T02:02:58.030Z,usb,1,3612849267,222459,56949504,256,8000,31.690
2026-07-23T02:02:58.061Z,usb,1,3612849267,222460,56949760,256,8000,31.690
2026-07-23T02:02:58.094Z,usb,1,3612849267,222461,56950016,256,8000,31.690
2026-07-23T02:02:58.126Z,usb,1,3612849267,222462,56950272,256,8000,31.690
2026-07-23T02:02:58.158Z,usb,1,3612849267,222463,56950528,256,8000,31.690
2026-07-23T02:02:58.190Z,usb,1,3612849267,222464,56950784,256,8000,31.690
2026-07-23T02:02:58.222Z,usb,1,3612849267,222465,56951040,256,8000,31.690
2026-07-23T02:02:58.254Z,usb,1,3612849267,222466,56951296,256,8000,31.690
2026-07-23T02:02:58.286Z,usb,1,3612849267,222467,56951552,256,8000,31.690
2026-07-23T02:02:58.318Z,usb,1,3612849267,222468,56951808,256,8000,31.690
2026-07-23T02:02:58.349Z,usb,1,3612849267,222469,56952064,256,8000,31.690
2026-07-23T02:02:58.381Z,usb,1,3612849267,222470,56952320,256,8000,31.690
2026-07-23T02:02:58.413Z,usb,1,3612849267,222471,56952576,256,8000,31.690
2026-07-23T02:02:58.445Z,usb,1,3612849267,222472,56952832,256,8000,31.690
2026-07-23T02:02:58.477Z,usb,1,3612849267,222473,56953088,256,8000,31.690
2026-07-23T02:02:58.510Z,usb,1,3612849267,222474,56953344,256,8000,31.690
2026-07-23T02:02:58.542Z,usb,1,3612849267,222475,56953600,256,8000,31.690
2026-07-23T02:02:58.573Z,usb,1,3612849267,222476,56953856,256,8000,31.690
2026-07-23T02:02:58.606Z,usb,1,3612849267,222477,56954112,256,8000,31.690
2026-07-23T02:02:58.638Z,usb,1,3612849267,222478,56954368,256,8000,31.690
2026-07-23T02:02:58.669Z,usb,1,3612849267,222479,56954624,256,8000,31.690
2026-07-23T02:02:58.701Z,usb,1,3612849267,222480,56954880,256,8000,31.690
2026-07-23T02:02:58.734Z,usb,1,3612849267,222481,56955136,256,8000,31.690
2026-07-23T02:02:58.766Z,usb,1,3612849267,222482,56955392,256,8000,31.690
2026-07-23T02:02:58.797Z,usb,1,3612849267,222483,56955648,256,8000,31.690
2026-07-23T02:02:58.830Z,usb,1,3612849267,222484,56955904,256,8000,31.690
2026-07-23T02:02:58.861Z,usb,1,3612849267,222485,56956160,256,8000,31.690
2026-07-23T02:02:58.893Z,usb,1,3612849267,222486,56956416,256,8000,31.690
2026-07-23T02:02:58.926Z,usb,1,3612849267,222487,56956672,256,8000,31.690
2026-07-23T02:02:58.958Z,usb,1,3612849267,222488,56956928,256,8000,31.690
2026-07-23T02:02:58.990Z,usb,1,3612849267,222489,56957184,256,8000,31.690
2026-07-23T02:02:59.022Z,usb,1,3612849267,222490,56957440,256,8000,31.690
2026-07-23T02:02:59.053Z,usb,1,3612849267,222491,56957696,256,8000,31.690
2026-07-23T02:02:59.085Z,usb,1,3612849267,222492,56957952,256,8000,31.690
2026-07-23T02:02:59.118Z,usb,1,3612849267,222493,56958208,256,8000,31.690
2026-07-23T02:02:59.150Z,usb,1,3612849267,222494,56958464,256,8000,31.690
2026-07-23T02:02:59.182Z,usb,1,3612849267,222495,56958720,256,8000,31.690
2026-07-23T02:02:59.213Z,usb,1,3612849267,222496,56958976,256,8000,31.690
2026-07-23T02:02:59.245Z,usb,1,3612849267,222497,56959232,256,8000,31.690
2026-07-23T02:02:59.277Z,usb,1,3612849267,222498,56959488,256,8000,31.690
2026-07-23T02:02:59.309Z,usb,1,3612849267,222499,56959744,256,8000,31.690
2026-07-23T02:02:59.342Z,usb,1,3612849267,222500,56960000,256,8000,31.690
2026-07-23T02:02:59.374Z,usb,1,3612849267,222501,56960256,256,8000,31.690
2026-07-23T02:02:59.406Z,usb,1,3612849267,222502,56960512,256,8000,31.690
2026-07-23T02:02:59.438Z,usb,1,3612849267,222503,56960768,256,8000,31.690
2026-07-23T02:02:59.470Z,usb,1,3612849267,222504,56961024,256,8000,31.690
2026-07-23T02:02:59.502Z,usb,1,3612849267,222505,56961280,256,8000,31.690
2026-07-23T02:02:59.534Z,usb,1,3612849267,222506,56961536,256,8000,31.690
2026-07-23T02:02:59.566Z,usb,1,3612849267,222507,56961792,256,8000,31.690
2026-07-23T02:02:59.598Z,usb,1,3612849267,222508,56962048,256,8000,31.690
2026-07-23T02:02:59.629Z,usb,1,3612849267,222509,56962304,256,8000,31.690
2026-07-23T02:02:59.662Z,usb,1,3612849267,222510,56962560,256,8000,31.690
2026-07-23T02:02:59.693Z,usb,1,3612849267,222511,56962816,256,8000,31.690
2026-07-23T02:02:59.726Z,usb,1,3612849267,222512,56963072,256,8000,31.690
2026-07-23T02:02:59.758Z,usb,1,3612849267,222513,56963328,256,8000,31.690
2026-07-23T02:02:59.790Z,usb,1,3612849267,222514,56963584,256,8000,31.690
2026-07-23T02:02:59.822Z,usb,1,3612849267,222515,56963840,256,8000,31.690
2026-07-23T02:02:59.854Z,usb,1,3612849267,222516,56964096,256,8000,31.690
2026-07-23T02:02:59.885Z,usb,1,3612849267,222517,56964352,256,8000,31.690
2026-07-23T02:02:59.918Z,usb,1,3612849267,222518,56964608,256,8000,31.690
2026-07-23T02:02:59.950Z,usb,1,3612849267,222519,56964864,256,8000,31.690
2026-07-23T02:02:59.982Z,usb,1,3612849267,222520,56965120,256,8000,31.690
2026-07-23T02:03:00.014Z,usb,1,3612849267,222521,56965376,256,8000,31.690
2026-07-23T02:03:00.046Z,usb,1,3612849267,222522,56965632,256,8000,31.690
2026-07-23T02:03:00.078Z,usb,1,3612849267,222523,56965888,256,8000,31.690
2026-07-23T02:03:00.109Z,usb,1,3612849267,222524,56966144,256,8000,31.690
2026-07-23T02:03:00.141Z,usb,1,3612849267,222525,56966400,256,8000,31.690
2026-07-23T02:03:00.174Z,usb,1,3612849267,222526,56966656,256,8000,31.690
2026-07-23T02:03:00.206Z,usb,1,3612849267,222527,56966912,256,8000,31.690
2026-07-23T02:03:00.238Z,usb,1,3612849267,222528,56967168,256,8000,31.690
2026-07-23T02:03:00.270Z,usb,1,3612849267,222529,56967424,256,8000,31.690
2026-07-23T02:03:00.302Z,usb,1,3612849267,222530,56967680,256,8000,31.690
2026-07-23T02:03:00.333Z,usb,1,3612849267,222531,56967936,256,8000,31.690
2026-07-23T02:03:00.366Z,usb,1,3612849267,222532,56968192,256,8000,31.690
2026-07-23T02:03:00.398Z,usb,1,3612849267,222533,56968448,256,8000,31.690
2026-07-23T02:03:00.430Z,usb,1,3612849267,222534,56968704,256,8000,31.690
2026-07-23T02:03:00.462Z,usb,1,3612849267,222535,56968960,256,8000,31.690
2026-07-23T02:03:00.494Z,usb,1,3612849267,222536,56969216,256,8000,31.690
2026-07-23T02:03:00.525Z,usb,1,3612849267,222537,56969472,256,8000,31.690
2026-07-23T02:03:00.558Z,usb,1,3612849267,222538,56969728,256,8000,31.690
2026-07-23T02:03:00.590Z,usb,1,3612849267,222539,56969984,256,8000,31.690
2026-07-23T02:03:00.621Z,usb,1,3612849267,222540,56970240,256,8000,31.690
2026-07-23T02:03:00.654Z,usb,1,3612849267,222541,56970496,256,8000,31.690
2026-07-23T02:03:00.686Z,usb,1,3612849267,222542,56970752,256,8000,31.690
2026-07-23T02:03:00.718Z,usb,1,3612849267,222543,56971008,256,8000,31.690
2026-07-23T02:03:00.750Z,usb,1,3612849267,222544,56971264,256,8000,31.690
2026-07-23T02:03:00.782Z,usb,1,3612849267,222545,56971520,256,8000,31.690
2026-07-23T02:03:00.814Z,usb,1,3612849267,222546,56971776,256,8000,31.690
2026-07-23T02:03:00.846Z,usb,1,3612849267,222547,56972032,256,8000,31.690
2026-07-23T02:03:00.878Z,usb,1,3612849267,222548,56972288,256,8000,31.690
2026-07-23T02:03:00.909Z,usb,1,3612849267,222549,56972544,256,8000,31.690
2026-07-23T02:03:00.942Z,usb,1,3612849267,222550,56972800,256,8000,31.690
2026-07-23T02:03:00.974Z,usb,1,3612849267,222551,56973056,256,8000,31.690
2026-07-23T02:03:01.006Z,usb,1,3612849267,222552,56973312,256,8000,31.690
2026-07-23T02:03:01.038Z,usb,1,3612849267,222553,56973568,256,8000,31.690
2026-07-23T02:03:01.070Z,usb,1,3612849267,222554,56973824,256,8000,31.690
2026-07-23T02:03:01.102Z,usb,1,3612849267,222555,56974080,256,8000,31.690
2026-07-23T02:03:01.134Z,usb,1,3612849267,222556,56974336,256,8000,31.690
2026-07-23T02:03:01.166Z,usb,1,3612849267,222557,56974592,256,8000,31.690
2026-07-23T02:03:01.198Z,usb,1,3612849267,222558,56974848,256,8000,31.690
2026-07-23T02:03:01.229Z,usb,1,3612849267,222559,56975104,256,8000,31.690
2026-07-23T02:03:01.262Z,usb,1,3612849267,222560,56975360,256,8000,31.690
2026-07-23T02:03:01.294Z,usb,1,3612849267,222561,56975616,256,8000,31.690
2026-07-23T02:03:01.326Z,usb,1,3612849267,222562,56975872,256,8000,31.690
2026-07-23T02:03:01.358Z,usb,1,3612849267,222563,56976128,256,8000,31.690
2026-07-23T02:03:01.390Z,usb,1,3612849267,222564,56976384,256,8000,31.680
2026-07-23T02:03:01.422Z,usb,1,3612849267,222565,56976640,256,8000,31.680
2026-07-23T02:03:01.454Z,usb,1,3612849267,222566,56976896,256,8000,31.680
2026-07-23T02:03:01.486Z,usb,1,3612849267,222567,56977152,256,8000,31.680
2026-07-23T02:03:01.517Z,usb,1,3612849267,222568,56977408,256,8000,31.680
2026-07-23T02:03:01.550Z,usb,1,3612849267,222569,56977664,256,8000,31.680
2026-07-23T02:03:01.582Z,usb,1,3612849267,222570,56977920,256,8000,31.680
2026-07-23T02:03:01.614Z,usb,1,3612849267,222571,56978176,256,8000,31.680
2026-07-23T02:03:01.646Z,usb,1,3612849267,222572,56978432,256,8000,31.680
2026-07-23T02:03:01.678Z,usb,1,3612849267,222573,56978688,256,8000,31.680
2026-07-23T02:03:01.710Z,usb,1,3612849267,222574,56978944,256,8000,31.680
2026-07-23T02:03:01.741Z,usb,1,3612849267,222575,56979200,256,8000,31.680
2026-07-23T02:03:01.774Z,usb,1,3612849267,222576,56979456,256,8000,31.680
2026-07-23T02:03:01.806Z,usb,1,3612849267,222577,56979712,256,8000,31.680
2026-07-23T02:03:01.837Z,usb,1,3612849267,222578,56979968,256,8000,31.680
2026-07-23T02:03:01.869Z,usb,1,3612849267,222579,56980224,256,8000,31.680
2026-07-23T02:03:01.901Z,usb,1,3612849267,222580,56980480,256,8000,31.680
2026-07-23T02:03:01.934Z,usb,1,3612849267,222581,56980736,256,8000,31.680
2026-07-23T02:03:01.966Z,usb,1,3612849267,222582,56980992,256,8000,31.680
2026-07-23T02:03:01.998Z,usb,1,3612849267,222583,56981248,256,8000,31.680
2026-07-23T02:03:02.030Z,usb,1,3612849267,222584,56981504,256,8000,31.680
2026-07-23T02:03:02.062Z,usb,1,3612849267,222585,56981760,256,8000,31.680
2026-07-23T02:03:02.094Z,usb,1,3612849267,222586,56982016,256,8000,31.680
2026-07-23T02:03:02.126Z,usb,1,3612849267,222587,56982272,256,8000,31.680
2026-07-23T02:03:02.158Z,usb,1,3612849267,222588,56982528,256,8000,31.680
2026-07-23T02:03:02.190Z,usb,1,3612849267,222589,56982784,256,8000,31.680
2026-07-23T02:03:02.222Z,usb,1,3612849267,222590,56983040,256,8000,31.680
2026-07-23T02:03:02.254Z,usb,1,3612849267,222591,56983296,256,8000,31.680
2026-07-23T02:03:02.286Z,usb,1,3612849267,222592,56983552,256,8000,31.680
2026-07-23T02:03:02.318Z,usb,1,3612849267,222593,56983808,256,8000,31.680
2026-07-23T02:03:02.353Z,usb,1,3612849267,222594,56984064,256,8000,31.680
2026-07-23T02:03:02.381Z,usb,1,3612849267,222595,56984320,256,8000,31.680
2026-07-23T02:03:02.414Z,usb,1,3612849267,222596,56984576,256,8000,31.680
2026-07-23T02:03:02.445Z,usb,1,3612849267,222597,56984832,256,8000,31.680
2026-07-23T02:03:02.477Z,usb,1,3612849267,222598,56985088,256,8000,31.680
2026-07-23T02:03:02.510Z,usb,1,3612849267,222599,56985344,256,8000,31.680
2026-07-23T02:03:02.541Z,usb,1,3612849267,222600,56985600,256,8000,31.680
2026-07-23T02:03:02.573Z,usb,1,3612849267,222601,56985856,256,8000,31.680
2026-07-23T02:03:02.606Z,usb,1,3612849267,222602,56986112,256,8000,31.680
2026-07-23T02:03:02.637Z,usb,1,3612849267,222603,56986368,256,8000,31.680
2026-07-23T02:03:02.670Z,usb,1,3612849267,222604,56986624,256,8000,31.680
2026-07-23T02:03:02.702Z,usb,1,3612849267,222605,56986880,256,8000,31.680
2026-07-23T02:03:02.733Z,usb,1,3612849267,222606,56987136,256,8000,31.680
2026-07-23T02:03:02.765Z,usb,1,3612849267,222607,56987392,256,8000,31.680
2026-07-23T02:03:02.798Z,usb,1,3612849267,222608,56987648,256,8000,31.680
2026-07-23T02:03:02.830Z,usb,1,3612849267,222609,56987904,256,8000,31.680
2026-07-23T02:03:02.862Z,usb,1,3612849267,222610,56988160,256,8000,31.680
2026-07-23T02:03:02.894Z,usb,1,3612849267,222611,56988416,256,8000,31.680
2026-07-23T02:03:02.926Z,usb,1,3612849267,222612,56988672,256,8000,31.680
2026-07-23T02:03:02.958Z,usb,1,3612849267,222613,56988928,256,8000,31.680
2026-07-23T02:03:02.990Z,usb,1,3612849267,222614,56989184,256,8000,31.680
2026-07-23T02:03:03.022Z,usb,1,3612849267,222615,56989440,256,8000,31.680
2026-07-23T02:03:03.054Z,usb,1,3612849267,222616,56989696,256,8000,31.680
2026-07-23T02:03:03.086Z,usb,1,3612849267,222617,56989952,256,8000,31.680
2026-07-23T02:03:03.118Z,usb,1,3612849267,222618,56990208,256,8000,31.680
2026-07-23T02:03:03.150Z,usb,1,3612849267,222619,56990464,256,8000,31.680
2026-07-23T02:03:03.182Z,usb,1,3612849267,222620,56990720,256,8000,31.680
2026-07-23T02:03:03.214Z,usb,1,3612849267,222621,56990976,256,8000,31.680
2026-07-23T02:03:03.245Z,usb,1,3612849267,222622,56991232,256,8000,31.680
2026-07-23T02:03:03.278Z,usb,1,3612849267,222623,56991488,256,8000,31.680
2026-07-23T02:03:03.310Z,usb,1,3612849267,222624,56991744,256,8000,31.680
2026-07-23T02:03:03.342Z,usb,1,3612849267,222625,56992000,256,8000,31.680
2026-07-23T02:03:03.374Z,usb,1,3612849267,222626,56992256,256,8000,31.680
2026-07-23T02:03:03.406Z,usb,1,3612849267,222627,56992512,256,8000,31.680
2026-07-23T02:03:03.438Z,usb,1,3612849267,222628,56992768,256,8000,31.690
2026-07-23T02:03:03.470Z,usb,1,3612849267,222629,56993024,256,8000,31.690
2026-07-23T02:03:03.502Z,usb,1,3612849267,222630,56993280,256,8000,31.690
2026-07-23T02:03:03.534Z,usb,1,3612849267,222631,56993536,256,8000,31.690
2026-07-23T02:03:03.565Z,usb,1,3612849267,222632,56993792,256,8000,31.690
2026-07-23T02:03:03.597Z,usb,1,3612849267,222633,56994048,256,8000,31.690
2026-07-23T02:03:03.630Z,usb,1,3612849267,222634,56994304,256,8000,31.690
2026-07-23T02:03:03.662Z,usb,1,3612849267,222635,56994560,256,8000,31.690
2026-07-23T02:03:03.694Z,usb,1,3612849267,222636,56994816,256,8000,31.690
2026-07-23T02:03:03.726Z,usb,1,3612849267,222637,56995072,256,8000,31.690
2026-07-23T02:03:03.757Z,usb,1,3612849267,222638,56995328,256,8000,31.690
2026-07-23T02:03:03.789Z,usb,1,3612849267,222639,56995584,256,8000,31.690
2026-07-23T02:03:03.821Z,usb,1,3612849267,222640,56995840,256,8000,31.690
2026-07-23T02:03:03.854Z,usb,1,3612849267,222641,56996096,256,8000,31.690
2026-07-23T02:03:03.885Z,usb,1,3612849267,222642,56996352,256,8000,31.690
2026-07-23T02:03:03.918Z,usb,1,3612849267,222643,56996608,256,8000,31.690
2026-07-23T02:03:03.949Z,usb,1,3612849267,222644,56996864,256,8000,31.690
2026-07-23T02:03:03.982Z,usb,1,3612849267,222645,56997120,256,8000,31.690
2026-07-23T02:03:04.013Z,usb,1,3612849267,222646,56997376,256,8000,31.690
2026-07-23T02:03:04.046Z,usb,1,3612849267,222647,56997632,256,8000,31.690
2026-07-23T02:03:04.077Z,usb,1,3612849267,222648,56997888,256,8000,31.690
2026-07-23T02:03:04.110Z,usb,1,3612849267,222649,56998144,256,8000,31.690
2026-07-23T02:03:04.141Z,usb,1,3612849267,222650,56998400,256,8000,31.690
2026-07-23T02:03:04.173Z,usb,1,3612849267,222651,56998656,256,8000,31.690
2026-07-23T02:03:04.206Z,usb,1,3612849267,222652,56998912,256,8000,31.690
2026-07-23T02:03:04.237Z,usb,1,3612849267,222653,56999168,256,8000,31.690
2026-07-23T02:03:04.270Z,usb,1,3612849267,222654,56999424,256,8000,31.690
2026-07-23T02:03:04.302Z,usb,1,3612849267,222655,56999680,256,8000,31.690
2026-07-23T02:03:04.334Z,usb,1,3612849267,222656,56999936,256,8000,31.690
2026-07-23T02:03:04.365Z,usb,1,3612849267,222657,57000192,256,8000,31.690
2026-07-23T02:03:04.398Z,usb,1,3612849267,222658,57000448,256,8000,31.690
2026-07-23T02:03:04.430Z,usb,1,3612849267,222659,57000704,256,8000,31.690
2026-07-23T02:03:04.462Z,usb,1,3612849267,222660,57000960,256,8000,31.690
2026-07-23T02:03:04.494Z,usb,1,3612849267,222661,57001216,256,8000,31.690
2026-07-23T02:03:04.526Z,usb,1,3612849267,222662,57001472,256,8000,31.690
2026-07-23T02:03:04.558Z,usb,1,3612849267,222663,57001728,256,8000,31.690
2026-07-23T02:03:04.590Z,usb,1,3612849267,222664,57001984,256,8000,31.690
2026-07-23T02:03:04.622Z,usb,1,3612849267,222665,57002240,256,8000,31.690
2026-07-23T02:03:04.654Z,usb,1,3612849267,222666,57002496,256,8000,31.690
2026-07-23T02:03:04.686Z,usb,1,3612849267,222667,57002752,256,8000,31.690
2026-07-23T02:03:04.718Z,usb,1,3612849267,222668,57003008,256,8000,31.690
2026-07-23T02:03:04.750Z,usb,1,3612849267,222669,57003264,256,8000,31.690
2026-07-23T02:03:04.782Z,usb,1,3612849267,222670,57003520,256,8000,31.690
2026-07-23T02:03:04.814Z,usb,1,3612849267,222671,57003776,256,8000,31.690
2026-07-23T02:03:04.846Z,usb,1,3612849267,222672,57004032,256,8000,31.690
2026-07-23T02:03:04.878Z,usb,1,3612849267,222673,57004288,256,8000,31.690
2026-07-23T02:03:04.910Z,usb,1,3612849267,222674,57004544,256,8000,31.690
2026-07-23T02:03:04.942Z,usb,1,3612849267,222675,57004800,256,8000,31.690
2026-07-23T02:03:04.974Z,usb,1,3612849267,222676,57005056,256,8000,31.690
2026-07-23T02:03:05.006Z,usb,1,3612849267,222677,57005312,256,8000,31.690
2026-07-23T02:03:05.038Z,usb,1,3612849267,222678,57005568,256,8000,31.690
2026-07-23T02:03:05.070Z,usb,1,3612849267,222679,57005824,256,8000,31.690
2026-07-23T02:03:05.102Z,usb,1,3612849267,222680,57006080,256,8000,31.690
2026-07-23T02:03:05.133Z,usb,1,3612849267,222681,57006336,256,8000,31.690
2026-07-23T02:03:05.166Z,usb,1,3612849267,222682,57006592,256,8000,31.690
2026-07-23T02:03:05.197Z,usb,1,3612849267,222683,57006848,256,8000,31.690
2026-07-23T02:03:05.230Z,usb,1,3612849267,222684,57007104,256,8000,31.690
2026-07-23T02:03:05.262Z,usb,1,3612849267,222685,57007360,256,8000,31.690
2026-07-23T02:03:05.294Z,usb,1,3612849267,222686,57007616,256,8000,31.690
2026-07-23T02:03:05.326Z,usb,1,3612849267,222687,57007872,256,8000,31.690
2026-07-23T02:03:05.358Z,usb,1,3612849267,222688,57008128,256,8000,31.690
2026-07-23T02:03:05.390Z,usb,1,3612849267,222689,57008384,256,8000,31.690
2026-07-23T02:03:05.422Z,usb,1,3612849267,222690,57008640,256,8000,31.690
2026-07-23T02:03:05.454Z,usb,1,3612849267,222691,57008896,256,8000,31.690
2026-07-23T02:03:05.486Z,usb,1,3612849267,222692,57009152,256,8000,31.690
2026-07-23T02:03:05.518Z,usb,1,3612849267,222693,57009408,256,8000,31.690
2026-07-23T02:03:05.550Z,usb,1,3612849267,222694,57009664,256,8000,31.690
2026-07-23T02:03:05.582Z,usb,1,3612849267,222695,57009920,256,8000,31.690
2026-07-23T02:03:05.613Z,usb,1,3612849267,222696,57010176,256,8000,31.690
2026-07-23T02:03:05.645Z,usb,1,3612849267,222697,57010432,256,8000,31.690
2026-07-23T02:03:05.677Z,usb,1,3612849267,222698,57010688,256,8000,31.690
2026-07-23T02:03:05.709Z,usb,1,3612849267,222699,57010944,256,8000,31.690
2026-07-23T02:03:05.741Z,usb,1,3612849267,222700,57011200,256,8000,31.690
2026-07-23T02:03:05.773Z,usb,1,3612849267,222701,57011456,256,8000,31.690
2026-07-23T02:03:05.805Z,usb,1,3612849267,222702,57011712,256,8000,31.690
2026-07-23T02:03:05.837Z,usb,1,3612849267,222703,57011968,256,8000,31.690
2026-07-23T02:03:05.870Z,usb,1,3612849267,222704,57012224,256,8000,31.690
2026-07-23T02:03:05.902Z,usb,1,3612849267,222705,57012480,256,8000,31.690
2026-07-23T02:03:05.934Z,usb,1,3612849267,222706,57012736,256,8000,31.690
2026-07-23T02:03:05.966Z,usb,1,3612849267,222707,57012992,256,8000,31.690
2026-07-23T02:03:05.998Z,usb,1,3612849267,222708,57013248,256,8000,31.690
2026-07-23T02:03:06.030Z,usb,1,3612849267,222709,57013504,256,8000,31.690
2026-07-23T02:03:06.062Z,usb,1,3612849267,222710,57013760,256,8000,31.690
2026-07-23T02:03:06.094Z,usb,1,3612849267,222711,57014016,256,8000,31.690
2026-07-23T02:03:06.126Z,usb,1,3612849267,222712,57014272,256,8000,31.690
2026-07-23T02:03:06.158Z,usb,1,3612849267,222713,57014528,256,8000,31.690
2026-07-23T02:03:06.189Z,usb,1,3612849267,222714,57014784,256,8000,31.690
2026-07-23T02:03:06.221Z,usb,1,3612849267,222715,57015040,256,8000,31.690
2026-07-23T02:03:06.254Z,usb,1,3612849267,222716,57015296,256,8000,31.690
2026-07-23T02:03:06.285Z,usb,1,3612849267,222717,57015552,256,8000,31.690
2026-07-23T02:03:06.317Z,usb,1,3612849267,222718,57015808,256,8000,31.690
2026-07-23T02:03:06.350Z,usb,1,3612849267,222719,57016064,256,8000,31.690
2026-07-23T02:03:06.382Z,usb,1,3612849267,222720,57016320,256,8000,31.690
2026-07-23T02:03:06.414Z,usb,1,3612849267,222721,57016576,256,8000,31.690
2026-07-23T02:03:06.445Z,usb,1,3612849267,222722,57016832,256,8000,31.690
2026-07-23T02:03:06.478Z,usb,1,3612849267,222723,57017088,256,8000,31.690
2026-07-23T02:03:06.510Z,usb,1,3612849267,222724,57017344,256,8000,31.700
2026-07-23T02:03:06.541Z,usb,1,3612849267,222725,57017600,256,8000,31.700
2026-07-23T02:03:06.573Z,usb,1,3612849267,222726,57017856,256,8000,31.700
2026-07-23T02:03:06.605Z,usb,1,3612849267,222727,57018112,256,8000,31.700
2026-07-23T02:03:06.638Z,usb,1,3612849267,222728,57018368,256,8000,31.700
2026-07-23T02:03:06.670Z,usb,1,3612849267,222729,57018624,256,8000,31.700
2026-07-23T02:03:06.702Z,usb,1,3612849267,222730,57018880,256,8000,31.700
2026-07-23T02:03:06.734Z,usb,1,3612849267,222731,57019136,256,8000,31.700
2026-07-23T02:03:06.765Z,usb,1,3612849267,222732,57019392,256,8000,31.700
2026-07-23T02:03:06.798Z,usb,1,3612849267,222733,57019648,256,8000,31.700
2026-07-23T02:03:06.830Z,usb,1,3612849267,222734,57019904,256,8000,31.700
2026-07-23T02:03:06.862Z,usb,1,3612849267,222735,57020160,256,8000,31.700
2026-07-23T02:03:06.894Z,usb,1,3612849267,222736,57020416,256,8000,31.700
2026-07-23T02:03:06.926Z,usb,1,3612849267,222737,57020672,256,8000,31.700
2026-07-23T02:03:06.958Z,usb,1,3612849267,222738,57020928,256,8000,31.700
2026-07-23T02:03:06.990Z,usb,1,3612849267,222739,57021184,256,8000,31.700
2026-07-23T02:03:07.022Z,usb,1,3612849267,222740,57021440,256,8000,31.700
2026-07-23T02:03:07.054Z,usb,1,3612849267,222741,57021696,256,8000,31.700
2026-07-23T02:03:07.086Z,usb,1,3612849267,222742,57021952,256,8000,31.700
2026-07-23T02:03:07.118Z,usb,1,3612849267,222743,57022208,256,8000,31.700
2026-07-23T02:03:07.150Z,usb,1,3612849267,222744,57022464,256,8000,31.700
2026-07-23T02:03:07.182Z,usb,1,3612849267,222745,57022720,256,8000,31.700
2026-07-23T02:03:07.213Z,usb,1,3612849267,222746,57022976,256,8000,31.700
2026-07-23T02:03:07.246Z,usb,1,3612849267,222747,57023232,256,8000,31.700
2026-07-23T02:03:07.278Z,usb,1,3612849267,222748,57023488,256,8000,31.700
2026-07-23T02:03:07.310Z,usb,1,3612849267,222749,57023744,256,8000,31.700
2026-07-23T02:03:07.342Z,usb,1,3612849267,222750,57024000,256,8000,31.700
2026-07-23T02:03:07.374Z,usb,1,3612849267,222751,57024256,256,8000,31.700
2026-07-23T02:03:07.406Z,usb,1,3612849267,222752,57024512,256,8000,31.700
2026-07-23T02:03:07.438Z,usb,1,3612849267,222753,57024768,256,8000,31.700
2026-07-23T02:03:07.470Z,usb,1,3612849267,222754,57025024,256,8000,31.700
2026-07-23T02:03:07.502Z,usb,1,3612849267,222755,57025280,256,8000,31.700
2026-07-23T02:03:07.534Z,usb,1,3612849267,222756,57025536,256,8000,31.690
2026-07-23T02:03:07.565Z,usb,1,3612849267,222757,57025792,256,8000,31.690
2026-07-23T02:03:07.598Z,usb,1,3612849267,222758,57026048,256,8000,31.690
2026-07-23T02:03:07.630Z,usb,1,3612849267,222759,57026304,256,8000,31.690
2026-07-23T02:03:07.662Z,usb,1,3612849267,222760,57026560,256,8000,31.690
2026-07-23T02:03:07.693Z,usb,1,3612849267,222761,57026816,256,8000,31.690
2026-07-23T02:03:07.725Z,usb,1,3612849267,222762,57027072,256,8000,31.690
2026-07-23T02:03:07.758Z,usb,1,3612849267,222763,57027328,256,8000,31.690
2026-07-23T02:03:07.790Z,usb,1,3612849267,222764,57027584,256,8000,31.690
2026-07-23T02:03:07.822Z,usb,1,3612849267,222765,57027840,256,8000,31.690
2026-07-23T02:03:07.853Z,usb,1,3612849267,222766,57028096,256,8000,31.690
2026-07-23T02:03:07.886Z,usb,1,3612849267,222767,57028352,256,8000,31.690
2026-07-23T02:03:07.918Z,usb,1,3612849267,222768,57028608,256,8000,31.690
2026-07-23T02:03:07.950Z,usb,1,3612849267,222769,57028864,256,8000,31.690
2026-07-23T02:03:07.982Z,usb,1,3612849267,222770,57029120,256,8000,31.690
2026-07-23T02:03:08.013Z,usb,1,3612849267,222771,57029376,256,8000,31.690
2026-07-23T02:03:08.045Z,usb,1,3612849267,222772,57029632,256,8000,31.690
2026-07-23T02:03:08.078Z,usb,1,3612849267,222773,57029888,256,8000,31.690
2026-07-23T02:03:08.109Z,usb,1,3612849267,222774,57030144,256,8000,31.690
2026-07-23T02:03:08.141Z,usb,1,3612849267,222775,57030400,256,8000,31.690
2026-07-23T02:03:08.174Z,usb,1,3612849267,222776,57030656,256,8000,31.690
2026-07-23T02:03:08.206Z,usb,1,3612849267,222777,57030912,256,8000,31.690
2026-07-23T02:03:08.238Z,usb,1,3612849267,222778,57031168,256,8000,31.690
2026-07-23T02:03:08.270Z,usb,1,3612849267,222779,57031424,256,8000,31.690
2026-07-23T02:03:08.301Z,usb,1,3612849267,222780,57031680,256,8000,31.690
2026-07-23T02:03:08.334Z,usb,1,3612849267,222781,57031936,256,8000,31.690
2026-07-23T02:03:08.365Z,usb,1,3612849267,222782,57032192,256,8000,31.690
2026-07-23T02:03:08.398Z,usb,1,3612849267,222783,57032448,256,8000,31.690
2026-07-23T02:03:08.430Z,usb,1,3612849267,222784,57032704,256,8000,31.690
2026-07-23T02:03:08.461Z,usb,1,3612849267,222785,57032960,256,8000,31.690
2026-07-23T02:03:08.494Z,usb,1,3612849267,222786,57033216,256,8000,31.690
2026-07-23T02:03:08.525Z,usb,1,3612849267,222787,57033472,256,8000,31.690
2026-07-23T02:03:08.559Z,usb,1,3612849267,222788,57033728,256,8000,31.690
2026-07-23T02:03:08.589Z,usb,1,3612849267,222789,57033984,256,8000,31.690
2026-07-23T02:03:08.622Z,usb,1,3612849267,222790,57034240,256,8000,31.690
2026-07-23T02:03:08.654Z,usb,1,3612849267,222791,57034496,256,8000,31.690
2026-07-23T02:03:08.686Z,usb,1,3612849267,222792,57034752,256,8000,31.690
2026-07-23T02:03:08.718Z,usb,1,3612849267,222793,57035008,256,8000,31.690
2026-07-23T02:03:08.749Z,usb,1,3612849267,222794,57035264,256,8000,31.690
2026-07-23T02:03:08.781Z,usb,1,3612849267,222795,57035520,256,8000,31.690
2026-07-23T02:03:08.814Z,usb,1,3612849267,222796,57035776,256,8000,31.690
2026-07-23T02:03:08.845Z,usb,1,3612849267,222797,57036032,256,8000,31.690
2026-07-23T02:03:08.877Z,usb,1,3612849267,222798,57036288,256,8000,31.690
2026-07-23T02:03:08.909Z,usb,1,3612849267,222799,57036544,256,8000,31.690
2026-07-23T02:03:08.941Z,usb,1,3612849267,222800,57036800,256,8000,31.690
2026-07-23T02:03:08.974Z,usb,1,3612849267,222801,57037056,256,8000,31.690
2026-07-23T02:03:09.006Z,usb,1,3612849267,222802,57037312,256,8000,31.690
2026-07-23T02:03:09.039Z,usb,1,3612849267,222803,57037568,256,8000,31.690
2026-07-23T02:03:09.069Z,usb,1,3612849267,222804,57037824,256,8000,31.690
2026-07-23T02:03:09.102Z,usb,1,3612849267,222805,57038080,256,8000,31.690
2026-07-23T02:03:09.134Z,usb,1,3612849267,222806,57038336,256,8000,31.690
2026-07-23T02:03:09.166Z,usb,1,3612849267,222807,57038592,256,8000,31.690
2026-07-23T02:03:09.198Z,usb,1,3612849267,222808,57038848,256,8000,31.690
2026-07-23T02:03:09.230Z,usb,1,3612849267,222809,57039104,256,8000,31.690
2026-07-23T02:03:09.262Z,usb,1,3612849267,222810,57039360,256,8000,31.690
2026-07-23T02:03:09.294Z,usb,1,3612849267,222811,57039616,256,8000,31.690
2026-07-23T02:03:09.325Z,usb,1,3612849267,222812,57039872,256,8000,31.690
2026-07-23T02:03:09.358Z,usb,1,3612849267,222813,57040128,256,8000,31.690
2026-07-23T02:03:09.390Z,usb,1,3612849267,222814,57040384,256,8000,31.690
2026-07-23T02:03:09.422Z,usb,1,3612849267,222815,57040640,256,8000,31.690
2026-07-23T02:03:09.453Z,usb,1,3612849267,222816,57040896,256,8000,31.690
2026-07-23T02:03:09.486Z,usb,1,3612849267,222817,57041152,256,8000,31.690
2026-07-23T02:03:09.517Z,usb,1,3612849267,222818,57041408,256,8000,31.690
2026-07-23T02:03:09.549Z,usb,1,3612849267,222819,57041664,256,8000,31.690
2026-07-23T02:03:09.582Z,usb,1,3612849267,222820,57041920,256,8000,31.690
2026-07-23T02:03:09.613Z,usb,1,3612849267,222821,57042176,256,8000,31.690
2026-07-23T02:03:09.645Z,usb,1,3612849267,222822,57042432,256,8000,31.690
2026-07-23T02:03:09.677Z,usb,1,3612849267,222823,57042688,256,8000,31.690
2026-07-23T02:03:09.709Z,usb,1,3612849267,222824,57042944,256,8000,31.690
2026-07-23T02:03:09.741Z,usb,1,3612849267,222825,57043200,256,8000,31.690
2026-07-23T02:03:09.774Z,usb,1,3612849267,222826,57043456,256,8000,31.690
2026-07-23T02:03:09.806Z,usb,1,3612849267,222827,57043712,256,8000,31.690
2026-07-23T02:03:09.838Z,usb,1,3612849267,222828,57043968,256,8000,31.690
2026-07-23T02:03:09.869Z,usb,1,3612849267,222829,57044224,256,8000,31.690
2026-07-23T02:03:09.902Z,usb,1,3612849267,222830,57044480,256,8000,31.690
2026-07-23T02:03:09.933Z,usb,1,3612849267,222831,57044736,256,8000,31.690
2026-07-23T02:03:09.965Z,usb,1,3612849267,222832,57044992,256,8000,31.690
2026-07-23T02:03:09.998Z,usb,1,3612849267,222833,57045248,256,8000,31.690
2026-07-23T02:03:10.029Z,usb,1,3612849267,222834,57045504,256,8000,31.690
2026-07-23T02:03:10.061Z,usb,1,3612849267,222835,57045760,256,8000,31.690
2026-07-23T02:03:10.094Z,usb,1,3612849267,222836,57046016,256,8000,31.690
2026-07-23T02:03:10.125Z,usb,1,3612849267,222837,57046272,256,8000,31.690
2026-07-23T02:03:10.158Z,usb,1,3612849267,222838,57046528,256,8000,31.690
2026-07-23T02:03:10.190Z,usb,1,3612849267,222839,57046784,256,8000,31.690
2026-07-23T02:03:10.222Z,usb,1,3612849267,222840,57047040,256,8000,31.690
2026-07-23T02:03:10.254Z,usb,1,3612849267,222841,57047296,256,8000,31.690
2026-07-23T02:03:10.285Z,usb,1,3612849267,222842,57047552,256,8000,31.690
2026-07-23T02:03:10.318Z,usb,1,3612849267,222843,57047808,256,8000,31.690
2026-07-23T02:03:10.349Z,usb,1,3612849267,222844,57048064,256,8000,31.690
2026-07-23T02:03:10.381Z,usb,1,3612849267,222845,57048320,256,8000,31.690
2026-07-23T02:03:10.413Z,usb,1,3612849267,222846,57048576,256,8000,31.690
2026-07-23T02:03:10.445Z,usb,1,3612849267,222847,57048832,256,8000,31.690
2026-07-23T02:03:10.477Z,usb,1,3612849267,222848,57049088,256,8000,31.690
2026-07-23T02:03:10.509Z,usb,1,3612849267,222849,57049344,256,8000,31.690
2026-07-23T02:03:10.541Z,usb,1,3612849267,222850,57049600,256,8000,31.690
2026-07-23T02:03:10.573Z,usb,1,3612849267,222851,57049856,256,8000,31.690
2026-07-23T02:03:10.606Z,usb,1,3612849267,222852,57050112,256,8000,31.690
2026-07-23T02:03:10.637Z,usb,1,3612849267,222853,57050368,256,8000,31.690
2026-07-23T02:03:10.669Z,usb,1,3612849267,222854,57050624,256,8000,31.690
2026-07-23T02:03:10.701Z,usb,1,3612849267,222855,57050880,256,8000,31.690
2026-07-23T02:03:10.733Z,usb,1,3612849267,222856,57051136,256,8000,31.690
2026-07-23T02:03:10.766Z,usb,1,3612849267,222857,57051392,256,8000,31.690
2026-07-23T02:03:10.798Z,usb,1,3612849267,222858,57051648,256,8000,31.690
2026-07-23T02:03:10.829Z,usb,1,3612849267,222859,57051904,256,8000,31.690
2026-07-23T02:03:10.861Z,usb,1,3612849267,222860,57052160,256,8000,31.690
2026-07-23T02:03:10.893Z,usb,1,3612849267,222861,57052416,256,8000,31.690
2026-07-23T02:03:10.925Z,usb,1,3612849267,222862,57052672,256,8000,31.690
2026-07-23T02:03:10.957Z,usb,1,3612849267,222863,57052928,256,8000,31.690
2026-07-23T02:03:10.989Z,usb,1,3612849267,222864,57053184,256,8000,31.690
2026-07-23T02:03:11.022Z,usb,1,3612849267,222865,57053440,256,8000,31.690
2026-07-23T02:03:11.054Z,usb,1,3612849267,222866,57053696,256,8000,31.690
2026-07-23T02:03:11.086Z,usb,1,3612849267,222867,57053952,256,8000,31.690
2026-07-23T02:03:11.118Z,usb,1,3612849267,222868,57054208,256,8000,31.690
2026-07-23T02:03:11.150Z,usb,1,3612849267,222869,57054464,256,8000,31.690
2026-07-23T02:03:11.182Z,usb,1,3612849267,222870,57054720,256,8000,31.690
2026-07-23T02:03:11.214Z,usb,1,3612849267,222871,57054976,256,8000,31.690
2026-07-23T02:03:11.245Z,usb,1,3612849267,222872,57055232,256,8000,31.690
2026-07-23T02:03:11.278Z,usb,1,3612849267,222873,57055488,256,8000,31.690
2026-07-23T02:03:11.310Z,usb,1,3612849267,222874,57055744,256,8000,31.690
2026-07-23T02:03:11.342Z,usb,1,3612849267,222875,57056000,256,8000,31.690
2026-07-23T02:03:11.374Z,usb,1,3612849267,222876,57056256,256,8000,31.690
2026-07-23T02:03:11.406Z,usb,1,3612849267,222877,57056512,256,8000,31.690
2026-07-23T02:03:11.437Z,usb,1,3612849267,222878,57056768,256,8000,31.690
2026-07-23T02:03:11.470Z,usb,1,3612849267,222879,57057024,256,8000,31.690
2026-07-23T02:03:11.502Z,usb,1,3612849267,222880,57057280,256,8000,31.690
2026-07-23T02:03:11.533Z,usb,1,3612849267,222881,57057536,256,8000,31.690
2026-07-23T02:03:11.565Z,usb,1,3612849267,222882,57057792,256,8000,31.690
2026-07-23T02:03:11.598Z,usb,1,3612849267,222883,57058048,256,8000,31.690
2026-07-23T02:03:11.631Z,usb,1,3612849267,222884,57058304,256,8000,31.680
2026-07-23T02:03:11.662Z,usb,1,3612849267,222885,57058560,256,8000,31.680
2026-07-23T02:03:11.693Z,usb,1,3612849267,222886,57058816,256,8000,31.680
2026-07-23T02:03:11.726Z,usb,1,3612849267,222887,57059072,256,8000,31.680
2026-07-23T02:03:11.758Z,usb,1,3612849267,222888,57059328,256,8000,31.680
2026-07-23T02:03:11.790Z,usb,1,3612849267,222889,57059584,256,8000,31.680
2026-07-23T02:03:11.821Z,usb,1,3612849267,222890,57059840,256,8000,31.680
2026-07-23T02:03:11.854Z,usb,1,3612849267,222891,57060096,256,8000,31.680
2026-07-23T02:03:11.885Z,usb,1,3612849267,222892,57060352,256,8000,31.680
2026-07-23T02:03:11.918Z,usb,1,3612849267,222893,57060608,256,8000,31.680
2026-07-23T02:03:11.949Z,usb,1,3612849267,222894,57060864,256,8000,31.680
2026-07-23T02:03:11.982Z,usb,1,3612849267,222895,57061120,256,8000,31.680
2026-07-23T02:03:12.013Z,usb,1,3612849267,222896,57061376,256,8000,31.680
2026-07-23T02:03:12.045Z,usb,1,3612849267,222897,57061632,256,8000,31.680
2026-07-23T02:03:12.077Z,usb,1,3612849267,222898,57061888,256,8000,31.680
2026-07-23T02:03:12.109Z,usb,1,3612849267,222899,57062144,256,8000,31.680
2026-07-23T02:03:12.141Z,usb,1,3612849267,222900,57062400,256,8000,31.680
2026-07-23T02:03:12.173Z,usb,1,3612849267,222901,57062656,256,8000,31.680
2026-07-23T02:03:12.205Z,usb,1,3612849267,222902,57062912,256,8000,31.680
2026-07-23T02:03:12.238Z,usb,1,3612849267,222903,57063168,256,8000,31.680
2026-07-23T02:03:12.270Z,usb,1,3612849267,222904,57063424,256,8000,31.680
2026-07-23T02:03:12.301Z,usb,1,3612849267,222905,57063680,256,8000,31.680
2026-07-23T02:03:12.334Z,usb,1,3612849267,222906,57063936,256,8000,31.680
2026-07-23T02:03:12.365Z,usb,1,3612849267,222907,57064192,256,8000,31.680
2026-07-23T02:03:12.398Z,usb,1,3612849267,222908,57064448,256,8000,31.680
2026-07-23T02:03:12.429Z,usb,1,3612849267,222909,57064704,256,8000,31.680
2026-07-23T02:03:12.462Z,usb,1,3612849267,222910,57064960,256,8000,31.680
2026-07-23T02:03:12.493Z,usb,1,3612849267,222911,57065216,256,8000,31.680
2026-07-23T02:03:12.525Z,usb,1,3612849267,222912,57065472,256,8000,31.680
2026-07-23T02:03:12.558Z,usb,1,3612849267,222913,57065728,256,8000,31.680
2026-07-23T02:03:12.590Z,usb,1,3612849267,222914,57065984,256,8000,31.680
2026-07-23T02:03:12.621Z,usb,1,3612849267,222915,57066240,256,8000,31.680
2026-07-23T02:03:12.654Z,usb,1,3612849267,222916,57066496,256,8000,31.690
2026-07-23T02:03:12.686Z,usb,1,3612849267,222917,57066752,256,8000,31.690
2026-07-23T02:03:12.717Z,usb,1,3612849267,222918,57067008,256,8000,31.690
2026-07-23T02:03:12.750Z,usb,1,3612849267,222919,57067264,256,8000,31.690
2026-07-23T02:03:12.782Z,usb,1,3612849267,222920,57067520,256,8000,31.690
2026-07-23T02:03:12.813Z,usb,1,3612849267,222921,57067776,256,8000,31.690
2026-07-23T02:03:12.845Z,usb,1,3612849267,222922,57068032,256,8000,31.690
2026-07-23T02:03:12.877Z,usb,1,3612849267,222923,57068288,256,8000,31.690
2026-07-23T02:03:12.909Z,usb,1,3612849267,222924,57068544,256,8000,31.690
2026-07-23T02:03:12.941Z,usb,1,3612849267,222925,57068800,256,8000,31.690
2026-07-23T02:03:12.974Z,usb,1,3612849267,222926,57069056,256,8000,31.690
2026-07-23T02:03:13.006Z,usb,1,3612849267,222927,57069312,256,8000,31.690
2026-07-23T02:03:13.037Z,usb,1,3612849267,222928,57069568,256,8000,31.690
2026-07-23T02:03:13.070Z,usb,1,3612849267,222929,57069824,256,8000,31.690
2026-07-23T02:03:13.102Z,usb,1,3612849267,222930,57070080,256,8000,31.690
2026-07-23T02:03:13.134Z,usb,1,3612849267,222931,57070336,256,8000,31.690
2026-07-23T02:03:13.166Z,usb,1,3612849267,222932,57070592,256,8000,31.690
2026-07-23T02:03:13.198Z,usb,1,3612849267,222933,57070848,256,8000,31.690
2026-07-23T02:03:13.229Z,usb,1,3612849267,222934,57071104,256,8000,31.690
2026-07-23T02:03:13.262Z,usb,1,3612849267,222935,57071360,256,8000,31.690
2026-07-23T02:03:13.294Z,usb,1,3612849267,222936,57071616,256,8000,31.690
2026-07-23T02:03:13.326Z,usb,1,3612849267,222937,57071872,256,8000,31.690
2026-07-23T02:03:13.358Z,usb,1,3612849267,222938,57072128,256,8000,31.690
2026-07-23T02:03:13.390Z,usb,1,3612849267,222939,57072384,256,8000,31.690
2026-07-23T02:03:13.422Z,usb,1,3612849267,222940,57072640,256,8000,31.690
2026-07-23T02:03:13.454Z,usb,1,3612849267,222941,57072896,256,8000,31.690
2026-07-23T02:03:13.486Z,usb,1,3612849267,222942,57073152,256,8000,31.690
2026-07-23T02:03:13.518Z,usb,1,3612849267,222943,57073408,256,8000,31.690
2026-07-23T02:03:13.550Z,usb,1,3612849267,222944,57073664,256,8000,31.690
2026-07-23T02:03:13.582Z,usb,1,3612849267,222945,57073920,256,8000,31.690
2026-07-23T02:03:13.614Z,usb,1,3612849267,222946,57074176,256,8000,31.690
2026-07-23T02:03:13.646Z,usb,1,3612849267,222947,57074432,256,8000,31.690
2026-07-23T02:03:13.678Z,usb,1,3612849267,222948,57074688,256,8000,31.690
2026-07-23T02:03:13.710Z,usb,1,3612849267,222949,57074944,256,8000,31.690
2026-07-23T02:03:13.742Z,usb,1,3612849267,222950,57075200,256,8000,31.690
2026-07-23T02:03:13.773Z,usb,1,3612849267,222951,57075456,256,8000,31.690
2026-07-23T02:03:13.806Z,usb,1,3612849267,222952,57075712,256,8000,31.690
2026-07-23T02:03:13.838Z,usb,1,3612849267,222953,57075968,256,8000,31.690
2026-07-23T02:03:13.869Z,usb,1,3612849267,222954,57076224,256,8000,31.690
2026-07-23T02:03:13.902Z,usb,1,3612849267,222955,57076480,256,8000,31.690
2026-07-23T02:03:13.934Z,usb,1,3612849267,222956,57076736,256,8000,31.690
2026-07-23T02:03:13.966Z,usb,1,3612849267,222957,57076992,256,8000,31.690
2026-07-23T02:03:13.998Z,usb,1,3612849267,222958,57077248,256,8000,31.690
2026-07-23T02:03:14.030Z,usb,1,3612849267,222959,57077504,256,8000,31.690
2026-07-23T02:03:14.062Z,usb,1,3612849267,222960,57077760,256,8000,31.690
2026-07-23T02:03:14.094Z,usb,1,3612849267,222961,57078016,256,8000,31.690
2026-07-23T02:03:14.126Z,usb,1,3612849267,222962,57078272,256,8000,31.690
2026-07-23T02:03:14.158Z,usb,1,3612849267,222963,57078528,256,8000,31.690
2026-07-23T02:03:14.189Z,usb,1,3612849267,222964,57078784,256,8000,31.690
2026-07-23T02:03:14.222Z,usb,1,3612849267,222965,57079040,256,8000,31.690
2026-07-23T02:03:14.254Z,usb,1,3612849267,222966,57079296,256,8000,31.690
2026-07-23T02:03:14.285Z,usb,1,3612849267,222967,57079552,256,8000,31.690
2026-07-23T02:03:14.318Z,usb,1,3612849267,222968,57079808,256,8000,31.690
2026-07-23T02:03:14.350Z,usb,1,3612849267,222969,57080064,256,8000,31.690
2026-07-23T02:03:14.382Z,usb,1,3612849267,222970,57080320,256,8000,31.690
2026-07-23T02:03:14.414Z,usb,1,3612849267,222971,57080576,256,8000,31.690
2026-07-23T02:03:14.446Z,usb,1,3612849267,222972,57080832,256,8000,31.690
2026-07-23T02:03:14.478Z,usb,1,3612849267,222973,57081088,256,8000,31.690
2026-07-23T02:03:14.510Z,usb,1,3612849267,222974,57081344,256,8000,31.690
2026-07-23T02:03:14.542Z,usb,1,3612849267,222975,57081600,256,8000,31.690
2026-07-23T02:03:14.574Z,usb,1,3612849267,222976,57081856,256,8000,31.690
2026-07-23T02:03:14.605Z,usb,1,3612849267,222977,57082112,256,8000,31.690
2026-07-23T02:03:14.638Z,usb,1,3612849267,222978,57082368,256,8000,31.690
2026-07-23T02:03:14.670Z,usb,1,3612849267,222979,57082624,256,8000,31.690
2026-07-23T02:03:14.702Z,usb,1,3612849267,222980,57082880,256,8000,31.690
2026-07-23T02:03:14.734Z,usb,1,3612849267,222981,57083136,256,8000,31.690
2026-07-23T02:03:14.765Z,usb,1,3612849267,222982,57083392,256,8000,31.690
2026-07-23T02:03:14.797Z,usb,1,3612849267,222983,57083648,256,8000,31.690
2026-07-23T02:03:14.830Z,usb,1,3612849267,222984,57083904,256,8000,31.690
2026-07-23T02:03:14.862Z,usb,1,3612849267,222985,57084160,256,8000,31.690
2026-07-23T02:03:14.893Z,usb,1,3612849267,222986,57084416,256,8000,31.690
2026-07-23T02:03:14.926Z,usb,1,3612849267,222987,57084672,256,8000,31.690
2026-07-23T02:03:14.958Z,usb,1,3612849267,222988,57084928,256,8000,31.690
2026-07-23T02:03:14.990Z,usb,1,3612849267,222989,57085184,256,8000,31.690
2026-07-23T02:03:15.022Z,usb,1,3612849267,222990,57085440,256,8000,31.690
2026-07-23T02:03:15.054Z,usb,1,3612849267,222991,57085696,256,8000,31.690
2026-07-23T02:03:15.086Z,usb,1,3612849267,222992,57085952,256,8000,31.690
2026-07-23T02:03:15.118Z,usb,1,3612849267,222993,57086208,256,8000,31.690
2026-07-23T02:03:15.150Z,usb,1,3612849267,222994,57086464,256,8000,31.690
2026-07-23T02:03:15.182Z,usb,1,3612849267,222995,57086720,256,8000,31.690
2026-07-23T02:03:15.214Z,usb,1,3612849267,222996,57086976,256,8000,31.690
2026-07-23T02:03:15.245Z,usb,1,3612849267,222997,57087232,256,8000,31.690
2026-07-23T02:03:15.277Z,usb,1,3612849267,222998,57087488,256,8000,31.690
2026-07-23T02:03:15.309Z,usb,1,3612849267,222999,57087744,256,8000,31.690
2026-07-23T02:03:15.342Z,usb,1,3612849267,223000,57088000,256,8000,31.690
2026-07-23T02:03:15.374Z,usb,1,3612849267,223001,57088256,256,8000,31.690
2026-07-23T02:03:15.406Z,usb,1,3612849267,223002,57088512,256,8000,31.690
2026-07-23T02:03:15.438Z,usb,1,3612849267,223003,57088768,256,8000,31.690
2026-07-23T02:03:15.469Z,usb,1,3612849267,223004,57089024,256,8000,31.690
2026-07-23T02:03:15.501Z,usb,1,3612849267,223005,57089280,256,8000,31.690
2026-07-23T02:03:15.533Z,usb,1,3612849267,223006,57089536,256,8000,31.690
2026-07-23T02:03:15.565Z,usb,1,3612849267,223007,57089792,256,8000,31.690
2026-07-23T02:03:15.597Z,usb,1,3612849267,223008,57090048,256,8000,31.690
2026-07-23T02:03:15.629Z,usb,1,3612849267,223009,57090304,256,8000,31.690
2026-07-23T02:03:15.662Z,usb,1,3612849267,223010,57090560,256,8000,31.690
2026-07-23T02:03:15.694Z,usb,1,3612849267,223011,57090816,256,8000,31.690
2026-07-23T02:03:15.726Z,usb,1,3612849267,223012,57091072,256,8000,31.680
2026-07-23T02:03:15.757Z,usb,1,3612849267,223013,57091328,256,8000,31.680
2026-07-23T02:03:15.789Z,usb,1,3612849267,223014,57091584,256,8000,31.680
2026-07-23T02:03:15.822Z,usb,1,3612849267,223015,57091840,256,8000,31.680
2026-07-23T02:03:15.854Z,usb,1,3612849267,223016,57092096,256,8000,31.680
2026-07-23T02:03:15.886Z,usb,1,3612849267,223017,57092352,256,8000,31.680
2026-07-23T02:03:15.918Z,usb,1,3612849267,223018,57092608,256,8000,31.680
2026-07-23T02:03:15.949Z,usb,1,3612849267,223019,57092864,256,8000,31.680
2026-07-23T02:03:15.982Z,usb,1,3612849267,223020,57093120,256,8000,31.680
2026-07-23T02:03:16.013Z,usb,1,3612849267,223021,57093376,256,8000,31.680
2026-07-23T02:03:16.046Z,usb,1,3612849267,223022,57093632,256,8000,31.680
2026-07-23T02:03:16.077Z,usb,1,3612849267,223023,57093888,256,8000,31.680
2026-07-23T02:03:16.109Z,usb,1,3612849267,223024,57094144,256,8000,31.680
2026-07-23T02:03:16.141Z,usb,1,3612849267,223025,57094400,256,8000,31.680
2026-07-23T02:03:16.173Z,usb,1,3612849267,223026,57094656,256,8000,31.680
2026-07-23T02:03:16.206Z,usb,1,3612849267,223027,57094912,256,8000,31.680
2026-07-23T02:03:16.237Z,usb,1,3612849267,223028,57095168,256,8000,31.680
2026-07-23T02:03:16.270Z,usb,1,3612849267,223029,57095424,256,8000,31.680
2026-07-23T02:03:16.301Z,usb,1,3612849267,223030,57095680,256,8000,31.680
2026-07-23T02:03:16.334Z,usb,1,3612849267,223031,57095936,256,8000,31.680
2026-07-23T02:03:16.365Z,usb,1,3612849267,223032,57096192,256,8000,31.680
2026-07-23T02:03:16.397Z,usb,1,3612849267,223033,57096448,256,8000,31.680
2026-07-23T02:03:16.429Z,usb,1,3612849267,223034,57096704,256,8000,31.680
2026-07-23T02:03:16.462Z,usb,1,3612849267,223035,57096960,256,8000,31.680
2026-07-23T02:03:16.494Z,usb,1,3612849267,223036,57097216,256,8000,31.680
2026-07-23T02:03:16.526Z,usb,1,3612849267,223037,57097472,256,8000,31.680
2026-07-23T02:03:16.557Z,usb,1,3612849267,223038,57097728,256,8000,31.680
2026-07-23T02:03:16.590Z,usb,1,3612849267,223039,57097984,256,8000,31.680
2026-07-23T02:03:16.622Z,usb,1,3612849267,223040,57098240,256,8000,31.680
2026-07-23T02:03:16.653Z,usb,1,3612849267,223041,57098496,256,8000,31.680
2026-07-23T02:03:16.686Z,usb,1,3612849267,223042,57098752,256,8000,31.680
2026-07-23T02:03:16.718Z,usb,1,3612849267,223043,57099008,256,8000,31.680
2026-07-23T02:03:16.750Z,usb,1,3612849267,223044,57099264,256,8000,31.690
2026-07-23T02:03:16.782Z,usb,1,3612849267,223045,57099520,256,8000,31.690
2026-07-23T02:03:16.813Z,usb,1,3612849267,223046,57099776,256,8000,31.690
2026-07-23T02:03:16.846Z,usb,1,3612849267,223047,57100032,256,8000,31.690
2026-07-23T02:03:16.878Z,usb,1,3612849267,223048,57100288,256,8000,31.690
2026-07-23T02:03:16.909Z,usb,1,3612849267,223049,57100544,256,8000,31.690
2026-07-23T02:03:16.942Z,usb,1,3612849267,223050,57100800,256,8000,31.690
2026-07-23T02:03:16.974Z,usb,1,3612849267,223051,57101056,256,8000,31.690
2026-07-23T02:03:17.006Z,usb,1,3612849267,223052,57101312,256,8000,31.690
2026-07-23T02:03:17.038Z,usb,1,3612849267,223053,57101568,256,8000,31.690
2026-07-23T02:03:17.070Z,usb,1,3612849267,223054,57101824,256,8000,31.690
2026-07-23T02:03:17.102Z,usb,1,3612849267,223055,57102080,256,8000,31.690
2026-07-23T02:03:17.134Z,usb,1,3612849267,223056,57102336,256,8000,31.690
2026-07-23T02:03:17.166Z,usb,1,3612849267,223057,57102592,256,8000,31.690
2026-07-23T02:03:17.198Z,usb,1,3612849267,223058,57102848,256,8000,31.690
2026-07-23T02:03:17.229Z,usb,1,3612849267,223059,57103104,256,8000,31.690
2026-07-23T02:03:17.262Z,usb,1,3612849267,223060,57103360,256,8000,31.690
2026-07-23T02:03:17.294Z,usb,1,3612849267,223061,57103616,256,8000,31.690
2026-07-23T02:03:17.326Z,usb,1,3612849267,223062,57103872,256,8000,31.690
2026-07-23T02:03:17.358Z,usb,1,3612849267,223063,57104128,256,8000,31.690
2026-07-23T02:03:17.390Z,usb,1,3612849267,223064,57104384,256,8000,31.690
2026-07-23T02:03:17.422Z,usb,1,3612849267,223065,57104640,256,8000,31.690
2026-07-23T02:03:17.454Z,usb,1,3612849267,223066,57104896,256,8000,31.690
2026-07-23T02:03:17.486Z,usb,1,3612849267,223067,57105152,256,8000,31.690
2026-07-23T02:03:17.518Z,usb,1,3612849267,223068,57105408,256,8000,31.690
2026-07-23T02:03:17.550Z,usb,1,3612849267,223069,57105664,256,8000,31.690
2026-07-23T02:03:17.582Z,usb,1,3612849267,223070,57105920,256,8000,31.690
2026-07-23T02:03:17.614Z,usb,1,3612849267,223071,57106176,256,8000,31.690
2026-07-23T02:03:17.646Z,usb,1,3612849267,223072,57106432,256,8000,31.690
2026-07-23T02:03:17.678Z,usb,1,3612849267,223073,57106688,256,8000,31.690
2026-07-23T02:03:17.709Z,usb,1,3612849267,223074,57106944,256,8000,31.690
2026-07-23T02:03:17.742Z,usb,1,3612849267,223075,57107200,256,8000,31.690
2026-07-23T02:03:17.775Z,usb,1,3612849267,223076,57107456,256,8000,31.690
2026-07-23T02:03:17.806Z,usb,1,3612849267,223077,57107712,256,8000,31.690
2026-07-23T02:03:17.838Z,usb,1,3612849267,223078,57107968,256,8000,31.690
2026-07-23T02:03:17.870Z,usb,1,3612849267,223079,57108224,256,8000,31.690
2026-07-23T02:03:17.902Z,usb,1,3612849267,223080,57108480,256,8000,31.690
2026-07-23T02:03:17.933Z,usb,1,3612849267,223081,57108736,256,8000,31.690
2026-07-23T02:03:17.966Z,usb,1,3612849267,223082,57108992,256,8000,31.690
2026-07-23T02:03:17.998Z,usb,1,3612849267,223083,57109248,256,8000,31.690
2026-07-23T02:03:18.030Z,usb,1,3612849267,223084,57109504,256,8000,31.690
2026-07-23T02:03:18.062Z,usb,1,3612849267,223085,57109760,256,8000,31.690
2026-07-23T02:03:18.094Z,usb,1,3612849267,223086,57110016,256,8000,31.690
2026-07-23T02:03:18.126Z,usb,1,3612849267,223087,57110272,256,8000,31.690
2026-07-23T02:03:18.157Z,usb,1,3612849267,223088,57110528,256,8000,31.690
2026-07-23T02:03:18.190Z,usb,1,3612849267,223089,57110784,256,8000,31.690
2026-07-23T02:03:18.222Z,usb,1,3612849267,223090,57111040,256,8000,31.690
2026-07-23T02:03:18.254Z,usb,1,3612849267,223091,57111296,256,8000,31.690
2026-07-23T02:03:18.286Z,usb,1,3612849267,223092,57111552,256,8000,31.690
2026-07-23T02:03:18.318Z,usb,1,3612849267,223093,57111808,256,8000,31.690
2026-07-23T02:03:18.350Z,usb,1,3612849267,223094,57112064,256,8000,31.690
2026-07-23T02:03:18.382Z,usb,1,3612849267,223095,57112320,256,8000,31.690
2026-07-23T02:03:18.414Z,usb,1,3612849267,223096,57112576,256,8000,31.690
2026-07-23T02:03:18.445Z,usb,1,3612849267,223097,57112832,256,8000,31.690
2026-07-23T02:03:18.477Z,usb,1,3612849267,223098,57113088,256,8000,31.690
2026-07-23T02:03:18.509Z,usb,1,3612849267,223099,57113344,256,8000,31.690
2026-07-23T02:03:18.541Z,usb,1,3612849267,223100,57113600,256,8000,31.690
2026-07-23T02:03:18.573Z,usb,1,3612849267,223101,57113856,256,8000,31.690
2026-07-23T02:03:18.606Z,usb,1,3612849267,223102,57114112,256,8000,31.690
2026-07-23T02:03:18.638Z,usb,1,3612849267,223103,57114368,256,8000,31.690
2026-07-23T02:03:18.670Z,usb,1,3612849267,223104,57114624,256,8000,31.690
2026-07-23T02:03:18.702Z,usb,1,3612849267,223105,57114880,256,8000,31.690
2026-07-23T02:03:18.734Z,usb,1,3612849267,223106,57115136,256,8000,31.690
2026-07-23T02:03:18.766Z,usb,1,3612849267,223107,57115392,256,8000,31.690
2026-07-23T02:03:18.798Z,usb,1,3612849267,223108,57115648,256,8000,31.690
2026-07-23T02:03:18.830Z,usb,1,3612849267,223109,57115904,256,8000,31.690
2026-07-23T02:03:18.862Z,usb,1,3612849267,223110,57116160,256,8000,31.690
2026-07-23T02:03:18.894Z,usb,1,3612849267,223111,57116416,256,8000,31.690
2026-07-23T02:03:18.925Z,usb,1,3612849267,223112,57116672,256,8000,31.690
2026-07-23T02:03:18.958Z,usb,1,3612849267,223113,57116928,256,8000,31.690
2026-07-23T02:03:18.990Z,usb,1,3612849267,223114,57117184,256,8000,31.690
2026-07-23T02:03:19.022Z,usb,1,3612849267,223115,57117440,256,8000,31.690
2026-07-23T02:03:19.053Z,usb,1,3612849267,223116,57117696,256,8000,31.690
2026-07-23T02:03:19.086Z,usb,1,3612849267,223117,57117952,256,8000,31.690
2026-07-23T02:03:19.118Z,usb,1,3612849267,223118,57118208,256,8000,31.690
2026-07-23T02:03:19.150Z,usb,1,3612849267,223119,57118464,256,8000,31.690
2026-07-23T02:03:19.182Z,usb,1,3612849267,223120,57118720,256,8000,31.690
2026-07-23T02:03:19.214Z,usb,1,3612849267,223121,57118976,256,8000,31.690
2026-07-23T02:03:19.246Z,usb,1,3612849267,223122,57119232,256,8000,31.690
2026-07-23T02:03:19.278Z,usb,1,3612849267,223123,57119488,256,8000,31.690
2026-07-23T02:03:19.310Z,usb,1,3612849267,223124,57119744,256,8000,31.690
2026-07-23T02:03:19.342Z,usb,1,3612849267,223125,57120000,256,8000,31.690
2026-07-23T02:03:19.374Z,usb,1,3612849267,223126,57120256,256,8000,31.690
2026-07-23T02:03:19.406Z,usb,1,3612849267,223127,57120512,256,8000,31.690
2026-07-23T02:03:19.437Z,usb,1,3612849267,223128,57120768,256,8000,31.690
2026-07-23T02:03:19.470Z,usb,1,3612849267,223129,57121024,256,8000,31.690
2026-07-23T02:03:19.502Z,usb,1,3612849267,223130,57121280,256,8000,31.690
2026-07-23T02:03:19.534Z,usb,1,3612849267,223131,57121536,256,8000,31.690
2026-07-23T02:03:19.566Z,usb,1,3612849267,223132,57121792,256,8000,31.690
2026-07-23T02:03:19.597Z,usb,1,3612849267,223133,57122048,256,8000,31.690
2026-07-23T02:03:19.629Z,usb,1,3612849267,223134,57122304,256,8000,31.690
2026-07-23T02:03:19.662Z,usb,1,3612849267,223135,57122560,256,8000,31.690
2026-07-23T02:03:19.693Z,usb,1,3612849267,223136,57122816,256,8000,31.690
2026-07-23T02:03:19.726Z,usb,1,3612849267,223137,57123072,256,8000,31.690
2026-07-23T02:03:19.758Z,usb,1,3612849267,223138,57123328,256,8000,31.690
2026-07-23T02:03:19.789Z,usb,1,3612849267,223139,57123584,256,8000,31.690
2026-07-23T02:03:19.822Z,usb,1,3612849267,223140,57123840,256,8000,31.690
2026-07-23T02:03:19.854Z,usb,1,3612849267,223141,57124096,256,8000,31.690
2026-07-23T02:03:19.886Z,usb,1,3612849267,223142,57124352,256,8000,31.690
2026-07-23T02:03:19.918Z,usb,1,3612849267,223143,57124608,256,8000,31.690
2026-07-23T02:03:19.949Z,usb,1,3612849267,223144,57124864,256,8000,31.690
2026-07-23T02:03:19.982Z,usb,1,3612849267,223145,57125120,256,8000,31.690
2026-07-23T02:03:20.014Z,usb,1,3612849267,223146,57125376,256,8000,31.690
2026-07-23T02:03:20.046Z,usb,1,3612849267,223147,57125632,256,8000,31.690
2026-07-23T02:03:20.078Z,usb,1,3612849267,223148,57125888,256,8000,31.690
2026-07-23T02:03:20.110Z,usb,1,3612849267,223149,57126144,256,8000,31.690
2026-07-23T02:03:20.141Z,usb,1,3612849267,223150,57126400,256,8000,31.690
2026-07-23T02:03:20.174Z,usb,1,3612849267,223151,57126656,256,8000,31.690
2026-07-23T02:03:20.205Z,usb,1,3612849267,223152,57126912,256,8000,31.690
2026-07-23T02:03:20.237Z,usb,1,3612849267,223153,57127168,256,8000,31.690
2026-07-23T02:03:20.270Z,usb,1,3612849267,223154,57127424,256,8000,31.690
2026-07-23T02:03:20.301Z,usb,1,3612849267,223155,57127680,256,8000,31.690
2026-07-23T02:03:20.334Z,usb,1,3612849267,223156,57127936,256,8000,31.690
2026-07-23T02:03:20.365Z,usb,1,3612849267,223157,57128192,256,8000,31.690
2026-07-23T02:03:20.398Z,usb,1,3612849267,223158,57128448,256,8000,31.690
2026-07-23T02:03:20.429Z,usb,1,3612849267,223159,57128704,256,8000,31.690
2026-07-23T02:03:20.462Z,usb,1,3612849267,223160,57128960,256,8000,31.690
2026-07-23T02:03:20.494Z,usb,1,3612849267,223161,57129216,256,8000,31.690
2026-07-23T02:03:20.526Z,usb,1,3612849267,223162,57129472,256,8000,31.690
2026-07-23T02:03:20.557Z,usb,1,3612849267,223163,57129728,256,8000,31.690
2026-07-23T02:03:20.590Z,usb,1,3612849267,223164,57129984,256,8000,31.690
2026-07-23T02:03:20.622Z,usb,1,3612849267,223165,57130240,256,8000,31.690
2026-07-23T02:03:20.654Z,usb,1,3612849267,223166,57130496,256,8000,31.690
2026-07-23T02:03:20.686Z,usb,1,3612849267,223167,57130752,256,8000,31.690
2026-07-23T02:03:20.718Z,usb,1,3612849267,223168,57131008,256,8000,31.690
2026-07-23T02:03:20.750Z,usb,1,3612849267,223169,57131264,256,8000,31.690
2026-07-23T02:03:20.782Z,usb,1,3612849267,223170,57131520,256,8000,31.690
2026-07-23T02:03:20.814Z,usb,1,3612849267,223171,57131776,256,8000,31.690
2026-07-23T02:03:20.846Z,usb,1,3612849267,223172,57132032,256,8000,31.680
2026-07-23T02:03:20.878Z,usb,1,3612849267,223173,57132288,256,8000,31.680
2026-07-23T02:03:20.910Z,usb,1,3612849267,223174,57132544,256,8000,31.680
2026-07-23T02:03:20.942Z,usb,1,3612849267,223175,57132800,256,8000,31.680
2026-07-23T02:03:20.974Z,usb,1,3612849267,223176,57133056,256,8000,31.680
2026-07-23T02:03:21.006Z,usb,1,3612849267,223177,57133312,256,8000,31.680
2026-07-23T02:03:21.038Z,usb,1,3612849267,223178,57133568,256,8000,31.680
2026-07-23T02:03:21.070Z,usb,1,3612849267,223179,57133824,256,8000,31.680
2026-07-23T02:03:21.102Z,usb,1,3612849267,223180,57134080,256,8000,31.680
2026-07-23T02:03:21.133Z,usb,1,3612849267,223181,57134336,256,8000,31.680
2026-07-23T02:03:21.166Z,usb,1,3612849267,223182,57134592,256,8000,31.680
2026-07-23T02:03:21.198Z,usb,1,3612849267,223183,57134848,256,8000,31.680
2026-07-23T02:03:21.230Z,usb,1,3612849267,223184,57135104,256,8000,31.680
2026-07-23T02:03:21.262Z,usb,1,3612849267,223185,57135360,256,8000,31.680
2026-07-23T02:03:21.294Z,usb,1,3612849267,223186,57135616,256,8000,31.680
2026-07-23T02:03:21.326Z,usb,1,3612849267,223187,57135872,256,8000,31.680
2026-07-23T02:03:21.358Z,usb,1,3612849267,223188,57136128,256,8000,31.680
2026-07-23T02:03:21.390Z,usb,1,3612849267,223189,57136384,256,8000,31.680
2026-07-23T02:03:21.422Z,usb,1,3612849267,223190,57136640,256,8000,31.680
2026-07-23T02:03:21.454Z,usb,1,3612849267,223191,57136896,256,8000,31.680
2026-07-23T02:03:21.486Z,usb,1,3612849267,223192,57137152,256,8000,31.680
2026-07-23T02:03:21.518Z,usb,1,3612849267,223193,57137408,256,8000,31.680
2026-07-23T02:03:21.550Z,usb,1,3612849267,223194,57137664,256,8000,31.680
2026-07-23T02:03:21.582Z,usb,1,3612849267,223195,57137920,256,8000,31.680
2026-07-23T02:03:21.614Z,usb,1,3612849267,223196,57138176,256,8000,31.680
2026-07-23T02:03:21.645Z,usb,1,3612849267,223197,57138432,256,8000,31.680
2026-07-23T02:03:21.677Z,usb,1,3612849267,223198,57138688,256,8000,31.680
2026-07-23T02:03:21.709Z,usb,1,3612849267,223199,57138944,256,8000,31.680
2026-07-23T02:03:21.741Z,usb,1,3612849267,223200,57139200,256,8000,31.680
2026-07-23T02:03:21.773Z,usb,1,3612849267,223201,57139456,256,8000,31.680
2026-07-23T02:03:21.806Z,usb,1,3612849267,223202,57139712,256,8000,31.680
2026-07-23T02:03:21.838Z,usb,1,3612849267,223203,57139968,256,8000,31.680
2026-07-23T02:03:21.870Z,usb,1,3612849267,223204,57140224,256,8000,31.690
2026-07-23T02:03:21.902Z,usb,1,3612849267,223205,57140480,256,8000,31.690
2026-07-23T02:03:21.934Z,usb,1,3612849267,223206,57140736,256,8000,31.690
2026-07-23T02:03:21.966Z,usb,1,3612849267,223207,57140992,256,8000,31.690
2026-07-23T02:03:21.998Z,usb,1,3612849267,223208,57141248,256,8000,31.690
2026-07-23T02:03:22.029Z,usb,1,3612849267,223209,57141504,256,8000,31.690
2026-07-23T02:03:22.062Z,usb,1,3612849267,223210,57141760,256,8000,31.690
2026-07-23T02:03:22.094Z,usb,1,3612849267,223211,57142016,256,8000,31.690
2026-07-23T02:03:22.126Z,usb,1,3612849267,223212,57142272,256,8000,31.690
2026-07-23T02:03:22.158Z,usb,1,3612849267,223213,57142528,256,8000,31.690
2026-07-23T02:03:22.190Z,usb,1,3612849267,223214,57142784,256,8000,31.690
2026-07-23T02:03:22.222Z,usb,1,3612849267,223215,57143040,256,8000,31.690
2026-07-23T02:03:22.254Z,usb,1,3612849267,223216,57143296,256,8000,31.690
2026-07-23T02:03:22.286Z,usb,1,3612849267,223217,57143552,256,8000,31.690
2026-07-23T02:03:22.318Z,usb,1,3612849267,223218,57143808,256,8000,31.690
2026-07-23T02:03:22.350Z,usb,1,3612849267,223219,57144064,256,8000,31.690
2026-07-23T02:03:22.382Z,usb,1,3612849267,223220,57144320,256,8000,31.690
2026-07-23T02:03:22.414Z,usb,1,3612849267,223221,57144576,256,8000,31.690
2026-07-23T02:03:22.446Z,usb,1,3612849267,223222,57144832,256,8000,31.690
2026-07-23T02:03:22.478Z,usb,1,3612849267,223223,57145088,256,8000,31.690
2026-07-23T02:03:22.509Z,usb,1,3612849267,223224,57145344,256,8000,31.690
2026-07-23T02:03:22.542Z,usb,1,3612849267,223225,57145600,256,8000,31.690
2026-07-23T02:03:22.574Z,usb,1,3612849267,223226,57145856,256,8000,31.690
2026-07-23T02:03:22.606Z,usb,1,3612849267,223227,57146112,256,8000,31.690
2026-07-23T02:03:22.638Z,usb,1,3612849267,223228,57146368,256,8000,31.690
2026-07-23T02:03:22.670Z,usb,1,3612849267,223229,57146624,256,8000,31.690
2026-07-23T02:03:22.702Z,usb,1,3612849267,223230,57146880,256,8000,31.690
2026-07-23T02:03:22.733Z,usb,1,3612849267,223231,57147136,256,8000,31.690
2026-07-23T02:03:22.766Z,usb,1,3612849267,223232,57147392,256,8000,31.690
2026-07-23T02:03:22.798Z,usb,1,3612849267,223233,57147648,256,8000,31.690
2026-07-23T02:03:22.830Z,usb,1,3612849267,223234,57147904,256,8000,31.690
2026-07-23T02:03:22.862Z,usb,1,3612849267,223235,57148160,256,8000,31.690
2026-07-23T02:03:22.894Z,usb,1,3612849267,223236,57148416,256,8000,31.680
2026-07-23T02:03:22.926Z,usb,1,3612849267,223237,57148672,256,8000,31.680
2026-07-23T02:03:22.958Z,usb,1,3612849267,223238,57148928,256,8000,31.680
2026-07-23T02:03:22.990Z,usb,1,3612849267,223239,57149184,256,8000,31.680
2026-07-23T02:03:23.021Z,usb,1,3612849267,223240,57149440,256,8000,31.680
2026-07-23T02:03:23.054Z,usb,1,3612849267,223241,57149696,256,8000,31.680
2026-07-23T02:03:23.086Z,usb,1,3612849267,223242,57149952,256,8000,31.680
2026-07-23T02:03:23.118Z,usb,1,3612849267,223243,57150208,256,8000,31.680
2026-07-23T02:03:23.150Z,usb,1,3612849267,223244,57150464,256,8000,31.680
2026-07-23T02:03:23.182Z,usb,1,3612849267,223245,57150720,256,8000,31.680
2026-07-23T02:03:23.214Z,usb,1,3612849267,223246,57150976,256,8000,31.680
2026-07-23T02:03:23.246Z,usb,1,3612849267,223247,57151232,256,8000,31.680
2026-07-23T02:03:23.278Z,usb,1,3612849267,223248,57151488,256,8000,31.680
2026-07-23T02:03:23.309Z,usb,1,3612849267,223249,57151744,256,8000,31.680
2026-07-23T02:03:23.341Z,usb,1,3612849267,223250,57152000,256,8000,31.680
2026-07-23T02:03:23.374Z,usb,1,3612849267,223251,57152256,256,8000,31.680
2026-07-23T02:03:23.405Z,usb,1,3612849267,223252,57152512,256,8000,31.680
2026-07-23T02:03:23.437Z,usb,1,3612849267,223253,57152768,256,8000,31.680
2026-07-23T02:03:23.469Z,usb,1,3612849267,223254,57153024,256,8000,31.680
2026-07-23T02:03:23.501Z,usb,1,3612849267,223255,57153280,256,8000,31.680
2026-07-23T02:03:23.533Z,usb,1,3612849267,223256,57153536,256,8000,31.680
2026-07-23T02:03:23.565Z,usb,1,3612849267,223257,57153792,256,8000,31.680
2026-07-23T02:03:23.598Z,usb,1,3612849267,223258,57154048,256,8000,31.680
2026-07-23T02:03:23.629Z,usb,1,3612849267,223259,57154304,256,8000,31.680
2026-07-23T02:03:23.662Z,usb,1,3612849267,223260,57154560,256,8000,31.680
2026-07-23T02:03:23.694Z,usb,1,3612849267,223261,57154816,256,8000,31.680
2026-07-23T02:03:23.726Z,usb,1,3612849267,223262,57155072,256,8000,31.680
2026-07-23T02:03:23.757Z,usb,1,3612849267,223263,57155328,256,8000,31.680
2026-07-23T02:03:23.789Z,usb,1,3612849267,223264,57155584,256,8000,31.680
2026-07-23T02:03:23.821Z,usb,1,3612849267,223265,57155840,256,8000,31.680
2026-07-23T02:03:23.853Z,usb,1,3612849267,223266,57156096,256,8000,31.680
2026-07-23T02:03:23.886Z,usb,1,3612849267,223267,57156352,256,8000,31.680
2026-07-23T02:03:23.918Z,usb,1,3612849267,223268,57156608,256,8000,31.680
2026-07-23T02:03:23.950Z,usb,1,3612849267,223269,57156864,256,8000,31.680
2026-07-23T02:03:23.981Z,usb,1,3612849267,223270,57157120,256,8000,31.680
2026-07-23T02:03:24.014Z,usb,1,3612849267,223271,57157376,256,8000,31.680
2026-07-23T02:03:24.045Z,usb,1,3612849267,223272,57157632,256,8000,31.680
2026-07-23T02:03:24.078Z,usb,1,3612849267,223273,57157888,256,8000,31.680
2026-07-23T02:03:24.110Z,usb,1,3612849267,223274,57158144,256,8000,31.680
2026-07-23T02:03:24.141Z,usb,1,3612849267,223275,57158400,256,8000,31.680
2026-07-23T02:03:24.173Z,usb,1,3612849267,223276,57158656,256,8000,31.680
2026-07-23T02:03:24.205Z,usb,1,3612849267,223277,57158912,256,8000,31.680
2026-07-23T02:03:24.238Z,usb,1,3612849267,223278,57159168,256,8000,31.680
2026-07-23T02:03:24.270Z,usb,1,3612849267,223279,57159424,256,8000,31.680
2026-07-23T02:03:24.301Z,usb,1,3612849267,223280,57159680,256,8000,31.680
2026-07-23T02:03:24.333Z,usb,1,3612849267,223281,57159936,256,8000,31.680
2026-07-23T02:03:24.366Z,usb,1,3612849267,223282,57160192,256,8000,31.680
2026-07-23T02:03:24.397Z,usb,1,3612849267,223283,57160448,256,8000,31.680
2026-07-23T02:03:24.430Z,usb,1,3612849267,223284,57160704,256,8000,31.680
2026-07-23T02:03:24.462Z,usb,1,3612849267,223285,57160960,256,8000,31.680
2026-07-23T02:03:24.494Z,usb,1,3612849267,223286,57161216,256,8000,31.680
2026-07-23T02:03:24.525Z,usb,1,3612849267,223287,57161472,256,8000,31.680
2026-07-23T02:03:24.558Z,usb,1,3612849267,223288,57161728,256,8000,31.680
2026-07-23T02:03:24.589Z,usb,1,3612849267,223289,57161984,256,8000,31.680
2026-07-23T02:03:24.622Z,usb,1,3612849267,223290,57162240,256,8000,31.680
2026-07-23T02:03:24.653Z,usb,1,3612849267,223291,57162496,256,8000,31.680
2026-07-23T02:03:24.686Z,usb,1,3612849267,223292,57162752,256,8000,31.680
2026-07-23T02:03:24.718Z,usb,1,3612849267,223293,57163008,256,8000,31.680
2026-07-23T02:03:24.750Z,usb,1,3612849267,223294,57163264,256,8000,31.680
2026-07-23T02:03:24.782Z,usb,1,3612849267,223295,57163520,256,8000,31.680
2026-07-23T02:03:24.813Z,usb,1,3612849267,223296,57163776,256,8000,31.680
2026-07-23T02:03:24.845Z,usb,1,3612849267,223297,57164032,256,8000,31.680
2026-07-23T02:03:24.877Z,usb,1,3612849267,223298,57164288,256,8000,31.680
2026-07-23T02:03:24.909Z,usb,1,3612849267,223299,57164544,256,8000,31.680
2026-07-23T02:03:24.942Z,usb,1,3612849267,223300,57164800,256,8000,31.680
2026-07-23T02:03:24.974Z,usb,1,3612849267,223301,57165056,256,8000,31.680
2026-07-23T02:03:25.006Z,usb,1,3612849267,223302,57165312,256,8000,31.680
2026-07-23T02:03:25.037Z,usb,1,3612849267,223303,57165568,256,8000,31.680
2026-07-23T02:03:25.070Z,usb,1,3612849267,223304,57165824,256,8000,31.680
2026-07-23T02:03:25.101Z,usb,1,3612849267,223305,57166080,256,8000,31.680
2026-07-23T02:03:25.133Z,usb,1,3612849267,223306,57166336,256,8000,31.680
2026-07-23T02:03:25.166Z,usb,1,3612849267,223307,57166592,256,8000,31.680
2026-07-23T02:03:25.198Z,usb,1,3612849267,223308,57166848,256,8000,31.680
2026-07-23T02:03:25.230Z,usb,1,3612849267,223309,57167104,256,8000,31.680
2026-07-23T02:03:25.262Z,usb,1,3612849267,223310,57167360,256,8000,31.680
2026-07-23T02:03:25.294Z,usb,1,3612849267,223311,57167616,256,8000,31.680
2026-07-23T02:03:25.325Z,usb,1,3612849267,223312,57167872,256,8000,31.680
2026-07-23T02:03:25.357Z,usb,1,3612849267,223313,57168128,256,8000,31.680
2026-07-23T02:03:25.390Z,usb,1,3612849267,223314,57168384,256,8000,31.680
2026-07-23T02:03:25.422Z,usb,1,3612849267,223315,57168640,256,8000,31.680
2026-07-23T02:03:25.453Z,usb,1,3612849267,223316,57168896,256,8000,31.680
2026-07-23T02:03:25.485Z,usb,1,3612849267,223317,57169152,256,8000,31.680
2026-07-23T02:03:25.517Z,usb,1,3612849267,223318,57169408,256,8000,31.680
2026-07-23T02:03:25.549Z,usb,1,3612849267,223319,57169664,256,8000,31.680
2026-07-23T02:03:25.581Z,usb,1,3612849267,223320,57169920,256,8000,31.680
2026-07-23T02:03:25.613Z,usb,1,3612849267,223321,57170176,256,8000,31.680
2026-07-23T02:03:25.645Z,usb,1,3612849267,223322,57170432,256,8000,31.680
2026-07-23T02:03:25.677Z,usb,1,3612849267,223323,57170688,256,8000,31.680
2026-07-23T02:03:25.709Z,usb,1,3612849267,223324,57170944,256,8000,31.680
2026-07-23T02:03:25.741Z,usb,1,3612849267,223325,57171200,256,8000,31.680
2026-07-23T02:03:25.774Z,usb,1,3612849267,223326,57171456,256,8000,31.680
2026-07-23T02:03:25.805Z,usb,1,3612849267,223327,57171712,256,8000,31.680
2026-07-23T02:03:25.837Z,usb,1,3612849267,223328,57171968,256,8000,31.680
2026-07-23T02:03:25.869Z,usb,1,3612849267,223329,57172224,256,8000,31.680
2026-07-23T02:03:25.901Z,usb,1,3612849267,223330,57172480,256,8000,31.680
2026-07-23T02:03:25.933Z,usb,1,3612849267,223331,57172736,256,8000,31.680
2026-07-23T02:03:25.966Z,usb,1,3612849267,223332,57172992,256,8000,31.690
2026-07-23T02:03:25.997Z,usb,1,3612849267,223333,57173248,256,8000,31.690
2026-07-23T02:03:26.030Z,usb,1,3612849267,223334,57173504,256,8000,31.690
2026-07-23T02:03:26.062Z,usb,1,3612849267,223335,57173760,256,8000,31.690
2026-07-23T02:03:26.094Z,usb,1,3612849267,223336,57174016,256,8000,31.690
2026-07-23T02:03:26.126Z,usb,1,3612849267,223337,57174272,256,8000,31.690
2026-07-23T02:03:26.157Z,usb,1,3612849267,223338,57174528,256,8000,31.690
2026-07-23T02:03:26.190Z,usb,1,3612849267,223339,57174784,256,8000,31.690
2026-07-23T02:03:26.222Z,usb,1,3612849267,223340,57175040,256,8000,31.690
2026-07-23T02:03:26.254Z,usb,1,3612849267,223341,57175296,256,8000,31.690
2026-07-23T02:03:26.286Z,usb,1,3612849267,223342,57175552,256,8000,31.690
2026-07-23T02:03:26.318Z,usb,1,3612849267,223343,57175808,256,8000,31.690
2026-07-23T02:03:26.350Z,usb,1,3612849267,223344,57176064,256,8000,31.690
2026-07-23T02:03:26.382Z,usb,1,3612849267,223345,57176320,256,8000,31.690
2026-07-23T02:03:26.414Z,usb,1,3612849267,223346,57176576,256,8000,31.690
2026-07-23T02:03:26.446Z,usb,1,3612849267,223347,57176832,256,8000,31.690
2026-07-23T02:03:26.478Z,usb,1,3612849267,223348,57177088,256,8000,31.690
2026-07-23T02:03:26.510Z,usb,1,3612849267,223349,57177344,256,8000,31.690
2026-07-23T02:03:26.542Z,usb,1,3612849267,223350,57177600,256,8000,31.690
2026-07-23T02:03:26.574Z,usb,1,3612849267,223351,57177856,256,8000,31.690
2026-07-23T02:03:26.606Z,usb,1,3612849267,223352,57178112,256,8000,31.690
2026-07-23T02:03:26.638Z,usb,1,3612849267,223353,57178368,256,8000,31.690
2026-07-23T02:03:26.670Z,usb,1,3612849267,223354,57178624,256,8000,31.690
2026-07-23T02:03:26.702Z,usb,1,3612849267,223355,57178880,256,8000,31.690
2026-07-23T02:03:26.734Z,usb,1,3612849267,223356,57179136,256,8000,31.690
2026-07-23T02:03:26.765Z,usb,1,3612849267,223357,57179392,256,8000,31.690
2026-07-23T02:03:26.798Z,usb,1,3612849267,223358,57179648,256,8000,31.690
2026-07-23T02:03:26.830Z,usb,1,3612849267,223359,57179904,256,8000,31.690
2026-07-23T02:03:26.862Z,usb,1,3612849267,223360,57180160,256,8000,31.690
2026-07-23T02:03:26.894Z,usb,1,3612849267,223361,57180416,256,8000,31.690
2026-07-23T02:03:26.925Z,usb,1,3612849267,223362,57180672,256,8000,31.690
2026-07-23T02:03:26.958Z,usb,1,3612849267,223363,57180928,256,8000,31.690
2026-07-23T02:03:26.990Z,usb,1,3612849267,223364,57181184,256,8000,31.690
2026-07-23T02:03:27.022Z,usb,1,3612849267,223365,57181440,256,8000,31.690
2026-07-23T02:03:27.053Z,usb,1,3612849267,223366,57181696,256,8000,31.690
2026-07-23T02:03:27.085Z,usb,1,3612849267,223367,57181952,256,8000,31.690
2026-07-23T02:03:27.117Z,usb,1,3612849267,223368,57182208,256,8000,31.690
2026-07-23T02:03:27.149Z,usb,1,3612849267,223369,57182464,256,8000,31.690
2026-07-23T02:03:27.182Z,usb,1,3612849267,223370,57182720,256,8000,31.690
2026-07-23T02:03:27.214Z,usb,1,3612849267,223371,57182976,256,8000,31.690
2026-07-23T02:03:27.246Z,usb,1,3612849267,223372,57183232,256,8000,31.690
2026-07-23T02:03:27.278Z,usb,1,3612849267,223373,57183488,256,8000,31.690
2026-07-23T02:03:27.310Z,usb,1,3612849267,223374,57183744,256,8000,31.690
2026-07-23T02:03:27.342Z,usb,1,3612849267,223375,57184000,256,8000,31.690
2026-07-23T02:03:27.374Z,usb,1,3612849267,223376,57184256,256,8000,31.690
2026-07-23T02:03:27.406Z,usb,1,3612849267,223377,57184512,256,8000,31.690
2026-07-23T02:03:27.438Z,usb,1,3612849267,223378,57184768,256,8000,31.690
2026-07-23T02:03:27.470Z,usb,1,3612849267,223379,57185024,256,8000,31.690
2026-07-23T02:03:27.502Z,usb,1,3612849267,223380,57185280,256,8000,31.690
2026-07-23T02:03:27.534Z,usb,1,3612849267,223381,57185536,256,8000,31.690
2026-07-23T02:03:27.566Z,usb,1,3612849267,223382,57185792,256,8000,31.690
2026-07-23T02:03:27.598Z,usb,1,3612849267,223383,57186048,256,8000,31.690
2026-07-23T02:03:27.629Z,usb,1,3612849267,223384,57186304,256,8000,31.690
2026-07-23T02:03:27.662Z,usb,1,3612849267,223385,57186560,256,8000,31.690
2026-07-23T02:03:27.693Z,usb,1,3612849267,223386,57186816,256,8000,31.690
2026-07-23T02:03:27.726Z,usb,1,3612849267,223387,57187072,256,8000,31.690
2026-07-23T02:03:27.758Z,usb,1,3612849267,223388,57187328,256,8000,31.690
2026-07-23T02:03:27.790Z,usb,1,3612849267,223389,57187584,256,8000,31.690
2026-07-23T02:03:27.822Z,usb,1,3612849267,223390,57187840,256,8000,31.690
2026-07-23T02:03:27.853Z,usb,1,3612849267,223391,57188096,256,8000,31.690
2026-07-23T02:03:27.885Z,usb,1,3612849267,223392,57188352,256,8000,31.690
2026-07-23T02:03:27.918Z,usb,1,3612849267,223393,57188608,256,8000,31.690
2026-07-23T02:03:27.950Z,usb,1,3612849267,223394,57188864,256,8000,31.690
2026-07-23T02:03:27.982Z,usb,1,3612849267,223395,57189120,256,8000,31.690
2026-07-23T02:03:28.014Z,usb,1,3612849267,223396,57189376,256,8000,31.690
2026-07-23T02:03:28.045Z,usb,1,3612849267,223397,57189632,256,8000,31.690
2026-07-23T02:03:28.077Z,usb,1,3612849267,223398,57189888,256,8000,31.690
2026-07-23T02:03:28.109Z,usb,1,3612849267,223399,57190144,256,8000,31.690
2026-07-23T02:03:28.141Z,usb,1,3612849267,223400,57190400,256,8000,31.690
2026-07-23T02:03:28.174Z,usb,1,3612849267,223401,57190656,256,8000,31.690
2026-07-23T02:03:28.206Z,usb,1,3612849267,223402,57190912,256,8000,31.690
2026-07-23T02:03:28.237Z,usb,1,3612849267,223403,57191168,256,8000,31.690
2026-07-23T02:03:28.270Z,usb,1,3612849267,223404,57191424,256,8000,31.690
2026-07-23T02:03:28.301Z,usb,1,3612849267,223405,57191680,256,8000,31.690
2026-07-23T02:03:28.334Z,usb,1,3612849267,223406,57191936,256,8000,31.690
2026-07-23T02:03:28.366Z,usb,1,3612849267,223407,57192192,256,8000,31.690
2026-07-23T02:03:28.397Z,usb,1,3612849267,223408,57192448,256,8000,31.690
2026-07-23T02:03:28.429Z,usb,1,3612849267,223409,57192704,256,8000,31.690
2026-07-23T02:03:28.462Z,usb,1,3612849267,223410,57192960,256,8000,31.690
2026-07-23T02:03:28.494Z,usb,1,3612849267,223411,57193216,256,8000,31.690
2026-07-23T02:03:28.525Z,usb,1,3612849267,223412,57193472,256,8000,31.690
2026-07-23T02:03:28.557Z,usb,1,3612849267,223413,57193728,256,8000,31.690
2026-07-23T02:03:28.590Z,usb,1,3612849267,223414,57193984,256,8000,31.690
2026-07-23T02:03:28.622Z,usb,1,3612849267,223415,57194240,256,8000,31.690
2026-07-23T02:03:28.654Z,usb,1,3612849267,223416,57194496,256,8000,31.690
2026-07-23T02:03:28.686Z,usb,1,3612849267,223417,57194752,256,8000,31.690
2026-07-23T02:03:28.717Z,usb,1,3612849267,223418,57195008,256,8000,31.690
2026-07-23T02:03:28.750Z,usb,1,3612849267,223419,57195264,256,8000,31.690
2026-07-23T02:03:28.782Z,usb,1,3612849267,223420,57195520,256,8000,31.690
2026-07-23T02:03:28.814Z,usb,1,3612849267,223421,57195776,256,8000,31.690
2026-07-23T02:03:28.847Z,usb,1,3612849267,223422,57196032,256,8000,31.690
2026-07-23T02:03:28.877Z,usb,1,3612849267,223423,57196288,256,8000,31.690
2026-07-23T02:03:28.910Z,usb,1,3612849267,223424,57196544,256,8000,31.690
2026-07-23T02:03:28.942Z,usb,1,3612849267,223425,57196800,256,8000,31.690
2026-07-23T02:03:28.974Z,usb,1,3612849267,223426,57197056,256,8000,31.690
2026-07-23T02:03:29.006Z,usb,1,3612849267,223427,57197312,256,8000,31.690
2026-07-23T02:03:29.038Z,usb,1,3612849267,223428,57197568,256,8000,31.690
2026-07-23T02:03:29.069Z,usb,1,3612849267,223429,57197824,256,8000,31.690
2026-07-23T02:03:29.101Z,usb,1,3612849267,223430,57198080,256,8000,31.690
2026-07-23T02:03:29.134Z,usb,1,3612849267,223431,57198336,256,8000,31.690
2026-07-23T02:03:29.166Z,usb,1,3612849267,223432,57198592,256,8000,31.690
2026-07-23T02:03:29.198Z,usb,1,3612849267,223433,57198848,256,8000,31.690
2026-07-23T02:03:29.230Z,usb,1,3612849267,223434,57199104,256,8000,31.690
2026-07-23T02:03:29.262Z,usb,1,3612849267,223435,57199360,256,8000,31.690
2026-07-23T02:03:29.294Z,usb,1,3612849267,223436,57199616,256,8000,31.690
2026-07-23T02:03:29.325Z,usb,1,3612849267,223437,57199872,256,8000,31.690
2026-07-23T02:03:29.358Z,usb,1,3612849267,223438,57200128,256,8000,31.690
2026-07-23T02:03:29.389Z,usb,1,3612849267,223439,57200384,256,8000,31.690
2026-07-23T02:03:29.422Z,usb,1,3612849267,223440,57200640,256,8000,31.690
2026-07-23T02:03:29.454Z,usb,1,3612849267,223441,57200896,256,8000,31.690
2026-07-23T02:03:29.485Z,usb,1,3612849267,223442,57201152,256,8000,31.690
2026-07-23T02:03:29.518Z,usb,1,3612849267,223443,57201408,256,8000,31.690
2026-07-23T02:03:29.550Z,usb,1,3612849267,223444,57201664,256,8000,31.690
2026-07-23T02:03:29.582Z,usb,1,3612849267,223445,57201920,256,8000,31.690
2026-07-23T02:03:29.614Z,usb,1,3612849267,223446,57202176,256,8000,31.690
2026-07-23T02:03:29.645Z,usb,1,3612849267,223447,57202432,256,8000,31.690
2026-07-23T02:03:29.678Z,usb,1,3612849267,223448,57202688,256,8000,31.690
2026-07-23T02:03:29.709Z,usb,1,3612849267,223449,57202944,256,8000,31.690
2026-07-23T02:03:29.742Z,usb,1,3612849267,223450,57203200,256,8000,31.690
2026-07-23T02:03:29.774Z,usb,1,3612849267,223451,57203456,256,8000,31.690
2026-07-23T02:03:29.806Z,usb,1,3612849267,223452,57203712,256,8000,31.690
2026-07-23T02:03:29.837Z,usb,1,3612849267,223453,57203968,256,8000,31.690
2026-07-23T02:03:29.869Z,usb,1,3612849267,223454,57204224,256,8000,31.690
2026-07-23T02:03:29.901Z,usb,1,3612849267,223455,57204480,256,8000,31.690
2026-07-23T02:03:29.933Z,usb,1,3612849267,223456,57204736,256,8000,31.690
2026-07-23T02:03:29.965Z,usb,1,3612849267,223457,57204992,256,8000,31.690
2026-07-23T02:03:29.997Z,usb,1,3612849267,223458,57205248,256,8000,31.690
2026-07-23T02:03:30.029Z,usb,1,3612849267,223459,57205504,256,8000,31.690
2026-07-23T02:03:30.062Z,usb,1,3612849267,223460,57205760,256,8000,31.690
2026-07-23T02:03:30.093Z,usb,1,3612849267,223461,57206016,256,8000,31.690
2026-07-23T02:03:30.125Z,usb,1,3612849267,223462,57206272,256,8000,31.690
2026-07-23T02:03:30.157Z,usb,1,3612849267,223463,57206528,256,8000,31.690
2026-07-23T02:03:30.190Z,usb,1,3612849267,223464,57206784,256,8000,31.690
2026-07-23T02:03:30.221Z,usb,1,3612849267,223465,57207040,256,8000,31.690
2026-07-23T02:03:30.253Z,usb,1,3612849267,223466,57207296,256,8000,31.690
2026-07-23T02:03:30.286Z,usb,1,3612849267,223467,57207552,256,8000,31.690
2026-07-23T02:03:30.317Z,usb,1,3612849267,223468,57207808,256,8000,31.690
2026-07-23T02:03:30.349Z,usb,1,3612849267,223469,57208064,256,8000,31.690
2026-07-23T02:03:30.381Z,usb,1,3612849267,223470,57208320,256,8000,31.690
2026-07-23T02:03:30.413Z,usb,1,3612849267,223471,57208576,256,8000,31.690
2026-07-23T02:03:30.445Z,usb,1,3612849267,223472,57208832,256,8000,31.690
2026-07-23T02:03:30.477Z,usb,1,3612849267,223473,57209088,256,8000,31.690
2026-07-23T02:03:30.509Z,usb,1,3612849267,223474,57209344,256,8000,31.690
2026-07-23T02:03:30.541Z,usb,1,3612849267,223475,57209600,256,8000,31.690
2026-07-23T02:03:30.573Z,usb,1,3612849267,223476,57209856,256,8000,31.690
2026-07-23T02:03:30.605Z,usb,1,3612849267,223477,57210112,256,8000,31.690
2026-07-23T02:03:30.637Z,usb,1,3612849267,223478,57210368,256,8000,31.690
2026-07-23T02:03:30.669Z,usb,1,3612849267,223479,57210624,256,8000,31.690
2026-07-23T02:03:30.701Z,usb,1,3612849267,223480,57210880,256,8000,31.690
2026-07-23T02:03:30.733Z,usb,1,3612849267,223481,57211136,256,8000,31.690
2026-07-23T02:03:30.765Z,usb,1,3612849267,223482,57211392,256,8000,31.690
2026-07-23T02:03:30.797Z,usb,1,3612849267,223483,57211648,256,8000,31.690
2026-07-23T02:03:30.829Z,usb,1,3612849267,223484,57211904,256,8000,31.690
2026-07-23T02:03:30.861Z,usb,1,3612849267,223485,57212160,256,8000,31.690
2026-07-23T02:03:30.893Z,usb,1,3612849267,223486,57212416,256,8000,31.690
2026-07-23T02:03:30.925Z,usb,1,3612849267,223487,57212672,256,8000,31.690
2026-07-23T02:03:30.957Z,usb,1,3612849267,223488,57212928,256,8000,31.690
2026-07-23T02:03:30.989Z,usb,1,3612849267,223489,57213184,256,8000,31.690
2026-07-23T02:03:31.021Z,usb,1,3612849267,223490,57213440,256,8000,31.690
2026-07-23T02:03:31.053Z,usb,1,3612849267,223491,57213696,256,8000,31.690
2026-07-23T02:03:31.086Z,usb,1,3612849267,223492,57213952,256,8000,31.690
2026-07-23T02:03:31.117Z,usb,1,3612849267,223493,57214208,256,8000,31.690
2026-07-23T02:03:31.149Z,usb,1,3612849267,223494,57214464,256,8000,31.690
2026-07-23T02:03:31.181Z,usb,1,3612849267,223495,57214720,256,8000,31.690
2026-07-23T02:03:31.213Z,usb,1,3612849267,223496,57214976,256,8000,31.690
2026-07-23T02:03:31.245Z,usb,1,3612849267,223497,57215232,256,8000,31.690
2026-07-23T02:03:31.277Z,usb,1,3612849267,223498,57215488,256,8000,31.690
2026-07-23T02:03:31.309Z,usb,1,3612849267,223499,57215744,256,8000,31.690
2026-07-23T02:03:31.341Z,usb,1,3612849267,223500,57216000,256,8000,31.690
2026-07-23T02:03:31.373Z,usb,1,3612849267,223501,57216256,256,8000,31.690
2026-07-23T02:03:31.405Z,usb,1,3612849267,223502,57216512,256,8000,31.690
2026-07-23T02:03:31.437Z,usb,1,3612849267,223503,57216768,256,8000,31.690
2026-07-23T02:03:31.469Z,usb,1,3612849267,223504,57217024,256,8000,31.690
2026-07-23T02:03:31.502Z,usb,1,3612849267,223505,57217280,256,8000,31.690
2026-07-23T02:03:31.533Z,usb,1,3612849267,223506,57217536,256,8000,31.690
2026-07-23T02:03:31.565Z,usb,1,3612849267,223507,57217792,256,8000,31.690
2026-07-23T02:03:31.597Z,usb,1,3612849267,223508,57218048,256,8000,31.690
2026-07-23T02:03:31.630Z,usb,1,3612849267,223509,57218304,256,8000,31.690
2026-07-23T02:03:31.662Z,usb,1,3612849267,223510,57218560,256,8000,31.690
2026-07-23T02:03:31.693Z,usb,1,3612849267,223511,57218816,256,8000,31.690
2026-07-23T02:03:31.726Z,usb,1,3612849267,223512,57219072,256,8000,31.690
2026-07-23T02:03:31.758Z,usb,1,3612849267,223513,57219328,256,8000,31.690
2026-07-23T02:03:31.789Z,usb,1,3612849267,223514,57219584,256,8000,31.690
2026-07-23T02:03:31.821Z,usb,1,3612849267,223515,57219840,256,8000,31.690
2026-07-23T02:03:31.854Z,usb,1,3612849267,223516,57220096,256,8000,31.690
2026-07-23T02:03:31.885Z,usb,1,3612849267,223517,57220352,256,8000,31.690
2026-07-23T02:03:31.918Z,usb,1,3612849267,223518,57220608,256,8000,31.690
2026-07-23T02:03:31.949Z,usb,1,3612849267,223519,57220864,256,8000,31.690
2026-07-23T02:03:31.981Z,usb,1,3612849267,223520,57221120,256,8000,31.690
2026-07-23T02:03:32.013Z,usb,1,3612849267,223521,57221376,256,8000,31.690
2026-07-23T02:03:32.046Z,usb,1,3612849267,223522,57221632,256,8000,31.690
2026-07-23T02:03:32.078Z,usb,1,3612849267,223523,57221888,256,8000,31.690
2026-07-23T02:03:32.110Z,usb,1,3612849267,223524,57222144,256,8000,31.690
2026-07-23T02:03:32.141Z,usb,1,3612849267,223525,57222400,256,8000,31.690
2026-07-23T02:03:32.173Z,usb,1,3612849267,223526,57222656,256,8000,31.690
2026-07-23T02:03:32.205Z,usb,1,3612849267,223527,57222912,256,8000,31.690
2026-07-23T02:03:32.238Z,usb,1,3612849267,223528,57223168,256,8000,31.690
2026-07-23T02:03:32.270Z,usb,1,3612849267,223529,57223424,256,8000,31.690
2026-07-23T02:03:32.301Z,usb,1,3612849267,223530,57223680,256,8000,31.690
2026-07-23T02:03:32.333Z,usb,1,3612849267,223531,57223936,256,8000,31.690
2026-07-23T02:03:32.365Z,usb,1,3612849267,223532,57224192,256,8000,31.690
2026-07-23T02:03:32.398Z,usb,1,3612849267,223533,57224448,256,8000,31.690
2026-07-23T02:03:32.429Z,usb,1,3612849267,223534,57224704,256,8000,31.690
2026-07-23T02:03:32.462Z,usb,1,3612849267,223535,57224960,256,8000,31.690
2026-07-23T02:03:32.493Z,usb,1,3612849267,223536,57225216,256,8000,31.690
2026-07-23T02:03:32.525Z,usb,1,3612849267,223537,57225472,256,8000,31.690
2026-07-23T02:03:32.558Z,usb,1,3612849267,223538,57225728,256,8000,31.690
2026-07-23T02:03:32.590Z,usb,1,3612849267,223539,57225984,256,8000,31.690
2026-07-23T02:03:32.621Z,usb,1,3612849267,223540,57226240,256,8000,31.690
2026-07-23T02:03:32.653Z,usb,1,3612849267,223541,57226496,256,8000,31.690
2026-07-23T02:03:32.685Z,usb,1,3612849267,223542,57226752,256,8000,31.690
2026-07-23T02:03:32.717Z,usb,1,3612849267,223543,57227008,256,8000,31.690
2026-07-23T02:03:32.749Z,usb,1,3612849267,223544,57227264,256,8000,31.690
2026-07-23T02:03:32.782Z,usb,1,3612849267,223545,57227520,256,8000,31.690
2026-07-23T02:03:32.813Z,usb,1,3612849267,223546,57227776,256,8000,31.690
2026-07-23T02:03:32.845Z,usb,1,3612849267,223547,57228032,256,8000,31.690
2026-07-23T02:03:32.877Z,usb,1,3612849267,223548,57228288,256,8000,31.690
2026-07-23T02:03:32.909Z,usb,1,3612849267,223549,57228544,256,8000,31.690
2026-07-23T02:03:32.941Z,usb,1,3612849267,223550,57228800,256,8000,31.690
2026-07-23T02:03:32.973Z,usb,1,3612849267,223551,57229056,256,8000,31.690
2026-07-23T02:03:33.005Z,usb,1,3612849267,223552,57229312,256,8000,31.690
2026-07-23T02:03:33.037Z,usb,1,3612849267,223553,57229568,256,8000,31.690
2026-07-23T02:03:33.069Z,usb,1,3612849267,223554,57229824,256,8000,31.690
2026-07-23T02:03:33.101Z,usb,1,3612849267,223555,57230080,256,8000,31.690
2026-07-23T02:03:33.134Z,usb,1,3612849267,223556,57230336,256,8000,31.690
2026-07-23T02:03:33.165Z,usb,1,3612849267,223557,57230592,256,8000,31.690
2026-07-23T02:03:33.198Z,usb,1,3612849267,223558,57230848,256,8000,31.690
2026-07-23T02:03:33.229Z,usb,1,3612849267,223559,57231104,256,8000,31.690
2026-07-23T02:03:33.262Z,usb,1,3612849267,223560,57231360,256,8000,31.690
2026-07-23T02:03:33.293Z,usb,1,3612849267,223561,57231616,256,8000,31.690
2026-07-23T02:03:33.326Z,usb,1,3612849267,223562,57231872,256,8000,31.690
2026-07-23T02:03:33.357Z,usb,1,3612849267,223563,57232128,256,8000,31.690
2026-07-23T02:03:33.389Z,usb,1,3612849267,223564,57232384,256,8000,31.690
2026-07-23T02:03:33.421Z,usb,1,3612849267,223565,57232640,256,8000,31.690
2026-07-23T02:03:33.453Z,usb,1,3612849267,223566,57232896,256,8000,31.690
2026-07-23T02:03:33.485Z,usb,1,3612849267,223567,57233152,256,8000,31.690
2026-07-23T02:03:33.517Z,usb,1,3612849267,223568,57233408,256,8000,31.690
2026-07-23T02:03:33.549Z,usb,1,3612849267,223569,57233664,256,8000,31.690
2026-07-23T02:03:33.581Z,usb,1,3612849267,223570,57233920,256,8000,31.690
2026-07-23T02:03:33.613Z,usb,1,3612849267,223571,57234176,256,8000,31.690
2026-07-23T02:03:33.645Z,usb,1,3612849267,223572,57234432,256,8000,31.690
2026-07-23T02:03:33.677Z,usb,1,3612849267,223573,57234688,256,8000,31.690
2026-07-23T02:03:33.709Z,usb,1,3612849267,223574,57234944,256,8000,31.690
2026-07-23T02:03:33.741Z,usb,1,3612849267,223575,57235200,256,8000,31.690
2026-07-23T02:03:33.774Z,usb,1,3612849267,223576,57235456,256,8000,31.690
2026-07-23T02:03:33.805Z,usb,1,3612849267,223577,57235712,256,8000,31.690
2026-07-23T02:03:33.837Z,usb,1,3612849267,223578,57235968,256,8000,31.690
2026-07-23T02:03:33.869Z,usb,1,3612849267,223579,57236224,256,8000,31.690
2026-07-23T02:03:33.901Z,usb,1,3612849267,223580,57236480,256,8000,31.690
2026-07-23T02:03:33.933Z,usb,1,3612849267,223581,57236736,256,8000,31.690
2026-07-23T02:03:33.965Z,usb,1,3612849267,223582,57236992,256,8000,31.690
2026-07-23T02:03:33.997Z,usb,1,3612849267,223583,57237248,256,8000,31.690
2026-07-23T02:03:34.029Z,usb,1,3612849267,223584,57237504,256,8000,31.690
2026-07-23T02:03:34.061Z,usb,1,3612849267,223585,57237760,256,8000,31.690
2026-07-23T02:03:34.094Z,usb,1,3612849267,223586,57238016,256,8000,31.690
2026-07-23T02:03:34.125Z,usb,1,3612849267,223587,57238272,256,8000,31.690
2026-07-23T02:03:34.158Z,usb,1,3612849267,223588,57238528,256,8000,31.690
2026-07-23T02:03:34.189Z,usb,1,3612849267,223589,57238784,256,8000,31.690
2026-07-23T02:03:34.221Z,usb,1,3612849267,223590,57239040,256,8000,31.690
2026-07-23T02:03:34.254Z,usb,1,3612849267,223591,57239296,256,8000,31.690
2026-07-23T02:03:34.285Z,usb,1,3612849267,223592,57239552,256,8000,31.690
2026-07-23T02:03:34.317Z,usb,1,3612849267,223593,57239808,256,8000,31.690
2026-07-23T02:03:34.349Z,usb,1,3612849267,223594,57240064,256,8000,31.690
2026-07-23T02:03:34.381Z,usb,1,3612849267,223595,57240320,256,8000,31.690
2026-07-23T02:03:34.413Z,usb,1,3612849267,223596,57240576,256,8000,31.690
2026-07-23T02:03:34.445Z,usb,1,3612849267,223597,57240832,256,8000,31.690
2026-07-23T02:03:34.477Z,usb,1,3612849267,223598,57241088,256,8000,31.690
2026-07-23T02:03:34.509Z,usb,1,3612849267,223599,57241344,256,8000,31.690
2026-07-23T02:03:34.541Z,usb,1,3612849267,223600,57241600,256,8000,31.690
2026-07-23T02:03:34.573Z,usb,1,3612849267,223601,57241856,256,8000,31.690
2026-07-23T02:03:34.605Z,usb,1,3612849267,223602,57242112,256,8000,31.690
2026-07-23T02:03:34.637Z,usb,1,3612849267,223603,57242368,256,8000,31.690
2026-07-23T02:03:34.669Z,usb,1,3612849267,223604,57242624,256,8000,31.690
2026-07-23T02:03:34.701Z,usb,1,3612849267,223605,57242880,256,8000,31.690
2026-07-23T02:03:34.733Z,usb,1,3612849267,223606,57243136,256,8000,31.690
2026-07-23T02:03:34.765Z,usb,1,3612849267,223607,57243392,256,8000,31.690
2026-07-23T02:03:34.798Z,usb,1,3612849267,223608,57243648,256,8000,31.690
2026-07-23T02:03:34.829Z,usb,1,3612849267,223609,57243904,256,8000,31.690
2026-07-23T02:03:34.862Z,usb,1,3612849267,223610,57244160,256,8000,31.690
2026-07-23T02:03:34.893Z,usb,1,3612849267,223611,57244416,256,8000,31.690
2026-07-23T02:03:34.925Z,usb,1,3612849267,223612,57244672,256,8000,31.690
2026-07-23T02:03:34.957Z,usb,1,3612849267,223613,57244928,256,8000,31.690
2026-07-23T02:03:34.989Z,usb,1,3612849267,223614,57245184,256,8000,31.690
2026-07-23T02:03:35.021Z,usb,1,3612849267,223615,57245440,256,8000,31.690
2026-07-23T02:03:35.053Z,usb,1,3612849267,223616,57245696,256,8000,31.690
2026-07-23T02:03:35.085Z,usb,1,3612849267,223617,57245952,256,8000,31.690
2026-07-23T02:03:35.117Z,usb,1,3612849267,223618,57246208,256,8000,31.690
2026-07-23T02:03:35.149Z,usb,1,3612849267,223619,57246464,256,8000,31.690
2026-07-23T02:03:35.182Z,usb,1,3612849267,223620,57246720,256,8000,31.690
2026-07-23T02:03:35.213Z,usb,1,3612849267,223621,57246976,256,8000,31.690
2026-07-23T02:03:35.245Z,usb,1,3612849267,223622,57247232,256,8000,31.690
2026-07-23T02:03:35.277Z,usb,1,3612849267,223623,57247488,256,8000,31.690
2026-07-23T02:03:35.309Z,usb,1,3612849267,223624,57247744,256,8000,31.690
2026-07-23T02:03:35.341Z,usb,1,3612849267,223625,57248000,256,8000,31.690
2026-07-23T02:03:35.373Z,usb,1,3612849267,223626,57248256,256,8000,31.690
2026-07-23T02:03:35.406Z,usb,1,3612849267,223627,57248512,256,8000,31.690
2026-07-23T02:03:35.437Z,usb,1,3612849267,223628,57248768,256,8000,31.690
2026-07-23T02:03:35.469Z,usb,1,3612849267,223629,57249024,256,8000,31.690
2026-07-23T02:03:35.501Z,usb,1,3612849267,223630,57249280,256,8000,31.690
2026-07-23T02:03:35.533Z,usb,1,3612849267,223631,57249536,256,8000,31.690
2026-07-23T02:03:35.565Z,usb,1,3612849267,223632,57249792,256,8000,31.690
2026-07-23T02:03:35.598Z,usb,1,3612849267,223633,57250048,256,8000,31.690
2026-07-23T02:03:35.629Z,usb,1,3612849267,223634,57250304,256,8000,31.690
2026-07-23T02:03:35.661Z,usb,1,3612849267,223635,57250560,256,8000,31.690
2026-07-23T02:03:35.694Z,usb,1,3612849267,223636,57250816,256,8000,31.690
2026-07-23T02:03:35.726Z,usb,1,3612849267,223637,57251072,256,8000,31.690
2026-07-23T02:03:35.757Z,usb,1,3612849267,223638,57251328,256,8000,31.690
2026-07-23T02:03:35.789Z,usb,1,3612849267,223639,57251584,256,8000,31.690
2026-07-23T02:03:35.821Z,usb,1,3612849267,223640,57251840,256,8000,31.690
2026-07-23T02:03:35.854Z,usb,1,3612849267,223641,57252096,256,8000,31.690
2026-07-23T02:03:35.885Z,usb,1,3612849267,223642,57252352,256,8000,31.690
2026-07-23T02:03:35.918Z,usb,1,3612849267,223643,57252608,256,8000,31.690
2026-07-23T02:03:35.950Z,usb,1,3612849267,223644,57252864,256,8000,31.690
2026-07-23T02:03:35.982Z,usb,1,3612849267,223645,57253120,256,8000,31.690
2026-07-23T02:03:36.013Z,usb,1,3612849267,223646,57253376,256,8000,31.690
2026-07-23T02:03:36.046Z,usb,1,3612849267,223647,57253632,256,8000,31.690
2026-07-23T02:03:36.077Z,usb,1,3612849267,223648,57253888,256,8000,31.690
2026-07-23T02:03:36.109Z,usb,1,3612849267,223649,57254144,256,8000,31.690
2026-07-23T02:03:36.141Z,usb,1,3612849267,223650,57254400,256,8000,31.690
2026-07-23T02:03:36.173Z,usb,1,3612849267,223651,57254656,256,8000,31.690
2026-07-23T02:03:36.206Z,usb,1,3612849267,223652,57254912,256,8000,31.700
2026-07-23T02:03:36.238Z,usb,1,3612849267,223653,57255168,256,8000,31.700
2026-07-23T02:03:36.270Z,usb,1,3612849267,223654,57255424,256,8000,31.700
2026-07-23T02:03:36.301Z,usb,1,3612849267,223655,57255680,256,8000,31.700
2026-07-23T02:03:36.334Z,usb,1,3612849267,223656,57255936,256,8000,31.700
2026-07-23T02:03:36.365Z,usb,1,3612849267,223657,57256192,256,8000,31.700
2026-07-23T02:03:36.397Z,usb,1,3612849267,223658,57256448,256,8000,31.700
2026-07-23T02:03:36.429Z,usb,1,3612849267,223659,57256704,256,8000,31.700
2026-07-23T02:03:36.461Z,usb,1,3612849267,223660,57256960,256,8000,31.700
2026-07-23T02:03:36.493Z,usb,1,3612849267,223661,57257216,256,8000,31.700
2026-07-23T02:03:36.525Z,usb,1,3612849267,223662,57257472,256,8000,31.700
2026-07-23T02:03:36.557Z,usb,1,3612849267,223663,57257728,256,8000,31.700
2026-07-23T02:03:36.589Z,usb,1,3612849267,223664,57257984,256,8000,31.700
2026-07-23T02:03:36.621Z,usb,1,3612849267,223665,57258240,256,8000,31.700
2026-07-23T02:03:36.653Z,usb,1,3612849267,223666,57258496,256,8000,31.700
2026-07-23T02:03:36.685Z,usb,1,3612849267,223667,57258752,256,8000,31.700
2026-07-23T02:03:36.718Z,usb,1,3612849267,223668,57259008,256,8000,31.700
2026-07-23T02:03:36.750Z,usb,1,3612849267,223669,57259264,256,8000,31.700
2026-07-23T02:03:36.781Z,usb,1,3612849267,223670,57259520,256,8000,31.700
2026-07-23T02:03:36.813Z,usb,1,3612849267,223671,57259776,256,8000,31.700
2026-07-23T02:03:36.845Z,usb,1,3612849267,223672,57260032,256,8000,31.700
2026-07-23T02:03:36.877Z,usb,1,3612849267,223673,57260288,256,8000,31.700
2026-07-23T02:03:36.909Z,usb,1,3612849267,223674,57260544,256,8000,31.700
2026-07-23T02:03:36.941Z,usb,1,3612849267,223675,57260800,256,8000,31.700
2026-07-23T02:03:36.973Z,usb,1,3612849267,223676,57261056,256,8000,31.700
2026-07-23T02:03:37.005Z,usb,1,3612849267,223677,57261312,256,8000,31.700
2026-07-23T02:03:37.037Z,usb,1,3612849267,223678,57261568,256,8000,31.700
2026-07-23T02:03:37.069Z,usb,1,3612849267,223679,57261824,256,8000,31.700
2026-07-23T02:03:37.101Z,usb,1,3612849267,223680,57262080,256,8000,31.700
2026-07-23T02:03:37.133Z,usb,1,3612849267,223681,57262336,256,8000,31.700
2026-07-23T02:03:37.165Z,usb,1,3612849267,223682,57262592,256,8000,31.700
2026-07-23T02:03:37.197Z,usb,1,3612849267,223683,57262848,256,8000,31.700
2026-07-23T02:03:37.230Z,usb,1,3612849267,223684,57263104,256,8000,31.690
2026-07-23T02:03:37.261Z,usb,1,3612849267,223685,57263360,256,8000,31.690
2026-07-23T02:03:37.293Z,usb,1,3612849267,223686,57263616,256,8000,31.690
2026-07-23T02:03:37.325Z,usb,1,3612849267,223687,57263872,256,8000,31.690
2026-07-23T02:03:37.357Z,usb,1,3612849267,223688,57264128,256,8000,31.690
2026-07-23T02:03:37.389Z,usb,1,3612849267,223689,57264384,256,8000,31.690
2026-07-23T02:03:37.421Z,usb,1,3612849267,223690,57264640,256,8000,31.690
2026-07-23T02:03:37.453Z,usb,1,3612849267,223691,57264896,256,8000,31.690
2026-07-23T02:03:37.485Z,usb,1,3612849267,223692,57265152,256,8000,31.690
2026-07-23T02:03:37.517Z,usb,1,3612849267,223693,57265408,256,8000,31.690
2026-07-23T02:03:37.549Z,usb,1,3612849267,223694,57265664,256,8000,31.690
2026-07-23T02:03:37.581Z,usb,1,3612849267,223695,57265920,256,8000,31.690
2026-07-23T02:03:37.613Z,usb,1,3612849267,223696,57266176,256,8000,31.690
2026-07-23T02:03:37.645Z,usb,1,3612849267,223697,57266432,256,8000,31.690
2026-07-23T02:03:37.677Z,usb,1,3612849267,223698,57266688,256,8000,31.690
2026-07-23T02:03:37.709Z,usb,1,3612849267,223699,57266944,256,8000,31.690
2026-07-23T02:03:37.741Z,usb,1,3612849267,223700,57267200,256,8000,31.690
2026-07-23T02:03:37.773Z,usb,1,3612849267,223701,57267456,256,8000,31.690
2026-07-23T02:03:37.805Z,usb,1,3612849267,223702,57267712,256,8000,31.690
2026-07-23T02:03:37.837Z,usb,1,3612849267,223703,57267968,256,8000,31.690
2026-07-23T02:03:37.869Z,usb,1,3612849267,223704,57268224,256,8000,31.690
2026-07-23T02:03:37.901Z,usb,1,3612849267,223705,57268480,256,8000,31.690
2026-07-23T02:03:37.933Z,usb,1,3612849267,223706,57268736,256,8000,31.690
2026-07-23T02:03:37.965Z,usb,1,3612849267,223707,57268992,256,8000,31.690
2026-07-23T02:03:37.997Z,usb,1,3612849267,223708,57269248,256,8000,31.690
2026-07-23T02:03:38.029Z,usb,1,3612849267,223709,57269504,256,8000,31.690
2026-07-23T02:03:38.061Z,usb,1,3612849267,223710,57269760,256,8000,31.690
2026-07-23T02:03:38.093Z,usb,1,3612849267,223711,57270016,256,8000,31.690
2026-07-23T02:03:38.125Z,usb,1,3612849267,223712,57270272,256,8000,31.690
2026-07-23T02:03:38.157Z,usb,1,3612849267,223713,57270528,256,8000,31.690
2026-07-23T02:03:38.189Z,usb,1,3612849267,223714,57270784,256,8000,31.690
2026-07-23T02:03:38.221Z,usb,1,3612849267,223715,57271040,256,8000,31.690
2026-07-23T02:03:38.254Z,usb,1,3612849267,223716,57271296,256,8000,31.690
2026-07-23T02:03:38.285Z,usb,1,3612849267,223717,57271552,256,8000,31.690
2026-07-23T02:03:38.317Z,usb,1,3612849267,223718,57271808,256,8000,31.690
2026-07-23T02:03:38.349Z,usb,1,3612849267,223719,57272064,256,8000,31.690
2026-07-23T02:03:38.381Z,usb,1,3612849267,223720,57272320,256,8000,31.690
2026-07-23T02:03:38.413Z,usb,1,3612849267,223721,57272576,256,8000,31.690
2026-07-23T02:03:38.445Z,usb,1,3612849267,223722,57272832,256,8000,31.690
2026-07-23T02:03:38.477Z,usb,1,3612849267,223723,57273088,256,8000,31.690
2026-07-23T02:03:38.509Z,usb,1,3612849267,223724,57273344,256,8000,31.690
2026-07-23T02:03:38.541Z,usb,1,3612849267,223725,57273600,256,8000,31.690
2026-07-23T02:03:38.573Z,usb,1,3612849267,223726,57273856,256,8000,31.690
2026-07-23T02:03:38.605Z,usb,1,3612849267,223727,57274112,256,8000,31.690
2026-07-23T02:03:38.637Z,usb,1,3612849267,223728,57274368,256,8000,31.690
2026-07-23T02:03:38.669Z,usb,1,3612849267,223729,57274624,256,8000,31.690
2026-07-23T02:03:38.701Z,usb,1,3612849267,223730,57274880,256,8000,31.690
2026-07-23T02:03:38.734Z,usb,1,3612849267,223731,57275136,256,8000,31.690
2026-07-23T02:03:38.765Z,usb,1,3612849267,223732,57275392,256,8000,31.690
2026-07-23T02:03:38.797Z,usb,1,3612849267,223733,57275648,256,8000,31.690
2026-07-23T02:03:38.829Z,usb,1,3612849267,223734,57275904,256,8000,31.690
2026-07-23T02:03:38.861Z,usb,1,3612849267,223735,57276160,256,8000,31.690
2026-07-23T02:03:38.893Z,usb,1,3612849267,223736,57276416,256,8000,31.690
2026-07-23T02:03:38.926Z,usb,1,3612849267,223737,57276672,256,8000,31.690
2026-07-23T02:03:38.958Z,usb,1,3612849267,223738,57276928,256,8000,31.690
2026-07-23T02:03:38.990Z,usb,1,3612849267,223739,57277184,256,8000,31.690
2026-07-23T02:03:39.021Z,usb,1,3612849267,223740,57277440,256,8000,31.690
2026-07-23T02:03:39.053Z,usb,1,3612849267,223741,57277696,256,8000,31.690
2026-07-23T02:03:39.086Z,usb,1,3612849267,223742,57277952,256,8000,31.690
2026-07-23T02:03:39.117Z,usb,1,3612849267,223743,57278208,256,8000,31.690
2026-07-23T02:03:39.149Z,usb,1,3612849267,223744,57278464,256,8000,31.690
2026-07-23T02:03:39.181Z,usb,1,3612849267,223745,57278720,256,8000,31.690
2026-07-23T02:03:39.213Z,usb,1,3612849267,223746,57278976,256,8000,31.690
2026-07-23T02:03:39.246Z,usb,1,3612849267,223747,57279232,256,8000,31.690
2026-07-23T02:03:39.278Z,usb,1,3612849267,223748,57279488,256,8000,31.690
2026-07-23T02:03:39.309Z,usb,1,3612849267,223749,57279744,256,8000,31.690
2026-07-23T02:03:39.341Z,usb,1,3612849267,223750,57280000,256,8000,31.690
2026-07-23T02:03:39.373Z,usb,1,3612849267,223751,57280256,256,8000,31.690
2026-07-23T02:03:39.405Z,usb,1,3612849267,223752,57280512,256,8000,31.690
2026-07-23T02:03:39.437Z,usb,1,3612849267,223753,57280768,256,8000,31.690
2026-07-23T02:03:39.469Z,usb,1,3612849267,223754,57281024,256,8000,31.690
2026-07-23T02:03:39.501Z,usb,1,3612849267,223755,57281280,256,8000,31.690
2026-07-23T02:03:39.533Z,usb,1,3612849267,223756,57281536,256,8000,31.690
2026-07-23T02:03:39.565Z,usb,1,3612849267,223757,57281792,256,8000,31.690
2026-07-23T02:03:39.597Z,usb,1,3612849267,223758,57282048,256,8000,31.690
2026-07-23T02:03:39.629Z,usb,1,3612849267,223759,57282304,256,8000,31.690
2026-07-23T02:03:39.661Z,usb,1,3612849267,223760,57282560,256,8000,31.690
2026-07-23T02:03:39.693Z,usb,1,3612849267,223761,57282816,256,8000,31.690
2026-07-23T02:03:39.725Z,usb,1,3612849267,223762,57283072,256,8000,31.690
2026-07-23T02:03:39.757Z,usb,1,3612849267,223763,57283328,256,8000,31.690
2026-07-23T02:03:39.789Z,usb,1,3612849267,223764,57283584,256,8000,31.690
2026-07-23T02:03:39.821Z,usb,1,3612849267,223765,57283840,256,8000,31.690
2026-07-23T02:03:39.853Z,usb,1,3612849267,223766,57284096,256,8000,31.690
2026-07-23T02:03:39.885Z,usb,1,3612849267,223767,57284352,256,8000,31.690
2026-07-23T02:03:39.917Z,usb,1,3612849267,223768,57284608,256,8000,31.690
2026-07-23T02:03:39.949Z,usb,1,3612849267,223769,57284864,256,8000,31.690
2026-07-23T02:03:39.981Z,usb,1,3612849267,223770,57285120,256,8000,31.690
2026-07-23T02:03:40.013Z,usb,1,3612849267,223771,57285376,256,8000,31.690
2026-07-23T02:03:40.045Z,usb,1,3612849267,223772,57285632,256,8000,31.690
2026-07-23T02:03:40.077Z,usb,1,3612849267,223773,57285888,256,8000,31.690
2026-07-23T02:03:40.109Z,usb,1,3612849267,223774,57286144,256,8000,31.690
2026-07-23T02:03:40.141Z,usb,1,3612849267,223775,57286400,256,8000,31.690
2026-07-23T02:03:40.173Z,usb,1,3612849267,223776,57286656,256,8000,31.690
2026-07-23T02:03:40.205Z,usb,1,3612849267,223777,57286912,256,8000,31.690
2026-07-23T02:03:40.237Z,usb,1,3612849267,223778,57287168,256,8000,31.690
2026-07-23T02:03:40.269Z,usb,1,3612849267,223779,57287424,256,8000,31.690
2026-07-23T02:03:40.302Z,usb,1,3612849267,223780,57287680,256,8000,31.700
2026-07-23T02:03:40.333Z,usb,1,3612849267,223781,57287936,256,8000,31.700
2026-07-23T02:03:40.366Z,usb,1,3612849267,223782,57288192,256,8000,31.700
2026-07-23T02:03:40.397Z,usb,1,3612849267,223783,57288448,256,8000,31.700
2026-07-23T02:03:40.430Z,usb,1,3612849267,223784,57288704,256,8000,31.700
2026-07-23T02:03:40.461Z,usb,1,3612849267,223785,57288960,256,8000,31.700
2026-07-23T02:03:40.493Z,usb,1,3612849267,223786,57289216,256,8000,31.700
2026-07-23T02:03:40.525Z,usb,1,3612849267,223787,57289472,256,8000,31.700
2026-07-23T02:03:40.557Z,usb,1,3612849267,223788,57289728,256,8000,31.700
2026-07-23T02:03:40.589Z,usb,1,3612849267,223789,57289984,256,8000,31.700
2026-07-23T02:03:40.621Z,usb,1,3612849267,223790,57290240,256,8000,31.700
2026-07-23T02:03:40.653Z,usb,1,3612849267,223791,57290496,256,8000,31.700
2026-07-23T02:03:40.685Z,usb,1,3612849267,223792,57290752,256,8000,31.700
2026-07-23T02:03:40.717Z,usb,1,3612849267,223793,57291008,256,8000,31.700
2026-07-23T02:03:40.750Z,usb,1,3612849267,223794,57291264,256,8000,31.700
2026-07-23T02:03:40.781Z,usb,1,3612849267,223795,57291520,256,8000,31.700
2026-07-23T02:03:40.813Z,usb,1,3612849267,223796,57291776,256,8000,31.700
2026-07-23T02:03:40.845Z,usb,1,3612849267,223797,57292032,256,8000,31.700
2026-07-23T02:03:40.877Z,usb,1,3612849267,223798,57292288,256,8000,31.700
2026-07-23T02:03:40.909Z,usb,1,3612849267,223799,57292544,256,8000,31.700
2026-07-23T02:03:40.941Z,usb,1,3612849267,223800,57292800,256,8000,31.700
2026-07-23T02:03:40.973Z,usb,1,3612849267,223801,57293056,256,8000,31.700
2026-07-23T02:03:41.005Z,usb,1,3612849267,223802,57293312,256,8000,31.700
2026-07-23T02:03:41.037Z,usb,1,3612849267,223803,57293568,256,8000,31.700
2026-07-23T02:03:41.069Z,usb,1,3612849267,223804,57293824,256,8000,31.700
2026-07-23T02:03:41.101Z,usb,1,3612849267,223805,57294080,256,8000,31.700
2026-07-23T02:03:41.133Z,usb,1,3612849267,223806,57294336,256,8000,31.700
2026-07-23T02:03:41.166Z,usb,1,3612849267,223807,57294592,256,8000,31.700
2026-07-23T02:03:41.197Z,usb,1,3612849267,223808,57294848,256,8000,31.700
2026-07-23T02:03:41.230Z,usb,1,3612849267,223809,57295104,256,8000,31.700
2026-07-23T02:03:41.262Z,usb,1,3612849267,223810,57295360,256,8000,31.700
2026-07-23T02:03:41.293Z,usb,1,3612849267,223811,57295616,256,8000,31.700
2026-07-23T02:03:41.326Z,usb,1,3612849267,223812,57295872,256,8000,31.700
2026-07-23T02:03:41.357Z,usb,1,3612849267,223813,57296128,256,8000,31.700
2026-07-23T02:03:41.389Z,usb,1,3612849267,223814,57296384,256,8000,31.700
2026-07-23T02:03:41.421Z,usb,1,3612849267,223815,57296640,256,8000,31.700
2026-07-23T02:03:41.453Z,usb,1,3612849267,223816,57296896,256,8000,31.700
2026-07-23T02:03:41.485Z,usb,1,3612849267,223817,57297152,256,8000,31.700
2026-07-23T02:03:41.517Z,usb,1,3612849267,223818,57297408,256,8000,31.700
2026-07-23T02:03:41.549Z,usb,1,3612849267,223819,57297664,256,8000,31.700
2026-07-23T02:03:41.581Z,usb,1,3612849267,223820,57297920,256,8000,31.700
2026-07-23T02:03:41.613Z,usb,1,3612849267,223821,57298176,256,8000,31.700
2026-07-23T02:03:41.645Z,usb,1,3612849267,223822,57298432,256,8000,31.700
2026-07-23T02:03:41.677Z,usb,1,3612849267,223823,57298688,256,8000,31.700
2026-07-23T02:03:41.709Z,usb,1,3612849267,223824,57298944,256,8000,31.700
2026-07-23T02:03:41.741Z,usb,1,3612849267,223825,57299200,256,8000,31.700
2026-07-23T02:03:41.773Z,usb,1,3612849267,223826,57299456,256,8000,31.700
