received_at_utc,source_ip,node_id,boot_id,sequence,first_sample_index,sample_count,sample_rate_hz,temperature_c
2026-07-23T01:06:08.136Z,usb,1,3612849267,115900,29670400,256,8000,32.070
2026-07-23T01:06:08.167Z,usb,1,3612849267,115901,29670656,256,8000,32.070
2026-07-23T01:06:08.199Z,usb,1,3612849267,115902,29670912,256,8000,32.070
2026-07-23T01:06:08.231Z,usb,1,3612849267,115903,29671168,256,8000,32.070
2026-07-23T01:06:08.263Z,usb,1,3612849267,115904,29671424,256,8000,32.070
2026-07-23T01:06:08.295Z,usb,1,3612849267,115905,29671680,256,8000,32.070
2026-07-23T01:06:08.327Z,usb,1,3612849267,115906,29671936,256,8000,32.070
2026-07-23T01:06:08.359Z,usb,1,3612849267,115907,29672192,256,8000,32.070
2026-07-23T01:06:08.392Z,usb,1,3612849267,115908,29672448,256,8000,32.070
2026-07-23T01:06:08.423Z,usb,1,3612849267,115909,29672704,256,8000,32.070
2026-07-23T01:06:08.456Z,usb,1,3612849267,115910,29672960,256,8000,32.070
2026-07-23T01:06:08.488Z,usb,1,3612849267,115911,29673216,256,8000,32.070
2026-07-23T01:06:08.519Z,usb,1,3612849267,115912,29673472,256,8000,32.070
2026-07-23T01:06:08.552Z,usb,1,3612849267,115913,29673728,256,8000,32.070
2026-07-23T01:06:08.583Z,usb,1,3612849267,115914,29673984,256,8000,32.070
2026-07-23T01:06:08.615Z,usb,1,3612849267,115915,29674240,256,8000,32.070
2026-07-23T01:06:08.648Z,usb,1,3612849267,115916,29674496,256,8000,32.070
2026-07-23T01:06:08.679Z,usb,1,3612849267,115917,29674752,256,8000,32.070
2026-07-23T01:06:08.711Z,usb,1,3612849267,115918,29675008,256,8000,32.070
2026-07-23T01:06:08.743Z,usb,1,3612849267,115919,29675264,256,8000,32.070
2026-07-23T01:06:08.775Z,usb,1,3612849267,115920,29675520,256,8000,32.070
2026-07-23T01:06:08.807Z,usb,1,3612849267,115921,29675776,256,8000,32.070
2026-07-23T01:06:08.839Z,usb,1,3612849267,115922,29676032,256,8000,32.070
2026-07-23T01:06:08.871Z,usb,1,3612849267,115923,29676288,256,8000,32.070
2026-07-23T01:06:08.904Z,usb,1,3612849267,115924,29676544,256,8000,32.070
2026-07-23T01:06:08.936Z,usb,1,3612849267,115925,29676800,256,8000,32.070
2026-07-23T01:06:08.968Z,usb,1,3612849267,115926,29677056,256,8000,32.070
2026-07-23T01:06:09.000Z,usb,1,3612849267,115927,29677312,256,8000,32.070
2026-07-23T01:06:09.032Z,usb,1,3612849267,115928,29677568,256,8000,32.070
2026-07-23T01:06:09.064Z,usb,1,3612849267,115929,29677824,256,8000,32.070
2026-07-23T01:06:09.096Z,usb,1,3612849267,115930,29678080,256,8000,32.070
2026-07-23T01:06:09.128Z,usb,1,3612849267,115931,29678336,256,8000,32.070
2026-07-23T01:06:09.159Z,usb,1,3612849267,115932,29678592,256,8000,32.070
2026-07-23T01:06:09.191Z,usb,1,3612849267,115933,29678848,256,8000,32.070
2026-07-23T01:06:09.223Z,usb,1,3612849267,115934,29679104,256,8000,32.070
2026-07-23T01:06:09.255Z,usb,1,3612849267,115935,29679360,256,8000,32.070
2026-07-23T01:06:09.287Z,usb,1,3612849267,115936,29679616,256,8000,32.070
2026-07-23T01:06:09.319Z,usb,1,3612849267,115937,29679872,256,8000,32.070
2026-07-23T01:06:09.351Z,usb,1,3612849267,115938,29680128,256,8000,32.070
2026-07-23T01:06:09.383Z,usb,1,3612849267,115939,29680384,256,8000,32.070
2026-07-23T01:06:09.416Z,usb,1,3612849267,115940,29680640,256,8000,32.070
2026-07-23T01:06:09.447Z,usb,1,3612849267,115941,29680896,256,8000,32.070
2026-07-23T01:06:09.479Z,usb,1,3612849267,115942,29681152,256,8000,32.070
2026-07-23T01:06:09.511Z,usb,1,3612849267,115943,29681408,256,8000,32.070
2026-07-23T01:06:09.543Z,usb,1,3612849267,115944,29681664,256,8000,32.070
2026-07-23T01:06:09.575Z,usb,1,3612849267,115945,29681920,256,8000,32.070
2026-07-23T01:06:09.607Z,usb,1,3612849267,115946,29682176,256,8000,32.070
2026-07-23T01:06:09.639Z,usb,1,3612849267,115947,29682432,256,8000,32.070
2026-07-23T01:06:09.671Z,usb,1,3612849267,115948,29682688,256,8000,32.070
2026-07-23T01:06:09.704Z,usb,1,3612849267,115949,29682944,256,8000,32.070
2026-07-23T01:06:09.735Z,usb,1,3612849267,115950,29683200,256,8000,32.070
2026-07-23T01:06:09.768Z,usb,1,3612849267,115951,29683456,256,8000,32.070
2026-07-23T01:06:09.799Z,usb,1,3612849267,115952,29683712,256,8000,32.070
2026-07-23T01:06:09.831Z,usb,1,3612849267,115953,29683968,256,8000,32.070
2026-07-23T01:06:09.863Z,usb,1,3612849267,115954,29684224,256,8000,32.070
2026-07-23T01:06:09.895Z,usb,1,3612849267,115955,29684480,256,8000,32.070
2026-07-23T01:06:09.927Z,usb,1,3612849267,115956,29684736,256,8000,32.070
2026-07-23T01:06:09.959Z,usb,1,3612849267,115957,29684992,256,8000,32.070
2026-07-23T01:06:09.992Z,usb,1,3612849267,115958,29685248,256,8000,32.070
2026-07-23T01:06:10.023Z,usb,1,3612849267,115959,29685504,256,8000,32.070
2026-07-23T01:06:10.055Z,usb,1,3612849267,115960,29685760,256,8000,32.070
2026-07-23T01:06:10.087Z,usb,1,3612849267,115961,29686016,256,8000,32.070
2026-07-23T01:06:10.119Z,usb,1,3612849267,115962,29686272,256,8000,32.070
2026-07-23T01:06:10.151Z,usb,1,3612849267,115963,29686528,256,8000,32.070
2026-07-23T01:06:10.183Z,usb,1,3612849267,115964,29686784,256,8000,32.070
2026-07-23T01:06:10.215Z,usb,1,3612849267,115965,29687040,256,8000,32.070
2026-07-23T01:06:10.247Z,usb,1,3612849267,115966,29687296,256,8000,32.070
2026-07-23T01:06:10.279Z,usb,1,3612849267,115967,29687552,256,8000,32.070
2026-07-23T01:06:10.311Z,usb,1,3612849267,115968,29687808,256,8000,32.070
2026-07-23T01:06:10.343Z,usb,1,3612849267,115969,29688064,256,8000,32.070
2026-07-23T01:06:10.375Z,usb,1,3612849267,115970,29688320,256,8000,32.070
2026-07-23T01:06:10.407Z,usb,1,3612849267,115971,29688576,256,8000,32.070
2026-07-23T01:06:10.440Z,usb,1,3612849267,115972,29688832,256,8000,32.080
2026-07-23T01:06:10.471Z,usb,1,3612849267,115973,29689088,256,8000,32.080
2026-07-23T01:06:10.503Z,usb,1,3612849267,115974,29689344,256,8000,32.080
2026-07-23T01:06:10.535Z,usb,1,3612849267,115975,29689600,256,8000,32.080
2026-07-23T01:06:10.567Z,usb,1,3612849267,115976,29689856,256,8000,32.080
2026-07-23T01:06:10.599Z,usb,1,3612849267,115977,29690112,256,8000,32.080
2026-07-23T01:06:10.632Z,usb,1,3612849267,115978,29690368,256,8000,32.080
2026-07-23T01:06:10.663Z,usb,1,3612849267,115979,29690624,256,8000,32.080
2026-07-23T01:06:10.695Z,usb,1,3612849267,115980,29690880,256,8000,32.080
2026-07-23T01:06:10.727Z,usb,1,3612849267,115981,29691136,256,8000,32.080
2026-07-23T01:06:10.759Z,usb,1,3612849267,115982,29691392,256,8000,32.080
2026-07-23T01:06:10.791Z,usb,1,3612849267,115983,29691648,256,8000,32.080
2026-07-23T01:06:10.823Z,usb,1,3612849267,115984,29691904,256,8000,32.080
2026-07-23T01:06:10.855Z,usb,1,3612849267,115985,29692160,256,8000,32.080
2026-07-23T01:06:10.887Z,usb,1,3612849267,115986,29692416,256,8000,32.080
2026-07-23T01:06:10.919Z,usb,1,3612849267,115987,29692672,256,8000,32.080
2026-07-23T01:06:10.951Z,usb,1,3612849267,115988,29692928,256,8000,32.080
2026-07-23T01:06:10.984Z,usb,1,3612849267,115989,29693184,256,8000,32.080
2026-07-23T01:06:11.021Z,usb,1,3612849267,115990,29693440,256,8000,32.080
2026-07-23T01:06:11.047Z,usb,1,3612849267,115991,29693696,256,8000,32.080
2026-07-23T01:06:11.079Z,usb,1,3612849267,115992,29693952,256,8000,32.080
2026-07-23T01:06:11.111Z,usb,1,3612849267,115993,29694208,256,8000,32.080
2026-07-23T01:06:11.143Z,usb,1,3612849267,115994,29694464,256,8000,32.080
2026-07-23T01:06:11.175Z,usb,1,3612849267,115995,29694720,256,8000,32.080
2026-07-23T01:06:11.207Z,usb,1,3612849267,115996,29694976,256,8000,32.080
2026-07-23T01:06:11.239Z,usb,1,3612849267,115997,29695232,256,8000,32.080
2026-07-23T01:06:11.271Z,usb,1,3612849267,115998,29695488,256,8000,32.080
2026-07-23T01:06:11.303Z,usb,1,3612849267,115999,29695744,256,8000,32.080
2026-07-23T01:06:11.335Z,usb,1,3612849267,116000,29696000,256,8000,32.080
2026-07-23T01:06:11.367Z,usb,1,3612849267,116001,29696256,256,8000,32.080
2026-07-23T01:06:11.399Z,usb,1,3612849267,116002,29696512,256,8000,32.080
2026-07-23T01:06:11.431Z,usb,1,3612849267,116003,29696768,256,8000,32.080
2026-07-23T01:06:11.464Z,usb,1,3612849267,116004,29697024,256,8000,32.070
2026-07-23T01:06:11.495Z,usb,1,3612849267,116005,29697280,256,8000,32.070
2026-07-23T01:06:11.527Z,usb,1,3612849267,116006,29697536,256,8000,32.070
2026-07-23T01:06:11.559Z,usb,1,3612849267,116007,29697792,256,8000,32.070
2026-07-23T01:06:11.591Z,usb,1,3612849267,116008,29698048,256,8000,32.070
2026-07-23T01:06:11.623Z,usb,1,3612849267,116009,29698304,256,8000,32.070
2026-07-23T01:06:11.655Z,usb,1,3612849267,116010,29698560,256,8000,32.070
2026-07-23T01:06:11.687Z,usb,1,3612849267,116011,29698816,256,8000,32.070
2026-07-23T01:06:11.719Z,usb,1,3612849267,116012,29699072,256,8000,32.070
2026-07-23T01:06:11.751Z,usb,1,3612849267,116013,29699328,256,8000,32.070
2026-07-23T01:06:11.783Z,usb,1,3612849267,116014,29699584,256,8000,32.070
2026-07-23T01:06:11.815Z,usb,1,3612849267,116015,29699840,256,8000,32.070
2026-07-23T01:06:11.847Z,usb,1,3612849267,116016,29700096,256,8000,32.070
2026-07-23T01:06:11.879Z,usb,1,3612849267,116017,29700352,256,8000,32.070
2026-07-23T01:06:11.911Z,usb,1,3612849267,116018,29700608,256,8000,32.070
2026-07-23T01:06:11.943Z,usb,1,3612849267,116019,29700864,256,8000,32.070
2026-07-23T01:06:11.975Z,usb,1,3612849267,116020,29701120,256,8000,32.070
2026-07-23T01:06:12.007Z,usb,1,3612849267,116021,29701376,256,8000,32.070
2026-07-23T01:06:12.039Z,usb,1,3612849267,116022,29701632,256,8000,32.070
2026-07-23T01:06:12.071Z,usb,1,3612849267,116023,29701888,256,8000,32.070
2026-07-23T01:06:12.103Z,usb,1,3612849267,116024,29702144,256,8000,32.070
2026-07-23T01:06:12.135Z,usb,1,3612849267,116025,29702400,256,8000,32.070
2026-07-23T01:06:12.167Z,usb,1,3612849267,116026,29702656,256,8000,32.070
2026-07-23T01:06:12.199Z,usb,1,3612849267,116027,29702912,256,8000,32.070
2026-07-23T01:06:12.231Z,usb,1,3612849267,116028,29703168,256,8000,32.070
2026-07-23T01:06:12.263Z,usb,1,3612849267,116029,29703424,256,8000,32.070
2026-07-23T01:06:12.295Z,usb,1,3612849267,116030,29703680,256,8000,32.070
2026-07-23T01:06:12.327Z,usb,1,3612849267,116031,29703936,256,8000,32.070
2026-07-23T01:06:12.359Z,usb,1,3612849267,116032,29704192,256,8000,32.070
2026-07-23T01:06:12.391Z,usb,1,3612849267,116033,29704448,256,8000,32.070
2026-07-23T01:06:12.423Z,usb,1,3612849267,116034,29704704,256,8000,32.070
2026-07-23T01:06:12.455Z,usb,1,3612849267,116035,29704960,256,8000,32.070
2026-07-23T01:06:12.488Z,usb,1,3612849267,116036,29705216,256,8000,32.070
2026-07-23T01:06:12.519Z,usb,1,3612849267,116037,29705472,256,8000,32.070
2026-07-23T01:06:12.551Z,usb,1,3612849267,116038,29705728,256,8000,32.070
2026-07-23T01:06:12.583Z,usb,1,3612849267,116039,29705984,256,8000,32.070
2026-07-23T01:06:12.615Z,usb,1,3612849267,116040,29706240,256,8000,32.070
2026-07-23T01:06:12.647Z,usb,1,3612849267,116041,29706496,256,8000,32.070
2026-07-23T01:06:12.679Z,usb,1,3612849267,116042,29706752,256,8000,32.070
2026-07-23T01:06:12.711Z,usb,1,3612849267,116043,29707008,256,8000,32.070
2026-07-23T01:06:12.743Z,usb,1,3612849267,116044,29707264,256,8000,32.070
2026-07-23T01:06:12.775Z,usb,1,3612849267,116045,29707520,256,8000,32.070
2026-07-23T01:06:12.807Z,usb,1,3612849267,116046,29707776,256,8000,32.070
2026-07-23T01:06:12.839Z,usb,1,3612849267,116047,29708032,256,8000,32.070
2026-07-23T01:06:12.871Z,usb,1,3612849267,116048,29708288,256,8000,32.070
2026-07-23T01:06:12.903Z,usb,1,3612849267,116049,29708544,256,8000,32.070
2026-07-23T01:06:12.936Z,usb,1,3612849267,116050,29708800,256,8000,32.070
2026-07-23T01:06:12.968Z,usb,1,3612849267,116051,29709056,256,8000,32.070
2026-07-23T01:06:12.999Z,usb,1,3612849267,116052,29709312,256,8000,32.070
2026-07-23T01:06:13.031Z,usb,1,3612849267,116053,29709568,256,8000,32.070
2026-07-23T01:06:13.064Z,usb,1,3612849267,116054,29709824,256,8000,32.070
2026-07-23T01:06:13.095Z,usb,1,3612849267,116055,29710080,256,8000,32.070
2026-07-23T01:06:13.127Z,usb,1,3612849267,116056,29710336,256,8000,32.070
2026-07-23T01:06:13.159Z,usb,1,3612849267,116057,29710592,256,8000,32.070
2026-07-23T01:06:13.191Z,usb,1,3612849267,116058,29710848,256,8000,32.070
2026-07-23T01:06:13.223Z,usb,1,3612849267,116059,29711104,256,8000,32.070
2026-07-23T01:06:13.255Z,usb,1,3612849267,116060,29711360,256,8000,32.070
2026-07-23T01:06:13.287Z,usb,1,3612849267,116061,29711616,256,8000,32.070
2026-07-23T01:06:13.319Z,usb,1,3612849267,116062,29711872,256,8000,32.070
2026-07-23T01:06:13.351Z,usb,1,3612849267,116063,29712128,256,8000,32.070
2026-07-23T01:06:13.383Z,usb,1,3612849267,116064,29712384,256,8000,32.070
2026-07-23T01:06:13.415Z,usb,1,3612849267,116065,29712640,256,8000,32.070
2026-07-23T01:06:13.447Z,usb,1,3612849267,116066,29712896,256,8000,32.070
2026-07-23T01:06:13.479Z,usb,1,3612849267,116067,29713152,256,8000,32.070
2026-07-23T01:06:13.512Z,usb,1,3612849267,116068,29713408,256,8000,32.060
2026-07-23T01:06:13.543Z,usb,1,3612849267,116069,29713664,256,8000,32.060
2026-07-23T01:06:13.575Z,usb,1,3612849267,116070,29713920,256,8000,32.060
2026-07-23T01:06:13.607Z,usb,1,3612849267,116071,29714176,256,8000,32.060
2026-07-23T01:06:13.639Z,usb,1,3612849267,116072,29714432,256,8000,32.060
2026-07-23T01:06:13.671Z,usb,1,3612849267,116073,29714688,256,8000,32.060
2026-07-23T01:06:13.703Z,usb,1,3612849267,116074,29714944,256,8000,32.060
2026-07-23T01:06:13.735Z,usb,1,3612849267,116075,29715200,256,8000,32.060
2026-07-23T01:06:13.767Z,usb,1,3612849267,116076,29715456,256,8000,32.060
2026-07-23T01:06:13.799Z,usb,1,3612849267,116077,29715712,256,8000,32.060
2026-07-23T01:06:13.831Z,usb,1,3612849267,116078,29715968,256,8000,32.060
2026-07-23T01:06:13.863Z,usb,1,3612849267,116079,29716224,256,8000,32.060
2026-07-23T01:06:13.895Z,usb,1,3612849267,116080,29716480,256,8000,32.060
2026-07-23T01:06:13.927Z,usb,1,3612849267,116081,29716736,256,8000,32.060
2026-07-23T01:06:13.959Z,usb,1,3612849267,116082,29716992,256,8000,32.060
2026-07-23T01:06:13.991Z,usb,1,3612849267,116083,29717248,256,8000,32.060
2026-07-23T01:06:14.023Z,usb,1,3612849267,116084,29717504,256,8000,32.060
2026-07-23T01:06:14.055Z,usb,1,3612849267,116085,29717760,256,8000,32.060
2026-07-23T01:06:14.087Z,usb,1,3612849267,116086,29718016,256,8000,32.060
2026-07-23T01:06:14.119Z,usb,1,3612849267,116087,29718272,256,8000,32.060
2026-07-23T01:06:14.151Z,usb,1,3612849267,116088,29718528,256,8000,32.060
2026-07-23T01:06:14.183Z,usb,1,3612849267,116089,29718784,256,8000,32.060
2026-07-23T01:06:14.215Z,usb,1,3612849267,116090,29719040,256,8000,32.060
2026-07-23T01:06:14.247Z,usb,1,3612849267,116091,29719296,256,8000,32.060
2026-07-23T01:06:14.279Z,usb,1,3612849267,116092,29719552,256,8000,32.060
2026-07-23T01:06:14.311Z,usb,1,3612849267,116093,29719808,256,8000,32.060
2026-07-23T01:06:14.343Z,usb,1,3612849267,116094,29720064,256,8000,32.060
2026-07-23T01:06:14.375Z,usb,1,3612849267,116095,29720320,256,8000,32.060
2026-07-23T01:06:14.407Z,usb,1,3612849267,116096,29720576,256,8000,32.060
2026-07-23T01:06:14.439Z,usb,1,3612849267,116097,29720832,256,8000,32.060
2026-07-23T01:06:14.471Z,usb,1,3612849267,116098,29721088,256,8000,32.060
2026-07-23T01:06:14.503Z,usb,1,3612849267,116099,29721344,256,8000,32.060
2026-07-23T01:06:14.536Z,usb,1,3612849267,116100,29721600,256,8000,32.070
2026-07-23T01:06:14.567Z,usb,1,3612849267,116101,29721856,256,8000,32.070
2026-07-23T01:06:14.599Z,usb,1,3612849267,116102,29722112,256,8000,32.070
2026-07-23T01:06:14.631Z,usb,1,3612849267,116103,29722368,256,8000,32.070
2026-07-23T01:06:14.663Z,usb,1,3612849267,116104,29722624,256,8000,32.070
2026-07-23T01:06:14.695Z,usb,1,3612849267,116105,29722880,256,8000,32.070
2026-07-23T01:06:14.727Z,usb,1,3612849267,116106,29723136,256,8000,32.070
2026-07-23T01:06:14.759Z,usb,1,3612849267,116107,29723392,256,8000,32.070
2026-07-23T01:06:14.791Z,usb,1,3612849267,116108,29723648,256,8000,32.070
2026-07-23T01:06:14.823Z,usb,1,3612849267,116109,29723904,256,8000,32.070
2026-07-23T01:06:14.855Z,usb,1,3612849267,116110,29724160,256,8000,32.070
2026-07-23T01:06:14.887Z,usb,1,3612849267,116111,29724416,256,8000,32.070
2026-07-23T01:06:14.919Z,usb,1,3612849267,116112,29724672,256,8000,32.070
2026-07-23T01:06:14.951Z,usb,1,3612849267,116113,29724928,256,8000,32.070
2026-07-23T01:06:14.984Z,usb,1,3612849267,116114,29725184,256,8000,32.070
2026-07-23T01:06:15.015Z,usb,1,3612849267,116115,29725440,256,8000,32.070
2026-07-23T01:06:15.047Z,usb,1,3612849267,116116,29725696,256,8000,32.070
2026-07-23T01:06:15.079Z,usb,1,3612849267,116117,29725952,256,8000,32.070
2026-07-23T01:06:15.111Z,usb,1,3612849267,116118,29726208,256,8000,32.070
2026-07-23T01:06:15.143Z,usb,1,3612849267,116119,29726464,256,8000,32.070
2026-07-23T01:06:15.175Z,usb,1,3612849267,116120,29726720,256,8000,32.070
2026-07-23T01:06:15.207Z,usb,1,3612849267,116121,29726976,256,8000,32.070
2026-07-23T01:06:15.239Z,usb,1,3612849267,116122,29727232,256,8000,32.070
2026-07-23T01:06:15.271Z,usb,1,3612849267,116123,29727488,256,8000,32.070
2026-07-23T01:06:15.303Z,usb,1,3612849267,116124,29727744,256,8000,32.070
2026-07-23T01:06:15.335Z,usb,1,3612849267,116125,29728000,256,8000,32.070
2026-07-23T01:06:15.367Z,usb,1,3612849267,116126,29728256,256,8000,32.070
2026-07-23T01:06:15.399Z,usb,1,3612849267,116127,29728512,256,8000,32.070
2026-07-23T01:06:15.431Z,usb,1,3612849267,116128,29728768,256,8000,32.070
2026-07-23T01:06:15.463Z,usb,1,3612849267,116129,29729024,256,8000,32.070
2026-07-23T01:06:15.495Z,usb,1,3612849267,116130,29729280,256,8000,32.070
2026-07-23T01:06:15.527Z,usb,1,3612849267,116131,29729536,256,8000,32.070
2026-07-23T01:06:15.560Z,usb,1,3612849267,116132,29729792,256,8000,32.070
2026-07-23T01:06:15.591Z,usb,1,3612849267,116133,29730048,256,8000,32.070
2026-07-23T01:06:15.623Z,usb,1,3612849267,116134,29730304,256,8000,32.070
2026-07-23T01:06:15.655Z,usb,1,3612849267,116135,29730560,256,8000,32.070
2026-07-23T01:06:15.687Z,usb,1,3612849267,116136,29730816,256,8000,32.070
2026-07-23T01:06:15.719Z,usb,1,3612849267,116137,29731072,256,8000,32.070
2026-07-23T01:06:15.751Z,usb,1,3612849267,116138,29731328,256,8000,32.070
2026-07-23T01:06:15.783Z,usb,1,3612849267,116139,29731584,256,8000,32.070
2026-07-23T01:06:15.815Z,usb,1,3612849267,116140,29731840,256,8000,32.070
2026-07-23T01:06:15.847Z,usb,1,3612849267,116141,29732096,256,8000,32.070
2026-07-23T01:06:15.879Z,usb,1,3612849267,116142,29732352,256,8000,32.070
2026-07-23T01:06:15.911Z,usb,1,3612849267,116143,29732608,256,8000,32.070
2026-07-23T01:06:15.943Z,usb,1,3612849267,116144,29732864,256,8000,32.070
2026-07-23T01:06:15.975Z,usb,1,3612849267,116145,29733120,256,8000,32.070
2026-07-23T01:06:16.007Z,usb,1,3612849267,116146,29733376,256,8000,32.070
2026-07-23T01:06:16.039Z,usb,1,3612849267,116147,29733632,256,8000,32.070
2026-07-23T01:06:16.072Z,usb,1,3612849267,116148,29733888,256,8000,32.070
2026-07-23T01:06:16.104Z,usb,1,3612849267,116149,29734144,256,8000,32.070
2026-07-23T01:06:16.136Z,usb,1,3612849267,116150,29734400,256,8000,32.070
2026-07-23T01:06:16.168Z,usb,1,3612849267,116151,29734656,256,8000,32.070
2026-07-23T01:06:16.200Z,usb,1,3612849267,116152,29734912,256,8000,32.070
2026-07-23T01:06:16.231Z,usb,1,3612849267,116153,29735168,256,8000,32.070
2026-07-23T01:06:16.263Z,usb,1,3612849267,116154,29735424,256,8000,32.070
2026-07-23T01:06:16.295Z,usb,1,3612849267,116155,29735680,256,8000,32.070
2026-07-23T01:06:16.327Z,usb,1,3612849267,116156,29735936,256,8000,32.070
2026-07-23T01:06:16.359Z,usb,1,3612849267,116157,29736192,256,8000,32.070
2026-07-23T01:06:16.391Z,usb,1,3612849267,116158,29736448,256,8000,32.070
2026-07-23T01:06:16.423Z,usb,1,3612849267,116159,29736704,256,8000,32.070
2026-07-23T01:06:16.455Z,usb,1,3612849267,116160,29736960,256,8000,32.070
2026-07-23T01:06:16.487Z,usb,1,3612849267,116161,29737216,256,8000,32.070
2026-07-23T01:06:16.519Z,usb,1,3612849267,116162,29737472,256,8000,32.070
2026-07-23T01:06:16.551Z,usb,1,3612849267,116163,29737728,256,8000,32.070
2026-07-23T01:06:16.584Z,usb,1,3612849267,116164,29737984,256,8000,32.070
2026-07-23T01:06:16.615Z,usb,1,3612849267,116165,29738240,256,8000,32.070
2026-07-23T01:06:16.647Z,usb,1,3612849267,116166,29738496,256,8000,32.070
2026-07-23T01:06:16.679Z,usb,1,3612849267,116167,29738752,256,8000,32.070
2026-07-23T01:06:16.711Z,usb,1,3612849267,116168,29739008,256,8000,32.070
2026-07-23T01:06:16.743Z,usb,1,3612849267,116169,29739264,256,8000,32.070
2026-07-23T01:06:16.775Z,usb,1,3612849267,116170,29739520,256,8000,32.070
2026-07-23T01:06:16.807Z,usb,1,3612849267,116171,29739776,256,8000,32.070
2026-07-23T01:06:16.839Z,usb,1,3612849267,116172,29740032,256,8000,32.070
2026-07-23T01:06:16.871Z,usb,1,3612849267,116173,29740288,256,8000,32.070
2026-07-23T01:06:16.903Z,usb,1,3612849267,116174,29740544,256,8000,32.070
2026-07-23T01:06:16.935Z,usb,1,3612849267,116175,29740800,256,8000,32.070
2026-07-23T01:06:16.967Z,usb,1,3612849267,116176,29741056,256,8000,32.070
2026-07-23T01:06:16.999Z,usb,1,3612849267,116177,29741312,256,8000,32.070
2026-07-23T01:06:17.031Z,usb,1,3612849267,116178,29741568,256,8000,32.070
2026-07-23T01:06:17.063Z,usb,1,3612849267,116179,29741824,256,8000,32.070
2026-07-23T01:06:17.095Z,usb,1,3612849267,116180,29742080,256,8000,32.070
2026-07-23T01:06:17.127Z,usb,1,3612849267,116181,29742336,256,8000,32.070
2026-07-23T01:06:17.159Z,usb,1,3612849267,116182,29742592,256,8000,32.070
2026-07-23T01:06:17.191Z,usb,1,3612849267,116183,29742848,256,8000,32.070
2026-07-23T01:06:17.224Z,usb,1,3612849267,116184,29743104,256,8000,32.070
2026-07-23T01:06:17.255Z,usb,1,3612849267,116185,29743360,256,8000,32.070
2026-07-23T01:06:17.288Z,usb,1,3612849267,116186,29743616,256,8000,32.070
2026-07-23T01:06:17.320Z,usb,1,3612849267,116187,29743872,256,8000,32.070
2026-07-23T01:06:17.351Z,usb,1,3612849267,116188,29744128,256,8000,32.070
2026-07-23T01:06:17.383Z,usb,1,3612849267,116189,29744384,256,8000,32.070
2026-07-23T01:06:17.415Z,usb,1,3612849267,116190,29744640,256,8000,32.070
2026-07-23T01:06:17.447Z,usb,1,3612849267,116191,29744896,256,8000,32.070
2026-07-23T01:06:17.480Z,usb,1,3612849267,116192,29745152,256,8000,32.070
2026-07-23T01:06:17.512Z,usb,1,3612849267,116193,29745408,256,8000,32.070
2026-07-23T01:06:17.543Z,usb,1,3612849267,116194,29745664,256,8000,32.070
2026-07-23T01:06:17.575Z,usb,1,3612849267,116195,29745920,256,8000,32.070
2026-07-23T01:06:17.608Z,usb,1,3612849267,116196,29746176,256,8000,32.070
2026-07-23T01:06:17.639Z,usb,1,3612849267,116197,29746432,256,8000,32.070
2026-07-23T01:06:17.671Z,usb,1,3612849267,116198,29746688,256,8000,32.070
2026-07-23T01:06:17.704Z,usb,1,3612849267,116199,29746944,256,8000,32.070
2026-07-23T01:06:17.735Z,usb,1,3612849267,116200,29747200,256,8000,32.070
2026-07-23T01:06:17.767Z,usb,1,3612849267,116201,29747456,256,8000,32.070
2026-07-23T01:06:17.799Z,usb,1,3612849267,116202,29747712,256,8000,32.070
2026-07-23T01:06:17.831Z,usb,1,3612849267,116203,29747968,256,8000,32.070
2026-07-23T01:06:17.863Z,usb,1,3612849267,116204,29748224,256,8000,32.070
2026-07-23T01:06:17.896Z,usb,1,3612849267,116205,29748480,256,8000,32.070
2026-07-23T01:06:17.927Z,usb,1,3612849267,116206,29748736,256,8000,32.070
2026-07-23T01:06:17.960Z,usb,1,3612849267,116207,29748992,256,8000,32.070
2026-07-23T01:06:17.992Z,usb,1,3612849267,116208,29749248,256,8000,32.070
2026-07-23T01:06:18.023Z,usb,1,3612849267,116209,29749504,256,8000,32.070
2026-07-23T01:06:18.056Z,usb,1,3612849267,116210,29749760,256,8000,32.070
2026-07-23T01:06:18.087Z,usb,1,3612849267,116211,29750016,256,8000,32.070
2026-07-23T01:06:18.119Z,usb,1,3612849267,116212,29750272,256,8000,32.070
2026-07-23T01:06:18.151Z,usb,1,3612849267,116213,29750528,256,8000,32.070
2026-07-23T01:06:18.183Z,usb,1,3612849267,116214,29750784,256,8000,32.070
2026-07-23T01:06:18.215Z,usb,1,3612849267,116215,29751040,256,8000,32.070
2026-07-23T01:06:18.247Z,usb,1,3612849267,116216,29751296,256,8000,32.070
2026-07-23T01:06:18.279Z,usb,1,3612849267,116217,29751552,256,8000,32.070
2026-07-23T01:06:18.311Z,usb,1,3612849267,116218,29751808,256,8000,32.070
2026-07-23T01:06:18.343Z,usb,1,3612849267,116219,29752064,256,8000,32.070
2026-07-23T01:06:18.375Z,usb,1,3612849267,116220,29752320,256,8000,32.070
2026-07-23T01:06:18.408Z,usb,1,3612849267,116221,29752576,256,8000,32.070
2026-07-23T01:06:18.440Z,usb,1,3612849267,116222,29752832,256,8000,32.070
2026-07-23T01:06:18.472Z,usb,1,3612849267,116223,29753088,256,8000,32.070
2026-07-23T01:06:18.503Z,usb,1,3612849267,116224,29753344,256,8000,32.070
2026-07-23T01:06:18.535Z,usb,1,3612849267,116225,29753600,256,8000,32.070
2026-07-23T01:06:18.567Z,usb,1,3612849267,116226,29753856,256,8000,32.070
2026-07-23T01:06:18.599Z,usb,1,3612849267,116227,29754112,256,8000,32.070
2026-07-23T01:06:18.632Z,usb,1,3612849267,116228,29754368,256,8000,32.070
2026-07-23T01:06:18.663Z,usb,1,3612849267,116229,29754624,256,8000,32.070
2026-07-23T01:06:18.695Z,usb,1,3612849267,116230,29754880,256,8000,32.070
2026-07-23T01:06:18.727Z,usb,1,3612849267,116231,29755136,256,8000,32.070
2026-07-23T01:06:18.759Z,usb,1,3612849267,116232,29755392,256,8000,32.070
2026-07-23T01:06:18.791Z,usb,1,3612849267,116233,29755648,256,8000,32.070
2026-07-23T01:06:18.823Z,usb,1,3612849267,116234,29755904,256,8000,32.070
2026-07-23T01:06:18.855Z,usb,1,3612849267,116235,29756160,256,8000,32.070
2026-07-23T01:06:18.887Z,usb,1,3612849267,116236,29756416,256,8000,32.070
2026-07-23T01:06:18.919Z,usb,1,3612849267,116237,29756672,256,8000,32.070
2026-07-23T01:06:18.952Z,usb,1,3612849267,116238,29756928,256,8000,32.070
2026-07-23T01:06:18.984Z,usb,1,3612849267,116239,29757184,256,8000,32.070
2026-07-23T01:06:19.015Z,usb,1,3612849267,116240,29757440,256,8000,32.070
2026-07-23T01:06:19.047Z,usb,1,3612849267,116241,29757696,256,8000,32.070
2026-07-23T01:06:19.079Z,usb,1,3612849267,116242,29757952,256,8000,32.070
2026-07-23T01:06:19.111Z,usb,1,3612849267,116243,29758208,256,8000,32.070
2026-07-23T01:06:19.143Z,usb,1,3612849267,116244,29758464,256,8000,32.070
2026-07-23T01:06:19.175Z,usb,1,3612849267,116245,29758720,256,8000,32.070
2026-07-23T01:06:19.207Z,usb,1,3612849267,116246,29758976,256,8000,32.070
2026-07-23T01:06:19.239Z,usb,1,3612849267,116247,29759232,256,8000,32.070
2026-07-23T01:06:19.271Z,usb,1,3612849267,116248,29759488,256,8000,32.070
2026-07-23T01:06:19.303Z,usb,1,3612849267,116249,29759744,256,8000,32.070
2026-07-23T01:06:19.335Z,usb,1,3612849267,116250,29760000,256,8000,32.070
2026-07-23T01:06:19.367Z,usb,1,3612849267,116251,29760256,256,8000,32.070
2026-07-23T01:06:19.400Z,usb,1,3612849267,116252,29760512,256,8000,32.070
2026-07-23T01:06:19.431Z,usb,1,3612849267,116253,29760768,256,8000,32.070
2026-07-23T01:06:19.463Z,usb,1,3612849267,116254,29761024,256,8000,32.070
2026-07-23T01:06:19.496Z,usb,1,3612849267,116255,29761280,256,8000,32.070
2026-07-23T01:06:19.527Z,usb,1,3612849267,116256,29761536,256,8000,32.070
2026-07-23T01:06:19.559Z,usb,1,3612849267,116257,29761792,256,8000,32.070
2026-07-23T01:06:19.591Z,usb,1,3612849267,116258,29762048,256,8000,32.070
2026-07-23T01:06:19.623Z,usb,1,3612849267,116259,29762304,256,8000,32.070
2026-07-23T01:06:19.656Z,usb,1,3612849267,116260,29762560,256,8000,32.070
2026-07-23T01:06:19.687Z,usb,1,3612849267,116261,29762816,256,8000,32.070
2026-07-23T01:06:19.719Z,usb,1,3612849267,116262,29763072,256,8000,32.070
2026-07-23T01:06:19.751Z,usb,1,3612849267,116263,29763328,256,8000,32.070
2026-07-23T01:06:19.783Z,usb,1,3612849267,116264,29763584,256,8000,32.070
2026-07-23T01:06:19.815Z,usb,1,3612849267,116265,29763840,256,8000,32.070
2026-07-23T01:06:19.847Z,usb,1,3612849267,116266,29764096,256,8000,32.070
2026-07-23T01:06:19.879Z,usb,1,3612849267,116267,29764352,256,8000,32.070
2026-07-23T01:06:19.911Z,usb,1,3612849267,116268,29764608,256,8000,32.070
2026-07-23T01:06:19.943Z,usb,1,3612849267,116269,29764864,256,8000,32.070
2026-07-23T01:06:19.975Z,usb,1,3612849267,116270,29765120,256,8000,32.070
2026-07-23T01:06:20.007Z,usb,1,3612849267,116271,29765376,256,8000,32.070
2026-07-23T01:06:20.039Z,usb,1,3612849267,116272,29765632,256,8000,32.070
2026-07-23T01:06:20.071Z,usb,1,3612849267,116273,29765888,256,8000,32.070
2026-07-23T01:06:20.103Z,usb,1,3612849267,116274,29766144,256,8000,32.070
2026-07-23T01:06:20.135Z,usb,1,3612849267,116275,29766400,256,8000,32.070
2026-07-23T01:06:20.167Z,usb,1,3612849267,116276,29766656,256,8000,32.070
2026-07-23T01:06:20.199Z,usb,1,3612849267,116277,29766912,256,8000,32.070
2026-07-23T01:06:20.231Z,usb,1,3612849267,116278,29767168,256,8000,32.070
2026-07-23T01:06:20.263Z,usb,1,3612849267,116279,29767424,256,8000,32.070
2026-07-23T01:06:20.295Z,usb,1,3612849267,116280,29767680,256,8000,32.070
2026-07-23T01:06:20.327Z,usb,1,3612849267,116281,29767936,256,8000,32.070
2026-07-23T01:06:20.359Z,usb,1,3612849267,116282,29768192,256,8000,32.070
2026-07-23T01:06:20.391Z,usb,1,3612849267,116283,29768448,256,8000,32.070
2026-07-23T01:06:20.423Z,usb,1,3612849267,116284,29768704,256,8000,32.070
2026-07-23T01:06:20.455Z,usb,1,3612849267,116285,29768960,256,8000,32.070
2026-07-23T01:06:20.487Z,usb,1,3612849267,116286,29769216,256,8000,32.070
2026-07-23T01:06:20.519Z,usb,1,3612849267,116287,29769472,256,8000,32.070
2026-07-23T01:06:20.551Z,usb,1,3612849267,116288,29769728,256,8000,32.070
2026-07-23T01:06:20.583Z,usb,1,3612849267,116289,29769984,256,8000,32.070
2026-07-23T01:06:20.615Z,usb,1,3612849267,116290,29770240,256,8000,32.070
2026-07-23T01:06:20.647Z,usb,1,3612849267,116291,29770496,256,8000,32.070
2026-07-23T01:06:20.680Z,usb,1,3612849267,116292,29770752,256,8000,32.080
2026-07-23T01:06:20.711Z,usb,1,3612849267,116293,29771008,256,8000,32.080
2026-07-23T01:06:20.743Z,usb,1,3612849267,116294,29771264,256,8000,32.080
2026-07-23T01:06:20.775Z,usb,1,3612849267,116295,29771520,256,8000,32.080
2026-07-23T01:06:20.807Z,usb,1,3612849267,116296,29771776,256,8000,32.080
2026-07-23T01:06:20.839Z,usb,1,3612849267,116297,29772032,256,8000,32.080
2026-07-23T01:06:20.871Z,usb,1,3612849267,116298,29772288,256,8000,32.080
2026-07-23T01:06:20.903Z,usb,1,3612849267,116299,29772544,256,8000,32.080
2026-07-23T01:06:20.936Z,usb,1,3612849267,116300,29772800,256,8000,32.080
2026-07-23T01:06:20.967Z,usb,1,3612849267,116301,29773056,256,8000,32.080
2026-07-23T01:06:20.999Z,usb,1,3612849267,116302,29773312,256,8000,32.080
2026-07-23T01:06:21.031Z,usb,1,3612849267,116303,29773568,256,8000,32.080
2026-07-23T01:06:21.063Z,usb,1,3612849267,116304,29773824,256,8000,32.080
2026-07-23T01:06:21.095Z,usb,1,3612849267,116305,29774080,256,8000,32.080
2026-07-23T01:06:21.128Z,usb,1,3612849267,116306,29774336,256,8000,32.080
2026-07-23T01:06:21.159Z,usb,1,3612849267,116307,29774592,256,8000,32.080
2026-07-23T01:06:21.191Z,usb,1,3612849267,116308,29774848,256,8000,32.080
2026-07-23T01:06:21.223Z,usb,1,3612849267,116309,29775104,256,8000,32.080
2026-07-23T01:06:21.256Z,usb,1,3612849267,116310,29775360,256,8000,32.080
2026-07-23T01:06:21.287Z,usb,1,3612849267,116311,29775616,256,8000,32.080
2026-07-23T01:06:21.320Z,usb,1,3612849267,116312,29775872,256,8000,32.080
2026-07-23T01:06:21.351Z,usb,1,3612849267,116313,29776128,256,8000,32.080
2026-07-23T01:06:21.384Z,usb,1,3612849267,116314,29776384,256,8000,32.080
2026-07-23T01:06:21.415Z,usb,1,3612849267,116315,29776640,256,8000,32.080
2026-07-23T01:06:21.447Z,usb,1,3612849267,116316,29776896,256,8000,32.080
2026-07-23T01:06:21.479Z,usb,1,3612849267,116317,29777152,256,8000,32.080
2026-07-23T01:06:21.512Z,usb,1,3612849267,116318,29777408,256,8000,32.080
2026-07-23T01:06:21.543Z,usb,1,3612849267,116319,29777664,256,8000,32.080
2026-07-23T01:06:21.576Z,usb,1,3612849267,116320,29777920,256,8000,32.080
2026-07-23T01:06:21.608Z,usb,1,3612849267,116321,29778176,256,8000,32.080
2026-07-23T01:06:21.639Z,usb,1,3612849267,116322,29778432,256,8000,32.080
2026-07-23T01:06:21.671Z,usb,1,3612849267,116323,29778688,256,8000,32.080
2026-07-23T01:06:21.704Z,usb,1,3612849267,116324,29778944,256,8000,32.080
2026-07-23T01:06:21.736Z,usb,1,3612849267,116325,29779200,256,8000,32.080
2026-07-23T01:06:21.767Z,usb,1,3612849267,116326,29779456,256,8000,32.080
2026-07-23T01:06:21.799Z,usb,1,3612849267,116327,29779712,256,8000,32.080
2026-07-23T01:06:21.831Z,usb,1,3612849267,116328,29779968,256,8000,32.080
2026-07-23T01:06:21.863Z,usb,1,3612849267,116329,29780224,256,8000,32.080
2026-07-23T01:06:21.895Z,usb,1,3612849267,116330,29780480,256,8000,32.080
2026-07-23T01:06:21.927Z,usb,1,3612849267,116331,29780736,256,8000,32.080
2026-07-23T01:06:21.959Z,usb,1,3612849267,116332,29780992,256,8000,32.080
2026-07-23T01:06:21.992Z,usb,1,3612849267,116333,29781248,256,8000,32.080
2026-07-23T01:06:22.023Z,usb,1,3612849267,116334,29781504,256,8000,32.080
2026-07-23T01:06:22.056Z,usb,1,3612849267,116335,29781760,256,8000,32.080
2026-07-23T01:06:22.087Z,usb,1,3612849267,116336,29782016,256,8000,32.080
2026-07-23T01:06:22.119Z,usb,1,3612849267,116337,29782272,256,8000,32.080
2026-07-23T01:06:22.151Z,usb,1,3612849267,116338,29782528,256,8000,32.080
2026-07-23T01:06:22.183Z,usb,1,3612849267,116339,29782784,256,8000,32.080
2026-07-23T01:06:22.215Z,usb,1,3612849267,116340,29783040,256,8000,32.080
2026-07-23T01:06:22.247Z,usb,1,3612849267,116341,29783296,256,8000,32.080
2026-07-23T01:06:22.279Z,usb,1,3612849267,116342,29783552,256,8000,32.080
2026-07-23T01:06:22.311Z,usb,1,3612849267,116343,29783808,256,8000,32.080
2026-07-23T01:06:22.343Z,usb,1,3612849267,116344,29784064,256,8000,32.080
2026-07-23T01:06:22.375Z,usb,1,3612849267,116345,29784320,256,8000,32.080
2026-07-23T01:06:22.407Z,usb,1,3612849267,116346,29784576,256,8000,32.080
2026-07-23T01:06:22.439Z,usb,1,3612849267,116347,29784832,256,8000,32.080
2026-07-23T01:06:22.471Z,usb,1,3612849267,116348,29785088,256,8000,32.080
2026-07-23T01:06:22.503Z,usb,1,3612849267,116349,29785344,256,8000,32.080
2026-07-23T01:06:22.535Z,usb,1,3612849267,116350,29785600,256,8000,32.080
2026-07-23T01:06:22.567Z,usb,1,3612849267,116351,29785856,256,8000,32.080
2026-07-23T01:06:22.599Z,usb,1,3612849267,116352,29786112,256,8000,32.080
2026-07-23T01:06:22.631Z,usb,1,3612849267,116353,29786368,256,8000,32.080
2026-07-23T01:06:22.663Z,usb,1,3612849267,116354,29786624,256,8000,32.080
2026-07-23T01:06:22.695Z,usb,1,3612849267,116355,29786880,256,8000,32.080
2026-07-23T01:06:22.728Z,usb,1,3612849267,116356,29787136,256,8000,32.070
2026-07-23T01:06:22.759Z,usb,1,3612849267,116357,29787392,256,8000,32.070
2026-07-23T01:06:22.791Z,usb,1,3612849267,116358,29787648,256,8000,32.070
2026-07-23T01:06:22.823Z,usb,1,3612849267,116359,29787904,256,8000,32.070
2026-07-23T01:06:22.855Z,usb,1,3612849267,116360,29788160,256,8000,32.070
2026-07-23T01:06:22.887Z,usb,1,3612849267,116361,29788416,256,8000,32.070
2026-07-23T01:06:22.919Z,usb,1,3612849267,116362,29788672,256,8000,32.070
2026-07-23T01:06:22.951Z,usb,1,3612849267,116363,29788928,256,8000,32.070
2026-07-23T01:06:22.983Z,usb,1,3612849267,116364,29789184,256,8000,32.070
2026-07-23T01:06:23.015Z,usb,1,3612849267,116365,29789440,256,8000,32.070
2026-07-23T01:06:23.047Z,usb,1,3612849267,116366,29789696,256,8000,32.070
2026-07-23T01:06:23.079Z,usb,1,3612849267,116367,29789952,256,8000,32.070
2026-07-23T01:06:23.111Z,usb,1,3612849267,116368,29790208,256,8000,32.070
2026-07-23T01:06:23.143Z,usb,1,3612849267,116369,29790464,256,8000,32.070
2026-07-23T01:06:23.175Z,usb,1,3612849267,116370,29790720,256,8000,32.070
2026-07-23T01:06:23.207Z,usb,1,3612849267,116371,29790976,256,8000,32.070
2026-07-23T01:06:23.239Z,usb,1,3612849267,116372,29791232,256,8000,32.070
2026-07-23T01:06:23.271Z,usb,1,3612849267,116373,29791488,256,8000,32.070
2026-07-23T01:06:23.303Z,usb,1,3612849267,116374,29791744,256,8000,32.070
2026-07-23T01:06:23.335Z,usb,1,3612849267,116375,29792000,256,8000,32.070
2026-07-23T01:06:23.367Z,usb,1,3612849267,116376,29792256,256,8000,32.070
2026-07-23T01:06:23.399Z,usb,1,3612849267,116377,29792512,256,8000,32.070
2026-07-23T01:06:23.431Z,usb,1,3612849267,116378,29792768,256,8000,32.070
2026-07-23T01:06:23.463Z,usb,1,3612849267,116379,29793024,256,8000,32.070
2026-07-23T01:06:23.495Z,usb,1,3612849267,116380,29793280,256,8000,32.070
2026-07-23T01:06:23.527Z,usb,1,3612849267,116381,29793536,256,8000,32.070
2026-07-23T01:06:23.559Z,usb,1,3612849267,116382,29793792,256,8000,32.070
2026-07-23T01:06:23.591Z,usb,1,3612849267,116383,29794048,256,8000,32.070
2026-07-23T01:06:23.623Z,usb,1,3612849267,116384,29794304,256,8000,32.070
2026-07-23T01:06:23.655Z,usb,1,3612849267,116385,29794560,256,8000,32.070
2026-07-23T01:06:23.687Z,usb,1,3612849267,116386,29794816,256,8000,32.070
2026-07-23T01:06:23.719Z,usb,1,3612849267,116387,29795072,256,8000,32.070
2026-07-23T01:06:23.752Z,usb,1,3612849267,116388,29795328,256,8000,32.070
2026-07-23T01:06:23.783Z,usb,1,3612849267,116389,29795584,256,8000,32.070
2026-07-23T01:06:23.815Z,usb,1,3612849267,116390,29795840,256,8000,32.070
2026-07-23T01:06:23.847Z,usb,1,3612849267,116391,29796096,256,8000,32.070
2026-07-23T01:06:23.879Z,usb,1,3612849267,116392,29796352,256,8000,32.070
2026-07-23T01:06:23.911Z,usb,1,3612849267,116393,29796608,256,8000,32.070
2026-07-23T01:06:23.943Z,usb,1,3612849267,116394,29796864,256,8000,32.070
2026-07-23T01:06:23.975Z,usb,1,3612849267,116395,29797120,256,8000,32.070
2026-07-23T01:06:24.007Z,usb,1,3612849267,116396,29797376,256,8000,32.070
2026-07-23T01:06:24.039Z,usb,1,3612849267,116397,29797632,256,8000,32.070
2026-07-23T01:06:24.071Z,usb,1,3612849267,116398,29797888,256,8000,32.070
2026-07-23T01:06:24.103Z,usb,1,3612849267,116399,29798144,256,8000,32.070
2026-07-23T01:06:24.135Z,usb,1,3612849267,116400,29798400,256,8000,32.070
2026-07-23T01:06:24.167Z,usb,1,3612849267,116401,29798656,256,8000,32.070
2026-07-23T01:06:24.199Z,usb,1,3612849267,116402,29798912,256,8000,32.070
2026-07-23T01:06:24.231Z,usb,1,3612849267,116403,29799168,256,8000,32.070
2026-07-23T01:06:24.263Z,usb,1,3612849267,116404,29799424,256,8000,32.070
2026-07-23T01:06:24.295Z,usb,1,3612849267,116405,29799680,256,8000,32.070
2026-07-23T01:06:24.327Z,usb,1,3612849267,116406,29799936,256,8000,32.070
2026-07-23T01:06:24.359Z,usb,1,3612849267,116407,29800192,256,8000,32.070
2026-07-23T01:06:24.391Z,usb,1,3612849267,116408,29800448,256,8000,32.070
2026-07-23T01:06:24.423Z,usb,1,3612849267,116409,29800704,256,8000,32.070
2026-07-23T01:06:24.455Z,usb,1,3612849267,116410,29800960,256,8000,32.070
2026-07-23T01:06:24.487Z,usb,1,3612849267,116411,29801216,256,8000,32.070
2026-07-23T01:06:24.519Z,usb,1,3612849267,116412,29801472,256,8000,32.070
2026-07-23T01:06:24.551Z,usb,1,3612849267,116413,29801728,256,8000,32.070
2026-07-23T01:06:24.583Z,usb,1,3612849267,116414,29801984,256,8000,32.070
2026-07-23T01:06:24.615Z,usb,1,3612849267,116415,29802240,256,8000,32.070
2026-07-23T01:06:24.647Z,usb,1,3612849267,116416,29802496,256,8000,32.070
2026-07-23T01:06:24.679Z,usb,1,3612849267,116417,29802752,256,8000,32.070
2026-07-23T01:06:24.711Z,usb,1,3612849267,116418,29803008,256,8000,32.070
2026-07-23T01:06:24.743Z,usb,1,3612849267,116419,29803264,256,8000,32.070
2026-07-23T01:06:24.776Z,usb,1,3612849267,116420,29803520,256,8000,32.080
2026-07-23T01:06:24.807Z,usb,1,3612849267,116421,29803776,256,8000,32.080
2026-07-23T01:06:24.839Z,usb,1,3612849267,116422,29804032,256,8000,32.080
2026-07-23T01:06:24.871Z,usb,1,3612849267,116423,29804288,256,8000,32.080
2026-07-23T01:06:24.903Z,usb,1,3612849267,116424,29804544,256,8000,32.080
2026-07-23T01:06:24.935Z,usb,1,3612849267,116425,29804800,256,8000,32.080
2026-07-23T01:06:24.968Z,usb,1,3612849267,116426,29805056,256,8000,32.080
2026-07-23T01:06:24.999Z,usb,1,3612849267,116427,29805312,256,8000,32.080
2026-07-23T01:06:25.031Z,usb,1,3612849267,116428,29805568,256,8000,32.080
2026-07-23T01:06:25.063Z,usb,1,3612849267,116429,29805824,256,8000,32.080
2026-07-23T01:06:25.095Z,usb,1,3612849267,116430,29806080,256,8000,32.080
2026-07-23T01:06:25.127Z,usb,1,3612849267,116431,29806336,256,8000,32.080
2026-07-23T01:06:25.159Z,usb,1,3612849267,116432,29806592,256,8000,32.080
2026-07-23T01:06:25.191Z,usb,1,3612849267,116433,29806848,256,8000,32.080
2026-07-23T01:06:25.223Z,usb,1,3612849267,116434,29807104,256,8000,32.080
2026-07-23T01:06:25.255Z,usb,1,3612849267,116435,29807360,256,8000,32.080
2026-07-23T01:06:25.287Z,usb,1,3612849267,116436,29807616,256,8000,32.080
2026-07-23T01:06:25.319Z,usb,1,3612849267,116437,29807872,256,8000,32.080
2026-07-23T01:06:25.351Z,usb,1,3612849267,116438,29808128,256,8000,32.080
2026-07-23T01:06:25.383Z,usb,1,3612849267,116439,29808384,256,8000,32.080
2026-07-23T01:06:25.415Z,usb,1,3612849267,116440,29808640,256,8000,32.080
2026-07-23T01:06:25.447Z,usb,1,3612849267,116441,29808896,256,8000,32.080
2026-07-23T01:06:25.479Z,usb,1,3612849267,116442,29809152,256,8000,32.080
2026-07-23T01:06:25.511Z,usb,1,3612849267,116443,29809408,256,8000,32.080
2026-07-23T01:06:25.543Z,usb,1,3612849267,116444,29809664,256,8000,32.080
2026-07-23T01:06:25.575Z,usb,1,3612849267,116445,29809920,256,8000,32.080
2026-07-23T01:06:25.607Z,usb,1,3612849267,116446,29810176,256,8000,32.080
2026-07-23T01:06:25.640Z,usb,1,3612849267,116447,29810432,256,8000,32.080
2026-07-23T01:06:25.671Z,usb,1,3612849267,116448,29810688,256,8000,32.080
2026-07-23T01:06:25.704Z,usb,1,3612849267,116449,29810944,256,8000,32.080
2026-07-23T01:06:25.735Z,usb,1,3612849267,116450,29811200,256,8000,32.080
2026-07-23T01:06:25.767Z,usb,1,3612849267,116451,29811456,256,8000,32.080
2026-07-23T01:06:25.800Z,usb,1,3612849267,116452,29811712,256,8000,32.080
2026-07-23T01:06:25.831Z,usb,1,3612849267,116453,29811968,256,8000,32.080
2026-07-23T01:06:25.864Z,usb,1,3612849267,116454,29812224,256,8000,32.080
2026-07-23T01:06:25.896Z,usb,1,3612849267,116455,29812480,256,8000,32.080
2026-07-23T01:06:25.927Z,usb,1,3612849267,116456,29812736,256,8000,32.080
2026-07-23T01:06:25.959Z,usb,1,3612849267,116457,29812992,256,8000,32.080
2026-07-23T01:06:25.991Z,usb,1,3612849267,116458,29813248,256,8000,32.080
2026-07-23T01:06:26.024Z,usb,1,3612849267,116459,29813504,256,8000,32.080
2026-07-23T01:06:26.055Z,usb,1,3612849267,116460,29813760,256,8000,32.080
2026-07-23T01:06:26.087Z,usb,1,3612849267,116461,29814016,256,8000,32.080
2026-07-23T01:06:26.119Z,usb,1,3612849267,116462,29814272,256,8000,32.080
2026-07-23T01:06:26.151Z,usb,1,3612849267,116463,29814528,256,8000,32.080
2026-07-23T01:06:26.183Z,usb,1,3612849267,116464,29814784,256,8000,32.080
2026-07-23T01:06:26.215Z,usb,1,3612849267,116465,29815040,256,8000,32.080
2026-07-23T01:06:26.247Z,usb,1,3612849267,116466,29815296,256,8000,32.080
2026-07-23T01:06:26.279Z,usb,1,3612849267,116467,29815552,256,8000,32.080
2026-07-23T01:06:26.311Z,usb,1,3612849267,116468,29815808,256,8000,32.080
2026-07-23T01:06:26.343Z,usb,1,3612849267,116469,29816064,256,8000,32.080
2026-07-23T01:06:26.375Z,usb,1,3612849267,116470,29816320,256,8000,32.080
2026-07-23T01:06:26.407Z,usb,1,3612849267,116471,29816576,256,8000,32.080
2026-07-23T01:06:26.439Z,usb,1,3612849267,116472,29816832,256,8000,32.080
2026-07-23T01:06:26.471Z,usb,1,3612849267,116473,29817088,256,8000,32.080
2026-07-23T01:06:26.503Z,usb,1,3612849267,116474,29817344,256,8000,32.080
2026-07-23T01:06:26.535Z,usb,1,3612849267,116475,29817600,256,8000,32.080
2026-07-23T01:06:26.567Z,usb,1,3612849267,116476,29817856,256,8000,32.080
2026-07-23T01:06:26.599Z,usb,1,3612849267,116477,29818112,256,8000,32.080
2026-07-23T01:06:26.631Z,usb,1,3612849267,116478,29818368,256,8000,32.080
2026-07-23T01:06:26.663Z,usb,1,3612849267,116479,29818624,256,8000,32.080
2026-07-23T01:06:26.695Z,usb,1,3612849267,116480,29818880,256,8000,32.080
2026-07-23T01:06:26.727Z,usb,1,3612849267,116481,29819136,256,8000,32.080
2026-07-23T01:06:26.759Z,usb,1,3612849267,116482,29819392,256,8000,32.080
2026-07-23T01:06:26.791Z,usb,1,3612849267,116483,29819648,256,8000,32.080
2026-07-23T01:06:26.824Z,usb,1,3612849267,116484,29819904,256,8000,32.080
2026-07-23T01:06:26.855Z,usb,1,3612849267,116485,29820160,256,8000,32.080
2026-07-23T01:06:26.887Z,usb,1,3612849267,116486,29820416,256,8000,32.080
2026-07-23T01:06:26.919Z,usb,1,3612849267,116487,29820672,256,8000,32.080
2026-07-23T01:06:26.951Z,usb,1,3612849267,116488,29820928,256,8000,32.080
2026-07-23T01:06:26.983Z,usb,1,3612849267,116489,29821184,256,8000,32.080
2026-07-23T01:06:27.015Z,usb,1,3612849267,116490,29821440,256,8000,32.080
2026-07-23T01:06:27.047Z,usb,1,3612849267,116491,29821696,256,8000,32.080
2026-07-23T01:06:27.079Z,usb,1,3612849267,116492,29821952,256,8000,32.080
2026-07-23T01:06:27.111Z,usb,1,3612849267,116493,29822208,256,8000,32.080
2026-07-23T01:06:27.143Z,usb,1,3612849267,116494,29822464,256,8000,32.080
2026-07-23T01:06:27.175Z,usb,1,3612849267,116495,29822720,256,8000,32.080
2026-07-23T01:06:27.207Z,usb,1,3612849267,116496,29822976,256,8000,32.080
2026-07-23T01:06:27.239Z,usb,1,3612849267,116497,29823232,256,8000,32.080
2026-07-23T01:06:27.271Z,usb,1,3612849267,116498,29823488,256,8000,32.080
2026-07-23T01:06:27.303Z,usb,1,3612849267,116499,29823744,256,8000,32.080
2026-07-23T01:06:27.335Z,usb,1,3612849267,116500,29824000,256,8000,32.080
2026-07-23T01:06:27.367Z,usb,1,3612849267,116501,29824256,256,8000,32.080
2026-07-23T01:06:27.399Z,usb,1,3612849267,116502,29824512,256,8000,32.080
2026-07-23T01:06:27.431Z,usb,1,3612849267,116503,29824768,256,8000,32.080
2026-07-23T01:06:27.463Z,usb,1,3612849267,116504,29825024,256,8000,32.080
2026-07-23T01:06:27.495Z,usb,1,3612849267,116505,29825280,256,8000,32.080
2026-07-23T01:06:27.527Z,usb,1,3612849267,116506,29825536,256,8000,32.080
2026-07-23T01:06:27.559Z,usb,1,3612849267,116507,29825792,256,8000,32.080
2026-07-23T01:06:27.591Z,usb,1,3612849267,116508,29826048,256,8000,32.080
2026-07-23T01:06:27.623Z,usb,1,3612849267,116509,29826304,256,8000,32.080
2026-07-23T01:06:27.655Z,usb,1,3612849267,116510,29826560,256,8000,32.080
2026-07-23T01:06:27.687Z,usb,1,3612849267,116511,29826816,256,8000,32.080
2026-07-23T01:06:27.719Z,usb,1,3612849267,116512,29827072,256,8000,32.080
2026-07-23T01:06:27.751Z,usb,1,3612849267,116513,29827328,256,8000,32.080
2026-07-23T01:06:27.783Z,usb,1,3612849267,116514,29827584,256,8000,32.080
2026-07-23T01:06:27.815Z,usb,1,3612849267,116515,29827840,256,8000,32.080
2026-07-23T01:06:27.848Z,usb,1,3612849267,116516,29828096,256,8000,32.080
2026-07-23T01:06:27.879Z,usb,1,3612849267,116517,29828352,256,8000,32.080
2026-07-23T01:06:27.911Z,usb,1,3612849267,116518,29828608,256,8000,32.080
2026-07-23T01:06:27.943Z,usb,1,3612849267,116519,29828864,256,8000,32.080
2026-07-23T01:06:27.975Z,usb,1,3612849267,116520,29829120,256,8000,32.080
2026-07-23T01:06:28.007Z,usb,1,3612849267,116521,29829376,256,8000,32.080
2026-07-23T01:06:28.039Z,usb,1,3612849267,116522,29829632,256,8000,32.080
2026-07-23T01:06:28.071Z,usb,1,3612849267,116523,29829888,256,8000,32.080
2026-07-23T01:06:28.103Z,usb,1,3612849267,116524,29830144,256,8000,32.080
2026-07-23T01:06:28.135Z,usb,1,3612849267,116525,29830400,256,8000,32.080
2026-07-23T01:06:28.167Z,usb,1,3612849267,116526,29830656,256,8000,32.080
2026-07-23T01:06:28.199Z,usb,1,3612849267,116527,29830912,256,8000,32.080
2026-07-23T01:06:28.231Z,usb,1,3612849267,116528,29831168,256,8000,32.080
2026-07-23T01:06:28.263Z,usb,1,3612849267,116529,29831424,256,8000,32.080
2026-07-23T01:06:28.295Z,usb,1,3612849267,116530,29831680,256,8000,32.080
2026-07-23T01:06:28.327Z,usb,1,3612849267,116531,29831936,256,8000,32.080
2026-07-23T01:06:28.359Z,usb,1,3612849267,116532,29832192,256,8000,32.080
2026-07-23T01:06:28.391Z,usb,1,3612849267,116533,29832448,256,8000,32.080
2026-07-23T01:06:28.423Z,usb,1,3612849267,116534,29832704,256,8000,32.080
2026-07-23T01:06:28.455Z,usb,1,3612849267,116535,29832960,256,8000,32.080
2026-07-23T01:06:28.487Z,usb,1,3612849267,116536,29833216,256,8000,32.080
2026-07-23T01:06:28.519Z,usb,1,3612849267,116537,29833472,256,8000,32.080
2026-07-23T01:06:28.551Z,usb,1,3612849267,116538,29833728,256,8000,32.080
2026-07-23T01:06:28.583Z,usb,1,3612849267,116539,29833984,256,8000,32.080
2026-07-23T01:06:28.615Z,usb,1,3612849267,116540,29834240,256,8000,32.080
2026-07-23T01:06:28.647Z,usb,1,3612849267,116541,29834496,256,8000,32.080
2026-07-23T01:06:28.679Z,usb,1,3612849267,116542,29834752,256,8000,32.080
2026-07-23T01:06:28.711Z,usb,1,3612849267,116543,29835008,256,8000,32.080
2026-07-23T01:06:28.743Z,usb,1,3612849267,116544,29835264,256,8000,32.080
2026-07-23T01:06:28.775Z,usb,1,3612849267,116545,29835520,256,8000,32.080
2026-07-23T01:06:28.807Z,usb,1,3612849267,116546,29835776,256,8000,32.080
2026-07-23T01:06:28.839Z,usb,1,3612849267,116547,29836032,256,8000,32.080
2026-07-23T01:06:28.872Z,usb,1,3612849267,116548,29836288,256,8000,32.080
2026-07-23T01:06:28.903Z,usb,1,3612849267,116549,29836544,256,8000,32.080
2026-07-23T01:06:28.935Z,usb,1,3612849267,116550,29836800,256,8000,32.080
2026-07-23T01:06:28.967Z,usb,1,3612849267,116551,29837056,256,8000,32.080
2026-07-23T01:06:28.999Z,usb,1,3612849267,116552,29837312,256,8000,32.080
2026-07-23T01:06:29.031Z,usb,1,3612849267,116553,29837568,256,8000,32.080
2026-07-23T01:06:29.063Z,usb,1,3612849267,116554,29837824,256,8000,32.080
2026-07-23T01:06:29.095Z,usb,1,3612849267,116555,29838080,256,8000,32.080
2026-07-23T01:06:29.127Z,usb,1,3612849267,116556,29838336,256,8000,32.080
2026-07-23T01:06:29.159Z,usb,1,3612849267,116557,29838592,256,8000,32.080
2026-07-23T01:06:29.191Z,usb,1,3612849267,116558,29838848,256,8000,32.080
2026-07-23T01:06:29.223Z,usb,1,3612849267,116559,29839104,256,8000,32.080
2026-07-23T01:06:29.255Z,usb,1,3612849267,116560,29839360,256,8000,32.080
2026-07-23T01:06:29.287Z,usb,1,3612849267,116561,29839616,256,8000,32.080
2026-07-23T01:06:29.319Z,usb,1,3612849267,116562,29839872,256,8000,32.080
2026-07-23T01:06:29.351Z,usb,1,3612849267,116563,29840128,256,8000,32.080
2026-07-23T01:06:29.383Z,usb,1,3612849267,116564,29840384,256,8000,32.080
2026-07-23T01:06:29.415Z,usb,1,3612849267,116565,29840640,256,8000,32.080
2026-07-23T01:06:29.447Z,usb,1,3612849267,116566,29840896,256,8000,32.080
2026-07-23T01:06:29.480Z,usb,1,3612849267,116567,29841152,256,8000,32.080
2026-07-23T01:06:29.512Z,usb,1,3612849267,116568,29841408,256,8000,32.080
2026-07-23T01:06:29.543Z,usb,1,3612849267,116569,29841664,256,8000,32.080
2026-07-23T01:06:29.575Z,usb,1,3612849267,116570,29841920,256,8000,32.080
2026-07-23T01:06:29.607Z,usb,1,3612849267,116571,29842176,256,8000,32.080
2026-07-23T01:06:29.639Z,usb,1,3612849267,116572,29842432,256,8000,32.080
2026-07-23T01:06:29.671Z,usb,1,3612849267,116573,29842688,256,8000,32.080
2026-07-23T01:06:29.703Z,usb,1,3612849267,116574,29842944,256,8000,32.080
2026-07-23T01:06:29.735Z,usb,1,3612849267,116575,29843200,256,8000,32.080
2026-07-23T01:06:29.767Z,usb,1,3612849267,116576,29843456,256,8000,32.080
2026-07-23T01:06:29.799Z,usb,1,3612849267,116577,29843712,256,8000,32.080
2026-07-23T01:06:29.831Z,usb,1,3612849267,116578,29843968,256,8000,32.080
2026-07-23T01:06:29.863Z,usb,1,3612849267,116579,29844224,256,8000,32.080
2026-07-23T01:06:29.896Z,usb,1,3612849267,116580,29844480,256,8000,32.070
2026-07-23T01:06:29.927Z,usb,1,3612849267,116581,29844736,256,8000,32.070
2026-07-23T01:06:29.959Z,usb,1,3612849267,116582,29844992,256,8000,32.070
2026-07-23T01:06:29.991Z,usb,1,3612849267,116583,29845248,256,8000,32.070
2026-07-23T01:06:30.023Z,usb,1,3612849267,116584,29845504,256,8000,32.070
2026-07-23T01:06:30.055Z,usb,1,3612849267,116585,29845760,256,8000,32.070
2026-07-23T01:06:30.087Z,usb,1,3612849267,116586,29846016,256,8000,32.070
2026-07-23T01:06:30.119Z,usb,1,3612849267,116587,29846272,256,8000,32.070
2026-07-23T01:06:30.151Z,usb,1,3612849267,116588,29846528,256,8000,32.070
2026-07-23T01:06:30.183Z,usb,1,3612849267,116589,29846784,256,8000,32.070
2026-07-23T01:06:30.215Z,usb,1,3612849267,116590,29847040,256,8000,32.070
2026-07-23T01:06:30.247Z,usb,1,3612849267,116591,29847296,256,8000,32.070
2026-07-23T01:06:30.279Z,usb,1,3612849267,116592,29847552,256,8000,32.070
2026-07-23T01:06:30.311Z,usb,1,3612849267,116593,29847808,256,8000,32.070
2026-07-23T01:06:30.343Z,usb,1,3612849267,116594,29848064,256,8000,32.070
2026-07-23T01:06:30.375Z,usb,1,3612849267,116595,29848320,256,8000,32.070
2026-07-23T01:06:30.407Z,usb,1,3612849267,116596,29848576,256,8000,32.070
2026-07-23T01:06:30.439Z,usb,1,3612849267,116597,29848832,256,8000,32.070
2026-07-23T01:06:30.471Z,usb,1,3612849267,116598,29849088,256,8000,32.070
2026-07-23T01:06:30.503Z,usb,1,3612849267,116599,29849344,256,8000,32.070
2026-07-23T01:06:30.535Z,usb,1,3612849267,116600,29849600,256,8000,32.070
2026-07-23T01:06:30.567Z,usb,1,3612849267,116601,29849856,256,8000,32.070
2026-07-23T01:06:30.599Z,usb,1,3612849267,116602,29850112,256,8000,32.070
2026-07-23T01:06:30.631Z,usb,1,3612849267,116603,29850368,256,8000,32.070
2026-07-23T01:06:30.663Z,usb,1,3612849267,116604,29850624,256,8000,32.070
2026-07-23T01:06:30.695Z,usb,1,3612849267,116605,29850880,256,8000,32.070
2026-07-23T01:06:30.727Z,usb,1,3612849267,116606,29851136,256,8000,32.070
2026-07-23T01:06:30.759Z,usb,1,3612849267,116607,29851392,256,8000,32.070
2026-07-23T01:06:30.791Z,usb,1,3612849267,116608,29851648,256,8000,32.070
2026-07-23T01:06:30.823Z,usb,1,3612849267,116609,29851904,256,8000,32.070
2026-07-23T01:06:30.855Z,usb,1,3612849267,116610,29852160,256,8000,32.070
2026-07-23T01:06:30.887Z,usb,1,3612849267,116611,29852416,256,8000,32.070
2026-07-23T01:06:30.920Z,usb,1,3612849267,116612,29852672,256,8000,32.080
2026-07-23T01:06:30.951Z,usb,1,3612849267,116613,29852928,256,8000,32.080
2026-07-23T01:06:30.983Z,usb,1,3612849267,116614,29853184,256,8000,32.080
2026-07-23T01:06:31.016Z,usb,1,3612849267,116615,29853440,256,8000,32.080
2026-07-23T01:06:31.048Z,usb,1,3612849267,116616,29853696,256,8000,32.080
2026-07-23T01:06:31.079Z,usb,1,3612849267,116617,29853952,256,8000,32.080
2026-07-23T01:06:31.111Z,usb,1,3612849267,116618,29854208,256,8000,32.080
2026-07-23T01:06:31.143Z,usb,1,3612849267,116619,29854464,256,8000,32.080
2026-07-23T01:06:31.175Z,usb,1,3612849267,116620,29854720,256,8000,32.080
2026-07-23T01:06:31.207Z,usb,1,3612849267,116621,29854976,256,8000,32.080
2026-07-23T01:06:31.239Z,usb,1,3612849267,116622,29855232,256,8000,32.080
2026-07-23T01:06:31.271Z,usb,1,3612849267,116623,29855488,256,8000,32.080
2026-07-23T01:06:31.303Z,usb,1,3612849267,116624,29855744,256,8000,32.080
2026-07-23T01:06:31.335Z,usb,1,3612849267,116625,29856000,256,8000,32.080
2026-07-23T01:06:31.367Z,usb,1,3612849267,116626,29856256,256,8000,32.080
2026-07-23T01:06:31.399Z,usb,1,3612849267,116627,29856512,256,8000,32.080
2026-07-23T01:06:31.431Z,usb,1,3612849267,116628,29856768,256,8000,32.080
2026-07-23T01:06:31.463Z,usb,1,3612849267,116629,29857024,256,8000,32.080
2026-07-23T01:06:31.495Z,usb,1,3612849267,116630,29857280,256,8000,32.080
2026-07-23T01:06:31.527Z,usb,1,3612849267,116631,29857536,256,8000,32.080
2026-07-23T01:06:31.559Z,usb,1,3612849267,116632,29857792,256,8000,32.080
2026-07-23T01:06:31.591Z,usb,1,3612849267,116633,29858048,256,8000,32.080
2026-07-23T01:06:31.623Z,usb,1,3612849267,116634,29858304,256,8000,32.080
2026-07-23T01:06:31.655Z,usb,1,3612849267,116635,29858560,256,8000,32.080
2026-07-23T01:06:31.687Z,usb,1,3612849267,116636,29858816,256,8000,32.080
2026-07-23T01:06:31.719Z,usb,1,3612849267,116637,29859072,256,8000,32.080
2026-07-23T01:06:31.751Z,usb,1,3612849267,116638,29859328,256,8000,32.080
2026-07-23T01:06:31.783Z,usb,1,3612849267,116639,29859584,256,8000,32.080
2026-07-23T01:06:31.815Z,usb,1,3612849267,116640,29859840,256,8000,32.080
2026-07-23T01:06:31.847Z,usb,1,3612849267,116641,29860096,256,8000,32.080
2026-07-23T01:06:31.879Z,usb,1,3612849267,116642,29860352,256,8000,32.080
2026-07-23T01:06:31.911Z,usb,1,3612849267,116643,29860608,256,8000,32.080
2026-07-23T01:06:31.944Z,usb,1,3612849267,116644,29860864,256,8000,32.070
2026-07-23T01:06:31.976Z,usb,1,3612849267,116645,29861120,256,8000,32.070
2026-07-23T01:06:32.007Z,usb,1,3612849267,116646,29861376,256,8000,32.070
2026-07-23T01:06:32.039Z,usb,1,3612849267,116647,29861632,256,8000,32.070
2026-07-23T01:06:32.071Z,usb,1,3612849267,116648,29861888,256,8000,32.070
2026-07-23T01:06:32.103Z,usb,1,3612849267,116649,29862144,256,8000,32.070
2026-07-23T01:06:32.135Z,usb,1,3612849267,116650,29862400,256,8000,32.070
2026-07-23T01:06:32.167Z,usb,1,3612849267,116651,29862656,256,8000,32.070
2026-07-23T01:06:32.199Z,usb,1,3612849267,116652,29862912,256,8000,32.070
2026-07-23T01:06:32.231Z,usb,1,3612849267,116653,29863168,256,8000,32.070
2026-07-23T01:06:32.263Z,usb,1,3612849267,116654,29863424,256,8000,32.070
2026-07-23T01:06:32.295Z,usb,1,3612849267,116655,29863680,256,8000,32.070
2026-07-23T01:06:32.327Z,usb,1,3612849267,116656,29863936,256,8000,32.070
2026-07-23T01:06:32.359Z,usb,1,3612849267,116657,29864192,256,8000,32.070
2026-07-23T01:06:32.391Z,usb,1,3612849267,116658,29864448,256,8000,32.070
2026-07-23T01:06:32.423Z,usb,1,3612849267,116659,29864704,256,8000,32.070
2026-07-23T01:06:32.455Z,usb,1,3612849267,116660,29864960,256,8000,32.070
2026-07-23T01:06:32.487Z,usb,1,3612849267,116661,29865216,256,8000,32.070
2026-07-23T01:06:32.519Z,usb,1,3612849267,116662,29865472,256,8000,32.070
2026-07-23T01:06:32.551Z,usb,1,3612849267,116663,29865728,256,8000,32.070
2026-07-23T01:06:32.583Z,usb,1,3612849267,116664,29865984,256,8000,32.070
2026-07-23T01:06:32.615Z,usb,1,3612849267,116665,29866240,256,8000,32.070
2026-07-23T01:06:32.647Z,usb,1,3612849267,116666,29866496,256,8000,32.070
2026-07-23T01:06:32.679Z,usb,1,3612849267,116667,29866752,256,8000,32.070
2026-07-23T01:06:32.711Z,usb,1,3612849267,116668,29867008,256,8000,32.070
2026-07-23T01:06:32.743Z,usb,1,3612849267,116669,29867264,256,8000,32.070
2026-07-23T01:06:32.775Z,usb,1,3612849267,116670,29867520,256,8000,32.070
2026-07-23T01:06:32.807Z,usb,1,3612849267,116671,29867776,256,8000,32.070
2026-07-23T01:06:32.839Z,usb,1,3612849267,116672,29868032,256,8000,32.070
2026-07-23T01:06:32.871Z,usb,1,3612849267,116673,29868288,256,8000,32.070
2026-07-23T01:06:32.903Z,usb,1,3612849267,116674,29868544,256,8000,32.070
2026-07-23T01:06:32.935Z,usb,1,3612849267,116675,29868800,256,8000,32.070
2026-07-23T01:06:32.968Z,usb,1,3612849267,116676,29869056,256,8000,32.070
2026-07-23T01:06:32.999Z,usb,1,3612849267,116677,29869312,256,8000,32.070
2026-07-23T01:06:33.031Z,usb,1,3612849267,116678,29869568,256,8000,32.070
2026-07-23T01:06:33.063Z,usb,1,3612849267,116679,29869824,256,8000,32.070
2026-07-23T01:06:33.095Z,usb,1,3612849267,116680,29870080,256,8000,32.070
2026-07-23T01:06:33.127Z,usb,1,3612849267,116681,29870336,256,8000,32.070
2026-07-23T01:06:33.159Z,usb,1,3612849267,116682,29870592,256,8000,32.070
2026-07-23T01:06:33.192Z,usb,1,3612849267,116683,29870848,256,8000,32.070
2026-07-23T01:06:33.223Z,usb,1,3612849267,116684,29871104,256,8000,32.070
2026-07-23T01:06:33.255Z,usb,1,3612849267,116685,29871360,256,8000,32.070
2026-07-23T01:06:33.287Z,usb,1,3612849267,116686,29871616,256,8000,32.070
2026-07-23T01:06:33.319Z,usb,1,3612849267,116687,29871872,256,8000,32.070
2026-07-23T01:06:33.351Z,usb,1,3612849267,116688,29872128,256,8000,32.070
2026-07-23T01:06:33.383Z,usb,1,3612849267,116689,29872384,256,8000,32.070
2026-07-23T01:06:33.415Z,usb,1,3612849267,116690,29872640,256,8000,32.070
2026-07-23T01:06:33.447Z,usb,1,3612849267,116691,29872896,256,8000,32.070
2026-07-23T01:06:33.480Z,usb,1,3612849267,116692,29873152,256,8000,32.070
2026-07-23T01:06:33.511Z,usb,1,3612849267,116693,29873408,256,8000,32.070
2026-07-23T01:06:33.543Z,usb,1,3612849267,116694,29873664,256,8000,32.070
2026-07-23T01:06:33.575Z,usb,1,3612849267,116695,29873920,256,8000,32.070
2026-07-23T01:06:33.607Z,usb,1,3612849267,116696,29874176,256,8000,32.070
2026-07-23T01:06:33.639Z,usb,1,3612849267,116697,29874432,256,8000,32.070
2026-07-23T01:06:33.671Z,usb,1,3612849267,116698,29874688,256,8000,32.070
2026-07-23T01:06:33.703Z,usb,1,3612849267,116699,29874944,256,8000,32.070
2026-07-23T01:06:33.735Z,usb,1,3612849267,116700,29875200,256,8000,32.070
2026-07-23T01:06:33.767Z,usb,1,3612849267,116701,29875456,256,8000,32.070
2026-07-23T01:06:33.799Z,usb,1,3612849267,116702,29875712,256,8000,32.070
2026-07-23T01:06:33.831Z,usb,1,3612849267,116703,29875968,256,8000,32.070
2026-07-23T01:06:33.863Z,usb,1,3612849267,116704,29876224,256,8000,32.070
2026-07-23T01:06:33.895Z,usb,1,3612849267,116705,29876480,256,8000,32.070
2026-07-23T01:06:33.927Z,usb,1,3612849267,116706,29876736,256,8000,32.070
2026-07-23T01:06:33.959Z,usb,1,3612849267,116707,29876992,256,8000,32.070
2026-07-23T01:06:33.992Z,usb,1,3612849267,116708,29877248,256,8000,32.070
2026-07-23T01:06:34.023Z,usb,1,3612849267,116709,29877504,256,8000,32.070
2026-07-23T01:06:34.055Z,usb,1,3612849267,116710,29877760,256,8000,32.070
2026-07-23T01:06:34.087Z,usb,1,3612849267,116711,29878016,256,8000,32.070
2026-07-23T01:06:34.119Z,usb,1,3612849267,116712,29878272,256,8000,32.070
2026-07-23T01:06:34.151Z,usb,1,3612849267,116713,29878528,256,8000,32.070
2026-07-23T01:06:34.183Z,usb,1,3612849267,116714,29878784,256,8000,32.070
2026-07-23T01:06:34.215Z,usb,1,3612849267,116715,29879040,256,8000,32.070
2026-07-23T01:06:34.247Z,usb,1,3612849267,116716,29879296,256,8000,32.070
2026-07-23T01:06:34.279Z,usb,1,3612849267,116717,29879552,256,8000,32.070
2026-07-23T01:06:34.311Z,usb,1,3612849267,116718,29879808,256,8000,32.070
2026-07-23T01:06:34.343Z,usb,1,3612849267,116719,29880064,256,8000,32.070
2026-07-23T01:06:34.375Z,usb,1,3612849267,116720,29880320,256,8000,32.070
2026-07-23T01:06:34.407Z,usb,1,3612849267,116721,29880576,256,8000,32.070
2026-07-23T01:06:34.439Z,usb,1,3612849267,116722,29880832,256,8000,32.070
2026-07-23T01:06:34.471Z,usb,1,3612849267,116723,29881088,256,8000,32.070
2026-07-23T01:06:34.503Z,usb,1,3612849267,116724,29881344,256,8000,32.070
2026-07-23T01:06:34.535Z,usb,1,3612849267,116725,29881600,256,8000,32.070
2026-07-23T01:06:34.567Z,usb,1,3612849267,116726,29881856,256,8000,32.070
2026-07-23T01:06:34.599Z,usb,1,3612849267,116727,29882112,256,8000,32.070
2026-07-23T01:06:34.631Z,usb,1,3612849267,116728,29882368,256,8000,32.070
2026-07-23T01:06:34.663Z,usb,1,3612849267,116729,29882624,256,8000,32.070
2026-07-23T01:06:34.695Z,usb,1,3612849267,116730,29882880,256,8000,32.070
2026-07-23T01:06:34.727Z,usb,1,3612849267,116731,29883136,256,8000,32.070
2026-07-23T01:06:34.759Z,usb,1,3612849267,116732,29883392,256,8000,32.070
2026-07-23T01:06:34.791Z,usb,1,3612849267,116733,29883648,256,8000,32.070
2026-07-23T01:06:34.823Z,usb,1,3612849267,116734,29883904,256,8000,32.070
2026-07-23T01:06:34.855Z,usb,1,3612849267,116735,29884160,256,8000,32.070
2026-07-23T01:06:34.887Z,usb,1,3612849267,116736,29884416,256,8000,32.070
2026-07-23T01:06:34.919Z,usb,1,3612849267,116737,29884672,256,8000,32.070
2026-07-23T01:06:34.951Z,usb,1,3612849267,116738,29884928,256,8000,32.070
2026-07-23T01:06:34.983Z,usb,1,3612849267,116739,29885184,256,8000,32.070
2026-07-23T01:06:35.016Z,usb,1,3612849267,116740,29885440,256,8000,32.080
2026-07-23T01:06:35.047Z,usb,1,3612849267,116741,29885696,256,8000,32.080
2026-07-23T01:06:35.079Z,usb,1,3612849267,116742,29885952,256,8000,32.080
2026-07-23T01:06:35.111Z,usb,1,3612849267,116743,29886208,256,8000,32.080
2026-07-23T01:06:35.143Z,usb,1,3612849267,116744,29886464,256,8000,32.080
2026-07-23T01:06:35.175Z,usb,1,3612849267,116745,29886720,256,8000,32.080
2026-07-23T01:06:35.207Z,usb,1,3612849267,116746,29886976,256,8000,32.080
2026-07-23T01:06:35.239Z,usb,1,3612849267,116747,29887232,256,8000,32.080
2026-07-23T01:06:35.271Z,usb,1,3612849267,116748,29887488,256,8000,32.080
2026-07-23T01:06:35.303Z,usb,1,3612849267,116749,29887744,256,8000,32.080
2026-07-23T01:06:35.335Z,usb,1,3612849267,116750,29888000,256,8000,32.080
2026-07-23T01:06:35.367Z,usb,1,3612849267,116751,29888256,256,8000,32.080
2026-07-23T01:06:35.399Z,usb,1,3612849267,116752,29888512,256,8000,32.080
2026-07-23T01:06:35.431Z,usb,1,3612849267,116753,29888768,256,8000,32.080
2026-07-23T01:06:35.463Z,usb,1,3612849267,116754,29889024,256,8000,32.080
2026-07-23T01:06:35.495Z,usb,1,3612849267,116755,29889280,256,8000,32.080
2026-07-23T01:06:35.527Z,usb,1,3612849267,116756,29889536,256,8000,32.080
2026-07-23T01:06:35.559Z,usb,1,3612849267,116757,29889792,256,8000,32.080
2026-07-23T01:06:35.591Z,usb,1,3612849267,116758,29890048,256,8000,32.080
2026-07-23T01:06:35.623Z,usb,1,3612849267,116759,29890304,256,8000,32.080
2026-07-23T01:06:35.655Z,usb,1,3612849267,116760,29890560,256,8000,32.080
2026-07-23T01:06:35.687Z,usb,1,3612849267,116761,29890816,256,8000,32.080
2026-07-23T01:06:35.719Z,usb,1,3612849267,116762,29891072,256,8000,32.080
2026-07-23T01:06:35.751Z,usb,1,3612849267,116763,29891328,256,8000,32.080
2026-07-23T01:06:35.783Z,usb,1,3612849267,116764,29891584,256,8000,32.080
2026-07-23T01:06:35.815Z,usb,1,3612849267,116765,29891840,256,8000,32.080
2026-07-23T01:06:35.848Z,usb,1,3612849267,116766,29892096,256,8000,32.080
2026-07-23T01:06:35.879Z,usb,1,3612849267,116767,29892352,256,8000,32.080
2026-07-23T01:06:35.911Z,usb,1,3612849267,116768,29892608,256,8000,32.080
2026-07-23T01:06:35.943Z,usb,1,3612849267,116769,29892864,256,8000,32.080
2026-07-23T01:06:35.975Z,usb,1,3612849267,116770,29893120,256,8000,32.080
2026-07-23T01:06:36.007Z,usb,1,3612849267,116771,29893376,256,8000,32.080
2026-07-23T01:06:36.040Z,usb,1,3612849267,116772,29893632,256,8000,32.080
2026-07-23T01:06:36.071Z,usb,1,3612849267,116773,29893888,256,8000,32.080
2026-07-23T01:06:36.103Z,usb,1,3612849267,116774,29894144,256,8000,32.080
2026-07-23T01:06:36.135Z,usb,1,3612849267,116775,29894400,256,8000,32.080
2026-07-23T01:06:36.167Z,usb,1,3612849267,116776,29894656,256,8000,32.080
2026-07-23T01:06:36.199Z,usb,1,3612849267,116777,29894912,256,8000,32.080
2026-07-23T01:06:36.231Z,usb,1,3612849267,116778,29895168,256,8000,32.080
2026-07-23T01:06:36.263Z,usb,1,3612849267,116779,29895424,256,8000,32.080
2026-07-23T01:06:36.295Z,usb,1,3612849267,116780,29895680,256,8000,32.080
2026-07-23T01:06:36.327Z,usb,1,3612849267,116781,29895936,256,8000,32.080
2026-07-23T01:06:36.359Z,usb,1,3612849267,116782,29896192,256,8000,32.080
2026-07-23T01:06:36.391Z,usb,1,3612849267,116783,29896448,256,8000,32.080
2026-07-23T01:06:36.423Z,usb,1,3612849267,116784,29896704,256,8000,32.080
2026-07-23T01:06:36.455Z,usb,1,3612849267,116785,29896960,256,8000,32.080
2026-07-23T01:06:36.487Z,usb,1,3612849267,116786,29897216,256,8000,32.080
2026-07-23T01:06:36.519Z,usb,1,3612849267,116787,29897472,256,8000,32.080
2026-07-23T01:06:36.551Z,usb,1,3612849267,116788,29897728,256,8000,32.080
2026-07-23T01:06:36.583Z,usb,1,3612849267,116789,29897984,256,8000,32.080
2026-07-23T01:06:36.615Z,usb,1,3612849267,116790,29898240,256,8000,32.080
2026-07-23T01:06:36.647Z,usb,1,3612849267,116791,29898496,256,8000,32.080
2026-07-23T01:06:36.679Z,usb,1,3612849267,116792,29898752,256,8000,32.080
2026-07-23T01:06:36.711Z,usb,1,3612849267,116793,29899008,256,8000,32.080
2026-07-23T01:06:36.743Z,usb,1,3612849267,116794,29899264,256,8000,32.080
2026-07-23T01:06:36.775Z,usb,1,3612849267,116795,29899520,256,8000,32.080
2026-07-23T01:06:36.807Z,usb,1,3612849267,116796,29899776,256,8000,32.080
2026-07-23T01:06:36.839Z,usb,1,3612849267,116797,29900032,256,8000,32.080
2026-07-23T01:06:36.871Z,usb,1,3612849267,116798,29900288,256,8000,32.080
2026-07-23T01:06:36.903Z,usb,1,3612849267,116799,29900544,256,8000,32.080
2026-07-23T01:06:36.935Z,usb,1,3612849267,116800,29900800,256,8000,32.080
2026-07-23T01:06:36.967Z,usb,1,3612849267,116801,29901056,256,8000,32.080
2026-07-23T01:06:36.999Z,usb,1,3612849267,116802,29901312,256,8000,32.080
2026-07-23T01:06:37.031Z,usb,1,3612849267,116803,29901568,256,8000,32.080
2026-07-23T01:06:37.064Z,usb,1,3612849267,116804,29901824,256,8000,32.080
2026-07-23T01:06:37.095Z,usb,1,3612849267,116805,29902080,256,8000,32.080
2026-07-23T01:06:37.127Z,usb,1,3612849267,116806,29902336,256,8000,32.080
2026-07-23T01:06:37.159Z,usb,1,3612849267,116807,29902592,256,8000,32.080
2026-07-23T01:06:37.191Z,usb,1,3612849267,116808,29902848,256,8000,32.080
2026-07-23T01:06:37.223Z,usb,1,3612849267,116809,29903104,256,8000,32.080
2026-07-23T01:06:37.255Z,usb,1,3612849267,116810,29903360,256,8000,32.080
2026-07-23T01:06:37.287Z,usb,1,3612849267,116811,29903616,256,8000,32.080
2026-07-23T01:06:37.319Z,usb,1,3612849267,116812,29903872,256,8000,32.080
2026-07-23T01:06:37.351Z,usb,1,3612849267,116813,29904128,256,8000,32.080
2026-07-23T01:06:37.383Z,usb,1,3612849267,116814,29904384,256,8000,32.080
2026-07-23T01:06:37.415Z,usb,1,3612849267,116815,29904640,256,8000,32.080
2026-07-23T01:06:37.447Z,usb,1,3612849267,116816,29904896,256,8000,32.080
2026-07-23T01:06:37.479Z,usb,1,3612849267,116817,29905152,256,8000,32.080
2026-07-23T01:06:37.511Z,usb,1,3612849267,116818,29905408,256,8000,32.080
2026-07-23T01:06:37.543Z,usb,1,3612849267,116819,29905664,256,8000,32.080
2026-07-23T01:06:37.575Z,usb,1,3612849267,116820,29905920,256,8000,32.080
2026-07-23T01:06:37.607Z,usb,1,3612849267,116821,29906176,256,8000,32.080
2026-07-23T01:06:37.639Z,usb,1,3612849267,116822,29906432,256,8000,32.080
2026-07-23T01:06:37.671Z,usb,1,3612849267,116823,29906688,256,8000,32.080
2026-07-23T01:06:37.703Z,usb,1,3612849267,116824,29906944,256,8000,32.080
2026-07-23T01:06:37.735Z,usb,1,3612849267,116825,29907200,256,8000,32.080
2026-07-23T01:06:37.767Z,usb,1,3612849267,116826,29907456,256,8000,32.080
2026-07-23T01:06:37.799Z,usb,1,3612849267,116827,29907712,256,8000,32.080
2026-07-23T01:06:37.831Z,usb,1,3612849267,116828,29907968,256,8000,32.080
2026-07-23T01:06:37.863Z,usb,1,3612849267,116829,29908224,256,8000,32.080
2026-07-23T01:06:37.895Z,usb,1,3612849267,116830,29908480,256,8000,32.080
2026-07-23T01:06:37.927Z,usb,1,3612849267,116831,29908736,256,8000,32.080
2026-07-23T01:06:37.959Z,usb,1,3612849267,116832,29908992,256,8000,32.080
2026-07-23T01:06:37.991Z,usb,1,3612849267,116833,29909248,256,8000,32.080
2026-07-23T01:06:38.023Z,usb,1,3612849267,116834,29909504,256,8000,32.080
2026-07-23T01:06:38.055Z,usb,1,3612849267,116835,29909760,256,8000,32.080
2026-07-23T01:06:38.088Z,usb,1,3612849267,116836,29910016,256,8000,32.080
2026-07-23T01:06:38.119Z,usb,1,3612849267,116837,29910272,256,8000,32.080
2026-07-23T01:06:38.151Z,usb,1,3612849267,116838,29910528,256,8000,32.080
2026-07-23T01:06:38.183Z,usb,1,3612849267,116839,29910784,256,8000,32.080
2026-07-23T01:06:38.215Z,usb,1,3612849267,116840,29911040,256,8000,32.080
2026-07-23T01:06:38.247Z,usb,1,3612849267,116841,29911296,256,8000,32.080
2026-07-23T01:06:38.279Z,usb,1,3612849267,116842,29911552,256,8000,32.080
2026-07-23T01:06:38.311Z,usb,1,3612849267,116843,29911808,256,8000,32.080
2026-07-23T01:06:38.343Z,usb,1,3612849267,116844,29912064,256,8000,32.080
2026-07-23T01:06:38.375Z,usb,1,3612849267,116845,29912320,256,8000,32.080
2026-07-23T01:06:38.407Z,usb,1,3612849267,116846,29912576,256,8000,32.080
2026-07-23T01:06:38.439Z,usb,1,3612849267,116847,29912832,256,8000,32.080
2026-07-23T01:06:38.471Z,usb,1,3612849267,116848,29913088,256,8000,32.080
2026-07-23T01:06:38.503Z,usb,1,3612849267,116849,29913344,256,8000,32.080
2026-07-23T01:06:38.535Z,usb,1,3612849267,116850,29913600,256,8000,32.080
2026-07-23T01:06:38.567Z,usb,1,3612849267,116851,29913856,256,8000,32.080
2026-07-23T01:06:38.599Z,usb,1,3612849267,116852,29914112,256,8000,32.080
2026-07-23T01:06:38.631Z,usb,1,3612849267,116853,29914368,256,8000,32.080
2026-07-23T01:06:38.663Z,usb,1,3612849267,116854,29914624,256,8000,32.080
2026-07-23T01:06:38.695Z,usb,1,3612849267,116855,29914880,256,8000,32.080
2026-07-23T01:06:38.727Z,usb,1,3612849267,116856,29915136,256,8000,32.080
2026-07-23T01:06:38.759Z,usb,1,3612849267,116857,29915392,256,8000,32.080
2026-07-23T01:06:38.791Z,usb,1,3612849267,116858,29915648,256,8000,32.080
2026-07-23T01:06:38.823Z,usb,1,3612849267,116859,29915904,256,8000,32.080
2026-07-23T01:06:38.855Z,usb,1,3612849267,116860,29916160,256,8000,32.080
2026-07-23T01:06:38.887Z,usb,1,3612849267,116861,29916416,256,8000,32.080
2026-07-23T01:06:38.919Z,usb,1,3612849267,116862,29916672,256,8000,32.080
2026-07-23T01:06:38.951Z,usb,1,3612849267,116863,29916928,256,8000,32.080
2026-07-23T01:06:38.983Z,usb,1,3612849267,116864,29917184,256,8000,32.080
2026-07-23T01:06:39.015Z,usb,1,3612849267,116865,29917440,256,8000,32.080
2026-07-23T01:06:39.047Z,usb,1,3612849267,116866,29917696,256,8000,32.080
2026-07-23T01:06:39.079Z,usb,1,3612849267,116867,29917952,256,8000,32.080
2026-07-23T01:06:39.112Z,usb,1,3612849267,116868,29918208,256,8000,32.080
2026-07-23T01:06:39.143Z,usb,1,3612849267,116869,29918464,256,8000,32.080
2026-07-23T01:06:39.175Z,usb,1,3612849267,116870,29918720,256,8000,32.080
2026-07-23T01:06:39.207Z,usb,1,3612849267,116871,29918976,256,8000,32.080
2026-07-23T01:06:39.239Z,usb,1,3612849267,116872,29919232,256,8000,32.080
2026-07-23T01:06:39.271Z,usb,1,3612849267,116873,29919488,256,8000,32.080
2026-07-23T01:06:39.303Z,usb,1,3612849267,116874,29919744,256,8000,32.080
2026-07-23T01:06:39.335Z,usb,1,3612849267,116875,29920000,256,8000,32.080
2026-07-23T01:06:39.367Z,usb,1,3612849267,116876,29920256,256,8000,32.080
2026-07-23T01:06:39.399Z,usb,1,3612849267,116877,29920512,256,8000,32.080
2026-07-23T01:06:39.431Z,usb,1,3612849267,116878,29920768,256,8000,32.080
2026-07-23T01:06:39.463Z,usb,1,3612849267,116879,29921024,256,8000,32.080
2026-07-23T01:06:39.495Z,usb,1,3612849267,116880,29921280,256,8000,32.080
2026-07-23T01:06:39.527Z,usb,1,3612849267,116881,29921536,256,8000,32.080
2026-07-23T01:06:39.559Z,usb,1,3612849267,116882,29921792,256,8000,32.080
2026-07-23T01:06:39.591Z,usb,1,3612849267,116883,29922048,256,8000,32.080
2026-07-23T01:06:39.623Z,usb,1,3612849267,116884,29922304,256,8000,32.080
2026-07-23T01:06:39.655Z,usb,1,3612849267,116885,29922560,256,8000,32.080
2026-07-23T01:06:39.687Z,usb,1,3612849267,116886,29922816,256,8000,32.080
2026-07-23T01:06:39.719Z,usb,1,3612849267,116887,29923072,256,8000,32.080
2026-07-23T01:06:39.751Z,usb,1,3612849267,116888,29923328,256,8000,32.080
2026-07-23T01:06:39.783Z,usb,1,3612849267,116889,29923584,256,8000,32.080
2026-07-23T01:06:39.815Z,usb,1,3612849267,116890,29923840,256,8000,32.080
2026-07-23T01:06:39.847Z,usb,1,3612849267,116891,29924096,256,8000,32.080
2026-07-23T01:06:39.879Z,usb,1,3612849267,116892,29924352,256,8000,32.080
2026-07-23T01:06:39.911Z,usb,1,3612849267,116893,29924608,256,8000,32.080
2026-07-23T01:06:39.943Z,usb,1,3612849267,116894,29924864,256,8000,32.080
2026-07-23T01:06:39.975Z,usb,1,3612849267,116895,29925120,256,8000,32.080
2026-07-23T01:06:40.007Z,usb,1,3612849267,116896,29925376,256,8000,32.080
2026-07-23T01:06:40.039Z,usb,1,3612849267,116897,29925632,256,8000,32.080
2026-07-23T01:06:40.071Z,usb,1,3612849267,116898,29925888,256,8000,32.080
2026-07-23T01:06:40.103Z,usb,1,3612849267,116899,29926144,256,8000,32.080
2026-07-23T01:06:40.136Z,usb,1,3612849267,116900,29926400,256,8000,32.080
2026-07-23T01:06:40.167Z,usb,1,3612849267,116901,29926656,256,8000,32.080
2026-07-23T01:06:40.199Z,usb,1,3612849267,116902,29926912,256,8000,32.080
2026-07-23T01:06:40.231Z,usb,1,3612849267,116903,29927168,256,8000,32.080
2026-07-23T01:06:40.263Z,usb,1,3612849267,116904,29927424,256,8000,32.080
2026-07-23T01:06:40.295Z,usb,1,3612849267,116905,29927680,256,8000,32.080
2026-07-23T01:06:40.327Z,usb,1,3612849267,116906,29927936,256,8000,32.080
2026-07-23T01:06:40.359Z,usb,1,3612849267,116907,29928192,256,8000,32.080
2026-07-23T01:06:40.391Z,usb,1,3612849267,116908,29928448,256,8000,32.080
2026-07-23T01:06:40.423Z,usb,1,3612849267,116909,29928704,256,8000,32.080
2026-07-23T01:06:40.455Z,usb,1,3612849267,116910,29928960,256,8000,32.080
2026-07-23T01:06:40.487Z,usb,1,3612849267,116911,29929216,256,8000,32.080
2026-07-23T01:06:40.519Z,usb,1,3612849267,116912,29929472,256,8000,32.080
2026-07-23T01:06:40.551Z,usb,1,3612849267,116913,29929728,256,8000,32.080
2026-07-23T01:06:40.583Z,usb,1,3612849267,116914,29929984,256,8000,32.080
2026-07-23T01:06:40.615Z,usb,1,3612849267,116915,29930240,256,8000,32.080
2026-07-23T01:06:40.647Z,usb,1,3612849267,116916,29930496,256,8000,32.080
2026-07-23T01:06:40.679Z,usb,1,3612849267,116917,29930752,256,8000,32.080
2026-07-23T01:06:40.711Z,usb,1,3612849267,116918,29931008,256,8000,32.080
2026-07-23T01:06:40.743Z,usb,1,3612849267,116919,29931264,256,8000,32.080
2026-07-23T01:06:40.775Z,usb,1,3612849267,116920,29931520,256,8000,32.080
2026-07-23T01:06:40.807Z,usb,1,3612849267,116921,29931776,256,8000,32.080
2026-07-23T01:06:40.839Z,usb,1,3612849267,116922,29932032,256,8000,32.080
2026-07-23T01:06:40.871Z,usb,1,3612849267,116923,29932288,256,8000,32.080
2026-07-23T01:06:40.903Z,usb,1,3612849267,116924,29932544,256,8000,32.080
2026-07-23T01:06:40.935Z,usb,1,3612849267,116925,29932800,256,8000,32.080
2026-07-23T01:06:40.967Z,usb,1,3612849267,116926,29933056,256,8000,32.080
2026-07-23T01:06:40.999Z,usb,1,3612849267,116927,29933312,256,8000,32.080
2026-07-23T01:06:41.031Z,usb,1,3612849267,116928,29933568,256,8000,32.080
2026-07-23T01:06:41.063Z,usb,1,3612849267,116929,29933824,256,8000,32.080
2026-07-23T01:06:41.095Z,usb,1,3612849267,116930,29934080,256,8000,32.080
2026-07-23T01:06:41.127Z,usb,1,3612849267,116931,29934336,256,8000,32.080
2026-07-23T01:06:41.160Z,usb,1,3612849267,116932,29934592,256,8000,32.080
2026-07-23T01:06:41.191Z,usb,1,3612849267,116933,29934848,256,8000,32.080
2026-07-23T01:06:41.223Z,usb,1,3612849267,116934,29935104,256,8000,32.080
2026-07-23T01:06:41.255Z,usb,1,3612849267,116935,29935360,256,8000,32.080
2026-07-23T01:06:41.287Z,usb,1,3612849267,116936,29935616,256,8000,32.080
2026-07-23T01:06:41.319Z,usb,1,3612849267,116937,29935872,256,8000,32.080
2026-07-23T01:06:41.351Z,usb,1,3612849267,116938,29936128,256,8000,32.080
2026-07-23T01:06:41.383Z,usb,1,3612849267,116939,29936384,256,8000,32.080
2026-07-23T01:06:41.415Z,usb,1,3612849267,116940,29936640,256,8000,32.080
2026-07-23T01:06:41.447Z,usb,1,3612849267,116941,29936896,256,8000,32.080
2026-07-23T01:06:41.479Z,usb,1,3612849267,116942,29937152,256,8000,32.080
2026-07-23T01:06:41.511Z,usb,1,3612849267,116943,29937408,256,8000,32.080
2026-07-23T01:06:41.543Z,usb,1,3612849267,116944,29937664,256,8000,32.080
2026-07-23T01:06:41.575Z,usb,1,3612849267,116945,29937920,256,8000,32.080
2026-07-23T01:06:41.607Z,usb,1,3612849267,116946,29938176,256,8000,32.080
2026-07-23T01:06:41.639Z,usb,1,3612849267,116947,29938432,256,8000,32.080
2026-07-23T01:06:41.671Z,usb,1,3612849267,116948,29938688,256,8000,32.080
2026-07-23T01:06:41.703Z,usb,1,3612849267,116949,29938944,256,8000,32.080
2026-07-23T01:06:41.735Z,usb,1,3612849267,116950,29939200,256,8000,32.080
2026-07-23T01:06:41.767Z,usb,1,3612849267,116951,29939456,256,8000,32.080
2026-07-23T01:06:41.799Z,usb,1,3612849267,116952,29939712,256,8000,32.080
2026-07-23T01:06:41.831Z,usb,1,3612849267,116953,29939968,256,8000,32.080
2026-07-23T01:06:41.863Z,usb,1,3612849267,116954,29940224,256,8000,32.080
2026-07-23T01:06:41.895Z,usb,1,3612849267,116955,29940480,256,8000,32.080
2026-07-23T01:06:41.927Z,usb,1,3612849267,116956,29940736,256,8000,32.080
2026-07-23T01:06:41.959Z,usb,1,3612849267,116957,29940992,256,8000,32.080
2026-07-23T01:06:41.991Z,usb,1,3612849267,116958,29941248,256,8000,32.080
2026-07-23T01:06:42.023Z,usb,1,3612849267,116959,29941504,256,8000,32.080
2026-07-23T01:06:42.055Z,usb,1,3612849267,116960,29941760,256,8000,32.080
2026-07-23T01:06:42.087Z,usb,1,3612849267,116961,29942016,256,8000,32.080
2026-07-23T01:06:42.119Z,usb,1,3612849267,116962,29942272,256,8000,32.080
2026-07-23T01:06:42.151Z,usb,1,3612849267,116963,29942528,256,8000,32.080
2026-07-23T01:06:42.184Z,usb,1,3612849267,116964,29942784,256,8000,32.090
2026-07-23T01:06:42.215Z,usb,1,3612849267,116965,29943040,256,8000,32.090
2026-07-23T01:06:42.247Z,usb,1,3612849267,116966,29943296,256,8000,32.090
2026-07-23T01:06:42.279Z,usb,1,3612849267,116967,29943552,256,8000,32.090
2026-07-23T01:06:42.311Z,usb,1,3612849267,116968,29943808,256,8000,32.090
2026-07-23T01:06:42.343Z,usb,1,3612849267,116969,29944064,256,8000,32.090
2026-07-23T01:06:42.375Z,usb,1,3612849267,116970,29944320,256,8000,32.090
2026-07-23T01:06:42.407Z,usb,1,3612849267,116971,29944576,256,8000,32.090
2026-07-23T01:06:42.439Z,usb,1,3612849267,116972,29944832,256,8000,32.090
2026-07-23T01:06:42.471Z,usb,1,3612849267,116973,29945088,256,8000,32.090
2026-07-23T01:06:42.503Z,usb,1,3612849267,116974,29945344,256,8000,32.090
2026-07-23T01:06:42.535Z,usb,1,3612849267,116975,29945600,256,8000,32.090
2026-07-23T01:06:42.567Z,usb,1,3612849267,116976,29945856,256,8000,32.090
2026-07-23T01:06:42.599Z,usb,1,3612849267,116977,29946112,256,8000,32.090
2026-07-23T01:06:42.631Z,usb,1,3612849267,116978,29946368,256,8000,32.090
2026-07-23T01:06:42.663Z,usb,1,3612849267,116979,29946624,256,8000,32.090
2026-07-23T01:06:42.695Z,usb,1,3612849267,116980,29946880,256,8000,32.090
2026-07-23T01:06:42.727Z,usb,1,3612849267,116981,29947136,256,8000,32.090
2026-07-23T01:06:42.759Z,usb,1,3612849267,116982,29947392,256,8000,32.090
2026-07-23T01:06:42.791Z,usb,1,3612849267,116983,29947648,256,8000,32.090
2026-07-23T01:06:42.823Z,usb,1,3612849267,116984,29947904,256,8000,32.090
2026-07-23T01:06:42.855Z,usb,1,3612849267,116985,29948160,256,8000,32.090
2026-07-23T01:06:42.887Z,usb,1,3612849267,116986,29948416,256,8000,32.090
2026-07-23T01:06:42.919Z,usb,1,3612849267,116987,29948672,256,8000,32.090
2026-07-23T01:06:42.951Z,usb,1,3612849267,116988,29948928,256,8000,32.090
2026-07-23T01:06:42.983Z,usb,1,3612849267,116989,29949184,256,8000,32.090
2026-07-23T01:06:43.015Z,usb,1,3612849267,116990,29949440,256,8000,32.090
2026-07-23T01:06:43.047Z,usb,1,3612849267,116991,29949696,256,8000,32.090
2026-07-23T01:06:43.079Z,usb,1,3612849267,116992,29949952,256,8000,32.090
2026-07-23T01:06:43.111Z,usb,1,3612849267,116993,29950208,256,8000,32.090
2026-07-23T01:06:43.143Z,usb,1,3612849267,116994,29950464,256,8000,32.090
2026-07-23T01:06:43.175Z,usb,1,3612849267,116995,29950720,256,8000,32.090
2026-07-23T01:06:43.210Z,usb,1,3612849267,116996,29950976,256,8000,32.080
2026-07-23T01:06:43.239Z,usb,1,3612849267,116997,29951232,256,8000,32.080
2026-07-23T01:06:43.271Z,usb,1,3612849267,116998,29951488,256,8000,32.080
2026-07-23T01:06:43.303Z,usb,1,3612849267,116999,29951744,256,8000,32.080
2026-07-23T01:06:43.335Z,usb,1,3612849267,117000,29952000,256,8000,32.080
2026-07-23T01:06:43.367Z,usb,1,3612849267,117001,29952256,256,8000,32.080
2026-07-23T01:06:43.399Z,usb,1,3612849267,117002,29952512,256,8000,32.080
2026-07-23T01:06:43.431Z,usb,1,3612849267,117003,29952768,256,8000,32.080
2026-07-23T01:06:43.463Z,usb,1,3612849267,117004,29953024,256,8000,32.080
2026-07-23T01:06:43.495Z,usb,1,3612849267,117005,29953280,256,8000,32.080
2026-07-23T01:06:43.527Z,usb,1,3612849267,117006,29953536,256,8000,32.080
2026-07-23T01:06:43.559Z,usb,1,3612849267,117007,29953792,256,8000,32.080
2026-07-23T01:06:43.591Z,usb,1,3612849267,117008,29954048,256,8000,32.080
2026-07-23T01:06:43.623Z,usb,1,3612849267,117009,29954304,256,8000,32.080
2026-07-23T01:06:43.655Z,usb,1,3612849267,117010,29954560,256,8000,32.080
2026-07-23T01:06:43.687Z,usb,1,3612849267,117011,29954816,256,8000,32.080
2026-07-23T01:06:43.719Z,usb,1,3612849267,117012,29955072,256,8000,32.080
2026-07-23T01:06:43.751Z,usb,1,3612849267,117013,29955328,256,8000,32.080
2026-07-23T01:06:43.783Z,usb,1,3612849267,117014,29955584,256,8000,32.080
2026-07-23T01:06:43.815Z,usb,1,3612849267,117015,29955840,256,8000,32.080
2026-07-23T01:06:43.847Z,usb,1,3612849267,117016,29956096,256,8000,32.080
2026-07-23T01:06:43.879Z,usb,1,3612849267,117017,29956352,256,8000,32.080
2026-07-23T01:06:43.911Z,usb,1,3612849267,117018,29956608,256,8000,32.080
2026-07-23T01:06:43.943Z,usb,1,3612849267,117019,29956864,256,8000,32.080
2026-07-23T01:06:43.975Z,usb,1,3612849267,117020,29957120,256,8000,32.080
2026-07-23T01:06:44.007Z,usb,1,3612849267,117021,29957376,256,8000,32.080
2026-07-23T01:06:44.041Z,usb,1,3612849267,117022,29957632,256,8000,32.080
2026-07-23T01:06:44.071Z,usb,1,3612849267,117023,29957888,256,8000,32.080
2026-07-23T01:06:44.103Z,usb,1,3612849267,117024,29958144,256,8000,32.080
2026-07-23T01:06:44.135Z,usb,1,3612849267,117025,29958400,256,8000,32.080
2026-07-23T01:06:44.167Z,usb,1,3612849267,117026,29958656,256,8000,32.080
2026-07-23T01:06:44.199Z,usb,1,3612849267,117027,29958912,256,8000,32.080
2026-07-23T01:06:44.232Z,usb,1,3612849267,117028,29959168,256,8000,32.080
2026-07-23T01:06:44.263Z,usb,1,3612849267,117029,29959424,256,8000,32.080
2026-07-23T01:06:44.295Z,usb,1,3612849267,117030,29959680,256,8000,32.080
2026-07-23T01:06:44.327Z,usb,1,3612849267,117031,29959936,256,8000,32.080
2026-07-23T01:06:44.359Z,usb,1,3612849267,117032,29960192,256,8000,32.080
2026-07-23T01:06:44.391Z,usb,1,3612849267,117033,29960448,256,8000,32.080
2026-07-23T01:06:44.423Z,usb,1,3612849267,117034,29960704,256,8000,32.080
2026-07-23T01:06:44.455Z,usb,1,3612849267,117035,29960960,256,8000,32.080
2026-07-23T01:06:44.487Z,usb,1,3612849267,117036,29961216,256,8000,32.080
2026-07-23T01:06:44.519Z,usb,1,3612849267,117037,29961472,256,8000,32.080
2026-07-23T01:06:44.551Z,usb,1,3612849267,117038,29961728,256,8000,32.080
2026-07-23T01:06:44.583Z,usb,1,3612849267,117039,29961984,256,8000,32.080
2026-07-23T01:06:44.615Z,usb,1,3612849267,117040,29962240,256,8000,32.080
2026-07-23T01:06:44.647Z,usb,1,3612849267,117041,29962496,256,8000,32.080
2026-07-23T01:06:44.679Z,usb,1,3612849267,117042,29962752,256,8000,32.080
2026-07-23T01:06:44.711Z,usb,1,3612849267,117043,29963008,256,8000,32.080
2026-07-23T01:06:44.743Z,usb,1,3612849267,117044,29963264,256,8000,32.080
2026-07-23T01:06:44.775Z,usb,1,3612849267,117045,29963520,256,8000,32.080
2026-07-23T01:06:44.807Z,usb,1,3612849267,117046,29963776,256,8000,32.080
2026-07-23T01:06:44.839Z,usb,1,3612849267,117047,29964032,256,8000,32.080
2026-07-23T01:06:44.871Z,usb,1,3612849267,117048,29964288,256,8000,32.080
2026-07-23T01:06:44.903Z,usb,1,3612849267,117049,29964544,256,8000,32.080
2026-07-23T01:06:44.935Z,usb,1,3612849267,117050,29964800,256,8000,32.080
2026-07-23T01:06:44.967Z,usb,1,3612849267,117051,29965056,256,8000,32.080
2026-07-23T01:06:44.999Z,usb,1,3612849267,117052,29965312,256,8000,32.080
2026-07-23T01:06:45.031Z,usb,1,3612849267,117053,29965568,256,8000,32.080
2026-07-23T01:06:45.063Z,usb,1,3612849267,117054,29965824,256,8000,32.080
2026-07-23T01:06:45.095Z,usb,1,3612849267,117055,29966080,256,8000,32.080
2026-07-23T01:06:45.127Z,usb,1,3612849267,117056,29966336,256,8000,32.080
2026-07-23T01:06:45.159Z,usb,1,3612849267,117057,29966592,256,8000,32.080
2026-07-23T01:06:45.191Z,usb,1,3612849267,117058,29966848,256,8000,32.080
2026-07-23T01:06:45.223Z,usb,1,3612849267,117059,29967104,256,8000,32.080
2026-07-23T01:06:45.256Z,usb,1,3612849267,117060,29967360,256,8000,32.080
2026-07-23T01:06:45.287Z,usb,1,3612849267,117061,29967616,256,8000,32.080
2026-07-23T01:06:45.319Z,usb,1,3612849267,117062,29967872,256,8000,32.080
2026-07-23T01:06:45.351Z,usb,1,3612849267,117063,29968128,256,8000,32.080
2026-07-23T01:06:45.383Z,usb,1,3612849267,117064,29968384,256,8000,32.080
2026-07-23T01:06:45.415Z,usb,1,3612849267,117065,29968640,256,8000,32.080
2026-07-23T01:06:45.447Z,usb,1,3612849267,117066,29968896,256,8000,32.080
2026-07-23T01:06:45.479Z,usb,1,3612849267,117067,29969152,256,8000,32.080
2026-07-23T01:06:45.511Z,usb,1,3612849267,117068,29969408,256,8000,32.080
2026-07-23T01:06:45.543Z,usb,1,3612849267,117069,29969664,256,8000,32.080
2026-07-23T01:06:45.575Z,usb,1,3612849267,117070,29969920,256,8000,32.080
2026-07-23T01:06:45.607Z,usb,1,3612849267,117071,29970176,256,8000,32.080
2026-07-23T01:06:45.639Z,usb,1,3612849267,117072,29970432,256,8000,32.080
2026-07-23T01:06:45.671Z,usb,1,3612849267,117073,29970688,256,8000,32.080
2026-07-23T01:06:45.703Z,usb,1,3612849267,117074,29970944,256,8000,32.080
2026-07-23T01:06:45.735Z,usb,1,3612849267,117075,29971200,256,8000,32.080
2026-07-23T01:06:45.767Z,usb,1,3612849267,117076,29971456,256,8000,32.080
2026-07-23T01:06:45.799Z,usb,1,3612849267,117077,29971712,256,8000,32.080
2026-07-23T01:06:45.831Z,usb,1,3612849267,117078,29971968,256,8000,32.080
2026-07-23T01:06:45.863Z,usb,1,3612849267,117079,29972224,256,8000,32.080
2026-07-23T01:06:45.895Z,usb,1,3612849267,117080,29972480,256,8000,32.080
2026-07-23T01:06:45.927Z,usb,1,3612849267,117081,29972736,256,8000,32.080
2026-07-23T01:06:45.959Z,usb,1,3612849267,117082,29972992,256,8000,32.080
2026-07-23T01:06:45.991Z,usb,1,3612849267,117083,29973248,256,8000,32.080
2026-07-23T01:06:46.023Z,usb,1,3612849267,117084,29973504,256,8000,32.080
2026-07-23T01:06:46.055Z,usb,1,3612849267,117085,29973760,256,8000,32.080
2026-07-23T01:06:46.087Z,usb,1,3612849267,117086,29974016,256,8000,32.080
2026-07-23T01:06:46.119Z,usb,1,3612849267,117087,29974272,256,8000,32.080
2026-07-23T01:06:46.151Z,usb,1,3612849267,117088,29974528,256,8000,32.080
2026-07-23T01:06:46.183Z,usb,1,3612849267,117089,29974784,256,8000,32.080
2026-07-23T01:06:46.215Z,usb,1,3612849267,117090,29975040,256,8000,32.080
2026-07-23T01:06:46.247Z,usb,1,3612849267,117091,29975296,256,8000,32.080
2026-07-23T01:06:46.280Z,usb,1,3612849267,117092,29975552,256,8000,32.080
2026-07-23T01:06:46.311Z,usb,1,3612849267,117093,29975808,256,8000,32.080
2026-07-23T01:06:46.343Z,usb,1,3612849267,117094,29976064,256,8000,32.080
2026-07-23T01:06:46.375Z,usb,1,3612849267,117095,29976320,256,8000,32.080
2026-07-23T01:06:46.407Z,usb,1,3612849267,117096,29976576,256,8000,32.080
2026-07-23T01:06:46.439Z,usb,1,3612849267,117097,29976832,256,8000,32.080
2026-07-23T01:06:46.471Z,usb,1,3612849267,117098,29977088,256,8000,32.080
2026-07-23T01:06:46.503Z,usb,1,3612849267,117099,29977344,256,8000,32.080
2026-07-23T01:06:46.535Z,usb,1,3612849267,117100,29977600,256,8000,32.080
2026-07-23T01:06:46.567Z,usb,1,3612849267,117101,29977856,256,8000,32.080
2026-07-23T01:06:46.599Z,usb,1,3612849267,117102,29978112,256,8000,32.080
2026-07-23T01:06:46.631Z,usb,1,3612849267,117103,29978368,256,8000,32.080
2026-07-23T01:06:46.663Z,usb,1,3612849267,117104,29978624,256,8000,32.080
2026-07-23T01:06:46.695Z,usb,1,3612849267,117105,29978880,256,8000,32.080
2026-07-23T01:06:46.731Z,usb,1,3612849267,117106,29979136,256,8000,32.080
2026-07-23T01:06:46.759Z,usb,1,3612849267,117107,29979392,256,8000,32.080
2026-07-23T01:06:46.791Z,usb,1,3612849267,117108,29979648,256,8000,32.080
2026-07-23T01:06:46.823Z,usb,1,3612849267,117109,29979904,256,8000,32.080
2026-07-23T01:06:46.855Z,usb,1,3612849267,117110,29980160,256,8000,32.080
2026-07-23T01:06:46.887Z,usb,1,3612849267,117111,29980416,256,8000,32.080
2026-07-23T01:06:46.919Z,usb,1,3612849267,117112,29980672,256,8000,32.080
2026-07-23T01:06:46.951Z,usb,1,3612849267,117113,29980928,256,8000,32.080
2026-07-23T01:06:46.983Z,usb,1,3612849267,117114,29981184,256,8000,32.080
2026-07-23T01:06:47.015Z,usb,1,3612849267,117115,29981440,256,8000,32.080
2026-07-23T01:06:47.047Z,usb,1,3612849267,117116,29981696,256,8000,32.080
2026-07-23T01:06:47.079Z,usb,1,3612849267,117117,29981952,256,8000,32.080
2026-07-23T01:06:47.111Z,usb,1,3612849267,117118,29982208,256,8000,32.080
2026-07-23T01:06:47.143Z,usb,1,3612849267,117119,29982464,256,8000,32.080
2026-07-23T01:06:47.175Z,usb,1,3612849267,117120,29982720,256,8000,32.080
2026-07-23T01:06:47.207Z,usb,1,3612849267,117121,29982976,256,8000,32.080
2026-07-23T01:06:47.239Z,usb,1,3612849267,117122,29983232,256,8000,32.080
2026-07-23T01:06:47.271Z,usb,1,3612849267,117123,29983488,256,8000,32.080
2026-07-23T01:06:47.304Z,usb,1,3612849267,117124,29983744,256,8000,32.080
2026-07-23T01:06:47.336Z,usb,1,3612849267,117125,29984000,256,8000,32.080
2026-07-23T01:06:47.367Z,usb,1,3612849267,117126,29984256,256,8000,32.080
2026-07-23T01:06:47.399Z,usb,1,3612849267,117127,29984512,256,8000,32.080
2026-07-23T01:06:47.431Z,usb,1,3612849267,117128,29984768,256,8000,32.080
2026-07-23T01:06:47.463Z,usb,1,3612849267,117129,29985024,256,8000,32.080
2026-07-23T01:06:47.495Z,usb,1,3612849267,117130,29985280,256,8000,32.080
2026-07-23T01:06:47.527Z,usb,1,3612849267,117131,29985536,256,8000,32.080
2026-07-23T01:06:47.559Z,usb,1,3612849267,117132,29985792,256,8000,32.080
2026-07-23T01:06:47.591Z,usb,1,3612849267,117133,29986048,256,8000,32.080
2026-07-23T01:06:47.623Z,usb,1,3612849267,117134,29986304,256,8000,32.080
2026-07-23T01:06:47.655Z,usb,1,3612849267,117135,29986560,256,8000,32.080
2026-07-23T01:06:47.687Z,usb,1,3612849267,117136,29986816,256,8000,32.080
2026-07-23T01:06:47.719Z,usb,1,3612849267,117137,29987072,256,8000,32.080
2026-07-23T01:06:47.751Z,usb,1,3612849267,117138,29987328,256,8000,32.080
2026-07-23T01:06:47.783Z,usb,1,3612849267,117139,29987584,256,8000,32.080
2026-07-23T01:06:47.815Z,usb,1,3612849267,117140,29987840,256,8000,32.080
2026-07-23T01:06:47.847Z,usb,1,3612849267,117141,29988096,256,8000,32.080
2026-07-23T01:06:47.879Z,usb,1,3612849267,117142,29988352,256,8000,32.080
2026-07-23T01:06:47.911Z,usb,1,3612849267,117143,29988608,256,8000,32.080
2026-07-23T01:06:47.943Z,usb,1,3612849267,117144,29988864,256,8000,32.080
2026-07-23T01:06:47.975Z,usb,1,3612849267,117145,29989120,256,8000,32.080
2026-07-23T01:06:48.007Z,usb,1,3612849267,117146,29989376,256,8000,32.080
2026-07-23T01:06:48.039Z,usb,1,3612849267,117147,29989632,256,8000,32.080
2026-07-23T01:06:48.071Z,usb,1,3612849267,117148,29989888,256,8000,32.080
2026-07-23T01:06:48.103Z,usb,1,3612849267,117149,29990144,256,8000,32.080
2026-07-23T01:06:48.135Z,usb,1,3612849267,117150,29990400,256,8000,32.080
2026-07-23T01:06:48.167Z,usb,1,3612849267,117151,29990656,256,8000,32.080
2026-07-23T01:06:48.199Z,usb,1,3612849267,117152,29990912,256,8000,32.080
2026-07-23T01:06:48.231Z,usb,1,3612849267,117153,29991168,256,8000,32.080
2026-07-23T01:06:48.263Z,usb,1,3612849267,117154,29991424,256,8000,32.080
2026-07-23T01:06:48.295Z,usb,1,3612849267,117155,29991680,256,8000,32.080
2026-07-23T01:06:48.328Z,usb,1,3612849267,117156,29991936,256,8000,32.080
2026-07-23T01:06:48.359Z,usb,1,3612849267,117157,29992192,256,8000,32.080
2026-07-23T01:06:48.391Z,usb,1,3612849267,117158,29992448,256,8000,32.080
2026-07-23T01:06:48.423Z,usb,1,3612849267,117159,29992704,256,8000,32.080
2026-07-23T01:06:48.455Z,usb,1,3612849267,117160,29992960,256,8000,32.080
2026-07-23T01:06:48.487Z,usb,1,3612849267,117161,29993216,256,8000,32.080
2026-07-23T01:06:48.519Z,usb,1,3612849267,117162,29993472,256,8000,32.080
2026-07-23T01:06:48.551Z,usb,1,3612849267,117163,29993728,256,8000,32.080
2026-07-23T01:06:48.583Z,usb,1,3612849267,117164,29993984,256,8000,32.080
2026-07-23T01:06:48.615Z,usb,1,3612849267,117165,29994240,256,8000,32.080
2026-07-23T01:06:48.647Z,usb,1,3612849267,117166,29994496,256,8000,32.080
2026-07-23T01:06:48.679Z,usb,1,3612849267,117167,29994752,256,8000,32.080
2026-07-23T01:06:48.711Z,usb,1,3612849267,117168,29995008,256,8000,32.080
2026-07-23T01:06:48.743Z,usb,1,3612849267,117169,29995264,256,8000,32.080
2026-07-23T01:06:48.775Z,usb,1,3612849267,117170,29995520,256,8000,32.080
2026-07-23T01:06:48.807Z,usb,1,3612849267,117171,29995776,256,8000,32.080
2026-07-23T01:06:48.839Z,usb,1,3612849267,117172,29996032,256,8000,32.080
2026-07-23T01:06:48.871Z,usb,1,3612849267,117173,29996288,256,8000,32.080
2026-07-23T01:06:48.903Z,usb,1,3612849267,117174,29996544,256,8000,32.080
2026-07-23T01:06:48.935Z,usb,1,3612849267,117175,29996800,256,8000,32.080
2026-07-23T01:06:48.967Z,usb,1,3612849267,117176,29997056,256,8000,32.080
2026-07-23T01:06:48.999Z,usb,1,3612849267,117177,29997312,256,8000,32.080
2026-07-23T01:06:49.031Z,usb,1,3612849267,117178,29997568,256,8000,32.080
2026-07-23T01:06:49.063Z,usb,1,3612849267,117179,29997824,256,8000,32.080
2026-07-23T01:06:49.095Z,usb,1,3612849267,117180,29998080,256,8000,32.080
2026-07-23T01:06:49.127Z,usb,1,3612849267,117181,29998336,256,8000,32.080
2026-07-23T01:06:49.159Z,usb,1,3612849267,117182,29998592,256,8000,32.080
2026-07-23T01:06:49.191Z,usb,1,3612849267,117183,29998848,256,8000,32.080
2026-07-23T01:06:49.223Z,usb,1,3612849267,117184,29999104,256,8000,32.080
2026-07-23T01:06:49.255Z,usb,1,3612849267,117185,29999360,256,8000,32.080
2026-07-23T01:06:49.287Z,usb,1,3612849267,117186,29999616,256,8000,32.080
2026-07-23T01:06:49.319Z,usb,1,3612849267,117187,29999872,256,8000,32.080
2026-07-23T01:06:49.352Z,usb,1,3612849267,117188,30000128,256,8000,32.070
2026-07-23T01:06:49.383Z,usb,1,3612849267,117189,30000384,256,8000,32.070
2026-07-23T01:06:49.415Z,usb,1,3612849267,117190,30000640,256,8000,32.070
2026-07-23T01:06:49.447Z,usb,1,3612849267,117191,30000896,256,8000,32.070
2026-07-23T01:06:49.479Z,usb,1,3612849267,117192,30001152,256,8000,32.070
2026-07-23T01:06:49.511Z,usb,1,3612849267,117193,30001408,256,8000,32.070
2026-07-23T01:06:49.543Z,usb,1,3612849267,117194,30001664,256,8000,32.070
2026-07-23T01:06:49.575Z,usb,1,3612849267,117195,30001920,256,8000,32.070
2026-07-23T01:06:49.607Z,usb,1,3612849267,117196,30002176,256,8000,32.070
2026-07-23T01:06:49.639Z,usb,1,3612849267,117197,30002432,256,8000,32.070
2026-07-23T01:06:49.671Z,usb,1,3612849267,117198,30002688,256,8000,32.070
2026-07-23T01:06:49.703Z,usb,1,3612849267,117199,30002944,256,8000,32.070
2026-07-23T01:06:49.735Z,usb,1,3612849267,117200,30003200,256,8000,32.070
2026-07-23T01:06:49.767Z,usb,1,3612849267,117201,30003456,256,8000,32.070
2026-07-23T01:06:49.799Z,usb,1,3612849267,117202,30003712,256,8000,32.070
2026-07-23T01:06:49.831Z,usb,1,3612849267,117203,30003968,256,8000,32.070
2026-07-23T01:06:49.863Z,usb,1,3612849267,117204,30004224,256,8000,32.070
2026-07-23T01:06:49.895Z,usb,1,3612849267,117205,30004480,256,8000,32.070
2026-07-23T01:06:49.927Z,usb,1,3612849267,117206,30004736,256,8000,32.070
2026-07-23T01:06:49.959Z,usb,1,3612849267,117207,30004992,256,8000,32.070
2026-07-23T01:06:49.991Z,usb,1,3612849267,117208,30005248,256,8000,32.070
2026-07-23T01:06:50.023Z,usb,1,3612849267,117209,30005504,256,8000,32.070
2026-07-23T01:06:50.055Z,usb,1,3612849267,117210,30005760,256,8000,32.070
2026-07-23T01:06:50.087Z,usb,1,3612849267,117211,30006016,256,8000,32.070
2026-07-23T01:06:50.119Z,usb,1,3612849267,117212,30006272,256,8000,32.070
2026-07-23T01:06:50.151Z,usb,1,3612849267,117213,30006528,256,8000,32.070
2026-07-23T01:06:50.183Z,usb,1,3612849267,117214,30006784,256,8000,32.070
2026-07-23T01:06:50.215Z,usb,1,3612849267,117215,30007040,256,8000,32.070
2026-07-23T01:06:50.247Z,usb,1,3612849267,117216,30007296,256,8000,32.070
2026-07-23T01:06:50.279Z,usb,1,3612849267,117217,30007552,256,8000,32.070
2026-07-23T01:06:50.311Z,usb,1,3612849267,117218,30007808,256,8000,32.070
2026-07-23T01:06:50.343Z,usb,1,3612849267,117219,30008064,256,8000,32.070
2026-07-23T01:06:50.376Z,usb,1,3612849267,117220,30008320,256,8000,32.080
2026-07-23T01:06:50.407Z,usb,1,3612849267,117221,30008576,256,8000,32.080
2026-07-23T01:06:50.439Z,usb,1,3612849267,117222,30008832,256,8000,32.080
2026-07-23T01:06:50.471Z,usb,1,3612849267,117223,30009088,256,8000,32.080
2026-07-23T01:06:50.503Z,usb,1,3612849267,117224,30009344,256,8000,32.080
2026-07-23T01:06:50.535Z,usb,1,3612849267,117225,30009600,256,8000,32.080
2026-07-23T01:06:50.567Z,usb,1,3612849267,117226,30009856,256,8000,32.080
2026-07-23T01:06:50.599Z,usb,1,3612849267,117227,30010112,256,8000,32.080
2026-07-23T01:06:50.631Z,usb,1,3612849267,117228,30010368,256,8000,32.080
2026-07-23T01:06:50.663Z,usb,1,3612849267,117229,30010624,256,8000,32.080
2026-07-23T01:06:50.695Z,usb,1,3612849267,117230,30010880,256,8000,32.080
2026-07-23T01:06:50.727Z,usb,1,3612849267,117231,30011136,256,8000,32.080
2026-07-23T01:06:50.759Z,usb,1,3612849267,117232,30011392,256,8000,32.080
2026-07-23T01:06:50.791Z,usb,1,3612849267,117233,30011648,256,8000,32.080
2026-07-23T01:06:50.823Z,usb,1,3612849267,117234,30011904,256,8000,32.080
2026-07-23T01:06:50.855Z,usb,1,3612849267,117235,30012160,256,8000,32.080
2026-07-23T01:06:50.887Z,usb,1,3612849267,117236,30012416,256,8000,32.080
2026-07-23T01:06:50.919Z,usb,1,3612849267,117237,30012672,256,8000,32.080
2026-07-23T01:06:50.951Z,usb,1,3612849267,117238,30012928,256,8000,32.080
2026-07-23T01:06:50.983Z,usb,1,3612849267,117239,30013184,256,8000,32.080
2026-07-23T01:06:51.015Z,usb,1,3612849267,117240,30013440,256,8000,32.080
2026-07-23T01:06:51.047Z,usb,1,3612849267,117241,30013696,256,8000,32.080
2026-07-23T01:06:51.079Z,usb,1,3612849267,117242,30013952,256,8000,32.080
2026-07-23T01:06:51.111Z,usb,1,3612849267,117243,30014208,256,8000,32.080
2026-07-23T01:06:51.143Z,usb,1,3612849267,117244,30014464,256,8000,32.080
2026-07-23T01:06:51.175Z,usb,1,3612849267,117245,30014720,256,8000,32.080
2026-07-23T01:06:51.207Z,usb,1,3612849267,117246,30014976,256,8000,32.080
2026-07-23T01:06:51.239Z,usb,1,3612849267,117247,30015232,256,8000,32.080
2026-07-23T01:06:51.271Z,usb,1,3612849267,117248,30015488,256,8000,32.080
2026-07-23T01:06:51.303Z,usb,1,3612849267,117249,30015744,256,8000,32.080
2026-07-23T01:06:51.335Z,usb,1,3612849267,117250,30016000,256,8000,32.080
2026-07-23T01:06:51.367Z,usb,1,3612849267,117251,30016256,256,8000,32.080
2026-07-23T01:06:51.400Z,usb,1,3612849267,117252,30016512,256,8000,32.080
2026-07-23T01:06:51.431Z,usb,1,3612849267,117253,30016768,256,8000,32.080
2026-07-23T01:06:51.463Z,usb,1,3612849267,117254,30017024,256,8000,32.080
2026-07-23T01:06:51.495Z,usb,1,3612849267,117255,30017280,256,8000,32.080
2026-07-23T01:06:51.527Z,usb,1,3612849267,117256,30017536,256,8000,32.080
2026-07-23T01:06:51.559Z,usb,1,3612849267,117257,30017792,256,8000,32.080
2026-07-23T01:06:51.591Z,usb,1,3612849267,117258,30018048,256,8000,32.080
2026-07-23T01:06:51.623Z,usb,1,3612849267,117259,30018304,256,8000,32.080
2026-07-23T01:06:51.655Z,usb,1,3612849267,117260,30018560,256,8000,32.080
2026-07-23T01:06:51.687Z,usb,1,3612849267,117261,30018816,256,8000,32.080
2026-07-23T01:06:51.719Z,usb,1,3612849267,117262,30019072,256,8000,32.080
2026-07-23T01:06:51.751Z,usb,1,3612849267,117263,30019328,256,8000,32.080
2026-07-23T01:06:51.783Z,usb,1,3612849267,117264,30019584,256,8000,32.080
2026-07-23T01:06:51.816Z,usb,1,3612849267,117265,30019840,256,8000,32.080
2026-07-23T01:06:51.847Z,usb,1,3612849267,117266,30020096,256,8000,32.080
2026-07-23T01:06:51.879Z,usb,1,3612849267,117267,30020352,256,8000,32.080
2026-07-23T01:06:51.911Z,usb,1,3612849267,117268,30020608,256,8000,32.080
2026-07-23T01:06:51.943Z,usb,1,3612849267,117269,30020864,256,8000,32.080
2026-07-23T01:06:51.975Z,usb,1,3612849267,117270,30021120,256,8000,32.080
2026-07-23T01:06:52.007Z,usb,1,3612849267,117271,30021376,256,8000,32.080
2026-07-23T01:06:52.039Z,usb,1,3612849267,117272,30021632,256,8000,32.080
2026-07-23T01:06:52.071Z,usb,1,3612849267,117273,30021888,256,8000,32.080
2026-07-23T01:06:52.103Z,usb,1,3612849267,117274,30022144,256,8000,32.080
2026-07-23T01:06:52.135Z,usb,1,3612849267,117275,30022400,256,8000,32.080
2026-07-23T01:06:52.167Z,usb,1,3612849267,117276,30022656,256,8000,32.080
2026-07-23T01:06:52.199Z,usb,1,3612849267,117277,30022912,256,8000,32.080
2026-07-23T01:06:52.231Z,usb,1,3612849267,117278,30023168,256,8000,32.080
2026-07-23T01:06:52.263Z,usb,1,3612849267,117279,30023424,256,8000,32.080
2026-07-23T01:06:52.295Z,usb,1,3612849267,117280,30023680,256,8000,32.080
2026-07-23T01:06:52.327Z,usb,1,3612849267,117281,30023936,256,8000,32.080
2026-07-23T01:06:52.359Z,usb,1,3612849267,117282,30024192,256,8000,32.080
2026-07-23T01:06:52.391Z,usb,1,3612849267,117283,30024448,256,8000,32.080
2026-07-23T01:06:52.424Z,usb,1,3612849267,117284,30024704,256,8000,32.080
2026-07-23T01:06:52.455Z,usb,1,3612849267,117285,30024960,256,8000,32.080
2026-07-23T01:06:52.487Z,usb,1,3612849267,117286,30025216,256,8000,32.080
2026-07-23T01:06:52.519Z,usb,1,3612849267,117287,30025472,256,8000,32.080
2026-07-23T01:06:52.551Z,usb,1,3612849267,117288,30025728,256,8000,32.080
2026-07-23T01:06:52.583Z,usb,1,3612849267,117289,30025984,256,8000,32.080
2026-07-23T01:06:52.615Z,usb,1,3612849267,117290,30026240,256,8000,32.080
2026-07-23T01:06:52.647Z,usb,1,3612849267,117291,30026496,256,8000,32.080
2026-07-23T01:06:52.679Z,usb,1,3612849267,117292,30026752,256,8000,32.080
2026-07-23T01:06:52.711Z,usb,1,3612849267,117293,30027008,256,8000,32.080
2026-07-23T01:06:52.743Z,usb,1,3612849267,117294,30027264,256,8000,32.080
2026-07-23T01:06:52.775Z,usb,1,3612849267,117295,30027520,256,8000,32.080
2026-07-23T01:06:52.807Z,usb,1,3612849267,117296,30027776,256,8000,32.080
2026-07-23T01:06:52.839Z,usb,1,3612849267,117297,30028032,256,8000,32.080
2026-07-23T01:06:52.871Z,usb,1,3612849267,117298,30028288,256,8000,32.080
2026-07-23T01:06:52.903Z,usb,1,3612849267,117299,30028544,256,8000,32.080
2026-07-23T01:06:52.935Z,usb,1,3612849267,117300,30028800,256,8000,32.080
2026-07-23T01:06:52.967Z,usb,1,3612849267,117301,30029056,256,8000,32.080
2026-07-23T01:06:52.999Z,usb,1,3612849267,117302,30029312,256,8000,32.080
2026-07-23T01:06:53.031Z,usb,1,3612849267,117303,30029568,256,8000,32.080
2026-07-23T01:06:53.063Z,usb,1,3612849267,117304,30029824,256,8000,32.080
2026-07-23T01:06:53.095Z,usb,1,3612849267,117305,30030080,256,8000,32.080
2026-07-23T01:06:53.127Z,usb,1,3612849267,117306,30030336,256,8000,32.080
2026-07-23T01:06:53.159Z,usb,1,3612849267,117307,30030592,256,8000,32.080
2026-07-23T01:06:53.191Z,usb,1,3612849267,117308,30030848,256,8000,32.080
2026-07-23T01:06:53.223Z,usb,1,3612849267,117309,30031104,256,8000,32.080
2026-07-23T01:06:53.255Z,usb,1,3612849267,117310,30031360,256,8000,32.080
2026-07-23T01:06:53.287Z,usb,1,3612849267,117311,30031616,256,8000,32.080
2026-07-23T01:06:53.319Z,usb,1,3612849267,117312,30031872,256,8000,32.080
2026-07-23T01:06:53.351Z,usb,1,3612849267,117313,30032128,256,8000,32.080
2026-07-23T01:06:53.383Z,usb,1,3612849267,117314,30032384,256,8000,32.080
2026-07-23T01:06:53.415Z,usb,1,3612849267,117315,30032640,256,8000,32.080
2026-07-23T01:06:53.448Z,usb,1,3612849267,117316,30032896,256,8000,32.080
2026-07-23T01:06:53.479Z,usb,1,3612849267,117317,30033152,256,8000,32.080
2026-07-23T01:06:53.511Z,usb,1,3612849267,117318,30033408,256,8000,32.080
2026-07-23T01:06:53.543Z,usb,1,3612849267,117319,30033664,256,8000,32.080
2026-07-23T01:06:53.575Z,usb,1,3612849267,117320,30033920,256,8000,32.080
2026-07-23T01:06:53.607Z,usb,1,3612849267,117321,30034176,256,8000,32.080
2026-07-23T01:06:53.639Z,usb,1,3612849267,117322,30034432,256,8000,32.080
2026-07-23T01:06:53.671Z,usb,1,3612849267,117323,30034688,256,8000,32.080
2026-07-23T01:06:53.703Z,usb,1,3612849267,117324,30034944,256,8000,32.080
2026-07-23T01:06:53.735Z,usb,1,3612849267,117325,30035200,256,8000,32.080
2026-07-23T01:06:53.767Z,usb,1,3612849267,117326,30035456,256,8000,32.080
2026-07-23T01:06:53.799Z,usb,1,3612849267,117327,30035712,256,8000,32.080
2026-07-23T01:06:53.831Z,usb,1,3612849267,117328,30035968,256,8000,32.080
2026-07-23T01:06:53.863Z,usb,1,3612849267,117329,30036224,256,8000,32.080
2026-07-23T01:06:53.895Z,usb,1,3612849267,117330,30036480,256,8000,32.080
2026-07-23T01:06:53.927Z,usb,1,3612849267,117331,30036736,256,8000,32.080
2026-07-23T01:06:53.959Z,usb,1,3612849267,117332,30036992,256,8000,32.080
2026-07-23T01:06:53.991Z,usb,1,3612849267,117333,30037248,256,8000,32.080
2026-07-23T01:06:54.023Z,usb,1,3612849267,117334,30037504,256,8000,32.080
2026-07-23T01:06:54.055Z,usb,1,3612849267,117335,30037760,256,8000,32.080
2026-07-23T01:06:54.087Z,usb,1,3612849267,117336,30038016,256,8000,32.080
2026-07-23T01:06:54.119Z,usb,1,3612849267,117337,30038272,256,8000,32.080
2026-07-23T01:06:54.151Z,usb,1,3612849267,117338,30038528,256,8000,32.080
2026-07-23T01:06:54.183Z,usb,1,3612849267,117339,30038784,256,8000,32.080
2026-07-23T01:06:54.215Z,usb,1,3612849267,117340,30039040,256,8000,32.080
2026-07-23T01:06:54.247Z,usb,1,3612849267,117341,30039296,256,8000,32.080
2026-07-23T01:06:54.279Z,usb,1,3612849267,117342,30039552,256,8000,32.080
2026-07-23T01:06:54.311Z,usb,1,3612849267,117343,30039808,256,8000,32.080
2026-07-23T01:06:54.343Z,usb,1,3612849267,117344,30040064,256,8000,32.080
2026-07-23T01:06:54.375Z,usb,1,3612849267,117345,30040320,256,8000,32.080
2026-07-23T01:06:54.407Z,usb,1,3612849267,117346,30040576,256,8000,32.080
2026-07-23T01:06:54.439Z,usb,1,3612849267,117347,30040832,256,8000,32.080
2026-07-23T01:06:54.472Z,usb,1,3612849267,117348,30041088,256,8000,32.080
2026-07-23T01:06:54.503Z,usb,1,3612849267,117349,30041344,256,8000,32.080
2026-07-23T01:06:54.535Z,usb,1,3612849267,117350,30041600,256,8000,32.080
2026-07-23T01:06:54.567Z,usb,1,3612849267,117351,30041856,256,8000,32.080
2026-07-23T01:06:54.599Z,usb,1,3612849267,117352,30042112,256,8000,32.080
2026-07-23T01:06:54.631Z,usb,1,3612849267,117353,30042368,256,8000,32.080
2026-07-23T01:06:54.663Z,usb,1,3612849267,117354,30042624,256,8000,32.080
2026-07-23T01:06:54.695Z,usb,1,3612849267,117355,30042880,256,8000,32.080
2026-07-23T01:06:54.727Z,usb,1,3612849267,117356,30043136,256,8000,32.080
2026-07-23T01:06:54.759Z,usb,1,3612849267,117357,30043392,256,8000,32.080
2026-07-23T01:06:54.791Z,usb,1,3612849267,117358,30043648,256,8000,32.080
2026-07-23T01:06:54.823Z,usb,1,3612849267,117359,30043904,256,8000,32.080
2026-07-23T01:06:54.855Z,usb,1,3612849267,117360,30044160,256,8000,32.080
2026-07-23T01:06:54.887Z,usb,1,3612849267,117361,30044416,256,8000,32.080
2026-07-23T01:06:54.919Z,usb,1,3612849267,117362,30044672,256,8000,32.080
2026-07-23T01:06:54.951Z,usb,1,3612849267,117363,30044928,256,8000,32.080
2026-07-23T01:06:54.983Z,usb,1,3612849267,117364,30045184,256,8000,32.080
2026-07-23T01:06:55.015Z,usb,1,3612849267,117365,30045440,256,8000,32.080
2026-07-23T01:06:55.047Z,usb,1,3612849267,117366,30045696,256,8000,32.080
2026-07-23T01:06:55.079Z,usb,1,3612849267,117367,30045952,256,8000,32.080
2026-07-23T01:06:55.111Z,usb,1,3612849267,117368,30046208,256,8000,32.080
2026-07-23T01:06:55.143Z,usb,1,3612849267,117369,30046464,256,8000,32.080
2026-07-23T01:06:55.175Z,usb,1,3612849267,117370,30046720,256,8000,32.080
2026-07-23T01:06:55.207Z,usb,1,3612849267,117371,30046976,256,8000,32.080
2026-07-23T01:06:55.239Z,usb,1,3612849267,117372,30047232,256,8000,32.080
2026-07-23T01:06:55.271Z,usb,1,3612849267,117373,30047488,256,8000,32.080
2026-07-23T01:06:55.303Z,usb,1,3612849267,117374,30047744,256,8000,32.080
2026-07-23T01:06:55.335Z,usb,1,3612849267,117375,30048000,256,8000,32.080
2026-07-23T01:06:55.367Z,usb,1,3612849267,117376,30048256,256,8000,32.080
2026-07-23T01:06:55.399Z,usb,1,3612849267,117377,30048512,256,8000,32.080
2026-07-23T01:06:55.431Z,usb,1,3612849267,117378,30048768,256,8000,32.080
2026-07-23T01:06:55.463Z,usb,1,3612849267,117379,30049024,256,8000,32.080
2026-07-23T01:06:55.496Z,usb,1,3612849267,117380,30049280,256,8000,32.090
2026-07-23T01:06:55.527Z,usb,1,3612849267,117381,30049536,256,8000,32.090
2026-07-23T01:06:55.559Z,usb,1,3612849267,117382,30049792,256,8000,32.090
2026-07-23T01:06:55.591Z,usb,1,3612849267,117383,30050048,256,8000,32.090
2026-07-23T01:06:55.623Z,usb,1,3612849267,117384,30050304,256,8000,32.090
2026-07-23T01:06:55.655Z,usb,1,3612849267,117385,30050560,256,8000,32.090
2026-07-23T01:06:55.687Z,usb,1,3612849267,117386,30050816,256,8000,32.090
2026-07-23T01:06:55.719Z,usb,1,3612849267,117387,30051072,256,8000,32.090
2026-07-23T01:06:55.751Z,usb,1,3612849267,117388,30051328,256,8000,32.090
2026-07-23T01:06:55.783Z,usb,1,3612849267,117389,30051584,256,8000,32.090
2026-07-23T01:06:55.815Z,usb,1,3612849267,117390,30051840,256,8000,32.090
2026-07-23T01:06:55.847Z,usb,1,3612849267,117391,30052096,256,8000,32.090
2026-07-23T01:06:55.879Z,usb,1,3612849267,117392,30052352,256,8000,32.090
2026-07-23T01:06:55.911Z,usb,1,3612849267,117393,30052608,256,8000,32.090
2026-07-23T01:06:55.943Z,usb,1,3612849267,117394,30052864,256,8000,32.090
2026-07-23T01:06:55.975Z,usb,1,3612849267,117395,30053120,256,8000,32.090
2026-07-23T01:06:56.007Z,usb,1,3612849267,117396,30053376,256,8000,32.090
2026-07-23T01:06:56.039Z,usb,1,3612849267,117397,30053632,256,8000,32.090
2026-07-23T01:06:56.071Z,usb,1,3612849267,117398,30053888,256,8000,32.090
2026-07-23T01:06:56.103Z,usb,1,3612849267,117399,30054144,256,8000,32.090
2026-07-23T01:06:56.135Z,usb,1,3612849267,117400,30054400,256,8000,32.090
2026-07-23T01:06:56.167Z,usb,1,3612849267,117401,30054656,256,8000,32.090
2026-07-23T01:06:56.199Z,usb,1,3612849267,117402,30054912,256,8000,32.090
2026-07-23T01:06:56.231Z,usb,1,3612849267,117403,30055168,256,8000,32.090
2026-07-23T01:06:56.263Z,usb,1,3612849267,117404,30055424,256,8000,32.090
2026-07-23T01:06:56.295Z,usb,1,3612849267,117405,30055680,256,8000,32.090
2026-07-23T01:06:56.327Z,usb,1,3612849267,117406,30055936,256,8000,32.090
2026-07-23T01:06:56.359Z,usb,1,3612849267,117407,30056192,256,8000,32.090
2026-07-23T01:06:56.391Z,usb,1,3612849267,117408,30056448,256,8000,32.090
2026-07-23T01:06:56.423Z,usb,1,3612849267,117409,30056704,256,8000,32.090
2026-07-23T01:06:56.455Z,usb,1,3612849267,117410,30056960,256,8000,32.090
2026-07-23T01:06:56.487Z,usb,1,3612849267,117411,30057216,256,8000,32.090
2026-07-23T01:06:56.520Z,usb,1,3612849267,117412,30057472,256,8000,32.080
2026-07-23T01:06:56.551Z,usb,1,3612849267,117413,30057728,256,8000,32.080
2026-07-23T01:06:56.583Z,usb,1,3612849267,117414,30057984,256,8000,32.080
2026-07-23T01:06:56.615Z,usb,1,3612849267,117415,30058240,256,8000,32.080
2026-07-23T01:06:56.647Z,usb,1,3612849267,117416,30058496,256,8000,32.080
2026-07-23T01:06:56.679Z,usb,1,3612849267,117417,30058752,256,8000,32.080
2026-07-23T01:06:56.711Z,usb,1,3612849267,117418,30059008,256,8000,32.080
2026-07-23T01:06:56.743Z,usb,1,3612849267,117419,30059264,256,8000,32.080
2026-07-23T01:06:56.775Z,usb,1,3612849267,117420,30059520,256,8000,32.080
2026-07-23T01:06:56.807Z,usb,1,3612849267,117421,30059776,256,8000,32.080
2026-07-23T01:06:56.839Z,usb,1,3612849267,117422,30060032,256,8000,32.080
2026-07-23T01:06:56.871Z,usb,1,3612849267,117423,30060288,256,8000,32.080
2026-07-23T01:06:56.903Z,usb,1,3612849267,117424,30060544,256,8000,32.080
2026-07-23T01:06:56.935Z,usb,1,3612849267,117425,30060800,256,8000,32.080
2026-07-23T01:06:56.967Z,usb,1,3612849267,117426,30061056,256,8000,32.080
2026-07-23T01:06:56.999Z,usb,1,3612849267,117427,30061312,256,8000,32.080
2026-07-23T01:06:57.031Z,usb,1,3612849267,117428,30061568,256,8000,32.080
2026-07-23T01:06:57.063Z,usb,1,3612849267,117429,30061824,256,8000,32.080
2026-07-23T01:06:57.095Z,usb,1,3612849267,117430,30062080,256,8000,32.080
2026-07-23T01:06:57.127Z,usb,1,3612849267,117431,30062336,256,8000,32.080
2026-07-23T01:06:57.159Z,usb,1,3612849267,117432,30062592,256,8000,32.080
2026-07-23T01:06:57.191Z,usb,1,3612849267,117433,30062848,256,8000,32.080
2026-07-23T01:06:57.223Z,usb,1,3612849267,117434,30063104,256,8000,32.080
2026-07-23T01:06:57.255Z,usb,1,3612849267,117435,30063360,256,8000,32.080
2026-07-23T01:06:57.287Z,usb,1,3612849267,117436,30063616,256,8000,32.080
2026-07-23T01:06:57.319Z,usb,1,3612849267,117437,30063872,256,8000,32.080
2026-07-23T01:06:57.351Z,usb,1,3612849267,117438,30064128,256,8000,32.080
2026-07-23T01:06:57.383Z,usb,1,3612849267,117439,30064384,256,8000,32.080
2026-07-23T01:06:57.415Z,usb,1,3612849267,117440,30064640,256,8000,32.080
2026-07-23T01:06:57.447Z,usb,1,3612849267,117441,30064896,256,8000,32.080
2026-07-23T01:06:57.479Z,usb,1,3612849267,117442,30065152,256,8000,32.080
2026-07-23T01:06:57.511Z,usb,1,3612849267,117443,30065408,256,8000,32.080
2026-07-23T01:06:57.544Z,usb,1,3612849267,117444,30065664,256,8000,32.090
2026-07-23T01:06:57.575Z,usb,1,3612849267,117445,30065920,256,8000,32.090
2026-07-23T01:06:57.607Z,usb,1,3612849267,117446,30066176,256,8000,32.090
2026-07-23T01:06:57.639Z,usb,1,3612849267,117447,30066432,256,8000,32.090
2026-07-23T01:06:57.671Z,usb,1,3612849267,117448,30066688,256,8000,32.090
2026-07-23T01:06:57.703Z,usb,1,3612849267,117449,30066944,256,8000,32.090
2026-07-23T01:06:57.735Z,usb,1,3612849267,117450,30067200,256,8000,32.090
2026-07-23T01:06:57.767Z,usb,1,3612849267,117451,30067456,256,8000,32.090
2026-07-23T01:06:57.799Z,usb,1,3612849267,117452,30067712,256,8000,32.090
2026-07-23T01:06:57.831Z,usb,1,3612849267,117453,30067968,256,8000,32.090
2026-07-23T01:06:57.863Z,usb,1,3612849267,117454,30068224,256,8000,32.090
2026-07-23T01:06:57.895Z,usb,1,3612849267,117455,30068480,256,8000,32.090
2026-07-23T01:06:57.927Z,usb,1,3612849267,117456,30068736,256,8000,32.090
2026-07-23T01:06:57.959Z,usb,1,3612849267,117457,30068992,256,8000,32.090
2026-07-23T01:06:57.991Z,usb,1,3612849267,117458,30069248,256,8000,32.090
2026-07-23T01:06:58.023Z,usb,1,3612849267,117459,30069504,256,8000,32.090
2026-07-23T01:06:58.055Z,usb,1,3612849267,117460,30069760,256,8000,32.090
2026-07-23T01:06:58.087Z,usb,1,3612849267,117461,30070016,256,8000,32.090
2026-07-23T01:06:58.119Z,usb,1,3612849267,117462,30070272,256,8000,32.090
2026-07-23T01:06:58.151Z,usb,1,3612849267,117463,30070528,256,8000,32.090
2026-07-23T01:06:58.183Z,usb,1,3612849267,117464,30070784,256,8000,32.090
2026-07-23T01:06:58.215Z,usb,1,3612849267,117465,30071040,256,8000,32.090
2026-07-23T01:06:58.247Z,usb,1,3612849267,117466,30071296,256,8000,32.090
2026-07-23T01:06:58.279Z,usb,1,3612849267,117467,30071552,256,8000,32.090
2026-07-23T01:06:58.311Z,usb,1,3612849267,117468,30071808,256,8000,32.090
2026-07-23T01:06:58.343Z,usb,1,3612849267,117469,30072064,256,8000,32.090
2026-07-23T01:06:58.375Z,usb,1,3612849267,117470,30072320,256,8000,32.090
2026-07-23T01:06:58.407Z,usb,1,3612849267,117471,30072576,256,8000,32.090
2026-07-23T01:06:58.439Z,usb,1,3612849267,117472,30072832,256,8000,32.090
2026-07-23T01:06:58.471Z,usb,1,3612849267,117473,30073088,256,8000,32.090
2026-07-23T01:06:58.503Z,usb,1,3612849267,117474,30073344,256,8000,32.090
2026-07-23T01:06:58.535Z,usb,1,3612849267,117475,30073600,256,8000,32.090
2026-07-23T01:06:58.568Z,usb,1,3612849267,117476,30073856,256,8000,32.090
2026-07-23T01:06:58.599Z,usb,1,3612849267,117477,30074112,256,8000,32.090
2026-07-23T01:06:58.631Z,usb,1,3612849267,117478,30074368,256,8000,32.090
2026-07-23T01:06:58.663Z,usb,1,3612849267,117479,30074624,256,8000,32.090
2026-07-23T01:06:58.695Z,usb,1,3612849267,117480,30074880,256,8000,32.090
2026-07-23T01:06:58.727Z,usb,1,3612849267,117481,30075136,256,8000,32.090
2026-07-23T01:06:58.759Z,usb,1,3612849267,117482,30075392,256,8000,32.090
2026-07-23T01:06:58.791Z,usb,1,3612849267,117483,30075648,256,8000,32.090
2026-07-23T01:06:58.823Z,usb,1,3612849267,117484,30075904,256,8000,32.090
2026-07-23T01:06:58.855Z,usb,1,3612849267,117485,30076160,256,8000,32.090
2026-07-23T01:06:58.887Z,usb,1,3612849267,117486,30076416,256,8000,32.090
2026-07-23T01:06:58.919Z,usb,1,3612849267,117487,30076672,256,8000,32.090
2026-07-23T01:06:58.951Z,usb,1,3612849267,117488,30076928,256,8000,32.090
2026-07-23T01:06:58.983Z,usb,1,3612849267,117489,30077184,256,8000,32.090
2026-07-23T01:06:59.015Z,usb,1,3612849267,117490,30077440,256,8000,32.090
2026-07-23T01:06:59.047Z,usb,1,3612849267,117491,30077696,256,8000,32.090
2026-07-23T01:06:59.079Z,usb,1,3612849267,117492,30077952,256,8000,32.090
2026-07-23T01:06:59.111Z,usb,1,3612849267,117493,30078208,256,8000,32.090
2026-07-23T01:06:59.143Z,usb,1,3612849267,117494,30078464,256,8000,32.090
2026-07-23T01:06:59.175Z,usb,1,3612849267,117495,30078720,256,8000,32.090
2026-07-23T01:06:59.207Z,usb,1,3612849267,117496,30078976,256,8000,32.090
2026-07-23T01:06:59.239Z,usb,1,3612849267,117497,30079232,256,8000,32.090
2026-07-23T01:06:59.271Z,usb,1,3612849267,117498,30079488,256,8000,32.090
2026-07-23T01:06:59.303Z,usb,1,3612849267,117499,30079744,256,8000,32.090
2026-07-23T01:06:59.335Z,usb,1,3612849267,117500,30080000,256,8000,32.090
2026-07-23T01:06:59.367Z,usb,1,3612849267,117501,30080256,256,8000,32.090
2026-07-23T01:06:59.399Z,usb,1,3612849267,117502,30080512,256,8000,32.090
2026-07-23T01:06:59.431Z,usb,1,3612849267,117503,30080768,256,8000,32.090
2026-07-23T01:06:59.463Z,usb,1,3612849267,117504,30081024,256,8000,32.090
2026-07-23T01:06:59.495Z,usb,1,3612849267,117505,30081280,256,8000,32.090
2026-07-23T01:06:59.527Z,usb,1,3612849267,117506,30081536,256,8000,32.090
2026-07-23T01:06:59.559Z,usb,1,3612849267,117507,30081792,256,8000,32.090
2026-07-23T01:06:59.592Z,usb,1,3612849267,117508,30082048,256,8000,32.090
2026-07-23T01:06:59.623Z,usb,1,3612849267,117509,30082304,256,8000,32.090
2026-07-23T01:06:59.655Z,usb,1,3612849267,117510,30082560,256,8000,32.090
2026-07-23T01:06:59.687Z,usb,1,3612849267,117511,30082816,256,8000,32.090
2026-07-23T01:06:59.719Z,usb,1,3612849267,117512,30083072,256,8000,32.090
2026-07-23T01:06:59.751Z,usb,1,3612849267,117513,30083328,256,8000,32.090
2026-07-23T01:06:59.783Z,usb,1,3612849267,117514,30083584,256,8000,32.090
2026-07-23T01:06:59.815Z,usb,1,3612849267,117515,30083840,256,8000,32.090
2026-07-23T01:06:59.847Z,usb,1,3612849267,117516,30084096,256,8000,32.090
2026-07-23T01:06:59.879Z,usb,1,3612849267,117517,30084352,256,8000,32.090
2026-07-23T01:06:59.911Z,usb,1,3612849267,117518,30084608,256,8000,32.090
2026-07-23T01:06:59.943Z,usb,1,3612849267,117519,30084864,256,8000,32.090
2026-07-23T01:06:59.975Z,usb,1,3612849267,117520,30085120,256,8000,32.090
2026-07-23T01:07:00.007Z,usb,1,3612849267,117521,30085376,256,8000,32.090
2026-07-23T01:07:00.039Z,usb,1,3612849267,117522,30085632,256,8000,32.090
2026-07-23T01:07:00.071Z,usb,1,3612849267,117523,30085888,256,8000,32.090
2026-07-23T01:07:00.103Z,usb,1,3612849267,117524,30086144,256,8000,32.090
2026-07-23T01:07:00.135Z,usb,1,3612849267,117525,30086400,256,8000,32.090
2026-07-23T01:07:00.167Z,usb,1,3612849267,117526,30086656,256,8000,32.090
2026-07-23T01:07:00.199Z,usb,1,3612849267,117527,30086912,256,8000,32.090
2026-07-23T01:07:00.231Z,usb,1,3612849267,117528,30087168,256,8000,32.090
2026-07-23T01:07:00.263Z,usb,1,3612849267,117529,30087424,256,8000,32.090
2026-07-23T01:07:00.295Z,usb,1,3612849267,117530,30087680,256,8000,32.090
2026-07-23T01:07:00.327Z,usb,1,3612849267,117531,30087936,256,8000,32.090
2026-07-23T01:07:00.359Z,usb,1,3612849267,117532,30088192,256,8000,32.090
2026-07-23T01:07:00.391Z,usb,1,3612849267,117533,30088448,256,8000,32.090
2026-07-23T01:07:00.423Z,usb,1,3612849267,117534,30088704,256,8000,32.090
2026-07-23T01:07:00.455Z,usb,1,3612849267,117535,30088960,256,8000,32.090
2026-07-23T01:07:00.487Z,usb,1,3612849267,117536,30089216,256,8000,32.090
2026-07-23T01:07:00.519Z,usb,1,3612849267,117537,30089472,256,8000,32.090
2026-07-23T01:07:00.551Z,usb,1,3612849267,117538,30089728,256,8000,32.090
2026-07-23T01:07:00.583Z,usb,1,3612849267,117539,30089984,256,8000,32.090
2026-07-23T01:07:00.616Z,usb,1,3612849267,117540,30090240,256,8000,32.090
2026-07-23T01:07:00.647Z,usb,1,3612849267,117541,30090496,256,8000,32.090
2026-07-23T01:07:00.679Z,usb,1,3612849267,117542,30090752,256,8000,32.090
2026-07-23T01:07:00.711Z,usb,1,3612849267,117543,30091008,256,8000,32.090
2026-07-23T01:07:00.743Z,usb,1,3612849267,117544,30091264,256,8000,32.090
2026-07-23T01:07:00.775Z,usb,1,3612849267,117545,30091520,256,8000,32.090
2026-07-23T01:07:00.807Z,usb,1,3612849267,117546,30091776,256,8000,32.090
2026-07-23T01:07:00.839Z,usb,1,3612849267,117547,30092032,256,8000,32.090
2026-07-23T01:07:00.871Z,usb,1,3612849267,117548,30092288,256,8000,32.090
2026-07-23T01:07:00.903Z,usb,1,3612849267,117549,30092544,256,8000,32.090
2026-07-23T01:07:00.935Z,usb,1,3612849267,117550,30092800,256,8000,32.090
2026-07-23T01:07:00.967Z,usb,1,3612849267,117551,30093056,256,8000,32.090
2026-07-23T01:07:00.999Z,usb,1,3612849267,117552,30093312,256,8000,32.090
2026-07-23T01:07:01.031Z,usb,1,3612849267,117553,30093568,256,8000,32.090
2026-07-23T01:07:01.063Z,usb,1,3612849267,117554,30093824,256,8000,32.090
2026-07-23T01:07:01.095Z,usb,1,3612849267,117555,30094080,256,8000,32.090
2026-07-23T01:07:01.127Z,usb,1,3612849267,117556,30094336,256,8000,32.090
2026-07-23T01:07:01.159Z,usb,1,3612849267,117557,30094592,256,8000,32.090
2026-07-23T01:07:01.191Z,usb,1,3612849267,117558,30094848,256,8000,32.090
2026-07-23T01:07:01.223Z,usb,1,3612849267,117559,30095104,256,8000,32.090
2026-07-23T01:07:01.255Z,usb,1,3612849267,117560,30095360,256,8000,32.090
2026-07-23T01:07:01.287Z,usb,1,3612849267,117561,30095616,256,8000,32.090
2026-07-23T01:07:01.319Z,usb,1,3612849267,117562,30095872,256,8000,32.090
2026-07-23T01:07:01.351Z,usb,1,3612849267,117563,30096128,256,8000,32.090
2026-07-23T01:07:01.383Z,usb,1,3612849267,117564,30096384,256,8000,32.090
2026-07-23T01:07:01.415Z,usb,1,3612849267,117565,30096640,256,8000,32.090
2026-07-23T01:07:01.447Z,usb,1,3612849267,117566,30096896,256,8000,32.090
2026-07-23T01:07:01.479Z,usb,1,3612849267,117567,30097152,256,8000,32.090
2026-07-23T01:07:01.511Z,usb,1,3612849267,117568,30097408,256,8000,32.090
2026-07-23T01:07:01.543Z,usb,1,3612849267,117569,30097664,256,8000,32.090
2026-07-23T01:07:01.575Z,usb,1,3612849267,117570,30097920,256,8000,32.090
2026-07-23T01:07:01.607Z,usb,1,3612849267,117571,30098176,256,8000,32.090
2026-07-23T01:07:01.640Z,usb,1,3612849267,117572,30098432,256,8000,32.090
2026-07-23T01:07:01.671Z,usb,1,3612849267,117573,30098688,256,8000,32.090
2026-07-23T01:07:01.703Z,usb,1,3612849267,117574,30098944,256,8000,32.090
2026-07-23T01:07:01.735Z,usb,1,3612849267,117575,30099200,256,8000,32.090
2026-07-23T01:07:01.767Z,usb,1,3612849267,117576,30099456,256,8000,32.090
2026-07-23T01:07:01.799Z,usb,1,3612849267,117577,30099712,256,8000,32.090
2026-07-23T01:07:01.831Z,usb,1,3612849267,117578,30099968,256,8000,32.090
2026-07-23T01:07:01.863Z,usb,1,3612849267,117579,30100224,256,8000,32.090
2026-07-23T01:07:01.895Z,usb,1,3612849267,117580,30100480,256,8000,32.090
2026-07-23T01:07:01.927Z,usb,1,3612849267,117581,30100736,256,8000,32.090
2026-07-23T01:07:01.959Z,usb,1,3612849267,117582,30100992,256,8000,32.090
2026-07-23T01:07:01.991Z,usb,1,3612849267,117583,30101248,256,8000,32.090
2026-07-23T01:07:02.023Z,usb,1,3612849267,117584,30101504,256,8000,32.090
2026-07-23T01:07:02.055Z,usb,1,3612849267,117585,30101760,256,8000,32.090
2026-07-23T01:07:02.087Z,usb,1,3612849267,117586,30102016,256,8000,32.090
2026-07-23T01:07:02.119Z,usb,1,3612849267,117587,30102272,256,8000,32.090
2026-07-23T01:07:02.151Z,usb,1,3612849267,117588,30102528,256,8000,32.090
2026-07-23T01:07:02.183Z,usb,1,3612849267,117589,30102784,256,8000,32.090
2026-07-23T01:07:02.215Z,usb,1,3612849267,117590,30103040,256,8000,32.090
2026-07-23T01:07:02.247Z,usb,1,3612849267,117591,30103296,256,8000,32.090
2026-07-23T01:07:02.279Z,usb,1,3612849267,117592,30103552,256,8000,32.090
2026-07-23T01:07:02.311Z,usb,1,3612849267,117593,30103808,256,8000,32.090
2026-07-23T01:07:02.343Z,usb,1,3612849267,117594,30104064,256,8000,32.090
2026-07-23T01:07:02.375Z,usb,1,3612849267,117595,30104320,256,8000,32.090
2026-07-23T01:07:02.407Z,usb,1,3612849267,117596,30104576,256,8000,32.090
2026-07-23T01:07:02.439Z,usb,1,3612849267,117597,30104832,256,8000,32.090
2026-07-23T01:07:02.471Z,usb,1,3612849267,117598,30105088,256,8000,32.090
2026-07-23T01:07:02.503Z,usb,1,3612849267,117599,30105344,256,8000,32.090
2026-07-23T01:07:02.535Z,usb,1,3612849267,117600,30105600,256,8000,32.090
2026-07-23T01:07:02.567Z,usb,1,3612849267,117601,30105856,256,8000,32.090
2026-07-23T01:07:02.599Z,usb,1,3612849267,117602,30106112,256,8000,32.090
2026-07-23T01:07:02.631Z,usb,1,3612849267,117603,30106368,256,8000,32.090
2026-07-23T01:07:02.664Z,usb,1,3612849267,117604,30106624,256,8000,32.090
2026-07-23T01:07:02.695Z,usb,1,3612849267,117605,30106880,256,8000,32.090
2026-07-23T01:07:02.727Z,usb,1,3612849267,117606,30107136,256,8000,32.090
2026-07-23T01:07:02.759Z,usb,1,3612849267,117607,30107392,256,8000,32.090
2026-07-23T01:07:02.791Z,usb,1,3612849267,117608,30107648,256,8000,32.090
2026-07-23T01:07:02.823Z,usb,1,3612849267,117609,30107904,256,8000,32.090
2026-07-23T01:07:02.855Z,usb,1,3612849267,117610,30108160,256,8000,32.090
2026-07-23T01:07:02.887Z,usb,1,3612849267,117611,30108416,256,8000,32.090
2026-07-23T01:07:02.919Z,usb,1,3612849267,117612,30108672,256,8000,32.090
2026-07-23T01:07:02.951Z,usb,1,3612849267,117613,30108928,256,8000,32.090
2026-07-23T01:07:02.983Z,usb,1,3612849267,117614,30109184,256,8000,32.090
2026-07-23T01:07:03.015Z,usb,1,3612849267,117615,30109440,256,8000,32.090
2026-07-23T01:07:03.047Z,usb,1,3612849267,117616,30109696,256,8000,32.090
2026-07-23T01:07:03.079Z,usb,1,3612849267,117617,30109952,256,8000,32.090
2026-07-23T01:07:03.111Z,usb,1,3612849267,117618,30110208,256,8000,32.090
2026-07-23T01:07:03.143Z,usb,1,3612849267,117619,30110464,256,8000,32.090
2026-07-23T01:07:03.175Z,usb,1,3612849267,117620,30110720,256,8000,32.090
2026-07-23T01:07:03.207Z,usb,1,3612849267,117621,30110976,256,8000,32.090
2026-07-23T01:07:03.239Z,usb,1,3612849267,117622,30111232,256,8000,32.090
2026-07-23T01:07:03.271Z,usb,1,3612849267,117623,30111488,256,8000,32.090
2026-07-23T01:07:03.303Z,usb,1,3612849267,117624,30111744,256,8000,32.090
2026-07-23T01:07:03.335Z,usb,1,3612849267,117625,30112000,256,8000,32.090
2026-07-23T01:07:03.367Z,usb,1,3612849267,117626,30112256,256,8000,32.090
2026-07-23T01:07:03.399Z,usb,1,3612849267,117627,30112512,256,8000,32.090
2026-07-23T01:07:03.431Z,usb,1,3612849267,117628,30112768,256,8000,32.090
2026-07-23T01:07:03.463Z,usb,1,3612849267,117629,30113024,256,8000,32.090
2026-07-23T01:07:03.495Z,usb,1,3612849267,117630,30113280,256,8000,32.090
2026-07-23T01:07:03.527Z,usb,1,3612849267,117631,30113536,256,8000,32.090
2026-07-23T01:07:03.559Z,usb,1,3612849267,117632,30113792,256,8000,32.090
2026-07-23T01:07:03.591Z,usb,1,3612849267,117633,30114048,256,8000,32.090
2026-07-23T01:07:03.623Z,usb,1,3612849267,117634,30114304,256,8000,32.090
2026-07-23T01:07:03.655Z,usb,1,3612849267,117635,30114560,256,8000,32.090
2026-07-23T01:07:03.688Z,usb,1,3612849267,117636,30114816,256,8000,32.080
2026-07-23T01:07:03.719Z,usb,1,3612849267,117637,30115072,256,8000,32.080
2026-07-23T01:07:03.751Z,usb,1,3612849267,117638,30115328,256,8000,32.080
2026-07-23T01:07:03.783Z,usb,1,3612849267,117639,30115584,256,8000,32.080
2026-07-23T01:07:03.815Z,usb,1,3612849267,117640,30115840,256,8000,32.080
2026-07-23T01:07:03.847Z,usb,1,3612849267,117641,30116096,256,8000,32.080
2026-07-23T01:07:03.879Z,usb,1,3612849267,117642,30116352,256,8000,32.080
2026-07-23T01:07:03.911Z,usb,1,3612849267,117643,30116608,256,8000,32.080
2026-07-23T01:07:03.943Z,usb,1,3612849267,117644,30116864,256,8000,32.080
2026-07-23T01:07:03.975Z,usb,1,3612849267,117645,30117120,256,8000,32.080
2026-07-23T01:07:04.007Z,usb,1,3612849267,117646,30117376,256,8000,32.080
2026-07-23T01:07:04.039Z,usb,1,3612849267,117647,30117632,256,8000,32.080
2026-07-23T01:07:04.071Z,usb,1,3612849267,117648,30117888,256,8000,32.080
2026-07-23T01:07:04.103Z,usb,1,3612849267,117649,30118144,256,8000,32.080
2026-07-23T01:07:04.135Z,usb,1,3612849267,117650,30118400,256,8000,32.080
2026-07-23T01:07:04.167Z,usb,1,3612849267,117651,30118656,256,8000,32.080
2026-07-23T01:07:04.199Z,usb,1,3612849267,117652,30118912,256,8000,32.080
2026-07-23T01:07:04.231Z,usb,1,3612849267,117653,30119168,256,8000,32.080
2026-07-23T01:07:04.263Z,usb,1,3612849267,117654,30119424,256,8000,32.080
2026-07-23T01:07:04.295Z,usb,1,3612849267,117655,30119680,256,8000,32.080
2026-07-23T01:07:04.327Z,usb,1,3612849267,117656,30119936,256,8000,32.080
2026-07-23T01:07:04.359Z,usb,1,3612849267,117657,30120192,256,8000,32.080
2026-07-23T01:07:04.391Z,usb,1,3612849267,117658,30120448,256,8000,32.080
2026-07-23T01:07:04.423Z,usb,1,3612849267,117659,30120704,256,8000,32.080
2026-07-23T01:07:04.455Z,usb,1,3612849267,117660,30120960,256,8000,32.080
2026-07-23T01:07:04.487Z,usb,1,3612849267,117661,30121216,256,8000,32.080
2026-07-23T01:07:04.519Z,usb,1,3612849267,117662,30121472,256,8000,32.080
2026-07-23T01:07:04.551Z,usb,1,3612849267,117663,30121728,256,8000,32.080
2026-07-23T01:07:04.583Z,usb,1,3612849267,117664,30121984,256,8000,32.080
2026-07-23T01:07:04.615Z,usb,1,3612849267,117665,30122240,256,8000,32.080
2026-07-23T01:07:04.647Z,usb,1,3612849267,117666,30122496,256,8000,32.080
2026-07-23T01:07:04.679Z,usb,1,3612849267,117667,30122752,256,8000,32.080
2026-07-23T01:07:04.712Z,usb,1,3612849267,117668,30123008,256,8000,32.090
2026-07-23T01:07:04.743Z,usb,1,3612849267,117669,30123264,256,8000,32.090
2026-07-23T01:07:04.775Z,usb,1,3612849267,117670,30123520,256,8000,32.090
2026-07-23T01:07:04.807Z,usb,1,3612849267,117671,30123776,256,8000,32.090
2026-07-23T01:07:04.839Z,usb,1,3612849267,117672,30124032,256,8000,32.090
2026-07-23T01:07:04.871Z,usb,1,3612849267,117673,30124288,256,8000,32.090
2026-07-23T01:07:04.903Z,usb,1,3612849267,117674,30124544,256,8000,32.090
2026-07-23T01:07:04.935Z,usb,1,3612849267,117675,30124800,256,8000,32.090
2026-07-23T01:07:04.967Z,usb,1,3612849267,117676,30125056,256,8000,32.090
2026-07-23T01:07:04.999Z,usb,1,3612849267,117677,30125312,256,8000,32.090
2026-07-23T01:07:05.031Z,usb,1,3612849267,117678,30125568,256,8000,32.090
2026-07-23T01:07:05.063Z,usb,1,3612849267,117679,30125824,256,8000,32.090
2026-07-23T01:07:05.095Z,usb,1,3612849267,117680,30126080,256,8000,32.090
2026-07-23T01:07:05.127Z,usb,1,3612849267,117681,30126336,256,8000,32.090
2026-07-23T01:07:05.159Z,usb,1,3612849267,117682,30126592,256,8000,32.090
2026-07-23T01:07:05.191Z,usb,1,3612849267,117683,30126848,256,8000,32.090
2026-07-23T01:07:05.223Z,usb,1,3612849267,117684,30127104,256,8000,32.090
2026-07-23T01:07:05.255Z,usb,1,3612849267,117685,30127360,256,8000,32.090
2026-07-23T01:07:05.287Z,usb,1,3612849267,117686,30127616,256,8000,32.090
2026-07-23T01:07:05.319Z,usb,1,3612849267,117687,30127872,256,8000,32.090
2026-07-23T01:07:05.351Z,usb,1,3612849267,117688,30128128,256,8000,32.090
2026-07-23T01:07:05.383Z,usb,1,3612849267,117689,30128384,256,8000,32.090
2026-07-23T01:07:05.415Z,usb,1,3612849267,117690,30128640,256,8000,32.090
2026-07-23T01:07:05.447Z,usb,1,3612849267,117691,30128896,256,8000,32.090
2026-07-23T01:07:05.479Z,usb,1,3612849267,117692,30129152,256,8000,32.090
2026-07-23T01:07:05.511Z,usb,1,3612849267,117693,30129408,256,8000,32.090
2026-07-23T01:07:05.543Z,usb,1,3612849267,117694,30129664,256,8000,32.090
2026-07-23T01:07:05.575Z,usb,1,3612849267,117695,30129920,256,8000,32.090
2026-07-23T01:07:05.607Z,usb,1,3612849267,117696,30130176,256,8000,32.090
2026-07-23T01:07:05.639Z,usb,1,3612849267,117697,30130432,256,8000,32.090
2026-07-23T01:07:05.671Z,usb,1,3612849267,117698,30130688,256,8000,32.090
2026-07-23T01:07:05.703Z,usb,1,3612849267,117699,30130944,256,8000,32.090
2026-07-23T01:07:05.736Z,usb,1,3612849267,117700,30131200,256,8000,32.090
2026-07-23T01:07:05.767Z,usb,1,3612849267,117701,30131456,256,8000,32.090
2026-07-23T01:07:05.799Z,usb,1,3612849267,117702,30131712,256,8000,32.090
2026-07-23T01:07:05.831Z,usb,1,3612849267,117703,30131968,256,8000,32.090
2026-07-23T01:07:05.863Z,usb,1,3612849267,117704,30132224,256,8000,32.090
2026-07-23T01:07:05.895Z,usb,1,3612849267,117705,30132480,256,8000,32.090
2026-07-23T01:07:05.927Z,usb,1,3612849267,117706,30132736,256,8000,32.090
2026-07-23T01:07:05.959Z,usb,1,3612849267,117707,30132992,256,8000,32.090
2026-07-23T01:07:05.991Z,usb,1,3612849267,117708,30133248,256,8000,32.090
2026-07-23T01:07:06.023Z,usb,1,3612849267,117709,30133504,256,8000,32.090
2026-07-23T01:07:06.055Z,usb,1,3612849267,117710,30133760,256,8000,32.090
2026-07-23T01:07:06.087Z,usb,1,3612849267,117711,30134016,256,8000,32.090
2026-07-23T01:07:06.119Z,usb,1,3612849267,117712,30134272,256,8000,32.090
2026-07-23T01:07:06.151Z,usb,1,3612849267,117713,30134528,256,8000,32.090
2026-07-23T01:07:06.183Z,usb,1,3612849267,117714,30134784,256,8000,32.090
2026-07-23T01:07:06.215Z,usb,1,3612849267,117715,30135040,256,8000,32.090
2026-07-23T01:07:06.247Z,usb,1,3612849267,117716,30135296,256,8000,32.090
2026-07-23T01:07:06.279Z,usb,1,3612849267,117717,30135552,256,8000,32.090
2026-07-23T01:07:06.311Z,usb,1,3612849267,117718,30135808,256,8000,32.090
2026-07-23T01:07:06.343Z,usb,1,3612849267,117719,30136064,256,8000,32.090
2026-07-23T01:07:06.375Z,usb,1,3612849267,117720,30136320,256,8000,32.090
2026-07-23T01:07:06.407Z,usb,1,3612849267,117721,30136576,256,8000,32.090
2026-07-23T01:07:06.439Z,usb,1,3612849267,117722,30136832,256,8000,32.090
2026-07-23T01:07:06.471Z,usb,1,3612849267,117723,30137088,256,8000,32.090
2026-07-23T01:07:06.503Z,usb,1,3612849267,117724,30137344,256,8000,32.090
2026-07-23T01:07:06.535Z,usb,1,3612849267,117725,30137600,256,8000,32.090
2026-07-23T01:07:06.567Z,usb,1,3612849267,117726,30137856,256,8000,32.090
2026-07-23T01:07:06.599Z,usb,1,3612849267,117727,30138112,256,8000,32.090
2026-07-23T01:07:06.631Z,usb,1,3612849267,117728,30138368,256,8000,32.090
2026-07-23T01:07:06.663Z,usb,1,3612849267,117729,30138624,256,8000,32.090
2026-07-23T01:07:06.695Z,usb,1,3612849267,117730,30138880,256,8000,32.090
2026-07-23T01:07:06.727Z,usb,1,3612849267,117731,30139136,256,8000,32.090
2026-07-23T01:07:06.760Z,usb,1,3612849267,117732,30139392,256,8000,32.090
2026-07-23T01:07:06.791Z,usb,1,3612849267,117733,30139648,256,8000,32.090
2026-07-23T01:07:06.823Z,usb,1,3612849267,117734,30139904,256,8000,32.090
2026-07-23T01:07:06.855Z,usb,1,3612849267,117735,30140160,256,8000,32.090
2026-07-23T01:07:06.887Z,usb,1,3612849267,117736,30140416,256,8000,32.090
2026-07-23T01:07:06.919Z,usb,1,3612849267,117737,30140672,256,8000,32.090
2026-07-23T01:07:06.951Z,usb,1,3612849267,117738,30140928,256,8000,32.090
2026-07-23T01:07:06.983Z,usb,1,3612849267,117739,30141184,256,8000,32.090
2026-07-23T01:07:07.015Z,usb,1,3612849267,117740,30141440,256,8000,32.090
2026-07-23T01:07:07.047Z,usb,1,3612849267,117741,30141696,256,8000,32.090
2026-07-23T01:07:07.079Z,usb,1,3612849267,117742,30141952,256,8000,32.090
2026-07-23T01:07:07.111Z,usb,1,3612849267,117743,30142208,256,8000,32.090
2026-07-23T01:07:07.143Z,usb,1,3612849267,117744,30142464,256,8000,32.090
2026-07-23T01:07:07.175Z,usb,1,3612849267,117745,30142720,256,8000,32.090
2026-07-23T01:07:07.207Z,usb,1,3612849267,117746,30142976,256,8000,32.090
2026-07-23T01:07:07.239Z,usb,1,3612849267,117747,30143232,256,8000,32.090
2026-07-23T01:07:07.271Z,usb,1,3612849267,117748,30143488,256,8000,32.090
2026-07-23T01:07:07.303Z,usb,1,3612849267,117749,30143744,256,8000,32.090
2026-07-23T01:07:07.335Z,usb,1,3612849267,117750,30144000,256,8000,32.090
2026-07-23T01:07:07.367Z,usb,1,3612849267,117751,30144256,256,8000,32.090
2026-07-23T01:07:07.399Z,usb,1,3612849267,117752,30144512,256,8000,32.090
2026-07-23T01:07:07.431Z,usb,1,3612849267,117753,30144768,256,8000,32.090
2026-07-23T01:07:07.463Z,usb,1,3612849267,117754,30145024,256,8000,32.090
2026-07-23T01:07:07.495Z,usb,1,3612849267,117755,30145280,256,8000,32.090
2026-07-23T01:07:07.527Z,usb,1,3612849267,117756,30145536,256,8000,32.090
2026-07-23T01:07:07.559Z,usb,1,3612849267,117757,30145792,256,8000,32.090
2026-07-23T01:07:07.591Z,usb,1,3612849267,117758,30146048,256,8000,32.090
2026-07-23T01:07:07.623Z,usb,1,3612849267,117759,30146304,256,8000,32.090
2026-07-23T01:07:07.655Z,usb,1,3612849267,117760,30146560,256,8000,32.090
2026-07-23T01:07:07.687Z,usb,1,3612849267,117761,30146816,256,8000,32.090
2026-07-23T01:07:07.719Z,usb,1,3612849267,117762,30147072,256,8000,32.090
2026-07-23T01:07:07.751Z,usb,1,3612849267,117763,30147328,256,8000,32.090
2026-07-23T01:07:07.784Z,usb,1,3612849267,117764,30147584,256,8000,32.090
2026-07-23T01:07:07.815Z,usb,1,3612849267,117765,30147840,256,8000,32.090
2026-07-23T01:07:07.847Z,usb,1,3612849267,117766,30148096,256,8000,32.090
2026-07-23T01:07:07.879Z,usb,1,3612849267,117767,30148352,256,8000,32.090
2026-07-23T01:07:07.911Z,usb,1,3612849267,117768,30148608,256,8000,32.090
2026-07-23T01:07:07.943Z,usb,1,3612849267,117769,30148864,256,8000,32.090
2026-07-23T01:07:07.975Z,usb,1,3612849267,117770,30149120,256,8000,32.090
2026-07-23T01:07:08.007Z,usb,1,3612849267,117771,30149376,256,8000,32.090
2026-07-23T01:07:08.039Z,usb,1,3612849267,117772,30149632,256,8000,32.090
2026-07-23T01:07:08.071Z,usb,1,3612849267,117773,30149888,256,8000,32.090
2026-07-23T01:07:08.103Z,usb,1,3612849267,117774,30150144,256,8000,32.090
2026-07-23T01:07:08.135Z,usb,1,3612849267,117775,30150400,256,8000,32.090
2026-07-23T01:07:08.167Z,usb,1,3612849267,117776,30150656,256,8000,32.090
2026-07-23T01:07:08.199Z,usb,1,3612849267,117777,30150912,256,8000,32.090
2026-07-23T01:07:08.231Z,usb,1,3612849267,117778,30151168,256,8000,32.090
2026-07-23T01:07:08.263Z,usb,1,3612849267,117779,30151424,256,8000,32.090
2026-07-23T01:07:08.295Z,usb,1,3612849267,117780,30151680,256,8000,32.090
2026-07-23T01:07:08.327Z,usb,1,3612849267,117781,30151936,256,8000,32.090
2026-07-23T01:07:08.359Z,usb,1,3612849267,117782,30152192,256,8000,32.090
2026-07-23T01:07:08.391Z,usb,1,3612849267,117783,30152448,256,8000,32.090
2026-07-23T01:07:08.423Z,usb,1,3612849267,117784,30152704,256,8000,32.090
2026-07-23T01:07:08.455Z,usb,1,3612849267,117785,30152960,256,8000,32.090
2026-07-23T01:07:08.487Z,usb,1,3612849267,117786,30153216,256,8000,32.090
2026-07-23T01:07:08.519Z,usb,1,3612849267,117787,30153472,256,8000,32.090
2026-07-23T01:07:08.551Z,usb,1,3612849267,117788,30153728,256,8000,32.090
2026-07-23T01:07:08.583Z,usb,1,3612849267,117789,30153984,256,8000,32.090
2026-07-23T01:07:08.615Z,usb,1,3612849267,117790,30154240,256,8000,32.090
2026-07-23T01:07:08.647Z,usb,1,3612849267,117791,30154496,256,8000,32.090
2026-07-23T01:07:08.679Z,usb,1,3612849267,117792,30154752,256,8000,32.090
2026-07-23T01:07:08.711Z,usb,1,3612849267,117793,30155008,256,8000,32.090
2026-07-23T01:07:08.743Z,usb,1,3612849267,117794,30155264,256,8000,32.090
2026-07-23T01:07:08.775Z,usb,1,3612849267,117795,30155520,256,8000,32.090
2026-07-23T01:07:08.808Z,usb,1,3612849267,117796,30155776,256,8000,32.090
2026-07-23T01:07:08.839Z,usb,1,3612849267,117797,30156032,256,8000,32.090
2026-07-23T01:07:08.871Z,usb,1,3612849267,117798,30156288,256,8000,32.090
2026-07-23T01:07:08.903Z,usb,1,3612849267,117799,30156544,256,8000,32.090
2026-07-23T01:07:08.935Z,usb,1,3612849267,117800,30156800,256,8000,32.090
2026-07-23T01:07:08.967Z,usb,1,3612849267,117801,30157056,256,8000,32.090
2026-07-23T01:07:08.999Z,usb,1,3612849267,117802,30157312,256,8000,32.090
2026-07-23T01:07:09.031Z,usb,1,3612849267,117803,30157568,256,8000,32.090
2026-07-23T01:07:09.063Z,usb,1,3612849267,117804,30157824,256,8000,32.090
2026-07-23T01:07:09.095Z,usb,1,3612849267,117805,30158080,256,8000,32.090
2026-07-23T01:07:09.127Z,usb,1,3612849267,117806,30158336,256,8000,32.090
2026-07-23T01:07:09.159Z,usb,1,3612849267,117807,30158592,256,8000,32.090
2026-07-23T01:07:09.191Z,usb,1,3612849267,117808,30158848,256,8000,32.090
2026-07-23T01:07:09.223Z,usb,1,3612849267,117809,30159104,256,8000,32.090
2026-07-23T01:07:09.255Z,usb,1,3612849267,117810,30159360,256,8000,32.090
2026-07-23T01:07:09.287Z,usb,1,3612849267,117811,30159616,256,8000,32.090
2026-07-23T01:07:09.319Z,usb,1,3612849267,117812,30159872,256,8000,32.090
2026-07-23T01:07:09.351Z,usb,1,3612849267,117813,30160128,256,8000,32.090
2026-07-23T01:07:09.383Z,usb,1,3612849267,117814,30160384,256,8000,32.090
2026-07-23T01:07:09.415Z,usb,1,3612849267,117815,30160640,256,8000,32.090
2026-07-23T01:07:09.447Z,usb,1,3612849267,117816,30160896,256,8000,32.090
2026-07-23T01:07:09.479Z,usb,1,3612849267,117817,30161152,256,8000,32.090
2026-07-23T01:07:09.511Z,usb,1,3612849267,117818,30161408,256,8000,32.090
2026-07-23T01:07:09.543Z,usb,1,3612849267,117819,30161664,256,8000,32.090
2026-07-23T01:07:09.575Z,usb,1,3612849267,117820,30161920,256,8000,32.090
2026-07-23T01:07:09.607Z,usb,1,3612849267,117821,30162176,256,8000,32.090
2026-07-23T01:07:09.639Z,usb,1,3612849267,117822,30162432,256,8000,32.090
2026-07-23T01:07:09.671Z,usb,1,3612849267,117823,30162688,256,8000,32.090
2026-07-23T01:07:09.703Z,usb,1,3612849267,117824,30162944,256,8000,32.090
2026-07-23T01:07:09.735Z,usb,1,3612849267,117825,30163200,256,8000,32.090
2026-07-23T01:07:09.767Z,usb,1,3612849267,117826,30163456,256,8000,32.090
2026-07-23T01:07:09.799Z,usb,1,3612849267,117827,30163712,256,8000,32.090
2026-07-23T01:07:09.832Z,usb,1,3612849267,117828,30163968,256,8000,32.100
2026-07-23T01:07:09.863Z,usb,1,3612849267,117829,30164224,256,8000,32.100
2026-07-23T01:07:09.895Z,usb,1,3612849267,117830,30164480,256,8000,32.100
2026-07-23T01:07:09.927Z,usb,1,3612849267,117831,30164736,256,8000,32.100
2026-07-23T01:07:09.959Z,usb,1,3612849267,117832,30164992,256,8000,32.100
2026-07-23T01:07:09.991Z,usb,1,3612849267,117833,30165248,256,8000,32.100
2026-07-23T01:07:10.023Z,usb,1,3612849267,117834,30165504,256,8000,32.100
2026-07-23T01:07:10.055Z,usb,1,3612849267,117835,30165760,256,8000,32.100
2026-07-23T01:07:10.087Z,usb,1,3612849267,117836,30166016,256,8000,32.100
2026-07-23T01:07:10.119Z,usb,1,3612849267,117837,30166272,256,8000,32.100
2026-07-23T01:07:10.151Z,usb,1,3612849267,117838,30166528,256,8000,32.100
2026-07-23T01:07:10.183Z,usb,1,3612849267,117839,30166784,256,8000,32.100
2026-07-23T01:07:10.215Z,usb,1,3612849267,117840,30167040,256,8000,32.100
2026-07-23T01:07:10.247Z,usb,1,3612849267,117841,30167296,256,8000,32.100
2026-07-23T01:07:10.279Z,usb,1,3612849267,117842,30167552,256,8000,32.100
2026-07-23T01:07:10.311Z,usb,1,3612849267,117843,30167808,256,8000,32.100
2026-07-23T01:07:10.343Z,usb,1,3612849267,117844,30168064,256,8000,32.100
2026-07-23T01:07:10.375Z,usb,1,3612849267,117845,30168320,256,8000,32.100
2026-07-23T01:07:10.407Z,usb,1,3612849267,117846,30168576,256,8000,32.100
2026-07-23T01:07:10.439Z,usb,1,3612849267,117847,30168832,256,8000,32.100
2026-07-23T01:07:10.471Z,usb,1,3612849267,117848,30169088,256,8000,32.100
2026-07-23T01:07:10.503Z,usb,1,3612849267,117849,30169344,256,8000,32.100
2026-07-23T01:07:10.535Z,usb,1,3612849267,117850,30169600,256,8000,32.100
2026-07-23T01:07:10.567Z,usb,1,3612849267,117851,30169856,256,8000,32.100
2026-07-23T01:07:10.599Z,usb,1,3612849267,117852,30170112,256,8000,32.100
2026-07-23T01:07:10.631Z,usb,1,3612849267,117853,30170368,256,8000,32.100
2026-07-23T01:07:10.663Z,usb,1,3612849267,117854,30170624,256,8000,32.100
2026-07-23T01:07:10.695Z,usb,1,3612849267,117855,30170880,256,8000,32.100
2026-07-23T01:07:10.727Z,usb,1,3612849267,117856,30171136,256,8000,32.100
2026-07-23T01:07:10.759Z,usb,1,3612849267,117857,30171392,256,8000,32.100
2026-07-23T01:07:10.791Z,usb,1,3612849267,117858,30171648,256,8000,32.100
2026-07-23T01:07:10.823Z,usb,1,3612849267,117859,30171904,256,8000,32.100
2026-07-23T01:07:10.856Z,usb,1,3612849267,117860,30172160,256,8000,32.090
2026-07-23T01:07:10.887Z,usb,1,3612849267,117861,30172416,256,8000,32.090
2026-07-23T01:07:10.919Z,usb,1,3612849267,117862,30172672,256,8000,32.090
2026-07-23T01:07:10.951Z,usb,1,3612849267,117863,30172928,256,8000,32.090
2026-07-23T01:07:10.983Z,usb,1,3612849267,117864,30173184,256,8000,32.090
