received_at_utc,source_ip,node_id,boot_id,sequence,first_sample_index,sample_count,sample_rate_hz,temperature_c
2026-07-18T00:22:22.182Z,usb,1,848316260,30593,7831808,256,6000,33.510
2026-07-18T00:22:22.224Z,usb,1,848316260,30594,7832064,256,6000,33.510
2026-07-18T00:22:22.266Z,usb,1,848316260,30595,7832320,256,6000,33.510
2026-07-18T00:22:22.309Z,usb,1,848316260,30596,7832576,256,6000,33.510
2026-07-18T00:22:22.351Z,usb,1,848316260,30597,7832832,256,6000,33.510
2026-07-18T00:22:22.394Z,usb,1,848316260,30598,7833088,256,6000,33.510
2026-07-18T00:22:22.436Z,usb,1,848316260,30599,7833344,256,6000,33.510
2026-07-18T00:22:22.479Z,usb,1,848316260,30600,7833600,256,6000,33.510
2026-07-18T00:22:22.521Z,usb,1,848316260,30601,7833856,256,6000,33.510
2026-07-18T00:22:22.564Z,usb,1,848316260,30602,7834112,256,6000,33.510
2026-07-18T00:22:22.607Z,usb,1,848316260,30603,7834368,256,6000,33.500
2026-07-18T00:22:22.650Z,usb,1,848316260,30604,7834624,256,6000,33.500
2026-07-18T00:22:22.692Z,usb,1,848316260,30605,7834880,256,6000,33.500
2026-07-18T00:22:22.735Z,usb,1,848316260,30606,7835136,256,6000,33.500
2026-07-18T00:22:22.777Z,usb,1,848316260,30607,7835392,256,6000,33.500
2026-07-18T00:22:22.820Z,usb,1,848316260,30608,7835648,256,6000,33.500
2026-07-18T00:22:22.862Z,usb,1,848316260,30609,7835904,256,6000,33.500
2026-07-18T00:22:22.905Z,usb,1,848316260,30610,7836160,256,6000,33.500
2026-07-18T00:22:22.947Z,usb,1,848316260,30611,7836416,256,6000,33.500
2026-07-18T00:22:22.990Z,usb,1,848316260,30612,7836672,256,6000,33.500
2026-07-18T00:22:23.032Z,usb,1,848316260,30613,7836928,256,6000,33.500
2026-07-18T00:22:23.075Z,usb,1,848316260,30614,7837184,256,6000,33.500
2026-07-18T00:22:23.117Z,usb,1,848316260,30615,7837440,256,6000,33.500
2026-07-18T00:22:23.160Z,usb,1,848316260,30616,7837696,256,6000,33.500
2026-07-18T00:22:23.202Z,usb,1,848316260,30617,7837952,256,6000,33.500
2026-07-18T00:22:23.244Z,usb,1,848316260,30618,7838208,256,6000,33.500
2026-07-18T00:22:23.287Z,usb,1,848316260,30619,7838464,256,6000,33.500
2026-07-18T00:22:23.330Z,usb,1,848316260,30620,7838720,256,6000,33.500
2026-07-18T00:22:23.372Z,usb,1,848316260,30621,7838976,256,6000,33.500
2026-07-18T00:22:23.415Z,usb,1,848316260,30622,7839232,256,6000,33.500
2026-07-18T00:22:23.457Z,usb,1,848316260,30623,7839488,256,6000,33.500
2026-07-18T00:22:23.500Z,usb,1,848316260,30624,7839744,256,6000,33.500
2026-07-18T00:22:23.542Z,usb,1,848316260,30625,7840000,256,6000,33.500
2026-07-18T00:22:23.585Z,usb,1,848316260,30626,7840256,256,6000,33.500
2026-07-18T00:22:23.628Z,usb,1,848316260,30627,7840512,256,6000,33.510
2026-07-18T00:22:23.671Z,usb,1,848316260,30628,7840768,256,6000,33.510
2026-07-18T00:22:23.713Z,usb,1,848316260,30629,7841024,256,6000,33.510
2026-07-18T00:22:23.755Z,usb,1,848316260,30630,7841280,256,6000,33.510
2026-07-18T00:22:23.798Z,usb,1,848316260,30631,7841536,256,6000,33.510
2026-07-18T00:22:23.840Z,usb,1,848316260,30632,7841792,256,6000,33.510
2026-07-18T00:22:23.883Z,usb,1,848316260,30633,7842048,256,6000,33.510
2026-07-18T00:22:23.925Z,usb,1,848316260,30634,7842304,256,6000,33.510
2026-07-18T00:22:23.968Z,usb,1,848316260,30635,7842560,256,6000,33.510
2026-07-18T00:22:24.010Z,usb,1,848316260,30636,7842816,256,6000,33.510
2026-07-18T00:22:24.053Z,usb,1,848316260,30637,7843072,256,6000,33.510
2026-07-18T00:22:24.095Z,usb,1,848316260,30638,7843328,256,6000,33.510
2026-07-18T00:22:24.138Z,usb,1,848316260,30639,7843584,256,6000,33.510
2026-07-18T00:22:24.180Z,usb,1,848316260,30640,7843840,256,6000,33.510
2026-07-18T00:22:24.223Z,usb,1,848316260,30641,7844096,256,6000,33.510
2026-07-18T00:22:24.266Z,usb,1,848316260,30642,7844352,256,6000,33.510
2026-07-18T00:22:24.308Z,usb,1,848316260,30643,7844608,256,6000,33.510
2026-07-18T00:22:24.350Z,usb,1,848316260,30644,7844864,256,6000,33.510
2026-07-18T00:22:24.393Z,usb,1,848316260,30645,7845120,256,6000,33.510
2026-07-18T00:22:24.435Z,usb,1,848316260,30646,7845376,256,6000,33.510
2026-07-18T00:22:24.478Z,usb,1,848316260,30647,7845632,256,6000,33.510
2026-07-18T00:22:24.521Z,usb,1,848316260,30648,7845888,256,6000,33.510
2026-07-18T00:22:24.563Z,usb,1,848316260,30649,7846144,256,6000,33.510
2026-07-18T00:22:24.605Z,usb,1,848316260,30650,7846400,256,6000,33.510
2026-07-18T00:22:24.649Z,usb,1,848316260,30651,7846656,256,6000,33.500
2026-07-18T00:22:24.691Z,usb,1,848316260,30652,7846912,256,6000,33.500
2026-07-18T00:22:24.734Z,usb,1,848316260,30653,7847168,256,6000,33.500
2026-07-18T00:22:24.776Z,usb,1,848316260,30654,7847424,256,6000,33.500
2026-07-18T00:22:24.819Z,usb,1,848316260,30655,7847680,256,6000,33.500
2026-07-18T00:22:24.861Z,usb,1,848316260,30656,7847936,256,6000,33.500
2026-07-18T00:22:24.904Z,usb,1,848316260,30657,7848192,256,6000,33.500
2026-07-18T00:22:24.946Z,usb,1,848316260,30658,7848448,256,6000,33.500
2026-07-18T00:22:24.989Z,usb,1,848316260,30659,7848704,256,6000,33.500
2026-07-18T00:22:25.031Z,usb,1,848316260,30660,7848960,256,6000,33.500
2026-07-18T00:22:25.074Z,usb,1,848316260,30661,7849216,256,6000,33.500
2026-07-18T00:22:25.116Z,usb,1,848316260,30662,7849472,256,6000,33.500
2026-07-18T00:22:25.159Z,usb,1,848316260,30663,7849728,256,6000,33.500
2026-07-18T00:22:25.201Z,usb,1,848316260,30664,7849984,256,6000,33.500
2026-07-18T00:22:25.244Z,usb,1,848316260,30665,7850240,256,6000,33.500
2026-07-18T00:22:25.286Z,usb,1,848316260,30666,7850496,256,6000,33.500
2026-07-18T00:22:25.329Z,usb,1,848316260,30667,7850752,256,6000,33.500
2026-07-18T00:22:25.371Z,usb,1,848316260,30668,7851008,256,6000,33.500
2026-07-18T00:22:25.414Z,usb,1,848316260,30669,7851264,256,6000,33.500
2026-07-18T00:22:25.456Z,usb,1,848316260,30670,7851520,256,6000,33.500
2026-07-18T00:22:25.499Z,usb,1,848316260,30671,7851776,256,6000,33.500
2026-07-18T00:22:25.541Z,usb,1,848316260,30672,7852032,256,6000,33.500
2026-07-18T00:22:25.584Z,usb,1,848316260,30673,7852288,256,6000,33.500
2026-07-18T00:22:25.626Z,usb,1,848316260,30674,7852544,256,6000,33.500
2026-07-18T00:22:25.669Z,usb,1,848316260,30675,7852800,256,6000,33.510
2026-07-18T00:22:25.712Z,usb,1,848316260,30676,7853056,256,6000,33.510
2026-07-18T00:22:25.754Z,usb,1,848316260,30677,7853312,256,6000,33.510
2026-07-18T00:22:25.797Z,usb,1,848316260,30678,7853568,256,6000,33.510
2026-07-18T00:22:25.839Z,usb,1,848316260,30679,7853824,256,6000,33.510
2026-07-18T00:22:25.882Z,usb,1,848316260,30680,7854080,256,6000,33.510
2026-07-18T00:22:25.924Z,usb,1,848316260,30681,7854336,256,6000,33.510
2026-07-18T00:22:25.967Z,usb,1,848316260,30682,7854592,256,6000,33.510
2026-07-18T00:22:26.009Z,usb,1,848316260,30683,7854848,256,6000,33.510
2026-07-18T00:22:26.052Z,usb,1,848316260,30684,7855104,256,6000,33.510
2026-07-18T00:22:26.094Z,usb,1,848316260,30685,7855360,256,6000,33.510
2026-07-18T00:22:26.137Z,usb,1,848316260,30686,7855616,256,6000,33.510
2026-07-18T00:22:26.179Z,usb,1,848316260,30687,7855872,256,6000,33.510
2026-07-18T00:22:26.222Z,usb,1,848316260,30688,7856128,256,6000,33.510
2026-07-18T00:22:26.264Z,usb,1,848316260,30689,7856384,256,6000,33.510
2026-07-18T00:22:26.307Z,usb,1,848316260,30690,7856640,256,6000,33.510
2026-07-18T00:22:26.349Z,usb,1,848316260,30691,7856896,256,6000,33.510
2026-07-18T00:22:26.392Z,usb,1,848316260,30692,7857152,256,6000,33.510
2026-07-18T00:22:26.434Z,usb,1,848316260,30693,7857408,256,6000,33.510
2026-07-18T00:22:26.477Z,usb,1,848316260,30694,7857664,256,6000,33.510
2026-07-18T00:22:26.519Z,usb,1,848316260,30695,7857920,256,6000,33.510
2026-07-18T00:22:26.562Z,usb,1,848316260,30696,7858176,256,6000,33.510
2026-07-18T00:22:26.604Z,usb,1,848316260,30697,7858432,256,6000,33.510
2026-07-18T00:22:26.647Z,usb,1,848316260,30698,7858688,256,6000,33.510
2026-07-18T00:22:26.690Z,usb,1,848316260,30699,7858944,256,6000,33.500
2026-07-18T00:22:26.733Z,usb,1,848316260,30700,7859200,256,6000,33.500
2026-07-18T00:22:26.775Z,usb,1,848316260,30701,7859456,256,6000,33.500
2026-07-18T00:22:26.818Z,usb,1,848316260,30702,7859712,256,6000,33.500
2026-07-18T00:22:26.860Z,usb,1,848316260,30703,7859968,256,6000,33.500
2026-07-18T00:22:26.903Z,usb,1,848316260,30704,7860224,256,6000,33.500
2026-07-18T00:22:26.945Z,usb,1,848316260,30705,7860480,256,6000,33.500
2026-07-18T00:22:26.988Z,usb,1,848316260,30706,7860736,256,6000,33.500
2026-07-18T00:22:27.030Z,usb,1,848316260,30707,7860992,256,6000,33.500
2026-07-18T00:22:27.073Z,usb,1,848316260,30708,7861248,256,6000,33.500
2026-07-18T00:22:27.115Z,usb,1,848316260,30709,7861504,256,6000,33.500
2026-07-18T00:22:27.158Z,usb,1,848316260,30710,7861760,256,6000,33.500
2026-07-18T00:22:27.200Z,usb,1,848316260,30711,7862016,256,6000,33.500
2026-07-18T00:22:27.243Z,usb,1,848316260,30712,7862272,256,6000,33.500
2026-07-18T00:22:27.285Z,usb,1,848316260,30713,7862528,256,6000,33.500
2026-07-18T00:22:27.328Z,usb,1,848316260,30714,7862784,256,6000,33.500
2026-07-18T00:22:27.370Z,usb,1,848316260,30715,7863040,256,6000,33.500
2026-07-18T00:22:27.413Z,usb,1,848316260,30716,7863296,256,6000,33.500
2026-07-18T00:22:27.455Z,usb,1,848316260,30717,7863552,256,6000,33.500
2026-07-18T00:22:27.498Z,usb,1,848316260,30718,7863808,256,6000,33.500
2026-07-18T00:22:27.540Z,usb,1,848316260,30719,7864064,256,6000,33.500
2026-07-18T00:22:27.583Z,usb,1,848316260,30720,7864320,256,6000,33.500
2026-07-18T00:22:27.625Z,usb,1,848316260,30721,7864576,256,6000,33.500
2026-07-18T00:22:27.668Z,usb,1,848316260,30722,7864832,256,6000,33.500
2026-07-18T00:22:27.711Z,usb,1,848316260,30723,7865088,256,6000,33.500
2026-07-18T00:22:27.753Z,usb,1,848316260,30724,7865344,256,6000,33.500
2026-07-18T00:22:27.796Z,usb,1,848316260,30725,7865600,256,6000,33.500
2026-07-18T00:22:27.838Z,usb,1,848316260,30726,7865856,256,6000,33.500
2026-07-18T00:22:27.881Z,usb,1,848316260,30727,7866112,256,6000,33.500
2026-07-18T00:22:27.923Z,usb,1,848316260,30728,7866368,256,6000,33.500
2026-07-18T00:22:27.966Z,usb,1,848316260,30729,7866624,256,6000,33.500
2026-07-18T00:22:28.008Z,usb,1,848316260,30730,7866880,256,6000,33.500
2026-07-18T00:22:28.051Z,usb,1,848316260,30731,7867136,256,6000,33.500
2026-07-18T00:22:28.094Z,usb,1,848316260,30732,7867392,256,6000,33.500
2026-07-18T00:22:28.136Z,usb,1,848316260,30733,7867648,256,6000,33.500
2026-07-18T00:22:28.179Z,usb,1,848316260,30734,7867904,256,6000,33.500
2026-07-18T00:22:28.221Z,usb,1,848316260,30735,7868160,256,6000,33.500
2026-07-18T00:22:28.263Z,usb,1,848316260,30736,7868416,256,6000,33.500
2026-07-18T00:22:28.306Z,usb,1,848316260,30737,7868672,256,6000,33.500
2026-07-18T00:22:28.349Z,usb,1,848316260,30738,7868928,256,6000,33.500
2026-07-18T00:22:28.391Z,usb,1,848316260,30739,7869184,256,6000,33.500
2026-07-18T00:22:28.434Z,usb,1,848316260,30740,7869440,256,6000,33.500
2026-07-18T00:22:28.476Z,usb,1,848316260,30741,7869696,256,6000,33.500
2026-07-18T00:22:28.518Z,usb,1,848316260,30742,7869952,256,6000,33.500
2026-07-18T00:22:28.561Z,usb,1,848316260,30743,7870208,256,6000,33.500
2026-07-18T00:22:28.604Z,usb,1,848316260,30744,7870464,256,6000,33.500
2026-07-18T00:22:28.646Z,usb,1,848316260,30745,7870720,256,6000,33.500
2026-07-18T00:22:28.689Z,usb,1,848316260,30746,7870976,256,6000,33.500
2026-07-18T00:22:28.732Z,usb,1,848316260,30747,7871232,256,6000,33.500
2026-07-18T00:22:28.774Z,usb,1,848316260,30748,7871488,256,6000,33.500
2026-07-18T00:22:28.817Z,usb,1,848316260,30749,7871744,256,6000,33.500
2026-07-18T00:22:28.859Z,usb,1,848316260,30750,7872000,256,6000,33.500
2026-07-18T00:22:28.902Z,usb,1,848316260,30751,7872256,256,6000,33.500
2026-07-18T00:22:28.944Z,usb,1,848316260,30752,7872512,256,6000,33.500
2026-07-18T00:22:28.987Z,usb,1,848316260,30753,7872768,256,6000,33.500
2026-07-18T00:22:29.029Z,usb,1,848316260,30754,7873024,256,6000,33.500
2026-07-18T00:22:29.072Z,usb,1,848316260,30755,7873280,256,6000,33.500
2026-07-18T00:22:29.114Z,usb,1,848316260,30756,7873536,256,6000,33.500
2026-07-18T00:22:29.157Z,usb,1,848316260,30757,7873792,256,6000,33.500
2026-07-18T00:22:29.199Z,usb,1,848316260,30758,7874048,256,6000,33.500
2026-07-18T00:22:29.242Z,usb,1,848316260,30759,7874304,256,6000,33.500
2026-07-18T00:22:29.284Z,usb,1,848316260,30760,7874560,256,6000,33.500
2026-07-18T00:22:29.327Z,usb,1,848316260,30761,7874816,256,6000,33.500
2026-07-18T00:22:29.369Z,usb,1,848316260,30762,7875072,256,6000,33.500
2026-07-18T00:22:29.412Z,usb,1,848316260,30763,7875328,256,6000,33.500
2026-07-18T00:22:29.454Z,usb,1,848316260,30764,7875584,256,6000,33.500
2026-07-18T00:22:29.497Z,usb,1,848316260,30765,7875840,256,6000,33.500
2026-07-18T00:22:29.539Z,usb,1,848316260,30766,7876096,256,6000,33.500
2026-07-18T00:22:29.582Z,usb,1,848316260,30767,7876352,256,6000,33.500
2026-07-18T00:22:29.624Z,usb,1,848316260,30768,7876608,256,6000,33.500
2026-07-18T00:22:29.667Z,usb,1,848316260,30769,7876864,256,6000,33.500
2026-07-18T00:22:29.709Z,usb,1,848316260,30770,7877120,256,6000,33.500
2026-07-18T00:22:29.752Z,usb,1,848316260,30771,7877376,256,6000,33.500
2026-07-18T00:22:29.795Z,usb,1,848316260,30772,7877632,256,6000,33.500
2026-07-18T00:22:29.837Z,usb,1,848316260,30773,7877888,256,6000,33.500
2026-07-18T00:22:29.880Z,usb,1,848316260,30774,7878144,256,6000,33.500
2026-07-18T00:22:29.922Z,usb,1,848316260,30775,7878400,256,6000,33.500
2026-07-18T00:22:29.965Z,usb,1,848316260,30776,7878656,256,6000,33.500
2026-07-18T00:22:30.007Z,usb,1,848316260,30777,7878912,256,6000,33.500
2026-07-18T00:22:30.050Z,usb,1,848316260,30778,7879168,256,6000,33.500
2026-07-18T00:22:30.092Z,usb,1,848316260,30779,7879424,256,6000,33.500
2026-07-18T00:22:30.135Z,usb,1,848316260,30780,7879680,256,6000,33.500
2026-07-18T00:22:30.177Z,usb,1,848316260,30781,7879936,256,6000,33.500
2026-07-18T00:22:30.220Z,usb,1,848316260,30782,7880192,256,6000,33.500
2026-07-18T00:22:30.262Z,usb,1,848316260,30783,7880448,256,6000,33.500
2026-07-18T00:22:30.305Z,usb,1,848316260,30784,7880704,256,6000,33.500
2026-07-18T00:22:30.347Z,usb,1,848316260,30785,7880960,256,6000,33.500
2026-07-18T00:22:30.390Z,usb,1,848316260,30786,7881216,256,6000,33.500
2026-07-18T00:22:30.433Z,usb,1,848316260,30787,7881472,256,6000,33.500
2026-07-18T00:22:30.475Z,usb,1,848316260,30788,7881728,256,6000,33.500
2026-07-18T00:22:30.517Z,usb,1,848316260,30789,7881984,256,6000,33.500
2026-07-18T00:22:30.560Z,usb,1,848316260,30790,7882240,256,6000,33.500
2026-07-18T00:22:30.603Z,usb,1,848316260,30791,7882496,256,6000,33.500
2026-07-18T00:22:30.645Z,usb,1,848316260,30792,7882752,256,6000,33.500
2026-07-18T00:22:30.687Z,usb,1,848316260,30793,7883008,256,6000,33.500
2026-07-18T00:22:30.730Z,usb,1,848316260,30794,7883264,256,6000,33.500
2026-07-18T00:22:30.773Z,usb,1,848316260,30795,7883520,256,6000,33.510
2026-07-18T00:22:30.816Z,usb,1,848316260,30796,7883776,256,6000,33.510
2026-07-18T00:22:30.858Z,usb,1,848316260,30797,7884032,256,6000,33.510
2026-07-18T00:22:30.901Z,usb,1,848316260,30798,7884288,256,6000,33.510
2026-07-18T00:22:30.943Z,usb,1,848316260,30799,7884544,256,6000,33.510
2026-07-18T00:22:30.986Z,usb,1,848316260,30800,7884800,256,6000,33.510
2026-07-18T00:22:31.028Z,usb,1,848316260,30801,7885056,256,6000,33.510
2026-07-18T00:22:31.071Z,usb,1,848316260,30802,7885312,256,6000,33.510
2026-07-18T00:22:31.113Z,usb,1,848316260,30803,7885568,256,6000,33.510
2026-07-18T00:22:31.156Z,usb,1,848316260,30804,7885824,256,6000,33.510
2026-07-18T00:22:31.198Z,usb,1,848316260,30805,7886080,256,6000,33.510
2026-07-18T00:22:31.241Z,usb,1,848316260,30806,7886336,256,6000,33.510
2026-07-18T00:22:31.283Z,usb,1,848316260,30807,7886592,256,6000,33.510
2026-07-18T00:22:31.326Z,usb,1,848316260,30808,7886848,256,6000,33.510
2026-07-18T00:22:31.368Z,usb,1,848316260,30809,7887104,256,6000,33.510
2026-07-18T00:22:31.411Z,usb,1,848316260,30810,7887360,256,6000,33.510
2026-07-18T00:22:31.453Z,usb,1,848316260,30811,7887616,256,6000,33.510
2026-07-18T00:22:31.496Z,usb,1,848316260,30812,7887872,256,6000,33.510
2026-07-18T00:22:31.538Z,usb,1,848316260,30813,7888128,256,6000,33.510
2026-07-18T00:22:31.581Z,usb,1,848316260,30814,7888384,256,6000,33.510
2026-07-18T00:22:31.623Z,usb,1,848316260,30815,7888640,256,6000,33.510
2026-07-18T00:22:31.666Z,usb,1,848316260,30816,7888896,256,6000,33.510
2026-07-18T00:22:31.708Z,usb,1,848316260,30817,7889152,256,6000,33.510
2026-07-18T00:22:31.751Z,usb,1,848316260,30818,7889408,256,6000,33.510
2026-07-18T00:22:31.794Z,usb,1,848316260,30819,7889664,256,6000,33.510
2026-07-18T00:22:31.836Z,usb,1,848316260,30820,7889920,256,6000,33.510
2026-07-18T00:22:31.879Z,usb,1,848316260,30821,7890176,256,6000,33.510
2026-07-18T00:22:31.921Z,usb,1,848316260,30822,7890432,256,6000,33.510
2026-07-18T00:22:31.964Z,usb,1,848316260,30823,7890688,256,6000,33.510
2026-07-18T00:22:32.006Z,usb,1,848316260,30824,7890944,256,6000,33.510
2026-07-18T00:22:32.049Z,usb,1,848316260,30825,7891200,256,6000,33.510
2026-07-18T00:22:32.092Z,usb,1,848316260,30826,7891456,256,6000,33.510
2026-07-18T00:22:32.134Z,usb,1,848316260,30827,7891712,256,6000,33.510
2026-07-18T00:22:32.177Z,usb,1,848316260,30828,7891968,256,6000,33.510
2026-07-18T00:22:32.219Z,usb,1,848316260,30829,7892224,256,6000,33.510
2026-07-18T00:22:32.261Z,usb,1,848316260,30830,7892480,256,6000,33.510
2026-07-18T00:22:32.304Z,usb,1,848316260,30831,7892736,256,6000,33.510
2026-07-18T00:22:32.346Z,usb,1,848316260,30832,7892992,256,6000,33.510
2026-07-18T00:22:32.389Z,usb,1,848316260,30833,7893248,256,6000,33.510
2026-07-18T00:22:32.432Z,usb,1,848316260,30834,7893504,256,6000,33.510
2026-07-18T00:22:32.474Z,usb,1,848316260,30835,7893760,256,6000,33.510
2026-07-18T00:22:32.516Z,usb,1,848316260,30836,7894016,256,6000,33.510
2026-07-18T00:22:32.559Z,usb,1,848316260,30837,7894272,256,6000,33.510
2026-07-18T00:22:32.602Z,usb,1,848316260,30838,7894528,256,6000,33.510
2026-07-18T00:22:32.644Z,usb,1,848316260,30839,7894784,256,6000,33.510
2026-07-18T00:22:32.687Z,usb,1,848316260,30840,7895040,256,6000,33.510
2026-07-18T00:22:32.729Z,usb,1,848316260,30841,7895296,256,6000,33.510
2026-07-18T00:22:32.772Z,usb,1,848316260,30842,7895552,256,6000,33.510
2026-07-18T00:22:32.815Z,usb,1,848316260,30843,7895808,256,6000,33.500
2026-07-18T00:22:32.857Z,usb,1,848316260,30844,7896064,256,6000,33.500
2026-07-18T00:22:32.900Z,usb,1,848316260,30845,7896320,256,6000,33.500
2026-07-18T00:22:32.942Z,usb,1,848316260,30846,7896576,256,6000,33.500
2026-07-18T00:22:32.985Z,usb,1,848316260,30847,7896832,256,6000,33.500
2026-07-18T00:22:33.027Z,usb,1,848316260,30848,7897088,256,6000,33.500
2026-07-18T00:22:33.070Z,usb,1,848316260,30849,7897344,256,6000,33.500
2026-07-18T00:22:33.112Z,usb,1,848316260,30850,7897600,256,6000,33.500
2026-07-18T00:22:33.155Z,usb,1,848316260,30851,7897856,256,6000,33.500
2026-07-18T00:22:33.197Z,usb,1,848316260,30852,7898112,256,6000,33.500
2026-07-18T00:22:33.240Z,usb,1,848316260,30853,7898368,256,6000,33.500
2026-07-18T00:22:33.282Z,usb,1,848316260,30854,7898624,256,6000,33.500
2026-07-18T00:22:33.325Z,usb,1,848316260,30855,7898880,256,6000,33.500
2026-07-18T00:22:33.367Z,usb,1,848316260,30856,7899136,256,6000,33.500
2026-07-18T00:22:33.410Z,usb,1,848316260,30857,7899392,256,6000,33.500
2026-07-18T00:22:33.452Z,usb,1,848316260,30858,7899648,256,6000,33.500
2026-07-18T00:22:33.495Z,usb,1,848316260,30859,7899904,256,6000,33.500
2026-07-18T00:22:33.537Z,usb,1,848316260,30860,7900160,256,6000,33.500
2026-07-18T00:22:33.580Z,usb,1,848316260,30861,7900416,256,6000,33.500
2026-07-18T00:22:33.622Z,usb,1,848316260,30862,7900672,256,6000,33.500
2026-07-18T00:22:33.665Z,usb,1,848316260,30863,7900928,256,6000,33.500
2026-07-18T00:22:33.707Z,usb,1,848316260,30864,7901184,256,6000,33.500
2026-07-18T00:22:33.749Z,usb,1,848316260,30865,7901440,256,6000,33.500
2026-07-18T00:22:33.792Z,usb,1,848316260,30866,7901696,256,6000,33.500
2026-07-18T00:22:33.835Z,usb,1,848316260,30867,7901952,256,6000,33.510
2026-07-18T00:22:33.878Z,usb,1,848316260,30868,7902208,256,6000,33.510
2026-07-18T00:22:33.920Z,usb,1,848316260,30869,7902464,256,6000,33.510
2026-07-18T00:22:33.963Z,usb,1,848316260,30870,7902720,256,6000,33.510
2026-07-18T00:22:34.005Z,usb,1,848316260,30871,7902976,256,6000,33.510
2026-07-18T00:22:34.048Z,usb,1,848316260,30872,7903232,256,6000,33.510
2026-07-18T00:22:34.090Z,usb,1,848316260,30873,7903488,256,6000,33.510
2026-07-18T00:22:34.133Z,usb,1,848316260,30874,7903744,256,6000,33.510
2026-07-18T00:22:34.176Z,usb,1,848316260,30875,7904000,256,6000,33.510
2026-07-18T00:22:34.218Z,usb,1,848316260,30876,7904256,256,6000,33.510
2026-07-18T00:22:34.260Z,usb,1,848316260,30877,7904512,256,6000,33.510
2026-07-18T00:22:34.303Z,usb,1,848316260,30878,7904768,256,6000,33.510
2026-07-18T00:22:34.345Z,usb,1,848316260,30879,7905024,256,6000,33.510
2026-07-18T00:22:34.388Z,usb,1,848316260,30880,7905280,256,6000,33.510
2026-07-18T00:22:34.430Z,usb,1,848316260,30881,7905536,256,6000,33.510
2026-07-18T00:22:34.473Z,usb,1,848316260,30882,7905792,256,6000,33.510
2026-07-18T00:22:34.515Z,usb,1,848316260,30883,7906048,256,6000,33.510
2026-07-18T00:22:34.558Z,usb,1,848316260,30884,7906304,256,6000,33.510
2026-07-18T00:22:34.600Z,usb,1,848316260,30885,7906560,256,6000,33.510
2026-07-18T00:22:34.643Z,usb,1,848316260,30886,7906816,256,6000,33.510
2026-07-18T00:22:34.685Z,usb,1,848316260,30887,7907072,256,6000,33.510
2026-07-18T00:22:34.728Z,usb,1,848316260,30888,7907328,256,6000,33.510
2026-07-18T00:22:34.770Z,usb,1,848316260,30889,7907584,256,6000,33.510
2026-07-18T00:22:34.813Z,usb,1,848316260,30890,7907840,256,6000,33.510
2026-07-18T00:22:34.856Z,usb,1,848316260,30891,7908096,256,6000,33.500
2026-07-18T00:22:34.899Z,usb,1,848316260,30892,7908352,256,6000,33.500
2026-07-18T00:22:34.941Z,usb,1,848316260,30893,7908608,256,6000,33.500
2026-07-18T00:22:34.984Z,usb,1,848316260,30894,7908864,256,6000,33.500
2026-07-18T00:22:35.026Z,usb,1,848316260,30895,7909120,256,6000,33.500
2026-07-18T00:22:35.069Z,usb,1,848316260,30896,7909376,256,6000,33.500
2026-07-18T00:22:35.111Z,usb,1,848316260,30897,7909632,256,6000,33.500
2026-07-18T00:22:35.154Z,usb,1,848316260,30898,7909888,256,6000,33.500
2026-07-18T00:22:35.196Z,usb,1,848316260,30899,7910144,256,6000,33.500
2026-07-18T00:22:35.239Z,usb,1,848316260,30900,7910400,256,6000,33.500
2026-07-18T00:22:35.281Z,usb,1,848316260,30901,7910656,256,6000,33.500
2026-07-18T00:22:35.324Z,usb,1,848316260,30902,7910912,256,6000,33.500
2026-07-18T00:22:35.366Z,usb,1,848316260,30903,7911168,256,6000,33.500
2026-07-18T00:22:35.409Z,usb,1,848316260,30904,7911424,256,6000,33.500
2026-07-18T00:22:35.451Z,usb,1,848316260,30905,7911680,256,6000,33.500
2026-07-18T00:22:35.494Z,usb,1,848316260,30906,7911936,256,6000,33.500
2026-07-18T00:22:35.536Z,usb,1,848316260,30907,7912192,256,6000,33.500
2026-07-18T00:22:35.579Z,usb,1,848316260,30908,7912448,256,6000,33.500
2026-07-18T00:22:35.621Z,usb,1,848316260,30909,7912704,256,6000,33.500
2026-07-18T00:22:35.664Z,usb,1,848316260,30910,7912960,256,6000,33.500
2026-07-18T00:22:35.706Z,usb,1,848316260,30911,7913216,256,6000,33.500
2026-07-18T00:22:35.749Z,usb,1,848316260,30912,7913472,256,6000,33.500
2026-07-18T00:22:35.791Z,usb,1,848316260,30913,7913728,256,6000,33.500
2026-07-18T00:22:35.834Z,usb,1,848316260,30914,7913984,256,6000,33.500
2026-07-18T00:22:35.877Z,usb,1,848316260,30915,7914240,256,6000,33.500
2026-07-18T00:22:35.919Z,usb,1,848316260,30916,7914496,256,6000,33.500
2026-07-18T00:22:35.962Z,usb,1,848316260,30917,7914752,256,6000,33.500
2026-07-18T00:22:36.005Z,usb,1,848316260,30918,7915008,256,6000,33.500
2026-07-18T00:22:36.047Z,usb,1,848316260,30919,7915264,256,6000,33.500
2026-07-18T00:22:36.089Z,usb,1,848316260,30920,7915520,256,6000,33.500
2026-07-18T00:22:36.132Z,usb,1,848316260,30921,7915776,256,6000,33.500
2026-07-18T00:22:36.174Z,usb,1,848316260,30922,7916032,256,6000,33.500
2026-07-18T00:22:36.217Z,usb,1,848316260,30923,7916288,256,6000,33.500
2026-07-18T00:22:36.259Z,usb,1,848316260,30924,7916544,256,6000,33.500
2026-07-18T00:22:36.302Z,usb,1,848316260,30925,7916800,256,6000,33.500
2026-07-18T00:22:36.344Z,usb,1,848316260,30926,7917056,256,6000,33.500
2026-07-18T00:22:36.387Z,usb,1,848316260,30927,7917312,256,6000,33.500
2026-07-18T00:22:36.429Z,usb,1,848316260,30928,7917568,256,6000,33.500
2026-07-18T00:22:36.472Z,usb,1,848316260,30929,7917824,256,6000,33.500
2026-07-18T00:22:36.514Z,usb,1,848316260,30930,7918080,256,6000,33.500
2026-07-18T00:22:36.557Z,usb,1,848316260,30931,7918336,256,6000,33.500
2026-07-18T00:22:36.599Z,usb,1,848316260,30932,7918592,256,6000,33.500
2026-07-18T00:22:36.642Z,usb,1,848316260,30933,7918848,256,6000,33.500
2026-07-18T00:22:36.684Z,usb,1,848316260,30934,7919104,256,6000,33.500
2026-07-18T00:22:36.727Z,usb,1,848316260,30935,7919360,256,6000,33.500
2026-07-18T00:22:36.769Z,usb,1,848316260,30936,7919616,256,6000,33.500
2026-07-18T00:22:36.812Z,usb,1,848316260,30937,7919872,256,6000,33.500
2026-07-18T00:22:36.854Z,usb,1,848316260,30938,7920128,256,6000,33.500
2026-07-18T00:22:36.898Z,usb,1,848316260,30939,7920384,256,6000,33.500
2026-07-18T00:22:36.940Z,usb,1,848316260,30940,7920640,256,6000,33.500
2026-07-18T00:22:36.983Z,usb,1,848316260,30941,7920896,256,6000,33.500
2026-07-18T00:22:37.025Z,usb,1,848316260,30942,7921152,256,6000,33.500
2026-07-18T00:22:37.068Z,usb,1,848316260,30943,7921408,256,6000,33.500
2026-07-18T00:22:37.110Z,usb,1,848316260,30944,7921664,256,6000,33.500
2026-07-18T00:22:37.153Z,usb,1,848316260,30945,7921920,256,6000,33.500
2026-07-18T00:22:37.195Z,usb,1,848316260,30946,7922176,256,6000,33.500
2026-07-18T00:22:37.238Z,usb,1,848316260,30947,7922432,256,6000,33.500
2026-07-18T00:22:37.280Z,usb,1,848316260,30948,7922688,256,6000,33.500
2026-07-18T00:22:37.323Z,usb,1,848316260,30949,7922944,256,6000,33.500
2026-07-18T00:22:37.365Z,usb,1,848316260,30950,7923200,256,6000,33.500
2026-07-18T00:22:37.408Z,usb,1,848316260,30951,7923456,256,6000,33.500
2026-07-18T00:22:37.450Z,usb,1,848316260,30952,7923712,256,6000,33.500
2026-07-18T00:22:37.493Z,usb,1,848316260,30953,7923968,256,6000,33.500
2026-07-18T00:22:37.535Z,usb,1,848316260,30954,7924224,256,6000,33.500
2026-07-18T00:22:37.578Z,usb,1,848316260,30955,7924480,256,6000,33.500
2026-07-18T00:22:37.620Z,usb,1,848316260,30956,7924736,256,6000,33.500
2026-07-18T00:22:37.663Z,usb,1,848316260,30957,7924992,256,6000,33.500
2026-07-18T00:22:37.705Z,usb,1,848316260,30958,7925248,256,6000,33.500
2026-07-18T00:22:37.748Z,usb,1,848316260,30959,7925504,256,6000,33.500
2026-07-18T00:22:37.790Z,usb,1,848316260,30960,7925760,256,6000,33.500
2026-07-18T00:22:37.833Z,usb,1,848316260,30961,7926016,256,6000,33.500
2026-07-18T00:22:37.875Z,usb,1,848316260,30962,7926272,256,6000,33.500
2026-07-18T00:22:37.918Z,usb,1,848316260,30963,7926528,256,6000,33.500
2026-07-18T00:22:37.961Z,usb,1,848316260,30964,7926784,256,6000,33.500
2026-07-18T00:22:38.003Z,usb,1,848316260,30965,7927040,256,6000,33.500
2026-07-18T00:22:38.046Z,usb,1,848316260,30966,7927296,256,6000,33.500
2026-07-18T00:22:38.089Z,usb,1,848316260,30967,7927552,256,6000,33.500
2026-07-18T00:22:38.131Z,usb,1,848316260,30968,7927808,256,6000,33.500
2026-07-18T00:22:38.173Z,usb,1,848316260,30969,7928064,256,6000,33.500
2026-07-18T00:22:38.216Z,usb,1,848316260,30970,7928320,256,6000,33.500
2026-07-18T00:22:38.258Z,usb,1,848316260,30971,7928576,256,6000,33.500
2026-07-18T00:22:38.301Z,usb,1,848316260,30972,7928832,256,6000,33.500
2026-07-18T00:22:38.344Z,usb,1,848316260,30973,7929088,256,6000,33.500
2026-07-18T00:22:38.386Z,usb,1,848316260,30974,7929344,256,6000,33.500
2026-07-18T00:22:38.428Z,usb,1,848316260,30975,7929600,256,6000,33.500
2026-07-18T00:22:38.471Z,usb,1,848316260,30976,7929856,256,6000,33.500
2026-07-18T00:22:38.513Z,usb,1,848316260,30977,7930112,256,6000,33.500
2026-07-18T00:22:38.556Z,usb,1,848316260,30978,7930368,256,6000,33.500
2026-07-18T00:22:38.599Z,usb,1,848316260,30979,7930624,256,6000,33.500
2026-07-18T00:22:38.642Z,usb,1,848316260,30980,7930880,256,6000,33.500
2026-07-18T00:22:38.683Z,usb,1,848316260,30981,7931136,256,6000,33.500
2026-07-18T00:22:38.726Z,usb,1,848316260,30982,7931392,256,6000,33.500
2026-07-18T00:22:38.768Z,usb,1,848316260,30983,7931648,256,6000,33.500
2026-07-18T00:22:38.811Z,usb,1,848316260,30984,7931904,256,6000,33.500
2026-07-18T00:22:38.854Z,usb,1,848316260,30985,7932160,256,6000,33.500
2026-07-18T00:22:38.896Z,usb,1,848316260,30986,7932416,256,6000,33.500
2026-07-18T00:22:38.939Z,usb,1,848316260,30987,7932672,256,6000,33.500
2026-07-18T00:22:38.982Z,usb,1,848316260,30988,7932928,256,6000,33.500
2026-07-18T00:22:39.024Z,usb,1,848316260,30989,7933184,256,6000,33.500
2026-07-18T00:22:39.067Z,usb,1,848316260,30990,7933440,256,6000,33.500
2026-07-18T00:22:39.109Z,usb,1,848316260,30991,7933696,256,6000,33.500
2026-07-18T00:22:39.152Z,usb,1,848316260,30992,7933952,256,6000,33.500
2026-07-18T00:22:39.194Z,usb,1,848316260,30993,7934208,256,6000,33.500
2026-07-18T00:22:39.237Z,usb,1,848316260,30994,7934464,256,6000,33.500
2026-07-18T00:22:39.279Z,usb,1,848316260,30995,7934720,256,6000,33.500
2026-07-18T00:22:39.322Z,usb,1,848316260,30996,7934976,256,6000,33.500
2026-07-18T00:22:39.364Z,usb,1,848316260,30997,7935232,256,6000,33.500
2026-07-18T00:22:39.407Z,usb,1,848316260,30998,7935488,256,6000,33.500
2026-07-18T00:22:39.449Z,usb,1,848316260,30999,7935744,256,6000,33.500
2026-07-18T00:22:39.492Z,usb,1,848316260,31000,7936000,256,6000,33.500
2026-07-18T00:22:39.534Z,usb,1,848316260,31001,7936256,256,6000,33.500
2026-07-18T00:22:39.577Z,usb,1,848316260,31002,7936512,256,6000,33.500
2026-07-18T00:22:39.619Z,usb,1,848316260,31003,7936768,256,6000,33.500
2026-07-18T00:22:39.662Z,usb,1,848316260,31004,7937024,256,6000,33.500
2026-07-18T00:22:39.704Z,usb,1,848316260,31005,7937280,256,6000,33.500
2026-07-18T00:22:39.747Z,usb,1,848316260,31006,7937536,256,6000,33.500
2026-07-18T00:22:39.789Z,usb,1,848316260,31007,7937792,256,6000,33.500
2026-07-18T00:22:39.832Z,usb,1,848316260,31008,7938048,256,6000,33.500
2026-07-18T00:22:39.874Z,usb,1,848316260,31009,7938304,256,6000,33.500
2026-07-18T00:22:39.917Z,usb,1,848316260,31010,7938560,256,6000,33.500
2026-07-18T00:22:39.960Z,usb,1,848316260,31011,7938816,256,6000,33.500
2026-07-18T00:22:40.002Z,usb,1,848316260,31012,7939072,256,6000,33.500
2026-07-18T00:22:40.045Z,usb,1,848316260,31013,7939328,256,6000,33.500
2026-07-18T00:22:40.087Z,usb,1,848316260,31014,7939584,256,6000,33.500
2026-07-18T00:22:40.130Z,usb,1,848316260,31015,7939840,256,6000,33.500
2026-07-18T00:22:40.172Z,usb,1,848316260,31016,7940096,256,6000,33.500
2026-07-18T00:22:40.215Z,usb,1,848316260,31017,7940352,256,6000,33.500
2026-07-18T00:22:40.258Z,usb,1,848316260,31018,7940608,256,6000,33.500
2026-07-18T00:22:40.300Z,usb,1,848316260,31019,7940864,256,6000,33.500
2026-07-18T00:22:40.342Z,usb,1,848316260,31020,7941120,256,6000,33.500
2026-07-18T00:22:40.385Z,usb,1,848316260,31021,7941376,256,6000,33.500
2026-07-18T00:22:40.427Z,usb,1,848316260,31022,7941632,256,6000,33.500
2026-07-18T00:22:40.470Z,usb,1,848316260,31023,7941888,256,6000,33.500
2026-07-18T00:22:40.512Z,usb,1,848316260,31024,7942144,256,6000,33.500
2026-07-18T00:22:40.555Z,usb,1,848316260,31025,7942400,256,6000,33.500
2026-07-18T00:22:40.597Z,usb,1,848316260,31026,7942656,256,6000,33.500
2026-07-18T00:22:40.640Z,usb,1,848316260,31027,7942912,256,6000,33.500
2026-07-18T00:22:40.682Z,usb,1,848316260,31028,7943168,256,6000,33.500
2026-07-18T00:22:40.725Z,usb,1,848316260,31029,7943424,256,6000,33.500
2026-07-18T00:22:40.767Z,usb,1,848316260,31030,7943680,256,6000,33.500
2026-07-18T00:22:40.810Z,usb,1,848316260,31031,7943936,256,6000,33.500
2026-07-18T00:22:40.852Z,usb,1,848316260,31032,7944192,256,6000,33.500
2026-07-18T00:22:40.895Z,usb,1,848316260,31033,7944448,256,6000,33.500
2026-07-18T00:22:40.937Z,usb,1,848316260,31034,7944704,256,6000,33.500
2026-07-18T00:22:40.981Z,usb,1,848316260,31035,7944960,256,6000,33.500
2026-07-18T00:22:41.023Z,usb,1,848316260,31036,7945216,256,6000,33.500
2026-07-18T00:22:41.066Z,usb,1,848316260,31037,7945472,256,6000,33.500
2026-07-18T00:22:41.108Z,usb,1,848316260,31038,7945728,256,6000,33.500
2026-07-18T00:22:41.151Z,usb,1,848316260,31039,7945984,256,6000,33.500
2026-07-18T00:22:41.193Z,usb,1,848316260,31040,7946240,256,6000,33.500
2026-07-18T00:22:41.236Z,usb,1,848316260,31041,7946496,256,6000,33.500
2026-07-18T00:22:41.278Z,usb,1,848316260,31042,7946752,256,6000,33.500
2026-07-18T00:22:41.321Z,usb,1,848316260,31043,7947008,256,6000,33.500
2026-07-18T00:22:41.363Z,usb,1,848316260,31044,7947264,256,6000,33.500
2026-07-18T00:22:41.406Z,usb,1,848316260,31045,7947520,256,6000,33.500
2026-07-18T00:22:41.448Z,usb,1,848316260,31046,7947776,256,6000,33.500
2026-07-18T00:22:41.491Z,usb,1,848316260,31047,7948032,256,6000,33.500
2026-07-18T00:22:41.533Z,usb,1,848316260,31048,7948288,256,6000,33.500
2026-07-18T00:22:41.576Z,usb,1,848316260,31049,7948544,256,6000,33.500
2026-07-18T00:22:41.618Z,usb,1,848316260,31050,7948800,256,6000,33.500
2026-07-18T00:22:41.661Z,usb,1,848316260,31051,7949056,256,6000,33.500
2026-07-18T00:22:41.703Z,usb,1,848316260,31052,7949312,256,6000,33.500
2026-07-18T00:22:41.746Z,usb,1,848316260,31053,7949568,256,6000,33.500
2026-07-18T00:22:41.788Z,usb,1,848316260,31054,7949824,256,6000,33.500
2026-07-18T00:22:41.831Z,usb,1,848316260,31055,7950080,256,6000,33.500
2026-07-18T00:22:41.873Z,usb,1,848316260,31056,7950336,256,6000,33.500
2026-07-18T00:22:41.916Z,usb,1,848316260,31057,7950592,256,6000,33.500
2026-07-18T00:22:41.958Z,usb,1,848316260,31058,7950848,256,6000,33.500
2026-07-18T00:22:42.001Z,usb,1,848316260,31059,7951104,256,6000,33.490
2026-07-18T00:22:42.044Z,usb,1,848316260,31060,7951360,256,6000,33.490
2026-07-18T00:22:42.086Z,usb,1,848316260,31061,7951616,256,6000,33.490
2026-07-18T00:22:42.129Z,usb,1,848316260,31062,7951872,256,6000,33.490
2026-07-18T00:22:42.171Z,usb,1,848316260,31063,7952128,256,6000,33.490
2026-07-18T00:22:42.214Z,usb,1,848316260,31064,7952384,256,6000,33.490
2026-07-18T00:22:42.256Z,usb,1,848316260,31065,7952640,256,6000,33.490
2026-07-18T00:22:42.299Z,usb,1,848316260,31066,7952896,256,6000,33.490
2026-07-18T00:22:42.341Z,usb,1,848316260,31067,7953152,256,6000,33.490
2026-07-18T00:22:42.384Z,usb,1,848316260,31068,7953408,256,6000,33.490
2026-07-18T00:22:42.426Z,usb,1,848316260,31069,7953664,256,6000,33.490
2026-07-18T00:22:42.469Z,usb,1,848316260,31070,7953920,256,6000,33.490
2026-07-18T00:22:42.511Z,usb,1,848316260,31071,7954176,256,6000,33.490
2026-07-18T00:22:42.554Z,usb,1,848316260,31072,7954432,256,6000,33.490
2026-07-18T00:22:42.597Z,usb,1,848316260,31073,7954688,256,6000,33.490
2026-07-18T00:22:42.639Z,usb,1,848316260,31074,7954944,256,6000,33.490
2026-07-18T00:22:42.681Z,usb,1,848316260,31075,7955200,256,6000,33.490
2026-07-18T00:22:42.724Z,usb,1,848316260,31076,7955456,256,6000,33.490
2026-07-18T00:22:42.766Z,usb,1,848316260,31077,7955712,256,6000,33.490
2026-07-18T00:22:42.809Z,usb,1,848316260,31078,7955968,256,6000,33.490
2026-07-18T00:22:42.852Z,usb,1,848316260,31079,7956224,256,6000,33.490
2026-07-18T00:22:42.894Z,usb,1,848316260,31080,7956480,256,6000,33.490
2026-07-18T00:22:42.936Z,usb,1,848316260,31081,7956736,256,6000,33.490
2026-07-18T00:22:42.979Z,usb,1,848316260,31082,7956992,256,6000,33.490
2026-07-18T00:22:43.022Z,usb,1,848316260,31083,7957248,256,6000,33.500
2026-07-18T00:22:43.065Z,usb,1,848316260,31084,7957504,256,6000,33.500
2026-07-18T00:22:43.107Z,usb,1,848316260,31085,7957760,256,6000,33.500
2026-07-18T00:22:43.150Z,usb,1,848316260,31086,7958016,256,6000,33.500
2026-07-18T00:22:43.192Z,usb,1,848316260,31087,7958272,256,6000,33.500
2026-07-18T00:22:43.235Z,usb,1,848316260,31088,7958528,256,6000,33.500
2026-07-18T00:22:43.277Z,usb,1,848316260,31089,7958784,256,6000,33.500
2026-07-18T00:22:43.320Z,usb,1,848316260,31090,7959040,256,6000,33.500
2026-07-18T00:22:43.362Z,usb,1,848316260,31091,7959296,256,6000,33.500
2026-07-18T00:22:43.405Z,usb,1,848316260,31092,7959552,256,6000,33.500
2026-07-18T00:22:43.447Z,usb,1,848316260,31093,7959808,256,6000,33.500
2026-07-18T00:22:43.490Z,usb,1,848316260,31094,7960064,256,6000,33.500
2026-07-18T00:22:43.532Z,usb,1,848316260,31095,7960320,256,6000,33.500
2026-07-18T00:22:43.575Z,usb,1,848316260,31096,7960576,256,6000,33.500
2026-07-18T00:22:43.617Z,usb,1,848316260,31097,7960832,256,6000,33.500
2026-07-18T00:22:43.660Z,usb,1,848316260,31098,7961088,256,6000,33.500
2026-07-18T00:22:43.702Z,usb,1,848316260,31099,7961344,256,6000,33.500
2026-07-18T00:22:43.745Z,usb,1,848316260,31100,7961600,256,6000,33.500
2026-07-18T00:22:43.787Z,usb,1,848316260,31101,7961856,256,6000,33.500
2026-07-18T00:22:43.830Z,usb,1,848316260,31102,7962112,256,6000,33.500
2026-07-18T00:22:43.872Z,usb,1,848316260,31103,7962368,256,6000,33.500
2026-07-18T00:22:43.915Z,usb,1,848316260,31104,7962624,256,6000,33.500
2026-07-18T00:22:43.957Z,usb,1,848316260,31105,7962880,256,6000,33.500
2026-07-18T00:22:44.000Z,usb,1,848316260,31106,7963136,256,6000,33.500
2026-07-18T00:22:44.043Z,usb,1,848316260,31107,7963392,256,6000,33.500
2026-07-18T00:22:44.085Z,usb,1,848316260,31108,7963648,256,6000,33.500
2026-07-18T00:22:44.128Z,usb,1,848316260,31109,7963904,256,6000,33.500
2026-07-18T00:22:44.170Z,usb,1,848316260,31110,7964160,256,6000,33.500
2026-07-18T00:22:44.213Z,usb,1,848316260,31111,7964416,256,6000,33.500
2026-07-18T00:22:44.255Z,usb,1,848316260,31112,7964672,256,6000,33.500
2026-07-18T00:22:44.298Z,usb,1,848316260,31113,7964928,256,6000,33.500
2026-07-18T00:22:44.340Z,usb,1,848316260,31114,7965184,256,6000,33.500
2026-07-18T00:22:44.383Z,usb,1,848316260,31115,7965440,256,6000,33.500
2026-07-18T00:22:44.426Z,usb,1,848316260,31116,7965696,256,6000,33.500
2026-07-18T00:22:44.468Z,usb,1,848316260,31117,7965952,256,6000,33.500
2026-07-18T00:22:44.510Z,usb,1,848316260,31118,7966208,256,6000,33.500
2026-07-18T00:22:44.553Z,usb,1,848316260,31119,7966464,256,6000,33.500
2026-07-18T00:22:44.595Z,usb,1,848316260,31120,7966720,256,6000,33.500
2026-07-18T00:22:44.638Z,usb,1,848316260,31121,7966976,256,6000,33.500
2026-07-18T00:22:44.680Z,usb,1,848316260,31122,7967232,256,6000,33.500
2026-07-18T00:22:44.723Z,usb,1,848316260,31123,7967488,256,6000,33.500
2026-07-18T00:22:44.765Z,usb,1,848316260,31124,7967744,256,6000,33.500
2026-07-18T00:22:44.808Z,usb,1,848316260,31125,7968000,256,6000,33.500
2026-07-18T00:22:44.850Z,usb,1,848316260,31126,7968256,256,6000,33.500
2026-07-18T00:22:44.893Z,usb,1,848316260,31127,7968512,256,6000,33.500
2026-07-18T00:22:44.935Z,usb,1,848316260,31128,7968768,256,6000,33.500
2026-07-18T00:22:44.978Z,usb,1,848316260,31129,7969024,256,6000,33.500
2026-07-18T00:22:45.020Z,usb,1,848316260,31130,7969280,256,6000,33.500
2026-07-18T00:22:45.064Z,usb,1,848316260,31131,7969536,256,6000,33.500
2026-07-18T00:22:45.106Z,usb,1,848316260,31132,7969792,256,6000,33.500
2026-07-18T00:22:45.149Z,usb,1,848316260,31133,7970048,256,6000,33.500
2026-07-18T00:22:45.191Z,usb,1,848316260,31134,7970304,256,6000,33.500
2026-07-18T00:22:45.234Z,usb,1,848316260,31135,7970560,256,6000,33.500
2026-07-18T00:22:45.276Z,usb,1,848316260,31136,7970816,256,6000,33.500
2026-07-18T00:22:45.319Z,usb,1,848316260,31137,7971072,256,6000,33.500
2026-07-18T00:22:45.361Z,usb,1,848316260,31138,7971328,256,6000,33.500
2026-07-18T00:22:45.404Z,usb,1,848316260,31139,7971584,256,6000,33.500
2026-07-18T00:22:45.446Z,usb,1,848316260,31140,7971840,256,6000,33.500
2026-07-18T00:22:45.489Z,usb,1,848316260,31141,7972096,256,6000,33.500
2026-07-18T00:22:45.531Z,usb,1,848316260,31142,7972352,256,6000,33.500
2026-07-18T00:22:45.574Z,usb,1,848316260,31143,7972608,256,6000,33.500
2026-07-18T00:22:45.616Z,usb,1,848316260,31144,7972864,256,6000,33.500
2026-07-18T00:22:45.659Z,usb,1,848316260,31145,7973120,256,6000,33.500
2026-07-18T00:22:45.701Z,usb,1,848316260,31146,7973376,256,6000,33.500
2026-07-18T00:22:45.744Z,usb,1,848316260,31147,7973632,256,6000,33.500
2026-07-18T00:22:45.786Z,usb,1,848316260,31148,7973888,256,6000,33.500
2026-07-18T00:22:45.829Z,usb,1,848316260,31149,7974144,256,6000,33.500
2026-07-18T00:22:45.872Z,usb,1,848316260,31150,7974400,256,6000,33.500
2026-07-18T00:22:45.914Z,usb,1,848316260,31151,7974656,256,6000,33.500
2026-07-18T00:22:45.956Z,usb,1,848316260,31152,7974912,256,6000,33.500
2026-07-18T00:22:45.999Z,usb,1,848316260,31153,7975168,256,6000,33.500
2026-07-18T00:22:46.041Z,usb,1,848316260,31154,7975424,256,6000,33.500
2026-07-18T00:22:46.084Z,usb,1,848316260,31155,7975680,256,6000,33.500
2026-07-18T00:22:46.127Z,usb,1,848316260,31156,7975936,256,6000,33.500
2026-07-18T00:22:46.170Z,usb,1,848316260,31157,7976192,256,6000,33.500
2026-07-18T00:22:46.212Z,usb,1,848316260,31158,7976448,256,6000,33.500
2026-07-18T00:22:46.255Z,usb,1,848316260,31159,7976704,256,6000,33.500
2026-07-18T00:22:46.297Z,usb,1,848316260,31160,7976960,256,6000,33.500
2026-07-18T00:22:46.339Z,usb,1,848316260,31161,7977216,256,6000,33.500
2026-07-18T00:22:46.382Z,usb,1,848316260,31162,7977472,256,6000,33.500
2026-07-18T00:22:46.425Z,usb,1,848316260,31163,7977728,256,6000,33.500
2026-07-18T00:22:46.467Z,usb,1,848316260,31164,7977984,256,6000,33.500
2026-07-18T00:22:46.510Z,usb,1,848316260,31165,7978240,256,6000,33.500
2026-07-18T00:22:46.552Z,usb,1,848316260,31166,7978496,256,6000,33.500
2026-07-18T00:22:46.595Z,usb,1,848316260,31167,7978752,256,6000,33.500
2026-07-18T00:22:46.637Z,usb,1,848316260,31168,7979008,256,6000,33.500
2026-07-18T00:22:46.679Z,usb,1,848316260,31169,7979264,256,6000,33.500
2026-07-18T00:22:46.722Z,usb,1,848316260,31170,7979520,256,6000,33.500
2026-07-18T00:22:46.764Z,usb,1,848316260,31171,7979776,256,6000,33.500
2026-07-18T00:22:46.807Z,usb,1,848316260,31172,7980032,256,6000,33.500
2026-07-18T00:22:46.849Z,usb,1,848316260,31173,7980288,256,6000,33.500
2026-07-18T00:22:46.892Z,usb,1,848316260,31174,7980544,256,6000,33.500
2026-07-18T00:22:46.934Z,usb,1,848316260,31175,7980800,256,6000,33.500
2026-07-18T00:22:46.977Z,usb,1,848316260,31176,7981056,256,6000,33.500
2026-07-18T00:22:47.019Z,usb,1,848316260,31177,7981312,256,6000,33.500
2026-07-18T00:22:47.062Z,usb,1,848316260,31178,7981568,256,6000,33.500
2026-07-18T00:22:47.105Z,usb,1,848316260,31179,7981824,256,6000,33.500
2026-07-18T00:22:47.148Z,usb,1,848316260,31180,7982080,256,6000,33.500
2026-07-18T00:22:47.190Z,usb,1,848316260,31181,7982336,256,6000,33.500
2026-07-18T00:22:47.233Z,usb,1,848316260,31182,7982592,256,6000,33.500
2026-07-18T00:22:47.275Z,usb,1,848316260,31183,7982848,256,6000,33.500
2026-07-18T00:22:47.318Z,usb,1,848316260,31184,7983104,256,6000,33.500
2026-07-18T00:22:47.360Z,usb,1,848316260,31185,7983360,256,6000,33.500
2026-07-18T00:22:47.403Z,usb,1,848316260,31186,7983616,256,6000,33.500
2026-07-18T00:22:47.445Z,usb,1,848316260,31187,7983872,256,6000,33.500
2026-07-18T00:22:47.488Z,usb,1,848316260,31188,7984128,256,6000,33.500
2026-07-18T00:22:47.530Z,usb,1,848316260,31189,7984384,256,6000,33.500
2026-07-18T00:22:47.573Z,usb,1,848316260,31190,7984640,256,6000,33.500
2026-07-18T00:22:47.615Z,usb,1,848316260,31191,7984896,256,6000,33.500
2026-07-18T00:22:47.658Z,usb,1,848316260,31192,7985152,256,6000,33.500
2026-07-18T00:22:47.700Z,usb,1,848316260,31193,7985408,256,6000,33.500
2026-07-18T00:22:47.743Z,usb,1,848316260,31194,7985664,256,6000,33.500
2026-07-18T00:22:47.785Z,usb,1,848316260,31195,7985920,256,6000,33.500
2026-07-18T00:22:47.828Z,usb,1,848316260,31196,7986176,256,6000,33.500
2026-07-18T00:22:47.870Z,usb,1,848316260,31197,7986432,256,6000,33.500
2026-07-18T00:22:47.913Z,usb,1,848316260,31198,7986688,256,6000,33.500
2026-07-18T00:22:47.955Z,usb,1,848316260,31199,7986944,256,6000,33.500
2026-07-18T00:22:47.998Z,usb,1,848316260,31200,7987200,256,6000,33.500
2026-07-18T00:22:48.040Z,usb,1,848316260,31201,7987456,256,6000,33.500
2026-07-18T00:22:48.083Z,usb,1,848316260,31202,7987712,256,6000,33.500
2026-07-18T00:22:48.126Z,usb,1,848316260,31203,7987968,256,6000,33.490
2026-07-18T00:22:48.168Z,usb,1,848316260,31204,7988224,256,6000,33.490
2026-07-18T00:22:48.211Z,usb,1,848316260,31205,7988480,256,6000,33.490
2026-07-18T00:22:48.253Z,usb,1,848316260,31206,7988736,256,6000,33.490
2026-07-18T00:22:48.296Z,usb,1,848316260,31207,7988992,256,6000,33.490
2026-07-18T00:22:48.338Z,usb,1,848316260,31208,7989248,256,6000,33.490
2026-07-18T00:22:48.381Z,usb,1,848316260,31209,7989504,256,6000,33.490
2026-07-18T00:22:48.423Z,usb,1,848316260,31210,7989760,256,6000,33.490
2026-07-18T00:22:48.466Z,usb,1,848316260,31211,7990016,256,6000,33.490
2026-07-18T00:22:48.508Z,usb,1,848316260,31212,7990272,256,6000,33.490
2026-07-18T00:22:48.551Z,usb,1,848316260,31213,7990528,256,6000,33.490
2026-07-18T00:22:48.593Z,usb,1,848316260,31214,7990784,256,6000,33.490
2026-07-18T00:22:48.636Z,usb,1,848316260,31215,7991040,256,6000,33.490
2026-07-18T00:22:48.678Z,usb,1,848316260,31216,7991296,256,6000,33.490
2026-07-18T00:22:48.721Z,usb,1,848316260,31217,7991552,256,6000,33.490
2026-07-18T00:22:48.763Z,usb,1,848316260,31218,7991808,256,6000,33.490
2026-07-18T00:22:48.806Z,usb,1,848316260,31219,7992064,256,6000,33.490
2026-07-18T00:22:48.848Z,usb,1,848316260,31220,7992320,256,6000,33.490
2026-07-18T00:22:48.892Z,usb,1,848316260,31221,7992576,256,6000,33.490
2026-07-18T00:22:48.933Z,usb,1,848316260,31222,7992832,256,6000,33.490
2026-07-18T00:22:48.976Z,usb,1,848316260,31223,7993088,256,6000,33.490
2026-07-18T00:22:49.018Z,usb,1,848316260,31224,7993344,256,6000,33.490
2026-07-18T00:22:49.061Z,usb,1,848316260,31225,7993600,256,6000,33.490
2026-07-18T00:22:49.103Z,usb,1,848316260,31226,7993856,256,6000,33.490
2026-07-18T00:22:49.146Z,usb,1,848316260,31227,7994112,256,6000,33.500
2026-07-18T00:22:49.189Z,usb,1,848316260,31228,7994368,256,6000,33.500
2026-07-18T00:22:49.232Z,usb,1,848316260,31229,7994624,256,6000,33.500
2026-07-18T00:22:49.274Z,usb,1,848316260,31230,7994880,256,6000,33.500
2026-07-18T00:22:49.316Z,usb,1,848316260,31231,7995136,256,6000,33.500
2026-07-18T00:22:49.359Z,usb,1,848316260,31232,7995392,256,6000,33.500
2026-07-18T00:22:49.402Z,usb,1,848316260,31233,7995648,256,6000,33.500
2026-07-18T00:22:49.444Z,usb,1,848316260,31234,7995904,256,6000,33.500
2026-07-18T00:22:49.487Z,usb,1,848316260,31235,7996160,256,6000,33.500
2026-07-18T00:22:49.529Z,usb,1,848316260,31236,7996416,256,6000,33.500
2026-07-18T00:22:49.572Z,usb,1,848316260,31237,7996672,256,6000,33.500
2026-07-18T00:22:49.614Z,usb,1,848316260,31238,7996928,256,6000,33.500
2026-07-18T00:22:49.657Z,usb,1,848316260,31239,7997184,256,6000,33.500
2026-07-18T00:22:49.699Z,usb,1,848316260,31240,7997440,256,6000,33.500
2026-07-18T00:22:49.742Z,usb,1,848316260,31241,7997696,256,6000,33.500
2026-07-18T00:22:49.784Z,usb,1,848316260,31242,7997952,256,6000,33.500
2026-07-18T00:22:49.827Z,usb,1,848316260,31243,7998208,256,6000,33.500
2026-07-18T00:22:49.869Z,usb,1,848316260,31244,7998464,256,6000,33.500
2026-07-18T00:22:49.912Z,usb,1,848316260,31245,7998720,256,6000,33.500
2026-07-18T00:22:49.954Z,usb,1,848316260,31246,7998976,256,6000,33.500
2026-07-18T00:22:49.997Z,usb,1,848316260,31247,7999232,256,6000,33.500
2026-07-18T00:22:50.039Z,usb,1,848316260,31248,7999488,256,6000,33.500
2026-07-18T00:22:50.082Z,usb,1,848316260,31249,7999744,256,6000,33.500
2026-07-18T00:22:50.124Z,usb,1,848316260,31250,8000000,256,6000,33.500
2026-07-18T00:22:50.167Z,usb,1,848316260,31251,8000256,256,6000,33.500
2026-07-18T00:22:50.210Z,usb,1,848316260,31252,8000512,256,6000,33.500
2026-07-18T00:22:50.252Z,usb,1,848316260,31253,8000768,256,6000,33.500
2026-07-18T00:22:50.295Z,usb,1,848316260,31254,8001024,256,6000,33.500
2026-07-18T00:22:50.337Z,usb,1,848316260,31255,8001280,256,6000,33.500
2026-07-18T00:22:50.380Z,usb,1,848316260,31256,8001536,256,6000,33.500
2026-07-18T00:22:50.422Z,usb,1,848316260,31257,8001792,256,6000,33.500
2026-07-18T00:22:50.465Z,usb,1,848316260,31258,8002048,256,6000,33.500
2026-07-18T00:22:50.507Z,usb,1,848316260,31259,8002304,256,6000,33.500
2026-07-18T00:22:50.550Z,usb,1,848316260,31260,8002560,256,6000,33.500
2026-07-18T00:22:50.592Z,usb,1,848316260,31261,8002816,256,6000,33.500
2026-07-18T00:22:50.635Z,usb,1,848316260,31262,8003072,256,6000,33.500
2026-07-18T00:22:50.677Z,usb,1,848316260,31263,8003328,256,6000,33.500
2026-07-18T00:22:50.720Z,usb,1,848316260,31264,8003584,256,6000,33.500
2026-07-18T00:22:50.762Z,usb,1,848316260,31265,8003840,256,6000,33.500
2026-07-18T00:22:50.805Z,usb,1,848316260,31266,8004096,256,6000,33.500
2026-07-18T00:22:50.847Z,usb,1,848316260,31267,8004352,256,6000,33.500
2026-07-18T00:22:50.890Z,usb,1,848316260,31268,8004608,256,6000,33.500
2026-07-18T00:22:50.932Z,usb,1,848316260,31269,8004864,256,6000,33.500
2026-07-18T00:22:50.975Z,usb,1,848316260,31270,8005120,256,6000,33.500
2026-07-18T00:22:51.017Z,usb,1,848316260,31271,8005376,256,6000,33.500
2026-07-18T00:22:51.060Z,usb,1,848316260,31272,8005632,256,6000,33.500
2026-07-18T00:22:51.102Z,usb,1,848316260,31273,8005888,256,6000,33.500
2026-07-18T00:22:51.145Z,usb,1,848316260,31274,8006144,256,6000,33.500
2026-07-18T00:22:51.188Z,usb,1,848316260,31275,8006400,256,6000,33.500
2026-07-18T00:22:51.231Z,usb,1,848316260,31276,8006656,256,6000,33.500
2026-07-18T00:22:51.273Z,usb,1,848316260,31277,8006912,256,6000,33.500
2026-07-18T00:22:51.315Z,usb,1,848316260,31278,8007168,256,6000,33.500
2026-07-18T00:22:51.358Z,usb,1,848316260,31279,8007424,256,6000,33.500
2026-07-18T00:22:51.401Z,usb,1,848316260,31280,8007680,256,6000,33.500
2026-07-18T00:22:51.443Z,usb,1,848316260,31281,8007936,256,6000,33.500
2026-07-18T00:22:51.486Z,usb,1,848316260,31282,8008192,256,6000,33.500
2026-07-18T00:22:51.528Z,usb,1,848316260,31283,8008448,256,6000,33.500
2026-07-18T00:22:51.571Z,usb,1,848316260,31284,8008704,256,6000,33.500
2026-07-18T00:22:51.613Z,usb,1,848316260,31285,8008960,256,6000,33.500
2026-07-18T00:22:51.656Z,usb,1,848316260,31286,8009216,256,6000,33.500
2026-07-18T00:22:51.698Z,usb,1,848316260,31287,8009472,256,6000,33.500
2026-07-18T00:22:51.741Z,usb,1,848316260,31288,8009728,256,6000,33.500
2026-07-18T00:22:51.783Z,usb,1,848316260,31289,8009984,256,6000,33.500
2026-07-18T00:22:51.826Z,usb,1,848316260,31290,8010240,256,6000,33.500
2026-07-18T00:22:51.868Z,usb,1,848316260,31291,8010496,256,6000,33.500
2026-07-18T00:22:51.911Z,usb,1,848316260,31292,8010752,256,6000,33.500
2026-07-18T00:22:51.953Z,usb,1,848316260,31293,8011008,256,6000,33.500
2026-07-18T00:22:51.996Z,usb,1,848316260,31294,8011264,256,6000,33.500
2026-07-18T00:22:52.038Z,usb,1,848316260,31295,8011520,256,6000,33.500
2026-07-18T00:22:52.081Z,usb,1,848316260,31296,8011776,256,6000,33.500
2026-07-18T00:22:52.123Z,usb,1,848316260,31297,8012032,256,6000,33.500
2026-07-18T00:22:52.166Z,usb,1,848316260,31298,8012288,256,6000,33.500
2026-07-18T00:22:52.209Z,usb,1,848316260,31299,8012544,256,6000,33.500
2026-07-18T00:22:52.251Z,usb,1,848316260,31300,8012800,256,6000,33.500
2026-07-18T00:22:52.294Z,usb,1,848316260,31301,8013056,256,6000,33.500
2026-07-18T00:22:52.336Z,usb,1,848316260,31302,8013312,256,6000,33.500
2026-07-18T00:22:52.379Z,usb,1,848316260,31303,8013568,256,6000,33.500
2026-07-18T00:22:52.421Z,usb,1,848316260,31304,8013824,256,6000,33.500
2026-07-18T00:22:52.464Z,usb,1,848316260,31305,8014080,256,6000,33.500
2026-07-18T00:22:52.506Z,usb,1,848316260,31306,8014336,256,6000,33.500
2026-07-18T00:22:52.549Z,usb,1,848316260,31307,8014592,256,6000,33.500
2026-07-18T00:22:52.591Z,usb,1,848316260,31308,8014848,256,6000,33.500
2026-07-18T00:22:52.634Z,usb,1,848316260,31309,8015104,256,6000,33.500
2026-07-18T00:22:52.676Z,usb,1,848316260,31310,8015360,256,6000,33.500
2026-07-18T00:22:52.719Z,usb,1,848316260,31311,8015616,256,6000,33.500
2026-07-18T00:22:52.761Z,usb,1,848316260,31312,8015872,256,6000,33.500
2026-07-18T00:22:52.804Z,usb,1,848316260,31313,8016128,256,6000,33.500
2026-07-18T00:22:52.846Z,usb,1,848316260,31314,8016384,256,6000,33.500
2026-07-18T00:22:52.889Z,usb,1,848316260,31315,8016640,256,6000,33.500
2026-07-18T00:22:52.931Z,usb,1,848316260,31316,8016896,256,6000,33.500
2026-07-18T00:22:52.974Z,usb,1,848316260,31317,8017152,256,6000,33.500
2026-07-18T00:22:53.016Z,usb,1,848316260,31318,8017408,256,6000,33.500
2026-07-18T00:22:53.059Z,usb,1,848316260,31319,8017664,256,6000,33.500
2026-07-18T00:22:53.102Z,usb,1,848316260,31320,8017920,256,6000,33.500
2026-07-18T00:22:53.144Z,usb,1,848316260,31321,8018176,256,6000,33.500
2026-07-18T00:22:53.186Z,usb,1,848316260,31322,8018432,256,6000,33.500
2026-07-18T00:22:53.230Z,usb,1,848316260,31323,8018688,256,6000,33.500
2026-07-18T00:22:53.272Z,usb,1,848316260,31324,8018944,256,6000,33.500
2026-07-18T00:22:53.315Z,usb,1,848316260,31325,8019200,256,6000,33.500
2026-07-18T00:22:53.357Z,usb,1,848316260,31326,8019456,256,6000,33.500
2026-07-18T00:22:53.400Z,usb,1,848316260,31327,8019712,256,6000,33.500
2026-07-18T00:22:53.442Z,usb,1,848316260,31328,8019968,256,6000,33.500
2026-07-18T00:22:53.485Z,usb,1,848316260,31329,8020224,256,6000,33.500
2026-07-18T00:22:53.527Z,usb,1,848316260,31330,8020480,256,6000,33.500
2026-07-18T00:22:53.570Z,usb,1,848316260,31331,8020736,256,6000,33.500
2026-07-18T00:22:53.612Z,usb,1,848316260,31332,8020992,256,6000,33.500
2026-07-18T00:22:53.655Z,usb,1,848316260,31333,8021248,256,6000,33.500
2026-07-18T00:22:53.697Z,usb,1,848316260,31334,8021504,256,6000,33.500
2026-07-18T00:22:53.740Z,usb,1,848316260,31335,8021760,256,6000,33.500
2026-07-18T00:22:53.782Z,usb,1,848316260,31336,8022016,256,6000,33.500
2026-07-18T00:22:53.825Z,usb,1,848316260,31337,8022272,256,6000,33.500
2026-07-18T00:22:53.867Z,usb,1,848316260,31338,8022528,256,6000,33.500
2026-07-18T00:22:53.910Z,usb,1,848316260,31339,8022784,256,6000,33.500
2026-07-18T00:22:53.952Z,usb,1,848316260,31340,8023040,256,6000,33.500
2026-07-18T00:22:53.995Z,usb,1,848316260,31341,8023296,256,6000,33.500
2026-07-18T00:22:54.037Z,usb,1,848316260,31342,8023552,256,6000,33.500
2026-07-18T00:22:54.080Z,usb,1,848316260,31343,8023808,256,6000,33.500
2026-07-18T00:22:54.122Z,usb,1,848316260,31344,8024064,256,6000,33.500
2026-07-18T00:22:54.165Z,usb,1,848316260,31345,8024320,256,6000,33.500
2026-07-18T00:22:54.207Z,usb,1,848316260,31346,8024576,256,6000,33.500
2026-07-18T00:22:54.250Z,usb,1,848316260,31347,8024832,256,6000,33.500
2026-07-18T00:22:54.293Z,usb,1,848316260,31348,8025088,256,6000,33.500
2026-07-18T00:22:54.335Z,usb,1,848316260,31349,8025344,256,6000,33.500
2026-07-18T00:22:54.378Z,usb,1,848316260,31350,8025600,256,6000,33.500
2026-07-18T00:22:54.420Z,usb,1,848316260,31351,8025856,256,6000,33.500
2026-07-18T00:22:54.463Z,usb,1,848316260,31352,8026112,256,6000,33.500
2026-07-18T00:22:54.505Z,usb,1,848316260,31353,8026368,256,6000,33.500
2026-07-18T00:22:54.548Z,usb,1,848316260,31354,8026624,256,6000,33.500
2026-07-18T00:22:54.590Z,usb,1,848316260,31355,8026880,256,6000,33.500
2026-07-18T00:22:54.633Z,usb,1,848316260,31356,8027136,256,6000,33.500
2026-07-18T00:22:54.675Z,usb,1,848316260,31357,8027392,256,6000,33.500
2026-07-18T00:22:54.718Z,usb,1,848316260,31358,8027648,256,6000,33.500
2026-07-18T00:22:54.760Z,usb,1,848316260,31359,8027904,256,6000,33.500
2026-07-18T00:22:54.803Z,usb,1,848316260,31360,8028160,256,6000,33.500
2026-07-18T00:22:54.845Z,usb,1,848316260,31361,8028416,256,6000,33.500
2026-07-18T00:22:54.888Z,usb,1,848316260,31362,8028672,256,6000,33.500
2026-07-18T00:22:54.930Z,usb,1,848316260,31363,8028928,256,6000,33.500
2026-07-18T00:22:54.973Z,usb,1,848316260,31364,8029184,256,6000,33.500
2026-07-18T00:22:55.015Z,usb,1,848316260,31365,8029440,256,6000,33.500
2026-07-18T00:22:55.058Z,usb,1,848316260,31366,8029696,256,6000,33.500
2026-07-18T00:22:55.101Z,usb,1,848316260,31367,8029952,256,6000,33.500
2026-07-18T00:22:55.143Z,usb,1,848316260,31368,8030208,256,6000,33.500
2026-07-18T00:22:55.185Z,usb,1,848316260,31369,8030464,256,6000,33.500
2026-07-18T00:22:55.228Z,usb,1,848316260,31370,8030720,256,6000,33.500
2026-07-18T00:22:55.271Z,usb,1,848316260,31371,8030976,256,6000,33.500
2026-07-18T00:22:55.314Z,usb,1,848316260,31372,8031232,256,6000,33.500
2026-07-18T00:22:55.356Z,usb,1,848316260,31373,8031488,256,6000,33.500
2026-07-18T00:22:55.399Z,usb,1,848316260,31374,8031744,256,6000,33.500
2026-07-18T00:22:55.441Z,usb,1,848316260,31375,8032000,256,6000,33.500
2026-07-18T00:22:55.484Z,usb,1,848316260,31376,8032256,256,6000,33.500
2026-07-18T00:22:55.526Z,usb,1,848316260,31377,8032512,256,6000,33.500
2026-07-18T00:22:55.569Z,usb,1,848316260,31378,8032768,256,6000,33.500
2026-07-18T00:22:55.611Z,usb,1,848316260,31379,8033024,256,6000,33.500
2026-07-18T00:22:55.654Z,usb,1,848316260,31380,8033280,256,6000,33.500
2026-07-18T00:22:55.696Z,usb,1,848316260,31381,8033536,256,6000,33.500
2026-07-18T00:22:55.739Z,usb,1,848316260,31382,8033792,256,6000,33.500
2026-07-18T00:22:55.781Z,usb,1,848316260,31383,8034048,256,6000,33.500
2026-07-18T00:22:55.824Z,usb,1,848316260,31384,8034304,256,6000,33.500
2026-07-18T00:22:55.866Z,usb,1,848316260,31385,8034560,256,6000,33.500
2026-07-18T00:22:55.909Z,usb,1,848316260,31386,8034816,256,6000,33.500
2026-07-18T00:22:55.951Z,usb,1,848316260,31387,8035072,256,6000,33.500
2026-07-18T00:22:55.994Z,usb,1,848316260,31388,8035328,256,6000,33.500
2026-07-18T00:22:56.036Z,usb,1,848316260,31389,8035584,256,6000,33.500
2026-07-18T00:22:56.079Z,usb,1,848316260,31390,8035840,256,6000,33.500
2026-07-18T00:22:56.121Z,usb,1,848316260,31391,8036096,256,6000,33.500
2026-07-18T00:22:56.164Z,usb,1,848316260,31392,8036352,256,6000,33.500
2026-07-18T00:22:56.206Z,usb,1,848316260,31393,8036608,256,6000,33.500
2026-07-18T00:22:56.249Z,usb,1,848316260,31394,8036864,256,6000,33.500
2026-07-18T00:22:56.292Z,usb,1,848316260,31395,8037120,256,6000,33.490
2026-07-18T00:22:56.334Z,usb,1,848316260,31396,8037376,256,6000,33.490
2026-07-18T00:22:56.377Z,usb,1,848316260,31397,8037632,256,6000,33.490
2026-07-18T00:22:56.419Z,usb,1,848316260,31398,8037888,256,6000,33.490
2026-07-18T00:22:56.462Z,usb,1,848316260,31399,8038144,256,6000,33.490
2026-07-18T00:22:56.504Z,usb,1,848316260,31400,8038400,256,6000,33.490
2026-07-18T00:22:56.547Z,usb,1,848316260,31401,8038656,256,6000,33.490
2026-07-18T00:22:56.589Z,usb,1,848316260,31402,8038912,256,6000,33.490
2026-07-18T00:22:56.632Z,usb,1,848316260,31403,8039168,256,6000,33.490
2026-07-18T00:22:56.674Z,usb,1,848316260,31404,8039424,256,6000,33.490
2026-07-18T00:22:56.717Z,usb,1,848316260,31405,8039680,256,6000,33.490
2026-07-18T00:22:56.759Z,usb,1,848316260,31406,8039936,256,6000,33.490
2026-07-18T00:22:56.802Z,usb,1,848316260,31407,8040192,256,6000,33.490
2026-07-18T00:22:56.844Z,usb,1,848316260,31408,8040448,256,6000,33.490
2026-07-18T00:22:56.887Z,usb,1,848316260,31409,8040704,256,6000,33.490
2026-07-18T00:22:56.929Z,usb,1,848316260,31410,8040960,256,6000,33.490
2026-07-18T00:22:56.972Z,usb,1,848316260,31411,8041216,256,6000,33.490
2026-07-18T00:22:57.014Z,usb,1,848316260,31412,8041472,256,6000,33.490
2026-07-18T00:22:57.057Z,usb,1,848316260,31413,8041728,256,6000,33.490
2026-07-18T00:22:57.099Z,usb,1,848316260,31414,8041984,256,6000,33.490
2026-07-18T00:22:57.142Z,usb,1,848316260,31415,8042240,256,6000,33.490
2026-07-18T00:22:57.184Z,usb,1,848316260,31416,8042496,256,6000,33.490
2026-07-18T00:22:57.227Z,usb,1,848316260,31417,8042752,256,6000,33.490
2026-07-18T00:22:57.269Z,usb,1,848316260,31418,8043008,256,6000,33.490
2026-07-18T00:22:57.313Z,usb,1,848316260,31419,8043264,256,6000,33.500
2026-07-18T00:22:57.355Z,usb,1,848316260,31420,8043520,256,6000,33.500
2026-07-18T00:22:57.398Z,usb,1,848316260,31421,8043776,256,6000,33.500
2026-07-18T00:22:57.440Z,usb,1,848316260,31422,8044032,256,6000,33.500
2026-07-18T00:22:57.483Z,usb,1,848316260,31423,8044288,256,6000,33.500
2026-07-18T00:22:57.525Z,usb,1,848316260,31424,8044544,256,6000,33.500
2026-07-18T00:22:57.568Z,usb,1,848316260,31425,8044800,256,6000,33.500
2026-07-18T00:22:57.610Z,usb,1,848316260,31426,8045056,256,6000,33.500
2026-07-18T00:22:57.653Z,usb,1,848316260,31427,8045312,256,6000,33.500
2026-07-18T00:22:57.695Z,usb,1,848316260,31428,8045568,256,6000,33.500
2026-07-18T00:22:57.738Z,usb,1,848316260,31429,8045824,256,6000,33.500
2026-07-18T00:22:57.780Z,usb,1,848316260,31430,8046080,256,6000,33.500
2026-07-18T00:22:57.823Z,usb,1,848316260,31431,8046336,256,6000,33.500
2026-07-18T00:22:57.865Z,usb,1,848316260,31432,8046592,256,6000,33.500
2026-07-18T00:22:57.908Z,usb,1,848316260,31433,8046848,256,6000,33.500
2026-07-18T00:22:57.950Z,usb,1,848316260,31434,8047104,256,6000,33.500
2026-07-18T00:22:57.993Z,usb,1,848316260,31435,8047360,256,6000,33.500
2026-07-18T00:22:58.036Z,usb,1,848316260,31436,8047616,256,6000,33.500
2026-07-18T00:22:58.078Z,usb,1,848316260,31437,8047872,256,6000,33.500
2026-07-18T00:22:58.120Z,usb,1,848316260,31438,8048128,256,6000,33.500
2026-07-18T00:22:58.163Z,usb,1,848316260,31439,8048384,256,6000,33.500
2026-07-18T00:22:58.205Z,usb,1,848316260,31440,8048640,256,6000,33.500
2026-07-18T00:22:58.248Z,usb,1,848316260,31441,8048896,256,6000,33.500
2026-07-18T00:22:58.290Z,usb,1,848316260,31442,8049152,256,6000,33.500
2026-07-18T00:22:58.333Z,usb,1,848316260,31443,8049408,256,6000,33.500
2026-07-18T00:22:58.376Z,usb,1,848316260,31444,8049664,256,6000,33.500
2026-07-18T00:22:58.418Z,usb,1,848316260,31445,8049920,256,6000,33.500
2026-07-18T00:22:58.461Z,usb,1,848316260,31446,8050176,256,6000,33.500
2026-07-18T00:22:58.504Z,usb,1,848316260,31447,8050432,256,6000,33.500
2026-07-18T00:22:58.546Z,usb,1,848316260,31448,8050688,256,6000,33.500
2026-07-18T00:22:58.588Z,usb,1,848316260,31449,8050944,256,6000,33.500
2026-07-18T00:22:58.631Z,usb,1,848316260,31450,8051200,256,6000,33.500
2026-07-18T00:22:58.673Z,usb,1,848316260,31451,8051456,256,6000,33.500
2026-07-18T00:22:58.716Z,usb,1,848316260,31452,8051712,256,6000,33.500
2026-07-18T00:22:58.758Z,usb,1,848316260,31453,8051968,256,6000,33.500
2026-07-18T00:22:58.801Z,usb,1,848316260,31454,8052224,256,6000,33.500
2026-07-18T00:22:58.843Z,usb,1,848316260,31455,8052480,256,6000,33.500
2026-07-18T00:22:58.886Z,usb,1,848316260,31456,8052736,256,6000,33.500
2026-07-18T00:22:58.929Z,usb,1,848316260,31457,8052992,256,6000,33.500
2026-07-18T00:22:58.971Z,usb,1,848316260,31458,8053248,256,6000,33.500
2026-07-18T00:22:59.013Z,usb,1,848316260,31459,8053504,256,6000,33.500
2026-07-18T00:22:59.056Z,usb,1,848316260,31460,8053760,256,6000,33.500
2026-07-18T00:22:59.098Z,usb,1,848316260,31461,8054016,256,6000,33.500
2026-07-18T00:22:59.141Z,usb,1,848316260,31462,8054272,256,6000,33.500
2026-07-18T00:22:59.183Z,usb,1,848316260,31463,8054528,256,6000,33.500
2026-07-18T00:22:59.226Z,usb,1,848316260,31464,8054784,256,6000,33.500
2026-07-18T00:22:59.268Z,usb,1,848316260,31465,8055040,256,6000,33.500
2026-07-18T00:22:59.311Z,usb,1,848316260,31466,8055296,256,6000,33.500
2026-07-18T00:22:59.354Z,usb,1,848316260,31467,8055552,256,6000,33.500
2026-07-18T00:22:59.397Z,usb,1,848316260,31468,8055808,256,6000,33.500
2026-07-18T00:22:59.439Z,usb,1,848316260,31469,8056064,256,6000,33.500
2026-07-18T00:22:59.482Z,usb,1,848316260,31470,8056320,256,6000,33.500
2026-07-18T00:22:59.524Z,usb,1,848316260,31471,8056576,256,6000,33.500
2026-07-18T00:22:59.567Z,usb,1,848316260,31472,8056832,256,6000,33.500
2026-07-18T00:22:59.609Z,usb,1,848316260,31473,8057088,256,6000,33.500
2026-07-18T00:22:59.652Z,usb,1,848316260,31474,8057344,256,6000,33.500
2026-07-18T00:22:59.694Z,usb,1,848316260,31475,8057600,256,6000,33.500
2026-07-18T00:22:59.737Z,usb,1,848316260,31476,8057856,256,6000,33.500
2026-07-18T00:22:59.779Z,usb,1,848316260,31477,8058112,256,6000,33.500
2026-07-18T00:22:59.822Z,usb,1,848316260,31478,8058368,256,6000,33.500
2026-07-18T00:22:59.864Z,usb,1,848316260,31479,8058624,256,6000,33.500
2026-07-18T00:22:59.907Z,usb,1,848316260,31480,8058880,256,6000,33.500
2026-07-18T00:22:59.949Z,usb,1,848316260,31481,8059136,256,6000,33.500
2026-07-18T00:22:59.992Z,usb,1,848316260,31482,8059392,256,6000,33.500
2026-07-18T00:23:00.034Z,usb,1,848316260,31483,8059648,256,6000,33.500
2026-07-18T00:23:00.077Z,usb,1,848316260,31484,8059904,256,6000,33.500
2026-07-18T00:23:00.119Z,usb,1,848316260,31485,8060160,256,6000,33.500
2026-07-18T00:23:00.162Z,usb,1,848316260,31486,8060416,256,6000,33.500
2026-07-18T00:23:00.204Z,usb,1,848316260,31487,8060672,256,6000,33.500
2026-07-18T00:23:00.247Z,usb,1,848316260,31488,8060928,256,6000,33.500
2026-07-18T00:23:00.289Z,usb,1,848316260,31489,8061184,256,6000,33.500
2026-07-18T00:23:00.332Z,usb,1,848316260,31490,8061440,256,6000,33.500
2026-07-18T00:23:00.375Z,usb,1,848316260,31491,8061696,256,6000,33.500
2026-07-18T00:23:00.417Z,usb,1,848316260,31492,8061952,256,6000,33.500
2026-07-18T00:23:00.460Z,usb,1,848316260,31493,8062208,256,6000,33.500
2026-07-18T00:23:00.502Z,usb,1,848316260,31494,8062464,256,6000,33.500
2026-07-18T00:23:00.545Z,usb,1,848316260,31495,8062720,256,6000,33.500
2026-07-18T00:23:00.587Z,usb,1,848316260,31496,8062976,256,6000,33.500
2026-07-18T00:23:00.630Z,usb,1,848316260,31497,8063232,256,6000,33.500
2026-07-18T00:23:00.672Z,usb,1,848316260,31498,8063488,256,6000,33.500
2026-07-18T00:23:00.715Z,usb,1,848316260,31499,8063744,256,6000,33.500
2026-07-18T00:23:00.757Z,usb,1,848316260,31500,8064000,256,6000,33.500
2026-07-18T00:23:00.800Z,usb,1,848316260,31501,8064256,256,6000,33.500
2026-07-18T00:23:00.842Z,usb,1,848316260,31502,8064512,256,6000,33.500
2026-07-18T00:23:00.885Z,usb,1,848316260,31503,8064768,256,6000,33.500
2026-07-18T00:23:00.928Z,usb,1,848316260,31504,8065024,256,6000,33.500
2026-07-18T00:23:00.970Z,usb,1,848316260,31505,8065280,256,6000,33.500
2026-07-18T00:23:01.012Z,usb,1,848316260,31506,8065536,256,6000,33.500
2026-07-18T00:23:01.055Z,usb,1,848316260,31507,8065792,256,6000,33.500
2026-07-18T00:23:01.097Z,usb,1,848316260,31508,8066048,256,6000,33.500
2026-07-18T00:23:01.140Z,usb,1,848316260,31509,8066304,256,6000,33.500
2026-07-18T00:23:01.182Z,usb,1,848316260,31510,8066560,256,6000,33.500
2026-07-18T00:23:01.225Z,usb,1,848316260,31511,8066816,256,6000,33.500
2026-07-18T00:23:01.267Z,usb,1,848316260,31512,8067072,256,6000,33.500
2026-07-18T00:23:01.310Z,usb,1,848316260,31513,8067328,256,6000,33.500
2026-07-18T00:23:01.353Z,usb,1,848316260,31514,8067584,256,6000,33.500
2026-07-18T00:23:01.396Z,usb,1,848316260,31515,8067840,256,6000,33.500
2026-07-18T00:23:01.438Z,usb,1,848316260,31516,8068096,256,6000,33.500
2026-07-18T00:23:01.481Z,usb,1,848316260,31517,8068352,256,6000,33.500
2026-07-18T00:23:01.523Z,usb,1,848316260,31518,8068608,256,6000,33.500
2026-07-18T00:23:01.566Z,usb,1,848316260,31519,8068864,256,6000,33.500
2026-07-18T00:23:01.608Z,usb,1,848316260,31520,8069120,256,6000,33.500
2026-07-18T00:23:01.651Z,usb,1,848316260,31521,8069376,256,6000,33.500
2026-07-18T00:23:01.693Z,usb,1,848316260,31522,8069632,256,6000,33.500
2026-07-18T00:23:01.736Z,usb,1,848316260,31523,8069888,256,6000,33.500
2026-07-18T00:23:01.778Z,usb,1,848316260,31524,8070144,256,6000,33.500
2026-07-18T00:23:01.821Z,usb,1,848316260,31525,8070400,256,6000,33.500
2026-07-18T00:23:01.863Z,usb,1,848316260,31526,8070656,256,6000,33.500
2026-07-18T00:23:01.906Z,usb,1,848316260,31527,8070912,256,6000,33.500
2026-07-18T00:23:01.948Z,usb,1,848316260,31528,8071168,256,6000,33.500
2026-07-18T00:23:01.991Z,usb,1,848316260,31529,8071424,256,6000,33.500
2026-07-18T00:23:02.033Z,usb,1,848316260,31530,8071680,256,6000,33.500
2026-07-18T00:23:02.076Z,usb,1,848316260,31531,8071936,256,6000,33.500
2026-07-18T00:23:02.118Z,usb,1,848316260,31532,8072192,256,6000,33.500
2026-07-18T00:23:02.161Z,usb,1,848316260,31533,8072448,256,6000,33.500
2026-07-18T00:23:02.203Z,usb,1,848316260,31534,8072704,256,6000,33.500
2026-07-18T00:23:02.246Z,usb,1,848316260,31535,8072960,256,6000,33.500
2026-07-18T00:23:02.288Z,usb,1,848316260,31536,8073216,256,6000,33.500
2026-07-18T00:23:02.331Z,usb,1,848316260,31537,8073472,256,6000,33.500
2026-07-18T00:23:02.373Z,usb,1,848316260,31538,8073728,256,6000,33.500
2026-07-18T00:23:02.416Z,usb,1,848316260,31539,8073984,256,6000,33.510
2026-07-18T00:23:02.459Z,usb,1,848316260,31540,8074240,256,6000,33.510
2026-07-18T00:23:02.501Z,usb,1,848316260,31541,8074496,256,6000,33.510
2026-07-18T00:23:02.544Z,usb,1,848316260,31542,8074752,256,6000,33.510
2026-07-18T00:23:02.586Z,usb,1,848316260,31543,8075008,256,6000,33.510
2026-07-18T00:23:02.629Z,usb,1,848316260,31544,8075264,256,6000,33.510
2026-07-18T00:23:02.672Z,usb,1,848316260,31545,8075520,256,6000,33.510
2026-07-18T00:23:02.714Z,usb,1,848316260,31546,8075776,256,6000,33.510
2026-07-18T00:23:02.757Z,usb,1,848316260,31547,8076032,256,6000,33.510
2026-07-18T00:23:02.799Z,usb,1,848316260,31548,8076288,256,6000,33.510
2026-07-18T00:23:02.841Z,usb,1,848316260,31549,8076544,256,6000,33.510
2026-07-18T00:23:02.884Z,usb,1,848316260,31550,8076800,256,6000,33.510
2026-07-18T00:23:02.926Z,usb,1,848316260,31551,8077056,256,6000,33.510
2026-07-18T00:23:02.969Z,usb,1,848316260,31552,8077312,256,6000,33.510
2026-07-18T00:23:03.012Z,usb,1,848316260,31553,8077568,256,6000,33.510
2026-07-18T00:23:03.054Z,usb,1,848316260,31554,8077824,256,6000,33.510
2026-07-18T00:23:03.096Z,usb,1,848316260,31555,8078080,256,6000,33.510
2026-07-18T00:23:03.139Z,usb,1,848316260,31556,8078336,256,6000,33.510
2026-07-18T00:23:03.182Z,usb,1,848316260,31557,8078592,256,6000,33.510
2026-07-18T00:23:03.224Z,usb,1,848316260,31558,8078848,256,6000,33.510
2026-07-18T00:23:03.266Z,usb,1,848316260,31559,8079104,256,6000,33.510
2026-07-18T00:23:03.309Z,usb,1,848316260,31560,8079360,256,6000,33.510
2026-07-18T00:23:03.351Z,usb,1,848316260,31561,8079616,256,6000,33.510
2026-07-18T00:23:03.394Z,usb,1,848316260,31562,8079872,256,6000,33.510
2026-07-18T00:23:03.437Z,usb,1,848316260,31563,8080128,256,6000,33.500
2026-07-18T00:23:03.480Z,usb,1,848316260,31564,8080384,256,6000,33.500
2026-07-18T00:23:03.522Z,usb,1,848316260,31565,8080640,256,6000,33.500
2026-07-18T00:23:03.565Z,usb,1,848316260,31566,8080896,256,6000,33.500
2026-07-18T00:23:03.607Z,usb,1,848316260,31567,8081152,256,6000,33.500
2026-07-18T00:23:03.650Z,usb,1,848316260,31568,8081408,256,6000,33.500
2026-07-18T00:23:03.692Z,usb,1,848316260,31569,8081664,256,6000,33.500
2026-07-18T00:23:03.735Z,usb,1,848316260,31570,8081920,256,6000,33.500
2026-07-18T00:23:03.777Z,usb,1,848316260,31571,8082176,256,6000,33.500
2026-07-18T00:23:03.820Z,usb,1,848316260,31572,8082432,256,6000,33.500
2026-07-18T00:23:03.862Z,usb,1,848316260,31573,8082688,256,6000,33.500
2026-07-18T00:23:03.904Z,usb,1,848316260,31574,8082944,256,6000,33.500
2026-07-18T00:23:03.947Z,usb,1,848316260,31575,8083200,256,6000,33.500
2026-07-18T00:23:03.990Z,usb,1,848316260,31576,8083456,256,6000,33.500
2026-07-18T00:23:04.032Z,usb,1,848316260,31577,8083712,256,6000,33.500
2026-07-18T00:23:04.075Z,usb,1,848316260,31578,8083968,256,6000,33.500
2026-07-18T00:23:04.117Z,usb,1,848316260,31579,8084224,256,6000,33.500
2026-07-18T00:23:04.159Z,usb,1,848316260,31580,8084480,256,6000,33.500
2026-07-18T00:23:04.202Z,usb,1,848316260,31581,8084736,256,6000,33.500
2026-07-18T00:23:04.245Z,usb,1,848316260,31582,8084992,256,6000,33.500
2026-07-18T00:23:04.287Z,usb,1,848316260,31583,8085248,256,6000,33.500
2026-07-18T00:23:04.330Z,usb,1,848316260,31584,8085504,256,6000,33.500
2026-07-18T00:23:04.372Z,usb,1,848316260,31585,8085760,256,6000,33.500
2026-07-18T00:23:04.415Z,usb,1,848316260,31586,8086016,256,6000,33.500
2026-07-18T00:23:04.458Z,usb,1,848316260,31587,8086272,256,6000,33.500
2026-07-18T00:23:04.500Z,usb,1,848316260,31588,8086528,256,6000,33.500
2026-07-18T00:23:04.543Z,usb,1,848316260,31589,8086784,256,6000,33.500
2026-07-18T00:23:04.585Z,usb,1,848316260,31590,8087040,256,6000,33.500
2026-07-18T00:23:04.628Z,usb,1,848316260,31591,8087296,256,6000,33.500
2026-07-18T00:23:04.670Z,usb,1,848316260,31592,8087552,256,6000,33.500
2026-07-18T00:23:04.713Z,usb,1,848316260,31593,8087808,256,6000,33.500
2026-07-18T00:23:04.755Z,usb,1,848316260,31594,8088064,256,6000,33.500
2026-07-18T00:23:04.798Z,usb,1,848316260,31595,8088320,256,6000,33.500
2026-07-18T00:23:04.840Z,usb,1,848316260,31596,8088576,256,6000,33.500
2026-07-18T00:23:04.883Z,usb,1,848316260,31597,8088832,256,6000,33.500
2026-07-18T00:23:04.925Z,usb,1,848316260,31598,8089088,256,6000,33.500
2026-07-18T00:23:04.968Z,usb,1,848316260,31599,8089344,256,6000,33.500
2026-07-18T00:23:05.010Z,usb,1,848316260,31600,8089600,256,6000,33.500
2026-07-18T00:23:05.053Z,usb,1,848316260,31601,8089856,256,6000,33.500
2026-07-18T00:23:05.095Z,usb,1,848316260,31602,8090112,256,6000,33.500
2026-07-18T00:23:05.138Z,usb,1,848316260,31603,8090368,256,6000,33.500
2026-07-18T00:23:05.181Z,usb,1,848316260,31604,8090624,256,6000,33.500
2026-07-18T00:23:05.223Z,usb,1,848316260,31605,8090880,256,6000,33.500
2026-07-18T00:23:05.266Z,usb,1,848316260,31606,8091136,256,6000,33.500
2026-07-18T00:23:05.308Z,usb,1,848316260,31607,8091392,256,6000,33.500
2026-07-18T00:23:05.350Z,usb,1,848316260,31608,8091648,256,6000,33.500
2026-07-18T00:23:05.393Z,usb,1,848316260,31609,8091904,256,6000,33.500
2026-07-18T00:23:05.435Z,usb,1,848316260,31610,8092160,256,6000,33.500
2026-07-18T00:23:05.478Z,usb,1,848316260,31611,8092416,256,6000,33.500
2026-07-18T00:23:05.521Z,usb,1,848316260,31612,8092672,256,6000,33.500
2026-07-18T00:23:05.564Z,usb,1,848316260,31613,8092928,256,6000,33.500
2026-07-18T00:23:05.606Z,usb,1,848316260,31614,8093184,256,6000,33.500
2026-07-18T00:23:05.649Z,usb,1,848316260,31615,8093440,256,6000,33.500
2026-07-18T00:23:05.691Z,usb,1,848316260,31616,8093696,256,6000,33.500
2026-07-18T00:23:05.734Z,usb,1,848316260,31617,8093952,256,6000,33.500
2026-07-18T00:23:05.776Z,usb,1,848316260,31618,8094208,256,6000,33.500
2026-07-18T00:23:05.819Z,usb,1,848316260,31619,8094464,256,6000,33.500
2026-07-18T00:23:05.861Z,usb,1,848316260,31620,8094720,256,6000,33.500
2026-07-18T00:23:05.903Z,usb,1,848316260,31621,8094976,256,6000,33.500
2026-07-18T00:23:05.946Z,usb,1,848316260,31622,8095232,256,6000,33.500
2026-07-18T00:23:05.989Z,usb,1,848316260,31623,8095488,256,6000,33.500
2026-07-18T00:23:06.031Z,usb,1,848316260,31624,8095744,256,6000,33.500
2026-07-18T00:23:06.074Z,usb,1,848316260,31625,8096000,256,6000,33.500
2026-07-18T00:23:06.116Z,usb,1,848316260,31626,8096256,256,6000,33.500
2026-07-18T00:23:06.159Z,usb,1,848316260,31627,8096512,256,6000,33.500
2026-07-18T00:23:06.202Z,usb,1,848316260,31628,8096768,256,6000,33.500
2026-07-18T00:23:06.244Z,usb,1,848316260,31629,8097024,256,6000,33.500
2026-07-18T00:23:06.286Z,usb,1,848316260,31630,8097280,256,6000,33.500
2026-07-18T00:23:06.329Z,usb,1,848316260,31631,8097536,256,6000,33.500
2026-07-18T00:23:06.371Z,usb,1,848316260,31632,8097792,256,6000,33.500
2026-07-18T00:23:06.414Z,usb,1,848316260,31633,8098048,256,6000,33.500
2026-07-18T00:23:06.456Z,usb,1,848316260,31634,8098304,256,6000,33.500
2026-07-18T00:23:06.499Z,usb,1,848316260,31635,8098560,256,6000,33.500
2026-07-18T00:23:06.542Z,usb,1,848316260,31636,8098816,256,6000,33.500
2026-07-18T00:23:06.584Z,usb,1,848316260,31637,8099072,256,6000,33.500
2026-07-18T00:23:06.627Z,usb,1,848316260,31638,8099328,256,6000,33.500
2026-07-18T00:23:06.669Z,usb,1,848316260,31639,8099584,256,6000,33.500
2026-07-18T00:23:06.712Z,usb,1,848316260,31640,8099840,256,6000,33.500
2026-07-18T00:23:06.755Z,usb,1,848316260,31641,8100096,256,6000,33.500
2026-07-18T00:23:06.797Z,usb,1,848316260,31642,8100352,256,6000,33.500
2026-07-18T00:23:06.839Z,usb,1,848316260,31643,8100608,256,6000,33.500
2026-07-18T00:23:06.882Z,usb,1,848316260,31644,8100864,256,6000,33.500
2026-07-18T00:23:06.924Z,usb,1,848316260,31645,8101120,256,6000,33.500
2026-07-18T00:23:06.967Z,usb,1,848316260,31646,8101376,256,6000,33.500
2026-07-18T00:23:07.009Z,usb,1,848316260,31647,8101632,256,6000,33.500
2026-07-18T00:23:07.052Z,usb,1,848316260,31648,8101888,256,6000,33.500
2026-07-18T00:23:07.094Z,usb,1,848316260,31649,8102144,256,6000,33.500
2026-07-18T00:23:07.137Z,usb,1,848316260,31650,8102400,256,6000,33.500
2026-07-18T00:23:07.179Z,usb,1,848316260,31651,8102656,256,6000,33.500
2026-07-18T00:23:07.222Z,usb,1,848316260,31652,8102912,256,6000,33.500
2026-07-18T00:23:07.265Z,usb,1,848316260,31653,8103168,256,6000,33.500
2026-07-18T00:23:07.307Z,usb,1,848316260,31654,8103424,256,6000,33.500
2026-07-18T00:23:07.349Z,usb,1,848316260,31655,8103680,256,6000,33.500
2026-07-18T00:23:07.392Z,usb,1,848316260,31656,8103936,256,6000,33.500
2026-07-18T00:23:07.434Z,usb,1,848316260,31657,8104192,256,6000,33.500
2026-07-18T00:23:07.477Z,usb,1,848316260,31658,8104448,256,6000,33.500
2026-07-18T00:23:07.520Z,usb,1,848316260,31659,8104704,256,6000,33.500
2026-07-18T00:23:07.563Z,usb,1,848316260,31660,8104960,256,6000,33.500
2026-07-18T00:23:07.605Z,usb,1,848316260,31661,8105216,256,6000,33.500
2026-07-18T00:23:07.648Z,usb,1,848316260,31662,8105472,256,6000,33.500
2026-07-18T00:23:07.690Z,usb,1,848316260,31663,8105728,256,6000,33.500
2026-07-18T00:23:07.733Z,usb,1,848316260,31664,8105984,256,6000,33.500
2026-07-18T00:23:07.775Z,usb,1,848316260,31665,8106240,256,6000,33.500
2026-07-18T00:23:07.818Z,usb,1,848316260,31666,8106496,256,6000,33.500
2026-07-18T00:23:07.860Z,usb,1,848316260,31667,8106752,256,6000,33.500
2026-07-18T00:23:07.903Z,usb,1,848316260,31668,8107008,256,6000,33.500
2026-07-18T00:23:07.945Z,usb,1,848316260,31669,8107264,256,6000,33.500
2026-07-18T00:23:07.987Z,usb,1,848316260,31670,8107520,256,6000,33.500
2026-07-18T00:23:08.030Z,usb,1,848316260,31671,8107776,256,6000,33.500
2026-07-18T00:23:08.073Z,usb,1,848316260,31672,8108032,256,6000,33.500
2026-07-18T00:23:08.115Z,usb,1,848316260,31673,8108288,256,6000,33.500
2026-07-18T00:23:08.158Z,usb,1,848316260,31674,8108544,256,6000,33.500
2026-07-18T00:23:08.200Z,usb,1,848316260,31675,8108800,256,6000,33.500
2026-07-18T00:23:08.243Z,usb,1,848316260,31676,8109056,256,6000,33.500
2026-07-18T00:23:08.285Z,usb,1,848316260,31677,8109312,256,6000,33.500
2026-07-18T00:23:08.328Z,usb,1,848316260,31678,8109568,256,6000,33.500
2026-07-18T00:23:08.370Z,usb,1,848316260,31679,8109824,256,6000,33.500
2026-07-18T00:23:08.413Z,usb,1,848316260,31680,8110080,256,6000,33.500
2026-07-18T00:23:08.455Z,usb,1,848316260,31681,8110336,256,6000,33.500
2026-07-18T00:23:08.498Z,usb,1,848316260,31682,8110592,256,6000,33.500
2026-07-18T00:23:08.541Z,usb,1,848316260,31683,8110848,256,6000,33.500
2026-07-18T00:23:08.583Z,usb,1,848316260,31684,8111104,256,6000,33.500
2026-07-18T00:23:08.626Z,usb,1,848316260,31685,8111360,256,6000,33.500
2026-07-18T00:23:08.668Z,usb,1,848316260,31686,8111616,256,6000,33.500
2026-07-18T00:23:08.711Z,usb,1,848316260,31687,8111872,256,6000,33.500
2026-07-18T00:23:08.753Z,usb,1,848316260,31688,8112128,256,6000,33.500
2026-07-18T00:23:08.796Z,usb,1,848316260,31689,8112384,256,6000,33.500
2026-07-18T00:23:08.838Z,usb,1,848316260,31690,8112640,256,6000,33.500
2026-07-18T00:23:08.881Z,usb,1,848316260,31691,8112896,256,6000,33.500
2026-07-18T00:23:08.923Z,usb,1,848316260,31692,8113152,256,6000,33.500
2026-07-18T00:23:08.966Z,usb,1,848316260,31693,8113408,256,6000,33.500
2026-07-18T00:23:09.009Z,usb,1,848316260,31694,8113664,256,6000,33.500
2026-07-18T00:23:09.051Z,usb,1,848316260,31695,8113920,256,6000,33.500
2026-07-18T00:23:09.093Z,usb,1,848316260,31696,8114176,256,6000,33.500
2026-07-18T00:23:09.136Z,usb,1,848316260,31697,8114432,256,6000,33.500
2026-07-18T00:23:09.178Z,usb,1,848316260,31698,8114688,256,6000,33.500
2026-07-18T00:23:09.221Z,usb,1,848316260,31699,8114944,256,6000,33.500
2026-07-18T00:23:09.263Z,usb,1,848316260,31700,8115200,256,6000,33.500
2026-07-18T00:23:09.306Z,usb,1,848316260,31701,8115456,256,6000,33.500
2026-07-18T00:23:09.348Z,usb,1,848316260,31702,8115712,256,6000,33.500
2026-07-18T00:23:09.391Z,usb,1,848316260,31703,8115968,256,6000,33.500
2026-07-18T00:23:09.433Z,usb,1,848316260,31704,8116224,256,6000,33.500
2026-07-18T00:23:09.476Z,usb,1,848316260,31705,8116480,256,6000,33.500
2026-07-18T00:23:09.519Z,usb,1,848316260,31706,8116736,256,6000,33.500
2026-07-18T00:23:09.562Z,usb,1,848316260,31707,8116992,256,6000,33.510
2026-07-18T00:23:09.604Z,usb,1,848316260,31708,8117248,256,6000,33.510
2026-07-18T00:23:09.647Z,usb,1,848316260,31709,8117504,256,6000,33.510
2026-07-18T00:23:09.689Z,usb,1,848316260,31710,8117760,256,6000,33.510
2026-07-18T00:23:09.732Z,usb,1,848316260,31711,8118016,256,6000,33.510
2026-07-18T00:23:09.774Z,usb,1,848316260,31712,8118272,256,6000,33.510
2026-07-18T00:23:09.817Z,usb,1,848316260,31713,8118528,256,6000,33.510
2026-07-18T00:23:09.859Z,usb,1,848316260,31714,8118784,256,6000,33.510
2026-07-18T00:23:09.902Z,usb,1,848316260,31715,8119040,256,6000,33.510
2026-07-18T00:23:09.944Z,usb,1,848316260,31716,8119296,256,6000,33.510
2026-07-18T00:23:09.987Z,usb,1,848316260,31717,8119552,256,6000,33.510
2026-07-18T00:23:10.029Z,usb,1,848316260,31718,8119808,256,6000,33.510
2026-07-18T00:23:10.072Z,usb,1,848316260,31719,8120064,256,6000,33.510
2026-07-18T00:23:10.114Z,usb,1,848316260,31720,8120320,256,6000,33.510
2026-07-18T00:23:10.157Z,usb,1,848316260,31721,8120576,256,6000,33.510
2026-07-18T00:23:10.199Z,usb,1,848316260,31722,8120832,256,6000,33.510
2026-07-18T00:23:10.242Z,usb,1,848316260,31723,8121088,256,6000,33.510
2026-07-18T00:23:10.284Z,usb,1,848316260,31724,8121344,256,6000,33.510
2026-07-18T00:23:10.326Z,usb,1,848316260,31725,8121600,256,6000,33.510
2026-07-18T00:23:10.369Z,usb,1,848316260,31726,8121856,256,6000,33.510
2026-07-18T00:23:10.412Z,usb,1,848316260,31727,8122112,256,6000,33.510
2026-07-18T00:23:10.454Z,usb,1,848316260,31728,8122368,256,6000,33.510
2026-07-18T00:23:10.497Z,usb,1,848316260,31729,8122624,256,6000,33.510
2026-07-18T00:23:10.539Z,usb,1,848316260,31730,8122880,256,6000,33.510
2026-07-18T00:23:10.582Z,usb,1,848316260,31731,8123136,256,6000,33.500
2026-07-18T00:23:10.625Z,usb,1,848316260,31732,8123392,256,6000,33.500
2026-07-18T00:23:10.667Z,usb,1,848316260,31733,8123648,256,6000,33.500
2026-07-18T00:23:10.710Z,usb,1,848316260,31734,8123904,256,6000,33.500
2026-07-18T00:23:10.752Z,usb,1,848316260,31735,8124160,256,6000,33.500
2026-07-18T00:23:10.795Z,usb,1,848316260,31736,8124416,256,6000,33.500
2026-07-18T00:23:10.837Z,usb,1,848316260,31737,8124672,256,6000,33.500
2026-07-18T00:23:10.880Z,usb,1,848316260,31738,8124928,256,6000,33.500
2026-07-18T00:23:10.922Z,usb,1,848316260,31739,8125184,256,6000,33.500
2026-07-18T00:23:10.965Z,usb,1,848316260,31740,8125440,256,6000,33.500
2026-07-18T00:23:11.007Z,usb,1,848316260,31741,8125696,256,6000,33.500
2026-07-18T00:23:11.050Z,usb,1,848316260,31742,8125952,256,6000,33.500
2026-07-18T00:23:11.092Z,usb,1,848316260,31743,8126208,256,6000,33.500
2026-07-18T00:23:11.135Z,usb,1,848316260,31744,8126464,256,6000,33.500
2026-07-18T00:23:11.177Z,usb,1,848316260,31745,8126720,256,6000,33.500
2026-07-18T00:23:11.220Z,usb,1,848316260,31746,8126976,256,6000,33.500
2026-07-18T00:23:11.262Z,usb,1,848316260,31747,8127232,256,6000,33.500
2026-07-18T00:23:11.305Z,usb,1,848316260,31748,8127488,256,6000,33.500
2026-07-18T00:23:11.347Z,usb,1,848316260,31749,8127744,256,6000,33.500
2026-07-18T00:23:11.390Z,usb,1,848316260,31750,8128000,256,6000,33.500
2026-07-18T00:23:11.432Z,usb,1,848316260,31751,8128256,256,6000,33.500
2026-07-18T00:23:11.475Z,usb,1,848316260,31752,8128512,256,6000,33.500
2026-07-18T00:23:11.517Z,usb,1,848316260,31753,8128768,256,6000,33.500
2026-07-18T00:23:11.560Z,usb,1,848316260,31754,8129024,256,6000,33.500
2026-07-18T00:23:11.603Z,usb,1,848316260,31755,8129280,256,6000,33.500
2026-07-18T00:23:11.646Z,usb,1,848316260,31756,8129536,256,6000,33.500
2026-07-18T00:23:11.688Z,usb,1,848316260,31757,8129792,256,6000,33.500
2026-07-18T00:23:11.731Z,usb,1,848316260,31758,8130048,256,6000,33.500
2026-07-18T00:23:11.773Z,usb,1,848316260,31759,8130304,256,6000,33.500
2026-07-18T00:23:11.816Z,usb,1,848316260,31760,8130560,256,6000,33.500
2026-07-18T00:23:11.858Z,usb,1,848316260,31761,8130816,256,6000,33.500
2026-07-18T00:23:11.901Z,usb,1,848316260,31762,8131072,256,6000,33.500
2026-07-18T00:23:11.943Z,usb,1,848316260,31763,8131328,256,6000,33.500
2026-07-18T00:23:11.986Z,usb,1,848316260,31764,8131584,256,6000,33.500
2026-07-18T00:23:12.028Z,usb,1,848316260,31765,8131840,256,6000,33.500
2026-07-18T00:23:12.071Z,usb,1,848316260,31766,8132096,256,6000,33.500
2026-07-18T00:23:12.113Z,usb,1,848316260,31767,8132352,256,6000,33.500
2026-07-18T00:23:12.156Z,usb,1,848316260,31768,8132608,256,6000,33.500
2026-07-18T00:23:12.198Z,usb,1,848316260,31769,8132864,256,6000,33.500
2026-07-18T00:23:12.241Z,usb,1,848316260,31770,8133120,256,6000,33.500
2026-07-18T00:23:12.283Z,usb,1,848316260,31771,8133376,256,6000,33.500
2026-07-18T00:23:12.326Z,usb,1,848316260,31772,8133632,256,6000,33.500
2026-07-18T00:23:12.368Z,usb,1,848316260,31773,8133888,256,6000,33.500
2026-07-18T00:23:12.411Z,usb,1,848316260,31774,8134144,256,6000,33.500
2026-07-18T00:23:12.453Z,usb,1,848316260,31775,8134400,256,6000,33.500
2026-07-18T00:23:12.496Z,usb,1,848316260,31776,8134656,256,6000,33.500
2026-07-18T00:23:12.538Z,usb,1,848316260,31777,8134912,256,6000,33.500
2026-07-18T00:23:12.581Z,usb,1,848316260,31778,8135168,256,6000,33.500
2026-07-18T00:23:12.624Z,usb,1,848316260,31779,8135424,256,6000,33.500
2026-07-18T00:23:12.666Z,usb,1,848316260,31780,8135680,256,6000,33.500
2026-07-18T00:23:12.709Z,usb,1,848316260,31781,8135936,256,6000,33.500
2026-07-18T00:23:12.752Z,usb,1,848316260,31782,8136192,256,6000,33.500
2026-07-18T00:23:12.794Z,usb,1,848316260,31783,8136448,256,6000,33.500
2026-07-18T00:23:12.837Z,usb,1,848316260,31784,8136704,256,6000,33.500
2026-07-18T00:23:12.879Z,usb,1,848316260,31785,8136960,256,6000,33.500
2026-07-18T00:23:12.921Z,usb,1,848316260,31786,8137216,256,6000,33.500
2026-07-18T00:23:12.964Z,usb,1,848316260,31787,8137472,256,6000,33.500
2026-07-18T00:23:13.006Z,usb,1,848316260,31788,8137728,256,6000,33.500
2026-07-18T00:23:13.049Z,usb,1,848316260,31789,8137984,256,6000,33.500
2026-07-18T00:23:13.092Z,usb,1,848316260,31790,8138240,256,6000,33.500
2026-07-18T00:23:13.134Z,usb,1,848316260,31791,8138496,256,6000,33.500
2026-07-18T00:23:13.176Z,usb,1,848316260,31792,8138752,256,6000,33.500
2026-07-18T00:23:13.219Z,usb,1,848316260,31793,8139008,256,6000,33.500
2026-07-18T00:23:13.261Z,usb,1,848316260,31794,8139264,256,6000,33.500
2026-07-18T00:23:13.304Z,usb,1,848316260,31795,8139520,256,6000,33.500
2026-07-18T00:23:13.346Z,usb,1,848316260,31796,8139776,256,6000,33.500
2026-07-18T00:23:13.389Z,usb,1,848316260,31797,8140032,256,6000,33.500
2026-07-18T00:23:13.431Z,usb,1,848316260,31798,8140288,256,6000,33.500
2026-07-18T00:23:13.474Z,usb,1,848316260,31799,8140544,256,6000,33.500
2026-07-18T00:23:13.516Z,usb,1,848316260,31800,8140800,256,6000,33.500
2026-07-18T00:23:13.559Z,usb,1,848316260,31801,8141056,256,6000,33.500
2026-07-18T00:23:13.601Z,usb,1,848316260,31802,8141312,256,6000,33.500
2026-07-18T00:23:13.645Z,usb,1,848316260,31803,8141568,256,6000,33.500
2026-07-18T00:23:13.687Z,usb,1,848316260,31804,8141824,256,6000,33.500
2026-07-18T00:23:13.730Z,usb,1,848316260,31805,8142080,256,6000,33.500
2026-07-18T00:23:13.772Z,usb,1,848316260,31806,8142336,256,6000,33.500
2026-07-18T00:23:13.815Z,usb,1,848316260,31807,8142592,256,6000,33.500
2026-07-18T00:23:13.857Z,usb,1,848316260,31808,8142848,256,6000,33.500
2026-07-18T00:23:13.900Z,usb,1,848316260,31809,8143104,256,6000,33.500
2026-07-18T00:23:13.942Z,usb,1,848316260,31810,8143360,256,6000,33.500
2026-07-18T00:23:13.985Z,usb,1,848316260,31811,8143616,256,6000,33.500
2026-07-18T00:23:14.027Z,usb,1,848316260,31812,8143872,256,6000,33.500
2026-07-18T00:23:14.070Z,usb,1,848316260,31813,8144128,256,6000,33.500
2026-07-18T00:23:14.112Z,usb,1,848316260,31814,8144384,256,6000,33.500
2026-07-18T00:23:14.155Z,usb,1,848316260,31815,8144640,256,6000,33.500
2026-07-18T00:23:14.197Z,usb,1,848316260,31816,8144896,256,6000,33.500
2026-07-18T00:23:14.240Z,usb,1,848316260,31817,8145152,256,6000,33.500
2026-07-18T00:23:14.282Z,usb,1,848316260,31818,8145408,256,6000,33.500
2026-07-18T00:23:14.325Z,usb,1,848316260,31819,8145664,256,6000,33.500
2026-07-18T00:23:14.367Z,usb,1,848316260,31820,8145920,256,6000,33.500
2026-07-18T00:23:14.410Z,usb,1,848316260,31821,8146176,256,6000,33.500
2026-07-18T00:23:14.452Z,usb,1,848316260,31822,8146432,256,6000,33.500
2026-07-18T00:23:14.494Z,usb,1,848316260,31823,8146688,256,6000,33.500
2026-07-18T00:23:14.537Z,usb,1,848316260,31824,8146944,256,6000,33.500
2026-07-18T00:23:14.580Z,usb,1,848316260,31825,8147200,256,6000,33.500
2026-07-18T00:23:14.622Z,usb,1,848316260,31826,8147456,256,6000,33.500
2026-07-18T00:23:14.665Z,usb,1,848316260,31827,8147712,256,6000,33.500
2026-07-18T00:23:14.708Z,usb,1,848316260,31828,8147968,256,6000,33.500
2026-07-18T00:23:14.750Z,usb,1,848316260,31829,8148224,256,6000,33.500
2026-07-18T00:23:14.793Z,usb,1,848316260,31830,8148480,256,6000,33.500
2026-07-18T00:23:14.836Z,usb,1,848316260,31831,8148736,256,6000,33.500
2026-07-18T00:23:14.878Z,usb,1,848316260,31832,8148992,256,6000,33.500
2026-07-18T00:23:14.920Z,usb,1,848316260,31833,8149248,256,6000,33.500
2026-07-18T00:23:14.963Z,usb,1,848316260,31834,8149504,256,6000,33.500
2026-07-18T00:23:15.005Z,usb,1,848316260,31835,8149760,256,6000,33.500
2026-07-18T00:23:15.048Z,usb,1,848316260,31836,8150016,256,6000,33.500
2026-07-18T00:23:15.090Z,usb,1,848316260,31837,8150272,256,6000,33.500
2026-07-18T00:23:15.133Z,usb,1,848316260,31838,8150528,256,6000,33.500
2026-07-18T00:23:15.175Z,usb,1,848316260,31839,8150784,256,6000,33.500
2026-07-18T00:23:15.218Z,usb,1,848316260,31840,8151040,256,6000,33.500
2026-07-18T00:23:15.260Z,usb,1,848316260,31841,8151296,256,6000,33.500
2026-07-18T00:23:15.303Z,usb,1,848316260,31842,8151552,256,6000,33.500
2026-07-18T00:23:15.346Z,usb,1,848316260,31843,8151808,256,6000,33.500
2026-07-18T00:23:15.388Z,usb,1,848316260,31844,8152064,256,6000,33.500
2026-07-18T00:23:15.430Z,usb,1,848316260,31845,8152320,256,6000,33.500
2026-07-18T00:23:15.473Z,usb,1,848316260,31846,8152576,256,6000,33.500
2026-07-18T00:23:15.515Z,usb,1,848316260,31847,8152832,256,6000,33.500
2026-07-18T00:23:15.558Z,usb,1,848316260,31848,8153088,256,6000,33.500
2026-07-18T00:23:15.600Z,usb,1,848316260,31849,8153344,256,6000,33.500
2026-07-18T00:23:15.643Z,usb,1,848316260,31850,8153600,256,6000,33.500
2026-07-18T00:23:15.686Z,usb,1,848316260,31851,8153856,256,6000,33.500
2026-07-18T00:23:15.729Z,usb,1,848316260,31852,8154112,256,6000,33.500
2026-07-18T00:23:15.771Z,usb,1,848316260,31853,8154368,256,6000,33.500
2026-07-18T00:23:15.814Z,usb,1,848316260,31854,8154624,256,6000,33.500
2026-07-18T00:23:15.856Z,usb,1,848316260,31855,8154880,256,6000,33.500
2026-07-18T00:23:15.899Z,usb,1,848316260,31856,8155136,256,6000,33.500
2026-07-18T00:23:15.941Z,usb,1,848316260,31857,8155392,256,6000,33.500
2026-07-18T00:23:15.984Z,usb,1,848316260,31858,8155648,256,6000,33.500
2026-07-18T00:23:16.026Z,usb,1,848316260,31859,8155904,256,6000,33.500
2026-07-18T00:23:16.069Z,usb,1,848316260,31860,8156160,256,6000,33.500
2026-07-18T00:23:16.111Z,usb,1,848316260,31861,8156416,256,6000,33.500
2026-07-18T00:23:16.154Z,usb,1,848316260,31862,8156672,256,6000,33.500
2026-07-18T00:23:16.196Z,usb,1,848316260,31863,8156928,256,6000,33.500
2026-07-18T00:23:16.239Z,usb,1,848316260,31864,8157184,256,6000,33.500
2026-07-18T00:23:16.281Z,usb,1,848316260,31865,8157440,256,6000,33.500
2026-07-18T00:23:16.324Z,usb,1,848316260,31866,8157696,256,6000,33.500
2026-07-18T00:23:16.366Z,usb,1,848316260,31867,8157952,256,6000,33.500
2026-07-18T00:23:16.409Z,usb,1,848316260,31868,8158208,256,6000,33.500
2026-07-18T00:23:16.451Z,usb,1,848316260,31869,8158464,256,6000,33.500
2026-07-18T00:23:16.494Z,usb,1,848316260,31870,8158720,256,6000,33.500
2026-07-18T00:23:16.536Z,usb,1,848316260,31871,8158976,256,6000,33.500
2026-07-18T00:23:16.579Z,usb,1,848316260,31872,8159232,256,6000,33.500
2026-07-18T00:23:16.621Z,usb,1,848316260,31873,8159488,256,6000,33.500
2026-07-18T00:23:16.664Z,usb,1,848316260,31874,8159744,256,6000,33.500
2026-07-18T00:23:16.707Z,usb,1,848316260,31875,8160000,256,6000,33.500
2026-07-18T00:23:16.749Z,usb,1,848316260,31876,8160256,256,6000,33.500
2026-07-18T00:23:16.792Z,usb,1,848316260,31877,8160512,256,6000,33.500
2026-07-18T00:23:16.834Z,usb,1,848316260,31878,8160768,256,6000,33.500
2026-07-18T00:23:16.877Z,usb,1,848316260,31879,8161024,256,6000,33.500
2026-07-18T00:23:16.919Z,usb,1,848316260,31880,8161280,256,6000,33.500
2026-07-18T00:23:16.962Z,usb,1,848316260,31881,8161536,256,6000,33.500
2026-07-18T00:23:17.004Z,usb,1,848316260,31882,8161792,256,6000,33.500
2026-07-18T00:23:17.047Z,usb,1,848316260,31883,8162048,256,6000,33.500
2026-07-18T00:23:17.089Z,usb,1,848316260,31884,8162304,256,6000,33.500
2026-07-18T00:23:17.132Z,usb,1,848316260,31885,8162560,256,6000,33.500
2026-07-18T00:23:17.174Z,usb,1,848316260,31886,8162816,256,6000,33.500
2026-07-18T00:23:17.217Z,usb,1,848316260,31887,8163072,256,6000,33.500
2026-07-18T00:23:17.259Z,usb,1,848316260,31888,8163328,256,6000,33.500
2026-07-18T00:23:17.302Z,usb,1,848316260,31889,8163584,256,6000,33.500
2026-07-18T00:23:17.344Z,usb,1,848316260,31890,8163840,256,6000,33.500
2026-07-18T00:23:17.387Z,usb,1,848316260,31891,8164096,256,6000,33.500
2026-07-18T00:23:17.429Z,usb,1,848316260,31892,8164352,256,6000,33.500
2026-07-18T00:23:17.472Z,usb,1,848316260,31893,8164608,256,6000,33.500
2026-07-18T00:23:17.514Z,usb,1,848316260,31894,8164864,256,6000,33.500
2026-07-18T00:23:17.557Z,usb,1,848316260,31895,8165120,256,6000,33.500
2026-07-18T00:23:17.600Z,usb,1,848316260,31896,8165376,256,6000,33.500
2026-07-18T00:23:17.642Z,usb,1,848316260,31897,8165632,256,6000,33.500
2026-07-18T00:23:17.684Z,usb,1,848316260,31898,8165888,256,6000,33.500
2026-07-18T00:23:17.728Z,usb,1,848316260,31899,8166144,256,6000,33.500
2026-07-18T00:23:17.770Z,usb,1,848316260,31900,8166400,256,6000,33.500
2026-07-18T00:23:17.813Z,usb,1,848316260,31901,8166656,256,6000,33.500
2026-07-18T00:23:17.855Z,usb,1,848316260,31902,8166912,256,6000,33.500
2026-07-18T00:23:17.898Z,usb,1,848316260,31903,8167168,256,6000,33.500
2026-07-18T00:23:17.940Z,usb,1,848316260,31904,8167424,256,6000,33.500
2026-07-18T00:23:17.982Z,usb,1,848316260,31905,8167680,256,6000,33.500
2026-07-18T00:23:18.025Z,usb,1,848316260,31906,8167936,256,6000,33.500
2026-07-18T00:23:18.067Z,usb,1,848316260,31907,8168192,256,6000,33.500
2026-07-18T00:23:18.110Z,usb,1,848316260,31908,8168448,256,6000,33.500
2026-07-18T00:23:18.153Z,usb,1,848316260,31909,8168704,256,6000,33.500
2026-07-18T00:23:18.195Z,usb,1,848316260,31910,8168960,256,6000,33.500
2026-07-18T00:23:18.238Z,usb,1,848316260,31911,8169216,256,6000,33.500
2026-07-18T00:23:18.280Z,usb,1,848316260,31912,8169472,256,6000,33.500
2026-07-18T00:23:18.323Z,usb,1,848316260,31913,8169728,256,6000,33.500
2026-07-18T00:23:18.365Z,usb,1,848316260,31914,8169984,256,6000,33.500
2026-07-18T00:23:18.407Z,usb,1,848316260,31915,8170240,256,6000,33.500
2026-07-18T00:23:18.450Z,usb,1,848316260,31916,8170496,256,6000,33.500
2026-07-18T00:23:18.493Z,usb,1,848316260,31917,8170752,256,6000,33.500
2026-07-18T00:23:18.535Z,usb,1,848316260,31918,8171008,256,6000,33.500
2026-07-18T00:23:18.578Z,usb,1,848316260,31919,8171264,256,6000,33.500
2026-07-18T00:23:18.620Z,usb,1,848316260,31920,8171520,256,6000,33.500
2026-07-18T00:23:18.663Z,usb,1,848316260,31921,8171776,256,6000,33.500
2026-07-18T00:23:18.705Z,usb,1,848316260,31922,8172032,256,6000,33.500
2026-07-18T00:23:18.748Z,usb,1,848316260,31923,8172288,256,6000,33.500
2026-07-18T00:23:18.791Z,usb,1,848316260,31924,8172544,256,6000,33.500
2026-07-18T00:23:18.833Z,usb,1,848316260,31925,8172800,256,6000,33.500
2026-07-18T00:23:18.876Z,usb,1,848316260,31926,8173056,256,6000,33.500
2026-07-18T00:23:18.918Z,usb,1,848316260,31927,8173312,256,6000,33.500
2026-07-18T00:23:18.961Z,usb,1,848316260,31928,8173568,256,6000,33.500
2026-07-18T00:23:19.003Z,usb,1,848316260,31929,8173824,256,6000,33.500
2026-07-18T00:23:19.046Z,usb,1,848316260,31930,8174080,256,6000,33.500
2026-07-18T00:23:19.088Z,usb,1,848316260,31931,8174336,256,6000,33.500
2026-07-18T00:23:19.131Z,usb,1,848316260,31932,8174592,256,6000,33.500
2026-07-18T00:23:19.173Z,usb,1,848316260,31933,8174848,256,6000,33.500
2026-07-18T00:23:19.216Z,usb,1,848316260,31934,8175104,256,6000,33.500
2026-07-18T00:23:19.258Z,usb,1,848316260,31935,8175360,256,6000,33.500
2026-07-18T00:23:19.301Z,usb,1,848316260,31936,8175616,256,6000,33.500
2026-07-18T00:23:19.343Z,usb,1,848316260,31937,8175872,256,6000,33.500
2026-07-18T00:23:19.386Z,usb,1,848316260,31938,8176128,256,6000,33.500
2026-07-18T00:23:19.428Z,usb,1,848316260,31939,8176384,256,6000,33.500
2026-07-18T00:23:19.471Z,usb,1,848316260,31940,8176640,256,6000,33.500
2026-07-18T00:23:19.513Z,usb,1,848316260,31941,8176896,256,6000,33.500
2026-07-18T00:23:19.556Z,usb,1,848316260,31942,8177152,256,6000,33.500
2026-07-18T00:23:19.598Z,usb,1,848316260,31943,8177408,256,6000,33.500
2026-07-18T00:23:19.641Z,usb,1,848316260,31944,8177664,256,6000,33.500
2026-07-18T00:23:19.683Z,usb,1,848316260,31945,8177920,256,6000,33.500
2026-07-18T00:23:19.726Z,usb,1,848316260,31946,8178176,256,6000,33.500
2026-07-18T00:23:19.769Z,usb,1,848316260,31947,8178432,256,6000,33.500
2026-07-18T00:23:19.811Z,usb,1,848316260,31948,8178688,256,6000,33.500
2026-07-18T00:23:19.854Z,usb,1,848316260,31949,8178944,256,6000,33.500
2026-07-18T00:23:19.896Z,usb,1,848316260,31950,8179200,256,6000,33.500
2026-07-18T00:23:19.939Z,usb,1,848316260,31951,8179456,256,6000,33.500
2026-07-18T00:23:19.982Z,usb,1,848316260,31952,8179712,256,6000,33.500
2026-07-18T00:23:20.024Z,usb,1,848316260,31953,8179968,256,6000,33.500
2026-07-18T00:23:20.067Z,usb,1,848316260,31954,8180224,256,6000,33.500
2026-07-18T00:23:20.109Z,usb,1,848316260,31955,8180480,256,6000,33.500
2026-07-18T00:23:20.151Z,usb,1,848316260,31956,8180736,256,6000,33.500
2026-07-18T00:23:20.194Z,usb,1,848316260,31957,8180992,256,6000,33.500
2026-07-18T00:23:20.236Z,usb,1,848316260,31958,8181248,256,6000,33.500
2026-07-18T00:23:20.279Z,usb,1,848316260,31959,8181504,256,6000,33.500
2026-07-18T00:23:20.322Z,usb,1,848316260,31960,8181760,256,6000,33.500
2026-07-18T00:23:20.364Z,usb,1,848316260,31961,8182016,256,6000,33.500
2026-07-18T00:23:20.407Z,usb,1,848316260,31962,8182272,256,6000,33.500
2026-07-18T00:23:20.449Z,usb,1,848316260,31963,8182528,256,6000,33.500
2026-07-18T00:23:20.492Z,usb,1,848316260,31964,8182784,256,6000,33.500
2026-07-18T00:23:20.534Z,usb,1,848316260,31965,8183040,256,6000,33.500
2026-07-18T00:23:20.577Z,usb,1,848316260,31966,8183296,256,6000,33.500
2026-07-18T00:23:20.619Z,usb,1,848316260,31967,8183552,256,6000,33.500
2026-07-18T00:23:20.661Z,usb,1,848316260,31968,8183808,256,6000,33.500
2026-07-18T00:23:20.704Z,usb,1,848316260,31969,8184064,256,6000,33.500
2026-07-18T00:23:20.746Z,usb,1,848316260,31970,8184320,256,6000,33.500
2026-07-18T00:23:20.790Z,usb,1,848316260,31971,8184576,256,6000,33.500
2026-07-18T00:23:20.832Z,usb,1,848316260,31972,8184832,256,6000,33.500
2026-07-18T00:23:20.875Z,usb,1,848316260,31973,8185088,256,6000,33.500
2026-07-18T00:23:20.917Z,usb,1,848316260,31974,8185344,256,6000,33.500
2026-07-18T00:23:20.960Z,usb,1,848316260,31975,8185600,256,6000,33.500
2026-07-18T00:23:21.002Z,usb,1,848316260,31976,8185856,256,6000,33.500
2026-07-18T00:23:21.045Z,usb,1,848316260,31977,8186112,256,6000,33.500
2026-07-18T00:23:21.087Z,usb,1,848316260,31978,8186368,256,6000,33.500
2026-07-18T00:23:21.130Z,usb,1,848316260,31979,8186624,256,6000,33.500
2026-07-18T00:23:21.172Z,usb,1,848316260,31980,8186880,256,6000,33.500
2026-07-18T00:23:21.215Z,usb,1,848316260,31981,8187136,256,6000,33.500
2026-07-18T00:23:21.257Z,usb,1,848316260,31982,8187392,256,6000,33.500
2026-07-18T00:23:21.300Z,usb,1,848316260,31983,8187648,256,6000,33.500
2026-07-18T00:23:21.342Z,usb,1,848316260,31984,8187904,256,6000,33.500
2026-07-18T00:23:21.385Z,usb,1,848316260,31985,8188160,256,6000,33.500
2026-07-18T00:23:21.427Z,usb,1,848316260,31986,8188416,256,6000,33.500
2026-07-18T00:23:21.470Z,usb,1,848316260,31987,8188672,256,6000,33.500
2026-07-18T00:23:21.512Z,usb,1,848316260,31988,8188928,256,6000,33.500
2026-07-18T00:23:21.555Z,usb,1,848316260,31989,8189184,256,6000,33.500
2026-07-18T00:23:21.597Z,usb,1,848316260,31990,8189440,256,6000,33.500
2026-07-18T00:23:21.640Z,usb,1,848316260,31991,8189696,256,6000,33.500
2026-07-18T00:23:21.682Z,usb,1,848316260,31992,8189952,256,6000,33.500
2026-07-18T00:23:21.725Z,usb,1,848316260,31993,8190208,256,6000,33.500
2026-07-18T00:23:21.767Z,usb,1,848316260,31994,8190464,256,6000,33.500
2026-07-18T00:23:21.810Z,usb,1,848316260,31995,8190720,256,6000,33.500
2026-07-18T00:23:21.853Z,usb,1,848316260,31996,8190976,256,6000,33.500
2026-07-18T00:23:21.896Z,usb,1,848316260,31997,8191232,256,6000,33.500
2026-07-18T00:23:21.938Z,usb,1,848316260,31998,8191488,256,6000,33.500
2026-07-18T00:23:21.981Z,usb,1,848316260,31999,8191744,256,6000,33.500
2026-07-18T00:23:22.023Z,usb,1,848316260,32000,8192000,256,6000,33.500
2026-07-18T00:23:22.065Z,usb,1,848316260,32001,8192256,256,6000,33.500
2026-07-18T00:23:22.108Z,usb,1,848316260,32002,8192512,256,6000,33.500
2026-07-18T00:23:22.151Z,usb,1,848316260,32003,8192768,256,6000,33.500
2026-07-18T00:23:22.193Z,usb,1,848316260,32004,8193024,256,6000,33.500
2026-07-18T00:23:22.236Z,usb,1,848316260,32005,8193280,256,6000,33.500
2026-07-18T00:23:22.278Z,usb,1,848316260,32006,8193536,256,6000,33.500
2026-07-18T00:23:22.320Z,usb,1,848316260,32007,8193792,256,6000,33.500
2026-07-18T00:23:22.363Z,usb,1,848316260,32008,8194048,256,6000,33.500
2026-07-18T00:23:22.406Z,usb,1,848316260,32009,8194304,256,6000,33.500
2026-07-18T00:23:22.448Z,usb,1,848316260,32010,8194560,256,6000,33.500
2026-07-18T00:23:22.491Z,usb,1,848316260,32011,8194816,256,6000,33.500
2026-07-18T00:23:22.533Z,usb,1,848316260,32012,8195072,256,6000,33.500
2026-07-18T00:23:22.576Z,usb,1,848316260,32013,8195328,256,6000,33.500
2026-07-18T00:23:22.618Z,usb,1,848316260,32014,8195584,256,6000,33.500
2026-07-18T00:23:22.661Z,usb,1,848316260,32015,8195840,256,6000,33.500
2026-07-18T00:23:22.703Z,usb,1,848316260,32016,8196096,256,6000,33.500
2026-07-18T00:23:22.746Z,usb,1,848316260,32017,8196352,256,6000,33.500
2026-07-18T00:23:22.788Z,usb,1,848316260,32018,8196608,256,6000,33.500
2026-07-18T00:23:22.831Z,usb,1,848316260,32019,8196864,256,6000,33.500
2026-07-18T00:23:22.874Z,usb,1,848316260,32020,8197120,256,6000,33.500
2026-07-18T00:23:22.916Z,usb,1,848316260,32021,8197376,256,6000,33.500
2026-07-18T00:23:22.959Z,usb,1,848316260,32022,8197632,256,6000,33.500
2026-07-18T00:23:23.001Z,usb,1,848316260,32023,8197888,256,6000,33.500
2026-07-18T00:23:23.044Z,usb,1,848316260,32024,8198144,256,6000,33.500
2026-07-18T00:23:23.086Z,usb,1,848316260,32025,8198400,256,6000,33.500
2026-07-18T00:23:23.129Z,usb,1,848316260,32026,8198656,256,6000,33.500
2026-07-18T00:23:23.171Z,usb,1,848316260,32027,8198912,256,6000,33.500
2026-07-18T00:23:23.214Z,usb,1,848316260,32028,8199168,256,6000,33.500
2026-07-18T00:23:23.256Z,usb,1,848316260,32029,8199424,256,6000,33.500
2026-07-18T00:23:23.299Z,usb,1,848316260,32030,8199680,256,6000,33.500
2026-07-18T00:23:23.341Z,usb,1,848316260,32031,8199936,256,6000,33.500
2026-07-18T00:23:23.384Z,usb,1,848316260,32032,8200192,256,6000,33.500
2026-07-18T00:23:23.426Z,usb,1,848316260,32033,8200448,256,6000,33.500
2026-07-18T00:23:23.469Z,usb,1,848316260,32034,8200704,256,6000,33.500
2026-07-18T00:23:23.511Z,usb,1,848316260,32035,8200960,256,6000,33.500
2026-07-18T00:23:23.554Z,usb,1,848316260,32036,8201216,256,6000,33.500
2026-07-18T00:23:23.596Z,usb,1,848316260,32037,8201472,256,6000,33.500
2026-07-18T00:23:23.639Z,usb,1,848316260,32038,8201728,256,6000,33.500
2026-07-18T00:23:23.681Z,usb,1,848316260,32039,8201984,256,6000,33.500
2026-07-18T00:23:23.724Z,usb,1,848316260,32040,8202240,256,6000,33.500
2026-07-18T00:23:23.766Z,usb,1,848316260,32041,8202496,256,6000,33.500
2026-07-18T00:23:23.809Z,usb,1,848316260,32042,8202752,256,6000,33.500
2026-07-18T00:23:23.852Z,usb,1,848316260,32043,8203008,256,6000,33.500
2026-07-18T00:23:23.895Z,usb,1,848316260,32044,8203264,256,6000,33.500
2026-07-18T00:23:23.937Z,usb,1,848316260,32045,8203520,256,6000,33.500
2026-07-18T00:23:23.980Z,usb,1,848316260,32046,8203776,256,6000,33.500
2026-07-18T00:23:24.022Z,usb,1,848316260,32047,8204032,256,6000,33.500
2026-07-18T00:23:24.065Z,usb,1,848316260,32048,8204288,256,6000,33.500
2026-07-18T00:23:24.107Z,usb,1,848316260,32049,8204544,256,6000,33.500
2026-07-18T00:23:24.150Z,usb,1,848316260,32050,8204800,256,6000,33.500
2026-07-18T00:23:24.192Z,usb,1,848316260,32051,8205056,256,6000,33.500
2026-07-18T00:23:24.235Z,usb,1,848316260,32052,8205312,256,6000,33.500
2026-07-18T00:23:24.277Z,usb,1,848316260,32053,8205568,256,6000,33.500
2026-07-18T00:23:24.320Z,usb,1,848316260,32054,8205824,256,6000,33.500
2026-07-18T00:23:24.362Z,usb,1,848316260,32055,8206080,256,6000,33.500
2026-07-18T00:23:24.405Z,usb,1,848316260,32056,8206336,256,6000,33.500
2026-07-18T00:23:24.447Z,usb,1,848316260,32057,8206592,256,6000,33.500
2026-07-18T00:23:24.490Z,usb,1,848316260,32058,8206848,256,6000,33.500
2026-07-18T00:23:24.532Z,usb,1,848316260,32059,8207104,256,6000,33.500
2026-07-18T00:23:24.575Z,usb,1,848316260,32060,8207360,256,6000,33.500
2026-07-18T00:23:24.617Z,usb,1,848316260,32061,8207616,256,6000,33.500
2026-07-18T00:23:24.660Z,usb,1,848316260,32062,8207872,256,6000,33.500
2026-07-18T00:23:24.702Z,usb,1,848316260,32063,8208128,256,6000,33.500
2026-07-18T00:23:24.745Z,usb,1,848316260,32064,8208384,256,6000,33.500
2026-07-18T00:23:24.787Z,usb,1,848316260,32065,8208640,256,6000,33.500
2026-07-18T00:23:24.830Z,usb,1,848316260,32066,8208896,256,6000,33.500
2026-07-18T00:23:24.873Z,usb,1,848316260,32067,8209152,256,6000,33.500
2026-07-18T00:23:24.915Z,usb,1,848316260,32068,8209408,256,6000,33.500
2026-07-18T00:23:24.958Z,usb,1,848316260,32069,8209664,256,6000,33.500
2026-07-18T00:23:25.000Z,usb,1,848316260,32070,8209920,256,6000,33.500
2026-07-18T00:23:25.043Z,usb,1,848316260,32071,8210176,256,6000,33.500
2026-07-18T00:23:25.085Z,usb,1,848316260,32072,8210432,256,6000,33.500
2026-07-18T00:23:25.128Z,usb,1,848316260,32073,8210688,256,6000,33.500
2026-07-18T00:23:25.170Z,usb,1,848316260,32074,8210944,256,6000,33.500
2026-07-18T00:23:25.213Z,usb,1,848316260,32075,8211200,256,6000,33.500
2026-07-18T00:23:25.255Z,usb,1,848316260,32076,8211456,256,6000,33.500
2026-07-18T00:23:25.298Z,usb,1,848316260,32077,8211712,256,6000,33.500
2026-07-18T00:23:25.340Z,usb,1,848316260,32078,8211968,256,6000,33.500
2026-07-18T00:23:25.383Z,usb,1,848316260,32079,8212224,256,6000,33.500
2026-07-18T00:23:25.425Z,usb,1,848316260,32080,8212480,256,6000,33.500
2026-07-18T00:23:25.468Z,usb,1,848316260,32081,8212736,256,6000,33.500
2026-07-18T00:23:25.510Z,usb,1,848316260,32082,8212992,256,6000,33.500
2026-07-18T00:23:25.553Z,usb,1,848316260,32083,8213248,256,6000,33.500
2026-07-18T00:23:25.595Z,usb,1,848316260,32084,8213504,256,6000,33.500
2026-07-18T00:23:25.638Z,usb,1,848316260,32085,8213760,256,6000,33.500
2026-07-18T00:23:25.680Z,usb,1,848316260,32086,8214016,256,6000,33.500
2026-07-18T00:23:25.723Z,usb,1,848316260,32087,8214272,256,6000,33.500
2026-07-18T00:23:25.765Z,usb,1,848316260,32088,8214528,256,6000,33.500
2026-07-18T00:23:25.808Z,usb,1,848316260,32089,8214784,256,6000,33.500
2026-07-18T00:23:25.850Z,usb,1,848316260,32090,8215040,256,6000,33.500
2026-07-18T00:23:25.894Z,usb,1,848316260,32091,8215296,256,6000,33.500
2026-07-18T00:23:25.936Z,usb,1,848316260,32092,8215552,256,6000,33.500
2026-07-18T00:23:25.979Z,usb,1,848316260,32093,8215808,256,6000,33.500
2026-07-18T00:23:26.021Z,usb,1,848316260,32094,8216064,256,6000,33.500
2026-07-18T00:23:26.064Z,usb,1,848316260,32095,8216320,256,6000,33.500
2026-07-18T00:23:26.106Z,usb,1,848316260,32096,8216576,256,6000,33.500
2026-07-18T00:23:26.149Z,usb,1,848316260,32097,8216832,256,6000,33.500
2026-07-18T00:23:26.191Z,usb,1,848316260,32098,8217088,256,6000,33.500
2026-07-18T00:23:26.234Z,usb,1,848316260,32099,8217344,256,6000,33.500
2026-07-18T00:23:26.276Z,usb,1,848316260,32100,8217600,256,6000,33.500
2026-07-18T00:23:26.319Z,usb,1,848316260,32101,8217856,256,6000,33.500
2026-07-18T00:23:26.361Z,usb,1,848316260,32102,8218112,256,6000,33.500
2026-07-18T00:23:26.404Z,usb,1,848316260,32103,8218368,256,6000,33.500
2026-07-18T00:23:26.446Z,usb,1,848316260,32104,8218624,256,6000,33.500
2026-07-18T00:23:26.489Z,usb,1,848316260,32105,8218880,256,6000,33.500
2026-07-18T00:23:26.531Z,usb,1,848316260,32106,8219136,256,6000,33.500
2026-07-18T00:23:26.574Z,usb,1,848316260,32107,8219392,256,6000,33.500
2026-07-18T00:23:26.616Z,usb,1,848316260,32108,8219648,256,6000,33.500
2026-07-18T00:23:26.659Z,usb,1,848316260,32109,8219904,256,6000,33.500
2026-07-18T00:23:26.701Z,usb,1,848316260,32110,8220160,256,6000,33.500
2026-07-18T00:23:26.744Z,usb,1,848316260,32111,8220416,256,6000,33.500
2026-07-18T00:23:26.786Z,usb,1,848316260,32112,8220672,256,6000,33.500
2026-07-18T00:23:26.829Z,usb,1,848316260,32113,8220928,256,6000,33.500
2026-07-18T00:23:26.871Z,usb,1,848316260,32114,8221184,256,6000,33.500
2026-07-18T00:23:26.914Z,usb,1,848316260,32115,8221440,256,6000,33.500
2026-07-18T00:23:26.957Z,usb,1,848316260,32116,8221696,256,6000,33.500
2026-07-18T00:23:26.999Z,usb,1,848316260,32117,8221952,256,6000,33.500
2026-07-18T00:23:27.042Z,usb,1,848316260,32118,8222208,256,6000,33.500
2026-07-18T00:23:27.084Z,usb,1,848316260,32119,8222464,256,6000,33.500
2026-07-18T00:23:27.127Z,usb,1,848316260,32120,8222720,256,6000,33.500
2026-07-18T00:23:27.169Z,usb,1,848316260,32121,8222976,256,6000,33.500
2026-07-18T00:23:27.212Z,usb,1,848316260,32122,8223232,256,6000,33.500
2026-07-18T00:23:27.254Z,usb,1,848316260,32123,8223488,256,6000,33.500
2026-07-18T00:23:27.297Z,usb,1,848316260,32124,8223744,256,6000,33.500
2026-07-18T00:23:27.339Z,usb,1,848316260,32125,8224000,256,6000,33.500
2026-07-18T00:23:27.382Z,usb,1,848316260,32126,8224256,256,6000,33.500
2026-07-18T00:23:27.424Z,usb,1,848316260,32127,8224512,256,6000,33.500
2026-07-18T00:23:27.467Z,usb,1,848316260,32128,8224768,256,6000,33.500
2026-07-18T00:23:27.509Z,usb,1,848316260,32129,8225024,256,6000,33.500
2026-07-18T00:23:27.552Z,usb,1,848316260,32130,8225280,256,6000,33.500
2026-07-18T00:23:27.594Z,usb,1,848316260,32131,8225536,256,6000,33.500
2026-07-18T00:23:27.637Z,usb,1,848316260,32132,8225792,256,6000,33.500
2026-07-18T00:23:27.679Z,usb,1,848316260,32133,8226048,256,6000,33.500
2026-07-18T00:23:27.722Z,usb,1,848316260,32134,8226304,256,6000,33.500
2026-07-18T00:23:27.764Z,usb,1,848316260,32135,8226560,256,6000,33.500
2026-07-18T00:23:27.807Z,usb,1,848316260,32136,8226816,256,6000,33.500
2026-07-18T00:23:27.849Z,usb,1,848316260,32137,8227072,256,6000,33.500
2026-07-18T00:23:27.892Z,usb,1,848316260,32138,8227328,256,6000,33.500
2026-07-18T00:23:27.935Z,usb,1,848316260,32139,8227584,256,6000,33.500
2026-07-18T00:23:27.978Z,usb,1,848316260,32140,8227840,256,6000,33.500
2026-07-18T00:23:28.020Z,usb,1,848316260,32141,8228096,256,6000,33.500
2026-07-18T00:23:28.063Z,usb,1,848316260,32142,8228352,256,6000,33.500
2026-07-18T00:23:28.105Z,usb,1,848316260,32143,8228608,256,6000,33.500
2026-07-18T00:23:28.148Z,usb,1,848316260,32144,8228864,256,6000,33.500
2026-07-18T00:23:28.190Z,usb,1,848316260,32145,8229120,256,6000,33.500
2026-07-18T00:23:28.233Z,usb,1,848316260,32146,8229376,256,6000,33.500
2026-07-18T00:23:28.275Z,usb,1,848316260,32147,8229632,256,6000,33.500
2026-07-18T00:23:28.318Z,usb,1,848316260,32148,8229888,256,6000,33.500
2026-07-18T00:23:28.360Z,usb,1,848316260,32149,8230144,256,6000,33.500
2026-07-18T00:23:28.403Z,usb,1,848316260,32150,8230400,256,6000,33.500
2026-07-18T00:23:28.445Z,usb,1,848316260,32151,8230656,256,6000,33.500
2026-07-18T00:23:28.488Z,usb,1,848316260,32152,8230912,256,6000,33.500
2026-07-18T00:23:28.530Z,usb,1,848316260,32153,8231168,256,6000,33.500
2026-07-18T00:23:28.573Z,usb,1,848316260,32154,8231424,256,6000,33.500
2026-07-18T00:23:28.615Z,usb,1,848316260,32155,8231680,256,6000,33.500
2026-07-18T00:23:28.658Z,usb,1,848316260,32156,8231936,256,6000,33.500
2026-07-18T00:23:28.700Z,usb,1,848316260,32157,8232192,256,6000,33.500
2026-07-18T00:23:28.743Z,usb,1,848316260,32158,8232448,256,6000,33.500
2026-07-18T00:23:28.785Z,usb,1,848316260,32159,8232704,256,6000,33.500
2026-07-18T00:23:28.828Z,usb,1,848316260,32160,8232960,256,6000,33.500
2026-07-18T00:23:28.870Z,usb,1,848316260,32161,8233216,256,6000,33.500
2026-07-18T00:23:28.913Z,usb,1,848316260,32162,8233472,256,6000,33.500
2026-07-18T00:23:28.956Z,usb,1,848316260,32163,8233728,256,6000,33.500
2026-07-18T00:23:28.998Z,usb,1,848316260,32164,8233984,256,6000,33.500
2026-07-18T00:23:29.041Z,usb,1,848316260,32165,8234240,256,6000,33.500
2026-07-18T00:23:29.083Z,usb,1,848316260,32166,8234496,256,6000,33.500
2026-07-18T00:23:29.126Z,usb,1,848316260,32167,8234752,256,6000,33.500
2026-07-18T00:23:29.168Z,usb,1,848316260,32168,8235008,256,6000,33.500
2026-07-18T00:23:29.211Z,usb,1,848316260,32169,8235264,256,6000,33.500
2026-07-18T00:23:29.253Z,usb,1,848316260,32170,8235520,256,6000,33.500
2026-07-18T00:23:29.296Z,usb,1,848316260,32171,8235776,256,6000,33.500
2026-07-18T00:23:29.338Z,usb,1,848316260,32172,8236032,256,6000,33.500
2026-07-18T00:23:29.381Z,usb,1,848316260,32173,8236288,256,6000,33.500
2026-07-18T00:23:29.423Z,usb,1,848316260,32174,8236544,256,6000,33.500
2026-07-18T00:23:29.466Z,usb,1,848316260,32175,8236800,256,6000,33.500
2026-07-18T00:23:29.508Z,usb,1,848316260,32176,8237056,256,6000,33.500
2026-07-18T00:23:29.551Z,usb,1,848316260,32177,8237312,256,6000,33.500
2026-07-18T00:23:29.593Z,usb,1,848316260,32178,8237568,256,6000,33.500
2026-07-18T00:23:29.636Z,usb,1,848316260,32179,8237824,256,6000,33.500
2026-07-18T00:23:29.678Z,usb,1,848316260,32180,8238080,256,6000,33.500
2026-07-18T00:23:29.721Z,usb,1,848316260,32181,8238336,256,6000,33.500
2026-07-18T00:23:29.763Z,usb,1,848316260,32182,8238592,256,6000,33.500
2026-07-18T00:23:29.806Z,usb,1,848316260,32183,8238848,256,6000,33.500
2026-07-18T00:23:29.848Z,usb,1,848316260,32184,8239104,256,6000,33.500
2026-07-18T00:23:29.891Z,usb,1,848316260,32185,8239360,256,6000,33.500
2026-07-18T00:23:29.933Z,usb,1,848316260,32186,8239616,256,6000,33.500
2026-07-18T00:23:29.977Z,usb,1,848316260,32187,8239872,256,6000,33.500
2026-07-18T00:23:30.019Z,usb,1,848316260,32188,8240128,256,6000,33.500
2026-07-18T00:23:30.062Z,usb,1,848316260,32189,8240384,256,6000,33.500
2026-07-18T00:23:30.104Z,usb,1,848316260,32190,8240640,256,6000,33.500
2026-07-18T00:23:30.147Z,usb,1,848316260,32191,8240896,256,6000,33.500
2026-07-18T00:23:30.189Z,usb,1,848316260,32192,8241152,256,6000,33.500
2026-07-18T00:23:30.231Z,usb,1,848316260,32193,8241408,256,6000,33.500
2026-07-18T00:23:30.274Z,usb,1,848316260,32194,8241664,256,6000,33.500
2026-07-18T00:23:30.317Z,usb,1,848316260,32195,8241920,256,6000,33.500
2026-07-18T00:23:30.359Z,usb,1,848316260,32196,8242176,256,6000,33.500
2026-07-18T00:23:30.401Z,usb,1,848316260,32197,8242432,256,6000,33.500
2026-07-18T00:23:30.444Z,usb,1,848316260,32198,8242688,256,6000,33.500
2026-07-18T00:23:30.487Z,usb,1,848316260,32199,8242944,256,6000,33.500
2026-07-18T00:23:30.529Z,usb,1,848316260,32200,8243200,256,6000,33.500
2026-07-18T00:23:30.571Z,usb,1,848316260,32201,8243456,256,6000,33.500
2026-07-18T00:23:30.614Z,usb,1,848316260,32202,8243712,256,6000,33.500
2026-07-18T00:23:30.657Z,usb,1,848316260,32203,8243968,256,6000,33.500
2026-07-18T00:23:30.699Z,usb,1,848316260,32204,8244224,256,6000,33.500
2026-07-18T00:23:30.742Z,usb,1,848316260,32205,8244480,256,6000,33.500
2026-07-18T00:23:30.784Z,usb,1,848316260,32206,8244736,256,6000,33.500
2026-07-18T00:23:30.827Z,usb,1,848316260,32207,8244992,256,6000,33.500
2026-07-18T00:23:30.869Z,usb,1,848316260,32208,8245248,256,6000,33.500
2026-07-18T00:23:30.911Z,usb,1,848316260,32209,8245504,256,6000,33.500
2026-07-18T00:23:30.954Z,usb,1,848316260,32210,8245760,256,6000,33.500
2026-07-18T00:23:30.997Z,usb,1,848316260,32211,8246016,256,6000,33.500
2026-07-18T00:23:31.040Z,usb,1,848316260,32212,8246272,256,6000,33.500
2026-07-18T00:23:31.082Z,usb,1,848316260,32213,8246528,256,6000,33.500
2026-07-18T00:23:31.125Z,usb,1,848316260,32214,8246784,256,6000,33.500
2026-07-18T00:23:31.167Z,usb,1,848316260,32215,8247040,256,6000,33.500
2026-07-18T00:23:31.210Z,usb,1,848316260,32216,8247296,256,6000,33.500
2026-07-18T00:23:31.252Z,usb,1,848316260,32217,8247552,256,6000,33.500
2026-07-18T00:23:31.295Z,usb,1,848316260,32218,8247808,256,6000,33.500
2026-07-18T00:23:31.337Z,usb,1,848316260,32219,8248064,256,6000,33.500
2026-07-18T00:23:31.380Z,usb,1,848316260,32220,8248320,256,6000,33.500
2026-07-18T00:23:31.422Z,usb,1,848316260,32221,8248576,256,6000,33.500
2026-07-18T00:23:31.465Z,usb,1,848316260,32222,8248832,256,6000,33.500
2026-07-18T00:23:31.507Z,usb,1,848316260,32223,8249088,256,6000,33.500
2026-07-18T00:23:31.550Z,usb,1,848316260,32224,8249344,256,6000,33.500
2026-07-18T00:23:31.592Z,usb,1,848316260,32225,8249600,256,6000,33.500
2026-07-18T00:23:31.635Z,usb,1,848316260,32226,8249856,256,6000,33.500
2026-07-18T00:23:31.677Z,usb,1,848316260,32227,8250112,256,6000,33.500
2026-07-18T00:23:31.720Z,usb,1,848316260,32228,8250368,256,6000,33.500
2026-07-18T00:23:31.762Z,usb,1,848316260,32229,8250624,256,6000,33.500
2026-07-18T00:23:31.805Z,usb,1,848316260,32230,8250880,256,6000,33.500
2026-07-18T00:23:31.847Z,usb,1,848316260,32231,8251136,256,6000,33.500
2026-07-18T00:23:31.890Z,usb,1,848316260,32232,8251392,256,6000,33.500
2026-07-18T00:23:31.932Z,usb,1,848316260,32233,8251648,256,6000,33.500
2026-07-18T00:23:31.975Z,usb,1,848316260,32234,8251904,256,6000,33.500
2026-07-18T00:23:32.018Z,usb,1,848316260,32235,8252160,256,6000,33.500
2026-07-18T00:23:32.061Z,usb,1,848316260,32236,8252416,256,6000,33.500
2026-07-18T00:23:32.103Z,usb,1,848316260,32237,8252672,256,6000,33.500
2026-07-18T00:23:32.146Z,usb,1,848316260,32238,8252928,256,6000,33.500
2026-07-18T00:23:32.188Z,usb,1,848316260,32239,8253184,256,6000,33.500
2026-07-18T00:23:32.231Z,usb,1,848316260,32240,8253440,256,6000,33.500
2026-07-18T00:23:32.273Z,usb,1,848316260,32241,8253696,256,6000,33.500
2026-07-18T00:23:32.316Z,usb,1,848316260,32242,8253952,256,6000,33.500
2026-07-18T00:23:32.358Z,usb,1,848316260,32243,8254208,256,6000,33.500
2026-07-18T00:23:32.401Z,usb,1,848316260,32244,8254464,256,6000,33.500
2026-07-18T00:23:32.443Z,usb,1,848316260,32245,8254720,256,6000,33.500
2026-07-18T00:23:32.486Z,usb,1,848316260,32246,8254976,256,6000,33.500
2026-07-18T00:23:32.528Z,usb,1,848316260,32247,8255232,256,6000,33.500
2026-07-18T00:23:32.570Z,usb,1,848316260,32248,8255488,256,6000,33.500
2026-07-18T00:23:32.613Z,usb,1,848316260,32249,8255744,256,6000,33.500
2026-07-18T00:23:32.655Z,usb,1,848316260,32250,8256000,256,6000,33.500
2026-07-18T00:23:32.698Z,usb,1,848316260,32251,8256256,256,6000,33.500
2026-07-18T00:23:32.740Z,usb,1,848316260,32252,8256512,256,6000,33.500
2026-07-18T00:23:32.783Z,usb,1,848316260,32253,8256768,256,6000,33.500
2026-07-18T00:23:32.826Z,usb,1,848316260,32254,8257024,256,6000,33.500
2026-07-18T00:23:32.868Z,usb,1,848316260,32255,8257280,256,6000,33.500
2026-07-18T00:23:32.910Z,usb,1,848316260,32256,8257536,256,6000,33.500
2026-07-18T00:23:32.953Z,usb,1,848316260,32257,8257792,256,6000,33.500
2026-07-18T00:23:32.995Z,usb,1,848316260,32258,8258048,256,6000,33.500
2026-07-18T00:23:33.039Z,usb,1,848316260,32259,8258304,256,6000,33.500
2026-07-18T00:23:33.081Z,usb,1,848316260,32260,8258560,256,6000,33.500
2026-07-18T00:23:33.124Z,usb,1,848316260,32261,8258816,256,6000,33.500
2026-07-18T00:23:33.166Z,usb,1,848316260,32262,8259072,256,6000,33.500
2026-07-18T00:23:33.209Z,usb,1,848316260,32263,8259328,256,6000,33.500
2026-07-18T00:23:33.251Z,usb,1,848316260,32264,8259584,256,6000,33.500
2026-07-18T00:23:33.294Z,usb,1,848316260,32265,8259840,256,6000,33.500
2026-07-18T00:23:33.336Z,usb,1,848316260,32266,8260096,256,6000,33.500
2026-07-18T00:23:33.379Z,usb,1,848316260,32267,8260352,256,6000,33.500
2026-07-18T00:23:33.421Z,usb,1,848316260,32268,8260608,256,6000,33.500
2026-07-18T00:23:33.464Z,usb,1,848316260,32269,8260864,256,6000,33.500
2026-07-18T00:23:33.506Z,usb,1,848316260,32270,8261120,256,6000,33.500
2026-07-18T00:23:33.549Z,usb,1,848316260,32271,8261376,256,6000,33.500
2026-07-18T00:23:33.591Z,usb,1,848316260,32272,8261632,256,6000,33.500
2026-07-18T00:23:33.634Z,usb,1,848316260,32273,8261888,256,6000,33.500
2026-07-18T00:23:33.676Z,usb,1,848316260,32274,8262144,256,6000,33.500
2026-07-18T00:23:33.719Z,usb,1,848316260,32275,8262400,256,6000,33.500
2026-07-18T00:23:33.761Z,usb,1,848316260,32276,8262656,256,6000,33.500
2026-07-18T00:23:33.804Z,usb,1,848316260,32277,8262912,256,6000,33.500
2026-07-18T00:23:33.846Z,usb,1,848316260,32278,8263168,256,6000,33.500
2026-07-18T00:23:33.889Z,usb,1,848316260,32279,8263424,256,6000,33.500
2026-07-18T00:23:33.931Z,usb,1,848316260,32280,8263680,256,6000,33.500
2026-07-18T00:23:33.974Z,usb,1,848316260,32281,8263936,256,6000,33.500
2026-07-18T00:23:34.016Z,usb,1,848316260,32282,8264192,256,6000,33.500
2026-07-18T00:23:34.060Z,usb,1,848316260,32283,8264448,256,6000,33.500
2026-07-18T00:23:34.102Z,usb,1,848316260,32284,8264704,256,6000,33.500
2026-07-18T00:23:34.144Z,usb,1,848316260,32285,8264960,256,6000,33.500
2026-07-18T00:23:34.187Z,usb,1,848316260,32286,8265216,256,6000,33.500
2026-07-18T00:23:34.230Z,usb,1,848316260,32287,8265472,256,6000,33.500
2026-07-18T00:23:34.272Z,usb,1,848316260,32288,8265728,256,6000,33.500
2026-07-18T00:23:34.314Z,usb,1,848316260,32289,8265984,256,6000,33.500
2026-07-18T00:23:34.357Z,usb,1,848316260,32290,8266240,256,6000,33.500
2026-07-18T00:23:34.400Z,usb,1,848316260,32291,8266496,256,6000,33.500
2026-07-18T00:23:34.442Z,usb,1,848316260,32292,8266752,256,6000,33.500
2026-07-18T00:23:34.484Z,usb,1,848316260,32293,8267008,256,6000,33.500
2026-07-18T00:23:34.527Z,usb,1,848316260,32294,8267264,256,6000,33.500
2026-07-18T00:23:34.569Z,usb,1,848316260,32295,8267520,256,6000,33.500
2026-07-18T00:23:34.612Z,usb,1,848316260,32296,8267776,256,6000,33.500
2026-07-18T00:23:34.654Z,usb,1,848316260,32297,8268032,256,6000,33.500
2026-07-18T00:23:34.697Z,usb,1,848316260,32298,8268288,256,6000,33.500
2026-07-18T00:23:34.739Z,usb,1,848316260,32299,8268544,256,6000,33.500
2026-07-18T00:23:34.782Z,usb,1,848316260,32300,8268800,256,6000,33.500
2026-07-18T00:23:34.824Z,usb,1,848316260,32301,8269056,256,6000,33.500
2026-07-18T00:23:34.867Z,usb,1,848316260,32302,8269312,256,6000,33.500
2026-07-18T00:23:34.909Z,usb,1,848316260,32303,8269568,256,6000,33.500
2026-07-18T00:23:34.952Z,usb,1,848316260,32304,8269824,256,6000,33.500
2026-07-18T00:23:34.995Z,usb,1,848316260,32305,8270080,256,6000,33.500
2026-07-18T00:23:35.037Z,usb,1,848316260,32306,8270336,256,6000,33.500
2026-07-18T00:23:35.080Z,usb,1,848316260,32307,8270592,256,6000,33.500
2026-07-18T00:23:35.123Z,usb,1,848316260,32308,8270848,256,6000,33.500
2026-07-18T00:23:35.165Z,usb,1,848316260,32309,8271104,256,6000,33.500
2026-07-18T00:23:35.208Z,usb,1,848316260,32310,8271360,256,6000,33.500
2026-07-18T00:23:35.250Z,usb,1,848316260,32311,8271616,256,6000,33.500
2026-07-18T00:23:35.293Z,usb,1,848316260,32312,8271872,256,6000,33.500
2026-07-18T00:23:35.335Z,usb,1,848316260,32313,8272128,256,6000,33.500
2026-07-18T00:23:35.378Z,usb,1,848316260,32314,8272384,256,6000,33.500
2026-07-18T00:23:35.420Z,usb,1,848316260,32315,8272640,256,6000,33.500
2026-07-18T00:23:35.463Z,usb,1,848316260,32316,8272896,256,6000,33.500
2026-07-18T00:23:35.505Z,usb,1,848316260,32317,8273152,256,6000,33.500
2026-07-18T00:23:35.548Z,usb,1,848316260,32318,8273408,256,6000,33.500
2026-07-18T00:23:35.590Z,usb,1,848316260,32319,8273664,256,6000,33.500
2026-07-18T00:23:35.633Z,usb,1,848316260,32320,8273920,256,6000,33.500
2026-07-18T00:23:35.675Z,usb,1,848316260,32321,8274176,256,6000,33.500
2026-07-18T00:23:35.718Z,usb,1,848316260,32322,8274432,256,6000,33.500
2026-07-18T00:23:35.760Z,usb,1,848316260,32323,8274688,256,6000,33.500
2026-07-18T00:23:35.803Z,usb,1,848316260,32324,8274944,256,6000,33.500
2026-07-18T00:23:35.845Z,usb,1,848316260,32325,8275200,256,6000,33.500
2026-07-18T00:23:35.888Z,usb,1,848316260,32326,8275456,256,6000,33.500
2026-07-18T00:23:35.930Z,usb,1,848316260,32327,8275712,256,6000,33.500
2026-07-18T00:23:35.973Z,usb,1,848316260,32328,8275968,256,6000,33.500
2026-07-18T00:23:36.015Z,usb,1,848316260,32329,8276224,256,6000,33.500
2026-07-18T00:23:36.058Z,usb,1,848316260,32330,8276480,256,6000,33.500
2026-07-18T00:23:36.101Z,usb,1,848316260,32331,8276736,256,6000,33.500
2026-07-18T00:23:36.144Z,usb,1,848316260,32332,8276992,256,6000,33.500
2026-07-18T00:23:36.186Z,usb,1,848316260,32333,8277248,256,6000,33.500
2026-07-18T00:23:36.228Z,usb,1,848316260,32334,8277504,256,6000,33.500
2026-07-18T00:23:36.271Z,usb,1,848316260,32335,8277760,256,6000,33.500
2026-07-18T00:23:36.313Z,usb,1,848316260,32336,8278016,256,6000,33.500
2026-07-18T00:23:36.356Z,usb,1,848316260,32337,8278272,256,6000,33.500
2026-07-18T00:23:36.399Z,usb,1,848316260,32338,8278528,256,6000,33.500
2026-07-18T00:23:36.441Z,usb,1,848316260,32339,8278784,256,6000,33.500
2026-07-18T00:23:36.484Z,usb,1,848316260,32340,8279040,256,6000,33.500
2026-07-18T00:23:36.526Z,usb,1,848316260,32341,8279296,256,6000,33.500
2026-07-18T00:23:36.568Z,usb,1,848316260,32342,8279552,256,6000,33.500
2026-07-18T00:23:36.611Z,usb,1,848316260,32343,8279808,256,6000,33.500
2026-07-18T00:23:36.653Z,usb,1,848316260,32344,8280064,256,6000,33.500
2026-07-18T00:23:36.696Z,usb,1,848316260,32345,8280320,256,6000,33.500
2026-07-18T00:23:36.738Z,usb,1,848316260,32346,8280576,256,6000,33.500
2026-07-18T00:23:36.781Z,usb,1,848316260,32347,8280832,256,6000,33.500
2026-07-18T00:23:36.823Z,usb,1,848316260,32348,8281088,256,6000,33.500
2026-07-18T00:23:36.866Z,usb,1,848316260,32349,8281344,256,6000,33.500
2026-07-18T00:23:36.908Z,usb,1,848316260,32350,8281600,256,6000,33.500
2026-07-18T00:23:36.951Z,usb,1,848316260,32351,8281856,256,6000,33.500
2026-07-18T00:23:36.993Z,usb,1,848316260,32352,8282112,256,6000,33.500
2026-07-18T00:23:37.036Z,usb,1,848316260,32353,8282368,256,6000,33.500
2026-07-18T00:23:37.078Z,usb,1,848316260,32354,8282624,256,6000,33.500
2026-07-18T00:23:37.122Z,usb,1,848316260,32355,8282880,256,6000,33.500
2026-07-18T00:23:37.164Z,usb,1,848316260,32356,8283136,256,6000,33.500
2026-07-18T00:23:37.207Z,usb,1,848316260,32357,8283392,256,6000,33.500
2026-07-18T00:23:37.249Z,usb,1,848316260,32358,8283648,256,6000,33.500
2026-07-18T00:23:37.292Z,usb,1,848316260,32359,8283904,256,6000,33.500
2026-07-18T00:23:37.334Z,usb,1,848316260,32360,8284160,256,6000,33.500
2026-07-18T00:23:37.377Z,usb,1,848316260,32361,8284416,256,6000,33.500
2026-07-18T00:23:37.419Z,usb,1,848316260,32362,8284672,256,6000,33.500
2026-07-18T00:23:37.462Z,usb,1,848316260,32363,8284928,256,6000,33.500
2026-07-18T00:23:37.504Z,usb,1,848316260,32364,8285184,256,6000,33.500
2026-07-18T00:23:37.547Z,usb,1,848316260,32365,8285440,256,6000,33.500
2026-07-18T00:23:37.589Z,usb,1,848316260,32366,8285696,256,6000,33.500
2026-07-18T00:23:37.632Z,usb,1,848316260,32367,8285952,256,6000,33.500
2026-07-18T00:23:37.674Z,usb,1,848316260,32368,8286208,256,6000,33.500
2026-07-18T00:23:37.717Z,usb,1,848316260,32369,8286464,256,6000,33.500
2026-07-18T00:23:37.759Z,usb,1,848316260,32370,8286720,256,6000,33.500
2026-07-18T00:23:37.802Z,usb,1,848316260,32371,8286976,256,6000,33.500
2026-07-18T00:23:37.844Z,usb,1,848316260,32372,8287232,256,6000,33.500
2026-07-18T00:23:37.887Z,usb,1,848316260,32373,8287488,256,6000,33.500
2026-07-18T00:23:37.929Z,usb,1,848316260,32374,8287744,256,6000,33.500
2026-07-18T00:23:37.972Z,usb,1,848316260,32375,8288000,256,6000,33.500
2026-07-18T00:23:38.014Z,usb,1,848316260,32376,8288256,256,6000,33.500
2026-07-18T00:23:38.057Z,usb,1,848316260,32377,8288512,256,6000,33.500
2026-07-18T00:23:38.099Z,usb,1,848316260,32378,8288768,256,6000,33.500
2026-07-18T00:23:38.143Z,usb,1,848316260,32379,8289024,256,6000,33.500
2026-07-18T00:23:38.185Z,usb,1,848316260,32380,8289280,256,6000,33.500
2026-07-18T00:23:38.228Z,usb,1,848316260,32381,8289536,256,6000,33.500
2026-07-18T00:23:38.270Z,usb,1,848316260,32382,8289792,256,6000,33.500
2026-07-18T00:23:38.313Z,usb,1,848316260,32383,8290048,256,6000,33.500
2026-07-18T00:23:38.355Z,usb,1,848316260,32384,8290304,256,6000,33.500
2026-07-18T00:23:38.397Z,usb,1,848316260,32385,8290560,256,6000,33.500
2026-07-18T00:23:38.440Z,usb,1,848316260,32386,8290816,256,6000,33.500
2026-07-18T00:23:38.482Z,usb,1,848316260,32387,8291072,256,6000,33.500
2026-07-18T00:23:38.525Z,usb,1,848316260,32388,8291328,256,6000,33.500
2026-07-18T00:23:38.568Z,usb,1,848316260,32389,8291584,256,6000,33.500
2026-07-18T00:23:38.610Z,usb,1,848316260,32390,8291840,256,6000,33.500
2026-07-18T00:23:38.652Z,usb,1,848316260,32391,8292096,256,6000,33.500
2026-07-18T00:23:38.695Z,usb,1,848316260,32392,8292352,256,6000,33.500
2026-07-18T00:23:38.737Z,usb,1,848316260,32393,8292608,256,6000,33.500
2026-07-18T00:23:38.780Z,usb,1,848316260,32394,8292864,256,6000,33.500
2026-07-18T00:23:38.823Z,usb,1,848316260,32395,8293120,256,6000,33.500
2026-07-18T00:23:38.865Z,usb,1,848316260,32396,8293376,256,6000,33.500
2026-07-18T00:23:38.907Z,usb,1,848316260,32397,8293632,256,6000,33.500
2026-07-18T00:23:38.950Z,usb,1,848316260,32398,8293888,256,6000,33.500
2026-07-18T00:23:38.992Z,usb,1,848316260,32399,8294144,256,6000,33.500
2026-07-18T00:23:39.035Z,usb,1,848316260,32400,8294400,256,6000,33.500
2026-07-18T00:23:39.078Z,usb,1,848316260,32401,8294656,256,6000,33.500
2026-07-18T00:23:39.120Z,usb,1,848316260,32402,8294912,256,6000,33.500
2026-07-18T00:23:39.163Z,usb,1,848316260,32403,8295168,256,6000,33.500
2026-07-18T00:23:39.206Z,usb,1,848316260,32404,8295424,256,6000,33.500
2026-07-18T00:23:39.248Z,usb,1,848316260,32405,8295680,256,6000,33.500
2026-07-18T00:23:39.291Z,usb,1,848316260,32406,8295936,256,6000,33.500
2026-07-18T00:23:39.333Z,usb,1,848316260,32407,8296192,256,6000,33.500
2026-07-18T00:23:39.376Z,usb,1,848316260,32408,8296448,256,6000,33.500
2026-07-18T00:23:39.418Z,usb,1,848316260,32409,8296704,256,6000,33.500
2026-07-18T00:23:39.461Z,usb,1,848316260,32410,8296960,256,6000,33.500
2026-07-18T00:23:39.503Z,usb,1,848316260,32411,8297216,256,6000,33.500
2026-07-18T00:23:39.546Z,usb,1,848316260,32412,8297472,256,6000,33.500
2026-07-18T00:23:39.588Z,usb,1,848316260,32413,8297728,256,6000,33.500
2026-07-18T00:23:39.631Z,usb,1,848316260,32414,8297984,256,6000,33.500
2026-07-18T00:23:39.673Z,usb,1,848316260,32415,8298240,256,6000,33.500
2026-07-18T00:23:39.716Z,usb,1,848316260,32416,8298496,256,6000,33.500
2026-07-18T00:23:39.758Z,usb,1,848316260,32417,8298752,256,6000,33.500
2026-07-18T00:23:39.801Z,usb,1,848316260,32418,8299008,256,6000,33.500
2026-07-18T00:23:39.843Z,usb,1,848316260,32419,8299264,256,6000,33.500
2026-07-18T00:23:39.886Z,usb,1,848316260,32420,8299520,256,6000,33.500
2026-07-18T00:23:39.928Z,usb,1,848316260,32421,8299776,256,6000,33.500
2026-07-18T00:23:39.971Z,usb,1,848316260,32422,8300032,256,6000,33.500
2026-07-18T00:23:40.013Z,usb,1,848316260,32423,8300288,256,6000,33.500
2026-07-18T00:23:40.056Z,usb,1,848316260,32424,8300544,256,6000,33.500
2026-07-18T00:23:40.098Z,usb,1,848316260,32425,8300800,256,6000,33.500
2026-07-18T00:23:40.141Z,usb,1,848316260,32426,8301056,256,6000,33.500
2026-07-18T00:23:40.184Z,usb,1,848316260,32427,8301312,256,6000,33.500
2026-07-18T00:23:40.226Z,usb,1,848316260,32428,8301568,256,6000,33.500
2026-07-18T00:23:40.269Z,usb,1,848316260,32429,8301824,256,6000,33.500
2026-07-18T00:23:40.311Z,usb,1,848316260,32430,8302080,256,6000,33.500
2026-07-18T00:23:40.354Z,usb,1,848316260,32431,8302336,256,6000,33.500
2026-07-18T00:23:40.397Z,usb,1,848316260,32432,8302592,256,6000,33.500
2026-07-18T00:23:40.439Z,usb,1,848316260,32433,8302848,256,6000,33.500
2026-07-18T00:23:40.481Z,usb,1,848316260,32434,8303104,256,6000,33.500
2026-07-18T00:23:40.524Z,usb,1,848316260,32435,8303360,256,6000,33.500
2026-07-18T00:23:40.567Z,usb,1,848316260,32436,8303616,256,6000,33.500
2026-07-18T00:23:40.609Z,usb,1,848316260,32437,8303872,256,6000,33.500
2026-07-18T00:23:40.652Z,usb,1,848316260,32438,8304128,256,6000,33.500
2026-07-18T00:23:40.694Z,usb,1,848316260,32439,8304384,256,6000,33.500
2026-07-18T00:23:40.736Z,usb,1,848316260,32440,8304640,256,6000,33.500
2026-07-18T00:23:40.779Z,usb,1,848316260,32441,8304896,256,6000,33.500
2026-07-18T00:23:40.821Z,usb,1,848316260,32442,8305152,256,6000,33.500
2026-07-18T00:23:40.864Z,usb,1,848316260,32443,8305408,256,6000,33.500
2026-07-18T00:23:40.906Z,usb,1,848316260,32444,8305664,256,6000,33.500
2026-07-18T00:23:40.949Z,usb,1,848316260,32445,8305920,256,6000,33.500
2026-07-18T00:23:40.992Z,usb,1,848316260,32446,8306176,256,6000,33.500
2026-07-18T00:23:41.034Z,usb,1,848316260,32447,8306432,256,6000,33.500
2026-07-18T00:23:41.076Z,usb,1,848316260,32448,8306688,256,6000,33.500
2026-07-18T00:23:41.119Z,usb,1,848316260,32449,8306944,256,6000,33.500
2026-07-18T00:23:41.161Z,usb,1,848316260,32450,8307200,256,6000,33.500
2026-07-18T00:23:41.205Z,usb,1,848316260,32451,8307456,256,6000,33.500
2026-07-18T00:23:41.247Z,usb,1,848316260,32452,8307712,256,6000,33.500
2026-07-18T00:23:41.290Z,usb,1,848316260,32453,8307968,256,6000,33.500
2026-07-18T00:23:41.332Z,usb,1,848316260,32454,8308224,256,6000,33.500
2026-07-18T00:23:41.375Z,usb,1,848316260,32455,8308480,256,6000,33.500
2026-07-18T00:23:41.417Z,usb,1,848316260,32456,8308736,256,6000,33.500
2026-07-18T00:23:41.460Z,usb,1,848316260,32457,8308992,256,6000,33.500
2026-07-18T00:23:41.503Z,usb,1,848316260,32458,8309248,256,6000,33.500
2026-07-18T00:23:41.545Z,usb,1,848316260,32459,8309504,256,6000,33.500
2026-07-18T00:23:41.587Z,usb,1,848316260,32460,8309760,256,6000,33.500
2026-07-18T00:23:41.630Z,usb,1,848316260,32461,8310016,256,6000,33.500
2026-07-18T00:23:41.672Z,usb,1,848316260,32462,8310272,256,6000,33.500
2026-07-18T00:23:41.715Z,usb,1,848316260,32463,8310528,256,6000,33.500
2026-07-18T00:23:41.757Z,usb,1,848316260,32464,8310784,256,6000,33.500
2026-07-18T00:23:41.800Z,usb,1,848316260,32465,8311040,256,6000,33.500
2026-07-18T00:23:41.842Z,usb,1,848316260,32466,8311296,256,6000,33.500
2026-07-18T00:23:41.885Z,usb,1,848316260,32467,8311552,256,6000,33.500
2026-07-18T00:23:41.927Z,usb,1,848316260,32468,8311808,256,6000,33.500
2026-07-18T00:23:41.970Z,usb,1,848316260,32469,8312064,256,6000,33.500
2026-07-18T00:23:42.012Z,usb,1,848316260,32470,8312320,256,6000,33.500
2026-07-18T00:23:42.055Z,usb,1,848316260,32471,8312576,256,6000,33.500
2026-07-18T00:23:42.097Z,usb,1,848316260,32472,8312832,256,6000,33.500
2026-07-18T00:23:42.140Z,usb,1,848316260,32473,8313088,256,6000,33.500
2026-07-18T00:23:42.182Z,usb,1,848316260,32474,8313344,256,6000,33.500
2026-07-18T00:23:42.226Z,usb,1,848316260,32475,8313600,256,6000,33.500
2026-07-18T00:23:42.268Z,usb,1,848316260,32476,8313856,256,6000,33.500
2026-07-18T00:23:42.310Z,usb,1,848316260,32477,8314112,256,6000,33.500
2026-07-18T00:23:42.353Z,usb,1,848316260,32478,8314368,256,6000,33.500
2026-07-18T00:23:42.396Z,usb,1,848316260,32479,8314624,256,6000,33.500
2026-07-18T00:23:42.438Z,usb,1,848316260,32480,8314880,256,6000,33.500
2026-07-18T00:23:42.481Z,usb,1,848316260,32481,8315136,256,6000,33.500
2026-07-18T00:23:42.523Z,usb,1,848316260,32482,8315392,256,6000,33.500
2026-07-18T00:23:42.566Z,usb,1,848316260,32483,8315648,256,6000,33.500
2026-07-18T00:23:42.608Z,usb,1,848316260,32484,8315904,256,6000,33.500
2026-07-18T00:23:42.651Z,usb,1,848316260,32485,8316160,256,6000,33.500
2026-07-18T00:23:42.693Z,usb,1,848316260,32486,8316416,256,6000,33.500
2026-07-18T00:23:42.737Z,usb,1,848316260,32487,8316672,256,6000,33.500
2026-07-18T00:23:42.778Z,usb,1,848316260,32488,8316928,256,6000,33.500
2026-07-18T00:23:42.821Z,usb,1,848316260,32489,8317184,256,6000,33.500
2026-07-18T00:23:42.863Z,usb,1,848316260,32490,8317440,256,6000,33.500
2026-07-18T00:23:42.906Z,usb,1,848316260,32491,8317696,256,6000,33.500
2026-07-18T00:23:42.948Z,usb,1,848316260,32492,8317952,256,6000,33.500
2026-07-18T00:23:42.991Z,usb,1,848316260,32493,8318208,256,6000,33.500
2026-07-18T00:23:43.033Z,usb,1,848316260,32494,8318464,256,6000,33.500
2026-07-18T00:23:43.076Z,usb,1,848316260,32495,8318720,256,6000,33.500
2026-07-18T00:23:43.118Z,usb,1,848316260,32496,8318976,256,6000,33.500
2026-07-18T00:23:43.162Z,usb,1,848316260,32497,8319232,256,6000,33.500
2026-07-18T00:23:43.203Z,usb,1,848316260,32498,8319488,256,6000,33.500
2026-07-18T00:23:43.246Z,usb,1,848316260,32499,8319744,256,6000,33.500
2026-07-18T00:23:43.289Z,usb,1,848316260,32500,8320000,256,6000,33.500
2026-07-18T00:23:43.332Z,usb,1,848316260,32501,8320256,256,6000,33.500
2026-07-18T00:23:43.374Z,usb,1,848316260,32502,8320512,256,6000,33.500
2026-07-18T00:23:43.416Z,usb,1,848316260,32503,8320768,256,6000,33.500
2026-07-18T00:23:43.459Z,usb,1,848316260,32504,8321024,256,6000,33.500
2026-07-18T00:23:43.502Z,usb,1,848316260,32505,8321280,256,6000,33.500
2026-07-18T00:23:43.544Z,usb,1,848316260,32506,8321536,256,6000,33.500
2026-07-18T00:23:43.587Z,usb,1,848316260,32507,8321792,256,6000,33.500
2026-07-18T00:23:43.629Z,usb,1,848316260,32508,8322048,256,6000,33.500
2026-07-18T00:23:43.672Z,usb,1,848316260,32509,8322304,256,6000,33.500
2026-07-18T00:23:43.714Z,usb,1,848316260,32510,8322560,256,6000,33.500
2026-07-18T00:23:43.757Z,usb,1,848316260,32511,8322816,256,6000,33.500
2026-07-18T00:23:43.799Z,usb,1,848316260,32512,8323072,256,6000,33.500
2026-07-18T00:23:43.842Z,usb,1,848316260,32513,8323328,256,6000,33.500
2026-07-18T00:23:43.884Z,usb,1,848316260,32514,8323584,256,6000,33.500
2026-07-18T00:23:43.927Z,usb,1,848316260,32515,8323840,256,6000,33.500
2026-07-18T00:23:43.969Z,usb,1,848316260,32516,8324096,256,6000,33.500
2026-07-18T00:23:44.012Z,usb,1,848316260,32517,8324352,256,6000,33.500
2026-07-18T00:23:44.054Z,usb,1,848316260,32518,8324608,256,6000,33.500
2026-07-18T00:23:44.097Z,usb,1,848316260,32519,8324864,256,6000,33.500
2026-07-18T00:23:44.139Z,usb,1,848316260,32520,8325120,256,6000,33.500
2026-07-18T00:23:44.182Z,usb,1,848316260,32521,8325376,256,6000,33.500
2026-07-18T00:23:44.224Z,usb,1,848316260,32522,8325632,256,6000,33.500
2026-07-18T00:23:44.267Z,usb,1,848316260,32523,8325888,256,6000,33.500
2026-07-18T00:23:44.310Z,usb,1,848316260,32524,8326144,256,6000,33.500
2026-07-18T00:23:44.352Z,usb,1,848316260,32525,8326400,256,6000,33.500
2026-07-18T00:23:44.395Z,usb,1,848316260,32526,8326656,256,6000,33.500
2026-07-18T00:23:44.437Z,usb,1,848316260,32527,8326912,256,6000,33.500
2026-07-18T00:23:44.480Z,usb,1,848316260,32528,8327168,256,6000,33.500
2026-07-18T00:23:44.522Z,usb,1,848316260,32529,8327424,256,6000,33.500
2026-07-18T00:23:44.565Z,usb,1,848316260,32530,8327680,256,6000,33.500
2026-07-18T00:23:44.608Z,usb,1,848316260,32531,8327936,256,6000,33.500
2026-07-18T00:23:44.650Z,usb,1,848316260,32532,8328192,256,6000,33.500
2026-07-18T00:23:44.693Z,usb,1,848316260,32533,8328448,256,6000,33.500
2026-07-18T00:23:44.735Z,usb,1,848316260,32534,8328704,256,6000,33.500
2026-07-18T00:23:44.778Z,usb,1,848316260,32535,8328960,256,6000,33.500
2026-07-18T00:23:44.820Z,usb,1,848316260,32536,8329216,256,6000,33.500
2026-07-18T00:23:44.863Z,usb,1,848316260,32537,8329472,256,6000,33.500
2026-07-18T00:23:44.905Z,usb,1,848316260,32538,8329728,256,6000,33.500
2026-07-18T00:23:44.948Z,usb,1,848316260,32539,8329984,256,6000,33.500
2026-07-18T00:23:44.990Z,usb,1,848316260,32540,8330240,256,6000,33.500
2026-07-18T00:23:45.033Z,usb,1,848316260,32541,8330496,256,6000,33.500
2026-07-18T00:23:45.075Z,usb,1,848316260,32542,8330752,256,6000,33.500
2026-07-18T00:23:45.118Z,usb,1,848316260,32543,8331008,256,6000,33.500
2026-07-18T00:23:45.160Z,usb,1,848316260,32544,8331264,256,6000,33.500
2026-07-18T00:23:45.203Z,usb,1,848316260,32545,8331520,256,6000,33.500
2026-07-18T00:23:45.245Z,usb,1,848316260,32546,8331776,256,6000,33.500
2026-07-18T00:23:45.288Z,usb,1,848316260,32547,8332032,256,6000,33.500
2026-07-18T00:23:45.331Z,usb,1,848316260,32548,8332288,256,6000,33.500
2026-07-18T00:23:45.373Z,usb,1,848316260,32549,8332544,256,6000,33.500
2026-07-18T00:23:45.416Z,usb,1,848316260,32550,8332800,256,6000,33.500
2026-07-18T00:23:45.459Z,usb,1,848316260,32551,8333056,256,6000,33.500
2026-07-18T00:23:45.501Z,usb,1,848316260,32552,8333312,256,6000,33.500
2026-07-18T00:23:45.543Z,usb,1,848316260,32553,8333568,256,6000,33.500
2026-07-18T00:23:45.586Z,usb,1,848316260,32554,8333824,256,6000,33.500
2026-07-18T00:23:45.628Z,usb,1,848316260,32555,8334080,256,6000,33.500
2026-07-18T00:23:45.671Z,usb,1,848316260,32556,8334336,256,6000,33.500
2026-07-18T00:23:45.714Z,usb,1,848316260,32557,8334592,256,6000,33.500
2026-07-18T00:23:45.756Z,usb,1,848316260,32558,8334848,256,6000,33.500
2026-07-18T00:23:45.799Z,usb,1,848316260,32559,8335104,256,6000,33.500
2026-07-18T00:23:45.841Z,usb,1,848316260,32560,8335360,256,6000,33.500
2026-07-18T00:23:45.884Z,usb,1,848316260,32561,8335616,256,6000,33.500
2026-07-18T00:23:45.926Z,usb,1,848316260,32562,8335872,256,6000,33.500
2026-07-18T00:23:45.969Z,usb,1,848316260,32563,8336128,256,6000,33.500
2026-07-18T00:23:46.011Z,usb,1,848316260,32564,8336384,256,6000,33.500
2026-07-18T00:23:46.055Z,usb,1,848316260,32565,8336640,256,6000,33.500
2026-07-18T00:23:46.096Z,usb,1,848316260,32566,8336896,256,6000,33.500
2026-07-18T00:23:46.139Z,usb,1,848316260,32567,8337152,256,6000,33.500
2026-07-18T00:23:46.181Z,usb,1,848316260,32568,8337408,256,6000,33.500
2026-07-18T00:23:46.224Z,usb,1,848316260,32569,8337664,256,6000,33.500
2026-07-18T00:23:46.266Z,usb,1,848316260,32570,8337920,256,6000,33.500
2026-07-18T00:23:46.309Z,usb,1,848316260,32571,8338176,256,6000,33.500
2026-07-18T00:23:46.352Z,usb,1,848316260,32572,8338432,256,6000,33.500
2026-07-18T00:23:46.395Z,usb,1,848316260,32573,8338688,256,6000,33.500
2026-07-18T00:23:46.437Z,usb,1,848316260,32574,8338944,256,6000,33.500
2026-07-18T00:23:46.479Z,usb,1,848316260,32575,8339200,256,6000,33.500
2026-07-18T00:23:46.522Z,usb,1,848316260,32576,8339456,256,6000,33.500
2026-07-18T00:23:46.565Z,usb,1,848316260,32577,8339712,256,6000,33.500
2026-07-18T00:23:46.607Z,usb,1,848316260,32578,8339968,256,6000,33.500
2026-07-18T00:23:46.650Z,usb,1,848316260,32579,8340224,256,6000,33.500
2026-07-18T00:23:46.692Z,usb,1,848316260,32580,8340480,256,6000,33.500
2026-07-18T00:23:46.734Z,usb,1,848316260,32581,8340736,256,6000,33.500
2026-07-18T00:23:46.777Z,usb,1,848316260,32582,8340992,256,6000,33.500
2026-07-18T00:23:46.819Z,usb,1,848316260,32583,8341248,256,6000,33.500
2026-07-18T00:23:46.862Z,usb,1,848316260,32584,8341504,256,6000,33.500
2026-07-18T00:23:46.905Z,usb,1,848316260,32585,8341760,256,6000,33.500
2026-07-18T00:23:46.947Z,usb,1,848316260,32586,8342016,256,6000,33.500
2026-07-18T00:23:46.990Z,usb,1,848316260,32587,8342272,256,6000,33.500
2026-07-18T00:23:47.032Z,usb,1,848316260,32588,8342528,256,6000,33.500
2026-07-18T00:23:47.075Z,usb,1,848316260,32589,8342784,256,6000,33.500
2026-07-18T00:23:47.117Z,usb,1,848316260,32590,8343040,256,6000,33.500
2026-07-18T00:23:47.160Z,usb,1,848316260,32591,8343296,256,6000,33.500
2026-07-18T00:23:47.202Z,usb,1,848316260,32592,8343552,256,6000,33.500
2026-07-18T00:23:47.245Z,usb,1,848316260,32593,8343808,256,6000,33.500
2026-07-18T00:23:47.287Z,usb,1,848316260,32594,8344064,256,6000,33.500
2026-07-18T00:23:47.330Z,usb,1,848316260,32595,8344320,256,6000,33.500
2026-07-18T00:23:47.373Z,usb,1,848316260,32596,8344576,256,6000,33.500
2026-07-18T00:23:47.415Z,usb,1,848316260,32597,8344832,256,6000,33.500
2026-07-18T00:23:47.458Z,usb,1,848316260,32598,8345088,256,6000,33.500
2026-07-18T00:23:47.500Z,usb,1,848316260,32599,8345344,256,6000,33.500
2026-07-18T00:23:47.543Z,usb,1,848316260,32600,8345600,256,6000,33.500
2026-07-18T00:23:47.586Z,usb,1,848316260,32601,8345856,256,6000,33.500
2026-07-18T00:23:47.628Z,usb,1,848316260,32602,8346112,256,6000,33.500
2026-07-18T00:23:47.671Z,usb,1,848316260,32603,8346368,256,6000,33.500
2026-07-18T00:23:47.713Z,usb,1,848316260,32604,8346624,256,6000,33.500
2026-07-18T00:23:47.756Z,usb,1,848316260,32605,8346880,256,6000,33.500
2026-07-18T00:23:47.798Z,usb,1,848316260,32606,8347136,256,6000,33.500
2026-07-18T00:23:47.840Z,usb,1,848316260,32607,8347392,256,6000,33.500
2026-07-18T00:23:47.883Z,usb,1,848316260,32608,8347648,256,6000,33.500
2026-07-18T00:23:47.925Z,usb,1,848316260,32609,8347904,256,6000,33.500
2026-07-18T00:23:47.968Z,usb,1,848316260,32610,8348160,256,6000,33.500
2026-07-18T00:23:48.010Z,usb,1,848316260,32611,8348416,256,6000,33.500
2026-07-18T00:23:48.053Z,usb,1,848316260,32612,8348672,256,6000,33.500
2026-07-18T00:23:48.095Z,usb,1,848316260,32613,8348928,256,6000,33.500
2026-07-18T00:23:48.138Z,usb,1,848316260,32614,8349184,256,6000,33.500
2026-07-18T00:23:48.180Z,usb,1,848316260,32615,8349440,256,6000,33.500
2026-07-18T00:23:48.223Z,usb,1,848316260,32616,8349696,256,6000,33.500
2026-07-18T00:23:48.266Z,usb,1,848316260,32617,8349952,256,6000,33.500
2026-07-18T00:23:48.308Z,usb,1,848316260,32618,8350208,256,6000,33.500
2026-07-18T00:23:48.351Z,usb,1,848316260,32619,8350464,256,6000,33.500
2026-07-18T00:23:48.394Z,usb,1,848316260,32620,8350720,256,6000,33.500
2026-07-18T00:23:48.436Z,usb,1,848316260,32621,8350976,256,6000,33.500
2026-07-18T00:23:48.479Z,usb,1,848316260,32622,8351232,256,6000,33.500
2026-07-18T00:23:48.521Z,usb,1,848316260,32623,8351488,256,6000,33.500
2026-07-18T00:23:48.564Z,usb,1,848316260,32624,8351744,256,6000,33.500
2026-07-18T00:23:48.606Z,usb,1,848316260,32625,8352000,256,6000,33.500
2026-07-18T00:23:48.649Z,usb,1,848316260,32626,8352256,256,6000,33.500
2026-07-18T00:23:48.691Z,usb,1,848316260,32627,8352512,256,6000,33.500
2026-07-18T00:23:48.734Z,usb,1,848316260,32628,8352768,256,6000,33.500
2026-07-18T00:23:48.776Z,usb,1,848316260,32629,8353024,256,6000,33.500
2026-07-18T00:23:48.819Z,usb,1,848316260,32630,8353280,256,6000,33.500
2026-07-18T00:23:48.861Z,usb,1,848316260,32631,8353536,256,6000,33.500
2026-07-18T00:23:48.904Z,usb,1,848316260,32632,8353792,256,6000,33.500
2026-07-18T00:23:48.946Z,usb,1,848316260,32633,8354048,256,6000,33.500
2026-07-18T00:23:48.989Z,usb,1,848316260,32634,8354304,256,6000,33.500
2026-07-18T00:23:49.031Z,usb,1,848316260,32635,8354560,256,6000,33.500
2026-07-18T00:23:49.074Z,usb,1,848316260,32636,8354816,256,6000,33.500
2026-07-18T00:23:49.116Z,usb,1,848316260,32637,8355072,256,6000,33.500
2026-07-18T00:23:49.159Z,usb,1,848316260,32638,8355328,256,6000,33.500
2026-07-18T00:23:49.201Z,usb,1,848316260,32639,8355584,256,6000,33.500
2026-07-18T00:23:49.244Z,usb,1,848316260,32640,8355840,256,6000,33.500
2026-07-18T00:23:49.286Z,usb,1,848316260,32641,8356096,256,6000,33.500
2026-07-18T00:23:49.329Z,usb,1,848316260,32642,8356352,256,6000,33.500
2026-07-18T00:23:49.372Z,usb,1,848316260,32643,8356608,256,6000,33.500
2026-07-18T00:23:49.415Z,usb,1,848316260,32644,8356864,256,6000,33.500
2026-07-18T00:23:49.457Z,usb,1,848316260,32645,8357120,256,6000,33.500
2026-07-18T00:23:49.500Z,usb,1,848316260,32646,8357376,256,6000,33.500
2026-07-18T00:23:49.542Z,usb,1,848316260,32647,8357632,256,6000,33.500
2026-07-18T00:23:49.585Z,usb,1,848316260,32648,8357888,256,6000,33.500
2026-07-18T00:23:49.627Z,usb,1,848316260,32649,8358144,256,6000,33.500
2026-07-18T00:23:49.670Z,usb,1,848316260,32650,8358400,256,6000,33.500
2026-07-18T00:23:49.712Z,usb,1,848316260,32651,8358656,256,6000,33.500
2026-07-18T00:23:49.755Z,usb,1,848316260,32652,8358912,256,6000,33.500
2026-07-18T00:23:49.797Z,usb,1,848316260,32653,8359168,256,6000,33.500
2026-07-18T00:23:49.840Z,usb,1,848316260,32654,8359424,256,6000,33.500
2026-07-18T00:23:49.882Z,usb,1,848316260,32655,8359680,256,6000,33.500
2026-07-18T00:23:49.925Z,usb,1,848316260,32656,8359936,256,6000,33.500
2026-07-18T00:23:49.967Z,usb,1,848316260,32657,8360192,256,6000,33.500
2026-07-18T00:23:50.010Z,usb,1,848316260,32658,8360448,256,6000,33.500
2026-07-18T00:23:50.052Z,usb,1,848316260,32659,8360704,256,6000,33.500
2026-07-18T00:23:50.095Z,usb,1,848316260,32660,8360960,256,6000,33.500
2026-07-18T00:23:50.137Z,usb,1,848316260,32661,8361216,256,6000,33.500
2026-07-18T00:23:50.180Z,usb,1,848316260,32662,8361472,256,6000,33.500
2026-07-18T00:23:50.222Z,usb,1,848316260,32663,8361728,256,6000,33.500
2026-07-18T00:23:50.265Z,usb,1,848316260,32664,8361984,256,6000,33.500
2026-07-18T00:23:50.307Z,usb,1,848316260,32665,8362240,256,6000,33.500
2026-07-18T00:23:50.350Z,usb,1,848316260,32666,8362496,256,6000,33.500
2026-07-18T00:23:50.393Z,usb,1,848316260,32667,8362752,256,6000,33.500
2026-07-18T00:23:50.436Z,usb,1,848316260,32668,8363008,256,6000,33.500
2026-07-18T00:23:50.478Z,usb,1,848316260,32669,8363264,256,6000,33.500
2026-07-18T00:23:50.521Z,usb,1,848316260,32670,8363520,256,6000,33.500
2026-07-18T00:23:50.563Z,usb,1,848316260,32671,8363776,256,6000,33.500
2026-07-18T00:23:50.606Z,usb,1,848316260,32672,8364032,256,6000,33.500
2026-07-18T00:23:50.648Z,usb,1,848316260,32673,8364288,256,6000,33.500
2026-07-18T00:23:50.691Z,usb,1,848316260,32674,8364544,256,6000,33.500
2026-07-18T00:23:50.733Z,usb,1,848316260,32675,8364800,256,6000,33.500
2026-07-18T00:23:50.775Z,usb,1,848316260,32676,8365056,256,6000,33.500
2026-07-18T00:23:50.818Z,usb,1,848316260,32677,8365312,256,6000,33.500
2026-07-18T00:23:50.861Z,usb,1,848316260,32678,8365568,256,6000,33.500
2026-07-18T00:23:50.903Z,usb,1,848316260,32679,8365824,256,6000,33.500
2026-07-18T00:23:50.946Z,usb,1,848316260,32680,8366080,256,6000,33.500
2026-07-18T00:23:50.988Z,usb,1,848316260,32681,8366336,256,6000,33.500
2026-07-18T00:23:51.031Z,usb,1,848316260,32682,8366592,256,6000,33.500
2026-07-18T00:23:51.073Z,usb,1,848316260,32683,8366848,256,6000,33.500
2026-07-18T00:23:51.116Z,usb,1,848316260,32684,8367104,256,6000,33.500
2026-07-18T00:23:51.158Z,usb,1,848316260,32685,8367360,256,6000,33.500
2026-07-18T00:23:51.201Z,usb,1,848316260,32686,8367616,256,6000,33.500
2026-07-18T00:23:51.243Z,usb,1,848316260,32687,8367872,256,6000,33.500
2026-07-18T00:23:51.286Z,usb,1,848316260,32688,8368128,256,6000,33.500
2026-07-18T00:23:51.328Z,usb,1,848316260,32689,8368384,256,6000,33.500
2026-07-18T00:23:51.371Z,usb,1,848316260,32690,8368640,256,6000,33.500
2026-07-18T00:23:51.414Z,usb,1,848316260,32691,8368896,256,6000,33.500
2026-07-18T00:23:51.456Z,usb,1,848316260,32692,8369152,256,6000,33.500
2026-07-18T00:23:51.499Z,usb,1,848316260,32693,8369408,256,6000,33.500
2026-07-18T00:23:51.542Z,usb,1,848316260,32694,8369664,256,6000,33.500
2026-07-18T00:23:51.584Z,usb,1,848316260,32695,8369920,256,6000,33.500
2026-07-18T00:23:51.626Z,usb,1,848316260,32696,8370176,256,6000,33.500
2026-07-18T00:23:51.669Z,usb,1,848316260,32697,8370432,256,6000,33.500
2026-07-18T00:23:51.711Z,usb,1,848316260,32698,8370688,256,6000,33.500
2026-07-18T00:23:51.754Z,usb,1,848316260,32699,8370944,256,6000,33.500
2026-07-18T00:23:51.796Z,usb,1,848316260,32700,8371200,256,6000,33.500
2026-07-18T00:23:51.839Z,usb,1,848316260,32701,8371456,256,6000,33.500
2026-07-18T00:23:51.882Z,usb,1,848316260,32702,8371712,256,6000,33.500
2026-07-18T00:23:51.924Z,usb,1,848316260,32703,8371968,256,6000,33.500
2026-07-18T00:23:51.967Z,usb,1,848316260,32704,8372224,256,6000,33.500
2026-07-18T00:23:52.009Z,usb,1,848316260,32705,8372480,256,6000,33.500
2026-07-18T00:23:52.051Z,usb,1,848316260,32706,8372736,256,6000,33.500
2026-07-18T00:23:52.094Z,usb,1,848316260,32707,8372992,256,6000,33.500
2026-07-18T00:23:52.137Z,usb,1,848316260,32708,8373248,256,6000,33.500
2026-07-18T00:23:52.179Z,usb,1,848316260,32709,8373504,256,6000,33.500
2026-07-18T00:23:52.221Z,usb,1,848316260,32710,8373760,256,6000,33.500
2026-07-18T00:23:52.264Z,usb,1,848316260,32711,8374016,256,6000,33.500
2026-07-18T00:23:52.307Z,usb,1,848316260,32712,8374272,256,6000,33.500
2026-07-18T00:23:52.349Z,usb,1,848316260,32713,8374528,256,6000,33.500
2026-07-18T00:23:52.392Z,usb,1,848316260,32714,8374784,256,6000,33.500
2026-07-18T00:23:52.435Z,usb,1,848316260,32715,8375040,256,6000,33.510
2026-07-18T00:23:52.477Z,usb,1,848316260,32716,8375296,256,6000,33.510
2026-07-18T00:23:52.520Z,usb,1,848316260,32717,8375552,256,6000,33.510
2026-07-18T00:23:52.562Z,usb,1,848316260,32718,8375808,256,6000,33.510
2026-07-18T00:23:52.605Z,usb,1,848316260,32719,8376064,256,6000,33.510
2026-07-18T00:23:52.647Z,usb,1,848316260,32720,8376320,256,6000,33.510
2026-07-18T00:23:52.690Z,usb,1,848316260,32721,8376576,256,6000,33.510
2026-07-18T00:23:52.732Z,usb,1,848316260,32722,8376832,256,6000,33.510
2026-07-18T00:23:52.775Z,usb,1,848316260,32723,8377088,256,6000,33.510
2026-07-18T00:23:52.817Z,usb,1,848316260,32724,8377344,256,6000,33.510
2026-07-18T00:23:52.860Z,usb,1,848316260,32725,8377600,256,6000,33.510
2026-07-18T00:23:52.902Z,usb,1,848316260,32726,8377856,256,6000,33.510
2026-07-18T00:23:52.945Z,usb,1,848316260,32727,8378112,256,6000,33.510
2026-07-18T00:23:52.988Z,usb,1,848316260,32728,8378368,256,6000,33.510
2026-07-18T00:23:53.030Z,usb,1,848316260,32729,8378624,256,6000,33.510
2026-07-18T00:23:53.073Z,usb,1,848316260,32730,8378880,256,6000,33.510
2026-07-18T00:23:53.115Z,usb,1,848316260,32731,8379136,256,6000,33.510
2026-07-18T00:23:53.158Z,usb,1,848316260,32732,8379392,256,6000,33.510
2026-07-18T00:23:53.200Z,usb,1,848316260,32733,8379648,256,6000,33.510
2026-07-18T00:23:53.243Z,usb,1,848316260,32734,8379904,256,6000,33.510
2026-07-18T00:23:53.285Z,usb,1,848316260,32735,8380160,256,6000,33.510
2026-07-18T00:23:53.328Z,usb,1,848316260,32736,8380416,256,6000,33.510
2026-07-18T00:23:53.370Z,usb,1,848316260,32737,8380672,256,6000,33.510
2026-07-18T00:23:53.412Z,usb,1,848316260,32738,8380928,256,6000,33.510
2026-07-18T00:23:53.456Z,usb,1,848316260,32739,8381184,256,6000,33.510
2026-07-18T00:23:53.498Z,usb,1,848316260,32740,8381440,256,6000,33.510
2026-07-18T00:23:53.541Z,usb,1,848316260,32741,8381696,256,6000,33.510
2026-07-18T00:23:53.583Z,usb,1,848316260,32742,8381952,256,6000,33.510
2026-07-18T00:23:53.626Z,usb,1,848316260,32743,8382208,256,6000,33.510
2026-07-18T00:23:53.668Z,usb,1,848316260,32744,8382464,256,6000,33.510
2026-07-18T00:23:53.711Z,usb,1,848316260,32745,8382720,256,6000,33.510
2026-07-18T00:23:53.753Z,usb,1,848316260,32746,8382976,256,6000,33.510
2026-07-18T00:23:53.796Z,usb,1,848316260,32747,8383232,256,6000,33.510
2026-07-18T00:23:53.838Z,usb,1,848316260,32748,8383488,256,6000,33.510
2026-07-18T00:23:53.881Z,usb,1,848316260,32749,8383744,256,6000,33.510
2026-07-18T00:23:53.923Z,usb,1,848316260,32750,8384000,256,6000,33.510
2026-07-18T00:23:53.966Z,usb,1,848316260,32751,8384256,256,6000,33.510
2026-07-18T00:23:54.008Z,usb,1,848316260,32752,8384512,256,6000,33.510
2026-07-18T00:23:54.051Z,usb,1,848316260,32753,8384768,256,6000,33.510
2026-07-18T00:23:54.093Z,usb,1,848316260,32754,8385024,256,6000,33.510
2026-07-18T00:23:54.136Z,usb,1,848316260,32755,8385280,256,6000,33.510
2026-07-18T00:23:54.178Z,usb,1,848316260,32756,8385536,256,6000,33.510
2026-07-18T00:23:54.221Z,usb,1,848316260,32757,8385792,256,6000,33.510
2026-07-18T00:23:54.263Z,usb,1,848316260,32758,8386048,256,6000,33.510
2026-07-18T00:23:54.306Z,usb,1,848316260,32759,8386304,256,6000,33.510
2026-07-18T00:23:54.348Z,usb,1,848316260,32760,8386560,256,6000,33.510
2026-07-18T00:23:54.391Z,usb,1,848316260,32761,8386816,256,6000,33.510
2026-07-18T00:23:54.433Z,usb,1,848316260,32762,8387072,256,6000,33.510
2026-07-18T00:23:54.477Z,usb,1,848316260,32763,8387328,256,6000,33.500
2026-07-18T00:23:54.519Z,usb,1,848316260,32764,8387584,256,6000,33.500
2026-07-18T00:23:54.562Z,usb,1,848316260,32765,8387840,256,6000,33.500
2026-07-18T00:23:54.604Z,usb,1,848316260,32766,8388096,256,6000,33.500
2026-07-18T00:23:54.647Z,usb,1,848316260,32767,8388352,256,6000,33.500
2026-07-18T00:23:54.689Z,usb,1,848316260,32768,8388608,256,6000,33.500
2026-07-18T00:23:54.732Z,usb,1,848316260,32769,8388864,256,6000,33.500
2026-07-18T00:23:54.774Z,usb,1,848316260,32770,8389120,256,6000,33.500
2026-07-18T00:23:54.817Z,usb,1,848316260,32771,8389376,256,6000,33.500
2026-07-18T00:23:54.859Z,usb,1,848316260,32772,8389632,256,6000,33.500
2026-07-18T00:23:54.902Z,usb,1,848316260,32773,8389888,256,6000,33.500
2026-07-18T00:23:54.944Z,usb,1,848316260,32774,8390144,256,6000,33.500
2026-07-18T00:23:54.987Z,usb,1,848316260,32775,8390400,256,6000,33.500
2026-07-18T00:23:55.029Z,usb,1,848316260,32776,8390656,256,6000,33.500
2026-07-18T00:23:55.072Z,usb,1,848316260,32777,8390912,256,6000,33.500
2026-07-18T00:23:55.114Z,usb,1,848316260,32778,8391168,256,6000,33.500
2026-07-18T00:23:55.157Z,usb,1,848316260,32779,8391424,256,6000,33.500
2026-07-18T00:23:55.199Z,usb,1,848316260,32780,8391680,256,6000,33.500
2026-07-18T00:23:55.242Z,usb,1,848316260,32781,8391936,256,6000,33.500
2026-07-18T00:23:55.284Z,usb,1,848316260,32782,8392192,256,6000,33.500
2026-07-18T00:23:55.327Z,usb,1,848316260,32783,8392448,256,6000,33.500
2026-07-18T00:23:55.369Z,usb,1,848316260,32784,8392704,256,6000,33.500
2026-07-18T00:23:55.412Z,usb,1,848316260,32785,8392960,256,6000,33.500
2026-07-18T00:23:55.454Z,usb,1,848316260,32786,8393216,256,6000,33.500
2026-07-18T00:23:55.498Z,usb,1,848316260,32787,8393472,256,6000,33.500
2026-07-18T00:23:55.540Z,usb,1,848316260,32788,8393728,256,6000,33.500
2026-07-18T00:23:55.583Z,usb,1,848316260,32789,8393984,256,6000,33.500
2026-07-18T00:23:55.625Z,usb,1,848316260,32790,8394240,256,6000,33.500
2026-07-18T00:23:55.668Z,usb,1,848316260,32791,8394496,256,6000,33.500
2026-07-18T00:23:55.710Z,usb,1,848316260,32792,8394752,256,6000,33.500
2026-07-18T00:23:55.753Z,usb,1,848316260,32793,8395008,256,6000,33.500
2026-07-18T00:23:55.795Z,usb,1,848316260,32794,8395264,256,6000,33.500
2026-07-18T00:23:55.838Z,usb,1,848316260,32795,8395520,256,6000,33.500
2026-07-18T00:23:55.880Z,usb,1,848316260,32796,8395776,256,6000,33.500
2026-07-18T00:23:55.923Z,usb,1,848316260,32797,8396032,256,6000,33.500
2026-07-18T00:23:55.965Z,usb,1,848316260,32798,8396288,256,6000,33.500
2026-07-18T00:23:56.008Z,usb,1,848316260,32799,8396544,256,6000,33.500
2026-07-18T00:23:56.050Z,usb,1,848316260,32800,8396800,256,6000,33.500
2026-07-18T00:23:56.093Z,usb,1,848316260,32801,8397056,256,6000,33.500
2026-07-18T00:23:56.135Z,usb,1,848316260,32802,8397312,256,6000,33.500
2026-07-18T00:23:56.178Z,usb,1,848316260,32803,8397568,256,6000,33.500
2026-07-18T00:23:56.220Z,usb,1,848316260,32804,8397824,256,6000,33.500
2026-07-18T00:23:56.263Z,usb,1,848316260,32805,8398080,256,6000,33.500
2026-07-18T00:23:56.305Z,usb,1,848316260,32806,8398336,256,6000,33.500
2026-07-18T00:23:56.348Z,usb,1,848316260,32807,8398592,256,6000,33.500
2026-07-18T00:23:56.390Z,usb,1,848316260,32808,8398848,256,6000,33.500
2026-07-18T00:23:56.433Z,usb,1,848316260,32809,8399104,256,6000,33.500
2026-07-18T00:23:56.475Z,usb,1,848316260,32810,8399360,256,6000,33.500
2026-07-18T00:23:56.518Z,usb,1,848316260,32811,8399616,256,6000,33.510
2026-07-18T00:23:56.561Z,usb,1,848316260,32812,8399872,256,6000,33.510
2026-07-18T00:23:56.603Z,usb,1,848316260,32813,8400128,256,6000,33.510
2026-07-18T00:23:56.646Z,usb,1,848316260,32814,8400384,256,6000,33.510
2026-07-18T00:23:56.688Z,usb,1,848316260,32815,8400640,256,6000,33.510
2026-07-18T00:23:56.731Z,usb,1,848316260,32816,8400896,256,6000,33.510
2026-07-18T00:23:56.773Z,usb,1,848316260,32817,8401152,256,6000,33.510
2026-07-18T00:23:56.816Z,usb,1,848316260,32818,8401408,256,6000,33.510
2026-07-18T00:23:56.858Z,usb,1,848316260,32819,8401664,256,6000,33.510
2026-07-18T00:23:56.901Z,usb,1,848316260,32820,8401920,256,6000,33.510
2026-07-18T00:23:56.943Z,usb,1,848316260,32821,8402176,256,6000,33.510
2026-07-18T00:23:56.986Z,usb,1,848316260,32822,8402432,256,6000,33.510
2026-07-18T00:23:57.028Z,usb,1,848316260,32823,8402688,256,6000,33.510
2026-07-18T00:23:57.071Z,usb,1,848316260,32824,8402944,256,6000,33.510
2026-07-18T00:23:57.113Z,usb,1,848316260,32825,8403200,256,6000,33.510
2026-07-18T00:23:57.156Z,usb,1,848316260,32826,8403456,256,6000,33.510
2026-07-18T00:23:57.198Z,usb,1,848316260,32827,8403712,256,6000,33.510
2026-07-18T00:23:57.241Z,usb,1,848316260,32828,8403968,256,6000,33.510
2026-07-18T00:23:57.283Z,usb,1,848316260,32829,8404224,256,6000,33.510
2026-07-18T00:23:57.326Z,usb,1,848316260,32830,8404480,256,6000,33.510
2026-07-18T00:23:57.368Z,usb,1,848316260,32831,8404736,256,6000,33.510
2026-07-18T00:23:57.411Z,usb,1,848316260,32832,8404992,256,6000,33.510
2026-07-18T00:23:57.453Z,usb,1,848316260,32833,8405248,256,6000,33.510
2026-07-18T00:23:57.496Z,usb,1,848316260,32834,8405504,256,6000,33.510
2026-07-18T00:23:57.539Z,usb,1,848316260,32835,8405760,256,6000,33.510
2026-07-18T00:23:57.582Z,usb,1,848316260,32836,8406016,256,6000,33.510
2026-07-18T00:23:57.624Z,usb,1,848316260,32837,8406272,256,6000,33.510
2026-07-18T00:23:57.667Z,usb,1,848316260,32838,8406528,256,6000,33.510
2026-07-18T00:23:57.709Z,usb,1,848316260,32839,8406784,256,6000,33.510
2026-07-18T00:23:57.752Z,usb,1,848316260,32840,8407040,256,6000,33.510
2026-07-18T00:23:57.794Z,usb,1,848316260,32841,8407296,256,6000,33.510
2026-07-18T00:23:57.837Z,usb,1,848316260,32842,8407552,256,6000,33.510
2026-07-18T00:23:57.879Z,usb,1,848316260,32843,8407808,256,6000,33.510
2026-07-18T00:23:57.922Z,usb,1,848316260,32844,8408064,256,6000,33.510
2026-07-18T00:23:57.964Z,usb,1,848316260,32845,8408320,256,6000,33.510
2026-07-18T00:23:58.007Z,usb,1,848316260,32846,8408576,256,6000,33.510
2026-07-18T00:23:58.049Z,usb,1,848316260,32847,8408832,256,6000,33.510
2026-07-18T00:23:58.092Z,usb,1,848316260,32848,8409088,256,6000,33.510
2026-07-18T00:23:58.134Z,usb,1,848316260,32849,8409344,256,6000,33.510
2026-07-18T00:23:58.177Z,usb,1,848316260,32850,8409600,256,6000,33.510
2026-07-18T00:23:58.219Z,usb,1,848316260,32851,8409856,256,6000,33.510
2026-07-18T00:23:58.262Z,usb,1,848316260,32852,8410112,256,6000,33.510
2026-07-18T00:23:58.304Z,usb,1,848316260,32853,8410368,256,6000,33.510
2026-07-18T00:23:58.347Z,usb,1,848316260,32854,8410624,256,6000,33.510
2026-07-18T00:23:58.389Z,usb,1,848316260,32855,8410880,256,6000,33.510
2026-07-18T00:23:58.432Z,usb,1,848316260,32856,8411136,256,6000,33.510
2026-07-18T00:23:58.474Z,usb,1,848316260,32857,8411392,256,6000,33.510
2026-07-18T00:23:58.517Z,usb,1,848316260,32858,8411648,256,6000,33.510
2026-07-18T00:23:58.560Z,usb,1,848316260,32859,8411904,256,6000,33.500
2026-07-18T00:23:58.603Z,usb,1,848316260,32860,8412160,256,6000,33.500
2026-07-18T00:23:58.645Z,usb,1,848316260,32861,8412416,256,6000,33.500
2026-07-18T00:23:58.688Z,usb,1,848316260,32862,8412672,256,6000,33.500
2026-07-18T00:23:58.730Z,usb,1,848316260,32863,8412928,256,6000,33.500
2026-07-18T00:23:58.773Z,usb,1,848316260,32864,8413184,256,6000,33.500
2026-07-18T00:23:58.815Z,usb,1,848316260,32865,8413440,256,6000,33.500
2026-07-18T00:23:58.858Z,usb,1,848316260,32866,8413696,256,6000,33.500
2026-07-18T00:23:58.900Z,usb,1,848316260,32867,8413952,256,6000,33.500
2026-07-18T00:23:58.943Z,usb,1,848316260,32868,8414208,256,6000,33.500
2026-07-18T00:23:58.985Z,usb,1,848316260,32869,8414464,256,6000,33.500
2026-07-18T00:23:59.028Z,usb,1,848316260,32870,8414720,256,6000,33.500
2026-07-18T00:23:59.070Z,usb,1,848316260,32871,8414976,256,6000,33.500
2026-07-18T00:23:59.113Z,usb,1,848316260,32872,8415232,256,6000,33.500
2026-07-18T00:23:59.155Z,usb,1,848316260,32873,8415488,256,6000,33.500
2026-07-18T00:23:59.198Z,usb,1,848316260,32874,8415744,256,6000,33.500
2026-07-18T00:23:59.240Z,usb,1,848316260,32875,8416000,256,6000,33.500
2026-07-18T00:23:59.283Z,usb,1,848316260,32876,8416256,256,6000,33.500
2026-07-18T00:23:59.325Z,usb,1,848316260,32877,8416512,256,6000,33.500
2026-07-18T00:23:59.368Z,usb,1,848316260,32878,8416768,256,6000,33.500
2026-07-18T00:23:59.410Z,usb,1,848316260,32879,8417024,256,6000,33.500
2026-07-18T00:23:59.453Z,usb,1,848316260,32880,8417280,256,6000,33.500
2026-07-18T00:23:59.495Z,usb,1,848316260,32881,8417536,256,6000,33.500
2026-07-18T00:23:59.538Z,usb,1,848316260,32882,8417792,256,6000,33.500
2026-07-18T00:23:59.581Z,usb,1,848316260,32883,8418048,256,6000,33.510
2026-07-18T00:23:59.623Z,usb,1,848316260,32884,8418304,256,6000,33.510
2026-07-18T00:23:59.666Z,usb,1,848316260,32885,8418560,256,6000,33.510
2026-07-18T00:23:59.708Z,usb,1,848316260,32886,8418816,256,6000,33.510
2026-07-18T00:23:59.751Z,usb,1,848316260,32887,8419072,256,6000,33.510
2026-07-18T00:23:59.793Z,usb,1,848316260,32888,8419328,256,6000,33.510
2026-07-18T00:23:59.836Z,usb,1,848316260,32889,8419584,256,6000,33.510
2026-07-18T00:23:59.879Z,usb,1,848316260,32890,8419840,256,6000,33.510
2026-07-18T00:23:59.921Z,usb,1,848316260,32891,8420096,256,6000,33.510
2026-07-18T00:23:59.964Z,usb,1,848316260,32892,8420352,256,6000,33.510
2026-07-18T00:24:00.007Z,usb,1,848316260,32893,8420608,256,6000,33.510
2026-07-18T00:24:00.048Z,usb,1,848316260,32894,8420864,256,6000,33.510
2026-07-18T00:24:00.091Z,usb,1,848316260,32895,8421120,256,6000,33.510
2026-07-18T00:24:00.133Z,usb,1,848316260,32896,8421376,256,6000,33.510
2026-07-18T00:24:00.176Z,usb,1,848316260,32897,8421632,256,6000,33.510
2026-07-18T00:24:00.218Z,usb,1,848316260,32898,8421888,256,6000,33.510
2026-07-18T00:24:00.261Z,usb,1,848316260,32899,8422144,256,6000,33.510
2026-07-18T00:24:00.303Z,usb,1,848316260,32900,8422400,256,6000,33.510
2026-07-18T00:24:00.346Z,usb,1,848316260,32901,8422656,256,6000,33.510
2026-07-18T00:24:00.388Z,usb,1,848316260,32902,8422912,256,6000,33.510
2026-07-18T00:24:00.431Z,usb,1,848316260,32903,8423168,256,6000,33.510
2026-07-18T00:24:00.474Z,usb,1,848316260,32904,8423424,256,6000,33.510
2026-07-18T00:24:00.516Z,usb,1,848316260,32905,8423680,256,6000,33.510
2026-07-18T00:24:00.558Z,usb,1,848316260,32906,8423936,256,6000,33.510
2026-07-18T00:24:00.602Z,usb,1,848316260,32907,8424192,256,6000,33.500
2026-07-18T00:24:00.644Z,usb,1,848316260,32908,8424448,256,6000,33.500
2026-07-18T00:24:00.687Z,usb,1,848316260,32909,8424704,256,6000,33.500
2026-07-18T00:24:00.729Z,usb,1,848316260,32910,8424960,256,6000,33.500
2026-07-18T00:24:00.772Z,usb,1,848316260,32911,8425216,256,6000,33.500
2026-07-18T00:24:00.814Z,usb,1,848316260,32912,8425472,256,6000,33.500
2026-07-18T00:24:00.857Z,usb,1,848316260,32913,8425728,256,6000,33.500
2026-07-18T00:24:00.899Z,usb,1,848316260,32914,8425984,256,6000,33.500
2026-07-18T00:24:00.942Z,usb,1,848316260,32915,8426240,256,6000,33.500
2026-07-18T00:24:00.984Z,usb,1,848316260,32916,8426496,256,6000,33.500
2026-07-18T00:24:01.027Z,usb,1,848316260,32917,8426752,256,6000,33.500
2026-07-18T00:24:01.069Z,usb,1,848316260,32918,8427008,256,6000,33.500
2026-07-18T00:24:01.112Z,usb,1,848316260,32919,8427264,256,6000,33.500
2026-07-18T00:24:01.154Z,usb,1,848316260,32920,8427520,256,6000,33.500
2026-07-18T00:24:01.197Z,usb,1,848316260,32921,8427776,256,6000,33.500
2026-07-18T00:24:01.239Z,usb,1,848316260,32922,8428032,256,6000,33.500
2026-07-18T00:24:01.282Z,usb,1,848316260,32923,8428288,256,6000,33.500
2026-07-18T00:24:01.324Z,usb,1,848316260,32924,8428544,256,6000,33.500
2026-07-18T00:24:01.367Z,usb,1,848316260,32925,8428800,256,6000,33.500
2026-07-18T00:24:01.409Z,usb,1,848316260,32926,8429056,256,6000,33.500
2026-07-18T00:24:01.452Z,usb,1,848316260,32927,8429312,256,6000,33.500
2026-07-18T00:24:01.494Z,usb,1,848316260,32928,8429568,256,6000,33.500
2026-07-18T00:24:01.537Z,usb,1,848316260,32929,8429824,256,6000,33.500
2026-07-18T00:24:01.579Z,usb,1,848316260,32930,8430080,256,6000,33.500
2026-07-18T00:24:01.622Z,usb,1,848316260,32931,8430336,256,6000,33.500
2026-07-18T00:24:01.665Z,usb,1,848316260,32932,8430592,256,6000,33.500
2026-07-18T00:24:01.708Z,usb,1,848316260,32933,8430848,256,6000,33.500
2026-07-18T00:24:01.750Z,usb,1,848316260,32934,8431104,256,6000,33.500
2026-07-18T00:24:01.793Z,usb,1,848316260,32935,8431360,256,6000,33.500
2026-07-18T00:24:01.835Z,usb,1,848316260,32936,8431616,256,6000,33.500
2026-07-18T00:24:01.878Z,usb,1,848316260,32937,8431872,256,6000,33.500
2026-07-18T00:24:01.920Z,usb,1,848316260,32938,8432128,256,6000,33.500
2026-07-18T00:24:01.963Z,usb,1,848316260,32939,8432384,256,6000,33.500
2026-07-18T00:24:02.005Z,usb,1,848316260,32940,8432640,256,6000,33.500
2026-07-18T00:24:02.048Z,usb,1,848316260,32941,8432896,256,6000,33.500
2026-07-18T00:24:02.091Z,usb,1,848316260,32942,8433152,256,6000,33.500
2026-07-18T00:24:02.133Z,usb,1,848316260,32943,8433408,256,6000,33.500
2026-07-18T00:24:02.175Z,usb,1,848316260,32944,8433664,256,6000,33.500
2026-07-18T00:24:02.218Z,usb,1,848316260,32945,8433920,256,6000,33.500
2026-07-18T00:24:02.260Z,usb,1,848316260,32946,8434176,256,6000,33.500
2026-07-18T00:24:02.303Z,usb,1,848316260,32947,8434432,256,6000,33.500
2026-07-18T00:24:02.345Z,usb,1,848316260,32948,8434688,256,6000,33.500
2026-07-18T00:24:02.388Z,usb,1,848316260,32949,8434944,256,6000,33.500
2026-07-18T00:24:02.430Z,usb,1,848316260,32950,8435200,256,6000,33.500
2026-07-18T00:24:02.473Z,usb,1,848316260,32951,8435456,256,6000,33.500
2026-07-18T00:24:02.515Z,usb,1,848316260,32952,8435712,256,6000,33.500
2026-07-18T00:24:02.558Z,usb,1,848316260,32953,8435968,256,6000,33.500
2026-07-18T00:24:02.600Z,usb,1,848316260,32954,8436224,256,6000,33.500
2026-07-18T00:24:02.643Z,usb,1,848316260,32955,8436480,256,6000,33.500
2026-07-18T00:24:02.686Z,usb,1,848316260,32956,8436736,256,6000,33.500
2026-07-18T00:24:02.728Z,usb,1,848316260,32957,8436992,256,6000,33.500
2026-07-18T00:24:02.771Z,usb,1,848316260,32958,8437248,256,6000,33.500
2026-07-18T00:24:02.813Z,usb,1,848316260,32959,8437504,256,6000,33.500
2026-07-18T00:24:02.856Z,usb,1,848316260,32960,8437760,256,6000,33.500
2026-07-18T00:24:02.899Z,usb,1,848316260,32961,8438016,256,6000,33.500
2026-07-18T00:24:02.941Z,usb,1,848316260,32962,8438272,256,6000,33.500
2026-07-18T00:24:02.983Z,usb,1,848316260,32963,8438528,256,6000,33.500
2026-07-18T00:24:03.026Z,usb,1,848316260,32964,8438784,256,6000,33.500
2026-07-18T00:24:03.068Z,usb,1,848316260,32965,8439040,256,6000,33.500
2026-07-18T00:24:03.111Z,usb,1,848316260,32966,8439296,256,6000,33.500
2026-07-18T00:24:03.154Z,usb,1,848316260,32967,8439552,256,6000,33.500
2026-07-18T00:24:03.196Z,usb,1,848316260,32968,8439808,256,6000,33.500
2026-07-18T00:24:03.239Z,usb,1,848316260,32969,8440064,256,6000,33.500
2026-07-18T00:24:03.281Z,usb,1,848316260,32970,8440320,256,6000,33.500
2026-07-18T00:24:03.323Z,usb,1,848316260,32971,8440576,256,6000,33.500
2026-07-18T00:24:03.366Z,usb,1,848316260,32972,8440832,256,6000,33.500
2026-07-18T00:24:03.408Z,usb,1,848316260,32973,8441088,256,6000,33.500
2026-07-18T00:24:03.451Z,usb,1,848316260,32974,8441344,256,6000,33.500
2026-07-18T00:24:03.493Z,usb,1,848316260,32975,8441600,256,6000,33.500
2026-07-18T00:24:03.536Z,usb,1,848316260,32976,8441856,256,6000,33.500
2026-07-18T00:24:03.578Z,usb,1,848316260,32977,8442112,256,6000,33.500
2026-07-18T00:24:03.621Z,usb,1,848316260,32978,8442368,256,6000,33.500
2026-07-18T00:24:03.664Z,usb,1,848316260,32979,8442624,256,6000,33.500
2026-07-18T00:24:03.707Z,usb,1,848316260,32980,8442880,256,6000,33.500
2026-07-18T00:24:03.749Z,usb,1,848316260,32981,8443136,256,6000,33.500
2026-07-18T00:24:03.792Z,usb,1,848316260,32982,8443392,256,6000,33.500
2026-07-18T00:24:03.834Z,usb,1,848316260,32983,8443648,256,6000,33.500
2026-07-18T00:24:03.877Z,usb,1,848316260,32984,8443904,256,6000,33.500
2026-07-18T00:24:03.919Z,usb,1,848316260,32985,8444160,256,6000,33.500
2026-07-18T00:24:03.962Z,usb,1,848316260,32986,8444416,256,6000,33.500
2026-07-18T00:24:04.004Z,usb,1,848316260,32987,8444672,256,6000,33.500
2026-07-18T00:24:04.047Z,usb,1,848316260,32988,8444928,256,6000,33.500
2026-07-18T00:24:04.089Z,usb,1,848316260,32989,8445184,256,6000,33.500
2026-07-18T00:24:04.132Z,usb,1,848316260,32990,8445440,256,6000,33.500
2026-07-18T00:24:04.174Z,usb,1,848316260,32991,8445696,256,6000,33.500
2026-07-18T00:24:04.217Z,usb,1,848316260,32992,8445952,256,6000,33.500
2026-07-18T00:24:04.259Z,usb,1,848316260,32993,8446208,256,6000,33.500
2026-07-18T00:24:04.302Z,usb,1,848316260,32994,8446464,256,6000,33.500
2026-07-18T00:24:04.344Z,usb,1,848316260,32995,8446720,256,6000,33.500
2026-07-18T00:24:04.387Z,usb,1,848316260,32996,8446976,256,6000,33.500
2026-07-18T00:24:04.429Z,usb,1,848316260,32997,8447232,256,6000,33.500
2026-07-18T00:24:04.472Z,usb,1,848316260,32998,8447488,256,6000,33.500
2026-07-18T00:24:04.514Z,usb,1,848316260,32999,8447744,256,6000,33.500
2026-07-18T00:24:04.557Z,usb,1,848316260,33000,8448000,256,6000,33.500
2026-07-18T00:24:04.599Z,usb,1,848316260,33001,8448256,256,6000,33.500
2026-07-18T00:24:04.642Z,usb,1,848316260,33002,8448512,256,6000,33.500
2026-07-18T00:24:04.685Z,usb,1,848316260,33003,8448768,256,6000,33.500
2026-07-18T00:24:04.727Z,usb,1,848316260,33004,8449024,256,6000,33.500
2026-07-18T00:24:04.770Z,usb,1,848316260,33005,8449280,256,6000,33.500
2026-07-18T00:24:04.813Z,usb,1,848316260,33006,8449536,256,6000,33.500
2026-07-18T00:24:04.855Z,usb,1,848316260,33007,8449792,256,6000,33.500
2026-07-18T00:24:04.897Z,usb,1,848316260,33008,8450048,256,6000,33.500
2026-07-18T00:24:04.940Z,usb,1,848316260,33009,8450304,256,6000,33.500
2026-07-18T00:24:04.982Z,usb,1,848316260,33010,8450560,256,6000,33.500
2026-07-18T00:24:05.025Z,usb,1,848316260,33011,8450816,256,6000,33.500
2026-07-18T00:24:05.067Z,usb,1,848316260,33012,8451072,256,6000,33.500
2026-07-18T00:24:05.110Z,usb,1,848316260,33013,8451328,256,6000,33.500
2026-07-18T00:24:05.152Z,usb,1,848316260,33014,8451584,256,6000,33.500
2026-07-18T00:24:05.195Z,usb,1,848316260,33015,8451840,256,6000,33.500
2026-07-18T00:24:05.238Z,usb,1,848316260,33016,8452096,256,6000,33.500
2026-07-18T00:24:05.280Z,usb,1,848316260,33017,8452352,256,6000,33.500
2026-07-18T00:24:05.322Z,usb,1,848316260,33018,8452608,256,6000,33.500
2026-07-18T00:24:05.365Z,usb,1,848316260,33019,8452864,256,6000,33.500
2026-07-18T00:24:05.407Z,usb,1,848316260,33020,8453120,256,6000,33.500
2026-07-18T00:24:05.450Z,usb,1,848316260,33021,8453376,256,6000,33.500
2026-07-18T00:24:05.492Z,usb,1,848316260,33022,8453632,256,6000,33.500
2026-07-18T00:24:05.535Z,usb,1,848316260,33023,8453888,256,6000,33.500
2026-07-18T00:24:05.578Z,usb,1,848316260,33024,8454144,256,6000,33.500
2026-07-18T00:24:05.620Z,usb,1,848316260,33025,8454400,256,6000,33.500
2026-07-18T00:24:05.663Z,usb,1,848316260,33026,8454656,256,6000,33.500
2026-07-18T00:24:05.706Z,usb,1,848316260,33027,8454912,256,6000,33.500
2026-07-18T00:24:05.748Z,usb,1,848316260,33028,8455168,256,6000,33.500
2026-07-18T00:24:05.791Z,usb,1,848316260,33029,8455424,256,6000,33.500
2026-07-18T00:24:05.833Z,usb,1,848316260,33030,8455680,256,6000,33.500
2026-07-18T00:24:05.876Z,usb,1,848316260,33031,8455936,256,6000,33.500
2026-07-18T00:24:05.918Z,usb,1,848316260,33032,8456192,256,6000,33.500
2026-07-18T00:24:05.961Z,usb,1,848316260,33033,8456448,256,6000,33.500
2026-07-18T00:24:06.003Z,usb,1,848316260,33034,8456704,256,6000,33.500
2026-07-18T00:24:06.046Z,usb,1,848316260,33035,8456960,256,6000,33.500
2026-07-18T00:24:06.088Z,usb,1,848316260,33036,8457216,256,6000,33.500
2026-07-18T00:24:06.131Z,usb,1,848316260,33037,8457472,256,6000,33.500
2026-07-18T00:24:06.173Z,usb,1,848316260,33038,8457728,256,6000,33.500
2026-07-18T00:24:06.216Z,usb,1,848316260,33039,8457984,256,6000,33.500
2026-07-18T00:24:06.258Z,usb,1,848316260,33040,8458240,256,6000,33.500
2026-07-18T00:24:06.301Z,usb,1,848316260,33041,8458496,256,6000,33.500
2026-07-18T00:24:06.343Z,usb,1,848316260,33042,8458752,256,6000,33.500
2026-07-18T00:24:06.387Z,usb,1,848316260,33043,8459008,256,6000,33.500
2026-07-18T00:24:06.428Z,usb,1,848316260,33044,8459264,256,6000,33.500
2026-07-18T00:24:06.471Z,usb,1,848316260,33045,8459520,256,6000,33.500
2026-07-18T00:24:06.513Z,usb,1,848316260,33046,8459776,256,6000,33.500
2026-07-18T00:24:06.556Z,usb,1,848316260,33047,8460032,256,6000,33.500
2026-07-18T00:24:06.598Z,usb,1,848316260,33048,8460288,256,6000,33.500
2026-07-18T00:24:06.641Z,usb,1,848316260,33049,8460544,256,6000,33.500
2026-07-18T00:24:06.683Z,usb,1,848316260,33050,8460800,256,6000,33.500
2026-07-18T00:24:06.727Z,usb,1,848316260,33051,8461056,256,6000,33.500
2026-07-18T00:24:06.769Z,usb,1,848316260,33052,8461312,256,6000,33.500
2026-07-18T00:24:06.812Z,usb,1,848316260,33053,8461568,256,6000,33.500
2026-07-18T00:24:06.854Z,usb,1,848316260,33054,8461824,256,6000,33.500
2026-07-18T00:24:06.897Z,usb,1,848316260,33055,8462080,256,6000,33.500
2026-07-18T00:24:06.939Z,usb,1,848316260,33056,8462336,256,6000,33.500
2026-07-18T00:24:06.982Z,usb,1,848316260,33057,8462592,256,6000,33.500
2026-07-18T00:24:07.024Z,usb,1,848316260,33058,8462848,256,6000,33.500
2026-07-18T00:24:07.067Z,usb,1,848316260,33059,8463104,256,6000,33.500
2026-07-18T00:24:07.109Z,usb,1,848316260,33060,8463360,256,6000,33.500
2026-07-18T00:24:07.152Z,usb,1,848316260,33061,8463616,256,6000,33.500
2026-07-18T00:24:07.194Z,usb,1,848316260,33062,8463872,256,6000,33.500
2026-07-18T00:24:07.237Z,usb,1,848316260,33063,8464128,256,6000,33.500
2026-07-18T00:24:07.279Z,usb,1,848316260,33064,8464384,256,6000,33.500
2026-07-18T00:24:07.322Z,usb,1,848316260,33065,8464640,256,6000,33.500
2026-07-18T00:24:07.364Z,usb,1,848316260,33066,8464896,256,6000,33.500
2026-07-18T00:24:07.406Z,usb,1,848316260,33067,8465152,256,6000,33.500
2026-07-18T00:24:07.449Z,usb,1,848316260,33068,8465408,256,6000,33.500
2026-07-18T00:24:07.492Z,usb,1,848316260,33069,8465664,256,6000,33.500
2026-07-18T00:24:07.534Z,usb,1,848316260,33070,8465920,256,6000,33.500
2026-07-18T00:24:07.577Z,usb,1,848316260,33071,8466176,256,6000,33.500
2026-07-18T00:24:07.619Z,usb,1,848316260,33072,8466432,256,6000,33.500
2026-07-18T00:24:07.662Z,usb,1,848316260,33073,8466688,256,6000,33.500
2026-07-18T00:24:07.704Z,usb,1,848316260,33074,8466944,256,6000,33.500
2026-07-18T00:24:07.747Z,usb,1,848316260,33075,8467200,256,6000,33.500
2026-07-18T00:24:07.790Z,usb,1,848316260,33076,8467456,256,6000,33.500
2026-07-18T00:24:07.832Z,usb,1,848316260,33077,8467712,256,6000,33.500
2026-07-18T00:24:07.875Z,usb,1,848316260,33078,8467968,256,6000,33.500
2026-07-18T00:24:07.917Z,usb,1,848316260,33079,8468224,256,6000,33.500
2026-07-18T00:24:07.960Z,usb,1,848316260,33080,8468480,256,6000,33.500
2026-07-18T00:24:08.002Z,usb,1,848316260,33081,8468736,256,6000,33.500
2026-07-18T00:24:08.045Z,usb,1,848316260,33082,8468992,256,6000,33.500
2026-07-18T00:24:08.087Z,usb,1,848316260,33083,8469248,256,6000,33.500
2026-07-18T00:24:08.130Z,usb,1,848316260,33084,8469504,256,6000,33.500
2026-07-18T00:24:08.172Z,usb,1,848316260,33085,8469760,256,6000,33.500
2026-07-18T00:24:08.215Z,usb,1,848316260,33086,8470016,256,6000,33.500
2026-07-18T00:24:08.257Z,usb,1,848316260,33087,8470272,256,6000,33.500
2026-07-18T00:24:08.300Z,usb,1,848316260,33088,8470528,256,6000,33.500
2026-07-18T00:24:08.342Z,usb,1,848316260,33089,8470784,256,6000,33.500
2026-07-18T00:24:08.385Z,usb,1,848316260,33090,8471040,256,6000,33.500
2026-07-18T00:24:08.427Z,usb,1,848316260,33091,8471296,256,6000,33.500
2026-07-18T00:24:08.470Z,usb,1,848316260,33092,8471552,256,6000,33.500
2026-07-18T00:24:08.512Z,usb,1,848316260,33093,8471808,256,6000,33.500
2026-07-18T00:24:08.555Z,usb,1,848316260,33094,8472064,256,6000,33.500
2026-07-18T00:24:08.597Z,usb,1,848316260,33095,8472320,256,6000,33.500
2026-07-18T00:24:08.640Z,usb,1,848316260,33096,8472576,256,6000,33.500
2026-07-18T00:24:08.682Z,usb,1,848316260,33097,8472832,256,6000,33.500
2026-07-18T00:24:08.725Z,usb,1,848316260,33098,8473088,256,6000,33.500
2026-07-18T00:24:08.768Z,usb,1,848316260,33099,8473344,256,6000,33.500
2026-07-18T00:24:08.811Z,usb,1,848316260,33100,8473600,256,6000,33.500
2026-07-18T00:24:08.853Z,usb,1,848316260,33101,8473856,256,6000,33.500
2026-07-18T00:24:08.896Z,usb,1,848316260,33102,8474112,256,6000,33.500
2026-07-18T00:24:08.938Z,usb,1,848316260,33103,8474368,256,6000,33.500
2026-07-18T00:24:08.981Z,usb,1,848316260,33104,8474624,256,6000,33.500
2026-07-18T00:24:09.023Z,usb,1,848316260,33105,8474880,256,6000,33.500
2026-07-18T00:24:09.066Z,usb,1,848316260,33106,8475136,256,6000,33.500
2026-07-18T00:24:09.108Z,usb,1,848316260,33107,8475392,256,6000,33.500
2026-07-18T00:24:09.151Z,usb,1,848316260,33108,8475648,256,6000,33.500
2026-07-18T00:24:09.193Z,usb,1,848316260,33109,8475904,256,6000,33.500
2026-07-18T00:24:09.236Z,usb,1,848316260,33110,8476160,256,6000,33.500
2026-07-18T00:24:09.278Z,usb,1,848316260,33111,8476416,256,6000,33.500
2026-07-18T00:24:09.321Z,usb,1,848316260,33112,8476672,256,6000,33.500
2026-07-18T00:24:09.363Z,usb,1,848316260,33113,8476928,256,6000,33.500
2026-07-18T00:24:09.406Z,usb,1,848316260,33114,8477184,256,6000,33.500
2026-07-18T00:24:09.448Z,usb,1,848316260,33115,8477440,256,6000,33.500
2026-07-18T00:24:09.491Z,usb,1,848316260,33116,8477696,256,6000,33.500
2026-07-18T00:24:09.533Z,usb,1,848316260,33117,8477952,256,6000,33.500
2026-07-18T00:24:09.576Z,usb,1,848316260,33118,8478208,256,6000,33.500
2026-07-18T00:24:09.618Z,usb,1,848316260,33119,8478464,256,6000,33.500
2026-07-18T00:24:09.661Z,usb,1,848316260,33120,8478720,256,6000,33.500
2026-07-18T00:24:09.703Z,usb,1,848316260,33121,8478976,256,6000,33.500
2026-07-18T00:24:09.746Z,usb,1,848316260,33122,8479232,256,6000,33.500
2026-07-18T00:24:09.789Z,usb,1,848316260,33123,8479488,256,6000,33.500
2026-07-18T00:24:09.831Z,usb,1,848316260,33124,8479744,256,6000,33.500
2026-07-18T00:24:09.874Z,usb,1,848316260,33125,8480000,256,6000,33.500
2026-07-18T00:24:09.917Z,usb,1,848316260,33126,8480256,256,6000,33.500
2026-07-18T00:24:09.959Z,usb,1,848316260,33127,8480512,256,6000,33.500
2026-07-18T00:24:10.002Z,usb,1,848316260,33128,8480768,256,6000,33.500
2026-07-18T00:24:10.044Z,usb,1,848316260,33129,8481024,256,6000,33.500
2026-07-18T00:24:10.087Z,usb,1,848316260,33130,8481280,256,6000,33.500
2026-07-18T00:24:10.129Z,usb,1,848316260,33131,8481536,256,6000,33.500
2026-07-18T00:24:10.172Z,usb,1,848316260,33132,8481792,256,6000,33.500
2026-07-18T00:24:10.214Z,usb,1,848316260,33133,8482048,256,6000,33.500
2026-07-18T00:24:10.257Z,usb,1,848316260,33134,8482304,256,6000,33.500
2026-07-18T00:24:10.299Z,usb,1,848316260,33135,8482560,256,6000,33.500
2026-07-18T00:24:10.342Z,usb,1,848316260,33136,8482816,256,6000,33.500
2026-07-18T00:24:10.384Z,usb,1,848316260,33137,8483072,256,6000,33.500
2026-07-18T00:24:10.427Z,usb,1,848316260,33138,8483328,256,6000,33.500
2026-07-18T00:24:10.469Z,usb,1,848316260,33139,8483584,256,6000,33.500
2026-07-18T00:24:10.511Z,usb,1,848316260,33140,8483840,256,6000,33.500
2026-07-18T00:24:10.554Z,usb,1,848316260,33141,8484096,256,6000,33.500
2026-07-18T00:24:10.597Z,usb,1,848316260,33142,8484352,256,6000,33.500
2026-07-18T00:24:10.639Z,usb,1,848316260,33143,8484608,256,6000,33.500
2026-07-18T00:24:10.682Z,usb,1,848316260,33144,8484864,256,6000,33.500
2026-07-18T00:24:10.724Z,usb,1,848316260,33145,8485120,256,6000,33.500
2026-07-18T00:24:10.767Z,usb,1,848316260,33146,8485376,256,6000,33.500
2026-07-18T00:24:10.810Z,usb,1,848316260,33147,8485632,256,6000,33.500
2026-07-18T00:24:10.852Z,usb,1,848316260,33148,8485888,256,6000,33.500
2026-07-18T00:24:10.895Z,usb,1,848316260,33149,8486144,256,6000,33.500
2026-07-18T00:24:10.937Z,usb,1,848316260,33150,8486400,256,6000,33.500
2026-07-18T00:24:10.980Z,usb,1,848316260,33151,8486656,256,6000,33.500
2026-07-18T00:24:11.022Z,usb,1,848316260,33152,8486912,256,6000,33.500
2026-07-18T00:24:11.065Z,usb,1,848316260,33153,8487168,256,6000,33.500
2026-07-18T00:24:11.108Z,usb,1,848316260,33154,8487424,256,6000,33.500
2026-07-18T00:24:11.150Z,usb,1,848316260,33155,8487680,256,6000,33.500
2026-07-18T00:24:11.192Z,usb,1,848316260,33156,8487936,256,6000,33.500
2026-07-18T00:24:11.235Z,usb,1,848316260,33157,8488192,256,6000,33.500
2026-07-18T00:24:11.277Z,usb,1,848316260,33158,8488448,256,6000,33.500
2026-07-18T00:24:11.320Z,usb,1,848316260,33159,8488704,256,6000,33.500
2026-07-18T00:24:11.362Z,usb,1,848316260,33160,8488960,256,6000,33.500
2026-07-18T00:24:11.405Z,usb,1,848316260,33161,8489216,256,6000,33.500
2026-07-18T00:24:11.447Z,usb,1,848316260,33162,8489472,256,6000,33.500
2026-07-18T00:24:11.490Z,usb,1,848316260,33163,8489728,256,6000,33.500
2026-07-18T00:24:11.532Z,usb,1,848316260,33164,8489984,256,6000,33.500
2026-07-18T00:24:11.575Z,usb,1,848316260,33165,8490240,256,6000,33.500
2026-07-18T00:24:11.617Z,usb,1,848316260,33166,8490496,256,6000,33.500
2026-07-18T00:24:11.660Z,usb,1,848316260,33167,8490752,256,6000,33.500
2026-07-18T00:24:11.702Z,usb,1,848316260,33168,8491008,256,6000,33.500
2026-07-18T00:24:11.745Z,usb,1,848316260,33169,8491264,256,6000,33.500
2026-07-18T00:24:11.787Z,usb,1,848316260,33170,8491520,256,6000,33.500
2026-07-18T00:24:11.831Z,usb,1,848316260,33171,8491776,256,6000,33.500
2026-07-18T00:24:11.873Z,usb,1,848316260,33172,8492032,256,6000,33.500
2026-07-18T00:24:11.916Z,usb,1,848316260,33173,8492288,256,6000,33.500
2026-07-18T00:24:11.958Z,usb,1,848316260,33174,8492544,256,6000,33.500
2026-07-18T00:24:12.001Z,usb,1,848316260,33175,8492800,256,6000,33.500
2026-07-18T00:24:12.043Z,usb,1,848316260,33176,8493056,256,6000,33.500
2026-07-18T00:24:12.086Z,usb,1,848316260,33177,8493312,256,6000,33.500
2026-07-18T00:24:12.128Z,usb,1,848316260,33178,8493568,256,6000,33.500
2026-07-18T00:24:12.171Z,usb,1,848316260,33179,8493824,256,6000,33.500
2026-07-18T00:24:12.213Z,usb,1,848316260,33180,8494080,256,6000,33.500
2026-07-18T00:24:12.256Z,usb,1,848316260,33181,8494336,256,6000,33.500
2026-07-18T00:24:12.298Z,usb,1,848316260,33182,8494592,256,6000,33.500
2026-07-18T00:24:12.341Z,usb,1,848316260,33183,8494848,256,6000,33.500
2026-07-18T00:24:12.383Z,usb,1,848316260,33184,8495104,256,6000,33.500
2026-07-18T00:24:12.426Z,usb,1,848316260,33185,8495360,256,6000,33.500
2026-07-18T00:24:12.468Z,usb,1,848316260,33186,8495616,256,6000,33.500
2026-07-18T00:24:12.511Z,usb,1,848316260,33187,8495872,256,6000,33.500
2026-07-18T00:24:12.553Z,usb,1,848316260,33188,8496128,256,6000,33.500
2026-07-18T00:24:12.596Z,usb,1,848316260,33189,8496384,256,6000,33.500
2026-07-18T00:24:12.638Z,usb,1,848316260,33190,8496640,256,6000,33.500
2026-07-18T00:24:12.681Z,usb,1,848316260,33191,8496896,256,6000,33.500
2026-07-18T00:24:12.723Z,usb,1,848316260,33192,8497152,256,6000,33.500
2026-07-18T00:24:12.766Z,usb,1,848316260,33193,8497408,256,6000,33.500
2026-07-18T00:24:12.808Z,usb,1,848316260,33194,8497664,256,6000,33.500
2026-07-18T00:24:12.851Z,usb,1,848316260,33195,8497920,256,6000,33.510
2026-07-18T00:24:12.894Z,usb,1,848316260,33196,8498176,256,6000,33.510
2026-07-18T00:24:12.936Z,usb,1,848316260,33197,8498432,256,6000,33.510
2026-07-18T00:24:12.979Z,usb,1,848316260,33198,8498688,256,6000,33.510
2026-07-18T00:24:13.021Z,usb,1,848316260,33199,8498944,256,6000,33.510
2026-07-18T00:24:13.064Z,usb,1,848316260,33200,8499200,256,6000,33.510
2026-07-18T00:24:13.107Z,usb,1,848316260,33201,8499456,256,6000,33.510
2026-07-18T00:24:13.149Z,usb,1,848316260,33202,8499712,256,6000,33.510
2026-07-18T00:24:13.192Z,usb,1,848316260,33203,8499968,256,6000,33.510
2026-07-18T00:24:13.234Z,usb,1,848316260,33204,8500224,256,6000,33.510
2026-07-18T00:24:13.276Z,usb,1,848316260,33205,8500480,256,6000,33.510
2026-07-18T00:24:13.319Z,usb,1,848316260,33206,8500736,256,6000,33.510
2026-07-18T00:24:13.362Z,usb,1,848316260,33207,8500992,256,6000,33.510
2026-07-18T00:24:13.404Z,usb,1,848316260,33208,8501248,256,6000,33.510
2026-07-18T00:24:13.446Z,usb,1,848316260,33209,8501504,256,6000,33.510
2026-07-18T00:24:13.489Z,usb,1,848316260,33210,8501760,256,6000,33.510
2026-07-18T00:24:13.531Z,usb,1,848316260,33211,8502016,256,6000,33.510
2026-07-18T00:24:13.574Z,usb,1,848316260,33212,8502272,256,6000,33.510
2026-07-18T00:24:13.616Z,usb,1,848316260,33213,8502528,256,6000,33.510
2026-07-18T00:24:13.659Z,usb,1,848316260,33214,8502784,256,6000,33.510
2026-07-18T00:24:13.701Z,usb,1,848316260,33215,8503040,256,6000,33.510
2026-07-18T00:24:13.744Z,usb,1,848316260,33216,8503296,256,6000,33.510
2026-07-18T00:24:13.786Z,usb,1,848316260,33217,8503552,256,6000,33.510
2026-07-18T00:24:13.829Z,usb,1,848316260,33218,8503808,256,6000,33.510
2026-07-18T00:24:13.872Z,usb,1,848316260,33219,8504064,256,6000,33.500
2026-07-18T00:24:13.915Z,usb,1,848316260,33220,8504320,256,6000,33.500
2026-07-18T00:24:13.957Z,usb,1,848316260,33221,8504576,256,6000,33.500
2026-07-18T00:24:14.000Z,usb,1,848316260,33222,8504832,256,6000,33.500
2026-07-18T00:24:14.042Z,usb,1,848316260,33223,8505088,256,6000,33.500
2026-07-18T00:24:14.085Z,usb,1,848316260,33224,8505344,256,6000,33.500
2026-07-18T00:24:14.127Z,usb,1,848316260,33225,8505600,256,6000,33.500
2026-07-18T00:24:14.170Z,usb,1,848316260,33226,8505856,256,6000,33.500
2026-07-18T00:24:14.212Z,usb,1,848316260,33227,8506112,256,6000,33.500
2026-07-18T00:24:14.255Z,usb,1,848316260,33228,8506368,256,6000,33.500
2026-07-18T00:24:14.297Z,usb,1,848316260,33229,8506624,256,6000,33.500
2026-07-18T00:24:14.340Z,usb,1,848316260,33230,8506880,256,6000,33.500
2026-07-18T00:24:14.382Z,usb,1,848316260,33231,8507136,256,6000,33.500
2026-07-18T00:24:14.425Z,usb,1,848316260,33232,8507392,256,6000,33.500
2026-07-18T00:24:14.467Z,usb,1,848316260,33233,8507648,256,6000,33.500
2026-07-18T00:24:14.510Z,usb,1,848316260,33234,8507904,256,6000,33.500
2026-07-18T00:24:14.552Z,usb,1,848316260,33235,8508160,256,6000,33.500
2026-07-18T00:24:14.595Z,usb,1,848316260,33236,8508416,256,6000,33.500
2026-07-18T00:24:14.637Z,usb,1,848316260,33237,8508672,256,6000,33.500
2026-07-18T00:24:14.680Z,usb,1,848316260,33238,8508928,256,6000,33.500
2026-07-18T00:24:14.722Z,usb,1,848316260,33239,8509184,256,6000,33.500
2026-07-18T00:24:14.765Z,usb,1,848316260,33240,8509440,256,6000,33.500
2026-07-18T00:24:14.807Z,usb,1,848316260,33241,8509696,256,6000,33.500
2026-07-18T00:24:14.850Z,usb,1,848316260,33242,8509952,256,6000,33.500
2026-07-18T00:24:14.893Z,usb,1,848316260,33243,8510208,256,6000,33.510
2026-07-18T00:24:14.935Z,usb,1,848316260,33244,8510464,256,6000,33.510
2026-07-18T00:24:14.978Z,usb,1,848316260,33245,8510720,256,6000,33.510
2026-07-18T00:24:15.021Z,usb,1,848316260,33246,8510976,256,6000,33.510
2026-07-18T00:24:15.063Z,usb,1,848316260,33247,8511232,256,6000,33.510
2026-07-18T00:24:15.108Z,usb,1,848316260,33248,8511488,256,6000,33.510
2026-07-18T00:24:15.148Z,usb,1,848316260,33249,8511744,256,6000,33.510
2026-07-18T00:24:15.191Z,usb,1,848316260,33250,8512000,256,6000,33.510
2026-07-18T00:24:15.233Z,usb,1,848316260,33251,8512256,256,6000,33.510
2026-07-18T00:24:15.276Z,usb,1,848316260,33252,8512512,256,6000,33.510
2026-07-18T00:24:15.318Z,usb,1,848316260,33253,8512768,256,6000,33.510
2026-07-18T00:24:15.360Z,usb,1,848316260,33254,8513024,256,6000,33.510
2026-07-18T00:24:15.403Z,usb,1,848316260,33255,8513280,256,6000,33.510
2026-07-18T00:24:15.445Z,usb,1,848316260,33256,8513536,256,6000,33.510
2026-07-18T00:24:15.488Z,usb,1,848316260,33257,8513792,256,6000,33.510
2026-07-18T00:24:15.531Z,usb,1,848316260,33258,8514048,256,6000,33.510
2026-07-18T00:24:15.573Z,usb,1,848316260,33259,8514304,256,6000,33.510
2026-07-18T00:24:15.615Z,usb,1,848316260,33260,8514560,256,6000,33.510
2026-07-18T00:24:15.658Z,usb,1,848316260,33261,8514816,256,6000,33.510
2026-07-18T00:24:15.701Z,usb,1,848316260,33262,8515072,256,6000,33.510
2026-07-18T00:24:15.743Z,usb,1,848316260,33263,8515328,256,6000,33.510
2026-07-18T00:24:15.786Z,usb,1,848316260,33264,8515584,256,6000,33.510
2026-07-18T00:24:15.828Z,usb,1,848316260,33265,8515840,256,6000,33.510
2026-07-18T00:24:15.871Z,usb,1,848316260,33266,8516096,256,6000,33.510
2026-07-18T00:24:15.915Z,usb,1,848316260,33267,8516352,256,6000,33.500
2026-07-18T00:24:15.956Z,usb,1,848316260,33268,8516608,256,6000,33.500
2026-07-18T00:24:15.999Z,usb,1,848316260,33269,8516864,256,6000,33.500
2026-07-18T00:24:16.042Z,usb,1,848316260,33270,8517120,256,6000,33.500
2026-07-18T00:24:16.084Z,usb,1,848316260,33271,8517376,256,6000,33.500
2026-07-18T00:24:16.126Z,usb,1,848316260,33272,8517632,256,6000,33.500
2026-07-18T00:24:16.169Z,usb,1,848316260,33273,8517888,256,6000,33.500
2026-07-18T00:24:16.211Z,usb,1,848316260,33274,8518144,256,6000,33.500
2026-07-18T00:24:16.254Z,usb,1,848316260,33275,8518400,256,6000,33.500
2026-07-18T00:24:16.296Z,usb,1,848316260,33276,8518656,256,6000,33.500
2026-07-18T00:24:16.339Z,usb,1,848316260,33277,8518912,256,6000,33.500
2026-07-18T00:24:16.381Z,usb,1,848316260,33278,8519168,256,6000,33.500
2026-07-18T00:24:16.424Z,usb,1,848316260,33279,8519424,256,6000,33.500
2026-07-18T00:24:16.466Z,usb,1,848316260,33280,8519680,256,6000,33.500
2026-07-18T00:24:16.509Z,usb,1,848316260,33281,8519936,256,6000,33.500
2026-07-18T00:24:16.551Z,usb,1,848316260,33282,8520192,256,6000,33.500
2026-07-18T00:24:16.594Z,usb,1,848316260,33283,8520448,256,6000,33.500
2026-07-18T00:24:16.636Z,usb,1,848316260,33284,8520704,256,6000,33.500
2026-07-18T00:24:16.679Z,usb,1,848316260,33285,8520960,256,6000,33.500
2026-07-18T00:24:16.721Z,usb,1,848316260,33286,8521216,256,6000,33.500
2026-07-18T00:24:16.764Z,usb,1,848316260,33287,8521472,256,6000,33.500
2026-07-18T00:24:16.806Z,usb,1,848316260,33288,8521728,256,6000,33.500
2026-07-18T00:24:16.849Z,usb,1,848316260,33289,8521984,256,6000,33.500
2026-07-18T00:24:16.892Z,usb,1,848316260,33290,8522240,256,6000,33.500
2026-07-18T00:24:16.935Z,usb,1,848316260,33291,8522496,256,6000,33.500
2026-07-18T00:24:16.977Z,usb,1,848316260,33292,8522752,256,6000,33.500
2026-07-18T00:24:17.020Z,usb,1,848316260,33293,8523008,256,6000,33.500
2026-07-18T00:24:17.062Z,usb,1,848316260,33294,8523264,256,6000,33.500
2026-07-18T00:24:17.105Z,usb,1,848316260,33295,8523520,256,6000,33.500
2026-07-18T00:24:17.147Z,usb,1,848316260,33296,8523776,256,6000,33.500
2026-07-18T00:24:17.190Z,usb,1,848316260,33297,8524032,256,6000,33.500
2026-07-18T00:24:17.232Z,usb,1,848316260,33298,8524288,256,6000,33.500
2026-07-18T00:24:17.275Z,usb,1,848316260,33299,8524544,256,6000,33.500
2026-07-18T00:24:17.317Z,usb,1,848316260,33300,8524800,256,6000,33.500
2026-07-18T00:24:17.360Z,usb,1,848316260,33301,8525056,256,6000,33.500
2026-07-18T00:24:17.402Z,usb,1,848316260,33302,8525312,256,6000,33.500
2026-07-18T00:24:17.445Z,usb,1,848316260,33303,8525568,256,6000,33.500
2026-07-18T00:24:17.487Z,usb,1,848316260,33304,8525824,256,6000,33.500
2026-07-18T00:24:17.530Z,usb,1,848316260,33305,8526080,256,6000,33.500
2026-07-18T00:24:17.572Z,usb,1,848316260,33306,8526336,256,6000,33.500
2026-07-18T00:24:17.615Z,usb,1,848316260,33307,8526592,256,6000,33.500
2026-07-18T00:24:17.657Z,usb,1,848316260,33308,8526848,256,6000,33.500
2026-07-18T00:24:17.700Z,usb,1,848316260,33309,8527104,256,6000,33.500
2026-07-18T00:24:17.742Z,usb,1,848316260,33310,8527360,256,6000,33.500
2026-07-18T00:24:17.785Z,usb,1,848316260,33311,8527616,256,6000,33.500
2026-07-18T00:24:17.827Z,usb,1,848316260,33312,8527872,256,6000,33.500
2026-07-18T00:24:17.870Z,usb,1,848316260,33313,8528128,256,6000,33.500
2026-07-18T00:24:17.912Z,usb,1,848316260,33314,8528384,256,6000,33.500
2026-07-18T00:24:17.955Z,usb,1,848316260,33315,8528640,256,6000,33.500
2026-07-18T00:24:17.998Z,usb,1,848316260,33316,8528896,256,6000,33.500
2026-07-18T00:24:18.040Z,usb,1,848316260,33317,8529152,256,6000,33.500
2026-07-18T00:24:18.083Z,usb,1,848316260,33318,8529408,256,6000,33.500
2026-07-18T00:24:18.125Z,usb,1,848316260,33319,8529664,256,6000,33.500
2026-07-18T00:24:18.168Z,usb,1,848316260,33320,8529920,256,6000,33.500
2026-07-18T00:24:18.210Z,usb,1,848316260,33321,8530176,256,6000,33.500
2026-07-18T00:24:18.253Z,usb,1,848316260,33322,8530432,256,6000,33.500
2026-07-18T00:24:18.295Z,usb,1,848316260,33323,8530688,256,6000,33.500
2026-07-18T00:24:18.338Z,usb,1,848316260,33324,8530944,256,6000,33.500
2026-07-18T00:24:18.380Z,usb,1,848316260,33325,8531200,256,6000,33.500
2026-07-18T00:24:18.423Z,usb,1,848316260,33326,8531456,256,6000,33.500
2026-07-18T00:24:18.465Z,usb,1,848316260,33327,8531712,256,6000,33.500
2026-07-18T00:24:18.508Z,usb,1,848316260,33328,8531968,256,6000,33.500
2026-07-18T00:24:18.550Z,usb,1,848316260,33329,8532224,256,6000,33.500
2026-07-18T00:24:18.593Z,usb,1,848316260,33330,8532480,256,6000,33.500
2026-07-18T00:24:18.635Z,usb,1,848316260,33331,8532736,256,6000,33.500
2026-07-18T00:24:18.678Z,usb,1,848316260,33332,8532992,256,6000,33.500
2026-07-18T00:24:18.721Z,usb,1,848316260,33333,8533248,256,6000,33.500
2026-07-18T00:24:18.763Z,usb,1,848316260,33334,8533504,256,6000,33.500
2026-07-18T00:24:18.805Z,usb,1,848316260,33335,8533760,256,6000,33.500
2026-07-18T00:24:18.848Z,usb,1,848316260,33336,8534016,256,6000,33.500
2026-07-18T00:24:18.890Z,usb,1,848316260,33337,8534272,256,6000,33.500
2026-07-18T00:24:18.933Z,usb,1,848316260,33338,8534528,256,6000,33.500
2026-07-18T00:24:18.976Z,usb,1,848316260,33339,8534784,256,6000,33.500
2026-07-18T00:24:19.019Z,usb,1,848316260,33340,8535040,256,6000,33.500
2026-07-18T00:24:19.061Z,usb,1,848316260,33341,8535296,256,6000,33.500
2026-07-18T00:24:19.104Z,usb,1,848316260,33342,8535552,256,6000,33.500
2026-07-18T00:24:19.146Z,usb,1,848316260,33343,8535808,256,6000,33.500
2026-07-18T00:24:19.189Z,usb,1,848316260,33344,8536064,256,6000,33.500
2026-07-18T00:24:19.231Z,usb,1,848316260,33345,8536320,256,6000,33.500
2026-07-18T00:24:19.274Z,usb,1,848316260,33346,8536576,256,6000,33.500
2026-07-18T00:24:19.316Z,usb,1,848316260,33347,8536832,256,6000,33.500
2026-07-18T00:24:19.358Z,usb,1,848316260,33348,8537088,256,6000,33.500
2026-07-18T00:24:19.401Z,usb,1,848316260,33349,8537344,256,6000,33.500
2026-07-18T00:24:19.444Z,usb,1,848316260,33350,8537600,256,6000,33.500
2026-07-18T00:24:19.486Z,usb,1,848316260,33351,8537856,256,6000,33.500
2026-07-18T00:24:19.529Z,usb,1,848316260,33352,8538112,256,6000,33.500
2026-07-18T00:24:19.571Z,usb,1,848316260,33353,8538368,256,6000,33.500
2026-07-18T00:24:19.614Z,usb,1,848316260,33354,8538624,256,6000,33.500
2026-07-18T00:24:19.656Z,usb,1,848316260,33355,8538880,256,6000,33.500
2026-07-18T00:24:19.699Z,usb,1,848316260,33356,8539136,256,6000,33.500
2026-07-18T00:24:19.741Z,usb,1,848316260,33357,8539392,256,6000,33.500
2026-07-18T00:24:19.783Z,usb,1,848316260,33358,8539648,256,6000,33.500
2026-07-18T00:24:19.826Z,usb,1,848316260,33359,8539904,256,6000,33.500
2026-07-18T00:24:19.868Z,usb,1,848316260,33360,8540160,256,6000,33.500
2026-07-18T00:24:19.911Z,usb,1,848316260,33361,8540416,256,6000,33.500
2026-07-18T00:24:19.954Z,usb,1,848316260,33362,8540672,256,6000,33.500
2026-07-18T00:24:19.997Z,usb,1,848316260,33363,8540928,256,6000,33.500
2026-07-18T00:24:20.039Z,usb,1,848316260,33364,8541184,256,6000,33.500
2026-07-18T00:24:20.082Z,usb,1,848316260,33365,8541440,256,6000,33.500
2026-07-18T00:24:20.124Z,usb,1,848316260,33366,8541696,256,6000,33.500
2026-07-18T00:24:20.167Z,usb,1,848316260,33367,8541952,256,6000,33.500
2026-07-18T00:24:20.210Z,usb,1,848316260,33368,8542208,256,6000,33.500
2026-07-18T00:24:20.252Z,usb,1,848316260,33369,8542464,256,6000,33.500
2026-07-18T00:24:20.294Z,usb,1,848316260,33370,8542720,256,6000,33.500
2026-07-18T00:24:20.337Z,usb,1,848316260,33371,8542976,256,6000,33.500
2026-07-18T00:24:20.379Z,usb,1,848316260,33372,8543232,256,6000,33.500
2026-07-18T00:24:20.422Z,usb,1,848316260,33373,8543488,256,6000,33.500
2026-07-18T00:24:20.464Z,usb,1,848316260,33374,8543744,256,6000,33.500
2026-07-18T00:24:20.507Z,usb,1,848316260,33375,8544000,256,6000,33.500
2026-07-18T00:24:20.549Z,usb,1,848316260,33376,8544256,256,6000,33.500
2026-07-18T00:24:20.592Z,usb,1,848316260,33377,8544512,256,6000,33.500
2026-07-18T00:24:20.634Z,usb,1,848316260,33378,8544768,256,6000,33.500
2026-07-18T00:24:20.677Z,usb,1,848316260,33379,8545024,256,6000,33.500
2026-07-18T00:24:20.719Z,usb,1,848316260,33380,8545280,256,6000,33.500
2026-07-18T00:24:20.762Z,usb,1,848316260,33381,8545536,256,6000,33.500
2026-07-18T00:24:20.804Z,usb,1,848316260,33382,8545792,256,6000,33.500
2026-07-18T00:24:20.847Z,usb,1,848316260,33383,8546048,256,6000,33.500
2026-07-18T00:24:20.889Z,usb,1,848316260,33384,8546304,256,6000,33.500
2026-07-18T00:24:20.932Z,usb,1,848316260,33385,8546560,256,6000,33.500
2026-07-18T00:24:20.974Z,usb,1,848316260,33386,8546816,256,6000,33.500
2026-07-18T00:24:21.017Z,usb,1,848316260,33387,8547072,256,6000,33.500
2026-07-18T00:24:21.060Z,usb,1,848316260,33388,8547328,256,6000,33.500
2026-07-18T00:24:21.102Z,usb,1,848316260,33389,8547584,256,6000,33.500
2026-07-18T00:24:21.145Z,usb,1,848316260,33390,8547840,256,6000,33.500
2026-07-18T00:24:21.187Z,usb,1,848316260,33391,8548096,256,6000,33.500
2026-07-18T00:24:21.230Z,usb,1,848316260,33392,8548352,256,6000,33.500
2026-07-18T00:24:21.272Z,usb,1,848316260,33393,8548608,256,6000,33.500
2026-07-18T00:24:21.315Z,usb,1,848316260,33394,8548864,256,6000,33.500
2026-07-18T00:24:21.358Z,usb,1,848316260,33395,8549120,256,6000,33.500
2026-07-18T00:24:21.400Z,usb,1,848316260,33396,8549376,256,6000,33.500
2026-07-18T00:24:21.443Z,usb,1,848316260,33397,8549632,256,6000,33.500
2026-07-18T00:24:21.485Z,usb,1,848316260,33398,8549888,256,6000,33.500
2026-07-18T00:24:21.527Z,usb,1,848316260,33399,8550144,256,6000,33.500
2026-07-18T00:24:21.570Z,usb,1,848316260,33400,8550400,256,6000,33.500
2026-07-18T00:24:21.613Z,usb,1,848316260,33401,8550656,256,6000,33.500
2026-07-18T00:24:21.655Z,usb,1,848316260,33402,8550912,256,6000,33.500
2026-07-18T00:24:21.698Z,usb,1,848316260,33403,8551168,256,6000,33.500
2026-07-18T00:24:21.740Z,usb,1,848316260,33404,8551424,256,6000,33.500
2026-07-18T00:24:21.782Z,usb,1,848316260,33405,8551680,256,6000,33.500
2026-07-18T00:24:21.825Z,usb,1,848316260,33406,8551936,256,6000,33.500
2026-07-18T00:24:21.868Z,usb,1,848316260,33407,8552192,256,6000,33.500
2026-07-18T00:24:21.910Z,usb,1,848316260,33408,8552448,256,6000,33.500
2026-07-18T00:24:21.952Z,usb,1,848316260,33409,8552704,256,6000,33.500
2026-07-18T00:24:21.995Z,usb,1,848316260,33410,8552960,256,6000,33.500
2026-07-18T00:24:22.038Z,usb,1,848316260,33411,8553216,256,6000,33.500
2026-07-18T00:24:22.081Z,usb,1,848316260,33412,8553472,256,6000,33.500
2026-07-18T00:24:22.123Z,usb,1,848316260,33413,8553728,256,6000,33.500
2026-07-18T00:24:22.166Z,usb,1,848316260,33414,8553984,256,6000,33.500
2026-07-18T00:24:22.208Z,usb,1,848316260,33415,8554240,256,6000,33.500
2026-07-18T00:24:22.251Z,usb,1,848316260,33416,8554496,256,6000,33.500
2026-07-18T00:24:22.294Z,usb,1,848316260,33417,8554752,256,6000,33.500
2026-07-18T00:24:22.336Z,usb,1,848316260,33418,8555008,256,6000,33.500
2026-07-18T00:24:22.378Z,usb,1,848316260,33419,8555264,256,6000,33.500
2026-07-18T00:24:22.421Z,usb,1,848316260,33420,8555520,256,6000,33.500
2026-07-18T00:24:22.463Z,usb,1,848316260,33421,8555776,256,6000,33.500
2026-07-18T00:24:22.506Z,usb,1,848316260,33422,8556032,256,6000,33.500
2026-07-18T00:24:22.548Z,usb,1,848316260,33423,8556288,256,6000,33.500
2026-07-18T00:24:22.591Z,usb,1,848316260,33424,8556544,256,6000,33.500
2026-07-18T00:24:22.633Z,usb,1,848316260,33425,8556800,256,6000,33.500
2026-07-18T00:24:22.676Z,usb,1,848316260,33426,8557056,256,6000,33.500
2026-07-18T00:24:22.718Z,usb,1,848316260,33427,8557312,256,6000,33.500
2026-07-18T00:24:22.761Z,usb,1,848316260,33428,8557568,256,6000,33.500
2026-07-18T00:24:22.803Z,usb,1,848316260,33429,8557824,256,6000,33.500
2026-07-18T00:24:22.846Z,usb,1,848316260,33430,8558080,256,6000,33.500
2026-07-18T00:24:22.888Z,usb,1,848316260,33431,8558336,256,6000,33.500
2026-07-18T00:24:22.931Z,usb,1,848316260,33432,8558592,256,6000,33.500
2026-07-18T00:24:22.973Z,usb,1,848316260,33433,8558848,256,6000,33.500
2026-07-18T00:24:23.016Z,usb,1,848316260,33434,8559104,256,6000,33.500
2026-07-18T00:24:23.059Z,usb,1,848316260,33435,8559360,256,6000,33.500
2026-07-18T00:24:23.102Z,usb,1,848316260,33436,8559616,256,6000,33.500
2026-07-18T00:24:23.144Z,usb,1,848316260,33437,8559872,256,6000,33.500
2026-07-18T00:24:23.187Z,usb,1,848316260,33438,8560128,256,6000,33.500
2026-07-18T00:24:23.229Z,usb,1,848316260,33439,8560384,256,6000,33.500
2026-07-18T00:24:23.272Z,usb,1,848316260,33440,8560640,256,6000,33.500
2026-07-18T00:24:23.314Z,usb,1,848316260,33441,8560896,256,6000,33.500
2026-07-18T00:24:23.357Z,usb,1,848316260,33442,8561152,256,6000,33.500
2026-07-18T00:24:23.399Z,usb,1,848316260,33443,8561408,256,6000,33.500
2026-07-18T00:24:23.442Z,usb,1,848316260,33444,8561664,256,6000,33.500
2026-07-18T00:24:23.484Z,usb,1,848316260,33445,8561920,256,6000,33.500
2026-07-18T00:24:23.527Z,usb,1,848316260,33446,8562176,256,6000,33.500
2026-07-18T00:24:23.569Z,usb,1,848316260,33447,8562432,256,6000,33.500
2026-07-18T00:24:23.612Z,usb,1,848316260,33448,8562688,256,6000,33.500
2026-07-18T00:24:23.654Z,usb,1,848316260,33449,8562944,256,6000,33.500
2026-07-18T00:24:23.697Z,usb,1,848316260,33450,8563200,256,6000,33.500
2026-07-18T00:24:23.739Z,usb,1,848316260,33451,8563456,256,6000,33.500
2026-07-18T00:24:23.782Z,usb,1,848316260,33452,8563712,256,6000,33.500
2026-07-18T00:24:23.824Z,usb,1,848316260,33453,8563968,256,6000,33.500
2026-07-18T00:24:23.867Z,usb,1,848316260,33454,8564224,256,6000,33.500
2026-07-18T00:24:23.909Z,usb,1,848316260,33455,8564480,256,6000,33.500
2026-07-18T00:24:23.952Z,usb,1,848316260,33456,8564736,256,6000,33.500
2026-07-18T00:24:23.994Z,usb,1,848316260,33457,8564992,256,6000,33.500
2026-07-18T00:24:24.037Z,usb,1,848316260,33458,8565248,256,6000,33.500
2026-07-18T00:24:24.080Z,usb,1,848316260,33459,8565504,256,6000,33.500
2026-07-18T00:24:24.122Z,usb,1,848316260,33460,8565760,256,6000,33.500
2026-07-18T00:24:24.165Z,usb,1,848316260,33461,8566016,256,6000,33.500
2026-07-18T00:24:24.207Z,usb,1,848316260,33462,8566272,256,6000,33.500
2026-07-18T00:24:24.250Z,usb,1,848316260,33463,8566528,256,6000,33.500
2026-07-18T00:24:24.292Z,usb,1,848316260,33464,8566784,256,6000,33.500
2026-07-18T00:24:24.335Z,usb,1,848316260,33465,8567040,256,6000,33.500
2026-07-18T00:24:24.377Z,usb,1,848316260,33466,8567296,256,6000,33.500
2026-07-18T00:24:24.420Z,usb,1,848316260,33467,8567552,256,6000,33.500
2026-07-18T00:24:24.463Z,usb,1,848316260,33468,8567808,256,6000,33.500
2026-07-18T00:24:24.505Z,usb,1,848316260,33469,8568064,256,6000,33.500
2026-07-18T00:24:24.548Z,usb,1,848316260,33470,8568320,256,6000,33.500
2026-07-18T00:24:24.590Z,usb,1,848316260,33471,8568576,256,6000,33.500
2026-07-18T00:24:24.632Z,usb,1,848316260,33472,8568832,256,6000,33.500
2026-07-18T00:24:24.675Z,usb,1,848316260,33473,8569088,256,6000,33.500
2026-07-18T00:24:24.717Z,usb,1,848316260,33474,8569344,256,6000,33.500
2026-07-18T00:24:24.760Z,usb,1,848316260,33475,8569600,256,6000,33.500
2026-07-18T00:24:24.802Z,usb,1,848316260,33476,8569856,256,6000,33.500
2026-07-18T00:24:24.845Z,usb,1,848316260,33477,8570112,256,6000,33.500
2026-07-18T00:24:24.887Z,usb,1,848316260,33478,8570368,256,6000,33.500
2026-07-18T00:24:24.930Z,usb,1,848316260,33479,8570624,256,6000,33.500
2026-07-18T00:24:24.972Z,usb,1,848316260,33480,8570880,256,6000,33.500
2026-07-18T00:24:25.015Z,usb,1,848316260,33481,8571136,256,6000,33.500
2026-07-18T00:24:25.057Z,usb,1,848316260,33482,8571392,256,6000,33.500
2026-07-18T00:24:25.101Z,usb,1,848316260,33483,8571648,256,6000,33.500
2026-07-18T00:24:25.143Z,usb,1,848316260,33484,8571904,256,6000,33.500
2026-07-18T00:24:25.186Z,usb,1,848316260,33485,8572160,256,6000,33.500
2026-07-18T00:24:25.228Z,usb,1,848316260,33486,8572416,256,6000,33.500
2026-07-18T00:24:25.271Z,usb,1,848316260,33487,8572672,256,6000,33.500
2026-07-18T00:24:25.313Z,usb,1,848316260,33488,8572928,256,6000,33.500
2026-07-18T00:24:25.356Z,usb,1,848316260,33489,8573184,256,6000,33.500
2026-07-18T00:24:25.398Z,usb,1,848316260,33490,8573440,256,6000,33.500
2026-07-18T00:24:25.441Z,usb,1,848316260,33491,8573696,256,6000,33.500
2026-07-18T00:24:25.483Z,usb,1,848316260,33492,8573952,256,6000,33.500
2026-07-18T00:24:25.526Z,usb,1,848316260,33493,8574208,256,6000,33.500
2026-07-18T00:24:25.568Z,usb,1,848316260,33494,8574464,256,6000,33.500
2026-07-18T00:24:25.611Z,usb,1,848316260,33495,8574720,256,6000,33.500
2026-07-18T00:24:25.653Z,usb,1,848316260,33496,8574976,256,6000,33.500
2026-07-18T00:24:25.696Z,usb,1,848316260,33497,8575232,256,6000,33.500
2026-07-18T00:24:25.738Z,usb,1,848316260,33498,8575488,256,6000,33.500
2026-07-18T00:24:25.781Z,usb,1,848316260,33499,8575744,256,6000,33.500
2026-07-18T00:24:25.823Z,usb,1,848316260,33500,8576000,256,6000,33.500
2026-07-18T00:24:25.866Z,usb,1,848316260,33501,8576256,256,6000,33.500
2026-07-18T00:24:25.908Z,usb,1,848316260,33502,8576512,256,6000,33.500
2026-07-18T00:24:25.951Z,usb,1,848316260,33503,8576768,256,6000,33.500
2026-07-18T00:24:25.993Z,usb,1,848316260,33504,8577024,256,6000,33.500
2026-07-18T00:24:26.036Z,usb,1,848316260,33505,8577280,256,6000,33.500
2026-07-18T00:24:26.078Z,usb,1,848316260,33506,8577536,256,6000,33.500
2026-07-18T00:24:26.122Z,usb,1,848316260,33507,8577792,256,6000,33.500
2026-07-18T00:24:26.164Z,usb,1,848316260,33508,8578048,256,6000,33.500
2026-07-18T00:24:26.207Z,usb,1,848316260,33509,8578304,256,6000,33.500
2026-07-18T00:24:26.249Z,usb,1,848316260,33510,8578560,256,6000,33.500
2026-07-18T00:24:26.292Z,usb,1,848316260,33511,8578816,256,6000,33.500
2026-07-18T00:24:26.334Z,usb,1,848316260,33512,8579072,256,6000,33.500
2026-07-18T00:24:26.377Z,usb,1,848316260,33513,8579328,256,6000,33.500
2026-07-18T00:24:26.419Z,usb,1,848316260,33514,8579584,256,6000,33.500
2026-07-18T00:24:26.462Z,usb,1,848316260,33515,8579840,256,6000,33.500
2026-07-18T00:24:26.504Z,usb,1,848316260,33516,8580096,256,6000,33.500
2026-07-18T00:24:26.547Z,usb,1,848316260,33517,8580352,256,6000,33.500
2026-07-18T00:24:26.589Z,usb,1,848316260,33518,8580608,256,6000,33.500
2026-07-18T00:24:26.631Z,usb,1,848316260,33519,8580864,256,6000,33.500
2026-07-18T00:24:26.674Z,usb,1,848316260,33520,8581120,256,6000,33.500
2026-07-18T00:24:26.716Z,usb,1,848316260,33521,8581376,256,6000,33.500
2026-07-18T00:24:26.759Z,usb,1,848316260,33522,8581632,256,6000,33.500
2026-07-18T00:24:26.801Z,usb,1,848316260,33523,8581888,256,6000,33.500
2026-07-18T00:24:26.844Z,usb,1,848316260,33524,8582144,256,6000,33.500
2026-07-18T00:24:26.886Z,usb,1,848316260,33525,8582400,256,6000,33.500
2026-07-18T00:24:26.929Z,usb,1,848316260,33526,8582656,256,6000,33.500
2026-07-18T00:24:26.971Z,usb,1,848316260,33527,8582912,256,6000,33.500
2026-07-18T00:24:27.014Z,usb,1,848316260,33528,8583168,256,6000,33.500
2026-07-18T00:24:27.057Z,usb,1,848316260,33529,8583424,256,6000,33.500
2026-07-18T00:24:27.099Z,usb,1,848316260,33530,8583680,256,6000,33.500
2026-07-18T00:24:27.142Z,usb,1,848316260,33531,8583936,256,6000,33.500
2026-07-18T00:24:27.185Z,usb,1,848316260,33532,8584192,256,6000,33.500
2026-07-18T00:24:27.227Z,usb,1,848316260,33533,8584448,256,6000,33.500
2026-07-18T00:24:27.270Z,usb,1,848316260,33534,8584704,256,6000,33.500
2026-07-18T00:24:27.312Z,usb,1,848316260,33535,8584960,256,6000,33.500
2026-07-18T00:24:27.355Z,usb,1,848316260,33536,8585216,256,6000,33.500
2026-07-18T00:24:27.397Z,usb,1,848316260,33537,8585472,256,6000,33.500
2026-07-18T00:24:27.440Z,usb,1,848316260,33538,8585728,256,6000,33.500
2026-07-18T00:24:27.482Z,usb,1,848316260,33539,8585984,256,6000,33.500
2026-07-18T00:24:27.525Z,usb,1,848316260,33540,8586240,256,6000,33.500
2026-07-18T00:24:27.567Z,usb,1,848316260,33541,8586496,256,6000,33.500
2026-07-18T00:24:27.610Z,usb,1,848316260,33542,8586752,256,6000,33.500
2026-07-18T00:24:27.652Z,usb,1,848316260,33543,8587008,256,6000,33.500
2026-07-18T00:24:27.695Z,usb,1,848316260,33544,8587264,256,6000,33.500
2026-07-18T00:24:27.737Z,usb,1,848316260,33545,8587520,256,6000,33.500
2026-07-18T00:24:27.780Z,usb,1,848316260,33546,8587776,256,6000,33.500
2026-07-18T00:24:27.822Z,usb,1,848316260,33547,8588032,256,6000,33.500
2026-07-18T00:24:27.865Z,usb,1,848316260,33548,8588288,256,6000,33.500
2026-07-18T00:24:27.907Z,usb,1,848316260,33549,8588544,256,6000,33.500
2026-07-18T00:24:27.950Z,usb,1,848316260,33550,8588800,256,6000,33.500
2026-07-18T00:24:27.992Z,usb,1,848316260,33551,8589056,256,6000,33.500
2026-07-18T00:24:28.035Z,usb,1,848316260,33552,8589312,256,6000,33.500
2026-07-18T00:24:28.077Z,usb,1,848316260,33553,8589568,256,6000,33.500
2026-07-18T00:24:28.120Z,usb,1,848316260,33554,8589824,256,6000,33.500
2026-07-18T00:24:28.163Z,usb,1,848316260,33555,8590080,256,6000,33.490
2026-07-18T00:24:28.205Z,usb,1,848316260,33556,8590336,256,6000,33.490
2026-07-18T00:24:28.248Z,usb,1,848316260,33557,8590592,256,6000,33.490
2026-07-18T00:24:28.290Z,usb,1,848316260,33558,8590848,256,6000,33.490
2026-07-18T00:24:28.333Z,usb,1,848316260,33559,8591104,256,6000,33.490
2026-07-18T00:24:28.375Z,usb,1,848316260,33560,8591360,256,6000,33.490
2026-07-18T00:24:28.418Z,usb,1,848316260,33561,8591616,256,6000,33.490
2026-07-18T00:24:28.460Z,usb,1,848316260,33562,8591872,256,6000,33.490
2026-07-18T00:24:28.503Z,usb,1,848316260,33563,8592128,256,6000,33.490
2026-07-18T00:24:28.546Z,usb,1,848316260,33564,8592384,256,6000,33.490
2026-07-18T00:24:28.588Z,usb,1,848316260,33565,8592640,256,6000,33.490
2026-07-18T00:24:28.630Z,usb,1,848316260,33566,8592896,256,6000,33.490
2026-07-18T00:24:28.673Z,usb,1,848316260,33567,8593152,256,6000,33.490
2026-07-18T00:24:28.715Z,usb,1,848316260,33568,8593408,256,6000,33.490
2026-07-18T00:24:28.758Z,usb,1,848316260,33569,8593664,256,6000,33.490
2026-07-18T00:24:28.801Z,usb,1,848316260,33570,8593920,256,6000,33.490
2026-07-18T00:24:28.843Z,usb,1,848316260,33571,8594176,256,6000,33.490
2026-07-18T00:24:28.886Z,usb,1,848316260,33572,8594432,256,6000,33.490
2026-07-18T00:24:28.928Z,usb,1,848316260,33573,8594688,256,6000,33.490
2026-07-18T00:24:28.971Z,usb,1,848316260,33574,8594944,256,6000,33.490
2026-07-18T00:24:29.013Z,usb,1,848316260,33575,8595200,256,6000,33.490
2026-07-18T00:24:29.056Z,usb,1,848316260,33576,8595456,256,6000,33.490
2026-07-18T00:24:29.098Z,usb,1,848316260,33577,8595712,256,6000,33.490
2026-07-18T00:24:29.141Z,usb,1,848316260,33578,8595968,256,6000,33.490
2026-07-18T00:24:29.184Z,usb,1,848316260,33579,8596224,256,6000,33.500
2026-07-18T00:24:29.226Z,usb,1,848316260,33580,8596480,256,6000,33.500
2026-07-18T00:24:29.269Z,usb,1,848316260,33581,8596736,256,6000,33.500
2026-07-18T00:24:29.311Z,usb,1,848316260,33582,8596992,256,6000,33.500
2026-07-18T00:24:29.354Z,usb,1,848316260,33583,8597248,256,6000,33.500
2026-07-18T00:24:29.396Z,usb,1,848316260,33584,8597504,256,6000,33.500
2026-07-18T00:24:29.439Z,usb,1,848316260,33585,8597760,256,6000,33.500
2026-07-18T00:24:29.481Z,usb,1,848316260,33586,8598016,256,6000,33.500
2026-07-18T00:24:29.524Z,usb,1,848316260,33587,8598272,256,6000,33.500
2026-07-18T00:24:29.566Z,usb,1,848316260,33588,8598528,256,6000,33.500
2026-07-18T00:24:29.609Z,usb,1,848316260,33589,8598784,256,6000,33.500
2026-07-18T00:24:29.651Z,usb,1,848316260,33590,8599040,256,6000,33.500
2026-07-18T00:24:29.694Z,usb,1,848316260,33591,8599296,256,6000,33.500
2026-07-18T00:24:29.736Z,usb,1,848316260,33592,8599552,256,6000,33.500
2026-07-18T00:24:29.779Z,usb,1,848316260,33593,8599808,256,6000,33.500
2026-07-18T00:24:29.821Z,usb,1,848316260,33594,8600064,256,6000,33.500
2026-07-18T00:24:29.864Z,usb,1,848316260,33595,8600320,256,6000,33.500
2026-07-18T00:24:29.906Z,usb,1,848316260,33596,8600576,256,6000,33.500
2026-07-18T00:24:29.949Z,usb,1,848316260,33597,8600832,256,6000,33.500
2026-07-18T00:24:29.991Z,usb,1,848316260,33598,8601088,256,6000,33.500
2026-07-18T00:24:30.034Z,usb,1,848316260,33599,8601344,256,6000,33.500
2026-07-18T00:24:30.076Z,usb,1,848316260,33600,8601600,256,6000,33.500
2026-07-18T00:24:30.119Z,usb,1,848316260,33601,8601856,256,6000,33.500
2026-07-18T00:24:30.161Z,usb,1,848316260,33602,8602112,256,6000,33.500
2026-07-18T00:24:30.204Z,usb,1,848316260,33603,8602368,256,6000,33.500
2026-07-18T00:24:30.247Z,usb,1,848316260,33604,8602624,256,6000,33.500
2026-07-18T00:24:30.290Z,usb,1,848316260,33605,8602880,256,6000,33.500
2026-07-18T00:24:30.332Z,usb,1,848316260,33606,8603136,256,6000,33.500
2026-07-18T00:24:30.375Z,usb,1,848316260,33607,8603392,256,6000,33.500
2026-07-18T00:24:30.417Z,usb,1,848316260,33608,8603648,256,6000,33.500
2026-07-18T00:24:30.459Z,usb,1,848316260,33609,8603904,256,6000,33.500
2026-07-18T00:24:30.502Z,usb,1,848316260,33610,8604160,256,6000,33.500
2026-07-18T00:24:30.545Z,usb,1,848316260,33611,8604416,256,6000,33.500
2026-07-18T00:24:30.587Z,usb,1,848316260,33612,8604672,256,6000,33.500
2026-07-18T00:24:30.630Z,usb,1,848316260,33613,8604928,256,6000,33.500
2026-07-18T00:24:30.672Z,usb,1,848316260,33614,8605184,256,6000,33.500
2026-07-18T00:24:30.715Z,usb,1,848316260,33615,8605440,256,6000,33.500
2026-07-18T00:24:30.757Z,usb,1,848316260,33616,8605696,256,6000,33.500
2026-07-18T00:24:30.800Z,usb,1,848316260,33617,8605952,256,6000,33.500
2026-07-18T00:24:30.842Z,usb,1,848316260,33618,8606208,256,6000,33.500
2026-07-18T00:24:30.885Z,usb,1,848316260,33619,8606464,256,6000,33.500
2026-07-18T00:24:30.927Z,usb,1,848316260,33620,8606720,256,6000,33.500
2026-07-18T00:24:30.970Z,usb,1,848316260,33621,8606976,256,6000,33.500
2026-07-18T00:24:31.012Z,usb,1,848316260,33622,8607232,256,6000,33.500
2026-07-18T00:24:31.054Z,usb,1,848316260,33623,8607488,256,6000,33.500
2026-07-18T00:24:31.097Z,usb,1,848316260,33624,8607744,256,6000,33.500
2026-07-18T00:24:31.140Z,usb,1,848316260,33625,8608000,256,6000,33.500
2026-07-18T00:24:31.182Z,usb,1,848316260,33626,8608256,256,6000,33.500
2026-07-18T00:24:31.225Z,usb,1,848316260,33627,8608512,256,6000,33.500
2026-07-18T00:24:31.268Z,usb,1,848316260,33628,8608768,256,6000,33.500
2026-07-18T00:24:31.310Z,usb,1,848316260,33629,8609024,256,6000,33.500
2026-07-18T00:24:31.353Z,usb,1,848316260,33630,8609280,256,6000,33.500
2026-07-18T00:24:31.395Z,usb,1,848316260,33631,8609536,256,6000,33.500
2026-07-18T00:24:31.438Z,usb,1,848316260,33632,8609792,256,6000,33.500
2026-07-18T00:24:31.480Z,usb,1,848316260,33633,8610048,256,6000,33.500
2026-07-18T00:24:31.523Z,usb,1,848316260,33634,8610304,256,6000,33.500
2026-07-18T00:24:31.565Z,usb,1,848316260,33635,8610560,256,6000,33.500
2026-07-18T00:24:31.608Z,usb,1,848316260,33636,8610816,256,6000,33.500
2026-07-18T00:24:31.650Z,usb,1,848316260,33637,8611072,256,6000,33.500
2026-07-18T00:24:31.693Z,usb,1,848316260,33638,8611328,256,6000,33.500
2026-07-18T00:24:31.735Z,usb,1,848316260,33639,8611584,256,6000,33.500
2026-07-18T00:24:31.778Z,usb,1,848316260,33640,8611840,256,6000,33.500
2026-07-18T00:24:31.820Z,usb,1,848316260,33641,8612096,256,6000,33.500
2026-07-18T00:24:31.863Z,usb,1,848316260,33642,8612352,256,6000,33.500
2026-07-18T00:24:31.905Z,usb,1,848316260,33643,8612608,256,6000,33.500
2026-07-18T00:24:31.948Z,usb,1,848316260,33644,8612864,256,6000,33.500
2026-07-18T00:24:31.990Z,usb,1,848316260,33645,8613120,256,6000,33.500
2026-07-18T00:24:32.033Z,usb,1,848316260,33646,8613376,256,6000,33.500
2026-07-18T00:24:32.075Z,usb,1,848316260,33647,8613632,256,6000,33.500
2026-07-18T00:24:32.119Z,usb,1,848316260,33648,8613888,256,6000,33.500
2026-07-18T00:24:32.160Z,usb,1,848316260,33649,8614144,256,6000,33.500
2026-07-18T00:24:32.203Z,usb,1,848316260,33650,8614400,256,6000,33.500
2026-07-18T00:24:32.246Z,usb,1,848316260,33651,8614656,256,6000,33.490
2026-07-18T00:24:32.289Z,usb,1,848316260,33652,8614912,256,6000,33.490
2026-07-18T00:24:32.331Z,usb,1,848316260,33653,8615168,256,6000,33.490
2026-07-18T00:24:32.374Z,usb,1,848316260,33654,8615424,256,6000,33.490
2026-07-18T00:24:32.416Z,usb,1,848316260,33655,8615680,256,6000,33.490
2026-07-18T00:24:32.459Z,usb,1,848316260,33656,8615936,256,6000,33.490
2026-07-18T00:24:32.501Z,usb,1,848316260,33657,8616192,256,6000,33.490
2026-07-18T00:24:32.543Z,usb,1,848316260,33658,8616448,256,6000,33.490
2026-07-18T00:24:32.586Z,usb,1,848316260,33659,8616704,256,6000,33.490
2026-07-18T00:24:32.629Z,usb,1,848316260,33660,8616960,256,6000,33.490
2026-07-18T00:24:32.671Z,usb,1,848316260,33661,8617216,256,6000,33.490
2026-07-18T00:24:32.714Z,usb,1,848316260,33662,8617472,256,6000,33.490
2026-07-18T00:24:32.756Z,usb,1,848316260,33663,8617728,256,6000,33.490
2026-07-18T00:24:32.799Z,usb,1,848316260,33664,8617984,256,6000,33.490
2026-07-18T00:24:32.841Z,usb,1,848316260,33665,8618240,256,6000,33.490
2026-07-18T00:24:32.884Z,usb,1,848316260,33666,8618496,256,6000,33.490
2026-07-18T00:24:32.926Z,usb,1,848316260,33667,8618752,256,6000,33.490
2026-07-18T00:24:32.969Z,usb,1,848316260,33668,8619008,256,6000,33.490
2026-07-18T00:24:33.011Z,usb,1,848316260,33669,8619264,256,6000,33.490
2026-07-18T00:24:33.054Z,usb,1,848316260,33670,8619520,256,6000,33.490
2026-07-18T00:24:33.096Z,usb,1,848316260,33671,8619776,256,6000,33.490
2026-07-18T00:24:33.139Z,usb,1,848316260,33672,8620032,256,6000,33.490
2026-07-18T00:24:33.181Z,usb,1,848316260,33673,8620288,256,6000,33.490
2026-07-18T00:24:33.224Z,usb,1,848316260,33674,8620544,256,6000,33.490
2026-07-18T00:24:33.267Z,usb,1,848316260,33675,8620800,256,6000,33.500
2026-07-18T00:24:33.309Z,usb,1,848316260,33676,8621056,256,6000,33.500
2026-07-18T00:24:33.352Z,usb,1,848316260,33677,8621312,256,6000,33.500
2026-07-18T00:24:33.394Z,usb,1,848316260,33678,8621568,256,6000,33.500
2026-07-18T00:24:33.437Z,usb,1,848316260,33679,8621824,256,6000,33.500
2026-07-18T00:24:33.479Z,usb,1,848316260,33680,8622080,256,6000,33.500
2026-07-18T00:24:33.522Z,usb,1,848316260,33681,8622336,256,6000,33.500
2026-07-18T00:24:33.564Z,usb,1,848316260,33682,8622592,256,6000,33.500
2026-07-18T00:24:33.607Z,usb,1,848316260,33683,8622848,256,6000,33.500
2026-07-18T00:24:33.649Z,usb,1,848316260,33684,8623104,256,6000,33.500
2026-07-18T00:24:33.692Z,usb,1,848316260,33685,8623360,256,6000,33.500
2026-07-18T00:24:33.734Z,usb,1,848316260,33686,8623616,256,6000,33.500
2026-07-18T00:24:33.777Z,usb,1,848316260,33687,8623872,256,6000,33.500
2026-07-18T00:24:33.819Z,usb,1,848316260,33688,8624128,256,6000,33.500
2026-07-18T00:24:33.862Z,usb,1,848316260,33689,8624384,256,6000,33.500
2026-07-18T00:24:33.904Z,usb,1,848316260,33690,8624640,256,6000,33.500
2026-07-18T00:24:33.947Z,usb,1,848316260,33691,8624896,256,6000,33.500
2026-07-18T00:24:33.989Z,usb,1,848316260,33692,8625152,256,6000,33.500
2026-07-18T00:24:34.032Z,usb,1,848316260,33693,8625408,256,6000,33.500
2026-07-18T00:24:34.074Z,usb,1,848316260,33694,8625664,256,6000,33.500
2026-07-18T00:24:34.117Z,usb,1,848316260,33695,8625920,256,6000,33.500
2026-07-18T00:24:34.159Z,usb,1,848316260,33696,8626176,256,6000,33.500
2026-07-18T00:24:34.202Z,usb,1,848316260,33697,8626432,256,6000,33.500
2026-07-18T00:24:34.244Z,usb,1,848316260,33698,8626688,256,6000,33.500
2026-07-18T00:24:34.288Z,usb,1,848316260,33699,8626944,256,6000,33.500
2026-07-18T00:24:34.330Z,usb,1,848316260,33700,8627200,256,6000,33.500
2026-07-18T00:24:34.373Z,usb,1,848316260,33701,8627456,256,6000,33.500
2026-07-18T00:24:34.415Z,usb,1,848316260,33702,8627712,256,6000,33.500
2026-07-18T00:24:34.458Z,usb,1,848316260,33703,8627968,256,6000,33.500
2026-07-18T00:24:34.500Z,usb,1,848316260,33704,8628224,256,6000,33.500
2026-07-18T00:24:34.543Z,usb,1,848316260,33705,8628480,256,6000,33.500
2026-07-18T00:24:34.585Z,usb,1,848316260,33706,8628736,256,6000,33.500
2026-07-18T00:24:34.628Z,usb,1,848316260,33707,8628992,256,6000,33.500
2026-07-18T00:24:34.670Z,usb,1,848316260,33708,8629248,256,6000,33.500
2026-07-18T00:24:34.713Z,usb,1,848316260,33709,8629504,256,6000,33.500
2026-07-18T00:24:34.755Z,usb,1,848316260,33710,8629760,256,6000,33.500
2026-07-18T00:24:34.798Z,usb,1,848316260,33711,8630016,256,6000,33.500
2026-07-18T00:24:34.840Z,usb,1,848316260,33712,8630272,256,6000,33.500
2026-07-18T00:24:34.883Z,usb,1,848316260,33713,8630528,256,6000,33.500
2026-07-18T00:24:34.925Z,usb,1,848316260,33714,8630784,256,6000,33.500
2026-07-18T00:24:34.967Z,usb,1,848316260,33715,8631040,256,6000,33.500
2026-07-18T00:24:35.010Z,usb,1,848316260,33716,8631296,256,6000,33.500
2026-07-18T00:24:35.053Z,usb,1,848316260,33717,8631552,256,6000,33.500
2026-07-18T00:24:35.095Z,usb,1,848316260,33718,8631808,256,6000,33.500
2026-07-18T00:24:35.138Z,usb,1,848316260,33719,8632064,256,6000,33.500
2026-07-18T00:24:35.180Z,usb,1,848316260,33720,8632320,256,6000,33.500
2026-07-18T00:24:35.222Z,usb,1,848316260,33721,8632576,256,6000,33.500
2026-07-18T00:24:35.265Z,usb,1,848316260,33722,8632832,256,6000,33.500
2026-07-18T00:24:35.308Z,usb,1,848316260,33723,8633088,256,6000,33.500
2026-07-18T00:24:35.351Z,usb,1,848316260,33724,8633344,256,6000,33.500
2026-07-18T00:24:35.393Z,usb,1,848316260,33725,8633600,256,6000,33.500
2026-07-18T00:24:35.436Z,usb,1,848316260,33726,8633856,256,6000,33.500
2026-07-18T00:24:35.478Z,usb,1,848316260,33727,8634112,256,6000,33.500
2026-07-18T00:24:35.521Z,usb,1,848316260,33728,8634368,256,6000,33.500
2026-07-18T00:24:35.563Z,usb,1,848316260,33729,8634624,256,6000,33.500
2026-07-18T00:24:35.606Z,usb,1,848316260,33730,8634880,256,6000,33.500
2026-07-18T00:24:35.648Z,usb,1,848316260,33731,8635136,256,6000,33.500
2026-07-18T00:24:35.691Z,usb,1,848316260,33732,8635392,256,6000,33.500
2026-07-18T00:24:35.733Z,usb,1,848316260,33733,8635648,256,6000,33.500
2026-07-18T00:24:35.776Z,usb,1,848316260,33734,8635904,256,6000,33.500
2026-07-18T00:24:35.818Z,usb,1,848316260,33735,8636160,256,6000,33.500
2026-07-18T00:24:35.861Z,usb,1,848316260,33736,8636416,256,6000,33.500
2026-07-18T00:24:35.903Z,usb,1,848316260,33737,8636672,256,6000,33.500
2026-07-18T00:24:35.946Z,usb,1,848316260,33738,8636928,256,6000,33.500
2026-07-18T00:24:35.988Z,usb,1,848316260,33739,8637184,256,6000,33.500
2026-07-18T00:24:36.031Z,usb,1,848316260,33740,8637440,256,6000,33.500
2026-07-18T00:24:36.073Z,usb,1,848316260,33741,8637696,256,6000,33.500
2026-07-18T00:24:36.116Z,usb,1,848316260,33742,8637952,256,6000,33.500
2026-07-18T00:24:36.158Z,usb,1,848316260,33743,8638208,256,6000,33.500
2026-07-18T00:24:36.201Z,usb,1,848316260,33744,8638464,256,6000,33.500
2026-07-18T00:24:36.243Z,usb,1,848316260,33745,8638720,256,6000,33.500
2026-07-18T00:24:36.286Z,usb,1,848316260,33746,8638976,256,6000,33.500
2026-07-18T00:24:36.329Z,usb,1,848316260,33747,8639232,256,6000,33.500
2026-07-18T00:24:36.372Z,usb,1,848316260,33748,8639488,256,6000,33.500
2026-07-18T00:24:36.414Z,usb,1,848316260,33749,8639744,256,6000,33.500
2026-07-18T00:24:36.457Z,usb,1,848316260,33750,8640000,256,6000,33.500
2026-07-18T00:24:36.499Z,usb,1,848316260,33751,8640256,256,6000,33.500
2026-07-18T00:24:36.542Z,usb,1,848316260,33752,8640512,256,6000,33.500
2026-07-18T00:24:36.584Z,usb,1,848316260,33753,8640768,256,6000,33.500
2026-07-18T00:24:36.627Z,usb,1,848316260,33754,8641024,256,6000,33.500
2026-07-18T00:24:36.669Z,usb,1,848316260,33755,8641280,256,6000,33.500
2026-07-18T00:24:36.711Z,usb,1,848316260,33756,8641536,256,6000,33.500
2026-07-18T00:24:36.754Z,usb,1,848316260,33757,8641792,256,6000,33.500
2026-07-18T00:24:36.797Z,usb,1,848316260,33758,8642048,256,6000,33.500
2026-07-18T00:24:36.839Z,usb,1,848316260,33759,8642304,256,6000,33.500
2026-07-18T00:24:36.881Z,usb,1,848316260,33760,8642560,256,6000,33.500
2026-07-18T00:24:36.924Z,usb,1,848316260,33761,8642816,256,6000,33.500
2026-07-18T00:24:36.967Z,usb,1,848316260,33762,8643072,256,6000,33.500
2026-07-18T00:24:37.009Z,usb,1,848316260,33763,8643328,256,6000,33.500
2026-07-18T00:24:37.052Z,usb,1,848316260,33764,8643584,256,6000,33.500
2026-07-18T00:24:37.094Z,usb,1,848316260,33765,8643840,256,6000,33.500
2026-07-18T00:24:37.136Z,usb,1,848316260,33766,8644096,256,6000,33.500
2026-07-18T00:24:37.179Z,usb,1,848316260,33767,8644352,256,6000,33.500
2026-07-18T00:24:37.222Z,usb,1,848316260,33768,8644608,256,6000,33.500
2026-07-18T00:24:37.264Z,usb,1,848316260,33769,8644864,256,6000,33.500
2026-07-18T00:24:37.306Z,usb,1,848316260,33770,8645120,256,6000,33.500
2026-07-18T00:24:37.350Z,usb,1,848316260,33771,8645376,256,6000,33.500
2026-07-18T00:24:37.392Z,usb,1,848316260,33772,8645632,256,6000,33.500
2026-07-18T00:24:37.435Z,usb,1,848316260,33773,8645888,256,6000,33.500
2026-07-18T00:24:37.477Z,usb,1,848316260,33774,8646144,256,6000,33.500
2026-07-18T00:24:37.520Z,usb,1,848316260,33775,8646400,256,6000,33.500
2026-07-18T00:24:37.562Z,usb,1,848316260,33776,8646656,256,6000,33.500
2026-07-18T00:24:37.605Z,usb,1,848316260,33777,8646912,256,6000,33.500
2026-07-18T00:24:37.647Z,usb,1,848316260,33778,8647168,256,6000,33.500
2026-07-18T00:24:37.690Z,usb,1,848316260,33779,8647424,256,6000,33.500
2026-07-18T00:24:37.732Z,usb,1,848316260,33780,8647680,256,6000,33.500
2026-07-18T00:24:37.775Z,usb,1,848316260,33781,8647936,256,6000,33.500
2026-07-18T00:24:37.817Z,usb,1,848316260,33782,8648192,256,6000,33.500
2026-07-18T00:24:37.860Z,usb,1,848316260,33783,8648448,256,6000,33.500
2026-07-18T00:24:37.902Z,usb,1,848316260,33784,8648704,256,6000,33.500
2026-07-18T00:24:37.945Z,usb,1,848316260,33785,8648960,256,6000,33.500
2026-07-18T00:24:37.987Z,usb,1,848316260,33786,8649216,256,6000,33.500
2026-07-18T00:24:38.030Z,usb,1,848316260,33787,8649472,256,6000,33.500
2026-07-18T00:24:38.072Z,usb,1,848316260,33788,8649728,256,6000,33.500
2026-07-18T00:24:38.115Z,usb,1,848316260,33789,8649984,256,6000,33.500
2026-07-18T00:24:38.157Z,usb,1,848316260,33790,8650240,256,6000,33.500
2026-07-18T00:24:38.200Z,usb,1,848316260,33791,8650496,256,6000,33.500
2026-07-18T00:24:38.243Z,usb,1,848316260,33792,8650752,256,6000,33.500
2026-07-18T00:24:38.285Z,usb,1,848316260,33793,8651008,256,6000,33.500
2026-07-18T00:24:38.327Z,usb,1,848316260,33794,8651264,256,6000,33.500
2026-07-18T00:24:38.370Z,usb,1,848316260,33795,8651520,256,6000,33.500
2026-07-18T00:24:38.413Z,usb,1,848316260,33796,8651776,256,6000,33.500
2026-07-18T00:24:38.456Z,usb,1,848316260,33797,8652032,256,6000,33.500
2026-07-18T00:24:38.498Z,usb,1,848316260,33798,8652288,256,6000,33.500
2026-07-18T00:24:38.540Z,usb,1,848316260,33799,8652544,256,6000,33.500
2026-07-18T00:24:38.583Z,usb,1,848316260,33800,8652800,256,6000,33.500
2026-07-18T00:24:38.626Z,usb,1,848316260,33801,8653056,256,6000,33.500
2026-07-18T00:24:38.668Z,usb,1,848316260,33802,8653312,256,6000,33.500
2026-07-18T00:24:38.711Z,usb,1,848316260,33803,8653568,256,6000,33.500
2026-07-18T00:24:38.753Z,usb,1,848316260,33804,8653824,256,6000,33.500
2026-07-18T00:24:38.796Z,usb,1,848316260,33805,8654080,256,6000,33.500
2026-07-18T00:24:38.838Z,usb,1,848316260,33806,8654336,256,6000,33.500
2026-07-18T00:24:38.881Z,usb,1,848316260,33807,8654592,256,6000,33.500
2026-07-18T00:24:38.923Z,usb,1,848316260,33808,8654848,256,6000,33.500
2026-07-18T00:24:38.966Z,usb,1,848316260,33809,8655104,256,6000,33.500
2026-07-18T00:24:39.008Z,usb,1,848316260,33810,8655360,256,6000,33.500
2026-07-18T00:24:39.050Z,usb,1,848316260,33811,8655616,256,6000,33.500
2026-07-18T00:24:39.093Z,usb,1,848316260,33812,8655872,256,6000,33.500
2026-07-18T00:24:39.136Z,usb,1,848316260,33813,8656128,256,6000,33.500
2026-07-18T00:24:39.178Z,usb,1,848316260,33814,8656384,256,6000,33.500
2026-07-18T00:24:39.221Z,usb,1,848316260,33815,8656640,256,6000,33.500
2026-07-18T00:24:39.263Z,usb,1,848316260,33816,8656896,256,6000,33.500
2026-07-18T00:24:39.306Z,usb,1,848316260,33817,8657152,256,6000,33.500
2026-07-18T00:24:39.348Z,usb,1,848316260,33818,8657408,256,6000,33.500
2026-07-18T00:24:39.391Z,usb,1,848316260,33819,8657664,256,6000,33.500
2026-07-18T00:24:39.434Z,usb,1,848316260,33820,8657920,256,6000,33.500
2026-07-18T00:24:39.476Z,usb,1,848316260,33821,8658176,256,6000,33.500
2026-07-18T00:24:39.519Z,usb,1,848316260,33822,8658432,256,6000,33.500
2026-07-18T00:24:39.561Z,usb,1,848316260,33823,8658688,256,6000,33.500
2026-07-18T00:24:39.604Z,usb,1,848316260,33824,8658944,256,6000,33.500
2026-07-18T00:24:39.646Z,usb,1,848316260,33825,8659200,256,6000,33.500
2026-07-18T00:24:39.689Z,usb,1,848316260,33826,8659456,256,6000,33.500
2026-07-18T00:24:39.731Z,usb,1,848316260,33827,8659712,256,6000,33.500
2026-07-18T00:24:39.774Z,usb,1,848316260,33828,8659968,256,6000,33.500
2026-07-18T00:24:39.816Z,usb,1,848316260,33829,8660224,256,6000,33.500
2026-07-18T00:24:39.859Z,usb,1,848316260,33830,8660480,256,6000,33.500
2026-07-18T00:24:39.902Z,usb,1,848316260,33831,8660736,256,6000,33.500
2026-07-18T00:24:39.944Z,usb,1,848316260,33832,8660992,256,6000,33.500
2026-07-18T00:24:39.986Z,usb,1,848316260,33833,8661248,256,6000,33.500
2026-07-18T00:24:40.029Z,usb,1,848316260,33834,8661504,256,6000,33.500
2026-07-18T00:24:40.071Z,usb,1,848316260,33835,8661760,256,6000,33.500
2026-07-18T00:24:40.114Z,usb,1,848316260,33836,8662016,256,6000,33.500
2026-07-18T00:24:40.156Z,usb,1,848316260,33837,8662272,256,6000,33.500
2026-07-18T00:24:40.199Z,usb,1,848316260,33838,8662528,256,6000,33.500
2026-07-18T00:24:40.241Z,usb,1,848316260,33839,8662784,256,6000,33.500
2026-07-18T00:24:40.284Z,usb,1,848316260,33840,8663040,256,6000,33.500
2026-07-18T00:24:40.326Z,usb,1,848316260,33841,8663296,256,6000,33.500
2026-07-18T00:24:40.369Z,usb,1,848316260,33842,8663552,256,6000,33.500
2026-07-18T00:24:40.412Z,usb,1,848316260,33843,8663808,256,6000,33.510
2026-07-18T00:24:40.455Z,usb,1,848316260,33844,8664064,256,6000,33.510
2026-07-18T00:24:40.497Z,usb,1,848316260,33845,8664320,256,6000,33.510
2026-07-18T00:24:40.540Z,usb,1,848316260,33846,8664576,256,6000,33.510
2026-07-18T00:24:40.582Z,usb,1,848316260,33847,8664832,256,6000,33.510
2026-07-18T00:24:40.625Z,usb,1,848316260,33848,8665088,256,6000,33.510
2026-07-18T00:24:40.667Z,usb,1,848316260,33849,8665344,256,6000,33.510
2026-07-18T00:24:40.710Z,usb,1,848316260,33850,8665600,256,6000,33.510
2026-07-18T00:24:40.752Z,usb,1,848316260,33851,8665856,256,6000,33.510
2026-07-18T00:24:40.795Z,usb,1,848316260,33852,8666112,256,6000,33.510
2026-07-18T00:24:40.837Z,usb,1,848316260,33853,8666368,256,6000,33.510
2026-07-18T00:24:40.880Z,usb,1,848316260,33854,8666624,256,6000,33.510
2026-07-18T00:24:40.922Z,usb,1,848316260,33855,8666880,256,6000,33.510
2026-07-18T00:24:40.965Z,usb,1,848316260,33856,8667136,256,6000,33.510
2026-07-18T00:24:41.007Z,usb,1,848316260,33857,8667392,256,6000,33.510
2026-07-18T00:24:41.050Z,usb,1,848316260,33858,8667648,256,6000,33.510
2026-07-18T00:24:41.092Z,usb,1,848316260,33859,8667904,256,6000,33.510
2026-07-18T00:24:41.135Z,usb,1,848316260,33860,8668160,256,6000,33.510
2026-07-18T00:24:41.177Z,usb,1,848316260,33861,8668416,256,6000,33.510
2026-07-18T00:24:41.220Z,usb,1,848316260,33862,8668672,256,6000,33.510
2026-07-18T00:24:41.262Z,usb,1,848316260,33863,8668928,256,6000,33.510
2026-07-18T00:24:41.305Z,usb,1,848316260,33864,8669184,256,6000,33.510
2026-07-18T00:24:41.347Z,usb,1,848316260,33865,8669440,256,6000,33.510
2026-07-18T00:24:41.390Z,usb,1,848316260,33866,8669696,256,6000,33.510
2026-07-18T00:24:41.433Z,usb,1,848316260,33867,8669952,256,6000,33.500
2026-07-18T00:24:41.475Z,usb,1,848316260,33868,8670208,256,6000,33.500
2026-07-18T00:24:41.518Z,usb,1,848316260,33869,8670464,256,6000,33.500
2026-07-18T00:24:41.560Z,usb,1,848316260,33870,8670720,256,6000,33.500
2026-07-18T00:24:41.603Z,usb,1,848316260,33871,8670976,256,6000,33.500
2026-07-18T00:24:41.645Z,usb,1,848316260,33872,8671232,256,6000,33.500
2026-07-18T00:24:41.688Z,usb,1,848316260,33873,8671488,256,6000,33.500
2026-07-18T00:24:41.730Z,usb,1,848316260,33874,8671744,256,6000,33.500
2026-07-18T00:24:41.773Z,usb,1,848316260,33875,8672000,256,6000,33.500
2026-07-18T00:24:41.815Z,usb,1,848316260,33876,8672256,256,6000,33.500
2026-07-18T00:24:41.858Z,usb,1,848316260,33877,8672512,256,6000,33.500
2026-07-18T00:24:41.900Z,usb,1,848316260,33878,8672768,256,6000,33.500
2026-07-18T00:24:41.943Z,usb,1,848316260,33879,8673024,256,6000,33.500
2026-07-18T00:24:41.985Z,usb,1,848316260,33880,8673280,256,6000,33.500
2026-07-18T00:24:42.028Z,usb,1,848316260,33881,8673536,256,6000,33.500
2026-07-18T00:24:42.070Z,usb,1,848316260,33882,8673792,256,6000,33.500
2026-07-18T00:24:42.113Z,usb,1,848316260,33883,8674048,256,6000,33.500
2026-07-18T00:24:42.155Z,usb,1,848316260,33884,8674304,256,6000,33.500
2026-07-18T00:24:42.198Z,usb,1,848316260,33885,8674560,256,6000,33.500
2026-07-18T00:24:42.240Z,usb,1,848316260,33886,8674816,256,6000,33.500
2026-07-18T00:24:42.283Z,usb,1,848316260,33887,8675072,256,6000,33.500
2026-07-18T00:24:42.325Z,usb,1,848316260,33888,8675328,256,6000,33.500
2026-07-18T00:24:42.368Z,usb,1,848316260,33889,8675584,256,6000,33.500
2026-07-18T00:24:42.410Z,usb,1,848316260,33890,8675840,256,6000,33.500
2026-07-18T00:24:42.454Z,usb,1,848316260,33891,8676096,256,6000,33.500
2026-07-18T00:24:42.496Z,usb,1,848316260,33892,8676352,256,6000,33.500
2026-07-18T00:24:42.539Z,usb,1,848316260,33893,8676608,256,6000,33.500
2026-07-18T00:24:42.581Z,usb,1,848316260,33894,8676864,256,6000,33.500
2026-07-18T00:24:42.624Z,usb,1,848316260,33895,8677120,256,6000,33.500
2026-07-18T00:24:42.666Z,usb,1,848316260,33896,8677376,256,6000,33.500
2026-07-18T00:24:42.709Z,usb,1,848316260,33897,8677632,256,6000,33.500
2026-07-18T00:24:42.751Z,usb,1,848316260,33898,8677888,256,6000,33.500
2026-07-18T00:24:42.794Z,usb,1,848316260,33899,8678144,256,6000,33.500
2026-07-18T00:24:42.836Z,usb,1,848316260,33900,8678400,256,6000,33.500
2026-07-18T00:24:42.879Z,usb,1,848316260,33901,8678656,256,6000,33.500
2026-07-18T00:24:42.921Z,usb,1,848316260,33902,8678912,256,6000,33.500
2026-07-18T00:24:42.964Z,usb,1,848316260,33903,8679168,256,6000,33.500
2026-07-18T00:24:43.006Z,usb,1,848316260,33904,8679424,256,6000,33.500
2026-07-18T00:24:43.049Z,usb,1,848316260,33905,8679680,256,6000,33.500
2026-07-18T00:24:43.091Z,usb,1,848316260,33906,8679936,256,6000,33.500
2026-07-18T00:24:43.134Z,usb,1,848316260,33907,8680192,256,6000,33.500
2026-07-18T00:24:43.176Z,usb,1,848316260,33908,8680448,256,6000,33.500
2026-07-18T00:24:43.219Z,usb,1,848316260,33909,8680704,256,6000,33.500
2026-07-18T00:24:43.261Z,usb,1,848316260,33910,8680960,256,6000,33.500
2026-07-18T00:24:43.304Z,usb,1,848316260,33911,8681216,256,6000,33.500
2026-07-18T00:24:43.346Z,usb,1,848316260,33912,8681472,256,6000,33.500
2026-07-18T00:24:43.389Z,usb,1,848316260,33913,8681728,256,6000,33.500
2026-07-18T00:24:43.431Z,usb,1,848316260,33914,8681984,256,6000,33.500
2026-07-18T00:24:43.474Z,usb,1,848316260,33915,8682240,256,6000,33.500
2026-07-18T00:24:43.517Z,usb,1,848316260,33916,8682496,256,6000,33.500
2026-07-18T00:24:43.559Z,usb,1,848316260,33917,8682752,256,6000,33.500
2026-07-18T00:24:43.602Z,usb,1,848316260,33918,8683008,256,6000,33.500
2026-07-18T00:24:43.644Z,usb,1,848316260,33919,8683264,256,6000,33.500
2026-07-18T00:24:43.687Z,usb,1,848316260,33920,8683520,256,6000,33.500
2026-07-18T00:24:43.729Z,usb,1,848316260,33921,8683776,256,6000,33.500
2026-07-18T00:24:43.772Z,usb,1,848316260,33922,8684032,256,6000,33.500
2026-07-18T00:24:43.814Z,usb,1,848316260,33923,8684288,256,6000,33.500
2026-07-18T00:24:43.857Z,usb,1,848316260,33924,8684544,256,6000,33.500
2026-07-18T00:24:43.899Z,usb,1,848316260,33925,8684800,256,6000,33.500
2026-07-18T00:24:43.942Z,usb,1,848316260,33926,8685056,256,6000,33.500
2026-07-18T00:24:43.984Z,usb,1,848316260,33927,8685312,256,6000,33.500
2026-07-18T00:24:44.027Z,usb,1,848316260,33928,8685568,256,6000,33.500
2026-07-18T00:24:44.069Z,usb,1,848316260,33929,8685824,256,6000,33.500
2026-07-18T00:24:44.112Z,usb,1,848316260,33930,8686080,256,6000,33.500
2026-07-18T00:24:44.154Z,usb,1,848316260,33931,8686336,256,6000,33.500
2026-07-18T00:24:44.197Z,usb,1,848316260,33932,8686592,256,6000,33.500
2026-07-18T00:24:44.239Z,usb,1,848316260,33933,8686848,256,6000,33.500
2026-07-18T00:24:44.282Z,usb,1,848316260,33934,8687104,256,6000,33.500
2026-07-18T00:24:44.324Z,usb,1,848316260,33935,8687360,256,6000,33.500
2026-07-18T00:24:44.367Z,usb,1,848316260,33936,8687616,256,6000,33.500
2026-07-18T00:24:44.409Z,usb,1,848316260,33937,8687872,256,6000,33.500
2026-07-18T00:24:44.452Z,usb,1,848316260,33938,8688128,256,6000,33.500
2026-07-18T00:24:44.495Z,usb,1,848316260,33939,8688384,256,6000,33.500
2026-07-18T00:24:44.538Z,usb,1,848316260,33940,8688640,256,6000,33.500
2026-07-18T00:24:44.580Z,usb,1,848316260,33941,8688896,256,6000,33.500
2026-07-18T00:24:44.623Z,usb,1,848316260,33942,8689152,256,6000,33.500
2026-07-18T00:24:44.665Z,usb,1,848316260,33943,8689408,256,6000,33.500
2026-07-18T00:24:44.708Z,usb,1,848316260,33944,8689664,256,6000,33.500
2026-07-18T00:24:44.750Z,usb,1,848316260,33945,8689920,256,6000,33.500
2026-07-18T00:24:44.793Z,usb,1,848316260,33946,8690176,256,6000,33.500
2026-07-18T00:24:44.835Z,usb,1,848316260,33947,8690432,256,6000,33.500
2026-07-18T00:24:44.878Z,usb,1,848316260,33948,8690688,256,6000,33.500
2026-07-18T00:24:44.920Z,usb,1,848316260,33949,8690944,256,6000,33.500
2026-07-18T00:24:44.963Z,usb,1,848316260,33950,8691200,256,6000,33.500
2026-07-18T00:24:45.005Z,usb,1,848316260,33951,8691456,256,6000,33.500
2026-07-18T00:24:45.048Z,usb,1,848316260,33952,8691712,256,6000,33.500
2026-07-18T00:24:45.090Z,usb,1,848316260,33953,8691968,256,6000,33.500
2026-07-18T00:24:45.133Z,usb,1,848316260,33954,8692224,256,6000,33.500
2026-07-18T00:24:45.175Z,usb,1,848316260,33955,8692480,256,6000,33.500
2026-07-18T00:24:45.218Z,usb,1,848316260,33956,8692736,256,6000,33.500
2026-07-18T00:24:45.260Z,usb,1,848316260,33957,8692992,256,6000,33.500
2026-07-18T00:24:45.303Z,usb,1,848316260,33958,8693248,256,6000,33.500
2026-07-18T00:24:45.345Z,usb,1,848316260,33959,8693504,256,6000,33.500
2026-07-18T00:24:45.388Z,usb,1,848316260,33960,8693760,256,6000,33.500
2026-07-18T00:24:45.430Z,usb,1,848316260,33961,8694016,256,6000,33.500
2026-07-18T00:24:45.473Z,usb,1,848316260,33962,8694272,256,6000,33.500
2026-07-18T00:24:45.516Z,usb,1,848316260,33963,8694528,256,6000,33.500
2026-07-18T00:24:45.558Z,usb,1,848316260,33964,8694784,256,6000,33.500
2026-07-18T00:24:45.601Z,usb,1,848316260,33965,8695040,256,6000,33.500
2026-07-18T00:24:45.643Z,usb,1,848316260,33966,8695296,256,6000,33.500
2026-07-18T00:24:45.686Z,usb,1,848316260,33967,8695552,256,6000,33.500
2026-07-18T00:24:45.728Z,usb,1,848316260,33968,8695808,256,6000,33.500
2026-07-18T00:24:45.771Z,usb,1,848316260,33969,8696064,256,6000,33.500
2026-07-18T00:24:45.814Z,usb,1,848316260,33970,8696320,256,6000,33.500
2026-07-18T00:24:45.856Z,usb,1,848316260,33971,8696576,256,6000,33.500
2026-07-18T00:24:45.898Z,usb,1,848316260,33972,8696832,256,6000,33.500
2026-07-18T00:24:45.941Z,usb,1,848316260,33973,8697088,256,6000,33.500
2026-07-18T00:24:45.983Z,usb,1,848316260,33974,8697344,256,6000,33.500
2026-07-18T00:24:46.026Z,usb,1,848316260,33975,8697600,256,6000,33.500
2026-07-18T00:24:46.069Z,usb,1,848316260,33976,8697856,256,6000,33.500
2026-07-18T00:24:46.111Z,usb,1,848316260,33977,8698112,256,6000,33.500
2026-07-18T00:24:46.154Z,usb,1,848316260,33978,8698368,256,6000,33.500
2026-07-18T00:24:46.196Z,usb,1,848316260,33979,8698624,256,6000,33.500
2026-07-18T00:24:46.238Z,usb,1,848316260,33980,8698880,256,6000,33.500
2026-07-18T00:24:46.281Z,usb,1,848316260,33981,8699136,256,6000,33.500
2026-07-18T00:24:46.323Z,usb,1,848316260,33982,8699392,256,6000,33.500
2026-07-18T00:24:46.366Z,usb,1,848316260,33983,8699648,256,6000,33.500
2026-07-18T00:24:46.408Z,usb,1,848316260,33984,8699904,256,6000,33.500
2026-07-18T00:24:46.451Z,usb,1,848316260,33985,8700160,256,6000,33.500
2026-07-18T00:24:46.494Z,usb,1,848316260,33986,8700416,256,6000,33.500
2026-07-18T00:24:46.537Z,usb,1,848316260,33987,8700672,256,6000,33.500
2026-07-18T00:24:46.579Z,usb,1,848316260,33988,8700928,256,6000,33.500
2026-07-18T00:24:46.622Z,usb,1,848316260,33989,8701184,256,6000,33.500
2026-07-18T00:24:46.664Z,usb,1,848316260,33990,8701440,256,6000,33.500
2026-07-18T00:24:46.707Z,usb,1,848316260,33991,8701696,256,6000,33.500
2026-07-18T00:24:46.749Z,usb,1,848316260,33992,8701952,256,6000,33.500
2026-07-18T00:24:46.792Z,usb,1,848316260,33993,8702208,256,6000,33.500
2026-07-18T00:24:46.834Z,usb,1,848316260,33994,8702464,256,6000,33.500
2026-07-18T00:24:46.877Z,usb,1,848316260,33995,8702720,256,6000,33.500
2026-07-18T00:24:46.919Z,usb,1,848316260,33996,8702976,256,6000,33.500
2026-07-18T00:24:46.962Z,usb,1,848316260,33997,8703232,256,6000,33.500
2026-07-18T00:24:47.004Z,usb,1,848316260,33998,8703488,256,6000,33.500
2026-07-18T00:24:47.047Z,usb,1,848316260,33999,8703744,256,6000,33.500
2026-07-18T00:24:47.089Z,usb,1,848316260,34000,8704000,256,6000,33.500
2026-07-18T00:24:47.132Z,usb,1,848316260,34001,8704256,256,6000,33.500
2026-07-18T00:24:47.174Z,usb,1,848316260,34002,8704512,256,6000,33.500
2026-07-18T00:24:47.217Z,usb,1,848316260,34003,8704768,256,6000,33.500
2026-07-18T00:24:47.259Z,usb,1,848316260,34004,8705024,256,6000,33.500
2026-07-18T00:24:47.302Z,usb,1,848316260,34005,8705280,256,6000,33.500
2026-07-18T00:24:47.344Z,usb,1,848316260,34006,8705536,256,6000,33.500
2026-07-18T00:24:47.387Z,usb,1,848316260,34007,8705792,256,6000,33.500
2026-07-18T00:24:47.429Z,usb,1,848316260,34008,8706048,256,6000,33.500
2026-07-18T00:24:47.472Z,usb,1,848316260,34009,8706304,256,6000,33.500
2026-07-18T00:24:47.514Z,usb,1,848316260,34010,8706560,256,6000,33.500
2026-07-18T00:24:47.557Z,usb,1,848316260,34011,8706816,256,6000,33.500
2026-07-18T00:24:47.600Z,usb,1,848316260,34012,8707072,256,6000,33.500
2026-07-18T00:24:47.643Z,usb,1,848316260,34013,8707328,256,6000,33.500
2026-07-18T00:24:47.685Z,usb,1,848316260,34014,8707584,256,6000,33.500
2026-07-18T00:24:47.727Z,usb,1,848316260,34015,8707840,256,6000,33.500
2026-07-18T00:24:47.770Z,usb,1,848316260,34016,8708096,256,6000,33.500
2026-07-18T00:24:47.812Z,usb,1,848316260,34017,8708352,256,6000,33.500
2026-07-18T00:24:47.855Z,usb,1,848316260,34018,8708608,256,6000,33.500
2026-07-18T00:24:47.898Z,usb,1,848316260,34019,8708864,256,6000,33.500
2026-07-18T00:24:47.940Z,usb,1,848316260,34020,8709120,256,6000,33.500
2026-07-18T00:24:47.982Z,usb,1,848316260,34021,8709376,256,6000,33.500
2026-07-18T00:24:48.025Z,usb,1,848316260,34022,8709632,256,6000,33.500
2026-07-18T00:24:48.067Z,usb,1,848316260,34023,8709888,256,6000,33.500
2026-07-18T00:24:48.110Z,usb,1,848316260,34024,8710144,256,6000,33.500
2026-07-18T00:24:48.152Z,usb,1,848316260,34025,8710400,256,6000,33.500
2026-07-18T00:24:48.195Z,usb,1,848316260,34026,8710656,256,6000,33.500
2026-07-18T00:24:48.237Z,usb,1,848316260,34027,8710912,256,6000,33.500
2026-07-18T00:24:48.280Z,usb,1,848316260,34028,8711168,256,6000,33.500
2026-07-18T00:24:48.322Z,usb,1,848316260,34029,8711424,256,6000,33.500
2026-07-18T00:24:48.365Z,usb,1,848316260,34030,8711680,256,6000,33.500
2026-07-18T00:24:48.407Z,usb,1,848316260,34031,8711936,256,6000,33.500
2026-07-18T00:24:48.450Z,usb,1,848316260,34032,8712192,256,6000,33.500
2026-07-18T00:24:48.492Z,usb,1,848316260,34033,8712448,256,6000,33.500
2026-07-18T00:24:48.535Z,usb,1,848316260,34034,8712704,256,6000,33.500
2026-07-18T00:24:48.578Z,usb,1,848316260,34035,8712960,256,6000,33.500
2026-07-18T00:24:48.621Z,usb,1,848316260,34036,8713216,256,6000,33.500
2026-07-18T00:24:48.663Z,usb,1,848316260,34037,8713472,256,6000,33.500
2026-07-18T00:24:48.706Z,usb,1,848316260,34038,8713728,256,6000,33.500
2026-07-18T00:24:48.748Z,usb,1,848316260,34039,8713984,256,6000,33.500
2026-07-18T00:24:48.791Z,usb,1,848316260,34040,8714240,256,6000,33.500
2026-07-18T00:24:48.833Z,usb,1,848316260,34041,8714496,256,6000,33.500
2026-07-18T00:24:48.876Z,usb,1,848316260,34042,8714752,256,6000,33.500
2026-07-18T00:24:48.918Z,usb,1,848316260,34043,8715008,256,6000,33.500
2026-07-18T00:24:48.961Z,usb,1,848316260,34044,8715264,256,6000,33.500
2026-07-18T00:24:49.003Z,usb,1,848316260,34045,8715520,256,6000,33.500
2026-07-18T00:24:49.046Z,usb,1,848316260,34046,8715776,256,6000,33.500
2026-07-18T00:24:49.088Z,usb,1,848316260,34047,8716032,256,6000,33.500
2026-07-18T00:24:49.131Z,usb,1,848316260,34048,8716288,256,6000,33.500
2026-07-18T00:24:49.173Z,usb,1,848316260,34049,8716544,256,6000,33.500
2026-07-18T00:24:49.216Z,usb,1,848316260,34050,8716800,256,6000,33.500
2026-07-18T00:24:49.258Z,usb,1,848316260,34051,8717056,256,6000,33.500
2026-07-18T00:24:49.300Z,usb,1,848316260,34052,8717312,256,6000,33.500
2026-07-18T00:24:49.343Z,usb,1,848316260,34053,8717568,256,6000,33.500
2026-07-18T00:24:49.386Z,usb,1,848316260,34054,8717824,256,6000,33.500
2026-07-18T00:24:49.428Z,usb,1,848316260,34055,8718080,256,6000,33.500
2026-07-18T00:24:49.471Z,usb,1,848316260,34056,8718336,256,6000,33.500
2026-07-18T00:24:49.513Z,usb,1,848316260,34057,8718592,256,6000,33.500
2026-07-18T00:24:49.556Z,usb,1,848316260,34058,8718848,256,6000,33.500
2026-07-18T00:24:49.599Z,usb,1,848316260,34059,8719104,256,6000,33.500
2026-07-18T00:24:49.641Z,usb,1,848316260,34060,8719360,256,6000,33.500
2026-07-18T00:24:49.684Z,usb,1,848316260,34061,8719616,256,6000,33.500
2026-07-18T00:24:49.726Z,usb,1,848316260,34062,8719872,256,6000,33.500
2026-07-18T00:24:49.769Z,usb,1,848316260,34063,8720128,256,6000,33.500
2026-07-18T00:24:49.811Z,usb,1,848316260,34064,8720384,256,6000,33.500
2026-07-18T00:24:49.854Z,usb,1,848316260,34065,8720640,256,6000,33.500
2026-07-18T00:24:49.896Z,usb,1,848316260,34066,8720896,256,6000,33.500
2026-07-18T00:24:49.939Z,usb,1,848316260,34067,8721152,256,6000,33.500
2026-07-18T00:24:49.981Z,usb,1,848316260,34068,8721408,256,6000,33.500
2026-07-18T00:24:50.024Z,usb,1,848316260,34069,8721664,256,6000,33.500
2026-07-18T00:24:50.067Z,usb,1,848316260,34070,8721920,256,6000,33.500
2026-07-18T00:24:50.109Z,usb,1,848316260,34071,8722176,256,6000,33.500
2026-07-18T00:24:50.152Z,usb,1,848316260,34072,8722432,256,6000,33.500
2026-07-18T00:24:50.194Z,usb,1,848316260,34073,8722688,256,6000,33.500
2026-07-18T00:24:50.236Z,usb,1,848316260,34074,8722944,256,6000,33.500
2026-07-18T00:24:50.279Z,usb,1,848316260,34075,8723200,256,6000,33.500
2026-07-18T00:24:50.321Z,usb,1,848316260,34076,8723456,256,6000,33.500
2026-07-18T00:24:50.364Z,usb,1,848316260,34077,8723712,256,6000,33.500
2026-07-18T00:24:50.406Z,usb,1,848316260,34078,8723968,256,6000,33.500
2026-07-18T00:24:50.449Z,usb,1,848316260,34079,8724224,256,6000,33.500
2026-07-18T00:24:50.491Z,usb,1,848316260,34080,8724480,256,6000,33.500
2026-07-18T00:24:50.534Z,usb,1,848316260,34081,8724736,256,6000,33.500
2026-07-18T00:24:50.577Z,usb,1,848316260,34082,8724992,256,6000,33.500
2026-07-18T00:24:50.620Z,usb,1,848316260,34083,8725248,256,6000,33.500
2026-07-18T00:24:50.662Z,usb,1,848316260,34084,8725504,256,6000,33.500
2026-07-18T00:24:50.705Z,usb,1,848316260,34085,8725760,256,6000,33.500
2026-07-18T00:24:50.747Z,usb,1,848316260,34086,8726016,256,6000,33.500
2026-07-18T00:24:50.790Z,usb,1,848316260,34087,8726272,256,6000,33.500
2026-07-18T00:24:50.832Z,usb,1,848316260,34088,8726528,256,6000,33.500
2026-07-18T00:24:50.875Z,usb,1,848316260,34089,8726784,256,6000,33.500
2026-07-18T00:24:50.917Z,usb,1,848316260,34090,8727040,256,6000,33.500
2026-07-18T00:24:50.960Z,usb,1,848316260,34091,8727296,256,6000,33.500
2026-07-18T00:24:51.002Z,usb,1,848316260,34092,8727552,256,6000,33.500
2026-07-18T00:24:51.044Z,usb,1,848316260,34093,8727808,256,6000,33.500
2026-07-18T00:24:51.087Z,usb,1,848316260,34094,8728064,256,6000,33.500
2026-07-18T00:24:51.129Z,usb,1,848316260,34095,8728320,256,6000,33.500
2026-07-18T00:24:51.172Z,usb,1,848316260,34096,8728576,256,6000,33.500
2026-07-18T00:24:51.214Z,usb,1,848316260,34097,8728832,256,6000,33.500
2026-07-18T00:24:51.257Z,usb,1,848316260,34098,8729088,256,6000,33.500
2026-07-18T00:24:51.299Z,usb,1,848316260,34099,8729344,256,6000,33.500
2026-07-18T00:24:51.342Z,usb,1,848316260,34100,8729600,256,6000,33.500
2026-07-18T00:24:51.385Z,usb,1,848316260,34101,8729856,256,6000,33.500
2026-07-18T00:24:51.427Z,usb,1,848316260,34102,8730112,256,6000,33.500
2026-07-18T00:24:51.470Z,usb,1,848316260,34103,8730368,256,6000,33.500
2026-07-18T00:24:51.512Z,usb,1,848316260,34104,8730624,256,6000,33.500
2026-07-18T00:24:51.555Z,usb,1,848316260,34105,8730880,256,6000,33.500
2026-07-18T00:24:51.597Z,usb,1,848316260,34106,8731136,256,6000,33.500
2026-07-18T00:24:51.640Z,usb,1,848316260,34107,8731392,256,6000,33.500
2026-07-18T00:24:51.683Z,usb,1,848316260,34108,8731648,256,6000,33.500
2026-07-18T00:24:51.725Z,usb,1,848316260,34109,8731904,256,6000,33.500
2026-07-18T00:24:51.768Z,usb,1,848316260,34110,8732160,256,6000,33.500
2026-07-18T00:24:51.810Z,usb,1,848316260,34111,8732416,256,6000,33.500
2026-07-18T00:24:51.853Z,usb,1,848316260,34112,8732672,256,6000,33.500
2026-07-18T00:24:51.895Z,usb,1,848316260,34113,8732928,256,6000,33.500
2026-07-18T00:24:51.938Z,usb,1,848316260,34114,8733184,256,6000,33.500
2026-07-18T00:24:51.980Z,usb,1,848316260,34115,8733440,256,6000,33.500
2026-07-18T00:24:52.023Z,usb,1,848316260,34116,8733696,256,6000,33.500
2026-07-18T00:24:52.065Z,usb,1,848316260,34117,8733952,256,6000,33.500
2026-07-18T00:24:52.108Z,usb,1,848316260,34118,8734208,256,6000,33.500
2026-07-18T00:24:52.150Z,usb,1,848316260,34119,8734464,256,6000,33.500
2026-07-18T00:24:52.193Z,usb,1,848316260,34120,8734720,256,6000,33.500
2026-07-18T00:24:52.235Z,usb,1,848316260,34121,8734976,256,6000,33.500
2026-07-18T00:24:52.278Z,usb,1,848316260,34122,8735232,256,6000,33.500
2026-07-18T00:24:52.320Z,usb,1,848316260,34123,8735488,256,6000,33.500
2026-07-18T00:24:52.363Z,usb,1,848316260,34124,8735744,256,6000,33.500
2026-07-18T00:24:52.405Z,usb,1,848316260,34125,8736000,256,6000,33.500
2026-07-18T00:24:52.448Z,usb,1,848316260,34126,8736256,256,6000,33.500
2026-07-18T00:24:52.490Z,usb,1,848316260,34127,8736512,256,6000,33.500
2026-07-18T00:24:52.533Z,usb,1,848316260,34128,8736768,256,6000,33.500
2026-07-18T00:24:52.575Z,usb,1,848316260,34129,8737024,256,6000,33.500
2026-07-18T00:24:52.618Z,usb,1,848316260,34130,8737280,256,6000,33.500
2026-07-18T00:24:52.661Z,usb,1,848316260,34131,8737536,256,6000,33.500
2026-07-18T00:24:52.704Z,usb,1,848316260,34132,8737792,256,6000,33.500
2026-07-18T00:24:52.746Z,usb,1,848316260,34133,8738048,256,6000,33.500
2026-07-18T00:24:52.789Z,usb,1,848316260,34134,8738304,256,6000,33.500
2026-07-18T00:24:52.831Z,usb,1,848316260,34135,8738560,256,6000,33.500
2026-07-18T00:24:52.873Z,usb,1,848316260,34136,8738816,256,6000,33.500
2026-07-18T00:24:52.916Z,usb,1,848316260,34137,8739072,256,6000,33.500
2026-07-18T00:24:52.959Z,usb,1,848316260,34138,8739328,256,6000,33.500
2026-07-18T00:24:53.001Z,usb,1,848316260,34139,8739584,256,6000,33.500
2026-07-18T00:24:53.044Z,usb,1,848316260,34140,8739840,256,6000,33.500
2026-07-18T00:24:53.086Z,usb,1,848316260,34141,8740096,256,6000,33.500
2026-07-18T00:24:53.129Z,usb,1,848316260,34142,8740352,256,6000,33.500
2026-07-18T00:24:53.171Z,usb,1,848316260,34143,8740608,256,6000,33.500
2026-07-18T00:24:53.214Z,usb,1,848316260,34144,8740864,256,6000,33.500
2026-07-18T00:24:53.256Z,usb,1,848316260,34145,8741120,256,6000,33.500
2026-07-18T00:24:53.299Z,usb,1,848316260,34146,8741376,256,6000,33.500
2026-07-18T00:24:53.341Z,usb,1,848316260,34147,8741632,256,6000,33.500
2026-07-18T00:24:53.384Z,usb,1,848316260,34148,8741888,256,6000,33.500
2026-07-18T00:24:53.426Z,usb,1,848316260,34149,8742144,256,6000,33.500
2026-07-18T00:24:53.469Z,usb,1,848316260,34150,8742400,256,6000,33.500
2026-07-18T00:24:53.511Z,usb,1,848316260,34151,8742656,256,6000,33.500
2026-07-18T00:24:53.554Z,usb,1,848316260,34152,8742912,256,6000,33.500
2026-07-18T00:24:53.596Z,usb,1,848316260,34153,8743168,256,6000,33.500
2026-07-18T00:24:53.639Z,usb,1,848316260,34154,8743424,256,6000,33.500
2026-07-18T00:24:53.682Z,usb,1,848316260,34155,8743680,256,6000,33.510
2026-07-18T00:24:53.724Z,usb,1,848316260,34156,8743936,256,6000,33.510
2026-07-18T00:24:53.767Z,usb,1,848316260,34157,8744192,256,6000,33.510
2026-07-18T00:24:53.809Z,usb,1,848316260,34158,8744448,256,6000,33.510
2026-07-18T00:24:53.852Z,usb,1,848316260,34159,8744704,256,6000,33.510
2026-07-18T00:24:53.894Z,usb,1,848316260,34160,8744960,256,6000,33.510
2026-07-18T00:24:53.937Z,usb,1,848316260,34161,8745216,256,6000,33.510
2026-07-18T00:24:53.979Z,usb,1,848316260,34162,8745472,256,6000,33.510
2026-07-18T00:24:54.022Z,usb,1,848316260,34163,8745728,256,6000,33.510
2026-07-18T00:24:54.064Z,usb,1,848316260,34164,8745984,256,6000,33.510
2026-07-18T00:24:54.107Z,usb,1,848316260,34165,8746240,256,6000,33.510
2026-07-18T00:24:54.149Z,usb,1,848316260,34166,8746496,256,6000,33.510
2026-07-18T00:24:54.192Z,usb,1,848316260,34167,8746752,256,6000,33.510
2026-07-18T00:24:54.234Z,usb,1,848316260,34168,8747008,256,6000,33.510
2026-07-18T00:24:54.277Z,usb,1,848316260,34169,8747264,256,6000,33.510
2026-07-18T00:24:54.319Z,usb,1,848316260,34170,8747520,256,6000,33.510
2026-07-18T00:24:54.362Z,usb,1,848316260,34171,8747776,256,6000,33.510
2026-07-18T00:24:54.405Z,usb,1,848316260,34172,8748032,256,6000,33.510
2026-07-18T00:24:54.447Z,usb,1,848316260,34173,8748288,256,6000,33.510
2026-07-18T00:24:54.489Z,usb,1,848316260,34174,8748544,256,6000,33.510
2026-07-18T00:24:54.532Z,usb,1,848316260,34175,8748800,256,6000,33.510
2026-07-18T00:24:54.574Z,usb,1,848316260,34176,8749056,256,6000,33.510
2026-07-18T00:24:54.617Z,usb,1,848316260,34177,8749312,256,6000,33.510
2026-07-18T00:24:54.659Z,usb,1,848316260,34178,8749568,256,6000,33.510
2026-07-18T00:24:54.703Z,usb,1,848316260,34179,8749824,256,6000,33.500
2026-07-18T00:24:54.745Z,usb,1,848316260,34180,8750080,256,6000,33.500
2026-07-18T00:24:54.788Z,usb,1,848316260,34181,8750336,256,6000,33.500
2026-07-18T00:24:54.830Z,usb,1,848316260,34182,8750592,256,6000,33.500
2026-07-18T00:24:54.873Z,usb,1,848316260,34183,8750848,256,6000,33.500
2026-07-18T00:24:54.915Z,usb,1,848316260,34184,8751104,256,6000,33.500
2026-07-18T00:24:54.958Z,usb,1,848316260,34185,8751360,256,6000,33.500
2026-07-18T00:24:55.000Z,usb,1,848316260,34186,8751616,256,6000,33.500
2026-07-18T00:24:55.043Z,usb,1,848316260,34187,8751872,256,6000,33.500
2026-07-18T00:24:55.085Z,usb,1,848316260,34188,8752128,256,6000,33.500
2026-07-18T00:24:55.127Z,usb,1,848316260,34189,8752384,256,6000,33.500
2026-07-18T00:24:55.170Z,usb,1,848316260,34190,8752640,256,6000,33.500
2026-07-18T00:24:55.213Z,usb,1,848316260,34191,8752896,256,6000,33.500
2026-07-18T00:24:55.255Z,usb,1,848316260,34192,8753152,256,6000,33.500
2026-07-18T00:24:55.298Z,usb,1,848316260,34193,8753408,256,6000,33.500
2026-07-18T00:24:55.340Z,usb,1,848316260,34194,8753664,256,6000,33.500
2026-07-18T00:24:55.383Z,usb,1,848316260,34195,8753920,256,6000,33.500
2026-07-18T00:24:55.425Z,usb,1,848316260,34196,8754176,256,6000,33.500
2026-07-18T00:24:55.468Z,usb,1,848316260,34197,8754432,256,6000,33.500
2026-07-18T00:24:55.510Z,usb,1,848316260,34198,8754688,256,6000,33.500
2026-07-18T00:24:55.552Z,usb,1,848316260,34199,8754944,256,6000,33.500
2026-07-18T00:24:55.595Z,usb,1,848316260,34200,8755200,256,6000,33.500
2026-07-18T00:24:55.638Z,usb,1,848316260,34201,8755456,256,6000,33.500
2026-07-18T00:24:55.680Z,usb,1,848316260,34202,8755712,256,6000,33.500
2026-07-18T00:24:55.723Z,usb,1,848316260,34203,8755968,256,6000,33.500
2026-07-18T00:24:55.766Z,usb,1,848316260,34204,8756224,256,6000,33.500
2026-07-18T00:24:55.808Z,usb,1,848316260,34205,8756480,256,6000,33.500
2026-07-18T00:24:55.851Z,usb,1,848316260,34206,8756736,256,6000,33.500
2026-07-18T00:24:55.893Z,usb,1,848316260,34207,8756992,256,6000,33.500
2026-07-18T00:24:55.936Z,usb,1,848316260,34208,8757248,256,6000,33.500
2026-07-18T00:24:55.978Z,usb,1,848316260,34209,8757504,256,6000,33.500
2026-07-18T00:24:56.021Z,usb,1,848316260,34210,8757760,256,6000,33.500
2026-07-18T00:24:56.063Z,usb,1,848316260,34211,8758016,256,6000,33.500
2026-07-18T00:24:56.106Z,usb,1,848316260,34212,8758272,256,6000,33.500
2026-07-18T00:24:56.148Z,usb,1,848316260,34213,8758528,256,6000,33.500
2026-07-18T00:24:56.191Z,usb,1,848316260,34214,8758784,256,6000,33.500
2026-07-18T00:24:56.233Z,usb,1,848316260,34215,8759040,256,6000,33.500
2026-07-18T00:24:56.276Z,usb,1,848316260,34216,8759296,256,6000,33.500
2026-07-18T00:24:56.319Z,usb,1,848316260,34217,8759552,256,6000,33.500
2026-07-18T00:24:56.361Z,usb,1,848316260,34218,8759808,256,6000,33.500
2026-07-18T00:24:56.403Z,usb,1,848316260,34219,8760064,256,6000,33.500
2026-07-18T00:24:56.446Z,usb,1,848316260,34220,8760320,256,6000,33.500
2026-07-18T00:24:56.488Z,usb,1,848316260,34221,8760576,256,6000,33.500
2026-07-18T00:24:56.531Z,usb,1,848316260,34222,8760832,256,6000,33.500
2026-07-18T00:24:56.573Z,usb,1,848316260,34223,8761088,256,6000,33.500
2026-07-18T00:24:56.616Z,usb,1,848316260,34224,8761344,256,6000,33.500
2026-07-18T00:24:56.658Z,usb,1,848316260,34225,8761600,256,6000,33.500
2026-07-18T00:24:56.701Z,usb,1,848316260,34226,8761856,256,6000,33.500
2026-07-18T00:24:56.744Z,usb,1,848316260,34227,8762112,256,6000,33.500
2026-07-18T00:24:56.787Z,usb,1,848316260,34228,8762368,256,6000,33.500
2026-07-18T00:24:56.829Z,usb,1,848316260,34229,8762624,256,6000,33.500
2026-07-18T00:24:56.872Z,usb,1,848316260,34230,8762880,256,6000,33.500
2026-07-18T00:24:56.916Z,usb,1,848316260,34231,8763136,256,6000,33.500
2026-07-18T00:24:56.957Z,usb,1,848316260,34232,8763392,256,6000,33.500
2026-07-18T00:24:56.999Z,usb,1,848316260,34233,8763648,256,6000,33.500
2026-07-18T00:24:57.042Z,usb,1,848316260,34234,8763904,256,6000,33.500
2026-07-18T00:24:57.084Z,usb,1,848316260,34235,8764160,256,6000,33.500
2026-07-18T00:24:57.127Z,usb,1,848316260,34236,8764416,256,6000,33.500
2026-07-18T00:24:57.169Z,usb,1,848316260,34237,8764672,256,6000,33.500
2026-07-18T00:24:57.212Z,usb,1,848316260,34238,8764928,256,6000,33.500
2026-07-18T00:24:57.254Z,usb,1,848316260,34239,8765184,256,6000,33.500
2026-07-18T00:24:57.297Z,usb,1,848316260,34240,8765440,256,6000,33.500
2026-07-18T00:24:57.339Z,usb,1,848316260,34241,8765696,256,6000,33.500
2026-07-18T00:24:57.382Z,usb,1,848316260,34242,8765952,256,6000,33.500
2026-07-18T00:24:57.424Z,usb,1,848316260,34243,8766208,256,6000,33.500
2026-07-18T00:24:57.467Z,usb,1,848316260,34244,8766464,256,6000,33.500
2026-07-18T00:24:57.509Z,usb,1,848316260,34245,8766720,256,6000,33.500
2026-07-18T00:24:57.552Z,usb,1,848316260,34246,8766976,256,6000,33.500
2026-07-18T00:24:57.594Z,usb,1,848316260,34247,8767232,256,6000,33.500
2026-07-18T00:24:57.637Z,usb,1,848316260,34248,8767488,256,6000,33.500
2026-07-18T00:24:57.679Z,usb,1,848316260,34249,8767744,256,6000,33.500
2026-07-18T00:24:57.722Z,usb,1,848316260,34250,8768000,256,6000,33.500
2026-07-18T00:24:57.765Z,usb,1,848316260,34251,8768256,256,6000,33.500
2026-07-18T00:24:57.807Z,usb,1,848316260,34252,8768512,256,6000,33.500
2026-07-18T00:24:57.850Z,usb,1,848316260,34253,8768768,256,6000,33.500
2026-07-18T00:24:57.892Z,usb,1,848316260,34254,8769024,256,6000,33.500
2026-07-18T00:24:57.935Z,usb,1,848316260,34255,8769280,256,6000,33.500
2026-07-18T00:24:57.977Z,usb,1,848316260,34256,8769536,256,6000,33.500
2026-07-18T00:24:58.020Z,usb,1,848316260,34257,8769792,256,6000,33.500
2026-07-18T00:24:58.062Z,usb,1,848316260,34258,8770048,256,6000,33.500
2026-07-18T00:24:58.105Z,usb,1,848316260,34259,8770304,256,6000,33.500
2026-07-18T00:24:58.147Z,usb,1,848316260,34260,8770560,256,6000,33.500
2026-07-18T00:24:58.190Z,usb,1,848316260,34261,8770816,256,6000,33.500
2026-07-18T00:24:58.232Z,usb,1,848316260,34262,8771072,256,6000,33.500
2026-07-18T00:24:58.275Z,usb,1,848316260,34263,8771328,256,6000,33.500
2026-07-18T00:24:58.317Z,usb,1,848316260,34264,8771584,256,6000,33.500
2026-07-18T00:24:58.360Z,usb,1,848316260,34265,8771840,256,6000,33.500
2026-07-18T00:24:58.402Z,usb,1,848316260,34266,8772096,256,6000,33.500
2026-07-18T00:24:58.445Z,usb,1,848316260,34267,8772352,256,6000,33.500
2026-07-18T00:24:58.487Z,usb,1,848316260,34268,8772608,256,6000,33.500
2026-07-18T00:24:58.530Z,usb,1,848316260,34269,8772864,256,6000,33.500
2026-07-18T00:24:58.572Z,usb,1,848316260,34270,8773120,256,6000,33.500
2026-07-18T00:24:58.615Z,usb,1,848316260,34271,8773376,256,6000,33.500
2026-07-18T00:24:58.657Z,usb,1,848316260,34272,8773632,256,6000,33.500
2026-07-18T00:24:58.700Z,usb,1,848316260,34273,8773888,256,6000,33.500
2026-07-18T00:24:58.743Z,usb,1,848316260,34274,8774144,256,6000,33.500
2026-07-18T00:24:58.786Z,usb,1,848316260,34275,8774400,256,6000,33.500
2026-07-18T00:24:58.828Z,usb,1,848316260,34276,8774656,256,6000,33.500
2026-07-18T00:24:58.871Z,usb,1,848316260,34277,8774912,256,6000,33.500
2026-07-18T00:24:58.913Z,usb,1,848316260,34278,8775168,256,6000,33.500
2026-07-18T00:24:58.956Z,usb,1,848316260,34279,8775424,256,6000,33.500
2026-07-18T00:24:58.998Z,usb,1,848316260,34280,8775680,256,6000,33.500
2026-07-18T00:24:59.041Z,usb,1,848316260,34281,8775936,256,6000,33.500
2026-07-18T00:24:59.083Z,usb,1,848316260,34282,8776192,256,6000,33.500
2026-07-18T00:24:59.126Z,usb,1,848316260,34283,8776448,256,6000,33.500
2026-07-18T00:24:59.168Z,usb,1,848316260,34284,8776704,256,6000,33.500
2026-07-18T00:24:59.211Z,usb,1,848316260,34285,8776960,256,6000,33.500
2026-07-18T00:24:59.253Z,usb,1,848316260,34286,8777216,256,6000,33.500
2026-07-18T00:24:59.296Z,usb,1,848316260,34287,8777472,256,6000,33.500
2026-07-18T00:24:59.338Z,usb,1,848316260,34288,8777728,256,6000,33.500
2026-07-18T00:24:59.381Z,usb,1,848316260,34289,8777984,256,6000,33.500
2026-07-18T00:24:59.423Z,usb,1,848316260,34290,8778240,256,6000,33.500
2026-07-18T00:24:59.466Z,usb,1,848316260,34291,8778496,256,6000,33.500
2026-07-18T00:24:59.508Z,usb,1,848316260,34292,8778752,256,6000,33.500
2026-07-18T00:24:59.550Z,usb,1,848316260,34293,8779008,256,6000,33.500
2026-07-18T00:24:59.593Z,usb,1,848316260,34294,8779264,256,6000,33.500
2026-07-18T00:24:59.636Z,usb,1,848316260,34295,8779520,256,6000,33.500
2026-07-18T00:24:59.678Z,usb,1,848316260,34296,8779776,256,6000,33.500
2026-07-18T00:24:59.721Z,usb,1,848316260,34297,8780032,256,6000,33.500
2026-07-18T00:24:59.763Z,usb,1,848316260,34298,8780288,256,6000,33.500
2026-07-18T00:24:59.806Z,usb,1,848316260,34299,8780544,256,6000,33.500
2026-07-18T00:24:59.849Z,usb,1,848316260,34300,8780800,256,6000,33.500
2026-07-18T00:24:59.891Z,usb,1,848316260,34301,8781056,256,6000,33.500
2026-07-18T00:24:59.934Z,usb,1,848316260,34302,8781312,256,6000,33.500
2026-07-18T00:24:59.976Z,usb,1,848316260,34303,8781568,256,6000,33.500
2026-07-18T00:25:00.019Z,usb,1,848316260,34304,8781824,256,6000,33.500
2026-07-18T00:25:00.062Z,usb,1,848316260,34305,8782080,256,6000,33.500
2026-07-18T00:25:00.104Z,usb,1,848316260,34306,8782336,256,6000,33.500
2026-07-18T00:25:00.146Z,usb,1,848316260,34307,8782592,256,6000,33.500
2026-07-18T00:25:00.189Z,usb,1,848316260,34308,8782848,256,6000,33.500
2026-07-18T00:25:00.231Z,usb,1,848316260,34309,8783104,256,6000,33.500
2026-07-18T00:25:00.274Z,usb,1,848316260,34310,8783360,256,6000,33.500
2026-07-18T00:25:00.316Z,usb,1,848316260,34311,8783616,256,6000,33.500
2026-07-18T00:25:00.359Z,usb,1,848316260,34312,8783872,256,6000,33.500
2026-07-18T00:25:00.401Z,usb,1,848316260,34313,8784128,256,6000,33.500
2026-07-18T00:25:00.444Z,usb,1,848316260,34314,8784384,256,6000,33.500
2026-07-18T00:25:00.486Z,usb,1,848316260,34315,8784640,256,6000,33.500
2026-07-18T00:25:00.529Z,usb,1,848316260,34316,8784896,256,6000,33.500
2026-07-18T00:25:00.571Z,usb,1,848316260,34317,8785152,256,6000,33.500
2026-07-18T00:25:00.614Z,usb,1,848316260,34318,8785408,256,6000,33.500
2026-07-18T00:25:00.656Z,usb,1,848316260,34319,8785664,256,6000,33.500
2026-07-18T00:25:00.699Z,usb,1,848316260,34320,8785920,256,6000,33.500
2026-07-18T00:25:00.741Z,usb,1,848316260,34321,8786176,256,6000,33.500
2026-07-18T00:25:00.784Z,usb,1,848316260,34322,8786432,256,6000,33.500
2026-07-18T00:25:00.827Z,usb,1,848316260,34323,8786688,256,6000,33.500
2026-07-18T00:25:00.870Z,usb,1,848316260,34324,8786944,256,6000,33.500
2026-07-18T00:25:00.912Z,usb,1,848316260,34325,8787200,256,6000,33.500
2026-07-18T00:25:00.955Z,usb,1,848316260,34326,8787456,256,6000,33.500
2026-07-18T00:25:00.997Z,usb,1,848316260,34327,8787712,256,6000,33.500
2026-07-18T00:25:01.040Z,usb,1,848316260,34328,8787968,256,6000,33.500
2026-07-18T00:25:01.082Z,usb,1,848316260,34329,8788224,256,6000,33.500
2026-07-18T00:25:01.125Z,usb,1,848316260,34330,8788480,256,6000,33.500
2026-07-18T00:25:01.167Z,usb,1,848316260,34331,8788736,256,6000,33.500
2026-07-18T00:25:01.210Z,usb,1,848316260,34332,8788992,256,6000,33.500
2026-07-18T00:25:01.252Z,usb,1,848316260,34333,8789248,256,6000,33.500
2026-07-18T00:25:01.295Z,usb,1,848316260,34334,8789504,256,6000,33.500
2026-07-18T00:25:01.337Z,usb,1,848316260,34335,8789760,256,6000,33.500
2026-07-18T00:25:01.380Z,usb,1,848316260,34336,8790016,256,6000,33.500
2026-07-18T00:25:01.422Z,usb,1,848316260,34337,8790272,256,6000,33.500
2026-07-18T00:25:01.465Z,usb,1,848316260,34338,8790528,256,6000,33.500
2026-07-18T00:25:01.507Z,usb,1,848316260,34339,8790784,256,6000,33.500
2026-07-18T00:25:01.550Z,usb,1,848316260,34340,8791040,256,6000,33.500
2026-07-18T00:25:01.592Z,usb,1,848316260,34341,8791296,256,6000,33.500
2026-07-18T00:25:01.635Z,usb,1,848316260,34342,8791552,256,6000,33.500
2026-07-18T00:25:01.677Z,usb,1,848316260,34343,8791808,256,6000,33.500
2026-07-18T00:25:01.720Z,usb,1,848316260,34344,8792064,256,6000,33.500
2026-07-18T00:25:01.762Z,usb,1,848316260,34345,8792320,256,6000,33.500
2026-07-18T00:25:01.805Z,usb,1,848316260,34346,8792576,256,6000,33.500
2026-07-18T00:25:01.848Z,usb,1,848316260,34347,8792832,256,6000,33.500
2026-07-18T00:25:01.890Z,usb,1,848316260,34348,8793088,256,6000,33.500
2026-07-18T00:25:01.933Z,usb,1,848316260,34349,8793344,256,6000,33.500
2026-07-18T00:25:01.975Z,usb,1,848316260,34350,8793600,256,6000,33.500
2026-07-18T00:25:02.018Z,usb,1,848316260,34351,8793856,256,6000,33.500
2026-07-18T00:25:02.061Z,usb,1,848316260,34352,8794112,256,6000,33.500
2026-07-18T00:25:02.103Z,usb,1,848316260,34353,8794368,256,6000,33.500
2026-07-18T00:25:02.145Z,usb,1,848316260,34354,8794624,256,6000,33.500
2026-07-18T00:25:02.188Z,usb,1,848316260,34355,8794880,256,6000,33.500
2026-07-18T00:25:02.230Z,usb,1,848316260,34356,8795136,256,6000,33.500
2026-07-18T00:25:02.273Z,usb,1,848316260,34357,8795392,256,6000,33.500
2026-07-18T00:25:02.316Z,usb,1,848316260,34358,8795648,256,6000,33.500
2026-07-18T00:25:02.358Z,usb,1,848316260,34359,8795904,256,6000,33.500
2026-07-18T00:25:02.400Z,usb,1,848316260,34360,8796160,256,6000,33.500
2026-07-18T00:25:02.443Z,usb,1,848316260,34361,8796416,256,6000,33.500
2026-07-18T00:25:02.485Z,usb,1,848316260,34362,8796672,256,6000,33.500
2026-07-18T00:25:02.528Z,usb,1,848316260,34363,8796928,256,6000,33.500
2026-07-18T00:25:02.570Z,usb,1,848316260,34364,8797184,256,6000,33.500
2026-07-18T00:25:02.613Z,usb,1,848316260,34365,8797440,256,6000,33.500
2026-07-18T00:25:02.656Z,usb,1,848316260,34366,8797696,256,6000,33.500
2026-07-18T00:25:02.698Z,usb,1,848316260,34367,8797952,256,6000,33.500
2026-07-18T00:25:02.740Z,usb,1,848316260,34368,8798208,256,6000,33.500
2026-07-18T00:25:02.783Z,usb,1,848316260,34369,8798464,256,6000,33.500
2026-07-18T00:25:02.825Z,usb,1,848316260,34370,8798720,256,6000,33.500
2026-07-18T00:25:02.869Z,usb,1,848316260,34371,8798976,256,6000,33.500
2026-07-18T00:25:02.911Z,usb,1,848316260,34372,8799232,256,6000,33.500
2026-07-18T00:25:02.954Z,usb,1,848316260,34373,8799488,256,6000,33.500
2026-07-18T00:25:02.996Z,usb,1,848316260,34374,8799744,256,6000,33.500
2026-07-18T00:25:03.039Z,usb,1,848316260,34375,8800000,256,6000,33.500
2026-07-18T00:25:03.081Z,usb,1,848316260,34376,8800256,256,6000,33.500
2026-07-18T00:25:03.124Z,usb,1,848316260,34377,8800512,256,6000,33.500
2026-07-18T00:25:03.166Z,usb,1,848316260,34378,8800768,256,6000,33.500
2026-07-18T00:25:03.209Z,usb,1,848316260,34379,8801024,256,6000,33.500
2026-07-18T00:25:03.251Z,usb,1,848316260,34380,8801280,256,6000,33.500
2026-07-18T00:25:03.294Z,usb,1,848316260,34381,8801536,256,6000,33.500
2026-07-18T00:25:03.336Z,usb,1,848316260,34382,8801792,256,6000,33.500
2026-07-18T00:25:03.379Z,usb,1,848316260,34383,8802048,256,6000,33.500
2026-07-18T00:25:03.421Z,usb,1,848316260,34384,8802304,256,6000,33.500
2026-07-18T00:25:03.464Z,usb,1,848316260,34385,8802560,256,6000,33.500
2026-07-18T00:25:03.506Z,usb,1,848316260,34386,8802816,256,6000,33.500
2026-07-18T00:25:03.549Z,usb,1,848316260,34387,8803072,256,6000,33.500
2026-07-18T00:25:03.591Z,usb,1,848316260,34388,8803328,256,6000,33.500
2026-07-18T00:25:03.634Z,usb,1,848316260,34389,8803584,256,6000,33.500
2026-07-18T00:25:03.676Z,usb,1,848316260,34390,8803840,256,6000,33.500
2026-07-18T00:25:03.719Z,usb,1,848316260,34391,8804096,256,6000,33.500
2026-07-18T00:25:03.761Z,usb,1,848316260,34392,8804352,256,6000,33.500
2026-07-18T00:25:03.804Z,usb,1,848316260,34393,8804608,256,6000,33.500
2026-07-18T00:25:03.846Z,usb,1,848316260,34394,8804864,256,6000,33.500
2026-07-18T00:25:03.889Z,usb,1,848316260,34395,8805120,256,6000,33.500
2026-07-18T00:25:03.932Z,usb,1,848316260,34396,8805376,256,6000,33.500
2026-07-18T00:25:03.974Z,usb,1,848316260,34397,8805632,256,6000,33.500
2026-07-18T00:25:04.017Z,usb,1,848316260,34398,8805888,256,6000,33.500
2026-07-18T00:25:04.059Z,usb,1,848316260,34399,8806144,256,6000,33.500
2026-07-18T00:25:04.102Z,usb,1,848316260,34400,8806400,256,6000,33.500
2026-07-18T00:25:04.145Z,usb,1,848316260,34401,8806656,256,6000,33.500
2026-07-18T00:25:04.187Z,usb,1,848316260,34402,8806912,256,6000,33.500
2026-07-18T00:25:04.229Z,usb,1,848316260,34403,8807168,256,6000,33.500
2026-07-18T00:25:04.272Z,usb,1,848316260,34404,8807424,256,6000,33.500
2026-07-18T00:25:04.314Z,usb,1,848316260,34405,8807680,256,6000,33.500
2026-07-18T00:25:04.357Z,usb,1,848316260,34406,8807936,256,6000,33.500
2026-07-18T00:25:04.399Z,usb,1,848316260,34407,8808192,256,6000,33.500
2026-07-18T00:25:04.442Z,usb,1,848316260,34408,8808448,256,6000,33.500
2026-07-18T00:25:04.484Z,usb,1,848316260,34409,8808704,256,6000,33.500
2026-07-18T00:25:04.527Z,usb,1,848316260,34410,8808960,256,6000,33.500
2026-07-18T00:25:04.569Z,usb,1,848316260,34411,8809216,256,6000,33.500
2026-07-18T00:25:04.612Z,usb,1,848316260,34412,8809472,256,6000,33.500
2026-07-18T00:25:04.654Z,usb,1,848316260,34413,8809728,256,6000,33.500
2026-07-18T00:25:04.697Z,usb,1,848316260,34414,8809984,256,6000,33.500
2026-07-18T00:25:04.740Z,usb,1,848316260,34415,8810240,256,6000,33.500
2026-07-18T00:25:04.782Z,usb,1,848316260,34416,8810496,256,6000,33.500
2026-07-18T00:25:04.824Z,usb,1,848316260,34417,8810752,256,6000,33.500
2026-07-18T00:25:04.867Z,usb,1,848316260,34418,8811008,256,6000,33.500
2026-07-18T00:25:04.910Z,usb,1,848316260,34419,8811264,256,6000,33.500
2026-07-18T00:25:04.953Z,usb,1,848316260,34420,8811520,256,6000,33.500
2026-07-18T00:25:04.995Z,usb,1,848316260,34421,8811776,256,6000,33.500
2026-07-18T00:25:05.038Z,usb,1,848316260,34422,8812032,256,6000,33.500
2026-07-18T00:25:05.080Z,usb,1,848316260,34423,8812288,256,6000,33.500
2026-07-18T00:25:05.122Z,usb,1,848316260,34424,8812544,256,6000,33.500
2026-07-18T00:25:05.165Z,usb,1,848316260,34425,8812800,256,6000,33.500
2026-07-18T00:25:05.208Z,usb,1,848316260,34426,8813056,256,6000,33.500
2026-07-18T00:25:05.251Z,usb,1,848316260,34427,8813312,256,6000,33.500
2026-07-18T00:25:05.293Z,usb,1,848316260,34428,8813568,256,6000,33.500
2026-07-18T00:25:05.335Z,usb,1,848316260,34429,8813824,256,6000,33.500
2026-07-18T00:25:05.378Z,usb,1,848316260,34430,8814080,256,6000,33.500
2026-07-18T00:25:05.420Z,usb,1,848316260,34431,8814336,256,6000,33.500
2026-07-18T00:25:05.463Z,usb,1,848316260,34432,8814592,256,6000,33.500
2026-07-18T00:25:05.505Z,usb,1,848316260,34433,8814848,256,6000,33.500
2026-07-18T00:25:05.548Z,usb,1,848316260,34434,8815104,256,6000,33.500
2026-07-18T00:25:05.590Z,usb,1,848316260,34435,8815360,256,6000,33.500
2026-07-18T00:25:05.633Z,usb,1,848316260,34436,8815616,256,6000,33.500
2026-07-18T00:25:05.675Z,usb,1,848316260,34437,8815872,256,6000,33.500
2026-07-18T00:25:05.718Z,usb,1,848316260,34438,8816128,256,6000,33.500
2026-07-18T00:25:05.760Z,usb,1,848316260,34439,8816384,256,6000,33.500
2026-07-18T00:25:05.803Z,usb,1,848316260,34440,8816640,256,6000,33.500
2026-07-18T00:25:05.845Z,usb,1,848316260,34441,8816896,256,6000,33.500
2026-07-18T00:25:05.888Z,usb,1,848316260,34442,8817152,256,6000,33.500
2026-07-18T00:25:05.931Z,usb,1,848316260,34443,8817408,256,6000,33.500
2026-07-18T00:25:05.973Z,usb,1,848316260,34444,8817664,256,6000,33.500
2026-07-18T00:25:06.016Z,usb,1,848316260,34445,8817920,256,6000,33.500
2026-07-18T00:25:06.058Z,usb,1,848316260,34446,8818176,256,6000,33.500
2026-07-18T00:25:06.101Z,usb,1,848316260,34447,8818432,256,6000,33.500
2026-07-18T00:25:06.143Z,usb,1,848316260,34448,8818688,256,6000,33.500
2026-07-18T00:25:06.186Z,usb,1,848316260,34449,8818944,256,6000,33.500
2026-07-18T00:25:06.228Z,usb,1,848316260,34450,8819200,256,6000,33.500
2026-07-18T00:25:06.271Z,usb,1,848316260,34451,8819456,256,6000,33.500
2026-07-18T00:25:06.313Z,usb,1,848316260,34452,8819712,256,6000,33.500
2026-07-18T00:25:06.356Z,usb,1,848316260,34453,8819968,256,6000,33.500
2026-07-18T00:25:06.398Z,usb,1,848316260,34454,8820224,256,6000,33.500
2026-07-18T00:25:06.441Z,usb,1,848316260,34455,8820480,256,6000,33.500
2026-07-18T00:25:06.483Z,usb,1,848316260,34456,8820736,256,6000,33.500
2026-07-18T00:25:06.526Z,usb,1,848316260,34457,8820992,256,6000,33.500
2026-07-18T00:25:06.568Z,usb,1,848316260,34458,8821248,256,6000,33.500
2026-07-18T00:25:06.611Z,usb,1,848316260,34459,8821504,256,6000,33.500
2026-07-18T00:25:06.654Z,usb,1,848316260,34460,8821760,256,6000,33.500
2026-07-18T00:25:06.696Z,usb,1,848316260,34461,8822016,256,6000,33.500
2026-07-18T00:25:06.738Z,usb,1,848316260,34462,8822272,256,6000,33.500
2026-07-18T00:25:06.781Z,usb,1,848316260,34463,8822528,256,6000,33.500
2026-07-18T00:25:06.823Z,usb,1,848316260,34464,8822784,256,6000,33.500
2026-07-18T00:25:06.866Z,usb,1,848316260,34465,8823040,256,6000,33.500
2026-07-18T00:25:06.908Z,usb,1,848316260,34466,8823296,256,6000,33.500
2026-07-18T00:25:06.952Z,usb,1,848316260,34467,8823552,256,6000,33.500
2026-07-18T00:25:06.994Z,usb,1,848316260,34468,8823808,256,6000,33.500
2026-07-18T00:25:07.037Z,usb,1,848316260,34469,8824064,256,6000,33.500
2026-07-18T00:25:07.079Z,usb,1,848316260,34470,8824320,256,6000,33.500
2026-07-18T00:25:07.122Z,usb,1,848316260,34471,8824576,256,6000,33.500
2026-07-18T00:25:07.164Z,usb,1,848316260,34472,8824832,256,6000,33.500
2026-07-18T00:25:07.207Z,usb,1,848316260,34473,8825088,256,6000,33.500
2026-07-18T00:25:07.249Z,usb,1,848316260,34474,8825344,256,6000,33.500
2026-07-18T00:25:07.292Z,usb,1,848316260,34475,8825600,256,6000,33.500
2026-07-18T00:25:07.334Z,usb,1,848316260,34476,8825856,256,6000,33.500
2026-07-18T00:25:07.377Z,usb,1,848316260,34477,8826112,256,6000,33.500
2026-07-18T00:25:07.419Z,usb,1,848316260,34478,8826368,256,6000,33.500
2026-07-18T00:25:07.462Z,usb,1,848316260,34479,8826624,256,6000,33.500
2026-07-18T00:25:07.504Z,usb,1,848316260,34480,8826880,256,6000,33.500
2026-07-18T00:25:07.547Z,usb,1,848316260,34481,8827136,256,6000,33.500
2026-07-18T00:25:07.589Z,usb,1,848316260,34482,8827392,256,6000,33.500
2026-07-18T00:25:07.632Z,usb,1,848316260,34483,8827648,256,6000,33.500
2026-07-18T00:25:07.674Z,usb,1,848316260,34484,8827904,256,6000,33.500
2026-07-18T00:25:07.716Z,usb,1,848316260,34485,8828160,256,6000,33.500
2026-07-18T00:25:07.759Z,usb,1,848316260,34486,8828416,256,6000,33.500
2026-07-18T00:25:07.802Z,usb,1,848316260,34487,8828672,256,6000,33.500
2026-07-18T00:25:07.844Z,usb,1,848316260,34488,8828928,256,6000,33.500
2026-07-18T00:25:07.887Z,usb,1,848316260,34489,8829184,256,6000,33.500
2026-07-18T00:25:07.929Z,usb,1,848316260,34490,8829440,256,6000,33.500
2026-07-18T00:25:07.972Z,usb,1,848316260,34491,8829696,256,6000,33.500
2026-07-18T00:25:08.015Z,usb,1,848316260,34492,8829952,256,6000,33.500
2026-07-18T00:25:08.057Z,usb,1,848316260,34493,8830208,256,6000,33.500
2026-07-18T00:25:08.100Z,usb,1,848316260,34494,8830464,256,6000,33.500
2026-07-18T00:25:08.142Z,usb,1,848316260,34495,8830720,256,6000,33.500
2026-07-18T00:25:08.185Z,usb,1,848316260,34496,8830976,256,6000,33.500
2026-07-18T00:25:08.227Z,usb,1,848316260,34497,8831232,256,6000,33.500
2026-07-18T00:25:08.270Z,usb,1,848316260,34498,8831488,256,6000,33.500
2026-07-18T00:25:08.312Z,usb,1,848316260,34499,8831744,256,6000,33.500
2026-07-18T00:25:08.355Z,usb,1,848316260,34500,8832000,256,6000,33.500
2026-07-18T00:25:08.397Z,usb,1,848316260,34501,8832256,256,6000,33.500
2026-07-18T00:25:08.440Z,usb,1,848316260,34502,8832512,256,6000,33.500
2026-07-18T00:25:08.482Z,usb,1,848316260,34503,8832768,256,6000,33.500
2026-07-18T00:25:08.525Z,usb,1,848316260,34504,8833024,256,6000,33.500
2026-07-18T00:25:08.567Z,usb,1,848316260,34505,8833280,256,6000,33.500
2026-07-18T00:25:08.610Z,usb,1,848316260,34506,8833536,256,6000,33.500
2026-07-18T00:25:08.652Z,usb,1,848316260,34507,8833792,256,6000,33.500
2026-07-18T00:25:08.695Z,usb,1,848316260,34508,8834048,256,6000,33.500
2026-07-18T00:25:08.737Z,usb,1,848316260,34509,8834304,256,6000,33.500
2026-07-18T00:25:08.780Z,usb,1,848316260,34510,8834560,256,6000,33.500
2026-07-18T00:25:08.822Z,usb,1,848316260,34511,8834816,256,6000,33.500
2026-07-18T00:25:08.865Z,usb,1,848316260,34512,8835072,256,6000,33.500
2026-07-18T00:25:08.907Z,usb,1,848316260,34513,8835328,256,6000,33.500
2026-07-18T00:25:08.950Z,usb,1,848316260,34514,8835584,256,6000,33.500
2026-07-18T00:25:08.993Z,usb,1,848316260,34515,8835840,256,6000,33.500
2026-07-18T00:25:09.036Z,usb,1,848316260,34516,8836096,256,6000,33.500
2026-07-18T00:25:09.078Z,usb,1,848316260,34517,8836352,256,6000,33.500
2026-07-18T00:25:09.121Z,usb,1,848316260,34518,8836608,256,6000,33.500
2026-07-18T00:25:09.163Z,usb,1,848316260,34519,8836864,256,6000,33.500
2026-07-18T00:25:09.206Z,usb,1,848316260,34520,8837120,256,6000,33.500
2026-07-18T00:25:09.248Z,usb,1,848316260,34521,8837376,256,6000,33.500
2026-07-18T00:25:09.291Z,usb,1,848316260,34522,8837632,256,6000,33.500
2026-07-18T00:25:09.333Z,usb,1,848316260,34523,8837888,256,6000,33.500
2026-07-18T00:25:09.376Z,usb,1,848316260,34524,8838144,256,6000,33.500
2026-07-18T00:25:09.418Z,usb,1,848316260,34525,8838400,256,6000,33.500
2026-07-18T00:25:09.461Z,usb,1,848316260,34526,8838656,256,6000,33.500
2026-07-18T00:25:09.503Z,usb,1,848316260,34527,8838912,256,6000,33.500
2026-07-18T00:25:09.546Z,usb,1,848316260,34528,8839168,256,6000,33.500
2026-07-18T00:25:09.588Z,usb,1,848316260,34529,8839424,256,6000,33.500
2026-07-18T00:25:09.631Z,usb,1,848316260,34530,8839680,256,6000,33.500
2026-07-18T00:25:09.673Z,usb,1,848316260,34531,8839936,256,6000,33.500
2026-07-18T00:25:09.716Z,usb,1,848316260,34532,8840192,256,6000,33.500
2026-07-18T00:25:09.758Z,usb,1,848316260,34533,8840448,256,6000,33.500
2026-07-18T00:25:09.801Z,usb,1,848316260,34534,8840704,256,6000,33.500
2026-07-18T00:25:09.844Z,usb,1,848316260,34535,8840960,256,6000,33.500
2026-07-18T00:25:09.886Z,usb,1,848316260,34536,8841216,256,6000,33.500
2026-07-18T00:25:09.928Z,usb,1,848316260,34537,8841472,256,6000,33.500
2026-07-18T00:25:09.971Z,usb,1,848316260,34538,8841728,256,6000,33.500
2026-07-18T00:25:10.014Z,usb,1,848316260,34539,8841984,256,6000,33.500
2026-07-18T00:25:10.056Z,usb,1,848316260,34540,8842240,256,6000,33.500
2026-07-18T00:25:10.099Z,usb,1,848316260,34541,8842496,256,6000,33.500
2026-07-18T00:25:10.141Z,usb,1,848316260,34542,8842752,256,6000,33.500
2026-07-18T00:25:10.184Z,usb,1,848316260,34543,8843008,256,6000,33.500
2026-07-18T00:25:10.226Z,usb,1,848316260,34544,8843264,256,6000,33.500
2026-07-18T00:25:10.269Z,usb,1,848316260,34545,8843520,256,6000,33.500
2026-07-18T00:25:10.311Z,usb,1,848316260,34546,8843776,256,6000,33.500
2026-07-18T00:25:10.354Z,usb,1,848316260,34547,8844032,256,6000,33.500
2026-07-18T00:25:10.396Z,usb,1,848316260,34548,8844288,256,6000,33.500
2026-07-18T00:25:10.439Z,usb,1,848316260,34549,8844544,256,6000,33.500
2026-07-18T00:25:10.481Z,usb,1,848316260,34550,8844800,256,6000,33.500
2026-07-18T00:25:10.524Z,usb,1,848316260,34551,8845056,256,6000,33.500
2026-07-18T00:25:10.566Z,usb,1,848316260,34552,8845312,256,6000,33.500
2026-07-18T00:25:10.609Z,usb,1,848316260,34553,8845568,256,6000,33.500
2026-07-18T00:25:10.651Z,usb,1,848316260,34554,8845824,256,6000,33.500
2026-07-18T00:25:10.694Z,usb,1,848316260,34555,8846080,256,6000,33.500
2026-07-18T00:25:10.736Z,usb,1,848316260,34556,8846336,256,6000,33.500
2026-07-18T00:25:10.779Z,usb,1,848316260,34557,8846592,256,6000,33.500
2026-07-18T00:25:10.821Z,usb,1,848316260,34558,8846848,256,6000,33.500
2026-07-18T00:25:10.864Z,usb,1,848316260,34559,8847104,256,6000,33.500
2026-07-18T00:25:10.906Z,usb,1,848316260,34560,8847360,256,6000,33.500
2026-07-18T00:25:10.949Z,usb,1,848316260,34561,8847616,256,6000,33.500
2026-07-18T00:25:10.992Z,usb,1,848316260,34562,8847872,256,6000,33.500
2026-07-18T00:25:11.035Z,usb,1,848316260,34563,8848128,256,6000,33.500
2026-07-18T00:25:11.077Z,usb,1,848316260,34564,8848384,256,6000,33.500
2026-07-18T00:25:11.120Z,usb,1,848316260,34565,8848640,256,6000,33.500
2026-07-18T00:25:11.162Z,usb,1,848316260,34566,8848896,256,6000,33.500
2026-07-18T00:25:11.205Z,usb,1,848316260,34567,8849152,256,6000,33.500
2026-07-18T00:25:11.247Z,usb,1,848316260,34568,8849408,256,6000,33.500
2026-07-18T00:25:11.290Z,usb,1,848316260,34569,8849664,256,6000,33.500
2026-07-18T00:25:11.332Z,usb,1,848316260,34570,8849920,256,6000,33.500
2026-07-18T00:25:11.375Z,usb,1,848316260,34571,8850176,256,6000,33.500
2026-07-18T00:25:11.417Z,usb,1,848316260,34572,8850432,256,6000,33.500
2026-07-18T00:25:11.460Z,usb,1,848316260,34573,8850688,256,6000,33.500
2026-07-18T00:25:11.502Z,usb,1,848316260,34574,8850944,256,6000,33.500
2026-07-18T00:25:11.545Z,usb,1,848316260,34575,8851200,256,6000,33.500
2026-07-18T00:25:11.587Z,usb,1,848316260,34576,8851456,256,6000,33.500
2026-07-18T00:25:11.630Z,usb,1,848316260,34577,8851712,256,6000,33.500
2026-07-18T00:25:11.672Z,usb,1,848316260,34578,8851968,256,6000,33.500
2026-07-18T00:25:11.715Z,usb,1,848316260,34579,8852224,256,6000,33.500
2026-07-18T00:25:11.757Z,usb,1,848316260,34580,8852480,256,6000,33.500
2026-07-18T00:25:11.800Z,usb,1,848316260,34581,8852736,256,6000,33.500
2026-07-18T00:25:11.842Z,usb,1,848316260,34582,8852992,256,6000,33.500
2026-07-18T00:25:11.885Z,usb,1,848316260,34583,8853248,256,6000,33.500
2026-07-18T00:25:11.927Z,usb,1,848316260,34584,8853504,256,6000,33.500
2026-07-18T00:25:11.970Z,usb,1,848316260,34585,8853760,256,6000,33.500
2026-07-18T00:25:12.012Z,usb,1,848316260,34586,8854016,256,6000,33.500
2026-07-18T00:25:12.055Z,usb,1,848316260,34587,8854272,256,6000,33.500
2026-07-18T00:25:12.098Z,usb,1,848316260,34588,8854528,256,6000,33.500
2026-07-18T00:25:12.141Z,usb,1,848316260,34589,8854784,256,6000,33.500
2026-07-18T00:25:12.183Z,usb,1,848316260,34590,8855040,256,6000,33.500
2026-07-18T00:25:12.226Z,usb,1,848316260,34591,8855296,256,6000,33.500
2026-07-18T00:25:12.268Z,usb,1,848316260,34592,8855552,256,6000,33.500
2026-07-18T00:25:12.310Z,usb,1,848316260,34593,8855808,256,6000,33.500
2026-07-18T00:25:12.353Z,usb,1,848316260,34594,8856064,256,6000,33.500
2026-07-18T00:25:12.396Z,usb,1,848316260,34595,8856320,256,6000,33.500
2026-07-18T00:25:12.438Z,usb,1,848316260,34596,8856576,256,6000,33.500
2026-07-18T00:25:12.481Z,usb,1,848316260,34597,8856832,256,6000,33.500
2026-07-18T00:25:12.523Z,usb,1,848316260,34598,8857088,256,6000,33.500
2026-07-18T00:25:12.565Z,usb,1,848316260,34599,8857344,256,6000,33.500
2026-07-18T00:25:12.608Z,usb,1,848316260,34600,8857600,256,6000,33.500
2026-07-18T00:25:12.650Z,usb,1,848316260,34601,8857856,256,6000,33.500
2026-07-18T00:25:12.693Z,usb,1,848316260,34602,8858112,256,6000,33.500
2026-07-18T00:25:12.735Z,usb,1,848316260,34603,8858368,256,6000,33.500
2026-07-18T00:25:12.778Z,usb,1,848316260,34604,8858624,256,6000,33.500
2026-07-18T00:25:12.820Z,usb,1,848316260,34605,8858880,256,6000,33.500
2026-07-18T00:25:12.863Z,usb,1,848316260,34606,8859136,256,6000,33.500
2026-07-18T00:25:12.905Z,usb,1,848316260,34607,8859392,256,6000,33.500
2026-07-18T00:25:12.948Z,usb,1,848316260,34608,8859648,256,6000,33.500
2026-07-18T00:25:12.990Z,usb,1,848316260,34609,8859904,256,6000,33.500
2026-07-18T00:25:13.033Z,usb,1,848316260,34610,8860160,256,6000,33.500
2026-07-18T00:25:13.076Z,usb,1,848316260,34611,8860416,256,6000,33.500
2026-07-18T00:25:13.119Z,usb,1,848316260,34612,8860672,256,6000,33.500
2026-07-18T00:25:13.162Z,usb,1,848316260,34613,8860928,256,6000,33.500
2026-07-18T00:25:13.204Z,usb,1,848316260,34614,8861184,256,6000,33.500
2026-07-18T00:25:13.246Z,usb,1,848316260,34615,8861440,256,6000,33.500
2026-07-18T00:25:13.289Z,usb,1,848316260,34616,8861696,256,6000,33.500
2026-07-18T00:25:13.331Z,usb,1,848316260,34617,8861952,256,6000,33.500
2026-07-18T00:25:13.374Z,usb,1,848316260,34618,8862208,256,6000,33.500
2026-07-18T00:25:13.417Z,usb,1,848316260,34619,8862464,256,6000,33.500
2026-07-18T00:25:13.459Z,usb,1,848316260,34620,8862720,256,6000,33.500
2026-07-18T00:25:13.501Z,usb,1,848316260,34621,8862976,256,6000,33.500
2026-07-18T00:25:13.544Z,usb,1,848316260,34622,8863232,256,6000,33.500
2026-07-18T00:25:13.586Z,usb,1,848316260,34623,8863488,256,6000,33.500
2026-07-18T00:25:13.629Z,usb,1,848316260,34624,8863744,256,6000,33.500
2026-07-18T00:25:13.671Z,usb,1,848316260,34625,8864000,256,6000,33.500
2026-07-18T00:25:13.714Z,usb,1,848316260,34626,8864256,256,6000,33.500
2026-07-18T00:25:13.756Z,usb,1,848316260,34627,8864512,256,6000,33.500
2026-07-18T00:25:13.799Z,usb,1,848316260,34628,8864768,256,6000,33.500
2026-07-18T00:25:13.841Z,usb,1,848316260,34629,8865024,256,6000,33.500
2026-07-18T00:25:13.884Z,usb,1,848316260,34630,8865280,256,6000,33.500
2026-07-18T00:25:13.926Z,usb,1,848316260,34631,8865536,256,6000,33.500
2026-07-18T00:25:13.969Z,usb,1,848316260,34632,8865792,256,6000,33.500
2026-07-18T00:25:14.011Z,usb,1,848316260,34633,8866048,256,6000,33.500
2026-07-18T00:25:14.054Z,usb,1,848316260,34634,8866304,256,6000,33.500
2026-07-18T00:25:14.097Z,usb,1,848316260,34635,8866560,256,6000,33.500
2026-07-18T00:25:14.139Z,usb,1,848316260,34636,8866816,256,6000,33.500
2026-07-18T00:25:14.182Z,usb,1,848316260,34637,8867072,256,6000,33.500
2026-07-18T00:25:14.224Z,usb,1,848316260,34638,8867328,256,6000,33.500
2026-07-18T00:25:14.267Z,usb,1,848316260,34639,8867584,256,6000,33.500
2026-07-18T00:25:14.309Z,usb,1,848316260,34640,8867840,256,6000,33.500
2026-07-18T00:25:14.352Z,usb,1,848316260,34641,8868096,256,6000,33.500
2026-07-18T00:25:14.394Z,usb,1,848316260,34642,8868352,256,6000,33.500
2026-07-18T00:25:14.437Z,usb,1,848316260,34643,8868608,256,6000,33.500
2026-07-18T00:25:14.479Z,usb,1,848316260,34644,8868864,256,6000,33.500
2026-07-18T00:25:14.522Z,usb,1,848316260,34645,8869120,256,6000,33.500
2026-07-18T00:25:14.564Z,usb,1,848316260,34646,8869376,256,6000,33.500
2026-07-18T00:25:14.607Z,usb,1,848316260,34647,8869632,256,6000,33.500
2026-07-18T00:25:14.650Z,usb,1,848316260,34648,8869888,256,6000,33.500
2026-07-18T00:25:14.692Z,usb,1,848316260,34649,8870144,256,6000,33.500
2026-07-18T00:25:14.734Z,usb,1,848316260,34650,8870400,256,6000,33.500
2026-07-18T00:25:14.777Z,usb,1,848316260,34651,8870656,256,6000,33.500
2026-07-18T00:25:14.819Z,usb,1,848316260,34652,8870912,256,6000,33.500
2026-07-18T00:25:14.862Z,usb,1,848316260,34653,8871168,256,6000,33.500
2026-07-18T00:25:14.904Z,usb,1,848316260,34654,8871424,256,6000,33.500
2026-07-18T00:25:14.947Z,usb,1,848316260,34655,8871680,256,6000,33.500
2026-07-18T00:25:14.989Z,usb,1,848316260,34656,8871936,256,6000,33.500
2026-07-18T00:25:15.032Z,usb,1,848316260,34657,8872192,256,6000,33.500
2026-07-18T00:25:15.074Z,usb,1,848316260,34658,8872448,256,6000,33.500
2026-07-18T00:25:15.118Z,usb,1,848316260,34659,8872704,256,6000,33.500
2026-07-18T00:25:15.160Z,usb,1,848316260,34660,8872960,256,6000,33.500
2026-07-18T00:25:15.203Z,usb,1,848316260,34661,8873216,256,6000,33.500
2026-07-18T00:25:15.245Z,usb,1,848316260,34662,8873472,256,6000,33.500
2026-07-18T00:25:15.288Z,usb,1,848316260,34663,8873728,256,6000,33.500
2026-07-18T00:25:15.330Z,usb,1,848316260,34664,8873984,256,6000,33.500
2026-07-18T00:25:15.373Z,usb,1,848316260,34665,8874240,256,6000,33.500
2026-07-18T00:25:15.415Z,usb,1,848316260,34666,8874496,256,6000,33.500
2026-07-18T00:25:15.458Z,usb,1,848316260,34667,8874752,256,6000,33.500
2026-07-18T00:25:15.500Z,usb,1,848316260,34668,8875008,256,6000,33.500
2026-07-18T00:25:15.543Z,usb,1,848316260,34669,8875264,256,6000,33.500
2026-07-18T00:25:15.585Z,usb,1,848316260,34670,8875520,256,6000,33.500
2026-07-18T00:25:15.628Z,usb,1,848316260,34671,8875776,256,6000,33.500
2026-07-18T00:25:15.670Z,usb,1,848316260,34672,8876032,256,6000,33.500
2026-07-18T00:25:15.713Z,usb,1,848316260,34673,8876288,256,6000,33.500
2026-07-18T00:25:15.755Z,usb,1,848316260,34674,8876544,256,6000,33.500
2026-07-18T00:25:15.798Z,usb,1,848316260,34675,8876800,256,6000,33.500
2026-07-18T00:25:15.841Z,usb,1,848316260,34676,8877056,256,6000,33.500
2026-07-18T00:25:15.883Z,usb,1,848316260,34677,8877312,256,6000,33.500
2026-07-18T00:25:15.925Z,usb,1,848316260,34678,8877568,256,6000,33.500
2026-07-18T00:25:15.968Z,usb,1,848316260,34679,8877824,256,6000,33.500
2026-07-18T00:25:16.010Z,usb,1,848316260,34680,8878080,256,6000,33.500
2026-07-18T00:25:16.053Z,usb,1,848316260,34681,8878336,256,6000,33.500
2026-07-18T00:25:16.096Z,usb,1,848316260,34682,8878592,256,6000,33.500
2026-07-18T00:25:16.138Z,usb,1,848316260,34683,8878848,256,6000,33.510
2026-07-18T00:25:16.181Z,usb,1,848316260,34684,8879104,256,6000,33.510
2026-07-18T00:25:16.223Z,usb,1,848316260,34685,8879360,256,6000,33.510
2026-07-18T00:25:16.266Z,usb,1,848316260,34686,8879616,256,6000,33.510
2026-07-18T00:25:16.309Z,usb,1,848316260,34687,8879872,256,6000,33.510
2026-07-18T00:25:16.351Z,usb,1,848316260,34688,8880128,256,6000,33.510
2026-07-18T00:25:16.394Z,usb,1,848316260,34689,8880384,256,6000,33.510
2026-07-18T00:25:16.436Z,usb,1,848316260,34690,8880640,256,6000,33.510
2026-07-18T00:25:16.478Z,usb,1,848316260,34691,8880896,256,6000,33.510
2026-07-18T00:25:16.521Z,usb,1,848316260,34692,8881152,256,6000,33.510
2026-07-18T00:25:16.563Z,usb,1,848316260,34693,8881408,256,6000,33.510
2026-07-18T00:25:16.606Z,usb,1,848316260,34694,8881664,256,6000,33.510
2026-07-18T00:25:16.648Z,usb,1,848316260,34695,8881920,256,6000,33.510
2026-07-18T00:25:16.691Z,usb,1,848316260,34696,8882176,256,6000,33.510
2026-07-18T00:25:16.733Z,usb,1,848316260,34697,8882432,256,6000,33.510
2026-07-18T00:25:16.776Z,usb,1,848316260,34698,8882688,256,6000,33.510
2026-07-18T00:25:16.819Z,usb,1,848316260,34699,8882944,256,6000,33.510
2026-07-18T00:25:16.861Z,usb,1,848316260,34700,8883200,256,6000,33.510
2026-07-18T00:25:16.903Z,usb,1,848316260,34701,8883456,256,6000,33.510
2026-07-18T00:25:16.946Z,usb,1,848316260,34702,8883712,256,6000,33.510
2026-07-18T00:25:16.988Z,usb,1,848316260,34703,8883968,256,6000,33.510
2026-07-18T00:25:17.031Z,usb,1,848316260,34704,8884224,256,6000,33.510
2026-07-18T00:25:17.074Z,usb,1,848316260,34705,8884480,256,6000,33.510
2026-07-18T00:25:17.116Z,usb,1,848316260,34706,8884736,256,6000,33.510
2026-07-18T00:25:17.159Z,usb,1,848316260,34707,8884992,256,6000,33.500
2026-07-18T00:25:17.202Z,usb,1,848316260,34708,8885248,256,6000,33.500
2026-07-18T00:25:17.244Z,usb,1,848316260,34709,8885504,256,6000,33.500
2026-07-18T00:25:17.287Z,usb,1,848316260,34710,8885760,256,6000,33.500
2026-07-18T00:25:17.329Z,usb,1,848316260,34711,8886016,256,6000,33.500
2026-07-18T00:25:17.372Z,usb,1,848316260,34712,8886272,256,6000,33.500
2026-07-18T00:25:17.414Z,usb,1,848316260,34713,8886528,256,6000,33.500
2026-07-18T00:25:17.457Z,usb,1,848316260,34714,8886784,256,6000,33.500
2026-07-18T00:25:17.499Z,usb,1,848316260,34715,8887040,256,6000,33.500
2026-07-18T00:25:17.542Z,usb,1,848316260,34716,8887296,256,6000,33.500
2026-07-18T00:25:17.584Z,usb,1,848316260,34717,8887552,256,6000,33.500
2026-07-18T00:25:17.627Z,usb,1,848316260,34718,8887808,256,6000,33.500
2026-07-18T00:25:17.669Z,usb,1,848316260,34719,8888064,256,6000,33.500
2026-07-18T00:25:17.712Z,usb,1,848316260,34720,8888320,256,6000,33.500
2026-07-18T00:25:17.754Z,usb,1,848316260,34721,8888576,256,6000,33.500
2026-07-18T00:25:17.797Z,usb,1,848316260,34722,8888832,256,6000,33.500
2026-07-18T00:25:17.839Z,usb,1,848316260,34723,8889088,256,6000,33.500
2026-07-18T00:25:17.882Z,usb,1,848316260,34724,8889344,256,6000,33.500
2026-07-18T00:25:17.924Z,usb,1,848316260,34725,8889600,256,6000,33.500
2026-07-18T00:25:17.967Z,usb,1,848316260,34726,8889856,256,6000,33.500
2026-07-18T00:25:18.009Z,usb,1,848316260,34727,8890112,256,6000,33.500
2026-07-18T00:25:18.052Z,usb,1,848316260,34728,8890368,256,6000,33.500
2026-07-18T00:25:18.094Z,usb,1,848316260,34729,8890624,256,6000,33.500
2026-07-18T00:25:18.137Z,usb,1,848316260,34730,8890880,256,6000,33.500
2026-07-18T00:25:18.180Z,usb,1,848316260,34731,8891136,256,6000,33.510
2026-07-18T00:25:18.223Z,usb,1,848316260,34732,8891392,256,6000,33.510
2026-07-18T00:25:18.265Z,usb,1,848316260,34733,8891648,256,6000,33.510
2026-07-18T00:25:18.307Z,usb,1,848316260,34734,8891904,256,6000,33.510
2026-07-18T00:25:18.350Z,usb,1,848316260,34735,8892160,256,6000,33.510
2026-07-18T00:25:18.392Z,usb,1,848316260,34736,8892416,256,6000,33.510
2026-07-18T00:25:18.435Z,usb,1,848316260,34737,8892672,256,6000,33.510
2026-07-18T00:25:18.477Z,usb,1,848316260,34738,8892928,256,6000,33.510
2026-07-18T00:25:18.520Z,usb,1,848316260,34739,8893184,256,6000,33.510
2026-07-18T00:25:18.562Z,usb,1,848316260,34740,8893440,256,6000,33.510
2026-07-18T00:25:18.605Z,usb,1,848316260,34741,8893696,256,6000,33.510
2026-07-18T00:25:18.647Z,usb,1,848316260,34742,8893952,256,6000,33.510
2026-07-18T00:25:18.690Z,usb,1,848316260,34743,8894208,256,6000,33.510
2026-07-18T00:25:18.732Z,usb,1,848316260,34744,8894464,256,6000,33.510
2026-07-18T00:25:18.775Z,usb,1,848316260,34745,8894720,256,6000,33.510
2026-07-18T00:25:18.817Z,usb,1,848316260,34746,8894976,256,6000,33.510
2026-07-18T00:25:18.860Z,usb,1,848316260,34747,8895232,256,6000,33.510
2026-07-18T00:25:18.902Z,usb,1,848316260,34748,8895488,256,6000,33.510
2026-07-18T00:25:18.945Z,usb,1,848316260,34749,8895744,256,6000,33.510
2026-07-18T00:25:18.987Z,usb,1,848316260,34750,8896000,256,6000,33.510
2026-07-18T00:25:19.030Z,usb,1,848316260,34751,8896256,256,6000,33.510
2026-07-18T00:25:19.072Z,usb,1,848316260,34752,8896512,256,6000,33.510
2026-07-18T00:25:19.115Z,usb,1,848316260,34753,8896768,256,6000,33.510
2026-07-18T00:25:19.157Z,usb,1,848316260,34754,8897024,256,6000,33.510
2026-07-18T00:25:19.201Z,usb,1,848316260,34755,8897280,256,6000,33.510
2026-07-18T00:25:19.243Z,usb,1,848316260,34756,8897536,256,6000,33.510
2026-07-18T00:25:19.286Z,usb,1,848316260,34757,8897792,256,6000,33.510
2026-07-18T00:25:19.328Z,usb,1,848316260,34758,8898048,256,6000,33.510
2026-07-18T00:25:19.371Z,usb,1,848316260,34759,8898304,256,6000,33.510
2026-07-18T00:25:19.413Z,usb,1,848316260,34760,8898560,256,6000,33.510
2026-07-18T00:25:19.456Z,usb,1,848316260,34761,8898816,256,6000,33.510
2026-07-18T00:25:19.498Z,usb,1,848316260,34762,8899072,256,6000,33.510
2026-07-18T00:25:19.541Z,usb,1,848316260,34763,8899328,256,6000,33.510
2026-07-18T00:25:19.583Z,usb,1,848316260,34764,8899584,256,6000,33.510
2026-07-18T00:25:19.626Z,usb,1,848316260,34765,8899840,256,6000,33.510
2026-07-18T00:25:19.668Z,usb,1,848316260,34766,8900096,256,6000,33.510
2026-07-18T00:25:19.711Z,usb,1,848316260,34767,8900352,256,6000,33.510
2026-07-18T00:25:19.753Z,usb,1,848316260,34768,8900608,256,6000,33.510
2026-07-18T00:25:19.796Z,usb,1,848316260,34769,8900864,256,6000,33.510
2026-07-18T00:25:19.838Z,usb,1,848316260,34770,8901120,256,6000,33.510
2026-07-18T00:25:19.881Z,usb,1,848316260,34771,8901376,256,6000,33.510
2026-07-18T00:25:19.923Z,usb,1,848316260,34772,8901632,256,6000,33.510
2026-07-18T00:25:19.966Z,usb,1,848316260,34773,8901888,256,6000,33.510
2026-07-18T00:25:20.008Z,usb,1,848316260,34774,8902144,256,6000,33.510
2026-07-18T00:25:20.051Z,usb,1,848316260,34775,8902400,256,6000,33.510
2026-07-18T00:25:20.093Z,usb,1,848316260,34776,8902656,256,6000,33.510
2026-07-18T00:25:20.136Z,usb,1,848316260,34777,8902912,256,6000,33.510
2026-07-18T00:25:20.178Z,usb,1,848316260,34778,8903168,256,6000,33.510
2026-07-18T00:25:20.221Z,usb,1,848316260,34779,8903424,256,6000,33.500
2026-07-18T00:25:20.264Z,usb,1,848316260,34780,8903680,256,6000,33.500
2026-07-18T00:25:20.306Z,usb,1,848316260,34781,8903936,256,6000,33.500
2026-07-18T00:25:20.349Z,usb,1,848316260,34782,8904192,256,6000,33.500
2026-07-18T00:25:20.391Z,usb,1,848316260,34783,8904448,256,6000,33.500
2026-07-18T00:25:20.434Z,usb,1,848316260,34784,8904704,256,6000,33.500
2026-07-18T00:25:20.476Z,usb,1,848316260,34785,8904960,256,6000,33.500
2026-07-18T00:25:20.519Z,usb,1,848316260,34786,8905216,256,6000,33.500
2026-07-18T00:25:20.561Z,usb,1,848316260,34787,8905472,256,6000,33.500
2026-07-18T00:25:20.604Z,usb,1,848316260,34788,8905728,256,6000,33.500
2026-07-18T00:25:20.646Z,usb,1,848316260,34789,8905984,256,6000,33.500
2026-07-18T00:25:20.689Z,usb,1,848316260,34790,8906240,256,6000,33.500
2026-07-18T00:25:20.731Z,usb,1,848316260,34791,8906496,256,6000,33.500
2026-07-18T00:25:20.774Z,usb,1,848316260,34792,8906752,256,6000,33.500
2026-07-18T00:25:20.816Z,usb,1,848316260,34793,8907008,256,6000,33.500
2026-07-18T00:25:20.859Z,usb,1,848316260,34794,8907264,256,6000,33.500
2026-07-18T00:25:20.901Z,usb,1,848316260,34795,8907520,256,6000,33.500
2026-07-18T00:25:20.944Z,usb,1,848316260,34796,8907776,256,6000,33.500
2026-07-18T00:25:20.986Z,usb,1,848316260,34797,8908032,256,6000,33.500
2026-07-18T00:25:21.029Z,usb,1,848316260,34798,8908288,256,6000,33.500
2026-07-18T00:25:21.071Z,usb,1,848316260,34799,8908544,256,6000,33.500
2026-07-18T00:25:21.114Z,usb,1,848316260,34800,8908800,256,6000,33.500
2026-07-18T00:25:21.156Z,usb,1,848316260,34801,8909056,256,6000,33.500
2026-07-18T00:25:21.199Z,usb,1,848316260,34802,8909312,256,6000,33.500
2026-07-18T00:25:21.242Z,usb,1,848316260,34803,8909568,256,6000,33.500
2026-07-18T00:25:21.285Z,usb,1,848316260,34804,8909824,256,6000,33.500
2026-07-18T00:25:21.327Z,usb,1,848316260,34805,8910080,256,6000,33.500
2026-07-18T00:25:21.370Z,usb,1,848316260,34806,8910336,256,6000,33.500
2026-07-18T00:25:21.412Z,usb,1,848316260,34807,8910592,256,6000,33.500
2026-07-18T00:25:21.455Z,usb,1,848316260,34808,8910848,256,6000,33.500
2026-07-18T00:25:21.497Z,usb,1,848316260,34809,8911104,256,6000,33.500
2026-07-18T00:25:21.540Z,usb,1,848316260,34810,8911360,256,6000,33.500
2026-07-18T00:25:21.582Z,usb,1,848316260,34811,8911616,256,6000,33.500
2026-07-18T00:25:21.625Z,usb,1,848316260,34812,8911872,256,6000,33.500
2026-07-18T00:25:21.667Z,usb,1,848316260,34813,8912128,256,6000,33.500
2026-07-18T00:25:21.710Z,usb,1,848316260,34814,8912384,256,6000,33.500
2026-07-18T00:25:21.752Z,usb,1,848316260,34815,8912640,256,6000,33.500
2026-07-18T00:25:21.795Z,usb,1,848316260,34816,8912896,256,6000,33.500
2026-07-18T00:25:21.837Z,usb,1,848316260,34817,8913152,256,6000,33.500
2026-07-18T00:25:21.880Z,usb,1,848316260,34818,8913408,256,6000,33.500
2026-07-18T00:25:21.922Z,usb,1,848316260,34819,8913664,256,6000,33.500
2026-07-18T00:25:21.965Z,usb,1,848316260,34820,8913920,256,6000,33.500
2026-07-18T00:25:22.007Z,usb,1,848316260,34821,8914176,256,6000,33.500
2026-07-18T00:25:22.050Z,usb,1,848316260,34822,8914432,256,6000,33.500
2026-07-18T00:25:22.092Z,usb,1,848316260,34823,8914688,256,6000,33.500
2026-07-18T00:25:22.135Z,usb,1,848316260,34824,8914944,256,6000,33.500
2026-07-18T00:25:22.177Z,usb,1,848316260,34825,8915200,256,6000,33.500
2026-07-18T00:25:22.220Z,usb,1,848316260,34826,8915456,256,6000,33.500
2026-07-18T00:25:22.263Z,usb,1,848316260,34827,8915712,256,6000,33.510
2026-07-18T00:25:22.305Z,usb,1,848316260,34828,8915968,256,6000,33.510
2026-07-18T00:25:22.348Z,usb,1,848316260,34829,8916224,256,6000,33.510
2026-07-18T00:25:22.390Z,usb,1,848316260,34830,8916480,256,6000,33.510
2026-07-18T00:25:22.433Z,usb,1,848316260,34831,8916736,256,6000,33.510
2026-07-18T00:25:22.475Z,usb,1,848316260,34832,8916992,256,6000,33.510
2026-07-18T00:25:22.518Z,usb,1,848316260,34833,8917248,256,6000,33.510
2026-07-18T00:25:22.560Z,usb,1,848316260,34834,8917504,256,6000,33.510
2026-07-18T00:25:22.603Z,usb,1,848316260,34835,8917760,256,6000,33.510
2026-07-18T00:25:22.645Z,usb,1,848316260,34836,8918016,256,6000,33.510
2026-07-18T00:25:22.688Z,usb,1,848316260,34837,8918272,256,6000,33.510
2026-07-18T00:25:22.730Z,usb,1,848316260,34838,8918528,256,6000,33.510
2026-07-18T00:25:22.773Z,usb,1,848316260,34839,8918784,256,6000,33.510
2026-07-18T00:25:22.815Z,usb,1,848316260,34840,8919040,256,6000,33.510
2026-07-18T00:25:22.858Z,usb,1,848316260,34841,8919296,256,6000,33.510
2026-07-18T00:25:22.900Z,usb,1,848316260,34842,8919552,256,6000,33.510
2026-07-18T00:25:22.943Z,usb,1,848316260,34843,8919808,256,6000,33.510
2026-07-18T00:25:22.986Z,usb,1,848316260,34844,8920064,256,6000,33.510
2026-07-18T00:25:23.028Z,usb,1,848316260,34845,8920320,256,6000,33.510
2026-07-18T00:25:23.070Z,usb,1,848316260,34846,8920576,256,6000,33.510
2026-07-18T00:25:23.113Z,usb,1,848316260,34847,8920832,256,6000,33.510
2026-07-18T00:25:23.155Z,usb,1,848316260,34848,8921088,256,6000,33.510
2026-07-18T00:25:23.198Z,usb,1,848316260,34849,8921344,256,6000,33.510
2026-07-18T00:25:23.240Z,usb,1,848316260,34850,8921600,256,6000,33.510
2026-07-18T00:25:23.283Z,usb,1,848316260,34851,8921856,256,6000,33.500
2026-07-18T00:25:23.326Z,usb,1,848316260,34852,8922112,256,6000,33.500
2026-07-18T00:25:23.369Z,usb,1,848316260,34853,8922368,256,6000,33.500
2026-07-18T00:25:23.411Z,usb,1,848316260,34854,8922624,256,6000,33.500
2026-07-18T00:25:23.454Z,usb,1,848316260,34855,8922880,256,6000,33.500
2026-07-18T00:25:23.496Z,usb,1,848316260,34856,8923136,256,6000,33.500
2026-07-18T00:25:23.539Z,usb,1,848316260,34857,8923392,256,6000,33.500
2026-07-18T00:25:23.581Z,usb,1,848316260,34858,8923648,256,6000,33.500
2026-07-18T00:25:23.624Z,usb,1,848316260,34859,8923904,256,6000,33.500
2026-07-18T00:25:23.666Z,usb,1,848316260,34860,8924160,256,6000,33.500
2026-07-18T00:25:23.709Z,usb,1,848316260,34861,8924416,256,6000,33.500
2026-07-18T00:25:23.751Z,usb,1,848316260,34862,8924672,256,6000,33.500
2026-07-18T00:25:23.794Z,usb,1,848316260,34863,8924928,256,6000,33.500
2026-07-18T00:25:23.836Z,usb,1,848316260,34864,8925184,256,6000,33.500
2026-07-18T00:25:23.879Z,usb,1,848316260,34865,8925440,256,6000,33.500
2026-07-18T00:25:23.921Z,usb,1,848316260,34866,8925696,256,6000,33.500
2026-07-18T00:25:23.964Z,usb,1,848316260,34867,8925952,256,6000,33.500
2026-07-18T00:25:24.006Z,usb,1,848316260,34868,8926208,256,6000,33.500
2026-07-18T00:25:24.048Z,usb,1,848316260,34869,8926464,256,6000,33.500
2026-07-18T00:25:24.091Z,usb,1,848316260,34870,8926720,256,6000,33.500
2026-07-18T00:25:24.134Z,usb,1,848316260,34871,8926976,256,6000,33.500
2026-07-18T00:25:24.176Z,usb,1,848316260,34872,8927232,256,6000,33.500
2026-07-18T00:25:24.219Z,usb,1,848316260,34873,8927488,256,6000,33.500
2026-07-18T00:25:24.261Z,usb,1,848316260,34874,8927744,256,6000,33.500
2026-07-18T00:25:24.304Z,usb,1,848316260,34875,8928000,256,6000,33.510
2026-07-18T00:25:24.347Z,usb,1,848316260,34876,8928256,256,6000,33.510
2026-07-18T00:25:24.389Z,usb,1,848316260,34877,8928512,256,6000,33.510
2026-07-18T00:25:24.432Z,usb,1,848316260,34878,8928768,256,6000,33.510
2026-07-18T00:25:24.474Z,usb,1,848316260,34879,8929024,256,6000,33.510
2026-07-18T00:25:24.517Z,usb,1,848316260,34880,8929280,256,6000,33.510
2026-07-18T00:25:24.559Z,usb,1,848316260,34881,8929536,256,6000,33.510
2026-07-18T00:25:24.602Z,usb,1,848316260,34882,8929792,256,6000,33.510
2026-07-18T00:25:24.644Z,usb,1,848316260,34883,8930048,256,6000,33.510
2026-07-18T00:25:24.687Z,usb,1,848316260,34884,8930304,256,6000,33.510
2026-07-18T00:25:24.729Z,usb,1,848316260,34885,8930560,256,6000,33.510
2026-07-18T00:25:24.772Z,usb,1,848316260,34886,8930816,256,6000,33.510
2026-07-18T00:25:24.815Z,usb,1,848316260,34887,8931072,256,6000,33.510
2026-07-18T00:25:24.857Z,usb,1,848316260,34888,8931328,256,6000,33.510
2026-07-18T00:25:24.899Z,usb,1,848316260,34889,8931584,256,6000,33.510
2026-07-18T00:25:24.942Z,usb,1,848316260,34890,8931840,256,6000,33.510
2026-07-18T00:25:24.984Z,usb,1,848316260,34891,8932096,256,6000,33.510
2026-07-18T00:25:25.027Z,usb,1,848316260,34892,8932352,256,6000,33.510
2026-07-18T00:25:25.069Z,usb,1,848316260,34893,8932608,256,6000,33.510
2026-07-18T00:25:25.112Z,usb,1,848316260,34894,8932864,256,6000,33.510
2026-07-18T00:25:25.154Z,usb,1,848316260,34895,8933120,256,6000,33.510
2026-07-18T00:25:25.197Z,usb,1,848316260,34896,8933376,256,6000,33.510
2026-07-18T00:25:25.239Z,usb,1,848316260,34897,8933632,256,6000,33.510
2026-07-18T00:25:25.282Z,usb,1,848316260,34898,8933888,256,6000,33.510
2026-07-18T00:25:25.325Z,usb,1,848316260,34899,8934144,256,6000,33.500
2026-07-18T00:25:25.368Z,usb,1,848316260,34900,8934400,256,6000,33.500
2026-07-18T00:25:25.410Z,usb,1,848316260,34901,8934656,256,6000,33.500
2026-07-18T00:25:25.453Z,usb,1,848316260,34902,8934912,256,6000,33.500
2026-07-18T00:25:25.495Z,usb,1,848316260,34903,8935168,256,6000,33.500
2026-07-18T00:25:25.538Z,usb,1,848316260,34904,8935424,256,6000,33.500
2026-07-18T00:25:25.580Z,usb,1,848316260,34905,8935680,256,6000,33.500
2026-07-18T00:25:25.623Z,usb,1,848316260,34906,8935936,256,6000,33.500
2026-07-18T00:25:25.665Z,usb,1,848316260,34907,8936192,256,6000,33.500
2026-07-18T00:25:25.708Z,usb,1,848316260,34908,8936448,256,6000,33.500
2026-07-18T00:25:25.750Z,usb,1,848316260,34909,8936704,256,6000,33.500
2026-07-18T00:25:25.793Z,usb,1,848316260,34910,8936960,256,6000,33.500
2026-07-18T00:25:25.835Z,usb,1,848316260,34911,8937216,256,6000,33.500
2026-07-18T00:25:25.877Z,usb,1,848316260,34912,8937472,256,6000,33.500
2026-07-18T00:25:25.920Z,usb,1,848316260,34913,8937728,256,6000,33.500
2026-07-18T00:25:25.963Z,usb,1,848316260,34914,8937984,256,6000,33.500
2026-07-18T00:25:26.005Z,usb,1,848316260,34915,8938240,256,6000,33.500
2026-07-18T00:25:26.048Z,usb,1,848316260,34916,8938496,256,6000,33.500
2026-07-18T00:25:26.090Z,usb,1,848316260,34917,8938752,256,6000,33.500
2026-07-18T00:25:26.133Z,usb,1,848316260,34918,8939008,256,6000,33.500
2026-07-18T00:25:26.175Z,usb,1,848316260,34919,8939264,256,6000,33.500
2026-07-18T00:25:26.218Z,usb,1,848316260,34920,8939520,256,6000,33.500
2026-07-18T00:25:26.260Z,usb,1,848316260,34921,8939776,256,6000,33.500
2026-07-18T00:25:26.303Z,usb,1,848316260,34922,8940032,256,6000,33.500
2026-07-18T00:25:26.346Z,usb,1,848316260,34923,8940288,256,6000,33.510
2026-07-18T00:25:26.389Z,usb,1,848316260,34924,8940544,256,6000,33.510
2026-07-18T00:25:26.431Z,usb,1,848316260,34925,8940800,256,6000,33.510
2026-07-18T00:25:26.473Z,usb,1,848316260,34926,8941056,256,6000,33.510
2026-07-18T00:25:26.516Z,usb,1,848316260,34927,8941312,256,6000,33.510
2026-07-18T00:25:26.558Z,usb,1,848316260,34928,8941568,256,6000,33.510
2026-07-18T00:25:26.601Z,usb,1,848316260,34929,8941824,256,6000,33.510
2026-07-18T00:25:26.643Z,usb,1,848316260,34930,8942080,256,6000,33.510
2026-07-18T00:25:26.686Z,usb,1,848316260,34931,8942336,256,6000,33.510
2026-07-18T00:25:26.728Z,usb,1,848316260,34932,8942592,256,6000,33.510
2026-07-18T00:25:26.771Z,usb,1,848316260,34933,8942848,256,6000,33.510
2026-07-18T00:25:26.813Z,usb,1,848316260,34934,8943104,256,6000,33.510
2026-07-18T00:25:26.856Z,usb,1,848316260,34935,8943360,256,6000,33.510
2026-07-18T00:25:26.898Z,usb,1,848316260,34936,8943616,256,6000,33.510
2026-07-18T00:25:26.941Z,usb,1,848316260,34937,8943872,256,6000,33.510
2026-07-18T00:25:26.983Z,usb,1,848316260,34938,8944128,256,6000,33.510
2026-07-18T00:25:27.026Z,usb,1,848316260,34939,8944384,256,6000,33.510
2026-07-18T00:25:27.068Z,usb,1,848316260,34940,8944640,256,6000,33.510
2026-07-18T00:25:27.111Z,usb,1,848316260,34941,8944896,256,6000,33.510
2026-07-18T00:25:27.153Z,usb,1,848316260,34942,8945152,256,6000,33.510
2026-07-18T00:25:27.196Z,usb,1,848316260,34943,8945408,256,6000,33.510
2026-07-18T00:25:27.238Z,usb,1,848316260,34944,8945664,256,6000,33.510
2026-07-18T00:25:27.281Z,usb,1,848316260,34945,8945920,256,6000,33.510
2026-07-18T00:25:27.323Z,usb,1,848316260,34946,8946176,256,6000,33.510
2026-07-18T00:25:27.367Z,usb,1,848316260,34947,8946432,256,6000,33.500
2026-07-18T00:25:27.409Z,usb,1,848316260,34948,8946688,256,6000,33.500
2026-07-18T00:25:27.452Z,usb,1,848316260,34949,8946944,256,6000,33.500
2026-07-18T00:25:27.494Z,usb,1,848316260,34950,8947200,256,6000,33.500
2026-07-18T00:25:27.537Z,usb,1,848316260,34951,8947456,256,6000,33.500
2026-07-18T00:25:27.579Z,usb,1,848316260,34952,8947712,256,6000,33.500
2026-07-18T00:25:27.622Z,usb,1,848316260,34953,8947968,256,6000,33.500
2026-07-18T00:25:27.664Z,usb,1,848316260,34954,8948224,256,6000,33.500
2026-07-18T00:25:27.707Z,usb,1,848316260,34955,8948480,256,6000,33.500
2026-07-18T00:25:27.749Z,usb,1,848316260,34956,8948736,256,6000,33.500
2026-07-18T00:25:27.792Z,usb,1,848316260,34957,8948992,256,6000,33.500
2026-07-18T00:25:27.835Z,usb,1,848316260,34958,8949248,256,6000,33.500
2026-07-18T00:25:27.877Z,usb,1,848316260,34959,8949504,256,6000,33.500
2026-07-18T00:25:27.919Z,usb,1,848316260,34960,8949760,256,6000,33.500
2026-07-18T00:25:27.962Z,usb,1,848316260,34961,8950016,256,6000,33.500
2026-07-18T00:25:28.004Z,usb,1,848316260,34962,8950272,256,6000,33.500
2026-07-18T00:25:28.047Z,usb,1,848316260,34963,8950528,256,6000,33.500
2026-07-18T00:25:28.090Z,usb,1,848316260,34964,8950784,256,6000,33.500
2026-07-18T00:25:28.132Z,usb,1,848316260,34965,8951040,256,6000,33.500
2026-07-18T00:25:28.174Z,usb,1,848316260,34966,8951296,256,6000,33.500
2026-07-18T00:25:28.217Z,usb,1,848316260,34967,8951552,256,6000,33.500
2026-07-18T00:25:28.259Z,usb,1,848316260,34968,8951808,256,6000,33.500
2026-07-18T00:25:28.302Z,usb,1,848316260,34969,8952064,256,6000,33.500
2026-07-18T00:25:28.344Z,usb,1,848316260,34970,8952320,256,6000,33.500
2026-07-18T00:25:28.387Z,usb,1,848316260,34971,8952576,256,6000,33.500
2026-07-18T00:25:28.430Z,usb,1,848316260,34972,8952832,256,6000,33.500
2026-07-18T00:25:28.472Z,usb,1,848316260,34973,8953088,256,6000,33.500
2026-07-18T00:25:28.515Z,usb,1,848316260,34974,8953344,256,6000,33.500
2026-07-18T00:25:28.557Z,usb,1,848316260,34975,8953600,256,6000,33.500
2026-07-18T00:25:28.600Z,usb,1,848316260,34976,8953856,256,6000,33.500
2026-07-18T00:25:28.642Z,usb,1,848316260,34977,8954112,256,6000,33.500
2026-07-18T00:25:28.685Z,usb,1,848316260,34978,8954368,256,6000,33.500
2026-07-18T00:25:28.727Z,usb,1,848316260,34979,8954624,256,6000,33.500
2026-07-18T00:25:28.770Z,usb,1,848316260,34980,8954880,256,6000,33.500
2026-07-18T00:25:28.812Z,usb,1,848316260,34981,8955136,256,6000,33.500
2026-07-18T00:25:28.855Z,usb,1,848316260,34982,8955392,256,6000,33.500
2026-07-18T00:25:28.897Z,usb,1,848316260,34983,8955648,256,6000,33.500
2026-07-18T00:25:28.940Z,usb,1,848316260,34984,8955904,256,6000,33.500
2026-07-18T00:25:28.982Z,usb,1,848316260,34985,8956160,256,6000,33.500
2026-07-18T00:25:29.025Z,usb,1,848316260,34986,8956416,256,6000,33.500
2026-07-18T00:25:29.067Z,usb,1,848316260,34987,8956672,256,6000,33.500
2026-07-18T00:25:29.110Z,usb,1,848316260,34988,8956928,256,6000,33.500
2026-07-18T00:25:29.153Z,usb,1,848316260,34989,8957184,256,6000,33.500
2026-07-18T00:25:29.195Z,usb,1,848316260,34990,8957440,256,6000,33.500
2026-07-18T00:25:29.237Z,usb,1,848316260,34991,8957696,256,6000,33.500
2026-07-18T00:25:29.280Z,usb,1,848316260,34992,8957952,256,6000,33.500
2026-07-18T00:25:29.322Z,usb,1,848316260,34993,8958208,256,6000,33.500
2026-07-18T00:25:29.365Z,usb,1,848316260,34994,8958464,256,6000,33.500
2026-07-18T00:25:29.408Z,usb,1,848316260,34995,8958720,256,6000,33.500
2026-07-18T00:25:29.451Z,usb,1,848316260,34996,8958976,256,6000,33.500
2026-07-18T00:25:29.493Z,usb,1,848316260,34997,8959232,256,6000,33.500
2026-07-18T00:25:29.536Z,usb,1,848316260,34998,8959488,256,6000,33.500
2026-07-18T00:25:29.578Z,usb,1,848316260,34999,8959744,256,6000,33.500
2026-07-18T00:25:29.621Z,usb,1,848316260,35000,8960000,256,6000,33.500
2026-07-18T00:25:29.663Z,usb,1,848316260,35001,8960256,256,6000,33.500
2026-07-18T00:25:29.706Z,usb,1,848316260,35002,8960512,256,6000,33.500
2026-07-18T00:25:29.748Z,usb,1,848316260,35003,8960768,256,6000,33.500
2026-07-18T00:25:29.791Z,usb,1,848316260,35004,8961024,256,6000,33.500
2026-07-18T00:25:29.833Z,usb,1,848316260,35005,8961280,256,6000,33.500
2026-07-18T00:25:29.876Z,usb,1,848316260,35006,8961536,256,6000,33.500
2026-07-18T00:25:29.918Z,usb,1,848316260,35007,8961792,256,6000,33.500
2026-07-18T00:25:29.961Z,usb,1,848316260,35008,8962048,256,6000,33.500
2026-07-18T00:25:30.003Z,usb,1,848316260,35009,8962304,256,6000,33.500
2026-07-18T00:25:30.046Z,usb,1,848316260,35010,8962560,256,6000,33.500
2026-07-18T00:25:30.088Z,usb,1,848316260,35011,8962816,256,6000,33.500
2026-07-18T00:25:30.131Z,usb,1,848316260,35012,8963072,256,6000,33.500
2026-07-18T00:25:30.173Z,usb,1,848316260,35013,8963328,256,6000,33.500
2026-07-18T00:25:30.216Z,usb,1,848316260,35014,8963584,256,6000,33.500
2026-07-18T00:25:30.258Z,usb,1,848316260,35015,8963840,256,6000,33.500
2026-07-18T00:25:30.301Z,usb,1,848316260,35016,8964096,256,6000,33.500
2026-07-18T00:25:30.343Z,usb,1,848316260,35017,8964352,256,6000,33.500
2026-07-18T00:25:30.386Z,usb,1,848316260,35018,8964608,256,6000,33.500
2026-07-18T00:25:30.429Z,usb,1,848316260,35019,8964864,256,6000,33.500
2026-07-18T00:25:30.471Z,usb,1,848316260,35020,8965120,256,6000,33.500
2026-07-18T00:25:30.514Z,usb,1,848316260,35021,8965376,256,6000,33.500
2026-07-18T00:25:30.556Z,usb,1,848316260,35022,8965632,256,6000,33.500
2026-07-18T00:25:30.599Z,usb,1,848316260,35023,8965888,256,6000,33.500
2026-07-18T00:25:30.641Z,usb,1,848316260,35024,8966144,256,6000,33.500
2026-07-18T00:25:30.684Z,usb,1,848316260,35025,8966400,256,6000,33.500
2026-07-18T00:25:30.726Z,usb,1,848316260,35026,8966656,256,6000,33.500
2026-07-18T00:25:30.769Z,usb,1,848316260,35027,8966912,256,6000,33.500
2026-07-18T00:25:30.811Z,usb,1,848316260,35028,8967168,256,6000,33.500
2026-07-18T00:25:30.854Z,usb,1,848316260,35029,8967424,256,6000,33.500
2026-07-18T00:25:30.896Z,usb,1,848316260,35030,8967680,256,6000,33.500
2026-07-18T00:25:30.939Z,usb,1,848316260,35031,8967936,256,6000,33.500
2026-07-18T00:25:30.981Z,usb,1,848316260,35032,8968192,256,6000,33.500
2026-07-18T00:25:31.024Z,usb,1,848316260,35033,8968448,256,6000,33.500
2026-07-18T00:25:31.066Z,usb,1,848316260,35034,8968704,256,6000,33.500
2026-07-18T00:25:31.109Z,usb,1,848316260,35035,8968960,256,6000,33.500
2026-07-18T00:25:31.151Z,usb,1,848316260,35036,8969216,256,6000,33.500
2026-07-18T00:25:31.194Z,usb,1,848316260,35037,8969472,256,6000,33.500
2026-07-18T00:25:31.236Z,usb,1,848316260,35038,8969728,256,6000,33.500
2026-07-18T00:25:31.279Z,usb,1,848316260,35039,8969984,256,6000,33.500
2026-07-18T00:25:31.321Z,usb,1,848316260,35040,8970240,256,6000,33.500
2026-07-18T00:25:31.364Z,usb,1,848316260,35041,8970496,256,6000,33.500
2026-07-18T00:25:31.406Z,usb,1,848316260,35042,8970752,256,6000,33.500
2026-07-18T00:25:31.450Z,usb,1,848316260,35043,8971008,256,6000,33.500
2026-07-18T00:25:31.492Z,usb,1,848316260,35044,8971264,256,6000,33.500
2026-07-18T00:25:31.535Z,usb,1,848316260,35045,8971520,256,6000,33.500
2026-07-18T00:25:31.577Z,usb,1,848316260,35046,8971776,256,6000,33.500
2026-07-18T00:25:31.620Z,usb,1,848316260,35047,8972032,256,6000,33.500
2026-07-18T00:25:31.662Z,usb,1,848316260,35048,8972288,256,6000,33.500
2026-07-18T00:25:31.705Z,usb,1,848316260,35049,8972544,256,6000,33.500
2026-07-18T00:25:31.747Z,usb,1,848316260,35050,8972800,256,6000,33.500
2026-07-18T00:25:31.790Z,usb,1,848316260,35051,8973056,256,6000,33.500
2026-07-18T00:25:31.832Z,usb,1,848316260,35052,8973312,256,6000,33.500
2026-07-18T00:25:31.875Z,usb,1,848316260,35053,8973568,256,6000,33.500
2026-07-18T00:25:31.917Z,usb,1,848316260,35054,8973824,256,6000,33.500
2026-07-18T00:25:31.960Z,usb,1,848316260,35055,8974080,256,6000,33.500
2026-07-18T00:25:32.002Z,usb,1,848316260,35056,8974336,256,6000,33.500
2026-07-18T00:25:32.045Z,usb,1,848316260,35057,8974592,256,6000,33.500
2026-07-18T00:25:32.087Z,usb,1,848316260,35058,8974848,256,6000,33.500
2026-07-18T00:25:32.130Z,usb,1,848316260,35059,8975104,256,6000,33.500
2026-07-18T00:25:32.172Z,usb,1,848316260,35060,8975360,256,6000,33.500
2026-07-18T00:25:32.215Z,usb,1,848316260,35061,8975616,256,6000,33.500
2026-07-18T00:25:32.257Z,usb,1,848316260,35062,8975872,256,6000,33.500
2026-07-18T00:25:32.300Z,usb,1,848316260,35063,8976128,256,6000,33.500
2026-07-18T00:25:32.342Z,usb,1,848316260,35064,8976384,256,6000,33.500
2026-07-18T00:25:32.385Z,usb,1,848316260,35065,8976640,256,6000,33.500
2026-07-18T00:25:32.427Z,usb,1,848316260,35066,8976896,256,6000,33.500
2026-07-18T00:25:32.470Z,usb,1,848316260,35067,8977152,256,6000,33.500
2026-07-18T00:25:32.513Z,usb,1,848316260,35068,8977408,256,6000,33.500
2026-07-18T00:25:32.555Z,usb,1,848316260,35069,8977664,256,6000,33.500
2026-07-18T00:25:32.598Z,usb,1,848316260,35070,8977920,256,6000,33.500
2026-07-18T00:25:32.640Z,usb,1,848316260,35071,8978176,256,6000,33.500
2026-07-18T00:25:32.683Z,usb,1,848316260,35072,8978432,256,6000,33.500
2026-07-18T00:25:32.725Z,usb,1,848316260,35073,8978688,256,6000,33.500
2026-07-18T00:25:32.768Z,usb,1,848316260,35074,8978944,256,6000,33.500
2026-07-18T00:25:32.810Z,usb,1,848316260,35075,8979200,256,6000,33.500
2026-07-18T00:25:32.853Z,usb,1,848316260,35076,8979456,256,6000,33.500
2026-07-18T00:25:32.895Z,usb,1,848316260,35077,8979712,256,6000,33.500
2026-07-18T00:25:32.938Z,usb,1,848316260,35078,8979968,256,6000,33.500
2026-07-18T00:25:32.980Z,usb,1,848316260,35079,8980224,256,6000,33.500
2026-07-18T00:25:33.023Z,usb,1,848316260,35080,8980480,256,6000,33.500
2026-07-18T00:25:33.065Z,usb,1,848316260,35081,8980736,256,6000,33.500
2026-07-18T00:25:33.108Z,usb,1,848316260,35082,8980992,256,6000,33.500
2026-07-18T00:25:33.150Z,usb,1,848316260,35083,8981248,256,6000,33.500
2026-07-18T00:25:33.193Z,usb,1,848316260,35084,8981504,256,6000,33.500
2026-07-18T00:25:33.235Z,usb,1,848316260,35085,8981760,256,6000,33.500
2026-07-18T00:25:33.278Z,usb,1,848316260,35086,8982016,256,6000,33.500
2026-07-18T00:25:33.320Z,usb,1,848316260,35087,8982272,256,6000,33.500
2026-07-18T00:25:33.363Z,usb,1,848316260,35088,8982528,256,6000,33.500
2026-07-18T00:25:33.405Z,usb,1,848316260,35089,8982784,256,6000,33.500
2026-07-18T00:25:33.448Z,usb,1,848316260,35090,8983040,256,6000,33.500
2026-07-18T00:25:33.491Z,usb,1,848316260,35091,8983296,256,6000,33.500
2026-07-18T00:25:33.534Z,usb,1,848316260,35092,8983552,256,6000,33.500
2026-07-18T00:25:33.576Z,usb,1,848316260,35093,8983808,256,6000,33.500
2026-07-18T00:25:33.619Z,usb,1,848316260,35094,8984064,256,6000,33.500
2026-07-18T00:25:33.661Z,usb,1,848316260,35095,8984320,256,6000,33.500
2026-07-18T00:25:33.704Z,usb,1,848316260,35096,8984576,256,6000,33.500
2026-07-18T00:25:33.746Z,usb,1,848316260,35097,8984832,256,6000,33.500
2026-07-18T00:25:33.789Z,usb,1,848316260,35098,8985088,256,6000,33.500
2026-07-18T00:25:33.831Z,usb,1,848316260,35099,8985344,256,6000,33.500
2026-07-18T00:25:33.874Z,usb,1,848316260,35100,8985600,256,6000,33.500
2026-07-18T00:25:33.916Z,usb,1,848316260,35101,8985856,256,6000,33.500
2026-07-18T00:25:33.959Z,usb,1,848316260,35102,8986112,256,6000,33.500
2026-07-18T00:25:34.001Z,usb,1,848316260,35103,8986368,256,6000,33.500
2026-07-18T00:25:34.044Z,usb,1,848316260,35104,8986624,256,6000,33.500
2026-07-18T00:25:34.086Z,usb,1,848316260,35105,8986880,256,6000,33.500
2026-07-18T00:25:34.129Z,usb,1,848316260,35106,8987136,256,6000,33.500
2026-07-18T00:25:34.171Z,usb,1,848316260,35107,8987392,256,6000,33.500
2026-07-18T00:25:34.214Z,usb,1,848316260,35108,8987648,256,6000,33.500
2026-07-18T00:25:34.256Z,usb,1,848316260,35109,8987904,256,6000,33.500
2026-07-18T00:25:34.299Z,usb,1,848316260,35110,8988160,256,6000,33.500
2026-07-18T00:25:34.341Z,usb,1,848316260,35111,8988416,256,6000,33.500
2026-07-18T00:25:34.384Z,usb,1,848316260,35112,8988672,256,6000,33.500
2026-07-18T00:25:34.426Z,usb,1,848316260,35113,8988928,256,6000,33.500
2026-07-18T00:25:34.469Z,usb,1,848316260,35114,8989184,256,6000,33.500
2026-07-18T00:25:34.512Z,usb,1,848316260,35115,8989440,256,6000,33.500
2026-07-18T00:25:34.554Z,usb,1,848316260,35116,8989696,256,6000,33.500
2026-07-18T00:25:34.597Z,usb,1,848316260,35117,8989952,256,6000,33.500
2026-07-18T00:25:34.639Z,usb,1,848316260,35118,8990208,256,6000,33.500
2026-07-18T00:25:34.682Z,usb,1,848316260,35119,8990464,256,6000,33.500
2026-07-18T00:25:34.724Z,usb,1,848316260,35120,8990720,256,6000,33.500
2026-07-18T00:25:34.767Z,usb,1,848316260,35121,8990976,256,6000,33.500
2026-07-18T00:25:34.809Z,usb,1,848316260,35122,8991232,256,6000,33.500
2026-07-18T00:25:34.852Z,usb,1,848316260,35123,8991488,256,6000,33.500
2026-07-18T00:25:34.895Z,usb,1,848316260,35124,8991744,256,6000,33.500
2026-07-18T00:25:34.937Z,usb,1,848316260,35125,8992000,256,6000,33.500
2026-07-18T00:25:34.979Z,usb,1,848316260,35126,8992256,256,6000,33.500
2026-07-18T00:25:35.022Z,usb,1,848316260,35127,8992512,256,6000,33.500
2026-07-18T00:25:35.064Z,usb,1,848316260,35128,8992768,256,6000,33.500
2026-07-18T00:25:35.107Z,usb,1,848316260,35129,8993024,256,6000,33.500
2026-07-18T00:25:35.149Z,usb,1,848316260,35130,8993280,256,6000,33.500
2026-07-18T00:25:35.192Z,usb,1,848316260,35131,8993536,256,6000,33.500
2026-07-18T00:25:35.234Z,usb,1,848316260,35132,8993792,256,6000,33.500
2026-07-18T00:25:35.277Z,usb,1,848316260,35133,8994048,256,6000,33.500
2026-07-18T00:25:35.319Z,usb,1,848316260,35134,8994304,256,6000,33.500
2026-07-18T00:25:35.362Z,usb,1,848316260,35135,8994560,256,6000,33.500
2026-07-18T00:25:35.404Z,usb,1,848316260,35136,8994816,256,6000,33.500
2026-07-18T00:25:35.447Z,usb,1,848316260,35137,8995072,256,6000,33.500
2026-07-18T00:25:35.489Z,usb,1,848316260,35138,8995328,256,6000,33.500
2026-07-18T00:25:35.533Z,usb,1,848316260,35139,8995584,256,6000,33.500
2026-07-18T00:25:35.575Z,usb,1,848316260,35140,8995840,256,6000,33.500
2026-07-18T00:25:35.618Z,usb,1,848316260,35141,8996096,256,6000,33.500
2026-07-18T00:25:35.660Z,usb,1,848316260,35142,8996352,256,6000,33.500
2026-07-18T00:25:35.703Z,usb,1,848316260,35143,8996608,256,6000,33.500
2026-07-18T00:25:35.745Z,usb,1,848316260,35144,8996864,256,6000,33.500
2026-07-18T00:25:35.788Z,usb,1,848316260,35145,8997120,256,6000,33.500
2026-07-18T00:25:35.830Z,usb,1,848316260,35146,8997376,256,6000,33.500
2026-07-18T00:25:35.873Z,usb,1,848316260,35147,8997632,256,6000,33.500
2026-07-18T00:25:35.915Z,usb,1,848316260,35148,8997888,256,6000,33.500
2026-07-18T00:25:35.958Z,usb,1,848316260,35149,8998144,256,6000,33.500
2026-07-18T00:25:36.000Z,usb,1,848316260,35150,8998400,256,6000,33.500
2026-07-18T00:25:36.043Z,usb,1,848316260,35151,8998656,256,6000,33.500
2026-07-18T00:25:36.085Z,usb,1,848316260,35152,8998912,256,6000,33.500
2026-07-18T00:25:36.128Z,usb,1,848316260,35153,8999168,256,6000,33.500
2026-07-18T00:25:36.170Z,usb,1,848316260,35154,8999424,256,6000,33.500
2026-07-18T00:25:36.213Z,usb,1,848316260,35155,8999680,256,6000,33.500
2026-07-18T00:25:36.255Z,usb,1,848316260,35156,8999936,256,6000,33.500
2026-07-18T00:25:36.298Z,usb,1,848316260,35157,9000192,256,6000,33.500
2026-07-18T00:25:36.340Z,usb,1,848316260,35158,9000448,256,6000,33.500
2026-07-18T00:25:36.383Z,usb,1,848316260,35159,9000704,256,6000,33.500
2026-07-18T00:25:36.425Z,usb,1,848316260,35160,9000960,256,6000,33.500
2026-07-18T00:25:36.468Z,usb,1,848316260,35161,9001216,256,6000,33.500
2026-07-18T00:25:36.510Z,usb,1,848316260,35162,9001472,256,6000,33.500
2026-07-18T00:25:36.553Z,usb,1,848316260,35163,9001728,256,6000,33.510
2026-07-18T00:25:36.596Z,usb,1,848316260,35164,9001984,256,6000,33.510
2026-07-18T00:25:36.638Z,usb,1,848316260,35165,9002240,256,6000,33.510
2026-07-18T00:25:36.681Z,usb,1,848316260,35166,9002496,256,6000,33.510
2026-07-18T00:25:36.723Z,usb,1,848316260,35167,9002752,256,6000,33.510
2026-07-18T00:25:36.766Z,usb,1,848316260,35168,9003008,256,6000,33.510
2026-07-18T00:25:36.809Z,usb,1,848316260,35169,9003264,256,6000,33.510
2026-07-18T00:25:36.851Z,usb,1,848316260,35170,9003520,256,6000,33.510
2026-07-18T00:25:36.893Z,usb,1,848316260,35171,9003776,256,6000,33.510
2026-07-18T00:25:36.936Z,usb,1,848316260,35172,9004032,256,6000,33.510
2026-07-18T00:25:36.978Z,usb,1,848316260,35173,9004288,256,6000,33.510
2026-07-18T00:25:37.021Z,usb,1,848316260,35174,9004544,256,6000,33.510
2026-07-18T00:25:37.064Z,usb,1,848316260,35175,9004800,256,6000,33.510
2026-07-18T00:25:37.106Z,usb,1,848316260,35176,9005056,256,6000,33.510
2026-07-18T00:25:37.148Z,usb,1,848316260,35177,9005312,256,6000,33.510
2026-07-18T00:25:37.191Z,usb,1,848316260,35178,9005568,256,6000,33.510
2026-07-18T00:25:37.234Z,usb,1,848316260,35179,9005824,256,6000,33.510
2026-07-18T00:25:37.276Z,usb,1,848316260,35180,9006080,256,6000,33.510
2026-07-18T00:25:37.318Z,usb,1,848316260,35181,9006336,256,6000,33.510
2026-07-18T00:25:37.361Z,usb,1,848316260,35182,9006592,256,6000,33.510
2026-07-18T00:25:37.403Z,usb,1,848316260,35183,9006848,256,6000,33.510
2026-07-18T00:25:37.446Z,usb,1,848316260,35184,9007104,256,6000,33.510
2026-07-18T00:25:37.488Z,usb,1,848316260,35185,9007360,256,6000,33.510
2026-07-18T00:25:37.531Z,usb,1,848316260,35186,9007616,256,6000,33.510
2026-07-18T00:25:37.574Z,usb,1,848316260,35187,9007872,256,6000,33.510
2026-07-18T00:25:37.617Z,usb,1,848316260,35188,9008128,256,6000,33.510
2026-07-18T00:25:37.659Z,usb,1,848316260,35189,9008384,256,6000,33.510
2026-07-18T00:25:37.702Z,usb,1,848316260,35190,9008640,256,6000,33.510
2026-07-18T00:25:37.744Z,usb,1,848316260,35191,9008896,256,6000,33.510
2026-07-18T00:25:37.787Z,usb,1,848316260,35192,9009152,256,6000,33.510
2026-07-18T00:25:37.829Z,usb,1,848316260,35193,9009408,256,6000,33.510
2026-07-18T00:25:37.872Z,usb,1,848316260,35194,9009664,256,6000,33.510
2026-07-18T00:25:37.914Z,usb,1,848316260,35195,9009920,256,6000,33.510
2026-07-18T00:25:37.956Z,usb,1,848316260,35196,9010176,256,6000,33.510
2026-07-18T00:25:37.999Z,usb,1,848316260,35197,9010432,256,6000,33.510
2026-07-18T00:25:38.042Z,usb,1,848316260,35198,9010688,256,6000,33.510
2026-07-18T00:25:38.084Z,usb,1,848316260,35199,9010944,256,6000,33.510
2026-07-18T00:25:38.127Z,usb,1,848316260,35200,9011200,256,6000,33.510
2026-07-18T00:25:38.169Z,usb,1,848316260,35201,9011456,256,6000,33.510
2026-07-18T00:25:38.211Z,usb,1,848316260,35202,9011712,256,6000,33.510
2026-07-18T00:25:38.254Z,usb,1,848316260,35203,9011968,256,6000,33.510
2026-07-18T00:25:38.297Z,usb,1,848316260,35204,9012224,256,6000,33.510
2026-07-18T00:25:38.339Z,usb,1,848316260,35205,9012480,256,6000,33.510
2026-07-18T00:25:38.382Z,usb,1,848316260,35206,9012736,256,6000,33.510
2026-07-18T00:25:38.424Z,usb,1,848316260,35207,9012992,256,6000,33.510
2026-07-18T00:25:38.467Z,usb,1,848316260,35208,9013248,256,6000,33.510
2026-07-18T00:25:38.509Z,usb,1,848316260,35209,9013504,256,6000,33.510
2026-07-18T00:25:38.552Z,usb,1,848316260,35210,9013760,256,6000,33.510
2026-07-18T00:25:38.595Z,usb,1,848316260,35211,9014016,256,6000,33.510
2026-07-18T00:25:38.637Z,usb,1,848316260,35212,9014272,256,6000,33.510
2026-07-18T00:25:38.680Z,usb,1,848316260,35213,9014528,256,6000,33.510
2026-07-18T00:25:38.722Z,usb,1,848316260,35214,9014784,256,6000,33.510
2026-07-18T00:25:38.765Z,usb,1,848316260,35215,9015040,256,6000,33.510
2026-07-18T00:25:38.807Z,usb,1,848316260,35216,9015296,256,6000,33.510
2026-07-18T00:25:38.850Z,usb,1,848316260,35217,9015552,256,6000,33.510
2026-07-18T00:25:38.893Z,usb,1,848316260,35218,9015808,256,6000,33.510
2026-07-18T00:25:38.935Z,usb,1,848316260,35219,9016064,256,6000,33.510
2026-07-18T00:25:38.977Z,usb,1,848316260,35220,9016320,256,6000,33.510
2026-07-18T00:25:39.020Z,usb,1,848316260,35221,9016576,256,6000,33.510
2026-07-18T00:25:39.062Z,usb,1,848316260,35222,9016832,256,6000,33.510
2026-07-18T00:25:39.105Z,usb,1,848316260,35223,9017088,256,6000,33.510
2026-07-18T00:25:39.147Z,usb,1,848316260,35224,9017344,256,6000,33.510
2026-07-18T00:25:39.190Z,usb,1,848316260,35225,9017600,256,6000,33.510
2026-07-18T00:25:39.232Z,usb,1,848316260,35226,9017856,256,6000,33.510
2026-07-18T00:25:39.275Z,usb,1,848316260,35227,9018112,256,6000,33.510
2026-07-18T00:25:39.317Z,usb,1,848316260,35228,9018368,256,6000,33.510
2026-07-18T00:25:39.360Z,usb,1,848316260,35229,9018624,256,6000,33.510
2026-07-18T00:25:39.402Z,usb,1,848316260,35230,9018880,256,6000,33.510
2026-07-18T00:25:39.445Z,usb,1,848316260,35231,9019136,256,6000,33.510
2026-07-18T00:25:39.487Z,usb,1,848316260,35232,9019392,256,6000,33.510
2026-07-18T00:25:39.530Z,usb,1,848316260,35233,9019648,256,6000,33.510
2026-07-18T00:25:39.572Z,usb,1,848316260,35234,9019904,256,6000,33.510
2026-07-18T00:25:39.615Z,usb,1,848316260,35235,9020160,256,6000,33.510
2026-07-18T00:25:39.658Z,usb,1,848316260,35236,9020416,256,6000,33.510
2026-07-18T00:25:39.701Z,usb,1,848316260,35237,9020672,256,6000,33.510
2026-07-18T00:25:39.743Z,usb,1,848316260,35238,9020928,256,6000,33.510
2026-07-18T00:25:39.786Z,usb,1,848316260,35239,9021184,256,6000,33.510
2026-07-18T00:25:39.828Z,usb,1,848316260,35240,9021440,256,6000,33.510
2026-07-18T00:25:39.871Z,usb,1,848316260,35241,9021696,256,6000,33.510
2026-07-18T00:25:39.913Z,usb,1,848316260,35242,9021952,256,6000,33.510
2026-07-18T00:25:39.956Z,usb,1,848316260,35243,9022208,256,6000,33.510
2026-07-18T00:25:39.998Z,usb,1,848316260,35244,9022464,256,6000,33.510
2026-07-18T00:25:40.041Z,usb,1,848316260,35245,9022720,256,6000,33.510
2026-07-18T00:25:40.083Z,usb,1,848316260,35246,9022976,256,6000,33.510
2026-07-18T00:25:40.126Z,usb,1,848316260,35247,9023232,256,6000,33.510
2026-07-18T00:25:40.168Z,usb,1,848316260,35248,9023488,256,6000,33.510
2026-07-18T00:25:40.211Z,usb,1,848316260,35249,9023744,256,6000,33.510
2026-07-18T00:25:40.253Z,usb,1,848316260,35250,9024000,256,6000,33.510
2026-07-18T00:25:40.296Z,usb,1,848316260,35251,9024256,256,6000,33.510
2026-07-18T00:25:40.338Z,usb,1,848316260,35252,9024512,256,6000,33.510
2026-07-18T00:25:40.381Z,usb,1,848316260,35253,9024768,256,6000,33.510
2026-07-18T00:25:40.423Z,usb,1,848316260,35254,9025024,256,6000,33.510
2026-07-18T00:25:40.466Z,usb,1,848316260,35255,9025280,256,6000,33.510
2026-07-18T00:25:40.508Z,usb,1,848316260,35256,9025536,256,6000,33.510
2026-07-18T00:25:40.551Z,usb,1,848316260,35257,9025792,256,6000,33.510
2026-07-18T00:25:40.593Z,usb,1,848316260,35258,9026048,256,6000,33.510
2026-07-18T00:25:40.636Z,usb,1,848316260,35259,9026304,256,6000,33.510
2026-07-18T00:25:40.679Z,usb,1,848316260,35260,9026560,256,6000,33.510
2026-07-18T00:25:40.721Z,usb,1,848316260,35261,9026816,256,6000,33.510
2026-07-18T00:25:40.764Z,usb,1,848316260,35262,9027072,256,6000,33.510
2026-07-18T00:25:40.806Z,usb,1,848316260,35263,9027328,256,6000,33.510
2026-07-18T00:25:40.849Z,usb,1,848316260,35264,9027584,256,6000,33.510
2026-07-18T00:25:40.891Z,usb,1,848316260,35265,9027840,256,6000,33.510
2026-07-18T00:25:40.934Z,usb,1,848316260,35266,9028096,256,6000,33.510
2026-07-18T00:25:40.976Z,usb,1,848316260,35267,9028352,256,6000,33.510
2026-07-18T00:25:41.019Z,usb,1,848316260,35268,9028608,256,6000,33.510
2026-07-18T00:25:41.061Z,usb,1,848316260,35269,9028864,256,6000,33.510
2026-07-18T00:25:41.104Z,usb,1,848316260,35270,9029120,256,6000,33.510
2026-07-18T00:25:41.146Z,usb,1,848316260,35271,9029376,256,6000,33.510
2026-07-18T00:25:41.189Z,usb,1,848316260,35272,9029632,256,6000,33.510
2026-07-18T00:25:41.231Z,usb,1,848316260,35273,9029888,256,6000,33.510
2026-07-18T00:25:41.274Z,usb,1,848316260,35274,9030144,256,6000,33.510
2026-07-18T00:25:41.316Z,usb,1,848316260,35275,9030400,256,6000,33.510
2026-07-18T00:25:41.359Z,usb,1,848316260,35276,9030656,256,6000,33.510
2026-07-18T00:25:41.401Z,usb,1,848316260,35277,9030912,256,6000,33.510
2026-07-18T00:25:41.444Z,usb,1,848316260,35278,9031168,256,6000,33.510
2026-07-18T00:25:41.486Z,usb,1,848316260,35279,9031424,256,6000,33.510
2026-07-18T00:25:41.529Z,usb,1,848316260,35280,9031680,256,6000,33.510
2026-07-18T00:25:41.571Z,usb,1,848316260,35281,9031936,256,6000,33.510
2026-07-18T00:25:41.614Z,usb,1,848316260,35282,9032192,256,6000,33.510
2026-07-18T00:25:41.657Z,usb,1,848316260,35283,9032448,256,6000,33.510
2026-07-18T00:25:41.700Z,usb,1,848316260,35284,9032704,256,6000,33.510
2026-07-18T00:25:41.742Z,usb,1,848316260,35285,9032960,256,6000,33.510
2026-07-18T00:25:41.785Z,usb,1,848316260,35286,9033216,256,6000,33.510
2026-07-18T00:25:41.827Z,usb,1,848316260,35287,9033472,256,6000,33.510
2026-07-18T00:25:41.869Z,usb,1,848316260,35288,9033728,256,6000,33.510
2026-07-18T00:25:41.912Z,usb,1,848316260,35289,9033984,256,6000,33.510
2026-07-18T00:25:41.955Z,usb,1,848316260,35290,9034240,256,6000,33.510
2026-07-18T00:25:41.997Z,usb,1,848316260,35291,9034496,256,6000,33.510
2026-07-18T00:25:42.040Z,usb,1,848316260,35292,9034752,256,6000,33.510
2026-07-18T00:25:42.082Z,usb,1,848316260,35293,9035008,256,6000,33.510
2026-07-18T00:25:42.125Z,usb,1,848316260,35294,9035264,256,6000,33.510
2026-07-18T00:25:42.167Z,usb,1,848316260,35295,9035520,256,6000,33.510
2026-07-18T00:25:42.210Z,usb,1,848316260,35296,9035776,256,6000,33.510
2026-07-18T00:25:42.252Z,usb,1,848316260,35297,9036032,256,6000,33.510
2026-07-18T00:25:42.294Z,usb,1,848316260,35298,9036288,256,6000,33.510
2026-07-18T00:25:42.337Z,usb,1,848316260,35299,9036544,256,6000,33.510
2026-07-18T00:25:42.380Z,usb,1,848316260,35300,9036800,256,6000,33.510
2026-07-18T00:25:42.422Z,usb,1,848316260,35301,9037056,256,6000,33.510
2026-07-18T00:25:42.465Z,usb,1,848316260,35302,9037312,256,6000,33.510
2026-07-18T00:25:42.507Z,usb,1,848316260,35303,9037568,256,6000,33.510
2026-07-18T00:25:42.550Z,usb,1,848316260,35304,9037824,256,6000,33.510
2026-07-18T00:25:42.592Z,usb,1,848316260,35305,9038080,256,6000,33.510
2026-07-18T00:25:42.635Z,usb,1,848316260,35306,9038336,256,6000,33.510
2026-07-18T00:25:42.678Z,usb,1,848316260,35307,9038592,256,6000,33.510
2026-07-18T00:25:42.720Z,usb,1,848316260,35308,9038848,256,6000,33.510
2026-07-18T00:25:42.763Z,usb,1,848316260,35309,9039104,256,6000,33.510
2026-07-18T00:25:42.805Z,usb,1,848316260,35310,9039360,256,6000,33.510
2026-07-18T00:25:42.848Z,usb,1,848316260,35311,9039616,256,6000,33.510
2026-07-18T00:25:42.890Z,usb,1,848316260,35312,9039872,256,6000,33.510
2026-07-18T00:25:42.933Z,usb,1,848316260,35313,9040128,256,6000,33.510
2026-07-18T00:25:42.976Z,usb,1,848316260,35314,9040384,256,6000,33.510
2026-07-18T00:25:43.018Z,usb,1,848316260,35315,9040640,256,6000,33.510
2026-07-18T00:25:43.060Z,usb,1,848316260,35316,9040896,256,6000,33.510
2026-07-18T00:25:43.103Z,usb,1,848316260,35317,9041152,256,6000,33.510
2026-07-18T00:25:43.146Z,usb,1,848316260,35318,9041408,256,6000,33.510
2026-07-18T00:25:43.188Z,usb,1,848316260,35319,9041664,256,6000,33.510
2026-07-18T00:25:43.230Z,usb,1,848316260,35320,9041920,256,6000,33.510
2026-07-18T00:25:43.273Z,usb,1,848316260,35321,9042176,256,6000,33.510
2026-07-18T00:25:43.315Z,usb,1,848316260,35322,9042432,256,6000,33.510
2026-07-18T00:25:43.358Z,usb,1,848316260,35323,9042688,256,6000,33.510
2026-07-18T00:25:43.401Z,usb,1,848316260,35324,9042944,256,6000,33.510
2026-07-18T00:25:43.443Z,usb,1,848316260,35325,9043200,256,6000,33.510
2026-07-18T00:25:43.486Z,usb,1,848316260,35326,9043456,256,6000,33.510
2026-07-18T00:25:43.528Z,usb,1,848316260,35327,9043712,256,6000,33.510
2026-07-18T00:25:43.570Z,usb,1,848316260,35328,9043968,256,6000,33.510
2026-07-18T00:25:43.613Z,usb,1,848316260,35329,9044224,256,6000,33.510
2026-07-18T00:25:43.655Z,usb,1,848316260,35330,9044480,256,6000,33.510
2026-07-18T00:25:43.699Z,usb,1,848316260,35331,9044736,256,6000,33.500
2026-07-18T00:25:43.741Z,usb,1,848316260,35332,9044992,256,6000,33.500
2026-07-18T00:25:43.784Z,usb,1,848316260,35333,9045248,256,6000,33.500
2026-07-18T00:25:43.826Z,usb,1,848316260,35334,9045504,256,6000,33.500
2026-07-18T00:25:43.869Z,usb,1,848316260,35335,9045760,256,6000,33.500
2026-07-18T00:25:43.911Z,usb,1,848316260,35336,9046016,256,6000,33.500
2026-07-18T00:25:43.954Z,usb,1,848316260,35337,9046272,256,6000,33.500
2026-07-18T00:25:43.996Z,usb,1,848316260,35338,9046528,256,6000,33.500
2026-07-18T00:25:44.039Z,usb,1,848316260,35339,9046784,256,6000,33.500
2026-07-18T00:25:44.081Z,usb,1,848316260,35340,9047040,256,6000,33.500
2026-07-18T00:25:44.124Z,usb,1,848316260,35341,9047296,256,6000,33.500
2026-07-18T00:25:44.166Z,usb,1,848316260,35342,9047552,256,6000,33.500
2026-07-18T00:25:44.209Z,usb,1,848316260,35343,9047808,256,6000,33.500
2026-07-18T00:25:44.251Z,usb,1,848316260,35344,9048064,256,6000,33.500
2026-07-18T00:25:44.294Z,usb,1,848316260,35345,9048320,256,6000,33.500
2026-07-18T00:25:44.336Z,usb,1,848316260,35346,9048576,256,6000,33.500
2026-07-18T00:25:44.379Z,usb,1,848316260,35347,9048832,256,6000,33.500
2026-07-18T00:25:44.421Z,usb,1,848316260,35348,9049088,256,6000,33.500
2026-07-18T00:25:44.464Z,usb,1,848316260,35349,9049344,256,6000,33.500
2026-07-18T00:25:44.506Z,usb,1,848316260,35350,9049600,256,6000,33.500
2026-07-18T00:25:44.549Z,usb,1,848316260,35351,9049856,256,6000,33.500
2026-07-18T00:25:44.591Z,usb,1,848316260,35352,9050112,256,6000,33.500
2026-07-18T00:25:44.634Z,usb,1,848316260,35353,9050368,256,6000,33.500
2026-07-18T00:25:44.676Z,usb,1,848316260,35354,9050624,256,6000,33.500
2026-07-18T00:25:44.719Z,usb,1,848316260,35355,9050880,256,6000,33.510
2026-07-18T00:25:44.762Z,usb,1,848316260,35356,9051136,256,6000,33.510
2026-07-18T00:25:44.804Z,usb,1,848316260,35357,9051392,256,6000,33.510
2026-07-18T00:25:44.847Z,usb,1,848316260,35358,9051648,256,6000,33.510
2026-07-18T00:25:44.889Z,usb,1,848316260,35359,9051904,256,6000,33.510
2026-07-18T00:25:44.932Z,usb,1,848316260,35360,9052160,256,6000,33.510
2026-07-18T00:25:44.974Z,usb,1,848316260,35361,9052416,256,6000,33.510
2026-07-18T00:25:45.017Z,usb,1,848316260,35362,9052672,256,6000,33.510
2026-07-18T00:25:45.059Z,usb,1,848316260,35363,9052928,256,6000,33.510
2026-07-18T00:25:45.102Z,usb,1,848316260,35364,9053184,256,6000,33.510
2026-07-18T00:25:45.144Z,usb,1,848316260,35365,9053440,256,6000,33.510
2026-07-18T00:25:45.187Z,usb,1,848316260,35366,9053696,256,6000,33.510
2026-07-18T00:25:45.229Z,usb,1,848316260,35367,9053952,256,6000,33.510
2026-07-18T00:25:45.272Z,usb,1,848316260,35368,9054208,256,6000,33.510
2026-07-18T00:25:45.314Z,usb,1,848316260,35369,9054464,256,6000,33.510
2026-07-18T00:25:45.357Z,usb,1,848316260,35370,9054720,256,6000,33.510
2026-07-18T00:25:45.399Z,usb,1,848316260,35371,9054976,256,6000,33.510
2026-07-18T00:25:45.442Z,usb,1,848316260,35372,9055232,256,6000,33.510
2026-07-18T00:25:45.484Z,usb,1,848316260,35373,9055488,256,6000,33.510
2026-07-18T00:25:45.527Z,usb,1,848316260,35374,9055744,256,6000,33.510
2026-07-18T00:25:45.569Z,usb,1,848316260,35375,9056000,256,6000,33.510
2026-07-18T00:25:45.612Z,usb,1,848316260,35376,9056256,256,6000,33.510
2026-07-18T00:25:45.654Z,usb,1,848316260,35377,9056512,256,6000,33.510
2026-07-18T00:25:45.697Z,usb,1,848316260,35378,9056768,256,6000,33.510
2026-07-18T00:25:45.740Z,usb,1,848316260,35379,9057024,256,6000,33.500
2026-07-18T00:25:45.783Z,usb,1,848316260,35380,9057280,256,6000,33.500
2026-07-18T00:25:45.825Z,usb,1,848316260,35381,9057536,256,6000,33.500
2026-07-18T00:25:45.868Z,usb,1,848316260,35382,9057792,256,6000,33.500
2026-07-18T00:25:45.910Z,usb,1,848316260,35383,9058048,256,6000,33.500
2026-07-18T00:25:45.953Z,usb,1,848316260,35384,9058304,256,6000,33.500
2026-07-18T00:25:45.995Z,usb,1,848316260,35385,9058560,256,6000,33.500
2026-07-18T00:25:46.038Z,usb,1,848316260,35386,9058816,256,6000,33.500
2026-07-18T00:25:46.080Z,usb,1,848316260,35387,9059072,256,6000,33.500
2026-07-18T00:25:46.123Z,usb,1,848316260,35388,9059328,256,6000,33.500
2026-07-18T00:25:46.165Z,usb,1,848316260,35389,9059584,256,6000,33.500
2026-07-18T00:25:46.208Z,usb,1,848316260,35390,9059840,256,6000,33.500
2026-07-18T00:25:46.250Z,usb,1,848316260,35391,9060096,256,6000,33.500
2026-07-18T00:25:46.293Z,usb,1,848316260,35392,9060352,256,6000,33.500
2026-07-18T00:25:46.335Z,usb,1,848316260,35393,9060608,256,6000,33.500
2026-07-18T00:25:46.378Z,usb,1,848316260,35394,9060864,256,6000,33.500
2026-07-18T00:25:46.420Z,usb,1,848316260,35395,9061120,256,6000,33.500
2026-07-18T00:25:46.463Z,usb,1,848316260,35396,9061376,256,6000,33.500
2026-07-18T00:25:46.505Z,usb,1,848316260,35397,9061632,256,6000,33.500
2026-07-18T00:25:46.548Z,usb,1,848316260,35398,9061888,256,6000,33.500
2026-07-18T00:25:46.590Z,usb,1,848316260,35399,9062144,256,6000,33.500
2026-07-18T00:25:46.633Z,usb,1,848316260,35400,9062400,256,6000,33.500
2026-07-18T00:25:46.675Z,usb,1,848316260,35401,9062656,256,6000,33.500
2026-07-18T00:25:46.718Z,usb,1,848316260,35402,9062912,256,6000,33.500
2026-07-18T00:25:46.761Z,usb,1,848316260,35403,9063168,256,6000,33.500
2026-07-18T00:25:46.803Z,usb,1,848316260,35404,9063424,256,6000,33.500
2026-07-18T00:25:46.846Z,usb,1,848316260,35405,9063680,256,6000,33.500
2026-07-18T00:25:46.888Z,usb,1,848316260,35406,9063936,256,6000,33.500
2026-07-18T00:25:46.931Z,usb,1,848316260,35407,9064192,256,6000,33.500
2026-07-18T00:25:46.973Z,usb,1,848316260,35408,9064448,256,6000,33.500
2026-07-18T00:25:47.016Z,usb,1,848316260,35409,9064704,256,6000,33.500
2026-07-18T00:25:47.059Z,usb,1,848316260,35410,9064960,256,6000,33.500
2026-07-18T00:25:47.101Z,usb,1,848316260,35411,9065216,256,6000,33.500
2026-07-18T00:25:47.143Z,usb,1,848316260,35412,9065472,256,6000,33.500
2026-07-18T00:25:47.186Z,usb,1,848316260,35413,9065728,256,6000,33.500
2026-07-18T00:25:47.228Z,usb,1,848316260,35414,9065984,256,6000,33.500
2026-07-18T00:25:47.271Z,usb,1,848316260,35415,9066240,256,6000,33.500
2026-07-18T00:25:47.313Z,usb,1,848316260,35416,9066496,256,6000,33.500
2026-07-18T00:25:47.356Z,usb,1,848316260,35417,9066752,256,6000,33.500
2026-07-18T00:25:47.398Z,usb,1,848316260,35418,9067008,256,6000,33.500
2026-07-18T00:25:47.441Z,usb,1,848316260,35419,9067264,256,6000,33.500
2026-07-18T00:25:47.483Z,usb,1,848316260,35420,9067520,256,6000,33.500
2026-07-18T00:25:47.526Z,usb,1,848316260,35421,9067776,256,6000,33.500
2026-07-18T00:25:47.568Z,usb,1,848316260,35422,9068032,256,6000,33.500
2026-07-18T00:25:47.611Z,usb,1,848316260,35423,9068288,256,6000,33.500
2026-07-18T00:25:47.653Z,usb,1,848316260,35424,9068544,256,6000,33.500
2026-07-18T00:25:47.696Z,usb,1,848316260,35425,9068800,256,6000,33.500
2026-07-18T00:25:47.738Z,usb,1,848316260,35426,9069056,256,6000,33.500
2026-07-18T00:25:47.782Z,usb,1,848316260,35427,9069312,256,6000,33.500
2026-07-18T00:25:47.824Z,usb,1,848316260,35428,9069568,256,6000,33.500
2026-07-18T00:25:47.867Z,usb,1,848316260,35429,9069824,256,6000,33.500
2026-07-18T00:25:47.909Z,usb,1,848316260,35430,9070080,256,6000,33.500
2026-07-18T00:25:47.952Z,usb,1,848316260,35431,9070336,256,6000,33.500
2026-07-18T00:25:47.994Z,usb,1,848316260,35432,9070592,256,6000,33.500
2026-07-18T00:25:48.037Z,usb,1,848316260,35433,9070848,256,6000,33.500
2026-07-18T00:25:48.079Z,usb,1,848316260,35434,9071104,256,6000,33.500
2026-07-18T00:25:48.122Z,usb,1,848316260,35435,9071360,256,6000,33.500
2026-07-18T00:25:48.164Z,usb,1,848316260,35436,9071616,256,6000,33.500
2026-07-18T00:25:48.207Z,usb,1,848316260,35437,9071872,256,6000,33.500
2026-07-18T00:25:48.249Z,usb,1,848316260,35438,9072128,256,6000,33.500
2026-07-18T00:25:48.292Z,usb,1,848316260,35439,9072384,256,6000,33.500
2026-07-18T00:25:48.334Z,usb,1,848316260,35440,9072640,256,6000,33.500
2026-07-18T00:25:48.377Z,usb,1,848316260,35441,9072896,256,6000,33.500
2026-07-18T00:25:48.419Z,usb,1,848316260,35442,9073152,256,6000,33.500
2026-07-18T00:25:48.462Z,usb,1,848316260,35443,9073408,256,6000,33.500
2026-07-18T00:25:48.504Z,usb,1,848316260,35444,9073664,256,6000,33.500
2026-07-18T00:25:48.547Z,usb,1,848316260,35445,9073920,256,6000,33.500
2026-07-18T00:25:48.589Z,usb,1,848316260,35446,9074176,256,6000,33.500
2026-07-18T00:25:48.632Z,usb,1,848316260,35447,9074432,256,6000,33.500
2026-07-18T00:25:48.674Z,usb,1,848316260,35448,9074688,256,6000,33.500
2026-07-18T00:25:48.717Z,usb,1,848316260,35449,9074944,256,6000,33.500
2026-07-18T00:25:48.759Z,usb,1,848316260,35450,9075200,256,6000,33.500
2026-07-18T00:25:48.802Z,usb,1,848316260,35451,9075456,256,6000,33.500
2026-07-18T00:25:48.845Z,usb,1,848316260,35452,9075712,256,6000,33.500
2026-07-18T00:25:48.887Z,usb,1,848316260,35453,9075968,256,6000,33.500
2026-07-18T00:25:48.930Z,usb,1,848316260,35454,9076224,256,6000,33.500
2026-07-18T00:25:48.972Z,usb,1,848316260,35455,9076480,256,6000,33.500
2026-07-18T00:25:49.015Z,usb,1,848316260,35456,9076736,256,6000,33.500
2026-07-18T00:25:49.057Z,usb,1,848316260,35457,9076992,256,6000,33.500
2026-07-18T00:25:49.100Z,usb,1,848316260,35458,9077248,256,6000,33.500
2026-07-18T00:25:49.142Z,usb,1,848316260,35459,9077504,256,6000,33.500
2026-07-18T00:25:49.185Z,usb,1,848316260,35460,9077760,256,6000,33.500
2026-07-18T00:25:49.228Z,usb,1,848316260,35461,9078016,256,6000,33.500
2026-07-18T00:25:49.270Z,usb,1,848316260,35462,9078272,256,6000,33.500
2026-07-18T00:25:49.312Z,usb,1,848316260,35463,9078528,256,6000,33.500
2026-07-18T00:25:49.355Z,usb,1,848316260,35464,9078784,256,6000,33.500
2026-07-18T00:25:49.398Z,usb,1,848316260,35465,9079040,256,6000,33.500
2026-07-18T00:25:49.440Z,usb,1,848316260,35466,9079296,256,6000,33.500
2026-07-18T00:25:49.482Z,usb,1,848316260,35467,9079552,256,6000,33.500
2026-07-18T00:25:49.525Z,usb,1,848316260,35468,9079808,256,6000,33.500
2026-07-18T00:25:49.567Z,usb,1,848316260,35469,9080064,256,6000,33.500
2026-07-18T00:25:49.610Z,usb,1,848316260,35470,9080320,256,6000,33.500
2026-07-18T00:25:49.652Z,usb,1,848316260,35471,9080576,256,6000,33.500
2026-07-18T00:25:49.695Z,usb,1,848316260,35472,9080832,256,6000,33.500
2026-07-18T00:25:49.737Z,usb,1,848316260,35473,9081088,256,6000,33.500
2026-07-18T00:25:49.780Z,usb,1,848316260,35474,9081344,256,6000,33.500
2026-07-18T00:25:49.823Z,usb,1,848316260,35475,9081600,256,6000,33.500
2026-07-18T00:25:49.866Z,usb,1,848316260,35476,9081856,256,6000,33.500
2026-07-18T00:25:49.908Z,usb,1,848316260,35477,9082112,256,6000,33.500
2026-07-18T00:25:49.951Z,usb,1,848316260,35478,9082368,256,6000,33.500
2026-07-18T00:25:49.993Z,usb,1,848316260,35479,9082624,256,6000,33.500
2026-07-18T00:25:50.036Z,usb,1,848316260,35480,9082880,256,6000,33.500
2026-07-18T00:25:50.078Z,usb,1,848316260,35481,9083136,256,6000,33.500
2026-07-18T00:25:50.121Z,usb,1,848316260,35482,9083392,256,6000,33.500
2026-07-18T00:25:50.163Z,usb,1,848316260,35483,9083648,256,6000,33.500
2026-07-18T00:25:50.206Z,usb,1,848316260,35484,9083904,256,6000,33.500
2026-07-18T00:25:50.248Z,usb,1,848316260,35485,9084160,256,6000,33.500
2026-07-18T00:25:50.291Z,usb,1,848316260,35486,9084416,256,6000,33.500
2026-07-18T00:25:50.333Z,usb,1,848316260,35487,9084672,256,6000,33.500
2026-07-18T00:25:50.376Z,usb,1,848316260,35488,9084928,256,6000,33.500
2026-07-18T00:25:50.418Z,usb,1,848316260,35489,9085184,256,6000,33.500
2026-07-18T00:25:50.461Z,usb,1,848316260,35490,9085440,256,6000,33.500
2026-07-18T00:25:50.503Z,usb,1,848316260,35491,9085696,256,6000,33.500
2026-07-18T00:25:50.546Z,usb,1,848316260,35492,9085952,256,6000,33.500
2026-07-18T00:25:50.588Z,usb,1,848316260,35493,9086208,256,6000,33.500
2026-07-18T00:25:50.631Z,usb,1,848316260,35494,9086464,256,6000,33.500
2026-07-18T00:25:50.673Z,usb,1,848316260,35495,9086720,256,6000,33.500
2026-07-18T00:25:50.716Z,usb,1,848316260,35496,9086976,256,6000,33.500
2026-07-18T00:25:50.758Z,usb,1,848316260,35497,9087232,256,6000,33.500
2026-07-18T00:25:50.801Z,usb,1,848316260,35498,9087488,256,6000,33.500
2026-07-18T00:25:50.844Z,usb,1,848316260,35499,9087744,256,6000,33.500
2026-07-18T00:25:50.886Z,usb,1,848316260,35500,9088000,256,6000,33.500
2026-07-18T00:25:50.929Z,usb,1,848316260,35501,9088256,256,6000,33.500
2026-07-18T00:25:50.971Z,usb,1,848316260,35502,9088512,256,6000,33.500
2026-07-18T00:25:51.014Z,usb,1,848316260,35503,9088768,256,6000,33.500
2026-07-18T00:25:51.056Z,usb,1,848316260,35504,9089024,256,6000,33.500
2026-07-18T00:25:51.099Z,usb,1,848316260,35505,9089280,256,6000,33.500
2026-07-18T00:25:51.141Z,usb,1,848316260,35506,9089536,256,6000,33.500
2026-07-18T00:25:51.184Z,usb,1,848316260,35507,9089792,256,6000,33.500
2026-07-18T00:25:51.226Z,usb,1,848316260,35508,9090048,256,6000,33.500
2026-07-18T00:25:51.269Z,usb,1,848316260,35509,9090304,256,6000,33.500
2026-07-18T00:25:51.312Z,usb,1,848316260,35510,9090560,256,6000,33.500
2026-07-18T00:25:51.354Z,usb,1,848316260,35511,9090816,256,6000,33.500
2026-07-18T00:25:51.397Z,usb,1,848316260,35512,9091072,256,6000,33.500
2026-07-18T00:25:51.439Z,usb,1,848316260,35513,9091328,256,6000,33.500
2026-07-18T00:25:51.482Z,usb,1,848316260,35514,9091584,256,6000,33.500
2026-07-18T00:25:51.524Z,usb,1,848316260,35515,9091840,256,6000,33.500
2026-07-18T00:25:51.566Z,usb,1,848316260,35516,9092096,256,6000,33.500
2026-07-18T00:25:51.609Z,usb,1,848316260,35517,9092352,256,6000,33.500
2026-07-18T00:25:51.651Z,usb,1,848316260,35518,9092608,256,6000,33.500
2026-07-18T00:25:51.694Z,usb,1,848316260,35519,9092864,256,6000,33.500
2026-07-18T00:25:51.736Z,usb,1,848316260,35520,9093120,256,6000,33.500
2026-07-18T00:25:51.779Z,usb,1,848316260,35521,9093376,256,6000,33.500
2026-07-18T00:25:51.821Z,usb,1,848316260,35522,9093632,256,6000,33.500
2026-07-18T00:25:51.865Z,usb,1,848316260,35523,9093888,256,6000,33.500
2026-07-18T00:25:51.907Z,usb,1,848316260,35524,9094144,256,6000,33.500
2026-07-18T00:25:51.950Z,usb,1,848316260,35525,9094400,256,6000,33.500
2026-07-18T00:25:51.992Z,usb,1,848316260,35526,9094656,256,6000,33.500
2026-07-18T00:25:52.035Z,usb,1,848316260,35527,9094912,256,6000,33.500
2026-07-18T00:25:52.077Z,usb,1,848316260,35528,9095168,256,6000,33.500
2026-07-18T00:25:52.120Z,usb,1,848316260,35529,9095424,256,6000,33.500
2026-07-18T00:25:52.162Z,usb,1,848316260,35530,9095680,256,6000,33.500
2026-07-18T00:25:52.205Z,usb,1,848316260,35531,9095936,256,6000,33.500
2026-07-18T00:25:52.247Z,usb,1,848316260,35532,9096192,256,6000,33.500
2026-07-18T00:25:52.290Z,usb,1,848316260,35533,9096448,256,6000,33.500
2026-07-18T00:25:52.332Z,usb,1,848316260,35534,9096704,256,6000,33.500
2026-07-18T00:25:52.375Z,usb,1,848316260,35535,9096960,256,6000,33.500
2026-07-18T00:25:52.417Z,usb,1,848316260,35536,9097216,256,6000,33.500
2026-07-18T00:25:52.460Z,usb,1,848316260,35537,9097472,256,6000,33.500
2026-07-18T00:25:52.502Z,usb,1,848316260,35538,9097728,256,6000,33.500
2026-07-18T00:25:52.545Z,usb,1,848316260,35539,9097984,256,6000,33.500
2026-07-18T00:25:52.587Z,usb,1,848316260,35540,9098240,256,6000,33.500
2026-07-18T00:25:52.630Z,usb,1,848316260,35541,9098496,256,6000,33.500
2026-07-18T00:25:52.672Z,usb,1,848316260,35542,9098752,256,6000,33.500
2026-07-18T00:25:52.715Z,usb,1,848316260,35543,9099008,256,6000,33.500
2026-07-18T00:25:52.757Z,usb,1,848316260,35544,9099264,256,6000,33.500
2026-07-18T00:25:52.800Z,usb,1,848316260,35545,9099520,256,6000,33.500
2026-07-18T00:25:52.842Z,usb,1,848316260,35546,9099776,256,6000,33.500
2026-07-18T00:25:52.885Z,usb,1,848316260,35547,9100032,256,6000,33.500
2026-07-18T00:25:52.928Z,usb,1,848316260,35548,9100288,256,6000,33.500
2026-07-18T00:25:52.970Z,usb,1,848316260,35549,9100544,256,6000,33.500
2026-07-18T00:25:53.013Z,usb,1,848316260,35550,9100800,256,6000,33.500
2026-07-18T00:25:53.055Z,usb,1,848316260,35551,9101056,256,6000,33.500
2026-07-18T00:25:53.098Z,usb,1,848316260,35552,9101312,256,6000,33.500
2026-07-18T00:25:53.140Z,usb,1,848316260,35553,9101568,256,6000,33.500
2026-07-18T00:25:53.183Z,usb,1,848316260,35554,9101824,256,6000,33.500
2026-07-18T00:25:53.225Z,usb,1,848316260,35555,9102080,256,6000,33.500
2026-07-18T00:25:53.268Z,usb,1,848316260,35556,9102336,256,6000,33.500
2026-07-18T00:25:53.310Z,usb,1,848316260,35557,9102592,256,6000,33.500
2026-07-18T00:25:53.353Z,usb,1,848316260,35558,9102848,256,6000,33.500
2026-07-18T00:25:53.396Z,usb,1,848316260,35559,9103104,256,6000,33.500
2026-07-18T00:25:53.438Z,usb,1,848316260,35560,9103360,256,6000,33.500
2026-07-18T00:25:53.480Z,usb,1,848316260,35561,9103616,256,6000,33.500
2026-07-18T00:25:53.523Z,usb,1,848316260,35562,9103872,256,6000,33.500
2026-07-18T00:25:53.565Z,usb,1,848316260,35563,9104128,256,6000,33.500
2026-07-18T00:25:53.608Z,usb,1,848316260,35564,9104384,256,6000,33.500
2026-07-18T00:25:53.650Z,usb,1,848316260,35565,9104640,256,6000,33.500
2026-07-18T00:25:53.693Z,usb,1,848316260,35566,9104896,256,6000,33.500
2026-07-18T00:25:53.735Z,usb,1,848316260,35567,9105152,256,6000,33.500
2026-07-18T00:25:53.778Z,usb,1,848316260,35568,9105408,256,6000,33.500
2026-07-18T00:25:53.820Z,usb,1,848316260,35569,9105664,256,6000,33.500
2026-07-18T00:25:53.863Z,usb,1,848316260,35570,9105920,256,6000,33.500
2026-07-18T00:25:53.906Z,usb,1,848316260,35571,9106176,256,6000,33.510
2026-07-18T00:25:53.948Z,usb,1,848316260,35572,9106432,256,6000,33.510
2026-07-18T00:25:53.991Z,usb,1,848316260,35573,9106688,256,6000,33.510
2026-07-18T00:25:54.034Z,usb,1,848316260,35574,9106944,256,6000,33.510
2026-07-18T00:25:54.076Z,usb,1,848316260,35575,9107200,256,6000,33.510
2026-07-18T00:25:54.119Z,usb,1,848316260,35576,9107456,256,6000,33.510
2026-07-18T00:25:54.161Z,usb,1,848316260,35577,9107712,256,6000,33.510
2026-07-18T00:25:54.204Z,usb,1,848316260,35578,9107968,256,6000,33.510
2026-07-18T00:25:54.246Z,usb,1,848316260,35579,9108224,256,6000,33.510
2026-07-18T00:25:54.288Z,usb,1,848316260,35580,9108480,256,6000,33.510
2026-07-18T00:25:54.331Z,usb,1,848316260,35581,9108736,256,6000,33.510
2026-07-18T00:25:54.373Z,usb,1,848316260,35582,9108992,256,6000,33.510
2026-07-18T00:25:54.416Z,usb,1,848316260,35583,9109248,256,6000,33.510
2026-07-18T00:25:54.459Z,usb,1,848316260,35584,9109504,256,6000,33.510
2026-07-18T00:25:54.501Z,usb,1,848316260,35585,9109760,256,6000,33.510
2026-07-18T00:25:54.544Z,usb,1,848316260,35586,9110016,256,6000,33.510
2026-07-18T00:25:54.586Z,usb,1,848316260,35587,9110272,256,6000,33.510
2026-07-18T00:25:54.629Z,usb,1,848316260,35588,9110528,256,6000,33.510
2026-07-18T00:25:54.671Z,usb,1,848316260,35589,9110784,256,6000,33.510
2026-07-18T00:25:54.714Z,usb,1,848316260,35590,9111040,256,6000,33.510
2026-07-18T00:25:54.756Z,usb,1,848316260,35591,9111296,256,6000,33.510
2026-07-18T00:25:54.798Z,usb,1,848316260,35592,9111552,256,6000,33.510
2026-07-18T00:25:54.841Z,usb,1,848316260,35593,9111808,256,6000,33.510
2026-07-18T00:25:54.884Z,usb,1,848316260,35594,9112064,256,6000,33.510
2026-07-18T00:25:54.927Z,usb,1,848316260,35595,9112320,256,6000,33.500
2026-07-18T00:25:54.969Z,usb,1,848316260,35596,9112576,256,6000,33.500
2026-07-18T00:25:55.012Z,usb,1,848316260,35597,9112832,256,6000,33.500
2026-07-18T00:25:55.054Z,usb,1,848316260,35598,9113088,256,6000,33.500
2026-07-18T00:25:55.097Z,usb,1,848316260,35599,9113344,256,6000,33.500
2026-07-18T00:25:55.139Z,usb,1,848316260,35600,9113600,256,6000,33.500
2026-07-18T00:25:55.182Z,usb,1,848316260,35601,9113856,256,6000,33.500
2026-07-18T00:25:55.224Z,usb,1,848316260,35602,9114112,256,6000,33.500
2026-07-18T00:25:55.267Z,usb,1,848316260,35603,9114368,256,6000,33.500
2026-07-18T00:25:55.309Z,usb,1,848316260,35604,9114624,256,6000,33.500
2026-07-18T00:25:55.352Z,usb,1,848316260,35605,9114880,256,6000,33.500
2026-07-18T00:25:55.394Z,usb,1,848316260,35606,9115136,256,6000,33.500
2026-07-18T00:25:55.437Z,usb,1,848316260,35607,9115392,256,6000,33.500
2026-07-18T00:25:55.479Z,usb,1,848316260,35608,9115648,256,6000,33.500
2026-07-18T00:25:55.522Z,usb,1,848316260,35609,9115904,256,6000,33.500
2026-07-18T00:25:55.564Z,usb,1,848316260,35610,9116160,256,6000,33.500
2026-07-18T00:25:55.607Z,usb,1,848316260,35611,9116416,256,6000,33.500
2026-07-18T00:25:55.649Z,usb,1,848316260,35612,9116672,256,6000,33.500
2026-07-18T00:25:55.692Z,usb,1,848316260,35613,9116928,256,6000,33.500
2026-07-18T00:25:55.734Z,usb,1,848316260,35614,9117184,256,6000,33.500
2026-07-18T00:25:55.777Z,usb,1,848316260,35615,9117440,256,6000,33.500
2026-07-18T00:25:55.819Z,usb,1,848316260,35616,9117696,256,6000,33.500
2026-07-18T00:25:55.862Z,usb,1,848316260,35617,9117952,256,6000,33.500
2026-07-18T00:25:55.905Z,usb,1,848316260,35618,9118208,256,6000,33.500
2026-07-18T00:25:55.948Z,usb,1,848316260,35619,9118464,256,6000,33.500
2026-07-18T00:25:55.990Z,usb,1,848316260,35620,9118720,256,6000,33.500
2026-07-18T00:25:56.033Z,usb,1,848316260,35621,9118976,256,6000,33.500
2026-07-18T00:25:56.075Z,usb,1,848316260,35622,9119232,256,6000,33.500
2026-07-18T00:25:56.118Z,usb,1,848316260,35623,9119488,256,6000,33.500
2026-07-18T00:25:56.160Z,usb,1,848316260,35624,9119744,256,6000,33.500
2026-07-18T00:25:56.203Z,usb,1,848316260,35625,9120000,256,6000,33.500
2026-07-18T00:25:56.245Z,usb,1,848316260,35626,9120256,256,6000,33.500
2026-07-18T00:25:56.288Z,usb,1,848316260,35627,9120512,256,6000,33.500
2026-07-18T00:25:56.330Z,usb,1,848316260,35628,9120768,256,6000,33.500
2026-07-18T00:25:56.373Z,usb,1,848316260,35629,9121024,256,6000,33.500
2026-07-18T00:25:56.415Z,usb,1,848316260,35630,9121280,256,6000,33.500
2026-07-18T00:25:56.458Z,usb,1,848316260,35631,9121536,256,6000,33.500
2026-07-18T00:25:56.500Z,usb,1,848316260,35632,9121792,256,6000,33.500
2026-07-18T00:25:56.543Z,usb,1,848316260,35633,9122048,256,6000,33.500
2026-07-18T00:25:56.585Z,usb,1,848316260,35634,9122304,256,6000,33.500
2026-07-18T00:25:56.628Z,usb,1,848316260,35635,9122560,256,6000,33.500
2026-07-18T00:25:56.670Z,usb,1,848316260,35636,9122816,256,6000,33.500
2026-07-18T00:25:56.713Z,usb,1,848316260,35637,9123072,256,6000,33.500
2026-07-18T00:25:56.755Z,usb,1,848316260,35638,9123328,256,6000,33.500
2026-07-18T00:25:56.798Z,usb,1,848316260,35639,9123584,256,6000,33.500
2026-07-18T00:25:56.840Z,usb,1,848316260,35640,9123840,256,6000,33.500
2026-07-18T00:25:56.883Z,usb,1,848316260,35641,9124096,256,6000,33.500
2026-07-18T00:25:56.925Z,usb,1,848316260,35642,9124352,256,6000,33.500
2026-07-18T00:25:56.968Z,usb,1,848316260,35643,9124608,256,6000,33.510
2026-07-18T00:25:57.011Z,usb,1,848316260,35644,9124864,256,6000,33.510
2026-07-18T00:25:57.053Z,usb,1,848316260,35645,9125120,256,6000,33.510
2026-07-18T00:25:57.096Z,usb,1,848316260,35646,9125376,256,6000,33.510
2026-07-18T00:25:57.138Z,usb,1,848316260,35647,9125632,256,6000,33.510
2026-07-18T00:25:57.181Z,usb,1,848316260,35648,9125888,256,6000,33.510
2026-07-18T00:25:57.223Z,usb,1,848316260,35649,9126144,256,6000,33.510
2026-07-18T00:25:57.266Z,usb,1,848316260,35650,9126400,256,6000,33.510
2026-07-18T00:25:57.308Z,usb,1,848316260,35651,9126656,256,6000,33.510
2026-07-18T00:25:57.351Z,usb,1,848316260,35652,9126912,256,6000,33.510
2026-07-18T00:25:57.393Z,usb,1,848316260,35653,9127168,256,6000,33.510
2026-07-18T00:25:57.436Z,usb,1,848316260,35654,9127424,256,6000,33.510
2026-07-18T00:25:57.478Z,usb,1,848316260,35655,9127680,256,6000,33.510
2026-07-18T00:25:57.521Z,usb,1,848316260,35656,9127936,256,6000,33.510
2026-07-18T00:25:57.563Z,usb,1,848316260,35657,9128192,256,6000,33.510
2026-07-18T00:25:57.606Z,usb,1,848316260,35658,9128448,256,6000,33.510
2026-07-18T00:25:57.648Z,usb,1,848316260,35659,9128704,256,6000,33.510
2026-07-18T00:25:57.691Z,usb,1,848316260,35660,9128960,256,6000,33.510
2026-07-18T00:25:57.733Z,usb,1,848316260,35661,9129216,256,6000,33.510
2026-07-18T00:25:57.776Z,usb,1,848316260,35662,9129472,256,6000,33.510
2026-07-18T00:25:57.818Z,usb,1,848316260,35663,9129728,256,6000,33.510
2026-07-18T00:25:57.861Z,usb,1,848316260,35664,9129984,256,6000,33.510
2026-07-18T00:25:57.903Z,usb,1,848316260,35665,9130240,256,6000,33.510
2026-07-18T00:25:57.946Z,usb,1,848316260,35666,9130496,256,6000,33.510
2026-07-18T00:25:57.989Z,usb,1,848316260,35667,9130752,256,6000,33.500
2026-07-18T00:25:58.032Z,usb,1,848316260,35668,9131008,256,6000,33.500
2026-07-18T00:25:58.074Z,usb,1,848316260,35669,9131264,256,6000,33.500
2026-07-18T00:25:58.117Z,usb,1,848316260,35670,9131520,256,6000,33.500
2026-07-18T00:25:58.159Z,usb,1,848316260,35671,9131776,256,6000,33.500
2026-07-18T00:25:58.202Z,usb,1,848316260,35672,9132032,256,6000,33.500
2026-07-18T00:25:58.245Z,usb,1,848316260,35673,9132288,256,6000,33.500
2026-07-18T00:25:58.287Z,usb,1,848316260,35674,9132544,256,6000,33.500
2026-07-18T00:25:58.329Z,usb,1,848316260,35675,9132800,256,6000,33.500
2026-07-18T00:25:58.372Z,usb,1,848316260,35676,9133056,256,6000,33.500
2026-07-18T00:25:58.414Z,usb,1,848316260,35677,9133312,256,6000,33.500
2026-07-18T00:25:58.457Z,usb,1,848316260,35678,9133568,256,6000,33.500
2026-07-18T00:25:58.499Z,usb,1,848316260,35679,9133824,256,6000,33.500
2026-07-18T00:25:58.542Z,usb,1,848316260,35680,9134080,256,6000,33.500
2026-07-18T00:25:58.584Z,usb,1,848316260,35681,9134336,256,6000,33.500
2026-07-18T00:25:58.627Z,usb,1,848316260,35682,9134592,256,6000,33.500
2026-07-18T00:25:58.669Z,usb,1,848316260,35683,9134848,256,6000,33.500
2026-07-18T00:25:58.712Z,usb,1,848316260,35684,9135104,256,6000,33.500
2026-07-18T00:25:58.754Z,usb,1,848316260,35685,9135360,256,6000,33.500
2026-07-18T00:25:58.797Z,usb,1,848316260,35686,9135616,256,6000,33.500
2026-07-18T00:25:58.839Z,usb,1,848316260,35687,9135872,256,6000,33.500
2026-07-18T00:25:58.882Z,usb,1,848316260,35688,9136128,256,6000,33.500
2026-07-18T00:25:58.924Z,usb,1,848316260,35689,9136384,256,6000,33.500
2026-07-18T00:25:58.967Z,usb,1,848316260,35690,9136640,256,6000,33.500
2026-07-18T00:25:59.010Z,usb,1,848316260,35691,9136896,256,6000,33.500
2026-07-18T00:25:59.052Z,usb,1,848316260,35692,9137152,256,6000,33.500
2026-07-18T00:25:59.095Z,usb,1,848316260,35693,9137408,256,6000,33.500
2026-07-18T00:25:59.137Z,usb,1,848316260,35694,9137664,256,6000,33.500
2026-07-18T00:25:59.180Z,usb,1,848316260,35695,9137920,256,6000,33.500
2026-07-18T00:25:59.222Z,usb,1,848316260,35696,9138176,256,6000,33.500
2026-07-18T00:25:59.265Z,usb,1,848316260,35697,9138432,256,6000,33.500
2026-07-18T00:25:59.307Z,usb,1,848316260,35698,9138688,256,6000,33.500
2026-07-18T00:25:59.350Z,usb,1,848316260,35699,9138944,256,6000,33.500
2026-07-18T00:25:59.392Z,usb,1,848316260,35700,9139200,256,6000,33.500
2026-07-18T00:25:59.435Z,usb,1,848316260,35701,9139456,256,6000,33.500
2026-07-18T00:25:59.477Z,usb,1,848316260,35702,9139712,256,6000,33.500
2026-07-18T00:25:59.520Z,usb,1,848316260,35703,9139968,256,6000,33.500
2026-07-18T00:25:59.563Z,usb,1,848316260,35704,9140224,256,6000,33.500
2026-07-18T00:25:59.605Z,usb,1,848316260,35705,9140480,256,6000,33.500
2026-07-18T00:25:59.647Z,usb,1,848316260,35706,9140736,256,6000,33.500
2026-07-18T00:25:59.690Z,usb,1,848316260,35707,9140992,256,6000,33.500
2026-07-18T00:25:59.733Z,usb,1,848316260,35708,9141248,256,6000,33.500
2026-07-18T00:25:59.775Z,usb,1,848316260,35709,9141504,256,6000,33.500
2026-07-18T00:25:59.817Z,usb,1,848316260,35710,9141760,256,6000,33.500
2026-07-18T00:25:59.860Z,usb,1,848316260,35711,9142016,256,6000,33.500
2026-07-18T00:25:59.902Z,usb,1,848316260,35712,9142272,256,6000,33.500
2026-07-18T00:25:59.945Z,usb,1,848316260,35713,9142528,256,6000,33.500
2026-07-18T00:25:59.987Z,usb,1,848316260,35714,9142784,256,6000,33.500
2026-07-18T00:26:00.031Z,usb,1,848316260,35715,9143040,256,6000,33.500
2026-07-18T00:26:00.073Z,usb,1,848316260,35716,9143296,256,6000,33.500
2026-07-18T00:26:00.116Z,usb,1,848316260,35717,9143552,256,6000,33.500
2026-07-18T00:26:00.158Z,usb,1,848316260,35718,9143808,256,6000,33.500
2026-07-18T00:26:00.201Z,usb,1,848316260,35719,9144064,256,6000,33.500
2026-07-18T00:26:00.243Z,usb,1,848316260,35720,9144320,256,6000,33.500
2026-07-18T00:26:00.286Z,usb,1,848316260,35721,9144576,256,6000,33.500
2026-07-18T00:26:00.328Z,usb,1,848316260,35722,9144832,256,6000,33.500
2026-07-18T00:26:00.371Z,usb,1,848316260,35723,9145088,256,6000,33.500
2026-07-18T00:26:00.413Z,usb,1,848316260,35724,9145344,256,6000,33.500
2026-07-18T00:26:00.456Z,usb,1,848316260,35725,9145600,256,6000,33.500
2026-07-18T00:26:00.498Z,usb,1,848316260,35726,9145856,256,6000,33.500
2026-07-18T00:26:00.541Z,usb,1,848316260,35727,9146112,256,6000,33.500
2026-07-18T00:26:00.583Z,usb,1,848316260,35728,9146368,256,6000,33.500
2026-07-18T00:26:00.626Z,usb,1,848316260,35729,9146624,256,6000,33.500
2026-07-18T00:26:00.668Z,usb,1,848316260,35730,9146880,256,6000,33.500
2026-07-18T00:26:00.711Z,usb,1,848316260,35731,9147136,256,6000,33.500
2026-07-18T00:26:00.755Z,usb,1,848316260,35732,9147392,256,6000,33.500
2026-07-18T00:26:00.796Z,usb,1,848316260,35733,9147648,256,6000,33.500
2026-07-18T00:26:00.838Z,usb,1,848316260,35734,9147904,256,6000,33.500
2026-07-18T00:26:00.881Z,usb,1,848316260,35735,9148160,256,6000,33.500
2026-07-18T00:26:00.923Z,usb,1,848316260,35736,9148416,256,6000,33.500
2026-07-18T00:26:00.966Z,usb,1,848316260,35737,9148672,256,6000,33.500
2026-07-18T00:26:01.008Z,usb,1,848316260,35738,9148928,256,6000,33.500
2026-07-18T00:26:01.051Z,usb,1,848316260,35739,9149184,256,6000,33.500
2026-07-18T00:26:01.094Z,usb,1,848316260,35740,9149440,256,6000,33.500
2026-07-18T00:26:01.136Z,usb,1,848316260,35741,9149696,256,6000,33.500
2026-07-18T00:26:01.179Z,usb,1,848316260,35742,9149952,256,6000,33.500
2026-07-18T00:26:01.221Z,usb,1,848316260,35743,9150208,256,6000,33.500
2026-07-18T00:26:01.264Z,usb,1,848316260,35744,9150464,256,6000,33.500
2026-07-18T00:26:01.306Z,usb,1,848316260,35745,9150720,256,6000,33.500
2026-07-18T00:26:01.349Z,usb,1,848316260,35746,9150976,256,6000,33.500
2026-07-18T00:26:01.391Z,usb,1,848316260,35747,9151232,256,6000,33.500
2026-07-18T00:26:01.434Z,usb,1,848316260,35748,9151488,256,6000,33.500
2026-07-18T00:26:01.476Z,usb,1,848316260,35749,9151744,256,6000,33.500
2026-07-18T00:26:01.519Z,usb,1,848316260,35750,9152000,256,6000,33.500
2026-07-18T00:26:01.561Z,usb,1,848316260,35751,9152256,256,6000,33.500
2026-07-18T00:26:01.604Z,usb,1,848316260,35752,9152512,256,6000,33.500
2026-07-18T00:26:01.646Z,usb,1,848316260,35753,9152768,256,6000,33.500
2026-07-18T00:26:01.689Z,usb,1,848316260,35754,9153024,256,6000,33.500
2026-07-18T00:26:01.731Z,usb,1,848316260,35755,9153280,256,6000,33.500
2026-07-18T00:26:01.774Z,usb,1,848316260,35756,9153536,256,6000,33.500
2026-07-18T00:26:01.816Z,usb,1,848316260,35757,9153792,256,6000,33.500
2026-07-18T00:26:01.859Z,usb,1,848316260,35758,9154048,256,6000,33.500
2026-07-18T00:26:01.901Z,usb,1,848316260,35759,9154304,256,6000,33.500
2026-07-18T00:26:01.944Z,usb,1,848316260,35760,9154560,256,6000,33.500
2026-07-18T00:26:01.986Z,usb,1,848316260,35761,9154816,256,6000,33.500
2026-07-18T00:26:02.029Z,usb,1,848316260,35762,9155072,256,6000,33.500
2026-07-18T00:26:02.072Z,usb,1,848316260,35763,9155328,256,6000,33.500
2026-07-18T00:26:02.115Z,usb,1,848316260,35764,9155584,256,6000,33.500
2026-07-18T00:26:02.157Z,usb,1,848316260,35765,9155840,256,6000,33.500
2026-07-18T00:26:02.200Z,usb,1,848316260,35766,9156096,256,6000,33.500
2026-07-18T00:26:02.242Z,usb,1,848316260,35767,9156352,256,6000,33.500
2026-07-18T00:26:02.285Z,usb,1,848316260,35768,9156608,256,6000,33.500
2026-07-18T00:26:02.327Z,usb,1,848316260,35769,9156864,256,6000,33.500
2026-07-18T00:26:02.370Z,usb,1,848316260,35770,9157120,256,6000,33.500
2026-07-18T00:26:02.412Z,usb,1,848316260,35771,9157376,256,6000,33.500
2026-07-18T00:26:02.455Z,usb,1,848316260,35772,9157632,256,6000,33.500
2026-07-18T00:26:02.497Z,usb,1,848316260,35773,9157888,256,6000,33.500
2026-07-18T00:26:02.540Z,usb,1,848316260,35774,9158144,256,6000,33.500
2026-07-18T00:26:02.582Z,usb,1,848316260,35775,9158400,256,6000,33.500
2026-07-18T00:26:02.625Z,usb,1,848316260,35776,9158656,256,6000,33.500
2026-07-18T00:26:02.667Z,usb,1,848316260,35777,9158912,256,6000,33.500
2026-07-18T00:26:02.710Z,usb,1,848316260,35778,9159168,256,6000,33.500
2026-07-18T00:26:02.752Z,usb,1,848316260,35779,9159424,256,6000,33.500
2026-07-18T00:26:02.795Z,usb,1,848316260,35780,9159680,256,6000,33.500
2026-07-18T00:26:02.837Z,usb,1,848316260,35781,9159936,256,6000,33.500
2026-07-18T00:26:02.880Z,usb,1,848316260,35782,9160192,256,6000,33.500
2026-07-18T00:26:02.922Z,usb,1,848316260,35783,9160448,256,6000,33.500
2026-07-18T00:26:02.965Z,usb,1,848316260,35784,9160704,256,6000,33.500
2026-07-18T00:26:03.007Z,usb,1,848316260,35785,9160960,256,6000,33.500
2026-07-18T00:26:03.050Z,usb,1,848316260,35786,9161216,256,6000,33.500
2026-07-18T00:26:03.093Z,usb,1,848316260,35787,9161472,256,6000,33.500
2026-07-18T00:26:03.135Z,usb,1,848316260,35788,9161728,256,6000,33.500
2026-07-18T00:26:03.178Z,usb,1,848316260,35789,9161984,256,6000,33.500
2026-07-18T00:26:03.220Z,usb,1,848316260,35790,9162240,256,6000,33.500
2026-07-18T00:26:03.263Z,usb,1,848316260,35791,9162496,256,6000,33.500
2026-07-18T00:26:03.305Z,usb,1,848316260,35792,9162752,256,6000,33.500
2026-07-18T00:26:03.348Z,usb,1,848316260,35793,9163008,256,6000,33.500
2026-07-18T00:26:03.390Z,usb,1,848316260,35794,9163264,256,6000,33.500
2026-07-18T00:26:03.433Z,usb,1,848316260,35795,9163520,256,6000,33.500
2026-07-18T00:26:03.475Z,usb,1,848316260,35796,9163776,256,6000,33.500
2026-07-18T00:26:03.518Z,usb,1,848316260,35797,9164032,256,6000,33.500
2026-07-18T00:26:03.560Z,usb,1,848316260,35798,9164288,256,6000,33.500
2026-07-18T00:26:03.603Z,usb,1,848316260,35799,9164544,256,6000,33.500
2026-07-18T00:26:03.645Z,usb,1,848316260,35800,9164800,256,6000,33.500
2026-07-18T00:26:03.688Z,usb,1,848316260,35801,9165056,256,6000,33.500
2026-07-18T00:26:03.730Z,usb,1,848316260,35802,9165312,256,6000,33.500
2026-07-18T00:26:03.773Z,usb,1,848316260,35803,9165568,256,6000,33.500
2026-07-18T00:26:03.815Z,usb,1,848316260,35804,9165824,256,6000,33.500
2026-07-18T00:26:03.858Z,usb,1,848316260,35805,9166080,256,6000,33.500
2026-07-18T00:26:03.900Z,usb,1,848316260,35806,9166336,256,6000,33.500
2026-07-18T00:26:03.943Z,usb,1,848316260,35807,9166592,256,6000,33.500
2026-07-18T00:26:03.985Z,usb,1,848316260,35808,9166848,256,6000,33.500
2026-07-18T00:26:04.028Z,usb,1,848316260,35809,9167104,256,6000,33.500
2026-07-18T00:26:04.070Z,usb,1,848316260,35810,9167360,256,6000,33.500
2026-07-18T00:26:04.114Z,usb,1,848316260,35811,9167616,256,6000,33.500
2026-07-18T00:26:04.156Z,usb,1,848316260,35812,9167872,256,6000,33.500
2026-07-18T00:26:04.199Z,usb,1,848316260,35813,9168128,256,6000,33.500
2026-07-18T00:26:04.241Z,usb,1,848316260,35814,9168384,256,6000,33.500
2026-07-18T00:26:04.284Z,usb,1,848316260,35815,9168640,256,6000,33.500
2026-07-18T00:26:04.326Z,usb,1,848316260,35816,9168896,256,6000,33.500
2026-07-18T00:26:04.369Z,usb,1,848316260,35817,9169152,256,6000,33.500
2026-07-18T00:26:04.411Z,usb,1,848316260,35818,9169408,256,6000,33.500
2026-07-18T00:26:04.454Z,usb,1,848316260,35819,9169664,256,6000,33.500
2026-07-18T00:26:04.496Z,usb,1,848316260,35820,9169920,256,6000,33.500
2026-07-18T00:26:04.539Z,usb,1,848316260,35821,9170176,256,6000,33.500
2026-07-18T00:26:04.581Z,usb,1,848316260,35822,9170432,256,6000,33.500
2026-07-18T00:26:04.624Z,usb,1,848316260,35823,9170688,256,6000,33.500
2026-07-18T00:26:04.666Z,usb,1,848316260,35824,9170944,256,6000,33.500
2026-07-18T00:26:04.709Z,usb,1,848316260,35825,9171200,256,6000,33.500
2026-07-18T00:26:04.751Z,usb,1,848316260,35826,9171456,256,6000,33.500
2026-07-18T00:26:04.794Z,usb,1,848316260,35827,9171712,256,6000,33.500
2026-07-18T00:26:04.836Z,usb,1,848316260,35828,9171968,256,6000,33.500
2026-07-18T00:26:04.879Z,usb,1,848316260,35829,9172224,256,6000,33.500
2026-07-18T00:26:04.921Z,usb,1,848316260,35830,9172480,256,6000,33.500
2026-07-18T00:26:04.964Z,usb,1,848316260,35831,9172736,256,6000,33.500
2026-07-18T00:26:05.006Z,usb,1,848316260,35832,9172992,256,6000,33.500
2026-07-18T00:26:05.049Z,usb,1,848316260,35833,9173248,256,6000,33.500
2026-07-18T00:26:05.091Z,usb,1,848316260,35834,9173504,256,6000,33.500
2026-07-18T00:26:05.134Z,usb,1,848316260,35835,9173760,256,6000,33.500
2026-07-18T00:26:05.177Z,usb,1,848316260,35836,9174016,256,6000,33.500
2026-07-18T00:26:05.219Z,usb,1,848316260,35837,9174272,256,6000,33.500
2026-07-18T00:26:05.262Z,usb,1,848316260,35838,9174528,256,6000,33.500
2026-07-18T00:26:05.304Z,usb,1,848316260,35839,9174784,256,6000,33.500
2026-07-18T00:26:05.347Z,usb,1,848316260,35840,9175040,256,6000,33.500
2026-07-18T00:26:05.389Z,usb,1,848316260,35841,9175296,256,6000,33.500
2026-07-18T00:26:05.432Z,usb,1,848316260,35842,9175552,256,6000,33.500
2026-07-18T00:26:05.474Z,usb,1,848316260,35843,9175808,256,6000,33.500
2026-07-18T00:26:05.517Z,usb,1,848316260,35844,9176064,256,6000,33.500
2026-07-18T00:26:05.559Z,usb,1,848316260,35845,9176320,256,6000,33.500
2026-07-18T00:26:05.602Z,usb,1,848316260,35846,9176576,256,6000,33.500
2026-07-18T00:26:05.644Z,usb,1,848316260,35847,9176832,256,6000,33.500
2026-07-18T00:26:05.687Z,usb,1,848316260,35848,9177088,256,6000,33.500
2026-07-18T00:26:05.729Z,usb,1,848316260,35849,9177344,256,6000,33.500
2026-07-18T00:26:05.772Z,usb,1,848316260,35850,9177600,256,6000,33.500
2026-07-18T00:26:05.814Z,usb,1,848316260,35851,9177856,256,6000,33.500
2026-07-18T00:26:05.857Z,usb,1,848316260,35852,9178112,256,6000,33.500
2026-07-18T00:26:05.899Z,usb,1,848316260,35853,9178368,256,6000,33.500
2026-07-18T00:26:05.942Z,usb,1,848316260,35854,9178624,256,6000,33.500
2026-07-18T00:26:05.984Z,usb,1,848316260,35855,9178880,256,6000,33.500
2026-07-18T00:26:06.027Z,usb,1,848316260,35856,9179136,256,6000,33.500
2026-07-18T00:26:06.069Z,usb,1,848316260,35857,9179392,256,6000,33.500
2026-07-18T00:26:06.112Z,usb,1,848316260,35858,9179648,256,6000,33.500
2026-07-18T00:26:06.155Z,usb,1,848316260,35859,9179904,256,6000,33.510
2026-07-18T00:26:06.198Z,usb,1,848316260,35860,9180160,256,6000,33.510
2026-07-18T00:26:06.240Z,usb,1,848316260,35861,9180416,256,6000,33.510
2026-07-18T00:26:06.283Z,usb,1,848316260,35862,9180672,256,6000,33.510
2026-07-18T00:26:06.325Z,usb,1,848316260,35863,9180928,256,6000,33.510
2026-07-18T00:26:06.368Z,usb,1,848316260,35864,9181184,256,6000,33.510
2026-07-18T00:26:06.410Z,usb,1,848316260,35865,9181440,256,6000,33.510
2026-07-18T00:26:06.453Z,usb,1,848316260,35866,9181696,256,6000,33.510
2026-07-18T00:26:06.495Z,usb,1,848316260,35867,9181952,256,6000,33.510
2026-07-18T00:26:06.538Z,usb,1,848316260,35868,9182208,256,6000,33.510
2026-07-18T00:26:06.580Z,usb,1,848316260,35869,9182464,256,6000,33.510
2026-07-18T00:26:06.623Z,usb,1,848316260,35870,9182720,256,6000,33.510
2026-07-18T00:26:06.665Z,usb,1,848316260,35871,9182976,256,6000,33.510
2026-07-18T00:26:06.708Z,usb,1,848316260,35872,9183232,256,6000,33.510
2026-07-18T00:26:06.750Z,usb,1,848316260,35873,9183488,256,6000,33.510
2026-07-18T00:26:06.793Z,usb,1,848316260,35874,9183744,256,6000,33.510
2026-07-18T00:26:06.835Z,usb,1,848316260,35875,9184000,256,6000,33.510
2026-07-18T00:26:06.878Z,usb,1,848316260,35876,9184256,256,6000,33.510
2026-07-18T00:26:06.920Z,usb,1,848316260,35877,9184512,256,6000,33.510
2026-07-18T00:26:06.963Z,usb,1,848316260,35878,9184768,256,6000,33.510
2026-07-18T00:26:07.005Z,usb,1,848316260,35879,9185024,256,6000,33.510
2026-07-18T00:26:07.048Z,usb,1,848316260,35880,9185280,256,6000,33.510
2026-07-18T00:26:07.090Z,usb,1,848316260,35881,9185536,256,6000,33.510
2026-07-18T00:26:07.133Z,usb,1,848316260,35882,9185792,256,6000,33.510
2026-07-18T00:26:07.176Z,usb,1,848316260,35883,9186048,256,6000,33.500
2026-07-18T00:26:07.218Z,usb,1,848316260,35884,9186304,256,6000,33.500
2026-07-18T00:26:07.261Z,usb,1,848316260,35885,9186560,256,6000,33.500
2026-07-18T00:26:07.303Z,usb,1,848316260,35886,9186816,256,6000,33.500
2026-07-18T00:26:07.346Z,usb,1,848316260,35887,9187072,256,6000,33.500
2026-07-18T00:26:07.388Z,usb,1,848316260,35888,9187328,256,6000,33.500
2026-07-18T00:26:07.431Z,usb,1,848316260,35889,9187584,256,6000,33.500
2026-07-18T00:26:07.473Z,usb,1,848316260,35890,9187840,256,6000,33.500
2026-07-18T00:26:07.516Z,usb,1,848316260,35891,9188096,256,6000,33.500
2026-07-18T00:26:07.558Z,usb,1,848316260,35892,9188352,256,6000,33.500
2026-07-18T00:26:07.601Z,usb,1,848316260,35893,9188608,256,6000,33.500
2026-07-18T00:26:07.643Z,usb,1,848316260,35894,9188864,256,6000,33.500
2026-07-18T00:26:07.686Z,usb,1,848316260,35895,9189120,256,6000,33.500
2026-07-18T00:26:07.728Z,usb,1,848316260,35896,9189376,256,6000,33.500
2026-07-18T00:26:07.771Z,usb,1,848316260,35897,9189632,256,6000,33.500
2026-07-18T00:26:07.813Z,usb,1,848316260,35898,9189888,256,6000,33.500
2026-07-18T00:26:07.856Z,usb,1,848316260,35899,9190144,256,6000,33.500
2026-07-18T00:26:07.898Z,usb,1,848316260,35900,9190400,256,6000,33.500
2026-07-18T00:26:07.941Z,usb,1,848316260,35901,9190656,256,6000,33.500
2026-07-18T00:26:07.983Z,usb,1,848316260,35902,9190912,256,6000,33.500
2026-07-18T00:26:08.026Z,usb,1,848316260,35903,9191168,256,6000,33.500
2026-07-18T00:26:08.068Z,usb,1,848316260,35904,9191424,256,6000,33.500
2026-07-18T00:26:08.111Z,usb,1,848316260,35905,9191680,256,6000,33.500
2026-07-18T00:26:08.153Z,usb,1,848316260,35906,9191936,256,6000,33.500
2026-07-18T00:26:08.197Z,usb,1,848316260,35907,9192192,256,6000,33.500
2026-07-18T00:26:08.239Z,usb,1,848316260,35908,9192448,256,6000,33.500
2026-07-18T00:26:08.282Z,usb,1,848316260,35909,9192704,256,6000,33.500
2026-07-18T00:26:08.324Z,usb,1,848316260,35910,9192960,256,6000,33.500
2026-07-18T00:26:08.367Z,usb,1,848316260,35911,9193216,256,6000,33.500
2026-07-18T00:26:08.409Z,usb,1,848316260,35912,9193472,256,6000,33.500
2026-07-18T00:26:08.452Z,usb,1,848316260,35913,9193728,256,6000,33.500
2026-07-18T00:26:08.494Z,usb,1,848316260,35914,9193984,256,6000,33.500
2026-07-18T00:26:08.537Z,usb,1,848316260,35915,9194240,256,6000,33.500
2026-07-18T00:26:08.579Z,usb,1,848316260,35916,9194496,256,6000,33.500
2026-07-18T00:26:08.622Z,usb,1,848316260,35917,9194752,256,6000,33.500
2026-07-18T00:26:08.664Z,usb,1,848316260,35918,9195008,256,6000,33.500
2026-07-18T00:26:08.707Z,usb,1,848316260,35919,9195264,256,6000,33.500
2026-07-18T00:26:08.749Z,usb,1,848316260,35920,9195520,256,6000,33.500
2026-07-18T00:26:08.792Z,usb,1,848316260,35921,9195776,256,6000,33.500
2026-07-18T00:26:08.834Z,usb,1,848316260,35922,9196032,256,6000,33.500
2026-07-18T00:26:08.877Z,usb,1,848316260,35923,9196288,256,6000,33.500
2026-07-18T00:26:08.919Z,usb,1,848316260,35924,9196544,256,6000,33.500
2026-07-18T00:26:08.962Z,usb,1,848316260,35925,9196800,256,6000,33.500
2026-07-18T00:26:09.004Z,usb,1,848316260,35926,9197056,256,6000,33.500
2026-07-18T00:26:09.047Z,usb,1,848316260,35927,9197312,256,6000,33.500
2026-07-18T00:26:09.089Z,usb,1,848316260,35928,9197568,256,6000,33.500
2026-07-18T00:26:09.131Z,usb,1,848316260,35929,9197824,256,6000,33.500
2026-07-18T00:26:09.174Z,usb,1,848316260,35930,9198080,256,6000,33.500
2026-07-18T00:26:09.217Z,usb,1,848316260,35931,9198336,256,6000,33.500
2026-07-18T00:26:09.260Z,usb,1,848316260,35932,9198592,256,6000,33.500
2026-07-18T00:26:09.302Z,usb,1,848316260,35933,9198848,256,6000,33.500
2026-07-18T00:26:09.345Z,usb,1,848316260,35934,9199104,256,6000,33.500
2026-07-18T00:26:09.387Z,usb,1,848316260,35935,9199360,256,6000,33.500
2026-07-18T00:26:09.430Z,usb,1,848316260,35936,9199616,256,6000,33.500
2026-07-18T00:26:09.472Z,usb,1,848316260,35937,9199872,256,6000,33.500
2026-07-18T00:26:09.515Z,usb,1,848316260,35938,9200128,256,6000,33.500
2026-07-18T00:26:09.557Z,usb,1,848316260,35939,9200384,256,6000,33.500
2026-07-18T00:26:09.600Z,usb,1,848316260,35940,9200640,256,6000,33.500
2026-07-18T00:26:09.642Z,usb,1,848316260,35941,9200896,256,6000,33.500
2026-07-18T00:26:09.685Z,usb,1,848316260,35942,9201152,256,6000,33.500
2026-07-18T00:26:09.727Z,usb,1,848316260,35943,9201408,256,6000,33.500
2026-07-18T00:26:09.770Z,usb,1,848316260,35944,9201664,256,6000,33.500
2026-07-18T00:26:09.812Z,usb,1,848316260,35945,9201920,256,6000,33.500
2026-07-18T00:26:09.855Z,usb,1,848316260,35946,9202176,256,6000,33.500
2026-07-18T00:26:09.897Z,usb,1,848316260,35947,9202432,256,6000,33.500
2026-07-18T00:26:09.940Z,usb,1,848316260,35948,9202688,256,6000,33.500
2026-07-18T00:26:09.982Z,usb,1,848316260,35949,9202944,256,6000,33.500
2026-07-18T00:26:10.025Z,usb,1,848316260,35950,9203200,256,6000,33.500
2026-07-18T00:26:10.067Z,usb,1,848316260,35951,9203456,256,6000,33.500
2026-07-18T00:26:10.110Z,usb,1,848316260,35952,9203712,256,6000,33.500
2026-07-18T00:26:10.152Z,usb,1,848316260,35953,9203968,256,6000,33.500
2026-07-18T00:26:10.195Z,usb,1,848316260,35954,9204224,256,6000,33.500
2026-07-18T00:26:10.238Z,usb,1,848316260,35955,9204480,256,6000,33.500
2026-07-18T00:26:10.281Z,usb,1,848316260,35956,9204736,256,6000,33.500
2026-07-18T00:26:10.323Z,usb,1,848316260,35957,9204992,256,6000,33.500
2026-07-18T00:26:10.365Z,usb,1,848316260,35958,9205248,256,6000,33.500
2026-07-18T00:26:10.408Z,usb,1,848316260,35959,9205504,256,6000,33.500
2026-07-18T00:26:10.451Z,usb,1,848316260,35960,9205760,256,6000,33.500
2026-07-18T00:26:10.493Z,usb,1,848316260,35961,9206016,256,6000,33.500
2026-07-18T00:26:10.535Z,usb,1,848316260,35962,9206272,256,6000,33.500
2026-07-18T00:26:10.578Z,usb,1,848316260,35963,9206528,256,6000,33.500
2026-07-18T00:26:10.620Z,usb,1,848316260,35964,9206784,256,6000,33.500
2026-07-18T00:26:10.663Z,usb,1,848316260,35965,9207040,256,6000,33.500
2026-07-18T00:26:10.706Z,usb,1,848316260,35966,9207296,256,6000,33.500
2026-07-18T00:26:10.748Z,usb,1,848316260,35967,9207552,256,6000,33.500
2026-07-18T00:26:10.790Z,usb,1,848316260,35968,9207808,256,6000,33.500
2026-07-18T00:26:10.833Z,usb,1,848316260,35969,9208064,256,6000,33.500
2026-07-18T00:26:10.876Z,usb,1,848316260,35970,9208320,256,6000,33.500
2026-07-18T00:26:10.918Z,usb,1,848316260,35971,9208576,256,6000,33.500
2026-07-18T00:26:10.961Z,usb,1,848316260,35972,9208832,256,6000,33.500
2026-07-18T00:26:11.003Z,usb,1,848316260,35973,9209088,256,6000,33.500
2026-07-18T00:26:11.046Z,usb,1,848316260,35974,9209344,256,6000,33.500
2026-07-18T00:26:11.088Z,usb,1,848316260,35975,9209600,256,6000,33.500
2026-07-18T00:26:11.131Z,usb,1,848316260,35976,9209856,256,6000,33.500
2026-07-18T00:26:11.173Z,usb,1,848316260,35977,9210112,256,6000,33.500
2026-07-18T00:26:11.215Z,usb,1,848316260,35978,9210368,256,6000,33.500
2026-07-18T00:26:11.259Z,usb,1,848316260,35979,9210624,256,6000,33.500
2026-07-18T00:26:11.301Z,usb,1,848316260,35980,9210880,256,6000,33.500
2026-07-18T00:26:11.344Z,usb,1,848316260,35981,9211136,256,6000,33.500
2026-07-18T00:26:11.386Z,usb,1,848316260,35982,9211392,256,6000,33.500
2026-07-18T00:26:11.429Z,usb,1,848316260,35983,9211648,256,6000,33.500
2026-07-18T00:26:11.471Z,usb,1,848316260,35984,9211904,256,6000,33.500
2026-07-18T00:26:11.514Z,usb,1,848316260,35985,9212160,256,6000,33.500
2026-07-18T00:26:11.556Z,usb,1,848316260,35986,9212416,256,6000,33.500
2026-07-18T00:26:11.599Z,usb,1,848316260,35987,9212672,256,6000,33.500
2026-07-18T00:26:11.641Z,usb,1,848316260,35988,9212928,256,6000,33.500
2026-07-18T00:26:11.684Z,usb,1,848316260,35989,9213184,256,6000,33.500
2026-07-18T00:26:11.726Z,usb,1,848316260,35990,9213440,256,6000,33.500
2026-07-18T00:26:11.769Z,usb,1,848316260,35991,9213696,256,6000,33.500
2026-07-18T00:26:11.811Z,usb,1,848316260,35992,9213952,256,6000,33.500
2026-07-18T00:26:11.854Z,usb,1,848316260,35993,9214208,256,6000,33.500
2026-07-18T00:26:11.896Z,usb,1,848316260,35994,9214464,256,6000,33.500
2026-07-18T00:26:11.939Z,usb,1,848316260,35995,9214720,256,6000,33.500
2026-07-18T00:26:11.981Z,usb,1,848316260,35996,9214976,256,6000,33.500
2026-07-18T00:26:12.024Z,usb,1,848316260,35997,9215232,256,6000,33.500
2026-07-18T00:26:12.066Z,usb,1,848316260,35998,9215488,256,6000,33.500
2026-07-18T00:26:12.109Z,usb,1,848316260,35999,9215744,256,6000,33.500
2026-07-18T00:26:12.151Z,usb,1,848316260,36000,9216000,256,6000,33.500
2026-07-18T00:26:12.194Z,usb,1,848316260,36001,9216256,256,6000,33.500
2026-07-18T00:26:12.236Z,usb,1,848316260,36002,9216512,256,6000,33.500
2026-07-18T00:26:12.282Z,usb,1,848316260,36003,9216768,256,6000,33.500
2026-07-18T00:26:12.322Z,usb,1,848316260,36004,9217024,256,6000,33.500
2026-07-18T00:26:12.364Z,usb,1,848316260,36005,9217280,256,6000,33.500
2026-07-18T00:26:12.407Z,usb,1,848316260,36006,9217536,256,6000,33.500
2026-07-18T00:26:12.450Z,usb,1,848316260,36007,9217792,256,6000,33.500
2026-07-18T00:26:12.492Z,usb,1,848316260,36008,9218048,256,6000,33.500
2026-07-18T00:26:12.534Z,usb,1,848316260,36009,9218304,256,6000,33.500
2026-07-18T00:26:12.577Z,usb,1,848316260,36010,9218560,256,6000,33.500
2026-07-18T00:26:12.620Z,usb,1,848316260,36011,9218816,256,6000,33.500
2026-07-18T00:26:12.662Z,usb,1,848316260,36012,9219072,256,6000,33.500
2026-07-18T00:26:12.705Z,usb,1,848316260,36013,9219328,256,6000,33.500
2026-07-18T00:26:12.747Z,usb,1,848316260,36014,9219584,256,6000,33.500
2026-07-18T00:26:12.790Z,usb,1,848316260,36015,9219840,256,6000,33.500
2026-07-18T00:26:12.832Z,usb,1,848316260,36016,9220096,256,6000,33.500
2026-07-18T00:26:12.875Z,usb,1,848316260,36017,9220352,256,6000,33.500
2026-07-18T00:26:12.917Z,usb,1,848316260,36018,9220608,256,6000,33.500
2026-07-18T00:26:12.960Z,usb,1,848316260,36019,9220864,256,6000,33.500
2026-07-18T00:26:13.002Z,usb,1,848316260,36020,9221120,256,6000,33.500
2026-07-18T00:26:13.044Z,usb,1,848316260,36021,9221376,256,6000,33.500
2026-07-18T00:26:13.087Z,usb,1,848316260,36022,9221632,256,6000,33.500
2026-07-18T00:26:13.130Z,usb,1,848316260,36023,9221888,256,6000,33.500
2026-07-18T00:26:13.172Z,usb,1,848316260,36024,9222144,256,6000,33.500
2026-07-18T00:26:13.215Z,usb,1,848316260,36025,9222400,256,6000,33.500
