received_at_utc,source_ip,node_id,boot_id,sequence,first_sample_index,sample_count,sample_rate_hz,temperature_c
2026-07-23T01:43:18.732Z,usb,1,3612849267,185606,47515136,256,8000,31.780
2026-07-23T01:43:18.764Z,usb,1,3612849267,185607,47515392,256,8000,31.780
2026-07-23T01:43:18.796Z,usb,1,3612849267,185608,47515648,256,8000,31.780
2026-07-23T01:43:18.828Z,usb,1,3612849267,185609,47515904,256,8000,31.780
2026-07-23T01:43:18.860Z,usb,1,3612849267,185610,47516160,256,8000,31.780
2026-07-23T01:43:18.892Z,usb,1,3612849267,185611,47516416,256,8000,31.780
2026-07-23T01:43:18.924Z,usb,1,3612849267,185612,47516672,256,8000,31.780
2026-07-23T01:43:18.956Z,usb,1,3612849267,185613,47516928,256,8000,31.780
2026-07-23T01:43:18.988Z,usb,1,3612849267,185614,47517184,256,8000,31.780
2026-07-23T01:43:19.020Z,usb,1,3612849267,185615,47517440,256,8000,31.780
2026-07-23T01:43:19.053Z,usb,1,3612849267,185616,47517696,256,8000,31.780
2026-07-23T01:43:19.084Z,usb,1,3612849267,185617,47517952,256,8000,31.780
2026-07-23T01:43:19.116Z,usb,1,3612849267,185618,47518208,256,8000,31.780
2026-07-23T01:43:19.148Z,usb,1,3612849267,185619,47518464,256,8000,31.780
2026-07-23T01:43:19.180Z,usb,1,3612849267,185620,47518720,256,8000,31.780
2026-07-23T01:43:19.212Z,usb,1,3612849267,185621,47518976,256,8000,31.780
2026-07-23T01:43:19.244Z,usb,1,3612849267,185622,47519232,256,8000,31.780
2026-07-23T01:43:19.276Z,usb,1,3612849267,185623,47519488,256,8000,31.780
2026-07-23T01:43:19.308Z,usb,1,3612849267,185624,47519744,256,8000,31.780
2026-07-23T01:43:19.340Z,usb,1,3612849267,185625,47520000,256,8000,31.780
2026-07-23T01:43:19.372Z,usb,1,3612849267,185626,47520256,256,8000,31.780
2026-07-23T01:43:19.404Z,usb,1,3612849267,185627,47520512,256,8000,31.780
2026-07-23T01:43:19.436Z,usb,1,3612849267,185628,47520768,256,8000,31.780
2026-07-23T01:43:19.468Z,usb,1,3612849267,185629,47521024,256,8000,31.780
2026-07-23T01:43:19.500Z,usb,1,3612849267,185630,47521280,256,8000,31.780
2026-07-23T01:43:19.532Z,usb,1,3612849267,185631,47521536,256,8000,31.780
2026-07-23T01:43:19.564Z,usb,1,3612849267,185632,47521792,256,8000,31.780
2026-07-23T01:43:19.596Z,usb,1,3612849267,185633,47522048,256,8000,31.780
2026-07-23T01:43:19.628Z,usb,1,3612849267,185634,47522304,256,8000,31.780
2026-07-23T01:43:19.660Z,usb,1,3612849267,185635,47522560,256,8000,31.780
2026-07-23T01:43:19.693Z,usb,1,3612849267,185636,47522816,256,8000,31.770
2026-07-23T01:43:19.724Z,usb,1,3612849267,185637,47523072,256,8000,31.770
2026-07-23T01:43:19.756Z,usb,1,3612849267,185638,47523328,256,8000,31.770
2026-07-23T01:43:19.788Z,usb,1,3612849267,185639,47523584,256,8000,31.770
2026-07-23T01:43:19.820Z,usb,1,3612849267,185640,47523840,256,8000,31.770
2026-07-23T01:43:19.852Z,usb,1,3612849267,185641,47524096,256,8000,31.770
2026-07-23T01:43:19.884Z,usb,1,3612849267,185642,47524352,256,8000,31.770
2026-07-23T01:43:19.916Z,usb,1,3612849267,185643,47524608,256,8000,31.770
2026-07-23T01:43:19.948Z,usb,1,3612849267,185644,47524864,256,8000,31.770
2026-07-23T01:43:19.980Z,usb,1,3612849267,185645,47525120,256,8000,31.770
2026-07-23T01:43:20.012Z,usb,1,3612849267,185646,47525376,256,8000,31.770
2026-07-23T01:43:20.044Z,usb,1,3612849267,185647,47525632,256,8000,31.770
2026-07-23T01:43:20.076Z,usb,1,3612849267,185648,47525888,256,8000,31.770
2026-07-23T01:43:20.108Z,usb,1,3612849267,185649,47526144,256,8000,31.770
2026-07-23T01:43:20.140Z,usb,1,3612849267,185650,47526400,256,8000,31.770
2026-07-23T01:43:20.172Z,usb,1,3612849267,185651,47526656,256,8000,31.770
2026-07-23T01:43:20.204Z,usb,1,3612849267,185652,47526912,256,8000,31.770
2026-07-23T01:43:20.236Z,usb,1,3612849267,185653,47527168,256,8000,31.770
2026-07-23T01:43:20.268Z,usb,1,3612849267,185654,47527424,256,8000,31.770
2026-07-23T01:43:20.300Z,usb,1,3612849267,185655,47527680,256,8000,31.770
2026-07-23T01:43:20.332Z,usb,1,3612849267,185656,47527936,256,8000,31.770
2026-07-23T01:43:20.364Z,usb,1,3612849267,185657,47528192,256,8000,31.770
2026-07-23T01:43:20.396Z,usb,1,3612849267,185658,47528448,256,8000,31.770
2026-07-23T01:43:20.428Z,usb,1,3612849267,185659,47528704,256,8000,31.770
2026-07-23T01:43:20.460Z,usb,1,3612849267,185660,47528960,256,8000,31.770
2026-07-23T01:43:20.492Z,usb,1,3612849267,185661,47529216,256,8000,31.770
2026-07-23T01:43:20.524Z,usb,1,3612849267,185662,47529472,256,8000,31.770
2026-07-23T01:43:20.556Z,usb,1,3612849267,185663,47529728,256,8000,31.770
2026-07-23T01:43:20.588Z,usb,1,3612849267,185664,47529984,256,8000,31.770
2026-07-23T01:43:20.620Z,usb,1,3612849267,185665,47530240,256,8000,31.770
2026-07-23T01:43:20.652Z,usb,1,3612849267,185666,47530496,256,8000,31.770
2026-07-23T01:43:20.684Z,usb,1,3612849267,185667,47530752,256,8000,31.770
2026-07-23T01:43:20.717Z,usb,1,3612849267,185668,47531008,256,8000,31.780
2026-07-23T01:43:20.748Z,usb,1,3612849267,185669,47531264,256,8000,31.780
2026-07-23T01:43:20.780Z,usb,1,3612849267,185670,47531520,256,8000,31.780
2026-07-23T01:43:20.812Z,usb,1,3612849267,185671,47531776,256,8000,31.780
2026-07-23T01:43:20.844Z,usb,1,3612849267,185672,47532032,256,8000,31.780
2026-07-23T01:43:20.876Z,usb,1,3612849267,185673,47532288,256,8000,31.780
2026-07-23T01:43:20.908Z,usb,1,3612849267,185674,47532544,256,8000,31.780
2026-07-23T01:43:20.940Z,usb,1,3612849267,185675,47532800,256,8000,31.780
2026-07-23T01:43:20.972Z,usb,1,3612849267,185676,47533056,256,8000,31.780
2026-07-23T01:43:21.004Z,usb,1,3612849267,185677,47533312,256,8000,31.780
2026-07-23T01:43:21.036Z,usb,1,3612849267,185678,47533568,256,8000,31.780
2026-07-23T01:43:21.068Z,usb,1,3612849267,185679,47533824,256,8000,31.780
2026-07-23T01:43:21.100Z,usb,1,3612849267,185680,47534080,256,8000,31.780
2026-07-23T01:43:21.132Z,usb,1,3612849267,185681,47534336,256,8000,31.780
2026-07-23T01:43:21.164Z,usb,1,3612849267,185682,47534592,256,8000,31.780
2026-07-23T01:43:21.196Z,usb,1,3612849267,185683,47534848,256,8000,31.780
2026-07-23T01:43:21.228Z,usb,1,3612849267,185684,47535104,256,8000,31.780
2026-07-23T01:43:21.260Z,usb,1,3612849267,185685,47535360,256,8000,31.780
2026-07-23T01:43:21.292Z,usb,1,3612849267,185686,47535616,256,8000,31.780
2026-07-23T01:43:21.324Z,usb,1,3612849267,185687,47535872,256,8000,31.780
2026-07-23T01:43:21.356Z,usb,1,3612849267,185688,47536128,256,8000,31.780
2026-07-23T01:43:21.388Z,usb,1,3612849267,185689,47536384,256,8000,31.780
2026-07-23T01:43:21.420Z,usb,1,3612849267,185690,47536640,256,8000,31.780
2026-07-23T01:43:21.452Z,usb,1,3612849267,185691,47536896,256,8000,31.780
2026-07-23T01:43:21.484Z,usb,1,3612849267,185692,47537152,256,8000,31.780
2026-07-23T01:43:21.516Z,usb,1,3612849267,185693,47537408,256,8000,31.780
2026-07-23T01:43:21.548Z,usb,1,3612849267,185694,47537664,256,8000,31.780
2026-07-23T01:43:21.580Z,usb,1,3612849267,185695,47537920,256,8000,31.780
2026-07-23T01:43:21.612Z,usb,1,3612849267,185696,47538176,256,8000,31.780
2026-07-23T01:43:21.644Z,usb,1,3612849267,185697,47538432,256,8000,31.780
2026-07-23T01:43:21.676Z,usb,1,3612849267,185698,47538688,256,8000,31.780
2026-07-23T01:43:21.708Z,usb,1,3612849267,185699,47538944,256,8000,31.780
2026-07-23T01:43:21.741Z,usb,1,3612849267,185700,47539200,256,8000,31.780
2026-07-23T01:43:21.772Z,usb,1,3612849267,185701,47539456,256,8000,31.780
2026-07-23T01:43:21.804Z,usb,1,3612849267,185702,47539712,256,8000,31.780
2026-07-23T01:43:21.836Z,usb,1,3612849267,185703,47539968,256,8000,31.780
2026-07-23T01:43:21.868Z,usb,1,3612849267,185704,47540224,256,8000,31.780
2026-07-23T01:43:21.900Z,usb,1,3612849267,185705,47540480,256,8000,31.780
2026-07-23T01:43:21.932Z,usb,1,3612849267,185706,47540736,256,8000,31.780
2026-07-23T01:43:21.964Z,usb,1,3612849267,185707,47540992,256,8000,31.780
2026-07-23T01:43:21.996Z,usb,1,3612849267,185708,47541248,256,8000,31.780
2026-07-23T01:43:22.028Z,usb,1,3612849267,185709,47541504,256,8000,31.780
2026-07-23T01:43:22.060Z,usb,1,3612849267,185710,47541760,256,8000,31.780
2026-07-23T01:43:22.093Z,usb,1,3612849267,185711,47542016,256,8000,31.780
2026-07-23T01:43:22.124Z,usb,1,3612849267,185712,47542272,256,8000,31.780
2026-07-23T01:43:22.156Z,usb,1,3612849267,185713,47542528,256,8000,31.780
2026-07-23T01:43:22.188Z,usb,1,3612849267,185714,47542784,256,8000,31.780
2026-07-23T01:43:22.220Z,usb,1,3612849267,185715,47543040,256,8000,31.780
2026-07-23T01:43:22.252Z,usb,1,3612849267,185716,47543296,256,8000,31.780
2026-07-23T01:43:22.284Z,usb,1,3612849267,185717,47543552,256,8000,31.780
2026-07-23T01:43:22.316Z,usb,1,3612849267,185718,47543808,256,8000,31.780
2026-07-23T01:43:22.349Z,usb,1,3612849267,185719,47544064,256,8000,31.780
2026-07-23T01:43:22.380Z,usb,1,3612849267,185720,47544320,256,8000,31.780
2026-07-23T01:43:22.412Z,usb,1,3612849267,185721,47544576,256,8000,31.780
2026-07-23T01:43:22.444Z,usb,1,3612849267,185722,47544832,256,8000,31.780
2026-07-23T01:43:22.476Z,usb,1,3612849267,185723,47545088,256,8000,31.780
2026-07-23T01:43:22.508Z,usb,1,3612849267,185724,47545344,256,8000,31.780
2026-07-23T01:43:22.540Z,usb,1,3612849267,185725,47545600,256,8000,31.780
2026-07-23T01:43:22.572Z,usb,1,3612849267,185726,47545856,256,8000,31.780
2026-07-23T01:43:22.604Z,usb,1,3612849267,185727,47546112,256,8000,31.780
2026-07-23T01:43:22.636Z,usb,1,3612849267,185728,47546368,256,8000,31.780
2026-07-23T01:43:22.668Z,usb,1,3612849267,185729,47546624,256,8000,31.780
2026-07-23T01:43:22.700Z,usb,1,3612849267,185730,47546880,256,8000,31.780
2026-07-23T01:43:22.732Z,usb,1,3612849267,185731,47547136,256,8000,31.780
2026-07-23T01:43:22.765Z,usb,1,3612849267,185732,47547392,256,8000,31.780
2026-07-23T01:43:22.796Z,usb,1,3612849267,185733,47547648,256,8000,31.780
2026-07-23T01:43:22.828Z,usb,1,3612849267,185734,47547904,256,8000,31.780
2026-07-23T01:43:22.860Z,usb,1,3612849267,185735,47548160,256,8000,31.780
2026-07-23T01:43:22.892Z,usb,1,3612849267,185736,47548416,256,8000,31.780
2026-07-23T01:43:22.924Z,usb,1,3612849267,185737,47548672,256,8000,31.780
2026-07-23T01:43:22.956Z,usb,1,3612849267,185738,47548928,256,8000,31.780
2026-07-23T01:43:22.988Z,usb,1,3612849267,185739,47549184,256,8000,31.780
2026-07-23T01:43:23.020Z,usb,1,3612849267,185740,47549440,256,8000,31.780
2026-07-23T01:43:23.052Z,usb,1,3612849267,185741,47549696,256,8000,31.780
2026-07-23T01:43:23.084Z,usb,1,3612849267,185742,47549952,256,8000,31.780
2026-07-23T01:43:23.116Z,usb,1,3612849267,185743,47550208,256,8000,31.780
2026-07-23T01:43:23.148Z,usb,1,3612849267,185744,47550464,256,8000,31.780
2026-07-23T01:43:23.180Z,usb,1,3612849267,185745,47550720,256,8000,31.780
2026-07-23T01:43:23.212Z,usb,1,3612849267,185746,47550976,256,8000,31.780
2026-07-23T01:43:23.244Z,usb,1,3612849267,185747,47551232,256,8000,31.780
2026-07-23T01:43:23.276Z,usb,1,3612849267,185748,47551488,256,8000,31.780
2026-07-23T01:43:23.308Z,usb,1,3612849267,185749,47551744,256,8000,31.780
2026-07-23T01:43:23.340Z,usb,1,3612849267,185750,47552000,256,8000,31.780
2026-07-23T01:43:23.372Z,usb,1,3612849267,185751,47552256,256,8000,31.780
2026-07-23T01:43:23.404Z,usb,1,3612849267,185752,47552512,256,8000,31.780
2026-07-23T01:43:23.436Z,usb,1,3612849267,185753,47552768,256,8000,31.780
2026-07-23T01:43:23.468Z,usb,1,3612849267,185754,47553024,256,8000,31.780
2026-07-23T01:43:23.500Z,usb,1,3612849267,185755,47553280,256,8000,31.780
2026-07-23T01:43:23.532Z,usb,1,3612849267,185756,47553536,256,8000,31.780
2026-07-23T01:43:23.564Z,usb,1,3612849267,185757,47553792,256,8000,31.780
2026-07-23T01:43:23.596Z,usb,1,3612849267,185758,47554048,256,8000,31.780
2026-07-23T01:43:23.628Z,usb,1,3612849267,185759,47554304,256,8000,31.780
2026-07-23T01:43:23.660Z,usb,1,3612849267,185760,47554560,256,8000,31.780
2026-07-23T01:43:23.692Z,usb,1,3612849267,185761,47554816,256,8000,31.780
2026-07-23T01:43:23.724Z,usb,1,3612849267,185762,47555072,256,8000,31.780
2026-07-23T01:43:23.756Z,usb,1,3612849267,185763,47555328,256,8000,31.780
2026-07-23T01:43:23.788Z,usb,1,3612849267,185764,47555584,256,8000,31.780
2026-07-23T01:43:23.820Z,usb,1,3612849267,185765,47555840,256,8000,31.780
2026-07-23T01:43:23.852Z,usb,1,3612849267,185766,47556096,256,8000,31.780
2026-07-23T01:43:23.884Z,usb,1,3612849267,185767,47556352,256,8000,31.780
2026-07-23T01:43:23.916Z,usb,1,3612849267,185768,47556608,256,8000,31.780
2026-07-23T01:43:23.948Z,usb,1,3612849267,185769,47556864,256,8000,31.780
2026-07-23T01:43:23.980Z,usb,1,3612849267,185770,47557120,256,8000,31.780
2026-07-23T01:43:24.012Z,usb,1,3612849267,185771,47557376,256,8000,31.780
2026-07-23T01:43:24.044Z,usb,1,3612849267,185772,47557632,256,8000,31.780
2026-07-23T01:43:24.076Z,usb,1,3612849267,185773,47557888,256,8000,31.780
2026-07-23T01:43:24.108Z,usb,1,3612849267,185774,47558144,256,8000,31.780
2026-07-23T01:43:24.140Z,usb,1,3612849267,185775,47558400,256,8000,31.780
2026-07-23T01:43:24.172Z,usb,1,3612849267,185776,47558656,256,8000,31.780
2026-07-23T01:43:24.204Z,usb,1,3612849267,185777,47558912,256,8000,31.780
2026-07-23T01:43:24.236Z,usb,1,3612849267,185778,47559168,256,8000,31.780
2026-07-23T01:43:24.268Z,usb,1,3612849267,185779,47559424,256,8000,31.780
2026-07-23T01:43:24.300Z,usb,1,3612849267,185780,47559680,256,8000,31.780
2026-07-23T01:43:24.332Z,usb,1,3612849267,185781,47559936,256,8000,31.780
2026-07-23T01:43:24.364Z,usb,1,3612849267,185782,47560192,256,8000,31.780
2026-07-23T01:43:24.396Z,usb,1,3612849267,185783,47560448,256,8000,31.780
2026-07-23T01:43:24.428Z,usb,1,3612849267,185784,47560704,256,8000,31.780
2026-07-23T01:43:24.460Z,usb,1,3612849267,185785,47560960,256,8000,31.780
2026-07-23T01:43:24.492Z,usb,1,3612849267,185786,47561216,256,8000,31.780
2026-07-23T01:43:24.524Z,usb,1,3612849267,185787,47561472,256,8000,31.780
2026-07-23T01:43:24.556Z,usb,1,3612849267,185788,47561728,256,8000,31.780
2026-07-23T01:43:24.588Z,usb,1,3612849267,185789,47561984,256,8000,31.780
2026-07-23T01:43:24.620Z,usb,1,3612849267,185790,47562240,256,8000,31.780
2026-07-23T01:43:24.652Z,usb,1,3612849267,185791,47562496,256,8000,31.780
2026-07-23T01:43:24.684Z,usb,1,3612849267,185792,47562752,256,8000,31.780
2026-07-23T01:43:24.716Z,usb,1,3612849267,185793,47563008,256,8000,31.780
2026-07-23T01:43:24.748Z,usb,1,3612849267,185794,47563264,256,8000,31.780
2026-07-23T01:43:24.780Z,usb,1,3612849267,185795,47563520,256,8000,31.780
2026-07-23T01:43:24.813Z,usb,1,3612849267,185796,47563776,256,8000,31.780
2026-07-23T01:43:24.844Z,usb,1,3612849267,185797,47564032,256,8000,31.780
2026-07-23T01:43:24.876Z,usb,1,3612849267,185798,47564288,256,8000,31.780
2026-07-23T01:43:24.908Z,usb,1,3612849267,185799,47564544,256,8000,31.780
2026-07-23T01:43:24.940Z,usb,1,3612849267,185800,47564800,256,8000,31.780
2026-07-23T01:43:24.972Z,usb,1,3612849267,185801,47565056,256,8000,31.780
2026-07-23T01:43:25.004Z,usb,1,3612849267,185802,47565312,256,8000,31.780
2026-07-23T01:43:25.036Z,usb,1,3612849267,185803,47565568,256,8000,31.780
2026-07-23T01:43:25.068Z,usb,1,3612849267,185804,47565824,256,8000,31.780
2026-07-23T01:43:25.100Z,usb,1,3612849267,185805,47566080,256,8000,31.780
2026-07-23T01:43:25.132Z,usb,1,3612849267,185806,47566336,256,8000,31.780
2026-07-23T01:43:25.164Z,usb,1,3612849267,185807,47566592,256,8000,31.780
2026-07-23T01:43:25.196Z,usb,1,3612849267,185808,47566848,256,8000,31.780
2026-07-23T01:43:25.228Z,usb,1,3612849267,185809,47567104,256,8000,31.780
2026-07-23T01:43:25.260Z,usb,1,3612849267,185810,47567360,256,8000,31.780
2026-07-23T01:43:25.292Z,usb,1,3612849267,185811,47567616,256,8000,31.780
2026-07-23T01:43:25.324Z,usb,1,3612849267,185812,47567872,256,8000,31.780
2026-07-23T01:43:25.356Z,usb,1,3612849267,185813,47568128,256,8000,31.780
2026-07-23T01:43:25.388Z,usb,1,3612849267,185814,47568384,256,8000,31.780
2026-07-23T01:43:25.420Z,usb,1,3612849267,185815,47568640,256,8000,31.780
2026-07-23T01:43:25.452Z,usb,1,3612849267,185816,47568896,256,8000,31.780
2026-07-23T01:43:25.484Z,usb,1,3612849267,185817,47569152,256,8000,31.780
2026-07-23T01:43:25.516Z,usb,1,3612849267,185818,47569408,256,8000,31.780
2026-07-23T01:43:25.548Z,usb,1,3612849267,185819,47569664,256,8000,31.780
2026-07-23T01:43:25.580Z,usb,1,3612849267,185820,47569920,256,8000,31.780
2026-07-23T01:43:25.612Z,usb,1,3612849267,185821,47570176,256,8000,31.780
2026-07-23T01:43:25.644Z,usb,1,3612849267,185822,47570432,256,8000,31.780
2026-07-23T01:43:25.676Z,usb,1,3612849267,185823,47570688,256,8000,31.780
2026-07-23T01:43:25.708Z,usb,1,3612849267,185824,47570944,256,8000,31.780
2026-07-23T01:43:25.740Z,usb,1,3612849267,185825,47571200,256,8000,31.780
2026-07-23T01:43:25.772Z,usb,1,3612849267,185826,47571456,256,8000,31.780
2026-07-23T01:43:25.804Z,usb,1,3612849267,185827,47571712,256,8000,31.780
2026-07-23T01:43:25.837Z,usb,1,3612849267,185828,47571968,256,8000,31.780
2026-07-23T01:43:25.868Z,usb,1,3612849267,185829,47572224,256,8000,31.780
2026-07-23T01:43:25.900Z,usb,1,3612849267,185830,47572480,256,8000,31.780
2026-07-23T01:43:25.932Z,usb,1,3612849267,185831,47572736,256,8000,31.780
2026-07-23T01:43:25.964Z,usb,1,3612849267,185832,47572992,256,8000,31.780
2026-07-23T01:43:25.996Z,usb,1,3612849267,185833,47573248,256,8000,31.780
2026-07-23T01:43:26.028Z,usb,1,3612849267,185834,47573504,256,8000,31.780
2026-07-23T01:43:26.060Z,usb,1,3612849267,185835,47573760,256,8000,31.780
2026-07-23T01:43:26.092Z,usb,1,3612849267,185836,47574016,256,8000,31.780
2026-07-23T01:43:26.124Z,usb,1,3612849267,185837,47574272,256,8000,31.780
2026-07-23T01:43:26.156Z,usb,1,3612849267,185838,47574528,256,8000,31.780
2026-07-23T01:43:26.188Z,usb,1,3612849267,185839,47574784,256,8000,31.780
2026-07-23T01:43:26.220Z,usb,1,3612849267,185840,47575040,256,8000,31.780
2026-07-23T01:43:26.252Z,usb,1,3612849267,185841,47575296,256,8000,31.780
2026-07-23T01:43:26.284Z,usb,1,3612849267,185842,47575552,256,8000,31.780
2026-07-23T01:43:26.316Z,usb,1,3612849267,185843,47575808,256,8000,31.780
2026-07-23T01:43:26.348Z,usb,1,3612849267,185844,47576064,256,8000,31.780
2026-07-23T01:43:26.380Z,usb,1,3612849267,185845,47576320,256,8000,31.780
2026-07-23T01:43:26.412Z,usb,1,3612849267,185846,47576576,256,8000,31.780
2026-07-23T01:43:26.444Z,usb,1,3612849267,185847,47576832,256,8000,31.780
2026-07-23T01:43:26.476Z,usb,1,3612849267,185848,47577088,256,8000,31.780
2026-07-23T01:43:26.508Z,usb,1,3612849267,185849,47577344,256,8000,31.780
2026-07-23T01:43:26.540Z,usb,1,3612849267,185850,47577600,256,8000,31.780
2026-07-23T01:43:26.572Z,usb,1,3612849267,185851,47577856,256,8000,31.780
2026-07-23T01:43:26.604Z,usb,1,3612849267,185852,47578112,256,8000,31.780
2026-07-23T01:43:26.636Z,usb,1,3612849267,185853,47578368,256,8000,31.780
2026-07-23T01:43:26.668Z,usb,1,3612849267,185854,47578624,256,8000,31.780
2026-07-23T01:43:26.700Z,usb,1,3612849267,185855,47578880,256,8000,31.780
2026-07-23T01:43:26.732Z,usb,1,3612849267,185856,47579136,256,8000,31.780
2026-07-23T01:43:26.764Z,usb,1,3612849267,185857,47579392,256,8000,31.780
2026-07-23T01:43:26.796Z,usb,1,3612849267,185858,47579648,256,8000,31.780
2026-07-23T01:43:26.828Z,usb,1,3612849267,185859,47579904,256,8000,31.780
2026-07-23T01:43:26.860Z,usb,1,3612849267,185860,47580160,256,8000,31.780
2026-07-23T01:43:26.892Z,usb,1,3612849267,185861,47580416,256,8000,31.780
2026-07-23T01:43:26.924Z,usb,1,3612849267,185862,47580672,256,8000,31.780
2026-07-23T01:43:26.956Z,usb,1,3612849267,185863,47580928,256,8000,31.780
2026-07-23T01:43:26.988Z,usb,1,3612849267,185864,47581184,256,8000,31.780
2026-07-23T01:43:27.020Z,usb,1,3612849267,185865,47581440,256,8000,31.780
2026-07-23T01:43:27.052Z,usb,1,3612849267,185866,47581696,256,8000,31.780
2026-07-23T01:43:27.084Z,usb,1,3612849267,185867,47581952,256,8000,31.780
2026-07-23T01:43:27.116Z,usb,1,3612849267,185868,47582208,256,8000,31.780
2026-07-23T01:43:27.148Z,usb,1,3612849267,185869,47582464,256,8000,31.780
2026-07-23T01:43:27.180Z,usb,1,3612849267,185870,47582720,256,8000,31.780
2026-07-23T01:43:27.212Z,usb,1,3612849267,185871,47582976,256,8000,31.780
2026-07-23T01:43:27.244Z,usb,1,3612849267,185872,47583232,256,8000,31.780
2026-07-23T01:43:27.276Z,usb,1,3612849267,185873,47583488,256,8000,31.780
2026-07-23T01:43:27.308Z,usb,1,3612849267,185874,47583744,256,8000,31.780
2026-07-23T01:43:27.340Z,usb,1,3612849267,185875,47584000,256,8000,31.780
2026-07-23T01:43:27.372Z,usb,1,3612849267,185876,47584256,256,8000,31.780
2026-07-23T01:43:27.404Z,usb,1,3612849267,185877,47584512,256,8000,31.780
2026-07-23T01:43:27.436Z,usb,1,3612849267,185878,47584768,256,8000,31.780
2026-07-23T01:43:27.468Z,usb,1,3612849267,185879,47585024,256,8000,31.780
2026-07-23T01:43:27.500Z,usb,1,3612849267,185880,47585280,256,8000,31.780
2026-07-23T01:43:27.532Z,usb,1,3612849267,185881,47585536,256,8000,31.780
2026-07-23T01:43:27.564Z,usb,1,3612849267,185882,47585792,256,8000,31.780
2026-07-23T01:43:27.596Z,usb,1,3612849267,185883,47586048,256,8000,31.780
2026-07-23T01:43:27.628Z,usb,1,3612849267,185884,47586304,256,8000,31.780
2026-07-23T01:43:27.660Z,usb,1,3612849267,185885,47586560,256,8000,31.780
2026-07-23T01:43:27.692Z,usb,1,3612849267,185886,47586816,256,8000,31.780
2026-07-23T01:43:27.724Z,usb,1,3612849267,185887,47587072,256,8000,31.780
2026-07-23T01:43:27.756Z,usb,1,3612849267,185888,47587328,256,8000,31.780
2026-07-23T01:43:27.788Z,usb,1,3612849267,185889,47587584,256,8000,31.780
2026-07-23T01:43:27.820Z,usb,1,3612849267,185890,47587840,256,8000,31.780
2026-07-23T01:43:27.852Z,usb,1,3612849267,185891,47588096,256,8000,31.780
2026-07-23T01:43:27.884Z,usb,1,3612849267,185892,47588352,256,8000,31.780
2026-07-23T01:43:27.916Z,usb,1,3612849267,185893,47588608,256,8000,31.780
2026-07-23T01:43:27.948Z,usb,1,3612849267,185894,47588864,256,8000,31.780
2026-07-23T01:43:27.980Z,usb,1,3612849267,185895,47589120,256,8000,31.780
2026-07-23T01:43:28.012Z,usb,1,3612849267,185896,47589376,256,8000,31.780
2026-07-23T01:43:28.044Z,usb,1,3612849267,185897,47589632,256,8000,31.780
2026-07-23T01:43:28.076Z,usb,1,3612849267,185898,47589888,256,8000,31.780
2026-07-23T01:43:28.108Z,usb,1,3612849267,185899,47590144,256,8000,31.780
2026-07-23T01:43:28.140Z,usb,1,3612849267,185900,47590400,256,8000,31.780
2026-07-23T01:43:28.172Z,usb,1,3612849267,185901,47590656,256,8000,31.780
2026-07-23T01:43:28.210Z,usb,1,3612849267,185902,47590912,256,8000,31.780
2026-07-23T01:43:28.236Z,usb,1,3612849267,185903,47591168,256,8000,31.780
2026-07-23T01:43:28.268Z,usb,1,3612849267,185904,47591424,256,8000,31.780
2026-07-23T01:43:28.300Z,usb,1,3612849267,185905,47591680,256,8000,31.780
2026-07-23T01:43:28.332Z,usb,1,3612849267,185906,47591936,256,8000,31.780
2026-07-23T01:43:28.364Z,usb,1,3612849267,185907,47592192,256,8000,31.780
2026-07-23T01:43:28.396Z,usb,1,3612849267,185908,47592448,256,8000,31.780
2026-07-23T01:43:28.428Z,usb,1,3612849267,185909,47592704,256,8000,31.780
2026-07-23T01:43:28.460Z,usb,1,3612849267,185910,47592960,256,8000,31.780
2026-07-23T01:43:28.492Z,usb,1,3612849267,185911,47593216,256,8000,31.780
2026-07-23T01:43:28.524Z,usb,1,3612849267,185912,47593472,256,8000,31.780
2026-07-23T01:43:28.556Z,usb,1,3612849267,185913,47593728,256,8000,31.780
2026-07-23T01:43:28.588Z,usb,1,3612849267,185914,47593984,256,8000,31.780
2026-07-23T01:43:28.620Z,usb,1,3612849267,185915,47594240,256,8000,31.780
2026-07-23T01:43:28.652Z,usb,1,3612849267,185916,47594496,256,8000,31.780
2026-07-23T01:43:28.684Z,usb,1,3612849267,185917,47594752,256,8000,31.780
2026-07-23T01:43:28.716Z,usb,1,3612849267,185918,47595008,256,8000,31.780
2026-07-23T01:43:28.748Z,usb,1,3612849267,185919,47595264,256,8000,31.780
2026-07-23T01:43:28.780Z,usb,1,3612849267,185920,47595520,256,8000,31.780
2026-07-23T01:43:28.812Z,usb,1,3612849267,185921,47595776,256,8000,31.780
2026-07-23T01:43:28.844Z,usb,1,3612849267,185922,47596032,256,8000,31.780
2026-07-23T01:43:28.876Z,usb,1,3612849267,185923,47596288,256,8000,31.780
2026-07-23T01:43:28.909Z,usb,1,3612849267,185924,47596544,256,8000,31.780
2026-07-23T01:43:28.940Z,usb,1,3612849267,185925,47596800,256,8000,31.780
2026-07-23T01:43:28.972Z,usb,1,3612849267,185926,47597056,256,8000,31.780
2026-07-23T01:43:29.004Z,usb,1,3612849267,185927,47597312,256,8000,31.780
2026-07-23T01:43:29.036Z,usb,1,3612849267,185928,47597568,256,8000,31.780
2026-07-23T01:43:29.068Z,usb,1,3612849267,185929,47597824,256,8000,31.780
2026-07-23T01:43:29.100Z,usb,1,3612849267,185930,47598080,256,8000,31.780
2026-07-23T01:43:29.132Z,usb,1,3612849267,185931,47598336,256,8000,31.780
2026-07-23T01:43:29.164Z,usb,1,3612849267,185932,47598592,256,8000,31.780
2026-07-23T01:43:29.196Z,usb,1,3612849267,185933,47598848,256,8000,31.780
2026-07-23T01:43:29.228Z,usb,1,3612849267,185934,47599104,256,8000,31.780
2026-07-23T01:43:29.260Z,usb,1,3612849267,185935,47599360,256,8000,31.780
2026-07-23T01:43:29.292Z,usb,1,3612849267,185936,47599616,256,8000,31.780
2026-07-23T01:43:29.324Z,usb,1,3612849267,185937,47599872,256,8000,31.780
2026-07-23T01:43:29.356Z,usb,1,3612849267,185938,47600128,256,8000,31.780
2026-07-23T01:43:29.388Z,usb,1,3612849267,185939,47600384,256,8000,31.780
2026-07-23T01:43:29.420Z,usb,1,3612849267,185940,47600640,256,8000,31.780
2026-07-23T01:43:29.452Z,usb,1,3612849267,185941,47600896,256,8000,31.780
2026-07-23T01:43:29.484Z,usb,1,3612849267,185942,47601152,256,8000,31.780
2026-07-23T01:43:29.516Z,usb,1,3612849267,185943,47601408,256,8000,31.780
2026-07-23T01:43:29.548Z,usb,1,3612849267,185944,47601664,256,8000,31.780
2026-07-23T01:43:29.580Z,usb,1,3612849267,185945,47601920,256,8000,31.780
2026-07-23T01:43:29.612Z,usb,1,3612849267,185946,47602176,256,8000,31.780
2026-07-23T01:43:29.644Z,usb,1,3612849267,185947,47602432,256,8000,31.780
2026-07-23T01:43:29.676Z,usb,1,3612849267,185948,47602688,256,8000,31.780
2026-07-23T01:43:29.708Z,usb,1,3612849267,185949,47602944,256,8000,31.780
2026-07-23T01:43:29.740Z,usb,1,3612849267,185950,47603200,256,8000,31.780
2026-07-23T01:43:29.772Z,usb,1,3612849267,185951,47603456,256,8000,31.780
2026-07-23T01:43:29.804Z,usb,1,3612849267,185952,47603712,256,8000,31.780
2026-07-23T01:43:29.836Z,usb,1,3612849267,185953,47603968,256,8000,31.780
2026-07-23T01:43:29.868Z,usb,1,3612849267,185954,47604224,256,8000,31.780
2026-07-23T01:43:29.900Z,usb,1,3612849267,185955,47604480,256,8000,31.780
2026-07-23T01:43:29.933Z,usb,1,3612849267,185956,47604736,256,8000,31.780
2026-07-23T01:43:29.964Z,usb,1,3612849267,185957,47604992,256,8000,31.780
2026-07-23T01:43:29.996Z,usb,1,3612849267,185958,47605248,256,8000,31.780
2026-07-23T01:43:30.028Z,usb,1,3612849267,185959,47605504,256,8000,31.780
2026-07-23T01:43:30.060Z,usb,1,3612849267,185960,47605760,256,8000,31.780
2026-07-23T01:43:30.092Z,usb,1,3612849267,185961,47606016,256,8000,31.780
2026-07-23T01:43:30.124Z,usb,1,3612849267,185962,47606272,256,8000,31.780
2026-07-23T01:43:30.156Z,usb,1,3612849267,185963,47606528,256,8000,31.780
2026-07-23T01:43:30.188Z,usb,1,3612849267,185964,47606784,256,8000,31.780
2026-07-23T01:43:30.220Z,usb,1,3612849267,185965,47607040,256,8000,31.780
2026-07-23T01:43:30.252Z,usb,1,3612849267,185966,47607296,256,8000,31.780
2026-07-23T01:43:30.284Z,usb,1,3612849267,185967,47607552,256,8000,31.780
2026-07-23T01:43:30.316Z,usb,1,3612849267,185968,47607808,256,8000,31.780
2026-07-23T01:43:30.348Z,usb,1,3612849267,185969,47608064,256,8000,31.780
2026-07-23T01:43:30.380Z,usb,1,3612849267,185970,47608320,256,8000,31.780
2026-07-23T01:43:30.412Z,usb,1,3612849267,185971,47608576,256,8000,31.780
2026-07-23T01:43:30.444Z,usb,1,3612849267,185972,47608832,256,8000,31.780
2026-07-23T01:43:30.476Z,usb,1,3612849267,185973,47609088,256,8000,31.780
2026-07-23T01:43:30.508Z,usb,1,3612849267,185974,47609344,256,8000,31.780
2026-07-23T01:43:30.540Z,usb,1,3612849267,185975,47609600,256,8000,31.780
2026-07-23T01:43:30.572Z,usb,1,3612849267,185976,47609856,256,8000,31.780
2026-07-23T01:43:30.604Z,usb,1,3612849267,185977,47610112,256,8000,31.780
2026-07-23T01:43:30.636Z,usb,1,3612849267,185978,47610368,256,8000,31.780
2026-07-23T01:43:30.668Z,usb,1,3612849267,185979,47610624,256,8000,31.780
2026-07-23T01:43:30.700Z,usb,1,3612849267,185980,47610880,256,8000,31.780
2026-07-23T01:43:30.732Z,usb,1,3612849267,185981,47611136,256,8000,31.780
2026-07-23T01:43:30.764Z,usb,1,3612849267,185982,47611392,256,8000,31.780
2026-07-23T01:43:30.796Z,usb,1,3612849267,185983,47611648,256,8000,31.780
2026-07-23T01:43:30.828Z,usb,1,3612849267,185984,47611904,256,8000,31.780
2026-07-23T01:43:30.860Z,usb,1,3612849267,185985,47612160,256,8000,31.780
2026-07-23T01:43:30.892Z,usb,1,3612849267,185986,47612416,256,8000,31.780
2026-07-23T01:43:30.924Z,usb,1,3612849267,185987,47612672,256,8000,31.780
2026-07-23T01:43:30.957Z,usb,1,3612849267,185988,47612928,256,8000,31.780
2026-07-23T01:43:30.988Z,usb,1,3612849267,185989,47613184,256,8000,31.780
2026-07-23T01:43:31.020Z,usb,1,3612849267,185990,47613440,256,8000,31.780
2026-07-23T01:43:31.052Z,usb,1,3612849267,185991,47613696,256,8000,31.780
2026-07-23T01:43:31.084Z,usb,1,3612849267,185992,47613952,256,8000,31.780
2026-07-23T01:43:31.116Z,usb,1,3612849267,185993,47614208,256,8000,31.780
2026-07-23T01:43:31.148Z,usb,1,3612849267,185994,47614464,256,8000,31.780
2026-07-23T01:43:31.180Z,usb,1,3612849267,185995,47614720,256,8000,31.780
2026-07-23T01:43:31.212Z,usb,1,3612849267,185996,47614976,256,8000,31.780
2026-07-23T01:43:31.244Z,usb,1,3612849267,185997,47615232,256,8000,31.780
2026-07-23T01:43:31.276Z,usb,1,3612849267,185998,47615488,256,8000,31.780
2026-07-23T01:43:31.308Z,usb,1,3612849267,185999,47615744,256,8000,31.780
2026-07-23T01:43:31.340Z,usb,1,3612849267,186000,47616000,256,8000,31.780
2026-07-23T01:43:31.372Z,usb,1,3612849267,186001,47616256,256,8000,31.780
2026-07-23T01:43:31.404Z,usb,1,3612849267,186002,47616512,256,8000,31.780
2026-07-23T01:43:31.436Z,usb,1,3612849267,186003,47616768,256,8000,31.780
2026-07-23T01:43:31.468Z,usb,1,3612849267,186004,47617024,256,8000,31.780
2026-07-23T01:43:31.500Z,usb,1,3612849267,186005,47617280,256,8000,31.780
2026-07-23T01:43:31.532Z,usb,1,3612849267,186006,47617536,256,8000,31.780
2026-07-23T01:43:31.564Z,usb,1,3612849267,186007,47617792,256,8000,31.780
2026-07-23T01:43:31.596Z,usb,1,3612849267,186008,47618048,256,8000,31.780
2026-07-23T01:43:31.628Z,usb,1,3612849267,186009,47618304,256,8000,31.780
2026-07-23T01:43:31.660Z,usb,1,3612849267,186010,47618560,256,8000,31.780
2026-07-23T01:43:31.692Z,usb,1,3612849267,186011,47618816,256,8000,31.780
2026-07-23T01:43:31.724Z,usb,1,3612849267,186012,47619072,256,8000,31.780
2026-07-23T01:43:31.756Z,usb,1,3612849267,186013,47619328,256,8000,31.780
2026-07-23T01:43:31.788Z,usb,1,3612849267,186014,47619584,256,8000,31.780
2026-07-23T01:43:31.820Z,usb,1,3612849267,186015,47619840,256,8000,31.780
2026-07-23T01:43:31.852Z,usb,1,3612849267,186016,47620096,256,8000,31.780
2026-07-23T01:43:31.884Z,usb,1,3612849267,186017,47620352,256,8000,31.780
2026-07-23T01:43:31.916Z,usb,1,3612849267,186018,47620608,256,8000,31.780
2026-07-23T01:43:31.948Z,usb,1,3612849267,186019,47620864,256,8000,31.780
2026-07-23T01:43:31.981Z,usb,1,3612849267,186020,47621120,256,8000,31.780
2026-07-23T01:43:32.012Z,usb,1,3612849267,186021,47621376,256,8000,31.780
2026-07-23T01:43:32.044Z,usb,1,3612849267,186022,47621632,256,8000,31.780
2026-07-23T01:43:32.076Z,usb,1,3612849267,186023,47621888,256,8000,31.780
2026-07-23T01:43:32.108Z,usb,1,3612849267,186024,47622144,256,8000,31.780
2026-07-23T01:43:32.140Z,usb,1,3612849267,186025,47622400,256,8000,31.780
2026-07-23T01:43:32.172Z,usb,1,3612849267,186026,47622656,256,8000,31.780
2026-07-23T01:43:32.204Z,usb,1,3612849267,186027,47622912,256,8000,31.780
2026-07-23T01:43:32.236Z,usb,1,3612849267,186028,47623168,256,8000,31.780
2026-07-23T01:43:32.268Z,usb,1,3612849267,186029,47623424,256,8000,31.780
2026-07-23T01:43:32.300Z,usb,1,3612849267,186030,47623680,256,8000,31.780
2026-07-23T01:43:32.332Z,usb,1,3612849267,186031,47623936,256,8000,31.780
2026-07-23T01:43:32.364Z,usb,1,3612849267,186032,47624192,256,8000,31.780
2026-07-23T01:43:32.396Z,usb,1,3612849267,186033,47624448,256,8000,31.780
2026-07-23T01:43:32.428Z,usb,1,3612849267,186034,47624704,256,8000,31.780
2026-07-23T01:43:32.460Z,usb,1,3612849267,186035,47624960,256,8000,31.780
2026-07-23T01:43:32.492Z,usb,1,3612849267,186036,47625216,256,8000,31.780
2026-07-23T01:43:32.524Z,usb,1,3612849267,186037,47625472,256,8000,31.780
2026-07-23T01:43:32.556Z,usb,1,3612849267,186038,47625728,256,8000,31.780
2026-07-23T01:43:32.588Z,usb,1,3612849267,186039,47625984,256,8000,31.780
2026-07-23T01:43:32.620Z,usb,1,3612849267,186040,47626240,256,8000,31.780
2026-07-23T01:43:32.652Z,usb,1,3612849267,186041,47626496,256,8000,31.780
2026-07-23T01:43:32.684Z,usb,1,3612849267,186042,47626752,256,8000,31.780
2026-07-23T01:43:32.716Z,usb,1,3612849267,186043,47627008,256,8000,31.780
2026-07-23T01:43:32.748Z,usb,1,3612849267,186044,47627264,256,8000,31.780
2026-07-23T01:43:32.780Z,usb,1,3612849267,186045,47627520,256,8000,31.780
2026-07-23T01:43:32.812Z,usb,1,3612849267,186046,47627776,256,8000,31.780
2026-07-23T01:43:32.844Z,usb,1,3612849267,186047,47628032,256,8000,31.780
2026-07-23T01:43:32.876Z,usb,1,3612849267,186048,47628288,256,8000,31.780
2026-07-23T01:43:32.908Z,usb,1,3612849267,186049,47628544,256,8000,31.780
2026-07-23T01:43:32.940Z,usb,1,3612849267,186050,47628800,256,8000,31.780
2026-07-23T01:43:32.972Z,usb,1,3612849267,186051,47629056,256,8000,31.780
2026-07-23T01:43:33.005Z,usb,1,3612849267,186052,47629312,256,8000,31.780
2026-07-23T01:43:33.036Z,usb,1,3612849267,186053,47629568,256,8000,31.780
2026-07-23T01:43:33.068Z,usb,1,3612849267,186054,47629824,256,8000,31.780
2026-07-23T01:43:33.100Z,usb,1,3612849267,186055,47630080,256,8000,31.780
2026-07-23T01:43:33.132Z,usb,1,3612849267,186056,47630336,256,8000,31.780
2026-07-23T01:43:33.164Z,usb,1,3612849267,186057,47630592,256,8000,31.780
2026-07-23T01:43:33.196Z,usb,1,3612849267,186058,47630848,256,8000,31.780
2026-07-23T01:43:33.228Z,usb,1,3612849267,186059,47631104,256,8000,31.780
2026-07-23T01:43:33.260Z,usb,1,3612849267,186060,47631360,256,8000,31.780
2026-07-23T01:43:33.292Z,usb,1,3612849267,186061,47631616,256,8000,31.780
2026-07-23T01:43:33.324Z,usb,1,3612849267,186062,47631872,256,8000,31.780
2026-07-23T01:43:33.356Z,usb,1,3612849267,186063,47632128,256,8000,31.780
2026-07-23T01:43:33.388Z,usb,1,3612849267,186064,47632384,256,8000,31.780
2026-07-23T01:43:33.420Z,usb,1,3612849267,186065,47632640,256,8000,31.780
2026-07-23T01:43:33.452Z,usb,1,3612849267,186066,47632896,256,8000,31.780
2026-07-23T01:43:33.484Z,usb,1,3612849267,186067,47633152,256,8000,31.780
2026-07-23T01:43:33.516Z,usb,1,3612849267,186068,47633408,256,8000,31.780
2026-07-23T01:43:33.548Z,usb,1,3612849267,186069,47633664,256,8000,31.780
2026-07-23T01:43:33.580Z,usb,1,3612849267,186070,47633920,256,8000,31.780
2026-07-23T01:43:33.612Z,usb,1,3612849267,186071,47634176,256,8000,31.780
2026-07-23T01:43:33.644Z,usb,1,3612849267,186072,47634432,256,8000,31.780
2026-07-23T01:43:33.676Z,usb,1,3612849267,186073,47634688,256,8000,31.780
2026-07-23T01:43:33.708Z,usb,1,3612849267,186074,47634944,256,8000,31.780
2026-07-23T01:43:33.740Z,usb,1,3612849267,186075,47635200,256,8000,31.780
2026-07-23T01:43:33.772Z,usb,1,3612849267,186076,47635456,256,8000,31.780
2026-07-23T01:43:33.804Z,usb,1,3612849267,186077,47635712,256,8000,31.780
2026-07-23T01:43:33.836Z,usb,1,3612849267,186078,47635968,256,8000,31.780
2026-07-23T01:43:33.868Z,usb,1,3612849267,186079,47636224,256,8000,31.780
2026-07-23T01:43:33.900Z,usb,1,3612849267,186080,47636480,256,8000,31.780
2026-07-23T01:43:33.932Z,usb,1,3612849267,186081,47636736,256,8000,31.780
2026-07-23T01:43:33.964Z,usb,1,3612849267,186082,47636992,256,8000,31.780
2026-07-23T01:43:33.996Z,usb,1,3612849267,186083,47637248,256,8000,31.780
2026-07-23T01:43:34.029Z,usb,1,3612849267,186084,47637504,256,8000,31.780
2026-07-23T01:43:34.060Z,usb,1,3612849267,186085,47637760,256,8000,31.780
2026-07-23T01:43:34.092Z,usb,1,3612849267,186086,47638016,256,8000,31.780
2026-07-23T01:43:34.124Z,usb,1,3612849267,186087,47638272,256,8000,31.780
2026-07-23T01:43:34.156Z,usb,1,3612849267,186088,47638528,256,8000,31.780
2026-07-23T01:43:34.188Z,usb,1,3612849267,186089,47638784,256,8000,31.780
2026-07-23T01:43:34.220Z,usb,1,3612849267,186090,47639040,256,8000,31.780
2026-07-23T01:43:34.252Z,usb,1,3612849267,186091,47639296,256,8000,31.780
2026-07-23T01:43:34.284Z,usb,1,3612849267,186092,47639552,256,8000,31.780
2026-07-23T01:43:34.316Z,usb,1,3612849267,186093,47639808,256,8000,31.780
2026-07-23T01:43:34.348Z,usb,1,3612849267,186094,47640064,256,8000,31.780
2026-07-23T01:43:34.380Z,usb,1,3612849267,186095,47640320,256,8000,31.780
2026-07-23T01:43:34.412Z,usb,1,3612849267,186096,47640576,256,8000,31.780
2026-07-23T01:43:34.444Z,usb,1,3612849267,186097,47640832,256,8000,31.780
2026-07-23T01:43:34.476Z,usb,1,3612849267,186098,47641088,256,8000,31.780
2026-07-23T01:43:34.508Z,usb,1,3612849267,186099,47641344,256,8000,31.780
2026-07-23T01:43:34.540Z,usb,1,3612849267,186100,47641600,256,8000,31.780
2026-07-23T01:43:34.572Z,usb,1,3612849267,186101,47641856,256,8000,31.780
2026-07-23T01:43:34.604Z,usb,1,3612849267,186102,47642112,256,8000,31.780
2026-07-23T01:43:34.636Z,usb,1,3612849267,186103,47642368,256,8000,31.780
2026-07-23T01:43:34.668Z,usb,1,3612849267,186104,47642624,256,8000,31.780
2026-07-23T01:43:34.700Z,usb,1,3612849267,186105,47642880,256,8000,31.780
2026-07-23T01:43:34.732Z,usb,1,3612849267,186106,47643136,256,8000,31.780
2026-07-23T01:43:34.764Z,usb,1,3612849267,186107,47643392,256,8000,31.780
2026-07-23T01:43:34.796Z,usb,1,3612849267,186108,47643648,256,8000,31.780
2026-07-23T01:43:34.828Z,usb,1,3612849267,186109,47643904,256,8000,31.780
2026-07-23T01:43:34.860Z,usb,1,3612849267,186110,47644160,256,8000,31.780
2026-07-23T01:43:34.892Z,usb,1,3612849267,186111,47644416,256,8000,31.780
2026-07-23T01:43:34.924Z,usb,1,3612849267,186112,47644672,256,8000,31.780
2026-07-23T01:43:34.956Z,usb,1,3612849267,186113,47644928,256,8000,31.780
2026-07-23T01:43:34.988Z,usb,1,3612849267,186114,47645184,256,8000,31.780
2026-07-23T01:43:35.020Z,usb,1,3612849267,186115,47645440,256,8000,31.780
2026-07-23T01:43:35.053Z,usb,1,3612849267,186116,47645696,256,8000,31.780
2026-07-23T01:43:35.084Z,usb,1,3612849267,186117,47645952,256,8000,31.780
2026-07-23T01:43:35.116Z,usb,1,3612849267,186118,47646208,256,8000,31.780
2026-07-23T01:43:35.148Z,usb,1,3612849267,186119,47646464,256,8000,31.780
2026-07-23T01:43:35.180Z,usb,1,3612849267,186120,47646720,256,8000,31.780
2026-07-23T01:43:35.212Z,usb,1,3612849267,186121,47646976,256,8000,31.780
2026-07-23T01:43:35.244Z,usb,1,3612849267,186122,47647232,256,8000,31.780
2026-07-23T01:43:35.276Z,usb,1,3612849267,186123,47647488,256,8000,31.780
2026-07-23T01:43:35.308Z,usb,1,3612849267,186124,47647744,256,8000,31.780
2026-07-23T01:43:35.340Z,usb,1,3612849267,186125,47648000,256,8000,31.780
2026-07-23T01:43:35.372Z,usb,1,3612849267,186126,47648256,256,8000,31.780
2026-07-23T01:43:35.404Z,usb,1,3612849267,186127,47648512,256,8000,31.780
2026-07-23T01:43:35.436Z,usb,1,3612849267,186128,47648768,256,8000,31.780
2026-07-23T01:43:35.468Z,usb,1,3612849267,186129,47649024,256,8000,31.780
2026-07-23T01:43:35.500Z,usb,1,3612849267,186130,47649280,256,8000,31.780
2026-07-23T01:43:35.532Z,usb,1,3612849267,186131,47649536,256,8000,31.780
2026-07-23T01:43:35.564Z,usb,1,3612849267,186132,47649792,256,8000,31.780
2026-07-23T01:43:35.596Z,usb,1,3612849267,186133,47650048,256,8000,31.780
2026-07-23T01:43:35.628Z,usb,1,3612849267,186134,47650304,256,8000,31.780
2026-07-23T01:43:35.660Z,usb,1,3612849267,186135,47650560,256,8000,31.780
2026-07-23T01:43:35.692Z,usb,1,3612849267,186136,47650816,256,8000,31.780
2026-07-23T01:43:35.724Z,usb,1,3612849267,186137,47651072,256,8000,31.780
2026-07-23T01:43:35.756Z,usb,1,3612849267,186138,47651328,256,8000,31.780
2026-07-23T01:43:35.788Z,usb,1,3612849267,186139,47651584,256,8000,31.780
2026-07-23T01:43:35.820Z,usb,1,3612849267,186140,47651840,256,8000,31.780
2026-07-23T01:43:35.852Z,usb,1,3612849267,186141,47652096,256,8000,31.780
2026-07-23T01:43:35.884Z,usb,1,3612849267,186142,47652352,256,8000,31.780
2026-07-23T01:43:35.916Z,usb,1,3612849267,186143,47652608,256,8000,31.780
2026-07-23T01:43:35.948Z,usb,1,3612849267,186144,47652864,256,8000,31.780
2026-07-23T01:43:35.980Z,usb,1,3612849267,186145,47653120,256,8000,31.780
2026-07-23T01:43:36.012Z,usb,1,3612849267,186146,47653376,256,8000,31.780
2026-07-23T01:43:36.044Z,usb,1,3612849267,186147,47653632,256,8000,31.780
2026-07-23T01:43:36.076Z,usb,1,3612849267,186148,47653888,256,8000,31.780
2026-07-23T01:43:36.108Z,usb,1,3612849267,186149,47654144,256,8000,31.780
2026-07-23T01:43:36.140Z,usb,1,3612849267,186150,47654400,256,8000,31.780
2026-07-23T01:43:36.172Z,usb,1,3612849267,186151,47654656,256,8000,31.780
2026-07-23T01:43:36.204Z,usb,1,3612849267,186152,47654912,256,8000,31.780
2026-07-23T01:43:36.236Z,usb,1,3612849267,186153,47655168,256,8000,31.780
2026-07-23T01:43:36.268Z,usb,1,3612849267,186154,47655424,256,8000,31.780
2026-07-23T01:43:36.300Z,usb,1,3612849267,186155,47655680,256,8000,31.780
2026-07-23T01:43:36.332Z,usb,1,3612849267,186156,47655936,256,8000,31.780
2026-07-23T01:43:36.364Z,usb,1,3612849267,186157,47656192,256,8000,31.780
2026-07-23T01:43:36.396Z,usb,1,3612849267,186158,47656448,256,8000,31.780
2026-07-23T01:43:36.428Z,usb,1,3612849267,186159,47656704,256,8000,31.780
2026-07-23T01:43:36.460Z,usb,1,3612849267,186160,47656960,256,8000,31.780
2026-07-23T01:43:36.492Z,usb,1,3612849267,186161,47657216,256,8000,31.780
2026-07-23T01:43:36.524Z,usb,1,3612849267,186162,47657472,256,8000,31.780
2026-07-23T01:43:36.556Z,usb,1,3612849267,186163,47657728,256,8000,31.780
2026-07-23T01:43:36.588Z,usb,1,3612849267,186164,47657984,256,8000,31.780
2026-07-23T01:43:36.620Z,usb,1,3612849267,186165,47658240,256,8000,31.780
2026-07-23T01:43:36.652Z,usb,1,3612849267,186166,47658496,256,8000,31.780
2026-07-23T01:43:36.684Z,usb,1,3612849267,186167,47658752,256,8000,31.780
2026-07-23T01:43:36.716Z,usb,1,3612849267,186168,47659008,256,8000,31.780
2026-07-23T01:43:36.748Z,usb,1,3612849267,186169,47659264,256,8000,31.780
2026-07-23T01:43:36.780Z,usb,1,3612849267,186170,47659520,256,8000,31.780
2026-07-23T01:43:36.812Z,usb,1,3612849267,186171,47659776,256,8000,31.780
2026-07-23T01:43:36.844Z,usb,1,3612849267,186172,47660032,256,8000,31.780
2026-07-23T01:43:36.876Z,usb,1,3612849267,186173,47660288,256,8000,31.780
2026-07-23T01:43:36.908Z,usb,1,3612849267,186174,47660544,256,8000,31.780
2026-07-23T01:43:36.940Z,usb,1,3612849267,186175,47660800,256,8000,31.780
2026-07-23T01:43:36.972Z,usb,1,3612849267,186176,47661056,256,8000,31.780
2026-07-23T01:43:37.004Z,usb,1,3612849267,186177,47661312,256,8000,31.780
2026-07-23T01:43:37.036Z,usb,1,3612849267,186178,47661568,256,8000,31.780
2026-07-23T01:43:37.068Z,usb,1,3612849267,186179,47661824,256,8000,31.780
2026-07-23T01:43:37.101Z,usb,1,3612849267,186180,47662080,256,8000,31.780
2026-07-23T01:43:37.132Z,usb,1,3612849267,186181,47662336,256,8000,31.780
2026-07-23T01:43:37.164Z,usb,1,3612849267,186182,47662592,256,8000,31.780
2026-07-23T01:43:37.196Z,usb,1,3612849267,186183,47662848,256,8000,31.780
2026-07-23T01:43:37.228Z,usb,1,3612849267,186184,47663104,256,8000,31.780
2026-07-23T01:43:37.260Z,usb,1,3612849267,186185,47663360,256,8000,31.780
2026-07-23T01:43:37.292Z,usb,1,3612849267,186186,47663616,256,8000,31.780
2026-07-23T01:43:37.324Z,usb,1,3612849267,186187,47663872,256,8000,31.780
2026-07-23T01:43:37.356Z,usb,1,3612849267,186188,47664128,256,8000,31.780
2026-07-23T01:43:37.388Z,usb,1,3612849267,186189,47664384,256,8000,31.780
2026-07-23T01:43:37.420Z,usb,1,3612849267,186190,47664640,256,8000,31.780
2026-07-23T01:43:37.452Z,usb,1,3612849267,186191,47664896,256,8000,31.780
2026-07-23T01:43:37.484Z,usb,1,3612849267,186192,47665152,256,8000,31.780
2026-07-23T01:43:37.516Z,usb,1,3612849267,186193,47665408,256,8000,31.780
2026-07-23T01:43:37.548Z,usb,1,3612849267,186194,47665664,256,8000,31.780
2026-07-23T01:43:37.580Z,usb,1,3612849267,186195,47665920,256,8000,31.780
2026-07-23T01:43:37.612Z,usb,1,3612849267,186196,47666176,256,8000,31.780
2026-07-23T01:43:37.644Z,usb,1,3612849267,186197,47666432,256,8000,31.780
2026-07-23T01:43:37.676Z,usb,1,3612849267,186198,47666688,256,8000,31.780
2026-07-23T01:43:37.708Z,usb,1,3612849267,186199,47666944,256,8000,31.780
2026-07-23T01:43:37.740Z,usb,1,3612849267,186200,47667200,256,8000,31.780
2026-07-23T01:43:37.772Z,usb,1,3612849267,186201,47667456,256,8000,31.780
2026-07-23T01:43:37.804Z,usb,1,3612849267,186202,47667712,256,8000,31.780
2026-07-23T01:43:37.836Z,usb,1,3612849267,186203,47667968,256,8000,31.780
2026-07-23T01:43:37.868Z,usb,1,3612849267,186204,47668224,256,8000,31.780
2026-07-23T01:43:37.900Z,usb,1,3612849267,186205,47668480,256,8000,31.780
2026-07-23T01:43:37.932Z,usb,1,3612849267,186206,47668736,256,8000,31.780
2026-07-23T01:43:37.964Z,usb,1,3612849267,186207,47668992,256,8000,31.780
2026-07-23T01:43:37.996Z,usb,1,3612849267,186208,47669248,256,8000,31.780
2026-07-23T01:43:38.028Z,usb,1,3612849267,186209,47669504,256,8000,31.780
2026-07-23T01:43:38.060Z,usb,1,3612849267,186210,47669760,256,8000,31.780
2026-07-23T01:43:38.092Z,usb,1,3612849267,186211,47670016,256,8000,31.780
2026-07-23T01:43:38.125Z,usb,1,3612849267,186212,47670272,256,8000,31.780
2026-07-23T01:43:38.156Z,usb,1,3612849267,186213,47670528,256,8000,31.780
2026-07-23T01:43:38.188Z,usb,1,3612849267,186214,47670784,256,8000,31.780
2026-07-23T01:43:38.220Z,usb,1,3612849267,186215,47671040,256,8000,31.780
2026-07-23T01:43:38.252Z,usb,1,3612849267,186216,47671296,256,8000,31.780
2026-07-23T01:43:38.284Z,usb,1,3612849267,186217,47671552,256,8000,31.780
2026-07-23T01:43:38.316Z,usb,1,3612849267,186218,47671808,256,8000,31.780
2026-07-23T01:43:38.348Z,usb,1,3612849267,186219,47672064,256,8000,31.780
2026-07-23T01:43:38.380Z,usb,1,3612849267,186220,47672320,256,8000,31.780
2026-07-23T01:43:38.412Z,usb,1,3612849267,186221,47672576,256,8000,31.780
2026-07-23T01:43:38.444Z,usb,1,3612849267,186222,47672832,256,8000,31.780
2026-07-23T01:43:38.476Z,usb,1,3612849267,186223,47673088,256,8000,31.780
2026-07-23T01:43:38.508Z,usb,1,3612849267,186224,47673344,256,8000,31.780
2026-07-23T01:43:38.540Z,usb,1,3612849267,186225,47673600,256,8000,31.780
2026-07-23T01:43:38.572Z,usb,1,3612849267,186226,47673856,256,8000,31.780
2026-07-23T01:43:38.604Z,usb,1,3612849267,186227,47674112,256,8000,31.780
2026-07-23T01:43:38.636Z,usb,1,3612849267,186228,47674368,256,8000,31.780
2026-07-23T01:43:38.668Z,usb,1,3612849267,186229,47674624,256,8000,31.780
2026-07-23T01:43:38.700Z,usb,1,3612849267,186230,47674880,256,8000,31.780
2026-07-23T01:43:38.732Z,usb,1,3612849267,186231,47675136,256,8000,31.780
2026-07-23T01:43:38.764Z,usb,1,3612849267,186232,47675392,256,8000,31.780
2026-07-23T01:43:38.796Z,usb,1,3612849267,186233,47675648,256,8000,31.780
2026-07-23T01:43:38.828Z,usb,1,3612849267,186234,47675904,256,8000,31.780
2026-07-23T01:43:38.860Z,usb,1,3612849267,186235,47676160,256,8000,31.780
2026-07-23T01:43:38.892Z,usb,1,3612849267,186236,47676416,256,8000,31.780
2026-07-23T01:43:38.924Z,usb,1,3612849267,186237,47676672,256,8000,31.780
2026-07-23T01:43:38.956Z,usb,1,3612849267,186238,47676928,256,8000,31.780
2026-07-23T01:43:38.988Z,usb,1,3612849267,186239,47677184,256,8000,31.780
2026-07-23T01:43:39.020Z,usb,1,3612849267,186240,47677440,256,8000,31.780
2026-07-23T01:43:39.052Z,usb,1,3612849267,186241,47677696,256,8000,31.780
2026-07-23T01:43:39.084Z,usb,1,3612849267,186242,47677952,256,8000,31.780
2026-07-23T01:43:39.116Z,usb,1,3612849267,186243,47678208,256,8000,31.780
2026-07-23T01:43:39.149Z,usb,1,3612849267,186244,47678464,256,8000,31.780
2026-07-23T01:43:39.180Z,usb,1,3612849267,186245,47678720,256,8000,31.780
2026-07-23T01:43:39.212Z,usb,1,3612849267,186246,47678976,256,8000,31.780
2026-07-23T01:43:39.244Z,usb,1,3612849267,186247,47679232,256,8000,31.780
2026-07-23T01:43:39.276Z,usb,1,3612849267,186248,47679488,256,8000,31.780
2026-07-23T01:43:39.308Z,usb,1,3612849267,186249,47679744,256,8000,31.780
2026-07-23T01:43:39.340Z,usb,1,3612849267,186250,47680000,256,8000,31.780
2026-07-23T01:43:39.372Z,usb,1,3612849267,186251,47680256,256,8000,31.780
2026-07-23T01:43:39.404Z,usb,1,3612849267,186252,47680512,256,8000,31.780
2026-07-23T01:43:39.436Z,usb,1,3612849267,186253,47680768,256,8000,31.780
2026-07-23T01:43:39.468Z,usb,1,3612849267,186254,47681024,256,8000,31.780
2026-07-23T01:43:39.500Z,usb,1,3612849267,186255,47681280,256,8000,31.780
2026-07-23T01:43:39.532Z,usb,1,3612849267,186256,47681536,256,8000,31.780
2026-07-23T01:43:39.564Z,usb,1,3612849267,186257,47681792,256,8000,31.780
2026-07-23T01:43:39.596Z,usb,1,3612849267,186258,47682048,256,8000,31.780
2026-07-23T01:43:39.628Z,usb,1,3612849267,186259,47682304,256,8000,31.780
2026-07-23T01:43:39.660Z,usb,1,3612849267,186260,47682560,256,8000,31.780
2026-07-23T01:43:39.692Z,usb,1,3612849267,186261,47682816,256,8000,31.780
2026-07-23T01:43:39.724Z,usb,1,3612849267,186262,47683072,256,8000,31.780
2026-07-23T01:43:39.756Z,usb,1,3612849267,186263,47683328,256,8000,31.780
2026-07-23T01:43:39.788Z,usb,1,3612849267,186264,47683584,256,8000,31.780
2026-07-23T01:43:39.820Z,usb,1,3612849267,186265,47683840,256,8000,31.780
2026-07-23T01:43:39.852Z,usb,1,3612849267,186266,47684096,256,8000,31.780
2026-07-23T01:43:39.884Z,usb,1,3612849267,186267,47684352,256,8000,31.780
2026-07-23T01:43:39.916Z,usb,1,3612849267,186268,47684608,256,8000,31.780
2026-07-23T01:43:39.948Z,usb,1,3612849267,186269,47684864,256,8000,31.780
2026-07-23T01:43:39.980Z,usb,1,3612849267,186270,47685120,256,8000,31.780
2026-07-23T01:43:40.012Z,usb,1,3612849267,186271,47685376,256,8000,31.780
2026-07-23T01:43:40.044Z,usb,1,3612849267,186272,47685632,256,8000,31.780
2026-07-23T01:43:40.076Z,usb,1,3612849267,186273,47685888,256,8000,31.780
2026-07-23T01:43:40.108Z,usb,1,3612849267,186274,47686144,256,8000,31.780
2026-07-23T01:43:40.140Z,usb,1,3612849267,186275,47686400,256,8000,31.780
2026-07-23T01:43:40.173Z,usb,1,3612849267,186276,47686656,256,8000,31.780
2026-07-23T01:43:40.204Z,usb,1,3612849267,186277,47686912,256,8000,31.780
2026-07-23T01:43:40.236Z,usb,1,3612849267,186278,47687168,256,8000,31.780
2026-07-23T01:43:40.268Z,usb,1,3612849267,186279,47687424,256,8000,31.780
2026-07-23T01:43:40.300Z,usb,1,3612849267,186280,47687680,256,8000,31.780
2026-07-23T01:43:40.332Z,usb,1,3612849267,186281,47687936,256,8000,31.780
2026-07-23T01:43:40.364Z,usb,1,3612849267,186282,47688192,256,8000,31.780
2026-07-23T01:43:40.396Z,usb,1,3612849267,186283,47688448,256,8000,31.780
2026-07-23T01:43:40.428Z,usb,1,3612849267,186284,47688704,256,8000,31.780
2026-07-23T01:43:40.460Z,usb,1,3612849267,186285,47688960,256,8000,31.780
2026-07-23T01:43:40.492Z,usb,1,3612849267,186286,47689216,256,8000,31.780
2026-07-23T01:43:40.524Z,usb,1,3612849267,186287,47689472,256,8000,31.780
2026-07-23T01:43:40.556Z,usb,1,3612849267,186288,47689728,256,8000,31.780
2026-07-23T01:43:40.588Z,usb,1,3612849267,186289,47689984,256,8000,31.780
2026-07-23T01:43:40.620Z,usb,1,3612849267,186290,47690240,256,8000,31.780
2026-07-23T01:43:40.652Z,usb,1,3612849267,186291,47690496,256,8000,31.780
2026-07-23T01:43:40.684Z,usb,1,3612849267,186292,47690752,256,8000,31.780
2026-07-23T01:43:40.716Z,usb,1,3612849267,186293,47691008,256,8000,31.780
2026-07-23T01:43:40.748Z,usb,1,3612849267,186294,47691264,256,8000,31.780
2026-07-23T01:43:40.780Z,usb,1,3612849267,186295,47691520,256,8000,31.780
2026-07-23T01:43:40.812Z,usb,1,3612849267,186296,47691776,256,8000,31.780
2026-07-23T01:43:40.844Z,usb,1,3612849267,186297,47692032,256,8000,31.780
2026-07-23T01:43:40.876Z,usb,1,3612849267,186298,47692288,256,8000,31.780
2026-07-23T01:43:40.908Z,usb,1,3612849267,186299,47692544,256,8000,31.780
2026-07-23T01:43:40.940Z,usb,1,3612849267,186300,47692800,256,8000,31.780
2026-07-23T01:43:40.972Z,usb,1,3612849267,186301,47693056,256,8000,31.780
2026-07-23T01:43:41.004Z,usb,1,3612849267,186302,47693312,256,8000,31.780
2026-07-23T01:43:41.036Z,usb,1,3612849267,186303,47693568,256,8000,31.780
2026-07-23T01:43:41.068Z,usb,1,3612849267,186304,47693824,256,8000,31.780
2026-07-23T01:43:41.100Z,usb,1,3612849267,186305,47694080,256,8000,31.780
2026-07-23T01:43:41.132Z,usb,1,3612849267,186306,47694336,256,8000,31.780
2026-07-23T01:43:41.164Z,usb,1,3612849267,186307,47694592,256,8000,31.780
2026-07-23T01:43:41.196Z,usb,1,3612849267,186308,47694848,256,8000,31.780
2026-07-23T01:43:41.228Z,usb,1,3612849267,186309,47695104,256,8000,31.780
2026-07-23T01:43:41.260Z,usb,1,3612849267,186310,47695360,256,8000,31.780
2026-07-23T01:43:41.292Z,usb,1,3612849267,186311,47695616,256,8000,31.780
2026-07-23T01:43:41.324Z,usb,1,3612849267,186312,47695872,256,8000,31.780
2026-07-23T01:43:41.356Z,usb,1,3612849267,186313,47696128,256,8000,31.780
2026-07-23T01:43:41.388Z,usb,1,3612849267,186314,47696384,256,8000,31.780
2026-07-23T01:43:41.420Z,usb,1,3612849267,186315,47696640,256,8000,31.780
2026-07-23T01:43:41.452Z,usb,1,3612849267,186316,47696896,256,8000,31.780
2026-07-23T01:43:41.484Z,usb,1,3612849267,186317,47697152,256,8000,31.780
2026-07-23T01:43:41.516Z,usb,1,3612849267,186318,47697408,256,8000,31.780
2026-07-23T01:43:41.548Z,usb,1,3612849267,186319,47697664,256,8000,31.780
2026-07-23T01:43:41.580Z,usb,1,3612849267,186320,47697920,256,8000,31.780
2026-07-23T01:43:41.612Z,usb,1,3612849267,186321,47698176,256,8000,31.780
2026-07-23T01:43:41.644Z,usb,1,3612849267,186322,47698432,256,8000,31.780
2026-07-23T01:43:41.676Z,usb,1,3612849267,186323,47698688,256,8000,31.780
2026-07-23T01:43:41.708Z,usb,1,3612849267,186324,47698944,256,8000,31.780
2026-07-23T01:43:41.740Z,usb,1,3612849267,186325,47699200,256,8000,31.780
2026-07-23T01:43:41.772Z,usb,1,3612849267,186326,47699456,256,8000,31.780
2026-07-23T01:43:41.804Z,usb,1,3612849267,186327,47699712,256,8000,31.780
2026-07-23T01:43:41.836Z,usb,1,3612849267,186328,47699968,256,8000,31.780
2026-07-23T01:43:41.868Z,usb,1,3612849267,186329,47700224,256,8000,31.780
2026-07-23T01:43:41.900Z,usb,1,3612849267,186330,47700480,256,8000,31.780
2026-07-23T01:43:41.932Z,usb,1,3612849267,186331,47700736,256,8000,31.780
2026-07-23T01:43:41.964Z,usb,1,3612849267,186332,47700992,256,8000,31.780
2026-07-23T01:43:41.996Z,usb,1,3612849267,186333,47701248,256,8000,31.780
2026-07-23T01:43:42.028Z,usb,1,3612849267,186334,47701504,256,8000,31.780
2026-07-23T01:43:42.060Z,usb,1,3612849267,186335,47701760,256,8000,31.780
2026-07-23T01:43:42.092Z,usb,1,3612849267,186336,47702016,256,8000,31.780
2026-07-23T01:43:42.124Z,usb,1,3612849267,186337,47702272,256,8000,31.780
2026-07-23T01:43:42.156Z,usb,1,3612849267,186338,47702528,256,8000,31.780
2026-07-23T01:43:42.188Z,usb,1,3612849267,186339,47702784,256,8000,31.780
2026-07-23T01:43:42.220Z,usb,1,3612849267,186340,47703040,256,8000,31.780
2026-07-23T01:43:42.252Z,usb,1,3612849267,186341,47703296,256,8000,31.780
2026-07-23T01:43:42.284Z,usb,1,3612849267,186342,47703552,256,8000,31.780
2026-07-23T01:43:42.316Z,usb,1,3612849267,186343,47703808,256,8000,31.780
2026-07-23T01:43:42.348Z,usb,1,3612849267,186344,47704064,256,8000,31.780
2026-07-23T01:43:42.380Z,usb,1,3612849267,186345,47704320,256,8000,31.780
2026-07-23T01:43:42.412Z,usb,1,3612849267,186346,47704576,256,8000,31.780
2026-07-23T01:43:42.444Z,usb,1,3612849267,186347,47704832,256,8000,31.780
2026-07-23T01:43:42.476Z,usb,1,3612849267,186348,47705088,256,8000,31.780
2026-07-23T01:43:42.508Z,usb,1,3612849267,186349,47705344,256,8000,31.780
2026-07-23T01:43:42.540Z,usb,1,3612849267,186350,47705600,256,8000,31.780
2026-07-23T01:43:42.572Z,usb,1,3612849267,186351,47705856,256,8000,31.780
2026-07-23T01:43:42.604Z,usb,1,3612849267,186352,47706112,256,8000,31.780
2026-07-23T01:43:42.636Z,usb,1,3612849267,186353,47706368,256,8000,31.780
2026-07-23T01:43:42.668Z,usb,1,3612849267,186354,47706624,256,8000,31.780
2026-07-23T01:43:42.700Z,usb,1,3612849267,186355,47706880,256,8000,31.780
2026-07-23T01:43:42.732Z,usb,1,3612849267,186356,47707136,256,8000,31.780
2026-07-23T01:43:42.764Z,usb,1,3612849267,186357,47707392,256,8000,31.780
2026-07-23T01:43:42.796Z,usb,1,3612849267,186358,47707648,256,8000,31.780
2026-07-23T01:43:42.828Z,usb,1,3612849267,186359,47707904,256,8000,31.780
2026-07-23T01:43:42.860Z,usb,1,3612849267,186360,47708160,256,8000,31.780
2026-07-23T01:43:42.892Z,usb,1,3612849267,186361,47708416,256,8000,31.780
2026-07-23T01:43:42.924Z,usb,1,3612849267,186362,47708672,256,8000,31.780
2026-07-23T01:43:42.956Z,usb,1,3612849267,186363,47708928,256,8000,31.780
2026-07-23T01:43:42.988Z,usb,1,3612849267,186364,47709184,256,8000,31.780
2026-07-23T01:43:43.020Z,usb,1,3612849267,186365,47709440,256,8000,31.780
2026-07-23T01:43:43.052Z,usb,1,3612849267,186366,47709696,256,8000,31.780
2026-07-23T01:43:43.084Z,usb,1,3612849267,186367,47709952,256,8000,31.780
2026-07-23T01:43:43.116Z,usb,1,3612849267,186368,47710208,256,8000,31.780
2026-07-23T01:43:43.148Z,usb,1,3612849267,186369,47710464,256,8000,31.780
2026-07-23T01:43:43.180Z,usb,1,3612849267,186370,47710720,256,8000,31.780
2026-07-23T01:43:43.212Z,usb,1,3612849267,186371,47710976,256,8000,31.780
2026-07-23T01:43:43.245Z,usb,1,3612849267,186372,47711232,256,8000,31.780
2026-07-23T01:43:43.276Z,usb,1,3612849267,186373,47711488,256,8000,31.780
2026-07-23T01:43:43.308Z,usb,1,3612849267,186374,47711744,256,8000,31.780
2026-07-23T01:43:43.340Z,usb,1,3612849267,186375,47712000,256,8000,31.780
2026-07-23T01:43:43.372Z,usb,1,3612849267,186376,47712256,256,8000,31.780
2026-07-23T01:43:43.404Z,usb,1,3612849267,186377,47712512,256,8000,31.780
2026-07-23T01:43:43.436Z,usb,1,3612849267,186378,47712768,256,8000,31.780
2026-07-23T01:43:43.468Z,usb,1,3612849267,186379,47713024,256,8000,31.780
2026-07-23T01:43:43.500Z,usb,1,3612849267,186380,47713280,256,8000,31.780
2026-07-23T01:43:43.532Z,usb,1,3612849267,186381,47713536,256,8000,31.780
2026-07-23T01:43:43.564Z,usb,1,3612849267,186382,47713792,256,8000,31.780
2026-07-23T01:43:43.596Z,usb,1,3612849267,186383,47714048,256,8000,31.780
2026-07-23T01:43:43.628Z,usb,1,3612849267,186384,47714304,256,8000,31.780
2026-07-23T01:43:43.660Z,usb,1,3612849267,186385,47714560,256,8000,31.780
2026-07-23T01:43:43.692Z,usb,1,3612849267,186386,47714816,256,8000,31.780
2026-07-23T01:43:43.724Z,usb,1,3612849267,186387,47715072,256,8000,31.780
2026-07-23T01:43:43.756Z,usb,1,3612849267,186388,47715328,256,8000,31.780
2026-07-23T01:43:43.788Z,usb,1,3612849267,186389,47715584,256,8000,31.780
2026-07-23T01:43:43.820Z,usb,1,3612849267,186390,47715840,256,8000,31.780
2026-07-23T01:43:43.852Z,usb,1,3612849267,186391,47716096,256,8000,31.780
2026-07-23T01:43:43.884Z,usb,1,3612849267,186392,47716352,256,8000,31.780
2026-07-23T01:43:43.916Z,usb,1,3612849267,186393,47716608,256,8000,31.780
2026-07-23T01:43:43.948Z,usb,1,3612849267,186394,47716864,256,8000,31.780
2026-07-23T01:43:43.980Z,usb,1,3612849267,186395,47717120,256,8000,31.780
2026-07-23T01:43:44.012Z,usb,1,3612849267,186396,47717376,256,8000,31.780
2026-07-23T01:43:44.044Z,usb,1,3612849267,186397,47717632,256,8000,31.780
2026-07-23T01:43:44.076Z,usb,1,3612849267,186398,47717888,256,8000,31.780
2026-07-23T01:43:44.108Z,usb,1,3612849267,186399,47718144,256,8000,31.780
2026-07-23T01:43:44.140Z,usb,1,3612849267,186400,47718400,256,8000,31.780
2026-07-23T01:43:44.172Z,usb,1,3612849267,186401,47718656,256,8000,31.780
2026-07-23T01:43:44.204Z,usb,1,3612849267,186402,47718912,256,8000,31.780
2026-07-23T01:43:44.236Z,usb,1,3612849267,186403,47719168,256,8000,31.780
2026-07-23T01:43:44.269Z,usb,1,3612849267,186404,47719424,256,8000,31.780
2026-07-23T01:43:44.300Z,usb,1,3612849267,186405,47719680,256,8000,31.780
2026-07-23T01:43:44.332Z,usb,1,3612849267,186406,47719936,256,8000,31.780
2026-07-23T01:43:44.364Z,usb,1,3612849267,186407,47720192,256,8000,31.780
2026-07-23T01:43:44.396Z,usb,1,3612849267,186408,47720448,256,8000,31.780
2026-07-23T01:43:44.428Z,usb,1,3612849267,186409,47720704,256,8000,31.780
2026-07-23T01:43:44.460Z,usb,1,3612849267,186410,47720960,256,8000,31.780
2026-07-23T01:43:44.492Z,usb,1,3612849267,186411,47721216,256,8000,31.780
2026-07-23T01:43:44.524Z,usb,1,3612849267,186412,47721472,256,8000,31.780
2026-07-23T01:43:44.556Z,usb,1,3612849267,186413,47721728,256,8000,31.780
2026-07-23T01:43:44.588Z,usb,1,3612849267,186414,47721984,256,8000,31.780
2026-07-23T01:43:44.620Z,usb,1,3612849267,186415,47722240,256,8000,31.780
2026-07-23T01:43:44.652Z,usb,1,3612849267,186416,47722496,256,8000,31.780
2026-07-23T01:43:44.684Z,usb,1,3612849267,186417,47722752,256,8000,31.780
2026-07-23T01:43:44.716Z,usb,1,3612849267,186418,47723008,256,8000,31.780
2026-07-23T01:43:44.748Z,usb,1,3612849267,186419,47723264,256,8000,31.780
2026-07-23T01:43:44.780Z,usb,1,3612849267,186420,47723520,256,8000,31.780
2026-07-23T01:43:44.812Z,usb,1,3612849267,186421,47723776,256,8000,31.780
2026-07-23T01:43:44.844Z,usb,1,3612849267,186422,47724032,256,8000,31.780
2026-07-23T01:43:44.876Z,usb,1,3612849267,186423,47724288,256,8000,31.780
2026-07-23T01:43:44.908Z,usb,1,3612849267,186424,47724544,256,8000,31.780
2026-07-23T01:43:44.940Z,usb,1,3612849267,186425,47724800,256,8000,31.780
2026-07-23T01:43:44.972Z,usb,1,3612849267,186426,47725056,256,8000,31.780
2026-07-23T01:43:45.004Z,usb,1,3612849267,186427,47725312,256,8000,31.780
2026-07-23T01:43:45.036Z,usb,1,3612849267,186428,47725568,256,8000,31.780
2026-07-23T01:43:45.068Z,usb,1,3612849267,186429,47725824,256,8000,31.780
2026-07-23T01:43:45.100Z,usb,1,3612849267,186430,47726080,256,8000,31.780
2026-07-23T01:43:45.132Z,usb,1,3612849267,186431,47726336,256,8000,31.780
2026-07-23T01:43:45.164Z,usb,1,3612849267,186432,47726592,256,8000,31.780
2026-07-23T01:43:45.196Z,usb,1,3612849267,186433,47726848,256,8000,31.780
2026-07-23T01:43:45.228Z,usb,1,3612849267,186434,47727104,256,8000,31.780
2026-07-23T01:43:45.260Z,usb,1,3612849267,186435,47727360,256,8000,31.780
2026-07-23T01:43:45.293Z,usb,1,3612849267,186436,47727616,256,8000,31.780
2026-07-23T01:43:45.324Z,usb,1,3612849267,186437,47727872,256,8000,31.780
2026-07-23T01:43:45.356Z,usb,1,3612849267,186438,47728128,256,8000,31.780
2026-07-23T01:43:45.388Z,usb,1,3612849267,186439,47728384,256,8000,31.780
2026-07-23T01:43:45.420Z,usb,1,3612849267,186440,47728640,256,8000,31.780
2026-07-23T01:43:45.452Z,usb,1,3612849267,186441,47728896,256,8000,31.780
2026-07-23T01:43:45.484Z,usb,1,3612849267,186442,47729152,256,8000,31.780
2026-07-23T01:43:45.516Z,usb,1,3612849267,186443,47729408,256,8000,31.780
2026-07-23T01:43:45.548Z,usb,1,3612849267,186444,47729664,256,8000,31.780
2026-07-23T01:43:45.580Z,usb,1,3612849267,186445,47729920,256,8000,31.780
2026-07-23T01:43:45.612Z,usb,1,3612849267,186446,47730176,256,8000,31.780
2026-07-23T01:43:45.644Z,usb,1,3612849267,186447,47730432,256,8000,31.780
2026-07-23T01:43:45.676Z,usb,1,3612849267,186448,47730688,256,8000,31.780
2026-07-23T01:43:45.708Z,usb,1,3612849267,186449,47730944,256,8000,31.780
2026-07-23T01:43:45.740Z,usb,1,3612849267,186450,47731200,256,8000,31.780
2026-07-23T01:43:45.772Z,usb,1,3612849267,186451,47731456,256,8000,31.780
2026-07-23T01:43:45.804Z,usb,1,3612849267,186452,47731712,256,8000,31.780
2026-07-23T01:43:45.836Z,usb,1,3612849267,186453,47731968,256,8000,31.780
2026-07-23T01:43:45.868Z,usb,1,3612849267,186454,47732224,256,8000,31.780
2026-07-23T01:43:45.900Z,usb,1,3612849267,186455,47732480,256,8000,31.780
2026-07-23T01:43:45.932Z,usb,1,3612849267,186456,47732736,256,8000,31.780
2026-07-23T01:43:45.964Z,usb,1,3612849267,186457,47732992,256,8000,31.780
2026-07-23T01:43:45.996Z,usb,1,3612849267,186458,47733248,256,8000,31.780
2026-07-23T01:43:46.028Z,usb,1,3612849267,186459,47733504,256,8000,31.780
2026-07-23T01:43:46.060Z,usb,1,3612849267,186460,47733760,256,8000,31.780
2026-07-23T01:43:46.092Z,usb,1,3612849267,186461,47734016,256,8000,31.780
2026-07-23T01:43:46.124Z,usb,1,3612849267,186462,47734272,256,8000,31.780
2026-07-23T01:43:46.156Z,usb,1,3612849267,186463,47734528,256,8000,31.780
2026-07-23T01:43:46.188Z,usb,1,3612849267,186464,47734784,256,8000,31.780
2026-07-23T01:43:46.220Z,usb,1,3612849267,186465,47735040,256,8000,31.780
2026-07-23T01:43:46.252Z,usb,1,3612849267,186466,47735296,256,8000,31.780
2026-07-23T01:43:46.284Z,usb,1,3612849267,186467,47735552,256,8000,31.780
2026-07-23T01:43:46.317Z,usb,1,3612849267,186468,47735808,256,8000,31.770
2026-07-23T01:43:46.348Z,usb,1,3612849267,186469,47736064,256,8000,31.770
2026-07-23T01:43:46.380Z,usb,1,3612849267,186470,47736320,256,8000,31.770
2026-07-23T01:43:46.412Z,usb,1,3612849267,186471,47736576,256,8000,31.770
2026-07-23T01:43:46.444Z,usb,1,3612849267,186472,47736832,256,8000,31.770
2026-07-23T01:43:46.476Z,usb,1,3612849267,186473,47737088,256,8000,31.770
2026-07-23T01:43:46.508Z,usb,1,3612849267,186474,47737344,256,8000,31.770
2026-07-23T01:43:46.540Z,usb,1,3612849267,186475,47737600,256,8000,31.770
2026-07-23T01:43:46.572Z,usb,1,3612849267,186476,47737856,256,8000,31.770
2026-07-23T01:43:46.604Z,usb,1,3612849267,186477,47738112,256,8000,31.770
2026-07-23T01:43:46.636Z,usb,1,3612849267,186478,47738368,256,8000,31.770
2026-07-23T01:43:46.668Z,usb,1,3612849267,186479,47738624,256,8000,31.770
2026-07-23T01:43:46.700Z,usb,1,3612849267,186480,47738880,256,8000,31.770
2026-07-23T01:43:46.732Z,usb,1,3612849267,186481,47739136,256,8000,31.770
2026-07-23T01:43:46.764Z,usb,1,3612849267,186482,47739392,256,8000,31.770
2026-07-23T01:43:46.796Z,usb,1,3612849267,186483,47739648,256,8000,31.770
2026-07-23T01:43:46.828Z,usb,1,3612849267,186484,47739904,256,8000,31.770
2026-07-23T01:43:46.860Z,usb,1,3612849267,186485,47740160,256,8000,31.770
2026-07-23T01:43:46.892Z,usb,1,3612849267,186486,47740416,256,8000,31.770
2026-07-23T01:43:46.924Z,usb,1,3612849267,186487,47740672,256,8000,31.770
2026-07-23T01:43:46.956Z,usb,1,3612849267,186488,47740928,256,8000,31.770
2026-07-23T01:43:46.988Z,usb,1,3612849267,186489,47741184,256,8000,31.770
2026-07-23T01:43:47.020Z,usb,1,3612849267,186490,47741440,256,8000,31.770
2026-07-23T01:43:47.052Z,usb,1,3612849267,186491,47741696,256,8000,31.770
2026-07-23T01:43:47.084Z,usb,1,3612849267,186492,47741952,256,8000,31.770
2026-07-23T01:43:47.116Z,usb,1,3612849267,186493,47742208,256,8000,31.770
2026-07-23T01:43:47.148Z,usb,1,3612849267,186494,47742464,256,8000,31.770
2026-07-23T01:43:47.180Z,usb,1,3612849267,186495,47742720,256,8000,31.770
2026-07-23T01:43:47.212Z,usb,1,3612849267,186496,47742976,256,8000,31.770
2026-07-23T01:43:47.244Z,usb,1,3612849267,186497,47743232,256,8000,31.770
2026-07-23T01:43:47.276Z,usb,1,3612849267,186498,47743488,256,8000,31.770
2026-07-23T01:43:47.308Z,usb,1,3612849267,186499,47743744,256,8000,31.770
2026-07-23T01:43:47.341Z,usb,1,3612849267,186500,47744000,256,8000,31.770
2026-07-23T01:43:47.372Z,usb,1,3612849267,186501,47744256,256,8000,31.770
2026-07-23T01:43:47.404Z,usb,1,3612849267,186502,47744512,256,8000,31.770
2026-07-23T01:43:47.436Z,usb,1,3612849267,186503,47744768,256,8000,31.770
2026-07-23T01:43:47.468Z,usb,1,3612849267,186504,47745024,256,8000,31.770
2026-07-23T01:43:47.500Z,usb,1,3612849267,186505,47745280,256,8000,31.770
2026-07-23T01:43:47.532Z,usb,1,3612849267,186506,47745536,256,8000,31.770
2026-07-23T01:43:47.564Z,usb,1,3612849267,186507,47745792,256,8000,31.770
2026-07-23T01:43:47.596Z,usb,1,3612849267,186508,47746048,256,8000,31.770
2026-07-23T01:43:47.628Z,usb,1,3612849267,186509,47746304,256,8000,31.770
2026-07-23T01:43:47.660Z,usb,1,3612849267,186510,47746560,256,8000,31.770
2026-07-23T01:43:47.692Z,usb,1,3612849267,186511,47746816,256,8000,31.770
2026-07-23T01:43:47.724Z,usb,1,3612849267,186512,47747072,256,8000,31.770
2026-07-23T01:43:47.756Z,usb,1,3612849267,186513,47747328,256,8000,31.770
2026-07-23T01:43:47.788Z,usb,1,3612849267,186514,47747584,256,8000,31.770
2026-07-23T01:43:47.820Z,usb,1,3612849267,186515,47747840,256,8000,31.770
2026-07-23T01:43:47.852Z,usb,1,3612849267,186516,47748096,256,8000,31.770
2026-07-23T01:43:47.884Z,usb,1,3612849267,186517,47748352,256,8000,31.770
2026-07-23T01:43:47.916Z,usb,1,3612849267,186518,47748608,256,8000,31.770
2026-07-23T01:43:47.948Z,usb,1,3612849267,186519,47748864,256,8000,31.770
2026-07-23T01:43:47.980Z,usb,1,3612849267,186520,47749120,256,8000,31.770
2026-07-23T01:43:48.012Z,usb,1,3612849267,186521,47749376,256,8000,31.770
2026-07-23T01:43:48.044Z,usb,1,3612849267,186522,47749632,256,8000,31.770
2026-07-23T01:43:48.076Z,usb,1,3612849267,186523,47749888,256,8000,31.770
2026-07-23T01:43:48.108Z,usb,1,3612849267,186524,47750144,256,8000,31.770
2026-07-23T01:43:48.140Z,usb,1,3612849267,186525,47750400,256,8000,31.770
2026-07-23T01:43:48.172Z,usb,1,3612849267,186526,47750656,256,8000,31.770
2026-07-23T01:43:48.204Z,usb,1,3612849267,186527,47750912,256,8000,31.770
2026-07-23T01:43:48.236Z,usb,1,3612849267,186528,47751168,256,8000,31.770
2026-07-23T01:43:48.268Z,usb,1,3612849267,186529,47751424,256,8000,31.770
2026-07-23T01:43:48.300Z,usb,1,3612849267,186530,47751680,256,8000,31.770
2026-07-23T01:43:48.332Z,usb,1,3612849267,186531,47751936,256,8000,31.770
2026-07-23T01:43:48.365Z,usb,1,3612849267,186532,47752192,256,8000,31.770
2026-07-23T01:43:48.396Z,usb,1,3612849267,186533,47752448,256,8000,31.770
2026-07-23T01:43:48.428Z,usb,1,3612849267,186534,47752704,256,8000,31.770
2026-07-23T01:43:48.460Z,usb,1,3612849267,186535,47752960,256,8000,31.770
2026-07-23T01:43:48.492Z,usb,1,3612849267,186536,47753216,256,8000,31.770
2026-07-23T01:43:48.524Z,usb,1,3612849267,186537,47753472,256,8000,31.770
2026-07-23T01:43:48.556Z,usb,1,3612849267,186538,47753728,256,8000,31.770
2026-07-23T01:43:48.588Z,usb,1,3612849267,186539,47753984,256,8000,31.770
2026-07-23T01:43:48.620Z,usb,1,3612849267,186540,47754240,256,8000,31.770
2026-07-23T01:43:48.652Z,usb,1,3612849267,186541,47754496,256,8000,31.770
2026-07-23T01:43:48.684Z,usb,1,3612849267,186542,47754752,256,8000,31.770
2026-07-23T01:43:48.716Z,usb,1,3612849267,186543,47755008,256,8000,31.770
2026-07-23T01:43:48.748Z,usb,1,3612849267,186544,47755264,256,8000,31.770
2026-07-23T01:43:48.780Z,usb,1,3612849267,186545,47755520,256,8000,31.770
2026-07-23T01:43:48.812Z,usb,1,3612849267,186546,47755776,256,8000,31.770
2026-07-23T01:43:48.844Z,usb,1,3612849267,186547,47756032,256,8000,31.770
2026-07-23T01:43:48.876Z,usb,1,3612849267,186548,47756288,256,8000,31.770
2026-07-23T01:43:48.908Z,usb,1,3612849267,186549,47756544,256,8000,31.770
2026-07-23T01:43:48.940Z,usb,1,3612849267,186550,47756800,256,8000,31.770
2026-07-23T01:43:48.972Z,usb,1,3612849267,186551,47757056,256,8000,31.770
2026-07-23T01:43:49.004Z,usb,1,3612849267,186552,47757312,256,8000,31.770
2026-07-23T01:43:49.036Z,usb,1,3612849267,186553,47757568,256,8000,31.770
2026-07-23T01:43:49.068Z,usb,1,3612849267,186554,47757824,256,8000,31.770
2026-07-23T01:43:49.100Z,usb,1,3612849267,186555,47758080,256,8000,31.770
2026-07-23T01:43:49.132Z,usb,1,3612849267,186556,47758336,256,8000,31.770
2026-07-23T01:43:49.164Z,usb,1,3612849267,186557,47758592,256,8000,31.770
2026-07-23T01:43:49.196Z,usb,1,3612849267,186558,47758848,256,8000,31.770
2026-07-23T01:43:49.228Z,usb,1,3612849267,186559,47759104,256,8000,31.770
2026-07-23T01:43:49.260Z,usb,1,3612849267,186560,47759360,256,8000,31.770
2026-07-23T01:43:49.292Z,usb,1,3612849267,186561,47759616,256,8000,31.770
2026-07-23T01:43:49.324Z,usb,1,3612849267,186562,47759872,256,8000,31.770
2026-07-23T01:43:49.356Z,usb,1,3612849267,186563,47760128,256,8000,31.770
2026-07-23T01:43:49.389Z,usb,1,3612849267,186564,47760384,256,8000,31.770
2026-07-23T01:43:49.420Z,usb,1,3612849267,186565,47760640,256,8000,31.770
2026-07-23T01:43:49.452Z,usb,1,3612849267,186566,47760896,256,8000,31.770
2026-07-23T01:43:49.484Z,usb,1,3612849267,186567,47761152,256,8000,31.770
2026-07-23T01:43:49.516Z,usb,1,3612849267,186568,47761408,256,8000,31.770
2026-07-23T01:43:49.548Z,usb,1,3612849267,186569,47761664,256,8000,31.770
2026-07-23T01:43:49.580Z,usb,1,3612849267,186570,47761920,256,8000,31.770
2026-07-23T01:43:49.612Z,usb,1,3612849267,186571,47762176,256,8000,31.770
2026-07-23T01:43:49.644Z,usb,1,3612849267,186572,47762432,256,8000,31.770
2026-07-23T01:43:49.676Z,usb,1,3612849267,186573,47762688,256,8000,31.770
2026-07-23T01:43:49.708Z,usb,1,3612849267,186574,47762944,256,8000,31.770
2026-07-23T01:43:49.740Z,usb,1,3612849267,186575,47763200,256,8000,31.770
2026-07-23T01:43:49.772Z,usb,1,3612849267,186576,47763456,256,8000,31.770
2026-07-23T01:43:49.804Z,usb,1,3612849267,186577,47763712,256,8000,31.770
2026-07-23T01:43:49.836Z,usb,1,3612849267,186578,47763968,256,8000,31.770
2026-07-23T01:43:49.868Z,usb,1,3612849267,186579,47764224,256,8000,31.770
2026-07-23T01:43:49.900Z,usb,1,3612849267,186580,47764480,256,8000,31.770
2026-07-23T01:43:49.932Z,usb,1,3612849267,186581,47764736,256,8000,31.770
2026-07-23T01:43:49.964Z,usb,1,3612849267,186582,47764992,256,8000,31.770
2026-07-23T01:43:49.996Z,usb,1,3612849267,186583,47765248,256,8000,31.770
2026-07-23T01:43:50.028Z,usb,1,3612849267,186584,47765504,256,8000,31.770
2026-07-23T01:43:50.060Z,usb,1,3612849267,186585,47765760,256,8000,31.770
2026-07-23T01:43:50.092Z,usb,1,3612849267,186586,47766016,256,8000,31.770
2026-07-23T01:43:50.124Z,usb,1,3612849267,186587,47766272,256,8000,31.770
2026-07-23T01:43:50.156Z,usb,1,3612849267,186588,47766528,256,8000,31.770
2026-07-23T01:43:50.188Z,usb,1,3612849267,186589,47766784,256,8000,31.770
2026-07-23T01:43:50.220Z,usb,1,3612849267,186590,47767040,256,8000,31.770
2026-07-23T01:43:50.252Z,usb,1,3612849267,186591,47767296,256,8000,31.770
2026-07-23T01:43:50.284Z,usb,1,3612849267,186592,47767552,256,8000,31.770
2026-07-23T01:43:50.316Z,usb,1,3612849267,186593,47767808,256,8000,31.770
2026-07-23T01:43:50.348Z,usb,1,3612849267,186594,47768064,256,8000,31.770
2026-07-23T01:43:50.380Z,usb,1,3612849267,186595,47768320,256,8000,31.770
2026-07-23T01:43:50.413Z,usb,1,3612849267,186596,47768576,256,8000,31.770
2026-07-23T01:43:50.444Z,usb,1,3612849267,186597,47768832,256,8000,31.770
2026-07-23T01:43:50.476Z,usb,1,3612849267,186598,47769088,256,8000,31.770
2026-07-23T01:43:50.508Z,usb,1,3612849267,186599,47769344,256,8000,31.770
2026-07-23T01:43:50.540Z,usb,1,3612849267,186600,47769600,256,8000,31.770
2026-07-23T01:43:50.572Z,usb,1,3612849267,186601,47769856,256,8000,31.770
2026-07-23T01:43:50.604Z,usb,1,3612849267,186602,47770112,256,8000,31.770
2026-07-23T01:43:50.636Z,usb,1,3612849267,186603,47770368,256,8000,31.770
2026-07-23T01:43:50.668Z,usb,1,3612849267,186604,47770624,256,8000,31.770
2026-07-23T01:43:50.700Z,usb,1,3612849267,186605,47770880,256,8000,31.770
2026-07-23T01:43:50.732Z,usb,1,3612849267,186606,47771136,256,8000,31.770
2026-07-23T01:43:50.764Z,usb,1,3612849267,186607,47771392,256,8000,31.770
2026-07-23T01:43:50.796Z,usb,1,3612849267,186608,47771648,256,8000,31.770
2026-07-23T01:43:50.828Z,usb,1,3612849267,186609,47771904,256,8000,31.770
2026-07-23T01:43:50.860Z,usb,1,3612849267,186610,47772160,256,8000,31.770
2026-07-23T01:43:50.892Z,usb,1,3612849267,186611,47772416,256,8000,31.770
2026-07-23T01:43:50.924Z,usb,1,3612849267,186612,47772672,256,8000,31.770
2026-07-23T01:43:50.956Z,usb,1,3612849267,186613,47772928,256,8000,31.770
2026-07-23T01:43:50.988Z,usb,1,3612849267,186614,47773184,256,8000,31.770
2026-07-23T01:43:51.020Z,usb,1,3612849267,186615,47773440,256,8000,31.770
2026-07-23T01:43:51.052Z,usb,1,3612849267,186616,47773696,256,8000,31.770
2026-07-23T01:43:51.084Z,usb,1,3612849267,186617,47773952,256,8000,31.770
2026-07-23T01:43:51.116Z,usb,1,3612849267,186618,47774208,256,8000,31.770
2026-07-23T01:43:51.148Z,usb,1,3612849267,186619,47774464,256,8000,31.770
2026-07-23T01:43:51.180Z,usb,1,3612849267,186620,47774720,256,8000,31.770
2026-07-23T01:43:51.212Z,usb,1,3612849267,186621,47774976,256,8000,31.770
2026-07-23T01:43:51.244Z,usb,1,3612849267,186622,47775232,256,8000,31.770
2026-07-23T01:43:51.276Z,usb,1,3612849267,186623,47775488,256,8000,31.770
2026-07-23T01:43:51.308Z,usb,1,3612849267,186624,47775744,256,8000,31.770
2026-07-23T01:43:51.340Z,usb,1,3612849267,186625,47776000,256,8000,31.770
2026-07-23T01:43:51.372Z,usb,1,3612849267,186626,47776256,256,8000,31.770
2026-07-23T01:43:51.404Z,usb,1,3612849267,186627,47776512,256,8000,31.770
2026-07-23T01:43:51.437Z,usb,1,3612849267,186628,47776768,256,8000,31.770
2026-07-23T01:43:51.468Z,usb,1,3612849267,186629,47777024,256,8000,31.770
2026-07-23T01:43:51.500Z,usb,1,3612849267,186630,47777280,256,8000,31.770
2026-07-23T01:43:51.532Z,usb,1,3612849267,186631,47777536,256,8000,31.770
2026-07-23T01:43:51.564Z,usb,1,3612849267,186632,47777792,256,8000,31.770
2026-07-23T01:43:51.596Z,usb,1,3612849267,186633,47778048,256,8000,31.770
2026-07-23T01:43:51.628Z,usb,1,3612849267,186634,47778304,256,8000,31.770
2026-07-23T01:43:51.660Z,usb,1,3612849267,186635,47778560,256,8000,31.770
2026-07-23T01:43:51.692Z,usb,1,3612849267,186636,47778816,256,8000,31.770
2026-07-23T01:43:51.724Z,usb,1,3612849267,186637,47779072,256,8000,31.770
2026-07-23T01:43:51.756Z,usb,1,3612849267,186638,47779328,256,8000,31.770
2026-07-23T01:43:51.788Z,usb,1,3612849267,186639,47779584,256,8000,31.770
2026-07-23T01:43:51.820Z,usb,1,3612849267,186640,47779840,256,8000,31.770
2026-07-23T01:43:51.852Z,usb,1,3612849267,186641,47780096,256,8000,31.770
2026-07-23T01:43:51.884Z,usb,1,3612849267,186642,47780352,256,8000,31.770
2026-07-23T01:43:51.916Z,usb,1,3612849267,186643,47780608,256,8000,31.770
2026-07-23T01:43:51.948Z,usb,1,3612849267,186644,47780864,256,8000,31.770
2026-07-23T01:43:51.980Z,usb,1,3612849267,186645,47781120,256,8000,31.770
2026-07-23T01:43:52.012Z,usb,1,3612849267,186646,47781376,256,8000,31.770
2026-07-23T01:43:52.044Z,usb,1,3612849267,186647,47781632,256,8000,31.770
2026-07-23T01:43:52.076Z,usb,1,3612849267,186648,47781888,256,8000,31.770
2026-07-23T01:43:52.108Z,usb,1,3612849267,186649,47782144,256,8000,31.770
2026-07-23T01:43:52.140Z,usb,1,3612849267,186650,47782400,256,8000,31.770
2026-07-23T01:43:52.172Z,usb,1,3612849267,186651,47782656,256,8000,31.770
2026-07-23T01:43:52.204Z,usb,1,3612849267,186652,47782912,256,8000,31.770
2026-07-23T01:43:52.236Z,usb,1,3612849267,186653,47783168,256,8000,31.770
2026-07-23T01:43:52.268Z,usb,1,3612849267,186654,47783424,256,8000,31.770
2026-07-23T01:43:52.300Z,usb,1,3612849267,186655,47783680,256,8000,31.770
2026-07-23T01:43:52.332Z,usb,1,3612849267,186656,47783936,256,8000,31.770
2026-07-23T01:43:52.364Z,usb,1,3612849267,186657,47784192,256,8000,31.770
2026-07-23T01:43:52.396Z,usb,1,3612849267,186658,47784448,256,8000,31.770
2026-07-23T01:43:52.428Z,usb,1,3612849267,186659,47784704,256,8000,31.770
2026-07-23T01:43:52.460Z,usb,1,3612849267,186660,47784960,256,8000,31.770
2026-07-23T01:43:52.492Z,usb,1,3612849267,186661,47785216,256,8000,31.770
2026-07-23T01:43:52.524Z,usb,1,3612849267,186662,47785472,256,8000,31.770
2026-07-23T01:43:52.556Z,usb,1,3612849267,186663,47785728,256,8000,31.770
2026-07-23T01:43:52.588Z,usb,1,3612849267,186664,47785984,256,8000,31.770
2026-07-23T01:43:52.620Z,usb,1,3612849267,186665,47786240,256,8000,31.770
2026-07-23T01:43:52.652Z,usb,1,3612849267,186666,47786496,256,8000,31.770
2026-07-23T01:43:52.684Z,usb,1,3612849267,186667,47786752,256,8000,31.770
2026-07-23T01:43:52.716Z,usb,1,3612849267,186668,47787008,256,8000,31.770
2026-07-23T01:43:52.748Z,usb,1,3612849267,186669,47787264,256,8000,31.770
2026-07-23T01:43:52.780Z,usb,1,3612849267,186670,47787520,256,8000,31.770
2026-07-23T01:43:52.812Z,usb,1,3612849267,186671,47787776,256,8000,31.770
2026-07-23T01:43:52.844Z,usb,1,3612849267,186672,47788032,256,8000,31.770
2026-07-23T01:43:52.876Z,usb,1,3612849267,186673,47788288,256,8000,31.770
2026-07-23T01:43:52.908Z,usb,1,3612849267,186674,47788544,256,8000,31.770
2026-07-23T01:43:52.940Z,usb,1,3612849267,186675,47788800,256,8000,31.770
2026-07-23T01:43:52.972Z,usb,1,3612849267,186676,47789056,256,8000,31.770
2026-07-23T01:43:53.004Z,usb,1,3612849267,186677,47789312,256,8000,31.770
2026-07-23T01:43:53.036Z,usb,1,3612849267,186678,47789568,256,8000,31.770
2026-07-23T01:43:53.068Z,usb,1,3612849267,186679,47789824,256,8000,31.770
2026-07-23T01:43:53.100Z,usb,1,3612849267,186680,47790080,256,8000,31.770
2026-07-23T01:43:53.132Z,usb,1,3612849267,186681,47790336,256,8000,31.770
2026-07-23T01:43:53.164Z,usb,1,3612849267,186682,47790592,256,8000,31.770
2026-07-23T01:43:53.196Z,usb,1,3612849267,186683,47790848,256,8000,31.770
2026-07-23T01:43:53.228Z,usb,1,3612849267,186684,47791104,256,8000,31.770
2026-07-23T01:43:53.260Z,usb,1,3612849267,186685,47791360,256,8000,31.770
2026-07-23T01:43:53.292Z,usb,1,3612849267,186686,47791616,256,8000,31.770
2026-07-23T01:43:53.324Z,usb,1,3612849267,186687,47791872,256,8000,31.770
2026-07-23T01:43:53.356Z,usb,1,3612849267,186688,47792128,256,8000,31.770
2026-07-23T01:43:53.388Z,usb,1,3612849267,186689,47792384,256,8000,31.770
2026-07-23T01:43:53.420Z,usb,1,3612849267,186690,47792640,256,8000,31.770
2026-07-23T01:43:53.452Z,usb,1,3612849267,186691,47792896,256,8000,31.770
2026-07-23T01:43:53.485Z,usb,1,3612849267,186692,47793152,256,8000,31.780
2026-07-23T01:43:53.516Z,usb,1,3612849267,186693,47793408,256,8000,31.780
2026-07-23T01:43:53.548Z,usb,1,3612849267,186694,47793664,256,8000,31.780
2026-07-23T01:43:53.580Z,usb,1,3612849267,186695,47793920,256,8000,31.780
2026-07-23T01:43:53.612Z,usb,1,3612849267,186696,47794176,256,8000,31.780
2026-07-23T01:43:53.644Z,usb,1,3612849267,186697,47794432,256,8000,31.780
2026-07-23T01:43:53.676Z,usb,1,3612849267,186698,47794688,256,8000,31.780
2026-07-23T01:43:53.708Z,usb,1,3612849267,186699,47794944,256,8000,31.780
2026-07-23T01:43:53.740Z,usb,1,3612849267,186700,47795200,256,8000,31.780
2026-07-23T01:43:53.772Z,usb,1,3612849267,186701,47795456,256,8000,31.780
2026-07-23T01:43:53.804Z,usb,1,3612849267,186702,47795712,256,8000,31.780
2026-07-23T01:43:53.836Z,usb,1,3612849267,186703,47795968,256,8000,31.780
2026-07-23T01:43:53.868Z,usb,1,3612849267,186704,47796224,256,8000,31.780
2026-07-23T01:43:53.900Z,usb,1,3612849267,186705,47796480,256,8000,31.780
2026-07-23T01:43:53.932Z,usb,1,3612849267,186706,47796736,256,8000,31.780
2026-07-23T01:43:53.964Z,usb,1,3612849267,186707,47796992,256,8000,31.780
2026-07-23T01:43:53.996Z,usb,1,3612849267,186708,47797248,256,8000,31.780
2026-07-23T01:43:54.028Z,usb,1,3612849267,186709,47797504,256,8000,31.780
2026-07-23T01:43:54.060Z,usb,1,3612849267,186710,47797760,256,8000,31.780
2026-07-23T01:43:54.092Z,usb,1,3612849267,186711,47798016,256,8000,31.780
2026-07-23T01:43:54.124Z,usb,1,3612849267,186712,47798272,256,8000,31.780
2026-07-23T01:43:54.156Z,usb,1,3612849267,186713,47798528,256,8000,31.780
2026-07-23T01:43:54.188Z,usb,1,3612849267,186714,47798784,256,8000,31.780
2026-07-23T01:43:54.220Z,usb,1,3612849267,186715,47799040,256,8000,31.780
2026-07-23T01:43:54.252Z,usb,1,3612849267,186716,47799296,256,8000,31.780
2026-07-23T01:43:54.284Z,usb,1,3612849267,186717,47799552,256,8000,31.780
2026-07-23T01:43:54.316Z,usb,1,3612849267,186718,47799808,256,8000,31.780
2026-07-23T01:43:54.348Z,usb,1,3612849267,186719,47800064,256,8000,31.780
2026-07-23T01:43:54.380Z,usb,1,3612849267,186720,47800320,256,8000,31.780
2026-07-23T01:43:54.412Z,usb,1,3612849267,186721,47800576,256,8000,31.780
2026-07-23T01:43:54.444Z,usb,1,3612849267,186722,47800832,256,8000,31.780
2026-07-23T01:43:54.476Z,usb,1,3612849267,186723,47801088,256,8000,31.780
2026-07-23T01:43:54.509Z,usb,1,3612849267,186724,47801344,256,8000,31.770
2026-07-23T01:43:54.540Z,usb,1,3612849267,186725,47801600,256,8000,31.770
2026-07-23T01:43:54.572Z,usb,1,3612849267,186726,47801856,256,8000,31.770
2026-07-23T01:43:54.604Z,usb,1,3612849267,186727,47802112,256,8000,31.770
2026-07-23T01:43:54.636Z,usb,1,3612849267,186728,47802368,256,8000,31.770
2026-07-23T01:43:54.668Z,usb,1,3612849267,186729,47802624,256,8000,31.770
2026-07-23T01:43:54.700Z,usb,1,3612849267,186730,47802880,256,8000,31.770
2026-07-23T01:43:54.732Z,usb,1,3612849267,186731,47803136,256,8000,31.770
2026-07-23T01:43:54.764Z,usb,1,3612849267,186732,47803392,256,8000,31.770
2026-07-23T01:43:54.796Z,usb,1,3612849267,186733,47803648,256,8000,31.770
2026-07-23T01:43:54.828Z,usb,1,3612849267,186734,47803904,256,8000,31.770
2026-07-23T01:43:54.860Z,usb,1,3612849267,186735,47804160,256,8000,31.770
2026-07-23T01:43:54.892Z,usb,1,3612849267,186736,47804416,256,8000,31.770
2026-07-23T01:43:54.924Z,usb,1,3612849267,186737,47804672,256,8000,31.770
2026-07-23T01:43:54.956Z,usb,1,3612849267,186738,47804928,256,8000,31.770
2026-07-23T01:43:54.988Z,usb,1,3612849267,186739,47805184,256,8000,31.770
2026-07-23T01:43:55.020Z,usb,1,3612849267,186740,47805440,256,8000,31.770
2026-07-23T01:43:55.052Z,usb,1,3612849267,186741,47805696,256,8000,31.770
2026-07-23T01:43:55.084Z,usb,1,3612849267,186742,47805952,256,8000,31.770
2026-07-23T01:43:55.116Z,usb,1,3612849267,186743,47806208,256,8000,31.770
2026-07-23T01:43:55.148Z,usb,1,3612849267,186744,47806464,256,8000,31.770
2026-07-23T01:43:55.180Z,usb,1,3612849267,186745,47806720,256,8000,31.770
2026-07-23T01:43:55.212Z,usb,1,3612849267,186746,47806976,256,8000,31.770
2026-07-23T01:43:55.244Z,usb,1,3612849267,186747,47807232,256,8000,31.770
2026-07-23T01:43:55.276Z,usb,1,3612849267,186748,47807488,256,8000,31.770
2026-07-23T01:43:55.308Z,usb,1,3612849267,186749,47807744,256,8000,31.770
2026-07-23T01:43:55.340Z,usb,1,3612849267,186750,47808000,256,8000,31.770
2026-07-23T01:43:55.372Z,usb,1,3612849267,186751,47808256,256,8000,31.770
2026-07-23T01:43:55.404Z,usb,1,3612849267,186752,47808512,256,8000,31.770
2026-07-23T01:43:55.436Z,usb,1,3612849267,186753,47808768,256,8000,31.770
2026-07-23T01:43:55.468Z,usb,1,3612849267,186754,47809024,256,8000,31.770
2026-07-23T01:43:55.500Z,usb,1,3612849267,186755,47809280,256,8000,31.770
2026-07-23T01:43:55.533Z,usb,1,3612849267,186756,47809536,256,8000,31.780
2026-07-23T01:43:55.564Z,usb,1,3612849267,186757,47809792,256,8000,31.780
2026-07-23T01:43:55.596Z,usb,1,3612849267,186758,47810048,256,8000,31.780
2026-07-23T01:43:55.628Z,usb,1,3612849267,186759,47810304,256,8000,31.780
2026-07-23T01:43:55.660Z,usb,1,3612849267,186760,47810560,256,8000,31.780
2026-07-23T01:43:55.692Z,usb,1,3612849267,186761,47810816,256,8000,31.780
2026-07-23T01:43:55.724Z,usb,1,3612849267,186762,47811072,256,8000,31.780
2026-07-23T01:43:55.756Z,usb,1,3612849267,186763,47811328,256,8000,31.780
2026-07-23T01:43:55.788Z,usb,1,3612849267,186764,47811584,256,8000,31.780
2026-07-23T01:43:55.820Z,usb,1,3612849267,186765,47811840,256,8000,31.780
2026-07-23T01:43:55.852Z,usb,1,3612849267,186766,47812096,256,8000,31.780
2026-07-23T01:43:55.884Z,usb,1,3612849267,186767,47812352,256,8000,31.780
2026-07-23T01:43:55.916Z,usb,1,3612849267,186768,47812608,256,8000,31.780
2026-07-23T01:43:55.948Z,usb,1,3612849267,186769,47812864,256,8000,31.780
2026-07-23T01:43:55.980Z,usb,1,3612849267,186770,47813120,256,8000,31.780
2026-07-23T01:43:56.012Z,usb,1,3612849267,186771,47813376,256,8000,31.780
2026-07-23T01:43:56.044Z,usb,1,3612849267,186772,47813632,256,8000,31.780
2026-07-23T01:43:56.076Z,usb,1,3612849267,186773,47813888,256,8000,31.780
2026-07-23T01:43:56.108Z,usb,1,3612849267,186774,47814144,256,8000,31.780
2026-07-23T01:43:56.140Z,usb,1,3612849267,186775,47814400,256,8000,31.780
2026-07-23T01:43:56.172Z,usb,1,3612849267,186776,47814656,256,8000,31.780
2026-07-23T01:43:56.204Z,usb,1,3612849267,186777,47814912,256,8000,31.780
2026-07-23T01:43:56.236Z,usb,1,3612849267,186778,47815168,256,8000,31.780
2026-07-23T01:43:56.268Z,usb,1,3612849267,186779,47815424,256,8000,31.780
2026-07-23T01:43:56.300Z,usb,1,3612849267,186780,47815680,256,8000,31.780
2026-07-23T01:43:56.332Z,usb,1,3612849267,186781,47815936,256,8000,31.780
2026-07-23T01:43:56.364Z,usb,1,3612849267,186782,47816192,256,8000,31.780
2026-07-23T01:43:56.396Z,usb,1,3612849267,186783,47816448,256,8000,31.780
2026-07-23T01:43:56.428Z,usb,1,3612849267,186784,47816704,256,8000,31.780
2026-07-23T01:43:56.460Z,usb,1,3612849267,186785,47816960,256,8000,31.780
2026-07-23T01:43:56.492Z,usb,1,3612849267,186786,47817216,256,8000,31.780
2026-07-23T01:43:56.524Z,usb,1,3612849267,186787,47817472,256,8000,31.780
2026-07-23T01:43:56.557Z,usb,1,3612849267,186788,47817728,256,8000,31.780
2026-07-23T01:43:56.588Z,usb,1,3612849267,186789,47817984,256,8000,31.780
2026-07-23T01:43:56.620Z,usb,1,3612849267,186790,47818240,256,8000,31.780
2026-07-23T01:43:56.652Z,usb,1,3612849267,186791,47818496,256,8000,31.780
2026-07-23T01:43:56.684Z,usb,1,3612849267,186792,47818752,256,8000,31.780
2026-07-23T01:43:56.716Z,usb,1,3612849267,186793,47819008,256,8000,31.780
2026-07-23T01:43:56.748Z,usb,1,3612849267,186794,47819264,256,8000,31.780
2026-07-23T01:43:56.780Z,usb,1,3612849267,186795,47819520,256,8000,31.780
2026-07-23T01:43:56.812Z,usb,1,3612849267,186796,47819776,256,8000,31.780
2026-07-23T01:43:56.844Z,usb,1,3612849267,186797,47820032,256,8000,31.780
2026-07-23T01:43:56.876Z,usb,1,3612849267,186798,47820288,256,8000,31.780
2026-07-23T01:43:56.908Z,usb,1,3612849267,186799,47820544,256,8000,31.780
2026-07-23T01:43:56.940Z,usb,1,3612849267,186800,47820800,256,8000,31.780
2026-07-23T01:43:56.972Z,usb,1,3612849267,186801,47821056,256,8000,31.780
2026-07-23T01:43:57.004Z,usb,1,3612849267,186802,47821312,256,8000,31.780
2026-07-23T01:43:57.036Z,usb,1,3612849267,186803,47821568,256,8000,31.780
2026-07-23T01:43:57.068Z,usb,1,3612849267,186804,47821824,256,8000,31.780
2026-07-23T01:43:57.100Z,usb,1,3612849267,186805,47822080,256,8000,31.780
2026-07-23T01:43:57.132Z,usb,1,3612849267,186806,47822336,256,8000,31.780
2026-07-23T01:43:57.164Z,usb,1,3612849267,186807,47822592,256,8000,31.780
2026-07-23T01:43:57.196Z,usb,1,3612849267,186808,47822848,256,8000,31.780
2026-07-23T01:43:57.228Z,usb,1,3612849267,186809,47823104,256,8000,31.780
2026-07-23T01:43:57.260Z,usb,1,3612849267,186810,47823360,256,8000,31.780
2026-07-23T01:43:57.292Z,usb,1,3612849267,186811,47823616,256,8000,31.780
2026-07-23T01:43:57.324Z,usb,1,3612849267,186812,47823872,256,8000,31.780
2026-07-23T01:43:57.356Z,usb,1,3612849267,186813,47824128,256,8000,31.780
2026-07-23T01:43:57.388Z,usb,1,3612849267,186814,47824384,256,8000,31.780
2026-07-23T01:43:57.420Z,usb,1,3612849267,186815,47824640,256,8000,31.780
2026-07-23T01:43:57.452Z,usb,1,3612849267,186816,47824896,256,8000,31.780
2026-07-23T01:43:57.484Z,usb,1,3612849267,186817,47825152,256,8000,31.780
2026-07-23T01:43:57.516Z,usb,1,3612849267,186818,47825408,256,8000,31.780
2026-07-23T01:43:57.548Z,usb,1,3612849267,186819,47825664,256,8000,31.780
2026-07-23T01:43:57.581Z,usb,1,3612849267,186820,47825920,256,8000,31.780
2026-07-23T01:43:57.612Z,usb,1,3612849267,186821,47826176,256,8000,31.780
2026-07-23T01:43:57.644Z,usb,1,3612849267,186822,47826432,256,8000,31.780
2026-07-23T01:43:57.676Z,usb,1,3612849267,186823,47826688,256,8000,31.780
2026-07-23T01:43:57.708Z,usb,1,3612849267,186824,47826944,256,8000,31.780
2026-07-23T01:43:57.740Z,usb,1,3612849267,186825,47827200,256,8000,31.780
2026-07-23T01:43:57.772Z,usb,1,3612849267,186826,47827456,256,8000,31.780
2026-07-23T01:43:57.804Z,usb,1,3612849267,186827,47827712,256,8000,31.780
2026-07-23T01:43:57.836Z,usb,1,3612849267,186828,47827968,256,8000,31.780
2026-07-23T01:43:57.868Z,usb,1,3612849267,186829,47828224,256,8000,31.780
2026-07-23T01:43:57.900Z,usb,1,3612849267,186830,47828480,256,8000,31.780
2026-07-23T01:43:57.932Z,usb,1,3612849267,186831,47828736,256,8000,31.780
2026-07-23T01:43:57.964Z,usb,1,3612849267,186832,47828992,256,8000,31.780
2026-07-23T01:43:57.996Z,usb,1,3612849267,186833,47829248,256,8000,31.780
2026-07-23T01:43:58.028Z,usb,1,3612849267,186834,47829504,256,8000,31.780
2026-07-23T01:43:58.060Z,usb,1,3612849267,186835,47829760,256,8000,31.780
2026-07-23T01:43:58.092Z,usb,1,3612849267,186836,47830016,256,8000,31.780
2026-07-23T01:43:58.124Z,usb,1,3612849267,186837,47830272,256,8000,31.780
2026-07-23T01:43:58.156Z,usb,1,3612849267,186838,47830528,256,8000,31.780
2026-07-23T01:43:58.188Z,usb,1,3612849267,186839,47830784,256,8000,31.780
2026-07-23T01:43:58.220Z,usb,1,3612849267,186840,47831040,256,8000,31.780
2026-07-23T01:43:58.252Z,usb,1,3612849267,186841,47831296,256,8000,31.780
2026-07-23T01:43:58.284Z,usb,1,3612849267,186842,47831552,256,8000,31.780
2026-07-23T01:43:58.316Z,usb,1,3612849267,186843,47831808,256,8000,31.780
2026-07-23T01:43:58.348Z,usb,1,3612849267,186844,47832064,256,8000,31.780
2026-07-23T01:43:58.380Z,usb,1,3612849267,186845,47832320,256,8000,31.780
2026-07-23T01:43:58.412Z,usb,1,3612849267,186846,47832576,256,8000,31.780
2026-07-23T01:43:58.444Z,usb,1,3612849267,186847,47832832,256,8000,31.780
2026-07-23T01:43:58.476Z,usb,1,3612849267,186848,47833088,256,8000,31.780
2026-07-23T01:43:58.508Z,usb,1,3612849267,186849,47833344,256,8000,31.780
2026-07-23T01:43:58.540Z,usb,1,3612849267,186850,47833600,256,8000,31.780
2026-07-23T01:43:58.572Z,usb,1,3612849267,186851,47833856,256,8000,31.780
2026-07-23T01:43:58.605Z,usb,1,3612849267,186852,47834112,256,8000,31.780
2026-07-23T01:43:58.636Z,usb,1,3612849267,186853,47834368,256,8000,31.780
2026-07-23T01:43:58.668Z,usb,1,3612849267,186854,47834624,256,8000,31.780
2026-07-23T01:43:58.700Z,usb,1,3612849267,186855,47834880,256,8000,31.780
2026-07-23T01:43:58.732Z,usb,1,3612849267,186856,47835136,256,8000,31.780
2026-07-23T01:43:58.764Z,usb,1,3612849267,186857,47835392,256,8000,31.780
2026-07-23T01:43:58.796Z,usb,1,3612849267,186858,47835648,256,8000,31.780
2026-07-23T01:43:58.828Z,usb,1,3612849267,186859,47835904,256,8000,31.780
2026-07-23T01:43:58.860Z,usb,1,3612849267,186860,47836160,256,8000,31.780
2026-07-23T01:43:58.892Z,usb,1,3612849267,186861,47836416,256,8000,31.780
2026-07-23T01:43:58.924Z,usb,1,3612849267,186862,47836672,256,8000,31.780
2026-07-23T01:43:58.956Z,usb,1,3612849267,186863,47836928,256,8000,31.780
2026-07-23T01:43:58.988Z,usb,1,3612849267,186864,47837184,256,8000,31.780
2026-07-23T01:43:59.020Z,usb,1,3612849267,186865,47837440,256,8000,31.780
2026-07-23T01:43:59.052Z,usb,1,3612849267,186866,47837696,256,8000,31.780
2026-07-23T01:43:59.084Z,usb,1,3612849267,186867,47837952,256,8000,31.780
2026-07-23T01:43:59.116Z,usb,1,3612849267,186868,47838208,256,8000,31.780
2026-07-23T01:43:59.148Z,usb,1,3612849267,186869,47838464,256,8000,31.780
2026-07-23T01:43:59.180Z,usb,1,3612849267,186870,47838720,256,8000,31.780
2026-07-23T01:43:59.212Z,usb,1,3612849267,186871,47838976,256,8000,31.780
2026-07-23T01:43:59.244Z,usb,1,3612849267,186872,47839232,256,8000,31.780
2026-07-23T01:43:59.276Z,usb,1,3612849267,186873,47839488,256,8000,31.780
2026-07-23T01:43:59.308Z,usb,1,3612849267,186874,47839744,256,8000,31.780
2026-07-23T01:43:59.340Z,usb,1,3612849267,186875,47840000,256,8000,31.780
2026-07-23T01:43:59.372Z,usb,1,3612849267,186876,47840256,256,8000,31.780
2026-07-23T01:43:59.404Z,usb,1,3612849267,186877,47840512,256,8000,31.780
2026-07-23T01:43:59.436Z,usb,1,3612849267,186878,47840768,256,8000,31.780
2026-07-23T01:43:59.468Z,usb,1,3612849267,186879,47841024,256,8000,31.780
2026-07-23T01:43:59.500Z,usb,1,3612849267,186880,47841280,256,8000,31.780
2026-07-23T01:43:59.532Z,usb,1,3612849267,186881,47841536,256,8000,31.780
2026-07-23T01:43:59.564Z,usb,1,3612849267,186882,47841792,256,8000,31.780
2026-07-23T01:43:59.596Z,usb,1,3612849267,186883,47842048,256,8000,31.780
2026-07-23T01:43:59.629Z,usb,1,3612849267,186884,47842304,256,8000,31.780
2026-07-23T01:43:59.660Z,usb,1,3612849267,186885,47842560,256,8000,31.780
2026-07-23T01:43:59.692Z,usb,1,3612849267,186886,47842816,256,8000,31.780
2026-07-23T01:43:59.724Z,usb,1,3612849267,186887,47843072,256,8000,31.780
2026-07-23T01:43:59.756Z,usb,1,3612849267,186888,47843328,256,8000,31.780
2026-07-23T01:43:59.788Z,usb,1,3612849267,186889,47843584,256,8000,31.780
2026-07-23T01:43:59.820Z,usb,1,3612849267,186890,47843840,256,8000,31.780
2026-07-23T01:43:59.852Z,usb,1,3612849267,186891,47844096,256,8000,31.780
2026-07-23T01:43:59.884Z,usb,1,3612849267,186892,47844352,256,8000,31.780
2026-07-23T01:43:59.916Z,usb,1,3612849267,186893,47844608,256,8000,31.780
2026-07-23T01:43:59.951Z,usb,1,3612849267,186894,47844864,256,8000,31.780
2026-07-23T01:43:59.980Z,usb,1,3612849267,186895,47845120,256,8000,31.780
2026-07-23T01:44:00.012Z,usb,1,3612849267,186896,47845376,256,8000,31.780
2026-07-23T01:44:00.044Z,usb,1,3612849267,186897,47845632,256,8000,31.780
2026-07-23T01:44:00.076Z,usb,1,3612849267,186898,47845888,256,8000,31.780
2026-07-23T01:44:00.108Z,usb,1,3612849267,186899,47846144,256,8000,31.780
2026-07-23T01:44:00.140Z,usb,1,3612849267,186900,47846400,256,8000,31.780
2026-07-23T01:44:00.172Z,usb,1,3612849267,186901,47846656,256,8000,31.780
2026-07-23T01:44:00.204Z,usb,1,3612849267,186902,47846912,256,8000,31.780
2026-07-23T01:44:00.236Z,usb,1,3612849267,186903,47847168,256,8000,31.780
2026-07-23T01:44:00.268Z,usb,1,3612849267,186904,47847424,256,8000,31.780
2026-07-23T01:44:00.300Z,usb,1,3612849267,186905,47847680,256,8000,31.780
2026-07-23T01:44:00.332Z,usb,1,3612849267,186906,47847936,256,8000,31.780
2026-07-23T01:44:00.364Z,usb,1,3612849267,186907,47848192,256,8000,31.780
2026-07-23T01:44:00.396Z,usb,1,3612849267,186908,47848448,256,8000,31.780
2026-07-23T01:44:00.428Z,usb,1,3612849267,186909,47848704,256,8000,31.780
2026-07-23T01:44:00.460Z,usb,1,3612849267,186910,47848960,256,8000,31.780
2026-07-23T01:44:00.492Z,usb,1,3612849267,186911,47849216,256,8000,31.780
2026-07-23T01:44:00.524Z,usb,1,3612849267,186912,47849472,256,8000,31.780
2026-07-23T01:44:00.556Z,usb,1,3612849267,186913,47849728,256,8000,31.780
2026-07-23T01:44:00.588Z,usb,1,3612849267,186914,47849984,256,8000,31.780
2026-07-23T01:44:00.620Z,usb,1,3612849267,186915,47850240,256,8000,31.780
2026-07-23T01:44:00.653Z,usb,1,3612849267,186916,47850496,256,8000,31.770
2026-07-23T01:44:00.684Z,usb,1,3612849267,186917,47850752,256,8000,31.770
2026-07-23T01:44:00.716Z,usb,1,3612849267,186918,47851008,256,8000,31.770
2026-07-23T01:44:00.748Z,usb,1,3612849267,186919,47851264,256,8000,31.770
2026-07-23T01:44:00.780Z,usb,1,3612849267,186920,47851520,256,8000,31.770
2026-07-23T01:44:00.812Z,usb,1,3612849267,186921,47851776,256,8000,31.770
2026-07-23T01:44:00.844Z,usb,1,3612849267,186922,47852032,256,8000,31.770
2026-07-23T01:44:00.876Z,usb,1,3612849267,186923,47852288,256,8000,31.770
2026-07-23T01:44:00.908Z,usb,1,3612849267,186924,47852544,256,8000,31.770
2026-07-23T01:44:00.940Z,usb,1,3612849267,186925,47852800,256,8000,31.770
2026-07-23T01:44:00.972Z,usb,1,3612849267,186926,47853056,256,8000,31.770
2026-07-23T01:44:01.004Z,usb,1,3612849267,186927,47853312,256,8000,31.770
2026-07-23T01:44:01.036Z,usb,1,3612849267,186928,47853568,256,8000,31.770
2026-07-23T01:44:01.068Z,usb,1,3612849267,186929,47853824,256,8000,31.770
2026-07-23T01:44:01.100Z,usb,1,3612849267,186930,47854080,256,8000,31.770
2026-07-23T01:44:01.132Z,usb,1,3612849267,186931,47854336,256,8000,31.770
2026-07-23T01:44:01.164Z,usb,1,3612849267,186932,47854592,256,8000,31.770
2026-07-23T01:44:01.196Z,usb,1,3612849267,186933,47854848,256,8000,31.770
2026-07-23T01:44:01.228Z,usb,1,3612849267,186934,47855104,256,8000,31.770
2026-07-23T01:44:01.260Z,usb,1,3612849267,186935,47855360,256,8000,31.770
2026-07-23T01:44:01.292Z,usb,1,3612849267,186936,47855616,256,8000,31.770
2026-07-23T01:44:01.324Z,usb,1,3612849267,186937,47855872,256,8000,31.770
2026-07-23T01:44:01.356Z,usb,1,3612849267,186938,47856128,256,8000,31.770
2026-07-23T01:44:01.388Z,usb,1,3612849267,186939,47856384,256,8000,31.770
2026-07-23T01:44:01.420Z,usb,1,3612849267,186940,47856640,256,8000,31.770
2026-07-23T01:44:01.452Z,usb,1,3612849267,186941,47856896,256,8000,31.770
2026-07-23T01:44:01.484Z,usb,1,3612849267,186942,47857152,256,8000,31.770
2026-07-23T01:44:01.516Z,usb,1,3612849267,186943,47857408,256,8000,31.770
2026-07-23T01:44:01.548Z,usb,1,3612849267,186944,47857664,256,8000,31.770
2026-07-23T01:44:01.580Z,usb,1,3612849267,186945,47857920,256,8000,31.770
2026-07-23T01:44:01.612Z,usb,1,3612849267,186946,47858176,256,8000,31.770
2026-07-23T01:44:01.644Z,usb,1,3612849267,186947,47858432,256,8000,31.770
2026-07-23T01:44:01.677Z,usb,1,3612849267,186948,47858688,256,8000,31.780
2026-07-23T01:44:01.708Z,usb,1,3612849267,186949,47858944,256,8000,31.780
2026-07-23T01:44:01.740Z,usb,1,3612849267,186950,47859200,256,8000,31.780
2026-07-23T01:44:01.772Z,usb,1,3612849267,186951,47859456,256,8000,31.780
2026-07-23T01:44:01.804Z,usb,1,3612849267,186952,47859712,256,8000,31.780
2026-07-23T01:44:01.836Z,usb,1,3612849267,186953,47859968,256,8000,31.780
2026-07-23T01:44:01.868Z,usb,1,3612849267,186954,47860224,256,8000,31.780
2026-07-23T01:44:01.900Z,usb,1,3612849267,186955,47860480,256,8000,31.780
2026-07-23T01:44:01.932Z,usb,1,3612849267,186956,47860736,256,8000,31.780
2026-07-23T01:44:01.964Z,usb,1,3612849267,186957,47860992,256,8000,31.780
2026-07-23T01:44:01.996Z,usb,1,3612849267,186958,47861248,256,8000,31.780
2026-07-23T01:44:02.028Z,usb,1,3612849267,186959,47861504,256,8000,31.780
2026-07-23T01:44:02.061Z,usb,1,3612849267,186960,47861760,256,8000,31.780
2026-07-23T01:44:02.092Z,usb,1,3612849267,186961,47862016,256,8000,31.780
2026-07-23T01:44:02.124Z,usb,1,3612849267,186962,47862272,256,8000,31.780
2026-07-23T01:44:02.156Z,usb,1,3612849267,186963,47862528,256,8000,31.780
2026-07-23T01:44:02.188Z,usb,1,3612849267,186964,47862784,256,8000,31.780
2026-07-23T01:44:02.220Z,usb,1,3612849267,186965,47863040,256,8000,31.780
2026-07-23T01:44:02.252Z,usb,1,3612849267,186966,47863296,256,8000,31.780
2026-07-23T01:44:02.284Z,usb,1,3612849267,186967,47863552,256,8000,31.780
2026-07-23T01:44:02.316Z,usb,1,3612849267,186968,47863808,256,8000,31.780
2026-07-23T01:44:02.348Z,usb,1,3612849267,186969,47864064,256,8000,31.780
2026-07-23T01:44:02.380Z,usb,1,3612849267,186970,47864320,256,8000,31.780
2026-07-23T01:44:02.412Z,usb,1,3612849267,186971,47864576,256,8000,31.780
2026-07-23T01:44:02.444Z,usb,1,3612849267,186972,47864832,256,8000,31.780
2026-07-23T01:44:02.476Z,usb,1,3612849267,186973,47865088,256,8000,31.780
2026-07-23T01:44:02.508Z,usb,1,3612849267,186974,47865344,256,8000,31.780
2026-07-23T01:44:02.540Z,usb,1,3612849267,186975,47865600,256,8000,31.780
2026-07-23T01:44:02.572Z,usb,1,3612849267,186976,47865856,256,8000,31.780
2026-07-23T01:44:02.604Z,usb,1,3612849267,186977,47866112,256,8000,31.780
2026-07-23T01:44:02.636Z,usb,1,3612849267,186978,47866368,256,8000,31.780
2026-07-23T01:44:02.668Z,usb,1,3612849267,186979,47866624,256,8000,31.780
2026-07-23T01:44:02.701Z,usb,1,3612849267,186980,47866880,256,8000,31.780
2026-07-23T01:44:02.732Z,usb,1,3612849267,186981,47867136,256,8000,31.780
2026-07-23T01:44:02.764Z,usb,1,3612849267,186982,47867392,256,8000,31.780
2026-07-23T01:44:02.796Z,usb,1,3612849267,186983,47867648,256,8000,31.780
2026-07-23T01:44:02.828Z,usb,1,3612849267,186984,47867904,256,8000,31.780
2026-07-23T01:44:02.860Z,usb,1,3612849267,186985,47868160,256,8000,31.780
2026-07-23T01:44:02.892Z,usb,1,3612849267,186986,47868416,256,8000,31.780
2026-07-23T01:44:02.924Z,usb,1,3612849267,186987,47868672,256,8000,31.780
2026-07-23T01:44:02.956Z,usb,1,3612849267,186988,47868928,256,8000,31.780
2026-07-23T01:44:02.988Z,usb,1,3612849267,186989,47869184,256,8000,31.780
2026-07-23T01:44:03.020Z,usb,1,3612849267,186990,47869440,256,8000,31.780
2026-07-23T01:44:03.052Z,usb,1,3612849267,186991,47869696,256,8000,31.780
2026-07-23T01:44:03.084Z,usb,1,3612849267,186992,47869952,256,8000,31.780
2026-07-23T01:44:03.116Z,usb,1,3612849267,186993,47870208,256,8000,31.780
2026-07-23T01:44:03.148Z,usb,1,3612849267,186994,47870464,256,8000,31.780
2026-07-23T01:44:03.180Z,usb,1,3612849267,186995,47870720,256,8000,31.780
2026-07-23T01:44:03.212Z,usb,1,3612849267,186996,47870976,256,8000,31.780
2026-07-23T01:44:03.244Z,usb,1,3612849267,186997,47871232,256,8000,31.780
2026-07-23T01:44:03.276Z,usb,1,3612849267,186998,47871488,256,8000,31.780
2026-07-23T01:44:03.308Z,usb,1,3612849267,186999,47871744,256,8000,31.780
2026-07-23T01:44:03.340Z,usb,1,3612849267,187000,47872000,256,8000,31.780
2026-07-23T01:44:03.372Z,usb,1,3612849267,187001,47872256,256,8000,31.780
2026-07-23T01:44:03.404Z,usb,1,3612849267,187002,47872512,256,8000,31.780
2026-07-23T01:44:03.436Z,usb,1,3612849267,187003,47872768,256,8000,31.780
2026-07-23T01:44:03.468Z,usb,1,3612849267,187004,47873024,256,8000,31.780
2026-07-23T01:44:03.500Z,usb,1,3612849267,187005,47873280,256,8000,31.780
2026-07-23T01:44:03.532Z,usb,1,3612849267,187006,47873536,256,8000,31.780
2026-07-23T01:44:03.564Z,usb,1,3612849267,187007,47873792,256,8000,31.780
2026-07-23T01:44:03.596Z,usb,1,3612849267,187008,47874048,256,8000,31.780
2026-07-23T01:44:03.628Z,usb,1,3612849267,187009,47874304,256,8000,31.780
2026-07-23T01:44:03.660Z,usb,1,3612849267,187010,47874560,256,8000,31.780
2026-07-23T01:44:03.692Z,usb,1,3612849267,187011,47874816,256,8000,31.780
2026-07-23T01:44:03.725Z,usb,1,3612849267,187012,47875072,256,8000,31.780
2026-07-23T01:44:03.756Z,usb,1,3612849267,187013,47875328,256,8000,31.780
2026-07-23T01:44:03.788Z,usb,1,3612849267,187014,47875584,256,8000,31.780
2026-07-23T01:44:03.820Z,usb,1,3612849267,187015,47875840,256,8000,31.780
2026-07-23T01:44:03.852Z,usb,1,3612849267,187016,47876096,256,8000,31.780
2026-07-23T01:44:03.884Z,usb,1,3612849267,187017,47876352,256,8000,31.780
2026-07-23T01:44:03.916Z,usb,1,3612849267,187018,47876608,256,8000,31.780
2026-07-23T01:44:03.948Z,usb,1,3612849267,187019,47876864,256,8000,31.780
2026-07-23T01:44:03.980Z,usb,1,3612849267,187020,47877120,256,8000,31.780
2026-07-23T01:44:04.012Z,usb,1,3612849267,187021,47877376,256,8000,31.780
2026-07-23T01:44:04.044Z,usb,1,3612849267,187022,47877632,256,8000,31.780
2026-07-23T01:44:04.076Z,usb,1,3612849267,187023,47877888,256,8000,31.780
2026-07-23T01:44:04.108Z,usb,1,3612849267,187024,47878144,256,8000,31.780
2026-07-23T01:44:04.140Z,usb,1,3612849267,187025,47878400,256,8000,31.780
2026-07-23T01:44:04.172Z,usb,1,3612849267,187026,47878656,256,8000,31.780
2026-07-23T01:44:04.204Z,usb,1,3612849267,187027,47878912,256,8000,31.780
2026-07-23T01:44:04.236Z,usb,1,3612849267,187028,47879168,256,8000,31.780
2026-07-23T01:44:04.268Z,usb,1,3612849267,187029,47879424,256,8000,31.780
2026-07-23T01:44:04.300Z,usb,1,3612849267,187030,47879680,256,8000,31.780
2026-07-23T01:44:04.332Z,usb,1,3612849267,187031,47879936,256,8000,31.780
2026-07-23T01:44:04.364Z,usb,1,3612849267,187032,47880192,256,8000,31.780
2026-07-23T01:44:04.396Z,usb,1,3612849267,187033,47880448,256,8000,31.780
2026-07-23T01:44:04.428Z,usb,1,3612849267,187034,47880704,256,8000,31.780
2026-07-23T01:44:04.460Z,usb,1,3612849267,187035,47880960,256,8000,31.780
2026-07-23T01:44:04.492Z,usb,1,3612849267,187036,47881216,256,8000,31.780
2026-07-23T01:44:04.524Z,usb,1,3612849267,187037,47881472,256,8000,31.780
2026-07-23T01:44:04.556Z,usb,1,3612849267,187038,47881728,256,8000,31.780
2026-07-23T01:44:04.588Z,usb,1,3612849267,187039,47881984,256,8000,31.780
2026-07-23T01:44:04.620Z,usb,1,3612849267,187040,47882240,256,8000,31.780
2026-07-23T01:44:04.652Z,usb,1,3612849267,187041,47882496,256,8000,31.780
2026-07-23T01:44:04.684Z,usb,1,3612849267,187042,47882752,256,8000,31.780
2026-07-23T01:44:04.716Z,usb,1,3612849267,187043,47883008,256,8000,31.780
2026-07-23T01:44:04.748Z,usb,1,3612849267,187044,47883264,256,8000,31.780
2026-07-23T01:44:04.780Z,usb,1,3612849267,187045,47883520,256,8000,31.780
2026-07-23T01:44:04.812Z,usb,1,3612849267,187046,47883776,256,8000,31.780
2026-07-23T01:44:04.844Z,usb,1,3612849267,187047,47884032,256,8000,31.780
2026-07-23T01:44:04.876Z,usb,1,3612849267,187048,47884288,256,8000,31.780
2026-07-23T01:44:04.908Z,usb,1,3612849267,187049,47884544,256,8000,31.780
2026-07-23T01:44:04.940Z,usb,1,3612849267,187050,47884800,256,8000,31.780
2026-07-23T01:44:04.972Z,usb,1,3612849267,187051,47885056,256,8000,31.780
2026-07-23T01:44:05.004Z,usb,1,3612849267,187052,47885312,256,8000,31.780
2026-07-23T01:44:05.036Z,usb,1,3612849267,187053,47885568,256,8000,31.780
2026-07-23T01:44:05.068Z,usb,1,3612849267,187054,47885824,256,8000,31.780
2026-07-23T01:44:05.100Z,usb,1,3612849267,187055,47886080,256,8000,31.780
2026-07-23T01:44:05.132Z,usb,1,3612849267,187056,47886336,256,8000,31.780
2026-07-23T01:44:05.164Z,usb,1,3612849267,187057,47886592,256,8000,31.780
2026-07-23T01:44:05.196Z,usb,1,3612849267,187058,47886848,256,8000,31.780
2026-07-23T01:44:05.228Z,usb,1,3612849267,187059,47887104,256,8000,31.780
2026-07-23T01:44:05.260Z,usb,1,3612849267,187060,47887360,256,8000,31.780
2026-07-23T01:44:05.292Z,usb,1,3612849267,187061,47887616,256,8000,31.780
2026-07-23T01:44:05.324Z,usb,1,3612849267,187062,47887872,256,8000,31.780
2026-07-23T01:44:05.356Z,usb,1,3612849267,187063,47888128,256,8000,31.780
2026-07-23T01:44:05.388Z,usb,1,3612849267,187064,47888384,256,8000,31.780
2026-07-23T01:44:05.420Z,usb,1,3612849267,187065,47888640,256,8000,31.780
2026-07-23T01:44:05.452Z,usb,1,3612849267,187066,47888896,256,8000,31.780
2026-07-23T01:44:05.484Z,usb,1,3612849267,187067,47889152,256,8000,31.780
2026-07-23T01:44:05.516Z,usb,1,3612849267,187068,47889408,256,8000,31.780
2026-07-23T01:44:05.548Z,usb,1,3612849267,187069,47889664,256,8000,31.780
2026-07-23T01:44:05.580Z,usb,1,3612849267,187070,47889920,256,8000,31.780
2026-07-23T01:44:05.612Z,usb,1,3612849267,187071,47890176,256,8000,31.780
2026-07-23T01:44:05.644Z,usb,1,3612849267,187072,47890432,256,8000,31.780
2026-07-23T01:44:05.676Z,usb,1,3612849267,187073,47890688,256,8000,31.780
2026-07-23T01:44:05.708Z,usb,1,3612849267,187074,47890944,256,8000,31.780
2026-07-23T01:44:05.740Z,usb,1,3612849267,187075,47891200,256,8000,31.780
2026-07-23T01:44:05.773Z,usb,1,3612849267,187076,47891456,256,8000,31.780
2026-07-23T01:44:05.804Z,usb,1,3612849267,187077,47891712,256,8000,31.780
2026-07-23T01:44:05.836Z,usb,1,3612849267,187078,47891968,256,8000,31.780
2026-07-23T01:44:05.868Z,usb,1,3612849267,187079,47892224,256,8000,31.780
2026-07-23T01:44:05.900Z,usb,1,3612849267,187080,47892480,256,8000,31.780
2026-07-23T01:44:05.932Z,usb,1,3612849267,187081,47892736,256,8000,31.780
2026-07-23T01:44:05.964Z,usb,1,3612849267,187082,47892992,256,8000,31.780
2026-07-23T01:44:05.996Z,usb,1,3612849267,187083,47893248,256,8000,31.780
2026-07-23T01:44:06.028Z,usb,1,3612849267,187084,47893504,256,8000,31.780
2026-07-23T01:44:06.060Z,usb,1,3612849267,187085,47893760,256,8000,31.780
2026-07-23T01:44:06.092Z,usb,1,3612849267,187086,47894016,256,8000,31.780
2026-07-23T01:44:06.124Z,usb,1,3612849267,187087,47894272,256,8000,31.780
2026-07-23T01:44:06.156Z,usb,1,3612849267,187088,47894528,256,8000,31.780
2026-07-23T01:44:06.188Z,usb,1,3612849267,187089,47894784,256,8000,31.780
2026-07-23T01:44:06.220Z,usb,1,3612849267,187090,47895040,256,8000,31.780
2026-07-23T01:44:06.252Z,usb,1,3612849267,187091,47895296,256,8000,31.780
2026-07-23T01:44:06.284Z,usb,1,3612849267,187092,47895552,256,8000,31.780
2026-07-23T01:44:06.316Z,usb,1,3612849267,187093,47895808,256,8000,31.780
2026-07-23T01:44:06.348Z,usb,1,3612849267,187094,47896064,256,8000,31.780
2026-07-23T01:44:06.380Z,usb,1,3612849267,187095,47896320,256,8000,31.780
2026-07-23T01:44:06.412Z,usb,1,3612849267,187096,47896576,256,8000,31.780
2026-07-23T01:44:06.444Z,usb,1,3612849267,187097,47896832,256,8000,31.780
2026-07-23T01:44:06.476Z,usb,1,3612849267,187098,47897088,256,8000,31.780
2026-07-23T01:44:06.508Z,usb,1,3612849267,187099,47897344,256,8000,31.780
2026-07-23T01:44:06.540Z,usb,1,3612849267,187100,47897600,256,8000,31.780
2026-07-23T01:44:06.572Z,usb,1,3612849267,187101,47897856,256,8000,31.780
2026-07-23T01:44:06.604Z,usb,1,3612849267,187102,47898112,256,8000,31.780
2026-07-23T01:44:06.636Z,usb,1,3612849267,187103,47898368,256,8000,31.780
2026-07-23T01:44:06.668Z,usb,1,3612849267,187104,47898624,256,8000,31.780
2026-07-23T01:44:06.700Z,usb,1,3612849267,187105,47898880,256,8000,31.780
2026-07-23T01:44:06.732Z,usb,1,3612849267,187106,47899136,256,8000,31.780
2026-07-23T01:44:06.764Z,usb,1,3612849267,187107,47899392,256,8000,31.780
2026-07-23T01:44:06.796Z,usb,1,3612849267,187108,47899648,256,8000,31.780
2026-07-23T01:44:06.828Z,usb,1,3612849267,187109,47899904,256,8000,31.780
2026-07-23T01:44:06.860Z,usb,1,3612849267,187110,47900160,256,8000,31.780
2026-07-23T01:44:06.892Z,usb,1,3612849267,187111,47900416,256,8000,31.780
2026-07-23T01:44:06.924Z,usb,1,3612849267,187112,47900672,256,8000,31.780
2026-07-23T01:44:06.956Z,usb,1,3612849267,187113,47900928,256,8000,31.780
2026-07-23T01:44:06.988Z,usb,1,3612849267,187114,47901184,256,8000,31.780
2026-07-23T01:44:07.020Z,usb,1,3612849267,187115,47901440,256,8000,31.780
2026-07-23T01:44:07.052Z,usb,1,3612849267,187116,47901696,256,8000,31.780
2026-07-23T01:44:07.084Z,usb,1,3612849267,187117,47901952,256,8000,31.780
2026-07-23T01:44:07.116Z,usb,1,3612849267,187118,47902208,256,8000,31.780
2026-07-23T01:44:07.148Z,usb,1,3612849267,187119,47902464,256,8000,31.780
2026-07-23T01:44:07.180Z,usb,1,3612849267,187120,47902720,256,8000,31.780
2026-07-23T01:44:07.212Z,usb,1,3612849267,187121,47902976,256,8000,31.780
2026-07-23T01:44:07.244Z,usb,1,3612849267,187122,47903232,256,8000,31.780
2026-07-23T01:44:07.276Z,usb,1,3612849267,187123,47903488,256,8000,31.780
2026-07-23T01:44:07.308Z,usb,1,3612849267,187124,47903744,256,8000,31.780
2026-07-23T01:44:07.340Z,usb,1,3612849267,187125,47904000,256,8000,31.780
2026-07-23T01:44:07.372Z,usb,1,3612849267,187126,47904256,256,8000,31.780
2026-07-23T01:44:07.404Z,usb,1,3612849267,187127,47904512,256,8000,31.780
2026-07-23T01:44:07.436Z,usb,1,3612849267,187128,47904768,256,8000,31.780
2026-07-23T01:44:07.468Z,usb,1,3612849267,187129,47905024,256,8000,31.780
2026-07-23T01:44:07.500Z,usb,1,3612849267,187130,47905280,256,8000,31.780
2026-07-23T01:44:07.532Z,usb,1,3612849267,187131,47905536,256,8000,31.780
2026-07-23T01:44:07.564Z,usb,1,3612849267,187132,47905792,256,8000,31.780
2026-07-23T01:44:07.596Z,usb,1,3612849267,187133,47906048,256,8000,31.780
2026-07-23T01:44:07.628Z,usb,1,3612849267,187134,47906304,256,8000,31.780
2026-07-23T01:44:07.660Z,usb,1,3612849267,187135,47906560,256,8000,31.780
2026-07-23T01:44:07.692Z,usb,1,3612849267,187136,47906816,256,8000,31.780
2026-07-23T01:44:07.724Z,usb,1,3612849267,187137,47907072,256,8000,31.780
2026-07-23T01:44:07.756Z,usb,1,3612849267,187138,47907328,256,8000,31.780
2026-07-23T01:44:07.788Z,usb,1,3612849267,187139,47907584,256,8000,31.780
2026-07-23T01:44:07.820Z,usb,1,3612849267,187140,47907840,256,8000,31.780
2026-07-23T01:44:07.852Z,usb,1,3612849267,187141,47908096,256,8000,31.780
2026-07-23T01:44:07.884Z,usb,1,3612849267,187142,47908352,256,8000,31.780
2026-07-23T01:44:07.916Z,usb,1,3612849267,187143,47908608,256,8000,31.780
2026-07-23T01:44:07.948Z,usb,1,3612849267,187144,47908864,256,8000,31.780
2026-07-23T01:44:07.980Z,usb,1,3612849267,187145,47909120,256,8000,31.780
2026-07-23T01:44:08.012Z,usb,1,3612849267,187146,47909376,256,8000,31.780
2026-07-23T01:44:08.044Z,usb,1,3612849267,187147,47909632,256,8000,31.780
2026-07-23T01:44:08.076Z,usb,1,3612849267,187148,47909888,256,8000,31.780
2026-07-23T01:44:08.108Z,usb,1,3612849267,187149,47910144,256,8000,31.780
2026-07-23T01:44:08.140Z,usb,1,3612849267,187150,47910400,256,8000,31.780
2026-07-23T01:44:08.172Z,usb,1,3612849267,187151,47910656,256,8000,31.780
2026-07-23T01:44:08.204Z,usb,1,3612849267,187152,47910912,256,8000,31.780
2026-07-23T01:44:08.236Z,usb,1,3612849267,187153,47911168,256,8000,31.780
2026-07-23T01:44:08.268Z,usb,1,3612849267,187154,47911424,256,8000,31.780
2026-07-23T01:44:08.300Z,usb,1,3612849267,187155,47911680,256,8000,31.780
2026-07-23T01:44:08.332Z,usb,1,3612849267,187156,47911936,256,8000,31.780
2026-07-23T01:44:08.364Z,usb,1,3612849267,187157,47912192,256,8000,31.780
2026-07-23T01:44:08.396Z,usb,1,3612849267,187158,47912448,256,8000,31.780
2026-07-23T01:44:08.428Z,usb,1,3612849267,187159,47912704,256,8000,31.780
2026-07-23T01:44:08.460Z,usb,1,3612849267,187160,47912960,256,8000,31.780
2026-07-23T01:44:08.492Z,usb,1,3612849267,187161,47913216,256,8000,31.780
2026-07-23T01:44:08.524Z,usb,1,3612849267,187162,47913472,256,8000,31.780
2026-07-23T01:44:08.556Z,usb,1,3612849267,187163,47913728,256,8000,31.780
2026-07-23T01:44:08.588Z,usb,1,3612849267,187164,47913984,256,8000,31.780
2026-07-23T01:44:08.620Z,usb,1,3612849267,187165,47914240,256,8000,31.780
2026-07-23T01:44:08.652Z,usb,1,3612849267,187166,47914496,256,8000,31.780
2026-07-23T01:44:08.684Z,usb,1,3612849267,187167,47914752,256,8000,31.780
2026-07-23T01:44:08.716Z,usb,1,3612849267,187168,47915008,256,8000,31.780
2026-07-23T01:44:08.748Z,usb,1,3612849267,187169,47915264,256,8000,31.780
2026-07-23T01:44:08.780Z,usb,1,3612849267,187170,47915520,256,8000,31.780
2026-07-23T01:44:08.812Z,usb,1,3612849267,187171,47915776,256,8000,31.780
2026-07-23T01:44:08.845Z,usb,1,3612849267,187172,47916032,256,8000,31.770
2026-07-23T01:44:08.876Z,usb,1,3612849267,187173,47916288,256,8000,31.770
2026-07-23T01:44:08.908Z,usb,1,3612849267,187174,47916544,256,8000,31.770
2026-07-23T01:44:08.940Z,usb,1,3612849267,187175,47916800,256,8000,31.770
2026-07-23T01:44:08.972Z,usb,1,3612849267,187176,47917056,256,8000,31.770
2026-07-23T01:44:09.004Z,usb,1,3612849267,187177,47917312,256,8000,31.770
2026-07-23T01:44:09.036Z,usb,1,3612849267,187178,47917568,256,8000,31.770
2026-07-23T01:44:09.068Z,usb,1,3612849267,187179,47917824,256,8000,31.770
2026-07-23T01:44:09.100Z,usb,1,3612849267,187180,47918080,256,8000,31.770
2026-07-23T01:44:09.132Z,usb,1,3612849267,187181,47918336,256,8000,31.770
2026-07-23T01:44:09.164Z,usb,1,3612849267,187182,47918592,256,8000,31.770
2026-07-23T01:44:09.196Z,usb,1,3612849267,187183,47918848,256,8000,31.770
2026-07-23T01:44:09.228Z,usb,1,3612849267,187184,47919104,256,8000,31.770
2026-07-23T01:44:09.260Z,usb,1,3612849267,187185,47919360,256,8000,31.770
2026-07-23T01:44:09.292Z,usb,1,3612849267,187186,47919616,256,8000,31.770
2026-07-23T01:44:09.324Z,usb,1,3612849267,187187,47919872,256,8000,31.770
2026-07-23T01:44:09.356Z,usb,1,3612849267,187188,47920128,256,8000,31.770
2026-07-23T01:44:09.388Z,usb,1,3612849267,187189,47920384,256,8000,31.770
2026-07-23T01:44:09.420Z,usb,1,3612849267,187190,47920640,256,8000,31.770
2026-07-23T01:44:09.452Z,usb,1,3612849267,187191,47920896,256,8000,31.770
2026-07-23T01:44:09.484Z,usb,1,3612849267,187192,47921152,256,8000,31.770
2026-07-23T01:44:09.516Z,usb,1,3612849267,187193,47921408,256,8000,31.770
2026-07-23T01:44:09.548Z,usb,1,3612849267,187194,47921664,256,8000,31.770
2026-07-23T01:44:09.580Z,usb,1,3612849267,187195,47921920,256,8000,31.770
2026-07-23T01:44:09.612Z,usb,1,3612849267,187196,47922176,256,8000,31.770
2026-07-23T01:44:09.644Z,usb,1,3612849267,187197,47922432,256,8000,31.770
2026-07-23T01:44:09.676Z,usb,1,3612849267,187198,47922688,256,8000,31.770
2026-07-23T01:44:09.708Z,usb,1,3612849267,187199,47922944,256,8000,31.770
2026-07-23T01:44:09.740Z,usb,1,3612849267,187200,47923200,256,8000,31.770
2026-07-23T01:44:09.772Z,usb,1,3612849267,187201,47923456,256,8000,31.770
2026-07-23T01:44:09.804Z,usb,1,3612849267,187202,47923712,256,8000,31.770
2026-07-23T01:44:09.836Z,usb,1,3612849267,187203,47923968,256,8000,31.770
2026-07-23T01:44:09.869Z,usb,1,3612849267,187204,47924224,256,8000,31.780
2026-07-23T01:44:09.900Z,usb,1,3612849267,187205,47924480,256,8000,31.780
2026-07-23T01:44:09.932Z,usb,1,3612849267,187206,47924736,256,8000,31.780
2026-07-23T01:44:09.964Z,usb,1,3612849267,187207,47924992,256,8000,31.780
2026-07-23T01:44:09.996Z,usb,1,3612849267,187208,47925248,256,8000,31.780
2026-07-23T01:44:10.028Z,usb,1,3612849267,187209,47925504,256,8000,31.780
2026-07-23T01:44:10.060Z,usb,1,3612849267,187210,47925760,256,8000,31.780
2026-07-23T01:44:10.092Z,usb,1,3612849267,187211,47926016,256,8000,31.780
2026-07-23T01:44:10.124Z,usb,1,3612849267,187212,47926272,256,8000,31.780
2026-07-23T01:44:10.156Z,usb,1,3612849267,187213,47926528,256,8000,31.780
2026-07-23T01:44:10.188Z,usb,1,3612849267,187214,47926784,256,8000,31.780
2026-07-23T01:44:10.220Z,usb,1,3612849267,187215,47927040,256,8000,31.780
2026-07-23T01:44:10.252Z,usb,1,3612849267,187216,47927296,256,8000,31.780
2026-07-23T01:44:10.284Z,usb,1,3612849267,187217,47927552,256,8000,31.780
2026-07-23T01:44:10.316Z,usb,1,3612849267,187218,47927808,256,8000,31.780
2026-07-23T01:44:10.348Z,usb,1,3612849267,187219,47928064,256,8000,31.780
2026-07-23T01:44:10.380Z,usb,1,3612849267,187220,47928320,256,8000,31.780
2026-07-23T01:44:10.412Z,usb,1,3612849267,187221,47928576,256,8000,31.780
2026-07-23T01:44:10.444Z,usb,1,3612849267,187222,47928832,256,8000,31.780
2026-07-23T01:44:10.476Z,usb,1,3612849267,187223,47929088,256,8000,31.780
2026-07-23T01:44:10.508Z,usb,1,3612849267,187224,47929344,256,8000,31.780
2026-07-23T01:44:10.540Z,usb,1,3612849267,187225,47929600,256,8000,31.780
2026-07-23T01:44:10.572Z,usb,1,3612849267,187226,47929856,256,8000,31.780
2026-07-23T01:44:10.604Z,usb,1,3612849267,187227,47930112,256,8000,31.780
2026-07-23T01:44:10.636Z,usb,1,3612849267,187228,47930368,256,8000,31.780
2026-07-23T01:44:10.668Z,usb,1,3612849267,187229,47930624,256,8000,31.780
2026-07-23T01:44:10.700Z,usb,1,3612849267,187230,47930880,256,8000,31.780
2026-07-23T01:44:10.732Z,usb,1,3612849267,187231,47931136,256,8000,31.780
2026-07-23T01:44:10.764Z,usb,1,3612849267,187232,47931392,256,8000,31.780
2026-07-23T01:44:10.796Z,usb,1,3612849267,187233,47931648,256,8000,31.780
2026-07-23T01:44:10.828Z,usb,1,3612849267,187234,47931904,256,8000,31.780
2026-07-23T01:44:10.860Z,usb,1,3612849267,187235,47932160,256,8000,31.780
2026-07-23T01:44:10.893Z,usb,1,3612849267,187236,47932416,256,8000,31.770
2026-07-23T01:44:10.924Z,usb,1,3612849267,187237,47932672,256,8000,31.770
2026-07-23T01:44:10.956Z,usb,1,3612849267,187238,47932928,256,8000,31.770
2026-07-23T01:44:10.988Z,usb,1,3612849267,187239,47933184,256,8000,31.770
2026-07-23T01:44:11.020Z,usb,1,3612849267,187240,47933440,256,8000,31.770
2026-07-23T01:44:11.052Z,usb,1,3612849267,187241,47933696,256,8000,31.770
2026-07-23T01:44:11.084Z,usb,1,3612849267,187242,47933952,256,8000,31.770
2026-07-23T01:44:11.116Z,usb,1,3612849267,187243,47934208,256,8000,31.770
2026-07-23T01:44:11.148Z,usb,1,3612849267,187244,47934464,256,8000,31.770
2026-07-23T01:44:11.180Z,usb,1,3612849267,187245,47934720,256,8000,31.770
2026-07-23T01:44:11.212Z,usb,1,3612849267,187246,47934976,256,8000,31.770
2026-07-23T01:44:11.244Z,usb,1,3612849267,187247,47935232,256,8000,31.770
2026-07-23T01:44:11.276Z,usb,1,3612849267,187248,47935488,256,8000,31.770
2026-07-23T01:44:11.308Z,usb,1,3612849267,187249,47935744,256,8000,31.770
2026-07-23T01:44:11.340Z,usb,1,3612849267,187250,47936000,256,8000,31.770
2026-07-23T01:44:11.372Z,usb,1,3612849267,187251,47936256,256,8000,31.770
2026-07-23T01:44:11.404Z,usb,1,3612849267,187252,47936512,256,8000,31.770
2026-07-23T01:44:11.436Z,usb,1,3612849267,187253,47936768,256,8000,31.770
2026-07-23T01:44:11.468Z,usb,1,3612849267,187254,47937024,256,8000,31.770
2026-07-23T01:44:11.500Z,usb,1,3612849267,187255,47937280,256,8000,31.770
2026-07-23T01:44:11.532Z,usb,1,3612849267,187256,47937536,256,8000,31.770
2026-07-23T01:44:11.564Z,usb,1,3612849267,187257,47937792,256,8000,31.770
2026-07-23T01:44:11.596Z,usb,1,3612849267,187258,47938048,256,8000,31.770
2026-07-23T01:44:11.628Z,usb,1,3612849267,187259,47938304,256,8000,31.770
2026-07-23T01:44:11.660Z,usb,1,3612849267,187260,47938560,256,8000,31.770
2026-07-23T01:44:11.692Z,usb,1,3612849267,187261,47938816,256,8000,31.770
2026-07-23T01:44:11.724Z,usb,1,3612849267,187262,47939072,256,8000,31.770
2026-07-23T01:44:11.756Z,usb,1,3612849267,187263,47939328,256,8000,31.770
2026-07-23T01:44:11.788Z,usb,1,3612849267,187264,47939584,256,8000,31.770
2026-07-23T01:44:11.820Z,usb,1,3612849267,187265,47939840,256,8000,31.770
2026-07-23T01:44:11.852Z,usb,1,3612849267,187266,47940096,256,8000,31.770
2026-07-23T01:44:11.884Z,usb,1,3612849267,187267,47940352,256,8000,31.770
2026-07-23T01:44:11.917Z,usb,1,3612849267,187268,47940608,256,8000,31.780
2026-07-23T01:44:11.948Z,usb,1,3612849267,187269,47940864,256,8000,31.780
2026-07-23T01:44:11.980Z,usb,1,3612849267,187270,47941120,256,8000,31.780
2026-07-23T01:44:12.012Z,usb,1,3612849267,187271,47941376,256,8000,31.780
2026-07-23T01:44:12.044Z,usb,1,3612849267,187272,47941632,256,8000,31.780
2026-07-23T01:44:12.076Z,usb,1,3612849267,187273,47941888,256,8000,31.780
2026-07-23T01:44:12.108Z,usb,1,3612849267,187274,47942144,256,8000,31.780
2026-07-23T01:44:12.140Z,usb,1,3612849267,187275,47942400,256,8000,31.780
2026-07-23T01:44:12.172Z,usb,1,3612849267,187276,47942656,256,8000,31.780
2026-07-23T01:44:12.204Z,usb,1,3612849267,187277,47942912,256,8000,31.780
2026-07-23T01:44:12.236Z,usb,1,3612849267,187278,47943168,256,8000,31.780
2026-07-23T01:44:12.268Z,usb,1,3612849267,187279,47943424,256,8000,31.780
2026-07-23T01:44:12.300Z,usb,1,3612849267,187280,47943680,256,8000,31.780
2026-07-23T01:44:12.332Z,usb,1,3612849267,187281,47943936,256,8000,31.780
2026-07-23T01:44:12.364Z,usb,1,3612849267,187282,47944192,256,8000,31.780
2026-07-23T01:44:12.396Z,usb,1,3612849267,187283,47944448,256,8000,31.780
2026-07-23T01:44:12.428Z,usb,1,3612849267,187284,47944704,256,8000,31.780
2026-07-23T01:44:12.460Z,usb,1,3612849267,187285,47944960,256,8000,31.780
2026-07-23T01:44:12.492Z,usb,1,3612849267,187286,47945216,256,8000,31.780
2026-07-23T01:44:12.524Z,usb,1,3612849267,187287,47945472,256,8000,31.780
2026-07-23T01:44:12.556Z,usb,1,3612849267,187288,47945728,256,8000,31.780
2026-07-23T01:44:12.588Z,usb,1,3612849267,187289,47945984,256,8000,31.780
2026-07-23T01:44:12.620Z,usb,1,3612849267,187290,47946240,256,8000,31.780
2026-07-23T01:44:12.652Z,usb,1,3612849267,187291,47946496,256,8000,31.780
2026-07-23T01:44:12.684Z,usb,1,3612849267,187292,47946752,256,8000,31.780
2026-07-23T01:44:12.716Z,usb,1,3612849267,187293,47947008,256,8000,31.780
2026-07-23T01:44:12.748Z,usb,1,3612849267,187294,47947264,256,8000,31.780
2026-07-23T01:44:12.780Z,usb,1,3612849267,187295,47947520,256,8000,31.780
2026-07-23T01:44:12.812Z,usb,1,3612849267,187296,47947776,256,8000,31.780
2026-07-23T01:44:12.844Z,usb,1,3612849267,187297,47948032,256,8000,31.780
2026-07-23T01:44:12.876Z,usb,1,3612849267,187298,47948288,256,8000,31.780
2026-07-23T01:44:12.908Z,usb,1,3612849267,187299,47948544,256,8000,31.780
2026-07-23T01:44:12.941Z,usb,1,3612849267,187300,47948800,256,8000,31.770
2026-07-23T01:44:12.972Z,usb,1,3612849267,187301,47949056,256,8000,31.770
2026-07-23T01:44:13.004Z,usb,1,3612849267,187302,47949312,256,8000,31.770
2026-07-23T01:44:13.036Z,usb,1,3612849267,187303,47949568,256,8000,31.770
2026-07-23T01:44:13.068Z,usb,1,3612849267,187304,47949824,256,8000,31.770
2026-07-23T01:44:13.100Z,usb,1,3612849267,187305,47950080,256,8000,31.770
2026-07-23T01:44:13.132Z,usb,1,3612849267,187306,47950336,256,8000,31.770
2026-07-23T01:44:13.164Z,usb,1,3612849267,187307,47950592,256,8000,31.770
2026-07-23T01:44:13.196Z,usb,1,3612849267,187308,47950848,256,8000,31.770
2026-07-23T01:44:13.228Z,usb,1,3612849267,187309,47951104,256,8000,31.770
2026-07-23T01:44:13.260Z,usb,1,3612849267,187310,47951360,256,8000,31.770
2026-07-23T01:44:13.292Z,usb,1,3612849267,187311,47951616,256,8000,31.770
2026-07-23T01:44:13.324Z,usb,1,3612849267,187312,47951872,256,8000,31.770
2026-07-23T01:44:13.356Z,usb,1,3612849267,187313,47952128,256,8000,31.770
2026-07-23T01:44:13.388Z,usb,1,3612849267,187314,47952384,256,8000,31.770
2026-07-23T01:44:13.420Z,usb,1,3612849267,187315,47952640,256,8000,31.770
2026-07-23T01:44:13.452Z,usb,1,3612849267,187316,47952896,256,8000,31.770
2026-07-23T01:44:13.484Z,usb,1,3612849267,187317,47953152,256,8000,31.770
2026-07-23T01:44:13.516Z,usb,1,3612849267,187318,47953408,256,8000,31.770
2026-07-23T01:44:13.548Z,usb,1,3612849267,187319,47953664,256,8000,31.770
2026-07-23T01:44:13.580Z,usb,1,3612849267,187320,47953920,256,8000,31.770
2026-07-23T01:44:13.612Z,usb,1,3612849267,187321,47954176,256,8000,31.770
2026-07-23T01:44:13.644Z,usb,1,3612849267,187322,47954432,256,8000,31.770
2026-07-23T01:44:13.676Z,usb,1,3612849267,187323,47954688,256,8000,31.770
2026-07-23T01:44:13.708Z,usb,1,3612849267,187324,47954944,256,8000,31.770
2026-07-23T01:44:13.740Z,usb,1,3612849267,187325,47955200,256,8000,31.770
2026-07-23T01:44:13.772Z,usb,1,3612849267,187326,47955456,256,8000,31.770
2026-07-23T01:44:13.804Z,usb,1,3612849267,187327,47955712,256,8000,31.770
2026-07-23T01:44:13.836Z,usb,1,3612849267,187328,47955968,256,8000,31.770
2026-07-23T01:44:13.868Z,usb,1,3612849267,187329,47956224,256,8000,31.770
2026-07-23T01:44:13.900Z,usb,1,3612849267,187330,47956480,256,8000,31.770
2026-07-23T01:44:13.932Z,usb,1,3612849267,187331,47956736,256,8000,31.770
2026-07-23T01:44:13.965Z,usb,1,3612849267,187332,47956992,256,8000,31.770
2026-07-23T01:44:13.996Z,usb,1,3612849267,187333,47957248,256,8000,31.770
2026-07-23T01:44:14.028Z,usb,1,3612849267,187334,47957504,256,8000,31.770
2026-07-23T01:44:14.060Z,usb,1,3612849267,187335,47957760,256,8000,31.770
2026-07-23T01:44:14.092Z,usb,1,3612849267,187336,47958016,256,8000,31.770
2026-07-23T01:44:14.124Z,usb,1,3612849267,187337,47958272,256,8000,31.770
2026-07-23T01:44:14.156Z,usb,1,3612849267,187338,47958528,256,8000,31.770
2026-07-23T01:44:14.188Z,usb,1,3612849267,187339,47958784,256,8000,31.770
2026-07-23T01:44:14.220Z,usb,1,3612849267,187340,47959040,256,8000,31.770
2026-07-23T01:44:14.252Z,usb,1,3612849267,187341,47959296,256,8000,31.770
2026-07-23T01:44:14.284Z,usb,1,3612849267,187342,47959552,256,8000,31.770
2026-07-23T01:44:14.316Z,usb,1,3612849267,187343,47959808,256,8000,31.770
2026-07-23T01:44:14.348Z,usb,1,3612849267,187344,47960064,256,8000,31.770
2026-07-23T01:44:14.380Z,usb,1,3612849267,187345,47960320,256,8000,31.770
2026-07-23T01:44:14.412Z,usb,1,3612849267,187346,47960576,256,8000,31.770
2026-07-23T01:44:14.444Z,usb,1,3612849267,187347,47960832,256,8000,31.770
2026-07-23T01:44:14.476Z,usb,1,3612849267,187348,47961088,256,8000,31.770
2026-07-23T01:44:14.508Z,usb,1,3612849267,187349,47961344,256,8000,31.770
2026-07-23T01:44:14.540Z,usb,1,3612849267,187350,47961600,256,8000,31.770
2026-07-23T01:44:14.572Z,usb,1,3612849267,187351,47961856,256,8000,31.770
2026-07-23T01:44:14.604Z,usb,1,3612849267,187352,47962112,256,8000,31.770
2026-07-23T01:44:14.636Z,usb,1,3612849267,187353,47962368,256,8000,31.770
2026-07-23T01:44:14.668Z,usb,1,3612849267,187354,47962624,256,8000,31.770
2026-07-23T01:44:14.700Z,usb,1,3612849267,187355,47962880,256,8000,31.770
2026-07-23T01:44:14.732Z,usb,1,3612849267,187356,47963136,256,8000,31.770
2026-07-23T01:44:14.764Z,usb,1,3612849267,187357,47963392,256,8000,31.770
2026-07-23T01:44:14.796Z,usb,1,3612849267,187358,47963648,256,8000,31.770
2026-07-23T01:44:14.828Z,usb,1,3612849267,187359,47963904,256,8000,31.770
2026-07-23T01:44:14.860Z,usb,1,3612849267,187360,47964160,256,8000,31.770
2026-07-23T01:44:14.892Z,usb,1,3612849267,187361,47964416,256,8000,31.770
2026-07-23T01:44:14.924Z,usb,1,3612849267,187362,47964672,256,8000,31.770
2026-07-23T01:44:14.956Z,usb,1,3612849267,187363,47964928,256,8000,31.770
2026-07-23T01:44:14.989Z,usb,1,3612849267,187364,47965184,256,8000,31.770
2026-07-23T01:44:15.020Z,usb,1,3612849267,187365,47965440,256,8000,31.770
2026-07-23T01:44:15.052Z,usb,1,3612849267,187366,47965696,256,8000,31.770
2026-07-23T01:44:15.084Z,usb,1,3612849267,187367,47965952,256,8000,31.770
2026-07-23T01:44:15.116Z,usb,1,3612849267,187368,47966208,256,8000,31.770
2026-07-23T01:44:15.148Z,usb,1,3612849267,187369,47966464,256,8000,31.770
2026-07-23T01:44:15.180Z,usb,1,3612849267,187370,47966720,256,8000,31.770
2026-07-23T01:44:15.212Z,usb,1,3612849267,187371,47966976,256,8000,31.770
2026-07-23T01:44:15.244Z,usb,1,3612849267,187372,47967232,256,8000,31.770
2026-07-23T01:44:15.276Z,usb,1,3612849267,187373,47967488,256,8000,31.770
2026-07-23T01:44:15.308Z,usb,1,3612849267,187374,47967744,256,8000,31.770
2026-07-23T01:44:15.340Z,usb,1,3612849267,187375,47968000,256,8000,31.770
2026-07-23T01:44:15.372Z,usb,1,3612849267,187376,47968256,256,8000,31.770
2026-07-23T01:44:15.405Z,usb,1,3612849267,187377,47968512,256,8000,31.770
2026-07-23T01:44:15.436Z,usb,1,3612849267,187378,47968768,256,8000,31.770
2026-07-23T01:44:15.468Z,usb,1,3612849267,187379,47969024,256,8000,31.770
2026-07-23T01:44:15.500Z,usb,1,3612849267,187380,47969280,256,8000,31.770
2026-07-23T01:44:15.532Z,usb,1,3612849267,187381,47969536,256,8000,31.770
2026-07-23T01:44:15.564Z,usb,1,3612849267,187382,47969792,256,8000,31.770
2026-07-23T01:44:15.597Z,usb,1,3612849267,187383,47970048,256,8000,31.770
2026-07-23T01:44:15.628Z,usb,1,3612849267,187384,47970304,256,8000,31.770
2026-07-23T01:44:15.660Z,usb,1,3612849267,187385,47970560,256,8000,31.770
2026-07-23T01:44:15.692Z,usb,1,3612849267,187386,47970816,256,8000,31.770
2026-07-23T01:44:15.724Z,usb,1,3612849267,187387,47971072,256,8000,31.770
2026-07-23T01:44:15.756Z,usb,1,3612849267,187388,47971328,256,8000,31.770
2026-07-23T01:44:15.788Z,usb,1,3612849267,187389,47971584,256,8000,31.770
2026-07-23T01:44:15.820Z,usb,1,3612849267,187390,47971840,256,8000,31.770
2026-07-23T01:44:15.852Z,usb,1,3612849267,187391,47972096,256,8000,31.770
2026-07-23T01:44:15.884Z,usb,1,3612849267,187392,47972352,256,8000,31.770
2026-07-23T01:44:15.917Z,usb,1,3612849267,187393,47972608,256,8000,31.770
2026-07-23T01:44:15.948Z,usb,1,3612849267,187394,47972864,256,8000,31.770
2026-07-23T01:44:15.980Z,usb,1,3612849267,187395,47973120,256,8000,31.770
2026-07-23T01:44:16.013Z,usb,1,3612849267,187396,47973376,256,8000,31.770
2026-07-23T01:44:16.044Z,usb,1,3612849267,187397,47973632,256,8000,31.770
2026-07-23T01:44:16.076Z,usb,1,3612849267,187398,47973888,256,8000,31.770
2026-07-23T01:44:16.109Z,usb,1,3612849267,187399,47974144,256,8000,31.770
2026-07-23T01:44:16.140Z,usb,1,3612849267,187400,47974400,256,8000,31.770
2026-07-23T01:44:16.172Z,usb,1,3612849267,187401,47974656,256,8000,31.770
2026-07-23T01:44:16.205Z,usb,1,3612849267,187402,47974912,256,8000,31.770
2026-07-23T01:44:16.236Z,usb,1,3612849267,187403,47975168,256,8000,31.770
2026-07-23T01:44:16.268Z,usb,1,3612849267,187404,47975424,256,8000,31.770
2026-07-23T01:44:16.300Z,usb,1,3612849267,187405,47975680,256,8000,31.770
2026-07-23T01:44:16.333Z,usb,1,3612849267,187406,47975936,256,8000,31.770
2026-07-23T01:44:16.364Z,usb,1,3612849267,187407,47976192,256,8000,31.770
2026-07-23T01:44:16.396Z,usb,1,3612849267,187408,47976448,256,8000,31.770
2026-07-23T01:44:16.428Z,usb,1,3612849267,187409,47976704,256,8000,31.770
2026-07-23T01:44:16.461Z,usb,1,3612849267,187410,47976960,256,8000,31.770
2026-07-23T01:44:16.492Z,usb,1,3612849267,187411,47977216,256,8000,31.770
2026-07-23T01:44:16.525Z,usb,1,3612849267,187412,47977472,256,8000,31.770
2026-07-23T01:44:16.556Z,usb,1,3612849267,187413,47977728,256,8000,31.770
2026-07-23T01:44:16.589Z,usb,1,3612849267,187414,47977984,256,8000,31.770
2026-07-23T01:44:16.621Z,usb,1,3612849267,187415,47978240,256,8000,31.770
2026-07-23T01:44:16.653Z,usb,1,3612849267,187416,47978496,256,8000,31.770
2026-07-23T01:44:16.685Z,usb,1,3612849267,187417,47978752,256,8000,31.770
2026-07-23T01:44:16.717Z,usb,1,3612849267,187418,47979008,256,8000,31.770
2026-07-23T01:44:16.748Z,usb,1,3612849267,187419,47979264,256,8000,31.770
2026-07-23T01:44:16.781Z,usb,1,3612849267,187420,47979520,256,8000,31.770
2026-07-23T01:44:16.812Z,usb,1,3612849267,187421,47979776,256,8000,31.770
2026-07-23T01:44:16.845Z,usb,1,3612849267,187422,47980032,256,8000,31.770
2026-07-23T01:44:16.877Z,usb,1,3612849267,187423,47980288,256,8000,31.770
2026-07-23T01:44:16.908Z,usb,1,3612849267,187424,47980544,256,8000,31.770
2026-07-23T01:44:16.941Z,usb,1,3612849267,187425,47980800,256,8000,31.770
2026-07-23T01:44:16.973Z,usb,1,3612849267,187426,47981056,256,8000,31.770
2026-07-23T01:44:17.005Z,usb,1,3612849267,187427,47981312,256,8000,31.770
2026-07-23T01:44:17.037Z,usb,1,3612849267,187428,47981568,256,8000,31.770
2026-07-23T01:44:17.069Z,usb,1,3612849267,187429,47981824,256,8000,31.770
2026-07-23T01:44:17.101Z,usb,1,3612849267,187430,47982080,256,8000,31.770
2026-07-23T01:44:17.133Z,usb,1,3612849267,187431,47982336,256,8000,31.770
2026-07-23T01:44:17.165Z,usb,1,3612849267,187432,47982592,256,8000,31.770
2026-07-23T01:44:17.197Z,usb,1,3612849267,187433,47982848,256,8000,31.770
2026-07-23T01:44:17.229Z,usb,1,3612849267,187434,47983104,256,8000,31.770
2026-07-23T01:44:17.261Z,usb,1,3612849267,187435,47983360,256,8000,31.770
2026-07-23T01:44:17.293Z,usb,1,3612849267,187436,47983616,256,8000,31.770
2026-07-23T01:44:17.325Z,usb,1,3612849267,187437,47983872,256,8000,31.770
2026-07-23T01:44:17.357Z,usb,1,3612849267,187438,47984128,256,8000,31.770
2026-07-23T01:44:17.389Z,usb,1,3612849267,187439,47984384,256,8000,31.770
2026-07-23T01:44:17.420Z,usb,1,3612849267,187440,47984640,256,8000,31.770
2026-07-23T01:44:17.453Z,usb,1,3612849267,187441,47984896,256,8000,31.770
2026-07-23T01:44:17.485Z,usb,1,3612849267,187442,47985152,256,8000,31.770
2026-07-23T01:44:17.517Z,usb,1,3612849267,187443,47985408,256,8000,31.770
2026-07-23T01:44:17.549Z,usb,1,3612849267,187444,47985664,256,8000,31.770
2026-07-23T01:44:17.581Z,usb,1,3612849267,187445,47985920,256,8000,31.770
2026-07-23T01:44:17.613Z,usb,1,3612849267,187446,47986176,256,8000,31.770
2026-07-23T01:44:17.645Z,usb,1,3612849267,187447,47986432,256,8000,31.770
2026-07-23T01:44:17.677Z,usb,1,3612849267,187448,47986688,256,8000,31.770
2026-07-23T01:44:17.709Z,usb,1,3612849267,187449,47986944,256,8000,31.770
2026-07-23T01:44:17.741Z,usb,1,3612849267,187450,47987200,256,8000,31.770
2026-07-23T01:44:17.773Z,usb,1,3612849267,187451,47987456,256,8000,31.770
2026-07-23T01:44:17.805Z,usb,1,3612849267,187452,47987712,256,8000,31.770
2026-07-23T01:44:17.837Z,usb,1,3612849267,187453,47987968,256,8000,31.770
2026-07-23T01:44:17.869Z,usb,1,3612849267,187454,47988224,256,8000,31.770
2026-07-23T01:44:17.901Z,usb,1,3612849267,187455,47988480,256,8000,31.770
2026-07-23T01:44:17.933Z,usb,1,3612849267,187456,47988736,256,8000,31.770
2026-07-23T01:44:17.965Z,usb,1,3612849267,187457,47988992,256,8000,31.770
2026-07-23T01:44:17.997Z,usb,1,3612849267,187458,47989248,256,8000,31.770
2026-07-23T01:44:18.029Z,usb,1,3612849267,187459,47989504,256,8000,31.770
2026-07-23T01:44:18.061Z,usb,1,3612849267,187460,47989760,256,8000,31.770
2026-07-23T01:44:18.093Z,usb,1,3612849267,187461,47990016,256,8000,31.770
2026-07-23T01:44:18.125Z,usb,1,3612849267,187462,47990272,256,8000,31.770
2026-07-23T01:44:18.157Z,usb,1,3612849267,187463,47990528,256,8000,31.770
2026-07-23T01:44:18.189Z,usb,1,3612849267,187464,47990784,256,8000,31.770
2026-07-23T01:44:18.221Z,usb,1,3612849267,187465,47991040,256,8000,31.770
2026-07-23T01:44:18.253Z,usb,1,3612849267,187466,47991296,256,8000,31.770
2026-07-23T01:44:18.285Z,usb,1,3612849267,187467,47991552,256,8000,31.770
2026-07-23T01:44:18.317Z,usb,1,3612849267,187468,47991808,256,8000,31.770
2026-07-23T01:44:18.349Z,usb,1,3612849267,187469,47992064,256,8000,31.770
2026-07-23T01:44:18.381Z,usb,1,3612849267,187470,47992320,256,8000,31.770
2026-07-23T01:44:18.413Z,usb,1,3612849267,187471,47992576,256,8000,31.770
2026-07-23T01:44:18.445Z,usb,1,3612849267,187472,47992832,256,8000,31.770
2026-07-23T01:44:18.477Z,usb,1,3612849267,187473,47993088,256,8000,31.770
2026-07-23T01:44:18.509Z,usb,1,3612849267,187474,47993344,256,8000,31.770
2026-07-23T01:44:18.541Z,usb,1,3612849267,187475,47993600,256,8000,31.770
2026-07-23T01:44:18.573Z,usb,1,3612849267,187476,47993856,256,8000,31.770
2026-07-23T01:44:18.605Z,usb,1,3612849267,187477,47994112,256,8000,31.770
2026-07-23T01:44:18.637Z,usb,1,3612849267,187478,47994368,256,8000,31.770
2026-07-23T01:44:18.669Z,usb,1,3612849267,187479,47994624,256,8000,31.770
2026-07-23T01:44:18.701Z,usb,1,3612849267,187480,47994880,256,8000,31.770
2026-07-23T01:44:18.733Z,usb,1,3612849267,187481,47995136,256,8000,31.770
2026-07-23T01:44:18.765Z,usb,1,3612849267,187482,47995392,256,8000,31.770
2026-07-23T01:44:18.797Z,usb,1,3612849267,187483,47995648,256,8000,31.770
2026-07-23T01:44:18.829Z,usb,1,3612849267,187484,47995904,256,8000,31.770
2026-07-23T01:44:18.861Z,usb,1,3612849267,187485,47996160,256,8000,31.770
2026-07-23T01:44:18.893Z,usb,1,3612849267,187486,47996416,256,8000,31.770
2026-07-23T01:44:18.925Z,usb,1,3612849267,187487,47996672,256,8000,31.770
2026-07-23T01:44:18.957Z,usb,1,3612849267,187488,47996928,256,8000,31.770
2026-07-23T01:44:18.989Z,usb,1,3612849267,187489,47997184,256,8000,31.770
2026-07-23T01:44:19.021Z,usb,1,3612849267,187490,47997440,256,8000,31.770
2026-07-23T01:44:19.053Z,usb,1,3612849267,187491,47997696,256,8000,31.770
2026-07-23T01:44:19.085Z,usb,1,3612849267,187492,47997952,256,8000,31.770
2026-07-23T01:44:19.117Z,usb,1,3612849267,187493,47998208,256,8000,31.770
2026-07-23T01:44:19.149Z,usb,1,3612849267,187494,47998464,256,8000,31.770
2026-07-23T01:44:19.181Z,usb,1,3612849267,187495,47998720,256,8000,31.770
2026-07-23T01:44:19.213Z,usb,1,3612849267,187496,47998976,256,8000,31.770
2026-07-23T01:44:19.245Z,usb,1,3612849267,187497,47999232,256,8000,31.770
2026-07-23T01:44:19.277Z,usb,1,3612849267,187498,47999488,256,8000,31.770
2026-07-23T01:44:19.309Z,usb,1,3612849267,187499,47999744,256,8000,31.770
2026-07-23T01:44:19.341Z,usb,1,3612849267,187500,48000000,256,8000,31.770
2026-07-23T01:44:19.373Z,usb,1,3612849267,187501,48000256,256,8000,31.770
2026-07-23T01:44:19.405Z,usb,1,3612849267,187502,48000512,256,8000,31.770
2026-07-23T01:44:19.437Z,usb,1,3612849267,187503,48000768,256,8000,31.770
2026-07-23T01:44:19.469Z,usb,1,3612849267,187504,48001024,256,8000,31.770
2026-07-23T01:44:19.501Z,usb,1,3612849267,187505,48001280,256,8000,31.770
2026-07-23T01:44:19.533Z,usb,1,3612849267,187506,48001536,256,8000,31.770
2026-07-23T01:44:19.565Z,usb,1,3612849267,187507,48001792,256,8000,31.770
2026-07-23T01:44:19.597Z,usb,1,3612849267,187508,48002048,256,8000,31.770
2026-07-23T01:44:19.629Z,usb,1,3612849267,187509,48002304,256,8000,31.770
2026-07-23T01:44:19.661Z,usb,1,3612849267,187510,48002560,256,8000,31.770
2026-07-23T01:44:19.693Z,usb,1,3612849267,187511,48002816,256,8000,31.770
2026-07-23T01:44:19.725Z,usb,1,3612849267,187512,48003072,256,8000,31.770
2026-07-23T01:44:19.757Z,usb,1,3612849267,187513,48003328,256,8000,31.770
2026-07-23T01:44:19.789Z,usb,1,3612849267,187514,48003584,256,8000,31.770
2026-07-23T01:44:19.821Z,usb,1,3612849267,187515,48003840,256,8000,31.770
2026-07-23T01:44:19.853Z,usb,1,3612849267,187516,48004096,256,8000,31.770
2026-07-23T01:44:19.885Z,usb,1,3612849267,187517,48004352,256,8000,31.770
2026-07-23T01:44:19.917Z,usb,1,3612849267,187518,48004608,256,8000,31.770
2026-07-23T01:44:19.949Z,usb,1,3612849267,187519,48004864,256,8000,31.770
2026-07-23T01:44:19.981Z,usb,1,3612849267,187520,48005120,256,8000,31.770
2026-07-23T01:44:20.013Z,usb,1,3612849267,187521,48005376,256,8000,31.770
2026-07-23T01:44:20.045Z,usb,1,3612849267,187522,48005632,256,8000,31.770
2026-07-23T01:44:20.077Z,usb,1,3612849267,187523,48005888,256,8000,31.770
2026-07-23T01:44:20.110Z,usb,1,3612849267,187524,48006144,256,8000,31.770
2026-07-23T01:44:20.141Z,usb,1,3612849267,187525,48006400,256,8000,31.770
2026-07-23T01:44:20.173Z,usb,1,3612849267,187526,48006656,256,8000,31.770
2026-07-23T01:44:20.205Z,usb,1,3612849267,187527,48006912,256,8000,31.770
2026-07-23T01:44:20.237Z,usb,1,3612849267,187528,48007168,256,8000,31.770
2026-07-23T01:44:20.269Z,usb,1,3612849267,187529,48007424,256,8000,31.770
2026-07-23T01:44:20.301Z,usb,1,3612849267,187530,48007680,256,8000,31.770
2026-07-23T01:44:20.333Z,usb,1,3612849267,187531,48007936,256,8000,31.770
2026-07-23T01:44:20.365Z,usb,1,3612849267,187532,48008192,256,8000,31.770
2026-07-23T01:44:20.397Z,usb,1,3612849267,187533,48008448,256,8000,31.770
2026-07-23T01:44:20.429Z,usb,1,3612849267,187534,48008704,256,8000,31.770
2026-07-23T01:44:20.461Z,usb,1,3612849267,187535,48008960,256,8000,31.770
2026-07-23T01:44:20.493Z,usb,1,3612849267,187536,48009216,256,8000,31.770
2026-07-23T01:44:20.525Z,usb,1,3612849267,187537,48009472,256,8000,31.770
2026-07-23T01:44:20.557Z,usb,1,3612849267,187538,48009728,256,8000,31.770
2026-07-23T01:44:20.589Z,usb,1,3612849267,187539,48009984,256,8000,31.770
2026-07-23T01:44:20.621Z,usb,1,3612849267,187540,48010240,256,8000,31.770
2026-07-23T01:44:20.653Z,usb,1,3612849267,187541,48010496,256,8000,31.770
2026-07-23T01:44:20.685Z,usb,1,3612849267,187542,48010752,256,8000,31.770
2026-07-23T01:44:20.717Z,usb,1,3612849267,187543,48011008,256,8000,31.770
2026-07-23T01:44:20.749Z,usb,1,3612849267,187544,48011264,256,8000,31.770
2026-07-23T01:44:20.781Z,usb,1,3612849267,187545,48011520,256,8000,31.770
2026-07-23T01:44:20.813Z,usb,1,3612849267,187546,48011776,256,8000,31.770
2026-07-23T01:44:20.845Z,usb,1,3612849267,187547,48012032,256,8000,31.770
2026-07-23T01:44:20.877Z,usb,1,3612849267,187548,48012288,256,8000,31.770
2026-07-23T01:44:20.909Z,usb,1,3612849267,187549,48012544,256,8000,31.770
2026-07-23T01:44:20.941Z,usb,1,3612849267,187550,48012800,256,8000,31.770
2026-07-23T01:44:20.973Z,usb,1,3612849267,187551,48013056,256,8000,31.770
2026-07-23T01:44:21.005Z,usb,1,3612849267,187552,48013312,256,8000,31.770
2026-07-23T01:44:21.037Z,usb,1,3612849267,187553,48013568,256,8000,31.770
2026-07-23T01:44:21.069Z,usb,1,3612849267,187554,48013824,256,8000,31.770
2026-07-23T01:44:21.101Z,usb,1,3612849267,187555,48014080,256,8000,31.770
2026-07-23T01:44:21.134Z,usb,1,3612849267,187556,48014336,256,8000,31.770
2026-07-23T01:44:21.165Z,usb,1,3612849267,187557,48014592,256,8000,31.770
2026-07-23T01:44:21.197Z,usb,1,3612849267,187558,48014848,256,8000,31.770
2026-07-23T01:44:21.229Z,usb,1,3612849267,187559,48015104,256,8000,31.770
2026-07-23T01:44:21.261Z,usb,1,3612849267,187560,48015360,256,8000,31.770
2026-07-23T01:44:21.293Z,usb,1,3612849267,187561,48015616,256,8000,31.770
2026-07-23T01:44:21.325Z,usb,1,3612849267,187562,48015872,256,8000,31.770
2026-07-23T01:44:21.357Z,usb,1,3612849267,187563,48016128,256,8000,31.770
2026-07-23T01:44:21.389Z,usb,1,3612849267,187564,48016384,256,8000,31.770
2026-07-23T01:44:21.421Z,usb,1,3612849267,187565,48016640,256,8000,31.770
2026-07-23T01:44:21.453Z,usb,1,3612849267,187566,48016896,256,8000,31.770
2026-07-23T01:44:21.485Z,usb,1,3612849267,187567,48017152,256,8000,31.770
2026-07-23T01:44:21.517Z,usb,1,3612849267,187568,48017408,256,8000,31.770
2026-07-23T01:44:21.549Z,usb,1,3612849267,187569,48017664,256,8000,31.770
2026-07-23T01:44:21.581Z,usb,1,3612849267,187570,48017920,256,8000,31.770
2026-07-23T01:44:21.613Z,usb,1,3612849267,187571,48018176,256,8000,31.770
2026-07-23T01:44:21.645Z,usb,1,3612849267,187572,48018432,256,8000,31.770
2026-07-23T01:44:21.677Z,usb,1,3612849267,187573,48018688,256,8000,31.770
2026-07-23T01:44:21.709Z,usb,1,3612849267,187574,48018944,256,8000,31.770
2026-07-23T01:44:21.741Z,usb,1,3612849267,187575,48019200,256,8000,31.770
2026-07-23T01:44:21.773Z,usb,1,3612849267,187576,48019456,256,8000,31.770
2026-07-23T01:44:21.805Z,usb,1,3612849267,187577,48019712,256,8000,31.770
2026-07-23T01:44:21.837Z,usb,1,3612849267,187578,48019968,256,8000,31.770
2026-07-23T01:44:21.869Z,usb,1,3612849267,187579,48020224,256,8000,31.770
2026-07-23T01:44:21.901Z,usb,1,3612849267,187580,48020480,256,8000,31.770
2026-07-23T01:44:21.933Z,usb,1,3612849267,187581,48020736,256,8000,31.770
2026-07-23T01:44:21.965Z,usb,1,3612849267,187582,48020992,256,8000,31.770
2026-07-23T01:44:21.997Z,usb,1,3612849267,187583,48021248,256,8000,31.770
2026-07-23T01:44:22.029Z,usb,1,3612849267,187584,48021504,256,8000,31.770
2026-07-23T01:44:22.061Z,usb,1,3612849267,187585,48021760,256,8000,31.770
2026-07-23T01:44:22.093Z,usb,1,3612849267,187586,48022016,256,8000,31.770
2026-07-23T01:44:22.125Z,usb,1,3612849267,187587,48022272,256,8000,31.770
2026-07-23T01:44:22.158Z,usb,1,3612849267,187588,48022528,256,8000,31.770
2026-07-23T01:44:22.189Z,usb,1,3612849267,187589,48022784,256,8000,31.770
2026-07-23T01:44:22.221Z,usb,1,3612849267,187590,48023040,256,8000,31.770
2026-07-23T01:44:22.253Z,usb,1,3612849267,187591,48023296,256,8000,31.770
2026-07-23T01:44:22.285Z,usb,1,3612849267,187592,48023552,256,8000,31.770
2026-07-23T01:44:22.317Z,usb,1,3612849267,187593,48023808,256,8000,31.770
2026-07-23T01:44:22.349Z,usb,1,3612849267,187594,48024064,256,8000,31.770
2026-07-23T01:44:22.381Z,usb,1,3612849267,187595,48024320,256,8000,31.770
2026-07-23T01:44:22.413Z,usb,1,3612849267,187596,48024576,256,8000,31.770
2026-07-23T01:44:22.445Z,usb,1,3612849267,187597,48024832,256,8000,31.770
2026-07-23T01:44:22.477Z,usb,1,3612849267,187598,48025088,256,8000,31.770
2026-07-23T01:44:22.509Z,usb,1,3612849267,187599,48025344,256,8000,31.770
2026-07-23T01:44:22.541Z,usb,1,3612849267,187600,48025600,256,8000,31.770
2026-07-23T01:44:22.573Z,usb,1,3612849267,187601,48025856,256,8000,31.770
2026-07-23T01:44:22.605Z,usb,1,3612849267,187602,48026112,256,8000,31.770
2026-07-23T01:44:22.637Z,usb,1,3612849267,187603,48026368,256,8000,31.770
2026-07-23T01:44:22.669Z,usb,1,3612849267,187604,48026624,256,8000,31.770
2026-07-23T01:44:22.701Z,usb,1,3612849267,187605,48026880,256,8000,31.770
2026-07-23T01:44:22.733Z,usb,1,3612849267,187606,48027136,256,8000,31.770
2026-07-23T01:44:22.765Z,usb,1,3612849267,187607,48027392,256,8000,31.770
2026-07-23T01:44:22.797Z,usb,1,3612849267,187608,48027648,256,8000,31.770
2026-07-23T01:44:22.829Z,usb,1,3612849267,187609,48027904,256,8000,31.770
2026-07-23T01:44:22.861Z,usb,1,3612849267,187610,48028160,256,8000,31.770
2026-07-23T01:44:22.893Z,usb,1,3612849267,187611,48028416,256,8000,31.770
2026-07-23T01:44:22.925Z,usb,1,3612849267,187612,48028672,256,8000,31.770
2026-07-23T01:44:22.958Z,usb,1,3612849267,187613,48028928,256,8000,31.770
2026-07-23T01:44:22.989Z,usb,1,3612849267,187614,48029184,256,8000,31.770
2026-07-23T01:44:23.021Z,usb,1,3612849267,187615,48029440,256,8000,31.770
2026-07-23T01:44:23.053Z,usb,1,3612849267,187616,48029696,256,8000,31.770
2026-07-23T01:44:23.085Z,usb,1,3612849267,187617,48029952,256,8000,31.770
2026-07-23T01:44:23.117Z,usb,1,3612849267,187618,48030208,256,8000,31.770
2026-07-23T01:44:23.149Z,usb,1,3612849267,187619,48030464,256,8000,31.770
2026-07-23T01:44:23.182Z,usb,1,3612849267,187620,48030720,256,8000,31.770
2026-07-23T01:44:23.214Z,usb,1,3612849267,187621,48030976,256,8000,31.770
2026-07-23T01:44:23.245Z,usb,1,3612849267,187622,48031232,256,8000,31.770
2026-07-23T01:44:23.277Z,usb,1,3612849267,187623,48031488,256,8000,31.770
2026-07-23T01:44:23.309Z,usb,1,3612849267,187624,48031744,256,8000,31.770
2026-07-23T01:44:23.341Z,usb,1,3612849267,187625,48032000,256,8000,31.770
2026-07-23T01:44:23.373Z,usb,1,3612849267,187626,48032256,256,8000,31.770
2026-07-23T01:44:23.405Z,usb,1,3612849267,187627,48032512,256,8000,31.770
2026-07-23T01:44:23.437Z,usb,1,3612849267,187628,48032768,256,8000,31.770
2026-07-23T01:44:23.469Z,usb,1,3612849267,187629,48033024,256,8000,31.770
2026-07-23T01:44:23.501Z,usb,1,3612849267,187630,48033280,256,8000,31.770
2026-07-23T01:44:23.533Z,usb,1,3612849267,187631,48033536,256,8000,31.770
2026-07-23T01:44:23.565Z,usb,1,3612849267,187632,48033792,256,8000,31.770
2026-07-23T01:44:23.597Z,usb,1,3612849267,187633,48034048,256,8000,31.770
2026-07-23T01:44:23.629Z,usb,1,3612849267,187634,48034304,256,8000,31.770
2026-07-23T01:44:23.661Z,usb,1,3612849267,187635,48034560,256,8000,31.770
2026-07-23T01:44:23.693Z,usb,1,3612849267,187636,48034816,256,8000,31.770
2026-07-23T01:44:23.725Z,usb,1,3612849267,187637,48035072,256,8000,31.770
2026-07-23T01:44:23.757Z,usb,1,3612849267,187638,48035328,256,8000,31.770
2026-07-23T01:44:23.789Z,usb,1,3612849267,187639,48035584,256,8000,31.770
2026-07-23T01:44:23.821Z,usb,1,3612849267,187640,48035840,256,8000,31.770
2026-07-23T01:44:23.853Z,usb,1,3612849267,187641,48036096,256,8000,31.770
2026-07-23T01:44:23.886Z,usb,1,3612849267,187642,48036352,256,8000,31.770
2026-07-23T01:44:23.917Z,usb,1,3612849267,187643,48036608,256,8000,31.770
2026-07-23T01:44:23.949Z,usb,1,3612849267,187644,48036864,256,8000,31.770
2026-07-23T01:44:23.981Z,usb,1,3612849267,187645,48037120,256,8000,31.770
2026-07-23T01:44:24.013Z,usb,1,3612849267,187646,48037376,256,8000,31.770
2026-07-23T01:44:24.045Z,usb,1,3612849267,187647,48037632,256,8000,31.770
2026-07-23T01:44:24.077Z,usb,1,3612849267,187648,48037888,256,8000,31.770
2026-07-23T01:44:24.109Z,usb,1,3612849267,187649,48038144,256,8000,31.770
2026-07-23T01:44:24.141Z,usb,1,3612849267,187650,48038400,256,8000,31.770
2026-07-23T01:44:24.173Z,usb,1,3612849267,187651,48038656,256,8000,31.770
2026-07-23T01:44:24.206Z,usb,1,3612849267,187652,48038912,256,8000,31.770
2026-07-23T01:44:24.237Z,usb,1,3612849267,187653,48039168,256,8000,31.770
2026-07-23T01:44:24.269Z,usb,1,3612849267,187654,48039424,256,8000,31.770
2026-07-23T01:44:24.301Z,usb,1,3612849267,187655,48039680,256,8000,31.770
2026-07-23T01:44:24.333Z,usb,1,3612849267,187656,48039936,256,8000,31.770
2026-07-23T01:44:24.365Z,usb,1,3612849267,187657,48040192,256,8000,31.770
2026-07-23T01:44:24.397Z,usb,1,3612849267,187658,48040448,256,8000,31.770
2026-07-23T01:44:24.429Z,usb,1,3612849267,187659,48040704,256,8000,31.770
2026-07-23T01:44:24.461Z,usb,1,3612849267,187660,48040960,256,8000,31.770
2026-07-23T01:44:24.494Z,usb,1,3612849267,187661,48041216,256,8000,31.770
2026-07-23T01:44:24.525Z,usb,1,3612849267,187662,48041472,256,8000,31.770
2026-07-23T01:44:24.557Z,usb,1,3612849267,187663,48041728,256,8000,31.770
2026-07-23T01:44:24.590Z,usb,1,3612849267,187664,48041984,256,8000,31.770
2026-07-23T01:44:24.621Z,usb,1,3612849267,187665,48042240,256,8000,31.770
2026-07-23T01:44:24.653Z,usb,1,3612849267,187666,48042496,256,8000,31.770
2026-07-23T01:44:24.685Z,usb,1,3612849267,187667,48042752,256,8000,31.770
2026-07-23T01:44:24.717Z,usb,1,3612849267,187668,48043008,256,8000,31.770
2026-07-23T01:44:24.749Z,usb,1,3612849267,187669,48043264,256,8000,31.770
2026-07-23T01:44:24.781Z,usb,1,3612849267,187670,48043520,256,8000,31.770
2026-07-23T01:44:24.813Z,usb,1,3612849267,187671,48043776,256,8000,31.770
2026-07-23T01:44:24.845Z,usb,1,3612849267,187672,48044032,256,8000,31.770
2026-07-23T01:44:24.877Z,usb,1,3612849267,187673,48044288,256,8000,31.770
2026-07-23T01:44:24.909Z,usb,1,3612849267,187674,48044544,256,8000,31.770
2026-07-23T01:44:24.941Z,usb,1,3612849267,187675,48044800,256,8000,31.770
2026-07-23T01:44:24.973Z,usb,1,3612849267,187676,48045056,256,8000,31.770
2026-07-23T01:44:25.006Z,usb,1,3612849267,187677,48045312,256,8000,31.770
2026-07-23T01:44:25.037Z,usb,1,3612849267,187678,48045568,256,8000,31.770
2026-07-23T01:44:25.069Z,usb,1,3612849267,187679,48045824,256,8000,31.770
2026-07-23T01:44:25.102Z,usb,1,3612849267,187680,48046080,256,8000,31.770
2026-07-23T01:44:25.133Z,usb,1,3612849267,187681,48046336,256,8000,31.770
2026-07-23T01:44:25.165Z,usb,1,3612849267,187682,48046592,256,8000,31.770
2026-07-23T01:44:25.198Z,usb,1,3612849267,187683,48046848,256,8000,31.770
2026-07-23T01:44:25.230Z,usb,1,3612849267,187684,48047104,256,8000,31.770
2026-07-23T01:44:25.261Z,usb,1,3612849267,187685,48047360,256,8000,31.770
2026-07-23T01:44:25.293Z,usb,1,3612849267,187686,48047616,256,8000,31.770
2026-07-23T01:44:25.325Z,usb,1,3612849267,187687,48047872,256,8000,31.770
2026-07-23T01:44:25.357Z,usb,1,3612849267,187688,48048128,256,8000,31.770
2026-07-23T01:44:25.389Z,usb,1,3612849267,187689,48048384,256,8000,31.770
2026-07-23T01:44:25.422Z,usb,1,3612849267,187690,48048640,256,8000,31.770
2026-07-23T01:44:25.453Z,usb,1,3612849267,187691,48048896,256,8000,31.770
2026-07-23T01:44:25.485Z,usb,1,3612849267,187692,48049152,256,8000,31.770
2026-07-23T01:44:25.517Z,usb,1,3612849267,187693,48049408,256,8000,31.770
2026-07-23T01:44:25.549Z,usb,1,3612849267,187694,48049664,256,8000,31.770
2026-07-23T01:44:25.581Z,usb,1,3612849267,187695,48049920,256,8000,31.770
2026-07-23T01:44:25.613Z,usb,1,3612849267,187696,48050176,256,8000,31.770
2026-07-23T01:44:25.645Z,usb,1,3612849267,187697,48050432,256,8000,31.770
2026-07-23T01:44:25.677Z,usb,1,3612849267,187698,48050688,256,8000,31.770
2026-07-23T01:44:25.710Z,usb,1,3612849267,187699,48050944,256,8000,31.770
2026-07-23T01:44:25.741Z,usb,1,3612849267,187700,48051200,256,8000,31.770
2026-07-23T01:44:25.773Z,usb,1,3612849267,187701,48051456,256,8000,31.770
2026-07-23T01:44:25.806Z,usb,1,3612849267,187702,48051712,256,8000,31.770
2026-07-23T01:44:25.837Z,usb,1,3612849267,187703,48051968,256,8000,31.770
2026-07-23T01:44:25.869Z,usb,1,3612849267,187704,48052224,256,8000,31.770
2026-07-23T01:44:25.901Z,usb,1,3612849267,187705,48052480,256,8000,31.770
2026-07-23T01:44:25.933Z,usb,1,3612849267,187706,48052736,256,8000,31.770
2026-07-23T01:44:25.965Z,usb,1,3612849267,187707,48052992,256,8000,31.770
2026-07-23T01:44:25.997Z,usb,1,3612849267,187708,48053248,256,8000,31.770
2026-07-23T01:44:26.029Z,usb,1,3612849267,187709,48053504,256,8000,31.770
2026-07-23T01:44:26.061Z,usb,1,3612849267,187710,48053760,256,8000,31.770
2026-07-23T01:44:26.093Z,usb,1,3612849267,187711,48054016,256,8000,31.770
2026-07-23T01:44:26.126Z,usb,1,3612849267,187712,48054272,256,8000,31.770
2026-07-23T01:44:26.157Z,usb,1,3612849267,187713,48054528,256,8000,31.770
2026-07-23T01:44:26.189Z,usb,1,3612849267,187714,48054784,256,8000,31.770
2026-07-23T01:44:26.221Z,usb,1,3612849267,187715,48055040,256,8000,31.770
2026-07-23T01:44:26.254Z,usb,1,3612849267,187716,48055296,256,8000,31.770
2026-07-23T01:44:26.286Z,usb,1,3612849267,187717,48055552,256,8000,31.770
2026-07-23T01:44:26.317Z,usb,1,3612849267,187718,48055808,256,8000,31.770
2026-07-23T01:44:26.349Z,usb,1,3612849267,187719,48056064,256,8000,31.770
2026-07-23T01:44:26.381Z,usb,1,3612849267,187720,48056320,256,8000,31.770
2026-07-23T01:44:26.413Z,usb,1,3612849267,187721,48056576,256,8000,31.770
2026-07-23T01:44:26.445Z,usb,1,3612849267,187722,48056832,256,8000,31.770
2026-07-23T01:44:26.477Z,usb,1,3612849267,187723,48057088,256,8000,31.770
2026-07-23T01:44:26.509Z,usb,1,3612849267,187724,48057344,256,8000,31.770
2026-07-23T01:44:26.541Z,usb,1,3612849267,187725,48057600,256,8000,31.770
2026-07-23T01:44:26.573Z,usb,1,3612849267,187726,48057856,256,8000,31.770
2026-07-23T01:44:26.606Z,usb,1,3612849267,187727,48058112,256,8000,31.770
2026-07-23T01:44:26.637Z,usb,1,3612849267,187728,48058368,256,8000,31.770
2026-07-23T01:44:26.669Z,usb,1,3612849267,187729,48058624,256,8000,31.770
2026-07-23T01:44:26.701Z,usb,1,3612849267,187730,48058880,256,8000,31.770
2026-07-23T01:44:26.734Z,usb,1,3612849267,187731,48059136,256,8000,31.770
2026-07-23T01:44:26.766Z,usb,1,3612849267,187732,48059392,256,8000,31.770
2026-07-23T01:44:26.797Z,usb,1,3612849267,187733,48059648,256,8000,31.770
2026-07-23T01:44:26.830Z,usb,1,3612849267,187734,48059904,256,8000,31.770
2026-07-23T01:44:26.861Z,usb,1,3612849267,187735,48060160,256,8000,31.770
2026-07-23T01:44:26.893Z,usb,1,3612849267,187736,48060416,256,8000,31.770
2026-07-23T01:44:26.926Z,usb,1,3612849267,187737,48060672,256,8000,31.770
2026-07-23T01:44:26.957Z,usb,1,3612849267,187738,48060928,256,8000,31.770
2026-07-23T01:44:26.989Z,usb,1,3612849267,187739,48061184,256,8000,31.770
2026-07-23T01:44:27.021Z,usb,1,3612849267,187740,48061440,256,8000,31.770
2026-07-23T01:44:27.053Z,usb,1,3612849267,187741,48061696,256,8000,31.770
2026-07-23T01:44:27.085Z,usb,1,3612849267,187742,48061952,256,8000,31.770
2026-07-23T01:44:27.118Z,usb,1,3612849267,187743,48062208,256,8000,31.770
2026-07-23T01:44:27.150Z,usb,1,3612849267,187744,48062464,256,8000,31.770
2026-07-23T01:44:27.182Z,usb,1,3612849267,187745,48062720,256,8000,31.770
2026-07-23T01:44:27.213Z,usb,1,3612849267,187746,48062976,256,8000,31.770
2026-07-23T01:44:27.246Z,usb,1,3612849267,187747,48063232,256,8000,31.770
2026-07-23T01:44:27.278Z,usb,1,3612849267,187748,48063488,256,8000,31.770
2026-07-23T01:44:27.310Z,usb,1,3612849267,187749,48063744,256,8000,31.770
2026-07-23T01:44:27.342Z,usb,1,3612849267,187750,48064000,256,8000,31.770
2026-07-23T01:44:27.374Z,usb,1,3612849267,187751,48064256,256,8000,31.770
2026-07-23T01:44:27.406Z,usb,1,3612849267,187752,48064512,256,8000,31.770
2026-07-23T01:44:27.438Z,usb,1,3612849267,187753,48064768,256,8000,31.770
2026-07-23T01:44:27.470Z,usb,1,3612849267,187754,48065024,256,8000,31.770
2026-07-23T01:44:27.502Z,usb,1,3612849267,187755,48065280,256,8000,31.770
2026-07-23T01:44:27.534Z,usb,1,3612849267,187756,48065536,256,8000,31.770
2026-07-23T01:44:27.566Z,usb,1,3612849267,187757,48065792,256,8000,31.770
2026-07-23T01:44:27.598Z,usb,1,3612849267,187758,48066048,256,8000,31.770
2026-07-23T01:44:27.630Z,usb,1,3612849267,187759,48066304,256,8000,31.770
2026-07-23T01:44:27.662Z,usb,1,3612849267,187760,48066560,256,8000,31.770
2026-07-23T01:44:27.694Z,usb,1,3612849267,187761,48066816,256,8000,31.770
2026-07-23T01:44:27.726Z,usb,1,3612849267,187762,48067072,256,8000,31.770
2026-07-23T01:44:27.758Z,usb,1,3612849267,187763,48067328,256,8000,31.770
2026-07-23T01:44:27.790Z,usb,1,3612849267,187764,48067584,256,8000,31.770
2026-07-23T01:44:27.821Z,usb,1,3612849267,187765,48067840,256,8000,31.770
2026-07-23T01:44:27.854Z,usb,1,3612849267,187766,48068096,256,8000,31.770
2026-07-23T01:44:27.886Z,usb,1,3612849267,187767,48068352,256,8000,31.770
2026-07-23T01:44:27.918Z,usb,1,3612849267,187768,48068608,256,8000,31.770
2026-07-23T01:44:27.950Z,usb,1,3612849267,187769,48068864,256,8000,31.770
2026-07-23T01:44:27.982Z,usb,1,3612849267,187770,48069120,256,8000,31.770
2026-07-23T01:44:28.014Z,usb,1,3612849267,187771,48069376,256,8000,31.770
2026-07-23T01:44:28.046Z,usb,1,3612849267,187772,48069632,256,8000,31.770
2026-07-23T01:44:28.078Z,usb,1,3612849267,187773,48069888,256,8000,31.770
2026-07-23T01:44:28.110Z,usb,1,3612849267,187774,48070144,256,8000,31.770
2026-07-23T01:44:28.142Z,usb,1,3612849267,187775,48070400,256,8000,31.770
2026-07-23T01:44:28.174Z,usb,1,3612849267,187776,48070656,256,8000,31.770
2026-07-23T01:44:28.210Z,usb,1,3612849267,187777,48070912,256,8000,31.770
2026-07-23T01:44:28.238Z,usb,1,3612849267,187778,48071168,256,8000,31.770
2026-07-23T01:44:28.270Z,usb,1,3612849267,187779,48071424,256,8000,31.770
2026-07-23T01:44:28.302Z,usb,1,3612849267,187780,48071680,256,8000,31.770
2026-07-23T01:44:28.334Z,usb,1,3612849267,187781,48071936,256,8000,31.770
2026-07-23T01:44:28.366Z,usb,1,3612849267,187782,48072192,256,8000,31.770
2026-07-23T01:44:28.398Z,usb,1,3612849267,187783,48072448,256,8000,31.770
2026-07-23T01:44:28.430Z,usb,1,3612849267,187784,48072704,256,8000,31.770
2026-07-23T01:44:28.462Z,usb,1,3612849267,187785,48072960,256,8000,31.770
2026-07-23T01:44:28.494Z,usb,1,3612849267,187786,48073216,256,8000,31.770
2026-07-23T01:44:28.526Z,usb,1,3612849267,187787,48073472,256,8000,31.770
2026-07-23T01:44:28.558Z,usb,1,3612849267,187788,48073728,256,8000,31.770
2026-07-23T01:44:28.590Z,usb,1,3612849267,187789,48073984,256,8000,31.770
2026-07-23T01:44:28.622Z,usb,1,3612849267,187790,48074240,256,8000,31.770
2026-07-23T01:44:28.654Z,usb,1,3612849267,187791,48074496,256,8000,31.770
2026-07-23T01:44:28.686Z,usb,1,3612849267,187792,48074752,256,8000,31.770
2026-07-23T01:44:28.718Z,usb,1,3612849267,187793,48075008,256,8000,31.770
2026-07-23T01:44:28.750Z,usb,1,3612849267,187794,48075264,256,8000,31.770
2026-07-23T01:44:28.782Z,usb,1,3612849267,187795,48075520,256,8000,31.770
2026-07-23T01:44:28.814Z,usb,1,3612849267,187796,48075776,256,8000,31.770
2026-07-23T01:44:28.846Z,usb,1,3612849267,187797,48076032,256,8000,31.770
2026-07-23T01:44:28.878Z,usb,1,3612849267,187798,48076288,256,8000,31.770
2026-07-23T01:44:28.910Z,usb,1,3612849267,187799,48076544,256,8000,31.770
2026-07-23T01:44:28.942Z,usb,1,3612849267,187800,48076800,256,8000,31.770
2026-07-23T01:44:28.974Z,usb,1,3612849267,187801,48077056,256,8000,31.770
2026-07-23T01:44:29.006Z,usb,1,3612849267,187802,48077312,256,8000,31.770
2026-07-23T01:44:29.038Z,usb,1,3612849267,187803,48077568,256,8000,31.770
2026-07-23T01:44:29.070Z,usb,1,3612849267,187804,48077824,256,8000,31.770
2026-07-23T01:44:29.102Z,usb,1,3612849267,187805,48078080,256,8000,31.770
2026-07-23T01:44:29.134Z,usb,1,3612849267,187806,48078336,256,8000,31.770
2026-07-23T01:44:29.166Z,usb,1,3612849267,187807,48078592,256,8000,31.770
2026-07-23T01:44:29.198Z,usb,1,3612849267,187808,48078848,256,8000,31.770
2026-07-23T01:44:29.229Z,usb,1,3612849267,187809,48079104,256,8000,31.770
2026-07-23T01:44:29.261Z,usb,1,3612849267,187810,48079360,256,8000,31.770
2026-07-23T01:44:29.294Z,usb,1,3612849267,187811,48079616,256,8000,31.770
2026-07-23T01:44:29.326Z,usb,1,3612849267,187812,48079872,256,8000,31.780
2026-07-23T01:44:29.358Z,usb,1,3612849267,187813,48080128,256,8000,31.780
2026-07-23T01:44:29.390Z,usb,1,3612849267,187814,48080384,256,8000,31.780
2026-07-23T01:44:29.422Z,usb,1,3612849267,187815,48080640,256,8000,31.780
2026-07-23T01:44:29.454Z,usb,1,3612849267,187816,48080896,256,8000,31.780
2026-07-23T01:44:29.486Z,usb,1,3612849267,187817,48081152,256,8000,31.780
2026-07-23T01:44:29.518Z,usb,1,3612849267,187818,48081408,256,8000,31.780
2026-07-23T01:44:29.550Z,usb,1,3612849267,187819,48081664,256,8000,31.780
2026-07-23T01:44:29.582Z,usb,1,3612849267,187820,48081920,256,8000,31.780
2026-07-23T01:44:29.614Z,usb,1,3612849267,187821,48082176,256,8000,31.780
2026-07-23T01:44:29.646Z,usb,1,3612849267,187822,48082432,256,8000,31.780
2026-07-23T01:44:29.678Z,usb,1,3612849267,187823,48082688,256,8000,31.780
2026-07-23T01:44:29.710Z,usb,1,3612849267,187824,48082944,256,8000,31.780
2026-07-23T01:44:29.742Z,usb,1,3612849267,187825,48083200,256,8000,31.780
2026-07-23T01:44:29.774Z,usb,1,3612849267,187826,48083456,256,8000,31.780
2026-07-23T01:44:29.806Z,usb,1,3612849267,187827,48083712,256,8000,31.780
2026-07-23T01:44:29.838Z,usb,1,3612849267,187828,48083968,256,8000,31.780
2026-07-23T01:44:29.870Z,usb,1,3612849267,187829,48084224,256,8000,31.780
2026-07-23T01:44:29.902Z,usb,1,3612849267,187830,48084480,256,8000,31.780
2026-07-23T01:44:29.934Z,usb,1,3612849267,187831,48084736,256,8000,31.780
2026-07-23T01:44:29.966Z,usb,1,3612849267,187832,48084992,256,8000,31.780
2026-07-23T01:44:29.998Z,usb,1,3612849267,187833,48085248,256,8000,31.780
2026-07-23T01:44:30.030Z,usb,1,3612849267,187834,48085504,256,8000,31.780
2026-07-23T01:44:30.062Z,usb,1,3612849267,187835,48085760,256,8000,31.780
2026-07-23T01:44:30.094Z,usb,1,3612849267,187836,48086016,256,8000,31.780
2026-07-23T01:44:30.126Z,usb,1,3612849267,187837,48086272,256,8000,31.780
2026-07-23T01:44:30.158Z,usb,1,3612849267,187838,48086528,256,8000,31.780
2026-07-23T01:44:30.190Z,usb,1,3612849267,187839,48086784,256,8000,31.780
2026-07-23T01:44:30.222Z,usb,1,3612849267,187840,48087040,256,8000,31.780
2026-07-23T01:44:30.254Z,usb,1,3612849267,187841,48087296,256,8000,31.780
2026-07-23T01:44:30.286Z,usb,1,3612849267,187842,48087552,256,8000,31.780
2026-07-23T01:44:30.318Z,usb,1,3612849267,187843,48087808,256,8000,31.780
2026-07-23T01:44:30.350Z,usb,1,3612849267,187844,48088064,256,8000,31.770
2026-07-23T01:44:30.382Z,usb,1,3612849267,187845,48088320,256,8000,31.770
2026-07-23T01:44:30.414Z,usb,1,3612849267,187846,48088576,256,8000,31.770
2026-07-23T01:44:30.446Z,usb,1,3612849267,187847,48088832,256,8000,31.770
2026-07-23T01:44:30.478Z,usb,1,3612849267,187848,48089088,256,8000,31.770
2026-07-23T01:44:30.510Z,usb,1,3612849267,187849,48089344,256,8000,31.770
2026-07-23T01:44:30.542Z,usb,1,3612849267,187850,48089600,256,8000,31.770
2026-07-23T01:44:30.574Z,usb,1,3612849267,187851,48089856,256,8000,31.770
2026-07-23T01:44:30.606Z,usb,1,3612849267,187852,48090112,256,8000,31.770
2026-07-23T01:44:30.638Z,usb,1,3612849267,187853,48090368,256,8000,31.770
2026-07-23T01:44:30.670Z,usb,1,3612849267,187854,48090624,256,8000,31.770
2026-07-23T01:44:30.702Z,usb,1,3612849267,187855,48090880,256,8000,31.770
2026-07-23T01:44:30.734Z,usb,1,3612849267,187856,48091136,256,8000,31.770
2026-07-23T01:44:30.766Z,usb,1,3612849267,187857,48091392,256,8000,31.770
2026-07-23T01:44:30.798Z,usb,1,3612849267,187858,48091648,256,8000,31.770
2026-07-23T01:44:30.830Z,usb,1,3612849267,187859,48091904,256,8000,31.770
2026-07-23T01:44:30.862Z,usb,1,3612849267,187860,48092160,256,8000,31.770
2026-07-23T01:44:30.894Z,usb,1,3612849267,187861,48092416,256,8000,31.770
2026-07-23T01:44:30.926Z,usb,1,3612849267,187862,48092672,256,8000,31.770
2026-07-23T01:44:30.958Z,usb,1,3612849267,187863,48092928,256,8000,31.770
2026-07-23T01:44:30.990Z,usb,1,3612849267,187864,48093184,256,8000,31.770
2026-07-23T01:44:31.022Z,usb,1,3612849267,187865,48093440,256,8000,31.770
2026-07-23T01:44:31.054Z,usb,1,3612849267,187866,48093696,256,8000,31.770
2026-07-23T01:44:31.086Z,usb,1,3612849267,187867,48093952,256,8000,31.770
2026-07-23T01:44:31.118Z,usb,1,3612849267,187868,48094208,256,8000,31.770
2026-07-23T01:44:31.150Z,usb,1,3612849267,187869,48094464,256,8000,31.770
2026-07-23T01:44:31.182Z,usb,1,3612849267,187870,48094720,256,8000,31.770
2026-07-23T01:44:31.214Z,usb,1,3612849267,187871,48094976,256,8000,31.770
2026-07-23T01:44:31.246Z,usb,1,3612849267,187872,48095232,256,8000,31.770
2026-07-23T01:44:31.278Z,usb,1,3612849267,187873,48095488,256,8000,31.770
2026-07-23T01:44:31.310Z,usb,1,3612849267,187874,48095744,256,8000,31.770
2026-07-23T01:44:31.342Z,usb,1,3612849267,187875,48096000,256,8000,31.770
2026-07-23T01:44:31.374Z,usb,1,3612849267,187876,48096256,256,8000,31.770
2026-07-23T01:44:31.406Z,usb,1,3612849267,187877,48096512,256,8000,31.770
2026-07-23T01:44:31.438Z,usb,1,3612849267,187878,48096768,256,8000,31.770
2026-07-23T01:44:31.470Z,usb,1,3612849267,187879,48097024,256,8000,31.770
2026-07-23T01:44:31.502Z,usb,1,3612849267,187880,48097280,256,8000,31.770
2026-07-23T01:44:31.534Z,usb,1,3612849267,187881,48097536,256,8000,31.770
2026-07-23T01:44:31.566Z,usb,1,3612849267,187882,48097792,256,8000,31.770
2026-07-23T01:44:31.598Z,usb,1,3612849267,187883,48098048,256,8000,31.770
2026-07-23T01:44:31.630Z,usb,1,3612849267,187884,48098304,256,8000,31.770
2026-07-23T01:44:31.662Z,usb,1,3612849267,187885,48098560,256,8000,31.770
2026-07-23T01:44:31.694Z,usb,1,3612849267,187886,48098816,256,8000,31.770
2026-07-23T01:44:31.726Z,usb,1,3612849267,187887,48099072,256,8000,31.770
2026-07-23T01:44:31.758Z,usb,1,3612849267,187888,48099328,256,8000,31.770
2026-07-23T01:44:31.790Z,usb,1,3612849267,187889,48099584,256,8000,31.770
2026-07-23T01:44:31.822Z,usb,1,3612849267,187890,48099840,256,8000,31.770
2026-07-23T01:44:31.854Z,usb,1,3612849267,187891,48100096,256,8000,31.770
2026-07-23T01:44:31.886Z,usb,1,3612849267,187892,48100352,256,8000,31.770
2026-07-23T01:44:31.918Z,usb,1,3612849267,187893,48100608,256,8000,31.770
2026-07-23T01:44:31.950Z,usb,1,3612849267,187894,48100864,256,8000,31.770
2026-07-23T01:44:31.982Z,usb,1,3612849267,187895,48101120,256,8000,31.770
2026-07-23T01:44:32.014Z,usb,1,3612849267,187896,48101376,256,8000,31.770
2026-07-23T01:44:32.046Z,usb,1,3612849267,187897,48101632,256,8000,31.770
2026-07-23T01:44:32.078Z,usb,1,3612849267,187898,48101888,256,8000,31.770
2026-07-23T01:44:32.110Z,usb,1,3612849267,187899,48102144,256,8000,31.770
2026-07-23T01:44:32.142Z,usb,1,3612849267,187900,48102400,256,8000,31.770
2026-07-23T01:44:32.174Z,usb,1,3612849267,187901,48102656,256,8000,31.770
2026-07-23T01:44:32.206Z,usb,1,3612849267,187902,48102912,256,8000,31.770
2026-07-23T01:44:32.238Z,usb,1,3612849267,187903,48103168,256,8000,31.770
2026-07-23T01:44:32.270Z,usb,1,3612849267,187904,48103424,256,8000,31.770
2026-07-23T01:44:32.302Z,usb,1,3612849267,187905,48103680,256,8000,31.770
2026-07-23T01:44:32.334Z,usb,1,3612849267,187906,48103936,256,8000,31.770
2026-07-23T01:44:32.366Z,usb,1,3612849267,187907,48104192,256,8000,31.770
2026-07-23T01:44:32.398Z,usb,1,3612849267,187908,48104448,256,8000,31.770
2026-07-23T01:44:32.430Z,usb,1,3612849267,187909,48104704,256,8000,31.770
2026-07-23T01:44:32.462Z,usb,1,3612849267,187910,48104960,256,8000,31.770
2026-07-23T01:44:32.494Z,usb,1,3612849267,187911,48105216,256,8000,31.770
2026-07-23T01:44:32.526Z,usb,1,3612849267,187912,48105472,256,8000,31.770
2026-07-23T01:44:32.558Z,usb,1,3612849267,187913,48105728,256,8000,31.770
2026-07-23T01:44:32.590Z,usb,1,3612849267,187914,48105984,256,8000,31.770
2026-07-23T01:44:32.622Z,usb,1,3612849267,187915,48106240,256,8000,31.770
2026-07-23T01:44:32.654Z,usb,1,3612849267,187916,48106496,256,8000,31.770
2026-07-23T01:44:32.686Z,usb,1,3612849267,187917,48106752,256,8000,31.770
2026-07-23T01:44:32.718Z,usb,1,3612849267,187918,48107008,256,8000,31.770
2026-07-23T01:44:32.750Z,usb,1,3612849267,187919,48107264,256,8000,31.770
2026-07-23T01:44:32.782Z,usb,1,3612849267,187920,48107520,256,8000,31.770
2026-07-23T01:44:32.814Z,usb,1,3612849267,187921,48107776,256,8000,31.770
2026-07-23T01:44:32.846Z,usb,1,3612849267,187922,48108032,256,8000,31.770
2026-07-23T01:44:32.878Z,usb,1,3612849267,187923,48108288,256,8000,31.770
2026-07-23T01:44:32.910Z,usb,1,3612849267,187924,48108544,256,8000,31.770
2026-07-23T01:44:32.942Z,usb,1,3612849267,187925,48108800,256,8000,31.770
2026-07-23T01:44:32.974Z,usb,1,3612849267,187926,48109056,256,8000,31.770
2026-07-23T01:44:33.006Z,usb,1,3612849267,187927,48109312,256,8000,31.770
2026-07-23T01:44:33.038Z,usb,1,3612849267,187928,48109568,256,8000,31.770
2026-07-23T01:44:33.070Z,usb,1,3612849267,187929,48109824,256,8000,31.770
2026-07-23T01:44:33.102Z,usb,1,3612849267,187930,48110080,256,8000,31.770
2026-07-23T01:44:33.134Z,usb,1,3612849267,187931,48110336,256,8000,31.770
2026-07-23T01:44:33.166Z,usb,1,3612849267,187932,48110592,256,8000,31.770
2026-07-23T01:44:33.198Z,usb,1,3612849267,187933,48110848,256,8000,31.770
2026-07-23T01:44:33.230Z,usb,1,3612849267,187934,48111104,256,8000,31.770
2026-07-23T01:44:33.262Z,usb,1,3612849267,187935,48111360,256,8000,31.770
2026-07-23T01:44:33.294Z,usb,1,3612849267,187936,48111616,256,8000,31.770
2026-07-23T01:44:33.326Z,usb,1,3612849267,187937,48111872,256,8000,31.770
2026-07-23T01:44:33.358Z,usb,1,3612849267,187938,48112128,256,8000,31.770
2026-07-23T01:44:33.390Z,usb,1,3612849267,187939,48112384,256,8000,31.770
2026-07-23T01:44:33.423Z,usb,1,3612849267,187940,48112640,256,8000,31.780
2026-07-23T01:44:33.454Z,usb,1,3612849267,187941,48112896,256,8000,31.780
2026-07-23T01:44:33.486Z,usb,1,3612849267,187942,48113152,256,8000,31.780
2026-07-23T01:44:33.518Z,usb,1,3612849267,187943,48113408,256,8000,31.780
2026-07-23T01:44:33.550Z,usb,1,3612849267,187944,48113664,256,8000,31.780
2026-07-23T01:44:33.582Z,usb,1,3612849267,187945,48113920,256,8000,31.780
2026-07-23T01:44:33.614Z,usb,1,3612849267,187946,48114176,256,8000,31.780
2026-07-23T01:44:33.646Z,usb,1,3612849267,187947,48114432,256,8000,31.780
2026-07-23T01:44:33.678Z,usb,1,3612849267,187948,48114688,256,8000,31.780
2026-07-23T01:44:33.710Z,usb,1,3612849267,187949,48114944,256,8000,31.780
2026-07-23T01:44:33.742Z,usb,1,3612849267,187950,48115200,256,8000,31.780
2026-07-23T01:44:33.774Z,usb,1,3612849267,187951,48115456,256,8000,31.780
2026-07-23T01:44:33.806Z,usb,1,3612849267,187952,48115712,256,8000,31.780
2026-07-23T01:44:33.838Z,usb,1,3612849267,187953,48115968,256,8000,31.780
2026-07-23T01:44:33.870Z,usb,1,3612849267,187954,48116224,256,8000,31.780
2026-07-23T01:44:33.902Z,usb,1,3612849267,187955,48116480,256,8000,31.780
2026-07-23T01:44:33.934Z,usb,1,3612849267,187956,48116736,256,8000,31.780
2026-07-23T01:44:33.966Z,usb,1,3612849267,187957,48116992,256,8000,31.780
2026-07-23T01:44:33.998Z,usb,1,3612849267,187958,48117248,256,8000,31.780
2026-07-23T01:44:34.030Z,usb,1,3612849267,187959,48117504,256,8000,31.780
2026-07-23T01:44:34.062Z,usb,1,3612849267,187960,48117760,256,8000,31.780
2026-07-23T01:44:34.094Z,usb,1,3612849267,187961,48118016,256,8000,31.780
2026-07-23T01:44:34.126Z,usb,1,3612849267,187962,48118272,256,8000,31.780
2026-07-23T01:44:34.158Z,usb,1,3612849267,187963,48118528,256,8000,31.780
2026-07-23T01:44:34.190Z,usb,1,3612849267,187964,48118784,256,8000,31.780
2026-07-23T01:44:34.222Z,usb,1,3612849267,187965,48119040,256,8000,31.780
2026-07-23T01:44:34.254Z,usb,1,3612849267,187966,48119296,256,8000,31.780
2026-07-23T01:44:34.286Z,usb,1,3612849267,187967,48119552,256,8000,31.780
2026-07-23T01:44:34.318Z,usb,1,3612849267,187968,48119808,256,8000,31.780
2026-07-23T01:44:34.350Z,usb,1,3612849267,187969,48120064,256,8000,31.780
2026-07-23T01:44:34.382Z,usb,1,3612849267,187970,48120320,256,8000,31.780
2026-07-23T01:44:34.414Z,usb,1,3612849267,187971,48120576,256,8000,31.780
2026-07-23T01:44:34.447Z,usb,1,3612849267,187972,48120832,256,8000,31.770
2026-07-23T01:44:34.478Z,usb,1,3612849267,187973,48121088,256,8000,31.770
2026-07-23T01:44:34.510Z,usb,1,3612849267,187974,48121344,256,8000,31.770
2026-07-23T01:44:34.542Z,usb,1,3612849267,187975,48121600,256,8000,31.770
2026-07-23T01:44:34.574Z,usb,1,3612849267,187976,48121856,256,8000,31.770
2026-07-23T01:44:34.606Z,usb,1,3612849267,187977,48122112,256,8000,31.770
2026-07-23T01:44:34.638Z,usb,1,3612849267,187978,48122368,256,8000,31.770
2026-07-23T01:44:34.670Z,usb,1,3612849267,187979,48122624,256,8000,31.770
2026-07-23T01:44:34.702Z,usb,1,3612849267,187980,48122880,256,8000,31.770
2026-07-23T01:44:34.734Z,usb,1,3612849267,187981,48123136,256,8000,31.770
2026-07-23T01:44:34.766Z,usb,1,3612849267,187982,48123392,256,8000,31.770
2026-07-23T01:44:34.798Z,usb,1,3612849267,187983,48123648,256,8000,31.770
2026-07-23T01:44:34.830Z,usb,1,3612849267,187984,48123904,256,8000,31.770
2026-07-23T01:44:34.862Z,usb,1,3612849267,187985,48124160,256,8000,31.770
2026-07-23T01:44:34.894Z,usb,1,3612849267,187986,48124416,256,8000,31.770
2026-07-23T01:44:34.926Z,usb,1,3612849267,187987,48124672,256,8000,31.770
2026-07-23T01:44:34.958Z,usb,1,3612849267,187988,48124928,256,8000,31.770
2026-07-23T01:44:34.990Z,usb,1,3612849267,187989,48125184,256,8000,31.770
2026-07-23T01:44:35.022Z,usb,1,3612849267,187990,48125440,256,8000,31.770
2026-07-23T01:44:35.054Z,usb,1,3612849267,187991,48125696,256,8000,31.770
2026-07-23T01:44:35.086Z,usb,1,3612849267,187992,48125952,256,8000,31.770
2026-07-23T01:44:35.118Z,usb,1,3612849267,187993,48126208,256,8000,31.770
2026-07-23T01:44:35.150Z,usb,1,3612849267,187994,48126464,256,8000,31.770
2026-07-23T01:44:35.182Z,usb,1,3612849267,187995,48126720,256,8000,31.770
2026-07-23T01:44:35.214Z,usb,1,3612849267,187996,48126976,256,8000,31.770
2026-07-23T01:44:35.246Z,usb,1,3612849267,187997,48127232,256,8000,31.770
2026-07-23T01:44:35.278Z,usb,1,3612849267,187998,48127488,256,8000,31.770
2026-07-23T01:44:35.310Z,usb,1,3612849267,187999,48127744,256,8000,31.770
2026-07-23T01:44:35.342Z,usb,1,3612849267,188000,48128000,256,8000,31.770
2026-07-23T01:44:35.374Z,usb,1,3612849267,188001,48128256,256,8000,31.770
2026-07-23T01:44:35.406Z,usb,1,3612849267,188002,48128512,256,8000,31.770
2026-07-23T01:44:35.438Z,usb,1,3612849267,188003,48128768,256,8000,31.770
2026-07-23T01:44:35.471Z,usb,1,3612849267,188004,48129024,256,8000,31.770
2026-07-23T01:44:35.502Z,usb,1,3612849267,188005,48129280,256,8000,31.770
2026-07-23T01:44:35.534Z,usb,1,3612849267,188006,48129536,256,8000,31.770
2026-07-23T01:44:35.566Z,usb,1,3612849267,188007,48129792,256,8000,31.770
2026-07-23T01:44:35.598Z,usb,1,3612849267,188008,48130048,256,8000,31.770
2026-07-23T01:44:35.630Z,usb,1,3612849267,188009,48130304,256,8000,31.770
2026-07-23T01:44:35.662Z,usb,1,3612849267,188010,48130560,256,8000,31.770
2026-07-23T01:44:35.694Z,usb,1,3612849267,188011,48130816,256,8000,31.770
2026-07-23T01:44:35.726Z,usb,1,3612849267,188012,48131072,256,8000,31.770
2026-07-23T01:44:35.758Z,usb,1,3612849267,188013,48131328,256,8000,31.770
2026-07-23T01:44:35.790Z,usb,1,3612849267,188014,48131584,256,8000,31.770
2026-07-23T01:44:35.822Z,usb,1,3612849267,188015,48131840,256,8000,31.770
2026-07-23T01:44:35.854Z,usb,1,3612849267,188016,48132096,256,8000,31.770
2026-07-23T01:44:35.886Z,usb,1,3612849267,188017,48132352,256,8000,31.770
2026-07-23T01:44:35.918Z,usb,1,3612849267,188018,48132608,256,8000,31.770
2026-07-23T01:44:35.950Z,usb,1,3612849267,188019,48132864,256,8000,31.770
2026-07-23T01:44:35.982Z,usb,1,3612849267,188020,48133120,256,8000,31.770
2026-07-23T01:44:36.014Z,usb,1,3612849267,188021,48133376,256,8000,31.770
2026-07-23T01:44:36.046Z,usb,1,3612849267,188022,48133632,256,8000,31.770
2026-07-23T01:44:36.078Z,usb,1,3612849267,188023,48133888,256,8000,31.770
2026-07-23T01:44:36.110Z,usb,1,3612849267,188024,48134144,256,8000,31.770
2026-07-23T01:44:36.142Z,usb,1,3612849267,188025,48134400,256,8000,31.770
2026-07-23T01:44:36.174Z,usb,1,3612849267,188026,48134656,256,8000,31.770
2026-07-23T01:44:36.206Z,usb,1,3612849267,188027,48134912,256,8000,31.770
2026-07-23T01:44:36.238Z,usb,1,3612849267,188028,48135168,256,8000,31.770
2026-07-23T01:44:36.270Z,usb,1,3612849267,188029,48135424,256,8000,31.770
2026-07-23T01:44:36.302Z,usb,1,3612849267,188030,48135680,256,8000,31.770
2026-07-23T01:44:36.334Z,usb,1,3612849267,188031,48135936,256,8000,31.770
2026-07-23T01:44:36.366Z,usb,1,3612849267,188032,48136192,256,8000,31.770
2026-07-23T01:44:36.398Z,usb,1,3612849267,188033,48136448,256,8000,31.770
2026-07-23T01:44:36.430Z,usb,1,3612849267,188034,48136704,256,8000,31.770
2026-07-23T01:44:36.462Z,usb,1,3612849267,188035,48136960,256,8000,31.770
2026-07-23T01:44:36.495Z,usb,1,3612849267,188036,48137216,256,8000,31.780
2026-07-23T01:44:36.526Z,usb,1,3612849267,188037,48137472,256,8000,31.780
2026-07-23T01:44:36.558Z,usb,1,3612849267,188038,48137728,256,8000,31.780
2026-07-23T01:44:36.590Z,usb,1,3612849267,188039,48137984,256,8000,31.780
2026-07-23T01:44:36.622Z,usb,1,3612849267,188040,48138240,256,8000,31.780
2026-07-23T01:44:36.654Z,usb,1,3612849267,188041,48138496,256,8000,31.780
2026-07-23T01:44:36.686Z,usb,1,3612849267,188042,48138752,256,8000,31.780
2026-07-23T01:44:36.718Z,usb,1,3612849267,188043,48139008,256,8000,31.780
2026-07-23T01:44:36.750Z,usb,1,3612849267,188044,48139264,256,8000,31.780
2026-07-23T01:44:36.782Z,usb,1,3612849267,188045,48139520,256,8000,31.780
2026-07-23T01:44:36.814Z,usb,1,3612849267,188046,48139776,256,8000,31.780
2026-07-23T01:44:36.846Z,usb,1,3612849267,188047,48140032,256,8000,31.780
2026-07-23T01:44:36.878Z,usb,1,3612849267,188048,48140288,256,8000,31.780
2026-07-23T01:44:36.910Z,usb,1,3612849267,188049,48140544,256,8000,31.780
2026-07-23T01:44:36.942Z,usb,1,3612849267,188050,48140800,256,8000,31.780
2026-07-23T01:44:36.974Z,usb,1,3612849267,188051,48141056,256,8000,31.780
2026-07-23T01:44:37.006Z,usb,1,3612849267,188052,48141312,256,8000,31.780
2026-07-23T01:44:37.038Z,usb,1,3612849267,188053,48141568,256,8000,31.780
2026-07-23T01:44:37.070Z,usb,1,3612849267,188054,48141824,256,8000,31.780
2026-07-23T01:44:37.102Z,usb,1,3612849267,188055,48142080,256,8000,31.780
2026-07-23T01:44:37.134Z,usb,1,3612849267,188056,48142336,256,8000,31.780
2026-07-23T01:44:37.166Z,usb,1,3612849267,188057,48142592,256,8000,31.780
2026-07-23T01:44:37.198Z,usb,1,3612849267,188058,48142848,256,8000,31.780
2026-07-23T01:44:37.230Z,usb,1,3612849267,188059,48143104,256,8000,31.780
2026-07-23T01:44:37.262Z,usb,1,3612849267,188060,48143360,256,8000,31.780
2026-07-23T01:44:37.294Z,usb,1,3612849267,188061,48143616,256,8000,31.780
2026-07-23T01:44:37.326Z,usb,1,3612849267,188062,48143872,256,8000,31.780
2026-07-23T01:44:37.358Z,usb,1,3612849267,188063,48144128,256,8000,31.780
2026-07-23T01:44:37.390Z,usb,1,3612849267,188064,48144384,256,8000,31.780
2026-07-23T01:44:37.422Z,usb,1,3612849267,188065,48144640,256,8000,31.780
2026-07-23T01:44:37.454Z,usb,1,3612849267,188066,48144896,256,8000,31.780
2026-07-23T01:44:37.486Z,usb,1,3612849267,188067,48145152,256,8000,31.780
2026-07-23T01:44:37.519Z,usb,1,3612849267,188068,48145408,256,8000,31.780
2026-07-23T01:44:37.550Z,usb,1,3612849267,188069,48145664,256,8000,31.780
2026-07-23T01:44:37.582Z,usb,1,3612849267,188070,48145920,256,8000,31.780
2026-07-23T01:44:37.614Z,usb,1,3612849267,188071,48146176,256,8000,31.780
2026-07-23T01:44:37.646Z,usb,1,3612849267,188072,48146432,256,8000,31.780
2026-07-23T01:44:37.679Z,usb,1,3612849267,188073,48146688,256,8000,31.780
2026-07-23T01:44:37.710Z,usb,1,3612849267,188074,48146944,256,8000,31.780
2026-07-23T01:44:37.742Z,usb,1,3612849267,188075,48147200,256,8000,31.780
2026-07-23T01:44:37.774Z,usb,1,3612849267,188076,48147456,256,8000,31.780
2026-07-23T01:44:37.806Z,usb,1,3612849267,188077,48147712,256,8000,31.780
2026-07-23T01:44:37.838Z,usb,1,3612849267,188078,48147968,256,8000,31.780
2026-07-23T01:44:37.870Z,usb,1,3612849267,188079,48148224,256,8000,31.780
2026-07-23T01:44:37.902Z,usb,1,3612849267,188080,48148480,256,8000,31.780
2026-07-23T01:44:37.934Z,usb,1,3612849267,188081,48148736,256,8000,31.780
2026-07-23T01:44:37.966Z,usb,1,3612849267,188082,48148992,256,8000,31.780
2026-07-23T01:44:37.998Z,usb,1,3612849267,188083,48149248,256,8000,31.780
2026-07-23T01:44:38.030Z,usb,1,3612849267,188084,48149504,256,8000,31.780
2026-07-23T01:44:38.062Z,usb,1,3612849267,188085,48149760,256,8000,31.780
2026-07-23T01:44:38.094Z,usb,1,3612849267,188086,48150016,256,8000,31.780
2026-07-23T01:44:38.126Z,usb,1,3612849267,188087,48150272,256,8000,31.780
2026-07-23T01:44:38.158Z,usb,1,3612849267,188088,48150528,256,8000,31.780
2026-07-23T01:44:38.190Z,usb,1,3612849267,188089,48150784,256,8000,31.780
2026-07-23T01:44:38.222Z,usb,1,3612849267,188090,48151040,256,8000,31.780
2026-07-23T01:44:38.254Z,usb,1,3612849267,188091,48151296,256,8000,31.780
2026-07-23T01:44:38.286Z,usb,1,3612849267,188092,48151552,256,8000,31.780
2026-07-23T01:44:38.318Z,usb,1,3612849267,188093,48151808,256,8000,31.780
2026-07-23T01:44:38.350Z,usb,1,3612849267,188094,48152064,256,8000,31.780
2026-07-23T01:44:38.382Z,usb,1,3612849267,188095,48152320,256,8000,31.780
2026-07-23T01:44:38.414Z,usb,1,3612849267,188096,48152576,256,8000,31.780
2026-07-23T01:44:38.446Z,usb,1,3612849267,188097,48152832,256,8000,31.780
2026-07-23T01:44:38.478Z,usb,1,3612849267,188098,48153088,256,8000,31.780
2026-07-23T01:44:38.510Z,usb,1,3612849267,188099,48153344,256,8000,31.780
2026-07-23T01:44:38.543Z,usb,1,3612849267,188100,48153600,256,8000,31.780
2026-07-23T01:44:38.574Z,usb,1,3612849267,188101,48153856,256,8000,31.780
2026-07-23T01:44:38.606Z,usb,1,3612849267,188102,48154112,256,8000,31.780
2026-07-23T01:44:38.638Z,usb,1,3612849267,188103,48154368,256,8000,31.780
2026-07-23T01:44:38.670Z,usb,1,3612849267,188104,48154624,256,8000,31.780
2026-07-23T01:44:38.702Z,usb,1,3612849267,188105,48154880,256,8000,31.780
2026-07-23T01:44:38.734Z,usb,1,3612849267,188106,48155136,256,8000,31.780
2026-07-23T01:44:38.766Z,usb,1,3612849267,188107,48155392,256,8000,31.780
2026-07-23T01:44:38.798Z,usb,1,3612849267,188108,48155648,256,8000,31.780
2026-07-23T01:44:38.830Z,usb,1,3612849267,188109,48155904,256,8000,31.780
2026-07-23T01:44:38.862Z,usb,1,3612849267,188110,48156160,256,8000,31.780
2026-07-23T01:44:38.894Z,usb,1,3612849267,188111,48156416,256,8000,31.780
2026-07-23T01:44:38.926Z,usb,1,3612849267,188112,48156672,256,8000,31.780
2026-07-23T01:44:38.958Z,usb,1,3612849267,188113,48156928,256,8000,31.780
2026-07-23T01:44:38.990Z,usb,1,3612849267,188114,48157184,256,8000,31.780
2026-07-23T01:44:39.022Z,usb,1,3612849267,188115,48157440,256,8000,31.780
2026-07-23T01:44:39.054Z,usb,1,3612849267,188116,48157696,256,8000,31.780
2026-07-23T01:44:39.086Z,usb,1,3612849267,188117,48157952,256,8000,31.780
2026-07-23T01:44:39.118Z,usb,1,3612849267,188118,48158208,256,8000,31.780
2026-07-23T01:44:39.150Z,usb,1,3612849267,188119,48158464,256,8000,31.780
2026-07-23T01:44:39.182Z,usb,1,3612849267,188120,48158720,256,8000,31.780
2026-07-23T01:44:39.214Z,usb,1,3612849267,188121,48158976,256,8000,31.780
2026-07-23T01:44:39.246Z,usb,1,3612849267,188122,48159232,256,8000,31.780
2026-07-23T01:44:39.278Z,usb,1,3612849267,188123,48159488,256,8000,31.780
2026-07-23T01:44:39.310Z,usb,1,3612849267,188124,48159744,256,8000,31.780
2026-07-23T01:44:39.342Z,usb,1,3612849267,188125,48160000,256,8000,31.780
2026-07-23T01:44:39.374Z,usb,1,3612849267,188126,48160256,256,8000,31.780
2026-07-23T01:44:39.406Z,usb,1,3612849267,188127,48160512,256,8000,31.780
2026-07-23T01:44:39.438Z,usb,1,3612849267,188128,48160768,256,8000,31.780
2026-07-23T01:44:39.470Z,usb,1,3612849267,188129,48161024,256,8000,31.780
2026-07-23T01:44:39.502Z,usb,1,3612849267,188130,48161280,256,8000,31.780
2026-07-23T01:44:39.534Z,usb,1,3612849267,188131,48161536,256,8000,31.780
2026-07-23T01:44:39.567Z,usb,1,3612849267,188132,48161792,256,8000,31.780
2026-07-23T01:44:39.598Z,usb,1,3612849267,188133,48162048,256,8000,31.780
2026-07-23T01:44:39.630Z,usb,1,3612849267,188134,48162304,256,8000,31.780
2026-07-23T01:44:39.662Z,usb,1,3612849267,188135,48162560,256,8000,31.780
2026-07-23T01:44:39.694Z,usb,1,3612849267,188136,48162816,256,8000,31.780
2026-07-23T01:44:39.726Z,usb,1,3612849267,188137,48163072,256,8000,31.780
2026-07-23T01:44:39.758Z,usb,1,3612849267,188138,48163328,256,8000,31.780
2026-07-23T01:44:39.790Z,usb,1,3612849267,188139,48163584,256,8000,31.780
2026-07-23T01:44:39.822Z,usb,1,3612849267,188140,48163840,256,8000,31.780
2026-07-23T01:44:39.854Z,usb,1,3612849267,188141,48164096,256,8000,31.780
2026-07-23T01:44:39.886Z,usb,1,3612849267,188142,48164352,256,8000,31.780
2026-07-23T01:44:39.918Z,usb,1,3612849267,188143,48164608,256,8000,31.780
2026-07-23T01:44:39.950Z,usb,1,3612849267,188144,48164864,256,8000,31.780
2026-07-23T01:44:39.982Z,usb,1,3612849267,188145,48165120,256,8000,31.780
2026-07-23T01:44:40.014Z,usb,1,3612849267,188146,48165376,256,8000,31.780
2026-07-23T01:44:40.046Z,usb,1,3612849267,188147,48165632,256,8000,31.780
2026-07-23T01:44:40.078Z,usb,1,3612849267,188148,48165888,256,8000,31.780
2026-07-23T01:44:40.110Z,usb,1,3612849267,188149,48166144,256,8000,31.780
2026-07-23T01:44:40.142Z,usb,1,3612849267,188150,48166400,256,8000,31.780
2026-07-23T01:44:40.174Z,usb,1,3612849267,188151,48166656,256,8000,31.780
2026-07-23T01:44:40.207Z,usb,1,3612849267,188152,48166912,256,8000,31.780
2026-07-23T01:44:40.238Z,usb,1,3612849267,188153,48167168,256,8000,31.780
2026-07-23T01:44:40.270Z,usb,1,3612849267,188154,48167424,256,8000,31.780
2026-07-23T01:44:40.302Z,usb,1,3612849267,188155,48167680,256,8000,31.780
2026-07-23T01:44:40.334Z,usb,1,3612849267,188156,48167936,256,8000,31.780
2026-07-23T01:44:40.366Z,usb,1,3612849267,188157,48168192,256,8000,31.780
2026-07-23T01:44:40.398Z,usb,1,3612849267,188158,48168448,256,8000,31.780
2026-07-23T01:44:40.430Z,usb,1,3612849267,188159,48168704,256,8000,31.780
2026-07-23T01:44:40.462Z,usb,1,3612849267,188160,48168960,256,8000,31.780
2026-07-23T01:44:40.494Z,usb,1,3612849267,188161,48169216,256,8000,31.780
2026-07-23T01:44:40.526Z,usb,1,3612849267,188162,48169472,256,8000,31.780
2026-07-23T01:44:40.558Z,usb,1,3612849267,188163,48169728,256,8000,31.780
2026-07-23T01:44:40.591Z,usb,1,3612849267,188164,48169984,256,8000,31.780
2026-07-23T01:44:40.622Z,usb,1,3612849267,188165,48170240,256,8000,31.780
2026-07-23T01:44:40.654Z,usb,1,3612849267,188166,48170496,256,8000,31.780
2026-07-23T01:44:40.686Z,usb,1,3612849267,188167,48170752,256,8000,31.780
2026-07-23T01:44:40.718Z,usb,1,3612849267,188168,48171008,256,8000,31.780
2026-07-23T01:44:40.750Z,usb,1,3612849267,188169,48171264,256,8000,31.780
2026-07-23T01:44:40.782Z,usb,1,3612849267,188170,48171520,256,8000,31.780
2026-07-23T01:44:40.814Z,usb,1,3612849267,188171,48171776,256,8000,31.780
2026-07-23T01:44:40.846Z,usb,1,3612849267,188172,48172032,256,8000,31.780
2026-07-23T01:44:40.878Z,usb,1,3612849267,188173,48172288,256,8000,31.780
2026-07-23T01:44:40.910Z,usb,1,3612849267,188174,48172544,256,8000,31.780
2026-07-23T01:44:40.942Z,usb,1,3612849267,188175,48172800,256,8000,31.780
2026-07-23T01:44:40.974Z,usb,1,3612849267,188176,48173056,256,8000,31.780
2026-07-23T01:44:41.006Z,usb,1,3612849267,188177,48173312,256,8000,31.780
2026-07-23T01:44:41.038Z,usb,1,3612849267,188178,48173568,256,8000,31.780
2026-07-23T01:44:41.070Z,usb,1,3612849267,188179,48173824,256,8000,31.780
2026-07-23T01:44:41.102Z,usb,1,3612849267,188180,48174080,256,8000,31.780
2026-07-23T01:44:41.134Z,usb,1,3612849267,188181,48174336,256,8000,31.780
2026-07-23T01:44:41.166Z,usb,1,3612849267,188182,48174592,256,8000,31.780
2026-07-23T01:44:41.198Z,usb,1,3612849267,188183,48174848,256,8000,31.780
2026-07-23T01:44:41.230Z,usb,1,3612849267,188184,48175104,256,8000,31.780
2026-07-23T01:44:41.262Z,usb,1,3612849267,188185,48175360,256,8000,31.780
2026-07-23T01:44:41.294Z,usb,1,3612849267,188186,48175616,256,8000,31.780
2026-07-23T01:44:41.326Z,usb,1,3612849267,188187,48175872,256,8000,31.780
2026-07-23T01:44:41.358Z,usb,1,3612849267,188188,48176128,256,8000,31.780
2026-07-23T01:44:41.390Z,usb,1,3612849267,188189,48176384,256,8000,31.780
2026-07-23T01:44:41.422Z,usb,1,3612849267,188190,48176640,256,8000,31.780
2026-07-23T01:44:41.454Z,usb,1,3612849267,188191,48176896,256,8000,31.780
2026-07-23T01:44:41.486Z,usb,1,3612849267,188192,48177152,256,8000,31.780
2026-07-23T01:44:41.518Z,usb,1,3612849267,188193,48177408,256,8000,31.780
2026-07-23T01:44:41.550Z,usb,1,3612849267,188194,48177664,256,8000,31.780
2026-07-23T01:44:41.582Z,usb,1,3612849267,188195,48177920,256,8000,31.780
2026-07-23T01:44:41.615Z,usb,1,3612849267,188196,48178176,256,8000,31.780
2026-07-23T01:44:41.646Z,usb,1,3612849267,188197,48178432,256,8000,31.780
2026-07-23T01:44:41.678Z,usb,1,3612849267,188198,48178688,256,8000,31.780
2026-07-23T01:44:41.710Z,usb,1,3612849267,188199,48178944,256,8000,31.780
2026-07-23T01:44:41.742Z,usb,1,3612849267,188200,48179200,256,8000,31.780
2026-07-23T01:44:41.774Z,usb,1,3612849267,188201,48179456,256,8000,31.780
2026-07-23T01:44:41.806Z,usb,1,3612849267,188202,48179712,256,8000,31.780
2026-07-23T01:44:41.838Z,usb,1,3612849267,188203,48179968,256,8000,31.780
2026-07-23T01:44:41.870Z,usb,1,3612849267,188204,48180224,256,8000,31.780
2026-07-23T01:44:41.902Z,usb,1,3612849267,188205,48180480,256,8000,31.780
2026-07-23T01:44:41.934Z,usb,1,3612849267,188206,48180736,256,8000,31.780
2026-07-23T01:44:41.966Z,usb,1,3612849267,188207,48180992,256,8000,31.780
2026-07-23T01:44:41.998Z,usb,1,3612849267,188208,48181248,256,8000,31.780
2026-07-23T01:44:42.030Z,usb,1,3612849267,188209,48181504,256,8000,31.780
2026-07-23T01:44:42.062Z,usb,1,3612849267,188210,48181760,256,8000,31.780
2026-07-23T01:44:42.094Z,usb,1,3612849267,188211,48182016,256,8000,31.780
2026-07-23T01:44:42.126Z,usb,1,3612849267,188212,48182272,256,8000,31.780
2026-07-23T01:44:42.158Z,usb,1,3612849267,188213,48182528,256,8000,31.780
2026-07-23T01:44:42.190Z,usb,1,3612849267,188214,48182784,256,8000,31.780
2026-07-23T01:44:42.222Z,usb,1,3612849267,188215,48183040,256,8000,31.780
2026-07-23T01:44:42.254Z,usb,1,3612849267,188216,48183296,256,8000,31.780
2026-07-23T01:44:42.286Z,usb,1,3612849267,188217,48183552,256,8000,31.780
2026-07-23T01:44:42.318Z,usb,1,3612849267,188218,48183808,256,8000,31.780
2026-07-23T01:44:42.350Z,usb,1,3612849267,188219,48184064,256,8000,31.780
2026-07-23T01:44:42.382Z,usb,1,3612849267,188220,48184320,256,8000,31.780
2026-07-23T01:44:42.414Z,usb,1,3612849267,188221,48184576,256,8000,31.780
2026-07-23T01:44:42.446Z,usb,1,3612849267,188222,48184832,256,8000,31.780
2026-07-23T01:44:42.478Z,usb,1,3612849267,188223,48185088,256,8000,31.780
2026-07-23T01:44:42.510Z,usb,1,3612849267,188224,48185344,256,8000,31.780
2026-07-23T01:44:42.542Z,usb,1,3612849267,188225,48185600,256,8000,31.780
2026-07-23T01:44:42.574Z,usb,1,3612849267,188226,48185856,256,8000,31.780
2026-07-23T01:44:42.606Z,usb,1,3612849267,188227,48186112,256,8000,31.780
2026-07-23T01:44:42.639Z,usb,1,3612849267,188228,48186368,256,8000,31.780
2026-07-23T01:44:42.670Z,usb,1,3612849267,188229,48186624,256,8000,31.780
2026-07-23T01:44:42.702Z,usb,1,3612849267,188230,48186880,256,8000,31.780
2026-07-23T01:44:42.734Z,usb,1,3612849267,188231,48187136,256,8000,31.780
2026-07-23T01:44:42.766Z,usb,1,3612849267,188232,48187392,256,8000,31.780
2026-07-23T01:44:42.798Z,usb,1,3612849267,188233,48187648,256,8000,31.780
2026-07-23T01:44:42.830Z,usb,1,3612849267,188234,48187904,256,8000,31.780
2026-07-23T01:44:42.862Z,usb,1,3612849267,188235,48188160,256,8000,31.780
2026-07-23T01:44:42.894Z,usb,1,3612849267,188236,48188416,256,8000,31.780
2026-07-23T01:44:42.926Z,usb,1,3612849267,188237,48188672,256,8000,31.780
2026-07-23T01:44:42.958Z,usb,1,3612849267,188238,48188928,256,8000,31.780
2026-07-23T01:44:42.990Z,usb,1,3612849267,188239,48189184,256,8000,31.780
2026-07-23T01:44:43.022Z,usb,1,3612849267,188240,48189440,256,8000,31.780
2026-07-23T01:44:43.054Z,usb,1,3612849267,188241,48189696,256,8000,31.780
2026-07-23T01:44:43.086Z,usb,1,3612849267,188242,48189952,256,8000,31.780
2026-07-23T01:44:43.118Z,usb,1,3612849267,188243,48190208,256,8000,31.780
2026-07-23T01:44:43.150Z,usb,1,3612849267,188244,48190464,256,8000,31.780
2026-07-23T01:44:43.182Z,usb,1,3612849267,188245,48190720,256,8000,31.780
2026-07-23T01:44:43.214Z,usb,1,3612849267,188246,48190976,256,8000,31.780
2026-07-23T01:44:43.246Z,usb,1,3612849267,188247,48191232,256,8000,31.780
2026-07-23T01:44:43.278Z,usb,1,3612849267,188248,48191488,256,8000,31.780
2026-07-23T01:44:43.310Z,usb,1,3612849267,188249,48191744,256,8000,31.780
2026-07-23T01:44:43.342Z,usb,1,3612849267,188250,48192000,256,8000,31.780
2026-07-23T01:44:43.375Z,usb,1,3612849267,188251,48192256,256,8000,31.780
2026-07-23T01:44:43.406Z,usb,1,3612849267,188252,48192512,256,8000,31.780
2026-07-23T01:44:43.438Z,usb,1,3612849267,188253,48192768,256,8000,31.780
2026-07-23T01:44:43.470Z,usb,1,3612849267,188254,48193024,256,8000,31.780
2026-07-23T01:44:43.502Z,usb,1,3612849267,188255,48193280,256,8000,31.780
2026-07-23T01:44:43.534Z,usb,1,3612849267,188256,48193536,256,8000,31.780
2026-07-23T01:44:43.566Z,usb,1,3612849267,188257,48193792,256,8000,31.780
2026-07-23T01:44:43.598Z,usb,1,3612849267,188258,48194048,256,8000,31.780
2026-07-23T01:44:43.630Z,usb,1,3612849267,188259,48194304,256,8000,31.780
2026-07-23T01:44:43.663Z,usb,1,3612849267,188260,48194560,256,8000,31.770
2026-07-23T01:44:43.694Z,usb,1,3612849267,188261,48194816,256,8000,31.770
2026-07-23T01:44:43.726Z,usb,1,3612849267,188262,48195072,256,8000,31.770
2026-07-23T01:44:43.758Z,usb,1,3612849267,188263,48195328,256,8000,31.770
2026-07-23T01:44:43.791Z,usb,1,3612849267,188264,48195584,256,8000,31.770
2026-07-23T01:44:43.822Z,usb,1,3612849267,188265,48195840,256,8000,31.770
2026-07-23T01:44:43.854Z,usb,1,3612849267,188266,48196096,256,8000,31.770
2026-07-23T01:44:43.886Z,usb,1,3612849267,188267,48196352,256,8000,31.770
2026-07-23T01:44:43.918Z,usb,1,3612849267,188268,48196608,256,8000,31.770
2026-07-23T01:44:43.950Z,usb,1,3612849267,188269,48196864,256,8000,31.770
2026-07-23T01:44:43.982Z,usb,1,3612849267,188270,48197120,256,8000,31.770
2026-07-23T01:44:44.014Z,usb,1,3612849267,188271,48197376,256,8000,31.770
2026-07-23T01:44:44.046Z,usb,1,3612849267,188272,48197632,256,8000,31.770
2026-07-23T01:44:44.078Z,usb,1,3612849267,188273,48197888,256,8000,31.770
2026-07-23T01:44:44.110Z,usb,1,3612849267,188274,48198144,256,8000,31.770
2026-07-23T01:44:44.142Z,usb,1,3612849267,188275,48198400,256,8000,31.770
2026-07-23T01:44:44.174Z,usb,1,3612849267,188276,48198656,256,8000,31.770
2026-07-23T01:44:44.206Z,usb,1,3612849267,188277,48198912,256,8000,31.770
2026-07-23T01:44:44.238Z,usb,1,3612849267,188278,48199168,256,8000,31.770
2026-07-23T01:44:44.270Z,usb,1,3612849267,188279,48199424,256,8000,31.770
2026-07-23T01:44:44.302Z,usb,1,3612849267,188280,48199680,256,8000,31.770
2026-07-23T01:44:44.334Z,usb,1,3612849267,188281,48199936,256,8000,31.770
2026-07-23T01:44:44.366Z,usb,1,3612849267,188282,48200192,256,8000,31.770
2026-07-23T01:44:44.398Z,usb,1,3612849267,188283,48200448,256,8000,31.770
2026-07-23T01:44:44.430Z,usb,1,3612849267,188284,48200704,256,8000,31.770
2026-07-23T01:44:44.462Z,usb,1,3612849267,188285,48200960,256,8000,31.770
2026-07-23T01:44:44.494Z,usb,1,3612849267,188286,48201216,256,8000,31.770
2026-07-23T01:44:44.526Z,usb,1,3612849267,188287,48201472,256,8000,31.770
2026-07-23T01:44:44.558Z,usb,1,3612849267,188288,48201728,256,8000,31.770
2026-07-23T01:44:44.590Z,usb,1,3612849267,188289,48201984,256,8000,31.770
2026-07-23T01:44:44.622Z,usb,1,3612849267,188290,48202240,256,8000,31.770
2026-07-23T01:44:44.654Z,usb,1,3612849267,188291,48202496,256,8000,31.770
2026-07-23T01:44:44.687Z,usb,1,3612849267,188292,48202752,256,8000,31.780
2026-07-23T01:44:44.718Z,usb,1,3612849267,188293,48203008,256,8000,31.780
2026-07-23T01:44:44.750Z,usb,1,3612849267,188294,48203264,256,8000,31.780
2026-07-23T01:44:44.782Z,usb,1,3612849267,188295,48203520,256,8000,31.780
2026-07-23T01:44:44.814Z,usb,1,3612849267,188296,48203776,256,8000,31.780
2026-07-23T01:44:44.846Z,usb,1,3612849267,188297,48204032,256,8000,31.780
2026-07-23T01:44:44.878Z,usb,1,3612849267,188298,48204288,256,8000,31.780
2026-07-23T01:44:44.910Z,usb,1,3612849267,188299,48204544,256,8000,31.780
2026-07-23T01:44:44.942Z,usb,1,3612849267,188300,48204800,256,8000,31.780
2026-07-23T01:44:44.974Z,usb,1,3612849267,188301,48205056,256,8000,31.780
2026-07-23T01:44:45.006Z,usb,1,3612849267,188302,48205312,256,8000,31.780
2026-07-23T01:44:45.038Z,usb,1,3612849267,188303,48205568,256,8000,31.780
2026-07-23T01:44:45.070Z,usb,1,3612849267,188304,48205824,256,8000,31.780
2026-07-23T01:44:45.102Z,usb,1,3612849267,188305,48206080,256,8000,31.780
2026-07-23T01:44:45.134Z,usb,1,3612849267,188306,48206336,256,8000,31.780
2026-07-23T01:44:45.166Z,usb,1,3612849267,188307,48206592,256,8000,31.780
2026-07-23T01:44:45.198Z,usb,1,3612849267,188308,48206848,256,8000,31.780
2026-07-23T01:44:45.230Z,usb,1,3612849267,188309,48207104,256,8000,31.780
2026-07-23T01:44:45.262Z,usb,1,3612849267,188310,48207360,256,8000,31.780
2026-07-23T01:44:45.294Z,usb,1,3612849267,188311,48207616,256,8000,31.780
2026-07-23T01:44:45.326Z,usb,1,3612849267,188312,48207872,256,8000,31.780
2026-07-23T01:44:45.358Z,usb,1,3612849267,188313,48208128,256,8000,31.780
2026-07-23T01:44:45.390Z,usb,1,3612849267,188314,48208384,256,8000,31.780
2026-07-23T01:44:45.422Z,usb,1,3612849267,188315,48208640,256,8000,31.780
2026-07-23T01:44:45.454Z,usb,1,3612849267,188316,48208896,256,8000,31.780
2026-07-23T01:44:45.486Z,usb,1,3612849267,188317,48209152,256,8000,31.780
2026-07-23T01:44:45.518Z,usb,1,3612849267,188318,48209408,256,8000,31.780
2026-07-23T01:44:45.550Z,usb,1,3612849267,188319,48209664,256,8000,31.780
2026-07-23T01:44:45.582Z,usb,1,3612849267,188320,48209920,256,8000,31.780
2026-07-23T01:44:45.614Z,usb,1,3612849267,188321,48210176,256,8000,31.780
2026-07-23T01:44:45.646Z,usb,1,3612849267,188322,48210432,256,8000,31.780
2026-07-23T01:44:45.678Z,usb,1,3612849267,188323,48210688,256,8000,31.780
2026-07-23T01:44:45.711Z,usb,1,3612849267,188324,48210944,256,8000,31.780
2026-07-23T01:44:45.742Z,usb,1,3612849267,188325,48211200,256,8000,31.780
2026-07-23T01:44:45.774Z,usb,1,3612849267,188326,48211456,256,8000,31.780
2026-07-23T01:44:45.806Z,usb,1,3612849267,188327,48211712,256,8000,31.780
2026-07-23T01:44:45.838Z,usb,1,3612849267,188328,48211968,256,8000,31.780
2026-07-23T01:44:45.870Z,usb,1,3612849267,188329,48212224,256,8000,31.780
2026-07-23T01:44:45.902Z,usb,1,3612849267,188330,48212480,256,8000,31.780
2026-07-23T01:44:45.934Z,usb,1,3612849267,188331,48212736,256,8000,31.780
2026-07-23T01:44:45.966Z,usb,1,3612849267,188332,48212992,256,8000,31.780
2026-07-23T01:44:45.998Z,usb,1,3612849267,188333,48213248,256,8000,31.780
2026-07-23T01:44:46.030Z,usb,1,3612849267,188334,48213504,256,8000,31.780
2026-07-23T01:44:46.062Z,usb,1,3612849267,188335,48213760,256,8000,31.780
2026-07-23T01:44:46.094Z,usb,1,3612849267,188336,48214016,256,8000,31.780
2026-07-23T01:44:46.127Z,usb,1,3612849267,188337,48214272,256,8000,31.780
2026-07-23T01:44:46.158Z,usb,1,3612849267,188338,48214528,256,8000,31.780
2026-07-23T01:44:46.190Z,usb,1,3612849267,188339,48214784,256,8000,31.780
2026-07-23T01:44:46.222Z,usb,1,3612849267,188340,48215040,256,8000,31.780
2026-07-23T01:44:46.254Z,usb,1,3612849267,188341,48215296,256,8000,31.780
2026-07-23T01:44:46.286Z,usb,1,3612849267,188342,48215552,256,8000,31.780
2026-07-23T01:44:46.318Z,usb,1,3612849267,188343,48215808,256,8000,31.780
2026-07-23T01:44:46.350Z,usb,1,3612849267,188344,48216064,256,8000,31.780
2026-07-23T01:44:46.382Z,usb,1,3612849267,188345,48216320,256,8000,31.780
2026-07-23T01:44:46.414Z,usb,1,3612849267,188346,48216576,256,8000,31.780
2026-07-23T01:44:46.446Z,usb,1,3612849267,188347,48216832,256,8000,31.780
2026-07-23T01:44:46.479Z,usb,1,3612849267,188348,48217088,256,8000,31.780
2026-07-23T01:44:46.510Z,usb,1,3612849267,188349,48217344,256,8000,31.780
2026-07-23T01:44:46.542Z,usb,1,3612849267,188350,48217600,256,8000,31.780
2026-07-23T01:44:46.574Z,usb,1,3612849267,188351,48217856,256,8000,31.780
2026-07-23T01:44:46.606Z,usb,1,3612849267,188352,48218112,256,8000,31.780
2026-07-23T01:44:46.638Z,usb,1,3612849267,188353,48218368,256,8000,31.780
2026-07-23T01:44:46.670Z,usb,1,3612849267,188354,48218624,256,8000,31.780
2026-07-23T01:44:46.702Z,usb,1,3612849267,188355,48218880,256,8000,31.780
2026-07-23T01:44:46.735Z,usb,1,3612849267,188356,48219136,256,8000,31.780
2026-07-23T01:44:46.766Z,usb,1,3612849267,188357,48219392,256,8000,31.780
2026-07-23T01:44:46.798Z,usb,1,3612849267,188358,48219648,256,8000,31.780
2026-07-23T01:44:46.830Z,usb,1,3612849267,188359,48219904,256,8000,31.780
2026-07-23T01:44:46.862Z,usb,1,3612849267,188360,48220160,256,8000,31.780
2026-07-23T01:44:46.894Z,usb,1,3612849267,188361,48220416,256,8000,31.780
2026-07-23T01:44:46.926Z,usb,1,3612849267,188362,48220672,256,8000,31.780
2026-07-23T01:44:46.958Z,usb,1,3612849267,188363,48220928,256,8000,31.780
2026-07-23T01:44:46.991Z,usb,1,3612849267,188364,48221184,256,8000,31.780
2026-07-23T01:44:47.022Z,usb,1,3612849267,188365,48221440,256,8000,31.780
2026-07-23T01:44:47.054Z,usb,1,3612849267,188366,48221696,256,8000,31.780
2026-07-23T01:44:47.086Z,usb,1,3612849267,188367,48221952,256,8000,31.780
2026-07-23T01:44:47.118Z,usb,1,3612849267,188368,48222208,256,8000,31.780
2026-07-23T01:44:47.150Z,usb,1,3612849267,188369,48222464,256,8000,31.780
2026-07-23T01:44:47.182Z,usb,1,3612849267,188370,48222720,256,8000,31.780
2026-07-23T01:44:47.214Z,usb,1,3612849267,188371,48222976,256,8000,31.780
2026-07-23T01:44:47.246Z,usb,1,3612849267,188372,48223232,256,8000,31.780
2026-07-23T01:44:47.279Z,usb,1,3612849267,188373,48223488,256,8000,31.780
2026-07-23T01:44:47.310Z,usb,1,3612849267,188374,48223744,256,8000,31.780
2026-07-23T01:44:47.342Z,usb,1,3612849267,188375,48224000,256,8000,31.780
2026-07-23T01:44:47.374Z,usb,1,3612849267,188376,48224256,256,8000,31.780
2026-07-23T01:44:47.406Z,usb,1,3612849267,188377,48224512,256,8000,31.780
2026-07-23T01:44:47.438Z,usb,1,3612849267,188378,48224768,256,8000,31.780
2026-07-23T01:44:47.470Z,usb,1,3612849267,188379,48225024,256,8000,31.780
2026-07-23T01:44:47.502Z,usb,1,3612849267,188380,48225280,256,8000,31.780
2026-07-23T01:44:47.534Z,usb,1,3612849267,188381,48225536,256,8000,31.780
2026-07-23T01:44:47.566Z,usb,1,3612849267,188382,48225792,256,8000,31.780
2026-07-23T01:44:47.599Z,usb,1,3612849267,188383,48226048,256,8000,31.780
2026-07-23T01:44:47.630Z,usb,1,3612849267,188384,48226304,256,8000,31.780
2026-07-23T01:44:47.664Z,usb,1,3612849267,188385,48226560,256,8000,31.780
2026-07-23T01:44:47.694Z,usb,1,3612849267,188386,48226816,256,8000,31.780
2026-07-23T01:44:47.726Z,usb,1,3612849267,188387,48227072,256,8000,31.780
2026-07-23T01:44:47.759Z,usb,1,3612849267,188388,48227328,256,8000,31.790
2026-07-23T01:44:47.790Z,usb,1,3612849267,188389,48227584,256,8000,31.790
2026-07-23T01:44:47.822Z,usb,1,3612849267,188390,48227840,256,8000,31.790
2026-07-23T01:44:47.854Z,usb,1,3612849267,188391,48228096,256,8000,31.790
2026-07-23T01:44:47.886Z,usb,1,3612849267,188392,48228352,256,8000,31.790
2026-07-23T01:44:47.918Z,usb,1,3612849267,188393,48228608,256,8000,31.790
2026-07-23T01:44:47.950Z,usb,1,3612849267,188394,48228864,256,8000,31.790
2026-07-23T01:44:47.982Z,usb,1,3612849267,188395,48229120,256,8000,31.790
2026-07-23T01:44:48.014Z,usb,1,3612849267,188396,48229376,256,8000,31.790
2026-07-23T01:44:48.046Z,usb,1,3612849267,188397,48229632,256,8000,31.790
2026-07-23T01:44:48.078Z,usb,1,3612849267,188398,48229888,256,8000,31.790
2026-07-23T01:44:48.110Z,usb,1,3612849267,188399,48230144,256,8000,31.790
2026-07-23T01:44:48.142Z,usb,1,3612849267,188400,48230400,256,8000,31.790
2026-07-23T01:44:48.174Z,usb,1,3612849267,188401,48230656,256,8000,31.790
2026-07-23T01:44:48.206Z,usb,1,3612849267,188402,48230912,256,8000,31.790
2026-07-23T01:44:48.238Z,usb,1,3612849267,188403,48231168,256,8000,31.790
2026-07-23T01:44:48.270Z,usb,1,3612849267,188404,48231424,256,8000,31.790
2026-07-23T01:44:48.302Z,usb,1,3612849267,188405,48231680,256,8000,31.790
2026-07-23T01:44:48.334Z,usb,1,3612849267,188406,48231936,256,8000,31.790
2026-07-23T01:44:48.366Z,usb,1,3612849267,188407,48232192,256,8000,31.790
2026-07-23T01:44:48.398Z,usb,1,3612849267,188408,48232448,256,8000,31.790
2026-07-23T01:44:48.430Z,usb,1,3612849267,188409,48232704,256,8000,31.790
2026-07-23T01:44:48.462Z,usb,1,3612849267,188410,48232960,256,8000,31.790
2026-07-23T01:44:48.494Z,usb,1,3612849267,188411,48233216,256,8000,31.790
2026-07-23T01:44:48.526Z,usb,1,3612849267,188412,48233472,256,8000,31.790
2026-07-23T01:44:48.558Z,usb,1,3612849267,188413,48233728,256,8000,31.790
2026-07-23T01:44:48.590Z,usb,1,3612849267,188414,48233984,256,8000,31.790
2026-07-23T01:44:48.622Z,usb,1,3612849267,188415,48234240,256,8000,31.790
2026-07-23T01:44:48.654Z,usb,1,3612849267,188416,48234496,256,8000,31.790
2026-07-23T01:44:48.686Z,usb,1,3612849267,188417,48234752,256,8000,31.790
2026-07-23T01:44:48.718Z,usb,1,3612849267,188418,48235008,256,8000,31.790
2026-07-23T01:44:48.750Z,usb,1,3612849267,188419,48235264,256,8000,31.790
2026-07-23T01:44:48.783Z,usb,1,3612849267,188420,48235520,256,8000,31.780
2026-07-23T01:44:48.814Z,usb,1,3612849267,188421,48235776,256,8000,31.780
2026-07-23T01:44:48.846Z,usb,1,3612849267,188422,48236032,256,8000,31.780
2026-07-23T01:44:48.878Z,usb,1,3612849267,188423,48236288,256,8000,31.780
2026-07-23T01:44:48.910Z,usb,1,3612849267,188424,48236544,256,8000,31.780
2026-07-23T01:44:48.942Z,usb,1,3612849267,188425,48236800,256,8000,31.780
2026-07-23T01:44:48.974Z,usb,1,3612849267,188426,48237056,256,8000,31.780
2026-07-23T01:44:49.006Z,usb,1,3612849267,188427,48237312,256,8000,31.780
2026-07-23T01:44:49.038Z,usb,1,3612849267,188428,48237568,256,8000,31.780
2026-07-23T01:44:49.070Z,usb,1,3612849267,188429,48237824,256,8000,31.780
2026-07-23T01:44:49.102Z,usb,1,3612849267,188430,48238080,256,8000,31.780
2026-07-23T01:44:49.134Z,usb,1,3612849267,188431,48238336,256,8000,31.780
2026-07-23T01:44:49.166Z,usb,1,3612849267,188432,48238592,256,8000,31.780
2026-07-23T01:44:49.199Z,usb,1,3612849267,188433,48238848,256,8000,31.780
2026-07-23T01:44:49.230Z,usb,1,3612849267,188434,48239104,256,8000,31.780
2026-07-23T01:44:49.262Z,usb,1,3612849267,188435,48239360,256,8000,31.780
2026-07-23T01:44:49.294Z,usb,1,3612849267,188436,48239616,256,8000,31.780
2026-07-23T01:44:49.326Z,usb,1,3612849267,188437,48239872,256,8000,31.780
2026-07-23T01:44:49.358Z,usb,1,3612849267,188438,48240128,256,8000,31.780
2026-07-23T01:44:49.390Z,usb,1,3612849267,188439,48240384,256,8000,31.780
2026-07-23T01:44:49.422Z,usb,1,3612849267,188440,48240640,256,8000,31.780
2026-07-23T01:44:49.454Z,usb,1,3612849267,188441,48240896,256,8000,31.780
2026-07-23T01:44:49.486Z,usb,1,3612849267,188442,48241152,256,8000,31.780
2026-07-23T01:44:49.518Z,usb,1,3612849267,188443,48241408,256,8000,31.780
2026-07-23T01:44:49.550Z,usb,1,3612849267,188444,48241664,256,8000,31.780
2026-07-23T01:44:49.582Z,usb,1,3612849267,188445,48241920,256,8000,31.780
2026-07-23T01:44:49.614Z,usb,1,3612849267,188446,48242176,256,8000,31.780
2026-07-23T01:44:49.646Z,usb,1,3612849267,188447,48242432,256,8000,31.780
2026-07-23T01:44:49.678Z,usb,1,3612849267,188448,48242688,256,8000,31.780
2026-07-23T01:44:49.710Z,usb,1,3612849267,188449,48242944,256,8000,31.780
2026-07-23T01:44:49.742Z,usb,1,3612849267,188450,48243200,256,8000,31.780
2026-07-23T01:44:49.774Z,usb,1,3612849267,188451,48243456,256,8000,31.780
2026-07-23T01:44:49.807Z,usb,1,3612849267,188452,48243712,256,8000,31.780
2026-07-23T01:44:49.838Z,usb,1,3612849267,188453,48243968,256,8000,31.780
2026-07-23T01:44:49.870Z,usb,1,3612849267,188454,48244224,256,8000,31.780
2026-07-23T01:44:49.902Z,usb,1,3612849267,188455,48244480,256,8000,31.780
2026-07-23T01:44:49.934Z,usb,1,3612849267,188456,48244736,256,8000,31.780
2026-07-23T01:44:49.966Z,usb,1,3612849267,188457,48244992,256,8000,31.780
2026-07-23T01:44:49.998Z,usb,1,3612849267,188458,48245248,256,8000,31.780
2026-07-23T01:44:50.030Z,usb,1,3612849267,188459,48245504,256,8000,31.780
2026-07-23T01:44:50.062Z,usb,1,3612849267,188460,48245760,256,8000,31.780
2026-07-23T01:44:50.094Z,usb,1,3612849267,188461,48246016,256,8000,31.780
2026-07-23T01:44:50.126Z,usb,1,3612849267,188462,48246272,256,8000,31.780
2026-07-23T01:44:50.158Z,usb,1,3612849267,188463,48246528,256,8000,31.780
2026-07-23T01:44:50.190Z,usb,1,3612849267,188464,48246784,256,8000,31.780
2026-07-23T01:44:50.222Z,usb,1,3612849267,188465,48247040,256,8000,31.780
2026-07-23T01:44:50.254Z,usb,1,3612849267,188466,48247296,256,8000,31.780
2026-07-23T01:44:50.286Z,usb,1,3612849267,188467,48247552,256,8000,31.780
2026-07-23T01:44:50.318Z,usb,1,3612849267,188468,48247808,256,8000,31.780
2026-07-23T01:44:50.350Z,usb,1,3612849267,188469,48248064,256,8000,31.780
2026-07-23T01:44:50.382Z,usb,1,3612849267,188470,48248320,256,8000,31.780
2026-07-23T01:44:50.414Z,usb,1,3612849267,188471,48248576,256,8000,31.780
2026-07-23T01:44:50.446Z,usb,1,3612849267,188472,48248832,256,8000,31.780
2026-07-23T01:44:50.478Z,usb,1,3612849267,188473,48249088,256,8000,31.780
2026-07-23T01:44:50.510Z,usb,1,3612849267,188474,48249344,256,8000,31.780
2026-07-23T01:44:50.542Z,usb,1,3612849267,188475,48249600,256,8000,31.780
2026-07-23T01:44:50.574Z,usb,1,3612849267,188476,48249856,256,8000,31.780
2026-07-23T01:44:50.606Z,usb,1,3612849267,188477,48250112,256,8000,31.780
2026-07-23T01:44:50.638Z,usb,1,3612849267,188478,48250368,256,8000,31.780
2026-07-23T01:44:50.670Z,usb,1,3612849267,188479,48250624,256,8000,31.780
2026-07-23T01:44:50.702Z,usb,1,3612849267,188480,48250880,256,8000,31.780
2026-07-23T01:44:50.734Z,usb,1,3612849267,188481,48251136,256,8000,31.780
2026-07-23T01:44:50.766Z,usb,1,3612849267,188482,48251392,256,8000,31.780
2026-07-23T01:44:50.798Z,usb,1,3612849267,188483,48251648,256,8000,31.780
2026-07-23T01:44:50.831Z,usb,1,3612849267,188484,48251904,256,8000,31.780
2026-07-23T01:44:50.862Z,usb,1,3612849267,188485,48252160,256,8000,31.780
2026-07-23T01:44:50.894Z,usb,1,3612849267,188486,48252416,256,8000,31.780
2026-07-23T01:44:50.926Z,usb,1,3612849267,188487,48252672,256,8000,31.780
2026-07-23T01:44:50.958Z,usb,1,3612849267,188488,48252928,256,8000,31.780
2026-07-23T01:44:50.990Z,usb,1,3612849267,188489,48253184,256,8000,31.780
2026-07-23T01:44:51.022Z,usb,1,3612849267,188490,48253440,256,8000,31.780
2026-07-23T01:44:51.054Z,usb,1,3612849267,188491,48253696,256,8000,31.780
2026-07-23T01:44:51.086Z,usb,1,3612849267,188492,48253952,256,8000,31.780
2026-07-23T01:44:51.118Z,usb,1,3612849267,188493,48254208,256,8000,31.780
2026-07-23T01:44:51.150Z,usb,1,3612849267,188494,48254464,256,8000,31.780
2026-07-23T01:44:51.182Z,usb,1,3612849267,188495,48254720,256,8000,31.780
2026-07-23T01:44:51.214Z,usb,1,3612849267,188496,48254976,256,8000,31.780
2026-07-23T01:44:51.246Z,usb,1,3612849267,188497,48255232,256,8000,31.780
2026-07-23T01:44:51.278Z,usb,1,3612849267,188498,48255488,256,8000,31.780
2026-07-23T01:44:51.310Z,usb,1,3612849267,188499,48255744,256,8000,31.780
2026-07-23T01:44:51.342Z,usb,1,3612849267,188500,48256000,256,8000,31.780
2026-07-23T01:44:51.374Z,usb,1,3612849267,188501,48256256,256,8000,31.780
2026-07-23T01:44:51.406Z,usb,1,3612849267,188502,48256512,256,8000,31.780
2026-07-23T01:44:51.438Z,usb,1,3612849267,188503,48256768,256,8000,31.780
2026-07-23T01:44:51.470Z,usb,1,3612849267,188504,48257024,256,8000,31.780
2026-07-23T01:44:51.502Z,usb,1,3612849267,188505,48257280,256,8000,31.780
2026-07-23T01:44:51.534Z,usb,1,3612849267,188506,48257536,256,8000,31.780
2026-07-23T01:44:51.566Z,usb,1,3612849267,188507,48257792,256,8000,31.780
2026-07-23T01:44:51.598Z,usb,1,3612849267,188508,48258048,256,8000,31.780
2026-07-23T01:44:51.630Z,usb,1,3612849267,188509,48258304,256,8000,31.780
2026-07-23T01:44:51.662Z,usb,1,3612849267,188510,48258560,256,8000,31.780
2026-07-23T01:44:51.694Z,usb,1,3612849267,188511,48258816,256,8000,31.780
2026-07-23T01:44:51.726Z,usb,1,3612849267,188512,48259072,256,8000,31.780
2026-07-23T01:44:51.758Z,usb,1,3612849267,188513,48259328,256,8000,31.780
2026-07-23T01:44:51.790Z,usb,1,3612849267,188514,48259584,256,8000,31.780
2026-07-23T01:44:51.822Z,usb,1,3612849267,188515,48259840,256,8000,31.780
2026-07-23T01:44:51.855Z,usb,1,3612849267,188516,48260096,256,8000,31.780
2026-07-23T01:44:51.886Z,usb,1,3612849267,188517,48260352,256,8000,31.780
2026-07-23T01:44:51.918Z,usb,1,3612849267,188518,48260608,256,8000,31.780
2026-07-23T01:44:51.950Z,usb,1,3612849267,188519,48260864,256,8000,31.780
2026-07-23T01:44:51.982Z,usb,1,3612849267,188520,48261120,256,8000,31.780
2026-07-23T01:44:52.014Z,usb,1,3612849267,188521,48261376,256,8000,31.780
2026-07-23T01:44:52.046Z,usb,1,3612849267,188522,48261632,256,8000,31.780
2026-07-23T01:44:52.078Z,usb,1,3612849267,188523,48261888,256,8000,31.780
2026-07-23T01:44:52.110Z,usb,1,3612849267,188524,48262144,256,8000,31.780
2026-07-23T01:44:52.142Z,usb,1,3612849267,188525,48262400,256,8000,31.780
2026-07-23T01:44:52.174Z,usb,1,3612849267,188526,48262656,256,8000,31.780
2026-07-23T01:44:52.206Z,usb,1,3612849267,188527,48262912,256,8000,31.780
2026-07-23T01:44:52.239Z,usb,1,3612849267,188528,48263168,256,8000,31.780
2026-07-23T01:44:52.270Z,usb,1,3612849267,188529,48263424,256,8000,31.780
2026-07-23T01:44:52.302Z,usb,1,3612849267,188530,48263680,256,8000,31.780
2026-07-23T01:44:52.334Z,usb,1,3612849267,188531,48263936,256,8000,31.780
2026-07-23T01:44:52.366Z,usb,1,3612849267,188532,48264192,256,8000,31.780
2026-07-23T01:44:52.398Z,usb,1,3612849267,188533,48264448,256,8000,31.780
2026-07-23T01:44:52.430Z,usb,1,3612849267,188534,48264704,256,8000,31.780
2026-07-23T01:44:52.462Z,usb,1,3612849267,188535,48264960,256,8000,31.780
2026-07-23T01:44:52.494Z,usb,1,3612849267,188536,48265216,256,8000,31.780
2026-07-23T01:44:52.526Z,usb,1,3612849267,188537,48265472,256,8000,31.780
2026-07-23T01:44:52.558Z,usb,1,3612849267,188538,48265728,256,8000,31.780
2026-07-23T01:44:52.590Z,usb,1,3612849267,188539,48265984,256,8000,31.780
2026-07-23T01:44:52.622Z,usb,1,3612849267,188540,48266240,256,8000,31.780
2026-07-23T01:44:52.654Z,usb,1,3612849267,188541,48266496,256,8000,31.780
2026-07-23T01:44:52.686Z,usb,1,3612849267,188542,48266752,256,8000,31.780
2026-07-23T01:44:52.718Z,usb,1,3612849267,188543,48267008,256,8000,31.780
2026-07-23T01:44:52.750Z,usb,1,3612849267,188544,48267264,256,8000,31.780
2026-07-23T01:44:52.782Z,usb,1,3612849267,188545,48267520,256,8000,31.780
2026-07-23T01:44:52.814Z,usb,1,3612849267,188546,48267776,256,8000,31.780
2026-07-23T01:44:52.846Z,usb,1,3612849267,188547,48268032,256,8000,31.780
2026-07-23T01:44:52.879Z,usb,1,3612849267,188548,48268288,256,8000,31.780
2026-07-23T01:44:52.910Z,usb,1,3612849267,188549,48268544,256,8000,31.780
2026-07-23T01:44:52.942Z,usb,1,3612849267,188550,48268800,256,8000,31.780
2026-07-23T01:44:52.974Z,usb,1,3612849267,188551,48269056,256,8000,31.780
2026-07-23T01:44:53.006Z,usb,1,3612849267,188552,48269312,256,8000,31.780
2026-07-23T01:44:53.038Z,usb,1,3612849267,188553,48269568,256,8000,31.780
2026-07-23T01:44:53.070Z,usb,1,3612849267,188554,48269824,256,8000,31.780
2026-07-23T01:44:53.102Z,usb,1,3612849267,188555,48270080,256,8000,31.780
2026-07-23T01:44:53.134Z,usb,1,3612849267,188556,48270336,256,8000,31.780
2026-07-23T01:44:53.166Z,usb,1,3612849267,188557,48270592,256,8000,31.780
2026-07-23T01:44:53.198Z,usb,1,3612849267,188558,48270848,256,8000,31.780
2026-07-23T01:44:53.230Z,usb,1,3612849267,188559,48271104,256,8000,31.780
2026-07-23T01:44:53.262Z,usb,1,3612849267,188560,48271360,256,8000,31.780
2026-07-23T01:44:53.294Z,usb,1,3612849267,188561,48271616,256,8000,31.780
2026-07-23T01:44:53.327Z,usb,1,3612849267,188562,48271872,256,8000,31.780
2026-07-23T01:44:53.358Z,usb,1,3612849267,188563,48272128,256,8000,31.780
2026-07-23T01:44:53.390Z,usb,1,3612849267,188564,48272384,256,8000,31.780
2026-07-23T01:44:53.422Z,usb,1,3612849267,188565,48272640,256,8000,31.780
2026-07-23T01:44:53.454Z,usb,1,3612849267,188566,48272896,256,8000,31.780
2026-07-23T01:44:53.486Z,usb,1,3612849267,188567,48273152,256,8000,31.780
2026-07-23T01:44:53.518Z,usb,1,3612849267,188568,48273408,256,8000,31.780
2026-07-23T01:44:53.550Z,usb,1,3612849267,188569,48273664,256,8000,31.780
2026-07-23T01:44:53.582Z,usb,1,3612849267,188570,48273920,256,8000,31.780
2026-07-23T01:44:53.614Z,usb,1,3612849267,188571,48274176,256,8000,31.780
2026-07-23T01:44:53.646Z,usb,1,3612849267,188572,48274432,256,8000,31.780
2026-07-23T01:44:53.678Z,usb,1,3612849267,188573,48274688,256,8000,31.780
2026-07-23T01:44:53.710Z,usb,1,3612849267,188574,48274944,256,8000,31.780
2026-07-23T01:44:53.743Z,usb,1,3612849267,188575,48275200,256,8000,31.780
2026-07-23T01:44:53.774Z,usb,1,3612849267,188576,48275456,256,8000,31.780
2026-07-23T01:44:53.806Z,usb,1,3612849267,188577,48275712,256,8000,31.780
2026-07-23T01:44:53.838Z,usb,1,3612849267,188578,48275968,256,8000,31.780
2026-07-23T01:44:53.870Z,usb,1,3612849267,188579,48276224,256,8000,31.780
2026-07-23T01:44:53.903Z,usb,1,3612849267,188580,48276480,256,8000,31.780
2026-07-23T01:44:53.934Z,usb,1,3612849267,188581,48276736,256,8000,31.780
2026-07-23T01:44:53.966Z,usb,1,3612849267,188582,48276992,256,8000,31.780
2026-07-23T01:44:53.998Z,usb,1,3612849267,188583,48277248,256,8000,31.780
2026-07-23T01:44:54.030Z,usb,1,3612849267,188584,48277504,256,8000,31.780
2026-07-23T01:44:54.062Z,usb,1,3612849267,188585,48277760,256,8000,31.780
2026-07-23T01:44:54.094Z,usb,1,3612849267,188586,48278016,256,8000,31.780
2026-07-23T01:44:54.126Z,usb,1,3612849267,188587,48278272,256,8000,31.780
2026-07-23T01:44:54.158Z,usb,1,3612849267,188588,48278528,256,8000,31.780
2026-07-23T01:44:54.190Z,usb,1,3612849267,188589,48278784,256,8000,31.780
2026-07-23T01:44:54.222Z,usb,1,3612849267,188590,48279040,256,8000,31.780
2026-07-23T01:44:54.255Z,usb,1,3612849267,188591,48279296,256,8000,31.780
2026-07-23T01:44:54.286Z,usb,1,3612849267,188592,48279552,256,8000,31.780
2026-07-23T01:44:54.318Z,usb,1,3612849267,188593,48279808,256,8000,31.780
2026-07-23T01:44:54.351Z,usb,1,3612849267,188594,48280064,256,8000,31.780
2026-07-23T01:44:54.382Z,usb,1,3612849267,188595,48280320,256,8000,31.780
2026-07-23T01:44:54.414Z,usb,1,3612849267,188596,48280576,256,8000,31.780
2026-07-23T01:44:54.446Z,usb,1,3612849267,188597,48280832,256,8000,31.780
2026-07-23T01:44:54.478Z,usb,1,3612849267,188598,48281088,256,8000,31.780
2026-07-23T01:44:54.510Z,usb,1,3612849267,188599,48281344,256,8000,31.780
2026-07-23T01:44:54.542Z,usb,1,3612849267,188600,48281600,256,8000,31.780
2026-07-23T01:44:54.574Z,usb,1,3612849267,188601,48281856,256,8000,31.780
2026-07-23T01:44:54.606Z,usb,1,3612849267,188602,48282112,256,8000,31.780
2026-07-23T01:44:54.638Z,usb,1,3612849267,188603,48282368,256,8000,31.780
2026-07-23T01:44:54.670Z,usb,1,3612849267,188604,48282624,256,8000,31.780
2026-07-23T01:44:54.702Z,usb,1,3612849267,188605,48282880,256,8000,31.780
2026-07-23T01:44:54.734Z,usb,1,3612849267,188606,48283136,256,8000,31.780
2026-07-23T01:44:54.766Z,usb,1,3612849267,188607,48283392,256,8000,31.780
2026-07-23T01:44:54.798Z,usb,1,3612849267,188608,48283648,256,8000,31.780
2026-07-23T01:44:54.830Z,usb,1,3612849267,188609,48283904,256,8000,31.780
2026-07-23T01:44:54.862Z,usb,1,3612849267,188610,48284160,256,8000,31.780
2026-07-23T01:44:54.894Z,usb,1,3612849267,188611,48284416,256,8000,31.780
2026-07-23T01:44:54.927Z,usb,1,3612849267,188612,48284672,256,8000,31.780
2026-07-23T01:44:54.958Z,usb,1,3612849267,188613,48284928,256,8000,31.780
2026-07-23T01:44:54.991Z,usb,1,3612849267,188614,48285184,256,8000,31.780
2026-07-23T01:44:55.022Z,usb,1,3612849267,188615,48285440,256,8000,31.780
2026-07-23T01:44:55.055Z,usb,1,3612849267,188616,48285696,256,8000,31.780
2026-07-23T01:44:55.086Z,usb,1,3612849267,188617,48285952,256,8000,31.780
2026-07-23T01:44:55.118Z,usb,1,3612849267,188618,48286208,256,8000,31.780
2026-07-23T01:44:55.150Z,usb,1,3612849267,188619,48286464,256,8000,31.780
2026-07-23T01:44:55.182Z,usb,1,3612849267,188620,48286720,256,8000,31.780
2026-07-23T01:44:55.214Z,usb,1,3612849267,188621,48286976,256,8000,31.780
2026-07-23T01:44:55.246Z,usb,1,3612849267,188622,48287232,256,8000,31.780
2026-07-23T01:44:55.278Z,usb,1,3612849267,188623,48287488,256,8000,31.780
2026-07-23T01:44:55.310Z,usb,1,3612849267,188624,48287744,256,8000,31.780
2026-07-23T01:44:55.342Z,usb,1,3612849267,188625,48288000,256,8000,31.780
2026-07-23T01:44:55.374Z,usb,1,3612849267,188626,48288256,256,8000,31.780
2026-07-23T01:44:55.406Z,usb,1,3612849267,188627,48288512,256,8000,31.780
2026-07-23T01:44:55.438Z,usb,1,3612849267,188628,48288768,256,8000,31.780
2026-07-23T01:44:55.470Z,usb,1,3612849267,188629,48289024,256,8000,31.780
2026-07-23T01:44:55.502Z,usb,1,3612849267,188630,48289280,256,8000,31.780
2026-07-23T01:44:55.534Z,usb,1,3612849267,188631,48289536,256,8000,31.780
2026-07-23T01:44:55.566Z,usb,1,3612849267,188632,48289792,256,8000,31.780
2026-07-23T01:44:55.599Z,usb,1,3612849267,188633,48290048,256,8000,31.780
2026-07-23T01:44:55.630Z,usb,1,3612849267,188634,48290304,256,8000,31.780
2026-07-23T01:44:55.662Z,usb,1,3612849267,188635,48290560,256,8000,31.780
2026-07-23T01:44:55.694Z,usb,1,3612849267,188636,48290816,256,8000,31.780
2026-07-23T01:44:55.726Z,usb,1,3612849267,188637,48291072,256,8000,31.780
2026-07-23T01:44:55.758Z,usb,1,3612849267,188638,48291328,256,8000,31.780
2026-07-23T01:44:55.790Z,usb,1,3612849267,188639,48291584,256,8000,31.780
2026-07-23T01:44:55.822Z,usb,1,3612849267,188640,48291840,256,8000,31.780
2026-07-23T01:44:55.854Z,usb,1,3612849267,188641,48292096,256,8000,31.780
2026-07-23T01:44:55.886Z,usb,1,3612849267,188642,48292352,256,8000,31.780
2026-07-23T01:44:55.918Z,usb,1,3612849267,188643,48292608,256,8000,31.780
2026-07-23T01:44:55.951Z,usb,1,3612849267,188644,48292864,256,8000,31.780
2026-07-23T01:44:55.983Z,usb,1,3612849267,188645,48293120,256,8000,31.780
2026-07-23T01:44:56.014Z,usb,1,3612849267,188646,48293376,256,8000,31.780
2026-07-23T01:44:56.046Z,usb,1,3612849267,188647,48293632,256,8000,31.780
2026-07-23T01:44:56.078Z,usb,1,3612849267,188648,48293888,256,8000,31.780
2026-07-23T01:44:56.110Z,usb,1,3612849267,188649,48294144,256,8000,31.780
2026-07-23T01:44:56.142Z,usb,1,3612849267,188650,48294400,256,8000,31.780
2026-07-23T01:44:56.174Z,usb,1,3612849267,188651,48294656,256,8000,31.780
2026-07-23T01:44:56.206Z,usb,1,3612849267,188652,48294912,256,8000,31.780
2026-07-23T01:44:56.238Z,usb,1,3612849267,188653,48295168,256,8000,31.780
2026-07-23T01:44:56.271Z,usb,1,3612849267,188654,48295424,256,8000,31.780
2026-07-23T01:44:56.302Z,usb,1,3612849267,188655,48295680,256,8000,31.780
2026-07-23T01:44:56.334Z,usb,1,3612849267,188656,48295936,256,8000,31.780
2026-07-23T01:44:56.366Z,usb,1,3612849267,188657,48296192,256,8000,31.780
2026-07-23T01:44:56.398Z,usb,1,3612849267,188658,48296448,256,8000,31.780
2026-07-23T01:44:56.430Z,usb,1,3612849267,188659,48296704,256,8000,31.780
2026-07-23T01:44:56.462Z,usb,1,3612849267,188660,48296960,256,8000,31.780
2026-07-23T01:44:56.494Z,usb,1,3612849267,188661,48297216,256,8000,31.780
2026-07-23T01:44:56.526Z,usb,1,3612849267,188662,48297472,256,8000,31.780
2026-07-23T01:44:56.558Z,usb,1,3612849267,188663,48297728,256,8000,31.780
2026-07-23T01:44:56.590Z,usb,1,3612849267,188664,48297984,256,8000,31.780
2026-07-23T01:44:56.622Z,usb,1,3612849267,188665,48298240,256,8000,31.780
2026-07-23T01:44:56.654Z,usb,1,3612849267,188666,48298496,256,8000,31.780
2026-07-23T01:44:56.686Z,usb,1,3612849267,188667,48298752,256,8000,31.780
2026-07-23T01:44:56.718Z,usb,1,3612849267,188668,48299008,256,8000,31.780
2026-07-23T01:44:56.750Z,usb,1,3612849267,188669,48299264,256,8000,31.780
2026-07-23T01:44:56.782Z,usb,1,3612849267,188670,48299520,256,8000,31.780
2026-07-23T01:44:56.814Z,usb,1,3612849267,188671,48299776,256,8000,31.780
2026-07-23T01:44:56.846Z,usb,1,3612849267,188672,48300032,256,8000,31.780
2026-07-23T01:44:56.878Z,usb,1,3612849267,188673,48300288,256,8000,31.780
2026-07-23T01:44:56.910Z,usb,1,3612849267,188674,48300544,256,8000,31.780
2026-07-23T01:44:56.942Z,usb,1,3612849267,188675,48300800,256,8000,31.780
2026-07-23T01:44:56.975Z,usb,1,3612849267,188676,48301056,256,8000,31.780
2026-07-23T01:44:57.006Z,usb,1,3612849267,188677,48301312,256,8000,31.780
2026-07-23T01:44:57.038Z,usb,1,3612849267,188678,48301568,256,8000,31.780
2026-07-23T01:44:57.070Z,usb,1,3612849267,188679,48301824,256,8000,31.780
2026-07-23T01:44:57.102Z,usb,1,3612849267,188680,48302080,256,8000,31.780
2026-07-23T01:44:57.134Z,usb,1,3612849267,188681,48302336,256,8000,31.780
2026-07-23T01:44:57.166Z,usb,1,3612849267,188682,48302592,256,8000,31.780
2026-07-23T01:44:57.199Z,usb,1,3612849267,188683,48302848,256,8000,31.780
2026-07-23T01:44:57.230Z,usb,1,3612849267,188684,48303104,256,8000,31.780
2026-07-23T01:44:57.262Z,usb,1,3612849267,188685,48303360,256,8000,31.780
2026-07-23T01:44:57.294Z,usb,1,3612849267,188686,48303616,256,8000,31.780
2026-07-23T01:44:57.326Z,usb,1,3612849267,188687,48303872,256,8000,31.780
2026-07-23T01:44:57.358Z,usb,1,3612849267,188688,48304128,256,8000,31.780
2026-07-23T01:44:57.390Z,usb,1,3612849267,188689,48304384,256,8000,31.780
2026-07-23T01:44:57.422Z,usb,1,3612849267,188690,48304640,256,8000,31.780
2026-07-23T01:44:57.454Z,usb,1,3612849267,188691,48304896,256,8000,31.780
2026-07-23T01:44:57.486Z,usb,1,3612849267,188692,48305152,256,8000,31.780
2026-07-23T01:44:57.518Z,usb,1,3612849267,188693,48305408,256,8000,31.780
2026-07-23T01:44:57.550Z,usb,1,3612849267,188694,48305664,256,8000,31.780
2026-07-23T01:44:57.582Z,usb,1,3612849267,188695,48305920,256,8000,31.780
2026-07-23T01:44:57.615Z,usb,1,3612849267,188696,48306176,256,8000,31.780
2026-07-23T01:44:57.646Z,usb,1,3612849267,188697,48306432,256,8000,31.780
2026-07-23T01:44:57.678Z,usb,1,3612849267,188698,48306688,256,8000,31.780
2026-07-23T01:44:57.710Z,usb,1,3612849267,188699,48306944,256,8000,31.780
2026-07-23T01:44:57.742Z,usb,1,3612849267,188700,48307200,256,8000,31.780
2026-07-23T01:44:57.774Z,usb,1,3612849267,188701,48307456,256,8000,31.780
2026-07-23T01:44:57.806Z,usb,1,3612849267,188702,48307712,256,8000,31.780
2026-07-23T01:44:57.838Z,usb,1,3612849267,188703,48307968,256,8000,31.780
2026-07-23T01:44:57.870Z,usb,1,3612849267,188704,48308224,256,8000,31.780
2026-07-23T01:44:57.902Z,usb,1,3612849267,188705,48308480,256,8000,31.780
2026-07-23T01:44:57.934Z,usb,1,3612849267,188706,48308736,256,8000,31.780
2026-07-23T01:44:57.966Z,usb,1,3612849267,188707,48308992,256,8000,31.780
2026-07-23T01:44:57.999Z,usb,1,3612849267,188708,48309248,256,8000,31.780
2026-07-23T01:44:58.030Z,usb,1,3612849267,188709,48309504,256,8000,31.780
2026-07-23T01:44:58.062Z,usb,1,3612849267,188710,48309760,256,8000,31.780
2026-07-23T01:44:58.094Z,usb,1,3612849267,188711,48310016,256,8000,31.780
2026-07-23T01:44:58.126Z,usb,1,3612849267,188712,48310272,256,8000,31.780
2026-07-23T01:44:58.158Z,usb,1,3612849267,188713,48310528,256,8000,31.780
2026-07-23T01:44:58.190Z,usb,1,3612849267,188714,48310784,256,8000,31.780
2026-07-23T01:44:58.222Z,usb,1,3612849267,188715,48311040,256,8000,31.780
2026-07-23T01:44:58.254Z,usb,1,3612849267,188716,48311296,256,8000,31.780
2026-07-23T01:44:58.286Z,usb,1,3612849267,188717,48311552,256,8000,31.780
2026-07-23T01:44:58.318Z,usb,1,3612849267,188718,48311808,256,8000,31.780
2026-07-23T01:44:58.351Z,usb,1,3612849267,188719,48312064,256,8000,31.780
2026-07-23T01:44:58.383Z,usb,1,3612849267,188720,48312320,256,8000,31.780
2026-07-23T01:44:58.414Z,usb,1,3612849267,188721,48312576,256,8000,31.780
2026-07-23T01:44:58.446Z,usb,1,3612849267,188722,48312832,256,8000,31.780
2026-07-23T01:44:58.478Z,usb,1,3612849267,188723,48313088,256,8000,31.780
2026-07-23T01:44:58.510Z,usb,1,3612849267,188724,48313344,256,8000,31.780
2026-07-23T01:44:58.542Z,usb,1,3612849267,188725,48313600,256,8000,31.780
2026-07-23T01:44:58.574Z,usb,1,3612849267,188726,48313856,256,8000,31.780
2026-07-23T01:44:58.607Z,usb,1,3612849267,188727,48314112,256,8000,31.780
2026-07-23T01:44:58.638Z,usb,1,3612849267,188728,48314368,256,8000,31.780
2026-07-23T01:44:58.670Z,usb,1,3612849267,188729,48314624,256,8000,31.780
2026-07-23T01:44:58.702Z,usb,1,3612849267,188730,48314880,256,8000,31.780
2026-07-23T01:44:58.734Z,usb,1,3612849267,188731,48315136,256,8000,31.780
2026-07-23T01:44:58.766Z,usb,1,3612849267,188732,48315392,256,8000,31.780
2026-07-23T01:44:58.798Z,usb,1,3612849267,188733,48315648,256,8000,31.780
2026-07-23T01:44:58.830Z,usb,1,3612849267,188734,48315904,256,8000,31.780
2026-07-23T01:44:58.863Z,usb,1,3612849267,188735,48316160,256,8000,31.780
2026-07-23T01:44:58.895Z,usb,1,3612849267,188736,48316416,256,8000,31.780
2026-07-23T01:44:58.926Z,usb,1,3612849267,188737,48316672,256,8000,31.780
2026-07-23T01:44:58.958Z,usb,1,3612849267,188738,48316928,256,8000,31.780
2026-07-23T01:44:58.990Z,usb,1,3612849267,188739,48317184,256,8000,31.780
2026-07-23T01:44:59.023Z,usb,1,3612849267,188740,48317440,256,8000,31.780
2026-07-23T01:44:59.054Z,usb,1,3612849267,188741,48317696,256,8000,31.780
2026-07-23T01:44:59.086Z,usb,1,3612849267,188742,48317952,256,8000,31.780
2026-07-23T01:44:59.118Z,usb,1,3612849267,188743,48318208,256,8000,31.780
2026-07-23T01:44:59.150Z,usb,1,3612849267,188744,48318464,256,8000,31.780
2026-07-23T01:44:59.182Z,usb,1,3612849267,188745,48318720,256,8000,31.780
2026-07-23T01:44:59.214Z,usb,1,3612849267,188746,48318976,256,8000,31.780
2026-07-23T01:44:59.246Z,usb,1,3612849267,188747,48319232,256,8000,31.780
2026-07-23T01:44:59.278Z,usb,1,3612849267,188748,48319488,256,8000,31.780
2026-07-23T01:44:59.310Z,usb,1,3612849267,188749,48319744,256,8000,31.780
2026-07-23T01:44:59.342Z,usb,1,3612849267,188750,48320000,256,8000,31.780
2026-07-23T01:44:59.374Z,usb,1,3612849267,188751,48320256,256,8000,31.780
2026-07-23T01:44:59.406Z,usb,1,3612849267,188752,48320512,256,8000,31.780
2026-07-23T01:44:59.438Z,usb,1,3612849267,188753,48320768,256,8000,31.780
2026-07-23T01:44:59.470Z,usb,1,3612849267,188754,48321024,256,8000,31.780
2026-07-23T01:44:59.502Z,usb,1,3612849267,188755,48321280,256,8000,31.780
2026-07-23T01:44:59.534Z,usb,1,3612849267,188756,48321536,256,8000,31.780
2026-07-23T01:44:59.566Z,usb,1,3612849267,188757,48321792,256,8000,31.780
2026-07-23T01:44:59.599Z,usb,1,3612849267,188758,48322048,256,8000,31.780
2026-07-23T01:44:59.630Z,usb,1,3612849267,188759,48322304,256,8000,31.780
2026-07-23T01:44:59.662Z,usb,1,3612849267,188760,48322560,256,8000,31.780
2026-07-23T01:44:59.694Z,usb,1,3612849267,188761,48322816,256,8000,31.780
2026-07-23T01:44:59.726Z,usb,1,3612849267,188762,48323072,256,8000,31.780
2026-07-23T01:44:59.758Z,usb,1,3612849267,188763,48323328,256,8000,31.780
2026-07-23T01:44:59.790Z,usb,1,3612849267,188764,48323584,256,8000,31.780
2026-07-23T01:44:59.822Z,usb,1,3612849267,188765,48323840,256,8000,31.780
2026-07-23T01:44:59.854Z,usb,1,3612849267,188766,48324096,256,8000,31.780
2026-07-23T01:44:59.886Z,usb,1,3612849267,188767,48324352,256,8000,31.780
2026-07-23T01:44:59.918Z,usb,1,3612849267,188768,48324608,256,8000,31.780
2026-07-23T01:44:59.950Z,usb,1,3612849267,188769,48324864,256,8000,31.780
2026-07-23T01:44:59.982Z,usb,1,3612849267,188770,48325120,256,8000,31.780
2026-07-23T01:45:00.014Z,usb,1,3612849267,188771,48325376,256,8000,31.780
2026-07-23T01:45:00.047Z,usb,1,3612849267,188772,48325632,256,8000,31.780
2026-07-23T01:45:00.078Z,usb,1,3612849267,188773,48325888,256,8000,31.780
2026-07-23T01:45:00.110Z,usb,1,3612849267,188774,48326144,256,8000,31.780
2026-07-23T01:45:00.142Z,usb,1,3612849267,188775,48326400,256,8000,31.780
2026-07-23T01:45:00.174Z,usb,1,3612849267,188776,48326656,256,8000,31.780
2026-07-23T01:45:00.206Z,usb,1,3612849267,188777,48326912,256,8000,31.780
2026-07-23T01:45:00.238Z,usb,1,3612849267,188778,48327168,256,8000,31.780
2026-07-23T01:45:00.270Z,usb,1,3612849267,188779,48327424,256,8000,31.780
2026-07-23T01:45:00.303Z,usb,1,3612849267,188780,48327680,256,8000,31.780
2026-07-23T01:45:00.334Z,usb,1,3612849267,188781,48327936,256,8000,31.780
2026-07-23T01:45:00.366Z,usb,1,3612849267,188782,48328192,256,8000,31.780
2026-07-23T01:45:00.398Z,usb,1,3612849267,188783,48328448,256,8000,31.780
2026-07-23T01:45:00.430Z,usb,1,3612849267,188784,48328704,256,8000,31.780
2026-07-23T01:45:00.462Z,usb,1,3612849267,188785,48328960,256,8000,31.780
2026-07-23T01:45:00.494Z,usb,1,3612849267,188786,48329216,256,8000,31.780
2026-07-23T01:45:00.526Z,usb,1,3612849267,188787,48329472,256,8000,31.780
2026-07-23T01:45:00.558Z,usb,1,3612849267,188788,48329728,256,8000,31.780
2026-07-23T01:45:00.590Z,usb,1,3612849267,188789,48329984,256,8000,31.780
2026-07-23T01:45:00.622Z,usb,1,3612849267,188790,48330240,256,8000,31.780
2026-07-23T01:45:00.654Z,usb,1,3612849267,188791,48330496,256,8000,31.780
2026-07-23T01:45:00.686Z,usb,1,3612849267,188792,48330752,256,8000,31.780
2026-07-23T01:45:00.718Z,usb,1,3612849267,188793,48331008,256,8000,31.780
2026-07-23T01:45:00.750Z,usb,1,3612849267,188794,48331264,256,8000,31.780
2026-07-23T01:45:00.782Z,usb,1,3612849267,188795,48331520,256,8000,31.780
2026-07-23T01:45:00.814Z,usb,1,3612849267,188796,48331776,256,8000,31.780
2026-07-23T01:45:00.846Z,usb,1,3612849267,188797,48332032,256,8000,31.780
2026-07-23T01:45:00.878Z,usb,1,3612849267,188798,48332288,256,8000,31.780
2026-07-23T01:45:00.910Z,usb,1,3612849267,188799,48332544,256,8000,31.780
2026-07-23T01:45:00.942Z,usb,1,3612849267,188800,48332800,256,8000,31.780
2026-07-23T01:45:00.974Z,usb,1,3612849267,188801,48333056,256,8000,31.780
2026-07-23T01:45:01.007Z,usb,1,3612849267,188802,48333312,256,8000,31.780
2026-07-23T01:45:01.038Z,usb,1,3612849267,188803,48333568,256,8000,31.780
2026-07-23T01:45:01.071Z,usb,1,3612849267,188804,48333824,256,8000,31.780
2026-07-23T01:45:01.103Z,usb,1,3612849267,188805,48334080,256,8000,31.780
2026-07-23T01:45:01.134Z,usb,1,3612849267,188806,48334336,256,8000,31.780
2026-07-23T01:45:01.166Z,usb,1,3612849267,188807,48334592,256,8000,31.780
2026-07-23T01:45:01.198Z,usb,1,3612849267,188808,48334848,256,8000,31.780
2026-07-23T01:45:01.230Z,usb,1,3612849267,188809,48335104,256,8000,31.780
2026-07-23T01:45:01.262Z,usb,1,3612849267,188810,48335360,256,8000,31.780
2026-07-23T01:45:01.294Z,usb,1,3612849267,188811,48335616,256,8000,31.780
2026-07-23T01:45:01.327Z,usb,1,3612849267,188812,48335872,256,8000,31.780
2026-07-23T01:45:01.358Z,usb,1,3612849267,188813,48336128,256,8000,31.780
2026-07-23T01:45:01.390Z,usb,1,3612849267,188814,48336384,256,8000,31.780
2026-07-23T01:45:01.423Z,usb,1,3612849267,188815,48336640,256,8000,31.780
2026-07-23T01:45:01.454Z,usb,1,3612849267,188816,48336896,256,8000,31.780
2026-07-23T01:45:01.486Z,usb,1,3612849267,188817,48337152,256,8000,31.780
2026-07-23T01:45:01.519Z,usb,1,3612849267,188818,48337408,256,8000,31.780
2026-07-23T01:45:01.550Z,usb,1,3612849267,188819,48337664,256,8000,31.780
2026-07-23T01:45:01.583Z,usb,1,3612849267,188820,48337920,256,8000,31.780
2026-07-23T01:45:01.615Z,usb,1,3612849267,188821,48338176,256,8000,31.780
2026-07-23T01:45:01.646Z,usb,1,3612849267,188822,48338432,256,8000,31.780
2026-07-23T01:45:01.678Z,usb,1,3612849267,188823,48338688,256,8000,31.780
2026-07-23T01:45:01.710Z,usb,1,3612849267,188824,48338944,256,8000,31.780
2026-07-23T01:45:01.742Z,usb,1,3612849267,188825,48339200,256,8000,31.780
2026-07-23T01:45:01.774Z,usb,1,3612849267,188826,48339456,256,8000,31.780
2026-07-23T01:45:01.806Z,usb,1,3612849267,188827,48339712,256,8000,31.780
2026-07-23T01:45:01.838Z,usb,1,3612849267,188828,48339968,256,8000,31.780
2026-07-23T01:45:01.870Z,usb,1,3612849267,188829,48340224,256,8000,31.780
2026-07-23T01:45:01.902Z,usb,1,3612849267,188830,48340480,256,8000,31.780
2026-07-23T01:45:01.934Z,usb,1,3612849267,188831,48340736,256,8000,31.780
2026-07-23T01:45:01.966Z,usb,1,3612849267,188832,48340992,256,8000,31.780
2026-07-23T01:45:01.998Z,usb,1,3612849267,188833,48341248,256,8000,31.780
2026-07-23T01:45:02.031Z,usb,1,3612849267,188834,48341504,256,8000,31.780
2026-07-23T01:45:02.063Z,usb,1,3612849267,188835,48341760,256,8000,31.780
2026-07-23T01:45:02.095Z,usb,1,3612849267,188836,48342016,256,8000,31.790
2026-07-23T01:45:02.127Z,usb,1,3612849267,188837,48342272,256,8000,31.790
2026-07-23T01:45:02.158Z,usb,1,3612849267,188838,48342528,256,8000,31.790
2026-07-23T01:45:02.190Z,usb,1,3612849267,188839,48342784,256,8000,31.790
2026-07-23T01:45:02.223Z,usb,1,3612849267,188840,48343040,256,8000,31.790
2026-07-23T01:45:02.254Z,usb,1,3612849267,188841,48343296,256,8000,31.790
2026-07-23T01:45:02.286Z,usb,1,3612849267,188842,48343552,256,8000,31.790
2026-07-23T01:45:02.318Z,usb,1,3612849267,188843,48343808,256,8000,31.790
2026-07-23T01:45:02.351Z,usb,1,3612849267,188844,48344064,256,8000,31.790
2026-07-23T01:45:02.382Z,usb,1,3612849267,188845,48344320,256,8000,31.790
2026-07-23T01:45:02.414Z,usb,1,3612849267,188846,48344576,256,8000,31.790
2026-07-23T01:45:02.447Z,usb,1,3612849267,188847,48344832,256,8000,31.790
2026-07-23T01:45:02.478Z,usb,1,3612849267,188848,48345088,256,8000,31.790
2026-07-23T01:45:02.510Z,usb,1,3612849267,188849,48345344,256,8000,31.790
2026-07-23T01:45:02.542Z,usb,1,3612849267,188850,48345600,256,8000,31.790
2026-07-23T01:45:02.574Z,usb,1,3612849267,188851,48345856,256,8000,31.790
2026-07-23T01:45:02.607Z,usb,1,3612849267,188852,48346112,256,8000,31.790
2026-07-23T01:45:02.638Z,usb,1,3612849267,188853,48346368,256,8000,31.790
2026-07-23T01:45:02.670Z,usb,1,3612849267,188854,48346624,256,8000,31.790
2026-07-23T01:45:02.702Z,usb,1,3612849267,188855,48346880,256,8000,31.790
2026-07-23T01:45:02.734Z,usb,1,3612849267,188856,48347136,256,8000,31.790
2026-07-23T01:45:02.766Z,usb,1,3612849267,188857,48347392,256,8000,31.790
2026-07-23T01:45:02.798Z,usb,1,3612849267,188858,48347648,256,8000,31.790
2026-07-23T01:45:02.830Z,usb,1,3612849267,188859,48347904,256,8000,31.790
2026-07-23T01:45:02.862Z,usb,1,3612849267,188860,48348160,256,8000,31.790
2026-07-23T01:45:02.894Z,usb,1,3612849267,188861,48348416,256,8000,31.790
2026-07-23T01:45:02.926Z,usb,1,3612849267,188862,48348672,256,8000,31.790
2026-07-23T01:45:02.958Z,usb,1,3612849267,188863,48348928,256,8000,31.790
2026-07-23T01:45:02.990Z,usb,1,3612849267,188864,48349184,256,8000,31.790
2026-07-23T01:45:03.022Z,usb,1,3612849267,188865,48349440,256,8000,31.790
2026-07-23T01:45:03.055Z,usb,1,3612849267,188866,48349696,256,8000,31.790
2026-07-23T01:45:03.086Z,usb,1,3612849267,188867,48349952,256,8000,31.790
2026-07-23T01:45:03.119Z,usb,1,3612849267,188868,48350208,256,8000,31.780
2026-07-23T01:45:03.150Z,usb,1,3612849267,188869,48350464,256,8000,31.780
2026-07-23T01:45:03.182Z,usb,1,3612849267,188870,48350720,256,8000,31.780
2026-07-23T01:45:03.214Z,usb,1,3612849267,188871,48350976,256,8000,31.780
2026-07-23T01:45:03.246Z,usb,1,3612849267,188872,48351232,256,8000,31.780
2026-07-23T01:45:03.278Z,usb,1,3612849267,188873,48351488,256,8000,31.780
2026-07-23T01:45:03.310Z,usb,1,3612849267,188874,48351744,256,8000,31.780
2026-07-23T01:45:03.342Z,usb,1,3612849267,188875,48352000,256,8000,31.780
2026-07-23T01:45:03.374Z,usb,1,3612849267,188876,48352256,256,8000,31.780
2026-07-23T01:45:03.406Z,usb,1,3612849267,188877,48352512,256,8000,31.780
2026-07-23T01:45:03.438Z,usb,1,3612849267,188878,48352768,256,8000,31.780
2026-07-23T01:45:03.470Z,usb,1,3612849267,188879,48353024,256,8000,31.780
2026-07-23T01:45:03.502Z,usb,1,3612849267,188880,48353280,256,8000,31.780
2026-07-23T01:45:03.535Z,usb,1,3612849267,188881,48353536,256,8000,31.780
2026-07-23T01:45:03.567Z,usb,1,3612849267,188882,48353792,256,8000,31.780
2026-07-23T01:45:03.598Z,usb,1,3612849267,188883,48354048,256,8000,31.780
2026-07-23T01:45:03.630Z,usb,1,3612849267,188884,48354304,256,8000,31.780
2026-07-23T01:45:03.662Z,usb,1,3612849267,188885,48354560,256,8000,31.780
2026-07-23T01:45:03.695Z,usb,1,3612849267,188886,48354816,256,8000,31.780
2026-07-23T01:45:03.726Z,usb,1,3612849267,188887,48355072,256,8000,31.780
2026-07-23T01:45:03.758Z,usb,1,3612849267,188888,48355328,256,8000,31.780
2026-07-23T01:45:03.791Z,usb,1,3612849267,188889,48355584,256,8000,31.780
2026-07-23T01:45:03.823Z,usb,1,3612849267,188890,48355840,256,8000,31.780
2026-07-23T01:45:03.855Z,usb,1,3612849267,188891,48356096,256,8000,31.780
2026-07-23T01:45:03.886Z,usb,1,3612849267,188892,48356352,256,8000,31.780
2026-07-23T01:45:03.918Z,usb,1,3612849267,188893,48356608,256,8000,31.780
2026-07-23T01:45:03.951Z,usb,1,3612849267,188894,48356864,256,8000,31.780
2026-07-23T01:45:03.982Z,usb,1,3612849267,188895,48357120,256,8000,31.780
2026-07-23T01:45:04.014Z,usb,1,3612849267,188896,48357376,256,8000,31.780
2026-07-23T01:45:04.046Z,usb,1,3612849267,188897,48357632,256,8000,31.780
2026-07-23T01:45:04.078Z,usb,1,3612849267,188898,48357888,256,8000,31.780
2026-07-23T01:45:04.111Z,usb,1,3612849267,188899,48358144,256,8000,31.780
2026-07-23T01:45:04.143Z,usb,1,3612849267,188900,48358400,256,8000,31.790
2026-07-23T01:45:04.174Z,usb,1,3612849267,188901,48358656,256,8000,31.790
2026-07-23T01:45:04.207Z,usb,1,3612849267,188902,48358912,256,8000,31.790
2026-07-23T01:45:04.239Z,usb,1,3612849267,188903,48359168,256,8000,31.790
2026-07-23T01:45:04.270Z,usb,1,3612849267,188904,48359424,256,8000,31.790
2026-07-23T01:45:04.303Z,usb,1,3612849267,188905,48359680,256,8000,31.790
2026-07-23T01:45:04.334Z,usb,1,3612849267,188906,48359936,256,8000,31.790
2026-07-23T01:45:04.366Z,usb,1,3612849267,188907,48360192,256,8000,31.790
2026-07-23T01:45:04.398Z,usb,1,3612849267,188908,48360448,256,8000,31.790
2026-07-23T01:45:04.430Z,usb,1,3612849267,188909,48360704,256,8000,31.790
2026-07-23T01:45:04.462Z,usb,1,3612849267,188910,48360960,256,8000,31.790
2026-07-23T01:45:04.494Z,usb,1,3612849267,188911,48361216,256,8000,31.790
2026-07-23T01:45:04.526Z,usb,1,3612849267,188912,48361472,256,8000,31.790
2026-07-23T01:45:04.558Z,usb,1,3612849267,188913,48361728,256,8000,31.790
2026-07-23T01:45:04.591Z,usb,1,3612849267,188914,48361984,256,8000,31.790
2026-07-23T01:45:04.622Z,usb,1,3612849267,188915,48362240,256,8000,31.790
2026-07-23T01:45:04.654Z,usb,1,3612849267,188916,48362496,256,8000,31.790
2026-07-23T01:45:04.686Z,usb,1,3612849267,188917,48362752,256,8000,31.790
2026-07-23T01:45:04.718Z,usb,1,3612849267,188918,48363008,256,8000,31.790
2026-07-23T01:45:04.750Z,usb,1,3612849267,188919,48363264,256,8000,31.790
2026-07-23T01:45:04.782Z,usb,1,3612849267,188920,48363520,256,8000,31.790
2026-07-23T01:45:04.814Z,usb,1,3612849267,188921,48363776,256,8000,31.790
2026-07-23T01:45:04.846Z,usb,1,3612849267,188922,48364032,256,8000,31.790
2026-07-23T01:45:04.878Z,usb,1,3612849267,188923,48364288,256,8000,31.790
2026-07-23T01:45:04.910Z,usb,1,3612849267,188924,48364544,256,8000,31.790
2026-07-23T01:45:04.942Z,usb,1,3612849267,188925,48364800,256,8000,31.790
2026-07-23T01:45:04.974Z,usb,1,3612849267,188926,48365056,256,8000,31.790
2026-07-23T01:45:05.006Z,usb,1,3612849267,188927,48365312,256,8000,31.790
2026-07-23T01:45:05.038Z,usb,1,3612849267,188928,48365568,256,8000,31.790
2026-07-23T01:45:05.070Z,usb,1,3612849267,188929,48365824,256,8000,31.790
2026-07-23T01:45:05.103Z,usb,1,3612849267,188930,48366080,256,8000,31.790
2026-07-23T01:45:05.134Z,usb,1,3612849267,188931,48366336,256,8000,31.790
2026-07-23T01:45:05.167Z,usb,1,3612849267,188932,48366592,256,8000,31.780
2026-07-23T01:45:05.199Z,usb,1,3612849267,188933,48366848,256,8000,31.780
2026-07-23T01:45:05.230Z,usb,1,3612849267,188934,48367104,256,8000,31.780
2026-07-23T01:45:05.262Z,usb,1,3612849267,188935,48367360,256,8000,31.780
2026-07-23T01:45:05.294Z,usb,1,3612849267,188936,48367616,256,8000,31.780
2026-07-23T01:45:05.326Z,usb,1,3612849267,188937,48367872,256,8000,31.780
2026-07-23T01:45:05.358Z,usb,1,3612849267,188938,48368128,256,8000,31.780
2026-07-23T01:45:05.390Z,usb,1,3612849267,188939,48368384,256,8000,31.780
2026-07-23T01:45:05.422Z,usb,1,3612849267,188940,48368640,256,8000,31.780
2026-07-23T01:45:05.454Z,usb,1,3612849267,188941,48368896,256,8000,31.780
2026-07-23T01:45:05.486Z,usb,1,3612849267,188942,48369152,256,8000,31.780
2026-07-23T01:45:05.518Z,usb,1,3612849267,188943,48369408,256,8000,31.780
2026-07-23T01:45:05.550Z,usb,1,3612849267,188944,48369664,256,8000,31.780
2026-07-23T01:45:05.582Z,usb,1,3612849267,188945,48369920,256,8000,31.780
2026-07-23T01:45:05.615Z,usb,1,3612849267,188946,48370176,256,8000,31.780
2026-07-23T01:45:05.646Z,usb,1,3612849267,188947,48370432,256,8000,31.780
2026-07-23T01:45:05.678Z,usb,1,3612849267,188948,48370688,256,8000,31.780
2026-07-23T01:45:05.710Z,usb,1,3612849267,188949,48370944,256,8000,31.780
2026-07-23T01:45:05.742Z,usb,1,3612849267,188950,48371200,256,8000,31.780
2026-07-23T01:45:05.774Z,usb,1,3612849267,188951,48371456,256,8000,31.780
2026-07-23T01:45:05.806Z,usb,1,3612849267,188952,48371712,256,8000,31.780
2026-07-23T01:45:05.838Z,usb,1,3612849267,188953,48371968,256,8000,31.780
2026-07-23T01:45:05.870Z,usb,1,3612849267,188954,48372224,256,8000,31.780
2026-07-23T01:45:05.902Z,usb,1,3612849267,188955,48372480,256,8000,31.780
2026-07-23T01:45:05.934Z,usb,1,3612849267,188956,48372736,256,8000,31.780
2026-07-23T01:45:05.966Z,usb,1,3612849267,188957,48372992,256,8000,31.780
2026-07-23T01:45:05.998Z,usb,1,3612849267,188958,48373248,256,8000,31.780
2026-07-23T01:45:06.030Z,usb,1,3612849267,188959,48373504,256,8000,31.780
2026-07-23T01:45:06.062Z,usb,1,3612849267,188960,48373760,256,8000,31.780
2026-07-23T01:45:06.095Z,usb,1,3612849267,188961,48374016,256,8000,31.780
2026-07-23T01:45:06.127Z,usb,1,3612849267,188962,48374272,256,8000,31.780
2026-07-23T01:45:06.158Z,usb,1,3612849267,188963,48374528,256,8000,31.780
2026-07-23T01:45:06.191Z,usb,1,3612849267,188964,48374784,256,8000,31.780
2026-07-23T01:45:06.222Z,usb,1,3612849267,188965,48375040,256,8000,31.780
2026-07-23T01:45:06.254Z,usb,1,3612849267,188966,48375296,256,8000,31.780
2026-07-23T01:45:06.286Z,usb,1,3612849267,188967,48375552,256,8000,31.780
2026-07-23T01:45:06.318Z,usb,1,3612849267,188968,48375808,256,8000,31.780
2026-07-23T01:45:06.350Z,usb,1,3612849267,188969,48376064,256,8000,31.780
2026-07-23T01:45:06.382Z,usb,1,3612849267,188970,48376320,256,8000,31.780
2026-07-23T01:45:06.414Z,usb,1,3612849267,188971,48376576,256,8000,31.780
2026-07-23T01:45:06.446Z,usb,1,3612849267,188972,48376832,256,8000,31.780
2026-07-23T01:45:06.478Z,usb,1,3612849267,188973,48377088,256,8000,31.780
2026-07-23T01:45:06.510Z,usb,1,3612849267,188974,48377344,256,8000,31.780
2026-07-23T01:45:06.542Z,usb,1,3612849267,188975,48377600,256,8000,31.780
2026-07-23T01:45:06.574Z,usb,1,3612849267,188976,48377856,256,8000,31.780
2026-07-23T01:45:06.607Z,usb,1,3612849267,188977,48378112,256,8000,31.780
2026-07-23T01:45:06.638Z,usb,1,3612849267,188978,48378368,256,8000,31.780
2026-07-23T01:45:06.670Z,usb,1,3612849267,188979,48378624,256,8000,31.780
2026-07-23T01:45:06.702Z,usb,1,3612849267,188980,48378880,256,8000,31.780
2026-07-23T01:45:06.735Z,usb,1,3612849267,188981,48379136,256,8000,31.780
2026-07-23T01:45:06.766Z,usb,1,3612849267,188982,48379392,256,8000,31.780
2026-07-23T01:45:06.798Z,usb,1,3612849267,188983,48379648,256,8000,31.780
2026-07-23T01:45:06.830Z,usb,1,3612849267,188984,48379904,256,8000,31.780
2026-07-23T01:45:06.863Z,usb,1,3612849267,188985,48380160,256,8000,31.780
2026-07-23T01:45:06.894Z,usb,1,3612849267,188986,48380416,256,8000,31.780
2026-07-23T01:45:06.926Z,usb,1,3612849267,188987,48380672,256,8000,31.780
2026-07-23T01:45:06.959Z,usb,1,3612849267,188988,48380928,256,8000,31.780
2026-07-23T01:45:06.990Z,usb,1,3612849267,188989,48381184,256,8000,31.780
2026-07-23T01:45:07.022Z,usb,1,3612849267,188990,48381440,256,8000,31.780
2026-07-23T01:45:07.054Z,usb,1,3612849267,188991,48381696,256,8000,31.780
2026-07-23T01:45:07.086Z,usb,1,3612849267,188992,48381952,256,8000,31.780
2026-07-23T01:45:07.119Z,usb,1,3612849267,188993,48382208,256,8000,31.780
2026-07-23T01:45:07.151Z,usb,1,3612849267,188994,48382464,256,8000,31.780
2026-07-23T01:45:07.182Z,usb,1,3612849267,188995,48382720,256,8000,31.780
2026-07-23T01:45:07.215Z,usb,1,3612849267,188996,48382976,256,8000,31.780
2026-07-23T01:45:07.246Z,usb,1,3612849267,188997,48383232,256,8000,31.780
2026-07-23T01:45:07.278Z,usb,1,3612849267,188998,48383488,256,8000,31.780
2026-07-23T01:45:07.310Z,usb,1,3612849267,188999,48383744,256,8000,31.780
2026-07-23T01:45:07.342Z,usb,1,3612849267,189000,48384000,256,8000,31.780
2026-07-23T01:45:07.374Z,usb,1,3612849267,189001,48384256,256,8000,31.780
2026-07-23T01:45:07.406Z,usb,1,3612849267,189002,48384512,256,8000,31.780
2026-07-23T01:45:07.438Z,usb,1,3612849267,189003,48384768,256,8000,31.780
2026-07-23T01:45:07.471Z,usb,1,3612849267,189004,48385024,256,8000,31.780
2026-07-23T01:45:07.502Z,usb,1,3612849267,189005,48385280,256,8000,31.780
2026-07-23T01:45:07.534Z,usb,1,3612849267,189006,48385536,256,8000,31.780
2026-07-23T01:45:07.566Z,usb,1,3612849267,189007,48385792,256,8000,31.780
2026-07-23T01:45:07.598Z,usb,1,3612849267,189008,48386048,256,8000,31.780
2026-07-23T01:45:07.630Z,usb,1,3612849267,189009,48386304,256,8000,31.780
2026-07-23T01:45:07.662Z,usb,1,3612849267,189010,48386560,256,8000,31.780
2026-07-23T01:45:07.694Z,usb,1,3612849267,189011,48386816,256,8000,31.780
2026-07-23T01:45:07.726Z,usb,1,3612849267,189012,48387072,256,8000,31.780
2026-07-23T01:45:07.758Z,usb,1,3612849267,189013,48387328,256,8000,31.780
2026-07-23T01:45:07.790Z,usb,1,3612849267,189014,48387584,256,8000,31.780
2026-07-23T01:45:07.822Z,usb,1,3612849267,189015,48387840,256,8000,31.780
2026-07-23T01:45:07.855Z,usb,1,3612849267,189016,48388096,256,8000,31.780
2026-07-23T01:45:07.886Z,usb,1,3612849267,189017,48388352,256,8000,31.780
2026-07-23T01:45:07.918Z,usb,1,3612849267,189018,48388608,256,8000,31.780
2026-07-23T01:45:07.951Z,usb,1,3612849267,189019,48388864,256,8000,31.780
2026-07-23T01:45:07.983Z,usb,1,3612849267,189020,48389120,256,8000,31.780
2026-07-23T01:45:08.014Z,usb,1,3612849267,189021,48389376,256,8000,31.780
2026-07-23T01:45:08.046Z,usb,1,3612849267,189022,48389632,256,8000,31.780
2026-07-23T01:45:08.078Z,usb,1,3612849267,189023,48389888,256,8000,31.780
2026-07-23T01:45:08.110Z,usb,1,3612849267,189024,48390144,256,8000,31.780
2026-07-23T01:45:08.142Z,usb,1,3612849267,189025,48390400,256,8000,31.780
2026-07-23T01:45:08.174Z,usb,1,3612849267,189026,48390656,256,8000,31.780
2026-07-23T01:45:08.206Z,usb,1,3612849267,189027,48390912,256,8000,31.780
2026-07-23T01:45:08.239Z,usb,1,3612849267,189028,48391168,256,8000,31.780
2026-07-23T01:45:08.271Z,usb,1,3612849267,189029,48391424,256,8000,31.780
2026-07-23T01:45:08.302Z,usb,1,3612849267,189030,48391680,256,8000,31.780
2026-07-23T01:45:08.334Z,usb,1,3612849267,189031,48391936,256,8000,31.780
2026-07-23T01:45:08.366Z,usb,1,3612849267,189032,48392192,256,8000,31.780
2026-07-23T01:45:08.398Z,usb,1,3612849267,189033,48392448,256,8000,31.780
2026-07-23T01:45:08.430Z,usb,1,3612849267,189034,48392704,256,8000,31.780
2026-07-23T01:45:08.463Z,usb,1,3612849267,189035,48392960,256,8000,31.780
2026-07-23T01:45:08.494Z,usb,1,3612849267,189036,48393216,256,8000,31.780
2026-07-23T01:45:08.526Z,usb,1,3612849267,189037,48393472,256,8000,31.780
2026-07-23T01:45:08.558Z,usb,1,3612849267,189038,48393728,256,8000,31.780
2026-07-23T01:45:08.591Z,usb,1,3612849267,189039,48393984,256,8000,31.780
2026-07-23T01:45:08.622Z,usb,1,3612849267,189040,48394240,256,8000,31.780
2026-07-23T01:45:08.654Z,usb,1,3612849267,189041,48394496,256,8000,31.780
2026-07-23T01:45:08.686Z,usb,1,3612849267,189042,48394752,256,8000,31.780
2026-07-23T01:45:08.718Z,usb,1,3612849267,189043,48395008,256,8000,31.780
2026-07-23T01:45:08.750Z,usb,1,3612849267,189044,48395264,256,8000,31.780
2026-07-23T01:45:08.782Z,usb,1,3612849267,189045,48395520,256,8000,31.780
2026-07-23T01:45:08.814Z,usb,1,3612849267,189046,48395776,256,8000,31.780
2026-07-23T01:45:08.846Z,usb,1,3612849267,189047,48396032,256,8000,31.780
2026-07-23T01:45:08.878Z,usb,1,3612849267,189048,48396288,256,8000,31.780
2026-07-23T01:45:08.910Z,usb,1,3612849267,189049,48396544,256,8000,31.780
2026-07-23T01:45:08.942Z,usb,1,3612849267,189050,48396800,256,8000,31.780
2026-07-23T01:45:08.974Z,usb,1,3612849267,189051,48397056,256,8000,31.780
2026-07-23T01:45:09.006Z,usb,1,3612849267,189052,48397312,256,8000,31.780
2026-07-23T01:45:09.039Z,usb,1,3612849267,189053,48397568,256,8000,31.780
2026-07-23T01:45:09.071Z,usb,1,3612849267,189054,48397824,256,8000,31.780
2026-07-23T01:45:09.103Z,usb,1,3612849267,189055,48398080,256,8000,31.780
2026-07-23T01:45:09.135Z,usb,1,3612849267,189056,48398336,256,8000,31.780
2026-07-23T01:45:09.167Z,usb,1,3612849267,189057,48398592,256,8000,31.780
2026-07-23T01:45:09.199Z,usb,1,3612849267,189058,48398848,256,8000,31.780
2026-07-23T01:45:09.231Z,usb,1,3612849267,189059,48399104,256,8000,31.780
2026-07-23T01:45:09.263Z,usb,1,3612849267,189060,48399360,256,8000,31.780
2026-07-23T01:45:09.294Z,usb,1,3612849267,189061,48399616,256,8000,31.780
2026-07-23T01:45:09.326Z,usb,1,3612849267,189062,48399872,256,8000,31.780
2026-07-23T01:45:09.358Z,usb,1,3612849267,189063,48400128,256,8000,31.780
2026-07-23T01:45:09.390Z,usb,1,3612849267,189064,48400384,256,8000,31.780
2026-07-23T01:45:09.422Z,usb,1,3612849267,189065,48400640,256,8000,31.780
2026-07-23T01:45:09.454Z,usb,1,3612849267,189066,48400896,256,8000,31.780
2026-07-23T01:45:09.487Z,usb,1,3612849267,189067,48401152,256,8000,31.780
2026-07-23T01:45:09.518Z,usb,1,3612849267,189068,48401408,256,8000,31.780
2026-07-23T01:45:09.550Z,usb,1,3612849267,189069,48401664,256,8000,31.780
2026-07-23T01:45:09.583Z,usb,1,3612849267,189070,48401920,256,8000,31.780
2026-07-23T01:45:09.615Z,usb,1,3612849267,189071,48402176,256,8000,31.780
2026-07-23T01:45:09.646Z,usb,1,3612849267,189072,48402432,256,8000,31.780
2026-07-23T01:45:09.679Z,usb,1,3612849267,189073,48402688,256,8000,31.780
2026-07-23T01:45:09.710Z,usb,1,3612849267,189074,48402944,256,8000,31.780
2026-07-23T01:45:09.743Z,usb,1,3612849267,189075,48403200,256,8000,31.780
2026-07-23T01:45:09.774Z,usb,1,3612849267,189076,48403456,256,8000,31.780
2026-07-23T01:45:09.806Z,usb,1,3612849267,189077,48403712,256,8000,31.780
2026-07-23T01:45:09.838Z,usb,1,3612849267,189078,48403968,256,8000,31.780
2026-07-23T01:45:09.870Z,usb,1,3612849267,189079,48404224,256,8000,31.780
2026-07-23T01:45:09.902Z,usb,1,3612849267,189080,48404480,256,8000,31.780
2026-07-23T01:45:09.934Z,usb,1,3612849267,189081,48404736,256,8000,31.780
2026-07-23T01:45:09.966Z,usb,1,3612849267,189082,48404992,256,8000,31.780
2026-07-23T01:45:09.998Z,usb,1,3612849267,189083,48405248,256,8000,31.780
2026-07-23T01:45:10.030Z,usb,1,3612849267,189084,48405504,256,8000,31.780
2026-07-23T01:45:10.062Z,usb,1,3612849267,189085,48405760,256,8000,31.780
2026-07-23T01:45:10.095Z,usb,1,3612849267,189086,48406016,256,8000,31.780
2026-07-23T01:45:10.126Z,usb,1,3612849267,189087,48406272,256,8000,31.780
2026-07-23T01:45:10.158Z,usb,1,3612849267,189088,48406528,256,8000,31.780
2026-07-23T01:45:10.190Z,usb,1,3612849267,189089,48406784,256,8000,31.780
2026-07-23T01:45:10.222Z,usb,1,3612849267,189090,48407040,256,8000,31.780
2026-07-23T01:45:10.254Z,usb,1,3612849267,189091,48407296,256,8000,31.780
2026-07-23T01:45:10.287Z,usb,1,3612849267,189092,48407552,256,8000,31.780
2026-07-23T01:45:10.318Z,usb,1,3612849267,189093,48407808,256,8000,31.780
2026-07-23T01:45:10.350Z,usb,1,3612849267,189094,48408064,256,8000,31.780
2026-07-23T01:45:10.383Z,usb,1,3612849267,189095,48408320,256,8000,31.780
2026-07-23T01:45:10.414Z,usb,1,3612849267,189096,48408576,256,8000,31.780
2026-07-23T01:45:10.446Z,usb,1,3612849267,189097,48408832,256,8000,31.780
2026-07-23T01:45:10.478Z,usb,1,3612849267,189098,48409088,256,8000,31.780
2026-07-23T01:45:10.510Z,usb,1,3612849267,189099,48409344,256,8000,31.780
2026-07-23T01:45:10.542Z,usb,1,3612849267,189100,48409600,256,8000,31.780
2026-07-23T01:45:10.574Z,usb,1,3612849267,189101,48409856,256,8000,31.780
2026-07-23T01:45:10.607Z,usb,1,3612849267,189102,48410112,256,8000,31.780
2026-07-23T01:45:10.638Z,usb,1,3612849267,189103,48410368,256,8000,31.780
2026-07-23T01:45:10.670Z,usb,1,3612849267,189104,48410624,256,8000,31.780
2026-07-23T01:45:10.702Z,usb,1,3612849267,189105,48410880,256,8000,31.780
2026-07-23T01:45:10.734Z,usb,1,3612849267,189106,48411136,256,8000,31.780
2026-07-23T01:45:10.766Z,usb,1,3612849267,189107,48411392,256,8000,31.780
2026-07-23T01:45:10.798Z,usb,1,3612849267,189108,48411648,256,8000,31.780
2026-07-23T01:45:10.830Z,usb,1,3612849267,189109,48411904,256,8000,31.780
2026-07-23T01:45:10.862Z,usb,1,3612849267,189110,48412160,256,8000,31.780
2026-07-23T01:45:10.894Z,usb,1,3612849267,189111,48412416,256,8000,31.780
2026-07-23T01:45:10.926Z,usb,1,3612849267,189112,48412672,256,8000,31.780
2026-07-23T01:45:10.959Z,usb,1,3612849267,189113,48412928,256,8000,31.780
2026-07-23T01:45:10.991Z,usb,1,3612849267,189114,48413184,256,8000,31.780
2026-07-23T01:45:11.022Z,usb,1,3612849267,189115,48413440,256,8000,31.780
2026-07-23T01:45:11.054Z,usb,1,3612849267,189116,48413696,256,8000,31.780
2026-07-23T01:45:11.086Z,usb,1,3612849267,189117,48413952,256,8000,31.780
2026-07-23T01:45:11.119Z,usb,1,3612849267,189118,48414208,256,8000,31.780
2026-07-23T01:45:11.150Z,usb,1,3612849267,189119,48414464,256,8000,31.780
2026-07-23T01:45:11.182Z,usb,1,3612849267,189120,48414720,256,8000,31.780
2026-07-23T01:45:11.215Z,usb,1,3612849267,189121,48414976,256,8000,31.780
2026-07-23T01:45:11.246Z,usb,1,3612849267,189122,48415232,256,8000,31.780
2026-07-23T01:45:11.278Z,usb,1,3612849267,189123,48415488,256,8000,31.780
2026-07-23T01:45:11.311Z,usb,1,3612849267,189124,48415744,256,8000,31.780
2026-07-23T01:45:11.342Z,usb,1,3612849267,189125,48416000,256,8000,31.780
2026-07-23T01:45:11.374Z,usb,1,3612849267,189126,48416256,256,8000,31.780
2026-07-23T01:45:11.406Z,usb,1,3612849267,189127,48416512,256,8000,31.780
2026-07-23T01:45:11.438Z,usb,1,3612849267,189128,48416768,256,8000,31.780
2026-07-23T01:45:11.470Z,usb,1,3612849267,189129,48417024,256,8000,31.780
2026-07-23T01:45:11.502Z,usb,1,3612849267,189130,48417280,256,8000,31.780
2026-07-23T01:45:11.534Z,usb,1,3612849267,189131,48417536,256,8000,31.780
2026-07-23T01:45:11.566Z,usb,1,3612849267,189132,48417792,256,8000,31.780
2026-07-23T01:45:11.599Z,usb,1,3612849267,189133,48418048,256,8000,31.780
2026-07-23T01:45:11.630Z,usb,1,3612849267,189134,48418304,256,8000,31.780
2026-07-23T01:45:11.662Z,usb,1,3612849267,189135,48418560,256,8000,31.780
2026-07-23T01:45:11.694Z,usb,1,3612849267,189136,48418816,256,8000,31.780
2026-07-23T01:45:11.726Z,usb,1,3612849267,189137,48419072,256,8000,31.780
2026-07-23T01:45:11.758Z,usb,1,3612849267,189138,48419328,256,8000,31.780
2026-07-23T01:45:11.790Z,usb,1,3612849267,189139,48419584,256,8000,31.780
2026-07-23T01:45:11.822Z,usb,1,3612849267,189140,48419840,256,8000,31.780
2026-07-23T01:45:11.854Z,usb,1,3612849267,189141,48420096,256,8000,31.780
2026-07-23T01:45:11.886Z,usb,1,3612849267,189142,48420352,256,8000,31.780
2026-07-23T01:45:11.918Z,usb,1,3612849267,189143,48420608,256,8000,31.780
2026-07-23T01:45:11.950Z,usb,1,3612849267,189144,48420864,256,8000,31.780
2026-07-23T01:45:11.982Z,usb,1,3612849267,189145,48421120,256,8000,31.780
2026-07-23T01:45:12.014Z,usb,1,3612849267,189146,48421376,256,8000,31.780
2026-07-23T01:45:12.046Z,usb,1,3612849267,189147,48421632,256,8000,31.780
2026-07-23T01:45:12.078Z,usb,1,3612849267,189148,48421888,256,8000,31.780
2026-07-23T01:45:12.111Z,usb,1,3612849267,189149,48422144,256,8000,31.780
2026-07-23T01:45:12.142Z,usb,1,3612849267,189150,48422400,256,8000,31.780
2026-07-23T01:45:12.174Z,usb,1,3612849267,189151,48422656,256,8000,31.780
2026-07-23T01:45:12.207Z,usb,1,3612849267,189152,48422912,256,8000,31.780
2026-07-23T01:45:12.238Z,usb,1,3612849267,189153,48423168,256,8000,31.780
2026-07-23T01:45:12.270Z,usb,1,3612849267,189154,48423424,256,8000,31.780
2026-07-23T01:45:12.302Z,usb,1,3612849267,189155,48423680,256,8000,31.780
2026-07-23T01:45:12.335Z,usb,1,3612849267,189156,48423936,256,8000,31.780
2026-07-23T01:45:12.366Z,usb,1,3612849267,189157,48424192,256,8000,31.780
2026-07-23T01:45:12.398Z,usb,1,3612849267,189158,48424448,256,8000,31.780
2026-07-23T01:45:12.430Z,usb,1,3612849267,189159,48424704,256,8000,31.780
2026-07-23T01:45:12.462Z,usb,1,3612849267,189160,48424960,256,8000,31.780
2026-07-23T01:45:12.494Z,usb,1,3612849267,189161,48425216,256,8000,31.780
2026-07-23T01:45:12.526Z,usb,1,3612849267,189162,48425472,256,8000,31.780
2026-07-23T01:45:12.558Z,usb,1,3612849267,189163,48425728,256,8000,31.780
2026-07-23T01:45:12.591Z,usb,1,3612849267,189164,48425984,256,8000,31.780
2026-07-23T01:45:12.622Z,usb,1,3612849267,189165,48426240,256,8000,31.780
2026-07-23T01:45:12.654Z,usb,1,3612849267,189166,48426496,256,8000,31.780
2026-07-23T01:45:12.686Z,usb,1,3612849267,189167,48426752,256,8000,31.780
2026-07-23T01:45:12.718Z,usb,1,3612849267,189168,48427008,256,8000,31.780
2026-07-23T01:45:12.750Z,usb,1,3612849267,189169,48427264,256,8000,31.780
2026-07-23T01:45:12.782Z,usb,1,3612849267,189170,48427520,256,8000,31.780
2026-07-23T01:45:12.814Z,usb,1,3612849267,189171,48427776,256,8000,31.780
2026-07-23T01:45:12.846Z,usb,1,3612849267,189172,48428032,256,8000,31.780
2026-07-23T01:45:12.878Z,usb,1,3612849267,189173,48428288,256,8000,31.780
2026-07-23T01:45:12.910Z,usb,1,3612849267,189174,48428544,256,8000,31.780
2026-07-23T01:45:12.942Z,usb,1,3612849267,189175,48428800,256,8000,31.780
2026-07-23T01:45:12.974Z,usb,1,3612849267,189176,48429056,256,8000,31.780
2026-07-23T01:45:13.006Z,usb,1,3612849267,189177,48429312,256,8000,31.780
2026-07-23T01:45:13.038Z,usb,1,3612849267,189178,48429568,256,8000,31.780
2026-07-23T01:45:13.070Z,usb,1,3612849267,189179,48429824,256,8000,31.780
2026-07-23T01:45:13.103Z,usb,1,3612849267,189180,48430080,256,8000,31.780
2026-07-23T01:45:13.134Z,usb,1,3612849267,189181,48430336,256,8000,31.780
2026-07-23T01:45:13.166Z,usb,1,3612849267,189182,48430592,256,8000,31.780
2026-07-23T01:45:13.199Z,usb,1,3612849267,189183,48430848,256,8000,31.780
2026-07-23T01:45:13.230Z,usb,1,3612849267,189184,48431104,256,8000,31.780
2026-07-23T01:45:13.262Z,usb,1,3612849267,189185,48431360,256,8000,31.780
2026-07-23T01:45:13.294Z,usb,1,3612849267,189186,48431616,256,8000,31.780
2026-07-23T01:45:13.326Z,usb,1,3612849267,189187,48431872,256,8000,31.780
2026-07-23T01:45:13.359Z,usb,1,3612849267,189188,48432128,256,8000,31.780
2026-07-23T01:45:13.391Z,usb,1,3612849267,189189,48432384,256,8000,31.780
2026-07-23T01:45:13.423Z,usb,1,3612849267,189190,48432640,256,8000,31.780
2026-07-23T01:45:13.454Z,usb,1,3612849267,189191,48432896,256,8000,31.780
2026-07-23T01:45:13.486Z,usb,1,3612849267,189192,48433152,256,8000,31.780
2026-07-23T01:45:13.518Z,usb,1,3612849267,189193,48433408,256,8000,31.780
2026-07-23T01:45:13.550Z,usb,1,3612849267,189194,48433664,256,8000,31.780
2026-07-23T01:45:13.582Z,usb,1,3612849267,189195,48433920,256,8000,31.780
2026-07-23T01:45:13.615Z,usb,1,3612849267,189196,48434176,256,8000,31.780
2026-07-23T01:45:13.646Z,usb,1,3612849267,189197,48434432,256,8000,31.780
2026-07-23T01:45:13.678Z,usb,1,3612849267,189198,48434688,256,8000,31.780
2026-07-23T01:45:13.710Z,usb,1,3612849267,189199,48434944,256,8000,31.780
2026-07-23T01:45:13.742Z,usb,1,3612849267,189200,48435200,256,8000,31.780
2026-07-23T01:45:13.774Z,usb,1,3612849267,189201,48435456,256,8000,31.780
2026-07-23T01:45:13.806Z,usb,1,3612849267,189202,48435712,256,8000,31.780
2026-07-23T01:45:13.838Z,usb,1,3612849267,189203,48435968,256,8000,31.780
2026-07-23T01:45:13.870Z,usb,1,3612849267,189204,48436224,256,8000,31.780
2026-07-23T01:45:13.902Z,usb,1,3612849267,189205,48436480,256,8000,31.780
2026-07-23T01:45:13.934Z,usb,1,3612849267,189206,48436736,256,8000,31.780
2026-07-23T01:45:13.966Z,usb,1,3612849267,189207,48436992,256,8000,31.780
2026-07-23T01:45:13.998Z,usb,1,3612849267,189208,48437248,256,8000,31.780
2026-07-23T01:45:14.030Z,usb,1,3612849267,189209,48437504,256,8000,31.780
2026-07-23T01:45:14.063Z,usb,1,3612849267,189210,48437760,256,8000,31.780
2026-07-23T01:45:14.095Z,usb,1,3612849267,189211,48438016,256,8000,31.780
2026-07-23T01:45:14.126Z,usb,1,3612849267,189212,48438272,256,8000,31.780
2026-07-23T01:45:14.158Z,usb,1,3612849267,189213,48438528,256,8000,31.780
2026-07-23T01:45:14.191Z,usb,1,3612849267,189214,48438784,256,8000,31.780
2026-07-23T01:45:14.223Z,usb,1,3612849267,189215,48439040,256,8000,31.780
2026-07-23T01:45:14.254Z,usb,1,3612849267,189216,48439296,256,8000,31.780
2026-07-23T01:45:14.287Z,usb,1,3612849267,189217,48439552,256,8000,31.780
2026-07-23T01:45:14.318Z,usb,1,3612849267,189218,48439808,256,8000,31.780
2026-07-23T01:45:14.350Z,usb,1,3612849267,189219,48440064,256,8000,31.780
2026-07-23T01:45:14.383Z,usb,1,3612849267,189220,48440320,256,8000,31.780
2026-07-23T01:45:14.415Z,usb,1,3612849267,189221,48440576,256,8000,31.780
2026-07-23T01:45:14.446Z,usb,1,3612849267,189222,48440832,256,8000,31.780
2026-07-23T01:45:14.478Z,usb,1,3612849267,189223,48441088,256,8000,31.780
2026-07-23T01:45:14.510Z,usb,1,3612849267,189224,48441344,256,8000,31.780
2026-07-23T01:45:14.542Z,usb,1,3612849267,189225,48441600,256,8000,31.780
2026-07-23T01:45:14.574Z,usb,1,3612849267,189226,48441856,256,8000,31.780
2026-07-23T01:45:14.607Z,usb,1,3612849267,189227,48442112,256,8000,31.780
2026-07-23T01:45:14.638Z,usb,1,3612849267,189228,48442368,256,8000,31.780
2026-07-23T01:45:14.670Z,usb,1,3612849267,189229,48442624,256,8000,31.780
2026-07-23T01:45:14.703Z,usb,1,3612849267,189230,48442880,256,8000,31.780
2026-07-23T01:45:14.734Z,usb,1,3612849267,189231,48443136,256,8000,31.780
2026-07-23T01:45:14.766Z,usb,1,3612849267,189232,48443392,256,8000,31.780
2026-07-23T01:45:14.798Z,usb,1,3612849267,189233,48443648,256,8000,31.780
2026-07-23T01:45:14.831Z,usb,1,3612849267,189234,48443904,256,8000,31.780
2026-07-23T01:45:14.862Z,usb,1,3612849267,189235,48444160,256,8000,31.780
2026-07-23T01:45:14.894Z,usb,1,3612849267,189236,48444416,256,8000,31.780
2026-07-23T01:45:14.927Z,usb,1,3612849267,189237,48444672,256,8000,31.780
2026-07-23T01:45:14.959Z,usb,1,3612849267,189238,48444928,256,8000,31.780
2026-07-23T01:45:14.992Z,usb,1,3612849267,189239,48445184,256,8000,31.780
2026-07-23T01:45:15.023Z,usb,1,3612849267,189240,48445440,256,8000,31.780
2026-07-23T01:45:15.054Z,usb,1,3612849267,189241,48445696,256,8000,31.780
2026-07-23T01:45:15.087Z,usb,1,3612849267,189242,48445952,256,8000,31.780
2026-07-23T01:45:15.119Z,usb,1,3612849267,189243,48446208,256,8000,31.780
2026-07-23T01:45:15.150Z,usb,1,3612849267,189244,48446464,256,8000,31.780
2026-07-23T01:45:15.182Z,usb,1,3612849267,189245,48446720,256,8000,31.780
2026-07-23T01:45:15.215Z,usb,1,3612849267,189246,48446976,256,8000,31.780
2026-07-23T01:45:15.247Z,usb,1,3612849267,189247,48447232,256,8000,31.780
2026-07-23T01:45:15.278Z,usb,1,3612849267,189248,48447488,256,8000,31.780
2026-07-23T01:45:15.311Z,usb,1,3612849267,189249,48447744,256,8000,31.780
2026-07-23T01:45:15.342Z,usb,1,3612849267,189250,48448000,256,8000,31.780
2026-07-23T01:45:15.374Z,usb,1,3612849267,189251,48448256,256,8000,31.780
2026-07-23T01:45:15.407Z,usb,1,3612849267,189252,48448512,256,8000,31.780
2026-07-23T01:45:15.438Z,usb,1,3612849267,189253,48448768,256,8000,31.780
2026-07-23T01:45:15.470Z,usb,1,3612849267,189254,48449024,256,8000,31.780
2026-07-23T01:45:15.502Z,usb,1,3612849267,189255,48449280,256,8000,31.780
2026-07-23T01:45:15.534Z,usb,1,3612849267,189256,48449536,256,8000,31.780
2026-07-23T01:45:15.567Z,usb,1,3612849267,189257,48449792,256,8000,31.780
2026-07-23T01:45:15.599Z,usb,1,3612849267,189258,48450048,256,8000,31.780
2026-07-23T01:45:15.630Z,usb,1,3612849267,189259,48450304,256,8000,31.780
2026-07-23T01:45:15.662Z,usb,1,3612849267,189260,48450560,256,8000,31.780
2026-07-23T01:45:15.695Z,usb,1,3612849267,189261,48450816,256,8000,31.780
2026-07-23T01:45:15.727Z,usb,1,3612849267,189262,48451072,256,8000,31.780
2026-07-23T01:45:15.758Z,usb,1,3612849267,189263,48451328,256,8000,31.780
2026-07-23T01:45:15.790Z,usb,1,3612849267,189264,48451584,256,8000,31.780
2026-07-23T01:45:15.823Z,usb,1,3612849267,189265,48451840,256,8000,31.780
2026-07-23T01:45:15.854Z,usb,1,3612849267,189266,48452096,256,8000,31.780
2026-07-23T01:45:15.886Z,usb,1,3612849267,189267,48452352,256,8000,31.780
2026-07-23T01:45:15.918Z,usb,1,3612849267,189268,48452608,256,8000,31.780
2026-07-23T01:45:15.950Z,usb,1,3612849267,189269,48452864,256,8000,31.780
2026-07-23T01:45:15.982Z,usb,1,3612849267,189270,48453120,256,8000,31.780
2026-07-23T01:45:16.015Z,usb,1,3612849267,189271,48453376,256,8000,31.780
2026-07-23T01:45:16.047Z,usb,1,3612849267,189272,48453632,256,8000,31.780
2026-07-23T01:45:16.078Z,usb,1,3612849267,189273,48453888,256,8000,31.780
2026-07-23T01:45:16.111Z,usb,1,3612849267,189274,48454144,256,8000,31.780
2026-07-23T01:45:16.142Z,usb,1,3612849267,189275,48454400,256,8000,31.780
2026-07-23T01:45:16.174Z,usb,1,3612849267,189276,48454656,256,8000,31.780
2026-07-23T01:45:16.206Z,usb,1,3612849267,189277,48454912,256,8000,31.780
2026-07-23T01:45:16.239Z,usb,1,3612849267,189278,48455168,256,8000,31.780
2026-07-23T01:45:16.270Z,usb,1,3612849267,189279,48455424,256,8000,31.780
2026-07-23T01:45:16.302Z,usb,1,3612849267,189280,48455680,256,8000,31.780
2026-07-23T01:45:16.334Z,usb,1,3612849267,189281,48455936,256,8000,31.780
2026-07-23T01:45:16.366Z,usb,1,3612849267,189282,48456192,256,8000,31.780
2026-07-23T01:45:16.398Z,usb,1,3612849267,189283,48456448,256,8000,31.780
2026-07-23T01:45:16.431Z,usb,1,3612849267,189284,48456704,256,8000,31.790
2026-07-23T01:45:16.462Z,usb,1,3612849267,189285,48456960,256,8000,31.790
2026-07-23T01:45:16.494Z,usb,1,3612849267,189286,48457216,256,8000,31.790
2026-07-23T01:45:16.526Z,usb,1,3612849267,189287,48457472,256,8000,31.790
2026-07-23T01:45:16.558Z,usb,1,3612849267,189288,48457728,256,8000,31.790
2026-07-23T01:45:16.591Z,usb,1,3612849267,189289,48457984,256,8000,31.790
2026-07-23T01:45:16.622Z,usb,1,3612849267,189290,48458240,256,8000,31.790
2026-07-23T01:45:16.654Z,usb,1,3612849267,189291,48458496,256,8000,31.790
2026-07-23T01:45:16.687Z,usb,1,3612849267,189292,48458752,256,8000,31.790
2026-07-23T01:45:16.718Z,usb,1,3612849267,189293,48459008,256,8000,31.790
2026-07-23T01:45:16.750Z,usb,1,3612849267,189294,48459264,256,8000,31.790
2026-07-23T01:45:16.782Z,usb,1,3612849267,189295,48459520,256,8000,31.790
2026-07-23T01:45:16.814Z,usb,1,3612849267,189296,48459776,256,8000,31.790
2026-07-23T01:45:16.846Z,usb,1,3612849267,189297,48460032,256,8000,31.790
2026-07-23T01:45:16.878Z,usb,1,3612849267,189298,48460288,256,8000,31.790
2026-07-23T01:45:16.910Z,usb,1,3612849267,189299,48460544,256,8000,31.790
2026-07-23T01:45:16.942Z,usb,1,3612849267,189300,48460800,256,8000,31.790
2026-07-23T01:45:16.974Z,usb,1,3612849267,189301,48461056,256,8000,31.790
2026-07-23T01:45:17.006Z,usb,1,3612849267,189302,48461312,256,8000,31.790
2026-07-23T01:45:17.038Z,usb,1,3612849267,189303,48461568,256,8000,31.790
2026-07-23T01:45:17.071Z,usb,1,3612849267,189304,48461824,256,8000,31.790
2026-07-23T01:45:17.103Z,usb,1,3612849267,189305,48462080,256,8000,31.790
2026-07-23T01:45:17.134Z,usb,1,3612849267,189306,48462336,256,8000,31.790
2026-07-23T01:45:17.166Z,usb,1,3612849267,189307,48462592,256,8000,31.790
2026-07-23T01:45:17.198Z,usb,1,3612849267,189308,48462848,256,8000,31.790
2026-07-23T01:45:17.230Z,usb,1,3612849267,189309,48463104,256,8000,31.790
2026-07-23T01:45:17.262Z,usb,1,3612849267,189310,48463360,256,8000,31.790
2026-07-23T01:45:17.294Z,usb,1,3612849267,189311,48463616,256,8000,31.790
2026-07-23T01:45:17.326Z,usb,1,3612849267,189312,48463872,256,8000,31.790
2026-07-23T01:45:17.358Z,usb,1,3612849267,189313,48464128,256,8000,31.790
2026-07-23T01:45:17.390Z,usb,1,3612849267,189314,48464384,256,8000,31.790
2026-07-23T01:45:17.422Z,usb,1,3612849267,189315,48464640,256,8000,31.790
2026-07-23T01:45:17.455Z,usb,1,3612849267,189316,48464896,256,8000,31.780
2026-07-23T01:45:17.486Z,usb,1,3612849267,189317,48465152,256,8000,31.780
2026-07-23T01:45:17.518Z,usb,1,3612849267,189318,48465408,256,8000,31.780
2026-07-23T01:45:17.551Z,usb,1,3612849267,189319,48465664,256,8000,31.780
2026-07-23T01:45:17.583Z,usb,1,3612849267,189320,48465920,256,8000,31.780
2026-07-23T01:45:17.615Z,usb,1,3612849267,189321,48466176,256,8000,31.780
2026-07-23T01:45:17.647Z,usb,1,3612849267,189322,48466432,256,8000,31.780
2026-07-23T01:45:17.678Z,usb,1,3612849267,189323,48466688,256,8000,31.780
2026-07-23T01:45:17.710Z,usb,1,3612849267,189324,48466944,256,8000,31.780
2026-07-23T01:45:17.743Z,usb,1,3612849267,189325,48467200,256,8000,31.780
2026-07-23T01:45:17.775Z,usb,1,3612849267,189326,48467456,256,8000,31.780
2026-07-23T01:45:17.806Z,usb,1,3612849267,189327,48467712,256,8000,31.780
2026-07-23T01:45:17.838Z,usb,1,3612849267,189328,48467968,256,8000,31.780
2026-07-23T01:45:17.870Z,usb,1,3612849267,189329,48468224,256,8000,31.780
2026-07-23T01:45:17.903Z,usb,1,3612849267,189330,48468480,256,8000,31.780
2026-07-23T01:45:17.934Z,usb,1,3612849267,189331,48468736,256,8000,31.780
2026-07-23T01:45:17.967Z,usb,1,3612849267,189332,48468992,256,8000,31.780
2026-07-23T01:45:17.998Z,usb,1,3612849267,189333,48469248,256,8000,31.780
2026-07-23T01:45:18.030Z,usb,1,3612849267,189334,48469504,256,8000,31.780
2026-07-23T01:45:18.062Z,usb,1,3612849267,189335,48469760,256,8000,31.780
2026-07-23T01:45:18.095Z,usb,1,3612849267,189336,48470016,256,8000,31.780
2026-07-23T01:45:18.127Z,usb,1,3612849267,189337,48470272,256,8000,31.780
2026-07-23T01:45:18.159Z,usb,1,3612849267,189338,48470528,256,8000,31.780
2026-07-23T01:45:18.190Z,usb,1,3612849267,189339,48470784,256,8000,31.780
2026-07-23T01:45:18.222Z,usb,1,3612849267,189340,48471040,256,8000,31.780
2026-07-23T01:45:18.255Z,usb,1,3612849267,189341,48471296,256,8000,31.780
2026-07-23T01:45:18.286Z,usb,1,3612849267,189342,48471552,256,8000,31.780
2026-07-23T01:45:18.318Z,usb,1,3612849267,189343,48471808,256,8000,31.780
2026-07-23T01:45:18.351Z,usb,1,3612849267,189344,48472064,256,8000,31.780
2026-07-23T01:45:18.382Z,usb,1,3612849267,189345,48472320,256,8000,31.780
2026-07-23T01:45:18.414Z,usb,1,3612849267,189346,48472576,256,8000,31.780
2026-07-23T01:45:18.447Z,usb,1,3612849267,189347,48472832,256,8000,31.780
2026-07-23T01:45:18.479Z,usb,1,3612849267,189348,48473088,256,8000,31.780
2026-07-23T01:45:18.510Z,usb,1,3612849267,189349,48473344,256,8000,31.780
2026-07-23T01:45:18.542Z,usb,1,3612849267,189350,48473600,256,8000,31.780
2026-07-23T01:45:18.574Z,usb,1,3612849267,189351,48473856,256,8000,31.780
2026-07-23T01:45:18.607Z,usb,1,3612849267,189352,48474112,256,8000,31.780
2026-07-23T01:45:18.639Z,usb,1,3612849267,189353,48474368,256,8000,31.780
2026-07-23T01:45:18.670Z,usb,1,3612849267,189354,48474624,256,8000,31.780
2026-07-23T01:45:18.702Z,usb,1,3612849267,189355,48474880,256,8000,31.780
2026-07-23T01:45:18.735Z,usb,1,3612849267,189356,48475136,256,8000,31.780
2026-07-23T01:45:18.766Z,usb,1,3612849267,189357,48475392,256,8000,31.780
2026-07-23T01:45:18.798Z,usb,1,3612849267,189358,48475648,256,8000,31.780
2026-07-23T01:45:18.831Z,usb,1,3612849267,189359,48475904,256,8000,31.780
2026-07-23T01:45:18.863Z,usb,1,3612849267,189360,48476160,256,8000,31.780
2026-07-23T01:45:18.894Z,usb,1,3612849267,189361,48476416,256,8000,31.780
2026-07-23T01:45:18.926Z,usb,1,3612849267,189362,48476672,256,8000,31.780
2026-07-23T01:45:18.958Z,usb,1,3612849267,189363,48476928,256,8000,31.780
2026-07-23T01:45:18.990Z,usb,1,3612849267,189364,48477184,256,8000,31.780
2026-07-23T01:45:19.022Z,usb,1,3612849267,189365,48477440,256,8000,31.780
2026-07-23T01:45:19.054Z,usb,1,3612849267,189366,48477696,256,8000,31.780
2026-07-23T01:45:19.086Z,usb,1,3612849267,189367,48477952,256,8000,31.780
2026-07-23T01:45:19.119Z,usb,1,3612849267,189368,48478208,256,8000,31.780
2026-07-23T01:45:19.150Z,usb,1,3612849267,189369,48478464,256,8000,31.780
2026-07-23T01:45:19.182Z,usb,1,3612849267,189370,48478720,256,8000,31.780
2026-07-23T01:45:19.214Z,usb,1,3612849267,189371,48478976,256,8000,31.780
2026-07-23T01:45:19.246Z,usb,1,3612849267,189372,48479232,256,8000,31.780
2026-07-23T01:45:19.278Z,usb,1,3612849267,189373,48479488,256,8000,31.780
2026-07-23T01:45:19.310Z,usb,1,3612849267,189374,48479744,256,8000,31.780
2026-07-23T01:45:19.342Z,usb,1,3612849267,189375,48480000,256,8000,31.780
2026-07-23T01:45:19.374Z,usb,1,3612849267,189376,48480256,256,8000,31.780
2026-07-23T01:45:19.406Z,usb,1,3612849267,189377,48480512,256,8000,31.780
2026-07-23T01:45:19.438Z,usb,1,3612849267,189378,48480768,256,8000,31.780
2026-07-23T01:45:19.470Z,usb,1,3612849267,189379,48481024,256,8000,31.780
2026-07-23T01:45:19.503Z,usb,1,3612849267,189380,48481280,256,8000,31.780
2026-07-23T01:45:19.534Z,usb,1,3612849267,189381,48481536,256,8000,31.780
2026-07-23T01:45:19.566Z,usb,1,3612849267,189382,48481792,256,8000,31.780
2026-07-23T01:45:19.599Z,usb,1,3612849267,189383,48482048,256,8000,31.780
2026-07-23T01:45:19.630Z,usb,1,3612849267,189384,48482304,256,8000,31.780
2026-07-23T01:45:19.662Z,usb,1,3612849267,189385,48482560,256,8000,31.780
2026-07-23T01:45:19.694Z,usb,1,3612849267,189386,48482816,256,8000,31.780
2026-07-23T01:45:19.726Z,usb,1,3612849267,189387,48483072,256,8000,31.780
2026-07-23T01:45:19.758Z,usb,1,3612849267,189388,48483328,256,8000,31.780
2026-07-23T01:45:19.790Z,usb,1,3612849267,189389,48483584,256,8000,31.780
2026-07-23T01:45:19.822Z,usb,1,3612849267,189390,48483840,256,8000,31.780
2026-07-23T01:45:19.854Z,usb,1,3612849267,189391,48484096,256,8000,31.780
2026-07-23T01:45:19.886Z,usb,1,3612849267,189392,48484352,256,8000,31.780
2026-07-23T01:45:19.918Z,usb,1,3612849267,189393,48484608,256,8000,31.780
2026-07-23T01:45:19.950Z,usb,1,3612849267,189394,48484864,256,8000,31.780
2026-07-23T01:45:19.982Z,usb,1,3612849267,189395,48485120,256,8000,31.780
2026-07-23T01:45:20.014Z,usb,1,3612849267,189396,48485376,256,8000,31.780
2026-07-23T01:45:20.046Z,usb,1,3612849267,189397,48485632,256,8000,31.780
2026-07-23T01:45:20.078Z,usb,1,3612849267,189398,48485888,256,8000,31.780
2026-07-23T01:45:20.110Z,usb,1,3612849267,189399,48486144,256,8000,31.780
2026-07-23T01:45:20.142Z,usb,1,3612849267,189400,48486400,256,8000,31.780
2026-07-23T01:45:20.174Z,usb,1,3612849267,189401,48486656,256,8000,31.780
2026-07-23T01:45:20.206Z,usb,1,3612849267,189402,48486912,256,8000,31.780
2026-07-23T01:45:20.238Z,usb,1,3612849267,189403,48487168,256,8000,31.780
2026-07-23T01:45:20.270Z,usb,1,3612849267,189404,48487424,256,8000,31.780
2026-07-23T01:45:20.302Z,usb,1,3612849267,189405,48487680,256,8000,31.780
2026-07-23T01:45:20.334Z,usb,1,3612849267,189406,48487936,256,8000,31.780
2026-07-23T01:45:20.366Z,usb,1,3612849267,189407,48488192,256,8000,31.780
2026-07-23T01:45:20.398Z,usb,1,3612849267,189408,48488448,256,8000,31.780
2026-07-23T01:45:20.430Z,usb,1,3612849267,189409,48488704,256,8000,31.780
2026-07-23T01:45:20.462Z,usb,1,3612849267,189410,48488960,256,8000,31.780
2026-07-23T01:45:20.495Z,usb,1,3612849267,189411,48489216,256,8000,31.780
2026-07-23T01:45:20.527Z,usb,1,3612849267,189412,48489472,256,8000,31.780
2026-07-23T01:45:20.558Z,usb,1,3612849267,189413,48489728,256,8000,31.780
2026-07-23T01:45:20.591Z,usb,1,3612849267,189414,48489984,256,8000,31.780
2026-07-23T01:45:20.623Z,usb,1,3612849267,189415,48490240,256,8000,31.780
2026-07-23T01:45:20.655Z,usb,1,3612849267,189416,48490496,256,8000,31.780
2026-07-23T01:45:20.686Z,usb,1,3612849267,189417,48490752,256,8000,31.780
2026-07-23T01:45:20.718Z,usb,1,3612849267,189418,48491008,256,8000,31.780
2026-07-23T01:45:20.750Z,usb,1,3612849267,189419,48491264,256,8000,31.780
2026-07-23T01:45:20.782Z,usb,1,3612849267,189420,48491520,256,8000,31.780
2026-07-23T01:45:20.814Z,usb,1,3612849267,189421,48491776,256,8000,31.780
2026-07-23T01:45:20.846Z,usb,1,3612849267,189422,48492032,256,8000,31.780
2026-07-23T01:45:20.878Z,usb,1,3612849267,189423,48492288,256,8000,31.780
2026-07-23T01:45:20.910Z,usb,1,3612849267,189424,48492544,256,8000,31.780
2026-07-23T01:45:20.943Z,usb,1,3612849267,189425,48492800,256,8000,31.780
2026-07-23T01:45:20.974Z,usb,1,3612849267,189426,48493056,256,8000,31.780
2026-07-23T01:45:21.006Z,usb,1,3612849267,189427,48493312,256,8000,31.780
2026-07-23T01:45:21.038Z,usb,1,3612849267,189428,48493568,256,8000,31.780
2026-07-23T01:45:21.071Z,usb,1,3612849267,189429,48493824,256,8000,31.780
2026-07-23T01:45:21.103Z,usb,1,3612849267,189430,48494080,256,8000,31.780
2026-07-23T01:45:21.134Z,usb,1,3612849267,189431,48494336,256,8000,31.780
2026-07-23T01:45:21.166Z,usb,1,3612849267,189432,48494592,256,8000,31.780
2026-07-23T01:45:21.199Z,usb,1,3612849267,189433,48494848,256,8000,31.780
2026-07-23T01:45:21.230Z,usb,1,3612849267,189434,48495104,256,8000,31.780
2026-07-23T01:45:21.263Z,usb,1,3612849267,189435,48495360,256,8000,31.780
2026-07-23T01:45:21.294Z,usb,1,3612849267,189436,48495616,256,8000,31.780
2026-07-23T01:45:21.326Z,usb,1,3612849267,189437,48495872,256,8000,31.780
2026-07-23T01:45:21.359Z,usb,1,3612849267,189438,48496128,256,8000,31.780
2026-07-23T01:45:21.390Z,usb,1,3612849267,189439,48496384,256,8000,31.780
2026-07-23T01:45:21.422Z,usb,1,3612849267,189440,48496640,256,8000,31.780
2026-07-23T01:45:21.455Z,usb,1,3612849267,189441,48496896,256,8000,31.780
2026-07-23T01:45:21.487Z,usb,1,3612849267,189442,48497152,256,8000,31.780
2026-07-23T01:45:21.518Z,usb,1,3612849267,189443,48497408,256,8000,31.780
2026-07-23T01:45:21.551Z,usb,1,3612849267,189444,48497664,256,8000,31.790
2026-07-23T01:45:21.582Z,usb,1,3612849267,189445,48497920,256,8000,31.790
2026-07-23T01:45:21.615Z,usb,1,3612849267,189446,48498176,256,8000,31.790
2026-07-23T01:45:21.647Z,usb,1,3612849267,189447,48498432,256,8000,31.790
2026-07-23T01:45:21.679Z,usb,1,3612849267,189448,48498688,256,8000,31.790
2026-07-23T01:45:21.710Z,usb,1,3612849267,189449,48498944,256,8000,31.790
2026-07-23T01:45:21.743Z,usb,1,3612849267,189450,48499200,256,8000,31.790
2026-07-23T01:45:21.775Z,usb,1,3612849267,189451,48499456,256,8000,31.790
2026-07-23T01:45:21.806Z,usb,1,3612849267,189452,48499712,256,8000,31.790
2026-07-23T01:45:21.838Z,usb,1,3612849267,189453,48499968,256,8000,31.790
2026-07-23T01:45:21.870Z,usb,1,3612849267,189454,48500224,256,8000,31.790
2026-07-23T01:45:21.902Z,usb,1,3612849267,189455,48500480,256,8000,31.790
2026-07-23T01:45:21.934Z,usb,1,3612849267,189456,48500736,256,8000,31.790
2026-07-23T01:45:21.967Z,usb,1,3612849267,189457,48500992,256,8000,31.790
2026-07-23T01:45:21.998Z,usb,1,3612849267,189458,48501248,256,8000,31.790
2026-07-23T01:45:22.030Z,usb,1,3612849267,189459,48501504,256,8000,31.790
2026-07-23T01:45:22.063Z,usb,1,3612849267,189460,48501760,256,8000,31.790
2026-07-23T01:45:22.095Z,usb,1,3612849267,189461,48502016,256,8000,31.790
2026-07-23T01:45:22.126Z,usb,1,3612849267,189462,48502272,256,8000,31.790
2026-07-23T01:45:22.158Z,usb,1,3612849267,189463,48502528,256,8000,31.790
2026-07-23T01:45:22.191Z,usb,1,3612849267,189464,48502784,256,8000,31.790
2026-07-23T01:45:22.222Z,usb,1,3612849267,189465,48503040,256,8000,31.790
2026-07-23T01:45:22.254Z,usb,1,3612849267,189466,48503296,256,8000,31.790
2026-07-23T01:45:22.286Z,usb,1,3612849267,189467,48503552,256,8000,31.790
2026-07-23T01:45:22.318Z,usb,1,3612849267,189468,48503808,256,8000,31.790
2026-07-23T01:45:22.350Z,usb,1,3612849267,189469,48504064,256,8000,31.790
2026-07-23T01:45:22.383Z,usb,1,3612849267,189470,48504320,256,8000,31.790
2026-07-23T01:45:22.414Z,usb,1,3612849267,189471,48504576,256,8000,31.790
2026-07-23T01:45:22.446Z,usb,1,3612849267,189472,48504832,256,8000,31.790
2026-07-23T01:45:22.479Z,usb,1,3612849267,189473,48505088,256,8000,31.790
2026-07-23T01:45:22.510Z,usb,1,3612849267,189474,48505344,256,8000,31.790
2026-07-23T01:45:22.542Z,usb,1,3612849267,189475,48505600,256,8000,31.790
2026-07-23T01:45:22.575Z,usb,1,3612849267,189476,48505856,256,8000,31.780
2026-07-23T01:45:22.607Z,usb,1,3612849267,189477,48506112,256,8000,31.780
2026-07-23T01:45:22.638Z,usb,1,3612849267,189478,48506368,256,8000,31.780
2026-07-23T01:45:22.670Z,usb,1,3612849267,189479,48506624,256,8000,31.780
2026-07-23T01:45:22.702Z,usb,1,3612849267,189480,48506880,256,8000,31.780
2026-07-23T01:45:22.734Z,usb,1,3612849267,189481,48507136,256,8000,31.780
2026-07-23T01:45:22.766Z,usb,1,3612849267,189482,48507392,256,8000,31.780
2026-07-23T01:45:22.799Z,usb,1,3612849267,189483,48507648,256,8000,31.780
2026-07-23T01:45:22.830Z,usb,1,3612849267,189484,48507904,256,8000,31.780
2026-07-23T01:45:22.862Z,usb,1,3612849267,189485,48508160,256,8000,31.780
2026-07-23T01:45:22.894Z,usb,1,3612849267,189486,48508416,256,8000,31.780
2026-07-23T01:45:22.926Z,usb,1,3612849267,189487,48508672,256,8000,31.780
2026-07-23T01:45:22.958Z,usb,1,3612849267,189488,48508928,256,8000,31.780
2026-07-23T01:45:22.991Z,usb,1,3612849267,189489,48509184,256,8000,31.780
2026-07-23T01:45:23.022Z,usb,1,3612849267,189490,48509440,256,8000,31.780
2026-07-23T01:45:23.054Z,usb,1,3612849267,189491,48509696,256,8000,31.780
2026-07-23T01:45:23.087Z,usb,1,3612849267,189492,48509952,256,8000,31.780
2026-07-23T01:45:23.119Z,usb,1,3612849267,189493,48510208,256,8000,31.780
2026-07-23T01:45:23.150Z,usb,1,3612849267,189494,48510464,256,8000,31.780
2026-07-23T01:45:23.183Z,usb,1,3612849267,189495,48510720,256,8000,31.780
2026-07-23T01:45:23.214Z,usb,1,3612849267,189496,48510976,256,8000,31.780
2026-07-23T01:45:23.247Z,usb,1,3612849267,189497,48511232,256,8000,31.780
2026-07-23T01:45:23.279Z,usb,1,3612849267,189498,48511488,256,8000,31.780
2026-07-23T01:45:23.310Z,usb,1,3612849267,189499,48511744,256,8000,31.780
2026-07-23T01:45:23.342Z,usb,1,3612849267,189500,48512000,256,8000,31.780
2026-07-23T01:45:23.375Z,usb,1,3612849267,189501,48512256,256,8000,31.780
2026-07-23T01:45:23.407Z,usb,1,3612849267,189502,48512512,256,8000,31.780
2026-07-23T01:45:23.438Z,usb,1,3612849267,189503,48512768,256,8000,31.780
2026-07-23T01:45:23.470Z,usb,1,3612849267,189504,48513024,256,8000,31.780
2026-07-23T01:45:23.503Z,usb,1,3612849267,189505,48513280,256,8000,31.780
2026-07-23T01:45:23.534Z,usb,1,3612849267,189506,48513536,256,8000,31.780
2026-07-23T01:45:23.566Z,usb,1,3612849267,189507,48513792,256,8000,31.780
2026-07-23T01:45:23.599Z,usb,1,3612849267,189508,48514048,256,8000,31.780
2026-07-23T01:45:23.630Z,usb,1,3612849267,189509,48514304,256,8000,31.780
2026-07-23T01:45:23.662Z,usb,1,3612849267,189510,48514560,256,8000,31.780
2026-07-23T01:45:23.694Z,usb,1,3612849267,189511,48514816,256,8000,31.780
2026-07-23T01:45:23.727Z,usb,1,3612849267,189512,48515072,256,8000,31.780
2026-07-23T01:45:23.759Z,usb,1,3612849267,189513,48515328,256,8000,31.780
2026-07-23T01:45:23.791Z,usb,1,3612849267,189514,48515584,256,8000,31.780
2026-07-23T01:45:23.822Z,usb,1,3612849267,189515,48515840,256,8000,31.780
2026-07-23T01:45:23.854Z,usb,1,3612849267,189516,48516096,256,8000,31.780
2026-07-23T01:45:23.887Z,usb,1,3612849267,189517,48516352,256,8000,31.780
2026-07-23T01:45:23.918Z,usb,1,3612849267,189518,48516608,256,8000,31.780
2026-07-23T01:45:23.950Z,usb,1,3612849267,189519,48516864,256,8000,31.780
2026-07-23T01:45:23.982Z,usb,1,3612849267,189520,48517120,256,8000,31.780
2026-07-23T01:45:24.015Z,usb,1,3612849267,189521,48517376,256,8000,31.780
2026-07-23T01:45:24.046Z,usb,1,3612849267,189522,48517632,256,8000,31.780
2026-07-23T01:45:24.078Z,usb,1,3612849267,189523,48517888,256,8000,31.780
2026-07-23T01:45:24.111Z,usb,1,3612849267,189524,48518144,256,8000,31.780
2026-07-23T01:45:24.142Z,usb,1,3612849267,189525,48518400,256,8000,31.780
2026-07-23T01:45:24.175Z,usb,1,3612849267,189526,48518656,256,8000,31.780
2026-07-23T01:45:24.207Z,usb,1,3612849267,189527,48518912,256,8000,31.780
2026-07-23T01:45:24.239Z,usb,1,3612849267,189528,48519168,256,8000,31.780
2026-07-23T01:45:24.271Z,usb,1,3612849267,189529,48519424,256,8000,31.780
2026-07-23T01:45:24.303Z,usb,1,3612849267,189530,48519680,256,8000,31.780
2026-07-23T01:45:24.335Z,usb,1,3612849267,189531,48519936,256,8000,31.780
2026-07-23T01:45:24.367Z,usb,1,3612849267,189532,48520192,256,8000,31.780
2026-07-23T01:45:24.399Z,usb,1,3612849267,189533,48520448,256,8000,31.780
2026-07-23T01:45:24.430Z,usb,1,3612849267,189534,48520704,256,8000,31.780
2026-07-23T01:45:24.462Z,usb,1,3612849267,189535,48520960,256,8000,31.780
2026-07-23T01:45:24.494Z,usb,1,3612849267,189536,48521216,256,8000,31.780
2026-07-23T01:45:24.527Z,usb,1,3612849267,189537,48521472,256,8000,31.780
2026-07-23T01:45:24.559Z,usb,1,3612849267,189538,48521728,256,8000,31.780
2026-07-23T01:45:24.590Z,usb,1,3612849267,189539,48521984,256,8000,31.780
2026-07-23T01:45:24.623Z,usb,1,3612849267,189540,48522240,256,8000,31.780
2026-07-23T01:45:24.654Z,usb,1,3612849267,189541,48522496,256,8000,31.780
2026-07-23T01:45:24.686Z,usb,1,3612849267,189542,48522752,256,8000,31.780
2026-07-23T01:45:24.719Z,usb,1,3612849267,189543,48523008,256,8000,31.780
2026-07-23T01:45:24.751Z,usb,1,3612849267,189544,48523264,256,8000,31.780
2026-07-23T01:45:24.783Z,usb,1,3612849267,189545,48523520,256,8000,31.780
2026-07-23T01:45:24.815Z,usb,1,3612849267,189546,48523776,256,8000,31.780
2026-07-23T01:45:24.847Z,usb,1,3612849267,189547,48524032,256,8000,31.780
2026-07-23T01:45:24.878Z,usb,1,3612849267,189548,48524288,256,8000,31.780
2026-07-23T01:45:24.910Z,usb,1,3612849267,189549,48524544,256,8000,31.780
2026-07-23T01:45:24.942Z,usb,1,3612849267,189550,48524800,256,8000,31.780
2026-07-23T01:45:24.974Z,usb,1,3612849267,189551,48525056,256,8000,31.780
2026-07-23T01:45:25.007Z,usb,1,3612849267,189552,48525312,256,8000,31.780
2026-07-23T01:45:25.038Z,usb,1,3612849267,189553,48525568,256,8000,31.780
2026-07-23T01:45:25.071Z,usb,1,3612849267,189554,48525824,256,8000,31.780
2026-07-23T01:45:25.103Z,usb,1,3612849267,189555,48526080,256,8000,31.780
2026-07-23T01:45:25.134Z,usb,1,3612849267,189556,48526336,256,8000,31.780
2026-07-23T01:45:25.166Z,usb,1,3612849267,189557,48526592,256,8000,31.780
2026-07-23T01:45:25.199Z,usb,1,3612849267,189558,48526848,256,8000,31.780
2026-07-23T01:45:25.230Z,usb,1,3612849267,189559,48527104,256,8000,31.780
2026-07-23T01:45:25.262Z,usb,1,3612849267,189560,48527360,256,8000,31.780
2026-07-23T01:45:25.294Z,usb,1,3612849267,189561,48527616,256,8000,31.780
2026-07-23T01:45:25.327Z,usb,1,3612849267,189562,48527872,256,8000,31.780
2026-07-23T01:45:25.359Z,usb,1,3612849267,189563,48528128,256,8000,31.780
2026-07-23T01:45:25.390Z,usb,1,3612849267,189564,48528384,256,8000,31.780
2026-07-23T01:45:25.423Z,usb,1,3612849267,189565,48528640,256,8000,31.780
2026-07-23T01:45:25.454Z,usb,1,3612849267,189566,48528896,256,8000,31.780
2026-07-23T01:45:25.486Z,usb,1,3612849267,189567,48529152,256,8000,31.780
2026-07-23T01:45:25.518Z,usb,1,3612849267,189568,48529408,256,8000,31.780
2026-07-23T01:45:25.550Z,usb,1,3612849267,189569,48529664,256,8000,31.780
2026-07-23T01:45:25.582Z,usb,1,3612849267,189570,48529920,256,8000,31.780
2026-07-23T01:45:25.615Z,usb,1,3612849267,189571,48530176,256,8000,31.780
2026-07-23T01:45:25.647Z,usb,1,3612849267,189572,48530432,256,8000,31.780
2026-07-23T01:45:25.678Z,usb,1,3612849267,189573,48530688,256,8000,31.780
2026-07-23T01:45:25.711Z,usb,1,3612849267,189574,48530944,256,8000,31.780
2026-07-23T01:45:25.742Z,usb,1,3612849267,189575,48531200,256,8000,31.780
2026-07-23T01:45:25.774Z,usb,1,3612849267,189576,48531456,256,8000,31.780
2026-07-23T01:45:25.806Z,usb,1,3612849267,189577,48531712,256,8000,31.780
2026-07-23T01:45:25.839Z,usb,1,3612849267,189578,48531968,256,8000,31.780
2026-07-23T01:45:25.870Z,usb,1,3612849267,189579,48532224,256,8000,31.780
2026-07-23T01:45:25.902Z,usb,1,3612849267,189580,48532480,256,8000,31.780
2026-07-23T01:45:25.934Z,usb,1,3612849267,189581,48532736,256,8000,31.780
2026-07-23T01:45:25.966Z,usb,1,3612849267,189582,48532992,256,8000,31.780
2026-07-23T01:45:25.998Z,usb,1,3612849267,189583,48533248,256,8000,31.780
2026-07-23T01:45:26.030Z,usb,1,3612849267,189584,48533504,256,8000,31.780
2026-07-23T01:45:26.062Z,usb,1,3612849267,189585,48533760,256,8000,31.780
2026-07-23T01:45:26.095Z,usb,1,3612849267,189586,48534016,256,8000,31.780
2026-07-23T01:45:26.126Z,usb,1,3612849267,189587,48534272,256,8000,31.780
2026-07-23T01:45:26.158Z,usb,1,3612849267,189588,48534528,256,8000,31.780
2026-07-23T01:45:26.190Z,usb,1,3612849267,189589,48534784,256,8000,31.780
2026-07-23T01:45:26.222Z,usb,1,3612849267,189590,48535040,256,8000,31.780
2026-07-23T01:45:26.254Z,usb,1,3612849267,189591,48535296,256,8000,31.780
2026-07-23T01:45:26.286Z,usb,1,3612849267,189592,48535552,256,8000,31.780
2026-07-23T01:45:26.318Z,usb,1,3612849267,189593,48535808,256,8000,31.780
2026-07-23T01:45:26.350Z,usb,1,3612849267,189594,48536064,256,8000,31.780
2026-07-23T01:45:26.382Z,usb,1,3612849267,189595,48536320,256,8000,31.780
2026-07-23T01:45:26.414Z,usb,1,3612849267,189596,48536576,256,8000,31.780
2026-07-23T01:45:26.446Z,usb,1,3612849267,189597,48536832,256,8000,31.780
2026-07-23T01:45:26.478Z,usb,1,3612849267,189598,48537088,256,8000,31.780
2026-07-23T01:45:26.510Z,usb,1,3612849267,189599,48537344,256,8000,31.780
2026-07-23T01:45:26.542Z,usb,1,3612849267,189600,48537600,256,8000,31.780
2026-07-23T01:45:26.574Z,usb,1,3612849267,189601,48537856,256,8000,31.780
2026-07-23T01:45:26.607Z,usb,1,3612849267,189602,48538112,256,8000,31.780
2026-07-23T01:45:26.638Z,usb,1,3612849267,189603,48538368,256,8000,31.780
2026-07-23T01:45:26.671Z,usb,1,3612849267,189604,48538624,256,8000,31.780
2026-07-23T01:45:26.702Z,usb,1,3612849267,189605,48538880,256,8000,31.780
2026-07-23T01:45:26.734Z,usb,1,3612849267,189606,48539136,256,8000,31.780
2026-07-23T01:45:26.766Z,usb,1,3612849267,189607,48539392,256,8000,31.780
2026-07-23T01:45:26.798Z,usb,1,3612849267,189608,48539648,256,8000,31.780
2026-07-23T01:45:26.830Z,usb,1,3612849267,189609,48539904,256,8000,31.780
2026-07-23T01:45:26.862Z,usb,1,3612849267,189610,48540160,256,8000,31.780
2026-07-23T01:45:26.894Z,usb,1,3612849267,189611,48540416,256,8000,31.780
2026-07-23T01:45:26.926Z,usb,1,3612849267,189612,48540672,256,8000,31.780
2026-07-23T01:45:26.958Z,usb,1,3612849267,189613,48540928,256,8000,31.780
2026-07-23T01:45:26.990Z,usb,1,3612849267,189614,48541184,256,8000,31.780
2026-07-23T01:45:27.022Z,usb,1,3612849267,189615,48541440,256,8000,31.780
2026-07-23T01:45:27.054Z,usb,1,3612849267,189616,48541696,256,8000,31.780
2026-07-23T01:45:27.086Z,usb,1,3612849267,189617,48541952,256,8000,31.780
2026-07-23T01:45:27.119Z,usb,1,3612849267,189618,48542208,256,8000,31.780
2026-07-23T01:45:27.150Z,usb,1,3612849267,189619,48542464,256,8000,31.780
2026-07-23T01:45:27.183Z,usb,1,3612849267,189620,48542720,256,8000,31.780
2026-07-23T01:45:27.214Z,usb,1,3612849267,189621,48542976,256,8000,31.780
2026-07-23T01:45:27.246Z,usb,1,3612849267,189622,48543232,256,8000,31.780
2026-07-23T01:45:27.278Z,usb,1,3612849267,189623,48543488,256,8000,31.780
2026-07-23T01:45:27.310Z,usb,1,3612849267,189624,48543744,256,8000,31.780
2026-07-23T01:45:27.342Z,usb,1,3612849267,189625,48544000,256,8000,31.780
2026-07-23T01:45:27.374Z,usb,1,3612849267,189626,48544256,256,8000,31.780
2026-07-23T01:45:27.406Z,usb,1,3612849267,189627,48544512,256,8000,31.780
2026-07-23T01:45:27.438Z,usb,1,3612849267,189628,48544768,256,8000,31.780
2026-07-23T01:45:27.470Z,usb,1,3612849267,189629,48545024,256,8000,31.780
2026-07-23T01:45:27.502Z,usb,1,3612849267,189630,48545280,256,8000,31.780
2026-07-23T01:45:27.534Z,usb,1,3612849267,189631,48545536,256,8000,31.780
2026-07-23T01:45:27.566Z,usb,1,3612849267,189632,48545792,256,8000,31.780
2026-07-23T01:45:27.599Z,usb,1,3612849267,189633,48546048,256,8000,31.780
2026-07-23T01:45:27.630Z,usb,1,3612849267,189634,48546304,256,8000,31.780
2026-07-23T01:45:27.662Z,usb,1,3612849267,189635,48546560,256,8000,31.780
2026-07-23T01:45:27.695Z,usb,1,3612849267,189636,48546816,256,8000,31.780
2026-07-23T01:45:27.726Z,usb,1,3612849267,189637,48547072,256,8000,31.780
2026-07-23T01:45:27.758Z,usb,1,3612849267,189638,48547328,256,8000,31.780
2026-07-23T01:45:27.790Z,usb,1,3612849267,189639,48547584,256,8000,31.780
2026-07-23T01:45:27.822Z,usb,1,3612849267,189640,48547840,256,8000,31.780
2026-07-23T01:45:27.854Z,usb,1,3612849267,189641,48548096,256,8000,31.780
2026-07-23T01:45:27.886Z,usb,1,3612849267,189642,48548352,256,8000,31.780
2026-07-23T01:45:27.919Z,usb,1,3612849267,189643,48548608,256,8000,31.780
2026-07-23T01:45:27.950Z,usb,1,3612849267,189644,48548864,256,8000,31.780
2026-07-23T01:45:27.982Z,usb,1,3612849267,189645,48549120,256,8000,31.780
2026-07-23T01:45:28.014Z,usb,1,3612849267,189646,48549376,256,8000,31.780
2026-07-23T01:45:28.046Z,usb,1,3612849267,189647,48549632,256,8000,31.780
2026-07-23T01:45:28.079Z,usb,1,3612849267,189648,48549888,256,8000,31.780
2026-07-23T01:45:28.111Z,usb,1,3612849267,189649,48550144,256,8000,31.780
2026-07-23T01:45:28.142Z,usb,1,3612849267,189650,48550400,256,8000,31.780
2026-07-23T01:45:28.174Z,usb,1,3612849267,189651,48550656,256,8000,31.780
2026-07-23T01:45:28.213Z,usb,1,3612849267,189652,48550912,256,8000,31.780
2026-07-23T01:45:28.239Z,usb,1,3612849267,189653,48551168,256,8000,31.780
2026-07-23T01:45:28.270Z,usb,1,3612849267,189654,48551424,256,8000,31.780
2026-07-23T01:45:28.302Z,usb,1,3612849267,189655,48551680,256,8000,31.780
2026-07-23T01:45:28.334Z,usb,1,3612849267,189656,48551936,256,8000,31.780
2026-07-23T01:45:28.366Z,usb,1,3612849267,189657,48552192,256,8000,31.780
2026-07-23T01:45:28.399Z,usb,1,3612849267,189658,48552448,256,8000,31.780
2026-07-23T01:45:28.430Z,usb,1,3612849267,189659,48552704,256,8000,31.780
2026-07-23T01:45:28.463Z,usb,1,3612849267,189660,48552960,256,8000,31.780
2026-07-23T01:45:28.495Z,usb,1,3612849267,189661,48553216,256,8000,31.780
2026-07-23T01:45:28.526Z,usb,1,3612849267,189662,48553472,256,8000,31.780
2026-07-23T01:45:28.558Z,usb,1,3612849267,189663,48553728,256,8000,31.780
2026-07-23T01:45:28.590Z,usb,1,3612849267,189664,48553984,256,8000,31.780
2026-07-23T01:45:28.622Z,usb,1,3612849267,189665,48554240,256,8000,31.780
2026-07-23T01:45:28.654Z,usb,1,3612849267,189666,48554496,256,8000,31.780
2026-07-23T01:45:28.686Z,usb,1,3612849267,189667,48554752,256,8000,31.780
2026-07-23T01:45:28.719Z,usb,1,3612849267,189668,48555008,256,8000,31.790
2026-07-23T01:45:28.750Z,usb,1,3612849267,189669,48555264,256,8000,31.790
2026-07-23T01:45:28.782Z,usb,1,3612849267,189670,48555520,256,8000,31.790
2026-07-23T01:45:28.815Z,usb,1,3612849267,189671,48555776,256,8000,31.790
2026-07-23T01:45:28.846Z,usb,1,3612849267,189672,48556032,256,8000,31.790
2026-07-23T01:45:28.879Z,usb,1,3612849267,189673,48556288,256,8000,31.790
2026-07-23T01:45:28.911Z,usb,1,3612849267,189674,48556544,256,8000,31.790
2026-07-23T01:45:28.943Z,usb,1,3612849267,189675,48556800,256,8000,31.790
2026-07-23T01:45:28.974Z,usb,1,3612849267,189676,48557056,256,8000,31.790
2026-07-23T01:45:29.006Z,usb,1,3612849267,189677,48557312,256,8000,31.790
2026-07-23T01:45:29.038Z,usb,1,3612849267,189678,48557568,256,8000,31.790
2026-07-23T01:45:29.070Z,usb,1,3612849267,189679,48557824,256,8000,31.790
2026-07-23T01:45:29.103Z,usb,1,3612849267,189680,48558080,256,8000,31.790
2026-07-23T01:45:29.135Z,usb,1,3612849267,189681,48558336,256,8000,31.790
2026-07-23T01:45:29.166Z,usb,1,3612849267,189682,48558592,256,8000,31.790
2026-07-23T01:45:29.199Z,usb,1,3612849267,189683,48558848,256,8000,31.790
2026-07-23T01:45:29.231Z,usb,1,3612849267,189684,48559104,256,8000,31.790
2026-07-23T01:45:29.262Z,usb,1,3612849267,189685,48559360,256,8000,31.790
2026-07-23T01:45:29.294Z,usb,1,3612849267,189686,48559616,256,8000,31.790
2026-07-23T01:45:29.327Z,usb,1,3612849267,189687,48559872,256,8000,31.790
2026-07-23T01:45:29.358Z,usb,1,3612849267,189688,48560128,256,8000,31.790
2026-07-23T01:45:29.390Z,usb,1,3612849267,189689,48560384,256,8000,31.790
2026-07-23T01:45:29.422Z,usb,1,3612849267,189690,48560640,256,8000,31.790
2026-07-23T01:45:29.455Z,usb,1,3612849267,189691,48560896,256,8000,31.790
2026-07-23T01:45:29.486Z,usb,1,3612849267,189692,48561152,256,8000,31.790
2026-07-23T01:45:29.518Z,usb,1,3612849267,189693,48561408,256,8000,31.790
2026-07-23T01:45:29.551Z,usb,1,3612849267,189694,48561664,256,8000,31.790
2026-07-23T01:45:29.582Z,usb,1,3612849267,189695,48561920,256,8000,31.790
2026-07-23T01:45:29.615Z,usb,1,3612849267,189696,48562176,256,8000,31.790
2026-07-23T01:45:29.647Z,usb,1,3612849267,189697,48562432,256,8000,31.790
2026-07-23T01:45:29.678Z,usb,1,3612849267,189698,48562688,256,8000,31.790
2026-07-23T01:45:29.710Z,usb,1,3612849267,189699,48562944,256,8000,31.790
2026-07-23T01:45:29.743Z,usb,1,3612849267,189700,48563200,256,8000,31.780
2026-07-23T01:45:29.774Z,usb,1,3612849267,189701,48563456,256,8000,31.780
2026-07-23T01:45:29.807Z,usb,1,3612849267,189702,48563712,256,8000,31.780
2026-07-23T01:45:29.839Z,usb,1,3612849267,189703,48563968,256,8000,31.780
2026-07-23T01:45:29.870Z,usb,1,3612849267,189704,48564224,256,8000,31.780
2026-07-23T01:45:29.902Z,usb,1,3612849267,189705,48564480,256,8000,31.780
2026-07-23T01:45:29.934Z,usb,1,3612849267,189706,48564736,256,8000,31.780
2026-07-23T01:45:29.966Z,usb,1,3612849267,189707,48564992,256,8000,31.780
2026-07-23T01:45:29.998Z,usb,1,3612849267,189708,48565248,256,8000,31.780
2026-07-23T01:45:30.030Z,usb,1,3612849267,189709,48565504,256,8000,31.780
2026-07-23T01:45:30.062Z,usb,1,3612849267,189710,48565760,256,8000,31.780
2026-07-23T01:45:30.094Z,usb,1,3612849267,189711,48566016,256,8000,31.780
2026-07-23T01:45:30.126Z,usb,1,3612849267,189712,48566272,256,8000,31.780
2026-07-23T01:45:30.158Z,usb,1,3612849267,189713,48566528,256,8000,31.780
2026-07-23T01:45:30.190Z,usb,1,3612849267,189714,48566784,256,8000,31.780
2026-07-23T01:45:30.223Z,usb,1,3612849267,189715,48567040,256,8000,31.780
2026-07-23T01:45:30.255Z,usb,1,3612849267,189716,48567296,256,8000,31.780
2026-07-23T01:45:30.287Z,usb,1,3612849267,189717,48567552,256,8000,31.780
2026-07-23T01:45:30.318Z,usb,1,3612849267,189718,48567808,256,8000,31.780
2026-07-23T01:45:30.351Z,usb,1,3612849267,189719,48568064,256,8000,31.780
2026-07-23T01:45:30.382Z,usb,1,3612849267,189720,48568320,256,8000,31.780
2026-07-23T01:45:30.414Z,usb,1,3612849267,189721,48568576,256,8000,31.780
2026-07-23T01:45:30.447Z,usb,1,3612849267,189722,48568832,256,8000,31.780
2026-07-23T01:45:30.479Z,usb,1,3612849267,189723,48569088,256,8000,31.780
2026-07-23T01:45:30.510Z,usb,1,3612849267,189724,48569344,256,8000,31.780
2026-07-23T01:45:30.543Z,usb,1,3612849267,189725,48569600,256,8000,31.780
2026-07-23T01:45:30.574Z,usb,1,3612849267,189726,48569856,256,8000,31.780
2026-07-23T01:45:30.607Z,usb,1,3612849267,189727,48570112,256,8000,31.780
2026-07-23T01:45:30.638Z,usb,1,3612849267,189728,48570368,256,8000,31.780
2026-07-23T01:45:30.671Z,usb,1,3612849267,189729,48570624,256,8000,31.780
2026-07-23T01:45:30.702Z,usb,1,3612849267,189730,48570880,256,8000,31.780
2026-07-23T01:45:30.734Z,usb,1,3612849267,189731,48571136,256,8000,31.780
2026-07-23T01:45:30.767Z,usb,1,3612849267,189732,48571392,256,8000,31.780
2026-07-23T01:45:30.798Z,usb,1,3612849267,189733,48571648,256,8000,31.780
2026-07-23T01:45:30.830Z,usb,1,3612849267,189734,48571904,256,8000,31.780
2026-07-23T01:45:30.862Z,usb,1,3612849267,189735,48572160,256,8000,31.780
2026-07-23T01:45:30.894Z,usb,1,3612849267,189736,48572416,256,8000,31.780
2026-07-23T01:45:30.926Z,usb,1,3612849267,189737,48572672,256,8000,31.780
2026-07-23T01:45:30.958Z,usb,1,3612849267,189738,48572928,256,8000,31.780
2026-07-23T01:45:30.990Z,usb,1,3612849267,189739,48573184,256,8000,31.780
2026-07-23T01:45:31.022Z,usb,1,3612849267,189740,48573440,256,8000,31.780
2026-07-23T01:45:31.055Z,usb,1,3612849267,189741,48573696,256,8000,31.780
2026-07-23T01:45:31.086Z,usb,1,3612849267,189742,48573952,256,8000,31.780
2026-07-23T01:45:31.119Z,usb,1,3612849267,189743,48574208,256,8000,31.780
2026-07-23T01:45:31.151Z,usb,1,3612849267,189744,48574464,256,8000,31.780
2026-07-23T01:45:31.182Z,usb,1,3612849267,189745,48574720,256,8000,31.780
2026-07-23T01:45:31.214Z,usb,1,3612849267,189746,48574976,256,8000,31.780
2026-07-23T01:45:31.246Z,usb,1,3612849267,189747,48575232,256,8000,31.780
2026-07-23T01:45:31.278Z,usb,1,3612849267,189748,48575488,256,8000,31.780
2026-07-23T01:45:31.310Z,usb,1,3612849267,189749,48575744,256,8000,31.780
2026-07-23T01:45:31.342Z,usb,1,3612849267,189750,48576000,256,8000,31.780
2026-07-23T01:45:31.375Z,usb,1,3612849267,189751,48576256,256,8000,31.780
2026-07-23T01:45:31.406Z,usb,1,3612849267,189752,48576512,256,8000,31.780
2026-07-23T01:45:31.438Z,usb,1,3612849267,189753,48576768,256,8000,31.780
2026-07-23T01:45:31.471Z,usb,1,3612849267,189754,48577024,256,8000,31.780
2026-07-23T01:45:31.502Z,usb,1,3612849267,189755,48577280,256,8000,31.780
2026-07-23T01:45:31.534Z,usb,1,3612849267,189756,48577536,256,8000,31.780
2026-07-23T01:45:31.566Z,usb,1,3612849267,189757,48577792,256,8000,31.780
2026-07-23T01:45:31.599Z,usb,1,3612849267,189758,48578048,256,8000,31.780
2026-07-23T01:45:31.630Z,usb,1,3612849267,189759,48578304,256,8000,31.780
2026-07-23T01:45:31.662Z,usb,1,3612849267,189760,48578560,256,8000,31.780
2026-07-23T01:45:31.694Z,usb,1,3612849267,189761,48578816,256,8000,31.780
2026-07-23T01:45:31.726Z,usb,1,3612849267,189762,48579072,256,8000,31.780
2026-07-23T01:45:31.758Z,usb,1,3612849267,189763,48579328,256,8000,31.780
2026-07-23T01:45:31.791Z,usb,1,3612849267,189764,48579584,256,8000,31.780
2026-07-23T01:45:31.822Z,usb,1,3612849267,189765,48579840,256,8000,31.780
2026-07-23T01:45:31.854Z,usb,1,3612849267,189766,48580096,256,8000,31.780
2026-07-23T01:45:31.886Z,usb,1,3612849267,189767,48580352,256,8000,31.780
2026-07-23T01:45:31.918Z,usb,1,3612849267,189768,48580608,256,8000,31.780
2026-07-23T01:45:31.950Z,usb,1,3612849267,189769,48580864,256,8000,31.780
2026-07-23T01:45:31.982Z,usb,1,3612849267,189770,48581120,256,8000,31.780
2026-07-23T01:45:32.014Z,usb,1,3612849267,189771,48581376,256,8000,31.780
2026-07-23T01:45:32.046Z,usb,1,3612849267,189772,48581632,256,8000,31.780
2026-07-23T01:45:32.079Z,usb,1,3612849267,189773,48581888,256,8000,31.780
2026-07-23T01:45:32.111Z,usb,1,3612849267,189774,48582144,256,8000,31.780
2026-07-23T01:45:32.142Z,usb,1,3612849267,189775,48582400,256,8000,31.780
2026-07-23T01:45:32.175Z,usb,1,3612849267,189776,48582656,256,8000,31.780
2026-07-23T01:45:32.206Z,usb,1,3612849267,189777,48582912,256,8000,31.780
2026-07-23T01:45:32.238Z,usb,1,3612849267,189778,48583168,256,8000,31.780
2026-07-23T01:45:32.271Z,usb,1,3612849267,189779,48583424,256,8000,31.780
2026-07-23T01:45:32.302Z,usb,1,3612849267,189780,48583680,256,8000,31.780
2026-07-23T01:45:32.334Z,usb,1,3612849267,189781,48583936,256,8000,31.780
2026-07-23T01:45:32.366Z,usb,1,3612849267,189782,48584192,256,8000,31.780
2026-07-23T01:45:32.398Z,usb,1,3612849267,189783,48584448,256,8000,31.780
2026-07-23T01:45:32.430Z,usb,1,3612849267,189784,48584704,256,8000,31.780
2026-07-23T01:45:32.462Z,usb,1,3612849267,189785,48584960,256,8000,31.780
2026-07-23T01:45:32.494Z,usb,1,3612849267,189786,48585216,256,8000,31.780
2026-07-23T01:45:32.526Z,usb,1,3612849267,189787,48585472,256,8000,31.780
2026-07-23T01:45:32.558Z,usb,1,3612849267,189788,48585728,256,8000,31.780
2026-07-23T01:45:32.591Z,usb,1,3612849267,189789,48585984,256,8000,31.780
2026-07-23T01:45:32.622Z,usb,1,3612849267,189790,48586240,256,8000,31.780
2026-07-23T01:45:32.654Z,usb,1,3612849267,189791,48586496,256,8000,31.780
2026-07-23T01:45:32.686Z,usb,1,3612849267,189792,48586752,256,8000,31.780
2026-07-23T01:45:32.718Z,usb,1,3612849267,189793,48587008,256,8000,31.780
2026-07-23T01:45:32.750Z,usb,1,3612849267,189794,48587264,256,8000,31.780
2026-07-23T01:45:32.783Z,usb,1,3612849267,189795,48587520,256,8000,31.780
2026-07-23T01:45:32.815Z,usb,1,3612849267,189796,48587776,256,8000,31.780
2026-07-23T01:45:32.846Z,usb,1,3612849267,189797,48588032,256,8000,31.780
2026-07-23T01:45:32.879Z,usb,1,3612849267,189798,48588288,256,8000,31.780
2026-07-23T01:45:32.910Z,usb,1,3612849267,189799,48588544,256,8000,31.780
2026-07-23T01:45:32.942Z,usb,1,3612849267,189800,48588800,256,8000,31.780
2026-07-23T01:45:32.975Z,usb,1,3612849267,189801,48589056,256,8000,31.780
2026-07-23T01:45:33.007Z,usb,1,3612849267,189802,48589312,256,8000,31.780
2026-07-23T01:45:33.038Z,usb,1,3612849267,189803,48589568,256,8000,31.780
2026-07-23T01:45:33.071Z,usb,1,3612849267,189804,48589824,256,8000,31.780
2026-07-23T01:45:33.103Z,usb,1,3612849267,189805,48590080,256,8000,31.780
2026-07-23T01:45:33.134Z,usb,1,3612849267,189806,48590336,256,8000,31.780
2026-07-23T01:45:33.166Z,usb,1,3612849267,189807,48590592,256,8000,31.780
2026-07-23T01:45:33.198Z,usb,1,3612849267,189808,48590848,256,8000,31.780
2026-07-23T01:45:33.230Z,usb,1,3612849267,189809,48591104,256,8000,31.780
2026-07-23T01:45:33.262Z,usb,1,3612849267,189810,48591360,256,8000,31.780
2026-07-23T01:45:33.295Z,usb,1,3612849267,189811,48591616,256,8000,31.780
2026-07-23T01:45:33.326Z,usb,1,3612849267,189812,48591872,256,8000,31.780
2026-07-23T01:45:33.358Z,usb,1,3612849267,189813,48592128,256,8000,31.780
2026-07-23T01:45:33.390Z,usb,1,3612849267,189814,48592384,256,8000,31.780
2026-07-23T01:45:33.422Z,usb,1,3612849267,189815,48592640,256,8000,31.780
2026-07-23T01:45:33.454Z,usb,1,3612849267,189816,48592896,256,8000,31.780
2026-07-23T01:45:33.486Z,usb,1,3612849267,189817,48593152,256,8000,31.780
2026-07-23T01:45:33.518Z,usb,1,3612849267,189818,48593408,256,8000,31.780
2026-07-23T01:45:33.550Z,usb,1,3612849267,189819,48593664,256,8000,31.780
2026-07-23T01:45:33.583Z,usb,1,3612849267,189820,48593920,256,8000,31.780
2026-07-23T01:45:33.615Z,usb,1,3612849267,189821,48594176,256,8000,31.780
2026-07-23T01:45:33.646Z,usb,1,3612849267,189822,48594432,256,8000,31.780
2026-07-23T01:45:33.678Z,usb,1,3612849267,189823,48594688,256,8000,31.780
2026-07-23T01:45:33.710Z,usb,1,3612849267,189824,48594944,256,8000,31.780
2026-07-23T01:45:33.742Z,usb,1,3612849267,189825,48595200,256,8000,31.780
2026-07-23T01:45:33.774Z,usb,1,3612849267,189826,48595456,256,8000,31.780
2026-07-23T01:45:33.806Z,usb,1,3612849267,189827,48595712,256,8000,31.780
2026-07-23T01:45:33.839Z,usb,1,3612849267,189828,48595968,256,8000,31.780
2026-07-23T01:45:33.870Z,usb,1,3612849267,189829,48596224,256,8000,31.780
2026-07-23T01:45:33.902Z,usb,1,3612849267,189830,48596480,256,8000,31.780
2026-07-23T01:45:33.934Z,usb,1,3612849267,189831,48596736,256,8000,31.780
2026-07-23T01:45:33.966Z,usb,1,3612849267,189832,48596992,256,8000,31.780
2026-07-23T01:45:33.998Z,usb,1,3612849267,189833,48597248,256,8000,31.780
2026-07-23T01:45:34.030Z,usb,1,3612849267,189834,48597504,256,8000,31.780
2026-07-23T01:45:34.062Z,usb,1,3612849267,189835,48597760,256,8000,31.780
2026-07-23T01:45:34.095Z,usb,1,3612849267,189836,48598016,256,8000,31.780
2026-07-23T01:45:34.127Z,usb,1,3612849267,189837,48598272,256,8000,31.780
2026-07-23T01:45:34.158Z,usb,1,3612849267,189838,48598528,256,8000,31.780
2026-07-23T01:45:34.190Z,usb,1,3612849267,189839,48598784,256,8000,31.780
2026-07-23T01:45:34.222Z,usb,1,3612849267,189840,48599040,256,8000,31.780
2026-07-23T01:45:34.254Z,usb,1,3612849267,189841,48599296,256,8000,31.780
2026-07-23T01:45:34.286Z,usb,1,3612849267,189842,48599552,256,8000,31.780
2026-07-23T01:45:34.318Z,usb,1,3612849267,189843,48599808,256,8000,31.780
2026-07-23T01:45:34.350Z,usb,1,3612849267,189844,48600064,256,8000,31.780
2026-07-23T01:45:34.382Z,usb,1,3612849267,189845,48600320,256,8000,31.780
2026-07-23T01:45:34.414Z,usb,1,3612849267,189846,48600576,256,8000,31.780
2026-07-23T01:45:34.446Z,usb,1,3612849267,189847,48600832,256,8000,31.780
2026-07-23T01:45:34.478Z,usb,1,3612849267,189848,48601088,256,8000,31.780
2026-07-23T01:45:34.510Z,usb,1,3612849267,189849,48601344,256,8000,31.780
2026-07-23T01:45:34.542Z,usb,1,3612849267,189850,48601600,256,8000,31.780
2026-07-23T01:45:34.574Z,usb,1,3612849267,189851,48601856,256,8000,31.780
2026-07-23T01:45:34.607Z,usb,1,3612849267,189852,48602112,256,8000,31.780
2026-07-23T01:45:34.638Z,usb,1,3612849267,189853,48602368,256,8000,31.780
2026-07-23T01:45:34.670Z,usb,1,3612849267,189854,48602624,256,8000,31.780
2026-07-23T01:45:34.702Z,usb,1,3612849267,189855,48602880,256,8000,31.780
2026-07-23T01:45:34.734Z,usb,1,3612849267,189856,48603136,256,8000,31.780
2026-07-23T01:45:34.766Z,usb,1,3612849267,189857,48603392,256,8000,31.780
2026-07-23T01:45:34.798Z,usb,1,3612849267,189858,48603648,256,8000,31.780
2026-07-23T01:45:34.830Z,usb,1,3612849267,189859,48603904,256,8000,31.780
2026-07-23T01:45:34.863Z,usb,1,3612849267,189860,48604160,256,8000,31.780
2026-07-23T01:45:34.894Z,usb,1,3612849267,189861,48604416,256,8000,31.780
2026-07-23T01:45:34.926Z,usb,1,3612849267,189862,48604672,256,8000,31.780
2026-07-23T01:45:34.958Z,usb,1,3612849267,189863,48604928,256,8000,31.780
2026-07-23T01:45:34.990Z,usb,1,3612849267,189864,48605184,256,8000,31.780
2026-07-23T01:45:35.022Z,usb,1,3612849267,189865,48605440,256,8000,31.780
2026-07-23T01:45:35.054Z,usb,1,3612849267,189866,48605696,256,8000,31.780
2026-07-23T01:45:35.086Z,usb,1,3612849267,189867,48605952,256,8000,31.780
2026-07-23T01:45:35.119Z,usb,1,3612849267,189868,48606208,256,8000,31.780
2026-07-23T01:45:35.150Z,usb,1,3612849267,189869,48606464,256,8000,31.780
2026-07-23T01:45:35.183Z,usb,1,3612849267,189870,48606720,256,8000,31.780
2026-07-23T01:45:35.215Z,usb,1,3612849267,189871,48606976,256,8000,31.780
2026-07-23T01:45:35.246Z,usb,1,3612849267,189872,48607232,256,8000,31.780
2026-07-23T01:45:35.278Z,usb,1,3612849267,189873,48607488,256,8000,31.780
2026-07-23T01:45:35.310Z,usb,1,3612849267,189874,48607744,256,8000,31.780
2026-07-23T01:45:35.342Z,usb,1,3612849267,189875,48608000,256,8000,31.780
2026-07-23T01:45:35.374Z,usb,1,3612849267,189876,48608256,256,8000,31.780
2026-07-23T01:45:35.406Z,usb,1,3612849267,189877,48608512,256,8000,31.780
2026-07-23T01:45:35.438Z,usb,1,3612849267,189878,48608768,256,8000,31.780
2026-07-23T01:45:35.470Z,usb,1,3612849267,189879,48609024,256,8000,31.780
2026-07-23T01:45:35.502Z,usb,1,3612849267,189880,48609280,256,8000,31.780
2026-07-23T01:45:35.534Z,usb,1,3612849267,189881,48609536,256,8000,31.780
2026-07-23T01:45:35.567Z,usb,1,3612849267,189882,48609792,256,8000,31.780
2026-07-23T01:45:35.598Z,usb,1,3612849267,189883,48610048,256,8000,31.780
2026-07-23T01:45:35.631Z,usb,1,3612849267,189884,48610304,256,8000,31.780
2026-07-23T01:45:35.662Z,usb,1,3612849267,189885,48610560,256,8000,31.780
2026-07-23T01:45:35.694Z,usb,1,3612849267,189886,48610816,256,8000,31.780
2026-07-23T01:45:35.726Z,usb,1,3612849267,189887,48611072,256,8000,31.780
2026-07-23T01:45:35.758Z,usb,1,3612849267,189888,48611328,256,8000,31.780
2026-07-23T01:45:35.791Z,usb,1,3612849267,189889,48611584,256,8000,31.780
2026-07-23T01:45:35.822Z,usb,1,3612849267,189890,48611840,256,8000,31.780
2026-07-23T01:45:35.854Z,usb,1,3612849267,189891,48612096,256,8000,31.780
2026-07-23T01:45:35.887Z,usb,1,3612849267,189892,48612352,256,8000,31.790
2026-07-23T01:45:35.918Z,usb,1,3612849267,189893,48612608,256,8000,31.790
2026-07-23T01:45:35.950Z,usb,1,3612849267,189894,48612864,256,8000,31.790
2026-07-23T01:45:35.983Z,usb,1,3612849267,189895,48613120,256,8000,31.790
2026-07-23T01:45:36.014Z,usb,1,3612849267,189896,48613376,256,8000,31.790
2026-07-23T01:45:36.046Z,usb,1,3612849267,189897,48613632,256,8000,31.790
2026-07-23T01:45:36.079Z,usb,1,3612849267,189898,48613888,256,8000,31.790
2026-07-23T01:45:36.111Z,usb,1,3612849267,189899,48614144,256,8000,31.790
2026-07-23T01:45:36.143Z,usb,1,3612849267,189900,48614400,256,8000,31.790
2026-07-23T01:45:36.175Z,usb,1,3612849267,189901,48614656,256,8000,31.790
2026-07-23T01:45:36.207Z,usb,1,3612849267,189902,48614912,256,8000,31.790
2026-07-23T01:45:36.238Z,usb,1,3612849267,189903,48615168,256,8000,31.790
2026-07-23T01:45:36.270Z,usb,1,3612849267,189904,48615424,256,8000,31.790
2026-07-23T01:45:36.303Z,usb,1,3612849267,189905,48615680,256,8000,31.790
2026-07-23T01:45:36.334Z,usb,1,3612849267,189906,48615936,256,8000,31.790
2026-07-23T01:45:36.366Z,usb,1,3612849267,189907,48616192,256,8000,31.790
2026-07-23T01:45:36.398Z,usb,1,3612849267,189908,48616448,256,8000,31.790
2026-07-23T01:45:36.430Z,usb,1,3612849267,189909,48616704,256,8000,31.790
2026-07-23T01:45:36.462Z,usb,1,3612849267,189910,48616960,256,8000,31.790
2026-07-23T01:45:36.495Z,usb,1,3612849267,189911,48617216,256,8000,31.790
2026-07-23T01:45:36.526Z,usb,1,3612849267,189912,48617472,256,8000,31.790
2026-07-23T01:45:36.558Z,usb,1,3612849267,189913,48617728,256,8000,31.790
2026-07-23T01:45:36.591Z,usb,1,3612849267,189914,48617984,256,8000,31.790
2026-07-23T01:45:36.623Z,usb,1,3612849267,189915,48618240,256,8000,31.790
2026-07-23T01:45:36.654Z,usb,1,3612849267,189916,48618496,256,8000,31.790
2026-07-23T01:45:36.687Z,usb,1,3612849267,189917,48618752,256,8000,31.790
2026-07-23T01:45:36.719Z,usb,1,3612849267,189918,48619008,256,8000,31.790
2026-07-23T01:45:36.750Z,usb,1,3612849267,189919,48619264,256,8000,31.790
2026-07-23T01:45:36.782Z,usb,1,3612849267,189920,48619520,256,8000,31.790
2026-07-23T01:45:36.815Z,usb,1,3612849267,189921,48619776,256,8000,31.790
2026-07-23T01:45:36.846Z,usb,1,3612849267,189922,48620032,256,8000,31.790
2026-07-23T01:45:36.878Z,usb,1,3612849267,189923,48620288,256,8000,31.790
2026-07-23T01:45:36.911Z,usb,1,3612849267,189924,48620544,256,8000,31.780
2026-07-23T01:45:36.942Z,usb,1,3612849267,189925,48620800,256,8000,31.780
2026-07-23T01:45:36.974Z,usb,1,3612849267,189926,48621056,256,8000,31.780
2026-07-23T01:45:37.007Z,usb,1,3612849267,189927,48621312,256,8000,31.780
2026-07-23T01:45:37.038Z,usb,1,3612849267,189928,48621568,256,8000,31.780
2026-07-23T01:45:37.071Z,usb,1,3612849267,189929,48621824,256,8000,31.780
2026-07-23T01:45:37.102Z,usb,1,3612849267,189930,48622080,256,8000,31.780
2026-07-23T01:45:37.135Z,usb,1,3612849267,189931,48622336,256,8000,31.780
2026-07-23T01:45:37.166Z,usb,1,3612849267,189932,48622592,256,8000,31.780
2026-07-23T01:45:37.199Z,usb,1,3612849267,189933,48622848,256,8000,31.780
2026-07-23T01:45:37.230Z,usb,1,3612849267,189934,48623104,256,8000,31.780
2026-07-23T01:45:37.262Z,usb,1,3612849267,189935,48623360,256,8000,31.780
2026-07-23T01:45:37.294Z,usb,1,3612849267,189936,48623616,256,8000,31.780
2026-07-23T01:45:37.326Z,usb,1,3612849267,189937,48623872,256,8000,31.780
2026-07-23T01:45:37.358Z,usb,1,3612849267,189938,48624128,256,8000,31.780
2026-07-23T01:45:37.390Z,usb,1,3612849267,189939,48624384,256,8000,31.780
2026-07-23T01:45:37.422Z,usb,1,3612849267,189940,48624640,256,8000,31.780
2026-07-23T01:45:37.454Z,usb,1,3612849267,189941,48624896,256,8000,31.780
2026-07-23T01:45:37.486Z,usb,1,3612849267,189942,48625152,256,8000,31.780
2026-07-23T01:45:37.519Z,usb,1,3612849267,189943,48625408,256,8000,31.780
2026-07-23T01:45:37.550Z,usb,1,3612849267,189944,48625664,256,8000,31.780
2026-07-23T01:45:37.583Z,usb,1,3612849267,189945,48625920,256,8000,31.780
2026-07-23T01:45:37.615Z,usb,1,3612849267,189946,48626176,256,8000,31.780
2026-07-23T01:45:37.646Z,usb,1,3612849267,189947,48626432,256,8000,31.780
2026-07-23T01:45:37.678Z,usb,1,3612849267,189948,48626688,256,8000,31.780
2026-07-23T01:45:37.711Z,usb,1,3612849267,189949,48626944,256,8000,31.780
2026-07-23T01:45:37.742Z,usb,1,3612849267,189950,48627200,256,8000,31.780
2026-07-23T01:45:37.774Z,usb,1,3612849267,189951,48627456,256,8000,31.780
2026-07-23T01:45:37.807Z,usb,1,3612849267,189952,48627712,256,8000,31.780
2026-07-23T01:45:37.838Z,usb,1,3612849267,189953,48627968,256,8000,31.780
2026-07-23T01:45:37.870Z,usb,1,3612849267,189954,48628224,256,8000,31.780
2026-07-23T01:45:37.902Z,usb,1,3612849267,189955,48628480,256,8000,31.780
2026-07-23T01:45:37.935Z,usb,1,3612849267,189956,48628736,256,8000,31.780
2026-07-23T01:45:37.966Z,usb,1,3612849267,189957,48628992,256,8000,31.780
2026-07-23T01:45:37.998Z,usb,1,3612849267,189958,48629248,256,8000,31.780
2026-07-23T01:45:38.030Z,usb,1,3612849267,189959,48629504,256,8000,31.780
2026-07-23T01:45:38.062Z,usb,1,3612849267,189960,48629760,256,8000,31.780
2026-07-23T01:45:38.095Z,usb,1,3612849267,189961,48630016,256,8000,31.780
2026-07-23T01:45:38.127Z,usb,1,3612849267,189962,48630272,256,8000,31.780
2026-07-23T01:45:38.158Z,usb,1,3612849267,189963,48630528,256,8000,31.780
2026-07-23T01:45:38.190Z,usb,1,3612849267,189964,48630784,256,8000,31.780
2026-07-23T01:45:38.222Z,usb,1,3612849267,189965,48631040,256,8000,31.780
2026-07-23T01:45:38.254Z,usb,1,3612849267,189966,48631296,256,8000,31.780
2026-07-23T01:45:38.287Z,usb,1,3612849267,189967,48631552,256,8000,31.780
2026-07-23T01:45:38.319Z,usb,1,3612849267,189968,48631808,256,8000,31.780
2026-07-23T01:45:38.350Z,usb,1,3612849267,189969,48632064,256,8000,31.780
2026-07-23T01:45:38.382Z,usb,1,3612849267,189970,48632320,256,8000,31.780
2026-07-23T01:45:38.415Z,usb,1,3612849267,189971,48632576,256,8000,31.780
2026-07-23T01:45:38.446Z,usb,1,3612849267,189972,48632832,256,8000,31.780
2026-07-23T01:45:38.478Z,usb,1,3612849267,189973,48633088,256,8000,31.780
2026-07-23T01:45:38.510Z,usb,1,3612849267,189974,48633344,256,8000,31.780
2026-07-23T01:45:38.543Z,usb,1,3612849267,189975,48633600,256,8000,31.780
2026-07-23T01:45:38.575Z,usb,1,3612849267,189976,48633856,256,8000,31.780
2026-07-23T01:45:38.606Z,usb,1,3612849267,189977,48634112,256,8000,31.780
2026-07-23T01:45:38.639Z,usb,1,3612849267,189978,48634368,256,8000,31.780
2026-07-23T01:45:38.670Z,usb,1,3612849267,189979,48634624,256,8000,31.780
2026-07-23T01:45:38.702Z,usb,1,3612849267,189980,48634880,256,8000,31.780
2026-07-23T01:45:38.735Z,usb,1,3612849267,189981,48635136,256,8000,31.780
2026-07-23T01:45:38.766Z,usb,1,3612849267,189982,48635392,256,8000,31.780
2026-07-23T01:45:38.798Z,usb,1,3612849267,189983,48635648,256,8000,31.780
2026-07-23T01:45:38.830Z,usb,1,3612849267,189984,48635904,256,8000,31.780
2026-07-23T01:45:38.862Z,usb,1,3612849267,189985,48636160,256,8000,31.780
2026-07-23T01:45:38.894Z,usb,1,3612849267,189986,48636416,256,8000,31.780
2026-07-23T01:45:38.926Z,usb,1,3612849267,189987,48636672,256,8000,31.780
2026-07-23T01:45:38.959Z,usb,1,3612849267,189988,48636928,256,8000,31.780
2026-07-23T01:45:38.990Z,usb,1,3612849267,189989,48637184,256,8000,31.780
2026-07-23T01:45:39.023Z,usb,1,3612849267,189990,48637440,256,8000,31.780
2026-07-23T01:45:39.055Z,usb,1,3612849267,189991,48637696,256,8000,31.780
2026-07-23T01:45:39.087Z,usb,1,3612849267,189992,48637952,256,8000,31.780
2026-07-23T01:45:39.119Z,usb,1,3612849267,189993,48638208,256,8000,31.780
2026-07-23T01:45:39.151Z,usb,1,3612849267,189994,48638464,256,8000,31.780
2026-07-23T01:45:39.183Z,usb,1,3612849267,189995,48638720,256,8000,31.780
2026-07-23T01:45:39.214Z,usb,1,3612849267,189996,48638976,256,8000,31.780
2026-07-23T01:45:39.247Z,usb,1,3612849267,189997,48639232,256,8000,31.780
2026-07-23T01:45:39.279Z,usb,1,3612849267,189998,48639488,256,8000,31.780
2026-07-23T01:45:39.310Z,usb,1,3612849267,189999,48639744,256,8000,31.780
2026-07-23T01:45:39.343Z,usb,1,3612849267,190000,48640000,256,8000,31.780
2026-07-23T01:45:39.374Z,usb,1,3612849267,190001,48640256,256,8000,31.780
2026-07-23T01:45:39.406Z,usb,1,3612849267,190002,48640512,256,8000,31.780
2026-07-23T01:45:39.439Z,usb,1,3612849267,190003,48640768,256,8000,31.780
2026-07-23T01:45:39.470Z,usb,1,3612849267,190004,48641024,256,8000,31.780
2026-07-23T01:45:39.502Z,usb,1,3612849267,190005,48641280,256,8000,31.780
2026-07-23T01:45:39.535Z,usb,1,3612849267,190006,48641536,256,8000,31.780
2026-07-23T01:45:39.566Z,usb,1,3612849267,190007,48641792,256,8000,31.780
2026-07-23T01:45:39.598Z,usb,1,3612849267,190008,48642048,256,8000,31.780
2026-07-23T01:45:39.630Z,usb,1,3612849267,190009,48642304,256,8000,31.780
2026-07-23T01:45:39.663Z,usb,1,3612849267,190010,48642560,256,8000,31.780
2026-07-23T01:45:39.694Z,usb,1,3612849267,190011,48642816,256,8000,31.780
2026-07-23T01:45:39.727Z,usb,1,3612849267,190012,48643072,256,8000,31.780
2026-07-23T01:45:39.758Z,usb,1,3612849267,190013,48643328,256,8000,31.780
2026-07-23T01:45:39.790Z,usb,1,3612849267,190014,48643584,256,8000,31.780
2026-07-23T01:45:39.822Z,usb,1,3612849267,190015,48643840,256,8000,31.780
2026-07-23T01:45:39.855Z,usb,1,3612849267,190016,48644096,256,8000,31.780
2026-07-23T01:45:39.886Z,usb,1,3612849267,190017,48644352,256,8000,31.780
2026-07-23T01:45:39.918Z,usb,1,3612849267,190018,48644608,256,8000,31.780
2026-07-23T01:45:39.951Z,usb,1,3612849267,190019,48644864,256,8000,31.780
2026-07-23T01:45:39.983Z,usb,1,3612849267,190020,48645120,256,8000,31.780
2026-07-23T01:45:40.014Z,usb,1,3612849267,190021,48645376,256,8000,31.780
2026-07-23T01:45:40.047Z,usb,1,3612849267,190022,48645632,256,8000,31.780
2026-07-23T01:45:40.079Z,usb,1,3612849267,190023,48645888,256,8000,31.780
2026-07-23T01:45:40.111Z,usb,1,3612849267,190024,48646144,256,8000,31.780
2026-07-23T01:45:40.143Z,usb,1,3612849267,190025,48646400,256,8000,31.780
2026-07-23T01:45:40.174Z,usb,1,3612849267,190026,48646656,256,8000,31.780
2026-07-23T01:45:40.207Z,usb,1,3612849267,190027,48646912,256,8000,31.780
2026-07-23T01:45:40.239Z,usb,1,3612849267,190028,48647168,256,8000,31.780
2026-07-23T01:45:40.271Z,usb,1,3612849267,190029,48647424,256,8000,31.780
2026-07-23T01:45:40.302Z,usb,1,3612849267,190030,48647680,256,8000,31.780
2026-07-23T01:45:40.334Z,usb,1,3612849267,190031,48647936,256,8000,31.780
2026-07-23T01:45:40.366Z,usb,1,3612849267,190032,48648192,256,8000,31.780
2026-07-23T01:45:40.398Z,usb,1,3612849267,190033,48648448,256,8000,31.780
2026-07-23T01:45:40.430Z,usb,1,3612849267,190034,48648704,256,8000,31.780
2026-07-23T01:45:40.462Z,usb,1,3612849267,190035,48648960,256,8000,31.780
2026-07-23T01:45:40.494Z,usb,1,3612849267,190036,48649216,256,8000,31.780
2026-07-23T01:45:40.526Z,usb,1,3612849267,190037,48649472,256,8000,31.780
2026-07-23T01:45:40.558Z,usb,1,3612849267,190038,48649728,256,8000,31.780
2026-07-23T01:45:40.591Z,usb,1,3612849267,190039,48649984,256,8000,31.780
2026-07-23T01:45:40.623Z,usb,1,3612849267,190040,48650240,256,8000,31.780
2026-07-23T01:45:40.654Z,usb,1,3612849267,190041,48650496,256,8000,31.780
2026-07-23T01:45:40.687Z,usb,1,3612849267,190042,48650752,256,8000,31.780
2026-07-23T01:45:40.718Z,usb,1,3612849267,190043,48651008,256,8000,31.780
2026-07-23T01:45:40.750Z,usb,1,3612849267,190044,48651264,256,8000,31.780
2026-07-23T01:45:40.782Z,usb,1,3612849267,190045,48651520,256,8000,31.780
2026-07-23T01:45:40.814Z,usb,1,3612849267,190046,48651776,256,8000,31.780
2026-07-23T01:45:40.846Z,usb,1,3612849267,190047,48652032,256,8000,31.780
2026-07-23T01:45:40.878Z,usb,1,3612849267,190048,48652288,256,8000,31.780
2026-07-23T01:45:40.910Z,usb,1,3612849267,190049,48652544,256,8000,31.780
2026-07-23T01:45:40.943Z,usb,1,3612849267,190050,48652800,256,8000,31.780
2026-07-23T01:45:40.974Z,usb,1,3612849267,190051,48653056,256,8000,31.780
2026-07-23T01:45:41.007Z,usb,1,3612849267,190052,48653312,256,8000,31.780
2026-07-23T01:45:41.038Z,usb,1,3612849267,190053,48653568,256,8000,31.780
2026-07-23T01:45:41.071Z,usb,1,3612849267,190054,48653824,256,8000,31.780
2026-07-23T01:45:41.103Z,usb,1,3612849267,190055,48654080,256,8000,31.780
2026-07-23T01:45:41.135Z,usb,1,3612849267,190056,48654336,256,8000,31.780
2026-07-23T01:45:41.166Z,usb,1,3612849267,190057,48654592,256,8000,31.780
2026-07-23T01:45:41.199Z,usb,1,3612849267,190058,48654848,256,8000,31.780
2026-07-23T01:45:41.230Z,usb,1,3612849267,190059,48655104,256,8000,31.780
2026-07-23T01:45:41.262Z,usb,1,3612849267,190060,48655360,256,8000,31.780
2026-07-23T01:45:41.294Z,usb,1,3612849267,190061,48655616,256,8000,31.780
2026-07-23T01:45:41.326Z,usb,1,3612849267,190062,48655872,256,8000,31.780
2026-07-23T01:45:41.358Z,usb,1,3612849267,190063,48656128,256,8000,31.780
2026-07-23T01:45:41.390Z,usb,1,3612849267,190064,48656384,256,8000,31.780
2026-07-23T01:45:41.422Z,usb,1,3612849267,190065,48656640,256,8000,31.780
2026-07-23T01:45:41.454Z,usb,1,3612849267,190066,48656896,256,8000,31.780
2026-07-23T01:45:41.486Z,usb,1,3612849267,190067,48657152,256,8000,31.780
2026-07-23T01:45:41.518Z,usb,1,3612849267,190068,48657408,256,8000,31.780
2026-07-23T01:45:41.550Z,usb,1,3612849267,190069,48657664,256,8000,31.780
2026-07-23T01:45:41.582Z,usb,1,3612849267,190070,48657920,256,8000,31.780
2026-07-23T01:45:41.615Z,usb,1,3612849267,190071,48658176,256,8000,31.780
2026-07-23T01:45:41.647Z,usb,1,3612849267,190072,48658432,256,8000,31.780
2026-07-23T01:45:41.679Z,usb,1,3612849267,190073,48658688,256,8000,31.780
2026-07-23T01:45:41.710Z,usb,1,3612849267,190074,48658944,256,8000,31.780
2026-07-23T01:45:41.743Z,usb,1,3612849267,190075,48659200,256,8000,31.780
2026-07-23T01:45:41.774Z,usb,1,3612849267,190076,48659456,256,8000,31.780
2026-07-23T01:45:41.806Z,usb,1,3612849267,190077,48659712,256,8000,31.780
2026-07-23T01:45:41.838Z,usb,1,3612849267,190078,48659968,256,8000,31.780
2026-07-23T01:45:41.870Z,usb,1,3612849267,190079,48660224,256,8000,31.780
2026-07-23T01:45:41.902Z,usb,1,3612849267,190080,48660480,256,8000,31.780
2026-07-23T01:45:41.934Z,usb,1,3612849267,190081,48660736,256,8000,31.780
2026-07-23T01:45:41.966Z,usb,1,3612849267,190082,48660992,256,8000,31.780
2026-07-23T01:45:41.998Z,usb,1,3612849267,190083,48661248,256,8000,31.780
2026-07-23T01:45:42.031Z,usb,1,3612849267,190084,48661504,256,8000,31.780
2026-07-23T01:45:42.062Z,usb,1,3612849267,190085,48661760,256,8000,31.780
2026-07-23T01:45:42.095Z,usb,1,3612849267,190086,48662016,256,8000,31.780
2026-07-23T01:45:42.127Z,usb,1,3612849267,190087,48662272,256,8000,31.780
2026-07-23T01:45:42.158Z,usb,1,3612849267,190088,48662528,256,8000,31.780
2026-07-23T01:45:42.190Z,usb,1,3612849267,190089,48662784,256,8000,31.780
2026-07-23T01:45:42.222Z,usb,1,3612849267,190090,48663040,256,8000,31.780
2026-07-23T01:45:42.254Z,usb,1,3612849267,190091,48663296,256,8000,31.780
2026-07-23T01:45:42.286Z,usb,1,3612849267,190092,48663552,256,8000,31.780
2026-07-23T01:45:42.318Z,usb,1,3612849267,190093,48663808,256,8000,31.780
2026-07-23T01:45:42.350Z,usb,1,3612849267,190094,48664064,256,8000,31.780
2026-07-23T01:45:42.383Z,usb,1,3612849267,190095,48664320,256,8000,31.780
2026-07-23T01:45:42.415Z,usb,1,3612849267,190096,48664576,256,8000,31.780
2026-07-23T01:45:42.447Z,usb,1,3612849267,190097,48664832,256,8000,31.780
2026-07-23T01:45:42.479Z,usb,1,3612849267,190098,48665088,256,8000,31.780
2026-07-23T01:45:42.510Z,usb,1,3612849267,190099,48665344,256,8000,31.780
2026-07-23T01:45:42.542Z,usb,1,3612849267,190100,48665600,256,8000,31.780
2026-07-23T01:45:42.574Z,usb,1,3612849267,190101,48665856,256,8000,31.780
2026-07-23T01:45:42.607Z,usb,1,3612849267,190102,48666112,256,8000,31.780
2026-07-23T01:45:42.639Z,usb,1,3612849267,190103,48666368,256,8000,31.780
2026-07-23T01:45:42.670Z,usb,1,3612849267,190104,48666624,256,8000,31.780
2026-07-23T01:45:42.702Z,usb,1,3612849267,190105,48666880,256,8000,31.780
2026-07-23T01:45:42.734Z,usb,1,3612849267,190106,48667136,256,8000,31.780
2026-07-23T01:45:42.766Z,usb,1,3612849267,190107,48667392,256,8000,31.780
2026-07-23T01:45:42.798Z,usb,1,3612849267,190108,48667648,256,8000,31.780
2026-07-23T01:45:42.830Z,usb,1,3612849267,190109,48667904,256,8000,31.780
2026-07-23T01:45:42.862Z,usb,1,3612849267,190110,48668160,256,8000,31.780
2026-07-23T01:45:42.894Z,usb,1,3612849267,190111,48668416,256,8000,31.780
2026-07-23T01:45:42.927Z,usb,1,3612849267,190112,48668672,256,8000,31.780
2026-07-23T01:45:42.959Z,usb,1,3612849267,190113,48668928,256,8000,31.780
2026-07-23T01:45:42.990Z,usb,1,3612849267,190114,48669184,256,8000,31.780
2026-07-23T01:45:43.022Z,usb,1,3612849267,190115,48669440,256,8000,31.780
2026-07-23T01:45:43.055Z,usb,1,3612849267,190116,48669696,256,8000,31.780
2026-07-23T01:45:43.086Z,usb,1,3612849267,190117,48669952,256,8000,31.780
2026-07-23T01:45:43.118Z,usb,1,3612849267,190118,48670208,256,8000,31.780
2026-07-23T01:45:43.151Z,usb,1,3612849267,190119,48670464,256,8000,31.780
2026-07-23T01:45:43.182Z,usb,1,3612849267,190120,48670720,256,8000,31.780
2026-07-23T01:45:43.214Z,usb,1,3612849267,190121,48670976,256,8000,31.780
2026-07-23T01:45:43.247Z,usb,1,3612849267,190122,48671232,256,8000,31.780
2026-07-23T01:45:43.278Z,usb,1,3612849267,190123,48671488,256,8000,31.780
2026-07-23T01:45:43.310Z,usb,1,3612849267,190124,48671744,256,8000,31.780
2026-07-23T01:45:43.343Z,usb,1,3612849267,190125,48672000,256,8000,31.780
2026-07-23T01:45:43.375Z,usb,1,3612849267,190126,48672256,256,8000,31.780
2026-07-23T01:45:43.406Z,usb,1,3612849267,190127,48672512,256,8000,31.780
2026-07-23T01:45:43.439Z,usb,1,3612849267,190128,48672768,256,8000,31.780
2026-07-23T01:45:43.471Z,usb,1,3612849267,190129,48673024,256,8000,31.780
2026-07-23T01:45:43.502Z,usb,1,3612849267,190130,48673280,256,8000,31.780
2026-07-23T01:45:43.534Z,usb,1,3612849267,190131,48673536,256,8000,31.780
2026-07-23T01:45:43.566Z,usb,1,3612849267,190132,48673792,256,8000,31.780
2026-07-23T01:45:43.599Z,usb,1,3612849267,190133,48674048,256,8000,31.780
2026-07-23T01:45:43.631Z,usb,1,3612849267,190134,48674304,256,8000,31.780
2026-07-23T01:45:43.663Z,usb,1,3612849267,190135,48674560,256,8000,31.780
2026-07-23T01:45:43.694Z,usb,1,3612849267,190136,48674816,256,8000,31.780
2026-07-23T01:45:43.726Z,usb,1,3612849267,190137,48675072,256,8000,31.780
2026-07-23T01:45:43.759Z,usb,1,3612849267,190138,48675328,256,8000,31.780
2026-07-23T01:45:43.790Z,usb,1,3612849267,190139,48675584,256,8000,31.780
2026-07-23T01:45:43.822Z,usb,1,3612849267,190140,48675840,256,8000,31.780
2026-07-23T01:45:43.855Z,usb,1,3612849267,190141,48676096,256,8000,31.780
2026-07-23T01:45:43.886Z,usb,1,3612849267,190142,48676352,256,8000,31.780
2026-07-23T01:45:43.918Z,usb,1,3612849267,190143,48676608,256,8000,31.780
2026-07-23T01:45:43.951Z,usb,1,3612849267,190144,48676864,256,8000,31.780
2026-07-23T01:45:43.983Z,usb,1,3612849267,190145,48677120,256,8000,31.780
2026-07-23T01:45:44.014Z,usb,1,3612849267,190146,48677376,256,8000,31.780
2026-07-23T01:45:44.046Z,usb,1,3612849267,190147,48677632,256,8000,31.780
2026-07-23T01:45:44.079Z,usb,1,3612849267,190148,48677888,256,8000,31.780
2026-07-23T01:45:44.110Z,usb,1,3612849267,190149,48678144,256,8000,31.780
2026-07-23T01:45:44.143Z,usb,1,3612849267,190150,48678400,256,8000,31.780
2026-07-23T01:45:44.175Z,usb,1,3612849267,190151,48678656,256,8000,31.780
2026-07-23T01:45:44.207Z,usb,1,3612849267,190152,48678912,256,8000,31.780
2026-07-23T01:45:44.238Z,usb,1,3612849267,190153,48679168,256,8000,31.780
2026-07-23T01:45:44.271Z,usb,1,3612849267,190154,48679424,256,8000,31.780
2026-07-23T01:45:44.302Z,usb,1,3612849267,190155,48679680,256,8000,31.780
2026-07-23T01:45:44.334Z,usb,1,3612849267,190156,48679936,256,8000,31.780
2026-07-23T01:45:44.367Z,usb,1,3612849267,190157,48680192,256,8000,31.780
2026-07-23T01:45:44.398Z,usb,1,3612849267,190158,48680448,256,8000,31.780
2026-07-23T01:45:44.430Z,usb,1,3612849267,190159,48680704,256,8000,31.780
2026-07-23T01:45:44.462Z,usb,1,3612849267,190160,48680960,256,8000,31.780
2026-07-23T01:45:44.494Z,usb,1,3612849267,190161,48681216,256,8000,31.780
2026-07-23T01:45:44.527Z,usb,1,3612849267,190162,48681472,256,8000,31.780
2026-07-23T01:45:44.559Z,usb,1,3612849267,190163,48681728,256,8000,31.780
2026-07-23T01:45:44.590Z,usb,1,3612849267,190164,48681984,256,8000,31.780
2026-07-23T01:45:44.623Z,usb,1,3612849267,190165,48682240,256,8000,31.780
2026-07-23T01:45:44.654Z,usb,1,3612849267,190166,48682496,256,8000,31.780
2026-07-23T01:45:44.687Z,usb,1,3612849267,190167,48682752,256,8000,31.780
2026-07-23T01:45:44.719Z,usb,1,3612849267,190168,48683008,256,8000,31.780
2026-07-23T01:45:44.751Z,usb,1,3612849267,190169,48683264,256,8000,31.780
2026-07-23T01:45:44.783Z,usb,1,3612849267,190170,48683520,256,8000,31.780
2026-07-23T01:45:44.815Z,usb,1,3612849267,190171,48683776,256,8000,31.780
2026-07-23T01:45:44.847Z,usb,1,3612849267,190172,48684032,256,8000,31.780
2026-07-23T01:45:44.879Z,usb,1,3612849267,190173,48684288,256,8000,31.780
2026-07-23T01:45:44.910Z,usb,1,3612849267,190174,48684544,256,8000,31.780
2026-07-23T01:45:44.942Z,usb,1,3612849267,190175,48684800,256,8000,31.780
2026-07-23T01:45:44.974Z,usb,1,3612849267,190176,48685056,256,8000,31.780
2026-07-23T01:45:45.006Z,usb,1,3612849267,190177,48685312,256,8000,31.780
2026-07-23T01:45:45.039Z,usb,1,3612849267,190178,48685568,256,8000,31.780
2026-07-23T01:45:45.070Z,usb,1,3612849267,190179,48685824,256,8000,31.780
2026-07-23T01:45:45.103Z,usb,1,3612849267,190180,48686080,256,8000,31.780
2026-07-23T01:45:45.135Z,usb,1,3612849267,190181,48686336,256,8000,31.780
2026-07-23T01:45:45.167Z,usb,1,3612849267,190182,48686592,256,8000,31.780
2026-07-23T01:45:45.199Z,usb,1,3612849267,190183,48686848,256,8000,31.780
2026-07-23T01:45:45.231Z,usb,1,3612849267,190184,48687104,256,8000,31.780
2026-07-23T01:45:45.263Z,usb,1,3612849267,190185,48687360,256,8000,31.780
2026-07-23T01:45:45.295Z,usb,1,3612849267,190186,48687616,256,8000,31.780
2026-07-23T01:45:45.326Z,usb,1,3612849267,190187,48687872,256,8000,31.780
2026-07-23T01:45:45.359Z,usb,1,3612849267,190188,48688128,256,8000,31.780
2026-07-23T01:45:45.391Z,usb,1,3612849267,190189,48688384,256,8000,31.780
2026-07-23T01:45:45.422Z,usb,1,3612849267,190190,48688640,256,8000,31.780
2026-07-23T01:45:45.454Z,usb,1,3612849267,190191,48688896,256,8000,31.780
2026-07-23T01:45:45.486Z,usb,1,3612849267,190192,48689152,256,8000,31.780
2026-07-23T01:45:45.518Z,usb,1,3612849267,190193,48689408,256,8000,31.780
2026-07-23T01:45:45.551Z,usb,1,3612849267,190194,48689664,256,8000,31.780
2026-07-23T01:45:45.583Z,usb,1,3612849267,190195,48689920,256,8000,31.780
2026-07-23T01:45:45.615Z,usb,1,3612849267,190196,48690176,256,8000,31.780
2026-07-23T01:45:45.646Z,usb,1,3612849267,190197,48690432,256,8000,31.780
2026-07-23T01:45:45.678Z,usb,1,3612849267,190198,48690688,256,8000,31.780
2026-07-23T01:45:45.711Z,usb,1,3612849267,190199,48690944,256,8000,31.780
2026-07-23T01:45:45.743Z,usb,1,3612849267,190200,48691200,256,8000,31.780
2026-07-23T01:45:45.775Z,usb,1,3612849267,190201,48691456,256,8000,31.780
2026-07-23T01:45:45.806Z,usb,1,3612849267,190202,48691712,256,8000,31.780
2026-07-23T01:45:45.838Z,usb,1,3612849267,190203,48691968,256,8000,31.780
2026-07-23T01:45:45.870Z,usb,1,3612849267,190204,48692224,256,8000,31.780
2026-07-23T01:45:45.903Z,usb,1,3612849267,190205,48692480,256,8000,31.780
2026-07-23T01:45:45.934Z,usb,1,3612849267,190206,48692736,256,8000,31.780
2026-07-23T01:45:45.966Z,usb,1,3612849267,190207,48692992,256,8000,31.780
2026-07-23T01:45:45.998Z,usb,1,3612849267,190208,48693248,256,8000,31.780
2026-07-23T01:45:46.030Z,usb,1,3612849267,190209,48693504,256,8000,31.780
2026-07-23T01:45:46.063Z,usb,1,3612849267,190210,48693760,256,8000,31.780
2026-07-23T01:45:46.095Z,usb,1,3612849267,190211,48694016,256,8000,31.780
2026-07-23T01:45:46.127Z,usb,1,3612849267,190212,48694272,256,8000,31.780
2026-07-23T01:45:46.158Z,usb,1,3612849267,190213,48694528,256,8000,31.780
2026-07-23T01:45:46.190Z,usb,1,3612849267,190214,48694784,256,8000,31.780
2026-07-23T01:45:46.222Z,usb,1,3612849267,190215,48695040,256,8000,31.780
2026-07-23T01:45:46.254Z,usb,1,3612849267,190216,48695296,256,8000,31.780
2026-07-23T01:45:46.286Z,usb,1,3612849267,190217,48695552,256,8000,31.780
2026-07-23T01:45:46.318Z,usb,1,3612849267,190218,48695808,256,8000,31.780
2026-07-23T01:45:46.350Z,usb,1,3612849267,190219,48696064,256,8000,31.780
2026-07-23T01:45:46.382Z,usb,1,3612849267,190220,48696320,256,8000,31.780
2026-07-23T01:45:46.414Z,usb,1,3612849267,190221,48696576,256,8000,31.780
2026-07-23T01:45:46.446Z,usb,1,3612849267,190222,48696832,256,8000,31.780
2026-07-23T01:45:46.478Z,usb,1,3612849267,190223,48697088,256,8000,31.780
2026-07-23T01:45:46.510Z,usb,1,3612849267,190224,48697344,256,8000,31.780
2026-07-23T01:45:46.542Z,usb,1,3612849267,190225,48697600,256,8000,31.780
2026-07-23T01:45:46.575Z,usb,1,3612849267,190226,48697856,256,8000,31.780
2026-07-23T01:45:46.607Z,usb,1,3612849267,190227,48698112,256,8000,31.780
2026-07-23T01:45:46.638Z,usb,1,3612849267,190228,48698368,256,8000,31.780
2026-07-23T01:45:46.670Z,usb,1,3612849267,190229,48698624,256,8000,31.780
2026-07-23T01:45:46.703Z,usb,1,3612849267,190230,48698880,256,8000,31.780
2026-07-23T01:45:46.734Z,usb,1,3612849267,190231,48699136,256,8000,31.780
2026-07-23T01:45:46.766Z,usb,1,3612849267,190232,48699392,256,8000,31.780
2026-07-23T01:45:46.799Z,usb,1,3612849267,190233,48699648,256,8000,31.780
2026-07-23T01:45:46.830Z,usb,1,3612849267,190234,48699904,256,8000,31.780
2026-07-23T01:45:46.862Z,usb,1,3612849267,190235,48700160,256,8000,31.780
2026-07-23T01:45:46.894Z,usb,1,3612849267,190236,48700416,256,8000,31.780
2026-07-23T01:45:46.926Z,usb,1,3612849267,190237,48700672,256,8000,31.780
2026-07-23T01:45:46.958Z,usb,1,3612849267,190238,48700928,256,8000,31.780
2026-07-23T01:45:46.990Z,usb,1,3612849267,190239,48701184,256,8000,31.780
2026-07-23T01:45:47.022Z,usb,1,3612849267,190240,48701440,256,8000,31.780
2026-07-23T01:45:47.054Z,usb,1,3612849267,190241,48701696,256,8000,31.780
2026-07-23T01:45:47.087Z,usb,1,3612849267,190242,48701952,256,8000,31.780
2026-07-23T01:45:47.119Z,usb,1,3612849267,190243,48702208,256,8000,31.780
2026-07-23T01:45:47.151Z,usb,1,3612849267,190244,48702464,256,8000,31.780
2026-07-23T01:45:47.182Z,usb,1,3612849267,190245,48702720,256,8000,31.780
2026-07-23T01:45:47.215Z,usb,1,3612849267,190246,48702976,256,8000,31.780
2026-07-23T01:45:47.247Z,usb,1,3612849267,190247,48703232,256,8000,31.780
2026-07-23T01:45:47.278Z,usb,1,3612849267,190248,48703488,256,8000,31.780
2026-07-23T01:45:47.311Z,usb,1,3612849267,190249,48703744,256,8000,31.780
2026-07-23T01:45:47.342Z,usb,1,3612849267,190250,48704000,256,8000,31.780
2026-07-23T01:45:47.374Z,usb,1,3612849267,190251,48704256,256,8000,31.780
2026-07-23T01:45:47.407Z,usb,1,3612849267,190252,48704512,256,8000,31.780
2026-07-23T01:45:47.438Z,usb,1,3612849267,190253,48704768,256,8000,31.780
2026-07-23T01:45:47.470Z,usb,1,3612849267,190254,48705024,256,8000,31.780
2026-07-23T01:45:47.503Z,usb,1,3612849267,190255,48705280,256,8000,31.780
2026-07-23T01:45:47.534Z,usb,1,3612849267,190256,48705536,256,8000,31.780
2026-07-23T01:45:47.566Z,usb,1,3612849267,190257,48705792,256,8000,31.780
2026-07-23T01:45:47.599Z,usb,1,3612849267,190258,48706048,256,8000,31.780
2026-07-23T01:45:47.631Z,usb,1,3612849267,190259,48706304,256,8000,31.780
2026-07-23T01:45:47.662Z,usb,1,3612849267,190260,48706560,256,8000,31.780
2026-07-23T01:45:47.694Z,usb,1,3612849267,190261,48706816,256,8000,31.780
2026-07-23T01:45:47.726Z,usb,1,3612849267,190262,48707072,256,8000,31.780
2026-07-23T01:45:47.758Z,usb,1,3612849267,190263,48707328,256,8000,31.780
2026-07-23T01:45:47.790Z,usb,1,3612849267,190264,48707584,256,8000,31.780
2026-07-23T01:45:47.822Z,usb,1,3612849267,190265,48707840,256,8000,31.780
2026-07-23T01:45:47.854Z,usb,1,3612849267,190266,48708096,256,8000,31.780
2026-07-23T01:45:47.886Z,usb,1,3612849267,190267,48708352,256,8000,31.780
2026-07-23T01:45:47.918Z,usb,1,3612849267,190268,48708608,256,8000,31.780
2026-07-23T01:45:47.950Z,usb,1,3612849267,190269,48708864,256,8000,31.780
2026-07-23T01:45:47.983Z,usb,1,3612849267,190270,48709120,256,8000,31.780
2026-07-23T01:45:48.014Z,usb,1,3612849267,190271,48709376,256,8000,31.780
2026-07-23T01:45:48.046Z,usb,1,3612849267,190272,48709632,256,8000,31.780
2026-07-23T01:45:48.079Z,usb,1,3612849267,190273,48709888,256,8000,31.780
2026-07-23T01:45:48.111Z,usb,1,3612849267,190274,48710144,256,8000,31.780
2026-07-23T01:45:48.142Z,usb,1,3612849267,190275,48710400,256,8000,31.780
2026-07-23T01:45:48.175Z,usb,1,3612849267,190276,48710656,256,8000,31.790
2026-07-23T01:45:48.206Z,usb,1,3612849267,190277,48710912,256,8000,31.790
2026-07-23T01:45:48.238Z,usb,1,3612849267,190278,48711168,256,8000,31.790
2026-07-23T01:45:48.270Z,usb,1,3612849267,190279,48711424,256,8000,31.790
2026-07-23T01:45:48.302Z,usb,1,3612849267,190280,48711680,256,8000,31.790
2026-07-23T01:45:48.334Z,usb,1,3612849267,190281,48711936,256,8000,31.790
2026-07-23T01:45:48.366Z,usb,1,3612849267,190282,48712192,256,8000,31.790
2026-07-23T01:45:48.398Z,usb,1,3612849267,190283,48712448,256,8000,31.790
2026-07-23T01:45:48.430Z,usb,1,3612849267,190284,48712704,256,8000,31.790
2026-07-23T01:45:48.462Z,usb,1,3612849267,190285,48712960,256,8000,31.790
2026-07-23T01:45:48.494Z,usb,1,3612849267,190286,48713216,256,8000,31.790
2026-07-23T01:45:48.526Z,usb,1,3612849267,190287,48713472,256,8000,31.790
2026-07-23T01:45:48.558Z,usb,1,3612849267,190288,48713728,256,8000,31.790
2026-07-23T01:45:48.591Z,usb,1,3612849267,190289,48713984,256,8000,31.790
2026-07-23T01:45:48.622Z,usb,1,3612849267,190290,48714240,256,8000,31.790
2026-07-23T01:45:48.654Z,usb,1,3612849267,190291,48714496,256,8000,31.790
2026-07-23T01:45:48.686Z,usb,1,3612849267,190292,48714752,256,8000,31.790
2026-07-23T01:45:48.718Z,usb,1,3612849267,190293,48715008,256,8000,31.790
2026-07-23T01:45:48.750Z,usb,1,3612849267,190294,48715264,256,8000,31.790
2026-07-23T01:45:48.782Z,usb,1,3612849267,190295,48715520,256,8000,31.790
2026-07-23T01:45:48.814Z,usb,1,3612849267,190296,48715776,256,8000,31.790
2026-07-23T01:45:48.846Z,usb,1,3612849267,190297,48716032,256,8000,31.790
2026-07-23T01:45:48.878Z,usb,1,3612849267,190298,48716288,256,8000,31.790
2026-07-23T01:45:48.910Z,usb,1,3612849267,190299,48716544,256,8000,31.790
2026-07-23T01:45:48.942Z,usb,1,3612849267,190300,48716800,256,8000,31.790
2026-07-23T01:45:48.974Z,usb,1,3612849267,190301,48717056,256,8000,31.790
2026-07-23T01:45:49.006Z,usb,1,3612849267,190302,48717312,256,8000,31.790
2026-07-23T01:45:49.038Z,usb,1,3612849267,190303,48717568,256,8000,31.790
2026-07-23T01:45:49.070Z,usb,1,3612849267,190304,48717824,256,8000,31.790
2026-07-23T01:45:49.103Z,usb,1,3612849267,190305,48718080,256,8000,31.790
2026-07-23T01:45:49.134Z,usb,1,3612849267,190306,48718336,256,8000,31.790
2026-07-23T01:45:49.166Z,usb,1,3612849267,190307,48718592,256,8000,31.790
2026-07-23T01:45:49.199Z,usb,1,3612849267,190308,48718848,256,8000,31.780
2026-07-23T01:45:49.230Z,usb,1,3612849267,190309,48719104,256,8000,31.780
2026-07-23T01:45:49.262Z,usb,1,3612849267,190310,48719360,256,8000,31.780
2026-07-23T01:45:49.295Z,usb,1,3612849267,190311,48719616,256,8000,31.780
2026-07-23T01:45:49.326Z,usb,1,3612849267,190312,48719872,256,8000,31.780
2026-07-23T01:45:49.359Z,usb,1,3612849267,190313,48720128,256,8000,31.780
2026-07-23T01:45:49.391Z,usb,1,3612849267,190314,48720384,256,8000,31.780
2026-07-23T01:45:49.422Z,usb,1,3612849267,190315,48720640,256,8000,31.780
2026-07-23T01:45:49.454Z,usb,1,3612849267,190316,48720896,256,8000,31.780
2026-07-23T01:45:49.486Z,usb,1,3612849267,190317,48721152,256,8000,31.780
2026-07-23T01:45:49.518Z,usb,1,3612849267,190318,48721408,256,8000,31.780
2026-07-23T01:45:49.550Z,usb,1,3612849267,190319,48721664,256,8000,31.780
2026-07-23T01:45:49.582Z,usb,1,3612849267,190320,48721920,256,8000,31.780
2026-07-23T01:45:49.615Z,usb,1,3612849267,190321,48722176,256,8000,31.780
2026-07-23T01:45:49.646Z,usb,1,3612849267,190322,48722432,256,8000,31.780
2026-07-23T01:45:49.678Z,usb,1,3612849267,190323,48722688,256,8000,31.780
2026-07-23T01:45:49.711Z,usb,1,3612849267,190324,48722944,256,8000,31.780
2026-07-23T01:45:49.742Z,usb,1,3612849267,190325,48723200,256,8000,31.780
2026-07-23T01:45:49.774Z,usb,1,3612849267,190326,48723456,256,8000,31.780
2026-07-23T01:45:49.806Z,usb,1,3612849267,190327,48723712,256,8000,31.780
2026-07-23T01:45:49.838Z,usb,1,3612849267,190328,48723968,256,8000,31.780
2026-07-23T01:45:49.870Z,usb,1,3612849267,190329,48724224,256,8000,31.780
2026-07-23T01:45:49.902Z,usb,1,3612849267,190330,48724480,256,8000,31.780
2026-07-23T01:45:49.934Z,usb,1,3612849267,190331,48724736,256,8000,31.780
2026-07-23T01:45:49.966Z,usb,1,3612849267,190332,48724992,256,8000,31.780
2026-07-23T01:45:49.998Z,usb,1,3612849267,190333,48725248,256,8000,31.780
2026-07-23T01:45:50.030Z,usb,1,3612849267,190334,48725504,256,8000,31.780
2026-07-23T01:45:50.062Z,usb,1,3612849267,190335,48725760,256,8000,31.780
2026-07-23T01:45:50.095Z,usb,1,3612849267,190336,48726016,256,8000,31.780
2026-07-23T01:45:50.127Z,usb,1,3612849267,190337,48726272,256,8000,31.780
2026-07-23T01:45:50.158Z,usb,1,3612849267,190338,48726528,256,8000,31.780
2026-07-23T01:45:50.190Z,usb,1,3612849267,190339,48726784,256,8000,31.780
2026-07-23T01:45:50.223Z,usb,1,3612849267,190340,48727040,256,8000,31.780
2026-07-23T01:45:50.254Z,usb,1,3612849267,190341,48727296,256,8000,31.780
2026-07-23T01:45:50.286Z,usb,1,3612849267,190342,48727552,256,8000,31.780
2026-07-23T01:45:50.318Z,usb,1,3612849267,190343,48727808,256,8000,31.780
2026-07-23T01:45:50.351Z,usb,1,3612849267,190344,48728064,256,8000,31.780
2026-07-23T01:45:50.382Z,usb,1,3612849267,190345,48728320,256,8000,31.780
2026-07-23T01:45:50.415Z,usb,1,3612849267,190346,48728576,256,8000,31.780
2026-07-23T01:45:50.446Z,usb,1,3612849267,190347,48728832,256,8000,31.780
2026-07-23T01:45:50.478Z,usb,1,3612849267,190348,48729088,256,8000,31.780
2026-07-23T01:45:50.511Z,usb,1,3612849267,190349,48729344,256,8000,31.780
2026-07-23T01:45:50.542Z,usb,1,3612849267,190350,48729600,256,8000,31.780
2026-07-23T01:45:50.574Z,usb,1,3612849267,190351,48729856,256,8000,31.780
2026-07-23T01:45:50.607Z,usb,1,3612849267,190352,48730112,256,8000,31.780
2026-07-23T01:45:50.638Z,usb,1,3612849267,190353,48730368,256,8000,31.780
2026-07-23T01:45:50.670Z,usb,1,3612849267,190354,48730624,256,8000,31.780
2026-07-23T01:45:50.703Z,usb,1,3612849267,190355,48730880,256,8000,31.780
2026-07-23T01:45:50.734Z,usb,1,3612849267,190356,48731136,256,8000,31.780
2026-07-23T01:45:50.766Z,usb,1,3612849267,190357,48731392,256,8000,31.780
2026-07-23T01:45:50.799Z,usb,1,3612849267,190358,48731648,256,8000,31.780
2026-07-23T01:45:50.831Z,usb,1,3612849267,190359,48731904,256,8000,31.780
2026-07-23T01:45:50.862Z,usb,1,3612849267,190360,48732160,256,8000,31.780
2026-07-23T01:45:50.894Z,usb,1,3612849267,190361,48732416,256,8000,31.780
2026-07-23T01:45:50.926Z,usb,1,3612849267,190362,48732672,256,8000,31.780
2026-07-23T01:45:50.959Z,usb,1,3612849267,190363,48732928,256,8000,31.780
2026-07-23T01:45:50.990Z,usb,1,3612849267,190364,48733184,256,8000,31.780
2026-07-23T01:45:51.023Z,usb,1,3612849267,190365,48733440,256,8000,31.780
2026-07-23T01:45:51.054Z,usb,1,3612849267,190366,48733696,256,8000,31.780
2026-07-23T01:45:51.086Z,usb,1,3612849267,190367,48733952,256,8000,31.780
2026-07-23T01:45:51.119Z,usb,1,3612849267,190368,48734208,256,8000,31.780
2026-07-23T01:45:51.150Z,usb,1,3612849267,190369,48734464,256,8000,31.780
2026-07-23T01:45:51.182Z,usb,1,3612849267,190370,48734720,256,8000,31.780
2026-07-23T01:45:51.215Z,usb,1,3612849267,190371,48734976,256,8000,31.780
2026-07-23T01:45:51.247Z,usb,1,3612849267,190372,48735232,256,8000,31.780
2026-07-23T01:45:51.278Z,usb,1,3612849267,190373,48735488,256,8000,31.780
2026-07-23T01:45:51.311Z,usb,1,3612849267,190374,48735744,256,8000,31.780
2026-07-23T01:45:51.343Z,usb,1,3612849267,190375,48736000,256,8000,31.780
2026-07-23T01:45:51.374Z,usb,1,3612849267,190376,48736256,256,8000,31.780
2026-07-23T01:45:51.407Z,usb,1,3612849267,190377,48736512,256,8000,31.780
2026-07-23T01:45:51.438Z,usb,1,3612849267,190378,48736768,256,8000,31.780
2026-07-23T01:45:51.470Z,usb,1,3612849267,190379,48737024,256,8000,31.780
2026-07-23T01:45:51.502Z,usb,1,3612849267,190380,48737280,256,8000,31.780
2026-07-23T01:45:51.535Z,usb,1,3612849267,190381,48737536,256,8000,31.780
2026-07-23T01:45:51.566Z,usb,1,3612849267,190382,48737792,256,8000,31.780
2026-07-23T01:45:51.599Z,usb,1,3612849267,190383,48738048,256,8000,31.780
2026-07-23T01:45:51.631Z,usb,1,3612849267,190384,48738304,256,8000,31.780
2026-07-23T01:45:51.663Z,usb,1,3612849267,190385,48738560,256,8000,31.780
2026-07-23T01:45:51.694Z,usb,1,3612849267,190386,48738816,256,8000,31.780
2026-07-23T01:45:51.726Z,usb,1,3612849267,190387,48739072,256,8000,31.780
2026-07-23T01:45:51.758Z,usb,1,3612849267,190388,48739328,256,8000,31.780
2026-07-23T01:45:51.790Z,usb,1,3612849267,190389,48739584,256,8000,31.780
2026-07-23T01:45:51.823Z,usb,1,3612849267,190390,48739840,256,8000,31.780
2026-07-23T01:45:51.854Z,usb,1,3612849267,190391,48740096,256,8000,31.780
2026-07-23T01:45:51.886Z,usb,1,3612849267,190392,48740352,256,8000,31.780
2026-07-23T01:45:51.918Z,usb,1,3612849267,190393,48740608,256,8000,31.780
2026-07-23T01:45:51.950Z,usb,1,3612849267,190394,48740864,256,8000,31.780
2026-07-23T01:45:51.982Z,usb,1,3612849267,190395,48741120,256,8000,31.780
2026-07-23T01:45:52.014Z,usb,1,3612849267,190396,48741376,256,8000,31.780
2026-07-23T01:45:52.047Z,usb,1,3612849267,190397,48741632,256,8000,31.780
2026-07-23T01:45:52.078Z,usb,1,3612849267,190398,48741888,256,8000,31.780
2026-07-23T01:45:52.111Z,usb,1,3612849267,190399,48742144,256,8000,31.780
2026-07-23T01:45:52.142Z,usb,1,3612849267,190400,48742400,256,8000,31.780
2026-07-23T01:45:52.174Z,usb,1,3612849267,190401,48742656,256,8000,31.780
2026-07-23T01:45:52.206Z,usb,1,3612849267,190402,48742912,256,8000,31.780
2026-07-23T01:45:52.239Z,usb,1,3612849267,190403,48743168,256,8000,31.780
2026-07-23T01:45:52.271Z,usb,1,3612849267,190404,48743424,256,8000,31.780
2026-07-23T01:45:52.302Z,usb,1,3612849267,190405,48743680,256,8000,31.780
2026-07-23T01:45:52.335Z,usb,1,3612849267,190406,48743936,256,8000,31.780
2026-07-23T01:45:52.366Z,usb,1,3612849267,190407,48744192,256,8000,31.780
2026-07-23T01:45:52.398Z,usb,1,3612849267,190408,48744448,256,8000,31.780
2026-07-23T01:45:52.430Z,usb,1,3612849267,190409,48744704,256,8000,31.780
2026-07-23T01:45:52.463Z,usb,1,3612849267,190410,48744960,256,8000,31.780
2026-07-23T01:45:52.495Z,usb,1,3612849267,190411,48745216,256,8000,31.780
2026-07-23T01:45:52.527Z,usb,1,3612849267,190412,48745472,256,8000,31.780
2026-07-23T01:45:52.558Z,usb,1,3612849267,190413,48745728,256,8000,31.780
2026-07-23T01:45:52.591Z,usb,1,3612849267,190414,48745984,256,8000,31.780
2026-07-23T01:45:52.623Z,usb,1,3612849267,190415,48746240,256,8000,31.780
2026-07-23T01:45:52.654Z,usb,1,3612849267,190416,48746496,256,8000,31.780
2026-07-23T01:45:52.686Z,usb,1,3612849267,190417,48746752,256,8000,31.780
2026-07-23T01:45:52.718Z,usb,1,3612849267,190418,48747008,256,8000,31.780
2026-07-23T01:45:52.751Z,usb,1,3612849267,190419,48747264,256,8000,31.780
2026-07-23T01:45:52.782Z,usb,1,3612849267,190420,48747520,256,8000,31.780
2026-07-23T01:45:52.814Z,usb,1,3612849267,190421,48747776,256,8000,31.780
2026-07-23T01:45:52.847Z,usb,1,3612849267,190422,48748032,256,8000,31.780
2026-07-23T01:45:52.878Z,usb,1,3612849267,190423,48748288,256,8000,31.780
2026-07-23T01:45:52.910Z,usb,1,3612849267,190424,48748544,256,8000,31.780
2026-07-23T01:45:52.943Z,usb,1,3612849267,190425,48748800,256,8000,31.780
2026-07-23T01:45:52.974Z,usb,1,3612849267,190426,48749056,256,8000,31.780
2026-07-23T01:45:53.006Z,usb,1,3612849267,190427,48749312,256,8000,31.780
2026-07-23T01:45:53.039Z,usb,1,3612849267,190428,48749568,256,8000,31.780
2026-07-23T01:45:53.070Z,usb,1,3612849267,190429,48749824,256,8000,31.780
2026-07-23T01:45:53.103Z,usb,1,3612849267,190430,48750080,256,8000,31.780
2026-07-23T01:45:53.135Z,usb,1,3612849267,190431,48750336,256,8000,31.780
2026-07-23T01:45:53.166Z,usb,1,3612849267,190432,48750592,256,8000,31.780
2026-07-23T01:45:53.199Z,usb,1,3612849267,190433,48750848,256,8000,31.780
2026-07-23T01:45:53.231Z,usb,1,3612849267,190434,48751104,256,8000,31.780
2026-07-23T01:45:53.263Z,usb,1,3612849267,190435,48751360,256,8000,31.780
2026-07-23T01:45:53.295Z,usb,1,3612849267,190436,48751616,256,8000,31.790
2026-07-23T01:45:53.326Z,usb,1,3612849267,190437,48751872,256,8000,31.790
2026-07-23T01:45:53.358Z,usb,1,3612849267,190438,48752128,256,8000,31.790
2026-07-23T01:45:53.390Z,usb,1,3612849267,190439,48752384,256,8000,31.790
2026-07-23T01:45:53.422Z,usb,1,3612849267,190440,48752640,256,8000,31.790
2026-07-23T01:45:53.454Z,usb,1,3612849267,190441,48752896,256,8000,31.790
2026-07-23T01:45:53.486Z,usb,1,3612849267,190442,48753152,256,8000,31.790
2026-07-23T01:45:53.518Z,usb,1,3612849267,190443,48753408,256,8000,31.790
2026-07-23T01:45:53.550Z,usb,1,3612849267,190444,48753664,256,8000,31.790
2026-07-23T01:45:53.583Z,usb,1,3612849267,190445,48753920,256,8000,31.790
2026-07-23T01:45:53.615Z,usb,1,3612849267,190446,48754176,256,8000,31.790
2026-07-23T01:45:53.646Z,usb,1,3612849267,190447,48754432,256,8000,31.790
2026-07-23T01:45:53.678Z,usb,1,3612849267,190448,48754688,256,8000,31.790
2026-07-23T01:45:53.710Z,usb,1,3612849267,190449,48754944,256,8000,31.790
2026-07-23T01:45:53.743Z,usb,1,3612849267,190450,48755200,256,8000,31.790
2026-07-23T01:45:53.774Z,usb,1,3612849267,190451,48755456,256,8000,31.790
2026-07-23T01:45:53.806Z,usb,1,3612849267,190452,48755712,256,8000,31.790
2026-07-23T01:45:53.839Z,usb,1,3612849267,190453,48755968,256,8000,31.790
2026-07-23T01:45:53.871Z,usb,1,3612849267,190454,48756224,256,8000,31.790
2026-07-23T01:45:53.902Z,usb,1,3612849267,190455,48756480,256,8000,31.790
2026-07-23T01:45:53.935Z,usb,1,3612849267,190456,48756736,256,8000,31.790
2026-07-23T01:45:53.966Z,usb,1,3612849267,190457,48756992,256,8000,31.790
2026-07-23T01:45:53.998Z,usb,1,3612849267,190458,48757248,256,8000,31.790
2026-07-23T01:45:54.031Z,usb,1,3612849267,190459,48757504,256,8000,31.790
2026-07-23T01:45:54.063Z,usb,1,3612849267,190460,48757760,256,8000,31.790
2026-07-23T01:45:54.095Z,usb,1,3612849267,190461,48758016,256,8000,31.790
2026-07-23T01:45:54.126Z,usb,1,3612849267,190462,48758272,256,8000,31.790
2026-07-23T01:45:54.158Z,usb,1,3612849267,190463,48758528,256,8000,31.790
2026-07-23T01:45:54.190Z,usb,1,3612849267,190464,48758784,256,8000,31.790
2026-07-23T01:45:54.222Z,usb,1,3612849267,190465,48759040,256,8000,31.790
2026-07-23T01:45:54.254Z,usb,1,3612849267,190466,48759296,256,8000,31.790
2026-07-23T01:45:54.286Z,usb,1,3612849267,190467,48759552,256,8000,31.790
2026-07-23T01:45:54.319Z,usb,1,3612849267,190468,48759808,256,8000,31.780
2026-07-23T01:45:54.351Z,usb,1,3612849267,190469,48760064,256,8000,31.780
2026-07-23T01:45:54.382Z,usb,1,3612849267,190470,48760320,256,8000,31.780
2026-07-23T01:45:54.414Z,usb,1,3612849267,190471,48760576,256,8000,31.780
2026-07-23T01:45:54.446Z,usb,1,3612849267,190472,48760832,256,8000,31.780
2026-07-23T01:45:54.479Z,usb,1,3612849267,190473,48761088,256,8000,31.780
2026-07-23T01:45:54.510Z,usb,1,3612849267,190474,48761344,256,8000,31.780
2026-07-23T01:45:54.542Z,usb,1,3612849267,190475,48761600,256,8000,31.780
2026-07-23T01:45:54.574Z,usb,1,3612849267,190476,48761856,256,8000,31.780
2026-07-23T01:45:54.607Z,usb,1,3612849267,190477,48762112,256,8000,31.780
2026-07-23T01:45:54.638Z,usb,1,3612849267,190478,48762368,256,8000,31.780
2026-07-23T01:45:54.671Z,usb,1,3612849267,190479,48762624,256,8000,31.780
2026-07-23T01:45:54.702Z,usb,1,3612849267,190480,48762880,256,8000,31.780
2026-07-23T01:45:54.734Z,usb,1,3612849267,190481,48763136,256,8000,31.780
2026-07-23T01:45:54.766Z,usb,1,3612849267,190482,48763392,256,8000,31.780
2026-07-23T01:45:54.798Z,usb,1,3612849267,190483,48763648,256,8000,31.780
2026-07-23T01:45:54.830Z,usb,1,3612849267,190484,48763904,256,8000,31.780
2026-07-23T01:45:54.863Z,usb,1,3612849267,190485,48764160,256,8000,31.780
2026-07-23T01:45:54.894Z,usb,1,3612849267,190486,48764416,256,8000,31.780
2026-07-23T01:45:54.926Z,usb,1,3612849267,190487,48764672,256,8000,31.780
2026-07-23T01:45:54.958Z,usb,1,3612849267,190488,48764928,256,8000,31.780
2026-07-23T01:45:54.990Z,usb,1,3612849267,190489,48765184,256,8000,31.780
2026-07-23T01:45:55.022Z,usb,1,3612849267,190490,48765440,256,8000,31.780
2026-07-23T01:45:55.054Z,usb,1,3612849267,190491,48765696,256,8000,31.780
2026-07-23T01:45:55.087Z,usb,1,3612849267,190492,48765952,256,8000,31.780
2026-07-23T01:45:55.119Z,usb,1,3612849267,190493,48766208,256,8000,31.780
2026-07-23T01:45:55.153Z,usb,1,3612849267,190494,48766464,256,8000,31.780
2026-07-23T01:45:55.183Z,usb,1,3612849267,190495,48766720,256,8000,31.780
2026-07-23T01:45:55.215Z,usb,1,3612849267,190496,48766976,256,8000,31.780
2026-07-23T01:45:55.246Z,usb,1,3612849267,190497,48767232,256,8000,31.780
2026-07-23T01:45:55.278Z,usb,1,3612849267,190498,48767488,256,8000,31.780
2026-07-23T01:45:55.310Z,usb,1,3612849267,190499,48767744,256,8000,31.780
2026-07-23T01:45:55.343Z,usb,1,3612849267,190500,48768000,256,8000,31.780
2026-07-23T01:45:55.374Z,usb,1,3612849267,190501,48768256,256,8000,31.780
2026-07-23T01:45:55.406Z,usb,1,3612849267,190502,48768512,256,8000,31.780
2026-07-23T01:45:55.438Z,usb,1,3612849267,190503,48768768,256,8000,31.780
2026-07-23T01:45:55.470Z,usb,1,3612849267,190504,48769024,256,8000,31.780
2026-07-23T01:45:55.502Z,usb,1,3612849267,190505,48769280,256,8000,31.780
2026-07-23T01:45:55.534Z,usb,1,3612849267,190506,48769536,256,8000,31.780
2026-07-23T01:45:55.566Z,usb,1,3612849267,190507,48769792,256,8000,31.780
2026-07-23T01:45:55.598Z,usb,1,3612849267,190508,48770048,256,8000,31.780
2026-07-23T01:45:55.630Z,usb,1,3612849267,190509,48770304,256,8000,31.780
2026-07-23T01:45:55.662Z,usb,1,3612849267,190510,48770560,256,8000,31.780
2026-07-23T01:45:55.694Z,usb,1,3612849267,190511,48770816,256,8000,31.780
2026-07-23T01:45:55.726Z,usb,1,3612849267,190512,48771072,256,8000,31.780
2026-07-23T01:45:55.758Z,usb,1,3612849267,190513,48771328,256,8000,31.780
2026-07-23T01:45:55.791Z,usb,1,3612849267,190514,48771584,256,8000,31.780
2026-07-23T01:45:55.822Z,usb,1,3612849267,190515,48771840,256,8000,31.780
2026-07-23T01:45:55.854Z,usb,1,3612849267,190516,48772096,256,8000,31.780
2026-07-23T01:45:55.886Z,usb,1,3612849267,190517,48772352,256,8000,31.780
2026-07-23T01:45:55.918Z,usb,1,3612849267,190518,48772608,256,8000,31.780
2026-07-23T01:45:55.950Z,usb,1,3612849267,190519,48772864,256,8000,31.780
2026-07-23T01:45:55.982Z,usb,1,3612849267,190520,48773120,256,8000,31.780
2026-07-23T01:45:56.014Z,usb,1,3612849267,190521,48773376,256,8000,31.780
2026-07-23T01:45:56.046Z,usb,1,3612849267,190522,48773632,256,8000,31.780
2026-07-23T01:45:56.078Z,usb,1,3612849267,190523,48773888,256,8000,31.780
2026-07-23T01:45:56.111Z,usb,1,3612849267,190524,48774144,256,8000,31.780
2026-07-23T01:45:56.142Z,usb,1,3612849267,190525,48774400,256,8000,31.780
2026-07-23T01:45:56.174Z,usb,1,3612849267,190526,48774656,256,8000,31.780
2026-07-23T01:45:56.206Z,usb,1,3612849267,190527,48774912,256,8000,31.780
2026-07-23T01:45:56.238Z,usb,1,3612849267,190528,48775168,256,8000,31.780
2026-07-23T01:45:56.270Z,usb,1,3612849267,190529,48775424,256,8000,31.780
2026-07-23T01:45:56.302Z,usb,1,3612849267,190530,48775680,256,8000,31.780
2026-07-23T01:45:56.334Z,usb,1,3612849267,190531,48775936,256,8000,31.780
2026-07-23T01:45:56.367Z,usb,1,3612849267,190532,48776192,256,8000,31.790
2026-07-23T01:45:56.398Z,usb,1,3612849267,190533,48776448,256,8000,31.790
2026-07-23T01:45:56.430Z,usb,1,3612849267,190534,48776704,256,8000,31.790
2026-07-23T01:45:56.462Z,usb,1,3612849267,190535,48776960,256,8000,31.790
2026-07-23T01:45:56.494Z,usb,1,3612849267,190536,48777216,256,8000,31.790
2026-07-23T01:45:56.526Z,usb,1,3612849267,190537,48777472,256,8000,31.790
2026-07-23T01:45:56.558Z,usb,1,3612849267,190538,48777728,256,8000,31.790
2026-07-23T01:45:56.590Z,usb,1,3612849267,190539,48777984,256,8000,31.790
2026-07-23T01:45:56.623Z,usb,1,3612849267,190540,48778240,256,8000,31.790
2026-07-23T01:45:56.654Z,usb,1,3612849267,190541,48778496,256,8000,31.790
2026-07-23T01:45:56.686Z,usb,1,3612849267,190542,48778752,256,8000,31.790
2026-07-23T01:45:56.718Z,usb,1,3612849267,190543,48779008,256,8000,31.790
2026-07-23T01:45:56.750Z,usb,1,3612849267,190544,48779264,256,8000,31.790
2026-07-23T01:45:56.782Z,usb,1,3612849267,190545,48779520,256,8000,31.790
2026-07-23T01:45:56.814Z,usb,1,3612849267,190546,48779776,256,8000,31.790
2026-07-23T01:45:56.846Z,usb,1,3612849267,190547,48780032,256,8000,31.790
2026-07-23T01:45:56.878Z,usb,1,3612849267,190548,48780288,256,8000,31.790
2026-07-23T01:45:56.910Z,usb,1,3612849267,190549,48780544,256,8000,31.790
2026-07-23T01:45:56.942Z,usb,1,3612849267,190550,48780800,256,8000,31.790
2026-07-23T01:45:56.975Z,usb,1,3612849267,190551,48781056,256,8000,31.790
2026-07-23T01:45:57.006Z,usb,1,3612849267,190552,48781312,256,8000,31.790
2026-07-23T01:45:57.038Z,usb,1,3612849267,190553,48781568,256,8000,31.790
2026-07-23T01:45:57.070Z,usb,1,3612849267,190554,48781824,256,8000,31.790
2026-07-23T01:45:57.103Z,usb,1,3612849267,190555,48782080,256,8000,31.790
2026-07-23T01:45:57.134Z,usb,1,3612849267,190556,48782336,256,8000,31.790
2026-07-23T01:45:57.166Z,usb,1,3612849267,190557,48782592,256,8000,31.790
2026-07-23T01:45:57.199Z,usb,1,3612849267,190558,48782848,256,8000,31.790
2026-07-23T01:45:57.230Z,usb,1,3612849267,190559,48783104,256,8000,31.790
2026-07-23T01:45:57.262Z,usb,1,3612849267,190560,48783360,256,8000,31.790
2026-07-23T01:45:57.294Z,usb,1,3612849267,190561,48783616,256,8000,31.790
2026-07-23T01:45:57.326Z,usb,1,3612849267,190562,48783872,256,8000,31.790
2026-07-23T01:45:57.359Z,usb,1,3612849267,190563,48784128,256,8000,31.790
2026-07-23T01:45:57.391Z,usb,1,3612849267,190564,48784384,256,8000,31.790
2026-07-23T01:45:57.422Z,usb,1,3612849267,190565,48784640,256,8000,31.790
2026-07-23T01:45:57.454Z,usb,1,3612849267,190566,48784896,256,8000,31.790
2026-07-23T01:45:57.486Z,usb,1,3612849267,190567,48785152,256,8000,31.790
2026-07-23T01:45:57.518Z,usb,1,3612849267,190568,48785408,256,8000,31.790
2026-07-23T01:45:57.551Z,usb,1,3612849267,190569,48785664,256,8000,31.790
2026-07-23T01:45:57.583Z,usb,1,3612849267,190570,48785920,256,8000,31.790
2026-07-23T01:45:57.615Z,usb,1,3612849267,190571,48786176,256,8000,31.790
2026-07-23T01:45:57.646Z,usb,1,3612849267,190572,48786432,256,8000,31.790
2026-07-23T01:45:57.679Z,usb,1,3612849267,190573,48786688,256,8000,31.790
2026-07-23T01:45:57.710Z,usb,1,3612849267,190574,48786944,256,8000,31.790
2026-07-23T01:45:57.742Z,usb,1,3612849267,190575,48787200,256,8000,31.790
2026-07-23T01:45:57.775Z,usb,1,3612849267,190576,48787456,256,8000,31.790
2026-07-23T01:45:57.806Z,usb,1,3612849267,190577,48787712,256,8000,31.790
2026-07-23T01:45:57.838Z,usb,1,3612849267,190578,48787968,256,8000,31.790
2026-07-23T01:45:57.870Z,usb,1,3612849267,190579,48788224,256,8000,31.790
2026-07-23T01:45:57.902Z,usb,1,3612849267,190580,48788480,256,8000,31.790
2026-07-23T01:45:57.934Z,usb,1,3612849267,190581,48788736,256,8000,31.790
2026-07-23T01:45:57.967Z,usb,1,3612849267,190582,48788992,256,8000,31.790
2026-07-23T01:45:57.998Z,usb,1,3612849267,190583,48789248,256,8000,31.790
2026-07-23T01:45:58.030Z,usb,1,3612849267,190584,48789504,256,8000,31.790
2026-07-23T01:45:58.063Z,usb,1,3612849267,190585,48789760,256,8000,31.790
2026-07-23T01:45:58.095Z,usb,1,3612849267,190586,48790016,256,8000,31.790
2026-07-23T01:45:58.126Z,usb,1,3612849267,190587,48790272,256,8000,31.790
2026-07-23T01:45:58.159Z,usb,1,3612849267,190588,48790528,256,8000,31.790
2026-07-23T01:45:58.190Z,usb,1,3612849267,190589,48790784,256,8000,31.790
2026-07-23T01:45:58.222Z,usb,1,3612849267,190590,48791040,256,8000,31.790
2026-07-23T01:45:58.255Z,usb,1,3612849267,190591,48791296,256,8000,31.790
2026-07-23T01:45:58.287Z,usb,1,3612849267,190592,48791552,256,8000,31.790
2026-07-23T01:45:58.318Z,usb,1,3612849267,190593,48791808,256,8000,31.790
2026-07-23T01:45:58.350Z,usb,1,3612849267,190594,48792064,256,8000,31.790
2026-07-23T01:45:58.382Z,usb,1,3612849267,190595,48792320,256,8000,31.790
2026-07-23T01:45:58.415Z,usb,1,3612849267,190596,48792576,256,8000,31.780
2026-07-23T01:45:58.446Z,usb,1,3612849267,190597,48792832,256,8000,31.780
2026-07-23T01:45:58.479Z,usb,1,3612849267,190598,48793088,256,8000,31.780
2026-07-23T01:45:58.510Z,usb,1,3612849267,190599,48793344,256,8000,31.780
2026-07-23T01:45:58.542Z,usb,1,3612849267,190600,48793600,256,8000,31.780
2026-07-23T01:45:58.575Z,usb,1,3612849267,190601,48793856,256,8000,31.780
2026-07-23T01:45:58.607Z,usb,1,3612849267,190602,48794112,256,8000,31.780
2026-07-23T01:45:58.638Z,usb,1,3612849267,190603,48794368,256,8000,31.780
2026-07-23T01:45:58.671Z,usb,1,3612849267,190604,48794624,256,8000,31.780
2026-07-23T01:45:58.703Z,usb,1,3612849267,190605,48794880,256,8000,31.780
2026-07-23T01:45:58.734Z,usb,1,3612849267,190606,48795136,256,8000,31.780
2026-07-23T01:45:58.767Z,usb,1,3612849267,190607,48795392,256,8000,31.780
2026-07-23T01:45:58.798Z,usb,1,3612849267,190608,48795648,256,8000,31.780
2026-07-23T01:45:58.830Z,usb,1,3612849267,190609,48795904,256,8000,31.780
2026-07-23T01:45:58.862Z,usb,1,3612849267,190610,48796160,256,8000,31.780
2026-07-23T01:45:58.895Z,usb,1,3612849267,190611,48796416,256,8000,31.780
2026-07-23T01:45:58.926Z,usb,1,3612849267,190612,48796672,256,8000,31.780
2026-07-23T01:45:58.958Z,usb,1,3612849267,190613,48796928,256,8000,31.780
2026-07-23T01:45:58.990Z,usb,1,3612849267,190614,48797184,256,8000,31.780
2026-07-23T01:45:59.022Z,usb,1,3612849267,190615,48797440,256,8000,31.780
2026-07-23T01:45:59.054Z,usb,1,3612849267,190616,48797696,256,8000,31.780
2026-07-23T01:45:59.087Z,usb,1,3612849267,190617,48797952,256,8000,31.780
2026-07-23T01:45:59.119Z,usb,1,3612849267,190618,48798208,256,8000,31.780
2026-07-23T01:45:59.150Z,usb,1,3612849267,190619,48798464,256,8000,31.780
2026-07-23T01:45:59.182Z,usb,1,3612849267,190620,48798720,256,8000,31.780
2026-07-23T01:45:59.214Z,usb,1,3612849267,190621,48798976,256,8000,31.780
2026-07-23T01:45:59.246Z,usb,1,3612849267,190622,48799232,256,8000,31.780
2026-07-23T01:45:59.278Z,usb,1,3612849267,190623,48799488,256,8000,31.780
2026-07-23T01:45:59.311Z,usb,1,3612849267,190624,48799744,256,8000,31.780
2026-07-23T01:45:59.342Z,usb,1,3612849267,190625,48800000,256,8000,31.780
2026-07-23T01:45:59.375Z,usb,1,3612849267,190626,48800256,256,8000,31.780
2026-07-23T01:45:59.407Z,usb,1,3612849267,190627,48800512,256,8000,31.780
2026-07-23T01:45:59.439Z,usb,1,3612849267,190628,48800768,256,8000,31.780
2026-07-23T01:45:59.471Z,usb,1,3612849267,190629,48801024,256,8000,31.780
2026-07-23T01:45:59.503Z,usb,1,3612849267,190630,48801280,256,8000,31.780
2026-07-23T01:45:59.534Z,usb,1,3612849267,190631,48801536,256,8000,31.780
2026-07-23T01:45:59.567Z,usb,1,3612849267,190632,48801792,256,8000,31.780
2026-07-23T01:45:59.599Z,usb,1,3612849267,190633,48802048,256,8000,31.780
2026-07-23T01:45:59.631Z,usb,1,3612849267,190634,48802304,256,8000,31.780
2026-07-23T01:45:59.662Z,usb,1,3612849267,190635,48802560,256,8000,31.780
2026-07-23T01:45:59.694Z,usb,1,3612849267,190636,48802816,256,8000,31.780
2026-07-23T01:45:59.726Z,usb,1,3612849267,190637,48803072,256,8000,31.780
2026-07-23T01:45:59.758Z,usb,1,3612849267,190638,48803328,256,8000,31.780
2026-07-23T01:45:59.791Z,usb,1,3612849267,190639,48803584,256,8000,31.780
2026-07-23T01:45:59.822Z,usb,1,3612849267,190640,48803840,256,8000,31.780
2026-07-23T01:45:59.854Z,usb,1,3612849267,190641,48804096,256,8000,31.780
2026-07-23T01:45:59.886Z,usb,1,3612849267,190642,48804352,256,8000,31.780
2026-07-23T01:45:59.918Z,usb,1,3612849267,190643,48804608,256,8000,31.780
2026-07-23T01:45:59.950Z,usb,1,3612849267,190644,48804864,256,8000,31.780
2026-07-23T01:45:59.983Z,usb,1,3612849267,190645,48805120,256,8000,31.780
2026-07-23T01:46:00.014Z,usb,1,3612849267,190646,48805376,256,8000,31.780
2026-07-23T01:46:00.047Z,usb,1,3612849267,190647,48805632,256,8000,31.780
2026-07-23T01:46:00.078Z,usb,1,3612849267,190648,48805888,256,8000,31.780
2026-07-23T01:46:00.111Z,usb,1,3612849267,190649,48806144,256,8000,31.780
2026-07-23T01:46:00.142Z,usb,1,3612849267,190650,48806400,256,8000,31.780
2026-07-23T01:46:00.174Z,usb,1,3612849267,190651,48806656,256,8000,31.780
2026-07-23T01:46:00.206Z,usb,1,3612849267,190652,48806912,256,8000,31.780
2026-07-23T01:46:00.238Z,usb,1,3612849267,190653,48807168,256,8000,31.780
2026-07-23T01:46:00.270Z,usb,1,3612849267,190654,48807424,256,8000,31.780
2026-07-23T01:46:00.303Z,usb,1,3612849267,190655,48807680,256,8000,31.780
2026-07-23T01:46:00.334Z,usb,1,3612849267,190656,48807936,256,8000,31.780
2026-07-23T01:46:00.366Z,usb,1,3612849267,190657,48808192,256,8000,31.780
2026-07-23T01:46:00.399Z,usb,1,3612849267,190658,48808448,256,8000,31.780
2026-07-23T01:46:00.430Z,usb,1,3612849267,190659,48808704,256,8000,31.780
2026-07-23T01:46:00.463Z,usb,1,3612849267,190660,48808960,256,8000,31.790
2026-07-23T01:46:00.494Z,usb,1,3612849267,190661,48809216,256,8000,31.790
2026-07-23T01:46:00.527Z,usb,1,3612849267,190662,48809472,256,8000,31.790
2026-07-23T01:46:00.558Z,usb,1,3612849267,190663,48809728,256,8000,31.790
2026-07-23T01:46:00.591Z,usb,1,3612849267,190664,48809984,256,8000,31.790
2026-07-23T01:46:00.623Z,usb,1,3612849267,190665,48810240,256,8000,31.790
2026-07-23T01:46:00.654Z,usb,1,3612849267,190666,48810496,256,8000,31.790
2026-07-23T01:46:00.686Z,usb,1,3612849267,190667,48810752,256,8000,31.790
2026-07-23T01:46:00.718Z,usb,1,3612849267,190668,48811008,256,8000,31.790
2026-07-23T01:46:00.750Z,usb,1,3612849267,190669,48811264,256,8000,31.790
2026-07-23T01:46:00.783Z,usb,1,3612849267,190670,48811520,256,8000,31.790
2026-07-23T01:46:00.814Z,usb,1,3612849267,190671,48811776,256,8000,31.790
2026-07-23T01:46:00.846Z,usb,1,3612849267,190672,48812032,256,8000,31.790
2026-07-23T01:46:00.878Z,usb,1,3612849267,190673,48812288,256,8000,31.790
2026-07-23T01:46:00.910Z,usb,1,3612849267,190674,48812544,256,8000,31.790
2026-07-23T01:46:00.942Z,usb,1,3612849267,190675,48812800,256,8000,31.790
2026-07-23T01:46:00.974Z,usb,1,3612849267,190676,48813056,256,8000,31.790
2026-07-23T01:46:01.006Z,usb,1,3612849267,190677,48813312,256,8000,31.790
2026-07-23T01:46:01.038Z,usb,1,3612849267,190678,48813568,256,8000,31.790
2026-07-23T01:46:01.070Z,usb,1,3612849267,190679,48813824,256,8000,31.790
2026-07-23T01:46:01.102Z,usb,1,3612849267,190680,48814080,256,8000,31.790
2026-07-23T01:46:01.135Z,usb,1,3612849267,190681,48814336,256,8000,31.790
2026-07-23T01:46:01.167Z,usb,1,3612849267,190682,48814592,256,8000,31.790
2026-07-23T01:46:01.198Z,usb,1,3612849267,190683,48814848,256,8000,31.790
2026-07-23T01:46:01.231Z,usb,1,3612849267,190684,48815104,256,8000,31.790
2026-07-23T01:46:01.262Z,usb,1,3612849267,190685,48815360,256,8000,31.790
2026-07-23T01:46:01.294Z,usb,1,3612849267,190686,48815616,256,8000,31.790
2026-07-23T01:46:01.326Z,usb,1,3612849267,190687,48815872,256,8000,31.790
2026-07-23T01:46:01.358Z,usb,1,3612849267,190688,48816128,256,8000,31.790
2026-07-23T01:46:01.390Z,usb,1,3612849267,190689,48816384,256,8000,31.790
2026-07-23T01:46:01.422Z,usb,1,3612849267,190690,48816640,256,8000,31.790
2026-07-23T01:46:01.454Z,usb,1,3612849267,190691,48816896,256,8000,31.790
2026-07-23T01:46:01.487Z,usb,1,3612849267,190692,48817152,256,8000,31.780
2026-07-23T01:46:01.518Z,usb,1,3612849267,190693,48817408,256,8000,31.780
2026-07-23T01:46:01.550Z,usb,1,3612849267,190694,48817664,256,8000,31.780
2026-07-23T01:46:01.583Z,usb,1,3612849267,190695,48817920,256,8000,31.780
2026-07-23T01:46:01.615Z,usb,1,3612849267,190696,48818176,256,8000,31.780
2026-07-23T01:46:01.647Z,usb,1,3612849267,190697,48818432,256,8000,31.780
2026-07-23T01:46:01.678Z,usb,1,3612849267,190698,48818688,256,8000,31.780
2026-07-23T01:46:01.711Z,usb,1,3612849267,190699,48818944,256,8000,31.780
2026-07-23T01:46:01.743Z,usb,1,3612849267,190700,48819200,256,8000,31.780
2026-07-23T01:46:01.774Z,usb,1,3612849267,190701,48819456,256,8000,31.780
2026-07-23T01:46:01.807Z,usb,1,3612849267,190702,48819712,256,8000,31.780
2026-07-23T01:46:01.838Z,usb,1,3612849267,190703,48819968,256,8000,31.780
2026-07-23T01:46:01.870Z,usb,1,3612849267,190704,48820224,256,8000,31.780
2026-07-23T01:46:01.902Z,usb,1,3612849267,190705,48820480,256,8000,31.780
2026-07-23T01:46:01.934Z,usb,1,3612849267,190706,48820736,256,8000,31.780
2026-07-23T01:46:01.966Z,usb,1,3612849267,190707,48820992,256,8000,31.780
2026-07-23T01:46:01.998Z,usb,1,3612849267,190708,48821248,256,8000,31.780
2026-07-23T01:46:02.030Z,usb,1,3612849267,190709,48821504,256,8000,31.780
2026-07-23T01:46:02.062Z,usb,1,3612849267,190710,48821760,256,8000,31.780
2026-07-23T01:46:02.094Z,usb,1,3612849267,190711,48822016,256,8000,31.780
2026-07-23T01:46:02.127Z,usb,1,3612849267,190712,48822272,256,8000,31.780
2026-07-23T01:46:02.159Z,usb,1,3612849267,190713,48822528,256,8000,31.780
2026-07-23T01:46:02.190Z,usb,1,3612849267,190714,48822784,256,8000,31.780
2026-07-23T01:46:02.222Z,usb,1,3612849267,190715,48823040,256,8000,31.780
2026-07-23T01:46:02.254Z,usb,1,3612849267,190716,48823296,256,8000,31.780
2026-07-23T01:46:02.286Z,usb,1,3612849267,190717,48823552,256,8000,31.780
2026-07-23T01:46:02.318Z,usb,1,3612849267,190718,48823808,256,8000,31.780
2026-07-23T01:46:02.350Z,usb,1,3612849267,190719,48824064,256,8000,31.780
2026-07-23T01:46:02.382Z,usb,1,3612849267,190720,48824320,256,8000,31.780
2026-07-23T01:46:02.414Z,usb,1,3612849267,190721,48824576,256,8000,31.780
2026-07-23T01:46:02.446Z,usb,1,3612849267,190722,48824832,256,8000,31.780
2026-07-23T01:46:02.479Z,usb,1,3612849267,190723,48825088,256,8000,31.780
2026-07-23T01:46:02.511Z,usb,1,3612849267,190724,48825344,256,8000,31.790
2026-07-23T01:46:02.542Z,usb,1,3612849267,190725,48825600,256,8000,31.790
2026-07-23T01:46:02.574Z,usb,1,3612849267,190726,48825856,256,8000,31.790
2026-07-23T01:46:02.607Z,usb,1,3612849267,190727,48826112,256,8000,31.790
2026-07-23T01:46:02.638Z,usb,1,3612849267,190728,48826368,256,8000,31.790
2026-07-23T01:46:02.670Z,usb,1,3612849267,190729,48826624,256,8000,31.790
2026-07-23T01:46:02.702Z,usb,1,3612849267,190730,48826880,256,8000,31.790
2026-07-23T01:46:02.734Z,usb,1,3612849267,190731,48827136,256,8000,31.790
2026-07-23T01:46:02.766Z,usb,1,3612849267,190732,48827392,256,8000,31.790
2026-07-23T01:46:02.798Z,usb,1,3612849267,190733,48827648,256,8000,31.790
2026-07-23T01:46:02.830Z,usb,1,3612849267,190734,48827904,256,8000,31.790
2026-07-23T01:46:02.862Z,usb,1,3612849267,190735,48828160,256,8000,31.790
2026-07-23T01:46:02.894Z,usb,1,3612849267,190736,48828416,256,8000,31.790
2026-07-23T01:46:02.926Z,usb,1,3612849267,190737,48828672,256,8000,31.790
2026-07-23T01:46:02.958Z,usb,1,3612849267,190738,48828928,256,8000,31.790
2026-07-23T01:46:02.990Z,usb,1,3612849267,190739,48829184,256,8000,31.790
2026-07-23T01:46:03.022Z,usb,1,3612849267,190740,48829440,256,8000,31.790
2026-07-23T01:46:03.054Z,usb,1,3612849267,190741,48829696,256,8000,31.790
2026-07-23T01:46:03.086Z,usb,1,3612849267,190742,48829952,256,8000,31.790
2026-07-23T01:46:03.119Z,usb,1,3612849267,190743,48830208,256,8000,31.790
2026-07-23T01:46:03.150Z,usb,1,3612849267,190744,48830464,256,8000,31.790
2026-07-23T01:46:03.182Z,usb,1,3612849267,190745,48830720,256,8000,31.790
2026-07-23T01:46:03.214Z,usb,1,3612849267,190746,48830976,256,8000,31.790
2026-07-23T01:46:03.246Z,usb,1,3612849267,190747,48831232,256,8000,31.790
2026-07-23T01:46:03.278Z,usb,1,3612849267,190748,48831488,256,8000,31.790
2026-07-23T01:46:03.310Z,usb,1,3612849267,190749,48831744,256,8000,31.790
2026-07-23T01:46:03.342Z,usb,1,3612849267,190750,48832000,256,8000,31.790
2026-07-23T01:46:03.374Z,usb,1,3612849267,190751,48832256,256,8000,31.790
2026-07-23T01:46:03.406Z,usb,1,3612849267,190752,48832512,256,8000,31.790
2026-07-23T01:46:03.438Z,usb,1,3612849267,190753,48832768,256,8000,31.790
2026-07-23T01:46:03.470Z,usb,1,3612849267,190754,48833024,256,8000,31.790
2026-07-23T01:46:03.502Z,usb,1,3612849267,190755,48833280,256,8000,31.790
2026-07-23T01:46:03.535Z,usb,1,3612849267,190756,48833536,256,8000,31.790
2026-07-23T01:46:03.566Z,usb,1,3612849267,190757,48833792,256,8000,31.790
2026-07-23T01:46:03.599Z,usb,1,3612849267,190758,48834048,256,8000,31.790
2026-07-23T01:46:03.631Z,usb,1,3612849267,190759,48834304,256,8000,31.790
2026-07-23T01:46:03.662Z,usb,1,3612849267,190760,48834560,256,8000,31.790
2026-07-23T01:46:03.694Z,usb,1,3612849267,190761,48834816,256,8000,31.790
2026-07-23T01:46:03.726Z,usb,1,3612849267,190762,48835072,256,8000,31.790
2026-07-23T01:46:03.758Z,usb,1,3612849267,190763,48835328,256,8000,31.790
2026-07-23T01:46:03.790Z,usb,1,3612849267,190764,48835584,256,8000,31.790
2026-07-23T01:46:03.822Z,usb,1,3612849267,190765,48835840,256,8000,31.790
2026-07-23T01:46:03.854Z,usb,1,3612849267,190766,48836096,256,8000,31.790
2026-07-23T01:46:03.886Z,usb,1,3612849267,190767,48836352,256,8000,31.790
2026-07-23T01:46:03.919Z,usb,1,3612849267,190768,48836608,256,8000,31.790
2026-07-23T01:46:03.950Z,usb,1,3612849267,190769,48836864,256,8000,31.790
2026-07-23T01:46:03.982Z,usb,1,3612849267,190770,48837120,256,8000,31.790
2026-07-23T01:46:04.014Z,usb,1,3612849267,190771,48837376,256,8000,31.790
2026-07-23T01:46:04.046Z,usb,1,3612849267,190772,48837632,256,8000,31.790
2026-07-23T01:46:04.079Z,usb,1,3612849267,190773,48837888,256,8000,31.790
2026-07-23T01:46:04.111Z,usb,1,3612849267,190774,48838144,256,8000,31.790
2026-07-23T01:46:04.142Z,usb,1,3612849267,190775,48838400,256,8000,31.790
2026-07-23T01:46:04.174Z,usb,1,3612849267,190776,48838656,256,8000,31.790
2026-07-23T01:46:04.206Z,usb,1,3612849267,190777,48838912,256,8000,31.790
2026-07-23T01:46:04.239Z,usb,1,3612849267,190778,48839168,256,8000,31.790
2026-07-23T01:46:04.271Z,usb,1,3612849267,190779,48839424,256,8000,31.790
2026-07-23T01:46:04.302Z,usb,1,3612849267,190780,48839680,256,8000,31.790
2026-07-23T01:46:04.334Z,usb,1,3612849267,190781,48839936,256,8000,31.790
2026-07-23T01:46:04.366Z,usb,1,3612849267,190782,48840192,256,8000,31.790
2026-07-23T01:46:04.398Z,usb,1,3612849267,190783,48840448,256,8000,31.790
2026-07-23T01:46:04.430Z,usb,1,3612849267,190784,48840704,256,8000,31.790
2026-07-23T01:46:04.462Z,usb,1,3612849267,190785,48840960,256,8000,31.790
2026-07-23T01:46:04.494Z,usb,1,3612849267,190786,48841216,256,8000,31.790
2026-07-23T01:46:04.526Z,usb,1,3612849267,190787,48841472,256,8000,31.790
2026-07-23T01:46:04.559Z,usb,1,3612849267,190788,48841728,256,8000,31.790
2026-07-23T01:46:04.591Z,usb,1,3612849267,190789,48841984,256,8000,31.790
2026-07-23T01:46:04.623Z,usb,1,3612849267,190790,48842240,256,8000,31.790
2026-07-23T01:46:04.654Z,usb,1,3612849267,190791,48842496,256,8000,31.790
2026-07-23T01:46:04.686Z,usb,1,3612849267,190792,48842752,256,8000,31.790
2026-07-23T01:46:04.718Z,usb,1,3612849267,190793,48843008,256,8000,31.790
2026-07-23T01:46:04.750Z,usb,1,3612849267,190794,48843264,256,8000,31.790
2026-07-23T01:46:04.782Z,usb,1,3612849267,190795,48843520,256,8000,31.790
2026-07-23T01:46:04.815Z,usb,1,3612849267,190796,48843776,256,8000,31.790
2026-07-23T01:46:04.847Z,usb,1,3612849267,190797,48844032,256,8000,31.790
2026-07-23T01:46:04.878Z,usb,1,3612849267,190798,48844288,256,8000,31.790
2026-07-23T01:46:04.910Z,usb,1,3612849267,190799,48844544,256,8000,31.790
2026-07-23T01:46:04.943Z,usb,1,3612849267,190800,48844800,256,8000,31.790
2026-07-23T01:46:04.974Z,usb,1,3612849267,190801,48845056,256,8000,31.790
2026-07-23T01:46:05.007Z,usb,1,3612849267,190802,48845312,256,8000,31.790
2026-07-23T01:46:05.038Z,usb,1,3612849267,190803,48845568,256,8000,31.790
2026-07-23T01:46:05.070Z,usb,1,3612849267,190804,48845824,256,8000,31.790
2026-07-23T01:46:05.103Z,usb,1,3612849267,190805,48846080,256,8000,31.790
2026-07-23T01:46:05.135Z,usb,1,3612849267,190806,48846336,256,8000,31.790
2026-07-23T01:46:05.166Z,usb,1,3612849267,190807,48846592,256,8000,31.790
2026-07-23T01:46:05.198Z,usb,1,3612849267,190808,48846848,256,8000,31.790
2026-07-23T01:46:05.230Z,usb,1,3612849267,190809,48847104,256,8000,31.790
2026-07-23T01:46:05.262Z,usb,1,3612849267,190810,48847360,256,8000,31.790
2026-07-23T01:46:05.295Z,usb,1,3612849267,190811,48847616,256,8000,31.790
2026-07-23T01:46:05.327Z,usb,1,3612849267,190812,48847872,256,8000,31.790
2026-07-23T01:46:05.359Z,usb,1,3612849267,190813,48848128,256,8000,31.790
2026-07-23T01:46:05.390Z,usb,1,3612849267,190814,48848384,256,8000,31.790
2026-07-23T01:46:05.423Z,usb,1,3612849267,190815,48848640,256,8000,31.790
2026-07-23T01:46:05.454Z,usb,1,3612849267,190816,48848896,256,8000,31.790
2026-07-23T01:46:05.486Z,usb,1,3612849267,190817,48849152,256,8000,31.790
2026-07-23T01:46:05.519Z,usb,1,3612849267,190818,48849408,256,8000,31.790
2026-07-23T01:46:05.550Z,usb,1,3612849267,190819,48849664,256,8000,31.790
2026-07-23T01:46:05.583Z,usb,1,3612849267,190820,48849920,256,8000,31.780
2026-07-23T01:46:05.615Z,usb,1,3612849267,190821,48850176,256,8000,31.780
2026-07-23T01:46:05.647Z,usb,1,3612849267,190822,48850432,256,8000,31.780
2026-07-23T01:46:05.679Z,usb,1,3612849267,190823,48850688,256,8000,31.780
2026-07-23T01:46:05.711Z,usb,1,3612849267,190824,48850944,256,8000,31.780
2026-07-23T01:46:05.742Z,usb,1,3612849267,190825,48851200,256,8000,31.780
2026-07-23T01:46:05.775Z,usb,1,3612849267,190826,48851456,256,8000,31.780
2026-07-23T01:46:05.806Z,usb,1,3612849267,190827,48851712,256,8000,31.780
2026-07-23T01:46:05.839Z,usb,1,3612849267,190828,48851968,256,8000,31.780
2026-07-23T01:46:05.870Z,usb,1,3612849267,190829,48852224,256,8000,31.780
2026-07-23T01:46:05.902Z,usb,1,3612849267,190830,48852480,256,8000,31.780
2026-07-23T01:46:05.935Z,usb,1,3612849267,190831,48852736,256,8000,31.780
2026-07-23T01:46:05.966Z,usb,1,3612849267,190832,48852992,256,8000,31.780
2026-07-23T01:46:05.998Z,usb,1,3612849267,190833,48853248,256,8000,31.780
2026-07-23T01:46:06.031Z,usb,1,3612849267,190834,48853504,256,8000,31.780
2026-07-23T01:46:06.062Z,usb,1,3612849267,190835,48853760,256,8000,31.780
2026-07-23T01:46:06.095Z,usb,1,3612849267,190836,48854016,256,8000,31.780
2026-07-23T01:46:06.126Z,usb,1,3612849267,190837,48854272,256,8000,31.780
2026-07-23T01:46:06.159Z,usb,1,3612849267,190838,48854528,256,8000,31.780
2026-07-23T01:46:06.190Z,usb,1,3612849267,190839,48854784,256,8000,31.780
2026-07-23T01:46:06.222Z,usb,1,3612849267,190840,48855040,256,8000,31.780
2026-07-23T01:46:06.254Z,usb,1,3612849267,190841,48855296,256,8000,31.780
2026-07-23T01:46:06.286Z,usb,1,3612849267,190842,48855552,256,8000,31.780
2026-07-23T01:46:06.318Z,usb,1,3612849267,190843,48855808,256,8000,31.780
2026-07-23T01:46:06.350Z,usb,1,3612849267,190844,48856064,256,8000,31.780
2026-07-23T01:46:06.383Z,usb,1,3612849267,190845,48856320,256,8000,31.780
2026-07-23T01:46:06.414Z,usb,1,3612849267,190846,48856576,256,8000,31.780
2026-07-23T01:46:06.446Z,usb,1,3612849267,190847,48856832,256,8000,31.780
2026-07-23T01:46:06.478Z,usb,1,3612849267,190848,48857088,256,8000,31.780
2026-07-23T01:46:06.510Z,usb,1,3612849267,190849,48857344,256,8000,31.780
2026-07-23T01:46:06.543Z,usb,1,3612849267,190850,48857600,256,8000,31.780
2026-07-23T01:46:06.575Z,usb,1,3612849267,190851,48857856,256,8000,31.780
2026-07-23T01:46:06.607Z,usb,1,3612849267,190852,48858112,256,8000,31.790
2026-07-23T01:46:06.638Z,usb,1,3612849267,190853,48858368,256,8000,31.790
2026-07-23T01:46:06.671Z,usb,1,3612849267,190854,48858624,256,8000,31.790
2026-07-23T01:46:06.702Z,usb,1,3612849267,190855,48858880,256,8000,31.790
2026-07-23T01:46:06.734Z,usb,1,3612849267,190856,48859136,256,8000,31.790
2026-07-23T01:46:06.766Z,usb,1,3612849267,190857,48859392,256,8000,31.790
2026-07-23T01:46:06.798Z,usb,1,3612849267,190858,48859648,256,8000,31.790
2026-07-23T01:46:06.830Z,usb,1,3612849267,190859,48859904,256,8000,31.790
2026-07-23T01:46:06.863Z,usb,1,3612849267,190860,48860160,256,8000,31.790
2026-07-23T01:46:06.894Z,usb,1,3612849267,190861,48860416,256,8000,31.790
2026-07-23T01:46:06.926Z,usb,1,3612849267,190862,48860672,256,8000,31.790
2026-07-23T01:46:06.959Z,usb,1,3612849267,190863,48860928,256,8000,31.790
2026-07-23T01:46:06.990Z,usb,1,3612849267,190864,48861184,256,8000,31.790
2026-07-23T01:46:07.022Z,usb,1,3612849267,190865,48861440,256,8000,31.790
2026-07-23T01:46:07.055Z,usb,1,3612849267,190866,48861696,256,8000,31.790
2026-07-23T01:46:07.087Z,usb,1,3612849267,190867,48861952,256,8000,31.790
2026-07-23T01:46:07.118Z,usb,1,3612849267,190868,48862208,256,8000,31.790
2026-07-23T01:46:07.151Z,usb,1,3612849267,190869,48862464,256,8000,31.790
2026-07-23T01:46:07.183Z,usb,1,3612849267,190870,48862720,256,8000,31.790
2026-07-23T01:46:07.215Z,usb,1,3612849267,190871,48862976,256,8000,31.790
2026-07-23T01:46:07.247Z,usb,1,3612849267,190872,48863232,256,8000,31.790
2026-07-23T01:46:07.279Z,usb,1,3612849267,190873,48863488,256,8000,31.790
2026-07-23T01:46:07.310Z,usb,1,3612849267,190874,48863744,256,8000,31.790
2026-07-23T01:46:07.342Z,usb,1,3612849267,190875,48864000,256,8000,31.790
2026-07-23T01:46:07.375Z,usb,1,3612849267,190876,48864256,256,8000,31.790
2026-07-23T01:46:07.406Z,usb,1,3612849267,190877,48864512,256,8000,31.790
2026-07-23T01:46:07.438Z,usb,1,3612849267,190878,48864768,256,8000,31.790
2026-07-23T01:46:07.471Z,usb,1,3612849267,190879,48865024,256,8000,31.790
2026-07-23T01:46:07.502Z,usb,1,3612849267,190880,48865280,256,8000,31.790
2026-07-23T01:46:07.534Z,usb,1,3612849267,190881,48865536,256,8000,31.790
2026-07-23T01:46:07.567Z,usb,1,3612849267,190882,48865792,256,8000,31.790
2026-07-23T01:46:07.599Z,usb,1,3612849267,190883,48866048,256,8000,31.790
2026-07-23T01:46:07.631Z,usb,1,3612849267,190884,48866304,256,8000,31.790
2026-07-23T01:46:07.663Z,usb,1,3612849267,190885,48866560,256,8000,31.790
2026-07-23T01:46:07.694Z,usb,1,3612849267,190886,48866816,256,8000,31.790
2026-07-23T01:46:07.726Z,usb,1,3612849267,190887,48867072,256,8000,31.790
2026-07-23T01:46:07.758Z,usb,1,3612849267,190888,48867328,256,8000,31.790
2026-07-23T01:46:07.791Z,usb,1,3612849267,190889,48867584,256,8000,31.790
2026-07-23T01:46:07.822Z,usb,1,3612849267,190890,48867840,256,8000,31.790
2026-07-23T01:46:07.854Z,usb,1,3612849267,190891,48868096,256,8000,31.790
2026-07-23T01:46:07.886Z,usb,1,3612849267,190892,48868352,256,8000,31.790
2026-07-23T01:46:07.918Z,usb,1,3612849267,190893,48868608,256,8000,31.790
2026-07-23T01:46:07.950Z,usb,1,3612849267,190894,48868864,256,8000,31.790
2026-07-23T01:46:07.982Z,usb,1,3612849267,190895,48869120,256,8000,31.790
2026-07-23T01:46:08.014Z,usb,1,3612849267,190896,48869376,256,8000,31.790
2026-07-23T01:46:08.046Z,usb,1,3612849267,190897,48869632,256,8000,31.790
2026-07-23T01:46:08.079Z,usb,1,3612849267,190898,48869888,256,8000,31.790
2026-07-23T01:46:08.111Z,usb,1,3612849267,190899,48870144,256,8000,31.790
2026-07-23T01:46:08.142Z,usb,1,3612849267,190900,48870400,256,8000,31.790
2026-07-23T01:46:08.174Z,usb,1,3612849267,190901,48870656,256,8000,31.790
2026-07-23T01:46:08.206Z,usb,1,3612849267,190902,48870912,256,8000,31.790
2026-07-23T01:46:08.238Z,usb,1,3612849267,190903,48871168,256,8000,31.790
2026-07-23T01:46:08.270Z,usb,1,3612849267,190904,48871424,256,8000,31.790
2026-07-23T01:46:08.302Z,usb,1,3612849267,190905,48871680,256,8000,31.790
2026-07-23T01:46:08.334Z,usb,1,3612849267,190906,48871936,256,8000,31.790
2026-07-23T01:46:08.366Z,usb,1,3612849267,190907,48872192,256,8000,31.790
2026-07-23T01:46:08.398Z,usb,1,3612849267,190908,48872448,256,8000,31.790
2026-07-23T01:46:08.430Z,usb,1,3612849267,190909,48872704,256,8000,31.790
2026-07-23T01:46:08.462Z,usb,1,3612849267,190910,48872960,256,8000,31.790
2026-07-23T01:46:08.494Z,usb,1,3612849267,190911,48873216,256,8000,31.790
2026-07-23T01:46:08.527Z,usb,1,3612849267,190912,48873472,256,8000,31.790
2026-07-23T01:46:08.558Z,usb,1,3612849267,190913,48873728,256,8000,31.790
2026-07-23T01:46:08.591Z,usb,1,3612849267,190914,48873984,256,8000,31.790
2026-07-23T01:46:08.623Z,usb,1,3612849267,190915,48874240,256,8000,31.790
2026-07-23T01:46:08.655Z,usb,1,3612849267,190916,48874496,256,8000,31.790
2026-07-23T01:46:08.686Z,usb,1,3612849267,190917,48874752,256,8000,31.790
2026-07-23T01:46:08.718Z,usb,1,3612849267,190918,48875008,256,8000,31.790
2026-07-23T01:46:08.750Z,usb,1,3612849267,190919,48875264,256,8000,31.790
2026-07-23T01:46:08.782Z,usb,1,3612849267,190920,48875520,256,8000,31.790
2026-07-23T01:46:08.814Z,usb,1,3612849267,190921,48875776,256,8000,31.790
2026-07-23T01:46:08.846Z,usb,1,3612849267,190922,48876032,256,8000,31.790
2026-07-23T01:46:08.878Z,usb,1,3612849267,190923,48876288,256,8000,31.790
2026-07-23T01:46:08.910Z,usb,1,3612849267,190924,48876544,256,8000,31.790
2026-07-23T01:46:08.942Z,usb,1,3612849267,190925,48876800,256,8000,31.790
2026-07-23T01:46:08.975Z,usb,1,3612849267,190926,48877056,256,8000,31.790
2026-07-23T01:46:09.007Z,usb,1,3612849267,190927,48877312,256,8000,31.790
2026-07-23T01:46:09.039Z,usb,1,3612849267,190928,48877568,256,8000,31.790
2026-07-23T01:46:09.070Z,usb,1,3612849267,190929,48877824,256,8000,31.790
2026-07-23T01:46:09.103Z,usb,1,3612849267,190930,48878080,256,8000,31.790
2026-07-23T01:46:09.135Z,usb,1,3612849267,190931,48878336,256,8000,31.790
2026-07-23T01:46:09.167Z,usb,1,3612849267,190932,48878592,256,8000,31.790
2026-07-23T01:46:09.199Z,usb,1,3612849267,190933,48878848,256,8000,31.790
2026-07-23T01:46:09.231Z,usb,1,3612849267,190934,48879104,256,8000,31.790
2026-07-23T01:46:09.263Z,usb,1,3612849267,190935,48879360,256,8000,31.790
2026-07-23T01:46:09.295Z,usb,1,3612849267,190936,48879616,256,8000,31.790
2026-07-23T01:46:09.326Z,usb,1,3612849267,190937,48879872,256,8000,31.790
2026-07-23T01:46:09.358Z,usb,1,3612849267,190938,48880128,256,8000,31.790
2026-07-23T01:46:09.390Z,usb,1,3612849267,190939,48880384,256,8000,31.790
2026-07-23T01:46:09.423Z,usb,1,3612849267,190940,48880640,256,8000,31.790
2026-07-23T01:46:09.454Z,usb,1,3612849267,190941,48880896,256,8000,31.790
2026-07-23T01:46:09.486Z,usb,1,3612849267,190942,48881152,256,8000,31.790
2026-07-23T01:46:09.518Z,usb,1,3612849267,190943,48881408,256,8000,31.790
2026-07-23T01:46:09.550Z,usb,1,3612849267,190944,48881664,256,8000,31.790
2026-07-23T01:46:09.583Z,usb,1,3612849267,190945,48881920,256,8000,31.790
2026-07-23T01:46:09.615Z,usb,1,3612849267,190946,48882176,256,8000,31.790
2026-07-23T01:46:09.646Z,usb,1,3612849267,190947,48882432,256,8000,31.790
2026-07-23T01:46:09.679Z,usb,1,3612849267,190948,48882688,256,8000,31.790
2026-07-23T01:46:09.710Z,usb,1,3612849267,190949,48882944,256,8000,31.790
2026-07-23T01:46:09.742Z,usb,1,3612849267,190950,48883200,256,8000,31.790
2026-07-23T01:46:09.774Z,usb,1,3612849267,190951,48883456,256,8000,31.790
2026-07-23T01:46:09.806Z,usb,1,3612849267,190952,48883712,256,8000,31.790
2026-07-23T01:46:09.838Z,usb,1,3612849267,190953,48883968,256,8000,31.790
2026-07-23T01:46:09.870Z,usb,1,3612849267,190954,48884224,256,8000,31.790
2026-07-23T01:46:09.902Z,usb,1,3612849267,190955,48884480,256,8000,31.790
2026-07-23T01:46:09.934Z,usb,1,3612849267,190956,48884736,256,8000,31.790
2026-07-23T01:46:09.966Z,usb,1,3612849267,190957,48884992,256,8000,31.790
2026-07-23T01:46:09.998Z,usb,1,3612849267,190958,48885248,256,8000,31.790
2026-07-23T01:46:10.030Z,usb,1,3612849267,190959,48885504,256,8000,31.790
2026-07-23T01:46:10.062Z,usb,1,3612849267,190960,48885760,256,8000,31.790
2026-07-23T01:46:10.095Z,usb,1,3612849267,190961,48886016,256,8000,31.790
2026-07-23T01:46:10.126Z,usb,1,3612849267,190962,48886272,256,8000,31.790
2026-07-23T01:46:10.158Z,usb,1,3612849267,190963,48886528,256,8000,31.790
2026-07-23T01:46:10.191Z,usb,1,3612849267,190964,48886784,256,8000,31.790
2026-07-23T01:46:10.222Z,usb,1,3612849267,190965,48887040,256,8000,31.790
2026-07-23T01:46:10.254Z,usb,1,3612849267,190966,48887296,256,8000,31.790
2026-07-23T01:46:10.286Z,usb,1,3612849267,190967,48887552,256,8000,31.790
2026-07-23T01:46:10.318Z,usb,1,3612849267,190968,48887808,256,8000,31.790
2026-07-23T01:46:10.350Z,usb,1,3612849267,190969,48888064,256,8000,31.790
2026-07-23T01:46:10.382Z,usb,1,3612849267,190970,48888320,256,8000,31.790
2026-07-23T01:46:10.414Z,usb,1,3612849267,190971,48888576,256,8000,31.790
2026-07-23T01:46:10.446Z,usb,1,3612849267,190972,48888832,256,8000,31.790
2026-07-23T01:46:10.478Z,usb,1,3612849267,190973,48889088,256,8000,31.790
2026-07-23T01:46:10.510Z,usb,1,3612849267,190974,48889344,256,8000,31.790
2026-07-23T01:46:10.542Z,usb,1,3612849267,190975,48889600,256,8000,31.790
2026-07-23T01:46:10.574Z,usb,1,3612849267,190976,48889856,256,8000,31.790
2026-07-23T01:46:10.607Z,usb,1,3612849267,190977,48890112,256,8000,31.790
2026-07-23T01:46:10.638Z,usb,1,3612849267,190978,48890368,256,8000,31.790
2026-07-23T01:46:10.670Z,usb,1,3612849267,190979,48890624,256,8000,31.790
2026-07-23T01:46:10.703Z,usb,1,3612849267,190980,48890880,256,8000,31.790
2026-07-23T01:46:10.734Z,usb,1,3612849267,190981,48891136,256,8000,31.790
2026-07-23T01:46:10.766Z,usb,1,3612849267,190982,48891392,256,8000,31.790
2026-07-23T01:46:10.798Z,usb,1,3612849267,190983,48891648,256,8000,31.790
2026-07-23T01:46:10.830Z,usb,1,3612849267,190984,48891904,256,8000,31.790
2026-07-23T01:46:10.862Z,usb,1,3612849267,190985,48892160,256,8000,31.790
2026-07-23T01:46:10.894Z,usb,1,3612849267,190986,48892416,256,8000,31.790
2026-07-23T01:46:10.926Z,usb,1,3612849267,190987,48892672,256,8000,31.790
2026-07-23T01:46:10.958Z,usb,1,3612849267,190988,48892928,256,8000,31.790
2026-07-23T01:46:10.990Z,usb,1,3612849267,190989,48893184,256,8000,31.790
2026-07-23T01:46:11.022Z,usb,1,3612849267,190990,48893440,256,8000,31.790
2026-07-23T01:46:11.054Z,usb,1,3612849267,190991,48893696,256,8000,31.790
2026-07-23T01:46:11.087Z,usb,1,3612849267,190992,48893952,256,8000,31.790
2026-07-23T01:46:11.119Z,usb,1,3612849267,190993,48894208,256,8000,31.790
2026-07-23T01:46:11.150Z,usb,1,3612849267,190994,48894464,256,8000,31.790
2026-07-23T01:46:11.182Z,usb,1,3612849267,190995,48894720,256,8000,31.790
2026-07-23T01:46:11.214Z,usb,1,3612849267,190996,48894976,256,8000,31.790
2026-07-23T01:46:11.246Z,usb,1,3612849267,190997,48895232,256,8000,31.790
2026-07-23T01:46:11.278Z,usb,1,3612849267,190998,48895488,256,8000,31.790
2026-07-23T01:46:11.310Z,usb,1,3612849267,190999,48895744,256,8000,31.790
2026-07-23T01:46:11.342Z,usb,1,3612849267,191000,48896000,256,8000,31.790
2026-07-23T01:46:11.374Z,usb,1,3612849267,191001,48896256,256,8000,31.790
2026-07-23T01:46:11.406Z,usb,1,3612849267,191002,48896512,256,8000,31.790
2026-07-23T01:46:11.438Z,usb,1,3612849267,191003,48896768,256,8000,31.790
2026-07-23T01:46:11.470Z,usb,1,3612849267,191004,48897024,256,8000,31.790
2026-07-23T01:46:11.502Z,usb,1,3612849267,191005,48897280,256,8000,31.790
2026-07-23T01:46:11.534Z,usb,1,3612849267,191006,48897536,256,8000,31.790
2026-07-23T01:46:11.566Z,usb,1,3612849267,191007,48897792,256,8000,31.790
2026-07-23T01:46:11.598Z,usb,1,3612849267,191008,48898048,256,8000,31.790
2026-07-23T01:46:11.630Z,usb,1,3612849267,191009,48898304,256,8000,31.790
2026-07-23T01:46:11.662Z,usb,1,3612849267,191010,48898560,256,8000,31.790
2026-07-23T01:46:11.695Z,usb,1,3612849267,191011,48898816,256,8000,31.790
2026-07-23T01:46:11.727Z,usb,1,3612849267,191012,48899072,256,8000,31.790
2026-07-23T01:46:11.758Z,usb,1,3612849267,191013,48899328,256,8000,31.790
2026-07-23T01:46:11.790Z,usb,1,3612849267,191014,48899584,256,8000,31.790
2026-07-23T01:46:11.822Z,usb,1,3612849267,191015,48899840,256,8000,31.790
2026-07-23T01:46:11.854Z,usb,1,3612849267,191016,48900096,256,8000,31.790
2026-07-23T01:46:11.886Z,usb,1,3612849267,191017,48900352,256,8000,31.790
2026-07-23T01:46:11.918Z,usb,1,3612849267,191018,48900608,256,8000,31.790
2026-07-23T01:46:11.950Z,usb,1,3612849267,191019,48900864,256,8000,31.790
2026-07-23T01:46:11.982Z,usb,1,3612849267,191020,48901120,256,8000,31.790
2026-07-23T01:46:12.014Z,usb,1,3612849267,191021,48901376,256,8000,31.790
2026-07-23T01:46:12.046Z,usb,1,3612849267,191022,48901632,256,8000,31.790
2026-07-23T01:46:12.079Z,usb,1,3612849267,191023,48901888,256,8000,31.790
2026-07-23T01:46:12.111Z,usb,1,3612849267,191024,48902144,256,8000,31.790
2026-07-23T01:46:12.142Z,usb,1,3612849267,191025,48902400,256,8000,31.790
2026-07-23T01:46:12.175Z,usb,1,3612849267,191026,48902656,256,8000,31.790
2026-07-23T01:46:12.206Z,usb,1,3612849267,191027,48902912,256,8000,31.790
2026-07-23T01:46:12.238Z,usb,1,3612849267,191028,48903168,256,8000,31.790
2026-07-23T01:46:12.270Z,usb,1,3612849267,191029,48903424,256,8000,31.790
2026-07-23T01:46:12.302Z,usb,1,3612849267,191030,48903680,256,8000,31.790
2026-07-23T01:46:12.334Z,usb,1,3612849267,191031,48903936,256,8000,31.790
2026-07-23T01:46:12.366Z,usb,1,3612849267,191032,48904192,256,8000,31.790
2026-07-23T01:46:12.399Z,usb,1,3612849267,191033,48904448,256,8000,31.790
2026-07-23T01:46:12.430Z,usb,1,3612849267,191034,48904704,256,8000,31.790
2026-07-23T01:46:12.462Z,usb,1,3612849267,191035,48904960,256,8000,31.790
2026-07-23T01:46:12.495Z,usb,1,3612849267,191036,48905216,256,8000,31.790
2026-07-23T01:46:12.526Z,usb,1,3612849267,191037,48905472,256,8000,31.790
2026-07-23T01:46:12.558Z,usb,1,3612849267,191038,48905728,256,8000,31.790
2026-07-23T01:46:12.591Z,usb,1,3612849267,191039,48905984,256,8000,31.790
2026-07-23T01:46:12.622Z,usb,1,3612849267,191040,48906240,256,8000,31.790
2026-07-23T01:46:12.654Z,usb,1,3612849267,191041,48906496,256,8000,31.790
2026-07-23T01:46:12.687Z,usb,1,3612849267,191042,48906752,256,8000,31.790
2026-07-23T01:46:12.718Z,usb,1,3612849267,191043,48907008,256,8000,31.790
2026-07-23T01:46:12.751Z,usb,1,3612849267,191044,48907264,256,8000,31.790
2026-07-23T01:46:12.782Z,usb,1,3612849267,191045,48907520,256,8000,31.790
2026-07-23T01:46:12.814Z,usb,1,3612849267,191046,48907776,256,8000,31.790
2026-07-23T01:46:12.846Z,usb,1,3612849267,191047,48908032,256,8000,31.790
2026-07-23T01:46:12.878Z,usb,1,3612849267,191048,48908288,256,8000,31.790
2026-07-23T01:46:12.910Z,usb,1,3612849267,191049,48908544,256,8000,31.790
2026-07-23T01:46:12.942Z,usb,1,3612849267,191050,48908800,256,8000,31.790
2026-07-23T01:46:12.974Z,usb,1,3612849267,191051,48909056,256,8000,31.790
2026-07-23T01:46:13.007Z,usb,1,3612849267,191052,48909312,256,8000,31.790
2026-07-23T01:46:13.038Z,usb,1,3612849267,191053,48909568,256,8000,31.790
2026-07-23T01:46:13.070Z,usb,1,3612849267,191054,48909824,256,8000,31.790
2026-07-23T01:46:13.103Z,usb,1,3612849267,191055,48910080,256,8000,31.790
2026-07-23T01:46:13.134Z,usb,1,3612849267,191056,48910336,256,8000,31.790
2026-07-23T01:46:13.166Z,usb,1,3612849267,191057,48910592,256,8000,31.790
2026-07-23T01:46:13.199Z,usb,1,3612849267,191058,48910848,256,8000,31.790
2026-07-23T01:46:13.230Z,usb,1,3612849267,191059,48911104,256,8000,31.790
2026-07-23T01:46:13.262Z,usb,1,3612849267,191060,48911360,256,8000,31.790
2026-07-23T01:46:13.294Z,usb,1,3612849267,191061,48911616,256,8000,31.790
2026-07-23T01:46:13.327Z,usb,1,3612849267,191062,48911872,256,8000,31.790
2026-07-23T01:46:13.358Z,usb,1,3612849267,191063,48912128,256,8000,31.790
2026-07-23T01:46:13.390Z,usb,1,3612849267,191064,48912384,256,8000,31.790
2026-07-23T01:46:13.423Z,usb,1,3612849267,191065,48912640,256,8000,31.790
2026-07-23T01:46:13.454Z,usb,1,3612849267,191066,48912896,256,8000,31.790
2026-07-23T01:46:13.486Z,usb,1,3612849267,191067,48913152,256,8000,31.790
2026-07-23T01:46:13.518Z,usb,1,3612849267,191068,48913408,256,8000,31.790
2026-07-23T01:46:13.550Z,usb,1,3612849267,191069,48913664,256,8000,31.790
2026-07-23T01:46:13.583Z,usb,1,3612849267,191070,48913920,256,8000,31.790
2026-07-23T01:46:13.615Z,usb,1,3612849267,191071,48914176,256,8000,31.790
2026-07-23T01:46:13.647Z,usb,1,3612849267,191072,48914432,256,8000,31.790
2026-07-23T01:46:13.678Z,usb,1,3612849267,191073,48914688,256,8000,31.790
2026-07-23T01:46:13.710Z,usb,1,3612849267,191074,48914944,256,8000,31.790
2026-07-23T01:46:13.742Z,usb,1,3612849267,191075,48915200,256,8000,31.790
2026-07-23T01:46:13.775Z,usb,1,3612849267,191076,48915456,256,8000,31.790
2026-07-23T01:46:13.807Z,usb,1,3612849267,191077,48915712,256,8000,31.790
2026-07-23T01:46:13.838Z,usb,1,3612849267,191078,48915968,256,8000,31.790
2026-07-23T01:46:13.870Z,usb,1,3612849267,191079,48916224,256,8000,31.790
2026-07-23T01:46:13.902Z,usb,1,3612849267,191080,48916480,256,8000,31.790
2026-07-23T01:46:13.935Z,usb,1,3612849267,191081,48916736,256,8000,31.790
2026-07-23T01:46:13.966Z,usb,1,3612849267,191082,48916992,256,8000,31.790
2026-07-23T01:46:13.998Z,usb,1,3612849267,191083,48917248,256,8000,31.790
2026-07-23T01:46:14.030Z,usb,1,3612849267,191084,48917504,256,8000,31.790
2026-07-23T01:46:14.062Z,usb,1,3612849267,191085,48917760,256,8000,31.790
2026-07-23T01:46:14.095Z,usb,1,3612849267,191086,48918016,256,8000,31.790
2026-07-23T01:46:14.127Z,usb,1,3612849267,191087,48918272,256,8000,31.790
2026-07-23T01:46:14.158Z,usb,1,3612849267,191088,48918528,256,8000,31.790
2026-07-23T01:46:14.190Z,usb,1,3612849267,191089,48918784,256,8000,31.790
2026-07-23T01:46:14.222Z,usb,1,3612849267,191090,48919040,256,8000,31.790
2026-07-23T01:46:14.254Z,usb,1,3612849267,191091,48919296,256,8000,31.790
2026-07-23T01:46:14.286Z,usb,1,3612849267,191092,48919552,256,8000,31.790
2026-07-23T01:46:14.319Z,usb,1,3612849267,191093,48919808,256,8000,31.790
2026-07-23T01:46:14.350Z,usb,1,3612849267,191094,48920064,256,8000,31.790
2026-07-23T01:46:14.382Z,usb,1,3612849267,191095,48920320,256,8000,31.790
2026-07-23T01:46:14.414Z,usb,1,3612849267,191096,48920576,256,8000,31.790
2026-07-23T01:46:14.447Z,usb,1,3612849267,191097,48920832,256,8000,31.790
2026-07-23T01:46:14.478Z,usb,1,3612849267,191098,48921088,256,8000,31.790
2026-07-23T01:46:14.510Z,usb,1,3612849267,191099,48921344,256,8000,31.790
2026-07-23T01:46:14.542Z,usb,1,3612849267,191100,48921600,256,8000,31.790
2026-07-23T01:46:14.574Z,usb,1,3612849267,191101,48921856,256,8000,31.790
2026-07-23T01:46:14.607Z,usb,1,3612849267,191102,48922112,256,8000,31.790
2026-07-23T01:46:14.639Z,usb,1,3612849267,191103,48922368,256,8000,31.790
2026-07-23T01:46:14.670Z,usb,1,3612849267,191104,48922624,256,8000,31.790
2026-07-23T01:46:14.702Z,usb,1,3612849267,191105,48922880,256,8000,31.790
2026-07-23T01:46:14.734Z,usb,1,3612849267,191106,48923136,256,8000,31.790
2026-07-23T01:46:14.766Z,usb,1,3612849267,191107,48923392,256,8000,31.790
2026-07-23T01:46:14.799Z,usb,1,3612849267,191108,48923648,256,8000,31.790
2026-07-23T01:46:14.830Z,usb,1,3612849267,191109,48923904,256,8000,31.790
2026-07-23T01:46:14.862Z,usb,1,3612849267,191110,48924160,256,8000,31.790
2026-07-23T01:46:14.894Z,usb,1,3612849267,191111,48924416,256,8000,31.790
2026-07-23T01:46:14.926Z,usb,1,3612849267,191112,48924672,256,8000,31.790
2026-07-23T01:46:14.958Z,usb,1,3612849267,191113,48924928,256,8000,31.790
2026-07-23T01:46:14.990Z,usb,1,3612849267,191114,48925184,256,8000,31.790
2026-07-23T01:46:15.022Z,usb,1,3612849267,191115,48925440,256,8000,31.790
2026-07-23T01:46:15.055Z,usb,1,3612849267,191116,48925696,256,8000,31.790
2026-07-23T01:46:15.087Z,usb,1,3612849267,191117,48925952,256,8000,31.790
2026-07-23T01:46:15.119Z,usb,1,3612849267,191118,48926208,256,8000,31.790
2026-07-23T01:46:15.150Z,usb,1,3612849267,191119,48926464,256,8000,31.790
2026-07-23T01:46:15.182Z,usb,1,3612849267,191120,48926720,256,8000,31.790
2026-07-23T01:46:15.214Z,usb,1,3612849267,191121,48926976,256,8000,31.790
2026-07-23T01:46:15.246Z,usb,1,3612849267,191122,48927232,256,8000,31.790
2026-07-23T01:46:15.278Z,usb,1,3612849267,191123,48927488,256,8000,31.790
2026-07-23T01:46:15.310Z,usb,1,3612849267,191124,48927744,256,8000,31.790
2026-07-23T01:46:15.342Z,usb,1,3612849267,191125,48928000,256,8000,31.790
2026-07-23T01:46:15.374Z,usb,1,3612849267,191126,48928256,256,8000,31.790
2026-07-23T01:46:15.409Z,usb,1,3612849267,191127,48928512,256,8000,31.790
2026-07-23T01:46:15.438Z,usb,1,3612849267,191128,48928768,256,8000,31.790
2026-07-23T01:46:15.470Z,usb,1,3612849267,191129,48929024,256,8000,31.790
2026-07-23T01:46:15.502Z,usb,1,3612849267,191130,48929280,256,8000,31.790
2026-07-23T01:46:15.534Z,usb,1,3612849267,191131,48929536,256,8000,31.790
2026-07-23T01:46:15.566Z,usb,1,3612849267,191132,48929792,256,8000,31.790
2026-07-23T01:46:15.599Z,usb,1,3612849267,191133,48930048,256,8000,31.790
2026-07-23T01:46:15.631Z,usb,1,3612849267,191134,48930304,256,8000,31.790
2026-07-23T01:46:15.663Z,usb,1,3612849267,191135,48930560,256,8000,31.790
2026-07-23T01:46:15.694Z,usb,1,3612849267,191136,48930816,256,8000,31.790
2026-07-23T01:46:15.726Z,usb,1,3612849267,191137,48931072,256,8000,31.790
2026-07-23T01:46:15.759Z,usb,1,3612849267,191138,48931328,256,8000,31.790
2026-07-23T01:46:15.790Z,usb,1,3612849267,191139,48931584,256,8000,31.790
2026-07-23T01:46:15.823Z,usb,1,3612849267,191140,48931840,256,8000,31.790
2026-07-23T01:46:15.855Z,usb,1,3612849267,191141,48932096,256,8000,31.790
2026-07-23T01:46:15.886Z,usb,1,3612849267,191142,48932352,256,8000,31.790
2026-07-23T01:46:15.918Z,usb,1,3612849267,191143,48932608,256,8000,31.790
2026-07-23T01:46:15.950Z,usb,1,3612849267,191144,48932864,256,8000,31.790
2026-07-23T01:46:15.982Z,usb,1,3612849267,191145,48933120,256,8000,31.790
2026-07-23T01:46:16.014Z,usb,1,3612849267,191146,48933376,256,8000,31.790
2026-07-23T01:46:16.046Z,usb,1,3612849267,191147,48933632,256,8000,31.790
2026-07-23T01:46:16.078Z,usb,1,3612849267,191148,48933888,256,8000,31.790
2026-07-23T01:46:16.111Z,usb,1,3612849267,191149,48934144,256,8000,31.790
2026-07-23T01:46:16.143Z,usb,1,3612849267,191150,48934400,256,8000,31.790
2026-07-23T01:46:16.174Z,usb,1,3612849267,191151,48934656,256,8000,31.790
2026-07-23T01:46:16.206Z,usb,1,3612849267,191152,48934912,256,8000,31.790
2026-07-23T01:46:16.239Z,usb,1,3612849267,191153,48935168,256,8000,31.790
2026-07-23T01:46:16.270Z,usb,1,3612849267,191154,48935424,256,8000,31.790
2026-07-23T01:46:16.302Z,usb,1,3612849267,191155,48935680,256,8000,31.790
2026-07-23T01:46:16.334Z,usb,1,3612849267,191156,48935936,256,8000,31.790
2026-07-23T01:46:16.366Z,usb,1,3612849267,191157,48936192,256,8000,31.790
2026-07-23T01:46:16.398Z,usb,1,3612849267,191158,48936448,256,8000,31.790
2026-07-23T01:46:16.430Z,usb,1,3612849267,191159,48936704,256,8000,31.790
2026-07-23T01:46:16.463Z,usb,1,3612849267,191160,48936960,256,8000,31.790
2026-07-23T01:46:16.494Z,usb,1,3612849267,191161,48937216,256,8000,31.790
2026-07-23T01:46:16.526Z,usb,1,3612849267,191162,48937472,256,8000,31.790
2026-07-23T01:46:16.558Z,usb,1,3612849267,191163,48937728,256,8000,31.790
2026-07-23T01:46:16.590Z,usb,1,3612849267,191164,48937984,256,8000,31.790
2026-07-23T01:46:16.623Z,usb,1,3612849267,191165,48938240,256,8000,31.790
2026-07-23T01:46:16.655Z,usb,1,3612849267,191166,48938496,256,8000,31.790
2026-07-23T01:46:16.686Z,usb,1,3612849267,191167,48938752,256,8000,31.790
2026-07-23T01:46:16.718Z,usb,1,3612849267,191168,48939008,256,8000,31.790
2026-07-23T01:46:16.750Z,usb,1,3612849267,191169,48939264,256,8000,31.790
2026-07-23T01:46:16.783Z,usb,1,3612849267,191170,48939520,256,8000,31.790
2026-07-23T01:46:16.814Z,usb,1,3612849267,191171,48939776,256,8000,31.790
2026-07-23T01:46:16.847Z,usb,1,3612849267,191172,48940032,256,8000,31.790
2026-07-23T01:46:16.878Z,usb,1,3612849267,191173,48940288,256,8000,31.790
2026-07-23T01:46:16.910Z,usb,1,3612849267,191174,48940544,256,8000,31.790
2026-07-23T01:46:16.942Z,usb,1,3612849267,191175,48940800,256,8000,31.790
2026-07-23T01:46:16.974Z,usb,1,3612849267,191176,48941056,256,8000,31.790
2026-07-23T01:46:17.006Z,usb,1,3612849267,191177,48941312,256,8000,31.790
2026-07-23T01:46:17.038Z,usb,1,3612849267,191178,48941568,256,8000,31.790
2026-07-23T01:46:17.070Z,usb,1,3612849267,191179,48941824,256,8000,31.790
2026-07-23T01:46:17.103Z,usb,1,3612849267,191180,48942080,256,8000,31.790
2026-07-23T01:46:17.134Z,usb,1,3612849267,191181,48942336,256,8000,31.790
2026-07-23T01:46:17.166Z,usb,1,3612849267,191182,48942592,256,8000,31.790
2026-07-23T01:46:17.199Z,usb,1,3612849267,191183,48942848,256,8000,31.790
2026-07-23T01:46:17.230Z,usb,1,3612849267,191184,48943104,256,8000,31.790
2026-07-23T01:46:17.262Z,usb,1,3612849267,191185,48943360,256,8000,31.790
2026-07-23T01:46:17.294Z,usb,1,3612849267,191186,48943616,256,8000,31.790
2026-07-23T01:46:17.326Z,usb,1,3612849267,191187,48943872,256,8000,31.790
2026-07-23T01:46:17.358Z,usb,1,3612849267,191188,48944128,256,8000,31.790
2026-07-23T01:46:17.390Z,usb,1,3612849267,191189,48944384,256,8000,31.790
2026-07-23T01:46:17.422Z,usb,1,3612849267,191190,48944640,256,8000,31.790
2026-07-23T01:46:17.454Z,usb,1,3612849267,191191,48944896,256,8000,31.790
2026-07-23T01:46:17.486Z,usb,1,3612849267,191192,48945152,256,8000,31.790
2026-07-23T01:46:17.518Z,usb,1,3612849267,191193,48945408,256,8000,31.790
2026-07-23T01:46:17.550Z,usb,1,3612849267,191194,48945664,256,8000,31.790
2026-07-23T01:46:17.583Z,usb,1,3612849267,191195,48945920,256,8000,31.790
2026-07-23T01:46:17.615Z,usb,1,3612849267,191196,48946176,256,8000,31.790
2026-07-23T01:46:17.646Z,usb,1,3612849267,191197,48946432,256,8000,31.790
2026-07-23T01:46:17.678Z,usb,1,3612849267,191198,48946688,256,8000,31.790
2026-07-23T01:46:17.710Z,usb,1,3612849267,191199,48946944,256,8000,31.790
2026-07-23T01:46:17.742Z,usb,1,3612849267,191200,48947200,256,8000,31.790
2026-07-23T01:46:17.774Z,usb,1,3612849267,191201,48947456,256,8000,31.790
2026-07-23T01:46:17.806Z,usb,1,3612849267,191202,48947712,256,8000,31.790
2026-07-23T01:46:17.838Z,usb,1,3612849267,191203,48947968,256,8000,31.790
2026-07-23T01:46:17.871Z,usb,1,3612849267,191204,48948224,256,8000,31.790
2026-07-23T01:46:17.902Z,usb,1,3612849267,191205,48948480,256,8000,31.790
2026-07-23T01:46:17.934Z,usb,1,3612849267,191206,48948736,256,8000,31.790
2026-07-23T01:46:17.967Z,usb,1,3612849267,191207,48948992,256,8000,31.790
2026-07-23T01:46:17.998Z,usb,1,3612849267,191208,48949248,256,8000,31.790
2026-07-23T01:46:18.030Z,usb,1,3612849267,191209,48949504,256,8000,31.790
2026-07-23T01:46:18.062Z,usb,1,3612849267,191210,48949760,256,8000,31.790
2026-07-23T01:46:18.095Z,usb,1,3612849267,191211,48950016,256,8000,31.790
2026-07-23T01:46:18.127Z,usb,1,3612849267,191212,48950272,256,8000,31.790
2026-07-23T01:46:18.158Z,usb,1,3612849267,191213,48950528,256,8000,31.790
2026-07-23T01:46:18.190Z,usb,1,3612849267,191214,48950784,256,8000,31.790
2026-07-23T01:46:18.222Z,usb,1,3612849267,191215,48951040,256,8000,31.790
2026-07-23T01:46:18.254Z,usb,1,3612849267,191216,48951296,256,8000,31.790
2026-07-23T01:46:18.286Z,usb,1,3612849267,191217,48951552,256,8000,31.790
2026-07-23T01:46:18.319Z,usb,1,3612849267,191218,48951808,256,8000,31.790
2026-07-23T01:46:18.351Z,usb,1,3612849267,191219,48952064,256,8000,31.790
2026-07-23T01:46:18.383Z,usb,1,3612849267,191220,48952320,256,8000,31.790
2026-07-23T01:46:18.415Z,usb,1,3612849267,191221,48952576,256,8000,31.790
2026-07-23T01:46:18.447Z,usb,1,3612849267,191222,48952832,256,8000,31.790
2026-07-23T01:46:18.479Z,usb,1,3612849267,191223,48953088,256,8000,31.790
2026-07-23T01:46:18.511Z,usb,1,3612849267,191224,48953344,256,8000,31.790
2026-07-23T01:46:18.543Z,usb,1,3612849267,191225,48953600,256,8000,31.790
2026-07-23T01:46:18.575Z,usb,1,3612849267,191226,48953856,256,8000,31.790
2026-07-23T01:46:18.607Z,usb,1,3612849267,191227,48954112,256,8000,31.790
2026-07-23T01:46:18.639Z,usb,1,3612849267,191228,48954368,256,8000,31.790
2026-07-23T01:46:18.671Z,usb,1,3612849267,191229,48954624,256,8000,31.790
2026-07-23T01:46:18.703Z,usb,1,3612849267,191230,48954880,256,8000,31.790
2026-07-23T01:46:18.735Z,usb,1,3612849267,191231,48955136,256,8000,31.790
2026-07-23T01:46:18.767Z,usb,1,3612849267,191232,48955392,256,8000,31.790
2026-07-23T01:46:18.799Z,usb,1,3612849267,191233,48955648,256,8000,31.790
2026-07-23T01:46:18.831Z,usb,1,3612849267,191234,48955904,256,8000,31.790
2026-07-23T01:46:18.862Z,usb,1,3612849267,191235,48956160,256,8000,31.790
2026-07-23T01:46:18.896Z,usb,1,3612849267,191236,48956416,256,8000,31.790
2026-07-23T01:46:18.927Z,usb,1,3612849267,191237,48956672,256,8000,31.790
2026-07-23T01:46:18.959Z,usb,1,3612849267,191238,48956928,256,8000,31.790
2026-07-23T01:46:18.991Z,usb,1,3612849267,191239,48957184,256,8000,31.790
2026-07-23T01:46:19.023Z,usb,1,3612849267,191240,48957440,256,8000,31.790
2026-07-23T01:46:19.055Z,usb,1,3612849267,191241,48957696,256,8000,31.790
2026-07-23T01:46:19.087Z,usb,1,3612849267,191242,48957952,256,8000,31.790
2026-07-23T01:46:19.119Z,usb,1,3612849267,191243,48958208,256,8000,31.790
2026-07-23T01:46:19.151Z,usb,1,3612849267,191244,48958464,256,8000,31.790
2026-07-23T01:46:19.183Z,usb,1,3612849267,191245,48958720,256,8000,31.790
2026-07-23T01:46:19.215Z,usb,1,3612849267,191246,48958976,256,8000,31.790
2026-07-23T01:46:19.247Z,usb,1,3612849267,191247,48959232,256,8000,31.790
2026-07-23T01:46:19.279Z,usb,1,3612849267,191248,48959488,256,8000,31.790
2026-07-23T01:46:19.311Z,usb,1,3612849267,191249,48959744,256,8000,31.790
2026-07-23T01:46:19.343Z,usb,1,3612849267,191250,48960000,256,8000,31.790
2026-07-23T01:46:19.375Z,usb,1,3612849267,191251,48960256,256,8000,31.790
2026-07-23T01:46:19.407Z,usb,1,3612849267,191252,48960512,256,8000,31.790
2026-07-23T01:46:19.439Z,usb,1,3612849267,191253,48960768,256,8000,31.790
2026-07-23T01:46:19.471Z,usb,1,3612849267,191254,48961024,256,8000,31.790
2026-07-23T01:46:19.503Z,usb,1,3612849267,191255,48961280,256,8000,31.790
2026-07-23T01:46:19.534Z,usb,1,3612849267,191256,48961536,256,8000,31.790
2026-07-23T01:46:19.567Z,usb,1,3612849267,191257,48961792,256,8000,31.790
2026-07-23T01:46:19.599Z,usb,1,3612849267,191258,48962048,256,8000,31.790
2026-07-23T01:46:19.631Z,usb,1,3612849267,191259,48962304,256,8000,31.790
2026-07-23T01:46:19.663Z,usb,1,3612849267,191260,48962560,256,8000,31.790
2026-07-23T01:46:19.694Z,usb,1,3612849267,191261,48962816,256,8000,31.790
2026-07-23T01:46:19.727Z,usb,1,3612849267,191262,48963072,256,8000,31.790
2026-07-23T01:46:19.759Z,usb,1,3612849267,191263,48963328,256,8000,31.790
2026-07-23T01:46:19.791Z,usb,1,3612849267,191264,48963584,256,8000,31.790
2026-07-23T01:46:19.822Z,usb,1,3612849267,191265,48963840,256,8000,31.790
2026-07-23T01:46:19.855Z,usb,1,3612849267,191266,48964096,256,8000,31.790
2026-07-23T01:46:19.886Z,usb,1,3612849267,191267,48964352,256,8000,31.790
2026-07-23T01:46:19.919Z,usb,1,3612849267,191268,48964608,256,8000,31.790
2026-07-23T01:46:19.951Z,usb,1,3612849267,191269,48964864,256,8000,31.790
2026-07-23T01:46:19.982Z,usb,1,3612849267,191270,48965120,256,8000,31.790
2026-07-23T01:46:20.014Z,usb,1,3612849267,191271,48965376,256,8000,31.790
2026-07-23T01:46:20.047Z,usb,1,3612849267,191272,48965632,256,8000,31.790
2026-07-23T01:46:20.078Z,usb,1,3612849267,191273,48965888,256,8000,31.790
2026-07-23T01:46:20.111Z,usb,1,3612849267,191274,48966144,256,8000,31.790
2026-07-23T01:46:20.142Z,usb,1,3612849267,191275,48966400,256,8000,31.790
2026-07-23T01:46:20.175Z,usb,1,3612849267,191276,48966656,256,8000,31.790
2026-07-23T01:46:20.207Z,usb,1,3612849267,191277,48966912,256,8000,31.790
2026-07-23T01:46:20.238Z,usb,1,3612849267,191278,48967168,256,8000,31.790
2026-07-23T01:46:20.271Z,usb,1,3612849267,191279,48967424,256,8000,31.790
2026-07-23T01:46:20.303Z,usb,1,3612849267,191280,48967680,256,8000,31.790
2026-07-23T01:46:20.335Z,usb,1,3612849267,191281,48967936,256,8000,31.790
2026-07-23T01:46:20.367Z,usb,1,3612849267,191282,48968192,256,8000,31.790
2026-07-23T01:46:20.399Z,usb,1,3612849267,191283,48968448,256,8000,31.790
2026-07-23T01:46:20.431Z,usb,1,3612849267,191284,48968704,256,8000,31.790
2026-07-23T01:46:20.463Z,usb,1,3612849267,191285,48968960,256,8000,31.790
2026-07-23T01:46:20.495Z,usb,1,3612849267,191286,48969216,256,8000,31.790
2026-07-23T01:46:20.527Z,usb,1,3612849267,191287,48969472,256,8000,31.790
2026-07-23T01:46:20.559Z,usb,1,3612849267,191288,48969728,256,8000,31.790
2026-07-23T01:46:20.591Z,usb,1,3612849267,191289,48969984,256,8000,31.790
2026-07-23T01:46:20.623Z,usb,1,3612849267,191290,48970240,256,8000,31.790
2026-07-23T01:46:20.655Z,usb,1,3612849267,191291,48970496,256,8000,31.790
2026-07-23T01:46:20.687Z,usb,1,3612849267,191292,48970752,256,8000,31.790
2026-07-23T01:46:20.719Z,usb,1,3612849267,191293,48971008,256,8000,31.790
2026-07-23T01:46:20.751Z,usb,1,3612849267,191294,48971264,256,8000,31.790
2026-07-23T01:46:20.783Z,usb,1,3612849267,191295,48971520,256,8000,31.790
2026-07-23T01:46:20.815Z,usb,1,3612849267,191296,48971776,256,8000,31.790
2026-07-23T01:46:20.847Z,usb,1,3612849267,191297,48972032,256,8000,31.790
2026-07-23T01:46:20.879Z,usb,1,3612849267,191298,48972288,256,8000,31.790
2026-07-23T01:46:20.911Z,usb,1,3612849267,191299,48972544,256,8000,31.790
2026-07-23T01:46:20.943Z,usb,1,3612849267,191300,48972800,256,8000,31.790
2026-07-23T01:46:20.975Z,usb,1,3612849267,191301,48973056,256,8000,31.790
2026-07-23T01:46:21.007Z,usb,1,3612849267,191302,48973312,256,8000,31.790
2026-07-23T01:46:21.039Z,usb,1,3612849267,191303,48973568,256,8000,31.790
2026-07-23T01:46:21.071Z,usb,1,3612849267,191304,48973824,256,8000,31.790
2026-07-23T01:46:21.103Z,usb,1,3612849267,191305,48974080,256,8000,31.790
2026-07-23T01:46:21.134Z,usb,1,3612849267,191306,48974336,256,8000,31.790
2026-07-23T01:46:21.166Z,usb,1,3612849267,191307,48974592,256,8000,31.790
2026-07-23T01:46:21.198Z,usb,1,3612849267,191308,48974848,256,8000,31.790
2026-07-23T01:46:21.230Z,usb,1,3612849267,191309,48975104,256,8000,31.790
2026-07-23T01:46:21.262Z,usb,1,3612849267,191310,48975360,256,8000,31.790
2026-07-23T01:46:21.294Z,usb,1,3612849267,191311,48975616,256,8000,31.790
2026-07-23T01:46:21.327Z,usb,1,3612849267,191312,48975872,256,8000,31.790
2026-07-23T01:46:21.358Z,usb,1,3612849267,191313,48976128,256,8000,31.790
2026-07-23T01:46:21.391Z,usb,1,3612849267,191314,48976384,256,8000,31.790
2026-07-23T01:46:21.422Z,usb,1,3612849267,191315,48976640,256,8000,31.790
2026-07-23T01:46:21.454Z,usb,1,3612849267,191316,48976896,256,8000,31.790
2026-07-23T01:46:21.487Z,usb,1,3612849267,191317,48977152,256,8000,31.790
2026-07-23T01:46:21.518Z,usb,1,3612849267,191318,48977408,256,8000,31.790
2026-07-23T01:46:21.550Z,usb,1,3612849267,191319,48977664,256,8000,31.790
2026-07-23T01:46:21.583Z,usb,1,3612849267,191320,48977920,256,8000,31.790
2026-07-23T01:46:21.615Z,usb,1,3612849267,191321,48978176,256,8000,31.790
2026-07-23T01:46:21.646Z,usb,1,3612849267,191322,48978432,256,8000,31.790
2026-07-23T01:46:21.678Z,usb,1,3612849267,191323,48978688,256,8000,31.790
2026-07-23T01:46:21.710Z,usb,1,3612849267,191324,48978944,256,8000,31.790
2026-07-23T01:46:21.743Z,usb,1,3612849267,191325,48979200,256,8000,31.790
2026-07-23T01:46:21.775Z,usb,1,3612849267,191326,48979456,256,8000,31.790
2026-07-23T01:46:21.806Z,usb,1,3612849267,191327,48979712,256,8000,31.790
2026-07-23T01:46:21.838Z,usb,1,3612849267,191328,48979968,256,8000,31.790
2026-07-23T01:46:21.870Z,usb,1,3612849267,191329,48980224,256,8000,31.790
2026-07-23T01:46:21.903Z,usb,1,3612849267,191330,48980480,256,8000,31.790
2026-07-23T01:46:21.934Z,usb,1,3612849267,191331,48980736,256,8000,31.790
2026-07-23T01:46:21.967Z,usb,1,3612849267,191332,48980992,256,8000,31.790
2026-07-23T01:46:21.998Z,usb,1,3612849267,191333,48981248,256,8000,31.790
2026-07-23T01:46:22.030Z,usb,1,3612849267,191334,48981504,256,8000,31.790
2026-07-23T01:46:22.062Z,usb,1,3612849267,191335,48981760,256,8000,31.790
2026-07-23T01:46:22.095Z,usb,1,3612849267,191336,48982016,256,8000,31.790
2026-07-23T01:46:22.126Z,usb,1,3612849267,191337,48982272,256,8000,31.790
2026-07-23T01:46:22.158Z,usb,1,3612849267,191338,48982528,256,8000,31.790
2026-07-23T01:46:22.190Z,usb,1,3612849267,191339,48982784,256,8000,31.790
2026-07-23T01:46:22.222Z,usb,1,3612849267,191340,48983040,256,8000,31.790
2026-07-23T01:46:22.254Z,usb,1,3612849267,191341,48983296,256,8000,31.790
2026-07-23T01:46:22.286Z,usb,1,3612849267,191342,48983552,256,8000,31.790
2026-07-23T01:46:22.318Z,usb,1,3612849267,191343,48983808,256,8000,31.790
2026-07-23T01:46:22.350Z,usb,1,3612849267,191344,48984064,256,8000,31.790
2026-07-23T01:46:22.382Z,usb,1,3612849267,191345,48984320,256,8000,31.790
2026-07-23T01:46:22.414Z,usb,1,3612849267,191346,48984576,256,8000,31.790
2026-07-23T01:46:22.446Z,usb,1,3612849267,191347,48984832,256,8000,31.790
2026-07-23T01:46:22.478Z,usb,1,3612849267,191348,48985088,256,8000,31.790
2026-07-23T01:46:22.510Z,usb,1,3612849267,191349,48985344,256,8000,31.790
2026-07-23T01:46:22.542Z,usb,1,3612849267,191350,48985600,256,8000,31.790
2026-07-23T01:46:22.574Z,usb,1,3612849267,191351,48985856,256,8000,31.790
2026-07-23T01:46:22.607Z,usb,1,3612849267,191352,48986112,256,8000,31.790
2026-07-23T01:46:22.638Z,usb,1,3612849267,191353,48986368,256,8000,31.790
2026-07-23T01:46:22.670Z,usb,1,3612849267,191354,48986624,256,8000,31.790
2026-07-23T01:46:22.702Z,usb,1,3612849267,191355,48986880,256,8000,31.790
2026-07-23T01:46:22.734Z,usb,1,3612849267,191356,48987136,256,8000,31.790
2026-07-23T01:46:22.766Z,usb,1,3612849267,191357,48987392,256,8000,31.790
2026-07-23T01:46:22.798Z,usb,1,3612849267,191358,48987648,256,8000,31.790
2026-07-23T01:46:22.830Z,usb,1,3612849267,191359,48987904,256,8000,31.790
2026-07-23T01:46:22.862Z,usb,1,3612849267,191360,48988160,256,8000,31.790
2026-07-23T01:46:22.895Z,usb,1,3612849267,191361,48988416,256,8000,31.790
2026-07-23T01:46:22.927Z,usb,1,3612849267,191362,48988672,256,8000,31.790
2026-07-23T01:46:22.958Z,usb,1,3612849267,191363,48988928,256,8000,31.790
2026-07-23T01:46:22.991Z,usb,1,3612849267,191364,48989184,256,8000,31.790
2026-07-23T01:46:23.022Z,usb,1,3612849267,191365,48989440,256,8000,31.790
2026-07-23T01:46:23.054Z,usb,1,3612849267,191366,48989696,256,8000,31.790
2026-07-23T01:46:23.087Z,usb,1,3612849267,191367,48989952,256,8000,31.790
2026-07-23T01:46:23.119Z,usb,1,3612849267,191368,48990208,256,8000,31.790
2026-07-23T01:46:23.150Z,usb,1,3612849267,191369,48990464,256,8000,31.790
2026-07-23T01:46:23.182Z,usb,1,3612849267,191370,48990720,256,8000,31.790
2026-07-23T01:46:23.214Z,usb,1,3612849267,191371,48990976,256,8000,31.790
2026-07-23T01:46:23.246Z,usb,1,3612849267,191372,48991232,256,8000,31.790
2026-07-23T01:46:23.278Z,usb,1,3612849267,191373,48991488,256,8000,31.790
2026-07-23T01:46:23.310Z,usb,1,3612849267,191374,48991744,256,8000,31.790
2026-07-23T01:46:23.342Z,usb,1,3612849267,191375,48992000,256,8000,31.790
2026-07-23T01:46:23.374Z,usb,1,3612849267,191376,48992256,256,8000,31.790
2026-07-23T01:46:23.407Z,usb,1,3612849267,191377,48992512,256,8000,31.790
2026-07-23T01:46:23.438Z,usb,1,3612849267,191378,48992768,256,8000,31.790
2026-07-23T01:46:23.470Z,usb,1,3612849267,191379,48993024,256,8000,31.790
2026-07-23T01:46:23.503Z,usb,1,3612849267,191380,48993280,256,8000,31.790
2026-07-23T01:46:23.535Z,usb,1,3612849267,191381,48993536,256,8000,31.790
2026-07-23T01:46:23.566Z,usb,1,3612849267,191382,48993792,256,8000,31.790
2026-07-23T01:46:23.599Z,usb,1,3612849267,191383,48994048,256,8000,31.790
2026-07-23T01:46:23.631Z,usb,1,3612849267,191384,48994304,256,8000,31.790
2026-07-23T01:46:23.662Z,usb,1,3612849267,191385,48994560,256,8000,31.790
2026-07-23T01:46:23.694Z,usb,1,3612849267,191386,48994816,256,8000,31.790
2026-07-23T01:46:23.726Z,usb,1,3612849267,191387,48995072,256,8000,31.790
2026-07-23T01:46:23.758Z,usb,1,3612849267,191388,48995328,256,8000,31.790
2026-07-23T01:46:23.790Z,usb,1,3612849267,191389,48995584,256,8000,31.790
2026-07-23T01:46:23.822Z,usb,1,3612849267,191390,48995840,256,8000,31.790
2026-07-23T01:46:23.854Z,usb,1,3612849267,191391,48996096,256,8000,31.790
2026-07-23T01:46:23.886Z,usb,1,3612849267,191392,48996352,256,8000,31.790
2026-07-23T01:46:23.919Z,usb,1,3612849267,191393,48996608,256,8000,31.790
2026-07-23T01:46:23.950Z,usb,1,3612849267,191394,48996864,256,8000,31.790
2026-07-23T01:46:23.982Z,usb,1,3612849267,191395,48997120,256,8000,31.790
2026-07-23T01:46:24.015Z,usb,1,3612849267,191396,48997376,256,8000,31.780
2026-07-23T01:46:24.046Z,usb,1,3612849267,191397,48997632,256,8000,31.780
2026-07-23T01:46:24.078Z,usb,1,3612849267,191398,48997888,256,8000,31.780
2026-07-23T01:46:24.111Z,usb,1,3612849267,191399,48998144,256,8000,31.780
2026-07-23T01:46:24.142Z,usb,1,3612849267,191400,48998400,256,8000,31.780
2026-07-23T01:46:24.174Z,usb,1,3612849267,191401,48998656,256,8000,31.780
2026-07-23T01:46:24.206Z,usb,1,3612849267,191402,48998912,256,8000,31.780
2026-07-23T01:46:24.238Z,usb,1,3612849267,191403,48999168,256,8000,31.780
2026-07-23T01:46:24.270Z,usb,1,3612849267,191404,48999424,256,8000,31.780
2026-07-23T01:46:24.302Z,usb,1,3612849267,191405,48999680,256,8000,31.780
2026-07-23T01:46:24.334Z,usb,1,3612849267,191406,48999936,256,8000,31.780
2026-07-23T01:46:24.366Z,usb,1,3612849267,191407,49000192,256,8000,31.780
2026-07-23T01:46:24.398Z,usb,1,3612849267,191408,49000448,256,8000,31.780
2026-07-23T01:46:24.430Z,usb,1,3612849267,191409,49000704,256,8000,31.780
2026-07-23T01:46:24.462Z,usb,1,3612849267,191410,49000960,256,8000,31.780
2026-07-23T01:46:24.494Z,usb,1,3612849267,191411,49001216,256,8000,31.780
2026-07-23T01:46:24.527Z,usb,1,3612849267,191412,49001472,256,8000,31.780
2026-07-23T01:46:24.558Z,usb,1,3612849267,191413,49001728,256,8000,31.780
2026-07-23T01:46:24.591Z,usb,1,3612849267,191414,49001984,256,8000,31.780
2026-07-23T01:46:24.622Z,usb,1,3612849267,191415,49002240,256,8000,31.780
2026-07-23T01:46:24.654Z,usb,1,3612849267,191416,49002496,256,8000,31.780
2026-07-23T01:46:24.686Z,usb,1,3612849267,191417,49002752,256,8000,31.780
2026-07-23T01:46:24.718Z,usb,1,3612849267,191418,49003008,256,8000,31.780
2026-07-23T01:46:24.750Z,usb,1,3612849267,191419,49003264,256,8000,31.780
2026-07-23T01:46:24.782Z,usb,1,3612849267,191420,49003520,256,8000,31.780
2026-07-23T01:46:24.814Z,usb,1,3612849267,191421,49003776,256,8000,31.780
2026-07-23T01:46:24.846Z,usb,1,3612849267,191422,49004032,256,8000,31.780
2026-07-23T01:46:24.878Z,usb,1,3612849267,191423,49004288,256,8000,31.780
2026-07-23T01:46:24.910Z,usb,1,3612849267,191424,49004544,256,8000,31.780
2026-07-23T01:46:24.942Z,usb,1,3612849267,191425,49004800,256,8000,31.780
2026-07-23T01:46:24.974Z,usb,1,3612849267,191426,49005056,256,8000,31.780
2026-07-23T01:46:25.006Z,usb,1,3612849267,191427,49005312,256,8000,31.780
2026-07-23T01:46:25.039Z,usb,1,3612849267,191428,49005568,256,8000,31.790
2026-07-23T01:46:25.070Z,usb,1,3612849267,191429,49005824,256,8000,31.790
2026-07-23T01:46:25.103Z,usb,1,3612849267,191430,49006080,256,8000,31.790
2026-07-23T01:46:25.134Z,usb,1,3612849267,191431,49006336,256,8000,31.790
2026-07-23T01:46:25.166Z,usb,1,3612849267,191432,49006592,256,8000,31.790
2026-07-23T01:46:25.199Z,usb,1,3612849267,191433,49006848,256,8000,31.790
2026-07-23T01:46:25.230Z,usb,1,3612849267,191434,49007104,256,8000,31.790
2026-07-23T01:46:25.262Z,usb,1,3612849267,191435,49007360,256,8000,31.790
2026-07-23T01:46:25.294Z,usb,1,3612849267,191436,49007616,256,8000,31.790
2026-07-23T01:46:25.327Z,usb,1,3612849267,191437,49007872,256,8000,31.790
2026-07-23T01:46:25.358Z,usb,1,3612849267,191438,49008128,256,8000,31.790
2026-07-23T01:46:25.390Z,usb,1,3612849267,191439,49008384,256,8000,31.790
2026-07-23T01:46:25.422Z,usb,1,3612849267,191440,49008640,256,8000,31.790
2026-07-23T01:46:25.455Z,usb,1,3612849267,191441,49008896,256,8000,31.790
2026-07-23T01:46:25.487Z,usb,1,3612849267,191442,49009152,256,8000,31.790
2026-07-23T01:46:25.519Z,usb,1,3612849267,191443,49009408,256,8000,31.790
2026-07-23T01:46:25.550Z,usb,1,3612849267,191444,49009664,256,8000,31.790
2026-07-23T01:46:25.583Z,usb,1,3612849267,191445,49009920,256,8000,31.790
2026-07-23T01:46:25.615Z,usb,1,3612849267,191446,49010176,256,8000,31.790
2026-07-23T01:46:25.647Z,usb,1,3612849267,191447,49010432,256,8000,31.790
2026-07-23T01:46:25.679Z,usb,1,3612849267,191448,49010688,256,8000,31.790
2026-07-23T01:46:25.710Z,usb,1,3612849267,191449,49010944,256,8000,31.790
2026-07-23T01:46:25.743Z,usb,1,3612849267,191450,49011200,256,8000,31.790
2026-07-23T01:46:25.775Z,usb,1,3612849267,191451,49011456,256,8000,31.790
2026-07-23T01:46:25.806Z,usb,1,3612849267,191452,49011712,256,8000,31.790
2026-07-23T01:46:25.838Z,usb,1,3612849267,191453,49011968,256,8000,31.790
2026-07-23T01:46:25.870Z,usb,1,3612849267,191454,49012224,256,8000,31.790
2026-07-23T01:46:25.902Z,usb,1,3612849267,191455,49012480,256,8000,31.790
2026-07-23T01:46:25.934Z,usb,1,3612849267,191456,49012736,256,8000,31.790
2026-07-23T01:46:25.966Z,usb,1,3612849267,191457,49012992,256,8000,31.790
2026-07-23T01:46:25.999Z,usb,1,3612849267,191458,49013248,256,8000,31.790
2026-07-23T01:46:26.030Z,usb,1,3612849267,191459,49013504,256,8000,31.790
2026-07-23T01:46:26.063Z,usb,1,3612849267,191460,49013760,256,8000,31.790
2026-07-23T01:46:26.094Z,usb,1,3612849267,191461,49014016,256,8000,31.790
2026-07-23T01:46:26.126Z,usb,1,3612849267,191462,49014272,256,8000,31.790
2026-07-23T01:46:26.159Z,usb,1,3612849267,191463,49014528,256,8000,31.790
2026-07-23T01:46:26.191Z,usb,1,3612849267,191464,49014784,256,8000,31.790
2026-07-23T01:46:26.223Z,usb,1,3612849267,191465,49015040,256,8000,31.790
2026-07-23T01:46:26.255Z,usb,1,3612849267,191466,49015296,256,8000,31.790
2026-07-23T01:46:26.286Z,usb,1,3612849267,191467,49015552,256,8000,31.790
2026-07-23T01:46:26.318Z,usb,1,3612849267,191468,49015808,256,8000,31.790
2026-07-23T01:46:26.350Z,usb,1,3612849267,191469,49016064,256,8000,31.790
2026-07-23T01:46:26.382Z,usb,1,3612849267,191470,49016320,256,8000,31.790
2026-07-23T01:46:26.414Z,usb,1,3612849267,191471,49016576,256,8000,31.790
2026-07-23T01:46:26.446Z,usb,1,3612849267,191472,49016832,256,8000,31.790
2026-07-23T01:46:26.478Z,usb,1,3612849267,191473,49017088,256,8000,31.790
2026-07-23T01:46:26.510Z,usb,1,3612849267,191474,49017344,256,8000,31.790
2026-07-23T01:46:26.542Z,usb,1,3612849267,191475,49017600,256,8000,31.790
2026-07-23T01:46:26.574Z,usb,1,3612849267,191476,49017856,256,8000,31.790
2026-07-23T01:46:26.607Z,usb,1,3612849267,191477,49018112,256,8000,31.790
2026-07-23T01:46:26.638Z,usb,1,3612849267,191478,49018368,256,8000,31.790
2026-07-23T01:46:26.670Z,usb,1,3612849267,191479,49018624,256,8000,31.790
2026-07-23T01:46:26.703Z,usb,1,3612849267,191480,49018880,256,8000,31.790
2026-07-23T01:46:26.734Z,usb,1,3612849267,191481,49019136,256,8000,31.790
2026-07-23T01:46:26.766Z,usb,1,3612849267,191482,49019392,256,8000,31.790
2026-07-23T01:46:26.798Z,usb,1,3612849267,191483,49019648,256,8000,31.790
2026-07-23T01:46:26.831Z,usb,1,3612849267,191484,49019904,256,8000,31.790
2026-07-23T01:46:26.862Z,usb,1,3612849267,191485,49020160,256,8000,31.790
2026-07-23T01:46:26.894Z,usb,1,3612849267,191486,49020416,256,8000,31.790
2026-07-23T01:46:26.927Z,usb,1,3612849267,191487,49020672,256,8000,31.790
2026-07-23T01:46:26.958Z,usb,1,3612849267,191488,49020928,256,8000,31.790
2026-07-23T01:46:26.990Z,usb,1,3612849267,191489,49021184,256,8000,31.790
2026-07-23T01:46:27.022Z,usb,1,3612849267,191490,49021440,256,8000,31.790
2026-07-23T01:46:27.054Z,usb,1,3612849267,191491,49021696,256,8000,31.790
2026-07-23T01:46:27.087Z,usb,1,3612849267,191492,49021952,256,8000,31.790
2026-07-23T01:46:27.119Z,usb,1,3612849267,191493,49022208,256,8000,31.790
2026-07-23T01:46:27.150Z,usb,1,3612849267,191494,49022464,256,8000,31.790
2026-07-23T01:46:27.182Z,usb,1,3612849267,191495,49022720,256,8000,31.790
2026-07-23T01:46:27.215Z,usb,1,3612849267,191496,49022976,256,8000,31.790
2026-07-23T01:46:27.246Z,usb,1,3612849267,191497,49023232,256,8000,31.790
2026-07-23T01:46:27.278Z,usb,1,3612849267,191498,49023488,256,8000,31.790
2026-07-23T01:46:27.310Z,usb,1,3612849267,191499,49023744,256,8000,31.790
2026-07-23T01:46:27.342Z,usb,1,3612849267,191500,49024000,256,8000,31.790
2026-07-23T01:46:27.374Z,usb,1,3612849267,191501,49024256,256,8000,31.790
2026-07-23T01:46:27.406Z,usb,1,3612849267,191502,49024512,256,8000,31.790
2026-07-23T01:46:27.438Z,usb,1,3612849267,191503,49024768,256,8000,31.790
2026-07-23T01:46:27.470Z,usb,1,3612849267,191504,49025024,256,8000,31.790
2026-07-23T01:46:27.502Z,usb,1,3612849267,191505,49025280,256,8000,31.790
2026-07-23T01:46:27.534Z,usb,1,3612849267,191506,49025536,256,8000,31.790
2026-07-23T01:46:27.566Z,usb,1,3612849267,191507,49025792,256,8000,31.790
2026-07-23T01:46:27.598Z,usb,1,3612849267,191508,49026048,256,8000,31.790
2026-07-23T01:46:27.630Z,usb,1,3612849267,191509,49026304,256,8000,31.790
2026-07-23T01:46:27.662Z,usb,1,3612849267,191510,49026560,256,8000,31.790
2026-07-23T01:46:27.694Z,usb,1,3612849267,191511,49026816,256,8000,31.790
2026-07-23T01:46:27.727Z,usb,1,3612849267,191512,49027072,256,8000,31.790
2026-07-23T01:46:27.758Z,usb,1,3612849267,191513,49027328,256,8000,31.790
2026-07-23T01:46:27.790Z,usb,1,3612849267,191514,49027584,256,8000,31.790
2026-07-23T01:46:27.822Z,usb,1,3612849267,191515,49027840,256,8000,31.790
2026-07-23T01:46:27.854Z,usb,1,3612849267,191516,49028096,256,8000,31.790
2026-07-23T01:46:27.886Z,usb,1,3612849267,191517,49028352,256,8000,31.790
2026-07-23T01:46:27.918Z,usb,1,3612849267,191518,49028608,256,8000,31.790
2026-07-23T01:46:27.951Z,usb,1,3612849267,191519,49028864,256,8000,31.790
2026-07-23T01:46:27.982Z,usb,1,3612849267,191520,49029120,256,8000,31.790
2026-07-23T01:46:28.014Z,usb,1,3612849267,191521,49029376,256,8000,31.790
2026-07-23T01:46:28.046Z,usb,1,3612849267,191522,49029632,256,8000,31.790
2026-07-23T01:46:28.078Z,usb,1,3612849267,191523,49029888,256,8000,31.790
2026-07-23T01:46:28.111Z,usb,1,3612849267,191524,49030144,256,8000,31.790
2026-07-23T01:46:28.143Z,usb,1,3612849267,191525,49030400,256,8000,31.790
2026-07-23T01:46:28.174Z,usb,1,3612849267,191526,49030656,256,8000,31.790
2026-07-23T01:46:28.206Z,usb,1,3612849267,191527,49030912,256,8000,31.790
2026-07-23T01:46:28.239Z,usb,1,3612849267,191528,49031168,256,8000,31.790
2026-07-23T01:46:28.271Z,usb,1,3612849267,191529,49031424,256,8000,31.790
2026-07-23T01:46:28.302Z,usb,1,3612849267,191530,49031680,256,8000,31.790
2026-07-23T01:46:28.335Z,usb,1,3612849267,191531,49031936,256,8000,31.790
2026-07-23T01:46:28.367Z,usb,1,3612849267,191532,49032192,256,8000,31.790
2026-07-23T01:46:28.398Z,usb,1,3612849267,191533,49032448,256,8000,31.790
2026-07-23T01:46:28.430Z,usb,1,3612849267,191534,49032704,256,8000,31.790
2026-07-23T01:46:28.463Z,usb,1,3612849267,191535,49032960,256,8000,31.790
2026-07-23T01:46:28.494Z,usb,1,3612849267,191536,49033216,256,8000,31.790
2026-07-23T01:46:28.526Z,usb,1,3612849267,191537,49033472,256,8000,31.790
2026-07-23T01:46:28.559Z,usb,1,3612849267,191538,49033728,256,8000,31.790
2026-07-23T01:46:28.591Z,usb,1,3612849267,191539,49033984,256,8000,31.790
2026-07-23T01:46:28.622Z,usb,1,3612849267,191540,49034240,256,8000,31.790
2026-07-23T01:46:28.655Z,usb,1,3612849267,191541,49034496,256,8000,31.790
2026-07-23T01:46:28.686Z,usb,1,3612849267,191542,49034752,256,8000,31.790
2026-07-23T01:46:28.718Z,usb,1,3612849267,191543,49035008,256,8000,31.790
2026-07-23T01:46:28.750Z,usb,1,3612849267,191544,49035264,256,8000,31.790
2026-07-23T01:46:28.782Z,usb,1,3612849267,191545,49035520,256,8000,31.790
2026-07-23T01:46:28.814Z,usb,1,3612849267,191546,49035776,256,8000,31.790
2026-07-23T01:46:28.846Z,usb,1,3612849267,191547,49036032,256,8000,31.790
2026-07-23T01:46:28.878Z,usb,1,3612849267,191548,49036288,256,8000,31.790
2026-07-23T01:46:28.910Z,usb,1,3612849267,191549,49036544,256,8000,31.790
2026-07-23T01:46:28.943Z,usb,1,3612849267,191550,49036800,256,8000,31.790
2026-07-23T01:46:28.975Z,usb,1,3612849267,191551,49037056,256,8000,31.790
2026-07-23T01:46:29.006Z,usb,1,3612849267,191552,49037312,256,8000,31.790
2026-07-23T01:46:29.038Z,usb,1,3612849267,191553,49037568,256,8000,31.790
2026-07-23T01:46:29.070Z,usb,1,3612849267,191554,49037824,256,8000,31.790
2026-07-23T01:46:29.103Z,usb,1,3612849267,191555,49038080,256,8000,31.790
2026-07-23T01:46:29.135Z,usb,1,3612849267,191556,49038336,256,8000,31.790
2026-07-23T01:46:29.166Z,usb,1,3612849267,191557,49038592,256,8000,31.790
2026-07-23T01:46:29.199Z,usb,1,3612849267,191558,49038848,256,8000,31.790
2026-07-23T01:46:29.230Z,usb,1,3612849267,191559,49039104,256,8000,31.790
2026-07-23T01:46:29.262Z,usb,1,3612849267,191560,49039360,256,8000,31.790
2026-07-23T01:46:29.294Z,usb,1,3612849267,191561,49039616,256,8000,31.790
2026-07-23T01:46:29.326Z,usb,1,3612849267,191562,49039872,256,8000,31.790
2026-07-23T01:46:29.358Z,usb,1,3612849267,191563,49040128,256,8000,31.790
2026-07-23T01:46:29.390Z,usb,1,3612849267,191564,49040384,256,8000,31.790
2026-07-23T01:46:29.422Z,usb,1,3612849267,191565,49040640,256,8000,31.790
2026-07-23T01:46:29.454Z,usb,1,3612849267,191566,49040896,256,8000,31.790
2026-07-23T01:46:29.487Z,usb,1,3612849267,191567,49041152,256,8000,31.790
2026-07-23T01:46:29.518Z,usb,1,3612849267,191568,49041408,256,8000,31.790
2026-07-23T01:46:29.550Z,usb,1,3612849267,191569,49041664,256,8000,31.790
2026-07-23T01:46:29.582Z,usb,1,3612849267,191570,49041920,256,8000,31.790
2026-07-23T01:46:29.614Z,usb,1,3612849267,191571,49042176,256,8000,31.790
2026-07-23T01:46:29.646Z,usb,1,3612849267,191572,49042432,256,8000,31.790
2026-07-23T01:46:29.678Z,usb,1,3612849267,191573,49042688,256,8000,31.790
2026-07-23T01:46:29.710Z,usb,1,3612849267,191574,49042944,256,8000,31.790
2026-07-23T01:46:29.742Z,usb,1,3612849267,191575,49043200,256,8000,31.790
2026-07-23T01:46:29.774Z,usb,1,3612849267,191576,49043456,256,8000,31.790
2026-07-23T01:46:29.806Z,usb,1,3612849267,191577,49043712,256,8000,31.790
2026-07-23T01:46:29.838Z,usb,1,3612849267,191578,49043968,256,8000,31.790
2026-07-23T01:46:29.870Z,usb,1,3612849267,191579,49044224,256,8000,31.790
2026-07-23T01:46:29.902Z,usb,1,3612849267,191580,49044480,256,8000,31.790
2026-07-23T01:46:29.934Z,usb,1,3612849267,191581,49044736,256,8000,31.790
2026-07-23T01:46:29.966Z,usb,1,3612849267,191582,49044992,256,8000,31.790
2026-07-23T01:46:29.998Z,usb,1,3612849267,191583,49045248,256,8000,31.790
2026-07-23T01:46:30.030Z,usb,1,3612849267,191584,49045504,256,8000,31.790
2026-07-23T01:46:30.062Z,usb,1,3612849267,191585,49045760,256,8000,31.790
2026-07-23T01:46:30.094Z,usb,1,3612849267,191586,49046016,256,8000,31.790
2026-07-23T01:46:30.127Z,usb,1,3612849267,191587,49046272,256,8000,31.790
2026-07-23T01:46:30.159Z,usb,1,3612849267,191588,49046528,256,8000,31.780
2026-07-23T01:46:30.191Z,usb,1,3612849267,191589,49046784,256,8000,31.780
2026-07-23T01:46:30.222Z,usb,1,3612849267,191590,49047040,256,8000,31.780
2026-07-23T01:46:30.255Z,usb,1,3612849267,191591,49047296,256,8000,31.780
2026-07-23T01:46:30.287Z,usb,1,3612849267,191592,49047552,256,8000,31.780
2026-07-23T01:46:30.318Z,usb,1,3612849267,191593,49047808,256,8000,31.780
2026-07-23T01:46:30.350Z,usb,1,3612849267,191594,49048064,256,8000,31.780
2026-07-23T01:46:30.383Z,usb,1,3612849267,191595,49048320,256,8000,31.780
2026-07-23T01:46:30.414Z,usb,1,3612849267,191596,49048576,256,8000,31.780
2026-07-23T01:46:30.446Z,usb,1,3612849267,191597,49048832,256,8000,31.780
2026-07-23T01:46:30.478Z,usb,1,3612849267,191598,49049088,256,8000,31.780
2026-07-23T01:46:30.510Z,usb,1,3612849267,191599,49049344,256,8000,31.780
2026-07-23T01:46:30.542Z,usb,1,3612849267,191600,49049600,256,8000,31.780
2026-07-23T01:46:30.574Z,usb,1,3612849267,191601,49049856,256,8000,31.780
2026-07-23T01:46:30.607Z,usb,1,3612849267,191602,49050112,256,8000,31.780
2026-07-23T01:46:30.638Z,usb,1,3612849267,191603,49050368,256,8000,31.780
2026-07-23T01:46:30.671Z,usb,1,3612849267,191604,49050624,256,8000,31.780
2026-07-23T01:46:30.702Z,usb,1,3612849267,191605,49050880,256,8000,31.780
2026-07-23T01:46:30.734Z,usb,1,3612849267,191606,49051136,256,8000,31.780
2026-07-23T01:46:30.766Z,usb,1,3612849267,191607,49051392,256,8000,31.780
2026-07-23T01:46:30.798Z,usb,1,3612849267,191608,49051648,256,8000,31.780
2026-07-23T01:46:30.830Z,usb,1,3612849267,191609,49051904,256,8000,31.780
2026-07-23T01:46:30.862Z,usb,1,3612849267,191610,49052160,256,8000,31.780
2026-07-23T01:46:30.895Z,usb,1,3612849267,191611,49052416,256,8000,31.780
2026-07-23T01:46:30.926Z,usb,1,3612849267,191612,49052672,256,8000,31.780
2026-07-23T01:46:30.958Z,usb,1,3612849267,191613,49052928,256,8000,31.780
2026-07-23T01:46:30.990Z,usb,1,3612849267,191614,49053184,256,8000,31.780
2026-07-23T01:46:31.022Z,usb,1,3612849267,191615,49053440,256,8000,31.780
2026-07-23T01:46:31.054Z,usb,1,3612849267,191616,49053696,256,8000,31.780
2026-07-23T01:46:31.087Z,usb,1,3612849267,191617,49053952,256,8000,31.780
2026-07-23T01:46:31.119Z,usb,1,3612849267,191618,49054208,256,8000,31.780
2026-07-23T01:46:31.150Z,usb,1,3612849267,191619,49054464,256,8000,31.780
2026-07-23T01:46:31.183Z,usb,1,3612849267,191620,49054720,256,8000,31.780
2026-07-23T01:46:31.214Z,usb,1,3612849267,191621,49054976,256,8000,31.780
2026-07-23T01:46:31.246Z,usb,1,3612849267,191622,49055232,256,8000,31.780
2026-07-23T01:46:31.278Z,usb,1,3612849267,191623,49055488,256,8000,31.780
2026-07-23T01:46:31.310Z,usb,1,3612849267,191624,49055744,256,8000,31.780
2026-07-23T01:46:31.342Z,usb,1,3612849267,191625,49056000,256,8000,31.780
2026-07-23T01:46:31.375Z,usb,1,3612849267,191626,49056256,256,8000,31.780
2026-07-23T01:46:31.407Z,usb,1,3612849267,191627,49056512,256,8000,31.780
2026-07-23T01:46:31.439Z,usb,1,3612849267,191628,49056768,256,8000,31.780
2026-07-23T01:46:31.470Z,usb,1,3612849267,191629,49057024,256,8000,31.780
2026-07-23T01:46:31.502Z,usb,1,3612849267,191630,49057280,256,8000,31.780
2026-07-23T01:46:31.534Z,usb,1,3612849267,191631,49057536,256,8000,31.780
2026-07-23T01:46:31.567Z,usb,1,3612849267,191632,49057792,256,8000,31.780
2026-07-23T01:46:31.599Z,usb,1,3612849267,191633,49058048,256,8000,31.780
2026-07-23T01:46:31.631Z,usb,1,3612849267,191634,49058304,256,8000,31.780
2026-07-23T01:46:31.662Z,usb,1,3612849267,191635,49058560,256,8000,31.780
2026-07-23T01:46:31.694Z,usb,1,3612849267,191636,49058816,256,8000,31.780
2026-07-23T01:46:31.726Z,usb,1,3612849267,191637,49059072,256,8000,31.780
2026-07-23T01:46:31.758Z,usb,1,3612849267,191638,49059328,256,8000,31.780
2026-07-23T01:46:31.790Z,usb,1,3612849267,191639,49059584,256,8000,31.780
2026-07-23T01:46:31.822Z,usb,1,3612849267,191640,49059840,256,8000,31.780
2026-07-23T01:46:31.855Z,usb,1,3612849267,191641,49060096,256,8000,31.780
2026-07-23T01:46:31.886Z,usb,1,3612849267,191642,49060352,256,8000,31.780
2026-07-23T01:46:31.918Z,usb,1,3612849267,191643,49060608,256,8000,31.780
2026-07-23T01:46:31.950Z,usb,1,3612849267,191644,49060864,256,8000,31.780
2026-07-23T01:46:31.982Z,usb,1,3612849267,191645,49061120,256,8000,31.780
2026-07-23T01:46:32.014Z,usb,1,3612849267,191646,49061376,256,8000,31.780
2026-07-23T01:46:32.046Z,usb,1,3612849267,191647,49061632,256,8000,31.780
2026-07-23T01:46:32.079Z,usb,1,3612849267,191648,49061888,256,8000,31.780
2026-07-23T01:46:32.111Z,usb,1,3612849267,191649,49062144,256,8000,31.780
2026-07-23T01:46:32.143Z,usb,1,3612849267,191650,49062400,256,8000,31.780
2026-07-23T01:46:32.174Z,usb,1,3612849267,191651,49062656,256,8000,31.780
2026-07-23T01:46:32.207Z,usb,1,3612849267,191652,49062912,256,8000,31.790
2026-07-23T01:46:32.238Z,usb,1,3612849267,191653,49063168,256,8000,31.790
2026-07-23T01:46:32.270Z,usb,1,3612849267,191654,49063424,256,8000,31.790
2026-07-23T01:46:32.302Z,usb,1,3612849267,191655,49063680,256,8000,31.790
2026-07-23T01:46:32.334Z,usb,1,3612849267,191656,49063936,256,8000,31.790
2026-07-23T01:46:32.366Z,usb,1,3612849267,191657,49064192,256,8000,31.790
2026-07-23T01:46:32.398Z,usb,1,3612849267,191658,49064448,256,8000,31.790
2026-07-23T01:46:32.430Z,usb,1,3612849267,191659,49064704,256,8000,31.790
2026-07-23T01:46:32.462Z,usb,1,3612849267,191660,49064960,256,8000,31.790
2026-07-23T01:46:32.494Z,usb,1,3612849267,191661,49065216,256,8000,31.790
2026-07-23T01:46:32.526Z,usb,1,3612849267,191662,49065472,256,8000,31.790
2026-07-23T01:46:32.558Z,usb,1,3612849267,191663,49065728,256,8000,31.790
2026-07-23T01:46:32.590Z,usb,1,3612849267,191664,49065984,256,8000,31.790
2026-07-23T01:46:32.623Z,usb,1,3612849267,191665,49066240,256,8000,31.790
2026-07-23T01:46:32.654Z,usb,1,3612849267,191666,49066496,256,8000,31.790
2026-07-23T01:46:32.686Z,usb,1,3612849267,191667,49066752,256,8000,31.790
2026-07-23T01:46:32.718Z,usb,1,3612849267,191668,49067008,256,8000,31.790
2026-07-23T01:46:32.750Z,usb,1,3612849267,191669,49067264,256,8000,31.790
2026-07-23T01:46:32.782Z,usb,1,3612849267,191670,49067520,256,8000,31.790
2026-07-23T01:46:32.815Z,usb,1,3612849267,191671,49067776,256,8000,31.790
2026-07-23T01:46:32.846Z,usb,1,3612849267,191672,49068032,256,8000,31.790
2026-07-23T01:46:32.878Z,usb,1,3612849267,191673,49068288,256,8000,31.790
2026-07-23T01:46:32.910Z,usb,1,3612849267,191674,49068544,256,8000,31.790
2026-07-23T01:46:32.942Z,usb,1,3612849267,191675,49068800,256,8000,31.790
2026-07-23T01:46:32.974Z,usb,1,3612849267,191676,49069056,256,8000,31.790
2026-07-23T01:46:33.006Z,usb,1,3612849267,191677,49069312,256,8000,31.790
2026-07-23T01:46:33.038Z,usb,1,3612849267,191678,49069568,256,8000,31.790
2026-07-23T01:46:33.070Z,usb,1,3612849267,191679,49069824,256,8000,31.790
2026-07-23T01:46:33.103Z,usb,1,3612849267,191680,49070080,256,8000,31.790
2026-07-23T01:46:33.134Z,usb,1,3612849267,191681,49070336,256,8000,31.790
2026-07-23T01:46:33.166Z,usb,1,3612849267,191682,49070592,256,8000,31.790
2026-07-23T01:46:33.199Z,usb,1,3612849267,191683,49070848,256,8000,31.790
2026-07-23T01:46:33.231Z,usb,1,3612849267,191684,49071104,256,8000,31.780
2026-07-23T01:46:33.262Z,usb,1,3612849267,191685,49071360,256,8000,31.780
2026-07-23T01:46:33.295Z,usb,1,3612849267,191686,49071616,256,8000,31.780
2026-07-23T01:46:33.326Z,usb,1,3612849267,191687,49071872,256,8000,31.780
2026-07-23T01:46:33.358Z,usb,1,3612849267,191688,49072128,256,8000,31.780
2026-07-23T01:46:33.390Z,usb,1,3612849267,191689,49072384,256,8000,31.780
2026-07-23T01:46:33.422Z,usb,1,3612849267,191690,49072640,256,8000,31.780
2026-07-23T01:46:33.454Z,usb,1,3612849267,191691,49072896,256,8000,31.780
2026-07-23T01:46:33.486Z,usb,1,3612849267,191692,49073152,256,8000,31.780
2026-07-23T01:46:33.518Z,usb,1,3612849267,191693,49073408,256,8000,31.780
2026-07-23T01:46:33.550Z,usb,1,3612849267,191694,49073664,256,8000,31.780
2026-07-23T01:46:33.583Z,usb,1,3612849267,191695,49073920,256,8000,31.780
2026-07-23T01:46:33.615Z,usb,1,3612849267,191696,49074176,256,8000,31.780
2026-07-23T01:46:33.646Z,usb,1,3612849267,191697,49074432,256,8000,31.780
2026-07-23T01:46:33.678Z,usb,1,3612849267,191698,49074688,256,8000,31.780
2026-07-23T01:46:33.710Z,usb,1,3612849267,191699,49074944,256,8000,31.780
2026-07-23T01:46:33.742Z,usb,1,3612849267,191700,49075200,256,8000,31.780
2026-07-23T01:46:33.774Z,usb,1,3612849267,191701,49075456,256,8000,31.780
2026-07-23T01:46:33.806Z,usb,1,3612849267,191702,49075712,256,8000,31.780
2026-07-23T01:46:33.838Z,usb,1,3612849267,191703,49075968,256,8000,31.780
2026-07-23T01:46:33.871Z,usb,1,3612849267,191704,49076224,256,8000,31.780
2026-07-23T01:46:33.902Z,usb,1,3612849267,191705,49076480,256,8000,31.780
2026-07-23T01:46:33.934Z,usb,1,3612849267,191706,49076736,256,8000,31.780
2026-07-23T01:46:33.966Z,usb,1,3612849267,191707,49076992,256,8000,31.780
2026-07-23T01:46:33.998Z,usb,1,3612849267,191708,49077248,256,8000,31.780
2026-07-23T01:46:34.030Z,usb,1,3612849267,191709,49077504,256,8000,31.780
2026-07-23T01:46:34.062Z,usb,1,3612849267,191710,49077760,256,8000,31.780
2026-07-23T01:46:34.094Z,usb,1,3612849267,191711,49078016,256,8000,31.780
2026-07-23T01:46:34.127Z,usb,1,3612849267,191712,49078272,256,8000,31.780
2026-07-23T01:46:34.158Z,usb,1,3612849267,191713,49078528,256,8000,31.780
2026-07-23T01:46:34.190Z,usb,1,3612849267,191714,49078784,256,8000,31.780
2026-07-23T01:46:34.222Z,usb,1,3612849267,191715,49079040,256,8000,31.780
2026-07-23T01:46:34.255Z,usb,1,3612849267,191716,49079296,256,8000,31.790
2026-07-23T01:46:34.286Z,usb,1,3612849267,191717,49079552,256,8000,31.790
2026-07-23T01:46:34.318Z,usb,1,3612849267,191718,49079808,256,8000,31.790
2026-07-23T01:46:34.350Z,usb,1,3612849267,191719,49080064,256,8000,31.790
2026-07-23T01:46:34.383Z,usb,1,3612849267,191720,49080320,256,8000,31.790
2026-07-23T01:46:34.414Z,usb,1,3612849267,191721,49080576,256,8000,31.790
2026-07-23T01:46:34.446Z,usb,1,3612849267,191722,49080832,256,8000,31.790
2026-07-23T01:46:34.479Z,usb,1,3612849267,191723,49081088,256,8000,31.790
2026-07-23T01:46:34.511Z,usb,1,3612849267,191724,49081344,256,8000,31.790
2026-07-23T01:46:34.542Z,usb,1,3612849267,191725,49081600,256,8000,31.790
2026-07-23T01:46:34.575Z,usb,1,3612849267,191726,49081856,256,8000,31.790
2026-07-23T01:46:34.607Z,usb,1,3612849267,191727,49082112,256,8000,31.790
2026-07-23T01:46:34.639Z,usb,1,3612849267,191728,49082368,256,8000,31.790
2026-07-23T01:46:34.670Z,usb,1,3612849267,191729,49082624,256,8000,31.790
2026-07-23T01:46:34.703Z,usb,1,3612849267,191730,49082880,256,8000,31.790
2026-07-23T01:46:34.734Z,usb,1,3612849267,191731,49083136,256,8000,31.790
2026-07-23T01:46:34.766Z,usb,1,3612849267,191732,49083392,256,8000,31.790
2026-07-23T01:46:34.798Z,usb,1,3612849267,191733,49083648,256,8000,31.790
2026-07-23T01:46:34.830Z,usb,1,3612849267,191734,49083904,256,8000,31.790
2026-07-23T01:46:34.862Z,usb,1,3612849267,191735,49084160,256,8000,31.790
2026-07-23T01:46:34.895Z,usb,1,3612849267,191736,49084416,256,8000,31.790
2026-07-23T01:46:34.926Z,usb,1,3612849267,191737,49084672,256,8000,31.790
2026-07-23T01:46:34.958Z,usb,1,3612849267,191738,49084928,256,8000,31.790
2026-07-23T01:46:34.990Z,usb,1,3612849267,191739,49085184,256,8000,31.790
2026-07-23T01:46:35.022Z,usb,1,3612849267,191740,49085440,256,8000,31.790
2026-07-23T01:46:35.054Z,usb,1,3612849267,191741,49085696,256,8000,31.790
2026-07-23T01:46:35.087Z,usb,1,3612849267,191742,49085952,256,8000,31.790
2026-07-23T01:46:35.118Z,usb,1,3612849267,191743,49086208,256,8000,31.790
2026-07-23T01:46:35.150Z,usb,1,3612849267,191744,49086464,256,8000,31.790
2026-07-23T01:46:35.183Z,usb,1,3612849267,191745,49086720,256,8000,31.790
2026-07-23T01:46:35.214Z,usb,1,3612849267,191746,49086976,256,8000,31.790
2026-07-23T01:46:35.246Z,usb,1,3612849267,191747,49087232,256,8000,31.790
2026-07-23T01:46:35.279Z,usb,1,3612849267,191748,49087488,256,8000,31.790
2026-07-23T01:46:35.310Z,usb,1,3612849267,191749,49087744,256,8000,31.790
2026-07-23T01:46:35.342Z,usb,1,3612849267,191750,49088000,256,8000,31.790
2026-07-23T01:46:35.374Z,usb,1,3612849267,191751,49088256,256,8000,31.790
2026-07-23T01:46:35.407Z,usb,1,3612849267,191752,49088512,256,8000,31.790
2026-07-23T01:46:35.438Z,usb,1,3612849267,191753,49088768,256,8000,31.790
2026-07-23T01:46:35.470Z,usb,1,3612849267,191754,49089024,256,8000,31.790
2026-07-23T01:46:35.502Z,usb,1,3612849267,191755,49089280,256,8000,31.790
2026-07-23T01:46:35.534Z,usb,1,3612849267,191756,49089536,256,8000,31.790
2026-07-23T01:46:35.567Z,usb,1,3612849267,191757,49089792,256,8000,31.790
2026-07-23T01:46:35.599Z,usb,1,3612849267,191758,49090048,256,8000,31.790
2026-07-23T01:46:35.630Z,usb,1,3612849267,191759,49090304,256,8000,31.790
2026-07-23T01:46:35.662Z,usb,1,3612849267,191760,49090560,256,8000,31.790
2026-07-23T01:46:35.695Z,usb,1,3612849267,191761,49090816,256,8000,31.790
2026-07-23T01:46:35.726Z,usb,1,3612849267,191762,49091072,256,8000,31.790
2026-07-23T01:46:35.758Z,usb,1,3612849267,191763,49091328,256,8000,31.790
2026-07-23T01:46:35.791Z,usb,1,3612849267,191764,49091584,256,8000,31.790
2026-07-23T01:46:35.822Z,usb,1,3612849267,191765,49091840,256,8000,31.790
2026-07-23T01:46:35.854Z,usb,1,3612849267,191766,49092096,256,8000,31.790
2026-07-23T01:46:35.886Z,usb,1,3612849267,191767,49092352,256,8000,31.790
2026-07-23T01:46:35.918Z,usb,1,3612849267,191768,49092608,256,8000,31.790
2026-07-23T01:46:35.950Z,usb,1,3612849267,191769,49092864,256,8000,31.790
2026-07-23T01:46:35.982Z,usb,1,3612849267,191770,49093120,256,8000,31.790
2026-07-23T01:46:36.014Z,usb,1,3612849267,191771,49093376,256,8000,31.790
2026-07-23T01:46:36.046Z,usb,1,3612849267,191772,49093632,256,8000,31.790
2026-07-23T01:46:36.078Z,usb,1,3612849267,191773,49093888,256,8000,31.790
2026-07-23T01:46:36.111Z,usb,1,3612849267,191774,49094144,256,8000,31.790
2026-07-23T01:46:36.142Z,usb,1,3612849267,191775,49094400,256,8000,31.790
2026-07-23T01:46:36.174Z,usb,1,3612849267,191776,49094656,256,8000,31.790
2026-07-23T01:46:36.207Z,usb,1,3612849267,191777,49094912,256,8000,31.790
2026-07-23T01:46:36.239Z,usb,1,3612849267,191778,49095168,256,8000,31.790
2026-07-23T01:46:36.270Z,usb,1,3612849267,191779,49095424,256,8000,31.790
2026-07-23T01:46:36.303Z,usb,1,3612849267,191780,49095680,256,8000,31.780
2026-07-23T01:46:36.334Z,usb,1,3612849267,191781,49095936,256,8000,31.780
2026-07-23T01:46:36.366Z,usb,1,3612849267,191782,49096192,256,8000,31.780
2026-07-23T01:46:36.398Z,usb,1,3612849267,191783,49096448,256,8000,31.780
2026-07-23T01:46:36.430Z,usb,1,3612849267,191784,49096704,256,8000,31.780
2026-07-23T01:46:36.462Z,usb,1,3612849267,191785,49096960,256,8000,31.780
2026-07-23T01:46:36.494Z,usb,1,3612849267,191786,49097216,256,8000,31.780
2026-07-23T01:46:36.527Z,usb,1,3612849267,191787,49097472,256,8000,31.780
2026-07-23T01:46:36.558Z,usb,1,3612849267,191788,49097728,256,8000,31.780
2026-07-23T01:46:36.591Z,usb,1,3612849267,191789,49097984,256,8000,31.780
2026-07-23T01:46:36.623Z,usb,1,3612849267,191790,49098240,256,8000,31.780
2026-07-23T01:46:36.654Z,usb,1,3612849267,191791,49098496,256,8000,31.780
2026-07-23T01:46:36.686Z,usb,1,3612849267,191792,49098752,256,8000,31.780
2026-07-23T01:46:36.719Z,usb,1,3612849267,191793,49099008,256,8000,31.780
2026-07-23T01:46:36.750Z,usb,1,3612849267,191794,49099264,256,8000,31.780
2026-07-23T01:46:36.782Z,usb,1,3612849267,191795,49099520,256,8000,31.780
2026-07-23T01:46:36.815Z,usb,1,3612849267,191796,49099776,256,8000,31.780
2026-07-23T01:46:36.846Z,usb,1,3612849267,191797,49100032,256,8000,31.780
2026-07-23T01:46:36.878Z,usb,1,3612849267,191798,49100288,256,8000,31.780
2026-07-23T01:46:36.910Z,usb,1,3612849267,191799,49100544,256,8000,31.780
2026-07-23T01:46:36.942Z,usb,1,3612849267,191800,49100800,256,8000,31.780
2026-07-23T01:46:36.974Z,usb,1,3612849267,191801,49101056,256,8000,31.780
2026-07-23T01:46:37.006Z,usb,1,3612849267,191802,49101312,256,8000,31.780
2026-07-23T01:46:37.038Z,usb,1,3612849267,191803,49101568,256,8000,31.780
2026-07-23T01:46:37.070Z,usb,1,3612849267,191804,49101824,256,8000,31.780
2026-07-23T01:46:37.103Z,usb,1,3612849267,191805,49102080,256,8000,31.780
2026-07-23T01:46:37.135Z,usb,1,3612849267,191806,49102336,256,8000,31.780
2026-07-23T01:46:37.166Z,usb,1,3612849267,191807,49102592,256,8000,31.780
2026-07-23T01:46:37.198Z,usb,1,3612849267,191808,49102848,256,8000,31.780
2026-07-23T01:46:37.230Z,usb,1,3612849267,191809,49103104,256,8000,31.780
2026-07-23T01:46:37.262Z,usb,1,3612849267,191810,49103360,256,8000,31.780
2026-07-23T01:46:37.294Z,usb,1,3612849267,191811,49103616,256,8000,31.780
2026-07-23T01:46:37.327Z,usb,1,3612849267,191812,49103872,256,8000,31.790
2026-07-23T01:46:37.358Z,usb,1,3612849267,191813,49104128,256,8000,31.790
2026-07-23T01:46:37.390Z,usb,1,3612849267,191814,49104384,256,8000,31.790
2026-07-23T01:46:37.423Z,usb,1,3612849267,191815,49104640,256,8000,31.790
2026-07-23T01:46:37.454Z,usb,1,3612849267,191816,49104896,256,8000,31.790
2026-07-23T01:46:37.486Z,usb,1,3612849267,191817,49105152,256,8000,31.790
2026-07-23T01:46:37.519Z,usb,1,3612849267,191818,49105408,256,8000,31.790
2026-07-23T01:46:37.550Z,usb,1,3612849267,191819,49105664,256,8000,31.790
2026-07-23T01:46:37.582Z,usb,1,3612849267,191820,49105920,256,8000,31.790
2026-07-23T01:46:37.615Z,usb,1,3612849267,191821,49106176,256,8000,31.790
2026-07-23T01:46:37.646Z,usb,1,3612849267,191822,49106432,256,8000,31.790
2026-07-23T01:46:37.678Z,usb,1,3612849267,191823,49106688,256,8000,31.790
2026-07-23T01:46:37.710Z,usb,1,3612849267,191824,49106944,256,8000,31.790
2026-07-23T01:46:37.742Z,usb,1,3612849267,191825,49107200,256,8000,31.790
2026-07-23T01:46:37.774Z,usb,1,3612849267,191826,49107456,256,8000,31.790
2026-07-23T01:46:37.806Z,usb,1,3612849267,191827,49107712,256,8000,31.790
2026-07-23T01:46:37.838Z,usb,1,3612849267,191828,49107968,256,8000,31.790
2026-07-23T01:46:37.870Z,usb,1,3612849267,191829,49108224,256,8000,31.790
2026-07-23T01:46:37.902Z,usb,1,3612849267,191830,49108480,256,8000,31.790
2026-07-23T01:46:37.935Z,usb,1,3612849267,191831,49108736,256,8000,31.790
2026-07-23T01:46:37.966Z,usb,1,3612849267,191832,49108992,256,8000,31.790
2026-07-23T01:46:37.998Z,usb,1,3612849267,191833,49109248,256,8000,31.790
2026-07-23T01:46:38.031Z,usb,1,3612849267,191834,49109504,256,8000,31.790
2026-07-23T01:46:38.063Z,usb,1,3612849267,191835,49109760,256,8000,31.790
2026-07-23T01:46:38.095Z,usb,1,3612849267,191836,49110016,256,8000,31.790
2026-07-23T01:46:38.127Z,usb,1,3612849267,191837,49110272,256,8000,31.790
2026-07-23T01:46:38.158Z,usb,1,3612849267,191838,49110528,256,8000,31.790
2026-07-23T01:46:38.190Z,usb,1,3612849267,191839,49110784,256,8000,31.790
2026-07-23T01:46:38.223Z,usb,1,3612849267,191840,49111040,256,8000,31.790
2026-07-23T01:46:38.254Z,usb,1,3612849267,191841,49111296,256,8000,31.790
2026-07-23T01:46:38.286Z,usb,1,3612849267,191842,49111552,256,8000,31.790
2026-07-23T01:46:38.318Z,usb,1,3612849267,191843,49111808,256,8000,31.790
2026-07-23T01:46:38.351Z,usb,1,3612849267,191844,49112064,256,8000,31.790
2026-07-23T01:46:38.382Z,usb,1,3612849267,191845,49112320,256,8000,31.790
2026-07-23T01:46:38.414Z,usb,1,3612849267,191846,49112576,256,8000,31.790
2026-07-23T01:46:38.447Z,usb,1,3612849267,191847,49112832,256,8000,31.790
2026-07-23T01:46:38.478Z,usb,1,3612849267,191848,49113088,256,8000,31.790
2026-07-23T01:46:38.510Z,usb,1,3612849267,191849,49113344,256,8000,31.790
2026-07-23T01:46:38.542Z,usb,1,3612849267,191850,49113600,256,8000,31.790
2026-07-23T01:46:38.575Z,usb,1,3612849267,191851,49113856,256,8000,31.790
2026-07-23T01:46:38.607Z,usb,1,3612849267,191852,49114112,256,8000,31.790
2026-07-23T01:46:38.638Z,usb,1,3612849267,191853,49114368,256,8000,31.790
2026-07-23T01:46:38.670Z,usb,1,3612849267,191854,49114624,256,8000,31.790
2026-07-23T01:46:38.702Z,usb,1,3612849267,191855,49114880,256,8000,31.790
2026-07-23T01:46:38.734Z,usb,1,3612849267,191856,49115136,256,8000,31.790
2026-07-23T01:46:38.766Z,usb,1,3612849267,191857,49115392,256,8000,31.790
2026-07-23T01:46:38.798Z,usb,1,3612849267,191858,49115648,256,8000,31.790
2026-07-23T01:46:38.830Z,usb,1,3612849267,191859,49115904,256,8000,31.790
2026-07-23T01:46:38.862Z,usb,1,3612849267,191860,49116160,256,8000,31.790
2026-07-23T01:46:38.894Z,usb,1,3612849267,191861,49116416,256,8000,31.790
2026-07-23T01:46:38.926Z,usb,1,3612849267,191862,49116672,256,8000,31.790
2026-07-23T01:46:38.958Z,usb,1,3612849267,191863,49116928,256,8000,31.790
2026-07-23T01:46:38.990Z,usb,1,3612849267,191864,49117184,256,8000,31.790
2026-07-23T01:46:39.023Z,usb,1,3612849267,191865,49117440,256,8000,31.790
2026-07-23T01:46:39.055Z,usb,1,3612849267,191866,49117696,256,8000,31.790
2026-07-23T01:46:39.087Z,usb,1,3612849267,191867,49117952,256,8000,31.790
2026-07-23T01:46:39.119Z,usb,1,3612849267,191868,49118208,256,8000,31.790
2026-07-23T01:46:39.151Z,usb,1,3612849267,191869,49118464,256,8000,31.790
2026-07-23T01:46:39.183Z,usb,1,3612849267,191870,49118720,256,8000,31.790
2026-07-23T01:46:39.214Z,usb,1,3612849267,191871,49118976,256,8000,31.790
2026-07-23T01:46:39.247Z,usb,1,3612849267,191872,49119232,256,8000,31.790
2026-07-23T01:46:39.278Z,usb,1,3612849267,191873,49119488,256,8000,31.790
2026-07-23T01:46:39.310Z,usb,1,3612849267,191874,49119744,256,8000,31.790
2026-07-23T01:46:39.342Z,usb,1,3612849267,191875,49120000,256,8000,31.790
2026-07-23T01:46:39.375Z,usb,1,3612849267,191876,49120256,256,8000,31.790
2026-07-23T01:46:39.406Z,usb,1,3612849267,191877,49120512,256,8000,31.790
2026-07-23T01:46:39.438Z,usb,1,3612849267,191878,49120768,256,8000,31.790
2026-07-23T01:46:39.470Z,usb,1,3612849267,191879,49121024,256,8000,31.790
2026-07-23T01:46:39.502Z,usb,1,3612849267,191880,49121280,256,8000,31.790
2026-07-23T01:46:39.534Z,usb,1,3612849267,191881,49121536,256,8000,31.790
2026-07-23T01:46:39.566Z,usb,1,3612849267,191882,49121792,256,8000,31.790
2026-07-23T01:46:39.599Z,usb,1,3612849267,191883,49122048,256,8000,31.790
2026-07-23T01:46:39.630Z,usb,1,3612849267,191884,49122304,256,8000,31.790
2026-07-23T01:46:39.662Z,usb,1,3612849267,191885,49122560,256,8000,31.790
2026-07-23T01:46:39.694Z,usb,1,3612849267,191886,49122816,256,8000,31.790
2026-07-23T01:46:39.726Z,usb,1,3612849267,191887,49123072,256,8000,31.790
2026-07-23T01:46:39.758Z,usb,1,3612849267,191888,49123328,256,8000,31.790
2026-07-23T01:46:39.790Z,usb,1,3612849267,191889,49123584,256,8000,31.790
2026-07-23T01:46:39.822Z,usb,1,3612849267,191890,49123840,256,8000,31.790
2026-07-23T01:46:39.854Z,usb,1,3612849267,191891,49124096,256,8000,31.790
2026-07-23T01:46:39.886Z,usb,1,3612849267,191892,49124352,256,8000,31.790
2026-07-23T01:46:39.918Z,usb,1,3612849267,191893,49124608,256,8000,31.790
2026-07-23T01:46:39.950Z,usb,1,3612849267,191894,49124864,256,8000,31.790
2026-07-23T01:46:39.982Z,usb,1,3612849267,191895,49125120,256,8000,31.790
2026-07-23T01:46:40.014Z,usb,1,3612849267,191896,49125376,256,8000,31.790
2026-07-23T01:46:40.046Z,usb,1,3612849267,191897,49125632,256,8000,31.790
2026-07-23T01:46:40.079Z,usb,1,3612849267,191898,49125888,256,8000,31.790
2026-07-23T01:46:40.111Z,usb,1,3612849267,191899,49126144,256,8000,31.790
2026-07-23T01:46:40.142Z,usb,1,3612849267,191900,49126400,256,8000,31.790
2026-07-23T01:46:40.174Z,usb,1,3612849267,191901,49126656,256,8000,31.790
2026-07-23T01:46:40.206Z,usb,1,3612849267,191902,49126912,256,8000,31.790
2026-07-23T01:46:40.238Z,usb,1,3612849267,191903,49127168,256,8000,31.790
2026-07-23T01:46:40.270Z,usb,1,3612849267,191904,49127424,256,8000,31.790
2026-07-23T01:46:40.302Z,usb,1,3612849267,191905,49127680,256,8000,31.790
2026-07-23T01:46:40.334Z,usb,1,3612849267,191906,49127936,256,8000,31.790
2026-07-23T01:46:40.366Z,usb,1,3612849267,191907,49128192,256,8000,31.790
2026-07-23T01:46:40.399Z,usb,1,3612849267,191908,49128448,256,8000,31.790
2026-07-23T01:46:40.430Z,usb,1,3612849267,191909,49128704,256,8000,31.790
2026-07-23T01:46:40.462Z,usb,1,3612849267,191910,49128960,256,8000,31.790
2026-07-23T01:46:40.494Z,usb,1,3612849267,191911,49129216,256,8000,31.790
2026-07-23T01:46:40.527Z,usb,1,3612849267,191912,49129472,256,8000,31.790
2026-07-23T01:46:40.559Z,usb,1,3612849267,191913,49129728,256,8000,31.790
2026-07-23T01:46:40.591Z,usb,1,3612849267,191914,49129984,256,8000,31.790
2026-07-23T01:46:40.622Z,usb,1,3612849267,191915,49130240,256,8000,31.790
2026-07-23T01:46:40.654Z,usb,1,3612849267,191916,49130496,256,8000,31.790
2026-07-23T01:46:40.686Z,usb,1,3612849267,191917,49130752,256,8000,31.790
2026-07-23T01:46:40.718Z,usb,1,3612849267,191918,49131008,256,8000,31.790
2026-07-23T01:46:40.750Z,usb,1,3612849267,191919,49131264,256,8000,31.790
2026-07-23T01:46:40.782Z,usb,1,3612849267,191920,49131520,256,8000,31.790
2026-07-23T01:46:40.814Z,usb,1,3612849267,191921,49131776,256,8000,31.790
2026-07-23T01:46:40.846Z,usb,1,3612849267,191922,49132032,256,8000,31.790
2026-07-23T01:46:40.878Z,usb,1,3612849267,191923,49132288,256,8000,31.790
2026-07-23T01:46:40.910Z,usb,1,3612849267,191924,49132544,256,8000,31.790
2026-07-23T01:46:40.942Z,usb,1,3612849267,191925,49132800,256,8000,31.790
2026-07-23T01:46:40.974Z,usb,1,3612849267,191926,49133056,256,8000,31.790
2026-07-23T01:46:41.006Z,usb,1,3612849267,191927,49133312,256,8000,31.790
2026-07-23T01:46:41.038Z,usb,1,3612849267,191928,49133568,256,8000,31.790
2026-07-23T01:46:41.071Z,usb,1,3612849267,191929,49133824,256,8000,31.790
2026-07-23T01:46:41.103Z,usb,1,3612849267,191930,49134080,256,8000,31.790
2026-07-23T01:46:41.135Z,usb,1,3612849267,191931,49134336,256,8000,31.790
2026-07-23T01:46:41.166Z,usb,1,3612849267,191932,49134592,256,8000,31.790
2026-07-23T01:46:41.198Z,usb,1,3612849267,191933,49134848,256,8000,31.790
2026-07-23T01:46:41.230Z,usb,1,3612849267,191934,49135104,256,8000,31.790
2026-07-23T01:46:41.262Z,usb,1,3612849267,191935,49135360,256,8000,31.790
2026-07-23T01:46:41.294Z,usb,1,3612849267,191936,49135616,256,8000,31.790
2026-07-23T01:46:41.326Z,usb,1,3612849267,191937,49135872,256,8000,31.790
2026-07-23T01:46:41.359Z,usb,1,3612849267,191938,49136128,256,8000,31.790
2026-07-23T01:46:41.390Z,usb,1,3612849267,191939,49136384,256,8000,31.790
2026-07-23T01:46:41.423Z,usb,1,3612849267,191940,49136640,256,8000,31.790
2026-07-23T01:46:41.454Z,usb,1,3612849267,191941,49136896,256,8000,31.790
2026-07-23T01:46:41.486Z,usb,1,3612849267,191942,49137152,256,8000,31.790
2026-07-23T01:46:41.518Z,usb,1,3612849267,191943,49137408,256,8000,31.790
2026-07-23T01:46:41.551Z,usb,1,3612849267,191944,49137664,256,8000,31.790
2026-07-23T01:46:41.582Z,usb,1,3612849267,191945,49137920,256,8000,31.790
2026-07-23T01:46:41.614Z,usb,1,3612849267,191946,49138176,256,8000,31.790
2026-07-23T01:46:41.647Z,usb,1,3612849267,191947,49138432,256,8000,31.790
2026-07-23T01:46:41.678Z,usb,1,3612849267,191948,49138688,256,8000,31.790
2026-07-23T01:46:41.710Z,usb,1,3612849267,191949,49138944,256,8000,31.790
2026-07-23T01:46:41.743Z,usb,1,3612849267,191950,49139200,256,8000,31.790
2026-07-23T01:46:41.774Z,usb,1,3612849267,191951,49139456,256,8000,31.790
2026-07-23T01:46:41.806Z,usb,1,3612849267,191952,49139712,256,8000,31.790
2026-07-23T01:46:41.839Z,usb,1,3612849267,191953,49139968,256,8000,31.790
2026-07-23T01:46:41.870Z,usb,1,3612849267,191954,49140224,256,8000,31.790
2026-07-23T01:46:41.902Z,usb,1,3612849267,191955,49140480,256,8000,31.790
2026-07-23T01:46:41.935Z,usb,1,3612849267,191956,49140736,256,8000,31.790
2026-07-23T01:46:41.966Z,usb,1,3612849267,191957,49140992,256,8000,31.790
2026-07-23T01:46:41.998Z,usb,1,3612849267,191958,49141248,256,8000,31.790
2026-07-23T01:46:42.030Z,usb,1,3612849267,191959,49141504,256,8000,31.790
2026-07-23T01:46:42.062Z,usb,1,3612849267,191960,49141760,256,8000,31.790
2026-07-23T01:46:42.094Z,usb,1,3612849267,191961,49142016,256,8000,31.790
2026-07-23T01:46:42.127Z,usb,1,3612849267,191962,49142272,256,8000,31.790
2026-07-23T01:46:42.159Z,usb,1,3612849267,191963,49142528,256,8000,31.790
2026-07-23T01:46:42.190Z,usb,1,3612849267,191964,49142784,256,8000,31.790
2026-07-23T01:46:42.222Z,usb,1,3612849267,191965,49143040,256,8000,31.790
2026-07-23T01:46:42.254Z,usb,1,3612849267,191966,49143296,256,8000,31.790
2026-07-23T01:46:42.286Z,usb,1,3612849267,191967,49143552,256,8000,31.790
2026-07-23T01:46:42.318Z,usb,1,3612849267,191968,49143808,256,8000,31.790
2026-07-23T01:46:42.350Z,usb,1,3612849267,191969,49144064,256,8000,31.790
2026-07-23T01:46:42.382Z,usb,1,3612849267,191970,49144320,256,8000,31.790
2026-07-23T01:46:42.414Z,usb,1,3612849267,191971,49144576,256,8000,31.790
2026-07-23T01:46:42.447Z,usb,1,3612849267,191972,49144832,256,8000,31.780
2026-07-23T01:46:42.478Z,usb,1,3612849267,191973,49145088,256,8000,31.780
2026-07-23T01:46:42.510Z,usb,1,3612849267,191974,49145344,256,8000,31.780
2026-07-23T01:46:42.542Z,usb,1,3612849267,191975,49145600,256,8000,31.780
2026-07-23T01:46:42.575Z,usb,1,3612849267,191976,49145856,256,8000,31.780
2026-07-23T01:46:42.607Z,usb,1,3612849267,191977,49146112,256,8000,31.780
2026-07-23T01:46:42.638Z,usb,1,3612849267,191978,49146368,256,8000,31.780
2026-07-23T01:46:42.671Z,usb,1,3612849267,191979,49146624,256,8000,31.780
2026-07-23T01:46:42.702Z,usb,1,3612849267,191980,49146880,256,8000,31.780
2026-07-23T01:46:42.734Z,usb,1,3612849267,191981,49147136,256,8000,31.780
2026-07-23T01:46:42.766Z,usb,1,3612849267,191982,49147392,256,8000,31.780
2026-07-23T01:46:42.798Z,usb,1,3612849267,191983,49147648,256,8000,31.780
2026-07-23T01:46:42.830Z,usb,1,3612849267,191984,49147904,256,8000,31.780
2026-07-23T01:46:42.863Z,usb,1,3612849267,191985,49148160,256,8000,31.780
2026-07-23T01:46:42.894Z,usb,1,3612849267,191986,49148416,256,8000,31.780
2026-07-23T01:46:42.926Z,usb,1,3612849267,191987,49148672,256,8000,31.780
2026-07-23T01:46:42.958Z,usb,1,3612849267,191988,49148928,256,8000,31.780
2026-07-23T01:46:42.990Z,usb,1,3612849267,191989,49149184,256,8000,31.780
2026-07-23T01:46:43.022Z,usb,1,3612849267,191990,49149440,256,8000,31.780
2026-07-23T01:46:43.055Z,usb,1,3612849267,191991,49149696,256,8000,31.780
2026-07-23T01:46:43.086Z,usb,1,3612849267,191992,49149952,256,8000,31.780
2026-07-23T01:46:43.118Z,usb,1,3612849267,191993,49150208,256,8000,31.780
2026-07-23T01:46:43.150Z,usb,1,3612849267,191994,49150464,256,8000,31.780
2026-07-23T01:46:43.183Z,usb,1,3612849267,191995,49150720,256,8000,31.780
2026-07-23T01:46:43.214Z,usb,1,3612849267,191996,49150976,256,8000,31.780
2026-07-23T01:46:43.246Z,usb,1,3612849267,191997,49151232,256,8000,31.780
2026-07-23T01:46:43.278Z,usb,1,3612849267,191998,49151488,256,8000,31.780
2026-07-23T01:46:43.310Z,usb,1,3612849267,191999,49151744,256,8000,31.780
2026-07-23T01:46:43.342Z,usb,1,3612849267,192000,49152000,256,8000,31.780
2026-07-23T01:46:43.375Z,usb,1,3612849267,192001,49152256,256,8000,31.780
2026-07-23T01:46:43.406Z,usb,1,3612849267,192002,49152512,256,8000,31.780
2026-07-23T01:46:43.438Z,usb,1,3612849267,192003,49152768,256,8000,31.780
2026-07-23T01:46:43.471Z,usb,1,3612849267,192004,49153024,256,8000,31.790
2026-07-23T01:46:43.502Z,usb,1,3612849267,192005,49153280,256,8000,31.790
2026-07-23T01:46:43.534Z,usb,1,3612849267,192006,49153536,256,8000,31.790
2026-07-23T01:46:43.566Z,usb,1,3612849267,192007,49153792,256,8000,31.790
2026-07-23T01:46:43.598Z,usb,1,3612849267,192008,49154048,256,8000,31.790
2026-07-23T01:46:43.630Z,usb,1,3612849267,192009,49154304,256,8000,31.790
2026-07-23T01:46:43.662Z,usb,1,3612849267,192010,49154560,256,8000,31.790
2026-07-23T01:46:43.694Z,usb,1,3612849267,192011,49154816,256,8000,31.790
2026-07-23T01:46:43.726Z,usb,1,3612849267,192012,49155072,256,8000,31.790
2026-07-23T01:46:43.758Z,usb,1,3612849267,192013,49155328,256,8000,31.790
2026-07-23T01:46:43.790Z,usb,1,3612849267,192014,49155584,256,8000,31.790
2026-07-23T01:46:43.822Z,usb,1,3612849267,192015,49155840,256,8000,31.790
2026-07-23T01:46:43.854Z,usb,1,3612849267,192016,49156096,256,8000,31.790
2026-07-23T01:46:43.886Z,usb,1,3612849267,192017,49156352,256,8000,31.790
2026-07-23T01:46:43.918Z,usb,1,3612849267,192018,49156608,256,8000,31.790
2026-07-23T01:46:43.950Z,usb,1,3612849267,192019,49156864,256,8000,31.790
2026-07-23T01:46:43.983Z,usb,1,3612849267,192020,49157120,256,8000,31.790
2026-07-23T01:46:44.014Z,usb,1,3612849267,192021,49157376,256,8000,31.790
2026-07-23T01:46:44.046Z,usb,1,3612849267,192022,49157632,256,8000,31.790
2026-07-23T01:46:44.078Z,usb,1,3612849267,192023,49157888,256,8000,31.790
2026-07-23T01:46:44.111Z,usb,1,3612849267,192024,49158144,256,8000,31.790
2026-07-23T01:46:44.142Z,usb,1,3612849267,192025,49158400,256,8000,31.790
2026-07-23T01:46:44.174Z,usb,1,3612849267,192026,49158656,256,8000,31.790
2026-07-23T01:46:44.206Z,usb,1,3612849267,192027,49158912,256,8000,31.790
2026-07-23T01:46:44.238Z,usb,1,3612849267,192028,49159168,256,8000,31.790
2026-07-23T01:46:44.270Z,usb,1,3612849267,192029,49159424,256,8000,31.790
2026-07-23T01:46:44.302Z,usb,1,3612849267,192030,49159680,256,8000,31.790
2026-07-23T01:46:44.334Z,usb,1,3612849267,192031,49159936,256,8000,31.790
2026-07-23T01:46:44.366Z,usb,1,3612849267,192032,49160192,256,8000,31.790
2026-07-23T01:46:44.398Z,usb,1,3612849267,192033,49160448,256,8000,31.790
2026-07-23T01:46:44.430Z,usb,1,3612849267,192034,49160704,256,8000,31.790
2026-07-23T01:46:44.463Z,usb,1,3612849267,192035,49160960,256,8000,31.790
2026-07-23T01:46:44.495Z,usb,1,3612849267,192036,49161216,256,8000,31.780
2026-07-23T01:46:44.527Z,usb,1,3612849267,192037,49161472,256,8000,31.780
2026-07-23T01:46:44.558Z,usb,1,3612849267,192038,49161728,256,8000,31.780
2026-07-23T01:46:44.591Z,usb,1,3612849267,192039,49161984,256,8000,31.780
2026-07-23T01:46:44.622Z,usb,1,3612849267,192040,49162240,256,8000,31.780
2026-07-23T01:46:44.654Z,usb,1,3612849267,192041,49162496,256,8000,31.780
2026-07-23T01:46:44.687Z,usb,1,3612849267,192042,49162752,256,8000,31.780
2026-07-23T01:46:44.718Z,usb,1,3612849267,192043,49163008,256,8000,31.780
2026-07-23T01:46:44.750Z,usb,1,3612849267,192044,49163264,256,8000,31.780
2026-07-23T01:46:44.782Z,usb,1,3612849267,192045,49163520,256,8000,31.780
2026-07-23T01:46:44.814Z,usb,1,3612849267,192046,49163776,256,8000,31.780
2026-07-23T01:46:44.846Z,usb,1,3612849267,192047,49164032,256,8000,31.780
2026-07-23T01:46:44.878Z,usb,1,3612849267,192048,49164288,256,8000,31.780
2026-07-23T01:46:44.910Z,usb,1,3612849267,192049,49164544,256,8000,31.780
2026-07-23T01:46:44.942Z,usb,1,3612849267,192050,49164800,256,8000,31.780
2026-07-23T01:46:44.974Z,usb,1,3612849267,192051,49165056,256,8000,31.780
2026-07-23T01:46:45.006Z,usb,1,3612849267,192052,49165312,256,8000,31.780
2026-07-23T01:46:45.038Z,usb,1,3612849267,192053,49165568,256,8000,31.780
2026-07-23T01:46:45.070Z,usb,1,3612849267,192054,49165824,256,8000,31.780
2026-07-23T01:46:45.103Z,usb,1,3612849267,192055,49166080,256,8000,31.780
2026-07-23T01:46:45.134Z,usb,1,3612849267,192056,49166336,256,8000,31.780
2026-07-23T01:46:45.166Z,usb,1,3612849267,192057,49166592,256,8000,31.780
2026-07-23T01:46:45.199Z,usb,1,3612849267,192058,49166848,256,8000,31.780
2026-07-23T01:46:45.230Z,usb,1,3612849267,192059,49167104,256,8000,31.780
2026-07-23T01:46:45.262Z,usb,1,3612849267,192060,49167360,256,8000,31.780
2026-07-23T01:46:45.295Z,usb,1,3612849267,192061,49167616,256,8000,31.780
2026-07-23T01:46:45.326Z,usb,1,3612849267,192062,49167872,256,8000,31.780
2026-07-23T01:46:45.358Z,usb,1,3612849267,192063,49168128,256,8000,31.780
2026-07-23T01:46:45.391Z,usb,1,3612849267,192064,49168384,256,8000,31.780
2026-07-23T01:46:45.422Z,usb,1,3612849267,192065,49168640,256,8000,31.780
2026-07-23T01:46:45.454Z,usb,1,3612849267,192066,49168896,256,8000,31.780
2026-07-23T01:46:45.486Z,usb,1,3612849267,192067,49169152,256,8000,31.780
2026-07-23T01:46:45.519Z,usb,1,3612849267,192068,49169408,256,8000,31.780
2026-07-23T01:46:45.550Z,usb,1,3612849267,192069,49169664,256,8000,31.780
2026-07-23T01:46:45.582Z,usb,1,3612849267,192070,49169920,256,8000,31.780
2026-07-23T01:46:45.615Z,usb,1,3612849267,192071,49170176,256,8000,31.780
2026-07-23T01:46:45.646Z,usb,1,3612849267,192072,49170432,256,8000,31.780
2026-07-23T01:46:45.678Z,usb,1,3612849267,192073,49170688,256,8000,31.780
2026-07-23T01:46:45.710Z,usb,1,3612849267,192074,49170944,256,8000,31.780
2026-07-23T01:46:45.742Z,usb,1,3612849267,192075,49171200,256,8000,31.780
2026-07-23T01:46:45.774Z,usb,1,3612849267,192076,49171456,256,8000,31.780
2026-07-23T01:46:45.806Z,usb,1,3612849267,192077,49171712,256,8000,31.780
2026-07-23T01:46:45.838Z,usb,1,3612849267,192078,49171968,256,8000,31.780
2026-07-23T01:46:45.870Z,usb,1,3612849267,192079,49172224,256,8000,31.780
2026-07-23T01:46:45.902Z,usb,1,3612849267,192080,49172480,256,8000,31.780
2026-07-23T01:46:45.935Z,usb,1,3612849267,192081,49172736,256,8000,31.780
2026-07-23T01:46:45.966Z,usb,1,3612849267,192082,49172992,256,8000,31.780
2026-07-23T01:46:45.998Z,usb,1,3612849267,192083,49173248,256,8000,31.780
2026-07-23T01:46:46.030Z,usb,1,3612849267,192084,49173504,256,8000,31.780
2026-07-23T01:46:46.063Z,usb,1,3612849267,192085,49173760,256,8000,31.780
2026-07-23T01:46:46.095Z,usb,1,3612849267,192086,49174016,256,8000,31.780
2026-07-23T01:46:46.126Z,usb,1,3612849267,192087,49174272,256,8000,31.780
2026-07-23T01:46:46.159Z,usb,1,3612849267,192088,49174528,256,8000,31.780
2026-07-23T01:46:46.190Z,usb,1,3612849267,192089,49174784,256,8000,31.780
2026-07-23T01:46:46.222Z,usb,1,3612849267,192090,49175040,256,8000,31.780
2026-07-23T01:46:46.255Z,usb,1,3612849267,192091,49175296,256,8000,31.780
2026-07-23T01:46:46.286Z,usb,1,3612849267,192092,49175552,256,8000,31.780
2026-07-23T01:46:46.318Z,usb,1,3612849267,192093,49175808,256,8000,31.780
2026-07-23T01:46:46.350Z,usb,1,3612849267,192094,49176064,256,8000,31.780
2026-07-23T01:46:46.382Z,usb,1,3612849267,192095,49176320,256,8000,31.780
2026-07-23T01:46:46.415Z,usb,1,3612849267,192096,49176576,256,8000,31.780
2026-07-23T01:46:46.447Z,usb,1,3612849267,192097,49176832,256,8000,31.780
2026-07-23T01:46:46.478Z,usb,1,3612849267,192098,49177088,256,8000,31.780
2026-07-23T01:46:46.510Z,usb,1,3612849267,192099,49177344,256,8000,31.780
2026-07-23T01:46:46.543Z,usb,1,3612849267,192100,49177600,256,8000,31.780
2026-07-23T01:46:46.575Z,usb,1,3612849267,192101,49177856,256,8000,31.780
2026-07-23T01:46:46.607Z,usb,1,3612849267,192102,49178112,256,8000,31.780
2026-07-23T01:46:46.639Z,usb,1,3612849267,192103,49178368,256,8000,31.780
2026-07-23T01:46:46.670Z,usb,1,3612849267,192104,49178624,256,8000,31.780
2026-07-23T01:46:46.703Z,usb,1,3612849267,192105,49178880,256,8000,31.780
2026-07-23T01:46:46.734Z,usb,1,3612849267,192106,49179136,256,8000,31.780
2026-07-23T01:46:46.766Z,usb,1,3612849267,192107,49179392,256,8000,31.780
2026-07-23T01:46:46.798Z,usb,1,3612849267,192108,49179648,256,8000,31.780
2026-07-23T01:46:46.830Z,usb,1,3612849267,192109,49179904,256,8000,31.780
2026-07-23T01:46:46.862Z,usb,1,3612849267,192110,49180160,256,8000,31.780
2026-07-23T01:46:46.894Z,usb,1,3612849267,192111,49180416,256,8000,31.780
2026-07-23T01:46:46.926Z,usb,1,3612849267,192112,49180672,256,8000,31.780
2026-07-23T01:46:46.958Z,usb,1,3612849267,192113,49180928,256,8000,31.780
2026-07-23T01:46:46.990Z,usb,1,3612849267,192114,49181184,256,8000,31.780
2026-07-23T01:46:47.022Z,usb,1,3612849267,192115,49181440,256,8000,31.780
2026-07-23T01:46:47.054Z,usb,1,3612849267,192116,49181696,256,8000,31.780
2026-07-23T01:46:47.087Z,usb,1,3612849267,192117,49181952,256,8000,31.780
2026-07-23T01:46:47.119Z,usb,1,3612849267,192118,49182208,256,8000,31.780
2026-07-23T01:46:47.150Z,usb,1,3612849267,192119,49182464,256,8000,31.780
2026-07-23T01:46:47.182Z,usb,1,3612849267,192120,49182720,256,8000,31.780
2026-07-23T01:46:47.214Z,usb,1,3612849267,192121,49182976,256,8000,31.780
2026-07-23T01:46:47.246Z,usb,1,3612849267,192122,49183232,256,8000,31.780
2026-07-23T01:46:47.278Z,usb,1,3612849267,192123,49183488,256,8000,31.780
2026-07-23T01:46:47.310Z,usb,1,3612849267,192124,49183744,256,8000,31.780
2026-07-23T01:46:47.342Z,usb,1,3612849267,192125,49184000,256,8000,31.780
2026-07-23T01:46:47.374Z,usb,1,3612849267,192126,49184256,256,8000,31.780
2026-07-23T01:46:47.406Z,usb,1,3612849267,192127,49184512,256,8000,31.780
2026-07-23T01:46:47.438Z,usb,1,3612849267,192128,49184768,256,8000,31.780
2026-07-23T01:46:47.470Z,usb,1,3612849267,192129,49185024,256,8000,31.780
2026-07-23T01:46:47.502Z,usb,1,3612849267,192130,49185280,256,8000,31.780
2026-07-23T01:46:47.534Z,usb,1,3612849267,192131,49185536,256,8000,31.780
2026-07-23T01:46:47.567Z,usb,1,3612849267,192132,49185792,256,8000,31.790
2026-07-23T01:46:47.599Z,usb,1,3612849267,192133,49186048,256,8000,31.790
2026-07-23T01:46:47.630Z,usb,1,3612849267,192134,49186304,256,8000,31.790
2026-07-23T01:46:47.662Z,usb,1,3612849267,192135,49186560,256,8000,31.790
2026-07-23T01:46:47.694Z,usb,1,3612849267,192136,49186816,256,8000,31.790
2026-07-23T01:46:47.726Z,usb,1,3612849267,192137,49187072,256,8000,31.790
2026-07-23T01:46:47.758Z,usb,1,3612849267,192138,49187328,256,8000,31.790
2026-07-23T01:46:47.790Z,usb,1,3612849267,192139,49187584,256,8000,31.790
2026-07-23T01:46:47.823Z,usb,1,3612849267,192140,49187840,256,8000,31.790
2026-07-23T01:46:47.854Z,usb,1,3612849267,192141,49188096,256,8000,31.790
2026-07-23T01:46:47.886Z,usb,1,3612849267,192142,49188352,256,8000,31.790
2026-07-23T01:46:47.918Z,usb,1,3612849267,192143,49188608,256,8000,31.790
2026-07-23T01:46:47.950Z,usb,1,3612849267,192144,49188864,256,8000,31.790
2026-07-23T01:46:47.982Z,usb,1,3612849267,192145,49189120,256,8000,31.790
2026-07-23T01:46:48.014Z,usb,1,3612849267,192146,49189376,256,8000,31.790
2026-07-23T01:46:48.046Z,usb,1,3612849267,192147,49189632,256,8000,31.790
2026-07-23T01:46:48.078Z,usb,1,3612849267,192148,49189888,256,8000,31.790
2026-07-23T01:46:48.111Z,usb,1,3612849267,192149,49190144,256,8000,31.790
2026-07-23T01:46:48.142Z,usb,1,3612849267,192150,49190400,256,8000,31.790
2026-07-23T01:46:48.174Z,usb,1,3612849267,192151,49190656,256,8000,31.790
2026-07-23T01:46:48.206Z,usb,1,3612849267,192152,49190912,256,8000,31.790
2026-07-23T01:46:48.238Z,usb,1,3612849267,192153,49191168,256,8000,31.790
2026-07-23T01:46:48.270Z,usb,1,3612849267,192154,49191424,256,8000,31.790
2026-07-23T01:46:48.302Z,usb,1,3612849267,192155,49191680,256,8000,31.790
2026-07-23T01:46:48.334Z,usb,1,3612849267,192156,49191936,256,8000,31.790
2026-07-23T01:46:48.366Z,usb,1,3612849267,192157,49192192,256,8000,31.790
2026-07-23T01:46:48.399Z,usb,1,3612849267,192158,49192448,256,8000,31.790
2026-07-23T01:46:48.430Z,usb,1,3612849267,192159,49192704,256,8000,31.790
2026-07-23T01:46:48.462Z,usb,1,3612849267,192160,49192960,256,8000,31.790
2026-07-23T01:46:48.494Z,usb,1,3612849267,192161,49193216,256,8000,31.790
2026-07-23T01:46:48.527Z,usb,1,3612849267,192162,49193472,256,8000,31.790
2026-07-23T01:46:48.558Z,usb,1,3612849267,192163,49193728,256,8000,31.790
2026-07-23T01:46:48.591Z,usb,1,3612849267,192164,49193984,256,8000,31.790
2026-07-23T01:46:48.623Z,usb,1,3612849267,192165,49194240,256,8000,31.790
2026-07-23T01:46:48.654Z,usb,1,3612849267,192166,49194496,256,8000,31.790
2026-07-23T01:46:48.686Z,usb,1,3612849267,192167,49194752,256,8000,31.790
2026-07-23T01:46:48.719Z,usb,1,3612849267,192168,49195008,256,8000,31.790
2026-07-23T01:46:48.750Z,usb,1,3612849267,192169,49195264,256,8000,31.790
2026-07-23T01:46:48.782Z,usb,1,3612849267,192170,49195520,256,8000,31.790
2026-07-23T01:46:48.815Z,usb,1,3612849267,192171,49195776,256,8000,31.790
2026-07-23T01:46:48.846Z,usb,1,3612849267,192172,49196032,256,8000,31.790
2026-07-23T01:46:48.878Z,usb,1,3612849267,192173,49196288,256,8000,31.790
2026-07-23T01:46:48.910Z,usb,1,3612849267,192174,49196544,256,8000,31.790
2026-07-23T01:46:48.942Z,usb,1,3612849267,192175,49196800,256,8000,31.790
2026-07-23T01:46:48.974Z,usb,1,3612849267,192176,49197056,256,8000,31.790
2026-07-23T01:46:49.006Z,usb,1,3612849267,192177,49197312,256,8000,31.790
2026-07-23T01:46:49.039Z,usb,1,3612849267,192178,49197568,256,8000,31.790
2026-07-23T01:46:49.070Z,usb,1,3612849267,192179,49197824,256,8000,31.790
2026-07-23T01:46:49.102Z,usb,1,3612849267,192180,49198080,256,8000,31.790
2026-07-23T01:46:49.134Z,usb,1,3612849267,192181,49198336,256,8000,31.790
2026-07-23T01:46:49.166Z,usb,1,3612849267,192182,49198592,256,8000,31.790
2026-07-23T01:46:49.199Z,usb,1,3612849267,192183,49198848,256,8000,31.790
2026-07-23T01:46:49.231Z,usb,1,3612849267,192184,49199104,256,8000,31.790
2026-07-23T01:46:49.262Z,usb,1,3612849267,192185,49199360,256,8000,31.790
2026-07-23T01:46:49.294Z,usb,1,3612849267,192186,49199616,256,8000,31.790
2026-07-23T01:46:49.326Z,usb,1,3612849267,192187,49199872,256,8000,31.790
2026-07-23T01:46:49.358Z,usb,1,3612849267,192188,49200128,256,8000,31.790
2026-07-23T01:46:49.390Z,usb,1,3612849267,192189,49200384,256,8000,31.790
2026-07-23T01:46:49.422Z,usb,1,3612849267,192190,49200640,256,8000,31.790
2026-07-23T01:46:49.454Z,usb,1,3612849267,192191,49200896,256,8000,31.790
2026-07-23T01:46:49.486Z,usb,1,3612849267,192192,49201152,256,8000,31.790
2026-07-23T01:46:49.518Z,usb,1,3612849267,192193,49201408,256,8000,31.790
2026-07-23T01:46:49.551Z,usb,1,3612849267,192194,49201664,256,8000,31.790
2026-07-23T01:46:49.583Z,usb,1,3612849267,192195,49201920,256,8000,31.790
2026-07-23T01:46:49.615Z,usb,1,3612849267,192196,49202176,256,8000,31.790
2026-07-23T01:46:49.646Z,usb,1,3612849267,192197,49202432,256,8000,31.790
2026-07-23T01:46:49.678Z,usb,1,3612849267,192198,49202688,256,8000,31.790
2026-07-23T01:46:49.710Z,usb,1,3612849267,192199,49202944,256,8000,31.790
2026-07-23T01:46:49.742Z,usb,1,3612849267,192200,49203200,256,8000,31.790
2026-07-23T01:46:49.774Z,usb,1,3612849267,192201,49203456,256,8000,31.790
2026-07-23T01:46:49.806Z,usb,1,3612849267,192202,49203712,256,8000,31.790
2026-07-23T01:46:49.838Z,usb,1,3612849267,192203,49203968,256,8000,31.790
2026-07-23T01:46:49.870Z,usb,1,3612849267,192204,49204224,256,8000,31.790
2026-07-23T01:46:49.902Z,usb,1,3612849267,192205,49204480,256,8000,31.790
2026-07-23T01:46:49.935Z,usb,1,3612849267,192206,49204736,256,8000,31.790
2026-07-23T01:46:49.966Z,usb,1,3612849267,192207,49204992,256,8000,31.790
2026-07-23T01:46:49.998Z,usb,1,3612849267,192208,49205248,256,8000,31.790
2026-07-23T01:46:50.030Z,usb,1,3612849267,192209,49205504,256,8000,31.790
2026-07-23T01:46:50.062Z,usb,1,3612849267,192210,49205760,256,8000,31.790
2026-07-23T01:46:50.095Z,usb,1,3612849267,192211,49206016,256,8000,31.790
2026-07-23T01:46:50.127Z,usb,1,3612849267,192212,49206272,256,8000,31.790
2026-07-23T01:46:50.158Z,usb,1,3612849267,192213,49206528,256,8000,31.790
2026-07-23T01:46:50.190Z,usb,1,3612849267,192214,49206784,256,8000,31.790
2026-07-23T01:46:50.223Z,usb,1,3612849267,192215,49207040,256,8000,31.790
2026-07-23T01:46:50.255Z,usb,1,3612849267,192216,49207296,256,8000,31.790
2026-07-23T01:46:50.286Z,usb,1,3612849267,192217,49207552,256,8000,31.790
2026-07-23T01:46:50.318Z,usb,1,3612849267,192218,49207808,256,8000,31.790
2026-07-23T01:46:50.351Z,usb,1,3612849267,192219,49208064,256,8000,31.790
2026-07-23T01:46:50.382Z,usb,1,3612849267,192220,49208320,256,8000,31.790
2026-07-23T01:46:50.414Z,usb,1,3612849267,192221,49208576,256,8000,31.790
2026-07-23T01:46:50.446Z,usb,1,3612849267,192222,49208832,256,8000,31.790
2026-07-23T01:46:50.478Z,usb,1,3612849267,192223,49209088,256,8000,31.790
2026-07-23T01:46:50.510Z,usb,1,3612849267,192224,49209344,256,8000,31.790
2026-07-23T01:46:50.542Z,usb,1,3612849267,192225,49209600,256,8000,31.790
2026-07-23T01:46:50.574Z,usb,1,3612849267,192226,49209856,256,8000,31.790
2026-07-23T01:46:50.606Z,usb,1,3612849267,192227,49210112,256,8000,31.790
2026-07-23T01:46:50.639Z,usb,1,3612849267,192228,49210368,256,8000,31.790
2026-07-23T01:46:50.670Z,usb,1,3612849267,192229,49210624,256,8000,31.790
2026-07-23T01:46:50.702Z,usb,1,3612849267,192230,49210880,256,8000,31.790
2026-07-23T01:46:50.735Z,usb,1,3612849267,192231,49211136,256,8000,31.790
2026-07-23T01:46:50.766Z,usb,1,3612849267,192232,49211392,256,8000,31.790
2026-07-23T01:46:50.799Z,usb,1,3612849267,192233,49211648,256,8000,31.790
2026-07-23T01:46:50.831Z,usb,1,3612849267,192234,49211904,256,8000,31.790
2026-07-23T01:46:50.862Z,usb,1,3612849267,192235,49212160,256,8000,31.790
2026-07-23T01:46:50.894Z,usb,1,3612849267,192236,49212416,256,8000,31.790
2026-07-23T01:46:50.926Z,usb,1,3612849267,192237,49212672,256,8000,31.790
2026-07-23T01:46:50.958Z,usb,1,3612849267,192238,49212928,256,8000,31.790
2026-07-23T01:46:50.990Z,usb,1,3612849267,192239,49213184,256,8000,31.790
2026-07-23T01:46:51.022Z,usb,1,3612849267,192240,49213440,256,8000,31.790
2026-07-23T01:46:51.055Z,usb,1,3612849267,192241,49213696,256,8000,31.790
2026-07-23T01:46:51.086Z,usb,1,3612849267,192242,49213952,256,8000,31.790
2026-07-23T01:46:51.118Z,usb,1,3612849267,192243,49214208,256,8000,31.790
2026-07-23T01:46:51.151Z,usb,1,3612849267,192244,49214464,256,8000,31.790
2026-07-23T01:46:51.182Z,usb,1,3612849267,192245,49214720,256,8000,31.790
2026-07-23T01:46:51.214Z,usb,1,3612849267,192246,49214976,256,8000,31.790
2026-07-23T01:46:51.247Z,usb,1,3612849267,192247,49215232,256,8000,31.790
2026-07-23T01:46:51.278Z,usb,1,3612849267,192248,49215488,256,8000,31.790
2026-07-23T01:46:51.310Z,usb,1,3612849267,192249,49215744,256,8000,31.790
2026-07-23T01:46:51.342Z,usb,1,3612849267,192250,49216000,256,8000,31.790
2026-07-23T01:46:51.374Z,usb,1,3612849267,192251,49216256,256,8000,31.790
2026-07-23T01:46:51.406Z,usb,1,3612849267,192252,49216512,256,8000,31.790
2026-07-23T01:46:51.438Z,usb,1,3612849267,192253,49216768,256,8000,31.790
2026-07-23T01:46:51.470Z,usb,1,3612849267,192254,49217024,256,8000,31.790
2026-07-23T01:46:51.502Z,usb,1,3612849267,192255,49217280,256,8000,31.790
2026-07-23T01:46:51.534Z,usb,1,3612849267,192256,49217536,256,8000,31.790
2026-07-23T01:46:51.566Z,usb,1,3612849267,192257,49217792,256,8000,31.790
2026-07-23T01:46:51.599Z,usb,1,3612849267,192258,49218048,256,8000,31.790
2026-07-23T01:46:51.630Z,usb,1,3612849267,192259,49218304,256,8000,31.790
2026-07-23T01:46:51.663Z,usb,1,3612849267,192260,49218560,256,8000,31.790
2026-07-23T01:46:51.694Z,usb,1,3612849267,192261,49218816,256,8000,31.790
2026-07-23T01:46:51.726Z,usb,1,3612849267,192262,49219072,256,8000,31.790
2026-07-23T01:46:51.758Z,usb,1,3612849267,192263,49219328,256,8000,31.790
2026-07-23T01:46:51.790Z,usb,1,3612849267,192264,49219584,256,8000,31.790
2026-07-23T01:46:51.822Z,usb,1,3612849267,192265,49219840,256,8000,31.790
2026-07-23T01:46:51.854Z,usb,1,3612849267,192266,49220096,256,8000,31.790
2026-07-23T01:46:51.886Z,usb,1,3612849267,192267,49220352,256,8000,31.790
2026-07-23T01:46:51.918Z,usb,1,3612849267,192268,49220608,256,8000,31.790
2026-07-23T01:46:51.950Z,usb,1,3612849267,192269,49220864,256,8000,31.790
2026-07-23T01:46:51.982Z,usb,1,3612849267,192270,49221120,256,8000,31.790
2026-07-23T01:46:52.014Z,usb,1,3612849267,192271,49221376,256,8000,31.790
2026-07-23T01:46:52.047Z,usb,1,3612849267,192272,49221632,256,8000,31.790
2026-07-23T01:46:52.078Z,usb,1,3612849267,192273,49221888,256,8000,31.790
2026-07-23T01:46:52.111Z,usb,1,3612849267,192274,49222144,256,8000,31.790
2026-07-23T01:46:52.142Z,usb,1,3612849267,192275,49222400,256,8000,31.790
2026-07-23T01:46:52.174Z,usb,1,3612849267,192276,49222656,256,8000,31.790
2026-07-23T01:46:52.206Z,usb,1,3612849267,192277,49222912,256,8000,31.790
2026-07-23T01:46:52.238Z,usb,1,3612849267,192278,49223168,256,8000,31.790
2026-07-23T01:46:52.270Z,usb,1,3612849267,192279,49223424,256,8000,31.790
2026-07-23T01:46:52.302Z,usb,1,3612849267,192280,49223680,256,8000,31.790
2026-07-23T01:46:52.334Z,usb,1,3612849267,192281,49223936,256,8000,31.790
2026-07-23T01:46:52.366Z,usb,1,3612849267,192282,49224192,256,8000,31.790
2026-07-23T01:46:52.398Z,usb,1,3612849267,192283,49224448,256,8000,31.790
2026-07-23T01:46:52.430Z,usb,1,3612849267,192284,49224704,256,8000,31.790
2026-07-23T01:46:52.463Z,usb,1,3612849267,192285,49224960,256,8000,31.790
2026-07-23T01:46:52.494Z,usb,1,3612849267,192286,49225216,256,8000,31.790
2026-07-23T01:46:52.526Z,usb,1,3612849267,192287,49225472,256,8000,31.790
2026-07-23T01:46:52.558Z,usb,1,3612849267,192288,49225728,256,8000,31.790
2026-07-23T01:46:52.590Z,usb,1,3612849267,192289,49225984,256,8000,31.790
2026-07-23T01:46:52.622Z,usb,1,3612849267,192290,49226240,256,8000,31.790
2026-07-23T01:46:52.655Z,usb,1,3612849267,192291,49226496,256,8000,31.790
2026-07-23T01:46:52.687Z,usb,1,3612849267,192292,49226752,256,8000,31.790
2026-07-23T01:46:52.718Z,usb,1,3612849267,192293,49227008,256,8000,31.790
2026-07-23T01:46:52.750Z,usb,1,3612849267,192294,49227264,256,8000,31.790
2026-07-23T01:46:52.782Z,usb,1,3612849267,192295,49227520,256,8000,31.790
2026-07-23T01:46:52.814Z,usb,1,3612849267,192296,49227776,256,8000,31.790
2026-07-23T01:46:52.846Z,usb,1,3612849267,192297,49228032,256,8000,31.790
2026-07-23T01:46:52.879Z,usb,1,3612849267,192298,49228288,256,8000,31.790
2026-07-23T01:46:52.910Z,usb,1,3612849267,192299,49228544,256,8000,31.790
2026-07-23T01:46:52.942Z,usb,1,3612849267,192300,49228800,256,8000,31.790
2026-07-23T01:46:52.975Z,usb,1,3612849267,192301,49229056,256,8000,31.790
2026-07-23T01:46:53.006Z,usb,1,3612849267,192302,49229312,256,8000,31.790
2026-07-23T01:46:53.038Z,usb,1,3612849267,192303,49229568,256,8000,31.790
2026-07-23T01:46:53.070Z,usb,1,3612849267,192304,49229824,256,8000,31.790
2026-07-23T01:46:53.103Z,usb,1,3612849267,192305,49230080,256,8000,31.790
2026-07-23T01:46:53.134Z,usb,1,3612849267,192306,49230336,256,8000,31.790
2026-07-23T01:46:53.166Z,usb,1,3612849267,192307,49230592,256,8000,31.790
2026-07-23T01:46:53.198Z,usb,1,3612849267,192308,49230848,256,8000,31.790
2026-07-23T01:46:53.230Z,usb,1,3612849267,192309,49231104,256,8000,31.790
2026-07-23T01:46:53.262Z,usb,1,3612849267,192310,49231360,256,8000,31.790
2026-07-23T01:46:53.294Z,usb,1,3612849267,192311,49231616,256,8000,31.790
2026-07-23T01:46:53.327Z,usb,1,3612849267,192312,49231872,256,8000,31.790
2026-07-23T01:46:53.358Z,usb,1,3612849267,192313,49232128,256,8000,31.790
2026-07-23T01:46:53.390Z,usb,1,3612849267,192314,49232384,256,8000,31.790
2026-07-23T01:46:53.422Z,usb,1,3612849267,192315,49232640,256,8000,31.790
2026-07-23T01:46:53.454Z,usb,1,3612849267,192316,49232896,256,8000,31.790
2026-07-23T01:46:53.486Z,usb,1,3612849267,192317,49233152,256,8000,31.790
2026-07-23T01:46:53.518Z,usb,1,3612849267,192318,49233408,256,8000,31.790
2026-07-23T01:46:53.550Z,usb,1,3612849267,192319,49233664,256,8000,31.790
2026-07-23T01:46:53.582Z,usb,1,3612849267,192320,49233920,256,8000,31.790
2026-07-23T01:46:53.614Z,usb,1,3612849267,192321,49234176,256,8000,31.790
2026-07-23T01:46:53.646Z,usb,1,3612849267,192322,49234432,256,8000,31.790
2026-07-23T01:46:53.678Z,usb,1,3612849267,192323,49234688,256,8000,31.790
2026-07-23T01:46:53.711Z,usb,1,3612849267,192324,49234944,256,8000,31.790
2026-07-23T01:46:53.742Z,usb,1,3612849267,192325,49235200,256,8000,31.790
2026-07-23T01:46:53.774Z,usb,1,3612849267,192326,49235456,256,8000,31.790
2026-07-23T01:46:53.806Z,usb,1,3612849267,192327,49235712,256,8000,31.790
2026-07-23T01:46:53.838Z,usb,1,3612849267,192328,49235968,256,8000,31.790
2026-07-23T01:46:53.870Z,usb,1,3612849267,192329,49236224,256,8000,31.790
2026-07-23T01:46:53.902Z,usb,1,3612849267,192330,49236480,256,8000,31.790
2026-07-23T01:46:53.934Z,usb,1,3612849267,192331,49236736,256,8000,31.790
2026-07-23T01:46:53.966Z,usb,1,3612849267,192332,49236992,256,8000,31.790
2026-07-23T01:46:53.998Z,usb,1,3612849267,192333,49237248,256,8000,31.790
2026-07-23T01:46:54.031Z,usb,1,3612849267,192334,49237504,256,8000,31.790
2026-07-23T01:46:54.062Z,usb,1,3612849267,192335,49237760,256,8000,31.790
2026-07-23T01:46:54.095Z,usb,1,3612849267,192336,49238016,256,8000,31.790
2026-07-23T01:46:54.126Z,usb,1,3612849267,192337,49238272,256,8000,31.790
2026-07-23T01:46:54.158Z,usb,1,3612849267,192338,49238528,256,8000,31.790
2026-07-23T01:46:54.190Z,usb,1,3612849267,192339,49238784,256,8000,31.790
2026-07-23T01:46:54.222Z,usb,1,3612849267,192340,49239040,256,8000,31.790
2026-07-23T01:46:54.254Z,usb,1,3612849267,192341,49239296,256,8000,31.790
2026-07-23T01:46:54.286Z,usb,1,3612849267,192342,49239552,256,8000,31.790
2026-07-23T01:46:54.318Z,usb,1,3612849267,192343,49239808,256,8000,31.790
2026-07-23T01:46:54.350Z,usb,1,3612849267,192344,49240064,256,8000,31.790
2026-07-23T01:46:54.382Z,usb,1,3612849267,192345,49240320,256,8000,31.790
2026-07-23T01:46:54.414Z,usb,1,3612849267,192346,49240576,256,8000,31.790
2026-07-23T01:46:54.446Z,usb,1,3612849267,192347,49240832,256,8000,31.790
2026-07-23T01:46:54.478Z,usb,1,3612849267,192348,49241088,256,8000,31.790
2026-07-23T01:46:54.510Z,usb,1,3612849267,192349,49241344,256,8000,31.790
2026-07-23T01:46:54.542Z,usb,1,3612849267,192350,49241600,256,8000,31.790
2026-07-23T01:46:54.574Z,usb,1,3612849267,192351,49241856,256,8000,31.790
2026-07-23T01:46:54.607Z,usb,1,3612849267,192352,49242112,256,8000,31.790
2026-07-23T01:46:54.638Z,usb,1,3612849267,192353,49242368,256,8000,31.790
2026-07-23T01:46:54.670Z,usb,1,3612849267,192354,49242624,256,8000,31.790
2026-07-23T01:46:54.702Z,usb,1,3612849267,192355,49242880,256,8000,31.790
2026-07-23T01:46:54.735Z,usb,1,3612849267,192356,49243136,256,8000,31.790
2026-07-23T01:46:54.766Z,usb,1,3612849267,192357,49243392,256,8000,31.790
2026-07-23T01:46:54.798Z,usb,1,3612849267,192358,49243648,256,8000,31.790
2026-07-23T01:46:54.830Z,usb,1,3612849267,192359,49243904,256,8000,31.790
2026-07-23T01:46:54.862Z,usb,1,3612849267,192360,49244160,256,8000,31.790
2026-07-23T01:46:54.894Z,usb,1,3612849267,192361,49244416,256,8000,31.790
2026-07-23T01:46:54.926Z,usb,1,3612849267,192362,49244672,256,8000,31.790
2026-07-23T01:46:54.958Z,usb,1,3612849267,192363,49244928,256,8000,31.790
2026-07-23T01:46:54.990Z,usb,1,3612849267,192364,49245184,256,8000,31.790
2026-07-23T01:46:55.022Z,usb,1,3612849267,192365,49245440,256,8000,31.790
2026-07-23T01:46:55.055Z,usb,1,3612849267,192366,49245696,256,8000,31.790
2026-07-23T01:46:55.086Z,usb,1,3612849267,192367,49245952,256,8000,31.790
2026-07-23T01:46:55.118Z,usb,1,3612849267,192368,49246208,256,8000,31.790
2026-07-23T01:46:55.150Z,usb,1,3612849267,192369,49246464,256,8000,31.790
2026-07-23T01:46:55.182Z,usb,1,3612849267,192370,49246720,256,8000,31.790
2026-07-23T01:46:55.214Z,usb,1,3612849267,192371,49246976,256,8000,31.790
2026-07-23T01:46:55.246Z,usb,1,3612849267,192372,49247232,256,8000,31.790
2026-07-23T01:46:55.278Z,usb,1,3612849267,192373,49247488,256,8000,31.790
2026-07-23T01:46:55.310Z,usb,1,3612849267,192374,49247744,256,8000,31.790
2026-07-23T01:46:55.342Z,usb,1,3612849267,192375,49248000,256,8000,31.790
2026-07-23T01:46:55.374Z,usb,1,3612849267,192376,49248256,256,8000,31.790
2026-07-23T01:46:55.406Z,usb,1,3612849267,192377,49248512,256,8000,31.790
2026-07-23T01:46:55.438Z,usb,1,3612849267,192378,49248768,256,8000,31.790
2026-07-23T01:46:55.470Z,usb,1,3612849267,192379,49249024,256,8000,31.790
2026-07-23T01:46:55.502Z,usb,1,3612849267,192380,49249280,256,8000,31.790
2026-07-23T01:46:55.534Z,usb,1,3612849267,192381,49249536,256,8000,31.790
2026-07-23T01:46:55.566Z,usb,1,3612849267,192382,49249792,256,8000,31.790
2026-07-23T01:46:55.599Z,usb,1,3612849267,192383,49250048,256,8000,31.790
2026-07-23T01:46:55.630Z,usb,1,3612849267,192384,49250304,256,8000,31.790
2026-07-23T01:46:55.663Z,usb,1,3612849267,192385,49250560,256,8000,31.790
2026-07-23T01:46:55.694Z,usb,1,3612849267,192386,49250816,256,8000,31.790
2026-07-23T01:46:55.726Z,usb,1,3612849267,192387,49251072,256,8000,31.790
2026-07-23T01:46:55.759Z,usb,1,3612849267,192388,49251328,256,8000,31.790
2026-07-23T01:46:55.790Z,usb,1,3612849267,192389,49251584,256,8000,31.790
2026-07-23T01:46:55.822Z,usb,1,3612849267,192390,49251840,256,8000,31.790
2026-07-23T01:46:55.855Z,usb,1,3612849267,192391,49252096,256,8000,31.790
2026-07-23T01:46:55.886Z,usb,1,3612849267,192392,49252352,256,8000,31.790
2026-07-23T01:46:55.918Z,usb,1,3612849267,192393,49252608,256,8000,31.790
2026-07-23T01:46:55.950Z,usb,1,3612849267,192394,49252864,256,8000,31.790
2026-07-23T01:46:55.983Z,usb,1,3612849267,192395,49253120,256,8000,31.790
2026-07-23T01:46:56.014Z,usb,1,3612849267,192396,49253376,256,8000,31.790
2026-07-23T01:46:56.046Z,usb,1,3612849267,192397,49253632,256,8000,31.790
2026-07-23T01:46:56.078Z,usb,1,3612849267,192398,49253888,256,8000,31.790
2026-07-23T01:46:56.111Z,usb,1,3612849267,192399,49254144,256,8000,31.790
2026-07-23T01:46:56.142Z,usb,1,3612849267,192400,49254400,256,8000,31.790
2026-07-23T01:46:56.175Z,usb,1,3612849267,192401,49254656,256,8000,31.790
2026-07-23T01:46:56.206Z,usb,1,3612849267,192402,49254912,256,8000,31.790
2026-07-23T01:46:56.238Z,usb,1,3612849267,192403,49255168,256,8000,31.790
2026-07-23T01:46:56.271Z,usb,1,3612849267,192404,49255424,256,8000,31.790
2026-07-23T01:46:56.302Z,usb,1,3612849267,192405,49255680,256,8000,31.790
2026-07-23T01:46:56.334Z,usb,1,3612849267,192406,49255936,256,8000,31.790
2026-07-23T01:46:56.366Z,usb,1,3612849267,192407,49256192,256,8000,31.790
2026-07-23T01:46:56.398Z,usb,1,3612849267,192408,49256448,256,8000,31.790
2026-07-23T01:46:56.430Z,usb,1,3612849267,192409,49256704,256,8000,31.790
2026-07-23T01:46:56.462Z,usb,1,3612849267,192410,49256960,256,8000,31.790
2026-07-23T01:46:56.494Z,usb,1,3612849267,192411,49257216,256,8000,31.790
2026-07-23T01:46:56.526Z,usb,1,3612849267,192412,49257472,256,8000,31.790
2026-07-23T01:46:56.558Z,usb,1,3612849267,192413,49257728,256,8000,31.790
2026-07-23T01:46:56.591Z,usb,1,3612849267,192414,49257984,256,8000,31.790
2026-07-23T01:46:56.623Z,usb,1,3612849267,192415,49258240,256,8000,31.790
2026-07-23T01:46:56.654Z,usb,1,3612849267,192416,49258496,256,8000,31.790
2026-07-23T01:46:56.686Z,usb,1,3612849267,192417,49258752,256,8000,31.790
2026-07-23T01:46:56.718Z,usb,1,3612849267,192418,49259008,256,8000,31.790
2026-07-23T01:46:56.750Z,usb,1,3612849267,192419,49259264,256,8000,31.790
2026-07-23T01:46:56.783Z,usb,1,3612849267,192420,49259520,256,8000,31.790
2026-07-23T01:46:56.814Z,usb,1,3612849267,192421,49259776,256,8000,31.790
2026-07-23T01:46:56.846Z,usb,1,3612849267,192422,49260032,256,8000,31.790
2026-07-23T01:46:56.878Z,usb,1,3612849267,192423,49260288,256,8000,31.790
2026-07-23T01:46:56.910Z,usb,1,3612849267,192424,49260544,256,8000,31.790
2026-07-23T01:46:56.942Z,usb,1,3612849267,192425,49260800,256,8000,31.790
2026-07-23T01:46:56.974Z,usb,1,3612849267,192426,49261056,256,8000,31.790
2026-07-23T01:46:57.006Z,usb,1,3612849267,192427,49261312,256,8000,31.790
2026-07-23T01:46:57.038Z,usb,1,3612849267,192428,49261568,256,8000,31.790
2026-07-23T01:46:57.070Z,usb,1,3612849267,192429,49261824,256,8000,31.790
2026-07-23T01:46:57.103Z,usb,1,3612849267,192430,49262080,256,8000,31.790
2026-07-23T01:46:57.134Z,usb,1,3612849267,192431,49262336,256,8000,31.790
2026-07-23T01:46:57.166Z,usb,1,3612849267,192432,49262592,256,8000,31.790
2026-07-23T01:46:57.199Z,usb,1,3612849267,192433,49262848,256,8000,31.790
2026-07-23T01:46:57.231Z,usb,1,3612849267,192434,49263104,256,8000,31.790
2026-07-23T01:46:57.262Z,usb,1,3612849267,192435,49263360,256,8000,31.790
2026-07-23T01:46:57.294Z,usb,1,3612849267,192436,49263616,256,8000,31.790
2026-07-23T01:46:57.326Z,usb,1,3612849267,192437,49263872,256,8000,31.790
2026-07-23T01:46:57.358Z,usb,1,3612849267,192438,49264128,256,8000,31.790
2026-07-23T01:46:57.391Z,usb,1,3612849267,192439,49264384,256,8000,31.790
2026-07-23T01:46:57.422Z,usb,1,3612849267,192440,49264640,256,8000,31.790
2026-07-23T01:46:57.454Z,usb,1,3612849267,192441,49264896,256,8000,31.790
2026-07-23T01:46:57.487Z,usb,1,3612849267,192442,49265152,256,8000,31.790
2026-07-23T01:46:57.519Z,usb,1,3612849267,192443,49265408,256,8000,31.790
2026-07-23T01:46:57.550Z,usb,1,3612849267,192444,49265664,256,8000,31.790
2026-07-23T01:46:57.582Z,usb,1,3612849267,192445,49265920,256,8000,31.790
2026-07-23T01:46:57.615Z,usb,1,3612849267,192446,49266176,256,8000,31.790
2026-07-23T01:46:57.646Z,usb,1,3612849267,192447,49266432,256,8000,31.790
2026-07-23T01:46:57.678Z,usb,1,3612849267,192448,49266688,256,8000,31.790
2026-07-23T01:46:57.711Z,usb,1,3612849267,192449,49266944,256,8000,31.790
2026-07-23T01:46:57.742Z,usb,1,3612849267,192450,49267200,256,8000,31.790
2026-07-23T01:46:57.774Z,usb,1,3612849267,192451,49267456,256,8000,31.790
2026-07-23T01:46:57.807Z,usb,1,3612849267,192452,49267712,256,8000,31.780
2026-07-23T01:46:57.838Z,usb,1,3612849267,192453,49267968,256,8000,31.780
2026-07-23T01:46:57.870Z,usb,1,3612849267,192454,49268224,256,8000,31.780
2026-07-23T01:46:57.903Z,usb,1,3612849267,192455,49268480,256,8000,31.780
2026-07-23T01:46:57.934Z,usb,1,3612849267,192456,49268736,256,8000,31.780
2026-07-23T01:46:57.966Z,usb,1,3612849267,192457,49268992,256,8000,31.780
2026-07-23T01:46:57.998Z,usb,1,3612849267,192458,49269248,256,8000,31.780
2026-07-23T01:46:58.031Z,usb,1,3612849267,192459,49269504,256,8000,31.780
2026-07-23T01:46:58.062Z,usb,1,3612849267,192460,49269760,256,8000,31.780
2026-07-23T01:46:58.095Z,usb,1,3612849267,192461,49270016,256,8000,31.780
2026-07-23T01:46:58.127Z,usb,1,3612849267,192462,49270272,256,8000,31.780
2026-07-23T01:46:58.158Z,usb,1,3612849267,192463,49270528,256,8000,31.780
2026-07-23T01:46:58.190Z,usb,1,3612849267,192464,49270784,256,8000,31.780
2026-07-23T01:46:58.222Z,usb,1,3612849267,192465,49271040,256,8000,31.780
2026-07-23T01:46:58.254Z,usb,1,3612849267,192466,49271296,256,8000,31.780
2026-07-23T01:46:58.286Z,usb,1,3612849267,192467,49271552,256,8000,31.780
2026-07-23T01:46:58.319Z,usb,1,3612849267,192468,49271808,256,8000,31.780
2026-07-23T01:46:58.350Z,usb,1,3612849267,192469,49272064,256,8000,31.780
2026-07-23T01:46:58.382Z,usb,1,3612849267,192470,49272320,256,8000,31.780
2026-07-23T01:46:58.415Z,usb,1,3612849267,192471,49272576,256,8000,31.780
2026-07-23T01:46:58.446Z,usb,1,3612849267,192472,49272832,256,8000,31.780
2026-07-23T01:46:58.478Z,usb,1,3612849267,192473,49273088,256,8000,31.780
2026-07-23T01:46:58.511Z,usb,1,3612849267,192474,49273344,256,8000,31.780
2026-07-23T01:46:58.542Z,usb,1,3612849267,192475,49273600,256,8000,31.780
2026-07-23T01:46:58.574Z,usb,1,3612849267,192476,49273856,256,8000,31.780
2026-07-23T01:46:58.606Z,usb,1,3612849267,192477,49274112,256,8000,31.780
2026-07-23T01:46:58.638Z,usb,1,3612849267,192478,49274368,256,8000,31.780
2026-07-23T01:46:58.670Z,usb,1,3612849267,192479,49274624,256,8000,31.780
2026-07-23T01:46:58.702Z,usb,1,3612849267,192480,49274880,256,8000,31.780
2026-07-23T01:46:58.734Z,usb,1,3612849267,192481,49275136,256,8000,31.780
2026-07-23T01:46:58.766Z,usb,1,3612849267,192482,49275392,256,8000,31.780
2026-07-23T01:46:58.798Z,usb,1,3612849267,192483,49275648,256,8000,31.780
2026-07-23T01:46:58.831Z,usb,1,3612849267,192484,49275904,256,8000,31.780
2026-07-23T01:46:58.862Z,usb,1,3612849267,192485,49276160,256,8000,31.780
2026-07-23T01:46:58.894Z,usb,1,3612849267,192486,49276416,256,8000,31.780
2026-07-23T01:46:58.926Z,usb,1,3612849267,192487,49276672,256,8000,31.780
2026-07-23T01:46:58.958Z,usb,1,3612849267,192488,49276928,256,8000,31.780
2026-07-23T01:46:58.990Z,usb,1,3612849267,192489,49277184,256,8000,31.780
2026-07-23T01:46:59.022Z,usb,1,3612849267,192490,49277440,256,8000,31.780
2026-07-23T01:46:59.054Z,usb,1,3612849267,192491,49277696,256,8000,31.780
2026-07-23T01:46:59.086Z,usb,1,3612849267,192492,49277952,256,8000,31.780
2026-07-23T01:46:59.118Z,usb,1,3612849267,192493,49278208,256,8000,31.780
2026-07-23T01:46:59.150Z,usb,1,3612849267,192494,49278464,256,8000,31.780
2026-07-23T01:46:59.182Z,usb,1,3612849267,192495,49278720,256,8000,31.780
2026-07-23T01:46:59.214Z,usb,1,3612849267,192496,49278976,256,8000,31.780
2026-07-23T01:46:59.246Z,usb,1,3612849267,192497,49279232,256,8000,31.780
2026-07-23T01:46:59.278Z,usb,1,3612849267,192498,49279488,256,8000,31.780
2026-07-23T01:46:59.310Z,usb,1,3612849267,192499,49279744,256,8000,31.780
2026-07-23T01:46:59.343Z,usb,1,3612849267,192500,49280000,256,8000,31.780
2026-07-23T01:46:59.374Z,usb,1,3612849267,192501,49280256,256,8000,31.780
2026-07-23T01:46:59.406Z,usb,1,3612849267,192502,49280512,256,8000,31.780
2026-07-23T01:46:59.438Z,usb,1,3612849267,192503,49280768,256,8000,31.780
2026-07-23T01:46:59.470Z,usb,1,3612849267,192504,49281024,256,8000,31.780
2026-07-23T01:46:59.502Z,usb,1,3612849267,192505,49281280,256,8000,31.780
2026-07-23T01:46:59.534Z,usb,1,3612849267,192506,49281536,256,8000,31.780
2026-07-23T01:46:59.566Z,usb,1,3612849267,192507,49281792,256,8000,31.780
2026-07-23T01:46:59.598Z,usb,1,3612849267,192508,49282048,256,8000,31.780
2026-07-23T01:46:59.630Z,usb,1,3612849267,192509,49282304,256,8000,31.780
2026-07-23T01:46:59.662Z,usb,1,3612849267,192510,49282560,256,8000,31.780
2026-07-23T01:46:59.694Z,usb,1,3612849267,192511,49282816,256,8000,31.780
2026-07-23T01:46:59.727Z,usb,1,3612849267,192512,49283072,256,8000,31.780
2026-07-23T01:46:59.758Z,usb,1,3612849267,192513,49283328,256,8000,31.780
2026-07-23T01:46:59.790Z,usb,1,3612849267,192514,49283584,256,8000,31.780
2026-07-23T01:46:59.822Z,usb,1,3612849267,192515,49283840,256,8000,31.780
2026-07-23T01:46:59.855Z,usb,1,3612849267,192516,49284096,256,8000,31.780
2026-07-23T01:46:59.886Z,usb,1,3612849267,192517,49284352,256,8000,31.780
2026-07-23T01:46:59.918Z,usb,1,3612849267,192518,49284608,256,8000,31.780
2026-07-23T01:46:59.950Z,usb,1,3612849267,192519,49284864,256,8000,31.780
2026-07-23T01:46:59.982Z,usb,1,3612849267,192520,49285120,256,8000,31.780
2026-07-23T01:47:00.014Z,usb,1,3612849267,192521,49285376,256,8000,31.780
2026-07-23T01:47:00.046Z,usb,1,3612849267,192522,49285632,256,8000,31.780
2026-07-23T01:47:00.078Z,usb,1,3612849267,192523,49285888,256,8000,31.780
2026-07-23T01:47:00.110Z,usb,1,3612849267,192524,49286144,256,8000,31.780
2026-07-23T01:47:00.143Z,usb,1,3612849267,192525,49286400,256,8000,31.780
2026-07-23T01:47:00.174Z,usb,1,3612849267,192526,49286656,256,8000,31.780
2026-07-23T01:47:00.206Z,usb,1,3612849267,192527,49286912,256,8000,31.780
2026-07-23T01:47:00.239Z,usb,1,3612849267,192528,49287168,256,8000,31.780
2026-07-23T01:47:00.270Z,usb,1,3612849267,192529,49287424,256,8000,31.780
2026-07-23T01:47:00.302Z,usb,1,3612849267,192530,49287680,256,8000,31.780
2026-07-23T01:47:00.334Z,usb,1,3612849267,192531,49287936,256,8000,31.780
2026-07-23T01:47:00.366Z,usb,1,3612849267,192532,49288192,256,8000,31.780
2026-07-23T01:47:00.398Z,usb,1,3612849267,192533,49288448,256,8000,31.780
2026-07-23T01:47:00.430Z,usb,1,3612849267,192534,49288704,256,8000,31.780
2026-07-23T01:47:00.462Z,usb,1,3612849267,192535,49288960,256,8000,31.780
2026-07-23T01:47:00.494Z,usb,1,3612849267,192536,49289216,256,8000,31.780
2026-07-23T01:47:00.526Z,usb,1,3612849267,192537,49289472,256,8000,31.780
2026-07-23T01:47:00.558Z,usb,1,3612849267,192538,49289728,256,8000,31.780
2026-07-23T01:47:00.591Z,usb,1,3612849267,192539,49289984,256,8000,31.780
2026-07-23T01:47:00.623Z,usb,1,3612849267,192540,49290240,256,8000,31.780
2026-07-23T01:47:00.654Z,usb,1,3612849267,192541,49290496,256,8000,31.780
2026-07-23T01:47:00.686Z,usb,1,3612849267,192542,49290752,256,8000,31.780
2026-07-23T01:47:00.718Z,usb,1,3612849267,192543,49291008,256,8000,31.780
2026-07-23T01:47:00.750Z,usb,1,3612849267,192544,49291264,256,8000,31.780
2026-07-23T01:47:00.782Z,usb,1,3612849267,192545,49291520,256,8000,31.780
2026-07-23T01:47:00.814Z,usb,1,3612849267,192546,49291776,256,8000,31.780
2026-07-23T01:47:00.846Z,usb,1,3612849267,192547,49292032,256,8000,31.780
2026-07-23T01:47:00.879Z,usb,1,3612849267,192548,49292288,256,8000,31.780
2026-07-23T01:47:00.910Z,usb,1,3612849267,192549,49292544,256,8000,31.780
2026-07-23T01:47:00.942Z,usb,1,3612849267,192550,49292800,256,8000,31.780
2026-07-23T01:47:00.974Z,usb,1,3612849267,192551,49293056,256,8000,31.780
2026-07-23T01:47:01.006Z,usb,1,3612849267,192552,49293312,256,8000,31.780
2026-07-23T01:47:01.038Z,usb,1,3612849267,192553,49293568,256,8000,31.780
2026-07-23T01:47:01.070Z,usb,1,3612849267,192554,49293824,256,8000,31.780
2026-07-23T01:47:01.103Z,usb,1,3612849267,192555,49294080,256,8000,31.780
2026-07-23T01:47:01.134Z,usb,1,3612849267,192556,49294336,256,8000,31.780
2026-07-23T01:47:01.166Z,usb,1,3612849267,192557,49294592,256,8000,31.780
2026-07-23T01:47:01.199Z,usb,1,3612849267,192558,49294848,256,8000,31.780
2026-07-23T01:47:01.230Z,usb,1,3612849267,192559,49295104,256,8000,31.780
2026-07-23T01:47:01.262Z,usb,1,3612849267,192560,49295360,256,8000,31.780
2026-07-23T01:47:01.294Z,usb,1,3612849267,192561,49295616,256,8000,31.780
2026-07-23T01:47:01.326Z,usb,1,3612849267,192562,49295872,256,8000,31.780
2026-07-23T01:47:01.358Z,usb,1,3612849267,192563,49296128,256,8000,31.780
2026-07-23T01:47:01.390Z,usb,1,3612849267,192564,49296384,256,8000,31.780
2026-07-23T01:47:01.422Z,usb,1,3612849267,192565,49296640,256,8000,31.780
2026-07-23T01:47:01.454Z,usb,1,3612849267,192566,49296896,256,8000,31.780
2026-07-23T01:47:01.486Z,usb,1,3612849267,192567,49297152,256,8000,31.780
2026-07-23T01:47:01.518Z,usb,1,3612849267,192568,49297408,256,8000,31.780
2026-07-23T01:47:01.550Z,usb,1,3612849267,192569,49297664,256,8000,31.780
2026-07-23T01:47:01.582Z,usb,1,3612849267,192570,49297920,256,8000,31.780
2026-07-23T01:47:01.615Z,usb,1,3612849267,192571,49298176,256,8000,31.780
2026-07-23T01:47:01.646Z,usb,1,3612849267,192572,49298432,256,8000,31.780
2026-07-23T01:47:01.678Z,usb,1,3612849267,192573,49298688,256,8000,31.780
2026-07-23T01:47:01.710Z,usb,1,3612849267,192574,49298944,256,8000,31.780
2026-07-23T01:47:01.742Z,usb,1,3612849267,192575,49299200,256,8000,31.780
2026-07-23T01:47:01.774Z,usb,1,3612849267,192576,49299456,256,8000,31.780
2026-07-23T01:47:01.806Z,usb,1,3612849267,192577,49299712,256,8000,31.780
2026-07-23T01:47:01.838Z,usb,1,3612849267,192578,49299968,256,8000,31.780
2026-07-23T01:47:01.870Z,usb,1,3612849267,192579,49300224,256,8000,31.780
2026-07-23T01:47:01.903Z,usb,1,3612849267,192580,49300480,256,8000,31.790
2026-07-23T01:47:01.934Z,usb,1,3612849267,192581,49300736,256,8000,31.790
2026-07-23T01:47:01.966Z,usb,1,3612849267,192582,49300992,256,8000,31.790
2026-07-23T01:47:01.998Z,usb,1,3612849267,192583,49301248,256,8000,31.790
2026-07-23T01:47:02.030Z,usb,1,3612849267,192584,49301504,256,8000,31.790
2026-07-23T01:47:02.062Z,usb,1,3612849267,192585,49301760,256,8000,31.790
2026-07-23T01:47:02.095Z,usb,1,3612849267,192586,49302016,256,8000,31.790
2026-07-23T01:47:02.127Z,usb,1,3612849267,192587,49302272,256,8000,31.790
2026-07-23T01:47:02.158Z,usb,1,3612849267,192588,49302528,256,8000,31.790
2026-07-23T01:47:02.190Z,usb,1,3612849267,192589,49302784,256,8000,31.790
2026-07-23T01:47:02.222Z,usb,1,3612849267,192590,49303040,256,8000,31.790
2026-07-23T01:47:02.254Z,usb,1,3612849267,192591,49303296,256,8000,31.790
2026-07-23T01:47:02.286Z,usb,1,3612849267,192592,49303552,256,8000,31.790
2026-07-23T01:47:02.318Z,usb,1,3612849267,192593,49303808,256,8000,31.790
2026-07-23T01:47:02.350Z,usb,1,3612849267,192594,49304064,256,8000,31.790
2026-07-23T01:47:02.382Z,usb,1,3612849267,192595,49304320,256,8000,31.790
2026-07-23T01:47:02.414Z,usb,1,3612849267,192596,49304576,256,8000,31.790
2026-07-23T01:47:02.446Z,usb,1,3612849267,192597,49304832,256,8000,31.790
2026-07-23T01:47:02.478Z,usb,1,3612849267,192598,49305088,256,8000,31.790
2026-07-23T01:47:02.510Z,usb,1,3612849267,192599,49305344,256,8000,31.790
2026-07-23T01:47:02.542Z,usb,1,3612849267,192600,49305600,256,8000,31.790
2026-07-23T01:47:02.574Z,usb,1,3612849267,192601,49305856,256,8000,31.790
2026-07-23T01:47:02.607Z,usb,1,3612849267,192602,49306112,256,8000,31.790
2026-07-23T01:47:02.638Z,usb,1,3612849267,192603,49306368,256,8000,31.790
2026-07-23T01:47:02.670Z,usb,1,3612849267,192604,49306624,256,8000,31.790
2026-07-23T01:47:02.702Z,usb,1,3612849267,192605,49306880,256,8000,31.790
2026-07-23T01:47:02.734Z,usb,1,3612849267,192606,49307136,256,8000,31.790
2026-07-23T01:47:02.766Z,usb,1,3612849267,192607,49307392,256,8000,31.790
2026-07-23T01:47:02.798Z,usb,1,3612849267,192608,49307648,256,8000,31.790
2026-07-23T01:47:02.830Z,usb,1,3612849267,192609,49307904,256,8000,31.790
2026-07-23T01:47:02.862Z,usb,1,3612849267,192610,49308160,256,8000,31.790
2026-07-23T01:47:02.894Z,usb,1,3612849267,192611,49308416,256,8000,31.790
2026-07-23T01:47:02.927Z,usb,1,3612849267,192612,49308672,256,8000,31.790
2026-07-23T01:47:02.959Z,usb,1,3612849267,192613,49308928,256,8000,31.790
2026-07-23T01:47:02.990Z,usb,1,3612849267,192614,49309184,256,8000,31.790
2026-07-23T01:47:03.022Z,usb,1,3612849267,192615,49309440,256,8000,31.790
2026-07-23T01:47:03.054Z,usb,1,3612849267,192616,49309696,256,8000,31.790
2026-07-23T01:47:03.086Z,usb,1,3612849267,192617,49309952,256,8000,31.790
2026-07-23T01:47:03.118Z,usb,1,3612849267,192618,49310208,256,8000,31.790
2026-07-23T01:47:03.150Z,usb,1,3612849267,192619,49310464,256,8000,31.790
2026-07-23T01:47:03.182Z,usb,1,3612849267,192620,49310720,256,8000,31.790
2026-07-23T01:47:03.214Z,usb,1,3612849267,192621,49310976,256,8000,31.790
2026-07-23T01:47:03.247Z,usb,1,3612849267,192622,49311232,256,8000,31.790
2026-07-23T01:47:03.278Z,usb,1,3612849267,192623,49311488,256,8000,31.790
2026-07-23T01:47:03.310Z,usb,1,3612849267,192624,49311744,256,8000,31.790
2026-07-23T01:47:03.343Z,usb,1,3612849267,192625,49312000,256,8000,31.790
2026-07-23T01:47:03.374Z,usb,1,3612849267,192626,49312256,256,8000,31.790
2026-07-23T01:47:03.406Z,usb,1,3612849267,192627,49312512,256,8000,31.790
2026-07-23T01:47:03.439Z,usb,1,3612849267,192628,49312768,256,8000,31.790
2026-07-23T01:47:03.470Z,usb,1,3612849267,192629,49313024,256,8000,31.790
2026-07-23T01:47:03.502Z,usb,1,3612849267,192630,49313280,256,8000,31.790
2026-07-23T01:47:03.534Z,usb,1,3612849267,192631,49313536,256,8000,31.790
2026-07-23T01:47:03.566Z,usb,1,3612849267,192632,49313792,256,8000,31.790
2026-07-23T01:47:03.599Z,usb,1,3612849267,192633,49314048,256,8000,31.790
2026-07-23T01:47:03.630Z,usb,1,3612849267,192634,49314304,256,8000,31.790
2026-07-23T01:47:03.662Z,usb,1,3612849267,192635,49314560,256,8000,31.790
2026-07-23T01:47:03.694Z,usb,1,3612849267,192636,49314816,256,8000,31.790
2026-07-23T01:47:03.726Z,usb,1,3612849267,192637,49315072,256,8000,31.790
2026-07-23T01:47:03.758Z,usb,1,3612849267,192638,49315328,256,8000,31.790
2026-07-23T01:47:03.790Z,usb,1,3612849267,192639,49315584,256,8000,31.790
2026-07-23T01:47:03.822Z,usb,1,3612849267,192640,49315840,256,8000,31.790
2026-07-23T01:47:03.855Z,usb,1,3612849267,192641,49316096,256,8000,31.790
2026-07-23T01:47:03.886Z,usb,1,3612849267,192642,49316352,256,8000,31.790
2026-07-23T01:47:03.918Z,usb,1,3612849267,192643,49316608,256,8000,31.790
2026-07-23T01:47:03.951Z,usb,1,3612849267,192644,49316864,256,8000,31.790
2026-07-23T01:47:03.982Z,usb,1,3612849267,192645,49317120,256,8000,31.790
2026-07-23T01:47:04.014Z,usb,1,3612849267,192646,49317376,256,8000,31.790
2026-07-23T01:47:04.046Z,usb,1,3612849267,192647,49317632,256,8000,31.790
2026-07-23T01:47:04.078Z,usb,1,3612849267,192648,49317888,256,8000,31.790
2026-07-23T01:47:04.111Z,usb,1,3612849267,192649,49318144,256,8000,31.790
2026-07-23T01:47:04.142Z,usb,1,3612849267,192650,49318400,256,8000,31.790
2026-07-23T01:47:04.175Z,usb,1,3612849267,192651,49318656,256,8000,31.790
2026-07-23T01:47:04.206Z,usb,1,3612849267,192652,49318912,256,8000,31.790
2026-07-23T01:47:04.238Z,usb,1,3612849267,192653,49319168,256,8000,31.790
2026-07-23T01:47:04.270Z,usb,1,3612849267,192654,49319424,256,8000,31.790
2026-07-23T01:47:04.302Z,usb,1,3612849267,192655,49319680,256,8000,31.790
2026-07-23T01:47:04.334Z,usb,1,3612849267,192656,49319936,256,8000,31.790
2026-07-23T01:47:04.366Z,usb,1,3612849267,192657,49320192,256,8000,31.790
2026-07-23T01:47:04.398Z,usb,1,3612849267,192658,49320448,256,8000,31.790
2026-07-23T01:47:04.430Z,usb,1,3612849267,192659,49320704,256,8000,31.790
2026-07-23T01:47:04.463Z,usb,1,3612849267,192660,49320960,256,8000,31.790
2026-07-23T01:47:04.494Z,usb,1,3612849267,192661,49321216,256,8000,31.790
2026-07-23T01:47:04.527Z,usb,1,3612849267,192662,49321472,256,8000,31.790
2026-07-23T01:47:04.558Z,usb,1,3612849267,192663,49321728,256,8000,31.790
2026-07-23T01:47:04.590Z,usb,1,3612849267,192664,49321984,256,8000,31.790
2026-07-23T01:47:04.623Z,usb,1,3612849267,192665,49322240,256,8000,31.790
2026-07-23T01:47:04.655Z,usb,1,3612849267,192666,49322496,256,8000,31.790
2026-07-23T01:47:04.687Z,usb,1,3612849267,192667,49322752,256,8000,31.790
2026-07-23T01:47:04.718Z,usb,1,3612849267,192668,49323008,256,8000,31.790
2026-07-23T01:47:04.750Z,usb,1,3612849267,192669,49323264,256,8000,31.790
2026-07-23T01:47:04.783Z,usb,1,3612849267,192670,49323520,256,8000,31.790
2026-07-23T01:47:04.814Z,usb,1,3612849267,192671,49323776,256,8000,31.790
2026-07-23T01:47:04.846Z,usb,1,3612849267,192672,49324032,256,8000,31.790
2026-07-23T01:47:04.878Z,usb,1,3612849267,192673,49324288,256,8000,31.790
2026-07-23T01:47:04.910Z,usb,1,3612849267,192674,49324544,256,8000,31.790
2026-07-23T01:47:04.942Z,usb,1,3612849267,192675,49324800,256,8000,31.790
2026-07-23T01:47:04.975Z,usb,1,3612849267,192676,49325056,256,8000,31.790
2026-07-23T01:47:05.006Z,usb,1,3612849267,192677,49325312,256,8000,31.790
2026-07-23T01:47:05.038Z,usb,1,3612849267,192678,49325568,256,8000,31.790
2026-07-23T01:47:05.070Z,usb,1,3612849267,192679,49325824,256,8000,31.790
2026-07-23T01:47:05.103Z,usb,1,3612849267,192680,49326080,256,8000,31.790
2026-07-23T01:47:05.134Z,usb,1,3612849267,192681,49326336,256,8000,31.790
2026-07-23T01:47:05.167Z,usb,1,3612849267,192682,49326592,256,8000,31.790
2026-07-23T01:47:05.198Z,usb,1,3612849267,192683,49326848,256,8000,31.790
2026-07-23T01:47:05.230Z,usb,1,3612849267,192684,49327104,256,8000,31.790
2026-07-23T01:47:05.263Z,usb,1,3612849267,192685,49327360,256,8000,31.790
2026-07-23T01:47:05.294Z,usb,1,3612849267,192686,49327616,256,8000,31.790
2026-07-23T01:47:05.326Z,usb,1,3612849267,192687,49327872,256,8000,31.790
2026-07-23T01:47:05.358Z,usb,1,3612849267,192688,49328128,256,8000,31.790
2026-07-23T01:47:05.390Z,usb,1,3612849267,192689,49328384,256,8000,31.790
2026-07-23T01:47:05.422Z,usb,1,3612849267,192690,49328640,256,8000,31.790
2026-07-23T01:47:05.454Z,usb,1,3612849267,192691,49328896,256,8000,31.790
2026-07-23T01:47:05.486Z,usb,1,3612849267,192692,49329152,256,8000,31.790
2026-07-23T01:47:05.518Z,usb,1,3612849267,192693,49329408,256,8000,31.790
2026-07-23T01:47:05.550Z,usb,1,3612849267,192694,49329664,256,8000,31.790
2026-07-23T01:47:05.582Z,usb,1,3612849267,192695,49329920,256,8000,31.790
2026-07-23T01:47:05.614Z,usb,1,3612849267,192696,49330176,256,8000,31.790
2026-07-23T01:47:05.646Z,usb,1,3612849267,192697,49330432,256,8000,31.790
2026-07-23T01:47:05.679Z,usb,1,3612849267,192698,49330688,256,8000,31.790
2026-07-23T01:47:05.710Z,usb,1,3612849267,192699,49330944,256,8000,31.790
2026-07-23T01:47:05.742Z,usb,1,3612849267,192700,49331200,256,8000,31.790
2026-07-23T01:47:05.774Z,usb,1,3612849267,192701,49331456,256,8000,31.790
2026-07-23T01:47:05.806Z,usb,1,3612849267,192702,49331712,256,8000,31.790
2026-07-23T01:47:05.838Z,usb,1,3612849267,192703,49331968,256,8000,31.790
2026-07-23T01:47:05.870Z,usb,1,3612849267,192704,49332224,256,8000,31.790
2026-07-23T01:47:05.902Z,usb,1,3612849267,192705,49332480,256,8000,31.790
2026-07-23T01:47:05.934Z,usb,1,3612849267,192706,49332736,256,8000,31.790
2026-07-23T01:47:05.966Z,usb,1,3612849267,192707,49332992,256,8000,31.790
2026-07-23T01:47:05.999Z,usb,1,3612849267,192708,49333248,256,8000,31.780
2026-07-23T01:47:06.030Z,usb,1,3612849267,192709,49333504,256,8000,31.780
2026-07-23T01:47:06.062Z,usb,1,3612849267,192710,49333760,256,8000,31.780
2026-07-23T01:47:06.094Z,usb,1,3612849267,192711,49334016,256,8000,31.780
2026-07-23T01:47:06.126Z,usb,1,3612849267,192712,49334272,256,8000,31.780
2026-07-23T01:47:06.158Z,usb,1,3612849267,192713,49334528,256,8000,31.780
2026-07-23T01:47:06.190Z,usb,1,3612849267,192714,49334784,256,8000,31.780
2026-07-23T01:47:06.222Z,usb,1,3612849267,192715,49335040,256,8000,31.780
2026-07-23T01:47:06.254Z,usb,1,3612849267,192716,49335296,256,8000,31.780
2026-07-23T01:47:06.286Z,usb,1,3612849267,192717,49335552,256,8000,31.780
2026-07-23T01:47:06.318Z,usb,1,3612849267,192718,49335808,256,8000,31.780
2026-07-23T01:47:06.350Z,usb,1,3612849267,192719,49336064,256,8000,31.780
2026-07-23T01:47:06.382Z,usb,1,3612849267,192720,49336320,256,8000,31.780
2026-07-23T01:47:06.415Z,usb,1,3612849267,192721,49336576,256,8000,31.780
2026-07-23T01:47:06.446Z,usb,1,3612849267,192722,49336832,256,8000,31.780
2026-07-23T01:47:06.478Z,usb,1,3612849267,192723,49337088,256,8000,31.780
2026-07-23T01:47:06.510Z,usb,1,3612849267,192724,49337344,256,8000,31.780
2026-07-23T01:47:06.542Z,usb,1,3612849267,192725,49337600,256,8000,31.780
2026-07-23T01:47:06.574Z,usb,1,3612849267,192726,49337856,256,8000,31.780
2026-07-23T01:47:06.607Z,usb,1,3612849267,192727,49338112,256,8000,31.780
2026-07-23T01:47:06.639Z,usb,1,3612849267,192728,49338368,256,8000,31.780
2026-07-23T01:47:06.670Z,usb,1,3612849267,192729,49338624,256,8000,31.780
2026-07-23T01:47:06.703Z,usb,1,3612849267,192730,49338880,256,8000,31.780
2026-07-23T01:47:06.734Z,usb,1,3612849267,192731,49339136,256,8000,31.780
2026-07-23T01:47:06.766Z,usb,1,3612849267,192732,49339392,256,8000,31.780
2026-07-23T01:47:06.798Z,usb,1,3612849267,192733,49339648,256,8000,31.780
2026-07-23T01:47:06.830Z,usb,1,3612849267,192734,49339904,256,8000,31.780
2026-07-23T01:47:06.863Z,usb,1,3612849267,192735,49340160,256,8000,31.780
2026-07-23T01:47:06.895Z,usb,1,3612849267,192736,49340416,256,8000,31.780
2026-07-23T01:47:06.927Z,usb,1,3612849267,192737,49340672,256,8000,31.780
2026-07-23T01:47:06.959Z,usb,1,3612849267,192738,49340928,256,8000,31.780
2026-07-23T01:47:06.990Z,usb,1,3612849267,192739,49341184,256,8000,31.780
2026-07-23T01:47:07.023Z,usb,1,3612849267,192740,49341440,256,8000,31.790
2026-07-23T01:47:07.054Z,usb,1,3612849267,192741,49341696,256,8000,31.790
2026-07-23T01:47:07.086Z,usb,1,3612849267,192742,49341952,256,8000,31.790
2026-07-23T01:47:07.119Z,usb,1,3612849267,192743,49342208,256,8000,31.790
2026-07-23T01:47:07.150Z,usb,1,3612849267,192744,49342464,256,8000,31.790
2026-07-23T01:47:07.183Z,usb,1,3612849267,192745,49342720,256,8000,31.790
2026-07-23T01:47:07.215Z,usb,1,3612849267,192746,49342976,256,8000,31.790
2026-07-23T01:47:07.246Z,usb,1,3612849267,192747,49343232,256,8000,31.790
2026-07-23T01:47:07.278Z,usb,1,3612849267,192748,49343488,256,8000,31.790
2026-07-23T01:47:07.310Z,usb,1,3612849267,192749,49343744,256,8000,31.790
2026-07-23T01:47:07.342Z,usb,1,3612849267,192750,49344000,256,8000,31.790
2026-07-23T01:47:07.374Z,usb,1,3612849267,192751,49344256,256,8000,31.790
2026-07-23T01:47:07.406Z,usb,1,3612849267,192752,49344512,256,8000,31.790
2026-07-23T01:47:07.438Z,usb,1,3612849267,192753,49344768,256,8000,31.790
2026-07-23T01:47:07.470Z,usb,1,3612849267,192754,49345024,256,8000,31.790
2026-07-23T01:47:07.503Z,usb,1,3612849267,192755,49345280,256,8000,31.790
2026-07-23T01:47:07.534Z,usb,1,3612849267,192756,49345536,256,8000,31.790
2026-07-23T01:47:07.566Z,usb,1,3612849267,192757,49345792,256,8000,31.790
2026-07-23T01:47:07.599Z,usb,1,3612849267,192758,49346048,256,8000,31.790
2026-07-23T01:47:07.630Z,usb,1,3612849267,192759,49346304,256,8000,31.790
2026-07-23T01:47:07.662Z,usb,1,3612849267,192760,49346560,256,8000,31.790
2026-07-23T01:47:07.694Z,usb,1,3612849267,192761,49346816,256,8000,31.790
2026-07-23T01:47:07.726Z,usb,1,3612849267,192762,49347072,256,8000,31.790
2026-07-23T01:47:07.758Z,usb,1,3612849267,192763,49347328,256,8000,31.790
2026-07-23T01:47:07.790Z,usb,1,3612849267,192764,49347584,256,8000,31.790
2026-07-23T01:47:07.822Z,usb,1,3612849267,192765,49347840,256,8000,31.790
2026-07-23T01:47:07.854Z,usb,1,3612849267,192766,49348096,256,8000,31.790
2026-07-23T01:47:07.886Z,usb,1,3612849267,192767,49348352,256,8000,31.790
2026-07-23T01:47:07.918Z,usb,1,3612849267,192768,49348608,256,8000,31.790
2026-07-23T01:47:07.950Z,usb,1,3612849267,192769,49348864,256,8000,31.790
2026-07-23T01:47:07.982Z,usb,1,3612849267,192770,49349120,256,8000,31.790
2026-07-23T01:47:08.014Z,usb,1,3612849267,192771,49349376,256,8000,31.790
2026-07-23T01:47:08.047Z,usb,1,3612849267,192772,49349632,256,8000,31.780
2026-07-23T01:47:08.078Z,usb,1,3612849267,192773,49349888,256,8000,31.780
2026-07-23T01:47:08.111Z,usb,1,3612849267,192774,49350144,256,8000,31.780
2026-07-23T01:47:08.142Z,usb,1,3612849267,192775,49350400,256,8000,31.780
2026-07-23T01:47:08.174Z,usb,1,3612849267,192776,49350656,256,8000,31.780
2026-07-23T01:47:08.206Z,usb,1,3612849267,192777,49350912,256,8000,31.780
2026-07-23T01:47:08.238Z,usb,1,3612849267,192778,49351168,256,8000,31.780
2026-07-23T01:47:08.270Z,usb,1,3612849267,192779,49351424,256,8000,31.780
2026-07-23T01:47:08.302Z,usb,1,3612849267,192780,49351680,256,8000,31.780
2026-07-23T01:47:08.334Z,usb,1,3612849267,192781,49351936,256,8000,31.780
2026-07-23T01:47:08.366Z,usb,1,3612849267,192782,49352192,256,8000,31.780
2026-07-23T01:47:08.398Z,usb,1,3612849267,192783,49352448,256,8000,31.780
2026-07-23T01:47:08.430Z,usb,1,3612849267,192784,49352704,256,8000,31.780
2026-07-23T01:47:08.462Z,usb,1,3612849267,192785,49352960,256,8000,31.780
2026-07-23T01:47:08.494Z,usb,1,3612849267,192786,49353216,256,8000,31.780
2026-07-23T01:47:08.526Z,usb,1,3612849267,192787,49353472,256,8000,31.780
2026-07-23T01:47:08.558Z,usb,1,3612849267,192788,49353728,256,8000,31.780
2026-07-23T01:47:08.590Z,usb,1,3612849267,192789,49353984,256,8000,31.780
2026-07-23T01:47:08.622Z,usb,1,3612849267,192790,49354240,256,8000,31.780
2026-07-23T01:47:08.654Z,usb,1,3612849267,192791,49354496,256,8000,31.780
2026-07-23T01:47:08.686Z,usb,1,3612849267,192792,49354752,256,8000,31.780
2026-07-23T01:47:08.718Z,usb,1,3612849267,192793,49355008,256,8000,31.780
2026-07-23T01:47:08.750Z,usb,1,3612849267,192794,49355264,256,8000,31.780
2026-07-23T01:47:08.782Z,usb,1,3612849267,192795,49355520,256,8000,31.780
2026-07-23T01:47:08.814Z,usb,1,3612849267,192796,49355776,256,8000,31.780
2026-07-23T01:47:08.846Z,usb,1,3612849267,192797,49356032,256,8000,31.780
2026-07-23T01:47:08.878Z,usb,1,3612849267,192798,49356288,256,8000,31.780
2026-07-23T01:47:08.910Z,usb,1,3612849267,192799,49356544,256,8000,31.780
2026-07-23T01:47:08.942Z,usb,1,3612849267,192800,49356800,256,8000,31.780
2026-07-23T01:47:08.974Z,usb,1,3612849267,192801,49357056,256,8000,31.780
2026-07-23T01:47:09.006Z,usb,1,3612849267,192802,49357312,256,8000,31.780
2026-07-23T01:47:09.039Z,usb,1,3612849267,192803,49357568,256,8000,31.780
2026-07-23T01:47:09.071Z,usb,1,3612849267,192804,49357824,256,8000,31.780
2026-07-23T01:47:09.103Z,usb,1,3612849267,192805,49358080,256,8000,31.780
2026-07-23T01:47:09.135Z,usb,1,3612849267,192806,49358336,256,8000,31.780
2026-07-23T01:47:09.166Z,usb,1,3612849267,192807,49358592,256,8000,31.780
2026-07-23T01:47:09.198Z,usb,1,3612849267,192808,49358848,256,8000,31.780
2026-07-23T01:47:09.230Z,usb,1,3612849267,192809,49359104,256,8000,31.780
2026-07-23T01:47:09.262Z,usb,1,3612849267,192810,49359360,256,8000,31.780
2026-07-23T01:47:09.294Z,usb,1,3612849267,192811,49359616,256,8000,31.780
2026-07-23T01:47:09.326Z,usb,1,3612849267,192812,49359872,256,8000,31.780
2026-07-23T01:47:09.358Z,usb,1,3612849267,192813,49360128,256,8000,31.780
2026-07-23T01:47:09.390Z,usb,1,3612849267,192814,49360384,256,8000,31.780
2026-07-23T01:47:09.422Z,usb,1,3612849267,192815,49360640,256,8000,31.780
2026-07-23T01:47:09.454Z,usb,1,3612849267,192816,49360896,256,8000,31.780
2026-07-23T01:47:09.486Z,usb,1,3612849267,192817,49361152,256,8000,31.780
2026-07-23T01:47:09.518Z,usb,1,3612849267,192818,49361408,256,8000,31.780
2026-07-23T01:47:09.550Z,usb,1,3612849267,192819,49361664,256,8000,31.780
2026-07-23T01:47:09.582Z,usb,1,3612849267,192820,49361920,256,8000,31.780
2026-07-23T01:47:09.615Z,usb,1,3612849267,192821,49362176,256,8000,31.780
2026-07-23T01:47:09.646Z,usb,1,3612849267,192822,49362432,256,8000,31.780
2026-07-23T01:47:09.678Z,usb,1,3612849267,192823,49362688,256,8000,31.780
2026-07-23T01:47:09.710Z,usb,1,3612849267,192824,49362944,256,8000,31.780
2026-07-23T01:47:09.742Z,usb,1,3612849267,192825,49363200,256,8000,31.780
2026-07-23T01:47:09.774Z,usb,1,3612849267,192826,49363456,256,8000,31.780
2026-07-23T01:47:09.806Z,usb,1,3612849267,192827,49363712,256,8000,31.780
2026-07-23T01:47:09.838Z,usb,1,3612849267,192828,49363968,256,8000,31.780
2026-07-23T01:47:09.870Z,usb,1,3612849267,192829,49364224,256,8000,31.780
2026-07-23T01:47:09.902Z,usb,1,3612849267,192830,49364480,256,8000,31.780
2026-07-23T01:47:09.934Z,usb,1,3612849267,192831,49364736,256,8000,31.780
2026-07-23T01:47:09.966Z,usb,1,3612849267,192832,49364992,256,8000,31.780
2026-07-23T01:47:09.998Z,usb,1,3612849267,192833,49365248,256,8000,31.780
2026-07-23T01:47:10.030Z,usb,1,3612849267,192834,49365504,256,8000,31.780
2026-07-23T01:47:10.062Z,usb,1,3612849267,192835,49365760,256,8000,31.780
2026-07-23T01:47:10.095Z,usb,1,3612849267,192836,49366016,256,8000,31.780
2026-07-23T01:47:10.126Z,usb,1,3612849267,192837,49366272,256,8000,31.780
2026-07-23T01:47:10.158Z,usb,1,3612849267,192838,49366528,256,8000,31.780
2026-07-23T01:47:10.190Z,usb,1,3612849267,192839,49366784,256,8000,31.780
2026-07-23T01:47:10.222Z,usb,1,3612849267,192840,49367040,256,8000,31.780
2026-07-23T01:47:10.254Z,usb,1,3612849267,192841,49367296,256,8000,31.780
2026-07-23T01:47:10.287Z,usb,1,3612849267,192842,49367552,256,8000,31.780
2026-07-23T01:47:10.318Z,usb,1,3612849267,192843,49367808,256,8000,31.780
2026-07-23T01:47:10.350Z,usb,1,3612849267,192844,49368064,256,8000,31.780
2026-07-23T01:47:10.382Z,usb,1,3612849267,192845,49368320,256,8000,31.780
