received_at_utc,source_ip,node_id,boot_id,sequence,first_sample_index,sample_count,sample_rate_hz,temperature_c
2026-07-17T23:23:39.871Z,usb,1,3165073039,4091,1047296,256,8000,32.140
2026-07-17T23:23:39.913Z,usb,1,3165073039,4092,1047552,256,8000,32.140
2026-07-17T23:23:39.956Z,usb,1,3165073039,4093,1047808,256,8000,32.140
2026-07-17T23:23:39.998Z,usb,1,3165073039,4094,1048064,256,8000,32.140
2026-07-17T23:23:40.041Z,usb,1,3165073039,4095,1048320,256,8000,32.140
2026-07-17T23:23:40.083Z,usb,1,3165073039,4096,1048576,256,8000,32.140
2026-07-17T23:23:40.126Z,usb,1,3165073039,4097,1048832,256,8000,32.140
2026-07-17T23:23:40.168Z,usb,1,3165073039,4098,1049088,256,8000,32.140
2026-07-17T23:23:40.211Z,usb,1,3165073039,4099,1049344,256,8000,32.140
2026-07-17T23:23:40.253Z,usb,1,3165073039,4100,1049600,256,8000,32.140
2026-07-17T23:23:40.296Z,usb,1,3165073039,4101,1049856,256,8000,32.140
2026-07-17T23:23:40.338Z,usb,1,3165073039,4102,1050112,256,8000,32.140
2026-07-17T23:23:40.381Z,usb,1,3165073039,4103,1050368,256,8000,32.140
2026-07-17T23:23:40.423Z,usb,1,3165073039,4104,1050624,256,8000,32.140
2026-07-17T23:23:40.466Z,usb,1,3165073039,4105,1050880,256,8000,32.140
2026-07-17T23:23:40.508Z,usb,1,3165073039,4106,1051136,256,8000,32.140
2026-07-17T23:23:40.552Z,usb,1,3165073039,4107,1051392,256,8000,32.140
2026-07-17T23:23:40.594Z,usb,1,3165073039,4108,1051648,256,8000,32.140
2026-07-17T23:23:40.637Z,usb,1,3165073039,4109,1051904,256,8000,32.140
2026-07-17T23:23:40.679Z,usb,1,3165073039,4110,1052160,256,8000,32.140
2026-07-17T23:23:40.722Z,usb,1,3165073039,4111,1052416,256,8000,32.140
2026-07-17T23:23:40.764Z,usb,1,3165073039,4112,1052672,256,8000,32.140
2026-07-17T23:23:40.807Z,usb,1,3165073039,4113,1052928,256,8000,32.140
2026-07-17T23:23:40.849Z,usb,1,3165073039,4114,1053184,256,8000,32.140
2026-07-17T23:23:40.892Z,usb,1,3165073039,4115,1053440,256,8000,32.140
2026-07-17T23:23:40.934Z,usb,1,3165073039,4116,1053696,256,8000,32.140
2026-07-17T23:23:40.977Z,usb,1,3165073039,4117,1053952,256,8000,32.140
2026-07-17T23:23:41.019Z,usb,1,3165073039,4118,1054208,256,8000,32.140
2026-07-17T23:23:41.061Z,usb,1,3165073039,4119,1054464,256,8000,32.140
2026-07-17T23:23:41.104Z,usb,1,3165073039,4120,1054720,256,8000,32.140
2026-07-17T23:23:41.147Z,usb,1,3165073039,4121,1054976,256,8000,32.140
2026-07-17T23:23:41.189Z,usb,1,3165073039,4122,1055232,256,8000,32.140
2026-07-17T23:23:41.231Z,usb,1,3165073039,4123,1055488,256,8000,32.140
2026-07-17T23:23:41.274Z,usb,1,3165073039,4124,1055744,256,8000,32.140
2026-07-17T23:23:41.317Z,usb,1,3165073039,4125,1056000,256,8000,32.140
2026-07-17T23:23:41.359Z,usb,1,3165073039,4126,1056256,256,8000,32.140
2026-07-17T23:23:41.402Z,usb,1,3165073039,4127,1056512,256,8000,32.140
2026-07-17T23:23:41.444Z,usb,1,3165073039,4128,1056768,256,8000,32.140
2026-07-17T23:23:41.487Z,usb,1,3165073039,4129,1057024,256,8000,32.140
2026-07-17T23:23:41.529Z,usb,1,3165073039,4130,1057280,256,8000,32.140
2026-07-17T23:23:41.572Z,usb,1,3165073039,4131,1057536,256,8000,32.140
2026-07-17T23:23:41.615Z,usb,1,3165073039,4132,1057792,256,8000,32.140
2026-07-17T23:23:41.657Z,usb,1,3165073039,4133,1058048,256,8000,32.140
2026-07-17T23:23:41.700Z,usb,1,3165073039,4134,1058304,256,8000,32.140
2026-07-17T23:23:41.742Z,usb,1,3165073039,4135,1058560,256,8000,32.140
2026-07-17T23:23:41.785Z,usb,1,3165073039,4136,1058816,256,8000,32.140
2026-07-17T23:23:41.827Z,usb,1,3165073039,4137,1059072,256,8000,32.140
2026-07-17T23:23:41.870Z,usb,1,3165073039,4138,1059328,256,8000,32.140
2026-07-17T23:23:41.912Z,usb,1,3165073039,4139,1059584,256,8000,32.140
2026-07-17T23:23:41.955Z,usb,1,3165073039,4140,1059840,256,8000,32.140
2026-07-17T23:23:41.998Z,usb,1,3165073039,4141,1060096,256,8000,32.140
2026-07-17T23:23:42.040Z,usb,1,3165073039,4142,1060352,256,8000,32.140
2026-07-17T23:23:42.082Z,usb,1,3165073039,4143,1060608,256,8000,32.140
2026-07-17T23:23:42.125Z,usb,1,3165073039,4144,1060864,256,8000,32.140
2026-07-17T23:23:42.167Z,usb,1,3165073039,4145,1061120,256,8000,32.140
2026-07-17T23:23:42.210Z,usb,1,3165073039,4146,1061376,256,8000,32.140
2026-07-17T23:23:42.252Z,usb,1,3165073039,4147,1061632,256,8000,32.140
2026-07-17T23:23:42.295Z,usb,1,3165073039,4148,1061888,256,8000,32.140
2026-07-17T23:23:42.337Z,usb,1,3165073039,4149,1062144,256,8000,32.140
2026-07-17T23:23:42.380Z,usb,1,3165073039,4150,1062400,256,8000,32.140
2026-07-17T23:23:42.422Z,usb,1,3165073039,4151,1062656,256,8000,32.140
2026-07-17T23:23:42.465Z,usb,1,3165073039,4152,1062912,256,8000,32.140
2026-07-17T23:23:42.507Z,usb,1,3165073039,4153,1063168,256,8000,32.140
2026-07-17T23:23:42.550Z,usb,1,3165073039,4154,1063424,256,8000,32.140
2026-07-17T23:23:42.593Z,usb,1,3165073039,4155,1063680,256,8000,32.150
2026-07-17T23:23:42.636Z,usb,1,3165073039,4156,1063936,256,8000,32.150
2026-07-17T23:23:42.678Z,usb,1,3165073039,4157,1064192,256,8000,32.150
2026-07-17T23:23:42.721Z,usb,1,3165073039,4158,1064448,256,8000,32.150
2026-07-17T23:23:42.763Z,usb,1,3165073039,4159,1064704,256,8000,32.150
2026-07-17T23:23:42.806Z,usb,1,3165073039,4160,1064960,256,8000,32.150
2026-07-17T23:23:42.848Z,usb,1,3165073039,4161,1065216,256,8000,32.150
2026-07-17T23:23:42.891Z,usb,1,3165073039,4162,1065472,256,8000,32.150
2026-07-17T23:23:42.933Z,usb,1,3165073039,4163,1065728,256,8000,32.150
2026-07-17T23:23:42.976Z,usb,1,3165073039,4164,1065984,256,8000,32.150
2026-07-17T23:23:43.018Z,usb,1,3165073039,4165,1066240,256,8000,32.150
2026-07-17T23:23:43.061Z,usb,1,3165073039,4166,1066496,256,8000,32.150
2026-07-17T23:23:43.103Z,usb,1,3165073039,4167,1066752,256,8000,32.150
2026-07-17T23:23:43.146Z,usb,1,3165073039,4168,1067008,256,8000,32.150
2026-07-17T23:23:43.188Z,usb,1,3165073039,4169,1067264,256,8000,32.150
2026-07-17T23:23:43.231Z,usb,1,3165073039,4170,1067520,256,8000,32.150
2026-07-17T23:23:43.273Z,usb,1,3165073039,4171,1067776,256,8000,32.150
2026-07-17T23:23:43.316Z,usb,1,3165073039,4172,1068032,256,8000,32.150
2026-07-17T23:23:43.358Z,usb,1,3165073039,4173,1068288,256,8000,32.150
2026-07-17T23:23:43.401Z,usb,1,3165073039,4174,1068544,256,8000,32.150
2026-07-17T23:23:43.443Z,usb,1,3165073039,4175,1068800,256,8000,32.150
2026-07-17T23:23:43.486Z,usb,1,3165073039,4176,1069056,256,8000,32.150
2026-07-17T23:23:43.528Z,usb,1,3165073039,4177,1069312,256,8000,32.150
2026-07-17T23:23:43.571Z,usb,1,3165073039,4178,1069568,256,8000,32.150
2026-07-17T23:23:43.614Z,usb,1,3165073039,4179,1069824,256,8000,32.150
2026-07-17T23:23:43.656Z,usb,1,3165073039,4180,1070080,256,8000,32.150
2026-07-17T23:23:43.699Z,usb,1,3165073039,4181,1070336,256,8000,32.150
2026-07-17T23:23:43.741Z,usb,1,3165073039,4182,1070592,256,8000,32.150
2026-07-17T23:23:43.784Z,usb,1,3165073039,4183,1070848,256,8000,32.150
2026-07-17T23:23:43.826Z,usb,1,3165073039,4184,1071104,256,8000,32.150
2026-07-17T23:23:43.869Z,usb,1,3165073039,4185,1071360,256,8000,32.150
2026-07-17T23:23:43.911Z,usb,1,3165073039,4186,1071616,256,8000,32.150
2026-07-17T23:23:43.954Z,usb,1,3165073039,4187,1071872,256,8000,32.150
2026-07-17T23:23:43.996Z,usb,1,3165073039,4188,1072128,256,8000,32.150
2026-07-17T23:23:44.039Z,usb,1,3165073039,4189,1072384,256,8000,32.150
2026-07-17T23:23:44.081Z,usb,1,3165073039,4190,1072640,256,8000,32.150
2026-07-17T23:23:44.124Z,usb,1,3165073039,4191,1072896,256,8000,32.150
2026-07-17T23:23:44.166Z,usb,1,3165073039,4192,1073152,256,8000,32.150
2026-07-17T23:23:44.209Z,usb,1,3165073039,4193,1073408,256,8000,32.150
2026-07-17T23:23:44.251Z,usb,1,3165073039,4194,1073664,256,8000,32.150
2026-07-17T23:23:44.294Z,usb,1,3165073039,4195,1073920,256,8000,32.150
2026-07-17T23:23:44.337Z,usb,1,3165073039,4196,1074176,256,8000,32.150
2026-07-17T23:23:44.379Z,usb,1,3165073039,4197,1074432,256,8000,32.150
2026-07-17T23:23:44.421Z,usb,1,3165073039,4198,1074688,256,8000,32.150
2026-07-17T23:23:44.464Z,usb,1,3165073039,4199,1074944,256,8000,32.150
2026-07-17T23:23:44.506Z,usb,1,3165073039,4200,1075200,256,8000,32.150
2026-07-17T23:23:44.549Z,usb,1,3165073039,4201,1075456,256,8000,32.150
2026-07-17T23:23:44.591Z,usb,1,3165073039,4202,1075712,256,8000,32.150
2026-07-17T23:23:44.635Z,usb,1,3165073039,4203,1075968,256,8000,32.150
2026-07-17T23:23:44.677Z,usb,1,3165073039,4204,1076224,256,8000,32.150
2026-07-17T23:23:44.720Z,usb,1,3165073039,4205,1076480,256,8000,32.150
2026-07-17T23:23:44.762Z,usb,1,3165073039,4206,1076736,256,8000,32.150
2026-07-17T23:23:44.805Z,usb,1,3165073039,4207,1076992,256,8000,32.150
2026-07-17T23:23:44.847Z,usb,1,3165073039,4208,1077248,256,8000,32.150
2026-07-17T23:23:44.889Z,usb,1,3165073039,4209,1077504,256,8000,32.150
2026-07-17T23:23:44.932Z,usb,1,3165073039,4210,1077760,256,8000,32.150
2026-07-17T23:23:44.975Z,usb,1,3165073039,4211,1078016,256,8000,32.150
2026-07-17T23:23:45.017Z,usb,1,3165073039,4212,1078272,256,8000,32.150
2026-07-17T23:23:45.060Z,usb,1,3165073039,4213,1078528,256,8000,32.150
2026-07-17T23:23:45.102Z,usb,1,3165073039,4214,1078784,256,8000,32.150
2026-07-17T23:23:45.145Z,usb,1,3165073039,4215,1079040,256,8000,32.150
2026-07-17T23:23:45.187Z,usb,1,3165073039,4216,1079296,256,8000,32.150
2026-07-17T23:23:45.230Z,usb,1,3165073039,4217,1079552,256,8000,32.150
2026-07-17T23:23:45.272Z,usb,1,3165073039,4218,1079808,256,8000,32.150
2026-07-17T23:23:45.315Z,usb,1,3165073039,4219,1080064,256,8000,32.150
2026-07-17T23:23:45.357Z,usb,1,3165073039,4220,1080320,256,8000,32.150
2026-07-17T23:23:45.400Z,usb,1,3165073039,4221,1080576,256,8000,32.150
2026-07-17T23:23:45.442Z,usb,1,3165073039,4222,1080832,256,8000,32.150
2026-07-17T23:23:45.485Z,usb,1,3165073039,4223,1081088,256,8000,32.150
2026-07-17T23:23:45.527Z,usb,1,3165073039,4224,1081344,256,8000,32.150
2026-07-17T23:23:45.570Z,usb,1,3165073039,4225,1081600,256,8000,32.150
2026-07-17T23:23:45.612Z,usb,1,3165073039,4226,1081856,256,8000,32.150
2026-07-17T23:23:45.655Z,usb,1,3165073039,4227,1082112,256,8000,32.150
2026-07-17T23:23:45.698Z,usb,1,3165073039,4228,1082368,256,8000,32.150
2026-07-17T23:23:45.740Z,usb,1,3165073039,4229,1082624,256,8000,32.150
2026-07-17T23:23:45.783Z,usb,1,3165073039,4230,1082880,256,8000,32.150
2026-07-17T23:23:45.826Z,usb,1,3165073039,4231,1083136,256,8000,32.150
2026-07-17T23:23:45.868Z,usb,1,3165073039,4232,1083392,256,8000,32.150
2026-07-17T23:23:45.911Z,usb,1,3165073039,4233,1083648,256,8000,32.150
2026-07-17T23:23:45.953Z,usb,1,3165073039,4234,1083904,256,8000,32.150
2026-07-17T23:23:45.996Z,usb,1,3165073039,4235,1084160,256,8000,32.150
2026-07-17T23:23:46.038Z,usb,1,3165073039,4236,1084416,256,8000,32.150
2026-07-17T23:23:46.081Z,usb,1,3165073039,4237,1084672,256,8000,32.150
2026-07-17T23:23:46.123Z,usb,1,3165073039,4238,1084928,256,8000,32.150
2026-07-17T23:23:46.165Z,usb,1,3165073039,4239,1085184,256,8000,32.150
2026-07-17T23:23:46.208Z,usb,1,3165073039,4240,1085440,256,8000,32.150
2026-07-17T23:23:46.250Z,usb,1,3165073039,4241,1085696,256,8000,32.150
2026-07-17T23:23:46.293Z,usb,1,3165073039,4242,1085952,256,8000,32.150
2026-07-17T23:23:46.335Z,usb,1,3165073039,4243,1086208,256,8000,32.150
2026-07-17T23:23:46.378Z,usb,1,3165073039,4244,1086464,256,8000,32.150
2026-07-17T23:23:46.421Z,usb,1,3165073039,4245,1086720,256,8000,32.150
2026-07-17T23:23:46.463Z,usb,1,3165073039,4246,1086976,256,8000,32.150
2026-07-17T23:23:46.505Z,usb,1,3165073039,4247,1087232,256,8000,32.150
2026-07-17T23:23:46.548Z,usb,1,3165073039,4248,1087488,256,8000,32.150
2026-07-17T23:23:46.590Z,usb,1,3165073039,4249,1087744,256,8000,32.150
2026-07-17T23:23:46.633Z,usb,1,3165073039,4250,1088000,256,8000,32.150
2026-07-17T23:23:46.676Z,usb,1,3165073039,4251,1088256,256,8000,32.150
2026-07-17T23:23:46.719Z,usb,1,3165073039,4252,1088512,256,8000,32.150
2026-07-17T23:23:46.761Z,usb,1,3165073039,4253,1088768,256,8000,32.150
2026-07-17T23:23:46.804Z,usb,1,3165073039,4254,1089024,256,8000,32.150
2026-07-17T23:23:46.846Z,usb,1,3165073039,4255,1089280,256,8000,32.150
2026-07-17T23:23:46.889Z,usb,1,3165073039,4256,1089536,256,8000,32.150
2026-07-17T23:23:46.931Z,usb,1,3165073039,4257,1089792,256,8000,32.150
2026-07-17T23:23:46.974Z,usb,1,3165073039,4258,1090048,256,8000,32.150
2026-07-17T23:23:47.016Z,usb,1,3165073039,4259,1090304,256,8000,32.150
2026-07-17T23:23:47.059Z,usb,1,3165073039,4260,1090560,256,8000,32.150
2026-07-17T23:23:47.101Z,usb,1,3165073039,4261,1090816,256,8000,32.150
2026-07-17T23:23:47.144Z,usb,1,3165073039,4262,1091072,256,8000,32.150
2026-07-17T23:23:47.186Z,usb,1,3165073039,4263,1091328,256,8000,32.150
2026-07-17T23:23:47.229Z,usb,1,3165073039,4264,1091584,256,8000,32.150
2026-07-17T23:23:47.271Z,usb,1,3165073039,4265,1091840,256,8000,32.150
2026-07-17T23:23:47.314Z,usb,1,3165073039,4266,1092096,256,8000,32.150
2026-07-17T23:23:47.356Z,usb,1,3165073039,4267,1092352,256,8000,32.150
2026-07-17T23:23:47.399Z,usb,1,3165073039,4268,1092608,256,8000,32.150
2026-07-17T23:23:47.441Z,usb,1,3165073039,4269,1092864,256,8000,32.150
2026-07-17T23:23:47.484Z,usb,1,3165073039,4270,1093120,256,8000,32.150
2026-07-17T23:23:47.526Z,usb,1,3165073039,4271,1093376,256,8000,32.150
2026-07-17T23:23:47.569Z,usb,1,3165073039,4272,1093632,256,8000,32.150
2026-07-17T23:23:47.611Z,usb,1,3165073039,4273,1093888,256,8000,32.150
2026-07-17T23:23:47.654Z,usb,1,3165073039,4274,1094144,256,8000,32.150
2026-07-17T23:23:47.697Z,usb,1,3165073039,4275,1094400,256,8000,32.150
2026-07-17T23:23:47.739Z,usb,1,3165073039,4276,1094656,256,8000,32.150
2026-07-17T23:23:47.782Z,usb,1,3165073039,4277,1094912,256,8000,32.150
2026-07-17T23:23:47.824Z,usb,1,3165073039,4278,1095168,256,8000,32.150
2026-07-17T23:23:47.867Z,usb,1,3165073039,4279,1095424,256,8000,32.150
2026-07-17T23:23:47.909Z,usb,1,3165073039,4280,1095680,256,8000,32.150
2026-07-17T23:23:47.952Z,usb,1,3165073039,4281,1095936,256,8000,32.150
2026-07-17T23:23:47.994Z,usb,1,3165073039,4282,1096192,256,8000,32.150
2026-07-17T23:23:48.037Z,usb,1,3165073039,4283,1096448,256,8000,32.150
2026-07-17T23:23:48.079Z,usb,1,3165073039,4284,1096704,256,8000,32.150
2026-07-17T23:23:48.122Z,usb,1,3165073039,4285,1096960,256,8000,32.150
2026-07-17T23:23:48.164Z,usb,1,3165073039,4286,1097216,256,8000,32.150
2026-07-17T23:23:48.207Z,usb,1,3165073039,4287,1097472,256,8000,32.150
2026-07-17T23:23:48.249Z,usb,1,3165073039,4288,1097728,256,8000,32.150
2026-07-17T23:23:48.292Z,usb,1,3165073039,4289,1097984,256,8000,32.150
2026-07-17T23:23:48.334Z,usb,1,3165073039,4290,1098240,256,8000,32.150
2026-07-17T23:23:48.377Z,usb,1,3165073039,4291,1098496,256,8000,32.150
2026-07-17T23:23:48.419Z,usb,1,3165073039,4292,1098752,256,8000,32.150
2026-07-17T23:23:48.462Z,usb,1,3165073039,4293,1099008,256,8000,32.150
2026-07-17T23:23:48.504Z,usb,1,3165073039,4294,1099264,256,8000,32.150
2026-07-17T23:23:48.547Z,usb,1,3165073039,4295,1099520,256,8000,32.150
2026-07-17T23:23:48.589Z,usb,1,3165073039,4296,1099776,256,8000,32.150
2026-07-17T23:23:48.632Z,usb,1,3165073039,4297,1100032,256,8000,32.150
2026-07-17T23:23:48.674Z,usb,1,3165073039,4298,1100288,256,8000,32.150
2026-07-17T23:23:48.718Z,usb,1,3165073039,4299,1100544,256,8000,32.150
2026-07-17T23:23:48.760Z,usb,1,3165073039,4300,1100800,256,8000,32.150
2026-07-17T23:23:48.803Z,usb,1,3165073039,4301,1101056,256,8000,32.150
2026-07-17T23:23:48.845Z,usb,1,3165073039,4302,1101312,256,8000,32.150
2026-07-17T23:23:48.888Z,usb,1,3165073039,4303,1101568,256,8000,32.150
2026-07-17T23:23:48.930Z,usb,1,3165073039,4304,1101824,256,8000,32.150
2026-07-17T23:23:48.973Z,usb,1,3165073039,4305,1102080,256,8000,32.150
2026-07-17T23:23:49.015Z,usb,1,3165073039,4306,1102336,256,8000,32.150
2026-07-17T23:23:49.058Z,usb,1,3165073039,4307,1102592,256,8000,32.150
2026-07-17T23:23:49.100Z,usb,1,3165073039,4308,1102848,256,8000,32.150
2026-07-17T23:23:49.143Z,usb,1,3165073039,4309,1103104,256,8000,32.150
2026-07-17T23:23:49.185Z,usb,1,3165073039,4310,1103360,256,8000,32.150
2026-07-17T23:23:49.228Z,usb,1,3165073039,4311,1103616,256,8000,32.150
2026-07-17T23:23:49.270Z,usb,1,3165073039,4312,1103872,256,8000,32.150
2026-07-17T23:23:49.313Z,usb,1,3165073039,4313,1104128,256,8000,32.150
2026-07-17T23:23:49.355Z,usb,1,3165073039,4314,1104384,256,8000,32.150
2026-07-17T23:23:49.398Z,usb,1,3165073039,4315,1104640,256,8000,32.150
2026-07-17T23:23:49.440Z,usb,1,3165073039,4316,1104896,256,8000,32.150
2026-07-17T23:23:49.483Z,usb,1,3165073039,4317,1105152,256,8000,32.150
2026-07-17T23:23:49.525Z,usb,1,3165073039,4318,1105408,256,8000,32.150
2026-07-17T23:23:49.568Z,usb,1,3165073039,4319,1105664,256,8000,32.150
2026-07-17T23:23:49.610Z,usb,1,3165073039,4320,1105920,256,8000,32.150
2026-07-17T23:23:49.653Z,usb,1,3165073039,4321,1106176,256,8000,32.150
2026-07-17T23:23:49.695Z,usb,1,3165073039,4322,1106432,256,8000,32.150
2026-07-17T23:23:49.738Z,usb,1,3165073039,4323,1106688,256,8000,32.160
2026-07-17T23:23:49.781Z,usb,1,3165073039,4324,1106944,256,8000,32.160
2026-07-17T23:23:49.823Z,usb,1,3165073039,4325,1107200,256,8000,32.160
2026-07-17T23:23:49.866Z,usb,1,3165073039,4326,1107456,256,8000,32.160
2026-07-17T23:23:49.908Z,usb,1,3165073039,4327,1107712,256,8000,32.160
2026-07-17T23:23:49.951Z,usb,1,3165073039,4328,1107968,256,8000,32.160
2026-07-17T23:23:49.993Z,usb,1,3165073039,4329,1108224,256,8000,32.160
2026-07-17T23:23:50.036Z,usb,1,3165073039,4330,1108480,256,8000,32.160
2026-07-17T23:23:50.078Z,usb,1,3165073039,4331,1108736,256,8000,32.160
2026-07-17T23:23:50.121Z,usb,1,3165073039,4332,1108992,256,8000,32.160
2026-07-17T23:23:50.163Z,usb,1,3165073039,4333,1109248,256,8000,32.160
2026-07-17T23:23:50.206Z,usb,1,3165073039,4334,1109504,256,8000,32.160
2026-07-17T23:23:50.248Z,usb,1,3165073039,4335,1109760,256,8000,32.160
2026-07-17T23:23:50.291Z,usb,1,3165073039,4336,1110016,256,8000,32.160
2026-07-17T23:23:50.333Z,usb,1,3165073039,4337,1110272,256,8000,32.160
2026-07-17T23:23:50.376Z,usb,1,3165073039,4338,1110528,256,8000,32.160
2026-07-17T23:23:50.418Z,usb,1,3165073039,4339,1110784,256,8000,32.160
2026-07-17T23:23:50.461Z,usb,1,3165073039,4340,1111040,256,8000,32.160
2026-07-17T23:23:50.503Z,usb,1,3165073039,4341,1111296,256,8000,32.160
2026-07-17T23:23:50.546Z,usb,1,3165073039,4342,1111552,256,8000,32.160
2026-07-17T23:23:50.588Z,usb,1,3165073039,4343,1111808,256,8000,32.160
2026-07-17T23:23:50.631Z,usb,1,3165073039,4344,1112064,256,8000,32.160
2026-07-17T23:23:50.673Z,usb,1,3165073039,4345,1112320,256,8000,32.160
2026-07-17T23:23:50.716Z,usb,1,3165073039,4346,1112576,256,8000,32.160
2026-07-17T23:23:50.759Z,usb,1,3165073039,4347,1112832,256,8000,32.160
2026-07-17T23:23:50.802Z,usb,1,3165073039,4348,1113088,256,8000,32.160
2026-07-17T23:23:50.844Z,usb,1,3165073039,4349,1113344,256,8000,32.160
2026-07-17T23:23:50.887Z,usb,1,3165073039,4350,1113600,256,8000,32.160
2026-07-17T23:23:50.929Z,usb,1,3165073039,4351,1113856,256,8000,32.160
2026-07-17T23:23:50.972Z,usb,1,3165073039,4352,1114112,256,8000,32.160
2026-07-17T23:23:51.014Z,usb,1,3165073039,4353,1114368,256,8000,32.160
2026-07-17T23:23:51.057Z,usb,1,3165073039,4354,1114624,256,8000,32.160
2026-07-17T23:23:51.099Z,usb,1,3165073039,4355,1114880,256,8000,32.160
2026-07-17T23:23:51.142Z,usb,1,3165073039,4356,1115136,256,8000,32.160
2026-07-17T23:23:51.185Z,usb,1,3165073039,4357,1115392,256,8000,32.160
2026-07-17T23:23:51.227Z,usb,1,3165073039,4358,1115648,256,8000,32.160
2026-07-17T23:23:51.269Z,usb,1,3165073039,4359,1115904,256,8000,32.160
2026-07-17T23:23:51.312Z,usb,1,3165073039,4360,1116160,256,8000,32.160
2026-07-17T23:23:51.354Z,usb,1,3165073039,4361,1116416,256,8000,32.160
2026-07-17T23:23:51.397Z,usb,1,3165073039,4362,1116672,256,8000,32.160
2026-07-17T23:23:51.439Z,usb,1,3165073039,4363,1116928,256,8000,32.160
2026-07-17T23:23:51.482Z,usb,1,3165073039,4364,1117184,256,8000,32.160
2026-07-17T23:23:51.524Z,usb,1,3165073039,4365,1117440,256,8000,32.160
2026-07-17T23:23:51.567Z,usb,1,3165073039,4366,1117696,256,8000,32.160
2026-07-17T23:23:51.609Z,usb,1,3165073039,4367,1117952,256,8000,32.160
2026-07-17T23:23:51.652Z,usb,1,3165073039,4368,1118208,256,8000,32.160
2026-07-17T23:23:51.694Z,usb,1,3165073039,4369,1118464,256,8000,32.160
2026-07-17T23:23:51.737Z,usb,1,3165073039,4370,1118720,256,8000,32.160
2026-07-17T23:23:51.780Z,usb,1,3165073039,4371,1118976,256,8000,32.160
2026-07-17T23:23:51.822Z,usb,1,3165073039,4372,1119232,256,8000,32.160
2026-07-17T23:23:51.865Z,usb,1,3165073039,4373,1119488,256,8000,32.160
2026-07-17T23:23:51.907Z,usb,1,3165073039,4374,1119744,256,8000,32.160
2026-07-17T23:23:51.950Z,usb,1,3165073039,4375,1120000,256,8000,32.160
2026-07-17T23:23:51.992Z,usb,1,3165073039,4376,1120256,256,8000,32.160
2026-07-17T23:23:52.035Z,usb,1,3165073039,4377,1120512,256,8000,32.160
2026-07-17T23:23:52.077Z,usb,1,3165073039,4378,1120768,256,8000,32.160
2026-07-17T23:23:52.120Z,usb,1,3165073039,4379,1121024,256,8000,32.160
2026-07-17T23:23:52.162Z,usb,1,3165073039,4380,1121280,256,8000,32.160
2026-07-17T23:23:52.205Z,usb,1,3165073039,4381,1121536,256,8000,32.160
2026-07-17T23:23:52.247Z,usb,1,3165073039,4382,1121792,256,8000,32.160
2026-07-17T23:23:52.290Z,usb,1,3165073039,4383,1122048,256,8000,32.160
2026-07-17T23:23:52.332Z,usb,1,3165073039,4384,1122304,256,8000,32.160
2026-07-17T23:23:52.375Z,usb,1,3165073039,4385,1122560,256,8000,32.160
2026-07-17T23:23:52.417Z,usb,1,3165073039,4386,1122816,256,8000,32.160
2026-07-17T23:23:52.460Z,usb,1,3165073039,4387,1123072,256,8000,32.160
2026-07-17T23:23:52.502Z,usb,1,3165073039,4388,1123328,256,8000,32.160
2026-07-17T23:23:52.545Z,usb,1,3165073039,4389,1123584,256,8000,32.160
2026-07-17T23:23:52.587Z,usb,1,3165073039,4390,1123840,256,8000,32.160
2026-07-17T23:23:52.630Z,usb,1,3165073039,4391,1124096,256,8000,32.160
2026-07-17T23:23:52.672Z,usb,1,3165073039,4392,1124352,256,8000,32.160
2026-07-17T23:23:52.715Z,usb,1,3165073039,4393,1124608,256,8000,32.160
2026-07-17T23:23:52.757Z,usb,1,3165073039,4394,1124864,256,8000,32.160
2026-07-17T23:23:52.801Z,usb,1,3165073039,4395,1125120,256,8000,32.160
2026-07-17T23:23:52.843Z,usb,1,3165073039,4396,1125376,256,8000,32.160
2026-07-17T23:23:52.886Z,usb,1,3165073039,4397,1125632,256,8000,32.160
2026-07-17T23:23:52.928Z,usb,1,3165073039,4398,1125888,256,8000,32.160
2026-07-17T23:23:52.971Z,usb,1,3165073039,4399,1126144,256,8000,32.160
2026-07-17T23:23:53.013Z,usb,1,3165073039,4400,1126400,256,8000,32.160
2026-07-17T23:23:53.056Z,usb,1,3165073039,4401,1126656,256,8000,32.160
2026-07-17T23:23:53.098Z,usb,1,3165073039,4402,1126912,256,8000,32.160
2026-07-17T23:23:53.141Z,usb,1,3165073039,4403,1127168,256,8000,32.160
2026-07-17T23:23:53.183Z,usb,1,3165073039,4404,1127424,256,8000,32.160
2026-07-17T23:23:53.226Z,usb,1,3165073039,4405,1127680,256,8000,32.160
2026-07-17T23:23:53.268Z,usb,1,3165073039,4406,1127936,256,8000,32.160
2026-07-17T23:23:53.311Z,usb,1,3165073039,4407,1128192,256,8000,32.160
2026-07-17T23:23:53.353Z,usb,1,3165073039,4408,1128448,256,8000,32.160
2026-07-17T23:23:53.396Z,usb,1,3165073039,4409,1128704,256,8000,32.160
2026-07-17T23:23:53.438Z,usb,1,3165073039,4410,1128960,256,8000,32.160
2026-07-17T23:23:53.481Z,usb,1,3165073039,4411,1129216,256,8000,32.160
2026-07-17T23:23:53.523Z,usb,1,3165073039,4412,1129472,256,8000,32.160
2026-07-17T23:23:53.566Z,usb,1,3165073039,4413,1129728,256,8000,32.160
2026-07-17T23:23:53.608Z,usb,1,3165073039,4414,1129984,256,8000,32.160
2026-07-17T23:23:53.651Z,usb,1,3165073039,4415,1130240,256,8000,32.160
2026-07-17T23:23:53.693Z,usb,1,3165073039,4416,1130496,256,8000,32.160
2026-07-17T23:23:53.736Z,usb,1,3165073039,4417,1130752,256,8000,32.160
2026-07-17T23:23:53.778Z,usb,1,3165073039,4418,1131008,256,8000,32.160
2026-07-17T23:23:53.821Z,usb,1,3165073039,4419,1131264,256,8000,32.160
2026-07-17T23:23:53.864Z,usb,1,3165073039,4420,1131520,256,8000,32.160
2026-07-17T23:23:53.906Z,usb,1,3165073039,4421,1131776,256,8000,32.160
2026-07-17T23:23:53.949Z,usb,1,3165073039,4422,1132032,256,8000,32.160
2026-07-17T23:23:53.991Z,usb,1,3165073039,4423,1132288,256,8000,32.160
2026-07-17T23:23:54.034Z,usb,1,3165073039,4424,1132544,256,8000,32.160
2026-07-17T23:23:54.076Z,usb,1,3165073039,4425,1132800,256,8000,32.160
2026-07-17T23:23:54.119Z,usb,1,3165073039,4426,1133056,256,8000,32.160
2026-07-17T23:23:54.161Z,usb,1,3165073039,4427,1133312,256,8000,32.160
2026-07-17T23:23:54.204Z,usb,1,3165073039,4428,1133568,256,8000,32.160
2026-07-17T23:23:54.246Z,usb,1,3165073039,4429,1133824,256,8000,32.160
2026-07-17T23:23:54.289Z,usb,1,3165073039,4430,1134080,256,8000,32.160
2026-07-17T23:23:54.331Z,usb,1,3165073039,4431,1134336,256,8000,32.160
2026-07-17T23:23:54.374Z,usb,1,3165073039,4432,1134592,256,8000,32.160
2026-07-17T23:23:54.416Z,usb,1,3165073039,4433,1134848,256,8000,32.160
2026-07-17T23:23:54.459Z,usb,1,3165073039,4434,1135104,256,8000,32.160
2026-07-17T23:23:54.501Z,usb,1,3165073039,4435,1135360,256,8000,32.160
2026-07-17T23:23:54.544Z,usb,1,3165073039,4436,1135616,256,8000,32.160
2026-07-17T23:23:54.586Z,usb,1,3165073039,4437,1135872,256,8000,32.160
2026-07-17T23:23:54.629Z,usb,1,3165073039,4438,1136128,256,8000,32.160
2026-07-17T23:23:54.671Z,usb,1,3165073039,4439,1136384,256,8000,32.160
2026-07-17T23:23:54.714Z,usb,1,3165073039,4440,1136640,256,8000,32.160
2026-07-17T23:23:54.756Z,usb,1,3165073039,4441,1136896,256,8000,32.160
2026-07-17T23:23:54.799Z,usb,1,3165073039,4442,1137152,256,8000,32.160
2026-07-17T23:23:54.842Z,usb,1,3165073039,4443,1137408,256,8000,32.170
2026-07-17T23:23:54.885Z,usb,1,3165073039,4444,1137664,256,8000,32.170
2026-07-17T23:23:54.927Z,usb,1,3165073039,4445,1137920,256,8000,32.170
2026-07-17T23:23:54.970Z,usb,1,3165073039,4446,1138176,256,8000,32.170
2026-07-17T23:23:55.012Z,usb,1,3165073039,4447,1138432,256,8000,32.170
2026-07-17T23:23:55.055Z,usb,1,3165073039,4448,1138688,256,8000,32.170
2026-07-17T23:23:55.097Z,usb,1,3165073039,4449,1138944,256,8000,32.170
2026-07-17T23:23:55.140Z,usb,1,3165073039,4450,1139200,256,8000,32.170
2026-07-17T23:23:55.182Z,usb,1,3165073039,4451,1139456,256,8000,32.170
2026-07-17T23:23:55.225Z,usb,1,3165073039,4452,1139712,256,8000,32.170
2026-07-17T23:23:55.267Z,usb,1,3165073039,4453,1139968,256,8000,32.170
2026-07-17T23:23:55.309Z,usb,1,3165073039,4454,1140224,256,8000,32.170
2026-07-17T23:23:55.352Z,usb,1,3165073039,4455,1140480,256,8000,32.170
2026-07-17T23:23:55.395Z,usb,1,3165073039,4456,1140736,256,8000,32.170
2026-07-17T23:23:55.437Z,usb,1,3165073039,4457,1140992,256,8000,32.170
2026-07-17T23:23:55.480Z,usb,1,3165073039,4458,1141248,256,8000,32.170
2026-07-17T23:23:55.522Z,usb,1,3165073039,4459,1141504,256,8000,32.170
2026-07-17T23:23:55.565Z,usb,1,3165073039,4460,1141760,256,8000,32.170
2026-07-17T23:23:55.607Z,usb,1,3165073039,4461,1142016,256,8000,32.170
2026-07-17T23:23:55.650Z,usb,1,3165073039,4462,1142272,256,8000,32.170
2026-07-17T23:23:55.692Z,usb,1,3165073039,4463,1142528,256,8000,32.170
2026-07-17T23:23:55.735Z,usb,1,3165073039,4464,1142784,256,8000,32.170
2026-07-17T23:23:55.777Z,usb,1,3165073039,4465,1143040,256,8000,32.170
2026-07-17T23:23:55.820Z,usb,1,3165073039,4466,1143296,256,8000,32.170
2026-07-17T23:23:55.863Z,usb,1,3165073039,4467,1143552,256,8000,32.170
2026-07-17T23:23:55.905Z,usb,1,3165073039,4468,1143808,256,8000,32.170
2026-07-17T23:23:55.948Z,usb,1,3165073039,4469,1144064,256,8000,32.170
2026-07-17T23:23:55.990Z,usb,1,3165073039,4470,1144320,256,8000,32.170
2026-07-17T23:23:56.033Z,usb,1,3165073039,4471,1144576,256,8000,32.170
2026-07-17T23:23:56.075Z,usb,1,3165073039,4472,1144832,256,8000,32.170
2026-07-17T23:23:56.118Z,usb,1,3165073039,4473,1145088,256,8000,32.170
2026-07-17T23:23:56.160Z,usb,1,3165073039,4474,1145344,256,8000,32.170
2026-07-17T23:23:56.203Z,usb,1,3165073039,4475,1145600,256,8000,32.170
2026-07-17T23:23:56.246Z,usb,1,3165073039,4476,1145856,256,8000,32.170
2026-07-17T23:23:56.288Z,usb,1,3165073039,4477,1146112,256,8000,32.170
2026-07-17T23:23:56.330Z,usb,1,3165073039,4478,1146368,256,8000,32.170
2026-07-17T23:23:56.373Z,usb,1,3165073039,4479,1146624,256,8000,32.170
2026-07-17T23:23:56.415Z,usb,1,3165073039,4480,1146880,256,8000,32.170
2026-07-17T23:23:56.458Z,usb,1,3165073039,4481,1147136,256,8000,32.170
2026-07-17T23:23:56.500Z,usb,1,3165073039,4482,1147392,256,8000,32.170
2026-07-17T23:23:56.543Z,usb,1,3165073039,4483,1147648,256,8000,32.170
2026-07-17T23:23:56.585Z,usb,1,3165073039,4484,1147904,256,8000,32.170
2026-07-17T23:23:56.628Z,usb,1,3165073039,4485,1148160,256,8000,32.170
2026-07-17T23:23:56.670Z,usb,1,3165073039,4486,1148416,256,8000,32.170
2026-07-17T23:23:56.713Z,usb,1,3165073039,4487,1148672,256,8000,32.170
2026-07-17T23:23:56.755Z,usb,1,3165073039,4488,1148928,256,8000,32.170
2026-07-17T23:23:56.798Z,usb,1,3165073039,4489,1149184,256,8000,32.170
2026-07-17T23:23:56.840Z,usb,1,3165073039,4490,1149440,256,8000,32.170
2026-07-17T23:23:56.883Z,usb,1,3165073039,4491,1149696,256,8000,32.170
2026-07-17T23:23:56.926Z,usb,1,3165073039,4492,1149952,256,8000,32.170
2026-07-17T23:23:56.969Z,usb,1,3165073039,4493,1150208,256,8000,32.170
2026-07-17T23:23:57.011Z,usb,1,3165073039,4494,1150464,256,8000,32.170
2026-07-17T23:23:57.054Z,usb,1,3165073039,4495,1150720,256,8000,32.170
2026-07-17T23:23:57.096Z,usb,1,3165073039,4496,1150976,256,8000,32.170
2026-07-17T23:23:57.139Z,usb,1,3165073039,4497,1151232,256,8000,32.170
2026-07-17T23:23:57.181Z,usb,1,3165073039,4498,1151488,256,8000,32.170
2026-07-17T23:23:57.224Z,usb,1,3165073039,4499,1151744,256,8000,32.170
2026-07-17T23:23:57.266Z,usb,1,3165073039,4500,1152000,256,8000,32.170
2026-07-17T23:23:57.309Z,usb,1,3165073039,4501,1152256,256,8000,32.170
2026-07-17T23:23:57.351Z,usb,1,3165073039,4502,1152512,256,8000,32.170
2026-07-17T23:23:57.394Z,usb,1,3165073039,4503,1152768,256,8000,32.170
2026-07-17T23:23:57.436Z,usb,1,3165073039,4504,1153024,256,8000,32.170
2026-07-17T23:23:57.479Z,usb,1,3165073039,4505,1153280,256,8000,32.170
2026-07-17T23:23:57.521Z,usb,1,3165073039,4506,1153536,256,8000,32.170
2026-07-17T23:23:57.564Z,usb,1,3165073039,4507,1153792,256,8000,32.170
2026-07-17T23:23:57.606Z,usb,1,3165073039,4508,1154048,256,8000,32.170
2026-07-17T23:23:57.649Z,usb,1,3165073039,4509,1154304,256,8000,32.170
2026-07-17T23:23:57.691Z,usb,1,3165073039,4510,1154560,256,8000,32.170
2026-07-17T23:23:57.734Z,usb,1,3165073039,4511,1154816,256,8000,32.170
2026-07-17T23:23:57.776Z,usb,1,3165073039,4512,1155072,256,8000,32.170
2026-07-17T23:23:57.819Z,usb,1,3165073039,4513,1155328,256,8000,32.170
2026-07-17T23:23:57.861Z,usb,1,3165073039,4514,1155584,256,8000,32.170
2026-07-17T23:23:57.904Z,usb,1,3165073039,4515,1155840,256,8000,32.170
2026-07-17T23:23:57.947Z,usb,1,3165073039,4516,1156096,256,8000,32.170
2026-07-17T23:23:57.989Z,usb,1,3165073039,4517,1156352,256,8000,32.170
2026-07-17T23:23:58.032Z,usb,1,3165073039,4518,1156608,256,8000,32.170
2026-07-17T23:23:58.074Z,usb,1,3165073039,4519,1156864,256,8000,32.170
2026-07-17T23:23:58.117Z,usb,1,3165073039,4520,1157120,256,8000,32.170
2026-07-17T23:23:58.159Z,usb,1,3165073039,4521,1157376,256,8000,32.170
2026-07-17T23:23:58.202Z,usb,1,3165073039,4522,1157632,256,8000,32.170
2026-07-17T23:23:58.245Z,usb,1,3165073039,4523,1157888,256,8000,32.170
2026-07-17T23:23:58.287Z,usb,1,3165073039,4524,1158144,256,8000,32.170
2026-07-17T23:23:58.329Z,usb,1,3165073039,4525,1158400,256,8000,32.170
2026-07-17T23:23:58.372Z,usb,1,3165073039,4526,1158656,256,8000,32.170
2026-07-17T23:23:58.414Z,usb,1,3165073039,4527,1158912,256,8000,32.170
2026-07-17T23:23:58.457Z,usb,1,3165073039,4528,1159168,256,8000,32.170
2026-07-17T23:23:58.499Z,usb,1,3165073039,4529,1159424,256,8000,32.170
2026-07-17T23:23:58.542Z,usb,1,3165073039,4530,1159680,256,8000,32.170
2026-07-17T23:23:58.584Z,usb,1,3165073039,4531,1159936,256,8000,32.170
2026-07-17T23:23:58.627Z,usb,1,3165073039,4532,1160192,256,8000,32.170
2026-07-17T23:23:58.669Z,usb,1,3165073039,4533,1160448,256,8000,32.170
2026-07-17T23:23:58.712Z,usb,1,3165073039,4534,1160704,256,8000,32.170
2026-07-17T23:23:58.754Z,usb,1,3165073039,4535,1160960,256,8000,32.170
2026-07-17T23:23:58.797Z,usb,1,3165073039,4536,1161216,256,8000,32.170
2026-07-17T23:23:58.839Z,usb,1,3165073039,4537,1161472,256,8000,32.170
2026-07-17T23:23:58.882Z,usb,1,3165073039,4538,1161728,256,8000,32.170
2026-07-17T23:23:58.925Z,usb,1,3165073039,4539,1161984,256,8000,32.170
2026-07-17T23:23:58.968Z,usb,1,3165073039,4540,1162240,256,8000,32.170
2026-07-17T23:23:59.010Z,usb,1,3165073039,4541,1162496,256,8000,32.170
2026-07-17T23:23:59.053Z,usb,1,3165073039,4542,1162752,256,8000,32.170
2026-07-17T23:23:59.095Z,usb,1,3165073039,4543,1163008,256,8000,32.170
2026-07-17T23:23:59.138Z,usb,1,3165073039,4544,1163264,256,8000,32.170
2026-07-17T23:23:59.180Z,usb,1,3165073039,4545,1163520,256,8000,32.170
2026-07-17T23:23:59.223Z,usb,1,3165073039,4546,1163776,256,8000,32.170
2026-07-17T23:23:59.265Z,usb,1,3165073039,4547,1164032,256,8000,32.170
2026-07-17T23:23:59.308Z,usb,1,3165073039,4548,1164288,256,8000,32.170
2026-07-17T23:23:59.350Z,usb,1,3165073039,4549,1164544,256,8000,32.170
2026-07-17T23:23:59.393Z,usb,1,3165073039,4550,1164800,256,8000,32.170
2026-07-17T23:23:59.435Z,usb,1,3165073039,4551,1165056,256,8000,32.170
2026-07-17T23:23:59.477Z,usb,1,3165073039,4552,1165312,256,8000,32.170
2026-07-17T23:23:59.520Z,usb,1,3165073039,4553,1165568,256,8000,32.170
2026-07-17T23:23:59.563Z,usb,1,3165073039,4554,1165824,256,8000,32.170
2026-07-17T23:23:59.605Z,usb,1,3165073039,4555,1166080,256,8000,32.170
2026-07-17T23:23:59.648Z,usb,1,3165073039,4556,1166336,256,8000,32.170
2026-07-17T23:23:59.690Z,usb,1,3165073039,4557,1166592,256,8000,32.170
2026-07-17T23:23:59.733Z,usb,1,3165073039,4558,1166848,256,8000,32.170
2026-07-17T23:23:59.775Z,usb,1,3165073039,4559,1167104,256,8000,32.170
2026-07-17T23:23:59.818Z,usb,1,3165073039,4560,1167360,256,8000,32.170
2026-07-17T23:23:59.860Z,usb,1,3165073039,4561,1167616,256,8000,32.170
2026-07-17T23:23:59.903Z,usb,1,3165073039,4562,1167872,256,8000,32.170
2026-07-17T23:23:59.946Z,usb,1,3165073039,4563,1168128,256,8000,32.180
2026-07-17T23:23:59.988Z,usb,1,3165073039,4564,1168384,256,8000,32.180
2026-07-17T23:24:00.031Z,usb,1,3165073039,4565,1168640,256,8000,32.180
2026-07-17T23:24:00.073Z,usb,1,3165073039,4566,1168896,256,8000,32.180
2026-07-17T23:24:00.116Z,usb,1,3165073039,4567,1169152,256,8000,32.180
2026-07-17T23:24:00.158Z,usb,1,3165073039,4568,1169408,256,8000,32.180
2026-07-17T23:24:00.201Z,usb,1,3165073039,4569,1169664,256,8000,32.180
2026-07-17T23:24:00.243Z,usb,1,3165073039,4570,1169920,256,8000,32.180
2026-07-17T23:24:00.286Z,usb,1,3165073039,4571,1170176,256,8000,32.180
2026-07-17T23:24:00.328Z,usb,1,3165073039,4572,1170432,256,8000,32.180
2026-07-17T23:24:00.371Z,usb,1,3165073039,4573,1170688,256,8000,32.180
2026-07-17T23:24:00.413Z,usb,1,3165073039,4574,1170944,256,8000,32.180
2026-07-17T23:24:00.456Z,usb,1,3165073039,4575,1171200,256,8000,32.180
2026-07-17T23:24:00.498Z,usb,1,3165073039,4576,1171456,256,8000,32.180
2026-07-17T23:24:00.541Z,usb,1,3165073039,4577,1171712,256,8000,32.180
2026-07-17T23:24:00.583Z,usb,1,3165073039,4578,1171968,256,8000,32.180
2026-07-17T23:24:00.626Z,usb,1,3165073039,4579,1172224,256,8000,32.180
2026-07-17T23:24:00.668Z,usb,1,3165073039,4580,1172480,256,8000,32.180
2026-07-17T23:24:00.711Z,usb,1,3165073039,4581,1172736,256,8000,32.180
2026-07-17T23:24:00.753Z,usb,1,3165073039,4582,1172992,256,8000,32.180
2026-07-17T23:24:00.796Z,usb,1,3165073039,4583,1173248,256,8000,32.180
2026-07-17T23:24:00.838Z,usb,1,3165073039,4584,1173504,256,8000,32.180
2026-07-17T23:24:00.881Z,usb,1,3165073039,4585,1173760,256,8000,32.180
2026-07-17T23:24:00.923Z,usb,1,3165073039,4586,1174016,256,8000,32.180
2026-07-17T23:24:00.967Z,usb,1,3165073039,4587,1174272,256,8000,32.180
2026-07-17T23:24:01.009Z,usb,1,3165073039,4588,1174528,256,8000,32.180
2026-07-17T23:24:01.052Z,usb,1,3165073039,4589,1174784,256,8000,32.180
2026-07-17T23:24:01.094Z,usb,1,3165073039,4590,1175040,256,8000,32.180
2026-07-17T23:24:01.137Z,usb,1,3165073039,4591,1175296,256,8000,32.180
2026-07-17T23:24:01.179Z,usb,1,3165073039,4592,1175552,256,8000,32.180
2026-07-17T23:24:01.222Z,usb,1,3165073039,4593,1175808,256,8000,32.180
2026-07-17T23:24:01.264Z,usb,1,3165073039,4594,1176064,256,8000,32.180
2026-07-17T23:24:01.307Z,usb,1,3165073039,4595,1176320,256,8000,32.180
2026-07-17T23:24:01.349Z,usb,1,3165073039,4596,1176576,256,8000,32.180
2026-07-17T23:24:01.392Z,usb,1,3165073039,4597,1176832,256,8000,32.180
2026-07-17T23:24:01.434Z,usb,1,3165073039,4598,1177088,256,8000,32.180
2026-07-17T23:24:01.477Z,usb,1,3165073039,4599,1177344,256,8000,32.180
2026-07-17T23:24:01.519Z,usb,1,3165073039,4600,1177600,256,8000,32.180
2026-07-17T23:24:01.562Z,usb,1,3165073039,4601,1177856,256,8000,32.180
2026-07-17T23:24:01.604Z,usb,1,3165073039,4602,1178112,256,8000,32.180
2026-07-17T23:24:01.647Z,usb,1,3165073039,4603,1178368,256,8000,32.180
2026-07-17T23:24:01.689Z,usb,1,3165073039,4604,1178624,256,8000,32.180
2026-07-17T23:24:01.732Z,usb,1,3165073039,4605,1178880,256,8000,32.180
2026-07-17T23:24:01.774Z,usb,1,3165073039,4606,1179136,256,8000,32.180
2026-07-17T23:24:01.817Z,usb,1,3165073039,4607,1179392,256,8000,32.180
2026-07-17T23:24:01.859Z,usb,1,3165073039,4608,1179648,256,8000,32.180
2026-07-17T23:24:01.902Z,usb,1,3165073039,4609,1179904,256,8000,32.180
2026-07-17T23:24:01.944Z,usb,1,3165073039,4610,1180160,256,8000,32.180
2026-07-17T23:24:01.987Z,usb,1,3165073039,4611,1180416,256,8000,32.180
2026-07-17T23:24:02.030Z,usb,1,3165073039,4612,1180672,256,8000,32.180
2026-07-17T23:24:02.072Z,usb,1,3165073039,4613,1180928,256,8000,32.180
2026-07-17T23:24:02.115Z,usb,1,3165073039,4614,1181184,256,8000,32.180
2026-07-17T23:24:02.157Z,usb,1,3165073039,4615,1181440,256,8000,32.180
2026-07-17T23:24:02.200Z,usb,1,3165073039,4616,1181696,256,8000,32.180
2026-07-17T23:24:02.242Z,usb,1,3165073039,4617,1181952,256,8000,32.180
2026-07-17T23:24:02.285Z,usb,1,3165073039,4618,1182208,256,8000,32.180
2026-07-17T23:24:02.328Z,usb,1,3165073039,4619,1182464,256,8000,32.180
2026-07-17T23:24:02.370Z,usb,1,3165073039,4620,1182720,256,8000,32.180
2026-07-17T23:24:02.412Z,usb,1,3165073039,4621,1182976,256,8000,32.180
2026-07-17T23:24:02.455Z,usb,1,3165073039,4622,1183232,256,8000,32.180
2026-07-17T23:24:02.497Z,usb,1,3165073039,4623,1183488,256,8000,32.180
2026-07-17T23:24:02.540Z,usb,1,3165073039,4624,1183744,256,8000,32.180
2026-07-17T23:24:02.582Z,usb,1,3165073039,4625,1184000,256,8000,32.180
2026-07-17T23:24:02.625Z,usb,1,3165073039,4626,1184256,256,8000,32.180
2026-07-17T23:24:02.667Z,usb,1,3165073039,4627,1184512,256,8000,32.180
2026-07-17T23:24:02.710Z,usb,1,3165073039,4628,1184768,256,8000,32.180
2026-07-17T23:24:02.752Z,usb,1,3165073039,4629,1185024,256,8000,32.180
2026-07-17T23:24:02.795Z,usb,1,3165073039,4630,1185280,256,8000,32.180
2026-07-17T23:24:02.838Z,usb,1,3165073039,4631,1185536,256,8000,32.180
2026-07-17T23:24:02.880Z,usb,1,3165073039,4632,1185792,256,8000,32.180
2026-07-17T23:24:02.922Z,usb,1,3165073039,4633,1186048,256,8000,32.180
2026-07-17T23:24:02.965Z,usb,1,3165073039,4634,1186304,256,8000,32.180
2026-07-17T23:24:03.008Z,usb,1,3165073039,4635,1186560,256,8000,32.180
2026-07-17T23:24:03.051Z,usb,1,3165073039,4636,1186816,256,8000,32.180
2026-07-17T23:24:03.093Z,usb,1,3165073039,4637,1187072,256,8000,32.180
2026-07-17T23:24:03.136Z,usb,1,3165073039,4638,1187328,256,8000,32.180
2026-07-17T23:24:03.178Z,usb,1,3165073039,4639,1187584,256,8000,32.180
2026-07-17T23:24:03.221Z,usb,1,3165073039,4640,1187840,256,8000,32.180
2026-07-17T23:24:03.263Z,usb,1,3165073039,4641,1188096,256,8000,32.180
2026-07-17T23:24:03.306Z,usb,1,3165073039,4642,1188352,256,8000,32.180
2026-07-17T23:24:03.348Z,usb,1,3165073039,4643,1188608,256,8000,32.180
2026-07-17T23:24:03.391Z,usb,1,3165073039,4644,1188864,256,8000,32.180
2026-07-17T23:24:03.433Z,usb,1,3165073039,4645,1189120,256,8000,32.180
2026-07-17T23:24:03.476Z,usb,1,3165073039,4646,1189376,256,8000,32.180
2026-07-17T23:24:03.518Z,usb,1,3165073039,4647,1189632,256,8000,32.180
2026-07-17T23:24:03.561Z,usb,1,3165073039,4648,1189888,256,8000,32.180
2026-07-17T23:24:03.603Z,usb,1,3165073039,4649,1190144,256,8000,32.180
2026-07-17T23:24:03.646Z,usb,1,3165073039,4650,1190400,256,8000,32.180
2026-07-17T23:24:03.688Z,usb,1,3165073039,4651,1190656,256,8000,32.180
2026-07-17T23:24:03.731Z,usb,1,3165073039,4652,1190912,256,8000,32.180
2026-07-17T23:24:03.773Z,usb,1,3165073039,4653,1191168,256,8000,32.180
2026-07-17T23:24:03.816Z,usb,1,3165073039,4654,1191424,256,8000,32.180
2026-07-17T23:24:03.858Z,usb,1,3165073039,4655,1191680,256,8000,32.180
2026-07-17T23:24:03.901Z,usb,1,3165073039,4656,1191936,256,8000,32.180
2026-07-17T23:24:03.943Z,usb,1,3165073039,4657,1192192,256,8000,32.180
2026-07-17T23:24:03.986Z,usb,1,3165073039,4658,1192448,256,8000,32.180
2026-07-17T23:24:04.029Z,usb,1,3165073039,4659,1192704,256,8000,32.180
2026-07-17T23:24:04.071Z,usb,1,3165073039,4660,1192960,256,8000,32.180
2026-07-17T23:24:04.114Z,usb,1,3165073039,4661,1193216,256,8000,32.180
2026-07-17T23:24:04.156Z,usb,1,3165073039,4662,1193472,256,8000,32.180
2026-07-17T23:24:04.199Z,usb,1,3165073039,4663,1193728,256,8000,32.180
2026-07-17T23:24:04.241Z,usb,1,3165073039,4664,1193984,256,8000,32.180
2026-07-17T23:24:04.284Z,usb,1,3165073039,4665,1194240,256,8000,32.180
2026-07-17T23:24:04.326Z,usb,1,3165073039,4666,1194496,256,8000,32.180
2026-07-17T23:24:04.369Z,usb,1,3165073039,4667,1194752,256,8000,32.180
2026-07-17T23:24:04.412Z,usb,1,3165073039,4668,1195008,256,8000,32.180
2026-07-17T23:24:04.454Z,usb,1,3165073039,4669,1195264,256,8000,32.180
2026-07-17T23:24:04.496Z,usb,1,3165073039,4670,1195520,256,8000,32.180
2026-07-17T23:24:04.539Z,usb,1,3165073039,4671,1195776,256,8000,32.180
2026-07-17T23:24:04.581Z,usb,1,3165073039,4672,1196032,256,8000,32.180
2026-07-17T23:24:04.624Z,usb,1,3165073039,4673,1196288,256,8000,32.180
2026-07-17T23:24:04.666Z,usb,1,3165073039,4674,1196544,256,8000,32.180
2026-07-17T23:24:04.709Z,usb,1,3165073039,4675,1196800,256,8000,32.180
2026-07-17T23:24:04.751Z,usb,1,3165073039,4676,1197056,256,8000,32.180
2026-07-17T23:24:04.794Z,usb,1,3165073039,4677,1197312,256,8000,32.180
2026-07-17T23:24:04.836Z,usb,1,3165073039,4678,1197568,256,8000,32.180
2026-07-17T23:24:04.879Z,usb,1,3165073039,4679,1197824,256,8000,32.180
2026-07-17T23:24:04.921Z,usb,1,3165073039,4680,1198080,256,8000,32.180
2026-07-17T23:24:04.964Z,usb,1,3165073039,4681,1198336,256,8000,32.180
2026-07-17T23:24:05.006Z,usb,1,3165073039,4682,1198592,256,8000,32.180
2026-07-17T23:24:05.049Z,usb,1,3165073039,4683,1198848,256,8000,32.180
2026-07-17T23:24:05.092Z,usb,1,3165073039,4684,1199104,256,8000,32.180
2026-07-17T23:24:05.135Z,usb,1,3165073039,4685,1199360,256,8000,32.180
2026-07-17T23:24:05.177Z,usb,1,3165073039,4686,1199616,256,8000,32.180
2026-07-17T23:24:05.220Z,usb,1,3165073039,4687,1199872,256,8000,32.180
2026-07-17T23:24:05.262Z,usb,1,3165073039,4688,1200128,256,8000,32.180
2026-07-17T23:24:05.305Z,usb,1,3165073039,4689,1200384,256,8000,32.180
2026-07-17T23:24:05.347Z,usb,1,3165073039,4690,1200640,256,8000,32.180
2026-07-17T23:24:05.390Z,usb,1,3165073039,4691,1200896,256,8000,32.180
2026-07-17T23:24:05.432Z,usb,1,3165073039,4692,1201152,256,8000,32.180
2026-07-17T23:24:05.475Z,usb,1,3165073039,4693,1201408,256,8000,32.180
2026-07-17T23:24:05.517Z,usb,1,3165073039,4694,1201664,256,8000,32.180
2026-07-17T23:24:05.560Z,usb,1,3165073039,4695,1201920,256,8000,32.180
2026-07-17T23:24:05.602Z,usb,1,3165073039,4696,1202176,256,8000,32.180
2026-07-17T23:24:05.645Z,usb,1,3165073039,4697,1202432,256,8000,32.180
2026-07-17T23:24:05.687Z,usb,1,3165073039,4698,1202688,256,8000,32.180
2026-07-17T23:24:05.730Z,usb,1,3165073039,4699,1202944,256,8000,32.180
2026-07-17T23:24:05.772Z,usb,1,3165073039,4700,1203200,256,8000,32.180
2026-07-17T23:24:05.815Z,usb,1,3165073039,4701,1203456,256,8000,32.180
2026-07-17T23:24:05.857Z,usb,1,3165073039,4702,1203712,256,8000,32.180
2026-07-17T23:24:05.900Z,usb,1,3165073039,4703,1203968,256,8000,32.180
2026-07-17T23:24:05.942Z,usb,1,3165073039,4704,1204224,256,8000,32.180
2026-07-17T23:24:05.985Z,usb,1,3165073039,4705,1204480,256,8000,32.180
2026-07-17T23:24:06.027Z,usb,1,3165073039,4706,1204736,256,8000,32.180
2026-07-17T23:24:06.070Z,usb,1,3165073039,4707,1204992,256,8000,32.190
2026-07-17T23:24:06.113Z,usb,1,3165073039,4708,1205248,256,8000,32.190
2026-07-17T23:24:06.155Z,usb,1,3165073039,4709,1205504,256,8000,32.190
2026-07-17T23:24:06.198Z,usb,1,3165073039,4710,1205760,256,8000,32.190
2026-07-17T23:24:06.240Z,usb,1,3165073039,4711,1206016,256,8000,32.190
2026-07-17T23:24:06.283Z,usb,1,3165073039,4712,1206272,256,8000,32.190
2026-07-17T23:24:06.325Z,usb,1,3165073039,4713,1206528,256,8000,32.190
2026-07-17T23:24:06.368Z,usb,1,3165073039,4714,1206784,256,8000,32.190
2026-07-17T23:24:06.410Z,usb,1,3165073039,4715,1207040,256,8000,32.190
2026-07-17T23:24:06.453Z,usb,1,3165073039,4716,1207296,256,8000,32.190
2026-07-17T23:24:06.495Z,usb,1,3165073039,4717,1207552,256,8000,32.190
2026-07-17T23:24:06.538Z,usb,1,3165073039,4718,1207808,256,8000,32.190
2026-07-17T23:24:06.580Z,usb,1,3165073039,4719,1208064,256,8000,32.190
2026-07-17T23:24:06.623Z,usb,1,3165073039,4720,1208320,256,8000,32.190
2026-07-17T23:24:06.665Z,usb,1,3165073039,4721,1208576,256,8000,32.190
2026-07-17T23:24:06.708Z,usb,1,3165073039,4722,1208832,256,8000,32.190
2026-07-17T23:24:06.750Z,usb,1,3165073039,4723,1209088,256,8000,32.190
2026-07-17T23:24:06.793Z,usb,1,3165073039,4724,1209344,256,8000,32.190
2026-07-17T23:24:06.835Z,usb,1,3165073039,4725,1209600,256,8000,32.190
2026-07-17T23:24:06.878Z,usb,1,3165073039,4726,1209856,256,8000,32.190
2026-07-17T23:24:06.920Z,usb,1,3165073039,4727,1210112,256,8000,32.190
2026-07-17T23:24:06.963Z,usb,1,3165073039,4728,1210368,256,8000,32.190
2026-07-17T23:24:07.005Z,usb,1,3165073039,4729,1210624,256,8000,32.190
2026-07-17T23:24:07.048Z,usb,1,3165073039,4730,1210880,256,8000,32.190
2026-07-17T23:24:07.091Z,usb,1,3165073039,4731,1211136,256,8000,32.190
2026-07-17T23:24:07.134Z,usb,1,3165073039,4732,1211392,256,8000,32.190
2026-07-17T23:24:07.176Z,usb,1,3165073039,4733,1211648,256,8000,32.190
2026-07-17T23:24:07.219Z,usb,1,3165073039,4734,1211904,256,8000,32.190
2026-07-17T23:24:07.261Z,usb,1,3165073039,4735,1212160,256,8000,32.190
2026-07-17T23:24:07.304Z,usb,1,3165073039,4736,1212416,256,8000,32.190
2026-07-17T23:24:07.346Z,usb,1,3165073039,4737,1212672,256,8000,32.190
2026-07-17T23:24:07.389Z,usb,1,3165073039,4738,1212928,256,8000,32.190
2026-07-17T23:24:07.431Z,usb,1,3165073039,4739,1213184,256,8000,32.190
2026-07-17T23:24:07.474Z,usb,1,3165073039,4740,1213440,256,8000,32.190
2026-07-17T23:24:07.516Z,usb,1,3165073039,4741,1213696,256,8000,32.190
2026-07-17T23:24:07.558Z,usb,1,3165073039,4742,1213952,256,8000,32.190
2026-07-17T23:24:07.601Z,usb,1,3165073039,4743,1214208,256,8000,32.190
2026-07-17T23:24:07.644Z,usb,1,3165073039,4744,1214464,256,8000,32.190
2026-07-17T23:24:07.686Z,usb,1,3165073039,4745,1214720,256,8000,32.190
2026-07-17T23:24:07.729Z,usb,1,3165073039,4746,1214976,256,8000,32.190
2026-07-17T23:24:07.771Z,usb,1,3165073039,4747,1215232,256,8000,32.190
2026-07-17T23:24:07.814Z,usb,1,3165073039,4748,1215488,256,8000,32.190
2026-07-17T23:24:07.856Z,usb,1,3165073039,4749,1215744,256,8000,32.190
2026-07-17T23:24:07.899Z,usb,1,3165073039,4750,1216000,256,8000,32.190
2026-07-17T23:24:07.941Z,usb,1,3165073039,4751,1216256,256,8000,32.190
2026-07-17T23:24:07.984Z,usb,1,3165073039,4752,1216512,256,8000,32.190
2026-07-17T23:24:08.026Z,usb,1,3165073039,4753,1216768,256,8000,32.190
2026-07-17T23:24:08.069Z,usb,1,3165073039,4754,1217024,256,8000,32.190
2026-07-17T23:24:08.112Z,usb,1,3165073039,4755,1217280,256,8000,32.190
2026-07-17T23:24:08.154Z,usb,1,3165073039,4756,1217536,256,8000,32.190
2026-07-17T23:24:08.197Z,usb,1,3165073039,4757,1217792,256,8000,32.190
2026-07-17T23:24:08.239Z,usb,1,3165073039,4758,1218048,256,8000,32.190
2026-07-17T23:24:08.282Z,usb,1,3165073039,4759,1218304,256,8000,32.190
2026-07-17T23:24:08.324Z,usb,1,3165073039,4760,1218560,256,8000,32.190
2026-07-17T23:24:08.367Z,usb,1,3165073039,4761,1218816,256,8000,32.190
2026-07-17T23:24:08.409Z,usb,1,3165073039,4762,1219072,256,8000,32.190
2026-07-17T23:24:08.452Z,usb,1,3165073039,4763,1219328,256,8000,32.190
2026-07-17T23:24:08.494Z,usb,1,3165073039,4764,1219584,256,8000,32.190
2026-07-17T23:24:08.537Z,usb,1,3165073039,4765,1219840,256,8000,32.190
2026-07-17T23:24:08.579Z,usb,1,3165073039,4766,1220096,256,8000,32.190
2026-07-17T23:24:08.622Z,usb,1,3165073039,4767,1220352,256,8000,32.190
2026-07-17T23:24:08.664Z,usb,1,3165073039,4768,1220608,256,8000,32.190
2026-07-17T23:24:08.707Z,usb,1,3165073039,4769,1220864,256,8000,32.190
2026-07-17T23:24:08.749Z,usb,1,3165073039,4770,1221120,256,8000,32.190
2026-07-17T23:24:08.792Z,usb,1,3165073039,4771,1221376,256,8000,32.190
2026-07-17T23:24:08.834Z,usb,1,3165073039,4772,1221632,256,8000,32.190
2026-07-17T23:24:08.877Z,usb,1,3165073039,4773,1221888,256,8000,32.190
2026-07-17T23:24:08.919Z,usb,1,3165073039,4774,1222144,256,8000,32.190
2026-07-17T23:24:08.962Z,usb,1,3165073039,4775,1222400,256,8000,32.190
2026-07-17T23:24:09.004Z,usb,1,3165073039,4776,1222656,256,8000,32.190
2026-07-17T23:24:09.047Z,usb,1,3165073039,4777,1222912,256,8000,32.190
2026-07-17T23:24:09.089Z,usb,1,3165073039,4778,1223168,256,8000,32.190
2026-07-17T23:24:09.133Z,usb,1,3165073039,4779,1223424,256,8000,32.190
2026-07-17T23:24:09.175Z,usb,1,3165073039,4780,1223680,256,8000,32.190
2026-07-17T23:24:09.218Z,usb,1,3165073039,4781,1223936,256,8000,32.190
2026-07-17T23:24:09.260Z,usb,1,3165073039,4782,1224192,256,8000,32.190
2026-07-17T23:24:09.303Z,usb,1,3165073039,4783,1224448,256,8000,32.190
2026-07-17T23:24:09.345Z,usb,1,3165073039,4784,1224704,256,8000,32.190
2026-07-17T23:24:09.388Z,usb,1,3165073039,4785,1224960,256,8000,32.190
2026-07-17T23:24:09.430Z,usb,1,3165073039,4786,1225216,256,8000,32.190
2026-07-17T23:24:09.473Z,usb,1,3165073039,4787,1225472,256,8000,32.190
2026-07-17T23:24:09.515Z,usb,1,3165073039,4788,1225728,256,8000,32.190
2026-07-17T23:24:09.558Z,usb,1,3165073039,4789,1225984,256,8000,32.190
2026-07-17T23:24:09.600Z,usb,1,3165073039,4790,1226240,256,8000,32.190
2026-07-17T23:24:09.642Z,usb,1,3165073039,4791,1226496,256,8000,32.190
2026-07-17T23:24:09.685Z,usb,1,3165073039,4792,1226752,256,8000,32.190
2026-07-17T23:24:09.727Z,usb,1,3165073039,4793,1227008,256,8000,32.190
2026-07-17T23:24:09.770Z,usb,1,3165073039,4794,1227264,256,8000,32.190
2026-07-17T23:24:09.813Z,usb,1,3165073039,4795,1227520,256,8000,32.190
2026-07-17T23:24:09.855Z,usb,1,3165073039,4796,1227776,256,8000,32.190
2026-07-17T23:24:09.897Z,usb,1,3165073039,4797,1228032,256,8000,32.190
2026-07-17T23:24:09.940Z,usb,1,3165073039,4798,1228288,256,8000,32.190
2026-07-17T23:24:09.983Z,usb,1,3165073039,4799,1228544,256,8000,32.190
2026-07-17T23:24:10.025Z,usb,1,3165073039,4800,1228800,256,8000,32.190
2026-07-17T23:24:10.068Z,usb,1,3165073039,4801,1229056,256,8000,32.190
2026-07-17T23:24:10.110Z,usb,1,3165073039,4802,1229312,256,8000,32.190
2026-07-17T23:24:10.153Z,usb,1,3165073039,4803,1229568,256,8000,32.190
2026-07-17T23:24:10.196Z,usb,1,3165073039,4804,1229824,256,8000,32.190
2026-07-17T23:24:10.238Z,usb,1,3165073039,4805,1230080,256,8000,32.190
2026-07-17T23:24:10.281Z,usb,1,3165073039,4806,1230336,256,8000,32.190
2026-07-17T23:24:10.323Z,usb,1,3165073039,4807,1230592,256,8000,32.190
2026-07-17T23:24:10.366Z,usb,1,3165073039,4808,1230848,256,8000,32.190
2026-07-17T23:24:10.408Z,usb,1,3165073039,4809,1231104,256,8000,32.190
2026-07-17T23:24:10.451Z,usb,1,3165073039,4810,1231360,256,8000,32.190
2026-07-17T23:24:10.493Z,usb,1,3165073039,4811,1231616,256,8000,32.190
2026-07-17T23:24:10.536Z,usb,1,3165073039,4812,1231872,256,8000,32.190
2026-07-17T23:24:10.578Z,usb,1,3165073039,4813,1232128,256,8000,32.190
2026-07-17T23:24:10.621Z,usb,1,3165073039,4814,1232384,256,8000,32.190
2026-07-17T23:24:10.663Z,usb,1,3165073039,4815,1232640,256,8000,32.190
2026-07-17T23:24:10.706Z,usb,1,3165073039,4816,1232896,256,8000,32.190
2026-07-17T23:24:10.748Z,usb,1,3165073039,4817,1233152,256,8000,32.190
2026-07-17T23:24:10.791Z,usb,1,3165073039,4818,1233408,256,8000,32.190
2026-07-17T23:24:10.833Z,usb,1,3165073039,4819,1233664,256,8000,32.190
2026-07-17T23:24:10.876Z,usb,1,3165073039,4820,1233920,256,8000,32.190
2026-07-17T23:24:10.918Z,usb,1,3165073039,4821,1234176,256,8000,32.190
2026-07-17T23:24:10.961Z,usb,1,3165073039,4822,1234432,256,8000,32.190
2026-07-17T23:24:11.003Z,usb,1,3165073039,4823,1234688,256,8000,32.190
2026-07-17T23:24:11.046Z,usb,1,3165073039,4824,1234944,256,8000,32.190
2026-07-17T23:24:11.088Z,usb,1,3165073039,4825,1235200,256,8000,32.190
2026-07-17T23:24:11.131Z,usb,1,3165073039,4826,1235456,256,8000,32.190
2026-07-17T23:24:11.174Z,usb,1,3165073039,4827,1235712,256,8000,32.190
2026-07-17T23:24:11.217Z,usb,1,3165073039,4828,1235968,256,8000,32.190
2026-07-17T23:24:11.259Z,usb,1,3165073039,4829,1236224,256,8000,32.190
2026-07-17T23:24:11.302Z,usb,1,3165073039,4830,1236480,256,8000,32.190
2026-07-17T23:24:11.344Z,usb,1,3165073039,4831,1236736,256,8000,32.190
2026-07-17T23:24:11.387Z,usb,1,3165073039,4832,1236992,256,8000,32.190
2026-07-17T23:24:11.429Z,usb,1,3165073039,4833,1237248,256,8000,32.190
2026-07-17T23:24:11.471Z,usb,1,3165073039,4834,1237504,256,8000,32.190
2026-07-17T23:24:11.514Z,usb,1,3165073039,4835,1237760,256,8000,32.190
2026-07-17T23:24:11.557Z,usb,1,3165073039,4836,1238016,256,8000,32.190
2026-07-17T23:24:11.599Z,usb,1,3165073039,4837,1238272,256,8000,32.190
2026-07-17T23:24:11.641Z,usb,1,3165073039,4838,1238528,256,8000,32.190
2026-07-17T23:24:11.684Z,usb,1,3165073039,4839,1238784,256,8000,32.190
2026-07-17T23:24:11.727Z,usb,1,3165073039,4840,1239040,256,8000,32.190
2026-07-17T23:24:11.769Z,usb,1,3165073039,4841,1239296,256,8000,32.190
2026-07-17T23:24:11.812Z,usb,1,3165073039,4842,1239552,256,8000,32.190
2026-07-17T23:24:11.854Z,usb,1,3165073039,4843,1239808,256,8000,32.190
2026-07-17T23:24:11.897Z,usb,1,3165073039,4844,1240064,256,8000,32.190
2026-07-17T23:24:11.939Z,usb,1,3165073039,4845,1240320,256,8000,32.190
2026-07-17T23:24:11.982Z,usb,1,3165073039,4846,1240576,256,8000,32.190
2026-07-17T23:24:12.024Z,usb,1,3165073039,4847,1240832,256,8000,32.190
2026-07-17T23:24:12.067Z,usb,1,3165073039,4848,1241088,256,8000,32.190
2026-07-17T23:24:12.109Z,usb,1,3165073039,4849,1241344,256,8000,32.190
2026-07-17T23:24:12.152Z,usb,1,3165073039,4850,1241600,256,8000,32.190
2026-07-17T23:24:12.195Z,usb,1,3165073039,4851,1241856,256,8000,32.200
2026-07-17T23:24:12.237Z,usb,1,3165073039,4852,1242112,256,8000,32.200
2026-07-17T23:24:12.280Z,usb,1,3165073039,4853,1242368,256,8000,32.200
2026-07-17T23:24:12.322Z,usb,1,3165073039,4854,1242624,256,8000,32.200
2026-07-17T23:24:12.365Z,usb,1,3165073039,4855,1242880,256,8000,32.200
2026-07-17T23:24:12.407Z,usb,1,3165073039,4856,1243136,256,8000,32.200
2026-07-17T23:24:12.450Z,usb,1,3165073039,4857,1243392,256,8000,32.200
2026-07-17T23:24:12.492Z,usb,1,3165073039,4858,1243648,256,8000,32.200
2026-07-17T23:24:12.535Z,usb,1,3165073039,4859,1243904,256,8000,32.200
2026-07-17T23:24:12.577Z,usb,1,3165073039,4860,1244160,256,8000,32.200
2026-07-17T23:24:12.620Z,usb,1,3165073039,4861,1244416,256,8000,32.200
2026-07-17T23:24:12.662Z,usb,1,3165073039,4862,1244672,256,8000,32.200
2026-07-17T23:24:12.705Z,usb,1,3165073039,4863,1244928,256,8000,32.200
2026-07-17T23:24:12.747Z,usb,1,3165073039,4864,1245184,256,8000,32.200
2026-07-17T23:24:12.790Z,usb,1,3165073039,4865,1245440,256,8000,32.200
2026-07-17T23:24:12.832Z,usb,1,3165073039,4866,1245696,256,8000,32.200
2026-07-17T23:24:12.875Z,usb,1,3165073039,4867,1245952,256,8000,32.200
2026-07-17T23:24:12.917Z,usb,1,3165073039,4868,1246208,256,8000,32.200
2026-07-17T23:24:12.960Z,usb,1,3165073039,4869,1246464,256,8000,32.200
2026-07-17T23:24:13.002Z,usb,1,3165073039,4870,1246720,256,8000,32.200
2026-07-17T23:24:13.045Z,usb,1,3165073039,4871,1246976,256,8000,32.200
2026-07-17T23:24:13.087Z,usb,1,3165073039,4872,1247232,256,8000,32.200
2026-07-17T23:24:13.130Z,usb,1,3165073039,4873,1247488,256,8000,32.200
2026-07-17T23:24:13.172Z,usb,1,3165073039,4874,1247744,256,8000,32.200
2026-07-17T23:24:13.215Z,usb,1,3165073039,4875,1248000,256,8000,32.200
2026-07-17T23:24:13.258Z,usb,1,3165073039,4876,1248256,256,8000,32.200
2026-07-17T23:24:13.301Z,usb,1,3165073039,4877,1248512,256,8000,32.200
2026-07-17T23:24:13.343Z,usb,1,3165073039,4878,1248768,256,8000,32.200
2026-07-17T23:24:13.386Z,usb,1,3165073039,4879,1249024,256,8000,32.200
2026-07-17T23:24:13.428Z,usb,1,3165073039,4880,1249280,256,8000,32.200
2026-07-17T23:24:13.471Z,usb,1,3165073039,4881,1249536,256,8000,32.200
2026-07-17T23:24:13.513Z,usb,1,3165073039,4882,1249792,256,8000,32.200
2026-07-17T23:24:13.556Z,usb,1,3165073039,4883,1250048,256,8000,32.200
2026-07-17T23:24:13.598Z,usb,1,3165073039,4884,1250304,256,8000,32.200
2026-07-17T23:24:13.641Z,usb,1,3165073039,4885,1250560,256,8000,32.200
2026-07-17T23:24:13.683Z,usb,1,3165073039,4886,1250816,256,8000,32.200
2026-07-17T23:24:13.726Z,usb,1,3165073039,4887,1251072,256,8000,32.200
2026-07-17T23:24:13.768Z,usb,1,3165073039,4888,1251328,256,8000,32.200
2026-07-17T23:24:13.811Z,usb,1,3165073039,4889,1251584,256,8000,32.200
2026-07-17T23:24:13.853Z,usb,1,3165073039,4890,1251840,256,8000,32.200
2026-07-17T23:24:13.896Z,usb,1,3165073039,4891,1252096,256,8000,32.200
2026-07-17T23:24:13.938Z,usb,1,3165073039,4892,1252352,256,8000,32.200
2026-07-17T23:24:13.981Z,usb,1,3165073039,4893,1252608,256,8000,32.200
2026-07-17T23:24:14.023Z,usb,1,3165073039,4894,1252864,256,8000,32.200
2026-07-17T23:24:14.066Z,usb,1,3165073039,4895,1253120,256,8000,32.200
2026-07-17T23:24:14.108Z,usb,1,3165073039,4896,1253376,256,8000,32.200
2026-07-17T23:24:14.151Z,usb,1,3165073039,4897,1253632,256,8000,32.200
2026-07-17T23:24:14.193Z,usb,1,3165073039,4898,1253888,256,8000,32.200
2026-07-17T23:24:14.236Z,usb,1,3165073039,4899,1254144,256,8000,32.200
2026-07-17T23:24:14.279Z,usb,1,3165073039,4900,1254400,256,8000,32.200
2026-07-17T23:24:14.322Z,usb,1,3165073039,4901,1254656,256,8000,32.200
2026-07-17T23:24:14.364Z,usb,1,3165073039,4902,1254912,256,8000,32.200
2026-07-17T23:24:14.406Z,usb,1,3165073039,4903,1255168,256,8000,32.200
2026-07-17T23:24:14.449Z,usb,1,3165073039,4904,1255424,256,8000,32.200
2026-07-17T23:24:14.492Z,usb,1,3165073039,4905,1255680,256,8000,32.200
2026-07-17T23:24:14.534Z,usb,1,3165073039,4906,1255936,256,8000,32.200
2026-07-17T23:24:14.576Z,usb,1,3165073039,4907,1256192,256,8000,32.200
2026-07-17T23:24:14.619Z,usb,1,3165073039,4908,1256448,256,8000,32.200
2026-07-17T23:24:14.661Z,usb,1,3165073039,4909,1256704,256,8000,32.200
2026-07-17T23:24:14.704Z,usb,1,3165073039,4910,1256960,256,8000,32.200
2026-07-17T23:24:14.746Z,usb,1,3165073039,4911,1257216,256,8000,32.200
2026-07-17T23:24:14.789Z,usb,1,3165073039,4912,1257472,256,8000,32.200
2026-07-17T23:24:14.831Z,usb,1,3165073039,4913,1257728,256,8000,32.200
2026-07-17T23:24:14.874Z,usb,1,3165073039,4914,1257984,256,8000,32.200
2026-07-17T23:24:14.916Z,usb,1,3165073039,4915,1258240,256,8000,32.200
2026-07-17T23:24:14.959Z,usb,1,3165073039,4916,1258496,256,8000,32.200
2026-07-17T23:24:15.001Z,usb,1,3165073039,4917,1258752,256,8000,32.200
2026-07-17T23:24:15.044Z,usb,1,3165073039,4918,1259008,256,8000,32.200
2026-07-17T23:24:15.086Z,usb,1,3165073039,4919,1259264,256,8000,32.200
2026-07-17T23:24:15.129Z,usb,1,3165073039,4920,1259520,256,8000,32.200
2026-07-17T23:24:15.171Z,usb,1,3165073039,4921,1259776,256,8000,32.200
2026-07-17T23:24:15.214Z,usb,1,3165073039,4922,1260032,256,8000,32.200
2026-07-17T23:24:15.257Z,usb,1,3165073039,4923,1260288,256,8000,32.210
2026-07-17T23:24:15.300Z,usb,1,3165073039,4924,1260544,256,8000,32.210
2026-07-17T23:24:15.342Z,usb,1,3165073039,4925,1260800,256,8000,32.210
2026-07-17T23:24:15.385Z,usb,1,3165073039,4926,1261056,256,8000,32.210
2026-07-17T23:24:15.427Z,usb,1,3165073039,4927,1261312,256,8000,32.210
2026-07-17T23:24:15.470Z,usb,1,3165073039,4928,1261568,256,8000,32.210
2026-07-17T23:24:15.512Z,usb,1,3165073039,4929,1261824,256,8000,32.210
2026-07-17T23:24:15.555Z,usb,1,3165073039,4930,1262080,256,8000,32.210
2026-07-17T23:24:15.597Z,usb,1,3165073039,4931,1262336,256,8000,32.210
2026-07-17T23:24:15.640Z,usb,1,3165073039,4932,1262592,256,8000,32.210
2026-07-17T23:24:15.682Z,usb,1,3165073039,4933,1262848,256,8000,32.210
2026-07-17T23:24:15.725Z,usb,1,3165073039,4934,1263104,256,8000,32.210
2026-07-17T23:24:15.767Z,usb,1,3165073039,4935,1263360,256,8000,32.210
2026-07-17T23:24:15.810Z,usb,1,3165073039,4936,1263616,256,8000,32.210
2026-07-17T23:24:15.852Z,usb,1,3165073039,4937,1263872,256,8000,32.210
2026-07-17T23:24:15.895Z,usb,1,3165073039,4938,1264128,256,8000,32.210
2026-07-17T23:24:15.937Z,usb,1,3165073039,4939,1264384,256,8000,32.210
2026-07-17T23:24:15.980Z,usb,1,3165073039,4940,1264640,256,8000,32.210
2026-07-17T23:24:16.022Z,usb,1,3165073039,4941,1264896,256,8000,32.210
2026-07-17T23:24:16.065Z,usb,1,3165073039,4942,1265152,256,8000,32.210
2026-07-17T23:24:16.107Z,usb,1,3165073039,4943,1265408,256,8000,32.210
2026-07-17T23:24:16.150Z,usb,1,3165073039,4944,1265664,256,8000,32.210
2026-07-17T23:24:16.192Z,usb,1,3165073039,4945,1265920,256,8000,32.210
2026-07-17T23:24:16.235Z,usb,1,3165073039,4946,1266176,256,8000,32.210
2026-07-17T23:24:16.278Z,usb,1,3165073039,4947,1266432,256,8000,32.200
2026-07-17T23:24:16.320Z,usb,1,3165073039,4948,1266688,256,8000,32.200
2026-07-17T23:24:16.363Z,usb,1,3165073039,4949,1266944,256,8000,32.200
2026-07-17T23:24:16.405Z,usb,1,3165073039,4950,1267200,256,8000,32.200
2026-07-17T23:24:16.448Z,usb,1,3165073039,4951,1267456,256,8000,32.200
2026-07-17T23:24:16.491Z,usb,1,3165073039,4952,1267712,256,8000,32.200
2026-07-17T23:24:16.533Z,usb,1,3165073039,4953,1267968,256,8000,32.200
2026-07-17T23:24:16.575Z,usb,1,3165073039,4954,1268224,256,8000,32.200
2026-07-17T23:24:16.618Z,usb,1,3165073039,4955,1268480,256,8000,32.200
2026-07-17T23:24:16.660Z,usb,1,3165073039,4956,1268736,256,8000,32.200
2026-07-17T23:24:16.703Z,usb,1,3165073039,4957,1268992,256,8000,32.200
2026-07-17T23:24:16.745Z,usb,1,3165073039,4958,1269248,256,8000,32.200
2026-07-17T23:24:16.788Z,usb,1,3165073039,4959,1269504,256,8000,32.200
2026-07-17T23:24:16.830Z,usb,1,3165073039,4960,1269760,256,8000,32.200
2026-07-17T23:24:16.873Z,usb,1,3165073039,4961,1270016,256,8000,32.200
2026-07-17T23:24:16.915Z,usb,1,3165073039,4962,1270272,256,8000,32.200
2026-07-17T23:24:16.958Z,usb,1,3165073039,4963,1270528,256,8000,32.200
2026-07-17T23:24:17.000Z,usb,1,3165073039,4964,1270784,256,8000,32.200
2026-07-17T23:24:17.043Z,usb,1,3165073039,4965,1271040,256,8000,32.200
2026-07-17T23:24:17.085Z,usb,1,3165073039,4966,1271296,256,8000,32.200
2026-07-17T23:24:17.128Z,usb,1,3165073039,4967,1271552,256,8000,32.200
2026-07-17T23:24:17.170Z,usb,1,3165073039,4968,1271808,256,8000,32.200
2026-07-17T23:24:17.213Z,usb,1,3165073039,4969,1272064,256,8000,32.200
2026-07-17T23:24:17.255Z,usb,1,3165073039,4970,1272320,256,8000,32.200
2026-07-17T23:24:17.299Z,usb,1,3165073039,4971,1272576,256,8000,32.200
2026-07-17T23:24:17.341Z,usb,1,3165073039,4972,1272832,256,8000,32.200
2026-07-17T23:24:17.384Z,usb,1,3165073039,4973,1273088,256,8000,32.200
2026-07-17T23:24:17.426Z,usb,1,3165073039,4974,1273344,256,8000,32.200
2026-07-17T23:24:17.469Z,usb,1,3165073039,4975,1273600,256,8000,32.200
2026-07-17T23:24:17.511Z,usb,1,3165073039,4976,1273856,256,8000,32.200
2026-07-17T23:24:17.554Z,usb,1,3165073039,4977,1274112,256,8000,32.200
2026-07-17T23:24:17.596Z,usb,1,3165073039,4978,1274368,256,8000,32.200
2026-07-17T23:24:17.639Z,usb,1,3165073039,4979,1274624,256,8000,32.200
2026-07-17T23:24:17.681Z,usb,1,3165073039,4980,1274880,256,8000,32.200
2026-07-17T23:24:17.724Z,usb,1,3165073039,4981,1275136,256,8000,32.200
2026-07-17T23:24:17.766Z,usb,1,3165073039,4982,1275392,256,8000,32.200
2026-07-17T23:24:17.809Z,usb,1,3165073039,4983,1275648,256,8000,32.200
2026-07-17T23:24:17.851Z,usb,1,3165073039,4984,1275904,256,8000,32.200
2026-07-17T23:24:17.894Z,usb,1,3165073039,4985,1276160,256,8000,32.200
2026-07-17T23:24:17.936Z,usb,1,3165073039,4986,1276416,256,8000,32.200
2026-07-17T23:24:17.979Z,usb,1,3165073039,4987,1276672,256,8000,32.200
2026-07-17T23:24:18.021Z,usb,1,3165073039,4988,1276928,256,8000,32.200
2026-07-17T23:24:18.064Z,usb,1,3165073039,4989,1277184,256,8000,32.200
2026-07-17T23:24:18.106Z,usb,1,3165073039,4990,1277440,256,8000,32.200
2026-07-17T23:24:18.149Z,usb,1,3165073039,4991,1277696,256,8000,32.200
2026-07-17T23:24:18.191Z,usb,1,3165073039,4992,1277952,256,8000,32.200
2026-07-17T23:24:18.234Z,usb,1,3165073039,4993,1278208,256,8000,32.200
2026-07-17T23:24:18.276Z,usb,1,3165073039,4994,1278464,256,8000,32.200
2026-07-17T23:24:18.319Z,usb,1,3165073039,4995,1278720,256,8000,32.210
2026-07-17T23:24:18.362Z,usb,1,3165073039,4996,1278976,256,8000,32.210
2026-07-17T23:24:18.404Z,usb,1,3165073039,4997,1279232,256,8000,32.210
2026-07-17T23:24:18.447Z,usb,1,3165073039,4998,1279488,256,8000,32.210
2026-07-17T23:24:18.489Z,usb,1,3165073039,4999,1279744,256,8000,32.210
2026-07-17T23:24:18.532Z,usb,1,3165073039,5000,1280000,256,8000,32.210
2026-07-17T23:24:18.574Z,usb,1,3165073039,5001,1280256,256,8000,32.210
2026-07-17T23:24:18.617Z,usb,1,3165073039,5002,1280512,256,8000,32.210
2026-07-17T23:24:18.659Z,usb,1,3165073039,5003,1280768,256,8000,32.210
2026-07-17T23:24:18.702Z,usb,1,3165073039,5004,1281024,256,8000,32.210
2026-07-17T23:24:18.744Z,usb,1,3165073039,5005,1281280,256,8000,32.210
2026-07-17T23:24:18.787Z,usb,1,3165073039,5006,1281536,256,8000,32.210
2026-07-17T23:24:18.829Z,usb,1,3165073039,5007,1281792,256,8000,32.210
2026-07-17T23:24:18.872Z,usb,1,3165073039,5008,1282048,256,8000,32.210
2026-07-17T23:24:18.914Z,usb,1,3165073039,5009,1282304,256,8000,32.210
2026-07-17T23:24:18.957Z,usb,1,3165073039,5010,1282560,256,8000,32.210
2026-07-17T23:24:18.999Z,usb,1,3165073039,5011,1282816,256,8000,32.210
2026-07-17T23:24:19.042Z,usb,1,3165073039,5012,1283072,256,8000,32.210
2026-07-17T23:24:19.084Z,usb,1,3165073039,5013,1283328,256,8000,32.210
2026-07-17T23:24:19.127Z,usb,1,3165073039,5014,1283584,256,8000,32.210
2026-07-17T23:24:19.169Z,usb,1,3165073039,5015,1283840,256,8000,32.210
2026-07-17T23:24:19.212Z,usb,1,3165073039,5016,1284096,256,8000,32.210
2026-07-17T23:24:19.254Z,usb,1,3165073039,5017,1284352,256,8000,32.210
2026-07-17T23:24:19.297Z,usb,1,3165073039,5018,1284608,256,8000,32.210
2026-07-17T23:24:19.340Z,usb,1,3165073039,5019,1284864,256,8000,32.210
2026-07-17T23:24:19.383Z,usb,1,3165073039,5020,1285120,256,8000,32.210
2026-07-17T23:24:19.425Z,usb,1,3165073039,5021,1285376,256,8000,32.210
2026-07-17T23:24:19.468Z,usb,1,3165073039,5022,1285632,256,8000,32.210
2026-07-17T23:24:19.510Z,usb,1,3165073039,5023,1285888,256,8000,32.210
2026-07-17T23:24:19.553Z,usb,1,3165073039,5024,1286144,256,8000,32.210
2026-07-17T23:24:19.595Z,usb,1,3165073039,5025,1286400,256,8000,32.210
2026-07-17T23:24:19.638Z,usb,1,3165073039,5026,1286656,256,8000,32.210
2026-07-17T23:24:19.680Z,usb,1,3165073039,5027,1286912,256,8000,32.210
2026-07-17T23:24:19.723Z,usb,1,3165073039,5028,1287168,256,8000,32.210
2026-07-17T23:24:19.765Z,usb,1,3165073039,5029,1287424,256,8000,32.210
2026-07-17T23:24:19.808Z,usb,1,3165073039,5030,1287680,256,8000,32.210
2026-07-17T23:24:19.850Z,usb,1,3165073039,5031,1287936,256,8000,32.210
2026-07-17T23:24:19.893Z,usb,1,3165073039,5032,1288192,256,8000,32.210
2026-07-17T23:24:19.935Z,usb,1,3165073039,5033,1288448,256,8000,32.210
2026-07-17T23:24:19.978Z,usb,1,3165073039,5034,1288704,256,8000,32.210
2026-07-17T23:24:20.020Z,usb,1,3165073039,5035,1288960,256,8000,32.210
2026-07-17T23:24:20.062Z,usb,1,3165073039,5036,1289216,256,8000,32.210
2026-07-17T23:24:20.105Z,usb,1,3165073039,5037,1289472,256,8000,32.210
2026-07-17T23:24:20.148Z,usb,1,3165073039,5038,1289728,256,8000,32.210
2026-07-17T23:24:20.190Z,usb,1,3165073039,5039,1289984,256,8000,32.210
2026-07-17T23:24:20.233Z,usb,1,3165073039,5040,1290240,256,8000,32.210
2026-07-17T23:24:20.275Z,usb,1,3165073039,5041,1290496,256,8000,32.210
2026-07-17T23:24:20.318Z,usb,1,3165073039,5042,1290752,256,8000,32.210
2026-07-17T23:24:20.361Z,usb,1,3165073039,5043,1291008,256,8000,32.210
2026-07-17T23:24:20.403Z,usb,1,3165073039,5044,1291264,256,8000,32.210
2026-07-17T23:24:20.446Z,usb,1,3165073039,5045,1291520,256,8000,32.210
2026-07-17T23:24:20.488Z,usb,1,3165073039,5046,1291776,256,8000,32.210
2026-07-17T23:24:20.531Z,usb,1,3165073039,5047,1292032,256,8000,32.210
2026-07-17T23:24:20.573Z,usb,1,3165073039,5048,1292288,256,8000,32.210
2026-07-17T23:24:20.616Z,usb,1,3165073039,5049,1292544,256,8000,32.210
2026-07-17T23:24:20.658Z,usb,1,3165073039,5050,1292800,256,8000,32.210
2026-07-17T23:24:20.701Z,usb,1,3165073039,5051,1293056,256,8000,32.210
2026-07-17T23:24:20.743Z,usb,1,3165073039,5052,1293312,256,8000,32.210
2026-07-17T23:24:20.786Z,usb,1,3165073039,5053,1293568,256,8000,32.210
2026-07-17T23:24:20.828Z,usb,1,3165073039,5054,1293824,256,8000,32.210
2026-07-17T23:24:20.871Z,usb,1,3165073039,5055,1294080,256,8000,32.210
2026-07-17T23:24:20.913Z,usb,1,3165073039,5056,1294336,256,8000,32.210
2026-07-17T23:24:20.956Z,usb,1,3165073039,5057,1294592,256,8000,32.210
2026-07-17T23:24:20.998Z,usb,1,3165073039,5058,1294848,256,8000,32.210
2026-07-17T23:24:21.041Z,usb,1,3165073039,5059,1295104,256,8000,32.210
2026-07-17T23:24:21.083Z,usb,1,3165073039,5060,1295360,256,8000,32.210
2026-07-17T23:24:21.126Z,usb,1,3165073039,5061,1295616,256,8000,32.210
2026-07-17T23:24:21.169Z,usb,1,3165073039,5062,1295872,256,8000,32.210
2026-07-17T23:24:21.211Z,usb,1,3165073039,5063,1296128,256,8000,32.210
2026-07-17T23:24:21.253Z,usb,1,3165073039,5064,1296384,256,8000,32.210
2026-07-17T23:24:21.296Z,usb,1,3165073039,5065,1296640,256,8000,32.210
2026-07-17T23:24:21.338Z,usb,1,3165073039,5066,1296896,256,8000,32.210
2026-07-17T23:24:21.382Z,usb,1,3165073039,5067,1297152,256,8000,32.210
2026-07-17T23:24:21.424Z,usb,1,3165073039,5068,1297408,256,8000,32.210
2026-07-17T23:24:21.467Z,usb,1,3165073039,5069,1297664,256,8000,32.210
2026-07-17T23:24:21.509Z,usb,1,3165073039,5070,1297920,256,8000,32.210
2026-07-17T23:24:21.552Z,usb,1,3165073039,5071,1298176,256,8000,32.210
2026-07-17T23:24:21.594Z,usb,1,3165073039,5072,1298432,256,8000,32.210
2026-07-17T23:24:21.637Z,usb,1,3165073039,5073,1298688,256,8000,32.210
2026-07-17T23:24:21.679Z,usb,1,3165073039,5074,1298944,256,8000,32.210
2026-07-17T23:24:21.722Z,usb,1,3165073039,5075,1299200,256,8000,32.210
2026-07-17T23:24:21.764Z,usb,1,3165073039,5076,1299456,256,8000,32.210
2026-07-17T23:24:21.807Z,usb,1,3165073039,5077,1299712,256,8000,32.210
2026-07-17T23:24:21.849Z,usb,1,3165073039,5078,1299968,256,8000,32.210
2026-07-17T23:24:21.892Z,usb,1,3165073039,5079,1300224,256,8000,32.210
2026-07-17T23:24:21.934Z,usb,1,3165073039,5080,1300480,256,8000,32.210
2026-07-17T23:24:21.977Z,usb,1,3165073039,5081,1300736,256,8000,32.210
2026-07-17T23:24:22.019Z,usb,1,3165073039,5082,1300992,256,8000,32.210
2026-07-17T23:24:22.062Z,usb,1,3165073039,5083,1301248,256,8000,32.210
2026-07-17T23:24:22.104Z,usb,1,3165073039,5084,1301504,256,8000,32.210
2026-07-17T23:24:22.147Z,usb,1,3165073039,5085,1301760,256,8000,32.210
2026-07-17T23:24:22.189Z,usb,1,3165073039,5086,1302016,256,8000,32.210
2026-07-17T23:24:22.232Z,usb,1,3165073039,5087,1302272,256,8000,32.210
2026-07-17T23:24:22.274Z,usb,1,3165073039,5088,1302528,256,8000,32.210
2026-07-17T23:24:22.317Z,usb,1,3165073039,5089,1302784,256,8000,32.210
2026-07-17T23:24:22.359Z,usb,1,3165073039,5090,1303040,256,8000,32.210
2026-07-17T23:24:22.402Z,usb,1,3165073039,5091,1303296,256,8000,32.220
2026-07-17T23:24:22.445Z,usb,1,3165073039,5092,1303552,256,8000,32.220
2026-07-17T23:24:22.487Z,usb,1,3165073039,5093,1303808,256,8000,32.220
2026-07-17T23:24:22.530Z,usb,1,3165073039,5094,1304064,256,8000,32.220
2026-07-17T23:24:22.572Z,usb,1,3165073039,5095,1304320,256,8000,32.220
2026-07-17T23:24:22.615Z,usb,1,3165073039,5096,1304576,256,8000,32.220
2026-07-17T23:24:22.657Z,usb,1,3165073039,5097,1304832,256,8000,32.220
2026-07-17T23:24:22.700Z,usb,1,3165073039,5098,1305088,256,8000,32.220
2026-07-17T23:24:22.742Z,usb,1,3165073039,5099,1305344,256,8000,32.220
2026-07-17T23:24:22.785Z,usb,1,3165073039,5100,1305600,256,8000,32.220
2026-07-17T23:24:22.827Z,usb,1,3165073039,5101,1305856,256,8000,32.220
2026-07-17T23:24:22.870Z,usb,1,3165073039,5102,1306112,256,8000,32.220
2026-07-17T23:24:22.912Z,usb,1,3165073039,5103,1306368,256,8000,32.220
2026-07-17T23:24:22.955Z,usb,1,3165073039,5104,1306624,256,8000,32.220
2026-07-17T23:24:22.997Z,usb,1,3165073039,5105,1306880,256,8000,32.220
2026-07-17T23:24:23.040Z,usb,1,3165073039,5106,1307136,256,8000,32.220
2026-07-17T23:24:23.082Z,usb,1,3165073039,5107,1307392,256,8000,32.220
2026-07-17T23:24:23.125Z,usb,1,3165073039,5108,1307648,256,8000,32.220
2026-07-17T23:24:23.167Z,usb,1,3165073039,5109,1307904,256,8000,32.220
2026-07-17T23:24:23.210Z,usb,1,3165073039,5110,1308160,256,8000,32.220
2026-07-17T23:24:23.252Z,usb,1,3165073039,5111,1308416,256,8000,32.220
2026-07-17T23:24:23.295Z,usb,1,3165073039,5112,1308672,256,8000,32.220
2026-07-17T23:24:23.337Z,usb,1,3165073039,5113,1308928,256,8000,32.220
2026-07-17T23:24:23.380Z,usb,1,3165073039,5114,1309184,256,8000,32.220
2026-07-17T23:24:23.423Z,usb,1,3165073039,5115,1309440,256,8000,32.220
2026-07-17T23:24:23.466Z,usb,1,3165073039,5116,1309696,256,8000,32.220
2026-07-17T23:24:23.508Z,usb,1,3165073039,5117,1309952,256,8000,32.220
2026-07-17T23:24:23.551Z,usb,1,3165073039,5118,1310208,256,8000,32.220
2026-07-17T23:24:23.593Z,usb,1,3165073039,5119,1310464,256,8000,32.220
2026-07-17T23:24:23.636Z,usb,1,3165073039,5120,1310720,256,8000,32.220
2026-07-17T23:24:23.678Z,usb,1,3165073039,5121,1310976,256,8000,32.220
2026-07-17T23:24:23.721Z,usb,1,3165073039,5122,1311232,256,8000,32.220
2026-07-17T23:24:23.763Z,usb,1,3165073039,5123,1311488,256,8000,32.220
2026-07-17T23:24:23.805Z,usb,1,3165073039,5124,1311744,256,8000,32.220
2026-07-17T23:24:23.848Z,usb,1,3165073039,5125,1312000,256,8000,32.220
2026-07-17T23:24:23.891Z,usb,1,3165073039,5126,1312256,256,8000,32.220
2026-07-17T23:24:23.933Z,usb,1,3165073039,5127,1312512,256,8000,32.220
2026-07-17T23:24:23.976Z,usb,1,3165073039,5128,1312768,256,8000,32.220
2026-07-17T23:24:24.018Z,usb,1,3165073039,5129,1313024,256,8000,32.220
2026-07-17T23:24:24.060Z,usb,1,3165073039,5130,1313280,256,8000,32.220
2026-07-17T23:24:24.103Z,usb,1,3165073039,5131,1313536,256,8000,32.220
2026-07-17T23:24:24.146Z,usb,1,3165073039,5132,1313792,256,8000,32.220
2026-07-17T23:24:24.188Z,usb,1,3165073039,5133,1314048,256,8000,32.220
2026-07-17T23:24:24.230Z,usb,1,3165073039,5134,1314304,256,8000,32.220
2026-07-17T23:24:24.273Z,usb,1,3165073039,5135,1314560,256,8000,32.220
2026-07-17T23:24:24.315Z,usb,1,3165073039,5136,1314816,256,8000,32.220
2026-07-17T23:24:24.358Z,usb,1,3165073039,5137,1315072,256,8000,32.220
2026-07-17T23:24:24.401Z,usb,1,3165073039,5138,1315328,256,8000,32.220
2026-07-17T23:24:24.444Z,usb,1,3165073039,5139,1315584,256,8000,32.220
2026-07-17T23:24:24.486Z,usb,1,3165073039,5140,1315840,256,8000,32.220
2026-07-17T23:24:24.529Z,usb,1,3165073039,5141,1316096,256,8000,32.220
2026-07-17T23:24:24.571Z,usb,1,3165073039,5142,1316352,256,8000,32.220
2026-07-17T23:24:24.614Z,usb,1,3165073039,5143,1316608,256,8000,32.220
2026-07-17T23:24:24.656Z,usb,1,3165073039,5144,1316864,256,8000,32.220
2026-07-17T23:24:24.699Z,usb,1,3165073039,5145,1317120,256,8000,32.220
2026-07-17T23:24:24.741Z,usb,1,3165073039,5146,1317376,256,8000,32.220
2026-07-17T23:24:24.784Z,usb,1,3165073039,5147,1317632,256,8000,32.220
2026-07-17T23:24:24.826Z,usb,1,3165073039,5148,1317888,256,8000,32.220
2026-07-17T23:24:24.869Z,usb,1,3165073039,5149,1318144,256,8000,32.220
2026-07-17T23:24:24.911Z,usb,1,3165073039,5150,1318400,256,8000,32.220
2026-07-17T23:24:24.954Z,usb,1,3165073039,5151,1318656,256,8000,32.220
2026-07-17T23:24:24.996Z,usb,1,3165073039,5152,1318912,256,8000,32.220
2026-07-17T23:24:25.039Z,usb,1,3165073039,5153,1319168,256,8000,32.220
2026-07-17T23:24:25.081Z,usb,1,3165073039,5154,1319424,256,8000,32.220
2026-07-17T23:24:25.124Z,usb,1,3165073039,5155,1319680,256,8000,32.220
2026-07-17T23:24:25.166Z,usb,1,3165073039,5156,1319936,256,8000,32.220
2026-07-17T23:24:25.209Z,usb,1,3165073039,5157,1320192,256,8000,32.220
2026-07-17T23:24:25.251Z,usb,1,3165073039,5158,1320448,256,8000,32.220
2026-07-17T23:24:25.294Z,usb,1,3165073039,5159,1320704,256,8000,32.220
2026-07-17T23:24:25.336Z,usb,1,3165073039,5160,1320960,256,8000,32.220
2026-07-17T23:24:25.379Z,usb,1,3165073039,5161,1321216,256,8000,32.220
2026-07-17T23:24:25.421Z,usb,1,3165073039,5162,1321472,256,8000,32.220
2026-07-17T23:24:25.465Z,usb,1,3165073039,5163,1321728,256,8000,32.220
2026-07-17T23:24:25.507Z,usb,1,3165073039,5164,1321984,256,8000,32.220
2026-07-17T23:24:25.550Z,usb,1,3165073039,5165,1322240,256,8000,32.220
2026-07-17T23:24:25.592Z,usb,1,3165073039,5166,1322496,256,8000,32.220
2026-07-17T23:24:25.635Z,usb,1,3165073039,5167,1322752,256,8000,32.220
2026-07-17T23:24:25.677Z,usb,1,3165073039,5168,1323008,256,8000,32.220
2026-07-17T23:24:25.720Z,usb,1,3165073039,5169,1323264,256,8000,32.220
2026-07-17T23:24:25.762Z,usb,1,3165073039,5170,1323520,256,8000,32.220
2026-07-17T23:24:25.805Z,usb,1,3165073039,5171,1323776,256,8000,32.220
2026-07-17T23:24:25.847Z,usb,1,3165073039,5172,1324032,256,8000,32.220
2026-07-17T23:24:25.890Z,usb,1,3165073039,5173,1324288,256,8000,32.220
2026-07-17T23:24:25.932Z,usb,1,3165073039,5174,1324544,256,8000,32.220
2026-07-17T23:24:25.975Z,usb,1,3165073039,5175,1324800,256,8000,32.220
2026-07-17T23:24:26.017Z,usb,1,3165073039,5176,1325056,256,8000,32.220
2026-07-17T23:24:26.060Z,usb,1,3165073039,5177,1325312,256,8000,32.220
2026-07-17T23:24:26.102Z,usb,1,3165073039,5178,1325568,256,8000,32.220
2026-07-17T23:24:26.145Z,usb,1,3165073039,5179,1325824,256,8000,32.220
2026-07-17T23:24:26.187Z,usb,1,3165073039,5180,1326080,256,8000,32.220
2026-07-17T23:24:26.230Z,usb,1,3165073039,5181,1326336,256,8000,32.220
2026-07-17T23:24:26.272Z,usb,1,3165073039,5182,1326592,256,8000,32.220
2026-07-17T23:24:26.315Z,usb,1,3165073039,5183,1326848,256,8000,32.220
2026-07-17T23:24:26.357Z,usb,1,3165073039,5184,1327104,256,8000,32.220
2026-07-17T23:24:26.399Z,usb,1,3165073039,5185,1327360,256,8000,32.220
2026-07-17T23:24:26.442Z,usb,1,3165073039,5186,1327616,256,8000,32.220
2026-07-17T23:24:26.485Z,usb,1,3165073039,5187,1327872,256,8000,32.230
2026-07-17T23:24:26.528Z,usb,1,3165073039,5188,1328128,256,8000,32.230
2026-07-17T23:24:26.570Z,usb,1,3165073039,5189,1328384,256,8000,32.230
2026-07-17T23:24:26.613Z,usb,1,3165073039,5190,1328640,256,8000,32.230
2026-07-17T23:24:26.655Z,usb,1,3165073039,5191,1328896,256,8000,32.230
2026-07-17T23:24:26.698Z,usb,1,3165073039,5192,1329152,256,8000,32.230
2026-07-17T23:24:26.740Z,usb,1,3165073039,5193,1329408,256,8000,32.230
2026-07-17T23:24:26.783Z,usb,1,3165073039,5194,1329664,256,8000,32.230
2026-07-17T23:24:26.825Z,usb,1,3165073039,5195,1329920,256,8000,32.230
2026-07-17T23:24:26.868Z,usb,1,3165073039,5196,1330176,256,8000,32.230
2026-07-17T23:24:26.910Z,usb,1,3165073039,5197,1330432,256,8000,32.230
2026-07-17T23:24:26.953Z,usb,1,3165073039,5198,1330688,256,8000,32.230
2026-07-17T23:24:26.995Z,usb,1,3165073039,5199,1330944,256,8000,32.230
2026-07-17T23:24:27.038Z,usb,1,3165073039,5200,1331200,256,8000,32.230
2026-07-17T23:24:27.080Z,usb,1,3165073039,5201,1331456,256,8000,32.230
2026-07-17T23:24:27.123Z,usb,1,3165073039,5202,1331712,256,8000,32.230
2026-07-17T23:24:27.165Z,usb,1,3165073039,5203,1331968,256,8000,32.230
2026-07-17T23:24:27.208Z,usb,1,3165073039,5204,1332224,256,8000,32.230
2026-07-17T23:24:27.250Z,usb,1,3165073039,5205,1332480,256,8000,32.230
2026-07-17T23:24:27.293Z,usb,1,3165073039,5206,1332736,256,8000,32.230
2026-07-17T23:24:27.335Z,usb,1,3165073039,5207,1332992,256,8000,32.230
2026-07-17T23:24:27.378Z,usb,1,3165073039,5208,1333248,256,8000,32.230
2026-07-17T23:24:27.420Z,usb,1,3165073039,5209,1333504,256,8000,32.230
2026-07-17T23:24:27.463Z,usb,1,3165073039,5210,1333760,256,8000,32.230
2026-07-17T23:24:27.506Z,usb,1,3165073039,5211,1334016,256,8000,32.230
2026-07-17T23:24:27.549Z,usb,1,3165073039,5212,1334272,256,8000,32.230
2026-07-17T23:24:27.591Z,usb,1,3165073039,5213,1334528,256,8000,32.230
2026-07-17T23:24:27.634Z,usb,1,3165073039,5214,1334784,256,8000,32.230
2026-07-17T23:24:27.676Z,usb,1,3165073039,5215,1335040,256,8000,32.230
2026-07-17T23:24:27.719Z,usb,1,3165073039,5216,1335296,256,8000,32.230
2026-07-17T23:24:27.761Z,usb,1,3165073039,5217,1335552,256,8000,32.230
2026-07-17T23:24:27.804Z,usb,1,3165073039,5218,1335808,256,8000,32.230
2026-07-17T23:24:27.846Z,usb,1,3165073039,5219,1336064,256,8000,32.230
2026-07-17T23:24:27.889Z,usb,1,3165073039,5220,1336320,256,8000,32.230
2026-07-17T23:24:27.931Z,usb,1,3165073039,5221,1336576,256,8000,32.230
2026-07-17T23:24:27.974Z,usb,1,3165073039,5222,1336832,256,8000,32.230
2026-07-17T23:24:28.016Z,usb,1,3165073039,5223,1337088,256,8000,32.230
2026-07-17T23:24:28.058Z,usb,1,3165073039,5224,1337344,256,8000,32.230
2026-07-17T23:24:28.101Z,usb,1,3165073039,5225,1337600,256,8000,32.230
2026-07-17T23:24:28.144Z,usb,1,3165073039,5226,1337856,256,8000,32.230
2026-07-17T23:24:28.186Z,usb,1,3165073039,5227,1338112,256,8000,32.230
2026-07-17T23:24:28.229Z,usb,1,3165073039,5228,1338368,256,8000,32.230
2026-07-17T23:24:28.271Z,usb,1,3165073039,5229,1338624,256,8000,32.230
2026-07-17T23:24:28.314Z,usb,1,3165073039,5230,1338880,256,8000,32.230
2026-07-17T23:24:28.356Z,usb,1,3165073039,5231,1339136,256,8000,32.230
2026-07-17T23:24:28.399Z,usb,1,3165073039,5232,1339392,256,8000,32.230
2026-07-17T23:24:28.441Z,usb,1,3165073039,5233,1339648,256,8000,32.230
2026-07-17T23:24:28.484Z,usb,1,3165073039,5234,1339904,256,8000,32.230
2026-07-17T23:24:28.527Z,usb,1,3165073039,5235,1340160,256,8000,32.230
2026-07-17T23:24:28.569Z,usb,1,3165073039,5236,1340416,256,8000,32.230
2026-07-17T23:24:28.612Z,usb,1,3165073039,5237,1340672,256,8000,32.230
2026-07-17T23:24:28.654Z,usb,1,3165073039,5238,1340928,256,8000,32.230
2026-07-17T23:24:28.697Z,usb,1,3165073039,5239,1341184,256,8000,32.230
2026-07-17T23:24:28.739Z,usb,1,3165073039,5240,1341440,256,8000,32.230
2026-07-17T23:24:28.782Z,usb,1,3165073039,5241,1341696,256,8000,32.230
2026-07-17T23:24:28.824Z,usb,1,3165073039,5242,1341952,256,8000,32.230
2026-07-17T23:24:28.867Z,usb,1,3165073039,5243,1342208,256,8000,32.230
2026-07-17T23:24:28.909Z,usb,1,3165073039,5244,1342464,256,8000,32.230
2026-07-17T23:24:28.952Z,usb,1,3165073039,5245,1342720,256,8000,32.230
2026-07-17T23:24:28.994Z,usb,1,3165073039,5246,1342976,256,8000,32.230
2026-07-17T23:24:29.037Z,usb,1,3165073039,5247,1343232,256,8000,32.230
2026-07-17T23:24:29.079Z,usb,1,3165073039,5248,1343488,256,8000,32.230
2026-07-17T23:24:29.122Z,usb,1,3165073039,5249,1343744,256,8000,32.230
2026-07-17T23:24:29.164Z,usb,1,3165073039,5250,1344000,256,8000,32.230
2026-07-17T23:24:29.207Z,usb,1,3165073039,5251,1344256,256,8000,32.230
2026-07-17T23:24:29.249Z,usb,1,3165073039,5252,1344512,256,8000,32.230
2026-07-17T23:24:29.292Z,usb,1,3165073039,5253,1344768,256,8000,32.230
2026-07-17T23:24:29.334Z,usb,1,3165073039,5254,1345024,256,8000,32.230
2026-07-17T23:24:29.377Z,usb,1,3165073039,5255,1345280,256,8000,32.230
2026-07-17T23:24:29.419Z,usb,1,3165073039,5256,1345536,256,8000,32.230
2026-07-17T23:24:29.462Z,usb,1,3165073039,5257,1345792,256,8000,32.230
2026-07-17T23:24:29.504Z,usb,1,3165073039,5258,1346048,256,8000,32.230
2026-07-17T23:24:29.548Z,usb,1,3165073039,5259,1346304,256,8000,32.230
2026-07-17T23:24:29.590Z,usb,1,3165073039,5260,1346560,256,8000,32.230
2026-07-17T23:24:29.633Z,usb,1,3165073039,5261,1346816,256,8000,32.230
2026-07-17T23:24:29.675Z,usb,1,3165073039,5262,1347072,256,8000,32.230
2026-07-17T23:24:29.718Z,usb,1,3165073039,5263,1347328,256,8000,32.230
2026-07-17T23:24:29.760Z,usb,1,3165073039,5264,1347584,256,8000,32.230
2026-07-17T23:24:29.803Z,usb,1,3165073039,5265,1347840,256,8000,32.230
2026-07-17T23:24:29.845Z,usb,1,3165073039,5266,1348096,256,8000,32.230
2026-07-17T23:24:29.888Z,usb,1,3165073039,5267,1348352,256,8000,32.230
2026-07-17T23:24:29.930Z,usb,1,3165073039,5268,1348608,256,8000,32.230
2026-07-17T23:24:29.973Z,usb,1,3165073039,5269,1348864,256,8000,32.230
2026-07-17T23:24:30.015Z,usb,1,3165073039,5270,1349120,256,8000,32.230
2026-07-17T23:24:30.058Z,usb,1,3165073039,5271,1349376,256,8000,32.230
2026-07-17T23:24:30.100Z,usb,1,3165073039,5272,1349632,256,8000,32.230
2026-07-17T23:24:30.143Z,usb,1,3165073039,5273,1349888,256,8000,32.230
2026-07-17T23:24:30.185Z,usb,1,3165073039,5274,1350144,256,8000,32.230
2026-07-17T23:24:30.228Z,usb,1,3165073039,5275,1350400,256,8000,32.230
2026-07-17T23:24:30.270Z,usb,1,3165073039,5276,1350656,256,8000,32.230
2026-07-17T23:24:30.313Z,usb,1,3165073039,5277,1350912,256,8000,32.230
2026-07-17T23:24:30.355Z,usb,1,3165073039,5278,1351168,256,8000,32.230
2026-07-17T23:24:30.398Z,usb,1,3165073039,5279,1351424,256,8000,32.230
2026-07-17T23:24:30.440Z,usb,1,3165073039,5280,1351680,256,8000,32.230
2026-07-17T23:24:30.483Z,usb,1,3165073039,5281,1351936,256,8000,32.230
2026-07-17T23:24:30.525Z,usb,1,3165073039,5282,1352192,256,8000,32.230
2026-07-17T23:24:30.568Z,usb,1,3165073039,5283,1352448,256,8000,32.230
2026-07-17T23:24:30.611Z,usb,1,3165073039,5284,1352704,256,8000,32.230
2026-07-17T23:24:30.653Z,usb,1,3165073039,5285,1352960,256,8000,32.230
2026-07-17T23:24:30.696Z,usb,1,3165073039,5286,1353216,256,8000,32.230
2026-07-17T23:24:30.738Z,usb,1,3165073039,5287,1353472,256,8000,32.230
2026-07-17T23:24:30.781Z,usb,1,3165073039,5288,1353728,256,8000,32.230
2026-07-17T23:24:30.823Z,usb,1,3165073039,5289,1353984,256,8000,32.230
2026-07-17T23:24:30.866Z,usb,1,3165073039,5290,1354240,256,8000,32.230
2026-07-17T23:24:30.908Z,usb,1,3165073039,5291,1354496,256,8000,32.230
2026-07-17T23:24:30.951Z,usb,1,3165073039,5292,1354752,256,8000,32.230
2026-07-17T23:24:30.993Z,usb,1,3165073039,5293,1355008,256,8000,32.230
2026-07-17T23:24:31.036Z,usb,1,3165073039,5294,1355264,256,8000,32.230
2026-07-17T23:24:31.078Z,usb,1,3165073039,5295,1355520,256,8000,32.230
2026-07-17T23:24:31.121Z,usb,1,3165073039,5296,1355776,256,8000,32.230
2026-07-17T23:24:31.163Z,usb,1,3165073039,5297,1356032,256,8000,32.230
2026-07-17T23:24:31.206Z,usb,1,3165073039,5298,1356288,256,8000,32.230
2026-07-17T23:24:31.249Z,usb,1,3165073039,5299,1356544,256,8000,32.230
2026-07-17T23:24:31.291Z,usb,1,3165073039,5300,1356800,256,8000,32.230
2026-07-17T23:24:31.334Z,usb,1,3165073039,5301,1357056,256,8000,32.230
2026-07-17T23:24:31.376Z,usb,1,3165073039,5302,1357312,256,8000,32.230
2026-07-17T23:24:31.418Z,usb,1,3165073039,5303,1357568,256,8000,32.230
2026-07-17T23:24:31.461Z,usb,1,3165073039,5304,1357824,256,8000,32.230
2026-07-17T23:24:31.503Z,usb,1,3165073039,5305,1358080,256,8000,32.230
2026-07-17T23:24:31.546Z,usb,1,3165073039,5306,1358336,256,8000,32.230
2026-07-17T23:24:31.589Z,usb,1,3165073039,5307,1358592,256,8000,32.240
2026-07-17T23:24:31.632Z,usb,1,3165073039,5308,1358848,256,8000,32.240
2026-07-17T23:24:31.674Z,usb,1,3165073039,5309,1359104,256,8000,32.240
2026-07-17T23:24:31.717Z,usb,1,3165073039,5310,1359360,256,8000,32.240
2026-07-17T23:24:31.759Z,usb,1,3165073039,5311,1359616,256,8000,32.240
2026-07-17T23:24:31.802Z,usb,1,3165073039,5312,1359872,256,8000,32.240
2026-07-17T23:24:31.844Z,usb,1,3165073039,5313,1360128,256,8000,32.240
2026-07-17T23:24:31.887Z,usb,1,3165073039,5314,1360384,256,8000,32.240
2026-07-17T23:24:31.929Z,usb,1,3165073039,5315,1360640,256,8000,32.240
2026-07-17T23:24:31.972Z,usb,1,3165073039,5316,1360896,256,8000,32.240
2026-07-17T23:24:32.014Z,usb,1,3165073039,5317,1361152,256,8000,32.240
2026-07-17T23:24:32.057Z,usb,1,3165073039,5318,1361408,256,8000,32.240
2026-07-17T23:24:32.099Z,usb,1,3165073039,5319,1361664,256,8000,32.240
2026-07-17T23:24:32.142Z,usb,1,3165073039,5320,1361920,256,8000,32.240
2026-07-17T23:24:32.184Z,usb,1,3165073039,5321,1362176,256,8000,32.240
2026-07-17T23:24:32.227Z,usb,1,3165073039,5322,1362432,256,8000,32.240
2026-07-17T23:24:32.269Z,usb,1,3165073039,5323,1362688,256,8000,32.240
2026-07-17T23:24:32.312Z,usb,1,3165073039,5324,1362944,256,8000,32.240
2026-07-17T23:24:32.354Z,usb,1,3165073039,5325,1363200,256,8000,32.240
2026-07-17T23:24:32.397Z,usb,1,3165073039,5326,1363456,256,8000,32.240
2026-07-17T23:24:32.439Z,usb,1,3165073039,5327,1363712,256,8000,32.240
2026-07-17T23:24:32.482Z,usb,1,3165073039,5328,1363968,256,8000,32.240
2026-07-17T23:24:32.524Z,usb,1,3165073039,5329,1364224,256,8000,32.240
2026-07-17T23:24:32.567Z,usb,1,3165073039,5330,1364480,256,8000,32.240
2026-07-17T23:24:32.610Z,usb,1,3165073039,5331,1364736,256,8000,32.230
2026-07-17T23:24:32.652Z,usb,1,3165073039,5332,1364992,256,8000,32.230
2026-07-17T23:24:32.695Z,usb,1,3165073039,5333,1365248,256,8000,32.230
2026-07-17T23:24:32.737Z,usb,1,3165073039,5334,1365504,256,8000,32.230
2026-07-17T23:24:32.780Z,usb,1,3165073039,5335,1365760,256,8000,32.230
2026-07-17T23:24:32.822Z,usb,1,3165073039,5336,1366016,256,8000,32.230
2026-07-17T23:24:32.865Z,usb,1,3165073039,5337,1366272,256,8000,32.230
2026-07-17T23:24:32.907Z,usb,1,3165073039,5338,1366528,256,8000,32.230
2026-07-17T23:24:32.950Z,usb,1,3165073039,5339,1366784,256,8000,32.230
2026-07-17T23:24:32.992Z,usb,1,3165073039,5340,1367040,256,8000,32.230
2026-07-17T23:24:33.035Z,usb,1,3165073039,5341,1367296,256,8000,32.230
2026-07-17T23:24:33.077Z,usb,1,3165073039,5342,1367552,256,8000,32.230
2026-07-17T23:24:33.120Z,usb,1,3165073039,5343,1367808,256,8000,32.230
2026-07-17T23:24:33.162Z,usb,1,3165073039,5344,1368064,256,8000,32.230
2026-07-17T23:24:33.205Z,usb,1,3165073039,5345,1368320,256,8000,32.230
2026-07-17T23:24:33.247Z,usb,1,3165073039,5346,1368576,256,8000,32.230
2026-07-17T23:24:33.290Z,usb,1,3165073039,5347,1368832,256,8000,32.230
2026-07-17T23:24:33.332Z,usb,1,3165073039,5348,1369088,256,8000,32.230
2026-07-17T23:24:33.375Z,usb,1,3165073039,5349,1369344,256,8000,32.230
2026-07-17T23:24:33.417Z,usb,1,3165073039,5350,1369600,256,8000,32.230
2026-07-17T23:24:33.460Z,usb,1,3165073039,5351,1369856,256,8000,32.230
2026-07-17T23:24:33.502Z,usb,1,3165073039,5352,1370112,256,8000,32.230
2026-07-17T23:24:33.545Z,usb,1,3165073039,5353,1370368,256,8000,32.230
2026-07-17T23:24:33.587Z,usb,1,3165073039,5354,1370624,256,8000,32.230
2026-07-17T23:24:33.630Z,usb,1,3165073039,5355,1370880,256,8000,32.240
2026-07-17T23:24:33.673Z,usb,1,3165073039,5356,1371136,256,8000,32.240
2026-07-17T23:24:33.716Z,usb,1,3165073039,5357,1371392,256,8000,32.240
2026-07-17T23:24:33.758Z,usb,1,3165073039,5358,1371648,256,8000,32.240
2026-07-17T23:24:33.800Z,usb,1,3165073039,5359,1371904,256,8000,32.240
2026-07-17T23:24:33.843Z,usb,1,3165073039,5360,1372160,256,8000,32.240
2026-07-17T23:24:33.886Z,usb,1,3165073039,5361,1372416,256,8000,32.240
2026-07-17T23:24:33.928Z,usb,1,3165073039,5362,1372672,256,8000,32.240
2026-07-17T23:24:33.971Z,usb,1,3165073039,5363,1372928,256,8000,32.240
2026-07-17T23:24:34.013Z,usb,1,3165073039,5364,1373184,256,8000,32.240
2026-07-17T23:24:34.056Z,usb,1,3165073039,5365,1373440,256,8000,32.240
2026-07-17T23:24:34.098Z,usb,1,3165073039,5366,1373696,256,8000,32.240
2026-07-17T23:24:34.141Z,usb,1,3165073039,5367,1373952,256,8000,32.240
2026-07-17T23:24:34.183Z,usb,1,3165073039,5368,1374208,256,8000,32.240
2026-07-17T23:24:34.225Z,usb,1,3165073039,5369,1374464,256,8000,32.240
2026-07-17T23:24:34.268Z,usb,1,3165073039,5370,1374720,256,8000,32.240
2026-07-17T23:24:34.311Z,usb,1,3165073039,5371,1374976,256,8000,32.240
2026-07-17T23:24:34.353Z,usb,1,3165073039,5372,1375232,256,8000,32.240
2026-07-17T23:24:34.396Z,usb,1,3165073039,5373,1375488,256,8000,32.240
2026-07-17T23:24:34.438Z,usb,1,3165073039,5374,1375744,256,8000,32.240
2026-07-17T23:24:34.481Z,usb,1,3165073039,5375,1376000,256,8000,32.240
2026-07-17T23:24:34.523Z,usb,1,3165073039,5376,1376256,256,8000,32.240
2026-07-17T23:24:34.566Z,usb,1,3165073039,5377,1376512,256,8000,32.240
2026-07-17T23:24:34.608Z,usb,1,3165073039,5378,1376768,256,8000,32.240
2026-07-17T23:24:34.651Z,usb,1,3165073039,5379,1377024,256,8000,32.240
2026-07-17T23:24:34.694Z,usb,1,3165073039,5380,1377280,256,8000,32.240
2026-07-17T23:24:34.736Z,usb,1,3165073039,5381,1377536,256,8000,32.240
2026-07-17T23:24:34.779Z,usb,1,3165073039,5382,1377792,256,8000,32.240
2026-07-17T23:24:34.821Z,usb,1,3165073039,5383,1378048,256,8000,32.240
2026-07-17T23:24:34.864Z,usb,1,3165073039,5384,1378304,256,8000,32.240
2026-07-17T23:24:34.906Z,usb,1,3165073039,5385,1378560,256,8000,32.240
2026-07-17T23:24:34.949Z,usb,1,3165073039,5386,1378816,256,8000,32.240
2026-07-17T23:24:34.991Z,usb,1,3165073039,5387,1379072,256,8000,32.240
2026-07-17T23:24:35.034Z,usb,1,3165073039,5388,1379328,256,8000,32.240
2026-07-17T23:24:35.076Z,usb,1,3165073039,5389,1379584,256,8000,32.240
2026-07-17T23:24:35.119Z,usb,1,3165073039,5390,1379840,256,8000,32.240
2026-07-17T23:24:35.161Z,usb,1,3165073039,5391,1380096,256,8000,32.240
2026-07-17T23:24:35.204Z,usb,1,3165073039,5392,1380352,256,8000,32.240
2026-07-17T23:24:35.246Z,usb,1,3165073039,5393,1380608,256,8000,32.240
2026-07-17T23:24:35.289Z,usb,1,3165073039,5394,1380864,256,8000,32.240
2026-07-17T23:24:35.331Z,usb,1,3165073039,5395,1381120,256,8000,32.240
2026-07-17T23:24:35.374Z,usb,1,3165073039,5396,1381376,256,8000,32.240
2026-07-17T23:24:35.417Z,usb,1,3165073039,5397,1381632,256,8000,32.240
2026-07-17T23:24:35.459Z,usb,1,3165073039,5398,1381888,256,8000,32.240
2026-07-17T23:24:35.501Z,usb,1,3165073039,5399,1382144,256,8000,32.240
2026-07-17T23:24:35.544Z,usb,1,3165073039,5400,1382400,256,8000,32.240
2026-07-17T23:24:35.586Z,usb,1,3165073039,5401,1382656,256,8000,32.240
2026-07-17T23:24:35.629Z,usb,1,3165073039,5402,1382912,256,8000,32.240
2026-07-17T23:24:35.672Z,usb,1,3165073039,5403,1383168,256,8000,32.240
2026-07-17T23:24:35.715Z,usb,1,3165073039,5404,1383424,256,8000,32.240
2026-07-17T23:24:35.757Z,usb,1,3165073039,5405,1383680,256,8000,32.240
2026-07-17T23:24:35.800Z,usb,1,3165073039,5406,1383936,256,8000,32.240
2026-07-17T23:24:35.842Z,usb,1,3165073039,5407,1384192,256,8000,32.240
2026-07-17T23:24:35.885Z,usb,1,3165073039,5408,1384448,256,8000,32.240
2026-07-17T23:24:35.927Z,usb,1,3165073039,5409,1384704,256,8000,32.240
2026-07-17T23:24:35.970Z,usb,1,3165073039,5410,1384960,256,8000,32.240
2026-07-17T23:24:36.012Z,usb,1,3165073039,5411,1385216,256,8000,32.240
2026-07-17T23:24:36.055Z,usb,1,3165073039,5412,1385472,256,8000,32.240
2026-07-17T23:24:36.097Z,usb,1,3165073039,5413,1385728,256,8000,32.240
2026-07-17T23:24:36.140Z,usb,1,3165073039,5414,1385984,256,8000,32.240
2026-07-17T23:24:36.182Z,usb,1,3165073039,5415,1386240,256,8000,32.240
2026-07-17T23:24:36.225Z,usb,1,3165073039,5416,1386496,256,8000,32.240
2026-07-17T23:24:36.267Z,usb,1,3165073039,5417,1386752,256,8000,32.240
2026-07-17T23:24:36.310Z,usb,1,3165073039,5418,1387008,256,8000,32.240
2026-07-17T23:24:36.352Z,usb,1,3165073039,5419,1387264,256,8000,32.240
2026-07-17T23:24:36.395Z,usb,1,3165073039,5420,1387520,256,8000,32.240
2026-07-17T23:24:36.437Z,usb,1,3165073039,5421,1387776,256,8000,32.240
2026-07-17T23:24:36.480Z,usb,1,3165073039,5422,1388032,256,8000,32.240
2026-07-17T23:24:36.522Z,usb,1,3165073039,5423,1388288,256,8000,32.240
2026-07-17T23:24:36.565Z,usb,1,3165073039,5424,1388544,256,8000,32.240
2026-07-17T23:24:36.607Z,usb,1,3165073039,5425,1388800,256,8000,32.240
2026-07-17T23:24:36.650Z,usb,1,3165073039,5426,1389056,256,8000,32.240
2026-07-17T23:24:36.693Z,usb,1,3165073039,5427,1389312,256,8000,32.240
2026-07-17T23:24:36.735Z,usb,1,3165073039,5428,1389568,256,8000,32.240
2026-07-17T23:24:36.778Z,usb,1,3165073039,5429,1389824,256,8000,32.240
2026-07-17T23:24:36.820Z,usb,1,3165073039,5430,1390080,256,8000,32.240
2026-07-17T23:24:36.863Z,usb,1,3165073039,5431,1390336,256,8000,32.240
2026-07-17T23:24:36.905Z,usb,1,3165073039,5432,1390592,256,8000,32.240
2026-07-17T23:24:36.948Z,usb,1,3165073039,5433,1390848,256,8000,32.240
2026-07-17T23:24:36.990Z,usb,1,3165073039,5434,1391104,256,8000,32.240
2026-07-17T23:24:37.033Z,usb,1,3165073039,5435,1391360,256,8000,32.240
2026-07-17T23:24:37.075Z,usb,1,3165073039,5436,1391616,256,8000,32.240
2026-07-17T23:24:37.118Z,usb,1,3165073039,5437,1391872,256,8000,32.240
2026-07-17T23:24:37.160Z,usb,1,3165073039,5438,1392128,256,8000,32.240
2026-07-17T23:24:37.203Z,usb,1,3165073039,5439,1392384,256,8000,32.240
2026-07-17T23:24:37.246Z,usb,1,3165073039,5440,1392640,256,8000,32.240
2026-07-17T23:24:37.288Z,usb,1,3165073039,5441,1392896,256,8000,32.240
2026-07-17T23:24:37.330Z,usb,1,3165073039,5442,1393152,256,8000,32.240
2026-07-17T23:24:37.373Z,usb,1,3165073039,5443,1393408,256,8000,32.240
2026-07-17T23:24:37.415Z,usb,1,3165073039,5444,1393664,256,8000,32.240
2026-07-17T23:24:37.458Z,usb,1,3165073039,5445,1393920,256,8000,32.240
2026-07-17T23:24:37.500Z,usb,1,3165073039,5446,1394176,256,8000,32.240
2026-07-17T23:24:37.543Z,usb,1,3165073039,5447,1394432,256,8000,32.240
2026-07-17T23:24:37.585Z,usb,1,3165073039,5448,1394688,256,8000,32.240
2026-07-17T23:24:37.628Z,usb,1,3165073039,5449,1394944,256,8000,32.240
2026-07-17T23:24:37.670Z,usb,1,3165073039,5450,1395200,256,8000,32.240
2026-07-17T23:24:37.713Z,usb,1,3165073039,5451,1395456,256,8000,32.250
2026-07-17T23:24:37.756Z,usb,1,3165073039,5452,1395712,256,8000,32.250
2026-07-17T23:24:37.799Z,usb,1,3165073039,5453,1395968,256,8000,32.250
2026-07-17T23:24:37.841Z,usb,1,3165073039,5454,1396224,256,8000,32.250
2026-07-17T23:24:37.884Z,usb,1,3165073039,5455,1396480,256,8000,32.250
2026-07-17T23:24:37.926Z,usb,1,3165073039,5456,1396736,256,8000,32.250
2026-07-17T23:24:37.969Z,usb,1,3165073039,5457,1396992,256,8000,32.250
2026-07-17T23:24:38.011Z,usb,1,3165073039,5458,1397248,256,8000,32.250
2026-07-17T23:24:38.054Z,usb,1,3165073039,5459,1397504,256,8000,32.250
2026-07-17T23:24:38.096Z,usb,1,3165073039,5460,1397760,256,8000,32.250
2026-07-17T23:24:38.139Z,usb,1,3165073039,5461,1398016,256,8000,32.250
2026-07-17T23:24:38.181Z,usb,1,3165073039,5462,1398272,256,8000,32.250
2026-07-17T23:24:38.224Z,usb,1,3165073039,5463,1398528,256,8000,32.250
2026-07-17T23:24:38.266Z,usb,1,3165073039,5464,1398784,256,8000,32.250
2026-07-17T23:24:38.309Z,usb,1,3165073039,5465,1399040,256,8000,32.250
2026-07-17T23:24:38.351Z,usb,1,3165073039,5466,1399296,256,8000,32.250
2026-07-17T23:24:38.394Z,usb,1,3165073039,5467,1399552,256,8000,32.250
2026-07-17T23:24:38.436Z,usb,1,3165073039,5468,1399808,256,8000,32.250
2026-07-17T23:24:38.479Z,usb,1,3165073039,5469,1400064,256,8000,32.250
2026-07-17T23:24:38.521Z,usb,1,3165073039,5470,1400320,256,8000,32.250
2026-07-17T23:24:38.564Z,usb,1,3165073039,5471,1400576,256,8000,32.250
2026-07-17T23:24:38.606Z,usb,1,3165073039,5472,1400832,256,8000,32.250
2026-07-17T23:24:38.649Z,usb,1,3165073039,5473,1401088,256,8000,32.250
2026-07-17T23:24:38.691Z,usb,1,3165073039,5474,1401344,256,8000,32.250
2026-07-17T23:24:38.734Z,usb,1,3165073039,5475,1401600,256,8000,32.250
2026-07-17T23:24:38.777Z,usb,1,3165073039,5476,1401856,256,8000,32.250
2026-07-17T23:24:38.819Z,usb,1,3165073039,5477,1402112,256,8000,32.250
2026-07-17T23:24:38.862Z,usb,1,3165073039,5478,1402368,256,8000,32.250
2026-07-17T23:24:38.904Z,usb,1,3165073039,5479,1402624,256,8000,32.250
2026-07-17T23:24:38.947Z,usb,1,3165073039,5480,1402880,256,8000,32.250
2026-07-17T23:24:38.989Z,usb,1,3165073039,5481,1403136,256,8000,32.250
2026-07-17T23:24:39.032Z,usb,1,3165073039,5482,1403392,256,8000,32.250
2026-07-17T23:24:39.074Z,usb,1,3165073039,5483,1403648,256,8000,32.250
2026-07-17T23:24:39.117Z,usb,1,3165073039,5484,1403904,256,8000,32.250
2026-07-17T23:24:39.159Z,usb,1,3165073039,5485,1404160,256,8000,32.250
2026-07-17T23:24:39.202Z,usb,1,3165073039,5486,1404416,256,8000,32.250
2026-07-17T23:24:39.244Z,usb,1,3165073039,5487,1404672,256,8000,32.250
2026-07-17T23:24:39.287Z,usb,1,3165073039,5488,1404928,256,8000,32.250
2026-07-17T23:24:39.329Z,usb,1,3165073039,5489,1405184,256,8000,32.250
2026-07-17T23:24:39.372Z,usb,1,3165073039,5490,1405440,256,8000,32.250
2026-07-17T23:24:39.415Z,usb,1,3165073039,5491,1405696,256,8000,32.250
2026-07-17T23:24:39.457Z,usb,1,3165073039,5492,1405952,256,8000,32.250
2026-07-17T23:24:39.499Z,usb,1,3165073039,5493,1406208,256,8000,32.250
2026-07-17T23:24:39.542Z,usb,1,3165073039,5494,1406464,256,8000,32.250
2026-07-17T23:24:39.584Z,usb,1,3165073039,5495,1406720,256,8000,32.250
2026-07-17T23:24:39.627Z,usb,1,3165073039,5496,1406976,256,8000,32.250
2026-07-17T23:24:39.669Z,usb,1,3165073039,5497,1407232,256,8000,32.250
2026-07-17T23:24:39.712Z,usb,1,3165073039,5498,1407488,256,8000,32.250
2026-07-17T23:24:39.755Z,usb,1,3165073039,5499,1407744,256,8000,32.250
2026-07-17T23:24:39.797Z,usb,1,3165073039,5500,1408000,256,8000,32.250
2026-07-17T23:24:39.840Z,usb,1,3165073039,5501,1408256,256,8000,32.250
2026-07-17T23:24:39.883Z,usb,1,3165073039,5502,1408512,256,8000,32.250
2026-07-17T23:24:39.925Z,usb,1,3165073039,5503,1408768,256,8000,32.250
2026-07-17T23:24:39.968Z,usb,1,3165073039,5504,1409024,256,8000,32.250
2026-07-17T23:24:40.010Z,usb,1,3165073039,5505,1409280,256,8000,32.250
2026-07-17T23:24:40.053Z,usb,1,3165073039,5506,1409536,256,8000,32.250
2026-07-17T23:24:40.095Z,usb,1,3165073039,5507,1409792,256,8000,32.250
2026-07-17T23:24:40.138Z,usb,1,3165073039,5508,1410048,256,8000,32.250
2026-07-17T23:24:40.180Z,usb,1,3165073039,5509,1410304,256,8000,32.250
2026-07-17T23:24:40.222Z,usb,1,3165073039,5510,1410560,256,8000,32.250
2026-07-17T23:24:40.265Z,usb,1,3165073039,5511,1410816,256,8000,32.250
2026-07-17T23:24:40.308Z,usb,1,3165073039,5512,1411072,256,8000,32.250
2026-07-17T23:24:40.350Z,usb,1,3165073039,5513,1411328,256,8000,32.250
2026-07-17T23:24:40.393Z,usb,1,3165073039,5514,1411584,256,8000,32.250
2026-07-17T23:24:40.435Z,usb,1,3165073039,5515,1411840,256,8000,32.250
2026-07-17T23:24:40.478Z,usb,1,3165073039,5516,1412096,256,8000,32.250
2026-07-17T23:24:40.520Z,usb,1,3165073039,5517,1412352,256,8000,32.250
2026-07-17T23:24:40.563Z,usb,1,3165073039,5518,1412608,256,8000,32.250
2026-07-17T23:24:40.605Z,usb,1,3165073039,5519,1412864,256,8000,32.250
2026-07-17T23:24:40.648Z,usb,1,3165073039,5520,1413120,256,8000,32.250
2026-07-17T23:24:40.690Z,usb,1,3165073039,5521,1413376,256,8000,32.250
2026-07-17T23:24:40.733Z,usb,1,3165073039,5522,1413632,256,8000,32.250
2026-07-17T23:24:40.776Z,usb,1,3165073039,5523,1413888,256,8000,32.260
2026-07-17T23:24:40.818Z,usb,1,3165073039,5524,1414144,256,8000,32.260
2026-07-17T23:24:40.861Z,usb,1,3165073039,5525,1414400,256,8000,32.260
2026-07-17T23:24:40.903Z,usb,1,3165073039,5526,1414656,256,8000,32.260
2026-07-17T23:24:40.946Z,usb,1,3165073039,5527,1414912,256,8000,32.260
2026-07-17T23:24:40.988Z,usb,1,3165073039,5528,1415168,256,8000,32.260
2026-07-17T23:24:41.031Z,usb,1,3165073039,5529,1415424,256,8000,32.260
2026-07-17T23:24:41.073Z,usb,1,3165073039,5530,1415680,256,8000,32.260
2026-07-17T23:24:41.116Z,usb,1,3165073039,5531,1415936,256,8000,32.260
2026-07-17T23:24:41.158Z,usb,1,3165073039,5532,1416192,256,8000,32.260
2026-07-17T23:24:41.201Z,usb,1,3165073039,5533,1416448,256,8000,32.260
2026-07-17T23:24:41.243Z,usb,1,3165073039,5534,1416704,256,8000,32.260
2026-07-17T23:24:41.286Z,usb,1,3165073039,5535,1416960,256,8000,32.260
2026-07-17T23:24:41.328Z,usb,1,3165073039,5536,1417216,256,8000,32.260
2026-07-17T23:24:41.371Z,usb,1,3165073039,5537,1417472,256,8000,32.260
2026-07-17T23:24:41.413Z,usb,1,3165073039,5538,1417728,256,8000,32.260
2026-07-17T23:24:41.456Z,usb,1,3165073039,5539,1417984,256,8000,32.260
2026-07-17T23:24:41.498Z,usb,1,3165073039,5540,1418240,256,8000,32.260
2026-07-17T23:24:41.541Z,usb,1,3165073039,5541,1418496,256,8000,32.260
2026-07-17T23:24:41.583Z,usb,1,3165073039,5542,1418752,256,8000,32.260
2026-07-17T23:24:41.626Z,usb,1,3165073039,5543,1419008,256,8000,32.260
2026-07-17T23:24:41.668Z,usb,1,3165073039,5544,1419264,256,8000,32.260
2026-07-17T23:24:41.711Z,usb,1,3165073039,5545,1419520,256,8000,32.260
2026-07-17T23:24:41.753Z,usb,1,3165073039,5546,1419776,256,8000,32.260
2026-07-17T23:24:41.797Z,usb,1,3165073039,5547,1420032,256,8000,32.260
2026-07-17T23:24:41.839Z,usb,1,3165073039,5548,1420288,256,8000,32.260
2026-07-17T23:24:41.881Z,usb,1,3165073039,5549,1420544,256,8000,32.260
2026-07-17T23:24:41.924Z,usb,1,3165073039,5550,1420800,256,8000,32.260
2026-07-17T23:24:41.967Z,usb,1,3165073039,5551,1421056,256,8000,32.260
2026-07-17T23:24:42.009Z,usb,1,3165073039,5552,1421312,256,8000,32.260
2026-07-17T23:24:42.052Z,usb,1,3165073039,5553,1421568,256,8000,32.260
2026-07-17T23:24:42.094Z,usb,1,3165073039,5554,1421824,256,8000,32.260
2026-07-17T23:24:42.137Z,usb,1,3165073039,5555,1422080,256,8000,32.260
2026-07-17T23:24:42.179Z,usb,1,3165073039,5556,1422336,256,8000,32.260
2026-07-17T23:24:42.222Z,usb,1,3165073039,5557,1422592,256,8000,32.260
2026-07-17T23:24:42.264Z,usb,1,3165073039,5558,1422848,256,8000,32.260
2026-07-17T23:24:42.307Z,usb,1,3165073039,5559,1423104,256,8000,32.260
2026-07-17T23:24:42.349Z,usb,1,3165073039,5560,1423360,256,8000,32.260
2026-07-17T23:24:42.392Z,usb,1,3165073039,5561,1423616,256,8000,32.260
2026-07-17T23:24:42.434Z,usb,1,3165073039,5562,1423872,256,8000,32.260
2026-07-17T23:24:42.477Z,usb,1,3165073039,5563,1424128,256,8000,32.260
2026-07-17T23:24:42.519Z,usb,1,3165073039,5564,1424384,256,8000,32.260
2026-07-17T23:24:42.562Z,usb,1,3165073039,5565,1424640,256,8000,32.260
2026-07-17T23:24:42.604Z,usb,1,3165073039,5566,1424896,256,8000,32.260
2026-07-17T23:24:42.647Z,usb,1,3165073039,5567,1425152,256,8000,32.260
2026-07-17T23:24:42.689Z,usb,1,3165073039,5568,1425408,256,8000,32.260
2026-07-17T23:24:42.732Z,usb,1,3165073039,5569,1425664,256,8000,32.260
2026-07-17T23:24:42.774Z,usb,1,3165073039,5570,1425920,256,8000,32.260
2026-07-17T23:24:42.817Z,usb,1,3165073039,5571,1426176,256,8000,32.260
2026-07-17T23:24:42.860Z,usb,1,3165073039,5572,1426432,256,8000,32.260
2026-07-17T23:24:42.902Z,usb,1,3165073039,5573,1426688,256,8000,32.260
2026-07-17T23:24:42.945Z,usb,1,3165073039,5574,1426944,256,8000,32.260
2026-07-17T23:24:42.987Z,usb,1,3165073039,5575,1427200,256,8000,32.260
2026-07-17T23:24:43.030Z,usb,1,3165073039,5576,1427456,256,8000,32.260
2026-07-17T23:24:43.072Z,usb,1,3165073039,5577,1427712,256,8000,32.260
2026-07-17T23:24:43.115Z,usb,1,3165073039,5578,1427968,256,8000,32.260
2026-07-17T23:24:43.157Z,usb,1,3165073039,5579,1428224,256,8000,32.260
2026-07-17T23:24:43.200Z,usb,1,3165073039,5580,1428480,256,8000,32.260
2026-07-17T23:24:43.242Z,usb,1,3165073039,5581,1428736,256,8000,32.260
2026-07-17T23:24:43.285Z,usb,1,3165073039,5582,1428992,256,8000,32.260
2026-07-17T23:24:43.327Z,usb,1,3165073039,5583,1429248,256,8000,32.260
2026-07-17T23:24:43.370Z,usb,1,3165073039,5584,1429504,256,8000,32.260
2026-07-17T23:24:43.412Z,usb,1,3165073039,5585,1429760,256,8000,32.260
2026-07-17T23:24:43.455Z,usb,1,3165073039,5586,1430016,256,8000,32.260
2026-07-17T23:24:43.497Z,usb,1,3165073039,5587,1430272,256,8000,32.260
2026-07-17T23:24:43.540Z,usb,1,3165073039,5588,1430528,256,8000,32.260
2026-07-17T23:24:43.582Z,usb,1,3165073039,5589,1430784,256,8000,32.260
2026-07-17T23:24:43.625Z,usb,1,3165073039,5590,1431040,256,8000,32.260
2026-07-17T23:24:43.667Z,usb,1,3165073039,5591,1431296,256,8000,32.260
2026-07-17T23:24:43.710Z,usb,1,3165073039,5592,1431552,256,8000,32.260
2026-07-17T23:24:43.752Z,usb,1,3165073039,5593,1431808,256,8000,32.260
2026-07-17T23:24:43.795Z,usb,1,3165073039,5594,1432064,256,8000,32.260
2026-07-17T23:24:43.838Z,usb,1,3165073039,5595,1432320,256,8000,32.260
2026-07-17T23:24:43.881Z,usb,1,3165073039,5596,1432576,256,8000,32.260
2026-07-17T23:24:43.923Z,usb,1,3165073039,5597,1432832,256,8000,32.260
2026-07-17T23:24:43.965Z,usb,1,3165073039,5598,1433088,256,8000,32.260
2026-07-17T23:24:44.008Z,usb,1,3165073039,5599,1433344,256,8000,32.260
2026-07-17T23:24:44.051Z,usb,1,3165073039,5600,1433600,256,8000,32.260
2026-07-17T23:24:44.093Z,usb,1,3165073039,5601,1433856,256,8000,32.260
2026-07-17T23:24:44.135Z,usb,1,3165073039,5602,1434112,256,8000,32.260
2026-07-17T23:24:44.178Z,usb,1,3165073039,5603,1434368,256,8000,32.260
2026-07-17T23:24:44.221Z,usb,1,3165073039,5604,1434624,256,8000,32.260
2026-07-17T23:24:44.263Z,usb,1,3165073039,5605,1434880,256,8000,32.260
2026-07-17T23:24:44.305Z,usb,1,3165073039,5606,1435136,256,8000,32.260
2026-07-17T23:24:44.348Z,usb,1,3165073039,5607,1435392,256,8000,32.260
2026-07-17T23:24:44.391Z,usb,1,3165073039,5608,1435648,256,8000,32.260
2026-07-17T23:24:44.433Z,usb,1,3165073039,5609,1435904,256,8000,32.260
2026-07-17T23:24:44.476Z,usb,1,3165073039,5610,1436160,256,8000,32.260
2026-07-17T23:24:44.518Z,usb,1,3165073039,5611,1436416,256,8000,32.260
2026-07-17T23:24:44.560Z,usb,1,3165073039,5612,1436672,256,8000,32.260
2026-07-17T23:24:44.603Z,usb,1,3165073039,5613,1436928,256,8000,32.260
2026-07-17T23:24:44.646Z,usb,1,3165073039,5614,1437184,256,8000,32.260
2026-07-17T23:24:44.688Z,usb,1,3165073039,5615,1437440,256,8000,32.260
2026-07-17T23:24:44.731Z,usb,1,3165073039,5616,1437696,256,8000,32.260
2026-07-17T23:24:44.773Z,usb,1,3165073039,5617,1437952,256,8000,32.260
2026-07-17T23:24:44.816Z,usb,1,3165073039,5618,1438208,256,8000,32.260
2026-07-17T23:24:44.859Z,usb,1,3165073039,5619,1438464,256,8000,32.260
2026-07-17T23:24:44.901Z,usb,1,3165073039,5620,1438720,256,8000,32.260
2026-07-17T23:24:44.944Z,usb,1,3165073039,5621,1438976,256,8000,32.260
2026-07-17T23:24:44.986Z,usb,1,3165073039,5622,1439232,256,8000,32.260
2026-07-17T23:24:45.029Z,usb,1,3165073039,5623,1439488,256,8000,32.260
2026-07-17T23:24:45.071Z,usb,1,3165073039,5624,1439744,256,8000,32.260
2026-07-17T23:24:45.114Z,usb,1,3165073039,5625,1440000,256,8000,32.260
2026-07-17T23:24:45.156Z,usb,1,3165073039,5626,1440256,256,8000,32.260
2026-07-17T23:24:45.199Z,usb,1,3165073039,5627,1440512,256,8000,32.260
2026-07-17T23:24:45.241Z,usb,1,3165073039,5628,1440768,256,8000,32.260
2026-07-17T23:24:45.284Z,usb,1,3165073039,5629,1441024,256,8000,32.260
2026-07-17T23:24:45.326Z,usb,1,3165073039,5630,1441280,256,8000,32.260
2026-07-17T23:24:45.369Z,usb,1,3165073039,5631,1441536,256,8000,32.260
2026-07-17T23:24:45.411Z,usb,1,3165073039,5632,1441792,256,8000,32.260
2026-07-17T23:24:45.454Z,usb,1,3165073039,5633,1442048,256,8000,32.260
2026-07-17T23:24:45.496Z,usb,1,3165073039,5634,1442304,256,8000,32.260
2026-07-17T23:24:45.539Z,usb,1,3165073039,5635,1442560,256,8000,32.260
2026-07-17T23:24:45.581Z,usb,1,3165073039,5636,1442816,256,8000,32.260
2026-07-17T23:24:45.624Z,usb,1,3165073039,5637,1443072,256,8000,32.260
2026-07-17T23:24:45.666Z,usb,1,3165073039,5638,1443328,256,8000,32.260
2026-07-17T23:24:45.709Z,usb,1,3165073039,5639,1443584,256,8000,32.260
2026-07-17T23:24:45.751Z,usb,1,3165073039,5640,1443840,256,8000,32.260
2026-07-17T23:24:45.794Z,usb,1,3165073039,5641,1444096,256,8000,32.260
2026-07-17T23:24:45.836Z,usb,1,3165073039,5642,1444352,256,8000,32.260
2026-07-17T23:24:45.880Z,usb,1,3165073039,5643,1444608,256,8000,32.270
2026-07-17T23:24:45.922Z,usb,1,3165073039,5644,1444864,256,8000,32.270
2026-07-17T23:24:45.965Z,usb,1,3165073039,5645,1445120,256,8000,32.270
2026-07-17T23:24:46.007Z,usb,1,3165073039,5646,1445376,256,8000,32.270
2026-07-17T23:24:46.050Z,usb,1,3165073039,5647,1445632,256,8000,32.270
2026-07-17T23:24:46.092Z,usb,1,3165073039,5648,1445888,256,8000,32.270
2026-07-17T23:24:46.135Z,usb,1,3165073039,5649,1446144,256,8000,32.270
2026-07-17T23:24:46.177Z,usb,1,3165073039,5650,1446400,256,8000,32.270
2026-07-17T23:24:46.220Z,usb,1,3165073039,5651,1446656,256,8000,32.270
2026-07-17T23:24:46.262Z,usb,1,3165073039,5652,1446912,256,8000,32.270
2026-07-17T23:24:46.305Z,usb,1,3165073039,5653,1447168,256,8000,32.270
2026-07-17T23:24:46.347Z,usb,1,3165073039,5654,1447424,256,8000,32.270
2026-07-17T23:24:46.389Z,usb,1,3165073039,5655,1447680,256,8000,32.270
2026-07-17T23:24:46.432Z,usb,1,3165073039,5656,1447936,256,8000,32.270
2026-07-17T23:24:46.475Z,usb,1,3165073039,5657,1448192,256,8000,32.270
2026-07-17T23:24:46.517Z,usb,1,3165073039,5658,1448448,256,8000,32.270
2026-07-17T23:24:46.559Z,usb,1,3165073039,5659,1448704,256,8000,32.270
2026-07-17T23:24:46.602Z,usb,1,3165073039,5660,1448960,256,8000,32.270
2026-07-17T23:24:46.645Z,usb,1,3165073039,5661,1449216,256,8000,32.270
2026-07-17T23:24:46.687Z,usb,1,3165073039,5662,1449472,256,8000,32.270
2026-07-17T23:24:46.729Z,usb,1,3165073039,5663,1449728,256,8000,32.270
2026-07-17T23:24:46.772Z,usb,1,3165073039,5664,1449984,256,8000,32.270
2026-07-17T23:24:46.815Z,usb,1,3165073039,5665,1450240,256,8000,32.270
2026-07-17T23:24:46.857Z,usb,1,3165073039,5666,1450496,256,8000,32.270
2026-07-17T23:24:46.900Z,usb,1,3165073039,5667,1450752,256,8000,32.270
2026-07-17T23:24:46.943Z,usb,1,3165073039,5668,1451008,256,8000,32.270
2026-07-17T23:24:46.985Z,usb,1,3165073039,5669,1451264,256,8000,32.270
2026-07-17T23:24:47.028Z,usb,1,3165073039,5670,1451520,256,8000,32.270
2026-07-17T23:24:47.070Z,usb,1,3165073039,5671,1451776,256,8000,32.270
2026-07-17T23:24:47.113Z,usb,1,3165073039,5672,1452032,256,8000,32.270
2026-07-17T23:24:47.155Z,usb,1,3165073039,5673,1452288,256,8000,32.270
2026-07-17T23:24:47.198Z,usb,1,3165073039,5674,1452544,256,8000,32.270
2026-07-17T23:24:47.240Z,usb,1,3165073039,5675,1452800,256,8000,32.270
2026-07-17T23:24:47.283Z,usb,1,3165073039,5676,1453056,256,8000,32.270
2026-07-17T23:24:47.325Z,usb,1,3165073039,5677,1453312,256,8000,32.270
2026-07-17T23:24:47.368Z,usb,1,3165073039,5678,1453568,256,8000,32.270
2026-07-17T23:24:47.410Z,usb,1,3165073039,5679,1453824,256,8000,32.270
2026-07-17T23:24:47.453Z,usb,1,3165073039,5680,1454080,256,8000,32.270
2026-07-17T23:24:47.495Z,usb,1,3165073039,5681,1454336,256,8000,32.270
2026-07-17T23:24:47.538Z,usb,1,3165073039,5682,1454592,256,8000,32.270
2026-07-17T23:24:47.580Z,usb,1,3165073039,5683,1454848,256,8000,32.270
2026-07-17T23:24:47.623Z,usb,1,3165073039,5684,1455104,256,8000,32.270
2026-07-17T23:24:47.665Z,usb,1,3165073039,5685,1455360,256,8000,32.270
2026-07-17T23:24:47.708Z,usb,1,3165073039,5686,1455616,256,8000,32.270
2026-07-17T23:24:47.750Z,usb,1,3165073039,5687,1455872,256,8000,32.270
2026-07-17T23:24:47.793Z,usb,1,3165073039,5688,1456128,256,8000,32.270
2026-07-17T23:24:47.835Z,usb,1,3165073039,5689,1456384,256,8000,32.270
2026-07-17T23:24:47.878Z,usb,1,3165073039,5690,1456640,256,8000,32.270
2026-07-17T23:24:47.921Z,usb,1,3165073039,5691,1456896,256,8000,32.270
2026-07-17T23:24:47.964Z,usb,1,3165073039,5692,1457152,256,8000,32.270
2026-07-17T23:24:48.006Z,usb,1,3165073039,5693,1457408,256,8000,32.270
2026-07-17T23:24:48.049Z,usb,1,3165073039,5694,1457664,256,8000,32.270
2026-07-17T23:24:48.091Z,usb,1,3165073039,5695,1457920,256,8000,32.270
2026-07-17T23:24:48.134Z,usb,1,3165073039,5696,1458176,256,8000,32.270
2026-07-17T23:24:48.176Z,usb,1,3165073039,5697,1458432,256,8000,32.270
2026-07-17T23:24:48.219Z,usb,1,3165073039,5698,1458688,256,8000,32.270
2026-07-17T23:24:48.261Z,usb,1,3165073039,5699,1458944,256,8000,32.270
2026-07-17T23:24:48.303Z,usb,1,3165073039,5700,1459200,256,8000,32.270
2026-07-17T23:24:48.346Z,usb,1,3165073039,5701,1459456,256,8000,32.270
2026-07-17T23:24:48.389Z,usb,1,3165073039,5702,1459712,256,8000,32.270
2026-07-17T23:24:48.431Z,usb,1,3165073039,5703,1459968,256,8000,32.270
2026-07-17T23:24:48.474Z,usb,1,3165073039,5704,1460224,256,8000,32.270
2026-07-17T23:24:48.516Z,usb,1,3165073039,5705,1460480,256,8000,32.270
2026-07-17T23:24:48.558Z,usb,1,3165073039,5706,1460736,256,8000,32.270
2026-07-17T23:24:48.601Z,usb,1,3165073039,5707,1460992,256,8000,32.270
2026-07-17T23:24:48.643Z,usb,1,3165073039,5708,1461248,256,8000,32.270
2026-07-17T23:24:48.686Z,usb,1,3165073039,5709,1461504,256,8000,32.270
2026-07-17T23:24:48.729Z,usb,1,3165073039,5710,1461760,256,8000,32.270
2026-07-17T23:24:48.771Z,usb,1,3165073039,5711,1462016,256,8000,32.270
2026-07-17T23:24:48.814Z,usb,1,3165073039,5712,1462272,256,8000,32.270
2026-07-17T23:24:48.856Z,usb,1,3165073039,5713,1462528,256,8000,32.270
2026-07-17T23:24:48.899Z,usb,1,3165073039,5714,1462784,256,8000,32.270
2026-07-17T23:24:48.942Z,usb,1,3165073039,5715,1463040,256,8000,32.270
2026-07-17T23:24:48.984Z,usb,1,3165073039,5716,1463296,256,8000,32.270
2026-07-17T23:24:49.027Z,usb,1,3165073039,5717,1463552,256,8000,32.270
2026-07-17T23:24:49.069Z,usb,1,3165073039,5718,1463808,256,8000,32.270
2026-07-17T23:24:49.112Z,usb,1,3165073039,5719,1464064,256,8000,32.270
2026-07-17T23:24:49.154Z,usb,1,3165073039,5720,1464320,256,8000,32.270
2026-07-17T23:24:49.197Z,usb,1,3165073039,5721,1464576,256,8000,32.270
2026-07-17T23:24:49.239Z,usb,1,3165073039,5722,1464832,256,8000,32.270
2026-07-17T23:24:49.282Z,usb,1,3165073039,5723,1465088,256,8000,32.270
2026-07-17T23:24:49.324Z,usb,1,3165073039,5724,1465344,256,8000,32.270
2026-07-17T23:24:49.367Z,usb,1,3165073039,5725,1465600,256,8000,32.270
2026-07-17T23:24:49.409Z,usb,1,3165073039,5726,1465856,256,8000,32.270
2026-07-17T23:24:49.452Z,usb,1,3165073039,5727,1466112,256,8000,32.270
2026-07-17T23:24:49.494Z,usb,1,3165073039,5728,1466368,256,8000,32.270
2026-07-17T23:24:49.537Z,usb,1,3165073039,5729,1466624,256,8000,32.270
2026-07-17T23:24:49.580Z,usb,1,3165073039,5730,1466880,256,8000,32.270
2026-07-17T23:24:49.622Z,usb,1,3165073039,5731,1467136,256,8000,32.270
2026-07-17T23:24:49.664Z,usb,1,3165073039,5732,1467392,256,8000,32.270
2026-07-17T23:24:49.707Z,usb,1,3165073039,5733,1467648,256,8000,32.270
2026-07-17T23:24:49.749Z,usb,1,3165073039,5734,1467904,256,8000,32.270
2026-07-17T23:24:49.792Z,usb,1,3165073039,5735,1468160,256,8000,32.270
2026-07-17T23:24:49.834Z,usb,1,3165073039,5736,1468416,256,8000,32.270
2026-07-17T23:24:49.877Z,usb,1,3165073039,5737,1468672,256,8000,32.270
2026-07-17T23:24:49.919Z,usb,1,3165073039,5738,1468928,256,8000,32.270
2026-07-17T23:24:49.962Z,usb,1,3165073039,5739,1469184,256,8000,32.280
2026-07-17T23:24:50.005Z,usb,1,3165073039,5740,1469440,256,8000,32.280
2026-07-17T23:24:50.048Z,usb,1,3165073039,5741,1469696,256,8000,32.280
2026-07-17T23:24:50.090Z,usb,1,3165073039,5742,1469952,256,8000,32.280
2026-07-17T23:24:50.133Z,usb,1,3165073039,5743,1470208,256,8000,32.280
2026-07-17T23:24:50.175Z,usb,1,3165073039,5744,1470464,256,8000,32.280
2026-07-17T23:24:50.218Z,usb,1,3165073039,5745,1470720,256,8000,32.280
2026-07-17T23:24:50.260Z,usb,1,3165073039,5746,1470976,256,8000,32.280
2026-07-17T23:24:50.303Z,usb,1,3165073039,5747,1471232,256,8000,32.280
2026-07-17T23:24:50.345Z,usb,1,3165073039,5748,1471488,256,8000,32.280
2026-07-17T23:24:50.387Z,usb,1,3165073039,5749,1471744,256,8000,32.280
2026-07-17T23:24:50.430Z,usb,1,3165073039,5750,1472000,256,8000,32.280
2026-07-17T23:24:50.473Z,usb,1,3165073039,5751,1472256,256,8000,32.280
2026-07-17T23:24:50.515Z,usb,1,3165073039,5752,1472512,256,8000,32.280
2026-07-17T23:24:50.557Z,usb,1,3165073039,5753,1472768,256,8000,32.280
2026-07-17T23:24:50.600Z,usb,1,3165073039,5754,1473024,256,8000,32.280
2026-07-17T23:24:50.643Z,usb,1,3165073039,5755,1473280,256,8000,32.280
2026-07-17T23:24:50.685Z,usb,1,3165073039,5756,1473536,256,8000,32.280
2026-07-17T23:24:50.728Z,usb,1,3165073039,5757,1473792,256,8000,32.280
2026-07-17T23:24:50.770Z,usb,1,3165073039,5758,1474048,256,8000,32.280
2026-07-17T23:24:50.813Z,usb,1,3165073039,5759,1474304,256,8000,32.280
2026-07-17T23:24:50.855Z,usb,1,3165073039,5760,1474560,256,8000,32.280
2026-07-17T23:24:50.898Z,usb,1,3165073039,5761,1474816,256,8000,32.280
2026-07-17T23:24:50.940Z,usb,1,3165073039,5762,1475072,256,8000,32.280
2026-07-17T23:24:50.983Z,usb,1,3165073039,5763,1475328,256,8000,32.270
2026-07-17T23:24:51.026Z,usb,1,3165073039,5764,1475584,256,8000,32.270
2026-07-17T23:24:51.068Z,usb,1,3165073039,5765,1475840,256,8000,32.270
2026-07-17T23:24:51.111Z,usb,1,3165073039,5766,1476096,256,8000,32.270
2026-07-17T23:24:51.153Z,usb,1,3165073039,5767,1476352,256,8000,32.270
2026-07-17T23:24:51.196Z,usb,1,3165073039,5768,1476608,256,8000,32.270
2026-07-17T23:24:51.238Z,usb,1,3165073039,5769,1476864,256,8000,32.270
2026-07-17T23:24:51.281Z,usb,1,3165073039,5770,1477120,256,8000,32.270
2026-07-17T23:24:51.323Z,usb,1,3165073039,5771,1477376,256,8000,32.270
2026-07-17T23:24:51.366Z,usb,1,3165073039,5772,1477632,256,8000,32.270
2026-07-17T23:24:51.408Z,usb,1,3165073039,5773,1477888,256,8000,32.270
2026-07-17T23:24:51.451Z,usb,1,3165073039,5774,1478144,256,8000,32.270
2026-07-17T23:24:51.493Z,usb,1,3165073039,5775,1478400,256,8000,32.270
2026-07-17T23:24:51.536Z,usb,1,3165073039,5776,1478656,256,8000,32.270
2026-07-17T23:24:51.578Z,usb,1,3165073039,5777,1478912,256,8000,32.270
2026-07-17T23:24:51.621Z,usb,1,3165073039,5778,1479168,256,8000,32.270
2026-07-17T23:24:51.663Z,usb,1,3165073039,5779,1479424,256,8000,32.270
2026-07-17T23:24:51.706Z,usb,1,3165073039,5780,1479680,256,8000,32.270
2026-07-17T23:24:51.748Z,usb,1,3165073039,5781,1479936,256,8000,32.270
2026-07-17T23:24:51.791Z,usb,1,3165073039,5782,1480192,256,8000,32.270
2026-07-17T23:24:51.833Z,usb,1,3165073039,5783,1480448,256,8000,32.270
2026-07-17T23:24:51.876Z,usb,1,3165073039,5784,1480704,256,8000,32.270
2026-07-17T23:24:51.918Z,usb,1,3165073039,5785,1480960,256,8000,32.270
2026-07-17T23:24:51.961Z,usb,1,3165073039,5786,1481216,256,8000,32.270
2026-07-17T23:24:52.004Z,usb,1,3165073039,5787,1481472,256,8000,32.280
2026-07-17T23:24:52.047Z,usb,1,3165073039,5788,1481728,256,8000,32.280
2026-07-17T23:24:52.089Z,usb,1,3165073039,5789,1481984,256,8000,32.280
2026-07-17T23:24:52.132Z,usb,1,3165073039,5790,1482240,256,8000,32.280
2026-07-17T23:24:52.174Z,usb,1,3165073039,5791,1482496,256,8000,32.280
2026-07-17T23:24:52.217Z,usb,1,3165073039,5792,1482752,256,8000,32.280
2026-07-17T23:24:52.259Z,usb,1,3165073039,5793,1483008,256,8000,32.280
2026-07-17T23:24:52.301Z,usb,1,3165073039,5794,1483264,256,8000,32.280
2026-07-17T23:24:52.344Z,usb,1,3165073039,5795,1483520,256,8000,32.280
2026-07-17T23:24:52.387Z,usb,1,3165073039,5796,1483776,256,8000,32.280
2026-07-17T23:24:52.429Z,usb,1,3165073039,5797,1484032,256,8000,32.280
2026-07-17T23:24:52.471Z,usb,1,3165073039,5798,1484288,256,8000,32.280
2026-07-17T23:24:52.514Z,usb,1,3165073039,5799,1484544,256,8000,32.280
2026-07-17T23:24:52.556Z,usb,1,3165073039,5800,1484800,256,8000,32.280
2026-07-17T23:24:52.599Z,usb,1,3165073039,5801,1485056,256,8000,32.280
2026-07-17T23:24:52.642Z,usb,1,3165073039,5802,1485312,256,8000,32.280
2026-07-17T23:24:52.684Z,usb,1,3165073039,5803,1485568,256,8000,32.280
2026-07-17T23:24:52.726Z,usb,1,3165073039,5804,1485824,256,8000,32.280
2026-07-17T23:24:52.769Z,usb,1,3165073039,5805,1486080,256,8000,32.280
2026-07-17T23:24:52.812Z,usb,1,3165073039,5806,1486336,256,8000,32.280
2026-07-17T23:24:52.854Z,usb,1,3165073039,5807,1486592,256,8000,32.280
2026-07-17T23:24:52.897Z,usb,1,3165073039,5808,1486848,256,8000,32.280
2026-07-17T23:24:52.939Z,usb,1,3165073039,5809,1487104,256,8000,32.280
2026-07-17T23:24:52.982Z,usb,1,3165073039,5810,1487360,256,8000,32.280
2026-07-17T23:24:53.025Z,usb,1,3165073039,5811,1487616,256,8000,32.280
2026-07-17T23:24:53.067Z,usb,1,3165073039,5812,1487872,256,8000,32.280
2026-07-17T23:24:53.110Z,usb,1,3165073039,5813,1488128,256,8000,32.280
2026-07-17T23:24:53.152Z,usb,1,3165073039,5814,1488384,256,8000,32.280
2026-07-17T23:24:53.195Z,usb,1,3165073039,5815,1488640,256,8000,32.280
2026-07-17T23:24:53.238Z,usb,1,3165073039,5816,1488896,256,8000,32.280
2026-07-17T23:24:53.280Z,usb,1,3165073039,5817,1489152,256,8000,32.280
2026-07-17T23:24:53.322Z,usb,1,3165073039,5818,1489408,256,8000,32.280
2026-07-17T23:24:53.365Z,usb,1,3165073039,5819,1489664,256,8000,32.280
